  0
SECTION
  2
HEADER
  9
$ANGBASE
  50
0.0
  9
$ANGDIR
  70
1
  9
$MEASUREMENT
  70
0
  0
ENDSEC
  0
SECTION
  2
TABLES
  0
TABLE
  2
LTYPE
  70
4
  0
LTYPE
  5
40F
  2
CONTINUOUS
  70
0
  3
Solid line
  72
65
  73
0
  40
0.0
  0
LTYPE
  5
410
  2
DASHDOT
 70
0
  3
Dash Dot ____ _ ____ _
 72
65
 73
4
 40
2.0
 49
1.25
 49
-0.25
 49
0.25
 49
-0.25
  0
LTYPE
  5
411
  2
DASHED
 70
0
  3
Dashed __ __ __ __ __
 72
65
 73
2
 40
0.75
 49
0.5
 49
-0.25
  0
LTYPE
  5
43B
  2
DOTTED
 70
0
  3
Dotted .  .  .  .
 72
65
 73
2
 40
0.2
 49
0.0
 49
-0.2
  0
ENDTAB
  0
TABLE
  2
STYLE
  70
4
  0
STYLE
  2
KICAD
  70
0
  40
0
  41
1
  42
1
  50
0
  71
0
  3
isocp.shx
  0
STYLE
  2
KICADB
  70
0
  40
0
  41
1
  42
1
  50
0
  71
0
  3
isocp.shx
  0
STYLE
  2
KICADI
  70
0
  40
0
  41
1
  42
1
  50
15
  71
0
  3
isocp.shx
  0
STYLE
  2
KICADBI
  70
0
  40
0
  41
1
  42
1
  50
15
  71
0
  3
isocp.shx
  0
ENDTAB
  0
TABLE
  2
LAYER
  70
1
  0
LAYER
  2
BLACK
  70
0
  62
7
  6
CONTINUOUS
  0
ENDTAB
  0
ENDSEC
  0
SECTION
  2
ENTITIES
0
LINE
8
BLACK
6
CONTINUOUS
10
5.487438937007874
20
-5.7562197244094486
11
5.4914442519685034
21
-5.7585322047244096
0
LINE
8
BLACK
6
CONTINUOUS
10
5.4914442519685034
20
-5.7585322047244096
11
5.494714566929134
21
-5.7618025196850393
0
LINE
8
BLACK
6
CONTINUOUS
10
5.494714566929134
20
-5.7618025196850393
11
5.4970270472440941
21
-5.7658078346456696
0
LINE
8
BLACK
6
CONTINUOUS
10
5.4970270472440941
20
-5.7658078346456696
11
5.4982240551181105
21
-5.7702751968503936
0
LINE
8
BLACK
6
CONTINUOUS
10
5.4982240551181105
20
-5.7702751968503936
11
5.4983756299212594
21
-5.7725876771653546
0
LINE
8
BLACK
6
CONTINUOUS
10
5.4983756299212594
20
-5.7725876771653546
11
5.4983756299212594
21
-5.7883357086614176
0
LINE
8
BLACK
6
CONTINUOUS
10
5.4983756299212594
20
-5.7883357086614176
11
5.4982240551181105
21
-5.7906481889763777
0
LINE
8
BLACK
6
CONTINUOUS
10
5.4982240551181105
20
-5.7906481889763777
11
5.4970270472440941
21
-5.7951155511811026
0
LINE
8
BLACK
6
CONTINUOUS
10
5.4970270472440941
20
-5.7951155511811026
11
5.494714566929134
21
-5.7991208661417319
0
LINE
8
BLACK
6
CONTINUOUS
10
5.494714566929134
20
-5.7991208661417319
11
5.4914442519685034
21
-5.8023911811023625
0
LINE
8
BLACK
6
CONTINUOUS
10
5.4914442519685034
20
-5.8023911811023625
11
5.487438937007874
21
-5.8047036614173226
0
LINE
8
BLACK
6
CONTINUOUS
10
5.487438937007874
20
-5.8047036614173226
11
5.4829715748031491
21
-5.8059006692913382
0
LINE
8
BLACK
6
CONTINUOUS
10
5.4829715748031491
20
-5.8059006692913382
11
5.478346614173228
21
-5.8059006692913382
0
LINE
8
BLACK
6
CONTINUOUS
10
5.478346614173228
20
-5.8059006692913382
11
5.473879251968504
21
-5.8047036614173226
0
LINE
8
BLACK
6
CONTINUOUS
10
5.473879251968504
20
-5.8047036614173226
11
5.4698739370078737
21
-5.8023911811023625
0
LINE
8
BLACK
6
CONTINUOUS
10
5.4698739370078737
20
-5.8023911811023625
11
5.466603622047244
21
-5.7991208661417319
0
LINE
8
BLACK
6
CONTINUOUS
10
5.466603622047244
20
-5.7991208661417319
11
5.464291141732283
21
-5.7951155511811026
0
LINE
8
BLACK
6
CONTINUOUS
10
5.464291141732283
20
-5.7951155511811026
11
5.4630941338582675
21
-5.7906481889763777
0
LINE
8
BLACK
6
CONTINUOUS
10
5.4630941338582675
20
-5.7906481889763777
11
5.4629425590551177
21
-5.7883357086614176
0
LINE
8
BLACK
6
CONTINUOUS
10
5.4629425590551177
20
-5.7883357086614176
11
5.4629425590551177
21
-5.7725876771653546
0
LINE
8
BLACK
6
CONTINUOUS
10
5.4629425590551177
20
-5.7725876771653546
11
5.4630941338582675
21
-5.7702751968503936
0
LINE
8
BLACK
6
CONTINUOUS
10
5.4630941338582675
20
-5.7702751968503936
11
5.464291141732283
21
-5.7658078346456696
0
LINE
8
BLACK
6
CONTINUOUS
10
5.464291141732283
20
-5.7658078346456696
11
5.466603622047244
21
-5.7618025196850393
0
LINE
8
BLACK
6
CONTINUOUS
10
5.466603622047244
20
-5.7618025196850393
11
5.4698739370078737
21
-5.7585322047244096
0
LINE
8
BLACK
6
CONTINUOUS
10
5.4698739370078737
20
-5.7585322047244096
11
5.473879251968504
21
-5.7562197244094486
0
LINE
8
BLACK
6
CONTINUOUS
10
5.473879251968504
20
-5.7562197244094486
11
5.478346614173228
21
-5.7550227165354331
0
LINE
8
BLACK
6
CONTINUOUS
10
5.478346614173228
20
-5.7550227165354331
11
5.4829715748031491
21
-5.7550227165354331
0
LINE
8
BLACK
6
CONTINUOUS
10
5.4829715748031491
20
-5.7550227165354331
11
5.487438937007874
21
-5.7562197244094486
0
LINE
8
BLACK
6
CONTINUOUS
10
5.6547617716535434
20
-5.7562197244094486
11
5.6587670866141728
21
-5.7585322047244096
0
LINE
8
BLACK
6
CONTINUOUS
10
5.6587670866141728
20
-5.7585322047244096
11
5.6620374015748034
21
-5.7618025196850393
0
LINE
8
BLACK
6
CONTINUOUS
10
5.6620374015748034
20
-5.7618025196850393
11
5.6643498818897635
21
-5.7658078346456696
0
LINE
8
BLACK
6
CONTINUOUS
10
5.6643498818897635
20
-5.7658078346456696
11
5.6655468897637791
21
-5.7702751968503936
0
LINE
8
BLACK
6
CONTINUOUS
10
5.6655468897637791
20
-5.7702751968503936
11
5.6656984645669288
21
-5.7725876771653546
0
LINE
8
BLACK
6
CONTINUOUS
10
5.6656984645669288
20
-5.7725876771653546
11
5.6656984645669288
21
-5.7883357086614176
0
LINE
8
BLACK
6
CONTINUOUS
10
5.6656984645669288
20
-5.7883357086614176
11
5.6655468897637791
21
-5.7906481889763777
0
LINE
8
BLACK
6
CONTINUOUS
10
5.6655468897637791
20
-5.7906481889763777
11
5.6643498818897635
21
-5.7951155511811026
0
LINE
8
BLACK
6
CONTINUOUS
10
5.6643498818897635
20
-5.7951155511811026
11
5.6620374015748034
21
-5.7991208661417319
0
LINE
8
BLACK
6
CONTINUOUS
10
5.6620374015748034
20
-5.7991208661417319
11
5.6587670866141728
21
-5.8023911811023625
0
LINE
8
BLACK
6
CONTINUOUS
10
5.6587670866141728
20
-5.8023911811023625
11
5.6547617716535434
21
-5.8047036614173226
0
LINE
8
BLACK
6
CONTINUOUS
10
5.6547617716535434
20
-5.8047036614173226
11
5.6502944094488186
21
-5.8059006692913382
0
LINE
8
BLACK
6
CONTINUOUS
10
5.6502944094488186
20
-5.8059006692913382
11
5.6456694488188974
21
-5.8059006692913382
0
LINE
8
BLACK
6
CONTINUOUS
10
5.6456694488188974
20
-5.8059006692913382
11
5.6412020866141734
21
-5.8047036614173226
0
LINE
8
BLACK
6
CONTINUOUS
10
5.6412020866141734
20
-5.8047036614173226
11
5.6371967716535432
21
-5.8023911811023625
0
LINE
8
BLACK
6
CONTINUOUS
10
5.6371967716535432
20
-5.8023911811023625
11
5.6339264566929135
21
-5.7991208661417319
0
LINE
8
BLACK
6
CONTINUOUS
10
5.6339264566929135
20
-5.7991208661417319
11
5.6316139763779525
21
-5.7951155511811026
0
LINE
8
BLACK
6
CONTINUOUS
10
5.6316139763779525
20
-5.7951155511811026
11
5.6304169685039369
21
-5.7906481889763777
0
LINE
8
BLACK
6
CONTINUOUS
10
5.6304169685039369
20
-5.7906481889763777
11
5.6302653937007872
21
-5.7883357086614176
0
LINE
8
BLACK
6
CONTINUOUS
10
5.6302653937007872
20
-5.7883357086614176
11
5.6302653937007872
21
-5.7725876771653546
0
LINE
8
BLACK
6
CONTINUOUS
10
5.6302653937007872
20
-5.7725876771653546
11
5.6304169685039369
21
-5.7702751968503936
0
LINE
8
BLACK
6
CONTINUOUS
10
5.6304169685039369
20
-5.7702751968503936
11
5.6316139763779525
21
-5.7658078346456696
0
LINE
8
BLACK
6
CONTINUOUS
10
5.6316139763779525
20
-5.7658078346456696
11
5.6339264566929135
21
-5.7618025196850393
0
LINE
8
BLACK
6
CONTINUOUS
10
5.6339264566929135
20
-5.7618025196850393
11
5.6371967716535432
21
-5.7585322047244096
0
LINE
8
BLACK
6
CONTINUOUS
10
5.6371967716535432
20
-5.7585322047244096
11
5.6412020866141734
21
-5.7562197244094486
0
LINE
8
BLACK
6
CONTINUOUS
10
5.6412020866141734
20
-5.7562197244094486
11
5.6456694488188974
21
-5.7550227165354331
0
LINE
8
BLACK
6
CONTINUOUS
10
5.6456694488188974
20
-5.7550227165354331
11
5.6502944094488186
21
-5.7550227165354331
0
LINE
8
BLACK
6
CONTINUOUS
10
5.6502944094488186
20
-5.7550227165354331
11
5.6547617716535434
21
-5.7562197244094486
0
LINE
8
BLACK
6
CONTINUOUS
10
7.1247013385826774
20
-4.7129675196850389
11
7.1282616535433068
21
-4.7150230708661418
0
LINE
8
BLACK
6
CONTINUOUS
10
7.1282616535433068
20
-4.7150230708661418
11
7.1311685826771649
21
-4.71793
0
LINE
8
BLACK
6
CONTINUOUS
10
7.1311685826771649
20
-4.71793
11
7.1332241338582678
21
-4.7214903149606302
0
LINE
8
BLACK
6
CONTINUOUS
10
7.1332241338582678
20
-4.7214903149606302
11
7.1342881496062986
21
-4.7254612992125979
0
LINE
8
BLACK
6
CONTINUOUS
10
7.1342881496062986
20
-4.7254612992125979
11
7.1342881496062986
21
-4.7295723228346453
0
LINE
8
BLACK
6
CONTINUOUS
10
7.1342881496062986
20
-4.7295723228346453
11
7.1332241338582678
21
-4.733543307086614
0
LINE
8
BLACK
6
CONTINUOUS
10
7.1332241338582678
20
-4.733543307086614
11
7.1311685826771649
21
-4.7371036220472442
0
LINE
8
BLACK
6
CONTINUOUS
10
7.1311685826771649
20
-4.7371036220472442
11
7.1282616535433068
21
-4.7400105511811024
0
LINE
8
BLACK
6
CONTINUOUS
10
7.1282616535433068
20
-4.7400105511811024
11
7.1247013385826774
21
-4.7420661023622044
0
LINE
8
BLACK
6
CONTINUOUS
10
7.1247013385826774
20
-4.7420661023622044
11
7.1207303543307088
21
-4.7431301181102361
0
LINE
8
BLACK
6
CONTINUOUS
10
7.1207303543307088
20
-4.7431301181102361
11
7.1166193307086614
21
-4.7431301181102361
0
LINE
8
BLACK
6
CONTINUOUS
10
7.1166193307086614
20
-4.7431301181102361
11
7.1126483464566927
21
-4.7420661023622044
0
LINE
8
BLACK
6
CONTINUOUS
10
7.1126483464566927
20
-4.7420661023622044
11
7.1090880314960625
21
-4.7400105511811024
0
LINE
8
BLACK
6
CONTINUOUS
10
7.1090880314960625
20
-4.7400105511811024
11
7.1061811023622043
21
-4.7371036220472442
0
LINE
8
BLACK
6
CONTINUOUS
10
7.1061811023622043
20
-4.7371036220472442
11
7.1041255511811023
21
-4.733543307086614
0
LINE
8
BLACK
6
CONTINUOUS
10
7.1041255511811023
20
-4.733543307086614
11
7.1030615354330706
21
-4.7295723228346453
0
LINE
8
BLACK
6
CONTINUOUS
10
7.1030615354330706
20
-4.7295723228346453
11
7.1030615354330706
21
-4.7254612992125979
0
LINE
8
BLACK
6
CONTINUOUS
10
7.1030615354330706
20
-4.7254612992125979
11
7.1041255511811023
21
-4.7214903149606302
0
LINE
8
BLACK
6
CONTINUOUS
10
7.1041255511811023
20
-4.7214903149606302
11
7.1061811023622043
21
-4.71793
0
LINE
8
BLACK
6
CONTINUOUS
10
7.1061811023622043
20
-4.71793
11
7.1090880314960625
21
-4.7150230708661418
0
LINE
8
BLACK
6
CONTINUOUS
10
7.1090880314960625
20
-4.7150230708661418
11
7.1126483464566927
21
-4.7129675196850389
0
LINE
8
BLACK
6
CONTINUOUS
10
7.1126483464566927
20
-4.7129675196850389
11
7.1166193307086614
21
-4.7119035039370081
0
LINE
8
BLACK
6
CONTINUOUS
10
7.1166193307086614
20
-4.7119035039370081
11
7.1207303543307088
21
-4.7119035039370081
0
LINE
8
BLACK
6
CONTINUOUS
10
7.1207303543307088
20
-4.7119035039370081
11
7.1247013385826774
21
-4.7129675196850389
0
LINE
8
BLACK
6
CONTINUOUS
10
5.3192680708661415
20
-4.6852708661417326
11
5.3228283858267718
21
-4.6873264173228346
0
LINE
8
BLACK
6
CONTINUOUS
10
5.3228283858267718
20
-4.6873264173228346
11
5.3257353149606299
21
-4.6902333464566928
0
LINE
8
BLACK
6
CONTINUOUS
10
5.3257353149606299
20
-4.6902333464566928
11
5.3277908661417319
21
-4.693793661417323
0
LINE
8
BLACK
6
CONTINUOUS
10
5.3277908661417319
20
-4.693793661417323
11
5.3288548818897636
21
-4.6977646456692916
0
LINE
8
BLACK
6
CONTINUOUS
10
5.3288548818897636
20
-4.6977646456692916
11
5.3288548818897636
21
-4.7018756692913382
0
LINE
8
BLACK
6
CONTINUOUS
10
5.3288548818897636
20
-4.7018756692913382
11
5.3277908661417319
21
-4.7058466535433068
0
LINE
8
BLACK
6
CONTINUOUS
10
5.3277908661417319
20
-4.7058466535433068
11
5.3257353149606299
21
-4.709406968503937
0
LINE
8
BLACK
6
CONTINUOUS
10
5.3257353149606299
20
-4.709406968503937
11
5.3228283858267718
21
-4.7123138976377952
0
LINE
8
BLACK
6
CONTINUOUS
10
5.3228283858267718
20
-4.7123138976377952
11
5.3192680708661415
21
-4.7143694488188972
0
LINE
8
BLACK
6
CONTINUOUS
10
5.3192680708661415
20
-4.7143694488188972
11
5.3152970866141729
21
-4.7154334645669289
0
LINE
8
BLACK
6
CONTINUOUS
10
5.3152970866141729
20
-4.7154334645669289
11
5.3111860629921255
21
-4.7154334645669289
0
LINE
8
BLACK
6
CONTINUOUS
10
5.3111860629921255
20
-4.7154334645669289
11
5.3072150787401577
21
-4.7143694488188972
0
LINE
8
BLACK
6
CONTINUOUS
10
5.3072150787401577
20
-4.7143694488188972
11
5.3036547637795275
21
-4.7123138976377952
0
LINE
8
BLACK
6
CONTINUOUS
10
5.3036547637795275
20
-4.7123138976377952
11
5.3007478346456693
21
-4.709406968503937
0
LINE
8
BLACK
6
CONTINUOUS
10
5.3007478346456693
20
-4.709406968503937
11
5.2986922834645664
21
-4.7058466535433068
0
LINE
8
BLACK
6
CONTINUOUS
10
5.2986922834645664
20
-4.7058466535433068
11
5.2976282677165356
21
-4.7018756692913382
0
LINE
8
BLACK
6
CONTINUOUS
10
5.2976282677165356
20
-4.7018756692913382
11
5.2976282677165356
21
-4.6977646456692916
0
LINE
8
BLACK
6
CONTINUOUS
10
5.2976282677165356
20
-4.6977646456692916
11
5.2986922834645664
21
-4.693793661417323
0
LINE
8
BLACK
6
CONTINUOUS
10
5.2986922834645664
20
-4.693793661417323
11
5.3007478346456693
21
-4.6902333464566928
0
LINE
8
BLACK
6
CONTINUOUS
10
5.3007478346456693
20
-4.6902333464566928
11
5.3036547637795275
21
-4.6873264173228346
0
LINE
8
BLACK
6
CONTINUOUS
10
5.3036547637795275
20
-4.6873264173228346
11
5.3072150787401577
21
-4.6852708661417326
0
LINE
8
BLACK
6
CONTINUOUS
10
5.3072150787401577
20
-4.6852708661417326
11
5.3111860629921255
21
-4.6842068503937009
0
LINE
8
BLACK
6
CONTINUOUS
10
5.3111860629921255
20
-4.6842068503937009
11
5.3152970866141729
21
-4.6842068503937009
0
LINE
8
BLACK
6
CONTINUOUS
10
5.3152970866141729
20
-4.6842068503937009
11
5.3192680708661415
21
-4.6852708661417326
0
LINE
8
BLACK
6
CONTINUOUS
10
5.5203844881889763
20
-4.6956506692913385
11
5.5239448031496066
21
-4.6977062204724405
0
LINE
8
BLACK
6
CONTINUOUS
10
5.5239448031496066
20
-4.6977062204724405
11
5.5268517322834647
21
-4.7006131496062995
0
LINE
8
BLACK
6
CONTINUOUS
10
5.5268517322834647
20
-4.7006131496062995
11
5.5289072834645667
21
-4.7041734645669289
0
LINE
8
BLACK
6
CONTINUOUS
10
5.5289072834645667
20
-4.7041734645669289
11
5.5299712992125984
21
-4.7081444488188975
0
LINE
8
BLACK
6
CONTINUOUS
10
5.5299712992125984
20
-4.7081444488188975
11
5.5299712992125984
21
-4.7122554724409449
0
LINE
8
BLACK
6
CONTINUOUS
10
5.5299712992125984
20
-4.7122554724409449
11
5.5289072834645667
21
-4.7162264566929135
0
LINE
8
BLACK
6
CONTINUOUS
10
5.5289072834645667
20
-4.7162264566929135
11
5.5268517322834647
21
-4.7197867716535429
0
LINE
8
BLACK
6
CONTINUOUS
10
5.5268517322834647
20
-4.7197867716535429
11
5.5239448031496066
21
-4.722693700787401
0
LINE
8
BLACK
6
CONTINUOUS
10
5.5239448031496066
20
-4.722693700787401
11
5.5203844881889763
21
-4.7247492519685039
0
LINE
8
BLACK
6
CONTINUOUS
10
5.5203844881889763
20
-4.7247492519685039
11
5.5164135039370077
21
-4.7258132677165356
0
LINE
8
BLACK
6
CONTINUOUS
10
5.5164135039370077
20
-4.7258132677165356
11
5.5123024803149603
21
-4.7258132677165356
0
LINE
8
BLACK
6
CONTINUOUS
10
5.5123024803149603
20
-4.7258132677165356
11
5.5083314960629917
21
-4.7247492519685039
0
LINE
8
BLACK
6
CONTINUOUS
10
5.5083314960629917
20
-4.7247492519685039
11
5.5047711811023623
21
-4.722693700787401
0
LINE
8
BLACK
6
CONTINUOUS
10
5.5047711811023623
20
-4.722693700787401
11
5.5018642519685041
21
-4.7197867716535429
0
LINE
8
BLACK
6
CONTINUOUS
10
5.5018642519685041
20
-4.7197867716535429
11
5.4998087007874012
21
-4.7162264566929135
0
LINE
8
BLACK
6
CONTINUOUS
10
5.4998087007874012
20
-4.7162264566929135
11
5.4987446850393695
21
-4.7122554724409449
0
LINE
8
BLACK
6
CONTINUOUS
10
5.4987446850393695
20
-4.7122554724409449
11
5.4987446850393695
21
-4.7081444488188975
0
LINE
8
BLACK
6
CONTINUOUS
10
5.4987446850393695
20
-4.7081444488188975
11
5.4998087007874012
21
-4.7041734645669289
0
LINE
8
BLACK
6
CONTINUOUS
10
5.4998087007874012
20
-4.7041734645669289
11
5.5018642519685041
21
-4.7006131496062995
0
LINE
8
BLACK
6
CONTINUOUS
10
5.5018642519685041
20
-4.7006131496062995
11
5.5047711811023623
21
-4.6977062204724405
0
LINE
8
BLACK
6
CONTINUOUS
10
5.5047711811023623
20
-4.6977062204724405
11
5.5083314960629917
21
-4.6956506692913385
0
LINE
8
BLACK
6
CONTINUOUS
10
5.5083314960629917
20
-4.6956506692913385
11
5.5123024803149603
21
-4.6945866535433067
0
LINE
8
BLACK
6
CONTINUOUS
10
5.5123024803149603
20
-4.6945866535433067
11
5.5164135039370077
21
-4.6945866535433067
0
LINE
8
BLACK
6
CONTINUOUS
10
5.5164135039370077
20
-4.6945866535433067
11
5.5203844881889763
21
-4.6956506692913385
0
LINE
8
BLACK
6
CONTINUOUS
10
5.4987013385826771
20
-4.6589675196850395
11
5.5022616535433073
21
-4.6610230708661415
0
LINE
8
BLACK
6
CONTINUOUS
10
5.5022616535433073
20
-4.6610230708661415
11
5.5051685826771655
21
-4.6639299999999997
0
LINE
8
BLACK
6
CONTINUOUS
10
5.5051685826771655
20
-4.6639299999999997
11
5.5072241338582675
21
-4.6674903149606299
0
LINE
8
BLACK
6
CONTINUOUS
10
5.5072241338582675
20
-4.6674903149606299
11
5.5082881496062992
21
-4.6714612992125986
0
LINE
8
BLACK
6
CONTINUOUS
10
5.5082881496062992
20
-4.6714612992125986
11
5.5082881496062992
21
-4.675572322834646
0
LINE
8
BLACK
6
CONTINUOUS
10
5.5082881496062992
20
-4.675572322834646
11
5.5072241338582675
21
-4.6795433070866137
0
LINE
8
BLACK
6
CONTINUOUS
10
5.5072241338582675
20
-4.6795433070866137
11
5.5051685826771655
21
-4.683103622047244
0
LINE
8
BLACK
6
CONTINUOUS
10
5.5051685826771655
20
-4.683103622047244
11
5.5022616535433073
21
-4.6860105511811021
0
LINE
8
BLACK
6
CONTINUOUS
10
5.5022616535433073
20
-4.6860105511811021
11
5.4987013385826771
21
-4.688066102362205
0
LINE
8
BLACK
6
CONTINUOUS
10
5.4987013385826771
20
-4.688066102362205
11
5.4947303543307084
21
-4.6891301181102358
0
LINE
8
BLACK
6
CONTINUOUS
10
5.4947303543307084
20
-4.6891301181102358
11
5.490619330708661
21
-4.6891301181102358
0
LINE
8
BLACK
6
CONTINUOUS
10
5.490619330708661
20
-4.6891301181102358
11
5.4866483464566924
21
-4.688066102362205
0
LINE
8
BLACK
6
CONTINUOUS
10
5.4866483464566924
20
-4.688066102362205
11
5.4830880314960631
21
-4.6860105511811021
0
LINE
8
BLACK
6
CONTINUOUS
10
5.4830880314960631
20
-4.6860105511811021
11
5.4801811023622049
21
-4.683103622047244
0
LINE
8
BLACK
6
CONTINUOUS
10
5.4801811023622049
20
-4.683103622047244
11
5.478125551181102
21
-4.6795433070866137
0
LINE
8
BLACK
6
CONTINUOUS
10
5.478125551181102
20
-4.6795433070866137
11
5.4770615354330712
21
-4.675572322834646
0
LINE
8
BLACK
6
CONTINUOUS
10
5.4770615354330712
20
-4.675572322834646
11
5.4770615354330712
21
-4.6714612992125986
0
LINE
8
BLACK
6
CONTINUOUS
10
5.4770615354330712
20
-4.6714612992125986
11
5.478125551181102
21
-4.6674903149606299
0
LINE
8
BLACK
6
CONTINUOUS
10
5.478125551181102
20
-4.6674903149606299
11
5.4801811023622049
21
-4.6639299999999997
0
LINE
8
BLACK
6
CONTINUOUS
10
5.4801811023622049
20
-4.6639299999999997
11
5.4830880314960631
21
-4.6610230708661415
0
LINE
8
BLACK
6
CONTINUOUS
10
5.4830880314960631
20
-4.6610230708661415
11
5.4866483464566924
21
-4.6589675196850395
0
LINE
8
BLACK
6
CONTINUOUS
10
5.4866483464566924
20
-4.6589675196850395
11
5.490619330708661
21
-4.6579035039370078
0
LINE
8
BLACK
6
CONTINUOUS
10
5.490619330708661
20
-4.6579035039370078
11
5.4947303543307084
21
-4.6579035039370078
0
LINE
8
BLACK
6
CONTINUOUS
10
5.4947303543307084
20
-4.6579035039370078
11
5.4987013385826771
21
-4.6589675196850395
0
LINE
8
BLACK
6
CONTINUOUS
10
5.3192682677165353
20
-4.5973769685039372
11
5.3228285826771655
21
-4.5994325196850392
0
LINE
8
BLACK
6
CONTINUOUS
10
5.3228285826771655
20
-4.5994325196850392
11
5.3257355118110237
21
-4.6023394488188973
0
LINE
8
BLACK
6
CONTINUOUS
10
5.3257355118110237
20
-4.6023394488188973
11
5.3277910629921257
21
-4.6058997637795276
0
LINE
8
BLACK
6
CONTINUOUS
10
5.3277910629921257
20
-4.6058997637795276
11
5.3288550787401574
21
-4.6098707480314962
0
LINE
8
BLACK
6
CONTINUOUS
10
5.3288550787401574
20
-4.6098707480314962
11
5.3288550787401574
21
-4.6139817716535436
0
LINE
8
BLACK
6
CONTINUOUS
10
5.3288550787401574
20
-4.6139817716535436
11
5.3277910629921257
21
-4.6179527559055114
0
LINE
8
BLACK
6
CONTINUOUS
10
5.3277910629921257
20
-4.6179527559055114
11
5.3257355118110237
21
-4.6215130708661416
0
LINE
8
BLACK
6
CONTINUOUS
10
5.3257355118110237
20
-4.6215130708661416
11
5.3228285826771655
21
-4.6244199999999998
0
LINE
8
BLACK
6
CONTINUOUS
10
5.3228285826771655
20
-4.6244199999999998
11
5.3192682677165353
21
-4.6264755511811027
0
LINE
8
BLACK
6
CONTINUOUS
10
5.3192682677165353
20
-4.6264755511811027
11
5.3152972834645666
21
-4.6275395669291335
0
LINE
8
BLACK
6
CONTINUOUS
10
5.3152972834645666
20
-4.6275395669291335
11
5.3111862598425192
21
-4.6275395669291335
0
LINE
8
BLACK
6
CONTINUOUS
10
5.3111862598425192
20
-4.6275395669291335
11
5.3072152755905506
21
-4.6264755511811027
0
LINE
8
BLACK
6
CONTINUOUS
10
5.3072152755905506
20
-4.6264755511811027
11
5.3036549606299213
21
-4.6244199999999998
0
LINE
8
BLACK
6
CONTINUOUS
10
5.3036549606299213
20
-4.6244199999999998
11
5.3007480314960631
21
-4.6215130708661416
0
LINE
8
BLACK
6
CONTINUOUS
10
5.3007480314960631
20
-4.6215130708661416
11
5.2986924803149602
21
-4.6179527559055114
0
LINE
8
BLACK
6
CONTINUOUS
10
5.2986924803149602
20
-4.6179527559055114
11
5.2976284645669294
21
-4.6139817716535436
0
LINE
8
BLACK
6
CONTINUOUS
10
5.2976284645669294
20
-4.6139817716535436
11
5.2976284645669294
21
-4.6098707480314962
0
LINE
8
BLACK
6
CONTINUOUS
10
5.2976284645669294
20
-4.6098707480314962
11
5.2986924803149602
21
-4.6058997637795276
0
LINE
8
BLACK
6
CONTINUOUS
10
5.2986924803149602
20
-4.6058997637795276
11
5.3007480314960631
21
-4.6023394488188973
0
LINE
8
BLACK
6
CONTINUOUS
10
5.3007480314960631
20
-4.6023394488188973
11
5.3036549606299213
21
-4.5994325196850392
0
LINE
8
BLACK
6
CONTINUOUS
10
5.3036549606299213
20
-4.5994325196850392
11
5.3072152755905506
21
-4.5973769685039372
0
LINE
8
BLACK
6
CONTINUOUS
10
5.3072152755905506
20
-4.5973769685039372
11
5.3111862598425192
21
-4.5963129527559055
0
LINE
8
BLACK
6
CONTINUOUS
10
5.3111862598425192
20
-4.5963129527559055
11
5.3152972834645666
21
-4.5963129527559055
0
LINE
8
BLACK
6
CONTINUOUS
10
5.3152972834645666
20
-4.5963129527559055
11
5.3192682677165353
21
-4.5973769685039372
0
LINE
8
BLACK
6
CONTINUOUS
10
7.1147013385826767
20
-4.5779675196850391
11
7.118261653543307
21
-4.580023070866142
0
LINE
8
BLACK
6
CONTINUOUS
10
7.118261653543307
20
-4.580023070866142
11
7.1211685826771651
21
-4.5829300000000002
0
LINE
8
BLACK
6
CONTINUOUS
10
7.1211685826771651
20
-4.5829300000000002
11
7.1232241338582671
21
-4.5864903149606295
0
LINE
8
BLACK
6
CONTINUOUS
10
7.1232241338582671
20
-4.5864903149606295
11
7.1242881496062989
21
-4.5904612992125982
0
LINE
8
BLACK
6
CONTINUOUS
10
7.1242881496062989
20
-4.5904612992125982
11
7.1242881496062989
21
-4.5945723228346456
0
LINE
8
BLACK
6
CONTINUOUS
10
7.1242881496062989
20
-4.5945723228346456
11
7.1232241338582671
21
-4.5985433070866142
0
LINE
8
BLACK
6
CONTINUOUS
10
7.1232241338582671
20
-4.5985433070866142
11
7.1211685826771651
21
-4.6021036220472435
0
LINE
8
BLACK
6
CONTINUOUS
10
7.1211685826771651
20
-4.6021036220472435
11
7.118261653543307
21
-4.6050105511811026
0
LINE
8
BLACK
6
CONTINUOUS
10
7.118261653543307
20
-4.6050105511811026
11
7.1147013385826767
21
-4.6070661023622046
0
LINE
8
BLACK
6
CONTINUOUS
10
7.1147013385826767
20
-4.6070661023622046
11
7.1107303543307081
21
-4.6081301181102363
0
LINE
8
BLACK
6
CONTINUOUS
10
7.1107303543307081
20
-4.6081301181102363
11
7.1066193307086616
21
-4.6081301181102363
0
LINE
8
BLACK
6
CONTINUOUS
10
7.1066193307086616
20
-4.6081301181102363
11
7.102648346456693
21
-4.6070661023622046
0
LINE
8
BLACK
6
CONTINUOUS
10
7.102648346456693
20
-4.6070661023622046
11
7.0990880314960627
21
-4.6050105511811026
0
LINE
8
BLACK
6
CONTINUOUS
10
7.0990880314960627
20
-4.6050105511811026
11
7.0961811023622046
21
-4.6021036220472435
0
LINE
8
BLACK
6
CONTINUOUS
10
7.0961811023622046
20
-4.6021036220472435
11
7.0941255511811026
21
-4.5985433070866142
0
LINE
8
BLACK
6
CONTINUOUS
10
7.0941255511811026
20
-4.5985433070866142
11
7.0930615354330708
21
-4.5945723228346456
0
LINE
8
BLACK
6
CONTINUOUS
10
7.0930615354330708
20
-4.5945723228346456
11
7.0930615354330708
21
-4.5904612992125982
0
LINE
8
BLACK
6
CONTINUOUS
10
7.0930615354330708
20
-4.5904612992125982
11
7.0941255511811026
21
-4.5864903149606295
0
LINE
8
BLACK
6
CONTINUOUS
10
7.0941255511811026
20
-4.5864903149606295
11
7.0961811023622046
21
-4.5829300000000002
0
LINE
8
BLACK
6
CONTINUOUS
10
7.0961811023622046
20
-4.5829300000000002
11
7.0990880314960627
21
-4.580023070866142
0
LINE
8
BLACK
6
CONTINUOUS
10
7.0990880314960627
20
-4.580023070866142
11
7.102648346456693
21
-4.5779675196850391
0
LINE
8
BLACK
6
CONTINUOUS
10
7.102648346456693
20
-4.5779675196850391
11
7.1066193307086616
21
-4.5769035039370074
0
LINE
8
BLACK
6
CONTINUOUS
10
7.1066193307086616
20
-4.5769035039370074
11
7.1107303543307081
21
-4.5769035039370074
0
LINE
8
BLACK
6
CONTINUOUS
10
7.1107303543307081
20
-4.5769035039370074
11
7.1147013385826767
21
-4.5779675196850391
0
LINE
8
BLACK
6
CONTINUOUS
10
6.4247013385826772
20
-4.5809675196850392
11
6.4282616535433066
21
-4.5830230708661412
0
LINE
8
BLACK
6
CONTINUOUS
10
6.4282616535433066
20
-4.5830230708661412
11
6.4311685826771656
21
-4.5859300000000003
0
LINE
8
BLACK
6
CONTINUOUS
10
6.4311685826771656
20
-4.5859300000000003
11
6.4332241338582676
21
-4.5894903149606296
0
LINE
8
BLACK
6
CONTINUOUS
10
6.4332241338582676
20
-4.5894903149606296
11
6.4342881496062994
21
-4.5934612992125983
0
LINE
8
BLACK
6
CONTINUOUS
10
6.4342881496062994
20
-4.5934612992125983
11
6.4342881496062994
21
-4.5975723228346457
0
LINE
8
BLACK
6
CONTINUOUS
10
6.4342881496062994
20
-4.5975723228346457
11
6.4332241338582676
21
-4.6015433070866143
0
LINE
8
BLACK
6
CONTINUOUS
10
6.4332241338582676
20
-4.6015433070866143
11
6.4311685826771656
21
-4.6051036220472437
0
LINE
8
BLACK
6
CONTINUOUS
10
6.4311685826771656
20
-4.6051036220472437
11
6.4282616535433066
21
-4.6080105511811027
0
LINE
8
BLACK
6
CONTINUOUS
10
6.4282616535433066
20
-4.6080105511811027
11
6.4247013385826772
21
-4.6100661023622047
0
LINE
8
BLACK
6
CONTINUOUS
10
6.4247013385826772
20
-4.6100661023622047
11
6.4207303543307086
21
-4.6111301181102364
0
LINE
8
BLACK
6
CONTINUOUS
10
6.4207303543307086
20
-4.6111301181102364
11
6.4166193307086612
21
-4.6111301181102364
0
LINE
8
BLACK
6
CONTINUOUS
10
6.4166193307086612
20
-4.6111301181102364
11
6.4126483464566926
21
-4.6100661023622047
0
LINE
8
BLACK
6
CONTINUOUS
10
6.4126483464566926
20
-4.6100661023622047
11
6.4090880314960632
21
-4.6080105511811027
0
LINE
8
BLACK
6
CONTINUOUS
10
6.4090880314960632
20
-4.6080105511811027
11
6.4061811023622042
21
-4.6051036220472437
0
LINE
8
BLACK
6
CONTINUOUS
10
6.4061811023622042
20
-4.6051036220472437
11
6.4041255511811022
21
-4.6015433070866143
0
LINE
8
BLACK
6
CONTINUOUS
10
6.4041255511811022
20
-4.6015433070866143
11
6.4030615354330704
21
-4.5975723228346457
0
LINE
8
BLACK
6
CONTINUOUS
10
6.4030615354330704
20
-4.5975723228346457
11
6.4030615354330704
21
-4.5934612992125983
0
LINE
8
BLACK
6
CONTINUOUS
10
6.4030615354330704
20
-4.5934612992125983
11
6.4041255511811022
21
-4.5894903149606296
0
LINE
8
BLACK
6
CONTINUOUS
10
6.4041255511811022
20
-4.5894903149606296
11
6.4061811023622042
21
-4.5859300000000003
0
LINE
8
BLACK
6
CONTINUOUS
10
6.4061811023622042
20
-4.5859300000000003
11
6.4090880314960632
21
-4.5830230708661412
0
LINE
8
BLACK
6
CONTINUOUS
10
6.4090880314960632
20
-4.5830230708661412
11
6.4126483464566926
21
-4.5809675196850392
0
LINE
8
BLACK
6
CONTINUOUS
10
6.4126483464566926
20
-4.5809675196850392
11
6.4166193307086612
21
-4.5799035039370075
0
LINE
8
BLACK
6
CONTINUOUS
10
6.4166193307086612
20
-4.5799035039370075
11
6.4207303543307086
21
-4.5799035039370075
0
LINE
8
BLACK
6
CONTINUOUS
10
6.4207303543307086
20
-4.5799035039370075
11
6.4247013385826772
21
-4.5809675196850392
0
LINE
8
BLACK
6
CONTINUOUS
10
6.6227012598425192
20
-4.5809675196850392
11
6.6262615748031495
21
-4.5830230708661412
0
LINE
8
BLACK
6
CONTINUOUS
10
6.6262615748031495
20
-4.5830230708661412
11
6.6291685039370076
21
-4.5859300000000003
0
LINE
8
BLACK
6
CONTINUOUS
10
6.6291685039370076
20
-4.5859300000000003
11
6.6312240551181105
21
-4.5894903149606296
0
LINE
8
BLACK
6
CONTINUOUS
10
6.6312240551181105
20
-4.5894903149606296
11
6.6322880708661414
21
-4.5934612992125983
0
LINE
8
BLACK
6
CONTINUOUS
10
6.6322880708661414
20
-4.5934612992125983
11
6.6322880708661414
21
-4.5975723228346457
0
LINE
8
BLACK
6
CONTINUOUS
10
6.6322880708661414
20
-4.5975723228346457
11
6.6312240551181105
21
-4.6015433070866143
0
LINE
8
BLACK
6
CONTINUOUS
10
6.6312240551181105
20
-4.6015433070866143
11
6.6291685039370076
21
-4.6051036220472437
0
LINE
8
BLACK
6
CONTINUOUS
10
6.6291685039370076
20
-4.6051036220472437
11
6.6262615748031495
21
-4.6080105511811027
0
LINE
8
BLACK
6
CONTINUOUS
10
6.6262615748031495
20
-4.6080105511811027
11
6.6227012598425192
21
-4.6100661023622047
0
LINE
8
BLACK
6
CONTINUOUS
10
6.6227012598425192
20
-4.6100661023622047
11
6.6187302755905506
21
-4.6111301181102364
0
LINE
8
BLACK
6
CONTINUOUS
10
6.6187302755905506
20
-4.6111301181102364
11
6.6146192519685041
21
-4.6111301181102364
0
LINE
8
BLACK
6
CONTINUOUS
10
6.6146192519685041
20
-4.6111301181102364
11
6.6106482677165355
21
-4.6100661023622047
0
LINE
8
BLACK
6
CONTINUOUS
10
6.6106482677165355
20
-4.6100661023622047
11
6.6070879527559052
21
-4.6080105511811027
0
LINE
8
BLACK
6
CONTINUOUS
10
6.6070879527559052
20
-4.6080105511811027
11
6.6041810236220471
21
-4.6051036220472437
0
LINE
8
BLACK
6
CONTINUOUS
10
6.6041810236220471
20
-4.6051036220472437
11
6.6021254724409451
21
-4.6015433070866143
0
LINE
8
BLACK
6
CONTINUOUS
10
6.6021254724409451
20
-4.6015433070866143
11
6.6010614566929133
21
-4.5975723228346457
0
LINE
8
BLACK
6
CONTINUOUS
10
6.6010614566929133
20
-4.5975723228346457
11
6.6010614566929133
21
-4.5934612992125983
0
LINE
8
BLACK
6
CONTINUOUS
10
6.6010614566929133
20
-4.5934612992125983
11
6.6021254724409451
21
-4.5894903149606296
0
LINE
8
BLACK
6
CONTINUOUS
10
6.6021254724409451
20
-4.5894903149606296
11
6.6041810236220471
21
-4.5859300000000003
0
LINE
8
BLACK
6
CONTINUOUS
10
6.6041810236220471
20
-4.5859300000000003
11
6.6070879527559052
21
-4.5830230708661412
0
LINE
8
BLACK
6
CONTINUOUS
10
6.6070879527559052
20
-4.5830230708661412
11
6.6106482677165355
21
-4.5809675196850392
0
LINE
8
BLACK
6
CONTINUOUS
10
6.6106482677165355
20
-4.5809675196850392
11
6.6146192519685041
21
-4.5799035039370075
0
LINE
8
BLACK
6
CONTINUOUS
10
6.6146192519685041
20
-4.5799035039370075
11
6.6187302755905506
21
-4.5799035039370075
0
LINE
8
BLACK
6
CONTINUOUS
10
6.6187302755905506
20
-4.5799035039370075
11
6.6227012598425192
21
-4.5809675196850392
0
LINE
8
BLACK
6
CONTINUOUS
10
5.995701338582677
20
-4.5319675196850389
11
5.9992616535433072
21
-4.5340230708661418
0
LINE
8
BLACK
6
CONTINUOUS
10
5.9992616535433072
20
-4.5340230708661418
11
6.0021685826771654
21
-4.5369299999999999
0
LINE
8
BLACK
6
CONTINUOUS
10
6.0021685826771654
20
-4.5369299999999999
11
6.0042241338582674
21
-4.5404903149606302
0
LINE
8
BLACK
6
CONTINUOUS
10
6.0042241338582674
20
-4.5404903149606302
11
6.0052881496062991
21
-4.5444612992125979
0
LINE
8
BLACK
6
CONTINUOUS
10
6.0052881496062991
20
-4.5444612992125979
11
6.0052881496062991
21
-4.5485723228346453
0
LINE
8
BLACK
6
CONTINUOUS
10
6.0052881496062991
20
-4.5485723228346453
11
6.0042241338582674
21
-4.5525433070866139
0
LINE
8
BLACK
6
CONTINUOUS
10
6.0042241338582674
20
-4.5525433070866139
11
6.0021685826771654
21
-4.5561036220472442
0
LINE
8
BLACK
6
CONTINUOUS
10
6.0021685826771654
20
-4.5561036220472442
11
5.9992616535433072
21
-4.5590105511811023
0
LINE
8
BLACK
6
CONTINUOUS
10
5.9992616535433072
20
-4.5590105511811023
11
5.995701338582677
21
-4.5610661023622043
0
LINE
8
BLACK
6
CONTINUOUS
10
5.995701338582677
20
-4.5610661023622043
11
5.9917303543307083
21
-4.5621301181102361
0
LINE
8
BLACK
6
CONTINUOUS
10
5.9917303543307083
20
-4.5621301181102361
11
5.9876193307086609
21
-4.5621301181102361
0
LINE
8
BLACK
6
CONTINUOUS
10
5.9876193307086609
20
-4.5621301181102361
11
5.9836483464566932
21
-4.5610661023622043
0
LINE
8
BLACK
6
CONTINUOUS
10
5.9836483464566932
20
-4.5610661023622043
11
5.9800880314960629
21
-4.5590105511811023
0
LINE
8
BLACK
6
CONTINUOUS
10
5.9800880314960629
20
-4.5590105511811023
11
5.9771811023622048
21
-4.5561036220472442
0
LINE
8
BLACK
6
CONTINUOUS
10
5.9771811023622048
20
-4.5561036220472442
11
5.9751255511811019
21
-4.5525433070866139
0
LINE
8
BLACK
6
CONTINUOUS
10
5.9751255511811019
20
-4.5525433070866139
11
5.9740615354330711
21
-4.5485723228346453
0
LINE
8
BLACK
6
CONTINUOUS
10
5.9740615354330711
20
-4.5485723228346453
11
5.9740615354330711
21
-4.5444612992125979
0
LINE
8
BLACK
6
CONTINUOUS
10
5.9740615354330711
20
-4.5444612992125979
11
5.9751255511811019
21
-4.5404903149606302
0
LINE
8
BLACK
6
CONTINUOUS
10
5.9751255511811019
20
-4.5404903149606302
11
5.9771811023622048
21
-4.5369299999999999
0
LINE
8
BLACK
6
CONTINUOUS
10
5.9771811023622048
20
-4.5369299999999999
11
5.9800880314960629
21
-4.5340230708661418
0
LINE
8
BLACK
6
CONTINUOUS
10
5.9800880314960629
20
-4.5340230708661418
11
5.9836483464566932
21
-4.5319675196850389
0
LINE
8
BLACK
6
CONTINUOUS
10
5.9836483464566932
20
-4.5319675196850389
11
5.9876193307086609
21
-4.530903503937008
0
LINE
8
BLACK
6
CONTINUOUS
10
5.9876193307086609
20
-4.530903503937008
11
5.9917303543307083
21
-4.530903503937008
0
LINE
8
BLACK
6
CONTINUOUS
10
5.9917303543307083
20
-4.530903503937008
11
5.995701338582677
21
-4.5319675196850389
0
LINE
8
BLACK
6
CONTINUOUS
10
5.7937012598425195
20
-4.5309675196850394
11
5.7972615748031497
21
-4.5330230708661414
0
LINE
8
BLACK
6
CONTINUOUS
10
5.7972615748031497
20
-4.5330230708661414
11
5.8001685039370079
21
-4.5359299999999996
0
LINE
8
BLACK
6
CONTINUOUS
10
5.8001685039370079
20
-4.5359299999999996
11
5.8022240551181099
21
-4.5394903149606298
0
LINE
8
BLACK
6
CONTINUOUS
10
5.8022240551181099
20
-4.5394903149606298
11
5.8032880708661416
21
-4.5434612992125984
0
LINE
8
BLACK
6
CONTINUOUS
10
5.8032880708661416
20
-4.5434612992125984
11
5.8032880708661416
21
-4.5475723228346459
0
LINE
8
BLACK
6
CONTINUOUS
10
5.8032880708661416
20
-4.5475723228346459
11
5.8022240551181099
21
-4.5515433070866145
0
LINE
8
BLACK
6
CONTINUOUS
10
5.8022240551181099
20
-4.5515433070866145
11
5.8001685039370079
21
-4.5551036220472438
0
LINE
8
BLACK
6
CONTINUOUS
10
5.8001685039370079
20
-4.5551036220472438
11
5.7972615748031497
21
-4.558010551181102
0
LINE
8
BLACK
6
CONTINUOUS
10
5.7972615748031497
20
-4.558010551181102
11
5.7937012598425195
21
-4.5600661023622049
0
LINE
8
BLACK
6
CONTINUOUS
10
5.7937012598425195
20
-4.5600661023622049
11
5.7897302755905509
21
-4.5611301181102357
0
LINE
8
BLACK
6
CONTINUOUS
10
5.7897302755905509
20
-4.5611301181102357
11
5.7856192519685035
21
-4.5611301181102357
0
LINE
8
BLACK
6
CONTINUOUS
10
5.7856192519685035
20
-4.5611301181102357
11
5.7816482677165357
21
-4.5600661023622049
0
LINE
8
BLACK
6
CONTINUOUS
10
5.7816482677165357
20
-4.5600661023622049
11
5.7780879527559055
21
-4.558010551181102
0
LINE
8
BLACK
6
CONTINUOUS
10
5.7780879527559055
20
-4.558010551181102
11
5.7751810236220473
21
-4.5551036220472438
0
LINE
8
BLACK
6
CONTINUOUS
10
5.7751810236220473
20
-4.5551036220472438
11
5.7731254724409444
21
-4.5515433070866145
0
LINE
8
BLACK
6
CONTINUOUS
10
5.7731254724409444
20
-4.5515433070866145
11
5.7720614566929136
21
-4.5475723228346459
0
LINE
8
BLACK
6
CONTINUOUS
10
5.7720614566929136
20
-4.5475723228346459
11
5.7720614566929136
21
-4.5434612992125984
0
LINE
8
BLACK
6
CONTINUOUS
10
5.7720614566929136
20
-4.5434612992125984
11
5.7731254724409444
21
-4.5394903149606298
0
LINE
8
BLACK
6
CONTINUOUS
10
5.7731254724409444
20
-4.5394903149606298
11
5.7751810236220473
21
-4.5359299999999996
0
LINE
8
BLACK
6
CONTINUOUS
10
5.7751810236220473
20
-4.5359299999999996
11
5.7780879527559055
21
-4.5330230708661414
0
LINE
8
BLACK
6
CONTINUOUS
10
5.7780879527559055
20
-4.5330230708661414
11
5.7816482677165357
21
-4.5309675196850394
0
LINE
8
BLACK
6
CONTINUOUS
10
5.7816482677165357
20
-4.5309675196850394
11
5.7856192519685035
21
-4.5299035039370077
0
LINE
8
BLACK
6
CONTINUOUS
10
5.7856192519685035
20
-4.5299035039370077
11
5.7897302755905509
21
-4.5299035039370077
0
LINE
8
BLACK
6
CONTINUOUS
10
5.7897302755905509
20
-4.5299035039370077
11
5.7937012598425195
21
-4.5309675196850394
0
LINE
8
BLACK
6
CONTINUOUS
10
6.1897013385826769
20
-4.5279675196850393
11
6.1932616535433072
21
-4.5300230708661413
0
LINE
8
BLACK
6
CONTINUOUS
10
6.1932616535433072
20
-4.5300230708661413
11
6.1961685826771653
21
-4.5329299999999995
0
LINE
8
BLACK
6
CONTINUOUS
10
6.1961685826771653
20
-4.5329299999999995
11
6.1982241338582673
21
-4.5364903149606297
0
LINE
8
BLACK
6
CONTINUOUS
10
6.1982241338582673
20
-4.5364903149606297
11
6.199288149606299
21
-4.5404612992125983
0
LINE
8
BLACK
6
CONTINUOUS
10
6.199288149606299
20
-4.5404612992125983
11
6.199288149606299
21
-4.5445723228346457
0
LINE
8
BLACK
6
CONTINUOUS
10
6.199288149606299
20
-4.5445723228346457
11
6.1982241338582673
21
-4.5485433070866144
0
LINE
8
BLACK
6
CONTINUOUS
10
6.1982241338582673
20
-4.5485433070866144
11
6.1961685826771653
21
-4.5521036220472437
0
LINE
8
BLACK
6
CONTINUOUS
10
6.1961685826771653
20
-4.5521036220472437
11
6.1932616535433072
21
-4.5550105511811019
0
LINE
8
BLACK
6
CONTINUOUS
10
6.1932616535433072
20
-4.5550105511811019
11
6.1897013385826769
21
-4.5570661023622048
0
LINE
8
BLACK
6
CONTINUOUS
10
6.1897013385826769
20
-4.5570661023622048
11
6.1857303543307083
21
-4.5581301181102365
0
LINE
8
BLACK
6
CONTINUOUS
10
6.1857303543307083
20
-4.5581301181102365
11
6.1816193307086609
21
-4.5581301181102365
0
LINE
8
BLACK
6
CONTINUOUS
10
6.1816193307086609
20
-4.5581301181102365
11
6.1776483464566931
21
-4.5570661023622048
0
LINE
8
BLACK
6
CONTINUOUS
10
6.1776483464566931
20
-4.5570661023622048
11
6.1740880314960629
21
-4.5550105511811019
0
LINE
8
BLACK
6
CONTINUOUS
10
6.1740880314960629
20
-4.5550105511811019
11
6.1711811023622047
21
-4.5521036220472437
0
LINE
8
BLACK
6
CONTINUOUS
10
6.1711811023622047
20
-4.5521036220472437
11
6.1691255511811018
21
-4.5485433070866144
0
LINE
8
BLACK
6
CONTINUOUS
10
6.1691255511811018
20
-4.5485433070866144
11
6.168061535433071
21
-4.5445723228346457
0
LINE
8
BLACK
6
CONTINUOUS
10
6.168061535433071
20
-4.5445723228346457
11
6.168061535433071
21
-4.5404612992125983
0
LINE
8
BLACK
6
CONTINUOUS
10
6.168061535433071
20
-4.5404612992125983
11
6.1691255511811018
21
-4.5364903149606297
0
LINE
8
BLACK
6
CONTINUOUS
10
6.1691255511811018
20
-4.5364903149606297
11
6.1711811023622047
21
-4.5329299999999995
0
LINE
8
BLACK
6
CONTINUOUS
10
6.1711811023622047
20
-4.5329299999999995
11
6.1740880314960629
21
-4.5300230708661413
0
LINE
8
BLACK
6
CONTINUOUS
10
6.1740880314960629
20
-4.5300230708661413
11
6.1776483464566931
21
-4.5279675196850393
0
LINE
8
BLACK
6
CONTINUOUS
10
6.1776483464566931
20
-4.5279675196850393
11
6.1816193307086609
21
-4.5269035039370076
0
LINE
8
BLACK
6
CONTINUOUS
10
6.1816193307086609
20
-4.5269035039370076
11
6.1857303543307083
21
-4.5269035039370076
0
LINE
8
BLACK
6
CONTINUOUS
10
6.1857303543307083
20
-4.5269035039370076
11
6.1897013385826769
21
-4.5279675196850393
0
LINE
8
BLACK
6
CONTINUOUS
10
6.7809934251968507
20
-4.5114922440944882
11
6.78455374015748
21
-4.5135477952755902
0
LINE
8
BLACK
6
CONTINUOUS
10
6.78455374015748
20
-4.5135477952755902
11
6.7874606692913382
21
-4.5164547244094484
0
LINE
8
BLACK
6
CONTINUOUS
10
6.7874606692913382
20
-4.5164547244094484
11
6.7895162204724411
21
-4.5200150393700786
0
LINE
8
BLACK
6
CONTINUOUS
10
6.7895162204724411
20
-4.5200150393700786
11
6.7905802362204719
21
-4.5239860236220473
0
LINE
8
BLACK
6
CONTINUOUS
10
6.7905802362204719
20
-4.5239860236220473
11
6.7905802362204719
21
-4.5280970472440947
0
LINE
8
BLACK
6
CONTINUOUS
10
6.7905802362204719
20
-4.5280970472440947
11
6.7895162204724411
21
-4.5320680314960633
0
LINE
8
BLACK
6
CONTINUOUS
10
6.7895162204724411
20
-4.5320680314960633
11
6.7874606692913382
21
-4.5356283464566927
0
LINE
8
BLACK
6
CONTINUOUS
10
6.7874606692913382
20
-4.5356283464566927
11
6.78455374015748
21
-4.5385352755905508
0
LINE
8
BLACK
6
CONTINUOUS
10
6.78455374015748
20
-4.5385352755905508
11
6.7809934251968507
21
-4.5405908267716537
0
LINE
8
BLACK
6
CONTINUOUS
10
6.7809934251968507
20
-4.5405908267716537
11
6.777022440944882
21
-4.5416548425196845
0
LINE
8
BLACK
6
CONTINUOUS
10
6.777022440944882
20
-4.5416548425196845
11
6.7729114173228346
21
-4.5416548425196845
0
LINE
8
BLACK
6
CONTINUOUS
10
6.7729114173228346
20
-4.5416548425196845
11
6.768940433070866
21
-4.5405908267716537
0
LINE
8
BLACK
6
CONTINUOUS
10
6.768940433070866
20
-4.5405908267716537
11
6.7653801181102358
21
-4.5385352755905508
0
LINE
8
BLACK
6
CONTINUOUS
10
6.7653801181102358
20
-4.5385352755905508
11
6.7624731889763776
21
-4.5356283464566927
0
LINE
8
BLACK
6
CONTINUOUS
10
6.7624731889763776
20
-4.5356283464566927
11
6.7604176377952756
21
-4.5320680314960633
0
LINE
8
BLACK
6
CONTINUOUS
10
6.7604176377952756
20
-4.5320680314960633
11
6.7593536220472439
21
-4.5280970472440947
0
LINE
8
BLACK
6
CONTINUOUS
10
6.7593536220472439
20
-4.5280970472440947
11
6.7593536220472439
21
-4.5239860236220473
0
LINE
8
BLACK
6
CONTINUOUS
10
6.7593536220472439
20
-4.5239860236220473
11
6.7604176377952756
21
-4.5200150393700786
0
LINE
8
BLACK
6
CONTINUOUS
10
6.7604176377952756
20
-4.5200150393700786
11
6.7624731889763776
21
-4.5164547244094484
0
LINE
8
BLACK
6
CONTINUOUS
10
6.7624731889763776
20
-4.5164547244094484
11
6.7653801181102358
21
-4.5135477952755902
0
LINE
8
BLACK
6
CONTINUOUS
10
6.7653801181102358
20
-4.5135477952755902
11
6.768940433070866
21
-4.5114922440944882
0
LINE
8
BLACK
6
CONTINUOUS
10
6.768940433070866
20
-4.5114922440944882
11
6.7729114173228346
21
-4.5104282283464565
0
LINE
8
BLACK
6
CONTINUOUS
10
6.7729114173228346
20
-4.5104282283464565
11
6.777022440944882
21
-4.5104282283464565
0
LINE
8
BLACK
6
CONTINUOUS
10
6.777022440944882
20
-4.5104282283464565
11
6.7809934251968507
21
-4.5114922440944882
0
LINE
8
BLACK
6
CONTINUOUS
10
6.7708430708661416
20
-4.4587942913385827
11
6.7744033858267718
21
-4.4608498425196847
0
LINE
8
BLACK
6
CONTINUOUS
10
6.7744033858267718
20
-4.4608498425196847
11
6.77731031496063
21
-4.4637567716535429
0
LINE
8
BLACK
6
CONTINUOUS
10
6.77731031496063
20
-4.4637567716535429
11
6.779365866141732
21
-4.4673170866141731
0
LINE
8
BLACK
6
CONTINUOUS
10
6.779365866141732
20
-4.4673170866141731
11
6.7804298818897637
21
-4.4712880708661418
0
LINE
8
BLACK
6
CONTINUOUS
10
6.7804298818897637
20
-4.4712880708661418
11
6.7804298818897637
21
-4.4753990944881892
0
LINE
8
BLACK
6
CONTINUOUS
10
6.7804298818897637
20
-4.4753990944881892
11
6.779365866141732
21
-4.4793700787401578
0
LINE
8
BLACK
6
CONTINUOUS
10
6.779365866141732
20
-4.4793700787401578
11
6.77731031496063
21
-4.4829303937007872
0
LINE
8
BLACK
6
CONTINUOUS
10
6.77731031496063
20
-4.4829303937007872
11
6.7744033858267718
21
-4.4858373228346453
0
LINE
8
BLACK
6
CONTINUOUS
10
6.7744033858267718
20
-4.4858373228346453
11
6.7708430708661416
21
-4.4878928740157482
0
LINE
8
BLACK
6
CONTINUOUS
10
6.7708430708661416
20
-4.4878928740157482
11
6.7668720866141729
21
-4.488956889763779
0
LINE
8
BLACK
6
CONTINUOUS
10
6.7668720866141729
20
-4.488956889763779
11
6.7627610629921255
21
-4.488956889763779
0
LINE
8
BLACK
6
CONTINUOUS
10
6.7627610629921255
20
-4.488956889763779
11
6.7587900787401569
21
-4.4878928740157482
0
LINE
8
BLACK
6
CONTINUOUS
10
6.7587900787401569
20
-4.4878928740157482
11
6.7552297637795276
21
-4.4858373228346453
0
LINE
8
BLACK
6
CONTINUOUS
10
6.7552297637795276
20
-4.4858373228346453
11
6.7523228346456694
21
-4.4829303937007872
0
LINE
8
BLACK
6
CONTINUOUS
10
6.7523228346456694
20
-4.4829303937007872
11
6.7502672834645665
21
-4.4793700787401578
0
LINE
8
BLACK
6
CONTINUOUS
10
6.7502672834645665
20
-4.4793700787401578
11
6.7492032677165357
21
-4.4753990944881892
0
LINE
8
BLACK
6
CONTINUOUS
10
6.7492032677165357
20
-4.4753990944881892
11
6.7492032677165357
21
-4.4712880708661418
0
LINE
8
BLACK
6
CONTINUOUS
10
6.7492032677165357
20
-4.4712880708661418
11
6.7502672834645665
21
-4.4673170866141731
0
LINE
8
BLACK
6
CONTINUOUS
10
6.7502672834645665
20
-4.4673170866141731
11
6.7523228346456694
21
-4.4637567716535429
0
LINE
8
BLACK
6
CONTINUOUS
10
6.7523228346456694
20
-4.4637567716535429
11
6.7552297637795276
21
-4.4608498425196847
0
LINE
8
BLACK
6
CONTINUOUS
10
6.7552297637795276
20
-4.4608498425196847
11
6.7587900787401569
21
-4.4587942913385827
0
LINE
8
BLACK
6
CONTINUOUS
10
6.7587900787401569
20
-4.4587942913385827
11
6.7627610629921255
21
-4.457730275590551
0
LINE
8
BLACK
6
CONTINUOUS
10
6.7627610629921255
20
-4.457730275590551
11
6.7668720866141729
21
-4.457730275590551
0
LINE
8
BLACK
6
CONTINUOUS
10
6.7668720866141729
20
-4.457730275590551
11
6.7708430708661416
21
-4.4587942913385827
0
LINE
8
BLACK
6
CONTINUOUS
10
6.9854099999999999
20
-4.2973769685039365
11
6.9889703149606301
21
-4.2994325196850394
0
LINE
8
BLACK
6
CONTINUOUS
10
6.9889703149606301
20
-4.2994325196850394
11
6.9918772440944883
21
-4.3023394488188975
0
LINE
8
BLACK
6
CONTINUOUS
10
6.9918772440944883
20
-4.3023394488188975
11
6.9939327952755903
21
-4.3058997637795278
0
LINE
8
BLACK
6
CONTINUOUS
10
6.9939327952755903
20
-4.3058997637795278
11
6.994996811023622
21
-4.3098707480314964
0
LINE
8
BLACK
6
CONTINUOUS
10
6.994996811023622
20
-4.3098707480314964
11
6.994996811023622
21
-4.3139817716535429
0
LINE
8
BLACK
6
CONTINUOUS
10
6.994996811023622
20
-4.3139817716535429
11
6.9939327952755903
21
-4.3179527559055115
0
LINE
8
BLACK
6
CONTINUOUS
10
6.9939327952755903
20
-4.3179527559055115
11
6.9918772440944883
21
-4.3215130708661418
0
LINE
8
BLACK
6
CONTINUOUS
10
6.9918772440944883
20
-4.3215130708661418
11
6.9889703149606301
21
-4.3244199999999999
0
LINE
8
BLACK
6
CONTINUOUS
10
6.9889703149606301
20
-4.3244199999999999
11
6.9854099999999999
21
-4.3264755511811019
0
LINE
8
BLACK
6
CONTINUOUS
10
6.9854099999999999
20
-4.3264755511811019
11
6.9814390157480313
21
-4.3275395669291337
0
LINE
8
BLACK
6
CONTINUOUS
10
6.9814390157480313
20
-4.3275395669291337
11
6.9773279921259839
21
-4.3275395669291337
0
LINE
8
BLACK
6
CONTINUOUS
10
6.9773279921259839
20
-4.3275395669291337
11
6.975417559055118
21
-4.3270276771653542
0
LINE
8
BLACK
6
CONTINUOUS
10
6.975417559055118
20
-4.3270276771653542
11
6.8715654330708658
21
-4.4308798425196851
0
LINE
8
BLACK
6
CONTINUOUS
10
6.8715654330708658
20
-4.4308798425196851
11
6.8703722440944883
21
-4.431859094488189
0
LINE
8
BLACK
6
CONTINUOUS
10
6.8703722440944883
20
-4.431859094488189
11
6.8675338188976376
21
-4.4330348031496065
0
LINE
8
BLACK
6
CONTINUOUS
10
6.8675338188976376
20
-4.4330348031496065
11
6.8659976771653541
21
-4.433186102362205
0
LINE
8
BLACK
6
CONTINUOUS
10
6.8659976771653541
20
-4.433186102362205
11
6.6397165354330703
21
-4.433186102362205
0
LINE
8
BLACK
6
CONTINUOUS
10
6.6397165354330703
20
-4.433186102362205
11
6.6387276377952755
21
-4.4348988976377948
0
LINE
8
BLACK
6
CONTINUOUS
10
6.6387276377952755
20
-4.4348988976377948
11
6.6358207086614174
21
-4.4378058267716538
0
LINE
8
BLACK
6
CONTINUOUS
10
6.6358207086614174
20
-4.4378058267716538
11
6.6322603937007871
21
-4.4398613779527558
0
LINE
8
BLACK
6
CONTINUOUS
10
6.6322603937007871
20
-4.4398613779527558
11
6.6282894094488185
21
-4.4409253937007875
0
LINE
8
BLACK
6
CONTINUOUS
10
6.6282894094488185
20
-4.4409253937007875
11
6.6241783858267711
21
-4.4409253937007875
0
LINE
8
BLACK
6
CONTINUOUS
10
6.6241783858267711
20
-4.4409253937007875
11
6.6202074015748034
21
-4.4398613779527558
0
LINE
8
BLACK
6
CONTINUOUS
10
6.6202074015748034
20
-4.4398613779527558
11
6.6166470866141731
21
-4.4378058267716538
0
LINE
8
BLACK
6
CONTINUOUS
10
6.6166470866141731
20
-4.4378058267716538
11
6.613740157480315
21
-4.4348988976377948
0
LINE
8
BLACK
6
CONTINUOUS
10
6.613740157480315
20
-4.4348988976377948
11
6.6116846062992121
21
-4.4313385826771654
0
LINE
8
BLACK
6
CONTINUOUS
10
6.6116846062992121
20
-4.4313385826771654
11
6.6106205905511812
21
-4.4273675984251968
0
LINE
8
BLACK
6
CONTINUOUS
10
6.6106205905511812
20
-4.4273675984251968
11
6.6106205905511812
21
-4.4232565748031494
0
LINE
8
BLACK
6
CONTINUOUS
10
6.6106205905511812
20
-4.4232565748031494
11
6.6116846062992121
21
-4.4192855905511808
0
LINE
8
BLACK
6
CONTINUOUS
10
6.6116846062992121
20
-4.4192855905511808
11
6.613740157480315
21
-4.4157252755905514
0
LINE
8
BLACK
6
CONTINUOUS
10
6.613740157480315
20
-4.4157252755905514
11
6.6166470866141731
21
-4.4128183464566932
0
LINE
8
BLACK
6
CONTINUOUS
10
6.6166470866141731
20
-4.4128183464566932
11
6.6202074015748034
21
-4.4107627952755903
0
LINE
8
BLACK
6
CONTINUOUS
10
6.6202074015748034
20
-4.4107627952755903
11
6.6241783858267711
21
-4.4096987795275586
0
LINE
8
BLACK
6
CONTINUOUS
10
6.6241783858267711
20
-4.4096987795275586
11
6.6282894094488185
21
-4.4096987795275586
0
LINE
8
BLACK
6
CONTINUOUS
10
6.6282894094488185
20
-4.4096987795275586
11
6.6322603937007871
21
-4.4107627952755903
0
LINE
8
BLACK
6
CONTINUOUS
10
6.6322603937007871
20
-4.4107627952755903
11
6.6358207086614174
21
-4.4128183464566932
0
LINE
8
BLACK
6
CONTINUOUS
10
6.6358207086614174
20
-4.4128183464566932
11
6.6387276377952755
21
-4.4157252755905514
0
LINE
8
BLACK
6
CONTINUOUS
10
6.6387276377952755
20
-4.4157252755905514
11
6.6397165354330703
21
-4.417438070866142
0
LINE
8
BLACK
6
CONTINUOUS
10
6.6397165354330703
20
-4.417438070866142
11
6.8627361811023624
21
-4.417438070866142
0
LINE
8
BLACK
6
CONTINUOUS
10
6.8627361811023624
20
-4.417438070866142
11
6.9642820472440947
21
-4.315892165354331
0
LINE
8
BLACK
6
CONTINUOUS
10
6.9642820472440947
20
-4.315892165354331
11
6.9637701968503931
21
-4.3139817716535429
0
LINE
8
BLACK
6
CONTINUOUS
10
6.9637701968503931
20
-4.3139817716535429
11
6.9637701968503931
21
-4.3098707480314964
0
LINE
8
BLACK
6
CONTINUOUS
10
6.9637701968503931
20
-4.3098707480314964
11
6.9648342125984248
21
-4.3058997637795278
0
LINE
8
BLACK
6
CONTINUOUS
10
6.9648342125984248
20
-4.3058997637795278
11
6.9668897637795277
21
-4.3023394488188975
0
LINE
8
BLACK
6
CONTINUOUS
10
6.9668897637795277
20
-4.3023394488188975
11
6.9697966929133859
21
-4.2994325196850394
0
LINE
8
BLACK
6
CONTINUOUS
10
6.9697966929133859
20
-4.2994325196850394
11
6.9733570078740152
21
-4.2973769685039365
0
LINE
8
BLACK
6
CONTINUOUS
10
6.9733570078740152
20
-4.2973769685039365
11
6.9773279921259839
21
-4.2963129527559056
0
LINE
8
BLACK
6
CONTINUOUS
10
6.9773279921259839
20
-4.2963129527559056
11
6.9814390157480313
21
-4.2963129527559056
0
LINE
8
BLACK
6
CONTINUOUS
10
6.9814390157480313
20
-4.2963129527559056
11
6.9854099999999999
21
-4.2973769685039365
0
LINE
8
BLACK
6
CONTINUOUS
10
6.2548226377952751
20
-3.7020475984251968
11
6.2583829527559054
21
-3.7041031496062993
0
LINE
8
BLACK
6
CONTINUOUS
10
6.2583829527559054
20
-3.7041031496062993
11
6.2612898818897635
21
-3.7070100787401574
0
LINE
8
BLACK
6
CONTINUOUS
10
6.2612898818897635
20
-3.7070100787401574
11
6.2633454330708664
21
-3.7105703937007872
0
LINE
8
BLACK
6
CONTINUOUS
10
6.2633454330708664
20
-3.7105703937007872
11
6.2644094488188973
21
-3.7145413779527559
0
LINE
8
BLACK
6
CONTINUOUS
10
6.2644094488188973
20
-3.7145413779527559
11
6.2644094488188973
21
-3.7186524015748033
0
LINE
8
BLACK
6
CONTINUOUS
10
6.2644094488188973
20
-3.7186524015748033
11
6.2641081889763779
21
-3.719776653543307
0
LINE
8
BLACK
6
CONTINUOUS
10
6.2641081889763779
20
-3.719776653543307
11
6.2840285433070866
21
-3.719776653543307
0
LINE
8
BLACK
6
CONTINUOUS
10
6.2840285433070866
20
-3.719776653543307
11
6.28556468503937
21
-3.7199279527559055
0
LINE
8
BLACK
6
CONTINUOUS
10
6.28556468503937
20
-3.7199279527559055
11
6.2884031102362199
21
-3.721103661417323
0
LINE
8
BLACK
6
CONTINUOUS
10
6.2884031102362199
20
-3.721103661417323
11
6.2895962992125982
21
-3.7220829133858269
0
LINE
8
BLACK
6
CONTINUOUS
10
6.2895962992125982
20
-3.7220829133858269
11
6.3641087401574801
21
-3.79659531496063
0
LINE
8
BLACK
6
CONTINUOUS
10
6.3641087401574801
20
-3.79659531496063
11
6.365087992125984
21
-3.7977885433070866
0
LINE
8
BLACK
6
CONTINUOUS
10
6.365087992125984
20
-3.7977885433070866
11
6.3662637007874014
21
-3.8006269685039369
0
LINE
8
BLACK
6
CONTINUOUS
10
6.3662637007874014
20
-3.8006269685039369
11
6.3664149999999999
21
-3.8021631102362203
0
LINE
8
BLACK
6
CONTINUOUS
10
6.3664149999999999
20
-3.8021631102362203
11
6.3664149999999999
21
-4.4536506692913385
0
LINE
8
BLACK
6
CONTINUOUS
10
6.3664149999999999
20
-4.4536506692913385
11
6.3662637007874014
21
-4.4551868110236219
0
LINE
8
BLACK
6
CONTINUOUS
10
6.3662637007874014
20
-4.4551868110236219
11
6.365087992125984
21
-4.4580252362204726
0
LINE
8
BLACK
6
CONTINUOUS
10
6.365087992125984
20
-4.4580252362204726
11
6.3641087401574801
21
-4.4592184645669288
0
LINE
8
BLACK
6
CONTINUOUS
10
6.3641087401574801
20
-4.4592184645669288
11
6.3057762598425198
21
-4.5175509055118113
0
LINE
8
BLACK
6
CONTINUOUS
10
6.3057762598425198
20
-4.5175509055118113
11
6.3062881496062992
21
-4.5194612992125984
0
LINE
8
BLACK
6
CONTINUOUS
10
6.3062881496062992
20
-4.5194612992125984
11
6.3062881496062992
21
-4.5235723228346458
0
LINE
8
BLACK
6
CONTINUOUS
10
6.3062881496062992
20
-4.5235723228346458
11
6.3052241338582675
21
-4.5275433070866145
0
LINE
8
BLACK
6
CONTINUOUS
10
6.3052241338582675
20
-4.5275433070866145
11
6.3031685826771655
21
-4.5311036220472438
0
LINE
8
BLACK
6
CONTINUOUS
10
6.3031685826771655
20
-4.5311036220472438
11
6.3002616535433074
21
-4.534010551181102
0
LINE
8
BLACK
6
CONTINUOUS
10
6.3002616535433074
20
-4.534010551181102
11
6.2967013385826771
21
-4.5360661023622049
0
LINE
8
BLACK
6
CONTINUOUS
10
6.2967013385826771
20
-4.5360661023622049
11
6.2927303543307085
21
-4.5371301181102357
0
LINE
8
BLACK
6
CONTINUOUS
10
6.2927303543307085
20
-4.5371301181102357
11
6.2886193307086611
21
-4.5371301181102357
0
LINE
8
BLACK
6
CONTINUOUS
10
6.2886193307086611
20
-4.5371301181102357
11
6.2846483464566925
21
-4.5360661023622049
0
LINE
8
BLACK
6
CONTINUOUS
10
6.2846483464566925
20
-4.5360661023622049
11
6.2810880314960631
21
-4.534010551181102
0
LINE
8
BLACK
6
CONTINUOUS
10
6.2810880314960631
20
-4.534010551181102
11
6.2781811023622049
21
-4.5311036220472438
0
LINE
8
BLACK
6
CONTINUOUS
10
6.2781811023622049
20
-4.5311036220472438
11
6.276125551181102
21
-4.5275433070866145
0
LINE
8
BLACK
6
CONTINUOUS
10
6.276125551181102
20
-4.5275433070866145
11
6.2750615354330703
21
-4.5235723228346458
0
LINE
8
BLACK
6
CONTINUOUS
10
6.2750615354330703
20
-4.5235723228346458
11
6.2750615354330703
21
-4.5194612992125984
0
LINE
8
BLACK
6
CONTINUOUS
10
6.2750615354330703
20
-4.5194612992125984
11
6.276125551181102
21
-4.5154903149606298
0
LINE
8
BLACK
6
CONTINUOUS
10
6.276125551181102
20
-4.5154903149606298
11
6.2781811023622049
21
-4.5119299999999996
0
LINE
8
BLACK
6
CONTINUOUS
10
6.2781811023622049
20
-4.5119299999999996
11
6.2810880314960631
21
-4.5090230708661414
0
LINE
8
BLACK
6
CONTINUOUS
10
6.2810880314960631
20
-4.5090230708661414
11
6.2846483464566925
21
-4.5069675196850394
0
LINE
8
BLACK
6
CONTINUOUS
10
6.2846483464566925
20
-4.5069675196850394
11
6.2886193307086611
21
-4.5059035039370077
0
LINE
8
BLACK
6
CONTINUOUS
10
6.2886193307086611
20
-4.5059035039370077
11
6.2927303543307085
21
-4.5059035039370077
0
LINE
8
BLACK
6
CONTINUOUS
10
6.2927303543307085
20
-4.5059035039370077
11
6.2946407086614169
21
-4.5064153543307084
0
LINE
8
BLACK
6
CONTINUOUS
10
6.2946407086614169
20
-4.5064153543307084
11
6.350666968503937
21
-4.450389133858268
0
LINE
8
BLACK
6
CONTINUOUS
10
6.350666968503937
20
-4.450389133858268
11
6.350666968503937
21
-3.8054246062992125
0
LINE
8
BLACK
6
CONTINUOUS
10
6.350666968503937
20
-3.8054246062992125
11
6.280767047244094
21
-3.73552468503937
0
LINE
8
BLACK
6
CONTINUOUS
10
6.280767047244094
20
-3.73552468503937
11
6.2598499212598426
21
-3.73552468503937
0
LINE
8
BLACK
6
CONTINUOUS
10
6.2598499212598426
20
-3.73552468503937
11
6.2583137795275592
21
-3.7353733858267715
0
LINE
8
BLACK
6
CONTINUOUS
10
6.2583137795275592
20
-3.7353733858267715
11
6.2554753543307084
21
-3.7341976771653544
0
LINE
8
BLACK
6
CONTINUOUS
10
6.2554753543307084
20
-3.7341976771653544
11
6.2542821653543301
21
-3.7332184251968501
0
LINE
8
BLACK
6
CONTINUOUS
10
6.2542821653543301
20
-3.7332184251968501
11
6.2527620472440946
21
-3.7316983070866141
0
LINE
8
BLACK
6
CONTINUOUS
10
6.2527620472440946
20
-3.7316983070866141
11
6.2508516535433065
21
-3.7322101968503936
0
LINE
8
BLACK
6
CONTINUOUS
10
6.2508516535433065
20
-3.7322101968503936
11
6.24674062992126
21
-3.7322101968503936
0
LINE
8
BLACK
6
CONTINUOUS
10
6.24674062992126
20
-3.7322101968503936
11
6.2427696456692914
21
-3.7311461811023623
0
LINE
8
BLACK
6
CONTINUOUS
10
6.2427696456692914
20
-3.7311461811023623
11
6.2392093307086611
21
-3.7290906299212598
0
LINE
8
BLACK
6
CONTINUOUS
10
6.2392093307086611
20
-3.7290906299212598
11
6.236302401574803
21
-3.7261837007874017
0
LINE
8
BLACK
6
CONTINUOUS
10
6.236302401574803
20
-3.7261837007874017
11
6.234246850393701
21
-3.7226233858267714
0
LINE
8
BLACK
6
CONTINUOUS
10
6.234246850393701
20
-3.7226233858267714
11
6.2331828346456692
21
-3.7186524015748033
0
LINE
8
BLACK
6
CONTINUOUS
10
6.2331828346456692
20
-3.7186524015748033
11
6.2331828346456692
21
-3.7145413779527559
0
LINE
8
BLACK
6
CONTINUOUS
10
6.2331828346456692
20
-3.7145413779527559
11
6.234246850393701
21
-3.7105703937007872
0
LINE
8
BLACK
6
CONTINUOUS
10
6.234246850393701
20
-3.7105703937007872
11
6.236302401574803
21
-3.7070100787401574
0
LINE
8
BLACK
6
CONTINUOUS
10
6.236302401574803
20
-3.7070100787401574
11
6.2392093307086611
21
-3.7041031496062993
0
LINE
8
BLACK
6
CONTINUOUS
10
6.2392093307086611
20
-3.7041031496062993
11
6.2427696456692914
21
-3.7020475984251968
0
LINE
8
BLACK
6
CONTINUOUS
10
6.2427696456692914
20
-3.7020475984251968
11
6.24674062992126
21
-3.7009835826771651
0
LINE
8
BLACK
6
CONTINUOUS
10
6.24674062992126
20
-3.7009835826771651
11
6.2508516535433065
21
-3.7009835826771651
0
LINE
8
BLACK
6
CONTINUOUS
10
6.2508516535433065
20
-3.7009835826771651
11
6.2548226377952751
21
-3.7020475984251968
0
LINE
8
BLACK
6
CONTINUOUS
10
6.2876049212598426
20
-3.6461720472440944
11
6.2904433464566925
21
-3.6473477559055119
0
LINE
8
BLACK
6
CONTINUOUS
10
6.2904433464566925
20
-3.6473477559055119
11
6.2916365354330708
21
-3.6483270078740158
0
LINE
8
BLACK
6
CONTINUOUS
10
6.2916365354330708
20
-3.6483270078740158
11
6.3213131889763776
21
-3.6780036614173226
0
LINE
8
BLACK
6
CONTINUOUS
10
6.3213131889763776
20
-3.6780036614173226
11
6.3222924409448815
21
-3.6791968503937009
0
LINE
8
BLACK
6
CONTINUOUS
10
6.3222924409448815
20
-3.6791968503937009
11
6.323468149606299
21
-3.6820352755905512
0
LINE
8
BLACK
6
CONTINUOUS
10
6.323468149606299
20
-3.6820352755905512
11
6.3236194488188975
21
-3.6835714173228347
0
LINE
8
BLACK
6
CONTINUOUS
10
6.3236194488188975
20
-3.6835714173228347
11
6.3236194488188975
21
-3.6924565354330707
0
LINE
8
BLACK
6
CONTINUOUS
10
6.3236194488188975
20
-3.6924565354330707
11
6.3253322440944881
21
-3.6934454330708659
0
LINE
8
BLACK
6
CONTINUOUS
10
6.3253322440944881
20
-3.6934454330708659
11
6.3282391732283463
21
-3.6963523622047245
0
LINE
8
BLACK
6
CONTINUOUS
10
6.3282391732283463
20
-3.6963523622047245
11
6.3302947244094483
21
-3.6999126771653543
0
LINE
8
BLACK
6
CONTINUOUS
10
6.3302947244094483
20
-3.6999126771653543
11
6.33135874015748
21
-3.7038836614173229
0
LINE
8
BLACK
6
CONTINUOUS
10
6.33135874015748
20
-3.7038836614173229
11
6.33135874015748
21
-3.7079946850393699
0
LINE
8
BLACK
6
CONTINUOUS
10
6.33135874015748
20
-3.7079946850393699
11
6.3302947244094483
21
-3.7119656692913385
0
LINE
8
BLACK
6
CONTINUOUS
10
6.3302947244094483
20
-3.7119656692913385
11
6.3282391732283463
21
-3.7155259842519683
0
LINE
8
BLACK
6
CONTINUOUS
10
6.3282391732283463
20
-3.7155259842519683
11
6.3253322440944881
21
-3.7184329133858265
0
LINE
8
BLACK
6
CONTINUOUS
10
6.3253322440944881
20
-3.7184329133858265
11
6.3217719291338579
21
-3.7204884645669289
0
LINE
8
BLACK
6
CONTINUOUS
10
6.3217719291338579
20
-3.7204884645669289
11
6.3178009448818893
21
-3.7215524803149607
0
LINE
8
BLACK
6
CONTINUOUS
10
6.3178009448818893
20
-3.7215524803149607
11
6.3136899212598427
21
-3.7215524803149607
0
LINE
8
BLACK
6
CONTINUOUS
10
6.3136899212598427
20
-3.7215524803149607
11
6.3097189370078741
21
-3.7204884645669289
0
LINE
8
BLACK
6
CONTINUOUS
10
6.3097189370078741
20
-3.7204884645669289
11
6.3061586220472439
21
-3.7184329133858265
0
LINE
8
BLACK
6
CONTINUOUS
10
6.3061586220472439
20
-3.7184329133858265
11
6.3032516929133857
21
-3.7155259842519683
0
LINE
8
BLACK
6
CONTINUOUS
10
6.3032516929133857
20
-3.7155259842519683
11
6.3011961417322837
21
-3.7119656692913385
0
LINE
8
BLACK
6
CONTINUOUS
10
6.3011961417322837
20
-3.7119656692913385
11
6.300132125984252
21
-3.7079946850393699
0
LINE
8
BLACK
6
CONTINUOUS
10
6.300132125984252
20
-3.7079946850393699
11
6.300132125984252
21
-3.7038836614173229
0
LINE
8
BLACK
6
CONTINUOUS
10
6.300132125984252
20
-3.7038836614173229
11
6.3011961417322837
21
-3.6999126771653543
0
LINE
8
BLACK
6
CONTINUOUS
10
6.3011961417322837
20
-3.6999126771653543
11
6.3032516929133857
21
-3.6963523622047245
0
LINE
8
BLACK
6
CONTINUOUS
10
6.3032516929133857
20
-3.6963523622047245
11
6.3061586220472439
21
-3.6934454330708659
0
LINE
8
BLACK
6
CONTINUOUS
10
6.3061586220472439
20
-3.6934454330708659
11
6.3078714173228345
21
-3.6924565354330707
0
LINE
8
BLACK
6
CONTINUOUS
10
6.3078714173228345
20
-3.6924565354330707
11
6.3078714173228345
21
-3.6868329133858269
0
LINE
8
BLACK
6
CONTINUOUS
10
6.3078714173228345
20
-3.6868329133858269
11
6.2828072834645665
21
-3.6617687795275589
0
LINE
8
BLACK
6
CONTINUOUS
10
6.2828072834645665
20
-3.6617687795275589
11
6.2275584251968503
21
-3.6617687795275589
0
LINE
8
BLACK
6
CONTINUOUS
10
6.2275584251968503
20
-3.6617687795275589
11
6.2011709055118107
21
-3.6881562598425197
0
LINE
8
BLACK
6
CONTINUOUS
10
6.2011709055118107
20
-3.6881562598425197
11
6.2011709055118107
21
-3.7364707086614173
0
LINE
8
BLACK
6
CONTINUOUS
10
6.2011709055118107
20
-3.7364707086614173
11
6.2908646456692914
21
-3.8261644488188975
0
LINE
8
BLACK
6
CONTINUOUS
10
6.2908646456692914
20
-3.8261644488188975
11
6.2918438976377953
21
-3.8273576771653541
0
LINE
8
BLACK
6
CONTINUOUS
10
6.2918438976377953
20
-3.8273576771653541
11
6.2930196062992128
21
-3.8301961023622044
0
LINE
8
BLACK
6
CONTINUOUS
10
6.2930196062992128
20
-3.8301961023622044
11
6.2931709055118112
21
-3.8317322440944883
0
LINE
8
BLACK
6
CONTINUOUS
10
6.2931709055118112
20
-3.8317322440944883
11
6.2931709055118112
21
-4.0508947637795272
0
LINE
8
BLACK
6
CONTINUOUS
10
6.2931709055118112
20
-4.0508947637795272
11
6.2930196062992128
21
-4.0524309055118106
0
LINE
8
BLACK
6
CONTINUOUS
10
6.2930196062992128
20
-4.0524309055118106
11
6.2918438976377953
21
-4.0552693307086614
0
LINE
8
BLACK
6
CONTINUOUS
10
6.2918438976377953
20
-4.0552693307086614
11
6.2908646456692914
21
-4.0564625590551184
0
LINE
8
BLACK
6
CONTINUOUS
10
6.2908646456692914
20
-4.0564625590551184
11
5.9037762598425196
21
-4.4435508661417318
0
LINE
8
BLACK
6
CONTINUOUS
10
5.9037762598425196
20
-4.4435508661417318
11
5.9042881496062991
21
-4.4454612992125986
0
LINE
8
BLACK
6
CONTINUOUS
10
5.9042881496062991
20
-4.4454612992125986
11
5.9042881496062991
21
-4.449572322834646
0
LINE
8
BLACK
6
CONTINUOUS
10
5.9042881496062991
20
-4.449572322834646
11
5.9032241338582674
21
-4.4535433070866137
0
LINE
8
BLACK
6
CONTINUOUS
10
5.9032241338582674
20
-4.4535433070866137
11
5.9011685826771654
21
-4.457103622047244
0
LINE
8
BLACK
6
CONTINUOUS
10
5.9011685826771654
20
-4.457103622047244
11
5.8982616535433072
21
-4.4600105511811021
0
LINE
8
BLACK
6
CONTINUOUS
10
5.8982616535433072
20
-4.4600105511811021
11
5.894701338582677
21
-4.462066102362205
0
LINE
8
BLACK
6
CONTINUOUS
10
5.894701338582677
20
-4.462066102362205
11
5.8907303543307084
21
-4.4631301181102359
0
LINE
8
BLACK
6
CONTINUOUS
10
5.8907303543307084
20
-4.4631301181102359
11
5.8866193307086609
21
-4.4631301181102359
0
LINE
8
BLACK
6
CONTINUOUS
10
5.8866193307086609
20
-4.4631301181102359
11
5.8826483464566932
21
-4.462066102362205
0
LINE
8
BLACK
6
CONTINUOUS
10
5.8826483464566932
20
-4.462066102362205
11
5.879088031496063
21
-4.4600105511811021
0
LINE
8
BLACK
6
CONTINUOUS
10
5.879088031496063
20
-4.4600105511811021
11
5.8761811023622048
21
-4.457103622047244
0
LINE
8
BLACK
6
CONTINUOUS
10
5.8761811023622048
20
-4.457103622047244
11
5.8741255511811019
21
-4.4535433070866137
0
LINE
8
BLACK
6
CONTINUOUS
10
5.8741255511811019
20
-4.4535433070866137
11
5.8730615354330711
21
-4.449572322834646
0
LINE
8
BLACK
6
CONTINUOUS
10
5.8730615354330711
20
-4.449572322834646
11
5.8730615354330711
21
-4.4454612992125986
0
LINE
8
BLACK
6
CONTINUOUS
10
5.8730615354330711
20
-4.4454612992125986
11
5.8741255511811019
21
-4.44149031496063
0
LINE
8
BLACK
6
CONTINUOUS
10
5.8741255511811019
20
-4.44149031496063
11
5.8761811023622048
21
-4.4379299999999997
0
LINE
8
BLACK
6
CONTINUOUS
10
5.8761811023622048
20
-4.4379299999999997
11
5.879088031496063
21
-4.4350230708661416
0
LINE
8
BLACK
6
CONTINUOUS
10
5.879088031496063
20
-4.4350230708661416
11
5.8826483464566932
21
-4.4329675196850395
0
LINE
8
BLACK
6
CONTINUOUS
10
5.8826483464566932
20
-4.4329675196850395
11
5.8866193307086609
21
-4.4319035039370078
0
LINE
8
BLACK
6
CONTINUOUS
10
5.8866193307086609
20
-4.4319035039370078
11
5.8907303543307084
21
-4.4319035039370078
0
LINE
8
BLACK
6
CONTINUOUS
10
5.8907303543307084
20
-4.4319035039370078
11
5.8926407480314955
21
-4.4324153543307085
0
LINE
8
BLACK
6
CONTINUOUS
10
5.8926407480314955
20
-4.4324153543307085
11
6.2774228740157483
21
-4.0476332283464567
0
LINE
8
BLACK
6
CONTINUOUS
10
6.2774228740157483
20
-4.0476332283464567
11
6.2774228740157483
21
-3.8349937401574801
0
LINE
8
BLACK
6
CONTINUOUS
10
6.2774228740157483
20
-3.8349937401574801
11
6.1877291338582676
21
-3.7452999999999999
0
LINE
8
BLACK
6
CONTINUOUS
10
6.1877291338582676
20
-3.7452999999999999
11
6.1867498818897637
21
-3.744106811023622
0
LINE
8
BLACK
6
CONTINUOUS
10
6.1867498818897637
20
-3.744106811023622
11
6.1855741732283462
21
-3.7412683858267717
0
LINE
8
BLACK
6
CONTINUOUS
10
6.1855741732283462
20
-3.7412683858267717
11
6.1854228740157478
21
-3.7397322440944882
0
LINE
8
BLACK
6
CONTINUOUS
10
6.1854228740157478
20
-3.7397322440944882
11
6.1854228740157478
21
-3.6848947637795275
0
LINE
8
BLACK
6
CONTINUOUS
10
6.1854228740157478
20
-3.6848947637795275
11
6.1855741732283462
21
-3.6833586220472441
0
LINE
8
BLACK
6
CONTINUOUS
10
6.1855741732283462
20
-3.6833586220472441
11
6.1867498818897637
21
-3.6805201968503938
0
LINE
8
BLACK
6
CONTINUOUS
10
6.1867498818897637
20
-3.6805201968503938
11
6.1877291338582676
21
-3.6793270078740155
0
LINE
8
BLACK
6
CONTINUOUS
10
6.1877291338582676
20
-3.6793270078740155
11
6.2187291338582673
21
-3.648326968503937
0
LINE
8
BLACK
6
CONTINUOUS
10
6.2187291338582673
20
-3.648326968503937
11
6.2199223228346456
21
-3.6473477559055119
0
LINE
8
BLACK
6
CONTINUOUS
10
6.2199223228346456
20
-3.6473477559055119
11
6.2227607480314955
21
-3.6461720472440944
0
LINE
8
BLACK
6
CONTINUOUS
10
6.2227607480314955
20
-3.6461720472440944
11
6.2242968897637798
21
-3.6460207480314959
0
LINE
8
BLACK
6
CONTINUOUS
10
6.2242968897637798
20
-3.6460207480314959
11
6.2860687795275592
21
-3.6460207480314959
0
LINE
8
BLACK
6
CONTINUOUS
10
6.2860687795275592
20
-3.6460207480314959
11
6.2876049212598426
21
-3.6461720472440944
0
LINE
8
BLACK
6
CONTINUOUS
10
6.2666848031496061
20
-3.6697940944881888
11
6.2695232283464568
21
-3.6709698031496063
0
LINE
8
BLACK
6
CONTINUOUS
10
6.2695232283464568
20
-3.6709698031496063
11
6.2707164173228342
21
-3.6719490551181102
0
LINE
8
BLACK
6
CONTINUOUS
10
6.2707164173228342
20
-3.6719490551181102
11
6.2751564566929137
21
-3.6763890944881887
0
LINE
8
BLACK
6
CONTINUOUS
10
6.2751564566929137
20
-3.6763890944881887
11
6.2770668897637796
21
-3.675877244094488
0
LINE
8
BLACK
6
CONTINUOUS
10
6.2770668897637796
20
-3.675877244094488
11
6.281177913385827
21
-3.675877244094488
0
LINE
8
BLACK
6
CONTINUOUS
10
6.281177913385827
20
-3.675877244094488
11
6.2851488976377947
21
-3.6769412598425197
0
LINE
8
BLACK
6
CONTINUOUS
10
6.2851488976377947
20
-3.6769412598425197
11
6.288709212598425
21
-3.6789968110236217
0
LINE
8
BLACK
6
CONTINUOUS
10
6.288709212598425
20
-3.6789968110236217
11
6.2916161417322831
21
-3.6819037401574803
0
LINE
8
BLACK
6
CONTINUOUS
10
6.2916161417322831
20
-3.6819037401574803
11
6.293671692913386
21
-3.6854640551181101
0
LINE
8
BLACK
6
CONTINUOUS
10
6.293671692913386
20
-3.6854640551181101
11
6.2947357086614169
21
-3.6894350393700788
0
LINE
8
BLACK
6
CONTINUOUS
10
6.2947357086614169
20
-3.6894350393700788
11
6.2947357086614169
21
-3.6935460629921257
0
LINE
8
BLACK
6
CONTINUOUS
10
6.2947357086614169
20
-3.6935460629921257
11
6.293671692913386
21
-3.6975170472440944
0
LINE
8
BLACK
6
CONTINUOUS
10
6.293671692913386
20
-3.6975170472440944
11
6.2916161417322831
21
-3.7010773622047242
0
LINE
8
BLACK
6
CONTINUOUS
10
6.2916161417322831
20
-3.7010773622047242
11
6.288709212598425
21
-3.7039842913385828
0
LINE
8
BLACK
6
CONTINUOUS
10
6.288709212598425
20
-3.7039842913385828
11
6.2851488976377947
21
-3.7060398425196848
0
LINE
8
BLACK
6
CONTINUOUS
10
6.2851488976377947
20
-3.7060398425196848
11
6.281177913385827
21
-3.7071038582677165
0
LINE
8
BLACK
6
CONTINUOUS
10
6.281177913385827
20
-3.7071038582677165
11
6.2770668897637796
21
-3.7071038582677165
0
LINE
8
BLACK
6
CONTINUOUS
10
6.2770668897637796
20
-3.7071038582677165
11
6.273095905511811
21
-3.7060398425196848
0
LINE
8
BLACK
6
CONTINUOUS
10
6.273095905511811
20
-3.7060398425196848
11
6.2695355905511807
21
-3.7039842913385828
0
LINE
8
BLACK
6
CONTINUOUS
10
6.2695355905511807
20
-3.7039842913385828
11
6.2666286614173226
21
-3.7010773622047242
0
LINE
8
BLACK
6
CONTINUOUS
10
6.2666286614173226
20
-3.7010773622047242
11
6.2645731102362205
21
-3.6975170472440944
0
LINE
8
BLACK
6
CONTINUOUS
10
6.2645731102362205
20
-3.6975170472440944
11
6.2635090944881888
21
-3.6935460629921257
0
LINE
8
BLACK
6
CONTINUOUS
10
6.2635090944881888
20
-3.6935460629921257
11
6.2635090944881888
21
-3.6894350393700788
0
LINE
8
BLACK
6
CONTINUOUS
10
6.2635090944881888
20
-3.6894350393700788
11
6.2640209448818895
21
-3.6875246062992124
0
LINE
8
BLACK
6
CONTINUOUS
10
6.2640209448818895
20
-3.6875246062992124
11
6.2618871653543309
21
-3.6853908267716533
0
LINE
8
BLACK
6
CONTINUOUS
10
6.2618871653543309
20
-3.6853908267716533
11
6.237342992125984
21
-3.6853908267716533
0
LINE
8
BLACK
6
CONTINUOUS
10
6.237342992125984
20
-3.6853908267716533
11
6.2247929527559052
21
-3.6979408267716534
0
LINE
8
BLACK
6
CONTINUOUS
10
6.2247929527559052
20
-3.6979408267716534
11
6.2247929527559052
21
-3.7266861811023619
0
LINE
8
BLACK
6
CONTINUOUS
10
6.2247929527559052
20
-3.7266861811023619
11
6.3404866929133856
21
-3.8423799212598424
0
LINE
8
BLACK
6
CONTINUOUS
10
6.3404866929133856
20
-3.8423799212598424
11
6.3414659448818895
21
-3.8435731102362203
0
LINE
8
BLACK
6
CONTINUOUS
10
6.3414659448818895
20
-3.8435731102362203
11
6.342641653543307
21
-3.8464115354330706
0
LINE
8
BLACK
6
CONTINUOUS
10
6.342641653543307
20
-3.8464115354330706
11
6.3427929527559055
21
-3.8479476771653545
0
LINE
8
BLACK
6
CONTINUOUS
10
6.3427929527559055
20
-3.8479476771653545
11
6.3427929527559055
21
-4.1672727165354333
0
LINE
8
BLACK
6
CONTINUOUS
10
6.3427929527559055
20
-4.1672727165354333
11
6.342641653543307
21
-4.1688088582677167
0
LINE
8
BLACK
6
CONTINUOUS
10
6.342641653543307
20
-4.1688088582677167
11
6.3414659448818895
21
-4.1716472834645666
0
LINE
8
BLACK
6
CONTINUOUS
10
6.3414659448818895
20
-4.1716472834645666
11
6.3404867322834644
21
-4.1728404724409449
0
LINE
8
BLACK
6
CONTINUOUS
10
6.3404867322834644
20
-4.1728404724409449
11
6.2047762598425198
21
-4.308550866141732
0
LINE
8
BLACK
6
CONTINUOUS
10
6.2047762598425198
20
-4.308550866141732
11
6.2052881496062993
21
-4.3104612992125979
0
LINE
8
BLACK
6
CONTINUOUS
10
6.2052881496062993
20
-4.3104612992125979
11
6.2052881496062993
21
-4.3145723228346453
0
LINE
8
BLACK
6
CONTINUOUS
10
6.2052881496062993
20
-4.3145723228346453
11
6.2042241338582675
21
-4.3185433070866139
0
LINE
8
BLACK
6
CONTINUOUS
10
6.2042241338582675
20
-4.3185433070866139
11
6.2021685826771655
21
-4.3221036220472442
0
LINE
8
BLACK
6
CONTINUOUS
10
6.2021685826771655
20
-4.3221036220472442
11
6.1992616535433074
21
-4.3250105511811023
0
LINE
8
BLACK
6
CONTINUOUS
10
6.1992616535433074
20
-4.3250105511811023
11
6.1957013385826771
21
-4.3270661023622043
0
LINE
8
BLACK
6
CONTINUOUS
10
6.1957013385826771
20
-4.3270661023622043
11
6.1917303543307085
21
-4.3281301181102361
0
LINE
8
BLACK
6
CONTINUOUS
10
6.1917303543307085
20
-4.3281301181102361
11
6.1876193307086611
21
-4.3281301181102361
0
LINE
8
BLACK
6
CONTINUOUS
10
6.1876193307086611
20
-4.3281301181102361
11
6.1836483464566925
21
-4.3270661023622043
0
LINE
8
BLACK
6
CONTINUOUS
10
6.1836483464566925
20
-4.3270661023622043
11
6.1800880314960631
21
-4.3250105511811023
0
LINE
8
BLACK
6
CONTINUOUS
10
6.1800880314960631
20
-4.3250105511811023
11
6.177181102362205
21
-4.3221036220472442
0
LINE
8
BLACK
6
CONTINUOUS
10
6.177181102362205
20
-4.3221036220472442
11
6.1751255511811021
21
-4.3185433070866139
0
LINE
8
BLACK
6
CONTINUOUS
10
6.1751255511811021
20
-4.3185433070866139
11
6.1740615354330703
21
-4.3145723228346453
0
LINE
8
BLACK
6
CONTINUOUS
10
6.1740615354330703
20
-4.3145723228346453
11
6.1740615354330703
21
-4.3104612992125979
0
LINE
8
BLACK
6
CONTINUOUS
10
6.1740615354330703
20
-4.3104612992125979
11
6.1751255511811021
21
-4.3064903149606302
0
LINE
8
BLACK
6
CONTINUOUS
10
6.1751255511811021
20
-4.3064903149606302
11
6.177181102362205
21
-4.3029299999999999
0
LINE
8
BLACK
6
CONTINUOUS
10
6.177181102362205
20
-4.3029299999999999
11
6.1800880314960631
21
-4.3000230708661418
0
LINE
8
BLACK
6
CONTINUOUS
10
6.1800880314960631
20
-4.3000230708661418
11
6.1836483464566925
21
-4.2979675196850389
0
LINE
8
BLACK
6
CONTINUOUS
10
6.1836483464566925
20
-4.2979675196850389
11
6.1876193307086611
21
-4.296903503937008
0
LINE
8
BLACK
6
CONTINUOUS
10
6.1876193307086611
20
-4.296903503937008
11
6.1917303543307085
21
-4.296903503937008
0
LINE
8
BLACK
6
CONTINUOUS
10
6.1917303543307085
20
-4.296903503937008
11
6.1936407480314957
21
-4.2974153543307088
0
LINE
8
BLACK
6
CONTINUOUS
10
6.1936407480314957
20
-4.2974153543307088
11
6.3270449212598425
21
-4.1640111811023619
0
LINE
8
BLACK
6
CONTINUOUS
10
6.3270449212598425
20
-4.1640111811023619
11
6.3270449212598425
21
-3.8512091732283462
0
LINE
8
BLACK
6
CONTINUOUS
10
6.3270449212598425
20
-3.8512091732283462
11
6.2113511811023621
21
-3.7355154330708662
0
LINE
8
BLACK
6
CONTINUOUS
10
6.2113511811023621
20
-3.7355154330708662
11
6.2103719291338582
21
-3.7343222440944883
0
LINE
8
BLACK
6
CONTINUOUS
10
6.2103719291338582
20
-3.7343222440944883
11
6.2091962204724407
21
-3.7314838188976376
0
LINE
8
BLACK
6
CONTINUOUS
10
6.2091962204724407
20
-3.7314838188976376
11
6.2090449212598422
21
-3.7299476771653541
0
LINE
8
BLACK
6
CONTINUOUS
10
6.2090449212598422
20
-3.7299476771653541
11
6.2090449212598422
21
-3.6946793307086612
0
LINE
8
BLACK
6
CONTINUOUS
10
6.2090449212598422
20
-3.6946793307086612
11
6.2091962204724407
21
-3.6931431889763777
0
LINE
8
BLACK
6
CONTINUOUS
10
6.2091962204724407
20
-3.6931431889763777
11
6.2103719291338582
21
-3.6903047637795274
0
LINE
8
BLACK
6
CONTINUOUS
10
6.2103719291338582
20
-3.6903047637795274
11
6.2113511811023621
21
-3.6891115748031496
0
LINE
8
BLACK
6
CONTINUOUS
10
6.2113511811023621
20
-3.6891115748031496
11
6.2285136614173231
21
-3.6719490551181102
0
LINE
8
BLACK
6
CONTINUOUS
10
6.2285136614173231
20
-3.6719490551181102
11
6.2297068897637793
21
-3.6709698031496063
0
LINE
8
BLACK
6
CONTINUOUS
10
6.2297068897637793
20
-3.6709698031496063
11
6.23254531496063
21
-3.6697940944881888
0
LINE
8
BLACK
6
CONTINUOUS
10
6.23254531496063
20
-3.6697940944881888
11
6.2340814566929135
21
-3.6696427952755903
0
LINE
8
BLACK
6
CONTINUOUS
10
6.2340814566929135
20
-3.6696427952755903
11
6.2651486614173226
21
-3.6696427952755903
0
LINE
8
BLACK
6
CONTINUOUS
10
6.2651486614173226
20
-3.6696427952755903
11
6.2666848031496061
21
-3.6697940944881888
0
LINE
8
BLACK
6
CONTINUOUS
10
6.0337631102362206
20
-3.4429596456692915
11
6.0373234251968499
21
-3.4450151968503935
0
LINE
8
BLACK
6
CONTINUOUS
10
6.0373234251968499
20
-3.4450151968503935
11
6.0387885039370079
21
-3.446480275590551
0
LINE
8
BLACK
6
CONTINUOUS
10
6.0387885039370079
20
-3.446480275590551
11
6.0805123228346458
21
-3.446480275590551
0
LINE
8
BLACK
6
CONTINUOUS
10
6.0805123228346458
20
-3.446480275590551
11
6.0820484645669293
21
-3.4466315748031495
0
LINE
8
BLACK
6
CONTINUOUS
10
6.0820484645669293
20
-3.4466315748031495
11
6.0848868897637791
21
-3.447807283464567
0
LINE
8
BLACK
6
CONTINUOUS
10
6.0848868897637791
20
-3.447807283464567
11
6.0860800787401574
21
-3.4487865354330709
0
LINE
8
BLACK
6
CONTINUOUS
10
6.0860800787401574
20
-3.4487865354330709
11
6.1712425984251968
21
-3.5339490551181103
0
LINE
8
BLACK
6
CONTINUOUS
10
6.1712425984251968
20
-3.5339490551181103
11
6.1722218503937007
21
-3.5351422440944882
0
LINE
8
BLACK
6
CONTINUOUS
10
6.1722218503937007
20
-3.5351422440944882
11
6.1733975590551182
21
-3.5379806692913385
0
LINE
8
BLACK
6
CONTINUOUS
10
6.1733975590551182
20
-3.5379806692913385
11
6.1735488582677167
21
-3.5395168110236219
0
LINE
8
BLACK
6
CONTINUOUS
10
6.1735488582677167
20
-3.5395168110236219
11
6.1735488582677167
21
-3.7422552755905509
0
LINE
8
BLACK
6
CONTINUOUS
10
6.1735488582677167
20
-3.7422552755905509
11
6.2672425984251969
21
-3.8359490157480316
0
LINE
8
BLACK
6
CONTINUOUS
10
6.2672425984251969
20
-3.8359490157480316
11
6.2682218503937008
21
-3.8371422440944882
0
LINE
8
BLACK
6
CONTINUOUS
10
6.2682218503937008
20
-3.8371422440944882
11
6.2693975590551183
21
-3.8399806692913385
0
LINE
8
BLACK
6
CONTINUOUS
10
6.2693975590551183
20
-3.8399806692913385
11
6.2695488582677168
21
-3.841516811023622
0
LINE
8
BLACK
6
CONTINUOUS
10
6.2695488582677168
20
-3.841516811023622
11
6.2695488582677168
21
-4.0315168110236224
0
LINE
8
BLACK
6
CONTINUOUS
10
6.2695488582677168
20
-4.0315168110236224
11
6.2693975590551183
21
-4.0330529527559058
0
LINE
8
BLACK
6
CONTINUOUS
10
6.2693975590551183
20
-4.0330529527559058
11
6.2682218503937008
21
-4.0358913779527557
0
LINE
8
BLACK
6
CONTINUOUS
10
6.2682218503937008
20
-4.0358913779527557
11
6.2672425984251969
21
-4.0370846062992127
0
LINE
8
BLACK
6
CONTINUOUS
10
6.2672425984251969
20
-4.0370846062992127
11
6.0192426771653542
21
-4.2850844881889767
0
LINE
8
BLACK
6
CONTINUOUS
10
6.0192426771653542
20
-4.2850844881889767
11
6.0180494881889759
21
-4.2860637401574806
0
LINE
8
BLACK
6
CONTINUOUS
10
6.0180494881889759
20
-4.2860637401574806
11
6.015211062992126
21
-4.2872394488188972
0
LINE
8
BLACK
6
CONTINUOUS
10
6.015211062992126
20
-4.2872394488188972
11
6.0136749212598426
21
-4.2873907480314957
0
LINE
8
BLACK
6
CONTINUOUS
10
6.0136749212598426
20
-4.2873907480314957
11
5.9101574803149601
21
-4.2873907480314957
0
LINE
8
BLACK
6
CONTINUOUS
10
5.9101574803149601
20
-4.2873907480314957
11
5.9091685826771654
21
-4.2891035433070863
0
LINE
8
BLACK
6
CONTINUOUS
10
5.9091685826771654
20
-4.2891035433070863
11
5.9062616535433072
21
-4.2920104724409445
0
LINE
8
BLACK
6
CONTINUOUS
10
5.9062616535433072
20
-4.2920104724409445
11
5.902701338582677
21
-4.2940660236220474
0
LINE
8
BLACK
6
CONTINUOUS
10
5.902701338582677
20
-4.2940660236220474
11
5.8987303543307084
21
-4.2951300393700782
0
LINE
8
BLACK
6
CONTINUOUS
10
5.8987303543307084
20
-4.2951300393700782
11
5.894619330708661
21
-4.2951300393700782
0
LINE
8
BLACK
6
CONTINUOUS
10
5.894619330708661
20
-4.2951300393700782
11
5.8906483464566932
21
-4.2940660236220474
0
LINE
8
BLACK
6
CONTINUOUS
10
5.8906483464566932
20
-4.2940660236220474
11
5.887088031496063
21
-4.2920104724409445
0
LINE
8
BLACK
6
CONTINUOUS
10
5.887088031496063
20
-4.2920104724409445
11
5.8841811023622048
21
-4.2891035433070863
0
LINE
8
BLACK
6
CONTINUOUS
10
5.8841811023622048
20
-4.2891035433070863
11
5.8821255511811019
21
-4.285543228346457
0
LINE
8
BLACK
6
CONTINUOUS
10
5.8821255511811019
20
-4.285543228346457
11
5.8810615354330711
21
-4.2815722440944883
0
LINE
8
BLACK
6
CONTINUOUS
10
5.8810615354330711
20
-4.2815722440944883
11
5.8810615354330711
21
-4.2774612204724409
0
LINE
8
BLACK
6
CONTINUOUS
10
5.8810615354330711
20
-4.2774612204724409
11
5.8821255511811019
21
-4.2734902362204723
0
LINE
8
BLACK
6
CONTINUOUS
10
5.8821255511811019
20
-4.2734902362204723
11
5.8841811023622048
21
-4.2699299212598421
0
LINE
8
BLACK
6
CONTINUOUS
10
5.8841811023622048
20
-4.2699299212598421
11
5.887088031496063
21
-4.2670229921259839
0
LINE
8
BLACK
6
CONTINUOUS
10
5.887088031496063
20
-4.2670229921259839
11
5.8906483464566932
21
-4.2649674409448819
0
LINE
8
BLACK
6
CONTINUOUS
10
5.8906483464566932
20
-4.2649674409448819
11
5.894619330708661
21
-4.2639034251968502
0
LINE
8
BLACK
6
CONTINUOUS
10
5.894619330708661
20
-4.2639034251968502
11
5.8987303543307084
21
-4.2639034251968502
0
LINE
8
BLACK
6
CONTINUOUS
10
5.8987303543307084
20
-4.2639034251968502
11
5.902701338582677
21
-4.2649674409448819
0
LINE
8
BLACK
6
CONTINUOUS
10
5.902701338582677
20
-4.2649674409448819
11
5.9062616535433072
21
-4.2670229921259839
0
LINE
8
BLACK
6
CONTINUOUS
10
5.9062616535433072
20
-4.2670229921259839
11
5.9091685826771654
21
-4.2699299212598421
0
LINE
8
BLACK
6
CONTINUOUS
10
5.9091685826771654
20
-4.2699299212598421
11
5.9101574803149601
21
-4.2716427165354327
0
LINE
8
BLACK
6
CONTINUOUS
10
5.9101574803149601
20
-4.2716427165354327
11
6.01041342519685
21
-4.2716427165354327
0
LINE
8
BLACK
6
CONTINUOUS
10
6.01041342519685
20
-4.2716427165354327
11
6.2538008267716538
21
-4.028255275590551
0
LINE
8
BLACK
6
CONTINUOUS
10
6.2538008267716538
20
-4.028255275590551
11
6.2538008267716538
21
-3.8447783070866142
0
LINE
8
BLACK
6
CONTINUOUS
10
6.2538008267716538
20
-3.8447783070866142
11
6.1601070866141727
21
-3.7510845669291339
0
LINE
8
BLACK
6
CONTINUOUS
10
6.1601070866141727
20
-3.7510845669291339
11
6.1591278346456688
21
-3.7498913779527556
0
LINE
8
BLACK
6
CONTINUOUS
10
6.1591278346456688
20
-3.7498913779527556
11
6.1579521259842522
21
-3.7470529527559053
0
LINE
8
BLACK
6
CONTINUOUS
10
6.1579521259842522
20
-3.7470529527559053
11
6.1578008267716537
21
-3.7455168110236219
0
LINE
8
BLACK
6
CONTINUOUS
10
6.1578008267716537
20
-3.7455168110236219
11
6.1578008267716537
21
-3.5427783070866141
0
LINE
8
BLACK
6
CONTINUOUS
10
6.1578008267716537
20
-3.5427783070866141
11
6.0772508267716532
21
-3.462228307086614
0
LINE
8
BLACK
6
CONTINUOUS
10
6.0772508267716532
20
-3.462228307086614
11
6.0426361417322836
21
-3.462228307086614
0
LINE
8
BLACK
6
CONTINUOUS
10
6.0426361417322836
20
-3.462228307086614
11
6.042285905511811
21
-3.4635354330708661
0
LINE
8
BLACK
6
CONTINUOUS
10
6.042285905511811
20
-3.4635354330708661
11
6.0402303543307081
21
-3.4670957480314959
0
LINE
8
BLACK
6
CONTINUOUS
10
6.0402303543307081
20
-3.4670957480314959
11
6.0373234251968499
21
-3.470002677165354
0
LINE
8
BLACK
6
CONTINUOUS
10
6.0373234251968499
20
-3.470002677165354
11
6.0337631102362206
21
-3.4720582283464565
0
LINE
8
BLACK
6
CONTINUOUS
10
6.0337631102362206
20
-3.4720582283464565
11
6.029792125984252
21
-3.4731222440944882
0
LINE
8
BLACK
6
CONTINUOUS
10
6.029792125984252
20
-3.4731222440944882
11
6.0256811023622046
21
-3.4731222440944882
0
LINE
8
BLACK
6
CONTINUOUS
10
6.0256811023622046
20
-3.4731222440944882
11
6.0217101181102359
21
-3.4720582283464565
0
LINE
8
BLACK
6
CONTINUOUS
10
6.0217101181102359
20
-3.4720582283464565
11
6.0181498031496066
21
-3.470002677165354
0
LINE
8
BLACK
6
CONTINUOUS
10
6.0181498031496066
20
-3.470002677165354
11
6.0152428740157475
21
-3.4670957480314959
0
LINE
8
BLACK
6
CONTINUOUS
10
6.0152428740157475
20
-3.4670957480314959
11
6.0131873228346455
21
-3.4635354330708661
0
LINE
8
BLACK
6
CONTINUOUS
10
6.0131873228346455
20
-3.4635354330708661
11
6.0121233070866138
21
-3.4595644488188975
0
LINE
8
BLACK
6
CONTINUOUS
10
6.0121233070866138
20
-3.4595644488188975
11
6.0121233070866138
21
-3.4554534251968505
0
LINE
8
BLACK
6
CONTINUOUS
10
6.0121233070866138
20
-3.4554534251968505
11
6.0131873228346455
21
-3.4514824409448819
0
LINE
8
BLACK
6
CONTINUOUS
10
6.0131873228346455
20
-3.4514824409448819
11
6.0152428740157475
21
-3.4479221259842521
0
LINE
8
BLACK
6
CONTINUOUS
10
6.0152428740157475
20
-3.4479221259842521
11
6.0181498031496066
21
-3.4450151968503935
0
LINE
8
BLACK
6
CONTINUOUS
10
6.0181498031496066
20
-3.4450151968503935
11
6.0217101181102359
21
-3.4429596456692915
0
LINE
8
BLACK
6
CONTINUOUS
10
6.0217101181102359
20
-3.4429596456692915
11
6.0256811023622046
21
-3.4418956299212597
0
LINE
8
BLACK
6
CONTINUOUS
10
6.0256811023622046
20
-3.4418956299212597
11
6.029792125984252
21
-3.4418956299212597
0
LINE
8
BLACK
6
CONTINUOUS
10
6.029792125984252
20
-3.4418956299212597
11
6.0337631102362206
21
-3.4429596456692915
0
LINE
8
BLACK
6
CONTINUOUS
10
6.744547007874016
20
-4.2025811023622044
11
6.7481073228346453
21
-4.2046366535433073
0
LINE
8
BLACK
6
CONTINUOUS
10
6.7481073228346453
20
-4.2046366535433073
11
6.7510142519685035
21
-4.2075435826771654
0
LINE
8
BLACK
6
CONTINUOUS
10
6.7510142519685035
20
-4.2075435826771654
11
6.7530698031496064
21
-4.2111038976377948
0
LINE
8
BLACK
6
CONTINUOUS
10
6.7530698031496064
20
-4.2111038976377948
11
6.7541338188976372
21
-4.2150748818897634
0
LINE
8
BLACK
6
CONTINUOUS
10
6.7541338188976372
20
-4.2150748818897634
11
6.7541338188976372
21
-4.2191859055118108
0
LINE
8
BLACK
6
CONTINUOUS
10
6.7541338188976372
20
-4.2191859055118108
11
6.7530698031496064
21
-4.2231568897637795
0
LINE
8
BLACK
6
CONTINUOUS
10
6.7530698031496064
20
-4.2231568897637795
11
6.7510142519685035
21
-4.2267172047244097
0
LINE
8
BLACK
6
CONTINUOUS
10
6.7510142519685035
20
-4.2267172047244097
11
6.7481073228346453
21
-4.2296241338582679
0
LINE
8
BLACK
6
CONTINUOUS
10
6.7481073228346453
20
-4.2296241338582679
11
6.744547007874016
21
-4.2316796850393699
0
LINE
8
BLACK
6
CONTINUOUS
10
6.744547007874016
20
-4.2316796850393699
11
6.7405760236220473
21
-4.2327437007874016
0
LINE
8
BLACK
6
CONTINUOUS
10
6.7405760236220473
20
-4.2327437007874016
11
6.7364649999999999
21
-4.2327437007874016
0
LINE
8
BLACK
6
CONTINUOUS
10
6.7364649999999999
20
-4.2327437007874016
11
6.7324940157480313
21
-4.2316796850393699
0
LINE
8
BLACK
6
CONTINUOUS
10
6.7324940157480313
20
-4.2316796850393699
11
6.7289337007874011
21
-4.2296241338582679
0
LINE
8
BLACK
6
CONTINUOUS
10
6.7289337007874011
20
-4.2296241338582679
11
6.7260267716535429
21
-4.2267172047244097
0
LINE
8
BLACK
6
CONTINUOUS
10
6.7260267716535429
20
-4.2267172047244097
11
6.7239712204724409
21
-4.2231568897637795
0
LINE
8
BLACK
6
CONTINUOUS
10
6.7239712204724409
20
-4.2231568897637795
11
6.7229072047244092
21
-4.2191859055118108
0
LINE
8
BLACK
6
CONTINUOUS
10
6.7229072047244092
20
-4.2191859055118108
11
6.7229072047244092
21
-4.2150748818897634
0
LINE
8
BLACK
6
CONTINUOUS
10
6.7229072047244092
20
-4.2150748818897634
11
6.7239712204724409
21
-4.2111038976377948
0
LINE
8
BLACK
6
CONTINUOUS
10
6.7239712204724409
20
-4.2111038976377948
11
6.7260267716535429
21
-4.2075435826771654
0
LINE
8
BLACK
6
CONTINUOUS
10
6.7260267716535429
20
-4.2075435826771654
11
6.7289337007874011
21
-4.2046366535433073
0
LINE
8
BLACK
6
CONTINUOUS
10
6.7289337007874011
20
-4.2046366535433073
11
6.7324940157480313
21
-4.2025811023622044
0
LINE
8
BLACK
6
CONTINUOUS
10
6.7324940157480313
20
-4.2025811023622044
11
6.7364649999999999
21
-4.2015170866141736
0
LINE
8
BLACK
6
CONTINUOUS
10
6.7364649999999999
20
-4.2015170866141736
11
6.7405760236220473
21
-4.2015170866141736
0
LINE
8
BLACK
6
CONTINUOUS
10
6.7405760236220473
20
-4.2015170866141736
11
6.744547007874016
21
-4.2025811023622044
0
LINE
8
BLACK
6
CONTINUOUS
10
6.9647013385826773
20
-4.1489675196850389
11
6.9682616535433066
21
-4.1510230708661418
0
LINE
8
BLACK
6
CONTINUOUS
10
6.9682616535433066
20
-4.1510230708661418
11
6.9711685826771648
21
-4.1539299999999999
0
LINE
8
BLACK
6
CONTINUOUS
10
6.9711685826771648
20
-4.1539299999999999
11
6.9732241338582677
21
-4.1574903149606302
0
LINE
8
BLACK
6
CONTINUOUS
10
6.9732241338582677
20
-4.1574903149606302
11
6.9742881496062994
21
-4.1614612992125988
0
LINE
8
BLACK
6
CONTINUOUS
10
6.9742881496062994
20
-4.1614612992125988
11
6.9742881496062994
21
-4.1655723228346453
0
LINE
8
BLACK
6
CONTINUOUS
10
6.9742881496062994
20
-4.1655723228346453
11
6.9732241338582677
21
-4.1695433070866139
0
LINE
8
BLACK
6
CONTINUOUS
10
6.9732241338582677
20
-4.1695433070866139
11
6.9711685826771648
21
-4.1731036220472442
0
LINE
8
BLACK
6
CONTINUOUS
10
6.9711685826771648
20
-4.1731036220472442
11
6.9682616535433066
21
-4.1760105511811023
0
LINE
8
BLACK
6
CONTINUOUS
10
6.9682616535433066
20
-4.1760105511811023
11
6.9647013385826773
21
-4.1780661023622043
0
LINE
8
BLACK
6
CONTINUOUS
10
6.9647013385826773
20
-4.1780661023622043
11
6.9607303543307086
21
-4.179130118110236
0
LINE
8
BLACK
6
CONTINUOUS
10
6.9607303543307086
20
-4.179130118110236
11
6.9566193307086612
21
-4.179130118110236
0
LINE
8
BLACK
6
CONTINUOUS
10
6.9566193307086612
20
-4.179130118110236
11
6.9547089370078741
21
-4.1786182283464566
0
LINE
8
BLACK
6
CONTINUOUS
10
6.9547089370078741
20
-4.1786182283464566
11
6.9352425984251971
21
-4.1980845669291336
0
LINE
8
BLACK
6
CONTINUOUS
10
6.9352425984251971
20
-4.1980845669291336
11
6.9340494094488188
21
-4.1990638188976375
0
LINE
8
BLACK
6
CONTINUOUS
10
6.9340494094488188
20
-4.1990638188976375
11
6.931210984251968
21
-4.2002395275590549
0
LINE
8
BLACK
6
CONTINUOUS
10
6.931210984251968
20
-4.2002395275590549
11
6.9296748425196846
21
-4.2003908267716534
0
LINE
8
BLACK
6
CONTINUOUS
10
6.9296748425196846
20
-4.2003908267716534
11
6.7812344094488184
21
-4.2003908267716534
0
LINE
8
BLACK
6
CONTINUOUS
10
6.7812344094488184
20
-4.2003908267716534
11
6.7808592519685034
21
-4.2010406299212599
0
LINE
8
BLACK
6
CONTINUOUS
10
6.7808592519685034
20
-4.2010406299212599
11
6.7779523228346452
21
-4.2039475590551181
0
LINE
8
BLACK
6
CONTINUOUS
10
6.7779523228346452
20
-4.2039475590551181
11
6.7743920078740159
21
-4.2060031102362201
0
LINE
8
BLACK
6
CONTINUOUS
10
6.7743920078740159
20
-4.2060031102362201
11
6.7704210236220472
21
-4.2070671259842518
0
LINE
8
BLACK
6
CONTINUOUS
10
6.7704210236220472
20
-4.2070671259842518
11
6.7663099999999998
21
-4.2070671259842518
0
LINE
8
BLACK
6
CONTINUOUS
10
6.7663099999999998
20
-4.2070671259842518
11
6.7623390157480312
21
-4.2060031102362201
0
LINE
8
BLACK
6
CONTINUOUS
10
6.7623390157480312
20
-4.2060031102362201
11
6.7587787007874018
21
-4.2039475590551181
0
LINE
8
BLACK
6
CONTINUOUS
10
6.7587787007874018
20
-4.2039475590551181
11
6.7558717716535428
21
-4.2010406299212599
0
LINE
8
BLACK
6
CONTINUOUS
10
6.7558717716535428
20
-4.2010406299212599
11
6.7538162204724408
21
-4.1974803149606297
0
LINE
8
BLACK
6
CONTINUOUS
10
6.7538162204724408
20
-4.1974803149606297
11
6.7527522047244091
21
-4.1935093307086611
0
LINE
8
BLACK
6
CONTINUOUS
10
6.7527522047244091
20
-4.1935093307086611
11
6.7527522047244091
21
-4.1893983070866136
0
LINE
8
BLACK
6
CONTINUOUS
10
6.7527522047244091
20
-4.1893983070866136
11
6.7538162204724408
21
-4.1854273228346459
0
LINE
8
BLACK
6
CONTINUOUS
10
6.7538162204724408
20
-4.1854273228346459
11
6.7558717716535428
21
-4.1818670078740157
0
LINE
8
BLACK
6
CONTINUOUS
10
6.7558717716535428
20
-4.1818670078740157
11
6.7587787007874018
21
-4.1789600787401575
0
LINE
8
BLACK
6
CONTINUOUS
10
6.7587787007874018
20
-4.1789600787401575
11
6.7623390157480312
21
-4.1769045275590546
0
LINE
8
BLACK
6
CONTINUOUS
10
6.7623390157480312
20
-4.1769045275590546
11
6.7663099999999998
21
-4.1758405118110238
0
LINE
8
BLACK
6
CONTINUOUS
10
6.7663099999999998
20
-4.1758405118110238
11
6.7704210236220472
21
-4.1758405118110238
0
LINE
8
BLACK
6
CONTINUOUS
10
6.7704210236220472
20
-4.1758405118110238
11
6.7743920078740159
21
-4.1769045275590546
0
LINE
8
BLACK
6
CONTINUOUS
10
6.7743920078740159
20
-4.1769045275590546
11
6.7779523228346452
21
-4.1789600787401575
0
LINE
8
BLACK
6
CONTINUOUS
10
6.7779523228346452
20
-4.1789600787401575
11
6.7808592519685034
21
-4.1818670078740157
0
LINE
8
BLACK
6
CONTINUOUS
10
6.7808592519685034
20
-4.1818670078740157
11
6.7824618503937009
21
-4.1846427952755905
0
LINE
8
BLACK
6
CONTINUOUS
10
6.7824618503937009
20
-4.1846427952755905
11
6.9264133464566928
21
-4.1846427952755905
0
LINE
8
BLACK
6
CONTINUOUS
10
6.9264133464566928
20
-4.1846427952755905
11
6.9435733858267712
21
-4.1674826771653546
0
LINE
8
BLACK
6
CONTINUOUS
10
6.9435733858267712
20
-4.1674826771653546
11
6.9430615354330705
21
-4.1655723228346453
0
LINE
8
BLACK
6
CONTINUOUS
10
6.9430615354330705
20
-4.1655723228346453
11
6.9430615354330705
21
-4.1614612992125988
0
LINE
8
BLACK
6
CONTINUOUS
10
6.9430615354330705
20
-4.1614612992125988
11
6.9441255511811022
21
-4.1574903149606302
0
LINE
8
BLACK
6
CONTINUOUS
10
6.9441255511811022
20
-4.1574903149606302
11
6.9461811023622042
21
-4.1539299999999999
0
LINE
8
BLACK
6
CONTINUOUS
10
6.9461811023622042
20
-4.1539299999999999
11
6.9490880314960632
21
-4.1510230708661418
0
LINE
8
BLACK
6
CONTINUOUS
10
6.9490880314960632
20
-4.1510230708661418
11
6.9526483464566926
21
-4.1489675196850389
0
LINE
8
BLACK
6
CONTINUOUS
10
6.9526483464566926
20
-4.1489675196850389
11
6.9566193307086612
21
-4.147903503937008
0
LINE
8
BLACK
6
CONTINUOUS
10
6.9566193307086612
20
-4.147903503937008
11
6.9607303543307086
21
-4.147903503937008
0
LINE
8
BLACK
6
CONTINUOUS
10
6.9607303543307086
20
-4.147903503937008
11
6.9647013385826773
21
-4.1489675196850389
0
LINE
8
BLACK
6
CONTINUOUS
10
6.31670094488189
20
-3.3729675196850395
11
6.3202612598425194
21
-3.3750230708661415
0
LINE
8
BLACK
6
CONTINUOUS
10
6.3202612598425194
20
-3.3750230708661415
11
6.3231681889763776
21
-3.3779300000000001
0
LINE
8
BLACK
6
CONTINUOUS
10
6.3231681889763776
20
-3.3779300000000001
11
6.3252237401574805
21
-3.3814903149606299
0
LINE
8
BLACK
6
CONTINUOUS
10
6.3252237401574805
20
-3.3814903149606299
11
6.3262877559055113
21
-3.3854612992125985
0
LINE
8
BLACK
6
CONTINUOUS
10
6.3262877559055113
20
-3.3854612992125985
11
6.3262877559055113
21
-3.3895723228346455
0
LINE
8
BLACK
6
CONTINUOUS
10
6.3262877559055113
20
-3.3895723228346455
11
6.3252237401574805
21
-3.3935433070866141
0
LINE
8
BLACK
6
CONTINUOUS
10
6.3252237401574805
20
-3.3935433070866141
11
6.3231681889763776
21
-3.3971036220472439
0
LINE
8
BLACK
6
CONTINUOUS
10
6.3231681889763776
20
-3.3971036220472439
11
6.3202612598425194
21
-3.4000105511811021
0
LINE
8
BLACK
6
CONTINUOUS
10
6.3202612598425194
20
-3.4000105511811021
11
6.3185484645669288
21
-3.400999409448819
0
LINE
8
BLACK
6
CONTINUOUS
10
6.3185484645669288
20
-3.400999409448819
11
6.3185484645669288
21
-3.4467968897637795
0
LINE
8
BLACK
6
CONTINUOUS
10
6.3185484645669288
20
-3.4467968897637795
11
6.3853943700787399
21
-3.5136427952755906
0
LINE
8
BLACK
6
CONTINUOUS
10
6.3853943700787399
20
-3.5136427952755906
11
6.6466747637795276
21
-3.5136427952755906
0
LINE
8
BLACK
6
CONTINUOUS
10
6.6466747637795276
20
-3.5136427952755906
11
6.648210905511811
21
-3.5137940944881887
0
LINE
8
BLACK
6
CONTINUOUS
10
6.648210905511811
20
-3.5137940944881887
11
6.6510493307086609
21
-3.5149698031496062
0
LINE
8
BLACK
6
CONTINUOUS
10
6.6510493307086609
20
-3.5149698031496062
11
6.6522425196850392
21
-3.5159490551181101
0
LINE
8
BLACK
6
CONTINUOUS
10
6.6522425196850392
20
-3.5159490551181101
11
7.0119720866141728
21
-3.8756786220472441
0
LINE
8
BLACK
6
CONTINUOUS
10
7.0119720866141728
20
-3.8756786220472441
11
7.0138825196850396
21
-3.8751667716535434
0
LINE
8
BLACK
6
CONTINUOUS
10
7.0138825196850396
20
-3.8751667716535434
11
7.0179935433070861
21
-3.8751667716535434
0
LINE
8
BLACK
6
CONTINUOUS
10
7.0179935433070861
20
-3.8751667716535434
11
7.0219645275590548
21
-3.8762307874015747
0
LINE
8
BLACK
6
CONTINUOUS
10
7.0219645275590548
20
-3.8762307874015747
11
7.025524842519685
21
-3.8782863385826771
0
LINE
8
BLACK
6
CONTINUOUS
10
7.025524842519685
20
-3.8782863385826771
11
7.0284317716535432
21
-3.8811932677165353
0
LINE
8
BLACK
6
CONTINUOUS
10
7.0284317716535432
20
-3.8811932677165353
11
7.0304873228346452
21
-3.8847535826771651
0
LINE
8
BLACK
6
CONTINUOUS
10
7.0304873228346452
20
-3.8847535826771651
11
7.0315513385826769
21
-3.8887245669291337
0
LINE
8
BLACK
6
CONTINUOUS
10
7.0315513385826769
20
-3.8887245669291337
11
7.0315513385826769
21
-3.8928355905511811
0
LINE
8
BLACK
6
CONTINUOUS
10
7.0315513385826769
20
-3.8928355905511811
11
7.0304873228346452
21
-3.8968065748031497
0
LINE
8
BLACK
6
CONTINUOUS
10
7.0304873228346452
20
-3.8968065748031497
11
7.0284317716535432
21
-3.9003668897637795
0
LINE
8
BLACK
6
CONTINUOUS
10
7.0284317716535432
20
-3.9003668897637795
11
7.025524842519685
21
-3.9032738188976377
0
LINE
8
BLACK
6
CONTINUOUS
10
7.025524842519685
20
-3.9032738188976377
11
7.0219645275590548
21
-3.9053293700787401
0
LINE
8
BLACK
6
CONTINUOUS
10
7.0219645275590548
20
-3.9053293700787401
11
7.0179935433070861
21
-3.9063933858267714
0
LINE
8
BLACK
6
CONTINUOUS
10
7.0179935433070861
20
-3.9063933858267714
11
7.0138825196850396
21
-3.9063933858267714
0
LINE
8
BLACK
6
CONTINUOUS
10
7.0138825196850396
20
-3.9063933858267714
11
7.009911535433071
21
-3.9053293700787401
0
LINE
8
BLACK
6
CONTINUOUS
10
7.009911535433071
20
-3.9053293700787401
11
7.0063512204724407
21
-3.9032738188976377
0
LINE
8
BLACK
6
CONTINUOUS
10
7.0063512204724407
20
-3.9032738188976377
11
7.0052022834645671
21
-3.9021248818897636
0
LINE
8
BLACK
6
CONTINUOUS
10
7.0052022834645671
20
-3.9021248818897636
11
6.9115488582677163
21
-3.995778307086614
0
LINE
8
BLACK
6
CONTINUOUS
10
6.9115488582677163
20
-3.995778307086614
11
6.9115488582677163
21
-4.139034173228346
0
LINE
8
BLACK
6
CONTINUOUS
10
6.9115488582677163
20
-4.139034173228346
11
6.9132616535433069
21
-4.1400230708661416
0
LINE
8
BLACK
6
CONTINUOUS
10
6.9132616535433069
20
-4.1400230708661416
11
6.9161685826771651
21
-4.1429299999999998
0
LINE
8
BLACK
6
CONTINUOUS
10
6.9161685826771651
20
-4.1429299999999998
11
6.918224133858268
21
-4.14649031496063
0
LINE
8
BLACK
6
CONTINUOUS
10
6.918224133858268
20
-4.14649031496063
11
6.9192881496062988
21
-4.1504612992125987
0
LINE
8
BLACK
6
CONTINUOUS
10
6.9192881496062988
20
-4.1504612992125987
11
6.9192881496062988
21
-4.1545723228346452
0
LINE
8
BLACK
6
CONTINUOUS
10
6.9192881496062988
20
-4.1545723228346452
11
6.918224133858268
21
-4.1585433070866138
0
LINE
8
BLACK
6
CONTINUOUS
10
6.918224133858268
20
-4.1585433070866138
11
6.9161685826771651
21
-4.162103622047244
0
LINE
8
BLACK
6
CONTINUOUS
10
6.9161685826771651
20
-4.162103622047244
11
6.9132616535433069
21
-4.1650105511811022
0
LINE
8
BLACK
6
CONTINUOUS
10
6.9132616535433069
20
-4.1650105511811022
11
6.9097013385826767
21
-4.1670661023622042
0
LINE
8
BLACK
6
CONTINUOUS
10
6.9097013385826767
20
-4.1670661023622042
11
6.9057303543307089
21
-4.1681301181102359
0
LINE
8
BLACK
6
CONTINUOUS
10
6.9057303543307089
20
-4.1681301181102359
11
6.9016193307086615
21
-4.1681301181102359
0
LINE
8
BLACK
6
CONTINUOUS
10
6.9016193307086615
20
-4.1681301181102359
11
6.8976483464566929
21
-4.1670661023622042
0
LINE
8
BLACK
6
CONTINUOUS
10
6.8976483464566929
20
-4.1670661023622042
11
6.8940880314960626
21
-4.1650105511811022
0
LINE
8
BLACK
6
CONTINUOUS
10
6.8940880314960626
20
-4.1650105511811022
11
6.8911811023622045
21
-4.162103622047244
0
LINE
8
BLACK
6
CONTINUOUS
10
6.8911811023622045
20
-4.162103622047244
11
6.8891255511811025
21
-4.1585433070866138
0
LINE
8
BLACK
6
CONTINUOUS
10
6.8891255511811025
20
-4.1585433070866138
11
6.8880615354330708
21
-4.1545723228346452
0
LINE
8
BLACK
6
CONTINUOUS
10
6.8880615354330708
20
-4.1545723228346452
11
6.8880615354330708
21
-4.1504612992125987
0
LINE
8
BLACK
6
CONTINUOUS
10
6.8880615354330708
20
-4.1504612992125987
11
6.8891255511811025
21
-4.14649031496063
0
LINE
8
BLACK
6
CONTINUOUS
10
6.8891255511811025
20
-4.14649031496063
11
6.8911811023622045
21
-4.1429299999999998
0
LINE
8
BLACK
6
CONTINUOUS
10
6.8911811023622045
20
-4.1429299999999998
11
6.8940880314960626
21
-4.1400230708661416
0
LINE
8
BLACK
6
CONTINUOUS
10
6.8940880314960626
20
-4.1400230708661416
11
6.8958008267716533
21
-4.139034173228346
0
LINE
8
BLACK
6
CONTINUOUS
10
6.8958008267716533
20
-4.139034173228346
11
6.8958008267716533
21
-3.9925168110236218
0
LINE
8
BLACK
6
CONTINUOUS
10
6.8958008267716533
20
-3.9925168110236218
11
6.8959521259842518
21
-3.9909806692913383
0
LINE
8
BLACK
6
CONTINUOUS
10
6.8959521259842518
20
-3.9909806692913383
11
6.8971278346456693
21
-3.988142244094488
0
LINE
8
BLACK
6
CONTINUOUS
10
6.8971278346456693
20
-3.988142244094488
11
6.8981070866141732
21
-3.9869490551181102
0
LINE
8
BLACK
6
CONTINUOUS
10
6.8981070866141732
20
-3.9869490551181102
11
6.9995392519685034
21
-3.885516811023622
0
LINE
8
BLACK
6
CONTINUOUS
10
6.9995392519685034
20
-3.885516811023622
11
6.643413267716535
21
-3.5293908267716536
0
LINE
8
BLACK
6
CONTINUOUS
10
6.643413267716535
20
-3.5293908267716536
11
6.3821328346456694
21
-3.5293908267716536
0
LINE
8
BLACK
6
CONTINUOUS
10
6.3821328346456694
20
-3.5293908267716536
11
6.3805966929133859
21
-3.5292395275590551
0
LINE
8
BLACK
6
CONTINUOUS
10
6.3805966929133859
20
-3.5292395275590551
11
6.3777582677165352
21
-3.5280638188976376
0
LINE
8
BLACK
6
CONTINUOUS
10
6.3777582677165352
20
-3.5280638188976376
11
6.376565039370079
21
-3.5270845669291337
0
LINE
8
BLACK
6
CONTINUOUS
10
6.376565039370079
20
-3.5270845669291337
11
6.3051066929133857
21
-3.4556261811023621
0
LINE
8
BLACK
6
CONTINUOUS
10
6.3051066929133857
20
-3.4556261811023621
11
6.3041274409448818
21
-3.4544329921259842
0
LINE
8
BLACK
6
CONTINUOUS
10
6.3041274409448818
20
-3.4544329921259842
11
6.3029517322834643
21
-3.4515945669291339
0
LINE
8
BLACK
6
CONTINUOUS
10
6.3029517322834643
20
-3.4515945669291339
11
6.3028004330708658
21
-3.4500584251968505
0
LINE
8
BLACK
6
CONTINUOUS
10
6.3028004330708658
20
-3.4500584251968505
11
6.3028004330708658
21
-3.400999409448819
0
LINE
8
BLACK
6
CONTINUOUS
10
6.3028004330708658
20
-3.400999409448819
11
6.3010876377952751
21
-3.4000105511811021
0
LINE
8
BLACK
6
CONTINUOUS
10
6.3010876377952751
20
-3.4000105511811021
11
6.298180708661417
21
-3.3971036220472439
0
LINE
8
BLACK
6
CONTINUOUS
10
6.298180708661417
20
-3.3971036220472439
11
6.296125157480315
21
-3.3935433070866141
0
LINE
8
BLACK
6
CONTINUOUS
10
6.296125157480315
20
-3.3935433070866141
11
6.2950611417322833
21
-3.3895723228346455
0
LINE
8
BLACK
6
CONTINUOUS
10
6.2950611417322833
20
-3.3895723228346455
11
6.2950611417322833
21
-3.3854612992125985
0
LINE
8
BLACK
6
CONTINUOUS
10
6.2950611417322833
20
-3.3854612992125985
11
6.296125157480315
21
-3.3814903149606299
0
LINE
8
BLACK
6
CONTINUOUS
10
6.296125157480315
20
-3.3814903149606299
11
6.298180708661417
21
-3.3779300000000001
0
LINE
8
BLACK
6
CONTINUOUS
10
6.298180708661417
20
-3.3779300000000001
11
6.3010876377952751
21
-3.3750230708661415
0
LINE
8
BLACK
6
CONTINUOUS
10
6.3010876377952751
20
-3.3750230708661415
11
6.3046479527559054
21
-3.3729675196850395
0
LINE
8
BLACK
6
CONTINUOUS
10
6.3046479527559054
20
-3.3729675196850395
11
6.308618937007874
21
-3.3719035039370078
0
LINE
8
BLACK
6
CONTINUOUS
10
6.308618937007874
20
-3.3719035039370078
11
6.3127299606299214
21
-3.3719035039370078
0
LINE
8
BLACK
6
CONTINUOUS
10
6.3127299606299214
20
-3.3719035039370078
11
6.31670094488189
21
-3.3729675196850395
0
LINE
8
BLACK
6
CONTINUOUS
10
6.8247013385826767
20
-4.1259675196850392
11
6.8282616535433069
21
-4.1280230708661421
0
LINE
8
BLACK
6
CONTINUOUS
10
6.8282616535433069
20
-4.1280230708661421
11
6.8311685826771651
21
-4.1309300000000002
0
LINE
8
BLACK
6
CONTINUOUS
10
6.8311685826771651
20
-4.1309300000000002
11
6.833224133858268
21
-4.1344903149606296
0
LINE
8
BLACK
6
CONTINUOUS
10
6.833224133858268
20
-4.1344903149606296
11
6.8342881496062988
21
-4.1384612992125982
0
LINE
8
BLACK
6
CONTINUOUS
10
6.8342881496062988
20
-4.1384612992125982
11
6.8342881496062988
21
-4.1425723228346456
0
LINE
8
BLACK
6
CONTINUOUS
10
6.8342881496062988
20
-4.1425723228346456
11
6.833224133858268
21
-4.1465433070866142
0
LINE
8
BLACK
6
CONTINUOUS
10
6.833224133858268
20
-4.1465433070866142
11
6.8311685826771651
21
-4.1501036220472436
0
LINE
8
BLACK
6
CONTINUOUS
10
6.8311685826771651
20
-4.1501036220472436
11
6.8282616535433069
21
-4.1530105511811026
0
LINE
8
BLACK
6
CONTINUOUS
10
6.8282616535433069
20
-4.1530105511811026
11
6.8247013385826767
21
-4.1550661023622046
0
LINE
8
BLACK
6
CONTINUOUS
10
6.8247013385826767
20
-4.1550661023622046
11
6.8207303543307081
21
-4.1561301181102364
0
LINE
8
BLACK
6
CONTINUOUS
10
6.8207303543307081
20
-4.1561301181102364
11
6.8166193307086616
21
-4.1561301181102364
0
LINE
8
BLACK
6
CONTINUOUS
10
6.8166193307086616
20
-4.1561301181102364
11
6.8126483464566929
21
-4.1550661023622046
0
LINE
8
BLACK
6
CONTINUOUS
10
6.8126483464566929
20
-4.1550661023622046
11
6.8090880314960627
21
-4.1530105511811026
0
LINE
8
BLACK
6
CONTINUOUS
10
6.8090880314960627
20
-4.1530105511811026
11
6.8061811023622045
21
-4.1501036220472436
0
LINE
8
BLACK
6
CONTINUOUS
10
6.8061811023622045
20
-4.1501036220472436
11
6.8041255511811025
21
-4.1465433070866142
0
LINE
8
BLACK
6
CONTINUOUS
10
6.8041255511811025
20
-4.1465433070866142
11
6.8030615354330708
21
-4.1425723228346456
0
LINE
8
BLACK
6
CONTINUOUS
10
6.8030615354330708
20
-4.1425723228346456
11
6.8030615354330708
21
-4.1384612992125982
0
LINE
8
BLACK
6
CONTINUOUS
10
6.8030615354330708
20
-4.1384612992125982
11
6.8041255511811025
21
-4.1344903149606296
0
LINE
8
BLACK
6
CONTINUOUS
10
6.8041255511811025
20
-4.1344903149606296
11
6.8061811023622045
21
-4.1309300000000002
0
LINE
8
BLACK
6
CONTINUOUS
10
6.8061811023622045
20
-4.1309300000000002
11
6.8090880314960627
21
-4.1280230708661421
0
LINE
8
BLACK
6
CONTINUOUS
10
6.8090880314960627
20
-4.1280230708661421
11
6.8126483464566929
21
-4.1259675196850392
0
LINE
8
BLACK
6
CONTINUOUS
10
6.8126483464566929
20
-4.1259675196850392
11
6.8166193307086616
21
-4.1249035039370074
0
LINE
8
BLACK
6
CONTINUOUS
10
6.8166193307086616
20
-4.1249035039370074
11
6.8207303543307081
21
-4.1249035039370074
0
LINE
8
BLACK
6
CONTINUOUS
10
6.8207303543307081
20
-4.1249035039370074
11
6.8247013385826767
21
-4.1259675196850392
0
LINE
8
BLACK
6
CONTINUOUS
10
6.3501974015748033
20
-3.4119674803149604
11
6.3537577165354326
21
-3.4140230314960629
0
LINE
8
BLACK
6
CONTINUOUS
10
6.3537577165354326
20
-3.4140230314960629
11
6.3566646456692908
21
-3.416929960629921
0
LINE
8
BLACK
6
CONTINUOUS
10
6.3566646456692908
20
-3.416929960629921
11
6.3587201968503937
21
-3.4204902755905513
0
LINE
8
BLACK
6
CONTINUOUS
10
6.3587201968503937
20
-3.4204902755905513
11
6.3597842125984254
21
-3.4244612598425195
0
LINE
8
BLACK
6
CONTINUOUS
10
6.3597842125984254
20
-3.4244612598425195
11
6.3597842125984254
21
-3.4285722834645669
0
LINE
8
BLACK
6
CONTINUOUS
10
6.3597842125984254
20
-3.4285722834645669
11
6.3592723228346459
21
-3.4304826377952753
0
LINE
8
BLACK
6
CONTINUOUS
10
6.3592723228346459
20
-3.4304826377952753
11
6.4076450787401571
21
-3.4788553937007873
0
LINE
8
BLACK
6
CONTINUOUS
10
6.4076450787401571
20
-3.4788553937007873
11
6.6958874409448814
21
-3.4788553937007873
0
LINE
8
BLACK
6
CONTINUOUS
10
6.6958874409448814
20
-3.4788553937007873
11
6.6974235826771649
21
-3.4790066929133858
0
LINE
8
BLACK
6
CONTINUOUS
10
6.6974235826771649
20
-3.4790066929133858
11
6.7002620078740156
21
-3.4801824015748029
0
LINE
8
BLACK
6
CONTINUOUS
10
6.7002620078740156
20
-3.4801824015748029
11
6.7014551968503939
21
-3.4811616535433072
0
LINE
8
BLACK
6
CONTINUOUS
10
6.7014551968503939
20
-3.4811616535433072
11
7.0107088976377954
21
-3.7904153543307086
0
LINE
8
BLACK
6
CONTINUOUS
10
7.0107088976377954
20
-3.7904153543307086
11
7.0126193307086613
21
-3.7899035039370079
0
LINE
8
BLACK
6
CONTINUOUS
10
7.0126193307086613
20
-3.7899035039370079
11
7.0167303543307087
21
-3.7899035039370079
0
LINE
8
BLACK
6
CONTINUOUS
10
7.0167303543307087
20
-3.7899035039370079
11
7.0207013385826773
21
-3.7909675196850392
0
LINE
8
BLACK
6
CONTINUOUS
10
7.0207013385826773
20
-3.7909675196850392
11
7.0242616535433067
21
-3.7930230708661417
0
LINE
8
BLACK
6
CONTINUOUS
10
7.0242616535433067
20
-3.7930230708661417
11
7.0271685826771648
21
-3.7959299999999998
0
LINE
8
BLACK
6
CONTINUOUS
10
7.0271685826771648
20
-3.7959299999999998
11
7.0292241338582677
21
-3.7994903149606301
0
LINE
8
BLACK
6
CONTINUOUS
10
7.0292241338582677
20
-3.7994903149606301
11
7.0302881496062994
21
-3.8034612992125982
0
LINE
8
BLACK
6
CONTINUOUS
10
7.0302881496062994
20
-3.8034612992125982
11
7.0302881496062994
21
-3.8075723228346456
0
LINE
8
BLACK
6
CONTINUOUS
10
7.0302881496062994
20
-3.8075723228346456
11
7.0292241338582677
21
-3.8115433070866143
0
LINE
8
BLACK
6
CONTINUOUS
10
7.0292241338582677
20
-3.8115433070866143
11
7.0271685826771648
21
-3.8151036220472441
0
LINE
8
BLACK
6
CONTINUOUS
10
7.0271685826771648
20
-3.8151036220472441
11
7.0242616535433067
21
-3.8180105511811022
0
LINE
8
BLACK
6
CONTINUOUS
10
7.0242616535433067
20
-3.8180105511811022
11
7.0207013385826773
21
-3.8200661023622047
0
LINE
8
BLACK
6
CONTINUOUS
10
7.0207013385826773
20
-3.8200661023622047
11
7.0167303543307087
21
-3.821130118110236
0
LINE
8
BLACK
6
CONTINUOUS
10
7.0167303543307087
20
-3.821130118110236
11
7.0126193307086613
21
-3.821130118110236
0
LINE
8
BLACK
6
CONTINUOUS
10
7.0126193307086613
20
-3.821130118110236
11
7.0086483464566927
21
-3.8200661023622047
0
LINE
8
BLACK
6
CONTINUOUS
10
7.0086483464566927
20
-3.8200661023622047
11
7.0050880314960624
21
-3.8180105511811022
0
LINE
8
BLACK
6
CONTINUOUS
10
7.0050880314960624
20
-3.8180105511811022
11
7.0021811023622043
21
-3.8151036220472441
0
LINE
8
BLACK
6
CONTINUOUS
10
7.0021811023622043
20
-3.8151036220472441
11
7.0001255511811022
21
-3.8115433070866143
0
LINE
8
BLACK
6
CONTINUOUS
10
7.0001255511811022
20
-3.8115433070866143
11
6.9990615354330705
21
-3.8075723228346456
0
LINE
8
BLACK
6
CONTINUOUS
10
6.9990615354330705
20
-3.8075723228346456
11
6.9990615354330705
21
-3.8034612992125982
0
LINE
8
BLACK
6
CONTINUOUS
10
6.9990615354330705
20
-3.8034612992125982
11
6.9995733858267712
21
-3.8015508661417323
0
LINE
8
BLACK
6
CONTINUOUS
10
6.9995733858267712
20
-3.8015508661417323
11
6.6926259448818897
21
-3.4946034251968503
0
LINE
8
BLACK
6
CONTINUOUS
10
6.6926259448818897
20
-3.4946034251968503
11
6.4043835433070866
21
-3.4946034251968503
0
LINE
8
BLACK
6
CONTINUOUS
10
6.4043835433070866
20
-3.4946034251968503
11
6.4028474015748031
21
-3.4944521259842518
0
LINE
8
BLACK
6
CONTINUOUS
10
6.4028474015748031
20
-3.4944521259842518
11
6.4000089763779524
21
-3.4932764173228348
0
LINE
8
BLACK
6
CONTINUOUS
10
6.4000089763779524
20
-3.4932764173228348
11
6.398815787401575
21
-3.4922972047244092
0
LINE
8
BLACK
6
CONTINUOUS
10
6.398815787401575
20
-3.4922972047244092
11
6.3481367716535431
21
-3.4416181889763777
0
LINE
8
BLACK
6
CONTINUOUS
10
6.3481367716535431
20
-3.4416181889763777
11
6.3462264173228347
21
-3.4421300787401572
0
LINE
8
BLACK
6
CONTINUOUS
10
6.3462264173228347
20
-3.4421300787401572
11
6.3421153937007873
21
-3.4421300787401572
0
LINE
8
BLACK
6
CONTINUOUS
10
6.3421153937007873
20
-3.4421300787401572
11
6.3381444094488186
21
-3.4410660629921259
0
LINE
8
BLACK
6
CONTINUOUS
10
6.3381444094488186
20
-3.4410660629921259
11
6.3345840944881893
21
-3.4390105118110235
0
LINE
8
BLACK
6
CONTINUOUS
10
6.3345840944881893
20
-3.4390105118110235
11
6.3316771653543302
21
-3.4361035826771653
0
LINE
8
BLACK
6
CONTINUOUS
10
6.3316771653543302
20
-3.4361035826771653
11
6.3296216141732282
21
-3.4325432677165355
0
LINE
8
BLACK
6
CONTINUOUS
10
6.3296216141732282
20
-3.4325432677165355
11
6.3285575984251965
21
-3.4285722834645669
0
LINE
8
BLACK
6
CONTINUOUS
10
6.3285575984251965
20
-3.4285722834645669
11
6.3285575984251965
21
-3.4244612598425195
0
LINE
8
BLACK
6
CONTINUOUS
10
6.3285575984251965
20
-3.4244612598425195
11
6.3296216141732282
21
-3.4204902755905513
0
LINE
8
BLACK
6
CONTINUOUS
10
6.3296216141732282
20
-3.4204902755905513
11
6.3316771653543302
21
-3.416929960629921
0
LINE
8
BLACK
6
CONTINUOUS
10
6.3316771653543302
20
-3.416929960629921
11
6.3345840944881893
21
-3.4140230314960629
0
LINE
8
BLACK
6
CONTINUOUS
10
6.3345840944881893
20
-3.4140230314960629
11
6.3381444094488186
21
-3.4119674803149604
0
LINE
8
BLACK
6
CONTINUOUS
10
6.3381444094488186
20
-3.4119674803149604
11
6.3421153937007873
21
-3.4109034645669292
0
LINE
8
BLACK
6
CONTINUOUS
10
6.3421153937007873
20
-3.4109034645669292
11
6.3462264173228347
21
-3.4109034645669292
0
LINE
8
BLACK
6
CONTINUOUS
10
6.3462264173228347
20
-3.4109034645669292
11
6.3501974015748033
21
-3.4119674803149604
0
LINE
8
BLACK
6
CONTINUOUS
10
6.560402165354331
20
-3.5544635826771653
11
6.5639624803149603
21
-3.5565191338582678
0
LINE
8
BLACK
6
CONTINUOUS
10
6.5639624803149603
20
-3.5565191338582678
11
6.5668694094488185
21
-3.5594260629921259
0
LINE
8
BLACK
6
CONTINUOUS
10
6.5668694094488185
20
-3.5594260629921259
11
6.5689249606299214
21
-3.5629863779527557
0
LINE
8
BLACK
6
CONTINUOUS
10
6.5689249606299214
20
-3.5629863779527557
11
6.5699889763779522
21
-3.5669573622047244
0
LINE
8
BLACK
6
CONTINUOUS
10
6.5699889763779522
20
-3.5669573622047244
11
6.5699889763779522
21
-3.5710683858267718
0
LINE
8
BLACK
6
CONTINUOUS
10
6.5699889763779522
20
-3.5710683858267718
11
6.5689249606299214
21
-3.57503937007874
0
LINE
8
BLACK
6
CONTINUOUS
10
6.5689249606299214
20
-3.57503937007874
11
6.5668694094488185
21
-3.5785996850393702
0
LINE
8
BLACK
6
CONTINUOUS
10
6.5668694094488185
20
-3.5785996850393702
11
6.5639624803149603
21
-3.5815066141732284
0
LINE
8
BLACK
6
CONTINUOUS
10
6.5639624803149603
20
-3.5815066141732284
11
6.560402165354331
21
-3.5835621653543308
0
LINE
8
BLACK
6
CONTINUOUS
10
6.560402165354331
20
-3.5835621653543308
11
6.5564311811023623
21
-3.5846261811023621
0
LINE
8
BLACK
6
CONTINUOUS
10
6.5564311811023623
20
-3.5846261811023621
11
6.5523201574803149
21
-3.5846261811023621
0
LINE
8
BLACK
6
CONTINUOUS
10
6.5523201574803149
20
-3.5846261811023621
11
6.5483491732283463
21
-3.5835621653543308
0
LINE
8
BLACK
6
CONTINUOUS
10
6.5483491732283463
20
-3.5835621653543308
11
6.5447888582677161
21
-3.5815066141732284
0
LINE
8
BLACK
6
CONTINUOUS
10
6.5447888582677161
20
-3.5815066141732284
11
6.5418819291338579
21
-3.5785996850393702
0
LINE
8
BLACK
6
CONTINUOUS
10
6.5418819291338579
20
-3.5785996850393702
11
6.5398263779527559
21
-3.57503937007874
0
LINE
8
BLACK
6
CONTINUOUS
10
6.5398263779527559
20
-3.57503937007874
11
6.5387623622047242
21
-3.5710683858267718
0
LINE
8
BLACK
6
CONTINUOUS
10
6.5387623622047242
20
-3.5710683858267718
11
6.5387623622047242
21
-3.5669573622047244
0
LINE
8
BLACK
6
CONTINUOUS
10
6.5387623622047242
20
-3.5669573622047244
11
6.5398263779527559
21
-3.5629863779527557
0
LINE
8
BLACK
6
CONTINUOUS
10
6.5398263779527559
20
-3.5629863779527557
11
6.5418819291338579
21
-3.5594260629921259
0
LINE
8
BLACK
6
CONTINUOUS
10
6.5418819291338579
20
-3.5594260629921259
11
6.5447888582677161
21
-3.5565191338582678
0
LINE
8
BLACK
6
CONTINUOUS
10
6.5447888582677161
20
-3.5565191338582678
11
6.5483491732283463
21
-3.5544635826771653
0
LINE
8
BLACK
6
CONTINUOUS
10
6.5483491732283463
20
-3.5544635826771653
11
6.5523201574803149
21
-3.5533995669291336
0
LINE
8
BLACK
6
CONTINUOUS
10
6.5523201574803149
20
-3.5533995669291336
11
6.5564311811023623
21
-3.5533995669291336
0
LINE
8
BLACK
6
CONTINUOUS
10
6.5564311811023623
20
-3.5533995669291336
11
6.560402165354331
21
-3.5544635826771653
0
LINE
8
BLACK
6
CONTINUOUS
10
6.3347788188976377
20
-3.5170935039370077
11
6.338339133858268
21
-3.5191490551181102
0
LINE
8
BLACK
6
CONTINUOUS
10
6.338339133858268
20
-3.5191490551181102
11
6.3412460629921261
21
-3.5220559842519683
0
LINE
8
BLACK
6
CONTINUOUS
10
6.3412460629921261
20
-3.5220559842519683
11
6.3433016141732281
21
-3.5256162992125986
0
LINE
8
BLACK
6
CONTINUOUS
10
6.3433016141732281
20
-3.5256162992125986
11
6.3443656299212599
21
-3.5295872834645667
0
LINE
8
BLACK
6
CONTINUOUS
10
6.3443656299212599
20
-3.5295872834645667
11
6.3443656299212599
21
-3.5336983070866141
0
LINE
8
BLACK
6
CONTINUOUS
10
6.3443656299212599
20
-3.5336983070866141
11
6.3433016141732281
21
-3.5376692913385828
0
LINE
8
BLACK
6
CONTINUOUS
10
6.3433016141732281
20
-3.5376692913385828
11
6.3412460629921261
21
-3.5412296062992126
0
LINE
8
BLACK
6
CONTINUOUS
10
6.3412460629921261
20
-3.5412296062992126
11
6.338339133858268
21
-3.5441365354330707
0
LINE
8
BLACK
6
CONTINUOUS
10
6.338339133858268
20
-3.5441365354330707
11
6.3347788188976377
21
-3.5461920866141732
0
LINE
8
BLACK
6
CONTINUOUS
10
6.3347788188976377
20
-3.5461920866141732
11
6.3308078346456691
21
-3.5472561023622045
0
LINE
8
BLACK
6
CONTINUOUS
10
6.3308078346456691
20
-3.5472561023622045
11
6.3266968110236217
21
-3.5472561023622045
0
LINE
8
BLACK
6
CONTINUOUS
10
6.3266968110236217
20
-3.5472561023622045
11
6.3227258267716531
21
-3.5461920866141732
0
LINE
8
BLACK
6
CONTINUOUS
10
6.3227258267716531
20
-3.5461920866141732
11
6.3191655118110237
21
-3.5441365354330707
0
LINE
8
BLACK
6
CONTINUOUS
10
6.3191655118110237
20
-3.5441365354330707
11
6.3162585826771656
21
-3.5412296062992126
0
LINE
8
BLACK
6
CONTINUOUS
10
6.3162585826771656
20
-3.5412296062992126
11
6.3142030314960627
21
-3.5376692913385828
0
LINE
8
BLACK
6
CONTINUOUS
10
6.3142030314960627
20
-3.5376692913385828
11
6.3131390157480309
21
-3.5336983070866141
0
LINE
8
BLACK
6
CONTINUOUS
10
6.3131390157480309
20
-3.5336983070866141
11
6.3131390157480309
21
-3.5295872834645667
0
LINE
8
BLACK
6
CONTINUOUS
10
6.3131390157480309
20
-3.5295872834645667
11
6.3142030314960627
21
-3.5256162992125986
0
LINE
8
BLACK
6
CONTINUOUS
10
6.3142030314960627
20
-3.5256162992125986
11
6.3162585826771656
21
-3.5220559842519683
0
LINE
8
BLACK
6
CONTINUOUS
10
6.3162585826771656
20
-3.5220559842519683
11
6.3191655118110237
21
-3.5191490551181102
0
LINE
8
BLACK
6
CONTINUOUS
10
6.3191655118110237
20
-3.5191490551181102
11
6.3227258267716531
21
-3.5170935039370077
0
LINE
8
BLACK
6
CONTINUOUS
10
6.3227258267716531
20
-3.5170935039370077
11
6.3266968110236217
21
-3.5160294881889764
0
LINE
8
BLACK
6
CONTINUOUS
10
6.3266968110236217
20
-3.5160294881889764
11
6.3308078346456691
21
-3.5160294881889764
0
LINE
8
BLACK
6
CONTINUOUS
10
6.3308078346456691
20
-3.5160294881889764
11
6.3347788188976377
21
-3.5170935039370077
0
LINE
8
BLACK
6
CONTINUOUS
10
6.191024488188976
20
-3.4777633858267714
11
6.1945848031496062
21
-3.4798189370078738
0
LINE
8
BLACK
6
CONTINUOUS
10
6.1945848031496062
20
-3.4798189370078738
11
6.1974917322834644
21
-3.4827258661417324
0
LINE
8
BLACK
6
CONTINUOUS
10
6.1974917322834644
20
-3.4827258661417324
11
6.1995472834645664
21
-3.4862861811023622
0
LINE
8
BLACK
6
CONTINUOUS
10
6.1995472834645664
20
-3.4862861811023622
11
6.2006112992125981
21
-3.4902571653543308
0
LINE
8
BLACK
6
CONTINUOUS
10
6.2006112992125981
20
-3.4902571653543308
11
6.2006112992125981
21
-3.4943681889763778
0
LINE
8
BLACK
6
CONTINUOUS
10
6.2006112992125981
20
-3.4943681889763778
11
6.1995472834645664
21
-3.4983391732283464
0
LINE
8
BLACK
6
CONTINUOUS
10
6.1995472834645664
20
-3.4983391732283464
11
6.1974917322834644
21
-3.5018994881889762
0
LINE
8
BLACK
6
CONTINUOUS
10
6.1974917322834644
20
-3.5018994881889762
11
6.1945848031496062
21
-3.5048064173228344
0
LINE
8
BLACK
6
CONTINUOUS
10
6.1945848031496062
20
-3.5048064173228344
11
6.191024488188976
21
-3.5068619685039368
0
LINE
8
BLACK
6
CONTINUOUS
10
6.191024488188976
20
-3.5068619685039368
11
6.1870535039370074
21
-3.5079259842519686
0
LINE
8
BLACK
6
CONTINUOUS
10
6.1870535039370074
20
-3.5079259842519686
11
6.1829424803149609
21
-3.5079259842519686
0
LINE
8
BLACK
6
CONTINUOUS
10
6.1829424803149609
20
-3.5079259842519686
11
6.1789714960629922
21
-3.5068619685039368
0
LINE
8
BLACK
6
CONTINUOUS
10
6.1789714960629922
20
-3.5068619685039368
11
6.175411181102362
21
-3.5048064173228344
0
LINE
8
BLACK
6
CONTINUOUS
10
6.175411181102362
20
-3.5048064173228344
11
6.1725042519685038
21
-3.5018994881889762
0
LINE
8
BLACK
6
CONTINUOUS
10
6.1725042519685038
20
-3.5018994881889762
11
6.1704487007874018
21
-3.4983391732283464
0
LINE
8
BLACK
6
CONTINUOUS
10
6.1704487007874018
20
-3.4983391732283464
11
6.1693846850393701
21
-3.4943681889763778
0
LINE
8
BLACK
6
CONTINUOUS
10
6.1693846850393701
20
-3.4943681889763778
11
6.1693846850393701
21
-3.4902571653543308
0
LINE
8
BLACK
6
CONTINUOUS
10
6.1693846850393701
20
-3.4902571653543308
11
6.1704487007874018
21
-3.4862861811023622
0
LINE
8
BLACK
6
CONTINUOUS
10
6.1704487007874018
20
-3.4862861811023622
11
6.1725042519685038
21
-3.4827258661417324
0
LINE
8
BLACK
6
CONTINUOUS
10
6.1725042519685038
20
-3.4827258661417324
11
6.175411181102362
21
-3.4798189370078738
0
LINE
8
BLACK
6
CONTINUOUS
10
6.175411181102362
20
-3.4798189370078738
11
6.1789714960629922
21
-3.4777633858267714
0
LINE
8
BLACK
6
CONTINUOUS
10
6.1789714960629922
20
-3.4777633858267714
11
6.1829424803149609
21
-3.4766993700787401
0
LINE
8
BLACK
6
CONTINUOUS
10
6.1829424803149609
20
-3.4766993700787401
11
6.1870535039370074
21
-3.4766993700787401
0
LINE
8
BLACK
6
CONTINUOUS
10
6.1870535039370074
20
-3.4766993700787401
11
6.191024488188976
21
-3.4777633858267714
0
LINE
8
BLACK
6
CONTINUOUS
10
5.8387013385826769
20
-3.4169675196850391
11
5.8422616535433072
21
-3.4190230708661415
0
LINE
8
BLACK
6
CONTINUOUS
10
5.8422616535433072
20
-3.4190230708661415
11
5.8451685826771653
21
-3.4219300000000001
0
LINE
8
BLACK
6
CONTINUOUS
10
5.8451685826771653
20
-3.4219300000000001
11
5.8472241338582673
21
-3.4254903149606299
0
LINE
8
BLACK
6
CONTINUOUS
10
5.8472241338582673
20
-3.4254903149606299
11
5.8475329527559055
21
-3.4266427952755905
0
LINE
8
BLACK
6
CONTINUOUS
10
5.8475329527559055
20
-3.4266427952755905
11
5.9090303149606296
21
-3.4266427952755905
0
LINE
8
BLACK
6
CONTINUOUS
10
5.9090303149606296
20
-3.4266427952755905
11
5.9152279921259838
21
-3.4204451181102362
0
LINE
8
BLACK
6
CONTINUOUS
10
5.9152279921259838
20
-3.4204451181102362
11
5.9164211811023621
21
-3.4194658661417323
0
LINE
8
BLACK
6
CONTINUOUS
10
5.9164211811023621
20
-3.4194658661417323
11
5.9192596062992129
21
-3.4182901574803148
0
LINE
8
BLACK
6
CONTINUOUS
10
5.9192596062992129
20
-3.4182901574803148
11
5.9207957480314963
21
-3.4181388582677164
0
LINE
8
BLACK
6
CONTINUOUS
10
5.9207957480314963
20
-3.4181388582677164
11
6.0477130708661413
21
-3.4181388582677164
0
LINE
8
BLACK
6
CONTINUOUS
10
6.0477130708661413
20
-3.4181388582677164
11
6.0492492125984247
21
-3.4182901574803148
0
LINE
8
BLACK
6
CONTINUOUS
10
6.0492492125984247
20
-3.4182901574803148
11
6.0520876377952755
21
-3.4194658661417323
0
LINE
8
BLACK
6
CONTINUOUS
10
6.0520876377952755
20
-3.4194658661417323
11
6.0532808267716538
21
-3.4204451181102362
0
LINE
8
BLACK
6
CONTINUOUS
10
6.0532808267716538
20
-3.4204451181102362
11
6.0556939763779525
21
-3.4228582283464566
0
LINE
8
BLACK
6
CONTINUOUS
10
6.0556939763779525
20
-3.4228582283464566
11
6.2417019685039365
21
-3.4228582283464566
0
LINE
8
BLACK
6
CONTINUOUS
10
6.2417019685039365
20
-3.4228582283464566
11
6.24323811023622
21
-3.4230095275590551
0
LINE
8
BLACK
6
CONTINUOUS
10
6.24323811023622
20
-3.4230095275590551
11
6.2460765354330707
21
-3.4241852362204726
0
LINE
8
BLACK
6
CONTINUOUS
10
6.2460765354330707
20
-3.4241852362204726
11
6.2472697244094491
21
-3.4251644881889765
0
LINE
8
BLACK
6
CONTINUOUS
10
6.2472697244094491
20
-3.4251644881889765
11
6.2990365354330704
21
-3.4769312598425195
0
LINE
8
BLACK
6
CONTINUOUS
10
6.2990365354330704
20
-3.4769312598425195
11
6.3009469291338585
21
-3.4764194094488188
0
LINE
8
BLACK
6
CONTINUOUS
10
6.3009469291338585
20
-3.4764194094488188
11
6.305057952755905
21
-3.4764194094488188
0
LINE
8
BLACK
6
CONTINUOUS
10
6.305057952755905
20
-3.4764194094488188
11
6.3090289370078736
21
-3.4774834251968505
0
LINE
8
BLACK
6
CONTINUOUS
10
6.3090289370078736
20
-3.4774834251968505
11
6.3125892519685038
21
-3.4795389763779525
0
LINE
8
BLACK
6
CONTINUOUS
10
6.3125892519685038
20
-3.4795389763779525
11
6.315496181102362
21
-3.4824459055118111
0
LINE
8
BLACK
6
CONTINUOUS
10
6.315496181102362
20
-3.4824459055118111
11
6.317551732283464
21
-3.4860062204724409
0
LINE
8
BLACK
6
CONTINUOUS
10
6.317551732283464
20
-3.4860062204724409
11
6.3186157480314957
21
-3.4899772047244095
0
LINE
8
BLACK
6
CONTINUOUS
10
6.3186157480314957
20
-3.4899772047244095
11
6.3186157480314957
21
-3.4940882283464565
0
LINE
8
BLACK
6
CONTINUOUS
10
6.3186157480314957
20
-3.4940882283464565
11
6.317551732283464
21
-3.4980592125984251
0
LINE
8
BLACK
6
CONTINUOUS
10
6.317551732283464
20
-3.4980592125984251
11
6.315496181102362
21
-3.5016195275590549
0
LINE
8
BLACK
6
CONTINUOUS
10
6.315496181102362
20
-3.5016195275590549
11
6.3125892519685038
21
-3.5045264566929135
0
LINE
8
BLACK
6
CONTINUOUS
10
6.3125892519685038
20
-3.5045264566929135
11
6.3090289370078736
21
-3.5065820078740155
0
LINE
8
BLACK
6
CONTINUOUS
10
6.3090289370078736
20
-3.5065820078740155
11
6.305057952755905
21
-3.5076460236220472
0
LINE
8
BLACK
6
CONTINUOUS
10
6.305057952755905
20
-3.5076460236220472
11
6.3009469291338585
21
-3.5076460236220472
0
LINE
8
BLACK
6
CONTINUOUS
10
6.3009469291338585
20
-3.5076460236220472
11
6.2969759448818898
21
-3.5065820078740155
0
LINE
8
BLACK
6
CONTINUOUS
10
6.2969759448818898
20
-3.5065820078740155
11
6.2934156299212596
21
-3.5045264566929135
0
LINE
8
BLACK
6
CONTINUOUS
10
6.2934156299212596
20
-3.5045264566929135
11
6.2905087007874014
21
-3.5016195275590549
0
LINE
8
BLACK
6
CONTINUOUS
10
6.2905087007874014
20
-3.5016195275590549
11
6.2884531496062994
21
-3.4980592125984251
0
LINE
8
BLACK
6
CONTINUOUS
10
6.2884531496062994
20
-3.4980592125984251
11
6.2873891338582677
21
-3.4940882283464565
0
LINE
8
BLACK
6
CONTINUOUS
10
6.2873891338582677
20
-3.4940882283464565
11
6.2873891338582677
21
-3.4899772047244095
0
LINE
8
BLACK
6
CONTINUOUS
10
6.2873891338582677
20
-3.4899772047244095
11
6.2879009842519684
21
-3.4880668110236219
0
LINE
8
BLACK
6
CONTINUOUS
10
6.2879009842519684
20
-3.4880668110236219
11
6.2384404724409448
21
-3.4386062598425196
0
LINE
8
BLACK
6
CONTINUOUS
10
6.2384404724409448
20
-3.4386062598425196
11
6.052432440944882
21
-3.4386062598425196
0
LINE
8
BLACK
6
CONTINUOUS
10
6.052432440944882
20
-3.4386062598425196
11
6.0508962992125985
21
-3.4384549606299211
0
LINE
8
BLACK
6
CONTINUOUS
10
6.0508962992125985
20
-3.4384549606299211
11
6.0480578740157478
21
-3.437279251968504
0
LINE
8
BLACK
6
CONTINUOUS
10
6.0480578740157478
20
-3.437279251968504
11
6.0468646850393704
21
-3.4363000393700784
0
LINE
8
BLACK
6
CONTINUOUS
10
6.0468646850393704
20
-3.4363000393700784
11
6.0444515748031495
21
-3.4338868897637793
0
LINE
8
BLACK
6
CONTINUOUS
10
6.0444515748031495
20
-3.4338868897637793
11
5.9240572440944881
21
-3.4338868897637793
0
LINE
8
BLACK
6
CONTINUOUS
10
5.9240572440944881
20
-3.4338868897637793
11
5.9178595669291338
21
-3.4400845669291336
0
LINE
8
BLACK
6
CONTINUOUS
10
5.9178595669291338
20
-3.4400845669291336
11
5.9166663779527555
21
-3.4410638188976379
0
LINE
8
BLACK
6
CONTINUOUS
10
5.9166663779527555
20
-3.4410638188976379
11
5.9138279527559057
21
-3.4422395275590549
0
LINE
8
BLACK
6
CONTINUOUS
10
5.9138279527559057
20
-3.4422395275590549
11
5.9122918110236222
21
-3.4423908267716534
0
LINE
8
BLACK
6
CONTINUOUS
10
5.9122918110236222
20
-3.4423908267716534
11
5.8438813779527559
21
-3.4423908267716534
0
LINE
8
BLACK
6
CONTINUOUS
10
5.8438813779527559
20
-3.4423908267716534
11
5.8422616535433072
21
-3.4440105511811021
0
LINE
8
BLACK
6
CONTINUOUS
10
5.8422616535433072
20
-3.4440105511811021
11
5.8387013385826769
21
-3.4460661023622046
0
LINE
8
BLACK
6
CONTINUOUS
10
5.8387013385826769
20
-3.4460661023622046
11
5.8347303543307083
21
-3.4471301181102363
0
LINE
8
BLACK
6
CONTINUOUS
10
5.8347303543307083
20
-3.4471301181102363
11
5.8306193307086609
21
-3.4471301181102363
0
LINE
8
BLACK
6
CONTINUOUS
10
5.8306193307086609
20
-3.4471301181102363
11
5.8266483464566932
21
-3.4460661023622046
0
LINE
8
BLACK
6
CONTINUOUS
10
5.8266483464566932
20
-3.4460661023622046
11
5.8230880314960629
21
-3.4440105511811021
0
LINE
8
BLACK
6
CONTINUOUS
10
5.8230880314960629
20
-3.4440105511811021
11
5.8201811023622048
21
-3.441103622047244
0
LINE
8
BLACK
6
CONTINUOUS
10
5.8201811023622048
20
-3.441103622047244
11
5.8181255511811019
21
-3.4375433070866142
0
LINE
8
BLACK
6
CONTINUOUS
10
5.8181255511811019
20
-3.4375433070866142
11
5.817061535433071
21
-3.4335723228346455
0
LINE
8
BLACK
6
CONTINUOUS
10
5.817061535433071
20
-3.4335723228346455
11
5.817061535433071
21
-3.4294612992125986
0
LINE
8
BLACK
6
CONTINUOUS
10
5.817061535433071
20
-3.4294612992125986
11
5.8181255511811019
21
-3.4254903149606299
0
LINE
8
BLACK
6
CONTINUOUS
10
5.8181255511811019
20
-3.4254903149606299
11
5.8201811023622048
21
-3.4219300000000001
0
LINE
8
BLACK
6
CONTINUOUS
10
5.8201811023622048
20
-3.4219300000000001
11
5.8230880314960629
21
-3.4190230708661415
0
LINE
8
BLACK
6
CONTINUOUS
10
5.8230880314960629
20
-3.4190230708661415
11
5.8266483464566932
21
-3.4169675196850391
0
LINE
8
BLACK
6
CONTINUOUS
10
5.8266483464566932
20
-3.4169675196850391
11
5.8306193307086609
21
-3.4159035039370078
0
LINE
8
BLACK
6
CONTINUOUS
10
5.8306193307086609
20
-3.4159035039370078
11
5.8347303543307083
21
-3.4159035039370078
0
LINE
8
BLACK
6
CONTINUOUS
10
5.8347303543307083
20
-3.4159035039370078
11
5.8387013385826769
21
-3.4169675196850391
0
LINE
8
BLACK
6
CONTINUOUS
10
6.0637980314960629
20
-3.4713448031496061
11
6.0673583464566931
21
-3.4734003543307086
0
LINE
8
BLACK
6
CONTINUOUS
10
6.0673583464566931
20
-3.4734003543307086
11
6.0702652755905513
21
-3.4763072834645667
0
LINE
8
BLACK
6
CONTINUOUS
10
6.0702652755905513
20
-3.4763072834645667
11
6.0723208267716533
21
-3.4798675984251966
0
LINE
8
BLACK
6
CONTINUOUS
10
6.0723208267716533
20
-3.4798675984251966
11
6.073384842519685
21
-3.4838385826771652
0
LINE
8
BLACK
6
CONTINUOUS
10
6.073384842519685
20
-3.4838385826771652
11
6.073384842519685
21
-3.4879496062992126
0
LINE
8
BLACK
6
CONTINUOUS
10
6.073384842519685
20
-3.4879496062992126
11
6.0723208267716533
21
-3.4919205905511812
0
LINE
8
BLACK
6
CONTINUOUS
10
6.0723208267716533
20
-3.4919205905511812
11
6.0702652755905513
21
-3.495480905511811
0
LINE
8
BLACK
6
CONTINUOUS
10
6.0702652755905513
20
-3.495480905511811
11
6.0673583464566931
21
-3.4983878346456692
0
LINE
8
BLACK
6
CONTINUOUS
10
6.0673583464566931
20
-3.4983878346456692
11
6.0637980314960629
21
-3.5004433858267716
0
LINE
8
BLACK
6
CONTINUOUS
10
6.0637980314960629
20
-3.5004433858267716
11
6.0598270472440943
21
-3.5015074015748029
0
LINE
8
BLACK
6
CONTINUOUS
10
6.0598270472440943
20
-3.5015074015748029
11
6.0557160236220469
21
-3.5015074015748029
0
LINE
8
BLACK
6
CONTINUOUS
10
6.0557160236220469
20
-3.5015074015748029
11
6.0517450393700782
21
-3.5004433858267716
0
LINE
8
BLACK
6
CONTINUOUS
10
6.0517450393700782
20
-3.5004433858267716
11
6.0481847244094489
21
-3.4983878346456692
0
LINE
8
BLACK
6
CONTINUOUS
10
6.0481847244094489
20
-3.4983878346456692
11
6.0452777952755907
21
-3.495480905511811
0
LINE
8
BLACK
6
CONTINUOUS
10
6.0452777952755907
20
-3.495480905511811
11
6.0432222440944878
21
-3.4919205905511812
0
LINE
8
BLACK
6
CONTINUOUS
10
6.0432222440944878
20
-3.4919205905511812
11
6.042158228346457
21
-3.4879496062992126
0
LINE
8
BLACK
6
CONTINUOUS
10
6.042158228346457
20
-3.4879496062992126
11
6.042158228346457
21
-3.4838385826771652
0
LINE
8
BLACK
6
CONTINUOUS
10
6.042158228346457
20
-3.4838385826771652
11
6.0432222440944878
21
-3.4798675984251966
0
LINE
8
BLACK
6
CONTINUOUS
10
6.0432222440944878
20
-3.4798675984251966
11
6.0452777952755907
21
-3.4763072834645667
0
LINE
8
BLACK
6
CONTINUOUS
10
6.0452777952755907
20
-3.4763072834645667
11
6.0481847244094489
21
-3.4734003543307086
0
LINE
8
BLACK
6
CONTINUOUS
10
6.0481847244094489
20
-3.4734003543307086
11
6.0517450393700782
21
-3.4713448031496061
0
LINE
8
BLACK
6
CONTINUOUS
10
6.0517450393700782
20
-3.4713448031496061
11
6.0557160236220469
21
-3.4702807874015749
0
LINE
8
BLACK
6
CONTINUOUS
10
6.0557160236220469
20
-3.4702807874015749
11
6.0598270472440943
21
-3.4702807874015749
0
LINE
8
BLACK
6
CONTINUOUS
10
6.0598270472440943
20
-3.4702807874015749
11
6.0637980314960629
21
-3.4713448031496061
0
LINE
8
BLACK
6
CONTINUOUS
10
6.0723804330708662
20
-3.3842447244094487
11
6.0759407480314955
21
-3.3863002755905511
0
LINE
8
BLACK
6
CONTINUOUS
10
6.0759407480314955
20
-3.3863002755905511
11
6.0788476771653546
21
-3.3892072047244093
0
LINE
8
BLACK
6
CONTINUOUS
10
6.0788476771653546
20
-3.3892072047244093
11
6.0809032283464566
21
-3.3927675196850391
0
LINE
8
BLACK
6
CONTINUOUS
10
6.0809032283464566
20
-3.3927675196850391
11
6.0819672440944883
21
-3.3967385039370077
0
LINE
8
BLACK
6
CONTINUOUS
10
6.0819672440944883
20
-3.3967385039370077
11
6.0819672440944883
21
-3.4008495275590551
0
LINE
8
BLACK
6
CONTINUOUS
10
6.0819672440944883
20
-3.4008495275590551
11
6.0809032283464566
21
-3.4048205118110237
0
LINE
8
BLACK
6
CONTINUOUS
10
6.0809032283464566
20
-3.4048205118110237
11
6.0788476771653546
21
-3.4083808267716535
0
LINE
8
BLACK
6
CONTINUOUS
10
6.0788476771653546
20
-3.4083808267716535
11
6.0759407480314955
21
-3.4112877559055117
0
LINE
8
BLACK
6
CONTINUOUS
10
6.0759407480314955
20
-3.4112877559055117
11
6.0723804330708662
21
-3.4133433070866142
0
LINE
8
BLACK
6
CONTINUOUS
10
6.0723804330708662
20
-3.4133433070866142
11
6.0684094488188975
21
-3.4144073228346454
0
LINE
8
BLACK
6
CONTINUOUS
10
6.0684094488188975
20
-3.4144073228346454
11
6.0642984251968501
21
-3.4144073228346454
0
LINE
8
BLACK
6
CONTINUOUS
10
6.0642984251968501
20
-3.4144073228346454
11
6.0603274409448815
21
-3.4133433070866142
0
LINE
8
BLACK
6
CONTINUOUS
10
6.0603274409448815
20
-3.4133433070866142
11
6.0567671259842522
21
-3.4112877559055117
0
LINE
8
BLACK
6
CONTINUOUS
10
6.0567671259842522
20
-3.4112877559055117
11
6.053860196850394
21
-3.4083808267716535
0
LINE
8
BLACK
6
CONTINUOUS
10
6.053860196850394
20
-3.4083808267716535
11
6.0518046456692911
21
-3.4048205118110237
0
LINE
8
BLACK
6
CONTINUOUS
10
6.0518046456692911
20
-3.4048205118110237
11
6.0507406299212594
21
-3.4008495275590551
0
LINE
8
BLACK
6
CONTINUOUS
10
6.0507406299212594
20
-3.4008495275590551
11
6.0507406299212594
21
-3.3967385039370077
0
LINE
8
BLACK
6
CONTINUOUS
10
6.0507406299212594
20
-3.3967385039370077
11
6.0518046456692911
21
-3.3927675196850391
0
LINE
8
BLACK
6
CONTINUOUS
10
6.0518046456692911
20
-3.3927675196850391
11
6.053860196850394
21
-3.3892072047244093
0
LINE
8
BLACK
6
CONTINUOUS
10
6.053860196850394
20
-3.3892072047244093
11
6.0567671259842522
21
-3.3863002755905511
0
LINE
8
BLACK
6
CONTINUOUS
10
6.0567671259842522
20
-3.3863002755905511
11
6.0603274409448815
21
-3.3842447244094487
0
LINE
8
BLACK
6
CONTINUOUS
10
6.0603274409448815
20
-3.3842447244094487
11
6.0642984251968501
21
-3.3831807086614174
0
LINE
8
BLACK
6
CONTINUOUS
10
6.0642984251968501
20
-3.3831807086614174
11
6.0684094488188975
21
-3.3831807086614174
0
LINE
8
BLACK
6
CONTINUOUS
10
6.0684094488188975
20
-3.3831807086614174
11
6.0723804330708662
21
-3.3842447244094487
0
LINE
8
BLACK
6
CONTINUOUS
10
6.0334481102362201
20
-3.3783893307086612
11
6.0370084251968503
21
-3.3804448818897637
0
LINE
8
BLACK
6
CONTINUOUS
10
6.0370084251968503
20
-3.3804448818897637
11
6.0399153543307085
21
-3.3833518110236218
0
LINE
8
BLACK
6
CONTINUOUS
10
6.0399153543307085
20
-3.3833518110236218
11
6.0419709055118105
21
-3.3869121259842521
0
LINE
8
BLACK
6
CONTINUOUS
10
6.0419709055118105
20
-3.3869121259842521
11
6.0430349212598422
21
-3.3908831102362202
0
LINE
8
BLACK
6
CONTINUOUS
10
6.0430349212598422
20
-3.3908831102362202
11
6.0430349212598422
21
-3.3949941338582676
0
LINE
8
BLACK
6
CONTINUOUS
10
6.0430349212598422
20
-3.3949941338582676
11
6.0419709055118105
21
-3.3989651181102363
0
LINE
8
BLACK
6
CONTINUOUS
10
6.0419709055118105
20
-3.3989651181102363
11
6.0399153543307085
21
-3.4025254330708661
0
LINE
8
BLACK
6
CONTINUOUS
10
6.0399153543307085
20
-3.4025254330708661
11
6.0370084251968503
21
-3.4054323622047242
0
LINE
8
BLACK
6
CONTINUOUS
10
6.0370084251968503
20
-3.4054323622047242
11
6.0334481102362201
21
-3.4074879133858267
0
LINE
8
BLACK
6
CONTINUOUS
10
6.0334481102362201
20
-3.4074879133858267
11
6.0294771259842515
21
-3.4085519291338584
0
LINE
8
BLACK
6
CONTINUOUS
10
6.0294771259842515
20
-3.4085519291338584
11
6.0253661023622049
21
-3.4085519291338584
0
LINE
8
BLACK
6
CONTINUOUS
10
6.0253661023622049
20
-3.4085519291338584
11
6.0213951181102363
21
-3.4074879133858267
0
LINE
8
BLACK
6
CONTINUOUS
10
6.0213951181102363
20
-3.4074879133858267
11
6.0178348031496061
21
-3.4054323622047242
0
LINE
8
BLACK
6
CONTINUOUS
10
6.0178348031496061
20
-3.4054323622047242
11
6.0149278740157479
21
-3.4025254330708661
0
LINE
8
BLACK
6
CONTINUOUS
10
6.0149278740157479
20
-3.4025254330708661
11
6.0128723228346459
21
-3.3989651181102363
0
LINE
8
BLACK
6
CONTINUOUS
10
6.0128723228346459
20
-3.3989651181102363
11
6.0118083070866142
21
-3.3949941338582676
0
LINE
8
BLACK
6
CONTINUOUS
10
6.0118083070866142
20
-3.3949941338582676
11
6.0118083070866142
21
-3.3908831102362202
0
LINE
8
BLACK
6
CONTINUOUS
10
6.0118083070866142
20
-3.3908831102362202
11
6.0128723228346459
21
-3.3869121259842521
0
LINE
8
BLACK
6
CONTINUOUS
10
6.0128723228346459
20
-3.3869121259842521
11
6.0149278740157479
21
-3.3833518110236218
0
LINE
8
BLACK
6
CONTINUOUS
10
6.0149278740157479
20
-3.3833518110236218
11
6.0178348031496061
21
-3.3804448818897637
0
LINE
8
BLACK
6
CONTINUOUS
10
6.0178348031496061
20
-3.3804448818897637
11
6.0213951181102363
21
-3.3783893307086612
0
LINE
8
BLACK
6
CONTINUOUS
10
6.0213951181102363
20
-3.3783893307086612
11
6.0253661023622049
21
-3.3773253149606299
0
LINE
8
BLACK
6
CONTINUOUS
10
6.0253661023622049
20
-3.3773253149606299
11
6.0294771259842515
21
-3.3773253149606299
0
LINE
8
BLACK
6
CONTINUOUS
10
6.0294771259842515
20
-3.3773253149606299
11
6.0334481102362201
21
-3.3783893307086612
0
LINE
8
BLACK
6
CONTINUOUS
10
6.1353312598425198
20
-3.3695853149606299
11
6.1388915748031492
21
-3.3716408661417323
0
LINE
8
BLACK
6
CONTINUOUS
10
6.1388915748031492
20
-3.3716408661417323
11
6.1417985039370073
21
-3.3745477952755905
0
LINE
8
BLACK
6
CONTINUOUS
10
6.1417985039370073
20
-3.3745477952755905
11
6.1438540551181102
21
-3.3781081102362203
0
LINE
8
BLACK
6
CONTINUOUS
10
6.1438540551181102
20
-3.3781081102362203
11
6.1449180708661419
21
-3.3820790944881889
0
LINE
8
BLACK
6
CONTINUOUS
10
6.1449180708661419
20
-3.3820790944881889
11
6.1449180708661419
21
-3.3861901181102363
0
LINE
8
BLACK
6
CONTINUOUS
10
6.1449180708661419
20
-3.3861901181102363
11
6.1438540551181102
21
-3.3901611023622045
0
LINE
8
BLACK
6
CONTINUOUS
10
6.1438540551181102
20
-3.3901611023622045
11
6.1417985039370073
21
-3.3937214173228347
0
LINE
8
BLACK
6
CONTINUOUS
10
6.1417985039370073
20
-3.3937214173228347
11
6.1388915748031492
21
-3.3966283464566929
0
LINE
8
BLACK
6
CONTINUOUS
10
6.1388915748031492
20
-3.3966283464566929
11
6.1353312598425198
21
-3.3986838976377953
0
LINE
8
BLACK
6
CONTINUOUS
10
6.1353312598425198
20
-3.3986838976377953
11
6.1313602755905512
21
-3.3997479133858266
0
LINE
8
BLACK
6
CONTINUOUS
10
6.1313602755905512
20
-3.3997479133858266
11
6.1272492519685038
21
-3.3997479133858266
0
LINE
8
BLACK
6
CONTINUOUS
10
6.1272492519685038
20
-3.3997479133858266
11
6.1232782677165352
21
-3.3986838976377953
0
LINE
8
BLACK
6
CONTINUOUS
10
6.1232782677165352
20
-3.3986838976377953
11
6.1197179527559058
21
-3.3966283464566929
0
LINE
8
BLACK
6
CONTINUOUS
10
6.1197179527559058
20
-3.3966283464566929
11
6.1168110236220468
21
-3.3937214173228347
0
LINE
8
BLACK
6
CONTINUOUS
10
6.1168110236220468
20
-3.3937214173228347
11
6.1147554724409448
21
-3.3901611023622045
0
LINE
8
BLACK
6
CONTINUOUS
10
6.1147554724409448
20
-3.3901611023622045
11
6.113691456692913
21
-3.3861901181102363
0
LINE
8
BLACK
6
CONTINUOUS
10
6.113691456692913
20
-3.3861901181102363
11
6.113691456692913
21
-3.3820790944881889
0
LINE
8
BLACK
6
CONTINUOUS
10
6.113691456692913
20
-3.3820790944881889
11
6.1147554724409448
21
-3.3781081102362203
0
LINE
8
BLACK
6
CONTINUOUS
10
6.1147554724409448
20
-3.3781081102362203
11
6.1168110236220468
21
-3.3745477952755905
0
LINE
8
BLACK
6
CONTINUOUS
10
6.1168110236220468
20
-3.3745477952755905
11
6.1197179527559058
21
-3.3716408661417323
0
LINE
8
BLACK
6
CONTINUOUS
10
6.1197179527559058
20
-3.3716408661417323
11
6.1232782677165352
21
-3.3695853149606299
0
LINE
8
BLACK
6
CONTINUOUS
10
6.1232782677165352
20
-3.3695853149606299
11
6.1272492519685038
21
-3.3685212992125981
0
LINE
8
BLACK
6
CONTINUOUS
10
6.1272492519685038
20
-3.3685212992125981
11
6.1313602755905512
21
-3.3685212992125981
0
LINE
8
BLACK
6
CONTINUOUS
10
6.1313602755905512
20
-3.3685212992125981
11
6.1353312598425198
21
-3.3695853149606299
0
LINE
8
BLACK
6
CONTINUOUS
10
7.0707018897637797
20
-4.4829669685039368
11
7.074262204724409
21
-4.4850225196850388
0
LINE
8
BLACK
6
CONTINUOUS
10
7.074262204724409
20
-4.4850225196850388
11
7.0771691338582672
21
-4.4879294488188979
0
LINE
8
BLACK
6
CONTINUOUS
10
7.0771691338582672
20
-4.4879294488188979
11
7.0792246850393701
21
-4.4914897637795272
0
LINE
8
BLACK
6
CONTINUOUS
10
7.0792246850393701
20
-4.4914897637795272
11
7.0802887007874018
21
-4.4954607480314959
0
LINE
8
BLACK
6
CONTINUOUS
10
7.0802887007874018
20
-4.4954607480314959
11
7.0802887007874018
21
-4.4995717716535433
0
LINE
8
BLACK
6
CONTINUOUS
10
7.0802887007874018
20
-4.4995717716535433
11
7.0792246850393701
21
-4.5035427559055119
0
LINE
8
BLACK
6
CONTINUOUS
10
7.0792246850393701
20
-4.5035427559055119
11
7.0771691338582672
21
-4.5071030708661413
0
LINE
8
BLACK
6
CONTINUOUS
10
7.0771691338582672
20
-4.5071030708661413
11
7.074262204724409
21
-4.5100100000000003
0
LINE
8
BLACK
6
CONTINUOUS
10
7.074262204724409
20
-4.5100100000000003
11
7.0707018897637797
21
-4.5120655511811023
0
LINE
8
BLACK
6
CONTINUOUS
10
7.0707018897637797
20
-4.5120655511811023
11
7.066730905511811
21
-4.513129566929134
0
LINE
8
BLACK
6
CONTINUOUS
10
7.066730905511811
20
-4.513129566929134
11
7.0626198818897636
21
-4.513129566929134
0
LINE
8
BLACK
6
CONTINUOUS
10
7.0626198818897636
20
-4.513129566929134
11
7.058648897637795
21
-4.5120655511811023
0
LINE
8
BLACK
6
CONTINUOUS
10
7.058648897637795
20
-4.5120655511811023
11
7.0550885826771648
21
-4.5100100000000003
0
LINE
8
BLACK
6
CONTINUOUS
10
7.0550885826771648
20
-4.5100100000000003
11
7.0521816535433066
21
-4.5071030708661413
0
LINE
8
BLACK
6
CONTINUOUS
10
7.0521816535433066
20
-4.5071030708661413
11
7.0501261023622046
21
-4.5035427559055119
0
LINE
8
BLACK
6
CONTINUOUS
10
7.0501261023622046
20
-4.5035427559055119
11
7.0490620866141729
21
-4.4995717716535433
0
LINE
8
BLACK
6
CONTINUOUS
10
7.0490620866141729
20
-4.4995717716535433
11
7.0490620866141729
21
-4.4954607480314959
0
LINE
8
BLACK
6
CONTINUOUS
10
7.0490620866141729
20
-4.4954607480314959
11
7.0501261023622046
21
-4.4914897637795272
0
LINE
8
BLACK
6
CONTINUOUS
10
7.0501261023622046
20
-4.4914897637795272
11
7.0521816535433066
21
-4.4879294488188979
0
LINE
8
BLACK
6
CONTINUOUS
10
7.0521816535433066
20
-4.4879294488188979
11
7.0550885826771648
21
-4.4850225196850388
0
LINE
8
BLACK
6
CONTINUOUS
10
7.0550885826771648
20
-4.4850225196850388
11
7.058648897637795
21
-4.4829669685039368
0
LINE
8
BLACK
6
CONTINUOUS
10
7.058648897637795
20
-4.4829669685039368
11
7.0626198818897636
21
-4.4819029527559051
0
LINE
8
BLACK
6
CONTINUOUS
10
7.0626198818897636
20
-4.4819029527559051
11
7.066730905511811
21
-4.4819029527559051
0
LINE
8
BLACK
6
CONTINUOUS
10
7.066730905511811
20
-4.4819029527559051
11
7.0707018897637797
21
-4.4829669685039368
0
LINE
8
BLACK
6
CONTINUOUS
10
7.1160720078740152
20
-4.4827001181102357
11
7.1196323228346454
21
-4.4847556692913386
0
LINE
8
BLACK
6
CONTINUOUS
10
7.1196323228346454
20
-4.4847556692913386
11
7.1225392519685036
21
-4.4876625984251968
0
LINE
8
BLACK
6
CONTINUOUS
10
7.1225392519685036
20
-4.4876625984251968
11
7.1245948031496065
21
-4.491222913385827
0
LINE
8
BLACK
6
CONTINUOUS
10
7.1245948031496065
20
-4.491222913385827
11
7.1256588188976373
21
-4.4951938976377948
0
LINE
8
BLACK
6
CONTINUOUS
10
7.1256588188976373
20
-4.4951938976377948
11
7.1256588188976373
21
-4.4993049212598422
0
LINE
8
BLACK
6
CONTINUOUS
10
7.1256588188976373
20
-4.4993049212598422
11
7.1245948031496065
21
-4.5032759055118108
0
LINE
8
BLACK
6
CONTINUOUS
10
7.1245948031496065
20
-4.5032759055118108
11
7.1225392519685036
21
-4.506836220472441
0
LINE
8
BLACK
6
CONTINUOUS
10
7.1225392519685036
20
-4.506836220472441
11
7.1196323228346454
21
-4.5097431496062992
0
LINE
8
BLACK
6
CONTINUOUS
10
7.1196323228346454
20
-4.5097431496062992
11
7.1160720078740152
21
-4.5117987007874012
0
LINE
8
BLACK
6
CONTINUOUS
10
7.1160720078740152
20
-4.5117987007874012
11
7.1121010236220474
21
-4.5128627165354329
0
LINE
8
BLACK
6
CONTINUOUS
10
7.1121010236220474
20
-4.5128627165354329
11
7.10799
21
-4.5128627165354329
0
LINE
8
BLACK
6
CONTINUOUS
10
7.10799
20
-4.5128627165354329
11
7.1040190157480314
21
-4.5117987007874012
0
LINE
8
BLACK
6
CONTINUOUS
10
7.1040190157480314
20
-4.5117987007874012
11
7.1004587007874012
21
-4.5097431496062992
0
LINE
8
BLACK
6
CONTINUOUS
10
7.1004587007874012
20
-4.5097431496062992
11
7.097551771653543
21
-4.506836220472441
0
LINE
8
BLACK
6
CONTINUOUS
10
7.097551771653543
20
-4.506836220472441
11
7.095496220472441
21
-4.5032759055118108
0
LINE
8
BLACK
6
CONTINUOUS
10
7.095496220472441
20
-4.5032759055118108
11
7.0944322047244093
21
-4.4993049212598422
0
LINE
8
BLACK
6
CONTINUOUS
10
7.0944322047244093
20
-4.4993049212598422
11
7.0944322047244093
21
-4.4951938976377948
0
LINE
8
BLACK
6
CONTINUOUS
10
7.0944322047244093
20
-4.4951938976377948
11
7.095496220472441
21
-4.491222913385827
0
LINE
8
BLACK
6
CONTINUOUS
10
7.095496220472441
20
-4.491222913385827
11
7.097551771653543
21
-4.4876625984251968
0
LINE
8
BLACK
6
CONTINUOUS
10
7.097551771653543
20
-4.4876625984251968
11
7.1004587007874012
21
-4.4847556692913386
0
LINE
8
BLACK
6
CONTINUOUS
10
7.1004587007874012
20
-4.4847556692913386
11
7.1040190157480314
21
-4.4827001181102357
0
LINE
8
BLACK
6
CONTINUOUS
10
7.1040190157480314
20
-4.4827001181102357
11
7.10799
21
-4.4816361023622049
0
LINE
8
BLACK
6
CONTINUOUS
10
7.10799
20
-4.4816361023622049
11
7.1121010236220474
21
-4.4816361023622049
0
LINE
8
BLACK
6
CONTINUOUS
10
7.1121010236220474
20
-4.4816361023622049
11
7.1160720078740152
21
-4.4827001181102357
0
LINE
8
BLACK
6
CONTINUOUS
10
4.6977013385826769
20
-4.4577902755905514
11
4.7012616535433072
21
-4.4598458267716534
0
LINE
8
BLACK
6
CONTINUOUS
10
4.7012616535433072
20
-4.4598458267716534
11
4.7041685826771653
21
-4.4627527559055116
0
LINE
8
BLACK
6
CONTINUOUS
10
4.7041685826771653
20
-4.4627527559055116
11
4.7062241338582673
21
-4.4663130708661418
0
LINE
8
BLACK
6
CONTINUOUS
10
4.7062241338582673
20
-4.4663130708661418
11
4.707288149606299
21
-4.4702840551181104
0
LINE
8
BLACK
6
CONTINUOUS
10
4.707288149606299
20
-4.4702840551181104
11
4.707288149606299
21
-4.474395078740157
0
LINE
8
BLACK
6
CONTINUOUS
10
4.707288149606299
20
-4.474395078740157
11
4.7062241338582673
21
-4.4783660629921256
0
LINE
8
BLACK
6
CONTINUOUS
10
4.7062241338582673
20
-4.4783660629921256
11
4.7041685826771653
21
-4.4819263779527558
0
LINE
8
BLACK
6
CONTINUOUS
10
4.7041685826771653
20
-4.4819263779527558
11
4.7012616535433072
21
-4.484833307086614
0
LINE
8
BLACK
6
CONTINUOUS
10
4.7012616535433072
20
-4.484833307086614
11
4.6977013385826769
21
-4.486888858267716
0
LINE
8
BLACK
6
CONTINUOUS
10
4.6977013385826769
20
-4.486888858267716
11
4.6937303543307083
21
-4.4879528740157477
0
LINE
8
BLACK
6
CONTINUOUS
10
4.6937303543307083
20
-4.4879528740157477
11
4.6896193307086609
21
-4.4879528740157477
0
LINE
8
BLACK
6
CONTINUOUS
10
4.6896193307086609
20
-4.4879528740157477
11
4.6856483464566931
21
-4.486888858267716
0
LINE
8
BLACK
6
CONTINUOUS
10
4.6856483464566931
20
-4.486888858267716
11
4.6820880314960629
21
-4.484833307086614
0
LINE
8
BLACK
6
CONTINUOUS
10
4.6820880314960629
20
-4.484833307086614
11
4.6791811023622047
21
-4.4819263779527558
0
LINE
8
BLACK
6
CONTINUOUS
10
4.6791811023622047
20
-4.4819263779527558
11
4.6771255511811018
21
-4.4783660629921256
0
LINE
8
BLACK
6
CONTINUOUS
10
4.6771255511811018
20
-4.4783660629921256
11
4.676061535433071
21
-4.474395078740157
0
LINE
8
BLACK
6
CONTINUOUS
10
4.676061535433071
20
-4.474395078740157
11
4.676061535433071
21
-4.4702840551181104
0
LINE
8
BLACK
6
CONTINUOUS
10
4.676061535433071
20
-4.4702840551181104
11
4.6771255511811018
21
-4.4663130708661418
0
LINE
8
BLACK
6
CONTINUOUS
10
4.6771255511811018
20
-4.4663130708661418
11
4.6791811023622047
21
-4.4627527559055116
0
LINE
8
BLACK
6
CONTINUOUS
10
4.6791811023622047
20
-4.4627527559055116
11
4.6820880314960629
21
-4.4598458267716534
0
LINE
8
BLACK
6
CONTINUOUS
10
4.6820880314960629
20
-4.4598458267716534
11
4.6856483464566931
21
-4.4577902755905514
0
LINE
8
BLACK
6
CONTINUOUS
10
4.6856483464566931
20
-4.4577902755905514
11
4.6896193307086609
21
-4.4567262598425197
0
LINE
8
BLACK
6
CONTINUOUS
10
4.6896193307086609
20
-4.4567262598425197
11
4.6937303543307083
21
-4.4567262598425197
0
LINE
8
BLACK
6
CONTINUOUS
10
4.6937303543307083
20
-4.4567262598425197
11
4.6977013385826769
21
-4.4577902755905514
0
LINE
8
BLACK
6
CONTINUOUS
10
4.4159525590551176
20
-4.4437163779527555
11
4.4195128740157479
21
-4.4457719291338584
0
LINE
8
BLACK
6
CONTINUOUS
10
4.4195128740157479
20
-4.4457719291338584
11
4.422419803149606
21
-4.4486788582677166
0
LINE
8
BLACK
6
CONTINUOUS
10
4.422419803149606
20
-4.4486788582677166
11
4.4244753543307089
21
-4.4522391732283459
0
LINE
8
BLACK
6
CONTINUOUS
10
4.4244753543307089
20
-4.4522391732283459
11
4.4255393700787398
21
-4.4562101574803146
0
LINE
8
BLACK
6
CONTINUOUS
10
4.4255393700787398
20
-4.4562101574803146
11
4.4255393700787398
21
-4.460321181102362
0
LINE
8
BLACK
6
CONTINUOUS
10
4.4255393700787398
20
-4.460321181102362
11
4.4244753543307089
21
-4.4642921653543306
0
LINE
8
BLACK
6
CONTINUOUS
10
4.4244753543307089
20
-4.4642921653543306
11
4.422419803149606
21
-4.4678524803149609
0
LINE
8
BLACK
6
CONTINUOUS
10
4.422419803149606
20
-4.4678524803149609
11
4.4195128740157479
21
-4.470759409448819
0
LINE
8
BLACK
6
CONTINUOUS
10
4.4195128740157479
20
-4.470759409448819
11
4.4159525590551176
21
-4.472814960629921
0
LINE
8
BLACK
6
CONTINUOUS
10
4.4159525590551176
20
-4.472814960629921
11
4.4119815748031499
21
-4.4738789763779527
0
LINE
8
BLACK
6
CONTINUOUS
10
4.4119815748031499
20
-4.4738789763779527
11
4.4078705511811025
21
-4.4738789763779527
0
LINE
8
BLACK
6
CONTINUOUS
10
4.4078705511811025
20
-4.4738789763779527
11
4.4038995669291339
21
-4.472814960629921
0
LINE
8
BLACK
6
CONTINUOUS
10
4.4038995669291339
20
-4.472814960629921
11
4.4003392519685036
21
-4.470759409448819
0
LINE
8
BLACK
6
CONTINUOUS
10
4.4003392519685036
20
-4.470759409448819
11
4.3974323228346455
21
-4.4678524803149609
0
LINE
8
BLACK
6
CONTINUOUS
10
4.3974323228346455
20
-4.4678524803149609
11
4.3953767716535435
21
-4.4642921653543306
0
LINE
8
BLACK
6
CONTINUOUS
10
4.3953767716535435
20
-4.4642921653543306
11
4.3943127559055117
21
-4.460321181102362
0
LINE
8
BLACK
6
CONTINUOUS
10
4.3943127559055117
20
-4.460321181102362
11
4.3943127559055117
21
-4.4562101574803146
0
LINE
8
BLACK
6
CONTINUOUS
10
4.3943127559055117
20
-4.4562101574803146
11
4.3953767716535435
21
-4.4522391732283459
0
LINE
8
BLACK
6
CONTINUOUS
10
4.3953767716535435
20
-4.4522391732283459
11
4.3974323228346455
21
-4.4486788582677166
0
LINE
8
BLACK
6
CONTINUOUS
10
4.3974323228346455
20
-4.4486788582677166
11
4.4003392519685036
21
-4.4457719291338584
0
LINE
8
BLACK
6
CONTINUOUS
10
4.4003392519685036
20
-4.4457719291338584
11
4.4038995669291339
21
-4.4437163779527555
0
LINE
8
BLACK
6
CONTINUOUS
10
4.4038995669291339
20
-4.4437163779527555
11
4.4078705511811025
21
-4.4426523622047247
0
LINE
8
BLACK
6
CONTINUOUS
10
4.4078705511811025
20
-4.4426523622047247
11
4.4119815748031499
21
-4.4426523622047247
0
LINE
8
BLACK
6
CONTINUOUS
10
4.4119815748031499
20
-4.4426523622047247
11
4.4159525590551176
21
-4.4437163779527555
0
LINE
8
BLACK
6
CONTINUOUS
10
4.2877014173228343
20
-4.439967559055118
11
4.2912617322834645
21
-4.44202311023622
0
LINE
8
BLACK
6
CONTINUOUS
10
4.2912617322834645
20
-4.44202311023622
11
4.2941686614173227
21
-4.444930039370079
0
LINE
8
BLACK
6
CONTINUOUS
10
4.2941686614173227
20
-4.444930039370079
11
4.2962242125984247
21
-4.4484903543307084
0
LINE
8
BLACK
6
CONTINUOUS
10
4.2962242125984247
20
-4.4484903543307084
11
4.2972882283464564
21
-4.452461338582677
0
LINE
8
BLACK
6
CONTINUOUS
10
4.2972882283464564
20
-4.452461338582677
11
4.2972882283464564
21
-4.4565723622047244
0
LINE
8
BLACK
6
CONTINUOUS
10
4.2972882283464564
20
-4.4565723622047244
11
4.2962242125984247
21
-4.460543346456693
0
LINE
8
BLACK
6
CONTINUOUS
10
4.2962242125984247
20
-4.460543346456693
11
4.2941686614173227
21
-4.4641036614173224
0
LINE
8
BLACK
6
CONTINUOUS
10
4.2941686614173227
20
-4.4641036614173224
11
4.2912617322834645
21
-4.4670105905511814
0
LINE
8
BLACK
6
CONTINUOUS
10
4.2912617322834645
20
-4.4670105905511814
11
4.2877014173228343
21
-4.4690661417322834
0
LINE
8
BLACK
6
CONTINUOUS
10
4.2877014173228343
20
-4.4690661417322834
11
4.2837304330708657
21
-4.4701301574803152
0
LINE
8
BLACK
6
CONTINUOUS
10
4.2837304330708657
20
-4.4701301574803152
11
4.2796194094488191
21
-4.4701301574803152
0
LINE
8
BLACK
6
CONTINUOUS
10
4.2796194094488191
20
-4.4701301574803152
11
4.2756484251968505
21
-4.4690661417322834
0
LINE
8
BLACK
6
CONTINUOUS
10
4.2756484251968505
20
-4.4690661417322834
11
4.2720881102362203
21
-4.4670105905511814
0
LINE
8
BLACK
6
CONTINUOUS
10
4.2720881102362203
20
-4.4670105905511814
11
4.2691811811023621
21
-4.4641036614173224
0
LINE
8
BLACK
6
CONTINUOUS
10
4.2691811811023621
20
-4.4641036614173224
11
4.2671256299212601
21
-4.460543346456693
0
LINE
8
BLACK
6
CONTINUOUS
10
4.2671256299212601
20
-4.460543346456693
11
4.2660616141732284
21
-4.4565723622047244
0
LINE
8
BLACK
6
CONTINUOUS
10
4.2660616141732284
20
-4.4565723622047244
11
4.2660616141732284
21
-4.452461338582677
0
LINE
8
BLACK
6
CONTINUOUS
10
4.2660616141732284
20
-4.452461338582677
11
4.2671256299212601
21
-4.4484903543307084
0
LINE
8
BLACK
6
CONTINUOUS
10
4.2671256299212601
20
-4.4484903543307084
11
4.2691811811023621
21
-4.444930039370079
0
LINE
8
BLACK
6
CONTINUOUS
10
4.2691811811023621
20
-4.444930039370079
11
4.2720881102362203
21
-4.44202311023622
0
LINE
8
BLACK
6
CONTINUOUS
10
4.2720881102362203
20
-4.44202311023622
11
4.2756484251968505
21
-4.439967559055118
0
LINE
8
BLACK
6
CONTINUOUS
10
4.2756484251968505
20
-4.439967559055118
11
4.2796194094488191
21
-4.4389035433070863
0
LINE
8
BLACK
6
CONTINUOUS
10
4.2796194094488191
20
-4.4389035433070863
11
4.2837304330708657
21
-4.4389035433070863
0
LINE
8
BLACK
6
CONTINUOUS
10
4.2837304330708657
20
-4.4389035433070863
11
4.2877014173228343
21
-4.439967559055118
0
LINE
8
BLACK
6
CONTINUOUS
10
4.6667013385826772
20
-4.3769675196850395
11
4.6702616535433066
21
-4.3790230708661415
0
LINE
8
BLACK
6
CONTINUOUS
10
4.6702616535433066
20
-4.3790230708661415
11
4.6731685826771656
21
-4.3819299999999997
0
LINE
8
BLACK
6
CONTINUOUS
10
4.6731685826771656
20
-4.3819299999999997
11
4.6752241338582676
21
-4.3854903149606299
0
LINE
8
BLACK
6
CONTINUOUS
10
4.6752241338582676
20
-4.3854903149606299
11
4.6762881496062993
21
-4.3894612992125985
0
LINE
8
BLACK
6
CONTINUOUS
10
4.6762881496062993
20
-4.3894612992125985
11
4.6762881496062993
21
-4.3935723228346459
0
LINE
8
BLACK
6
CONTINUOUS
10
4.6762881496062993
20
-4.3935723228346459
11
4.6752241338582676
21
-4.3975433070866137
0
LINE
8
BLACK
6
CONTINUOUS
10
4.6752241338582676
20
-4.3975433070866137
11
4.6731685826771656
21
-4.4011036220472439
0
LINE
8
BLACK
6
CONTINUOUS
10
4.6731685826771656
20
-4.4011036220472439
11
4.6702616535433066
21
-4.4040105511811021
0
LINE
8
BLACK
6
CONTINUOUS
10
4.6702616535433066
20
-4.4040105511811021
11
4.6667013385826772
21
-4.406066102362205
0
LINE
8
BLACK
6
CONTINUOUS
10
4.6667013385826772
20
-4.406066102362205
11
4.6627303543307086
21
-4.4071301181102358
0
LINE
8
BLACK
6
CONTINUOUS
10
4.6627303543307086
20
-4.4071301181102358
11
4.6586193307086612
21
-4.4071301181102358
0
LINE
8
BLACK
6
CONTINUOUS
10
4.6586193307086612
20
-4.4071301181102358
11
4.6546483464566926
21
-4.406066102362205
0
LINE
8
BLACK
6
CONTINUOUS
10
4.6546483464566926
20
-4.406066102362205
11
4.6510880314960632
21
-4.4040105511811021
0
LINE
8
BLACK
6
CONTINUOUS
10
4.6510880314960632
20
-4.4040105511811021
11
4.6481811023622051
21
-4.4011036220472439
0
LINE
8
BLACK
6
CONTINUOUS
10
4.6481811023622051
20
-4.4011036220472439
11
4.6461255511811022
21
-4.3975433070866137
0
LINE
8
BLACK
6
CONTINUOUS
10
4.6461255511811022
20
-4.3975433070866137
11
4.6450615354330704
21
-4.3935723228346459
0
LINE
8
BLACK
6
CONTINUOUS
10
4.6450615354330704
20
-4.3935723228346459
11
4.6450615354330704
21
-4.3894612992125985
0
LINE
8
BLACK
6
CONTINUOUS
10
4.6450615354330704
20
-4.3894612992125985
11
4.6461255511811022
21
-4.3854903149606299
0
LINE
8
BLACK
6
CONTINUOUS
10
4.6461255511811022
20
-4.3854903149606299
11
4.6481811023622051
21
-4.3819299999999997
0
LINE
8
BLACK
6
CONTINUOUS
10
4.6481811023622051
20
-4.3819299999999997
11
4.6510880314960632
21
-4.3790230708661415
0
LINE
8
BLACK
6
CONTINUOUS
10
4.6510880314960632
20
-4.3790230708661415
11
4.6546483464566926
21
-4.3769675196850395
0
LINE
8
BLACK
6
CONTINUOUS
10
4.6546483464566926
20
-4.3769675196850395
11
4.6586193307086612
21
-4.3759035039370078
0
LINE
8
BLACK
6
CONTINUOUS
10
4.6586193307086612
20
-4.3759035039370078
11
4.6627303543307086
21
-4.3759035039370078
0
LINE
8
BLACK
6
CONTINUOUS
10
4.6627303543307086
20
-4.3759035039370078
11
4.6667013385826772
21
-4.3769675196850395
0
LINE
8
BLACK
6
CONTINUOUS
10
6.7708430708661416
20
-4.3544635826771652
11
6.7744033858267718
21
-4.3565191338582681
0
LINE
8
BLACK
6
CONTINUOUS
10
6.7744033858267718
20
-4.3565191338582681
11
6.77731031496063
21
-4.3594260629921262
0
LINE
8
BLACK
6
CONTINUOUS
10
6.77731031496063
20
-4.3594260629921262
11
6.779365866141732
21
-4.3629863779527556
0
LINE
8
BLACK
6
CONTINUOUS
10
6.779365866141732
20
-4.3629863779527556
11
6.7804298818897637
21
-4.3669573622047242
0
LINE
8
BLACK
6
CONTINUOUS
10
6.7804298818897637
20
-4.3669573622047242
11
6.7804298818897637
21
-4.3710683858267716
0
LINE
8
BLACK
6
CONTINUOUS
10
6.7804298818897637
20
-4.3710683858267716
11
6.779365866141732
21
-4.3750393700787402
0
LINE
8
BLACK
6
CONTINUOUS
10
6.779365866141732
20
-4.3750393700787402
11
6.77731031496063
21
-4.3785996850393696
0
LINE
8
BLACK
6
CONTINUOUS
10
6.77731031496063
20
-4.3785996850393696
11
6.7744033858267718
21
-4.3815066141732286
0
LINE
8
BLACK
6
CONTINUOUS
10
6.7744033858267718
20
-4.3815066141732286
11
6.7708430708661416
21
-4.3835621653543306
0
LINE
8
BLACK
6
CONTINUOUS
10
6.7708430708661416
20
-4.3835621653543306
11
6.7668720866141729
21
-4.3846261811023624
0
LINE
8
BLACK
6
CONTINUOUS
10
6.7668720866141729
20
-4.3846261811023624
11
6.7627610629921255
21
-4.3846261811023624
0
LINE
8
BLACK
6
CONTINUOUS
10
6.7627610629921255
20
-4.3846261811023624
11
6.7587900787401569
21
-4.3835621653543306
0
LINE
8
BLACK
6
CONTINUOUS
10
6.7587900787401569
20
-4.3835621653543306
11
6.7552297637795276
21
-4.3815066141732286
0
LINE
8
BLACK
6
CONTINUOUS
10
6.7552297637795276
20
-4.3815066141732286
11
6.7523228346456694
21
-4.3785996850393696
0
LINE
8
BLACK
6
CONTINUOUS
10
6.7523228346456694
20
-4.3785996850393696
11
6.7502672834645665
21
-4.3750393700787402
0
LINE
8
BLACK
6
CONTINUOUS
10
6.7502672834645665
20
-4.3750393700787402
11
6.7492032677165357
21
-4.3710683858267716
0
LINE
8
BLACK
6
CONTINUOUS
10
6.7492032677165357
20
-4.3710683858267716
11
6.7492032677165357
21
-4.3669573622047242
0
LINE
8
BLACK
6
CONTINUOUS
10
6.7492032677165357
20
-4.3669573622047242
11
6.7502672834645665
21
-4.3629863779527556
0
LINE
8
BLACK
6
CONTINUOUS
10
6.7502672834645665
20
-4.3629863779527556
11
6.7523228346456694
21
-4.3594260629921262
0
LINE
8
BLACK
6
CONTINUOUS
10
6.7523228346456694
20
-4.3594260629921262
11
6.7552297637795276
21
-4.3565191338582681
0
LINE
8
BLACK
6
CONTINUOUS
10
6.7552297637795276
20
-4.3565191338582681
11
6.7587900787401569
21
-4.3544635826771652
0
LINE
8
BLACK
6
CONTINUOUS
10
6.7587900787401569
20
-4.3544635826771652
11
6.7627610629921255
21
-4.3533995669291334
0
LINE
8
BLACK
6
CONTINUOUS
10
6.7627610629921255
20
-4.3533995669291334
11
6.7668720866141729
21
-4.3533995669291334
0
LINE
8
BLACK
6
CONTINUOUS
10
6.7668720866141729
20
-4.3533995669291334
11
6.7708430708661416
21
-4.3544635826771652
0
LINE
8
BLACK
6
CONTINUOUS
10
5.1912861811023623
20
-4.3144006299212601
11
5.1948464960629916
21
-4.3164561811023621
0
LINE
8
BLACK
6
CONTINUOUS
10
5.1948464960629916
20
-4.3164561811023621
11
5.1977534251968507
21
-4.3193631102362202
0
LINE
8
BLACK
6
CONTINUOUS
10
5.1977534251968507
20
-4.3193631102362202
11
5.1998089763779527
21
-4.3229234251968505
0
LINE
8
BLACK
6
CONTINUOUS
10
5.1998089763779527
20
-4.3229234251968505
11
5.2008729921259844
21
-4.3268944094488191
0
LINE
8
BLACK
6
CONTINUOUS
10
5.2008729921259844
20
-4.3268944094488191
11
5.2008729921259844
21
-4.3310054330708656
0
LINE
8
BLACK
6
CONTINUOUS
10
5.2008729921259844
20
-4.3310054330708656
11
5.1998089763779527
21
-4.3349764173228342
0
LINE
8
BLACK
6
CONTINUOUS
10
5.1998089763779527
20
-4.3349764173228342
11
5.1977534251968507
21
-4.3385367322834645
0
LINE
8
BLACK
6
CONTINUOUS
10
5.1977534251968507
20
-4.3385367322834645
11
5.1948464960629916
21
-4.3414436614173226
0
LINE
8
BLACK
6
CONTINUOUS
10
5.1948464960629916
20
-4.3414436614173226
11
5.1912861811023623
21
-4.3434992125984255
0
LINE
8
BLACK
6
CONTINUOUS
10
5.1912861811023623
20
-4.3434992125984255
11
5.1873151968503937
21
-4.3445632283464564
0
LINE
8
BLACK
6
CONTINUOUS
10
5.1873151968503937
20
-4.3445632283464564
11
5.1832041732283463
21
-4.3445632283464564
0
LINE
8
BLACK
6
CONTINUOUS
10
5.1832041732283463
20
-4.3445632283464564
11
5.1792331889763776
21
-4.3434992125984255
0
LINE
8
BLACK
6
CONTINUOUS
10
5.1792331889763776
20
-4.3434992125984255
11
5.1756728740157483
21
-4.3414436614173226
0
LINE
8
BLACK
6
CONTINUOUS
10
5.1756728740157483
20
-4.3414436614173226
11
5.1727659448818892
21
-4.3385367322834645
0
LINE
8
BLACK
6
CONTINUOUS
10
5.1727659448818892
20
-4.3385367322834645
11
5.1707103937007872
21
-4.3349764173228342
0
LINE
8
BLACK
6
CONTINUOUS
10
5.1707103937007872
20
-4.3349764173228342
11
5.1696463779527555
21
-4.3310054330708656
0
LINE
8
BLACK
6
CONTINUOUS
10
5.1696463779527555
20
-4.3310054330708656
11
5.1696463779527555
21
-4.3268944094488191
0
LINE
8
BLACK
6
CONTINUOUS
10
5.1696463779527555
20
-4.3268944094488191
11
5.1707103937007872
21
-4.3229234251968505
0
LINE
8
BLACK
6
CONTINUOUS
10
5.1707103937007872
20
-4.3229234251968505
11
5.1727659448818892
21
-4.3193631102362202
0
LINE
8
BLACK
6
CONTINUOUS
10
5.1727659448818892
20
-4.3193631102362202
11
5.1756728740157483
21
-4.3164561811023621
0
LINE
8
BLACK
6
CONTINUOUS
10
5.1756728740157483
20
-4.3164561811023621
11
5.1792331889763776
21
-4.3144006299212601
0
LINE
8
BLACK
6
CONTINUOUS
10
5.1792331889763776
20
-4.3144006299212601
11
5.1832041732283463
21
-4.3133366141732283
0
LINE
8
BLACK
6
CONTINUOUS
10
5.1832041732283463
20
-4.3133366141732283
11
5.1873151968503937
21
-4.3133366141732283
0
LINE
8
BLACK
6
CONTINUOUS
10
5.1873151968503937
20
-4.3133366141732283
11
5.1912861811023623
21
-4.3144006299212601
0
LINE
8
BLACK
6
CONTINUOUS
10
5.5788613779527561
20
-4.233846850393701
11
5.5824216929133854
21
-4.235902401574803
0
LINE
8
BLACK
6
CONTINUOUS
10
5.5824216929133854
20
-4.235902401574803
11
5.5853286220472436
21
-4.2388093307086612
0
LINE
8
BLACK
6
CONTINUOUS
10
5.5853286220472436
20
-4.2388093307086612
11
5.5873841732283465
21
-4.2423696456692914
0
LINE
8
BLACK
6
CONTINUOUS
10
5.5873841732283465
20
-4.2423696456692914
11
5.5884481889763782
21
-4.24634062992126
0
LINE
8
BLACK
6
CONTINUOUS
10
5.5884481889763782
20
-4.24634062992126
11
5.5884481889763782
21
-4.2504516535433066
0
LINE
8
BLACK
6
CONTINUOUS
10
5.5884481889763782
20
-4.2504516535433066
11
5.5873841732283465
21
-4.2544226377952752
0
LINE
8
BLACK
6
CONTINUOUS
10
5.5873841732283465
20
-4.2544226377952752
11
5.5853286220472436
21
-4.2579829527559054
0
LINE
8
BLACK
6
CONTINUOUS
10
5.5853286220472436
20
-4.2579829527559054
11
5.5824216929133854
21
-4.2608898818897636
0
LINE
8
BLACK
6
CONTINUOUS
10
5.5824216929133854
20
-4.2608898818897636
11
5.5788613779527561
21
-4.2629454330708665
0
LINE
8
BLACK
6
CONTINUOUS
10
5.5788613779527561
20
-4.2629454330708665
11
5.5748903937007874
21
-4.2640094488188973
0
LINE
8
BLACK
6
CONTINUOUS
10
5.5748903937007874
20
-4.2640094488188973
11
5.57077937007874
21
-4.2640094488188973
0
LINE
8
BLACK
6
CONTINUOUS
10
5.57077937007874
20
-4.2640094488188973
11
5.5668083858267714
21
-4.2629454330708665
0
LINE
8
BLACK
6
CONTINUOUS
10
5.5668083858267714
20
-4.2629454330708665
11
5.563248070866142
21
-4.2608898818897636
0
LINE
8
BLACK
6
CONTINUOUS
10
5.563248070866142
20
-4.2608898818897636
11
5.560341141732283
21
-4.2579829527559054
0
LINE
8
BLACK
6
CONTINUOUS
10
5.560341141732283
20
-4.2579829527559054
11
5.558285590551181
21
-4.2544226377952752
0
LINE
8
BLACK
6
CONTINUOUS
10
5.558285590551181
20
-4.2544226377952752
11
5.5572215748031493
21
-4.2504516535433066
0
LINE
8
BLACK
6
CONTINUOUS
10
5.5572215748031493
20
-4.2504516535433066
11
5.5572215748031493
21
-4.24634062992126
0
LINE
8
BLACK
6
CONTINUOUS
10
5.5572215748031493
20
-4.24634062992126
11
5.558285590551181
21
-4.2423696456692914
0
LINE
8
BLACK
6
CONTINUOUS
10
5.558285590551181
20
-4.2423696456692914
11
5.560341141732283
21
-4.2388093307086612
0
LINE
8
BLACK
6
CONTINUOUS
10
5.560341141732283
20
-4.2388093307086612
11
5.563248070866142
21
-4.235902401574803
0
LINE
8
BLACK
6
CONTINUOUS
10
5.563248070866142
20
-4.235902401574803
11
5.5668083858267714
21
-4.233846850393701
0
LINE
8
BLACK
6
CONTINUOUS
10
5.5668083858267714
20
-4.233846850393701
11
5.57077937007874
21
-4.2327828346456693
0
LINE
8
BLACK
6
CONTINUOUS
10
5.57077937007874
20
-4.2327828346456693
11
5.5748903937007874
21
-4.2327828346456693
0
LINE
8
BLACK
6
CONTINUOUS
10
5.5748903937007874
20
-4.2327828346456693
11
5.5788613779527561
21
-4.233846850393701
0
LINE
8
BLACK
6
CONTINUOUS
10
5.0947013385826772
20
-4.2269675196850391
11
5.0982616535433074
21
-4.229023070866142
0
LINE
8
BLACK
6
CONTINUOUS
10
5.0982616535433074
20
-4.229023070866142
11
5.1011685826771656
21
-4.2319300000000002
0
LINE
8
BLACK
6
CONTINUOUS
10
5.1011685826771656
20
-4.2319300000000002
11
5.1032241338582676
21
-4.2354903149606296
0
LINE
8
BLACK
6
CONTINUOUS
10
5.1032241338582676
20
-4.2354903149606296
11
5.1042881496062993
21
-4.2394612992125982
0
LINE
8
BLACK
6
CONTINUOUS
10
5.1042881496062993
20
-4.2394612992125982
11
5.1042881496062993
21
-4.2435723228346456
0
LINE
8
BLACK
6
CONTINUOUS
10
5.1042881496062993
20
-4.2435723228346456
11
5.1032241338582676
21
-4.2475433070866142
0
LINE
8
BLACK
6
CONTINUOUS
10
5.1032241338582676
20
-4.2475433070866142
11
5.1011685826771656
21
-4.2511036220472436
0
LINE
8
BLACK
6
CONTINUOUS
10
5.1011685826771656
20
-4.2511036220472436
11
5.0982616535433074
21
-4.2540105511811026
0
LINE
8
BLACK
6
CONTINUOUS
10
5.0982616535433074
20
-4.2540105511811026
11
5.0947013385826772
21
-4.2560661023622046
0
LINE
8
BLACK
6
CONTINUOUS
10
5.0947013385826772
20
-4.2560661023622046
11
5.0907303543307085
21
-4.2571301181102363
0
LINE
8
BLACK
6
CONTINUOUS
10
5.0907303543307085
20
-4.2571301181102363
11
5.0866193307086611
21
-4.2571301181102363
0
LINE
8
BLACK
6
CONTINUOUS
10
5.0866193307086611
20
-4.2571301181102363
11
5.0826483464566925
21
-4.2560661023622046
0
LINE
8
BLACK
6
CONTINUOUS
10
5.0826483464566925
20
-4.2560661023622046
11
5.0790880314960631
21
-4.2540105511811026
0
LINE
8
BLACK
6
CONTINUOUS
10
5.0790880314960631
20
-4.2540105511811026
11
5.076181102362205
21
-4.2511036220472436
0
LINE
8
BLACK
6
CONTINUOUS
10
5.076181102362205
20
-4.2511036220472436
11
5.0741255511811021
21
-4.2475433070866142
0
LINE
8
BLACK
6
CONTINUOUS
10
5.0741255511811021
20
-4.2475433070866142
11
5.0730615354330704
21
-4.2435723228346456
0
LINE
8
BLACK
6
CONTINUOUS
10
5.0730615354330704
20
-4.2435723228346456
11
5.0730615354330704
21
-4.2394612992125982
0
LINE
8
BLACK
6
CONTINUOUS
10
5.0730615354330704
20
-4.2394612992125982
11
5.0741255511811021
21
-4.2354903149606296
0
LINE
8
BLACK
6
CONTINUOUS
10
5.0741255511811021
20
-4.2354903149606296
11
5.076181102362205
21
-4.2319300000000002
0
LINE
8
BLACK
6
CONTINUOUS
10
5.076181102362205
20
-4.2319300000000002
11
5.0790880314960631
21
-4.229023070866142
0
LINE
8
BLACK
6
CONTINUOUS
10
5.0790880314960631
20
-4.229023070866142
11
5.0826483464566925
21
-4.2269675196850391
0
LINE
8
BLACK
6
CONTINUOUS
10
5.0826483464566925
20
-4.2269675196850391
11
5.0866193307086611
21
-4.2259035039370074
0
LINE
8
BLACK
6
CONTINUOUS
10
5.0866193307086611
20
-4.2259035039370074
11
5.0907303543307085
21
-4.2259035039370074
0
LINE
8
BLACK
6
CONTINUOUS
10
5.0907303543307085
20
-4.2259035039370074
11
5.0947013385826772
21
-4.2269675196850391
0
LINE
8
BLACK
6
CONTINUOUS
10
4.9324301968503939
20
-4.2212385826771657
11
4.9359905118110232
21
-4.2232941338582677
0
LINE
8
BLACK
6
CONTINUOUS
10
4.9359905118110232
20
-4.2232941338582677
11
4.9388974409448814
21
-4.2262010629921258
0
LINE
8
BLACK
6
CONTINUOUS
10
4.9388974409448814
20
-4.2262010629921258
11
4.9409529921259843
21
-4.2297613779527561
0
LINE
8
BLACK
6
CONTINUOUS
10
4.9409529921259843
20
-4.2297613779527561
11
4.942017007874016
21
-4.2337323622047247
0
LINE
8
BLACK
6
CONTINUOUS
10
4.942017007874016
20
-4.2337323622047247
11
4.942017007874016
21
-4.2378433858267712
0
LINE
8
BLACK
6
CONTINUOUS
10
4.942017007874016
20
-4.2378433858267712
11
4.9409529921259843
21
-4.2418143700787398
0
LINE
8
BLACK
6
CONTINUOUS
10
4.9409529921259843
20
-4.2418143700787398
11
4.9388974409448814
21
-4.2453746850393701
0
LINE
8
BLACK
6
CONTINUOUS
10
4.9388974409448814
20
-4.2453746850393701
11
4.9359905118110232
21
-4.2482816141732282
0
LINE
8
BLACK
6
CONTINUOUS
10
4.9359905118110232
20
-4.2482816141732282
11
4.9324301968503939
21
-4.2503371653543303
0
LINE
8
BLACK
6
CONTINUOUS
10
4.9324301968503939
20
-4.2503371653543303
11
4.9284592125984252
21
-4.251401181102362
0
LINE
8
BLACK
6
CONTINUOUS
10
4.9284592125984252
20
-4.251401181102362
11
4.9243481889763778
21
-4.251401181102362
0
LINE
8
BLACK
6
CONTINUOUS
10
4.9243481889763778
20
-4.251401181102362
11
4.9203772047244092
21
-4.2503371653543303
0
LINE
8
BLACK
6
CONTINUOUS
10
4.9203772047244092
20
-4.2503371653543303
11
4.9168168897637798
21
-4.2482816141732282
0
LINE
8
BLACK
6
CONTINUOUS
10
4.9168168897637798
20
-4.2482816141732282
11
4.9139099606299208
21
-4.2453746850393701
0
LINE
8
BLACK
6
CONTINUOUS
10
4.9139099606299208
20
-4.2453746850393701
11
4.9118544094488188
21
-4.2418143700787398
0
LINE
8
BLACK
6
CONTINUOUS
10
4.9118544094488188
20
-4.2418143700787398
11
4.9107903937007871
21
-4.2378433858267712
0
LINE
8
BLACK
6
CONTINUOUS
10
4.9107903937007871
20
-4.2378433858267712
11
4.9107903937007871
21
-4.2337323622047247
0
LINE
8
BLACK
6
CONTINUOUS
10
4.9107903937007871
20
-4.2337323622047247
11
4.9118544094488188
21
-4.2297613779527561
0
LINE
8
BLACK
6
CONTINUOUS
10
4.9118544094488188
20
-4.2297613779527561
11
4.9139099606299208
21
-4.2262010629921258
0
LINE
8
BLACK
6
CONTINUOUS
10
4.9139099606299208
20
-4.2262010629921258
11
4.9168168897637798
21
-4.2232941338582677
0
LINE
8
BLACK
6
CONTINUOUS
10
4.9168168897637798
20
-4.2232941338582677
11
4.9203772047244092
21
-4.2212385826771657
0
LINE
8
BLACK
6
CONTINUOUS
10
4.9203772047244092
20
-4.2212385826771657
11
4.9243481889763778
21
-4.220174566929134
0
LINE
8
BLACK
6
CONTINUOUS
10
4.9243481889763778
20
-4.220174566929134
11
4.9284592125984252
21
-4.220174566929134
0
LINE
8
BLACK
6
CONTINUOUS
10
4.9284592125984252
20
-4.220174566929134
11
4.9324301968503939
21
-4.2212385826771657
0
LINE
8
BLACK
6
CONTINUOUS
10
5.0485517322834648
20
-4.1689675196850393
11
5.0521120472440941
21
-4.1710230708661413
0
LINE
8
BLACK
6
CONTINUOUS
10
5.0521120472440941
20
-4.1710230708661413
11
5.0550189763779523
21
-4.1739299999999995
0
LINE
8
BLACK
6
CONTINUOUS
10
5.0550189763779523
20
-4.1739299999999995
11
5.0570745275590552
21
-4.1774903149606297
0
LINE
8
BLACK
6
CONTINUOUS
10
5.0570745275590552
20
-4.1774903149606297
11
5.0581385433070869
21
-4.1814612992125983
0
LINE
8
BLACK
6
CONTINUOUS
10
5.0581385433070869
20
-4.1814612992125983
11
5.0581385433070869
21
-4.1855723228346458
0
LINE
8
BLACK
6
CONTINUOUS
10
5.0581385433070869
20
-4.1855723228346458
11
5.0570745275590552
21
-4.1895433070866144
0
LINE
8
BLACK
6
CONTINUOUS
10
5.0570745275590552
20
-4.1895433070866144
11
5.0550189763779523
21
-4.1931036220472437
0
LINE
8
BLACK
6
CONTINUOUS
10
5.0550189763779523
20
-4.1931036220472437
11
5.0521120472440941
21
-4.1960105511811019
0
LINE
8
BLACK
6
CONTINUOUS
10
5.0521120472440941
20
-4.1960105511811019
11
5.0485517322834648
21
-4.1980661023622048
0
LINE
8
BLACK
6
CONTINUOUS
10
5.0485517322834648
20
-4.1980661023622048
11
5.0445807480314961
21
-4.1991301181102365
0
LINE
8
BLACK
6
CONTINUOUS
10
5.0445807480314961
20
-4.1991301181102365
11
5.0404697244094487
21
-4.1991301181102365
0
LINE
8
BLACK
6
CONTINUOUS
10
5.0404697244094487
20
-4.1991301181102365
11
5.0364987401574801
21
-4.1980661023622048
0
LINE
8
BLACK
6
CONTINUOUS
10
5.0364987401574801
20
-4.1980661023622048
11
5.0329384251968499
21
-4.1960105511811019
0
LINE
8
BLACK
6
CONTINUOUS
10
5.0329384251968499
20
-4.1960105511811019
11
5.0300314960629917
21
-4.1931036220472437
0
LINE
8
BLACK
6
CONTINUOUS
10
5.0300314960629917
20
-4.1931036220472437
11
5.0279759448818897
21
-4.1895433070866144
0
LINE
8
BLACK
6
CONTINUOUS
10
5.0279759448818897
20
-4.1895433070866144
11
5.026911929133858
21
-4.1855723228346458
0
LINE
8
BLACK
6
CONTINUOUS
10
5.026911929133858
20
-4.1855723228346458
11
5.026911929133858
21
-4.1814612992125983
0
LINE
8
BLACK
6
CONTINUOUS
10
5.026911929133858
20
-4.1814612992125983
11
5.0279759448818897
21
-4.1774903149606297
0
LINE
8
BLACK
6
CONTINUOUS
10
5.0279759448818897
20
-4.1774903149606297
11
5.0300314960629917
21
-4.1739299999999995
0
LINE
8
BLACK
6
CONTINUOUS
10
5.0300314960629917
20
-4.1739299999999995
11
5.0329384251968499
21
-4.1710230708661413
0
LINE
8
BLACK
6
CONTINUOUS
10
5.0329384251968499
20
-4.1710230708661413
11
5.0364987401574801
21
-4.1689675196850393
0
LINE
8
BLACK
6
CONTINUOUS
10
5.0364987401574801
20
-4.1689675196850393
11
5.0404697244094487
21
-4.1679035039370076
0
LINE
8
BLACK
6
CONTINUOUS
10
5.0404697244094487
20
-4.1679035039370076
11
5.0445807480314961
21
-4.1679035039370076
0
LINE
8
BLACK
6
CONTINUOUS
10
5.0445807480314961
20
-4.1679035039370076
11
5.0485517322834648
21
-4.1689675196850393
0
LINE
8
BLACK
6
CONTINUOUS
10
5.5657800787401577
20
-4.1639675196850394
11
5.569340393700787
21
-4.1660230708661414
0
LINE
8
BLACK
6
CONTINUOUS
10
5.569340393700787
20
-4.1660230708661414
11
5.5722473228346452
21
-4.1689299999999996
0
LINE
8
BLACK
6
CONTINUOUS
10
5.5722473228346452
20
-4.1689299999999996
11
5.5743028740157481
21
-4.1724903149606298
0
LINE
8
BLACK
6
CONTINUOUS
10
5.5743028740157481
20
-4.1724903149606298
11
5.5753668897637798
21
-4.1764612992125985
0
LINE
8
BLACK
6
CONTINUOUS
10
5.5753668897637798
20
-4.1764612992125985
11
5.5753668897637798
21
-4.1805723228346459
0
LINE
8
BLACK
6
CONTINUOUS
10
5.5753668897637798
20
-4.1805723228346459
11
5.5743028740157481
21
-4.1845433070866145
0
LINE
8
BLACK
6
CONTINUOUS
10
5.5743028740157481
20
-4.1845433070866145
11
5.5722473228346452
21
-4.1881036220472438
0
LINE
8
BLACK
6
CONTINUOUS
10
5.5722473228346452
20
-4.1881036220472438
11
5.569340393700787
21
-4.191010551181102
0
LINE
8
BLACK
6
CONTINUOUS
10
5.569340393700787
20
-4.191010551181102
11
5.5657800787401577
21
-4.1930661023622049
0
LINE
8
BLACK
6
CONTINUOUS
10
5.5657800787401577
20
-4.1930661023622049
11
5.5618090944881891
21
-4.1941301181102357
0
LINE
8
BLACK
6
CONTINUOUS
10
5.5618090944881891
20
-4.1941301181102357
11
5.5576980708661416
21
-4.1941301181102357
0
LINE
8
BLACK
6
CONTINUOUS
10
5.5576980708661416
20
-4.1941301181102357
11
5.553727086614173
21
-4.1930661023622049
0
LINE
8
BLACK
6
CONTINUOUS
10
5.553727086614173
20
-4.1930661023622049
11
5.5501667716535428
21
-4.191010551181102
0
LINE
8
BLACK
6
CONTINUOUS
10
5.5501667716535428
20
-4.191010551181102
11
5.5472598425196846
21
-4.1881036220472438
0
LINE
8
BLACK
6
CONTINUOUS
10
5.5472598425196846
20
-4.1881036220472438
11
5.5452042913385826
21
-4.1845433070866145
0
LINE
8
BLACK
6
CONTINUOUS
10
5.5452042913385826
20
-4.1845433070866145
11
5.5441402755905509
21
-4.1805723228346459
0
LINE
8
BLACK
6
CONTINUOUS
10
5.5441402755905509
20
-4.1805723228346459
11
5.5441402755905509
21
-4.1764612992125985
0
LINE
8
BLACK
6
CONTINUOUS
10
5.5441402755905509
20
-4.1764612992125985
11
5.5452042913385826
21
-4.1724903149606298
0
LINE
8
BLACK
6
CONTINUOUS
10
5.5452042913385826
20
-4.1724903149606298
11
5.5472598425196846
21
-4.1689299999999996
0
LINE
8
BLACK
6
CONTINUOUS
10
5.5472598425196846
20
-4.1689299999999996
11
5.5501667716535428
21
-4.1660230708661414
0
LINE
8
BLACK
6
CONTINUOUS
10
5.5501667716535428
20
-4.1660230708661414
11
5.553727086614173
21
-4.1639675196850394
0
LINE
8
BLACK
6
CONTINUOUS
10
5.553727086614173
20
-4.1639675196850394
11
5.5576980708661416
21
-4.1629035039370077
0
LINE
8
BLACK
6
CONTINUOUS
10
5.5576980708661416
20
-4.1629035039370077
11
5.5618090944881891
21
-4.1629035039370077
0
LINE
8
BLACK
6
CONTINUOUS
10
5.5618090944881891
20
-4.1629035039370077
11
5.5657800787401577
21
-4.1639675196850394
0
LINE
8
BLACK
6
CONTINUOUS
10
4.7464336220472436
20
-4.1627509842519688
11
4.7499939370078739
21
-4.1648065354330708
0
LINE
8
BLACK
6
CONTINUOUS
10
4.7499939370078739
20
-4.1648065354330708
11
4.752900866141732
21
-4.1677134645669289
0
LINE
8
BLACK
6
CONTINUOUS
10
4.752900866141732
20
-4.1677134645669289
11
4.7549564173228349
21
-4.1712737795275592
0
LINE
8
BLACK
6
CONTINUOUS
10
4.7549564173228349
20
-4.1712737795275592
11
4.7560204330708657
21
-4.1752447637795278
0
LINE
8
BLACK
6
CONTINUOUS
10
4.7560204330708657
20
-4.1752447637795278
11
4.7560204330708657
21
-4.1793557874015743
0
LINE
8
BLACK
6
CONTINUOUS
10
4.7560204330708657
20
-4.1793557874015743
11
4.7549564173228349
21
-4.1833267716535429
0
LINE
8
BLACK
6
CONTINUOUS
10
4.7549564173228349
20
-4.1833267716535429
11
4.752900866141732
21
-4.1868870866141732
0
LINE
8
BLACK
6
CONTINUOUS
10
4.752900866141732
20
-4.1868870866141732
11
4.7499939370078739
21
-4.1897940157480313
0
LINE
8
BLACK
6
CONTINUOUS
10
4.7499939370078739
20
-4.1897940157480313
11
4.7464336220472436
21
-4.1918495669291334
0
LINE
8
BLACK
6
CONTINUOUS
10
4.7464336220472436
20
-4.1918495669291334
11
4.7424626377952759
21
-4.1929135826771651
0
LINE
8
BLACK
6
CONTINUOUS
10
4.7424626377952759
20
-4.1929135826771651
11
4.7383516141732285
21
-4.1929135826771651
0
LINE
8
BLACK
6
CONTINUOUS
10
4.7383516141732285
20
-4.1929135826771651
11
4.7343806299212599
21
-4.1918495669291334
0
LINE
8
BLACK
6
CONTINUOUS
10
4.7343806299212599
20
-4.1918495669291334
11
4.7308203149606296
21
-4.1897940157480313
0
LINE
8
BLACK
6
CONTINUOUS
10
4.7308203149606296
20
-4.1897940157480313
11
4.7279133858267715
21
-4.1868870866141732
0
LINE
8
BLACK
6
CONTINUOUS
10
4.7279133858267715
20
-4.1868870866141732
11
4.7258578346456694
21
-4.1833267716535429
0
LINE
8
BLACK
6
CONTINUOUS
10
4.7258578346456694
20
-4.1833267716535429
11
4.7247938188976377
21
-4.1793557874015743
0
LINE
8
BLACK
6
CONTINUOUS
10
4.7247938188976377
20
-4.1793557874015743
11
4.7247938188976377
21
-4.1752447637795278
0
LINE
8
BLACK
6
CONTINUOUS
10
4.7247938188976377
20
-4.1752447637795278
11
4.7258578346456694
21
-4.1712737795275592
0
LINE
8
BLACK
6
CONTINUOUS
10
4.7258578346456694
20
-4.1712737795275592
11
4.7279133858267715
21
-4.1677134645669289
0
LINE
8
BLACK
6
CONTINUOUS
10
4.7279133858267715
20
-4.1677134645669289
11
4.7308203149606296
21
-4.1648065354330708
0
LINE
8
BLACK
6
CONTINUOUS
10
4.7308203149606296
20
-4.1648065354330708
11
4.7343806299212599
21
-4.1627509842519688
0
LINE
8
BLACK
6
CONTINUOUS
10
4.7343806299212599
20
-4.1627509842519688
11
4.7383516141732285
21
-4.161686968503937
0
LINE
8
BLACK
6
CONTINUOUS
10
4.7383516141732285
20
-4.161686968503937
11
4.7424626377952759
21
-4.161686968503937
0
LINE
8
BLACK
6
CONTINUOUS
10
4.7424626377952759
20
-4.161686968503937
11
4.7464336220472436
21
-4.1627509842519688
0
LINE
8
BLACK
6
CONTINUOUS
10
5.2798981889763779
20
-4.1199675196850389
11
5.2834585039370081
21
-4.1220230708661418
0
LINE
8
BLACK
6
CONTINUOUS
10
5.2834585039370081
20
-4.1220230708661418
11
5.2863654330708663
21
-4.12493
0
LINE
8
BLACK
6
CONTINUOUS
10
5.2863654330708663
20
-4.12493
11
5.2884209842519683
21
-4.1284903149606302
0
LINE
8
BLACK
6
CONTINUOUS
10
5.2884209842519683
20
-4.1284903149606302
11
5.289485
21
-4.132461299212598
0
LINE
8
BLACK
6
CONTINUOUS
10
5.289485
20
-4.132461299212598
11
5.289485
21
-4.1365723228346454
0
LINE
8
BLACK
6
CONTINUOUS
10
5.289485
20
-4.1365723228346454
11
5.2884209842519683
21
-4.140543307086614
0
LINE
8
BLACK
6
CONTINUOUS
10
5.2884209842519683
20
-4.140543307086614
11
5.2863654330708663
21
-4.1441036220472443
0
LINE
8
BLACK
6
CONTINUOUS
10
5.2863654330708663
20
-4.1441036220472443
11
5.2834585039370081
21
-4.1470105511811024
0
LINE
8
BLACK
6
CONTINUOUS
10
5.2834585039370081
20
-4.1470105511811024
11
5.2798981889763779
21
-4.1490661023622044
0
LINE
8
BLACK
6
CONTINUOUS
10
5.2798981889763779
20
-4.1490661023622044
11
5.2759272047244092
21
-4.1501301181102361
0
LINE
8
BLACK
6
CONTINUOUS
10
5.2759272047244092
20
-4.1501301181102361
11
5.2718161811023618
21
-4.1501301181102361
0
LINE
8
BLACK
6
CONTINUOUS
10
5.2718161811023618
20
-4.1501301181102361
11
5.2678451968503932
21
-4.1490661023622044
0
LINE
8
BLACK
6
CONTINUOUS
10
5.2678451968503932
20
-4.1490661023622044
11
5.2642848818897638
21
-4.1470105511811024
0
LINE
8
BLACK
6
CONTINUOUS
10
5.2642848818897638
20
-4.1470105511811024
11
5.2613779527559057
21
-4.1441036220472443
0
LINE
8
BLACK
6
CONTINUOUS
10
5.2613779527559057
20
-4.1441036220472443
11
5.2593224015748028
21
-4.140543307086614
0
LINE
8
BLACK
6
CONTINUOUS
10
5.2593224015748028
20
-4.140543307086614
11
5.258258385826772
21
-4.1365723228346454
0
LINE
8
BLACK
6
CONTINUOUS
10
5.258258385826772
20
-4.1365723228346454
11
5.258258385826772
21
-4.132461299212598
0
LINE
8
BLACK
6
CONTINUOUS
10
5.258258385826772
20
-4.132461299212598
11
5.2593224015748028
21
-4.1284903149606302
0
LINE
8
BLACK
6
CONTINUOUS
10
5.2593224015748028
20
-4.1284903149606302
11
5.2613779527559057
21
-4.12493
0
LINE
8
BLACK
6
CONTINUOUS
10
5.2613779527559057
20
-4.12493
11
5.2642848818897638
21
-4.1220230708661418
0
LINE
8
BLACK
6
CONTINUOUS
10
5.2642848818897638
20
-4.1220230708661418
11
5.2678451968503932
21
-4.1199675196850389
0
LINE
8
BLACK
6
CONTINUOUS
10
5.2678451968503932
20
-4.1199675196850389
11
5.2718161811023618
21
-4.1189035039370081
0
LINE
8
BLACK
6
CONTINUOUS
10
5.2718161811023618
20
-4.1189035039370081
11
5.2759272047244092
21
-4.1189035039370081
0
LINE
8
BLACK
6
CONTINUOUS
10
5.2759272047244092
20
-4.1189035039370081
11
5.2798981889763779
21
-4.1199675196850389
0
LINE
8
BLACK
6
CONTINUOUS
10
4.2787013385826773
20
-4.0709675196850394
11
4.2822616535433067
21
-4.0730230708661415
0
LINE
8
BLACK
6
CONTINUOUS
10
4.2822616535433067
20
-4.0730230708661415
11
4.2851685826771648
21
-4.0759299999999996
0
LINE
8
BLACK
6
CONTINUOUS
10
4.2851685826771648
20
-4.0759299999999996
11
4.2872241338582677
21
-4.0794903149606299
0
LINE
8
BLACK
6
CONTINUOUS
10
4.2872241338582677
20
-4.0794903149606299
11
4.2882881496062994
21
-4.0834612992125985
0
LINE
8
BLACK
6
CONTINUOUS
10
4.2882881496062994
20
-4.0834612992125985
11
4.2882881496062994
21
-4.0875723228346459
0
LINE
8
BLACK
6
CONTINUOUS
10
4.2882881496062994
20
-4.0875723228346459
11
4.2872241338582677
21
-4.0915433070866145
0
LINE
8
BLACK
6
CONTINUOUS
10
4.2872241338582677
20
-4.0915433070866145
11
4.2851685826771648
21
-4.0951036220472439
0
LINE
8
BLACK
6
CONTINUOUS
10
4.2851685826771648
20
-4.0951036220472439
11
4.2822616535433067
21
-4.098010551181102
0
LINE
8
BLACK
6
CONTINUOUS
10
4.2822616535433067
20
-4.098010551181102
11
4.2787013385826773
21
-4.1000661023622049
0
LINE
8
BLACK
6
CONTINUOUS
10
4.2787013385826773
20
-4.1000661023622049
11
4.2747303543307087
21
-4.1011301181102358
0
LINE
8
BLACK
6
CONTINUOUS
10
4.2747303543307087
20
-4.1011301181102358
11
4.2706193307086613
21
-4.1011301181102358
0
LINE
8
BLACK
6
CONTINUOUS
10
4.2706193307086613
20
-4.1011301181102358
11
4.2666483464566927
21
-4.1000661023622049
0
LINE
8
BLACK
6
CONTINUOUS
10
4.2666483464566927
20
-4.1000661023622049
11
4.2630880314960633
21
-4.098010551181102
0
LINE
8
BLACK
6
CONTINUOUS
10
4.2630880314960633
20
-4.098010551181102
11
4.2601811023622043
21
-4.0951036220472439
0
LINE
8
BLACK
6
CONTINUOUS
10
4.2601811023622043
20
-4.0951036220472439
11
4.2581255511811023
21
-4.0915433070866145
0
LINE
8
BLACK
6
CONTINUOUS
10
4.2581255511811023
20
-4.0915433070866145
11
4.2570615354330705
21
-4.0875723228346459
0
LINE
8
BLACK
6
CONTINUOUS
10
4.2570615354330705
20
-4.0875723228346459
11
4.2570615354330705
21
-4.0834612992125985
0
LINE
8
BLACK
6
CONTINUOUS
10
4.2570615354330705
20
-4.0834612992125985
11
4.2581255511811023
21
-4.0794903149606299
0
LINE
8
BLACK
6
CONTINUOUS
10
4.2581255511811023
20
-4.0794903149606299
11
4.2601811023622043
21
-4.0759299999999996
0
LINE
8
BLACK
6
CONTINUOUS
10
4.2601811023622043
20
-4.0759299999999996
11
4.2630880314960633
21
-4.0730230708661415
0
LINE
8
BLACK
6
CONTINUOUS
10
4.2630880314960633
20
-4.0730230708661415
11
4.2666483464566927
21
-4.0709675196850394
0
LINE
8
BLACK
6
CONTINUOUS
10
4.2666483464566927
20
-4.0709675196850394
11
4.2706193307086613
21
-4.0699035039370077
0
LINE
8
BLACK
6
CONTINUOUS
10
4.2706193307086613
20
-4.0699035039370077
11
4.2747303543307087
21
-4.0699035039370077
0
LINE
8
BLACK
6
CONTINUOUS
10
4.2747303543307087
20
-4.0699035039370077
11
4.2787013385826773
21
-4.0709675196850394
0
LINE
8
BLACK
6
CONTINUOUS
10
7.0980084251968503
20
-4.0702116141732283
11
7.1015687401574805
21
-4.0722671653543303
0
LINE
8
BLACK
6
CONTINUOUS
10
7.1015687401574805
20
-4.0722671653543303
11
7.1044756692913387
21
-4.0751740944881885
0
LINE
8
BLACK
6
CONTINUOUS
10
7.1044756692913387
20
-4.0751740944881885
11
7.1065312204724407
21
-4.0787344094488187
0
LINE
8
BLACK
6
CONTINUOUS
10
7.1065312204724407
20
-4.0787344094488187
11
7.1075952362204724
21
-4.0827053937007873
0
LINE
8
BLACK
6
CONTINUOUS
10
7.1075952362204724
20
-4.0827053937007873
11
7.1075952362204724
21
-4.0868164173228347
0
LINE
8
BLACK
6
CONTINUOUS
10
7.1075952362204724
20
-4.0868164173228347
11
7.1065312204724407
21
-4.0907874015748034
0
LINE
8
BLACK
6
CONTINUOUS
10
7.1065312204724407
20
-4.0907874015748034
11
7.1044756692913387
21
-4.0943477165354327
0
LINE
8
BLACK
6
CONTINUOUS
10
7.1044756692913387
20
-4.0943477165354327
11
7.1015687401574805
21
-4.0972546456692909
0
LINE
8
BLACK
6
CONTINUOUS
10
7.1015687401574805
20
-4.0972546456692909
11
7.0980084251968503
21
-4.0993101968503938
0
LINE
8
BLACK
6
CONTINUOUS
10
7.0980084251968503
20
-4.0993101968503938
11
7.0940374409448816
21
-4.1003742125984255
0
LINE
8
BLACK
6
CONTINUOUS
10
7.0940374409448816
20
-4.1003742125984255
11
7.0899264173228342
21
-4.1003742125984255
0
LINE
8
BLACK
6
CONTINUOUS
10
7.0899264173228342
20
-4.1003742125984255
11
7.0859554330708656
21
-4.0993101968503938
0
LINE
8
BLACK
6
CONTINUOUS
10
7.0859554330708656
20
-4.0993101968503938
11
7.0823951181102363
21
-4.0972546456692909
0
LINE
8
BLACK
6
CONTINUOUS
10
7.0823951181102363
20
-4.0972546456692909
11
7.0794881889763781
21
-4.0943477165354327
0
LINE
8
BLACK
6
CONTINUOUS
10
7.0794881889763781
20
-4.0943477165354327
11
7.0774326377952752
21
-4.0907874015748034
0
LINE
8
BLACK
6
CONTINUOUS
10
7.0774326377952752
20
-4.0907874015748034
11
7.0763686220472444
21
-4.0868164173228347
0
LINE
8
BLACK
6
CONTINUOUS
10
7.0763686220472444
20
-4.0868164173228347
11
7.0763686220472444
21
-4.0827053937007873
0
LINE
8
BLACK
6
CONTINUOUS
10
7.0763686220472444
20
-4.0827053937007873
11
7.0774326377952752
21
-4.0787344094488187
0
LINE
8
BLACK
6
CONTINUOUS
10
7.0774326377952752
20
-4.0787344094488187
11
7.0794881889763781
21
-4.0751740944881885
0
LINE
8
BLACK
6
CONTINUOUS
10
7.0794881889763781
20
-4.0751740944881885
11
7.0823951181102363
21
-4.0722671653543303
0
LINE
8
BLACK
6
CONTINUOUS
10
7.0823951181102363
20
-4.0722671653543303
11
7.0859554330708656
21
-4.0702116141732283
0
LINE
8
BLACK
6
CONTINUOUS
10
7.0859554330708656
20
-4.0702116141732283
11
7.0899264173228342
21
-4.0691475984251966
0
LINE
8
BLACK
6
CONTINUOUS
10
7.0899264173228342
20
-4.0691475984251966
11
7.0940374409448816
21
-4.0691475984251966
0
LINE
8
BLACK
6
CONTINUOUS
10
7.0940374409448816
20
-4.0691475984251966
11
7.0980084251968503
21
-4.0702116141732283
0
LINE
8
BLACK
6
CONTINUOUS
10
6.0188184645669294
20
-4.069018897637795
11
6.0223787795275587
21
-4.0710744488188979
0
LINE
8
BLACK
6
CONTINUOUS
10
6.0223787795275587
20
-4.0710744488188979
11
6.0252857086614169
21
-4.0739813779527561
0
LINE
8
BLACK
6
CONTINUOUS
10
6.0252857086614169
20
-4.0739813779527561
11
6.0273412598425198
21
-4.0775416929133854
0
LINE
8
BLACK
6
CONTINUOUS
10
6.0273412598425198
20
-4.0775416929133854
11
6.0284052755905506
21
-4.081512677165354
0
LINE
8
BLACK
6
CONTINUOUS
10
6.0284052755905506
20
-4.081512677165354
11
6.0284052755905506
21
-4.0856237007874014
0
LINE
8
BLACK
6
CONTINUOUS
10
6.0284052755905506
20
-4.0856237007874014
11
6.0273412598425198
21
-4.0895946850393701
0
LINE
8
BLACK
6
CONTINUOUS
10
6.0273412598425198
20
-4.0895946850393701
11
6.0252857086614169
21
-4.0931550000000003
0
LINE
8
BLACK
6
CONTINUOUS
10
6.0252857086614169
20
-4.0931550000000003
11
6.0223787795275587
21
-4.0960619291338585
0
LINE
8
BLACK
6
CONTINUOUS
10
6.0223787795275587
20
-4.0960619291338585
11
6.0188184645669294
21
-4.0981174803149605
0
LINE
8
BLACK
6
CONTINUOUS
10
6.0188184645669294
20
-4.0981174803149605
11
6.0148474803149607
21
-4.0991814960629922
0
LINE
8
BLACK
6
CONTINUOUS
10
6.0148474803149607
20
-4.0991814960629922
11
6.0107364566929133
21
-4.0991814960629922
0
LINE
8
BLACK
6
CONTINUOUS
10
6.0107364566929133
20
-4.0991814960629922
11
6.0067654724409447
21
-4.0981174803149605
0
LINE
8
BLACK
6
CONTINUOUS
10
6.0067654724409447
20
-4.0981174803149605
11
6.0032051574803145
21
-4.0960619291338585
0
LINE
8
BLACK
6
CONTINUOUS
10
6.0032051574803145
20
-4.0960619291338585
11
6.0002982283464563
21
-4.0931550000000003
0
LINE
8
BLACK
6
CONTINUOUS
10
6.0002982283464563
20
-4.0931550000000003
11
5.9982426771653543
21
-4.0895946850393701
0
LINE
8
BLACK
6
CONTINUOUS
10
5.9982426771653543
20
-4.0895946850393701
11
5.9971786614173226
21
-4.0856237007874014
0
LINE
8
BLACK
6
CONTINUOUS
10
5.9971786614173226
20
-4.0856237007874014
11
5.9971786614173226
21
-4.081512677165354
0
LINE
8
BLACK
6
CONTINUOUS
10
5.9971786614173226
20
-4.081512677165354
11
5.9982426771653543
21
-4.0775416929133854
0
LINE
8
BLACK
6
CONTINUOUS
10
5.9982426771653543
20
-4.0775416929133854
11
6.0002982283464563
21
-4.0739813779527561
0
LINE
8
BLACK
6
CONTINUOUS
10
6.0002982283464563
20
-4.0739813779527561
11
6.0032051574803145
21
-4.0710744488188979
0
LINE
8
BLACK
6
CONTINUOUS
10
6.0032051574803145
20
-4.0710744488188979
11
6.0067654724409447
21
-4.069018897637795
0
LINE
8
BLACK
6
CONTINUOUS
10
6.0067654724409447
20
-4.069018897637795
11
6.0107364566929133
21
-4.0679548818897633
0
LINE
8
BLACK
6
CONTINUOUS
10
6.0107364566929133
20
-4.0679548818897633
11
6.0148474803149607
21
-4.0679548818897633
0
LINE
8
BLACK
6
CONTINUOUS
10
6.0148474803149607
20
-4.0679548818897633
11
6.0188184645669294
21
-4.069018897637795
0
LINE
8
BLACK
6
CONTINUOUS
10
6.7243863779527562
20
-4.036746889763779
11
6.7279466929133855
21
-4.0388024409448819
0
LINE
8
BLACK
6
CONTINUOUS
10
6.7279466929133855
20
-4.0388024409448819
11
6.7308536220472437
21
-4.0417093700787401
0
LINE
8
BLACK
6
CONTINUOUS
10
6.7308536220472437
20
-4.0417093700787401
11
6.7329091732283466
21
-4.0452696850393703
0
LINE
8
BLACK
6
CONTINUOUS
10
6.7329091732283466
20
-4.0452696850393703
11
6.7339731889763774
21
-4.0492406692913381
0
LINE
8
BLACK
6
CONTINUOUS
10
6.7339731889763774
20
-4.0492406692913381
11
6.7339731889763774
21
-4.0533516929133855
0
LINE
8
BLACK
6
CONTINUOUS
10
6.7339731889763774
20
-4.0533516929133855
11
6.7329091732283466
21
-4.0573226771653541
0
LINE
8
BLACK
6
CONTINUOUS
10
6.7329091732283466
20
-4.0573226771653541
11
6.7308536220472437
21
-4.0608829921259844
0
LINE
8
BLACK
6
CONTINUOUS
10
6.7308536220472437
20
-4.0608829921259844
11
6.7279466929133855
21
-4.0637899212598425
0
LINE
8
BLACK
6
CONTINUOUS
10
6.7279466929133855
20
-4.0637899212598425
11
6.7243863779527562
21
-4.0658454724409445
0
LINE
8
BLACK
6
CONTINUOUS
10
6.7243863779527562
20
-4.0658454724409445
11
6.7204153937007876
21
-4.0669094881889762
0
LINE
8
BLACK
6
CONTINUOUS
10
6.7204153937007876
20
-4.0669094881889762
11
6.7163043700787401
21
-4.0669094881889762
0
LINE
8
BLACK
6
CONTINUOUS
10
6.7163043700787401
20
-4.0669094881889762
11
6.7123333858267715
21
-4.0658454724409445
0
LINE
8
BLACK
6
CONTINUOUS
10
6.7123333858267715
20
-4.0658454724409445
11
6.7087730708661413
21
-4.0637899212598425
0
LINE
8
BLACK
6
CONTINUOUS
10
6.7087730708661413
20
-4.0637899212598425
11
6.7058661417322831
21
-4.0608829921259844
0
LINE
8
BLACK
6
CONTINUOUS
10
6.7058661417322831
20
-4.0608829921259844
11
6.7038105905511811
21
-4.0573226771653541
0
LINE
8
BLACK
6
CONTINUOUS
10
6.7038105905511811
20
-4.0573226771653541
11
6.7027465748031494
21
-4.0533516929133855
0
LINE
8
BLACK
6
CONTINUOUS
10
6.7027465748031494
20
-4.0533516929133855
11
6.7027465748031494
21
-4.0492406692913381
0
LINE
8
BLACK
6
CONTINUOUS
10
6.7027465748031494
20
-4.0492406692913381
11
6.7038105905511811
21
-4.0452696850393703
0
LINE
8
BLACK
6
CONTINUOUS
10
6.7038105905511811
20
-4.0452696850393703
11
6.7058661417322831
21
-4.0417093700787401
0
LINE
8
BLACK
6
CONTINUOUS
10
6.7058661417322831
20
-4.0417093700787401
11
6.7087730708661413
21
-4.0388024409448819
0
LINE
8
BLACK
6
CONTINUOUS
10
6.7087730708661413
20
-4.0388024409448819
11
6.7123333858267715
21
-4.036746889763779
0
LINE
8
BLACK
6
CONTINUOUS
10
6.7123333858267715
20
-4.036746889763779
11
6.7163043700787401
21
-4.0356828740157482
0
LINE
8
BLACK
6
CONTINUOUS
10
6.7163043700787401
20
-4.0356828740157482
11
6.7204153937007876
21
-4.0356828740157482
0
LINE
8
BLACK
6
CONTINUOUS
10
6.7204153937007876
20
-4.0356828740157482
11
6.7243863779527562
21
-4.036746889763779
0
LINE
8
BLACK
6
CONTINUOUS
10
4.7327013385826771
20
-4.026967519685039
11
4.7362616535433073
21
-4.0290230708661419
0
LINE
8
BLACK
6
CONTINUOUS
10
4.7362616535433073
20
-4.0290230708661419
11
4.7391685826771655
21
-4.03193
0
LINE
8
BLACK
6
CONTINUOUS
10
4.7391685826771655
20
-4.03193
11
4.7412241338582675
21
-4.0354903149606303
0
LINE
8
BLACK
6
CONTINUOUS
10
4.7412241338582675
20
-4.0354903149606303
11
4.7422881496062992
21
-4.039461299212598
0
LINE
8
BLACK
6
CONTINUOUS
10
4.7422881496062992
20
-4.039461299212598
11
4.7422881496062992
21
-4.0435723228346454
0
LINE
8
BLACK
6
CONTINUOUS
10
4.7422881496062992
20
-4.0435723228346454
11
4.7412241338582675
21
-4.047543307086614
0
LINE
8
BLACK
6
CONTINUOUS
10
4.7412241338582675
20
-4.047543307086614
11
4.7391685826771655
21
-4.0511036220472443
0
LINE
8
BLACK
6
CONTINUOUS
10
4.7391685826771655
20
-4.0511036220472443
11
4.7362616535433073
21
-4.0540105511811024
0
LINE
8
BLACK
6
CONTINUOUS
10
4.7362616535433073
20
-4.0540105511811024
11
4.7327013385826771
21
-4.0560661023622044
0
LINE
8
BLACK
6
CONTINUOUS
10
4.7327013385826771
20
-4.0560661023622044
11
4.7287303543307084
21
-4.0571301181102362
0
LINE
8
BLACK
6
CONTINUOUS
10
4.7287303543307084
20
-4.0571301181102362
11
4.724619330708661
21
-4.0571301181102362
0
LINE
8
BLACK
6
CONTINUOUS
10
4.724619330708661
20
-4.0571301181102362
11
4.7206483464566924
21
-4.0560661023622044
0
LINE
8
BLACK
6
CONTINUOUS
10
4.7206483464566924
20
-4.0560661023622044
11
4.717088031496063
21
-4.0540105511811024
0
LINE
8
BLACK
6
CONTINUOUS
10
4.717088031496063
20
-4.0540105511811024
11
4.7141811023622049
21
-4.0511036220472443
0
LINE
8
BLACK
6
CONTINUOUS
10
4.7141811023622049
20
-4.0511036220472443
11
4.712125551181102
21
-4.047543307086614
0
LINE
8
BLACK
6
CONTINUOUS
10
4.712125551181102
20
-4.047543307086614
11
4.7110615354330712
21
-4.0435723228346454
0
LINE
8
BLACK
6
CONTINUOUS
10
4.7110615354330712
20
-4.0435723228346454
11
4.7110615354330712
21
-4.039461299212598
0
LINE
8
BLACK
6
CONTINUOUS
10
4.7110615354330712
20
-4.039461299212598
11
4.712125551181102
21
-4.0354903149606303
0
LINE
8
BLACK
6
CONTINUOUS
10
4.712125551181102
20
-4.0354903149606303
11
4.7141811023622049
21
-4.03193
0
LINE
8
BLACK
6
CONTINUOUS
10
4.7141811023622049
20
-4.03193
11
4.717088031496063
21
-4.0290230708661419
0
LINE
8
BLACK
6
CONTINUOUS
10
4.717088031496063
20
-4.0290230708661419
11
4.7206483464566924
21
-4.026967519685039
0
LINE
8
BLACK
6
CONTINUOUS
10
4.7206483464566924
20
-4.026967519685039
11
4.724619330708661
21
-4.0259035039370081
0
LINE
8
BLACK
6
CONTINUOUS
10
4.724619330708661
20
-4.0259035039370081
11
4.7287303543307084
21
-4.0259035039370081
0
LINE
8
BLACK
6
CONTINUOUS
10
4.7287303543307084
20
-4.0259035039370081
11
4.7327013385826771
21
-4.026967519685039
0
LINE
8
BLACK
6
CONTINUOUS
10
5.3937013385826766
20
-4.0245656692913387
11
5.3972616535433069
21
-4.0266212204724408
0
LINE
8
BLACK
6
CONTINUOUS
10
5.3972616535433069
20
-4.0266212204724408
11
5.400168582677165
21
-4.0295281496062989
0
LINE
8
BLACK
6
CONTINUOUS
10
5.400168582677165
20
-4.0295281496062989
11
5.4022241338582679
21
-4.0330884645669292
0
LINE
8
BLACK
6
CONTINUOUS
10
5.4022241338582679
20
-4.0330884645669292
11
5.4032881496062988
21
-4.0370594488188978
0
LINE
8
BLACK
6
CONTINUOUS
10
5.4032881496062988
20
-4.0370594488188978
11
5.4032881496062988
21
-4.0411704724409452
0
LINE
8
BLACK
6
CONTINUOUS
10
5.4032881496062988
20
-4.0411704724409452
11
5.4022241338582679
21
-4.0451414566929129
0
LINE
8
BLACK
6
CONTINUOUS
10
5.4022241338582679
20
-4.0451414566929129
11
5.400168582677165
21
-4.0487017716535432
0
LINE
8
BLACK
6
CONTINUOUS
10
5.400168582677165
20
-4.0487017716535432
11
5.3972616535433069
21
-4.0516087007874013
0
LINE
8
BLACK
6
CONTINUOUS
10
5.3972616535433069
20
-4.0516087007874013
11
5.3937013385826766
21
-4.0536642519685042
0
LINE
8
BLACK
6
CONTINUOUS
10
5.3937013385826766
20
-4.0536642519685042
11
5.3897303543307089
21
-4.0547282677165351
0
LINE
8
BLACK
6
CONTINUOUS
10
5.3897303543307089
20
-4.0547282677165351
11
5.3856193307086615
21
-4.0547282677165351
0
LINE
8
BLACK
6
CONTINUOUS
10
5.3856193307086615
20
-4.0547282677165351
11
5.3816483464566929
21
-4.0536642519685042
0
LINE
8
BLACK
6
CONTINUOUS
10
5.3816483464566929
20
-4.0536642519685042
11
5.3780880314960626
21
-4.0516087007874013
0
LINE
8
BLACK
6
CONTINUOUS
10
5.3780880314960626
20
-4.0516087007874013
11
5.3751811023622045
21
-4.0487017716535432
0
LINE
8
BLACK
6
CONTINUOUS
10
5.3751811023622045
20
-4.0487017716535432
11
5.3731255511811025
21
-4.0451414566929129
0
LINE
8
BLACK
6
CONTINUOUS
10
5.3731255511811025
20
-4.0451414566929129
11
5.3720615354330707
21
-4.0411704724409452
0
LINE
8
BLACK
6
CONTINUOUS
10
5.3720615354330707
20
-4.0411704724409452
11
5.3720615354330707
21
-4.0370594488188978
0
LINE
8
BLACK
6
CONTINUOUS
10
5.3720615354330707
20
-4.0370594488188978
11
5.3731255511811025
21
-4.0330884645669292
0
LINE
8
BLACK
6
CONTINUOUS
10
5.3731255511811025
20
-4.0330884645669292
11
5.3751811023622045
21
-4.0295281496062989
0
LINE
8
BLACK
6
CONTINUOUS
10
5.3751811023622045
20
-4.0295281496062989
11
5.3780880314960626
21
-4.0266212204724408
0
LINE
8
BLACK
6
CONTINUOUS
10
5.3780880314960626
20
-4.0266212204724408
11
5.3816483464566929
21
-4.0245656692913387
0
LINE
8
BLACK
6
CONTINUOUS
10
5.3816483464566929
20
-4.0245656692913387
11
5.3856193307086615
21
-4.023501653543307
0
LINE
8
BLACK
6
CONTINUOUS
10
5.3856193307086615
20
-4.023501653543307
11
5.3897303543307089
21
-4.023501653543307
0
LINE
8
BLACK
6
CONTINUOUS
10
5.3897303543307089
20
-4.023501653543307
11
5.3937013385826766
21
-4.0245656692913387
0
LINE
8
BLACK
6
CONTINUOUS
10
6.1317012598425196
20
-3.9917650393700788
11
6.1352615748031498
21
-3.9938205905511812
0
LINE
8
BLACK
6
CONTINUOUS
10
6.1352615748031498
20
-3.9938205905511812
11
6.138168503937008
21
-3.9967275196850394
0
LINE
8
BLACK
6
CONTINUOUS
10
6.138168503937008
20
-3.9967275196850394
11
6.14022405511811
21
-4.0002878346456692
0
LINE
8
BLACK
6
CONTINUOUS
10
6.14022405511811
20
-4.0002878346456692
11
6.1412880708661417
21
-4.0042588188976378
0
LINE
8
BLACK
6
CONTINUOUS
10
6.1412880708661417
20
-4.0042588188976378
11
6.1412880708661417
21
-4.0083698425196852
0
LINE
8
BLACK
6
CONTINUOUS
10
6.1412880708661417
20
-4.0083698425196852
11
6.14022405511811
21
-4.0123408267716538
0
LINE
8
BLACK
6
CONTINUOUS
10
6.14022405511811
20
-4.0123408267716538
11
6.138168503937008
21
-4.0159011417322832
0
LINE
8
BLACK
6
CONTINUOUS
10
6.138168503937008
20
-4.0159011417322832
11
6.1352615748031498
21
-4.0188080708661413
0
LINE
8
BLACK
6
CONTINUOUS
10
6.1352615748031498
20
-4.0188080708661413
11
6.1317012598425196
21
-4.0208636220472442
0
LINE
8
BLACK
6
CONTINUOUS
10
6.1317012598425196
20
-4.0208636220472442
11
6.1277302755905509
21
-4.0219276377952751
0
LINE
8
BLACK
6
CONTINUOUS
10
6.1277302755905509
20
-4.0219276377952751
11
6.1236192519685035
21
-4.0219276377952751
0
LINE
8
BLACK
6
CONTINUOUS
10
6.1236192519685035
20
-4.0219276377952751
11
6.1196482677165349
21
-4.0208636220472442
0
LINE
8
BLACK
6
CONTINUOUS
10
6.1196482677165349
20
-4.0208636220472442
11
6.1160879527559056
21
-4.0188080708661413
0
LINE
8
BLACK
6
CONTINUOUS
10
6.1160879527559056
20
-4.0188080708661413
11
6.1131810236220474
21
-4.0159011417322832
0
LINE
8
BLACK
6
CONTINUOUS
10
6.1131810236220474
20
-4.0159011417322832
11
6.1111254724409445
21
-4.0123408267716538
0
LINE
8
BLACK
6
CONTINUOUS
10
6.1111254724409445
20
-4.0123408267716538
11
6.1100614566929137
21
-4.0083698425196852
0
LINE
8
BLACK
6
CONTINUOUS
10
6.1100614566929137
20
-4.0083698425196852
11
6.1100614566929137
21
-4.0042588188976378
0
LINE
8
BLACK
6
CONTINUOUS
10
6.1100614566929137
20
-4.0042588188976378
11
6.1111254724409445
21
-4.0002878346456692
0
LINE
8
BLACK
6
CONTINUOUS
10
6.1111254724409445
20
-4.0002878346456692
11
6.1131810236220474
21
-3.9967275196850394
0
LINE
8
BLACK
6
CONTINUOUS
10
6.1131810236220474
20
-3.9967275196850394
11
6.1160879527559056
21
-3.9938205905511812
0
LINE
8
BLACK
6
CONTINUOUS
10
6.1160879527559056
20
-3.9938205905511812
11
6.1196482677165349
21
-3.9917650393700788
0
LINE
8
BLACK
6
CONTINUOUS
10
6.1196482677165349
20
-3.9917650393700788
11
6.1236192519685035
21
-3.990701023622047
0
LINE
8
BLACK
6
CONTINUOUS
10
6.1236192519685035
20
-3.990701023622047
11
6.1277302755905509
21
-3.990701023622047
0
LINE
8
BLACK
6
CONTINUOUS
10
6.1277302755905509
20
-3.990701023622047
11
6.1317012598425196
21
-3.9917650393700788
0
LINE
8
BLACK
6
CONTINUOUS
10
6.1832865354330711
20
-3.9175438188976379
11
6.1868468503937004
21
-3.9195993700787399
0
LINE
8
BLACK
6
CONTINUOUS
10
6.1868468503937004
20
-3.9195993700787399
11
6.1897537795275586
21
-3.9225062992125985
0
LINE
8
BLACK
6
CONTINUOUS
10
6.1897537795275586
20
-3.9225062992125985
11
6.1918093307086615
21
-3.9260666141732283
0
LINE
8
BLACK
6
CONTINUOUS
10
6.1918093307086615
20
-3.9260666141732283
11
6.1928733464566932
21
-3.930037598425197
0
LINE
8
BLACK
6
CONTINUOUS
10
6.1928733464566932
20
-3.930037598425197
11
6.1928733464566932
21
-3.9341486220472439
0
LINE
8
BLACK
6
CONTINUOUS
10
6.1928733464566932
20
-3.9341486220472439
11
6.1918093307086615
21
-3.9381196062992125
0
LINE
8
BLACK
6
CONTINUOUS
10
6.1918093307086615
20
-3.9381196062992125
11
6.1897537795275586
21
-3.9416799212598423
0
LINE
8
BLACK
6
CONTINUOUS
10
6.1897537795275586
20
-3.9416799212598423
11
6.1868468503937004
21
-3.9445868503937005
0
LINE
8
BLACK
6
CONTINUOUS
10
6.1868468503937004
20
-3.9445868503937005
11
6.1832865354330711
21
-3.9466424015748029
0
LINE
8
BLACK
6
CONTINUOUS
10
6.1832865354330711
20
-3.9466424015748029
11
6.1793155511811024
21
-3.9477064173228347
0
LINE
8
BLACK
6
CONTINUOUS
10
6.1793155511811024
20
-3.9477064173228347
11
6.175204527559055
21
-3.9477064173228347
0
LINE
8
BLACK
6
CONTINUOUS
10
6.175204527559055
20
-3.9477064173228347
11
6.1712335433070864
21
-3.9466424015748029
0
LINE
8
BLACK
6
CONTINUOUS
10
6.1712335433070864
20
-3.9466424015748029
11
6.1676732283464561
21
-3.9445868503937005
0
LINE
8
BLACK
6
CONTINUOUS
10
6.1676732283464561
20
-3.9445868503937005
11
6.164766299212598
21
-3.9416799212598423
0
LINE
8
BLACK
6
CONTINUOUS
10
6.164766299212598
20
-3.9416799212598423
11
6.162710748031496
21
-3.9381196062992125
0
LINE
8
BLACK
6
CONTINUOUS
10
6.162710748031496
20
-3.9381196062992125
11
6.1616467322834643
21
-3.9341486220472439
0
LINE
8
BLACK
6
CONTINUOUS
10
6.1616467322834643
20
-3.9341486220472439
11
6.1616467322834643
21
-3.930037598425197
0
LINE
8
BLACK
6
CONTINUOUS
10
6.1616467322834643
20
-3.930037598425197
11
6.162710748031496
21
-3.9260666141732283
0
LINE
8
BLACK
6
CONTINUOUS
10
6.162710748031496
20
-3.9260666141732283
11
6.164766299212598
21
-3.9225062992125985
0
LINE
8
BLACK
6
CONTINUOUS
10
6.164766299212598
20
-3.9225062992125985
11
6.1676732283464561
21
-3.9195993700787399
0
LINE
8
BLACK
6
CONTINUOUS
10
6.1676732283464561
20
-3.9195993700787399
11
6.1712335433070864
21
-3.9175438188976379
0
LINE
8
BLACK
6
CONTINUOUS
10
6.1712335433070864
20
-3.9175438188976379
11
6.175204527559055
21
-3.9164798031496062
0
LINE
8
BLACK
6
CONTINUOUS
10
6.175204527559055
20
-3.9164798031496062
11
6.1793155511811024
21
-3.9164798031496062
0
LINE
8
BLACK
6
CONTINUOUS
10
6.1793155511811024
20
-3.9164798031496062
11
6.1832865354330711
21
-3.9175438188976379
0
LINE
8
BLACK
6
CONTINUOUS
10
5.8297013385826775
20
-3.9109675196850393
11
5.8332616535433068
21
-3.9130230708661418
0
LINE
8
BLACK
6
CONTINUOUS
10
5.8332616535433068
20
-3.9130230708661418
11
5.836168582677165
21
-3.9159299999999999
0
LINE
8
BLACK
6
CONTINUOUS
10
5.836168582677165
20
-3.9159299999999999
11
5.8382241338582679
21
-3.9194903149606297
0
LINE
8
BLACK
6
CONTINUOUS
10
5.8382241338582679
20
-3.9194903149606297
11
5.8392881496062987
21
-3.9234612992125983
0
LINE
8
BLACK
6
CONTINUOUS
10
5.8392881496062987
20
-3.9234612992125983
11
5.8392881496062987
21
-3.9275723228346457
0
LINE
8
BLACK
6
CONTINUOUS
10
5.8392881496062987
20
-3.9275723228346457
11
5.8382241338582679
21
-3.9315433070866139
0
LINE
8
BLACK
6
CONTINUOUS
10
5.8382241338582679
20
-3.9315433070866139
11
5.836168582677165
21
-3.9351036220472442
0
LINE
8
BLACK
6
CONTINUOUS
10
5.836168582677165
20
-3.9351036220472442
11
5.8332616535433068
21
-3.9380105511811023
0
LINE
8
BLACK
6
CONTINUOUS
10
5.8332616535433068
20
-3.9380105511811023
11
5.8297013385826775
21
-3.9400661023622048
0
LINE
8
BLACK
6
CONTINUOUS
10
5.8297013385826775
20
-3.9400661023622048
11
5.8257303543307088
21
-3.9411301181102361
0
LINE
8
BLACK
6
CONTINUOUS
10
5.8257303543307088
20
-3.9411301181102361
11
5.8216193307086614
21
-3.9411301181102361
0
LINE
8
BLACK
6
CONTINUOUS
10
5.8216193307086614
20
-3.9411301181102361
11
5.8176483464566928
21
-3.9400661023622048
0
LINE
8
BLACK
6
CONTINUOUS
10
5.8176483464566928
20
-3.9400661023622048
11
5.8140880314960626
21
-3.9380105511811023
0
LINE
8
BLACK
6
CONTINUOUS
10
5.8140880314960626
20
-3.9380105511811023
11
5.8111811023622044
21
-3.9351036220472442
0
LINE
8
BLACK
6
CONTINUOUS
10
5.8111811023622044
20
-3.9351036220472442
11
5.8091255511811024
21
-3.9315433070866139
0
LINE
8
BLACK
6
CONTINUOUS
10
5.8091255511811024
20
-3.9315433070866139
11
5.8080615354330707
21
-3.9275723228346457
0
LINE
8
BLACK
6
CONTINUOUS
10
5.8080615354330707
20
-3.9275723228346457
11
5.8080615354330707
21
-3.9234612992125983
0
LINE
8
BLACK
6
CONTINUOUS
10
5.8080615354330707
20
-3.9234612992125983
11
5.8091255511811024
21
-3.9194903149606297
0
LINE
8
BLACK
6
CONTINUOUS
10
5.8091255511811024
20
-3.9194903149606297
11
5.8111811023622044
21
-3.9159299999999999
0
LINE
8
BLACK
6
CONTINUOUS
10
5.8111811023622044
20
-3.9159299999999999
11
5.8140880314960626
21
-3.9130230708661418
0
LINE
8
BLACK
6
CONTINUOUS
10
5.8140880314960626
20
-3.9130230708661418
11
5.8176483464566928
21
-3.9109675196850393
0
LINE
8
BLACK
6
CONTINUOUS
10
5.8176483464566928
20
-3.9109675196850393
11
5.8216193307086614
21
-3.9099035039370076
0
LINE
8
BLACK
6
CONTINUOUS
10
5.8216193307086614
20
-3.9099035039370076
11
5.8257303543307088
21
-3.9099035039370076
0
LINE
8
BLACK
6
CONTINUOUS
10
5.8257303543307088
20
-3.9099035039370076
11
5.8297013385826775
21
-3.9109675196850393
0
LINE
8
BLACK
6
CONTINUOUS
10
5.8317013385826773
20
-3.8639675196850392
11
5.8352616535433066
21
-3.8660230708661416
0
LINE
8
BLACK
6
CONTINUOUS
10
5.8352616535433066
20
-3.8660230708661416
11
5.8381685826771657
21
-3.8689299999999998
0
LINE
8
BLACK
6
CONTINUOUS
10
5.8381685826771657
20
-3.8689299999999998
11
5.8402241338582677
21
-3.87249031496063
0
LINE
8
BLACK
6
CONTINUOUS
10
5.8402241338582677
20
-3.87249031496063
11
5.8412881496062994
21
-3.8764612992125982
0
LINE
8
BLACK
6
CONTINUOUS
10
5.8412881496062994
20
-3.8764612992125982
11
5.8412881496062994
21
-3.8805723228346456
0
LINE
8
BLACK
6
CONTINUOUS
10
5.8412881496062994
20
-3.8805723228346456
11
5.8402241338582677
21
-3.8845433070866142
0
LINE
8
BLACK
6
CONTINUOUS
10
5.8402241338582677
20
-3.8845433070866142
11
5.8381685826771657
21
-3.888103622047244
0
LINE
8
BLACK
6
CONTINUOUS
10
5.8381685826771657
20
-3.888103622047244
11
5.8352616535433066
21
-3.8910105511811022
0
LINE
8
BLACK
6
CONTINUOUS
10
5.8352616535433066
20
-3.8910105511811022
11
5.8317013385826773
21
-3.8930661023622046
0
LINE
8
BLACK
6
CONTINUOUS
10
5.8317013385826773
20
-3.8930661023622046
11
5.8277303543307086
21
-3.8941301181102363
0
LINE
8
BLACK
6
CONTINUOUS
10
5.8277303543307086
20
-3.8941301181102363
11
5.8236193307086612
21
-3.8941301181102363
0
LINE
8
BLACK
6
CONTINUOUS
10
5.8236193307086612
20
-3.8941301181102363
11
5.8196483464566926
21
-3.8930661023622046
0
LINE
8
BLACK
6
CONTINUOUS
10
5.8196483464566926
20
-3.8930661023622046
11
5.8160880314960632
21
-3.8910105511811022
0
LINE
8
BLACK
6
CONTINUOUS
10
5.8160880314960632
20
-3.8910105511811022
11
5.8131811023622042
21
-3.888103622047244
0
LINE
8
BLACK
6
CONTINUOUS
10
5.8131811023622042
20
-3.888103622047244
11
5.8111255511811022
21
-3.8845433070866142
0
LINE
8
BLACK
6
CONTINUOUS
10
5.8111255511811022
20
-3.8845433070866142
11
5.8100615354330705
21
-3.8805723228346456
0
LINE
8
BLACK
6
CONTINUOUS
10
5.8100615354330705
20
-3.8805723228346456
11
5.8100615354330705
21
-3.8764612992125982
0
LINE
8
BLACK
6
CONTINUOUS
10
5.8100615354330705
20
-3.8764612992125982
11
5.8111255511811022
21
-3.87249031496063
0
LINE
8
BLACK
6
CONTINUOUS
10
5.8111255511811022
20
-3.87249031496063
11
5.8131811023622042
21
-3.8689299999999998
0
LINE
8
BLACK
6
CONTINUOUS
10
5.8131811023622042
20
-3.8689299999999998
11
5.8160880314960632
21
-3.8660230708661416
0
LINE
8
BLACK
6
CONTINUOUS
10
5.8160880314960632
20
-3.8660230708661416
11
5.8196483464566926
21
-3.8639675196850392
0
LINE
8
BLACK
6
CONTINUOUS
10
5.8196483464566926
20
-3.8639675196850392
11
5.8236193307086612
21
-3.8629035039370079
0
LINE
8
BLACK
6
CONTINUOUS
10
5.8236193307086612
20
-3.8629035039370079
11
5.8277303543307086
21
-3.8629035039370079
0
LINE
8
BLACK
6
CONTINUOUS
10
5.8277303543307086
20
-3.8629035039370079
11
5.8317013385826773
21
-3.8639675196850392
0
LINE
8
BLACK
6
CONTINUOUS
10
6.8067013385826769
20
-3.8875659448818896
11
6.8102616535433071
21
-3.889621496062992
0
LINE
8
BLACK
6
CONTINUOUS
10
6.8102616535433071
20
-3.889621496062992
11
6.8131685826771653
21
-3.8925284251968502
0
LINE
8
BLACK
6
CONTINUOUS
10
6.8131685826771653
20
-3.8925284251968502
11
6.8152241338582673
21
-3.8960887401574804
0
LINE
8
BLACK
6
CONTINUOUS
10
6.8152241338582673
20
-3.8960887401574804
11
6.816288149606299
21
-3.9000597244094486
0
LINE
8
BLACK
6
CONTINUOUS
10
6.816288149606299
20
-3.9000597244094486
11
6.816288149606299
21
-3.904170748031496
0
LINE
8
BLACK
6
CONTINUOUS
10
6.816288149606299
20
-3.904170748031496
11
6.8152241338582673
21
-3.9081417322834646
0
LINE
8
BLACK
6
CONTINUOUS
10
6.8152241338582673
20
-3.9081417322834646
11
6.8131685826771653
21
-3.9117020472440944
0
LINE
8
BLACK
6
CONTINUOUS
10
6.8131685826771653
20
-3.9117020472440944
11
6.8102616535433071
21
-3.9146089763779526
0
LINE
8
BLACK
6
CONTINUOUS
10
6.8102616535433071
20
-3.9146089763779526
11
6.8067013385826769
21
-3.916664527559055
0
LINE
8
BLACK
6
CONTINUOUS
10
6.8067013385826769
20
-3.916664527559055
11
6.8027303543307083
21
-3.9177285433070863
0
LINE
8
BLACK
6
CONTINUOUS
10
6.8027303543307083
20
-3.9177285433070863
11
6.7986193307086609
21
-3.9177285433070863
0
LINE
8
BLACK
6
CONTINUOUS
10
6.7986193307086609
20
-3.9177285433070863
11
6.7946483464566931
21
-3.916664527559055
0
LINE
8
BLACK
6
CONTINUOUS
10
6.7946483464566931
20
-3.916664527559055
11
6.7910880314960629
21
-3.9146089763779526
0
LINE
8
BLACK
6
CONTINUOUS
10
6.7910880314960629
20
-3.9146089763779526
11
6.7881811023622047
21
-3.9117020472440944
0
LINE
8
BLACK
6
CONTINUOUS
10
6.7881811023622047
20
-3.9117020472440944
11
6.7861255511811018
21
-3.9081417322834646
0
LINE
8
BLACK
6
CONTINUOUS
10
6.7861255511811018
20
-3.9081417322834646
11
6.785061535433071
21
-3.904170748031496
0
LINE
8
BLACK
6
CONTINUOUS
10
6.785061535433071
20
-3.904170748031496
11
6.785061535433071
21
-3.9000597244094486
0
LINE
8
BLACK
6
CONTINUOUS
10
6.785061535433071
20
-3.9000597244094486
11
6.7861255511811018
21
-3.8960887401574804
0
LINE
8
BLACK
6
CONTINUOUS
10
6.7861255511811018
20
-3.8960887401574804
11
6.7881811023622047
21
-3.8925284251968502
0
LINE
8
BLACK
6
CONTINUOUS
10
6.7881811023622047
20
-3.8925284251968502
11
6.7910880314960629
21
-3.889621496062992
0
LINE
8
BLACK
6
CONTINUOUS
10
6.7910880314960629
20
-3.889621496062992
11
6.7946483464566931
21
-3.8875659448818896
0
LINE
8
BLACK
6
CONTINUOUS
10
6.7946483464566931
20
-3.8875659448818896
11
6.7986193307086609
21
-3.8865019291338583
0
LINE
8
BLACK
6
CONTINUOUS
10
6.7986193307086609
20
-3.8865019291338583
11
6.8027303543307083
21
-3.8865019291338583
0
LINE
8
BLACK
6
CONTINUOUS
10
6.8027303543307083
20
-3.8865019291338583
11
6.8067013385826769
21
-3.8875659448818896
0
LINE
8
BLACK
6
CONTINUOUS
10
4.450701338582677
20
-3.8789675196850393
11
4.4542616535433073
21
-3.8810230708661417
0
LINE
8
BLACK
6
CONTINUOUS
10
4.4542616535433073
20
-3.8810230708661417
11
4.4571685826771654
21
-3.8839299999999999
0
LINE
8
BLACK
6
CONTINUOUS
10
4.4571685826771654
20
-3.8839299999999999
11
4.4592241338582674
21
-3.8874903149606297
0
LINE
8
BLACK
6
CONTINUOUS
10
4.4592241338582674
20
-3.8874903149606297
11
4.4602881496062992
21
-3.8914612992125983
0
LINE
8
BLACK
6
CONTINUOUS
10
4.4602881496062992
20
-3.8914612992125983
11
4.4602881496062992
21
-3.8955723228346457
0
LINE
8
BLACK
6
CONTINUOUS
10
4.4602881496062992
20
-3.8955723228346457
11
4.4592241338582674
21
-3.8995433070866139
0
LINE
8
BLACK
6
CONTINUOUS
10
4.4592241338582674
20
-3.8995433070866139
11
4.4571685826771654
21
-3.9031036220472441
0
LINE
8
BLACK
6
CONTINUOUS
10
4.4571685826771654
20
-3.9031036220472441
11
4.4542616535433073
21
-3.9060105511811023
0
LINE
8
BLACK
6
CONTINUOUS
10
4.4542616535433073
20
-3.9060105511811023
11
4.450701338582677
21
-3.9080661023622048
0
LINE
8
BLACK
6
CONTINUOUS
10
4.450701338582677
20
-3.9080661023622048
11
4.4467303543307084
21
-3.909130118110236
0
LINE
8
BLACK
6
CONTINUOUS
10
4.4467303543307084
20
-3.909130118110236
11
4.442619330708661
21
-3.909130118110236
0
LINE
8
BLACK
6
CONTINUOUS
10
4.442619330708661
20
-3.909130118110236
11
4.4386483464566924
21
-3.9080661023622048
0
LINE
8
BLACK
6
CONTINUOUS
10
4.4386483464566924
20
-3.9080661023622048
11
4.435088031496063
21
-3.9060105511811023
0
LINE
8
BLACK
6
CONTINUOUS
10
4.435088031496063
20
-3.9060105511811023
11
4.4321811023622049
21
-3.9031036220472441
0
LINE
8
BLACK
6
CONTINUOUS
10
4.4321811023622049
20
-3.9031036220472441
11
4.430125551181102
21
-3.8995433070866139
0
LINE
8
BLACK
6
CONTINUOUS
10
4.430125551181102
20
-3.8995433070866139
11
4.4290615354330711
21
-3.8955723228346457
0
LINE
8
BLACK
6
CONTINUOUS
10
4.4290615354330711
20
-3.8955723228346457
11
4.4290615354330711
21
-3.8914612992125983
0
LINE
8
BLACK
6
CONTINUOUS
10
4.4290615354330711
20
-3.8914612992125983
11
4.430125551181102
21
-3.8874903149606297
0
LINE
8
BLACK
6
CONTINUOUS
10
4.430125551181102
20
-3.8874903149606297
11
4.4321811023622049
21
-3.8839299999999999
0
LINE
8
BLACK
6
CONTINUOUS
10
4.4321811023622049
20
-3.8839299999999999
11
4.435088031496063
21
-3.8810230708661417
0
LINE
8
BLACK
6
CONTINUOUS
10
4.435088031496063
20
-3.8810230708661417
11
4.4386483464566924
21
-3.8789675196850393
0
LINE
8
BLACK
6
CONTINUOUS
10
4.4386483464566924
20
-3.8789675196850393
11
4.442619330708661
21
-3.877903503937008
0
LINE
8
BLACK
6
CONTINUOUS
10
4.442619330708661
20
-3.877903503937008
11
4.4467303543307084
21
-3.877903503937008
0
LINE
8
BLACK
6
CONTINUOUS
10
4.4467303543307084
20
-3.877903503937008
11
4.450701338582677
21
-3.8789675196850393
0
LINE
8
BLACK
6
CONTINUOUS
10
5.0031197637795275
20
-3.8624624409448818
11
5.0066800787401577
21
-3.8645179921259842
0
LINE
8
BLACK
6
CONTINUOUS
10
5.0066800787401577
20
-3.8645179921259842
11
5.0095870078740159
21
-3.8674249212598424
0
LINE
8
BLACK
6
CONTINUOUS
10
5.0095870078740159
20
-3.8674249212598424
11
5.0116425590551179
21
-3.8709852362204722
0
LINE
8
BLACK
6
CONTINUOUS
10
5.0116425590551179
20
-3.8709852362204722
11
5.0127065748031496
21
-3.8749562204724408
0
LINE
8
BLACK
6
CONTINUOUS
10
5.0127065748031496
20
-3.8749562204724408
11
5.0127065748031496
21
-3.8790672440944882
0
LINE
8
BLACK
6
CONTINUOUS
10
5.0127065748031496
20
-3.8790672440944882
11
5.0116425590551179
21
-3.8830382283464564
0
LINE
8
BLACK
6
CONTINUOUS
10
5.0116425590551179
20
-3.8830382283464564
11
5.0095870078740159
21
-3.8865985433070867
0
LINE
8
BLACK
6
CONTINUOUS
10
5.0095870078740159
20
-3.8865985433070867
11
5.0066800787401577
21
-3.8895054724409448
0
LINE
8
BLACK
6
CONTINUOUS
10
5.0066800787401577
20
-3.8895054724409448
11
5.0031197637795275
21
-3.8915610236220473
0
LINE
8
BLACK
6
CONTINUOUS
10
5.0031197637795275
20
-3.8915610236220473
11
4.9991487795275589
21
-3.8926250393700785
0
LINE
8
BLACK
6
CONTINUOUS
10
4.9991487795275589
20
-3.8926250393700785
11
4.9950377559055115
21
-3.8926250393700785
0
LINE
8
BLACK
6
CONTINUOUS
10
4.9950377559055115
20
-3.8926250393700785
11
4.9910667716535428
21
-3.8915610236220473
0
LINE
8
BLACK
6
CONTINUOUS
10
4.9910667716535428
20
-3.8915610236220473
11
4.9875064566929135
21
-3.8895054724409448
0
LINE
8
BLACK
6
CONTINUOUS
10
4.9875064566929135
20
-3.8895054724409448
11
4.9845995275590553
21
-3.8865985433070867
0
LINE
8
BLACK
6
CONTINUOUS
10
4.9845995275590553
20
-3.8865985433070867
11
4.9825439763779524
21
-3.8830382283464564
0
LINE
8
BLACK
6
CONTINUOUS
10
4.9825439763779524
20
-3.8830382283464564
11
4.9814799606299207
21
-3.8790672440944882
0
LINE
8
BLACK
6
CONTINUOUS
10
4.9814799606299207
20
-3.8790672440944882
11
4.9814799606299207
21
-3.8749562204724408
0
LINE
8
BLACK
6
CONTINUOUS
10
4.9814799606299207
20
-3.8749562204724408
11
4.9825439763779524
21
-3.8709852362204722
0
LINE
8
BLACK
6
CONTINUOUS
10
4.9825439763779524
20
-3.8709852362204722
11
4.9845995275590553
21
-3.8674249212598424
0
LINE
8
BLACK
6
CONTINUOUS
10
4.9845995275590553
20
-3.8674249212598424
11
4.9875064566929135
21
-3.8645179921259842
0
LINE
8
BLACK
6
CONTINUOUS
10
4.9875064566929135
20
-3.8645179921259842
11
4.9910667716535428
21
-3.8624624409448818
0
LINE
8
BLACK
6
CONTINUOUS
10
4.9910667716535428
20
-3.8624624409448818
11
4.9950377559055115
21
-3.8613984251968505
0
LINE
8
BLACK
6
CONTINUOUS
10
4.9950377559055115
20
-3.8613984251968505
11
4.9991487795275589
21
-3.8613984251968505
0
LINE
8
BLACK
6
CONTINUOUS
10
4.9991487795275589
20
-3.8613984251968505
11
5.0031197637795275
21
-3.8624624409448818
0
LINE
8
BLACK
6
CONTINUOUS
10
6.1601030708661417
20
-3.8335660236220472
11
6.1636633858267711
21
-3.8356215748031497
0
LINE
8
BLACK
6
CONTINUOUS
10
6.1636633858267711
20
-3.8356215748031497
11
6.1665703149606301
21
-3.8385285039370078
0
LINE
8
BLACK
6
CONTINUOUS
10
6.1665703149606301
20
-3.8385285039370078
11
6.1686258661417321
21
-3.8420888188976376
0
LINE
8
BLACK
6
CONTINUOUS
10
6.1686258661417321
20
-3.8420888188976376
11
6.1696898818897639
21
-3.8460598031496063
0
LINE
8
BLACK
6
CONTINUOUS
10
6.1696898818897639
20
-3.8460598031496063
11
6.1696898818897639
21
-3.8501708267716537
0
LINE
8
BLACK
6
CONTINUOUS
10
6.1696898818897639
20
-3.8501708267716537
11
6.1686258661417321
21
-3.8541418110236219
0
LINE
8
BLACK
6
CONTINUOUS
10
6.1686258661417321
20
-3.8541418110236219
11
6.1665703149606301
21
-3.8577021259842517
0
LINE
8
BLACK
6
CONTINUOUS
10
6.1665703149606301
20
-3.8577021259842517
11
6.1636633858267711
21
-3.8606090551181103
0
LINE
8
BLACK
6
CONTINUOUS
10
6.1636633858267711
20
-3.8606090551181103
11
6.1601030708661417
21
-3.8626646062992127
0
LINE
8
BLACK
6
CONTINUOUS
10
6.1601030708661417
20
-3.8626646062992127
11
6.1561320866141731
21
-3.863728622047244
0
LINE
8
BLACK
6
CONTINUOUS
10
6.1561320866141731
20
-3.863728622047244
11
6.1520210629921257
21
-3.863728622047244
0
LINE
8
BLACK
6
CONTINUOUS
10
6.1520210629921257
20
-3.863728622047244
11
6.1480500787401571
21
-3.8626646062992127
0
LINE
8
BLACK
6
CONTINUOUS
10
6.1480500787401571
20
-3.8626646062992127
11
6.1444897637795277
21
-3.8606090551181103
0
LINE
8
BLACK
6
CONTINUOUS
10
6.1444897637795277
20
-3.8606090551181103
11
6.1415828346456696
21
-3.8577021259842517
0
LINE
8
BLACK
6
CONTINUOUS
10
6.1415828346456696
20
-3.8577021259842517
11
6.1395272834645667
21
-3.8541418110236219
0
LINE
8
BLACK
6
CONTINUOUS
10
6.1395272834645667
20
-3.8541418110236219
11
6.1384632677165349
21
-3.8501708267716537
0
LINE
8
BLACK
6
CONTINUOUS
10
6.1384632677165349
20
-3.8501708267716537
11
6.1384632677165349
21
-3.8460598031496063
0
LINE
8
BLACK
6
CONTINUOUS
10
6.1384632677165349
20
-3.8460598031496063
11
6.1395272834645667
21
-3.8420888188976376
0
LINE
8
BLACK
6
CONTINUOUS
10
6.1395272834645667
20
-3.8420888188976376
11
6.1415828346456696
21
-3.8385285039370078
0
LINE
8
BLACK
6
CONTINUOUS
10
6.1415828346456696
20
-3.8385285039370078
11
6.1444897637795277
21
-3.8356215748031497
0
LINE
8
BLACK
6
CONTINUOUS
10
6.1444897637795277
20
-3.8356215748031497
11
6.1480500787401571
21
-3.8335660236220472
0
LINE
8
BLACK
6
CONTINUOUS
10
6.1480500787401571
20
-3.8335660236220472
11
6.1520210629921257
21
-3.8325020078740155
0
LINE
8
BLACK
6
CONTINUOUS
10
6.1520210629921257
20
-3.8325020078740155
11
6.1561320866141731
21
-3.8325020078740155
0
LINE
8
BLACK
6
CONTINUOUS
10
6.1561320866141731
20
-3.8325020078740155
11
6.1601030708661417
21
-3.8335660236220472
0
LINE
8
BLACK
6
CONTINUOUS
10
5.9847013385826768
20
-3.7729675196850394
11
5.9882616535433071
21
-3.7750230708661419
0
LINE
8
BLACK
6
CONTINUOUS
10
5.9882616535433071
20
-3.7750230708661419
11
5.9911685826771652
21
-3.77793
0
LINE
8
BLACK
6
CONTINUOUS
10
5.9911685826771652
20
-3.77793
11
5.9932241338582672
21
-3.7814903149606298
0
LINE
8
BLACK
6
CONTINUOUS
10
5.9932241338582672
20
-3.7814903149606298
11
5.994288149606299
21
-3.7854612992125984
0
LINE
8
BLACK
6
CONTINUOUS
10
5.994288149606299
20
-3.7854612992125984
11
5.994288149606299
21
-3.7895723228346454
0
LINE
8
BLACK
6
CONTINUOUS
10
5.994288149606299
20
-3.7895723228346454
11
5.9932241338582672
21
-3.793543307086614
0
LINE
8
BLACK
6
CONTINUOUS
10
5.9932241338582672
20
-3.793543307086614
11
5.9911685826771652
21
-3.7971036220472438
0
LINE
8
BLACK
6
CONTINUOUS
10
5.9911685826771652
20
-3.7971036220472438
11
5.9882616535433071
21
-3.8000105511811024
0
LINE
8
BLACK
6
CONTINUOUS
10
5.9882616535433071
20
-3.8000105511811024
11
5.9847013385826768
21
-3.8020661023622044
0
LINE
8
BLACK
6
CONTINUOUS
10
5.9847013385826768
20
-3.8020661023622044
11
5.9807303543307082
21
-3.8031301181102362
0
LINE
8
BLACK
6
CONTINUOUS
10
5.9807303543307082
20
-3.8031301181102362
11
5.9766193307086617
21
-3.8031301181102362
0
LINE
8
BLACK
6
CONTINUOUS
10
5.9766193307086617
20
-3.8031301181102362
11
5.9726483464566931
21
-3.8020661023622044
0
LINE
8
BLACK
6
CONTINUOUS
10
5.9726483464566931
20
-3.8020661023622044
11
5.9690880314960628
21
-3.8000105511811024
0
LINE
8
BLACK
6
CONTINUOUS
10
5.9690880314960628
20
-3.8000105511811024
11
5.9661811023622047
21
-3.7971036220472438
0
LINE
8
BLACK
6
CONTINUOUS
10
5.9661811023622047
20
-3.7971036220472438
11
5.9641255511811027
21
-3.793543307086614
0
LINE
8
BLACK
6
CONTINUOUS
10
5.9641255511811027
20
-3.793543307086614
11
5.9630615354330709
21
-3.7895723228346454
0
LINE
8
BLACK
6
CONTINUOUS
10
5.9630615354330709
20
-3.7895723228346454
11
5.9630615354330709
21
-3.7854612992125984
0
LINE
8
BLACK
6
CONTINUOUS
10
5.9630615354330709
20
-3.7854612992125984
11
5.9641255511811027
21
-3.7814903149606298
0
LINE
8
BLACK
6
CONTINUOUS
10
5.9641255511811027
20
-3.7814903149606298
11
5.9661811023622047
21
-3.77793
0
LINE
8
BLACK
6
CONTINUOUS
10
5.9661811023622047
20
-3.77793
11
5.9690880314960628
21
-3.7750230708661419
0
LINE
8
BLACK
6
CONTINUOUS
10
5.9690880314960628
20
-3.7750230708661419
11
5.9726483464566931
21
-3.7729675196850394
0
LINE
8
BLACK
6
CONTINUOUS
10
5.9726483464566931
20
-3.7729675196850394
11
5.9766193307086617
21
-3.7719035039370077
0
LINE
8
BLACK
6
CONTINUOUS
10
5.9766193307086617
20
-3.7719035039370077
11
5.9807303543307082
21
-3.7719035039370077
0
LINE
8
BLACK
6
CONTINUOUS
10
5.9807303543307082
20
-3.7719035039370077
11
5.9847013385826768
21
-3.7729675196850394
0
LINE
8
BLACK
6
CONTINUOUS
10
5.8279106299212593
20
-3.7441177559055117
11
5.8314709448818896
21
-3.7461733070866141
0
LINE
8
BLACK
6
CONTINUOUS
10
5.8314709448818896
20
-3.7461733070866141
11
5.8343778740157477
21
-3.7490802362204723
0
LINE
8
BLACK
6
CONTINUOUS
10
5.8343778740157477
20
-3.7490802362204723
11
5.8364334251968506
21
-3.7526405511811021
0
LINE
8
BLACK
6
CONTINUOUS
10
5.8364334251968506
20
-3.7526405511811021
11
5.8374974409448814
21
-3.7566115354330707
0
LINE
8
BLACK
6
CONTINUOUS
10
5.8374974409448814
20
-3.7566115354330707
11
5.8374974409448814
21
-3.7607225590551181
0
LINE
8
BLACK
6
CONTINUOUS
10
5.8374974409448814
20
-3.7607225590551181
11
5.8364334251968506
21
-3.7646935433070867
0
LINE
8
BLACK
6
CONTINUOUS
10
5.8364334251968506
20
-3.7646935433070867
11
5.8343778740157477
21
-3.7682538582677165
0
LINE
8
BLACK
6
CONTINUOUS
10
5.8343778740157477
20
-3.7682538582677165
11
5.8314709448818896
21
-3.7711607874015747
0
LINE
8
BLACK
6
CONTINUOUS
10
5.8314709448818896
20
-3.7711607874015747
11
5.8279106299212593
21
-3.7732163385826771
0
LINE
8
BLACK
6
CONTINUOUS
10
5.8279106299212593
20
-3.7732163385826771
11
5.8239396456692916
21
-3.7742803543307084
0
LINE
8
BLACK
6
CONTINUOUS
10
5.8239396456692916
20
-3.7742803543307084
11
5.8198286220472442
21
-3.7742803543307084
0
LINE
8
BLACK
6
CONTINUOUS
10
5.8198286220472442
20
-3.7742803543307084
11
5.8158576377952755
21
-3.7732163385826771
0
LINE
8
BLACK
6
CONTINUOUS
10
5.8158576377952755
20
-3.7732163385826771
11
5.8122973228346453
21
-3.7711607874015747
0
LINE
8
BLACK
6
CONTINUOUS
10
5.8122973228346453
20
-3.7711607874015747
11
5.8093903937007871
21
-3.7682538582677165
0
LINE
8
BLACK
6
CONTINUOUS
10
5.8093903937007871
20
-3.7682538582677165
11
5.8073348425196851
21
-3.7646935433070867
0
LINE
8
BLACK
6
CONTINUOUS
10
5.8073348425196851
20
-3.7646935433070867
11
5.8062708267716534
21
-3.7607225590551181
0
LINE
8
BLACK
6
CONTINUOUS
10
5.8062708267716534
20
-3.7607225590551181
11
5.8062708267716534
21
-3.7566115354330707
0
LINE
8
BLACK
6
CONTINUOUS
10
5.8062708267716534
20
-3.7566115354330707
11
5.8073348425196851
21
-3.7526405511811021
0
LINE
8
BLACK
6
CONTINUOUS
10
5.8073348425196851
20
-3.7526405511811021
11
5.8093903937007871
21
-3.7490802362204723
0
LINE
8
BLACK
6
CONTINUOUS
10
5.8093903937007871
20
-3.7490802362204723
11
5.8122973228346453
21
-3.7461733070866141
0
LINE
8
BLACK
6
CONTINUOUS
10
5.8122973228346453
20
-3.7461733070866141
11
5.8158576377952755
21
-3.7441177559055117
0
LINE
8
BLACK
6
CONTINUOUS
10
5.8158576377952755
20
-3.7441177559055117
11
5.8198286220472442
21
-3.7430537401574804
0
LINE
8
BLACK
6
CONTINUOUS
10
5.8198286220472442
20
-3.7430537401574804
11
5.8239396456692916
21
-3.7430537401574804
0
LINE
8
BLACK
6
CONTINUOUS
10
5.8239396456692916
20
-3.7430537401574804
11
5.8279106299212593
21
-3.7441177559055117
0
LINE
8
BLACK
6
CONTINUOUS
10
4.2637015748031493
20
-3.7379675196850393
11
4.2672618897637795
21
-3.7400230708661417
0
LINE
8
BLACK
6
CONTINUOUS
10
4.2672618897637795
20
-3.7400230708661417
11
4.2701688188976377
21
-3.7429299999999999
0
LINE
8
BLACK
6
CONTINUOUS
10
4.2701688188976377
20
-3.7429299999999999
11
4.2722243700787397
21
-3.7464903149606297
0
LINE
8
BLACK
6
CONTINUOUS
10
4.2722243700787397
20
-3.7464903149606297
11
4.2732883858267714
21
-3.7504612992125983
0
LINE
8
BLACK
6
CONTINUOUS
10
4.2732883858267714
20
-3.7504612992125983
11
4.2732883858267714
21
-3.7545723228346457
0
LINE
8
BLACK
6
CONTINUOUS
10
4.2732883858267714
20
-3.7545723228346457
11
4.2722243700787397
21
-3.7585433070866139
0
LINE
8
BLACK
6
CONTINUOUS
10
4.2722243700787397
20
-3.7585433070866139
11
4.2701688188976377
21
-3.7621036220472441
0
LINE
8
BLACK
6
CONTINUOUS
10
4.2701688188976377
20
-3.7621036220472441
11
4.2672618897637795
21
-3.7650105511811023
0
LINE
8
BLACK
6
CONTINUOUS
10
4.2672618897637795
20
-3.7650105511811023
11
4.2637015748031493
21
-3.7670661023622047
0
LINE
8
BLACK
6
CONTINUOUS
10
4.2637015748031493
20
-3.7670661023622047
11
4.2597305905511806
21
-3.768130118110236
0
LINE
8
BLACK
6
CONTINUOUS
10
4.2597305905511806
20
-3.768130118110236
11
4.2556195669291341
21
-3.768130118110236
0
LINE
8
BLACK
6
CONTINUOUS
10
4.2556195669291341
20
-3.768130118110236
11
4.2516485826771655
21
-3.7670661023622047
0
LINE
8
BLACK
6
CONTINUOUS
10
4.2516485826771655
20
-3.7670661023622047
11
4.2480882677165352
21
-3.7650105511811023
0
LINE
8
BLACK
6
CONTINUOUS
10
4.2480882677165352
20
-3.7650105511811023
11
4.2451813385826771
21
-3.7621036220472441
0
LINE
8
BLACK
6
CONTINUOUS
10
4.2451813385826771
20
-3.7621036220472441
11
4.2431257874015751
21
-3.7585433070866139
0
LINE
8
BLACK
6
CONTINUOUS
10
4.2431257874015751
20
-3.7585433070866139
11
4.2420617716535434
21
-3.7545723228346457
0
LINE
8
BLACK
6
CONTINUOUS
10
4.2420617716535434
20
-3.7545723228346457
11
4.2420617716535434
21
-3.7504612992125983
0
LINE
8
BLACK
6
CONTINUOUS
10
4.2420617716535434
20
-3.7504612992125983
11
4.2431257874015751
21
-3.7464903149606297
0
LINE
8
BLACK
6
CONTINUOUS
10
4.2431257874015751
20
-3.7464903149606297
11
4.2451813385826771
21
-3.7429299999999999
0
LINE
8
BLACK
6
CONTINUOUS
10
4.2451813385826771
20
-3.7429299999999999
11
4.2480882677165352
21
-3.7400230708661417
0
LINE
8
BLACK
6
CONTINUOUS
10
4.2480882677165352
20
-3.7400230708661417
11
4.2516485826771655
21
-3.7379675196850393
0
LINE
8
BLACK
6
CONTINUOUS
10
4.2516485826771655
20
-3.7379675196850393
11
4.2556195669291341
21
-3.736903503937008
0
LINE
8
BLACK
6
CONTINUOUS
10
4.2556195669291341
20
-3.736903503937008
11
4.2597305905511806
21
-3.736903503937008
0
LINE
8
BLACK
6
CONTINUOUS
10
4.2597305905511806
20
-3.736903503937008
11
4.2637015748031493
21
-3.7379675196850393
0
LINE
8
BLACK
6
CONTINUOUS
10
5.7218288976377956
20
-3.7122977559055119
11
5.7253892125984249
21
-3.7143533070866139
0
LINE
8
BLACK
6
CONTINUOUS
10
5.7253892125984249
20
-3.7143533070866139
11
5.7282961417322831
21
-3.7172602362204725
0
LINE
8
BLACK
6
CONTINUOUS
10
5.7282961417322831
20
-3.7172602362204725
11
5.730351692913386
21
-3.7208205511811023
0
LINE
8
BLACK
6
CONTINUOUS
10
5.730351692913386
20
-3.7208205511811023
11
5.7314157086614168
21
-3.724791535433071
0
LINE
8
BLACK
6
CONTINUOUS
10
5.7314157086614168
20
-3.724791535433071
11
5.7314157086614168
21
-3.7289025590551179
0
LINE
8
BLACK
6
CONTINUOUS
10
5.7314157086614168
20
-3.7289025590551179
11
5.730351692913386
21
-3.7328735433070865
0
LINE
8
BLACK
6
CONTINUOUS
10
5.730351692913386
20
-3.7328735433070865
11
5.7282961417322831
21
-3.7364338582677163
0
LINE
8
BLACK
6
CONTINUOUS
10
5.7282961417322831
20
-3.7364338582677163
11
5.7253892125984249
21
-3.7393407874015749
0
LINE
8
BLACK
6
CONTINUOUS
10
5.7253892125984249
20
-3.7393407874015749
11
5.7218288976377956
21
-3.741396338582677
0
LINE
8
BLACK
6
CONTINUOUS
10
5.7218288976377956
20
-3.741396338582677
11
5.7178579133858269
21
-3.7424603543307087
0
LINE
8
BLACK
6
CONTINUOUS
10
5.7178579133858269
20
-3.7424603543307087
11
5.7137468897637795
21
-3.7424603543307087
0
LINE
8
BLACK
6
CONTINUOUS
10
5.7137468897637795
20
-3.7424603543307087
11
5.7097759055118109
21
-3.741396338582677
0
LINE
8
BLACK
6
CONTINUOUS
10
5.7097759055118109
20
-3.741396338582677
11
5.7062155905511807
21
-3.7393407874015749
0
LINE
8
BLACK
6
CONTINUOUS
10
5.7062155905511807
20
-3.7393407874015749
11
5.7033086614173225
21
-3.7364338582677163
0
LINE
8
BLACK
6
CONTINUOUS
10
5.7033086614173225
20
-3.7364338582677163
11
5.7012531102362205
21
-3.7328735433070865
0
LINE
8
BLACK
6
CONTINUOUS
10
5.7012531102362205
20
-3.7328735433070865
11
5.7001890944881888
21
-3.7289025590551179
0
LINE
8
BLACK
6
CONTINUOUS
10
5.7001890944881888
20
-3.7289025590551179
11
5.7001890944881888
21
-3.724791535433071
0
LINE
8
BLACK
6
CONTINUOUS
10
5.7001890944881888
20
-3.724791535433071
11
5.7012531102362205
21
-3.7208205511811023
0
LINE
8
BLACK
6
CONTINUOUS
10
5.7012531102362205
20
-3.7208205511811023
11
5.7033086614173225
21
-3.7172602362204725
0
LINE
8
BLACK
6
CONTINUOUS
10
5.7033086614173225
20
-3.7172602362204725
11
5.7062155905511807
21
-3.7143533070866139
0
LINE
8
BLACK
6
CONTINUOUS
10
5.7062155905511807
20
-3.7143533070866139
11
5.7097759055118109
21
-3.7122977559055119
0
LINE
8
BLACK
6
CONTINUOUS
10
5.7097759055118109
20
-3.7122977559055119
11
5.7137468897637795
21
-3.7112337401574802
0
LINE
8
BLACK
6
CONTINUOUS
10
5.7137468897637795
20
-3.7112337401574802
11
5.7178579133858269
21
-3.7112337401574802
0
LINE
8
BLACK
6
CONTINUOUS
10
5.7178579133858269
20
-3.7112337401574802
11
5.7218288976377956
21
-3.7122977559055119
0
LINE
8
BLACK
6
CONTINUOUS
10
6.5210694488188974
20
-3.7105994094488186
11
6.5246297637795276
21
-3.7126549606299211
0
LINE
8
BLACK
6
CONTINUOUS
10
6.5246297637795276
20
-3.7126549606299211
11
6.5275366929133858
21
-3.7155618897637797
0
LINE
8
BLACK
6
CONTINUOUS
10
6.5275366929133858
20
-3.7155618897637797
11
6.5295922440944878
21
-3.7191222047244095
0
LINE
8
BLACK
6
CONTINUOUS
10
6.5295922440944878
20
-3.7191222047244095
11
6.5306562598425195
21
-3.7230931889763781
0
LINE
8
BLACK
6
CONTINUOUS
10
6.5306562598425195
20
-3.7230931889763781
11
6.5306562598425195
21
-3.727204212598425
0
LINE
8
BLACK
6
CONTINUOUS
10
6.5306562598425195
20
-3.727204212598425
11
6.5295922440944878
21
-3.7311751968503937
0
LINE
8
BLACK
6
CONTINUOUS
10
6.5295922440944878
20
-3.7311751968503937
11
6.5275366929133858
21
-3.7347355118110235
0
LINE
8
BLACK
6
CONTINUOUS
10
6.5275366929133858
20
-3.7347355118110235
11
6.5246297637795276
21
-3.7376424409448816
0
LINE
8
BLACK
6
CONTINUOUS
10
6.5246297637795276
20
-3.7376424409448816
11
6.5210694488188974
21
-3.7396979921259841
0
LINE
8
BLACK
6
CONTINUOUS
10
6.5210694488188974
20
-3.7396979921259841
11
6.5170984645669288
21
-3.7407620078740158
0
LINE
8
BLACK
6
CONTINUOUS
10
6.5170984645669288
20
-3.7407620078740158
11
6.5129874409448814
21
-3.7407620078740158
0
LINE
8
BLACK
6
CONTINUOUS
10
6.5129874409448814
20
-3.7407620078740158
11
6.5090164566929136
21
-3.7396979921259841
0
LINE
8
BLACK
6
CONTINUOUS
10
6.5090164566929136
20
-3.7396979921259841
11
6.5054561417322834
21
-3.7376424409448816
0
LINE
8
BLACK
6
CONTINUOUS
10
6.5054561417322834
20
-3.7376424409448816
11
6.5025492125984252
21
-3.7347355118110235
0
LINE
8
BLACK
6
CONTINUOUS
10
6.5025492125984252
20
-3.7347355118110235
11
6.5004936614173223
21
-3.7311751968503937
0
LINE
8
BLACK
6
CONTINUOUS
10
6.5004936614173223
20
-3.7311751968503937
11
6.4994296456692915
21
-3.727204212598425
0
LINE
8
BLACK
6
CONTINUOUS
10
6.4994296456692915
20
-3.727204212598425
11
6.4994296456692915
21
-3.7230931889763781
0
LINE
8
BLACK
6
CONTINUOUS
10
6.4994296456692915
20
-3.7230931889763781
11
6.5004936614173223
21
-3.7191222047244095
0
LINE
8
BLACK
6
CONTINUOUS
10
6.5004936614173223
20
-3.7191222047244095
11
6.5025492125984252
21
-3.7155618897637797
0
LINE
8
BLACK
6
CONTINUOUS
10
6.5025492125984252
20
-3.7155618897637797
11
6.5054561417322834
21
-3.7126549606299211
0
LINE
8
BLACK
6
CONTINUOUS
10
6.5054561417322834
20
-3.7126549606299211
11
6.5090164566929136
21
-3.7105994094488186
0
LINE
8
BLACK
6
CONTINUOUS
10
6.5090164566929136
20
-3.7105994094488186
11
6.5129874409448814
21
-3.7095353937007873
0
LINE
8
BLACK
6
CONTINUOUS
10
6.5129874409448814
20
-3.7095353937007873
11
6.5170984645669288
21
-3.7095353937007873
0
LINE
8
BLACK
6
CONTINUOUS
10
6.5170984645669288
20
-3.7095353937007873
11
6.5210694488188974
21
-3.7105994094488186
0
LINE
8
BLACK
6
CONTINUOUS
10
7.1807013385826766
20
-3.6889675196850393
11
7.1842616535433068
21
-3.6910230708661418
0
LINE
8
BLACK
6
CONTINUOUS
10
7.1842616535433068
20
-3.6910230708661418
11
7.187168582677165
21
-3.6939299999999999
0
LINE
8
BLACK
6
CONTINUOUS
10
7.187168582677165
20
-3.6939299999999999
11
7.1892241338582679
21
-3.6974903149606297
0
LINE
8
BLACK
6
CONTINUOUS
10
7.1892241338582679
20
-3.6974903149606297
11
7.1902881496062987
21
-3.7014612992125984
0
LINE
8
BLACK
6
CONTINUOUS
10
7.1902881496062987
20
-3.7014612992125984
11
7.1902881496062987
21
-3.7055723228346458
0
LINE
8
BLACK
6
CONTINUOUS
10
7.1902881496062987
20
-3.7055723228346458
11
7.1892241338582679
21
-3.709543307086614
0
LINE
8
BLACK
6
CONTINUOUS
10
7.1892241338582679
20
-3.709543307086614
11
7.187168582677165
21
-3.7131036220472442
0
LINE
8
BLACK
6
CONTINUOUS
10
7.187168582677165
20
-3.7131036220472442
11
7.1842616535433068
21
-3.7160105511811024
0
LINE
8
BLACK
6
CONTINUOUS
10
7.1842616535433068
20
-3.7160105511811024
11
7.1807013385826766
21
-3.7180661023622048
0
LINE
8
BLACK
6
CONTINUOUS
10
7.1807013385826766
20
-3.7180661023622048
11
7.1767303543307088
21
-3.7191301181102361
0
LINE
8
BLACK
6
CONTINUOUS
10
7.1767303543307088
20
-3.7191301181102361
11
7.1726193307086614
21
-3.7191301181102361
0
LINE
8
BLACK
6
CONTINUOUS
10
7.1726193307086614
20
-3.7191301181102361
11
7.1686483464566928
21
-3.7180661023622048
0
LINE
8
BLACK
6
CONTINUOUS
10
7.1686483464566928
20
-3.7180661023622048
11
7.1650880314960625
21
-3.7160105511811024
0
LINE
8
BLACK
6
CONTINUOUS
10
7.1650880314960625
20
-3.7160105511811024
11
7.1621811023622044
21
-3.7131036220472442
0
LINE
8
BLACK
6
CONTINUOUS
10
7.1621811023622044
20
-3.7131036220472442
11
7.1601255511811024
21
-3.709543307086614
0
LINE
8
BLACK
6
CONTINUOUS
10
7.1601255511811024
20
-3.709543307086614
11
7.1590615354330707
21
-3.7055723228346458
0
LINE
8
BLACK
6
CONTINUOUS
10
7.1590615354330707
20
-3.7055723228346458
11
7.1590615354330707
21
-3.7014612992125984
0
LINE
8
BLACK
6
CONTINUOUS
10
7.1590615354330707
20
-3.7014612992125984
11
7.1601255511811024
21
-3.6974903149606297
0
LINE
8
BLACK
6
CONTINUOUS
10
7.1601255511811024
20
-3.6974903149606297
11
7.1621811023622044
21
-3.6939299999999999
0
LINE
8
BLACK
6
CONTINUOUS
10
7.1621811023622044
20
-3.6939299999999999
11
7.1650880314960625
21
-3.6910230708661418
0
LINE
8
BLACK
6
CONTINUOUS
10
7.1650880314960625
20
-3.6910230708661418
11
7.1686483464566928
21
-3.6889675196850393
0
LINE
8
BLACK
6
CONTINUOUS
10
7.1686483464566928
20
-3.6889675196850393
11
7.1726193307086614
21
-3.6879035039370076
0
LINE
8
BLACK
6
CONTINUOUS
10
7.1726193307086614
20
-3.6879035039370076
11
7.1767303543307088
21
-3.6879035039370076
0
LINE
8
BLACK
6
CONTINUOUS
10
7.1767303543307088
20
-3.6879035039370076
11
7.1807013385826766
21
-3.6889675196850393
0
LINE
8
BLACK
6
CONTINUOUS
10
6.3483718897637793
20
-3.589896653543307
11
6.3519322047244096
21
-3.5919522047244095
0
LINE
8
BLACK
6
CONTINUOUS
10
6.3519322047244096
20
-3.5919522047244095
11
6.3548391338582677
21
-3.5948591338582676
0
LINE
8
BLACK
6
CONTINUOUS
10
6.3548391338582677
20
-3.5948591338582676
11
6.355868937007874
21
-3.5966427952755904
0
LINE
8
BLACK
6
CONTINUOUS
10
6.355868937007874
20
-3.5966427952755904
11
6.4703992519685034
21
-3.5966427952755904
0
LINE
8
BLACK
6
CONTINUOUS
10
6.4703992519685034
20
-3.5966427952755904
11
6.4719353937007869
21
-3.5967940944881889
0
LINE
8
BLACK
6
CONTINUOUS
10
6.4719353937007869
20
-3.5967940944881889
11
6.4747738188976376
21
-3.5979698031496063
0
LINE
8
BLACK
6
CONTINUOUS
10
6.4747738188976376
20
-3.5979698031496063
11
6.4759670078740159
21
-3.5989490551181103
0
LINE
8
BLACK
6
CONTINUOUS
10
6.4759670078740159
20
-3.5989490551181103
11
6.5563776771653544
21
-3.6793596850393699
0
LINE
8
BLACK
6
CONTINUOUS
10
6.5563776771653544
20
-3.6793596850393699
11
6.6216671259842519
21
-3.6793596850393699
0
LINE
8
BLACK
6
CONTINUOUS
10
6.6216671259842519
20
-3.6793596850393699
11
6.6226560236220475
21
-3.6776468897637793
0
LINE
8
BLACK
6
CONTINUOUS
10
6.6226560236220475
20
-3.6776468897637793
11
6.6255629527559057
21
-3.6747399606299211
0
LINE
8
BLACK
6
CONTINUOUS
10
6.6255629527559057
20
-3.6747399606299211
11
6.629123267716535
21
-3.6726844094488187
0
LINE
8
BLACK
6
CONTINUOUS
10
6.629123267716535
20
-3.6726844094488187
11
6.6330942519685037
21
-3.6716203937007874
0
LINE
8
BLACK
6
CONTINUOUS
10
6.6330942519685037
20
-3.6716203937007874
11
6.6372052755905511
21
-3.6716203937007874
0
LINE
8
BLACK
6
CONTINUOUS
10
6.6372052755905511
20
-3.6716203937007874
11
6.6411762598425197
21
-3.6726844094488187
0
LINE
8
BLACK
6
CONTINUOUS
10
6.6411762598425197
20
-3.6726844094488187
11
6.6447365748031491
21
-3.6747399606299211
0
LINE
8
BLACK
6
CONTINUOUS
10
6.6447365748031491
20
-3.6747399606299211
11
6.6476435039370081
21
-3.6776468897637793
0
LINE
8
BLACK
6
CONTINUOUS
10
6.6476435039370081
20
-3.6776468897637793
11
6.6496990551181101
21
-3.6812072047244095
0
LINE
8
BLACK
6
CONTINUOUS
10
6.6496990551181101
20
-3.6812072047244095
11
6.6507630708661418
21
-3.6851781889763777
0
LINE
8
BLACK
6
CONTINUOUS
10
6.6507630708661418
20
-3.6851781889763777
11
6.6507630708661418
21
-3.6892892125984251
0
LINE
8
BLACK
6
CONTINUOUS
10
6.6507630708661418
20
-3.6892892125984251
11
6.6496990551181101
21
-3.6932601968503938
0
LINE
8
BLACK
6
CONTINUOUS
10
6.6496990551181101
20
-3.6932601968503938
11
6.6476435039370081
21
-3.6968205118110236
0
LINE
8
BLACK
6
CONTINUOUS
10
6.6476435039370081
20
-3.6968205118110236
11
6.6447365748031491
21
-3.6997274409448817
0
LINE
8
BLACK
6
CONTINUOUS
10
6.6447365748031491
20
-3.6997274409448817
11
6.6411762598425197
21
-3.7017829921259842
0
LINE
8
BLACK
6
CONTINUOUS
10
6.6411762598425197
20
-3.7017829921259842
11
6.6372052755905511
21
-3.7028470078740159
0
LINE
8
BLACK
6
CONTINUOUS
10
6.6372052755905511
20
-3.7028470078740159
11
6.6330942519685037
21
-3.7028470078740159
0
LINE
8
BLACK
6
CONTINUOUS
10
6.6330942519685037
20
-3.7028470078740159
11
6.629123267716535
21
-3.7017829921259842
0
LINE
8
BLACK
6
CONTINUOUS
10
6.629123267716535
20
-3.7017829921259842
11
6.6255629527559057
21
-3.6997274409448817
0
LINE
8
BLACK
6
CONTINUOUS
10
6.6255629527559057
20
-3.6997274409448817
11
6.6226560236220475
21
-3.6968205118110236
0
LINE
8
BLACK
6
CONTINUOUS
10
6.6226560236220475
20
-3.6968205118110236
11
6.6216671259842519
21
-3.6951077165354329
0
LINE
8
BLACK
6
CONTINUOUS
10
6.6216671259842519
20
-3.6951077165354329
11
6.553116141732283
21
-3.6951077165354329
0
LINE
8
BLACK
6
CONTINUOUS
10
6.553116141732283
20
-3.6951077165354329
11
6.5515799999999995
21
-3.6949564173228344
0
LINE
8
BLACK
6
CONTINUOUS
10
6.5515799999999995
20
-3.6949564173228344
11
6.5487415748031497
21
-3.6937807086614174
0
LINE
8
BLACK
6
CONTINUOUS
10
6.5487415748031497
20
-3.6937807086614174
11
6.5475483464566926
21
-3.6928014566929135
0
LINE
8
BLACK
6
CONTINUOUS
10
6.5475483464566926
20
-3.6928014566929135
11
6.4671377559055117
21
-3.6123908267716534
0
LINE
8
BLACK
6
CONTINUOUS
10
6.4671377559055117
20
-3.6123908267716534
11
6.355787086614173
21
-3.6123908267716534
0
LINE
8
BLACK
6
CONTINUOUS
10
6.355787086614173
20
-3.6123908267716534
11
6.3548391338582677
21
-3.6140327559055119
0
LINE
8
BLACK
6
CONTINUOUS
10
6.3548391338582677
20
-3.6140327559055119
11
6.3519322047244096
21
-3.61693968503937
0
LINE
8
BLACK
6
CONTINUOUS
10
6.3519322047244096
20
-3.61693968503937
11
6.3483718897637793
21
-3.6189952362204725
0
LINE
8
BLACK
6
CONTINUOUS
10
6.3483718897637793
20
-3.6189952362204725
11
6.3444009055118107
21
-3.6200592519685038
0
LINE
8
BLACK
6
CONTINUOUS
10
6.3444009055118107
20
-3.6200592519685038
11
6.3402898818897633
21
-3.6200592519685038
0
LINE
8
BLACK
6
CONTINUOUS
10
6.3402898818897633
20
-3.6200592519685038
11
6.3363188976377955
21
-3.6189952362204725
0
LINE
8
BLACK
6
CONTINUOUS
10
6.3363188976377955
20
-3.6189952362204725
11
6.3327585826771653
21
-3.61693968503937
0
LINE
8
BLACK
6
CONTINUOUS
10
6.3327585826771653
20
-3.61693968503937
11
6.3298516535433071
21
-3.6140327559055119
0
LINE
8
BLACK
6
CONTINUOUS
10
6.3298516535433071
20
-3.6140327559055119
11
6.3277961023622042
21
-3.6104724409448816
0
LINE
8
BLACK
6
CONTINUOUS
10
6.3277961023622042
20
-3.6104724409448816
11
6.3267320866141734
21
-3.6065014566929134
0
LINE
8
BLACK
6
CONTINUOUS
10
6.3267320866141734
20
-3.6065014566929134
11
6.3267320866141734
21
-3.602390433070866
0
LINE
8
BLACK
6
CONTINUOUS
10
6.3267320866141734
20
-3.602390433070866
11
6.3277961023622042
21
-3.5984194488188974
0
LINE
8
BLACK
6
CONTINUOUS
10
6.3277961023622042
20
-3.5984194488188974
11
6.3298516535433071
21
-3.5948591338582676
0
LINE
8
BLACK
6
CONTINUOUS
10
6.3298516535433071
20
-3.5948591338582676
11
6.3327585826771653
21
-3.5919522047244095
0
LINE
8
BLACK
6
CONTINUOUS
10
6.3327585826771653
20
-3.5919522047244095
11
6.3363188976377955
21
-3.589896653543307
0
LINE
8
BLACK
6
CONTINUOUS
10
6.3363188976377955
20
-3.589896653543307
11
6.3402898818897633
21
-3.5888326377952757
0
LINE
8
BLACK
6
CONTINUOUS
10
6.3402898818897633
20
-3.5888326377952757
11
6.3444009055118107
21
-3.5888326377952757
0
LINE
8
BLACK
6
CONTINUOUS
10
6.3444009055118107
20
-3.5888326377952757
11
6.3483718897637793
21
-3.589896653543307
0
LINE
8
BLACK
6
CONTINUOUS
10
6.354441496062992
20
-3.6289307086614171
11
6.3580018110236223
21
-3.6309862598425195
0
LINE
8
BLACK
6
CONTINUOUS
10
6.3580018110236223
20
-3.6309862598425195
11
6.3609087401574804
21
-3.6338931889763777
0
LINE
8
BLACK
6
CONTINUOUS
10
6.3609087401574804
20
-3.6338931889763777
11
6.3629642913385824
21
-3.6374535039370079
0
LINE
8
BLACK
6
CONTINUOUS
10
6.3629642913385824
20
-3.6374535039370079
11
6.3640283070866142
21
-3.6414244881889761
0
LINE
8
BLACK
6
CONTINUOUS
10
6.3640283070866142
20
-3.6414244881889761
11
6.3640283070866142
21
-3.6455355118110235
0
LINE
8
BLACK
6
CONTINUOUS
10
6.3640283070866142
20
-3.6455355118110235
11
6.3629642913385824
21
-3.6495064960629922
0
LINE
8
BLACK
6
CONTINUOUS
10
6.3629642913385824
20
-3.6495064960629922
11
6.3609087401574804
21
-3.653066811023622
0
LINE
8
BLACK
6
CONTINUOUS
10
6.3609087401574804
20
-3.653066811023622
11
6.3580018110236223
21
-3.6559737401574801
0
LINE
8
BLACK
6
CONTINUOUS
10
6.3580018110236223
20
-3.6559737401574801
11
6.354441496062992
21
-3.6580292913385826
0
LINE
8
BLACK
6
CONTINUOUS
10
6.354441496062992
20
-3.6580292913385826
11
6.3504705118110234
21
-3.6590933070866143
0
LINE
8
BLACK
6
CONTINUOUS
10
6.3504705118110234
20
-3.6590933070866143
11
6.346359488188976
21
-3.6590933070866143
0
LINE
8
BLACK
6
CONTINUOUS
10
6.346359488188976
20
-3.6590933070866143
11
6.3423885039370074
21
-3.6580292913385826
0
LINE
8
BLACK
6
CONTINUOUS
10
6.3423885039370074
20
-3.6580292913385826
11
6.338828188976378
21
-3.6559737401574801
0
LINE
8
BLACK
6
CONTINUOUS
10
6.338828188976378
20
-3.6559737401574801
11
6.3359212598425199
21
-3.653066811023622
0
LINE
8
BLACK
6
CONTINUOUS
10
6.3359212598425199
20
-3.653066811023622
11
6.333865708661417
21
-3.6495064960629922
0
LINE
8
BLACK
6
CONTINUOUS
10
6.333865708661417
20
-3.6495064960629922
11
6.3328016929133852
21
-3.6455355118110235
0
LINE
8
BLACK
6
CONTINUOUS
10
6.3328016929133852
20
-3.6455355118110235
11
6.3328016929133852
21
-3.6414244881889761
0
LINE
8
BLACK
6
CONTINUOUS
10
6.3328016929133852
20
-3.6414244881889761
11
6.333865708661417
21
-3.6374535039370079
0
LINE
8
BLACK
6
CONTINUOUS
10
6.333865708661417
20
-3.6374535039370079
11
6.3359212598425199
21
-3.6338931889763777
0
LINE
8
BLACK
6
CONTINUOUS
10
6.3359212598425199
20
-3.6338931889763777
11
6.338828188976378
21
-3.6309862598425195
0
LINE
8
BLACK
6
CONTINUOUS
10
6.338828188976378
20
-3.6309862598425195
11
6.3423885039370074
21
-3.6289307086614171
0
LINE
8
BLACK
6
CONTINUOUS
10
6.3423885039370074
20
-3.6289307086614171
11
6.346359488188976
21
-3.6278666929133858
0
LINE
8
BLACK
6
CONTINUOUS
10
6.346359488188976
20
-3.6278666929133858
11
6.3504705118110234
21
-3.6278666929133858
0
LINE
8
BLACK
6
CONTINUOUS
10
6.3504705118110234
20
-3.6278666929133858
11
6.354441496062992
21
-3.6289307086614171
0
LINE
8
BLACK
6
CONTINUOUS
10
5.7867013385826773
20
-3.6686368110236218
11
5.7902616535433067
21
-3.6706923622047243
0
LINE
8
BLACK
6
CONTINUOUS
10
5.7902616535433067
20
-3.6706923622047243
11
5.7931685826771648
21
-3.6735992913385824
0
LINE
8
BLACK
6
CONTINUOUS
10
5.7931685826771648
20
-3.6735992913385824
11
5.7952241338582677
21
-3.6771596062992127
0
LINE
8
BLACK
6
CONTINUOUS
10
5.7952241338582677
20
-3.6771596062992127
11
5.7962881496062995
21
-3.6811305905511809
0
LINE
8
BLACK
6
CONTINUOUS
10
5.7962881496062995
20
-3.6811305905511809
11
5.7962881496062995
21
-3.6852416141732283
0
LINE
8
BLACK
6
CONTINUOUS
10
5.7962881496062995
20
-3.6852416141732283
11
5.7952241338582677
21
-3.6892125984251969
0
LINE
8
BLACK
6
CONTINUOUS
10
5.7952241338582677
20
-3.6892125984251969
11
5.7931685826771648
21
-3.6927729133858267
0
LINE
8
BLACK
6
CONTINUOUS
10
5.7931685826771648
20
-3.6927729133858267
11
5.7902616535433067
21
-3.6956798425196848
0
LINE
8
BLACK
6
CONTINUOUS
10
5.7902616535433067
20
-3.6956798425196848
11
5.7867013385826773
21
-3.6977353937007873
0
LINE
8
BLACK
6
CONTINUOUS
10
5.7867013385826773
20
-3.6977353937007873
11
5.7827303543307087
21
-3.698799409448819
0
LINE
8
BLACK
6
CONTINUOUS
10
5.7827303543307087
20
-3.698799409448819
11
5.7786193307086613
21
-3.698799409448819
0
LINE
8
BLACK
6
CONTINUOUS
10
5.7786193307086613
20
-3.698799409448819
11
5.7746483464566927
21
-3.6977353937007873
0
LINE
8
BLACK
6
CONTINUOUS
10
5.7746483464566927
20
-3.6977353937007873
11
5.7710880314960624
21
-3.6956798425196848
0
LINE
8
BLACK
6
CONTINUOUS
10
5.7710880314960624
20
-3.6956798425196848
11
5.7681811023622043
21
-3.6927729133858267
0
LINE
8
BLACK
6
CONTINUOUS
10
5.7681811023622043
20
-3.6927729133858267
11
5.7661255511811023
21
-3.6892125984251969
0
LINE
8
BLACK
6
CONTINUOUS
10
5.7661255511811023
20
-3.6892125984251969
11
5.7650615354330705
21
-3.6852416141732283
0
LINE
8
BLACK
6
CONTINUOUS
10
5.7650615354330705
20
-3.6852416141732283
11
5.7650615354330705
21
-3.6811305905511809
0
LINE
8
BLACK
6
CONTINUOUS
10
5.7650615354330705
20
-3.6811305905511809
11
5.7661255511811023
21
-3.6771596062992127
0
LINE
8
BLACK
6
CONTINUOUS
10
5.7661255511811023
20
-3.6771596062992127
11
5.7681811023622043
21
-3.6735992913385824
0
LINE
8
BLACK
6
CONTINUOUS
10
5.7681811023622043
20
-3.6735992913385824
11
5.7710880314960624
21
-3.6706923622047243
0
LINE
8
BLACK
6
CONTINUOUS
10
5.7710880314960624
20
-3.6706923622047243
11
5.7746483464566927
21
-3.6686368110236218
0
LINE
8
BLACK
6
CONTINUOUS
10
5.7746483464566927
20
-3.6686368110236218
11
5.7786193307086613
21
-3.6675727952755905
0
LINE
8
BLACK
6
CONTINUOUS
10
5.7786193307086613
20
-3.6675727952755905
11
5.7827303543307087
21
-3.6675727952755905
0
LINE
8
BLACK
6
CONTINUOUS
10
5.7827303543307087
20
-3.6675727952755905
11
5.7867013385826773
21
-3.6686368110236218
0
LINE
8
BLACK
6
CONTINUOUS
10
5.0247013385826769
20
-3.6639675196850394
11
5.0282616535433071
21
-3.6660230708661414
0
LINE
8
BLACK
6
CONTINUOUS
10
5.0282616535433071
20
-3.6660230708661414
11
5.0311685826771653
21
-3.66893
0
LINE
8
BLACK
6
CONTINUOUS
10
5.0311685826771653
20
-3.66893
11
5.0332241338582673
21
-3.6724903149606298
0
LINE
8
BLACK
6
CONTINUOUS
10
5.0332241338582673
20
-3.6724903149606298
11
5.034288149606299
21
-3.6764612992125985
0
LINE
8
BLACK
6
CONTINUOUS
10
5.034288149606299
20
-3.6764612992125985
11
5.034288149606299
21
-3.6805723228346454
0
LINE
8
BLACK
6
CONTINUOUS
10
5.034288149606299
20
-3.6805723228346454
11
5.0332241338582673
21
-3.684543307086614
0
LINE
8
BLACK
6
CONTINUOUS
10
5.0332241338582673
20
-3.684543307086614
11
5.0311685826771653
21
-3.6881036220472438
0
LINE
8
BLACK
6
CONTINUOUS
10
5.0311685826771653
20
-3.6881036220472438
11
5.0282616535433071
21
-3.6910105511811024
0
LINE
8
BLACK
6
CONTINUOUS
10
5.0282616535433071
20
-3.6910105511811024
11
5.0247013385826769
21
-3.6930661023622045
0
LINE
8
BLACK
6
CONTINUOUS
10
5.0247013385826769
20
-3.6930661023622045
11
5.0207303543307082
21
-3.6941301181102362
0
LINE
8
BLACK
6
CONTINUOUS
10
5.0207303543307082
20
-3.6941301181102362
11
5.0166193307086617
21
-3.6941301181102362
0
LINE
8
BLACK
6
CONTINUOUS
10
5.0166193307086617
20
-3.6941301181102362
11
5.0126483464566931
21
-3.6930661023622045
0
LINE
8
BLACK
6
CONTINUOUS
10
5.0126483464566931
20
-3.6930661023622045
11
5.0090880314960629
21
-3.6910105511811024
0
LINE
8
BLACK
6
CONTINUOUS
10
5.0090880314960629
20
-3.6910105511811024
11
5.0061811023622047
21
-3.6881036220472438
0
LINE
8
BLACK
6
CONTINUOUS
10
5.0061811023622047
20
-3.6881036220472438
11
5.0041255511811018
21
-3.684543307086614
0
LINE
8
BLACK
6
CONTINUOUS
10
5.0041255511811018
20
-3.684543307086614
11
5.003061535433071
21
-3.6805723228346454
0
LINE
8
BLACK
6
CONTINUOUS
10
5.003061535433071
20
-3.6805723228346454
11
5.003061535433071
21
-3.6764612992125985
0
LINE
8
BLACK
6
CONTINUOUS
10
5.003061535433071
20
-3.6764612992125985
11
5.0041255511811018
21
-3.6724903149606298
0
LINE
8
BLACK
6
CONTINUOUS
10
5.0041255511811018
20
-3.6724903149606298
11
5.0061811023622047
21
-3.66893
0
LINE
8
BLACK
6
CONTINUOUS
10
5.0061811023622047
20
-3.66893
11
5.0090880314960629
21
-3.6660230708661414
0
LINE
8
BLACK
6
CONTINUOUS
10
5.0090880314960629
20
-3.6660230708661414
11
5.0126483464566931
21
-3.6639675196850394
0
LINE
8
BLACK
6
CONTINUOUS
10
5.0126483464566931
20
-3.6639675196850394
11
5.0166193307086617
21
-3.6629035039370077
0
LINE
8
BLACK
6
CONTINUOUS
10
5.0166193307086617
20
-3.6629035039370077
11
5.0207303543307082
21
-3.6629035039370077
0
LINE
8
BLACK
6
CONTINUOUS
10
5.0207303543307082
20
-3.6629035039370077
11
5.0247013385826769
21
-3.6639675196850394
0
LINE
8
BLACK
6
CONTINUOUS
10
5.6157249606299215
20
-3.6619438976377952
11
5.6192852755905509
21
-3.6639994488188976
0
LINE
8
BLACK
6
CONTINUOUS
10
5.6192852755905509
20
-3.6639994488188976
11
5.6221922047244091
21
-3.6669063779527558
0
LINE
8
BLACK
6
CONTINUOUS
10
5.6221922047244091
20
-3.6669063779527558
11
5.624247755905512
21
-3.6704666929133856
0
LINE
8
BLACK
6
CONTINUOUS
10
5.624247755905512
20
-3.6704666929133856
11
5.6253117716535428
21
-3.6744376771653542
0
LINE
8
BLACK
6
CONTINUOUS
10
5.6253117716535428
20
-3.6744376771653542
11
5.6253117716535428
21
-3.6785487007874016
0
LINE
8
BLACK
6
CONTINUOUS
10
5.6253117716535428
20
-3.6785487007874016
11
5.624247755905512
21
-3.6825196850393702
0
LINE
8
BLACK
6
CONTINUOUS
10
5.624247755905512
20
-3.6825196850393702
11
5.6221922047244091
21
-3.68608
0
LINE
8
BLACK
6
CONTINUOUS
10
5.6221922047244091
20
-3.68608
11
5.6192852755905509
21
-3.6889869291338582
0
LINE
8
BLACK
6
CONTINUOUS
10
5.6192852755905509
20
-3.6889869291338582
11
5.6157249606299215
21
-3.6910424803149606
0
LINE
8
BLACK
6
CONTINUOUS
10
5.6157249606299215
20
-3.6910424803149606
11
5.6117539763779529
21
-3.6921064960629919
0
LINE
8
BLACK
6
CONTINUOUS
10
5.6117539763779529
20
-3.6921064960629919
11
5.6076429527559055
21
-3.6921064960629919
0
LINE
8
BLACK
6
CONTINUOUS
10
5.6076429527559055
20
-3.6921064960629919
11
5.6036719685039369
21
-3.6910424803149606
0
LINE
8
BLACK
6
CONTINUOUS
10
5.6036719685039369
20
-3.6910424803149606
11
5.6001116535433066
21
-3.6889869291338582
0
LINE
8
BLACK
6
CONTINUOUS
10
5.6001116535433066
20
-3.6889869291338582
11
5.5972047244094485
21
-3.68608
0
LINE
8
BLACK
6
CONTINUOUS
10
5.5972047244094485
20
-3.68608
11
5.5951491732283465
21
-3.6825196850393702
0
LINE
8
BLACK
6
CONTINUOUS
10
5.5951491732283465
20
-3.6825196850393702
11
5.5940851574803148
21
-3.6785487007874016
0
LINE
8
BLACK
6
CONTINUOUS
10
5.5940851574803148
20
-3.6785487007874016
11
5.5940851574803148
21
-3.6744376771653542
0
LINE
8
BLACK
6
CONTINUOUS
10
5.5940851574803148
20
-3.6744376771653542
11
5.5951491732283465
21
-3.6704666929133856
0
LINE
8
BLACK
6
CONTINUOUS
10
5.5951491732283465
20
-3.6704666929133856
11
5.5972047244094485
21
-3.6669063779527558
0
LINE
8
BLACK
6
CONTINUOUS
10
5.5972047244094485
20
-3.6669063779527558
11
5.6001116535433066
21
-3.6639994488188976
0
LINE
8
BLACK
6
CONTINUOUS
10
5.6001116535433066
20
-3.6639994488188976
11
5.6036719685039369
21
-3.6619438976377952
0
LINE
8
BLACK
6
CONTINUOUS
10
5.6036719685039369
20
-3.6619438976377952
11
5.6076429527559055
21
-3.6608798818897639
0
LINE
8
BLACK
6
CONTINUOUS
10
5.6076429527559055
20
-3.6608798818897639
11
5.6117539763779529
21
-3.6608798818897639
0
LINE
8
BLACK
6
CONTINUOUS
10
5.6117539763779529
20
-3.6608798818897639
11
5.6157249606299215
21
-3.6619438976377952
0
LINE
8
BLACK
6
CONTINUOUS
10
4.3502601968503933
20
-3.6604086614173226
11
4.3538205118110236
21
-3.662464212598425
0
LINE
8
BLACK
6
CONTINUOUS
10
4.3538205118110236
20
-3.662464212598425
11
4.3567274409448817
21
-3.6653711417322832
0
LINE
8
BLACK
6
CONTINUOUS
10
4.3567274409448817
20
-3.6653711417322832
11
4.3587829921259837
21
-3.6689314566929134
0
LINE
8
BLACK
6
CONTINUOUS
10
4.3587829921259837
20
-3.6689314566929134
11
4.3598470078740155
21
-3.6729024409448816
0
LINE
8
BLACK
6
CONTINUOUS
10
4.3598470078740155
20
-3.6729024409448816
11
4.3598470078740155
21
-3.677013464566929
0
LINE
8
BLACK
6
CONTINUOUS
10
4.3598470078740155
20
-3.677013464566929
11
4.3587829921259837
21
-3.6809844488188976
0
LINE
8
BLACK
6
CONTINUOUS
10
4.3587829921259837
20
-3.6809844488188976
11
4.3567274409448817
21
-3.6845447637795274
0
LINE
8
BLACK
6
CONTINUOUS
10
4.3567274409448817
20
-3.6845447637795274
11
4.3538205118110236
21
-3.6874516929133856
0
LINE
8
BLACK
6
CONTINUOUS
10
4.3538205118110236
20
-3.6874516929133856
11
4.3502601968503933
21
-3.689507244094488
0
LINE
8
BLACK
6
CONTINUOUS
10
4.3502601968503933
20
-3.689507244094488
11
4.3462892125984247
21
-3.6905712598425198
0
LINE
8
BLACK
6
CONTINUOUS
10
4.3462892125984247
20
-3.6905712598425198
11
4.3421781889763782
21
-3.6905712598425198
0
LINE
8
BLACK
6
CONTINUOUS
10
4.3421781889763782
20
-3.6905712598425198
11
4.3382072047244096
21
-3.689507244094488
0
LINE
8
BLACK
6
CONTINUOUS
10
4.3382072047244096
20
-3.689507244094488
11
4.3346468897637793
21
-3.6874516929133856
0
LINE
8
BLACK
6
CONTINUOUS
10
4.3346468897637793
20
-3.6874516929133856
11
4.3317399606299212
21
-3.6845447637795274
0
LINE
8
BLACK
6
CONTINUOUS
10
4.3317399606299212
20
-3.6845447637795274
11
4.3296844094488192
21
-3.6809844488188976
0
LINE
8
BLACK
6
CONTINUOUS
10
4.3296844094488192
20
-3.6809844488188976
11
4.3286203937007874
21
-3.677013464566929
0
LINE
8
BLACK
6
CONTINUOUS
10
4.3286203937007874
20
-3.677013464566929
11
4.3286203937007874
21
-3.6729024409448816
0
LINE
8
BLACK
6
CONTINUOUS
10
4.3286203937007874
20
-3.6729024409448816
11
4.3296844094488192
21
-3.6689314566929134
0
LINE
8
BLACK
6
CONTINUOUS
10
4.3296844094488192
20
-3.6689314566929134
11
4.3317399606299212
21
-3.6653711417322832
0
LINE
8
BLACK
6
CONTINUOUS
10
4.3317399606299212
20
-3.6653711417322832
11
4.3346468897637793
21
-3.662464212598425
0
LINE
8
BLACK
6
CONTINUOUS
10
4.3346468897637793
20
-3.662464212598425
11
4.3382072047244096
21
-3.6604086614173226
0
LINE
8
BLACK
6
CONTINUOUS
10
4.3382072047244096
20
-3.6604086614173226
11
4.3421781889763782
21
-3.6593446456692913
0
LINE
8
BLACK
6
CONTINUOUS
10
4.3421781889763782
20
-3.6593446456692913
11
4.3462892125984247
21
-3.6593446456692913
0
LINE
8
BLACK
6
CONTINUOUS
10
4.3462892125984247
20
-3.6593446456692913
11
4.3502601968503933
21
-3.6604086614173226
0
LINE
8
BLACK
6
CONTINUOUS
10
4.926701338582677
20
-3.6369675196850393
11
4.9302616535433073
21
-3.6390230708661417
0
LINE
8
BLACK
6
CONTINUOUS
10
4.9302616535433073
20
-3.6390230708661417
11
4.9331685826771654
21
-3.6419299999999999
0
LINE
8
BLACK
6
CONTINUOUS
10
4.9331685826771654
20
-3.6419299999999999
11
4.9352241338582674
21
-3.6454903149606297
0
LINE
8
BLACK
6
CONTINUOUS
10
4.9352241338582674
20
-3.6454903149606297
11
4.9362881496062991
21
-3.6494612992125983
0
LINE
8
BLACK
6
CONTINUOUS
10
4.9362881496062991
20
-3.6494612992125983
11
4.9362881496062991
21
-3.6535723228346457
0
LINE
8
BLACK
6
CONTINUOUS
10
4.9362881496062991
20
-3.6535723228346457
11
4.9352241338582674
21
-3.6575433070866139
0
LINE
8
BLACK
6
CONTINUOUS
10
4.9352241338582674
20
-3.6575433070866139
11
4.9331685826771654
21
-3.6611036220472442
0
LINE
8
BLACK
6
CONTINUOUS
10
4.9331685826771654
20
-3.6611036220472442
11
4.9302616535433073
21
-3.6640105511811023
0
LINE
8
BLACK
6
CONTINUOUS
10
4.9302616535433073
20
-3.6640105511811023
11
4.926701338582677
21
-3.6660661023622048
0
LINE
8
BLACK
6
CONTINUOUS
10
4.926701338582677
20
-3.6660661023622048
11
4.9227303543307084
21
-3.667130118110236
0
LINE
8
BLACK
6
CONTINUOUS
10
4.9227303543307084
20
-3.667130118110236
11
4.918619330708661
21
-3.667130118110236
0
LINE
8
BLACK
6
CONTINUOUS
10
4.918619330708661
20
-3.667130118110236
11
4.9146483464566932
21
-3.6660661023622048
0
LINE
8
BLACK
6
CONTINUOUS
10
4.9146483464566932
20
-3.6660661023622048
11
4.911088031496063
21
-3.6640105511811023
0
LINE
8
BLACK
6
CONTINUOUS
10
4.911088031496063
20
-3.6640105511811023
11
4.9081811023622048
21
-3.6611036220472442
0
LINE
8
BLACK
6
CONTINUOUS
10
4.9081811023622048
20
-3.6611036220472442
11
4.9061255511811019
21
-3.6575433070866139
0
LINE
8
BLACK
6
CONTINUOUS
10
4.9061255511811019
20
-3.6575433070866139
11
4.9050615354330711
21
-3.6535723228346457
0
LINE
8
BLACK
6
CONTINUOUS
10
4.9050615354330711
20
-3.6535723228346457
11
4.9050615354330711
21
-3.6494612992125983
0
LINE
8
BLACK
6
CONTINUOUS
10
4.9050615354330711
20
-3.6494612992125983
11
4.9061255511811019
21
-3.6454903149606297
0
LINE
8
BLACK
6
CONTINUOUS
10
4.9061255511811019
20
-3.6454903149606297
11
4.9081811023622048
21
-3.6419299999999999
0
LINE
8
BLACK
6
CONTINUOUS
10
4.9081811023622048
20
-3.6419299999999999
11
4.911088031496063
21
-3.6390230708661417
0
LINE
8
BLACK
6
CONTINUOUS
10
4.911088031496063
20
-3.6390230708661417
11
4.9146483464566932
21
-3.6369675196850393
0
LINE
8
BLACK
6
CONTINUOUS
10
4.9146483464566932
20
-3.6369675196850393
11
4.918619330708661
21
-3.635903503937008
0
LINE
8
BLACK
6
CONTINUOUS
10
4.918619330708661
20
-3.635903503937008
11
4.9227303543307084
21
-3.635903503937008
0
LINE
8
BLACK
6
CONTINUOUS
10
4.9227303543307084
20
-3.635903503937008
11
4.926701338582677
21
-3.6369675196850393
0
LINE
8
BLACK
6
CONTINUOUS
10
4.974701338582677
20
-3.6329675196850393
11
4.9782616535433073
21
-3.6350230708661417
0
LINE
8
BLACK
6
CONTINUOUS
10
4.9782616535433073
20
-3.6350230708661417
11
4.9811685826771654
21
-3.6379299999999999
0
LINE
8
BLACK
6
CONTINUOUS
10
4.9811685826771654
20
-3.6379299999999999
11
4.9832241338582675
21
-3.6414903149606297
0
LINE
8
BLACK
6
CONTINUOUS
10
4.9832241338582675
20
-3.6414903149606297
11
4.9842881496062992
21
-3.6454612992125983
0
LINE
8
BLACK
6
CONTINUOUS
10
4.9842881496062992
20
-3.6454612992125983
11
4.9842881496062992
21
-3.6495723228346457
0
LINE
8
BLACK
6
CONTINUOUS
10
4.9842881496062992
20
-3.6495723228346457
11
4.9832241338582675
21
-3.6535433070866139
0
LINE
8
BLACK
6
CONTINUOUS
10
4.9832241338582675
20
-3.6535433070866139
11
4.9811685826771654
21
-3.6571036220472442
0
LINE
8
BLACK
6
CONTINUOUS
10
4.9811685826771654
20
-3.6571036220472442
11
4.9782616535433073
21
-3.6600105511811023
0
LINE
8
BLACK
6
CONTINUOUS
10
4.9782616535433073
20
-3.6600105511811023
11
4.974701338582677
21
-3.6620661023622048
0
LINE
8
BLACK
6
CONTINUOUS
10
4.974701338582677
20
-3.6620661023622048
11
4.9707303543307084
21
-3.663130118110236
0
LINE
8
BLACK
6
CONTINUOUS
10
4.9707303543307084
20
-3.663130118110236
11
4.966619330708661
21
-3.663130118110236
0
LINE
8
BLACK
6
CONTINUOUS
10
4.966619330708661
20
-3.663130118110236
11
4.9626483464566924
21
-3.6620661023622048
0
LINE
8
BLACK
6
CONTINUOUS
10
4.9626483464566924
20
-3.6620661023622048
11
4.959088031496063
21
-3.6600105511811023
0
LINE
8
BLACK
6
CONTINUOUS
10
4.959088031496063
20
-3.6600105511811023
11
4.9561811023622049
21
-3.6571036220472442
0
LINE
8
BLACK
6
CONTINUOUS
10
4.9561811023622049
20
-3.6571036220472442
11
4.954125551181102
21
-3.6535433070866139
0
LINE
8
BLACK
6
CONTINUOUS
10
4.954125551181102
20
-3.6535433070866139
11
4.9530615354330711
21
-3.6495723228346457
0
LINE
8
BLACK
6
CONTINUOUS
10
4.9530615354330711
20
-3.6495723228346457
11
4.9530615354330711
21
-3.6454612992125983
0
LINE
8
BLACK
6
CONTINUOUS
10
4.9530615354330711
20
-3.6454612992125983
11
4.954125551181102
21
-3.6414903149606297
0
LINE
8
BLACK
6
CONTINUOUS
10
4.954125551181102
20
-3.6414903149606297
11
4.9561811023622049
21
-3.6379299999999999
0
LINE
8
BLACK
6
CONTINUOUS
10
4.9561811023622049
20
-3.6379299999999999
11
4.959088031496063
21
-3.6350230708661417
0
LINE
8
BLACK
6
CONTINUOUS
10
4.959088031496063
20
-3.6350230708661417
11
4.9626483464566924
21
-3.6329675196850393
0
LINE
8
BLACK
6
CONTINUOUS
10
4.9626483464566924
20
-3.6329675196850393
11
4.966619330708661
21
-3.631903503937008
0
LINE
8
BLACK
6
CONTINUOUS
10
4.966619330708661
20
-3.631903503937008
11
4.9707303543307084
21
-3.631903503937008
0
LINE
8
BLACK
6
CONTINUOUS
10
4.9707303543307084
20
-3.631903503937008
11
4.974701338582677
21
-3.6329675196850393
0
LINE
8
BLACK
6
CONTINUOUS
10
5.8374055118110233
20
-3.6213117322834645
11
5.8409658267716535
21
-3.6233672834645669
0
LINE
8
BLACK
6
CONTINUOUS
10
5.8409658267716535
20
-3.6233672834645669
11
5.8438727559055117
21
-3.6262742125984251
0
LINE
8
BLACK
6
CONTINUOUS
10
5.8438727559055117
20
-3.6262742125984251
11
5.8459283070866137
21
-3.6298345275590549
0
LINE
8
BLACK
6
CONTINUOUS
10
5.8459283070866137
20
-3.6298345275590549
11
5.8469923228346454
21
-3.6338055118110235
0
LINE
8
BLACK
6
CONTINUOUS
10
5.8469923228346454
20
-3.6338055118110235
11
5.8469923228346454
21
-3.6379165354330709
0
LINE
8
BLACK
6
CONTINUOUS
10
5.8469923228346454
20
-3.6379165354330709
11
5.8459283070866137
21
-3.6418875196850391
0
LINE
8
BLACK
6
CONTINUOUS
10
5.8459283070866137
20
-3.6418875196850391
11
5.8438727559055117
21
-3.6454478346456693
0
LINE
8
BLACK
6
CONTINUOUS
10
5.8438727559055117
20
-3.6454478346456693
11
5.8409658267716535
21
-3.6483547637795275
0
LINE
8
BLACK
6
CONTINUOUS
10
5.8409658267716535
20
-3.6483547637795275
11
5.8374055118110233
21
-3.65041031496063
0
LINE
8
BLACK
6
CONTINUOUS
10
5.8374055118110233
20
-3.65041031496063
11
5.8334345275590547
21
-3.6514743307086612
0
LINE
8
BLACK
6
CONTINUOUS
10
5.8334345275590547
20
-3.6514743307086612
11
5.8293235039370082
21
-3.6514743307086612
0
LINE
8
BLACK
6
CONTINUOUS
10
5.8293235039370082
20
-3.6514743307086612
11
5.8253525196850395
21
-3.65041031496063
0
LINE
8
BLACK
6
CONTINUOUS
10
5.8253525196850395
20
-3.65041031496063
11
5.8217922047244093
21
-3.6483547637795275
0
LINE
8
BLACK
6
CONTINUOUS
10
5.8217922047244093
20
-3.6483547637795275
11
5.8188852755905511
21
-3.6454478346456693
0
LINE
8
BLACK
6
CONTINUOUS
10
5.8188852755905511
20
-3.6454478346456693
11
5.8168297244094491
21
-3.6418875196850391
0
LINE
8
BLACK
6
CONTINUOUS
10
5.8168297244094491
20
-3.6418875196850391
11
5.8157657086614174
21
-3.6379165354330709
0
LINE
8
BLACK
6
CONTINUOUS
10
5.8157657086614174
20
-3.6379165354330709
11
5.8157657086614174
21
-3.6338055118110235
0
LINE
8
BLACK
6
CONTINUOUS
10
5.8157657086614174
20
-3.6338055118110235
11
5.8168297244094491
21
-3.6298345275590549
0
LINE
8
BLACK
6
CONTINUOUS
10
5.8168297244094491
20
-3.6298345275590549
11
5.8188852755905511
21
-3.6262742125984251
0
LINE
8
BLACK
6
CONTINUOUS
10
5.8188852755905511
20
-3.6262742125984251
11
5.8217922047244093
21
-3.6233672834645669
0
LINE
8
BLACK
6
CONTINUOUS
10
5.8217922047244093
20
-3.6233672834645669
11
5.8253525196850395
21
-3.6213117322834645
0
LINE
8
BLACK
6
CONTINUOUS
10
5.8253525196850395
20
-3.6213117322834645
11
5.8293235039370082
21
-3.6202477165354332
0
LINE
8
BLACK
6
CONTINUOUS
10
5.8293235039370082
20
-3.6202477165354332
11
5.8334345275590547
21
-3.6202477165354332
0
LINE
8
BLACK
6
CONTINUOUS
10
5.8334345275590547
20
-3.6202477165354332
11
5.8374055118110233
21
-3.6213117322834645
0
LINE
8
BLACK
6
CONTINUOUS
10
5.1877013385826771
20
-3.6119675196850394
11
5.1912616535433074
21
-3.6140230708661418
0
LINE
8
BLACK
6
CONTINUOUS
10
5.1912616535433074
20
-3.6140230708661418
11
5.1941685826771655
21
-3.61693
0
LINE
8
BLACK
6
CONTINUOUS
10
5.1941685826771655
20
-3.61693
11
5.1962241338582675
21
-3.6204903149606298
0
LINE
8
BLACK
6
CONTINUOUS
10
5.1962241338582675
20
-3.6204903149606298
11
5.1972881496062993
21
-3.6244612992125984
0
LINE
8
BLACK
6
CONTINUOUS
10
5.1972881496062993
20
-3.6244612992125984
11
5.1972881496062993
21
-3.6285723228346454
0
LINE
8
BLACK
6
CONTINUOUS
10
5.1972881496062993
20
-3.6285723228346454
11
5.1962241338582675
21
-3.632543307086614
0
LINE
8
BLACK
6
CONTINUOUS
10
5.1962241338582675
20
-3.632543307086614
11
5.1941685826771655
21
-3.6361036220472438
0
LINE
8
BLACK
6
CONTINUOUS
10
5.1941685826771655
20
-3.6361036220472438
11
5.1912616535433074
21
-3.6390105511811024
0
LINE
8
BLACK
6
CONTINUOUS
10
5.1912616535433074
20
-3.6390105511811024
11
5.1877013385826771
21
-3.6410661023622048
0
LINE
8
BLACK
6
CONTINUOUS
10
5.1877013385826771
20
-3.6410661023622048
11
5.1837303543307085
21
-3.6421301181102361
0
LINE
8
BLACK
6
CONTINUOUS
10
5.1837303543307085
20
-3.6421301181102361
11
5.1796193307086611
21
-3.6421301181102361
0
LINE
8
BLACK
6
CONTINUOUS
10
5.1796193307086611
20
-3.6421301181102361
11
5.1756483464566925
21
-3.6410661023622048
0
LINE
8
BLACK
6
CONTINUOUS
10
5.1756483464566925
20
-3.6410661023622048
11
5.1720880314960631
21
-3.6390105511811024
0
LINE
8
BLACK
6
CONTINUOUS
10
5.1720880314960631
20
-3.6390105511811024
11
5.169181102362205
21
-3.6361036220472438
0
LINE
8
BLACK
6
CONTINUOUS
10
5.169181102362205
20
-3.6361036220472438
11
5.1671255511811021
21
-3.632543307086614
0
LINE
8
BLACK
6
CONTINUOUS
10
5.1671255511811021
20
-3.632543307086614
11
5.1660615354330703
21
-3.6285723228346454
0
LINE
8
BLACK
6
CONTINUOUS
10
5.1660615354330703
20
-3.6285723228346454
11
5.1660615354330703
21
-3.6244612992125984
0
LINE
8
BLACK
6
CONTINUOUS
10
5.1660615354330703
20
-3.6244612992125984
11
5.1671255511811021
21
-3.6204903149606298
0
LINE
8
BLACK
6
CONTINUOUS
10
5.1671255511811021
20
-3.6204903149606298
11
5.169181102362205
21
-3.61693
0
LINE
8
BLACK
6
CONTINUOUS
10
5.169181102362205
20
-3.61693
11
5.1720880314960631
21
-3.6140230708661418
0
LINE
8
BLACK
6
CONTINUOUS
10
5.1720880314960631
20
-3.6140230708661418
11
5.1756483464566925
21
-3.6119675196850394
0
LINE
8
BLACK
6
CONTINUOUS
10
5.1756483464566925
20
-3.6119675196850394
11
5.1796193307086611
21
-3.6109035039370077
0
LINE
8
BLACK
6
CONTINUOUS
10
5.1796193307086611
20
-3.6109035039370077
11
5.1837303543307085
21
-3.6109035039370077
0
LINE
8
BLACK
6
CONTINUOUS
10
5.1837303543307085
20
-3.6109035039370077
11
5.1877013385826771
21
-3.6119675196850394
0
LINE
8
BLACK
6
CONTINUOUS
10
4.0647013385826769
20
-3.5829675196850395
11
4.0682616535433072
21
-3.5850230708661415
0
LINE
8
BLACK
6
CONTINUOUS
10
4.0682616535433072
20
-3.5850230708661415
11
4.0711685826771653
21
-3.5879300000000001
0
LINE
8
BLACK
6
CONTINUOUS
10
4.0711685826771653
20
-3.5879300000000001
11
4.0732241338582673
21
-3.5914903149606299
0
LINE
8
BLACK
6
CONTINUOUS
10
4.0732241338582673
20
-3.5914903149606299
11
4.074288149606299
21
-3.5954612992125985
0
LINE
8
BLACK
6
CONTINUOUS
10
4.074288149606299
20
-3.5954612992125985
11
4.074288149606299
21
-3.5995723228346455
0
LINE
8
BLACK
6
CONTINUOUS
10
4.074288149606299
20
-3.5995723228346455
11
4.0732241338582673
21
-3.6035433070866141
0
LINE
8
BLACK
6
CONTINUOUS
10
4.0732241338582673
20
-3.6035433070866141
11
4.0711685826771653
21
-3.6071036220472439
0
LINE
8
BLACK
6
CONTINUOUS
10
4.0711685826771653
20
-3.6071036220472439
11
4.0682616535433072
21
-3.6100105511811025
0
LINE
8
BLACK
6
CONTINUOUS
10
4.0682616535433072
20
-3.6100105511811025
11
4.0647013385826769
21
-3.6120661023622045
0
LINE
8
BLACK
6
CONTINUOUS
10
4.0647013385826769
20
-3.6120661023622045
11
4.0607303543307083
21
-3.6131301181102362
0
LINE
8
BLACK
6
CONTINUOUS
10
4.0607303543307083
20
-3.6131301181102362
11
4.0566193307086618
21
-3.6131301181102362
0
LINE
8
BLACK
6
CONTINUOUS
10
4.0566193307086618
20
-3.6131301181102362
11
4.0526483464566931
21
-3.6120661023622045
0
LINE
8
BLACK
6
CONTINUOUS
10
4.0526483464566931
20
-3.6120661023622045
11
4.0490880314960629
21
-3.6100105511811025
0
LINE
8
BLACK
6
CONTINUOUS
10
4.0490880314960629
20
-3.6100105511811025
11
4.0461811023622047
21
-3.6071036220472439
0
LINE
8
BLACK
6
CONTINUOUS
10
4.0461811023622047
20
-3.6071036220472439
11
4.0441255511811018
21
-3.6035433070866141
0
LINE
8
BLACK
6
CONTINUOUS
10
4.0441255511811018
20
-3.6035433070866141
11
4.043061535433071
21
-3.5995723228346455
0
LINE
8
BLACK
6
CONTINUOUS
10
4.043061535433071
20
-3.5995723228346455
11
4.043061535433071
21
-3.5954612992125985
0
LINE
8
BLACK
6
CONTINUOUS
10
4.043061535433071
20
-3.5954612992125985
11
4.0441255511811018
21
-3.5914903149606299
0
LINE
8
BLACK
6
CONTINUOUS
10
4.0441255511811018
20
-3.5914903149606299
11
4.0461811023622047
21
-3.5879300000000001
0
LINE
8
BLACK
6
CONTINUOUS
10
4.0461811023622047
20
-3.5879300000000001
11
4.0490880314960629
21
-3.5850230708661415
0
LINE
8
BLACK
6
CONTINUOUS
10
4.0490880314960629
20
-3.5850230708661415
11
4.0526483464566931
21
-3.5829675196850395
0
LINE
8
BLACK
6
CONTINUOUS
10
4.0526483464566931
20
-3.5829675196850395
11
4.0566193307086618
21
-3.5819035039370077
0
LINE
8
BLACK
6
CONTINUOUS
10
4.0566193307086618
20
-3.5819035039370077
11
4.0607303543307083
21
-3.5819035039370077
0
LINE
8
BLACK
6
CONTINUOUS
10
4.0607303543307083
20
-3.5819035039370077
11
4.0647013385826769
21
-3.5829675196850395
0
LINE
8
BLACK
6
CONTINUOUS
10
5.1069848031496061
20
-3.5529675196850392
11
5.1105451181102364
21
-3.5550230708661417
0
LINE
8
BLACK
6
CONTINUOUS
10
5.1105451181102364
20
-3.5550230708661417
11
5.1134520472440945
21
-3.5579299999999998
0
LINE
8
BLACK
6
CONTINUOUS
10
5.1134520472440945
20
-3.5579299999999998
11
5.1155075984251965
21
-3.5614903149606296
0
LINE
8
BLACK
6
CONTINUOUS
10
5.1155075984251965
20
-3.5614903149606296
11
5.1165716141732283
21
-3.5654612992125982
0
LINE
8
BLACK
6
CONTINUOUS
10
5.1165716141732283
20
-3.5654612992125982
11
5.1165716141732283
21
-3.5695723228346457
0
LINE
8
BLACK
6
CONTINUOUS
10
5.1165716141732283
20
-3.5695723228346457
11
5.1155075984251965
21
-3.5735433070866143
0
LINE
8
BLACK
6
CONTINUOUS
10
5.1155075984251965
20
-3.5735433070866143
11
5.1134520472440945
21
-3.5771036220472441
0
LINE
8
BLACK
6
CONTINUOUS
10
5.1134520472440945
20
-3.5771036220472441
11
5.1105451181102364
21
-3.5800105511811022
0
LINE
8
BLACK
6
CONTINUOUS
10
5.1105451181102364
20
-3.5800105511811022
11
5.1069848031496061
21
-3.5820661023622047
0
LINE
8
BLACK
6
CONTINUOUS
10
5.1069848031496061
20
-3.5820661023622047
11
5.1030138188976375
21
-3.583130118110236
0
LINE
8
BLACK
6
CONTINUOUS
10
5.1030138188976375
20
-3.583130118110236
11
5.0989027952755901
21
-3.583130118110236
0
LINE
8
BLACK
6
CONTINUOUS
10
5.0989027952755901
20
-3.583130118110236
11
5.0949318110236224
21
-3.5820661023622047
0
LINE
8
BLACK
6
CONTINUOUS
10
5.0949318110236224
20
-3.5820661023622047
11
5.0913714960629921
21
-3.5800105511811022
0
LINE
8
BLACK
6
CONTINUOUS
10
5.0913714960629921
20
-3.5800105511811022
11
5.088464566929134
21
-3.5771036220472441
0
LINE
8
BLACK
6
CONTINUOUS
10
5.088464566929134
20
-3.5771036220472441
11
5.0864090157480311
21
-3.5735433070866143
0
LINE
8
BLACK
6
CONTINUOUS
10
5.0864090157480311
20
-3.5735433070866143
11
5.0853450000000002
21
-3.5695723228346457
0
LINE
8
BLACK
6
CONTINUOUS
10
5.0853450000000002
20
-3.5695723228346457
11
5.0853450000000002
21
-3.5654612992125982
0
LINE
8
BLACK
6
CONTINUOUS
10
5.0853450000000002
20
-3.5654612992125982
11
5.0864090157480311
21
-3.5614903149606296
0
LINE
8
BLACK
6
CONTINUOUS
10
5.0864090157480311
20
-3.5614903149606296
11
5.088464566929134
21
-3.5579299999999998
0
LINE
8
BLACK
6
CONTINUOUS
10
5.088464566929134
20
-3.5579299999999998
11
5.0913714960629921
21
-3.5550230708661417
0
LINE
8
BLACK
6
CONTINUOUS
10
5.0913714960629921
20
-3.5550230708661417
11
5.0949318110236224
21
-3.5529675196850392
0
LINE
8
BLACK
6
CONTINUOUS
10
5.0949318110236224
20
-3.5529675196850392
11
5.0989027952755901
21
-3.5519035039370079
0
LINE
8
BLACK
6
CONTINUOUS
10
5.0989027952755901
20
-3.5519035039370079
11
5.1030138188976375
21
-3.5519035039370079
0
LINE
8
BLACK
6
CONTINUOUS
10
5.1030138188976375
20
-3.5519035039370079
11
5.1069848031496061
21
-3.5529675196850392
0
LINE
8
BLACK
6
CONTINUOUS
10
5.9767013385826768
20
-3.2989675196850392
11
5.9802616535433071
21
-3.3010230708661417
0
LINE
8
BLACK
6
CONTINUOUS
10
5.9802616535433071
20
-3.3010230708661417
11
5.9831685826771652
21
-3.3039299999999998
0
LINE
8
BLACK
6
CONTINUOUS
10
5.9831685826771652
20
-3.3039299999999998
11
5.9852241338582672
21
-3.3074903149606301
0
LINE
8
BLACK
6
CONTINUOUS
10
5.9852241338582672
20
-3.3074903149606301
11
5.986288149606299
21
-3.3114612992125982
0
LINE
8
BLACK
6
CONTINUOUS
10
5.986288149606299
20
-3.3114612992125982
11
5.986288149606299
21
-3.3155723228346456
0
LINE
8
BLACK
6
CONTINUOUS
10
5.986288149606299
20
-3.3155723228346456
11
5.9852241338582672
21
-3.3195433070866143
0
LINE
8
BLACK
6
CONTINUOUS
10
5.9852241338582672
20
-3.3195433070866143
11
5.9831685826771652
21
-3.3231036220472441
0
LINE
8
BLACK
6
CONTINUOUS
10
5.9831685826771652
20
-3.3231036220472441
11
5.9802616535433071
21
-3.3260105511811022
0
LINE
8
BLACK
6
CONTINUOUS
10
5.9802616535433071
20
-3.3260105511811022
11
5.9767013385826768
21
-3.3280661023622047
0
LINE
8
BLACK
6
CONTINUOUS
10
5.9767013385826768
20
-3.3280661023622047
11
5.9727303543307082
21
-3.329130118110236
0
LINE
8
BLACK
6
CONTINUOUS
10
5.9727303543307082
20
-3.329130118110236
11
5.9686193307086617
21
-3.329130118110236
0
LINE
8
BLACK
6
CONTINUOUS
10
5.9686193307086617
20
-3.329130118110236
11
5.9646483464566931
21
-3.3280661023622047
0
LINE
8
BLACK
6
CONTINUOUS
10
5.9646483464566931
20
-3.3280661023622047
11
5.9610880314960628
21
-3.3260105511811022
0
LINE
8
BLACK
6
CONTINUOUS
10
5.9610880314960628
20
-3.3260105511811022
11
5.9581811023622047
21
-3.3231036220472441
0
LINE
8
BLACK
6
CONTINUOUS
10
5.9581811023622047
20
-3.3231036220472441
11
5.9561255511811027
21
-3.3195433070866143
0
LINE
8
BLACK
6
CONTINUOUS
10
5.9561255511811027
20
-3.3195433070866143
11
5.9550615354330709
21
-3.3155723228346456
0
LINE
8
BLACK
6
CONTINUOUS
10
5.9550615354330709
20
-3.3155723228346456
11
5.9550615354330709
21
-3.3114612992125982
0
LINE
8
BLACK
6
CONTINUOUS
10
5.9550615354330709
20
-3.3114612992125982
11
5.9561255511811027
21
-3.3074903149606301
0
LINE
8
BLACK
6
CONTINUOUS
10
5.9561255511811027
20
-3.3074903149606301
11
5.9581811023622047
21
-3.3039299999999998
0
LINE
8
BLACK
6
CONTINUOUS
10
5.9581811023622047
20
-3.3039299999999998
11
5.9610880314960628
21
-3.3010230708661417
0
LINE
8
BLACK
6
CONTINUOUS
10
5.9610880314960628
20
-3.3010230708661417
11
5.9646483464566931
21
-3.2989675196850392
0
LINE
8
BLACK
6
CONTINUOUS
10
5.9646483464566931
20
-3.2989675196850392
11
5.9686193307086617
21
-3.2979035039370079
0
LINE
8
BLACK
6
CONTINUOUS
10
5.9686193307086617
20
-3.2979035039370079
11
5.9727303543307082
21
-3.2979035039370079
0
LINE
8
BLACK
6
CONTINUOUS
10
5.9727303543307082
20
-3.2979035039370079
11
5.9767013385826768
21
-3.2989675196850392
0
LINE
8
BLACK
6
CONTINUOUS
10
6.3847013385826772
20
-3.2969675196850394
11
6.3882616535433066
21
-3.2990230708661414
0
LINE
8
BLACK
6
CONTINUOUS
10
6.3882616535433066
20
-3.2990230708661414
11
6.3911685826771656
21
-3.30193
0
LINE
8
BLACK
6
CONTINUOUS
10
6.3911685826771656
20
-3.30193
11
6.3932241338582676
21
-3.3054903149606298
0
LINE
8
BLACK
6
CONTINUOUS
10
6.3932241338582676
20
-3.3054903149606298
11
6.3942881496062993
21
-3.3094612992125985
0
LINE
8
BLACK
6
CONTINUOUS
10
6.3942881496062993
20
-3.3094612992125985
11
6.3942881496062993
21
-3.3135723228346454
0
LINE
8
BLACK
6
CONTINUOUS
10
6.3942881496062993
20
-3.3135723228346454
11
6.3937762598425198
21
-3.315482716535433
0
LINE
8
BLACK
6
CONTINUOUS
10
6.3937762598425198
20
-3.315482716535433
11
6.4896128346456692
21
-3.4113192519685041
0
LINE
8
BLACK
6
CONTINUOUS
10
6.4896128346456692
20
-3.4113192519685041
11
6.9753512992125986
21
-3.4113192519685041
0
LINE
8
BLACK
6
CONTINUOUS
10
6.9753512992125986
20
-3.4113192519685041
11
6.976887440944882
21
-3.4114705511811021
0
LINE
8
BLACK
6
CONTINUOUS
10
6.976887440944882
20
-3.4114705511811021
11
6.9797258661417318
21
-3.4126462598425196
0
LINE
8
BLACK
6
CONTINUOUS
10
6.9797258661417318
20
-3.4126462598425196
11
6.9809190551181102
21
-3.4136255118110235
0
LINE
8
BLACK
6
CONTINUOUS
10
6.9809190551181102
20
-3.4136255118110235
11
6.9879363779527557
21
-3.4206427952755907
0
LINE
8
BLACK
6
CONTINUOUS
10
6.9879363779527557
20
-3.4206427952755907
11
7.0466148818897638
21
-3.4206427952755907
0
LINE
8
BLACK
6
CONTINUOUS
10
7.0466148818897638
20
-3.4206427952755907
11
7.0481811023622045
21
-3.4179300000000001
0
LINE
8
BLACK
6
CONTINUOUS
10
7.0481811023622045
20
-3.4179300000000001
11
7.0510880314960627
21
-3.4150230708661415
0
LINE
8
BLACK
6
CONTINUOUS
10
7.0510880314960627
20
-3.4150230708661415
11
7.0546483464566929
21
-3.4129675196850391
0
LINE
8
BLACK
6
CONTINUOUS
10
7.0546483464566929
20
-3.4129675196850391
11
7.0586193307086615
21
-3.4119035039370078
0
LINE
8
BLACK
6
CONTINUOUS
10
7.0586193307086615
20
-3.4119035039370078
11
7.0627303543307081
21
-3.4119035039370078
0
LINE
8
BLACK
6
CONTINUOUS
10
7.0627303543307081
20
-3.4119035039370078
11
7.0667013385826767
21
-3.4129675196850391
0
LINE
8
BLACK
6
CONTINUOUS
10
7.0667013385826767
20
-3.4129675196850391
11
7.0702616535433069
21
-3.4150230708661415
0
LINE
8
BLACK
6
CONTINUOUS
10
7.0702616535433069
20
-3.4150230708661415
11
7.0731685826771651
21
-3.4179300000000001
0
LINE
8
BLACK
6
CONTINUOUS
10
7.0731685826771651
20
-3.4179300000000001
11
7.075224133858268
21
-3.4214903149606299
0
LINE
8
BLACK
6
CONTINUOUS
10
7.075224133858268
20
-3.4214903149606299
11
7.0762881496062988
21
-3.4254612992125986
0
LINE
8
BLACK
6
CONTINUOUS
10
7.0762881496062988
20
-3.4254612992125986
11
7.0762881496062988
21
-3.4295723228346455
0
LINE
8
BLACK
6
CONTINUOUS
10
7.0762881496062988
20
-3.4295723228346455
11
7.075224133858268
21
-3.4335433070866141
0
LINE
8
BLACK
6
CONTINUOUS
10
7.075224133858268
20
-3.4335433070866141
11
7.0731685826771651
21
-3.437103622047244
0
LINE
8
BLACK
6
CONTINUOUS
10
7.0731685826771651
20
-3.437103622047244
11
7.0702616535433069
21
-3.4400105511811021
0
LINE
8
BLACK
6
CONTINUOUS
10
7.0702616535433069
20
-3.4400105511811021
11
7.0667013385826767
21
-3.4420661023622046
0
LINE
8
BLACK
6
CONTINUOUS
10
7.0667013385826767
20
-3.4420661023622046
11
7.0627303543307081
21
-3.4431301181102363
0
LINE
8
BLACK
6
CONTINUOUS
10
7.0627303543307081
20
-3.4431301181102363
11
7.0586193307086615
21
-3.4431301181102363
0
LINE
8
BLACK
6
CONTINUOUS
10
7.0586193307086615
20
-3.4431301181102363
11
7.0546483464566929
21
-3.4420661023622046
0
LINE
8
BLACK
6
CONTINUOUS
10
7.0546483464566929
20
-3.4420661023622046
11
7.0510880314960627
21
-3.4400105511811021
0
LINE
8
BLACK
6
CONTINUOUS
10
7.0510880314960627
20
-3.4400105511811021
11
7.0481811023622045
21
-3.437103622047244
0
LINE
8
BLACK
6
CONTINUOUS
10
7.0481811023622045
20
-3.437103622047244
11
7.0477695669291336
21
-3.4363908267716536
0
LINE
8
BLACK
6
CONTINUOUS
10
7.0477695669291336
20
-3.4363908267716536
11
6.9846748425196852
21
-3.4363908267716536
0
LINE
8
BLACK
6
CONTINUOUS
10
6.9846748425196852
20
-3.4363908267716536
11
6.9831387007874017
21
-3.4362395275590552
0
LINE
8
BLACK
6
CONTINUOUS
10
6.9831387007874017
20
-3.4362395275590552
11
6.980300275590551
21
-3.4350638188976377
0
LINE
8
BLACK
6
CONTINUOUS
10
6.980300275590551
20
-3.4350638188976377
11
6.9791070472440939
21
-3.4340845669291338
0
LINE
8
BLACK
6
CONTINUOUS
10
6.9791070472440939
20
-3.4340845669291338
11
6.9720898031496059
21
-3.427067283464567
0
LINE
8
BLACK
6
CONTINUOUS
10
6.9720898031496059
20
-3.427067283464567
11
6.4863512992125987
21
-3.427067283464567
0
LINE
8
BLACK
6
CONTINUOUS
10
6.4863512992125987
20
-3.427067283464567
11
6.4848151574803152
21
-3.4269159842519685
0
LINE
8
BLACK
6
CONTINUOUS
10
6.4848151574803152
20
-3.4269159842519685
11
6.4819767322834645
21
-3.4257402755905511
0
LINE
8
BLACK
6
CONTINUOUS
10
6.4819767322834645
20
-3.4257402755905511
11
6.4807835433070862
21
-3.4247610629921259
0
LINE
8
BLACK
6
CONTINUOUS
10
6.4807835433070862
20
-3.4247610629921259
11
6.3826407480314957
21
-3.3266182283464567
0
LINE
8
BLACK
6
CONTINUOUS
10
6.3826407480314957
20
-3.3266182283464567
11
6.3807303543307086
21
-3.3271301181102362
0
LINE
8
BLACK
6
CONTINUOUS
10
6.3807303543307086
20
-3.3271301181102362
11
6.3766193307086612
21
-3.3271301181102362
0
LINE
8
BLACK
6
CONTINUOUS
10
6.3766193307086612
20
-3.3271301181102362
11
6.3726483464566925
21
-3.3260661023622045
0
LINE
8
BLACK
6
CONTINUOUS
10
6.3726483464566925
20
-3.3260661023622045
11
6.3690880314960632
21
-3.3240105511811024
0
LINE
8
BLACK
6
CONTINUOUS
10
6.3690880314960632
20
-3.3240105511811024
11
6.3661811023622041
21
-3.3211036220472439
0
LINE
8
BLACK
6
CONTINUOUS
10
6.3661811023622041
20
-3.3211036220472439
11
6.3641255511811021
21
-3.317543307086614
0
LINE
8
BLACK
6
CONTINUOUS
10
6.3641255511811021
20
-3.317543307086614
11
6.3630615354330704
21
-3.3135723228346454
0
LINE
8
BLACK
6
CONTINUOUS
10
6.3630615354330704
20
-3.3135723228346454
11
6.3630615354330704
21
-3.3094612992125985
0
LINE
8
BLACK
6
CONTINUOUS
10
6.3630615354330704
20
-3.3094612992125985
11
6.3641255511811021
21
-3.3054903149606298
0
LINE
8
BLACK
6
CONTINUOUS
10
6.3641255511811021
20
-3.3054903149606298
11
6.3661811023622041
21
-3.30193
0
LINE
8
BLACK
6
CONTINUOUS
10
6.3661811023622041
20
-3.30193
11
6.3690880314960632
21
-3.2990230708661414
0
LINE
8
BLACK
6
CONTINUOUS
10
6.3690880314960632
20
-3.2990230708661414
11
6.3726483464566925
21
-3.2969675196850394
0
LINE
8
BLACK
6
CONTINUOUS
10
6.3726483464566925
20
-3.2969675196850394
11
6.3766193307086612
21
-3.2959035039370077
0
LINE
8
BLACK
6
CONTINUOUS
10
6.3766193307086612
20
-3.2959035039370077
11
6.3807303543307086
21
-3.2959035039370077
0
LINE
8
BLACK
6
CONTINUOUS
10
6.3807303543307086
20
-3.2959035039370077
11
6.3847013385826772
21
-3.2969675196850394
0
LINE
8
BLACK
6
CONTINUOUS
10
5.9047013385826768
20
-3.3659675196850394
11
5.908261653543307
21
-3.3680230708661418
0
LINE
8
BLACK
6
CONTINUOUS
10
5.908261653543307
20
-3.3680230708661418
11
5.9111685826771652
21
-3.37093
0
LINE
8
BLACK
6
CONTINUOUS
10
5.9111685826771652
20
-3.37093
11
5.9132241338582672
21
-3.3744903149606298
0
LINE
8
BLACK
6
CONTINUOUS
10
5.9132241338582672
20
-3.3744903149606298
11
5.9142881496062989
21
-3.3784612992125984
0
LINE
8
BLACK
6
CONTINUOUS
10
5.9142881496062989
20
-3.3784612992125984
11
5.9142881496062989
21
-3.3825723228346454
0
LINE
8
BLACK
6
CONTINUOUS
10
5.9142881496062989
20
-3.3825723228346454
11
5.9132241338582672
21
-3.386543307086614
0
LINE
8
BLACK
6
CONTINUOUS
10
5.9132241338582672
20
-3.386543307086614
11
5.9111685826771652
21
-3.3901036220472438
0
LINE
8
BLACK
6
CONTINUOUS
10
5.9111685826771652
20
-3.3901036220472438
11
5.908261653543307
21
-3.3930105511811024
0
LINE
8
BLACK
6
CONTINUOUS
10
5.908261653543307
20
-3.3930105511811024
11
5.9047013385826768
21
-3.3950661023622049
0
LINE
8
BLACK
6
CONTINUOUS
10
5.9047013385826768
20
-3.3950661023622049
11
5.9007303543307081
21
-3.3961301181102361
0
LINE
8
BLACK
6
CONTINUOUS
10
5.9007303543307081
20
-3.3961301181102361
11
5.8966193307086616
21
-3.3961301181102361
0
LINE
8
BLACK
6
CONTINUOUS
10
5.8966193307086616
20
-3.3961301181102361
11
5.892648346456693
21
-3.3950661023622049
0
LINE
8
BLACK
6
CONTINUOUS
10
5.892648346456693
20
-3.3950661023622049
11
5.8890880314960627
21
-3.3930105511811024
0
LINE
8
BLACK
6
CONTINUOUS
10
5.8890880314960627
20
-3.3930105511811024
11
5.8861811023622046
21
-3.3901036220472438
0
LINE
8
BLACK
6
CONTINUOUS
10
5.8861811023622046
20
-3.3901036220472438
11
5.8841255511811026
21
-3.386543307086614
0
LINE
8
BLACK
6
CONTINUOUS
10
5.8841255511811026
20
-3.386543307086614
11
5.8830615354330709
21
-3.3825723228346454
0
LINE
8
BLACK
6
CONTINUOUS
10
5.8830615354330709
20
-3.3825723228346454
11
5.8830615354330709
21
-3.3784612992125984
0
LINE
8
BLACK
6
CONTINUOUS
10
5.8830615354330709
20
-3.3784612992125984
11
5.8841255511811026
21
-3.3744903149606298
0
LINE
8
BLACK
6
CONTINUOUS
10
5.8841255511811026
20
-3.3744903149606298
11
5.8861811023622046
21
-3.37093
0
LINE
8
BLACK
6
CONTINUOUS
10
5.8861811023622046
20
-3.37093
11
5.8890880314960627
21
-3.3680230708661418
0
LINE
8
BLACK
6
CONTINUOUS
10
5.8890880314960627
20
-3.3680230708661418
11
5.892648346456693
21
-3.3659675196850394
0
LINE
8
BLACK
6
CONTINUOUS
10
5.892648346456693
20
-3.3659675196850394
11
5.8966193307086616
21
-3.3649035039370077
0
LINE
8
BLACK
6
CONTINUOUS
10
5.8966193307086616
20
-3.3649035039370077
11
5.9007303543307081
21
-3.3649035039370077
0
LINE
8
BLACK
6
CONTINUOUS
10
5.9007303543307081
20
-3.3649035039370077
11
5.9047013385826768
21
-3.3659675196850394
0
LINE
8
BLACK
6
CONTINUOUS
10
6.5427013385826767
20
-3.3129674409448819
11
6.5462616535433069
21
-3.3150229921259844
0
LINE
8
BLACK
6
CONTINUOUS
10
6.5462616535433069
20
-3.3150229921259844
11
6.5491685826771651
21
-3.3179299212598425
0
LINE
8
BLACK
6
CONTINUOUS
10
6.5491685826771651
20
-3.3179299212598425
11
6.551224133858268
21
-3.3214902362204723
0
LINE
8
BLACK
6
CONTINUOUS
10
6.551224133858268
20
-3.3214902362204723
11
6.5522881496062988
21
-3.325461220472441
0
LINE
8
BLACK
6
CONTINUOUS
10
6.5522881496062988
20
-3.325461220472441
11
6.5522881496062988
21
-3.3295722440944879
0
LINE
8
BLACK
6
CONTINUOUS
10
6.5522881496062988
20
-3.3295722440944879
11
6.5517762598425193
21
-3.3314826377952755
0
LINE
8
BLACK
6
CONTINUOUS
10
6.5517762598425193
20
-3.3314826377952755
11
6.5799364173228341
21
-3.3596427952755903
0
LINE
8
BLACK
6
CONTINUOUS
10
6.5799364173228341
20
-3.3596427952755903
11
7.0491922047244095
21
-3.3596427952755903
0
LINE
8
BLACK
6
CONTINUOUS
10
7.0491922047244095
20
-3.3596427952755903
11
7.0501811023622043
21
-3.3579300000000001
0
LINE
8
BLACK
6
CONTINUOUS
10
7.0501811023622043
20
-3.3579300000000001
11
7.0530880314960624
21
-3.3550230708661415
0
LINE
8
BLACK
6
CONTINUOUS
10
7.0530880314960624
20
-3.3550230708661415
11
7.0566483464566927
21
-3.3529675196850395
0
LINE
8
BLACK
6
CONTINUOUS
10
7.0566483464566927
20
-3.3529675196850395
11
7.0606193307086613
21
-3.3519035039370078
0
LINE
8
BLACK
6
CONTINUOUS
10
7.0606193307086613
20
-3.3519035039370078
11
7.0647303543307087
21
-3.3519035039370078
0
LINE
8
BLACK
6
CONTINUOUS
10
7.0647303543307087
20
-3.3519035039370078
11
7.0687013385826774
21
-3.3529675196850395
0
LINE
8
BLACK
6
CONTINUOUS
10
7.0687013385826774
20
-3.3529675196850395
11
7.0722616535433067
21
-3.3550230708661415
0
LINE
8
BLACK
6
CONTINUOUS
10
7.0722616535433067
20
-3.3550230708661415
11
7.0751685826771649
21
-3.3579300000000001
0
LINE
8
BLACK
6
CONTINUOUS
10
7.0751685826771649
20
-3.3579300000000001
11
7.0772241338582678
21
-3.3614903149606299
0
LINE
8
BLACK
6
CONTINUOUS
10
7.0772241338582678
20
-3.3614903149606299
11
7.0782881496062995
21
-3.3654612992125985
0
LINE
8
BLACK
6
CONTINUOUS
10
7.0782881496062995
20
-3.3654612992125985
11
7.0782881496062995
21
-3.3695723228346455
0
LINE
8
BLACK
6
CONTINUOUS
10
7.0782881496062995
20
-3.3695723228346455
11
7.0772241338582678
21
-3.3735433070866141
0
LINE
8
BLACK
6
CONTINUOUS
10
7.0772241338582678
20
-3.3735433070866141
11
7.0751685826771649
21
-3.3771036220472439
0
LINE
8
BLACK
6
CONTINUOUS
10
7.0751685826771649
20
-3.3771036220472439
11
7.0722616535433067
21
-3.3800105511811025
0
LINE
8
BLACK
6
CONTINUOUS
10
7.0722616535433067
20
-3.3800105511811025
11
7.0687013385826774
21
-3.3820661023622045
0
LINE
8
BLACK
6
CONTINUOUS
10
7.0687013385826774
20
-3.3820661023622045
11
7.0647303543307087
21
-3.3831301181102362
0
LINE
8
BLACK
6
CONTINUOUS
10
7.0647303543307087
20
-3.3831301181102362
11
7.0606193307086613
21
-3.3831301181102362
0
LINE
8
BLACK
6
CONTINUOUS
10
7.0606193307086613
20
-3.3831301181102362
11
7.0566483464566927
21
-3.3820661023622045
0
LINE
8
BLACK
6
CONTINUOUS
10
7.0566483464566927
20
-3.3820661023622045
11
7.0530880314960624
21
-3.3800105511811025
0
LINE
8
BLACK
6
CONTINUOUS
10
7.0530880314960624
20
-3.3800105511811025
11
7.0501811023622043
21
-3.3771036220472439
0
LINE
8
BLACK
6
CONTINUOUS
10
7.0501811023622043
20
-3.3771036220472439
11
7.0491922047244095
21
-3.3753908267716533
0
LINE
8
BLACK
6
CONTINUOUS
10
7.0491922047244095
20
-3.3753908267716533
11
6.5766749212598423
21
-3.3753908267716533
0
LINE
8
BLACK
6
CONTINUOUS
10
6.5766749212598423
20
-3.3753908267716533
11
6.5751387795275589
21
-3.3752395275590552
0
LINE
8
BLACK
6
CONTINUOUS
10
6.5751387795275589
20
-3.3752395275590552
11
6.5723003543307081
21
-3.3740638188976377
0
LINE
8
BLACK
6
CONTINUOUS
10
6.5723003543307081
20
-3.3740638188976377
11
6.5711071653543307
21
-3.3730845669291338
0
LINE
8
BLACK
6
CONTINUOUS
10
6.5711071653543307
20
-3.3730845669291338
11
6.5406407480314961
21
-3.3426181496062992
0
LINE
8
BLACK
6
CONTINUOUS
10
6.5406407480314961
20
-3.3426181496062992
11
6.5387303543307089
21
-3.3431300393700787
0
LINE
8
BLACK
6
CONTINUOUS
10
6.5387303543307089
20
-3.3431300393700787
11
6.5346193307086615
21
-3.3431300393700787
0
LINE
8
BLACK
6
CONTINUOUS
10
6.5346193307086615
20
-3.3431300393700787
11
6.5306483464566929
21
-3.342066023622047
0
LINE
8
BLACK
6
CONTINUOUS
10
6.5306483464566929
20
-3.342066023622047
11
6.5270880314960626
21
-3.340010472440945
0
LINE
8
BLACK
6
CONTINUOUS
10
6.5270880314960626
20
-3.340010472440945
11
6.5241811023622045
21
-3.3371035433070864
0
LINE
8
BLACK
6
CONTINUOUS
10
6.5241811023622045
20
-3.3371035433070864
11
6.5221255511811025
21
-3.3335432283464566
0
LINE
8
BLACK
6
CONTINUOUS
10
6.5221255511811025
20
-3.3335432283464566
11
6.5210615354330708
21
-3.3295722440944879
0
LINE
8
BLACK
6
CONTINUOUS
10
6.5210615354330708
20
-3.3295722440944879
11
6.5210615354330708
21
-3.325461220472441
0
LINE
8
BLACK
6
CONTINUOUS
10
6.5210615354330708
20
-3.325461220472441
11
6.5221255511811025
21
-3.3214902362204723
0
LINE
8
BLACK
6
CONTINUOUS
10
6.5221255511811025
20
-3.3214902362204723
11
6.5241811023622045
21
-3.3179299212598425
0
LINE
8
BLACK
6
CONTINUOUS
10
6.5241811023622045
20
-3.3179299212598425
11
6.5270880314960626
21
-3.3150229921259844
0
LINE
8
BLACK
6
CONTINUOUS
10
6.5270880314960626
20
-3.3150229921259844
11
6.5306483464566929
21
-3.3129674409448819
0
LINE
8
BLACK
6
CONTINUOUS
10
6.5306483464566929
20
-3.3129674409448819
11
6.5346193307086615
21
-3.3119034251968502
0
LINE
8
BLACK
6
CONTINUOUS
10
6.5346193307086615
20
-3.3119034251968502
11
6.5387303543307089
21
-3.3119034251968502
0
LINE
8
BLACK
6
CONTINUOUS
10
6.5387303543307089
20
-3.3119034251968502
11
6.5427013385826767
21
-3.3129674409448819
0
LINE
8
BLACK
6
CONTINUOUS
10
5.0307761417322832
20
-3.3250423228346455
11
5.0343364566929134
21
-3.327097874015748
0
LINE
8
BLACK
6
CONTINUOUS
10
5.0343364566929134
20
-3.327097874015748
11
5.0372433858267716
21
-3.3300048031496061
0
LINE
8
BLACK
6
CONTINUOUS
10
5.0372433858267716
20
-3.3300048031496061
11
5.0392989370078736
21
-3.3335651181102359
0
LINE
8
BLACK
6
CONTINUOUS
10
5.0392989370078736
20
-3.3335651181102359
11
5.0403629527559053
21
-3.3375361023622045
0
LINE
8
BLACK
6
CONTINUOUS
10
5.0403629527559053
20
-3.3375361023622045
11
5.0403629527559053
21
-3.341647125984252
0
LINE
8
BLACK
6
CONTINUOUS
10
5.0403629527559053
20
-3.341647125984252
11
5.0392989370078736
21
-3.3456181102362206
0
LINE
8
BLACK
6
CONTINUOUS
10
5.0392989370078736
20
-3.3456181102362206
11
5.0372433858267716
21
-3.3491784251968504
0
LINE
8
BLACK
6
CONTINUOUS
10
5.0372433858267716
20
-3.3491784251968504
11
5.0343364566929134
21
-3.3520853543307085
0
LINE
8
BLACK
6
CONTINUOUS
10
5.0343364566929134
20
-3.3520853543307085
11
5.0307761417322832
21
-3.354140905511811
0
LINE
8
BLACK
6
CONTINUOUS
10
5.0307761417322832
20
-3.354140905511811
11
5.0268051574803145
21
-3.3552049212598423
0
LINE
8
BLACK
6
CONTINUOUS
10
5.0268051574803145
20
-3.3552049212598423
11
5.022694133858268
21
-3.3552049212598423
0
LINE
8
BLACK
6
CONTINUOUS
10
5.022694133858268
20
-3.3552049212598423
11
5.0187231496062994
21
-3.354140905511811
0
LINE
8
BLACK
6
CONTINUOUS
10
5.0187231496062994
20
-3.354140905511811
11
5.0151628346456691
21
-3.3520853543307085
0
LINE
8
BLACK
6
CONTINUOUS
10
5.0151628346456691
20
-3.3520853543307085
11
5.012255905511811
21
-3.3491784251968504
0
LINE
8
BLACK
6
CONTINUOUS
10
5.012255905511811
20
-3.3491784251968504
11
5.010200354330709
21
-3.3456181102362206
0
LINE
8
BLACK
6
CONTINUOUS
10
5.010200354330709
20
-3.3456181102362206
11
5.0091363385826773
21
-3.341647125984252
0
LINE
8
BLACK
6
CONTINUOUS
10
5.0091363385826773
20
-3.341647125984252
11
5.0091363385826773
21
-3.3375361023622045
0
LINE
8
BLACK
6
CONTINUOUS
10
5.0091363385826773
20
-3.3375361023622045
11
5.010200354330709
21
-3.3335651181102359
0
LINE
8
BLACK
6
CONTINUOUS
10
5.010200354330709
20
-3.3335651181102359
11
5.012255905511811
21
-3.3300048031496061
0
LINE
8
BLACK
6
CONTINUOUS
10
5.012255905511811
20
-3.3300048031496061
11
5.0151628346456691
21
-3.327097874015748
0
LINE
8
BLACK
6
CONTINUOUS
10
5.0151628346456691
20
-3.327097874015748
11
5.0187231496062994
21
-3.3250423228346455
0
LINE
8
BLACK
6
CONTINUOUS
10
5.0187231496062994
20
-3.3250423228346455
11
5.022694133858268
21
-3.3239783070866142
0
LINE
8
BLACK
6
CONTINUOUS
10
5.022694133858268
20
-3.3239783070866142
11
5.0268051574803145
21
-3.3239783070866142
0
LINE
8
BLACK
6
CONTINUOUS
10
5.0268051574803145
20
-3.3239783070866142
11
5.0307761417322832
21
-3.3250423228346455
0
LINE
8
BLACK
6
CONTINUOUS
10
4.3347013385826774
20
-3.3229675196850392
11
4.3382616535433067
21
-3.3250230708661417
0
LINE
8
BLACK
6
CONTINUOUS
10
4.3382616535433067
20
-3.3250230708661417
11
4.3411685826771649
21
-3.3279299999999998
0
LINE
8
BLACK
6
CONTINUOUS
10
4.3411685826771649
20
-3.3279299999999998
11
4.3432241338582678
21
-3.3314903149606296
0
LINE
8
BLACK
6
CONTINUOUS
10
4.3432241338582678
20
-3.3314903149606296
11
4.3442881496062995
21
-3.3354612992125983
0
LINE
8
BLACK
6
CONTINUOUS
10
4.3442881496062995
20
-3.3354612992125983
11
4.3442881496062995
21
-3.3395723228346457
0
LINE
8
BLACK
6
CONTINUOUS
10
4.3442881496062995
20
-3.3395723228346457
11
4.3432241338582678
21
-3.3435433070866143
0
LINE
8
BLACK
6
CONTINUOUS
10
4.3432241338582678
20
-3.3435433070866143
11
4.3411685826771649
21
-3.3471036220472441
0
LINE
8
BLACK
6
CONTINUOUS
10
4.3411685826771649
20
-3.3471036220472441
11
4.3382616535433067
21
-3.3500105511811022
0
LINE
8
BLACK
6
CONTINUOUS
10
4.3382616535433067
20
-3.3500105511811022
11
4.3347013385826774
21
-3.3520661023622047
0
LINE
8
BLACK
6
CONTINUOUS
10
4.3347013385826774
20
-3.3520661023622047
11
4.3307303543307087
21
-3.353130118110236
0
LINE
8
BLACK
6
CONTINUOUS
10
4.3307303543307087
20
-3.353130118110236
11
4.3266193307086613
21
-3.353130118110236
0
LINE
8
BLACK
6
CONTINUOUS
10
4.3266193307086613
20
-3.353130118110236
11
4.3226483464566927
21
-3.3520661023622047
0
LINE
8
BLACK
6
CONTINUOUS
10
4.3226483464566927
20
-3.3520661023622047
11
4.3190880314960625
21
-3.3500105511811022
0
LINE
8
BLACK
6
CONTINUOUS
10
4.3190880314960625
20
-3.3500105511811022
11
4.3161811023622043
21
-3.3471036220472441
0
LINE
8
BLACK
6
CONTINUOUS
10
4.3161811023622043
20
-3.3471036220472441
11
4.3141255511811023
21
-3.3435433070866143
0
LINE
8
BLACK
6
CONTINUOUS
10
4.3141255511811023
20
-3.3435433070866143
11
4.3130615354330706
21
-3.3395723228346457
0
LINE
8
BLACK
6
CONTINUOUS
10
4.3130615354330706
20
-3.3395723228346457
11
4.3130615354330706
21
-3.3354612992125983
0
LINE
8
BLACK
6
CONTINUOUS
10
4.3130615354330706
20
-3.3354612992125983
11
4.3141255511811023
21
-3.3314903149606296
0
LINE
8
BLACK
6
CONTINUOUS
10
4.3141255511811023
20
-3.3314903149606296
11
4.3161811023622043
21
-3.3279299999999998
0
LINE
8
BLACK
6
CONTINUOUS
10
4.3161811023622043
20
-3.3279299999999998
11
4.3190880314960625
21
-3.3250230708661417
0
LINE
8
BLACK
6
CONTINUOUS
10
4.3190880314960625
20
-3.3250230708661417
11
4.3226483464566927
21
-3.3229675196850392
0
LINE
8
BLACK
6
CONTINUOUS
10
4.3226483464566927
20
-3.3229675196850392
11
4.3266193307086613
21
-3.321903503937008
0
LINE
8
BLACK
6
CONTINUOUS
10
4.3266193307086613
20
-3.321903503937008
11
4.3307303543307087
21
-3.321903503937008
0
LINE
8
BLACK
6
CONTINUOUS
10
4.3307303543307087
20
-3.321903503937008
11
4.3347013385826774
21
-3.3229675196850392
0
LINE
8
BLACK
6
CONTINUOUS
10
4.6547013385826768
20
-3.3179675196850393
11
4.658261653543307
21
-3.3200230708661418
0
LINE
8
BLACK
6
CONTINUOUS
10
4.658261653543307
20
-3.3200230708661418
11
4.6611685826771652
21
-3.3229299999999999
0
LINE
8
BLACK
6
CONTINUOUS
10
4.6611685826771652
20
-3.3229299999999999
11
4.6632241338582672
21
-3.3264903149606297
0
LINE
8
BLACK
6
CONTINUOUS
10
4.6632241338582672
20
-3.3264903149606297
11
4.6642881496062989
21
-3.3304612992125984
0
LINE
8
BLACK
6
CONTINUOUS
10
4.6642881496062989
20
-3.3304612992125984
11
4.6642881496062989
21
-3.3345723228346458
0
LINE
8
BLACK
6
CONTINUOUS
10
4.6642881496062989
20
-3.3345723228346458
11
4.6632241338582672
21
-3.338543307086614
0
LINE
8
BLACK
6
CONTINUOUS
10
4.6632241338582672
20
-3.338543307086614
11
4.6611685826771652
21
-3.3421036220472442
0
LINE
8
BLACK
6
CONTINUOUS
10
4.6611685826771652
20
-3.3421036220472442
11
4.658261653543307
21
-3.3450105511811024
0
LINE
8
BLACK
6
CONTINUOUS
10
4.658261653543307
20
-3.3450105511811024
11
4.6547013385826768
21
-3.3470661023622048
0
LINE
8
BLACK
6
CONTINUOUS
10
4.6547013385826768
20
-3.3470661023622048
11
4.6507303543307081
21
-3.3481301181102361
0
LINE
8
BLACK
6
CONTINUOUS
10
4.6507303543307081
20
-3.3481301181102361
11
4.6466193307086616
21
-3.3481301181102361
0
LINE
8
BLACK
6
CONTINUOUS
10
4.6466193307086616
20
-3.3481301181102361
11
4.642648346456693
21
-3.3470661023622048
0
LINE
8
BLACK
6
CONTINUOUS
10
4.642648346456693
20
-3.3470661023622048
11
4.6390880314960627
21
-3.3450105511811024
0
LINE
8
BLACK
6
CONTINUOUS
10
4.6390880314960627
20
-3.3450105511811024
11
4.6361811023622046
21
-3.3421036220472442
0
LINE
8
BLACK
6
CONTINUOUS
10
4.6361811023622046
20
-3.3421036220472442
11
4.6341255511811026
21
-3.338543307086614
0
LINE
8
BLACK
6
CONTINUOUS
10
4.6341255511811026
20
-3.338543307086614
11
4.6330615354330709
21
-3.3345723228346458
0
LINE
8
BLACK
6
CONTINUOUS
10
4.6330615354330709
20
-3.3345723228346458
11
4.6330615354330709
21
-3.3304612992125984
0
LINE
8
BLACK
6
CONTINUOUS
10
4.6330615354330709
20
-3.3304612992125984
11
4.6341255511811026
21
-3.3264903149606297
0
LINE
8
BLACK
6
CONTINUOUS
10
4.6341255511811026
20
-3.3264903149606297
11
4.6361811023622046
21
-3.3229299999999999
0
LINE
8
BLACK
6
CONTINUOUS
10
4.6361811023622046
20
-3.3229299999999999
11
4.6390880314960627
21
-3.3200230708661418
0
LINE
8
BLACK
6
CONTINUOUS
10
4.6390880314960627
20
-3.3200230708661418
11
4.642648346456693
21
-3.3179675196850393
0
LINE
8
BLACK
6
CONTINUOUS
10
4.642648346456693
20
-3.3179675196850393
11
4.6466193307086616
21
-3.3169035039370076
0
LINE
8
BLACK
6
CONTINUOUS
10
4.6466193307086616
20
-3.3169035039370076
11
4.6507303543307081
21
-3.3169035039370076
0
LINE
8
BLACK
6
CONTINUOUS
10
4.6507303543307081
20
-3.3169035039370076
11
4.6547013385826768
21
-3.3179675196850393
0
LINE
8
BLACK
6
CONTINUOUS
10
7.3427013385826774
20
-3.2589675196850392
11
7.3462616535433067
21
-3.2610230708661416
0
LINE
8
BLACK
6
CONTINUOUS
10
7.3462616535433067
20
-3.2610230708661416
11
7.3491685826771649
21
-3.2639299999999998
0
LINE
8
BLACK
6
CONTINUOUS
10
7.3491685826771649
20
-3.2639299999999998
11
7.3512241338582678
21
-3.26749031496063
0
LINE
8
BLACK
6
CONTINUOUS
10
7.3512241338582678
20
-3.26749031496063
11
7.3522881496062986
21
-3.2714612992125982
0
LINE
8
BLACK
6
CONTINUOUS
10
7.3522881496062986
20
-3.2714612992125982
11
7.3522881496062986
21
-3.2755723228346456
0
LINE
8
BLACK
6
CONTINUOUS
10
7.3522881496062986
20
-3.2755723228346456
11
7.3512241338582678
21
-3.2795433070866142
0
LINE
8
BLACK
6
CONTINUOUS
10
7.3512241338582678
20
-3.2795433070866142
11
7.3491685826771649
21
-3.283103622047244
0
LINE
8
BLACK
6
CONTINUOUS
10
7.3491685826771649
20
-3.283103622047244
11
7.3462616535433067
21
-3.2860105511811022
0
LINE
8
BLACK
6
CONTINUOUS
10
7.3462616535433067
20
-3.2860105511811022
11
7.3427013385826774
21
-3.2880661023622046
0
LINE
8
BLACK
6
CONTINUOUS
10
7.3427013385826774
20
-3.2880661023622046
11
7.3387303543307087
21
-3.2891301181102364
0
LINE
8
BLACK
6
CONTINUOUS
10
7.3387303543307087
20
-3.2891301181102364
11
7.3346193307086613
21
-3.2891301181102364
0
LINE
8
BLACK
6
CONTINUOUS
10
7.3346193307086613
20
-3.2891301181102364
11
7.3306483464566927
21
-3.2880661023622046
0
LINE
8
BLACK
6
CONTINUOUS
10
7.3306483464566927
20
-3.2880661023622046
11
7.3270880314960625
21
-3.2860105511811022
0
LINE
8
BLACK
6
CONTINUOUS
10
7.3270880314960625
20
-3.2860105511811022
11
7.3241811023622043
21
-3.283103622047244
0
LINE
8
BLACK
6
CONTINUOUS
10
7.3241811023622043
20
-3.283103622047244
11
7.3221255511811023
21
-3.2795433070866142
0
LINE
8
BLACK
6
CONTINUOUS
10
7.3221255511811023
20
-3.2795433070866142
11
7.3210615354330706
21
-3.2755723228346456
0
LINE
8
BLACK
6
CONTINUOUS
10
7.3210615354330706
20
-3.2755723228346456
11
7.3210615354330706
21
-3.2714612992125982
0
LINE
8
BLACK
6
CONTINUOUS
10
7.3210615354330706
20
-3.2714612992125982
11
7.3221255511811023
21
-3.26749031496063
0
LINE
8
BLACK
6
CONTINUOUS
10
7.3221255511811023
20
-3.26749031496063
11
7.3241811023622043
21
-3.2639299999999998
0
LINE
8
BLACK
6
CONTINUOUS
10
7.3241811023622043
20
-3.2639299999999998
11
7.3270880314960625
21
-3.2610230708661416
0
LINE
8
BLACK
6
CONTINUOUS
10
7.3270880314960625
20
-3.2610230708661416
11
7.3306483464566927
21
-3.2589675196850392
0
LINE
8
BLACK
6
CONTINUOUS
10
7.3306483464566927
20
-3.2589675196850392
11
7.3346193307086613
21
-3.2579035039370079
0
LINE
8
BLACK
6
CONTINUOUS
10
7.3346193307086613
20
-3.2579035039370079
11
7.3387303543307087
21
-3.2579035039370079
0
LINE
8
BLACK
6
CONTINUOUS
10
7.3387303543307087
20
-3.2579035039370079
11
7.3427013385826774
21
-3.2589675196850392
0
LINE
8
BLACK
6
CONTINUOUS
10
7.3447013385826772
20
-3.2089675196850393
11
7.3482616535433065
21
-3.2110230708661418
0
LINE
8
BLACK
6
CONTINUOUS
10
7.3482616535433065
20
-3.2110230708661418
11
7.3511685826771656
21
-3.21393
0
LINE
8
BLACK
6
CONTINUOUS
10
7.3511685826771656
20
-3.21393
11
7.3532241338582676
21
-3.2174903149606298
0
LINE
8
BLACK
6
CONTINUOUS
10
7.3532241338582676
20
-3.2174903149606298
11
7.3542881496062993
21
-3.2214612992125984
0
LINE
8
BLACK
6
CONTINUOUS
10
7.3542881496062993
20
-3.2214612992125984
11
7.3542881496062993
21
-3.2255723228346458
0
LINE
8
BLACK
6
CONTINUOUS
10
7.3542881496062993
20
-3.2255723228346458
11
7.3532241338582676
21
-3.229543307086614
0
LINE
8
BLACK
6
CONTINUOUS
10
7.3532241338582676
20
-3.229543307086614
11
7.3511685826771656
21
-3.2331036220472442
0
LINE
8
BLACK
6
CONTINUOUS
10
7.3511685826771656
20
-3.2331036220472442
11
7.3482616535433065
21
-3.2360105511811024
0
LINE
8
BLACK
6
CONTINUOUS
10
7.3482616535433065
20
-3.2360105511811024
11
7.3447013385826772
21
-3.2380661023622048
0
LINE
8
BLACK
6
CONTINUOUS
10
7.3447013385826772
20
-3.2380661023622048
11
7.3407303543307085
21
-3.2391301181102361
0
LINE
8
BLACK
6
CONTINUOUS
10
7.3407303543307085
20
-3.2391301181102361
11
7.3366193307086611
21
-3.2391301181102361
0
LINE
8
BLACK
6
CONTINUOUS
10
7.3366193307086611
20
-3.2391301181102361
11
7.3326483464566925
21
-3.2380661023622048
0
LINE
8
BLACK
6
CONTINUOUS
10
7.3326483464566925
20
-3.2380661023622048
11
7.3290880314960631
21
-3.2360105511811024
0
LINE
8
BLACK
6
CONTINUOUS
10
7.3290880314960631
20
-3.2360105511811024
11
7.326181102362205
21
-3.2331036220472442
0
LINE
8
BLACK
6
CONTINUOUS
10
7.326181102362205
20
-3.2331036220472442
11
7.3241255511811021
21
-3.229543307086614
0
LINE
8
BLACK
6
CONTINUOUS
10
7.3241255511811021
20
-3.229543307086614
11
7.3230615354330704
21
-3.2255723228346458
0
LINE
8
BLACK
6
CONTINUOUS
10
7.3230615354330704
20
-3.2255723228346458
11
7.3230615354330704
21
-3.2214612992125984
0
LINE
8
BLACK
6
CONTINUOUS
10
7.3230615354330704
20
-3.2214612992125984
11
7.3241255511811021
21
-3.2174903149606298
0
LINE
8
BLACK
6
CONTINUOUS
10
7.3241255511811021
20
-3.2174903149606298
11
7.326181102362205
21
-3.21393
0
LINE
8
BLACK
6
CONTINUOUS
10
7.326181102362205
20
-3.21393
11
7.3290880314960631
21
-3.2110230708661418
0
LINE
8
BLACK
6
CONTINUOUS
10
7.3290880314960631
20
-3.2110230708661418
11
7.3326483464566925
21
-3.2089675196850393
0
LINE
8
BLACK
6
CONTINUOUS
10
7.3326483464566925
20
-3.2089675196850393
11
7.3366193307086611
21
-3.2079035039370076
0
LINE
8
BLACK
6
CONTINUOUS
10
7.3366193307086611
20
-3.2079035039370076
11
7.3407303543307085
21
-3.2079035039370076
0
LINE
8
BLACK
6
CONTINUOUS
10
7.3407303543307085
20
-3.2079035039370076
11
7.3447013385826772
21
-3.2089675196850393
0
LINE
8
BLACK
6
CONTINUOUS
10
6.133789566929134
20
-3.0412607086614174
11
6.1391373622047238
21
-3.0434758267716533
0
LINE
8
BLACK
6
CONTINUOUS
10
6.1391373622047238
20
-3.0434758267716533
11
6.1439502362204719
21
-3.0466916929133858
0
LINE
8
BLACK
6
CONTINUOUS
10
6.1439502362204719
20
-3.0466916929133858
11
6.1480432677165355
21
-3.0507847244094486
0
LINE
8
BLACK
6
CONTINUOUS
10
6.1480432677165355
20
-3.0507847244094486
11
6.1512591338582672
21
-3.0555975984251966
0
LINE
8
BLACK
6
CONTINUOUS
10
6.1512591338582672
20
-3.0555975984251966
11
6.1534742519685039
21
-3.0609453937007873
0
LINE
8
BLACK
6
CONTINUOUS
10
6.1534742519685039
20
-3.0609453937007873
11
6.1546035433070863
21
-3.0666225984251967
0
LINE
8
BLACK
6
CONTINUOUS
10
6.1546035433070863
20
-3.0666225984251967
11
6.1546035433070863
21
-3.0724110236220472
0
LINE
8
BLACK
6
CONTINUOUS
10
6.1546035433070863
20
-3.0724110236220472
11
6.1534742519685039
21
-3.0780882283464566
0
LINE
8
BLACK
6
CONTINUOUS
10
6.1534742519685039
20
-3.0780882283464566
11
6.1512591338582672
21
-3.0834360236220473
0
LINE
8
BLACK
6
CONTINUOUS
10
6.1512591338582672
20
-3.0834360236220473
11
6.1480432677165355
21
-3.0882488976377953
0
LINE
8
BLACK
6
CONTINUOUS
10
6.1480432677165355
20
-3.0882488976377953
11
6.1439502362204719
21
-3.0923419291338581
0
LINE
8
BLACK
6
CONTINUOUS
10
6.1439502362204719
20
-3.0923419291338581
11
6.1391373622047238
21
-3.0955577952755906
0
LINE
8
BLACK
6
CONTINUOUS
10
6.1391373622047238
20
-3.0955577952755906
11
6.133789566929134
21
-3.0977729133858265
0
LINE
8
BLACK
6
CONTINUOUS
10
6.133789566929134
20
-3.0977729133858265
11
6.1281123622047247
21
-3.0989022047244092
0
LINE
8
BLACK
6
CONTINUOUS
10
6.1281123622047247
20
-3.0989022047244092
11
6.1223239370078737
21
-3.0989022047244092
0
LINE
8
BLACK
6
CONTINUOUS
10
6.1223239370078737
20
-3.0989022047244092
11
6.1166467322834643
21
-3.0977729133858265
0
LINE
8
BLACK
6
CONTINUOUS
10
6.1166467322834643
20
-3.0977729133858265
11
6.1112989370078736
21
-3.0955577952755906
0
LINE
8
BLACK
6
CONTINUOUS
10
6.1112989370078736
20
-3.0955577952755906
11
6.1064860629921256
21
-3.0923419291338581
0
LINE
8
BLACK
6
CONTINUOUS
10
6.1064860629921256
20
-3.0923419291338581
11
6.1023930314960628
21
-3.0882488976377953
0
LINE
8
BLACK
6
CONTINUOUS
10
6.1023930314960628
20
-3.0882488976377953
11
6.0991771653543303
21
-3.0834360236220473
0
LINE
8
BLACK
6
CONTINUOUS
10
6.0991771653543303
20
-3.0834360236220473
11
6.0969620472440944
21
-3.0780882283464566
0
LINE
8
BLACK
6
CONTINUOUS
10
6.0969620472440944
20
-3.0780882283464566
11
6.0958327559055121
21
-3.0724110236220472
0
LINE
8
BLACK
6
CONTINUOUS
10
6.0958327559055121
20
-3.0724110236220472
11
6.0958327559055121
21
-3.0666225984251967
0
LINE
8
BLACK
6
CONTINUOUS
10
6.0958327559055121
20
-3.0666225984251967
11
6.0969620472440944
21
-3.0609453937007873
0
LINE
8
BLACK
6
CONTINUOUS
10
6.0969620472440944
20
-3.0609453937007873
11
6.0991771653543303
21
-3.0555975984251966
0
LINE
8
BLACK
6
CONTINUOUS
10
6.0991771653543303
20
-3.0555975984251966
11
6.1023930314960628
21
-3.0507847244094486
0
LINE
8
BLACK
6
CONTINUOUS
10
6.1023930314960628
20
-3.0507847244094486
11
6.1064860629921256
21
-3.0466916929133858
0
LINE
8
BLACK
6
CONTINUOUS
10
6.1064860629921256
20
-3.0466916929133858
11
6.1112989370078736
21
-3.0434758267716533
0
LINE
8
BLACK
6
CONTINUOUS
10
6.1112989370078736
20
-3.0434758267716533
11
6.1166467322834643
21
-3.0412607086614174
0
LINE
8
BLACK
6
CONTINUOUS
10
6.1166467322834643
20
-3.0412607086614174
11
6.1223239370078737
21
-3.0401314173228347
0
LINE
8
BLACK
6
CONTINUOUS
10
6.1223239370078737
20
-3.0401314173228347
11
6.1281123622047247
21
-3.0401314173228347
0
LINE
8
BLACK
6
CONTINUOUS
10
6.1281123622047247
20
-3.0401314173228347
11
6.133789566929134
21
-3.0412607086614174
0
LINE
8
BLACK
6
CONTINUOUS
10
6.3259155511811018
20
-3.0412607086614174
11
6.3312633464566925
21
-3.0434758267716533
0
LINE
8
BLACK
6
CONTINUOUS
10
6.3312633464566925
20
-3.0434758267716533
11
6.3360762204724406
21
-3.0466916929133858
0
LINE
8
BLACK
6
CONTINUOUS
10
6.3360762204724406
20
-3.0466916929133858
11
6.3401692519685042
21
-3.0507847244094486
0
LINE
8
BLACK
6
CONTINUOUS
10
6.3401692519685042
20
-3.0507847244094486
11
6.3433851181102359
21
-3.0555975984251966
0
LINE
8
BLACK
6
CONTINUOUS
10
6.3433851181102359
20
-3.0555975984251966
11
6.3456002362204726
21
-3.0609453937007873
0
LINE
8
BLACK
6
CONTINUOUS
10
6.3456002362204726
20
-3.0609453937007873
11
6.346729527559055
21
-3.0666225984251967
0
LINE
8
BLACK
6
CONTINUOUS
10
6.346729527559055
20
-3.0666225984251967
11
6.346729527559055
21
-3.0724110236220472
0
LINE
8
BLACK
6
CONTINUOUS
10
6.346729527559055
20
-3.0724110236220472
11
6.3456002362204726
21
-3.0780882283464566
0
LINE
8
BLACK
6
CONTINUOUS
10
6.3456002362204726
20
-3.0780882283464566
11
6.3433851181102359
21
-3.0834360236220473
0
LINE
8
BLACK
6
CONTINUOUS
10
6.3433851181102359
20
-3.0834360236220473
11
6.3401692519685042
21
-3.0882488976377953
0
LINE
8
BLACK
6
CONTINUOUS
10
6.3401692519685042
20
-3.0882488976377953
11
6.3360762204724406
21
-3.0923419291338581
0
LINE
8
BLACK
6
CONTINUOUS
10
6.3360762204724406
20
-3.0923419291338581
11
6.3312633464566925
21
-3.0955577952755906
0
LINE
8
BLACK
6
CONTINUOUS
10
6.3312633464566925
20
-3.0955577952755906
11
6.3259155511811018
21
-3.0977729133858265
0
LINE
8
BLACK
6
CONTINUOUS
10
6.3259155511811018
20
-3.0977729133858265
11
6.3202383464566925
21
-3.0989022047244092
0
LINE
8
BLACK
6
CONTINUOUS
10
6.3202383464566925
20
-3.0989022047244092
11
6.3144499212598424
21
-3.0989022047244092
0
LINE
8
BLACK
6
CONTINUOUS
10
6.3144499212598424
20
-3.0989022047244092
11
6.308772716535433
21
-3.0977729133858265
0
LINE
8
BLACK
6
CONTINUOUS
10
6.308772716535433
20
-3.0977729133858265
11
6.3034249212598423
21
-3.0955577952755906
0
LINE
8
BLACK
6
CONTINUOUS
10
6.3034249212598423
20
-3.0955577952755906
11
6.2986120472440943
21
-3.0923419291338581
0
LINE
8
BLACK
6
CONTINUOUS
10
6.2986120472440943
20
-3.0923419291338581
11
6.2945190157480315
21
-3.0882488976377953
0
LINE
8
BLACK
6
CONTINUOUS
10
6.2945190157480315
20
-3.0882488976377953
11
6.291303149606299
21
-3.0834360236220473
0
LINE
8
BLACK
6
CONTINUOUS
10
6.291303149606299
20
-3.0834360236220473
11
6.2890880314960631
21
-3.0780882283464566
0
LINE
8
BLACK
6
CONTINUOUS
10
6.2890880314960631
20
-3.0780882283464566
11
6.2879587401574799
21
-3.0724110236220472
0
LINE
8
BLACK
6
CONTINUOUS
10
6.2879587401574799
20
-3.0724110236220472
11
6.2879587401574799
21
-3.0666225984251967
0
LINE
8
BLACK
6
CONTINUOUS
10
6.2879587401574799
20
-3.0666225984251967
11
6.2890880314960631
21
-3.0609453937007873
0
LINE
8
BLACK
6
CONTINUOUS
10
6.2890880314960631
20
-3.0609453937007873
11
6.291303149606299
21
-3.0555975984251966
0
LINE
8
BLACK
6
CONTINUOUS
10
6.291303149606299
20
-3.0555975984251966
11
6.2945190157480315
21
-3.0507847244094486
0
LINE
8
BLACK
6
CONTINUOUS
10
6.2945190157480315
20
-3.0507847244094486
11
6.2986120472440943
21
-3.0466916929133858
0
LINE
8
BLACK
6
CONTINUOUS
10
6.2986120472440943
20
-3.0466916929133858
11
6.3034249212598423
21
-3.0434758267716533
0
LINE
8
BLACK
6
CONTINUOUS
10
6.3034249212598423
20
-3.0434758267716533
11
6.308772716535433
21
-3.0412607086614174
0
LINE
8
BLACK
6
CONTINUOUS
10
6.308772716535433
20
-3.0412607086614174
11
6.3144499212598424
21
-3.0401314173228347
0
LINE
8
BLACK
6
CONTINUOUS
10
6.3144499212598424
20
-3.0401314173228347
11
6.3202383464566925
21
-3.0401314173228347
0
LINE
8
BLACK
6
CONTINUOUS
10
6.3202383464566925
20
-3.0401314173228347
11
6.3259155511811018
21
-3.0412607086614174
0
LINE
8
BLACK
6
CONTINUOUS
10
6.620701338582677
20
-2.9749675196850394
11
6.6242616535433072
21
-2.9770230708661418
0
LINE
8
BLACK
6
CONTINUOUS
10
6.6242616535433072
20
-2.9770230708661418
11
6.6271685826771654
21
-2.97993
0
LINE
8
BLACK
6
CONTINUOUS
10
6.6271685826771654
20
-2.97993
11
6.6292241338582674
21
-2.9834903149606298
0
LINE
8
BLACK
6
CONTINUOUS
10
6.6292241338582674
20
-2.9834903149606298
11
6.6302881496062991
21
-2.9874612992125984
0
LINE
8
BLACK
6
CONTINUOUS
10
6.6302881496062991
20
-2.9874612992125984
11
6.6302881496062991
21
-2.9915723228346458
0
LINE
8
BLACK
6
CONTINUOUS
10
6.6302881496062991
20
-2.9915723228346458
11
6.6292241338582674
21
-2.995543307086614
0
LINE
8
BLACK
6
CONTINUOUS
10
6.6292241338582674
20
-2.995543307086614
11
6.6271685826771654
21
-2.9991036220472442
0
LINE
8
BLACK
6
CONTINUOUS
10
6.6271685826771654
20
-2.9991036220472442
11
6.6242616535433072
21
-3.0020105511811024
0
LINE
8
BLACK
6
CONTINUOUS
10
6.6242616535433072
20
-3.0020105511811024
11
6.620701338582677
21
-3.0040661023622048
0
LINE
8
BLACK
6
CONTINUOUS
10
6.620701338582677
20
-3.0040661023622048
11
6.6167303543307083
21
-3.0051301181102361
0
LINE
8
BLACK
6
CONTINUOUS
10
6.6167303543307083
20
-3.0051301181102361
11
6.6126193307086609
21
-3.0051301181102361
0
LINE
8
BLACK
6
CONTINUOUS
10
6.6126193307086609
20
-3.0051301181102361
11
6.6086483464566932
21
-3.0040661023622048
0
LINE
8
BLACK
6
CONTINUOUS
10
6.6086483464566932
20
-3.0040661023622048
11
6.6050880314960629
21
-3.0020105511811024
0
LINE
8
BLACK
6
CONTINUOUS
10
6.6050880314960629
20
-3.0020105511811024
11
6.6021811023622048
21
-2.9991036220472442
0
LINE
8
BLACK
6
CONTINUOUS
10
6.6021811023622048
20
-2.9991036220472442
11
6.6001255511811019
21
-2.995543307086614
0
LINE
8
BLACK
6
CONTINUOUS
10
6.6001255511811019
20
-2.995543307086614
11
6.5990615354330711
21
-2.9915723228346458
0
LINE
8
BLACK
6
CONTINUOUS
10
6.5990615354330711
20
-2.9915723228346458
11
6.5990615354330711
21
-2.9874612992125984
0
LINE
8
BLACK
6
CONTINUOUS
10
6.5990615354330711
20
-2.9874612992125984
11
6.6001255511811019
21
-2.9834903149606298
0
LINE
8
BLACK
6
CONTINUOUS
10
6.6001255511811019
20
-2.9834903149606298
11
6.6021811023622048
21
-2.97993
0
LINE
8
BLACK
6
CONTINUOUS
10
6.6021811023622048
20
-2.97993
11
6.6050880314960629
21
-2.9770230708661418
0
LINE
8
BLACK
6
CONTINUOUS
10
6.6050880314960629
20
-2.9770230708661418
11
6.6086483464566932
21
-2.9749675196850394
0
LINE
8
BLACK
6
CONTINUOUS
10
6.6086483464566932
20
-2.9749675196850394
11
6.6126193307086609
21
-2.9739035039370076
0
LINE
8
BLACK
6
CONTINUOUS
10
6.6126193307086609
20
-2.9739035039370076
11
6.6167303543307083
21
-2.9739035039370076
0
LINE
8
BLACK
6
CONTINUOUS
10
6.6167303543307083
20
-2.9739035039370076
11
6.620701338582677
21
-2.9749675196850394
0
LINE
8
BLACK
6
CONTINUOUS
10
7.4766548031496063
20
-2.9086745669291338
11
7.4780707086614173
21
-2.9106233858267716
0
LINE
8
BLACK
6
CONTINUOUS
10
7.4780707086614173
20
-2.9106233858267716
11
7.4782614566929135
21
-2.9118278346456692
0
LINE
8
BLACK
6
CONTINUOUS
10
7.4782614566929135
20
-2.9118278346456692
11
7.4782614566929135
21
-4.8832057874015744
0
LINE
8
BLACK
6
CONTINUOUS
10
7.4782614566929135
20
-4.8832057874015744
11
7.4775170866141734
21
-4.8854967716535436
0
LINE
8
BLACK
6
CONTINUOUS
10
7.4775170866141734
20
-4.8854967716535436
11
7.4755682677165352
21
-4.8869126771653546
0
LINE
8
BLACK
6
CONTINUOUS
10
7.4755682677165352
20
-4.8869126771653546
11
7.474363818897638
21
-4.8871034251968499
0
LINE
8
BLACK
6
CONTINUOUS
10
7.474363818897638
20
-4.8871034251968499
11
3.9029858661417323
21
-4.8871034251968499
0
LINE
8
BLACK
6
CONTINUOUS
10
3.9029858661417323
20
-4.8871034251968499
11
3.9006948818897635
21
-4.8863590551181098
0
LINE
8
BLACK
6
CONTINUOUS
10
3.9006948818897635
20
-4.8863590551181098
11
3.8992789763779525
21
-4.8844102362204724
0
LINE
8
BLACK
6
CONTINUOUS
10
3.8992789763779525
20
-4.8844102362204724
11
3.8990882283464567
21
-4.8832057874015744
0
LINE
8
BLACK
6
CONTINUOUS
10
3.8990882283464567
20
-4.8832057874015744
11
3.8990882283464567
21
-4.6967160236220469
0
LINE
8
BLACK
6
CONTINUOUS
10
3.8990882283464567
20
-4.6967160236220469
11
3.8990882283464567
21
-4.6088221259842514
0
LINE
8
BLACK
6
CONTINUOUS
10
3.8990882283464567
20
-4.6088221259842514
11
3.8990882283464567
21
-4.5424043307086617
0
LINE
8
BLACK
6
CONTINUOUS
10
3.8990882283464567
20
-4.5424043307086617
11
3.8990882283464567
21
-4.4514043700787402
0
LINE
8
BLACK
6
CONTINUOUS
10
3.8990882283464567
20
-4.4514043700787402
11
3.8990882283464567
21
-4.3884043307086618
0
LINE
8
BLACK
6
CONTINUOUS
10
3.8990882283464567
20
-4.3884043307086618
11
3.8990882283464567
21
-4.3258374409448814
0
LINE
8
BLACK
6
CONTINUOUS
10
3.8990882283464567
20
-4.3258374409448814
11
3.8990882283464567
21
-4.232675393700787
0
LINE
8
BLACK
6
CONTINUOUS
10
3.8990882283464567
20
-4.232675393700787
11
3.8990882283464567
21
-4.1741877952755901
0
LINE
8
BLACK
6
CONTINUOUS
10
3.8990882283464567
20
-4.1741877952755901
11
3.8990882283464567
21
-4.1314043307086612
0
LINE
8
BLACK
6
CONTINUOUS
10
3.8990882283464567
20
-4.1314043307086612
11
3.8990882283464567
21
-4.0824043307086617
0
LINE
8
BLACK
6
CONTINUOUS
10
3.8990882283464567
20
-4.0824043307086617
11
3.8990882283464567
21
-4.0384043307086612
0
LINE
8
BLACK
6
CONTINUOUS
10
3.8990882283464567
20
-4.0384043307086612
11
3.8990882283464567
21
-4.003201850393701
0
LINE
8
BLACK
6
CONTINUOUS
10
3.8990882283464567
20
-4.003201850393701
11
3.8990882283464567
21
-3.9224043307086611
0
LINE
8
BLACK
6
CONTINUOUS
10
3.8990882283464567
20
-3.9224043307086611
11
3.8990882283464567
21
-3.8904043307086615
0
LINE
8
BLACK
6
CONTINUOUS
10
3.8990882283464567
20
-3.8904043307086615
11
3.8990882283464567
21
-3.8450028346456691
0
LINE
8
BLACK
6
CONTINUOUS
10
3.8990882283464567
20
-3.8450028346456691
11
3.8990882283464567
21
-3.7844043307086612
0
LINE
8
BLACK
6
CONTINUOUS
10
3.8990882283464567
20
-3.7844043307086612
11
3.8990882283464567
21
-3.7494043307086615
0
LINE
8
BLACK
6
CONTINUOUS
10
3.8990882283464567
20
-3.7494043307086615
11
3.8990882283464567
21
-3.7237345669291337
0
LINE
8
BLACK
6
CONTINUOUS
10
3.8990882283464567
20
-3.7237345669291337
11
3.8990882283464567
21
-3.6718454724409448
0
LINE
8
BLACK
6
CONTINUOUS
10
3.8990882283464567
20
-3.6718454724409448
11
3.8990882283464567
21
-3.6484043307086615
0
LINE
8
BLACK
6
CONTINUOUS
10
3.8990882283464567
20
-3.6484043307086615
11
3.8990882283464567
21
-3.6234043307086612
0
LINE
8
BLACK
6
CONTINUOUS
10
3.8990882283464567
20
-3.6234043307086612
11
3.8990882283464567
21
-3.5944043307086613
0
LINE
8
BLACK
6
CONTINUOUS
10
3.8990882283464567
20
-3.5944043307086613
11
3.8990882283464567
21
-3.5644043307086615
0
LINE
8
BLACK
6
CONTINUOUS
10
3.8990882283464567
20
-3.5644043307086615
11
3.8990882283464567
21
-3.4284043307086614
0
LINE
8
BLACK
6
CONTINUOUS
10
3.8990882283464567
20
-3.4284043307086614
11
3.8990882283464567
21
-3.3774043307086612
0
LINE
8
BLACK
6
CONTINUOUS
10
3.8990882283464567
20
-3.3774043307086612
11
3.8990882283464567
21
-3.3344043307086615
0
LINE
8
BLACK
6
CONTINUOUS
10
3.8990882283464567
20
-3.3344043307086615
11
3.8990882283464567
21
-3.2704043307086614
0
LINE
8
BLACK
6
CONTINUOUS
10
3.8990882283464567
20
-3.2704043307086614
11
3.8990882283464567
21
-3.0658310236220472
0
LINE
8
BLACK
6
CONTINUOUS
10
3.8990882283464567
20
-3.0658310236220472
11
3.8990882283464567
21
-2.9864043307086612
0
LINE
8
BLACK
6
CONTINUOUS
10
3.8990882283464567
20
-2.9864043307086612
11
3.8990882283464567
21
-2.9118278346456692
0
LINE
8
BLACK
6
CONTINUOUS
10
3.8990882283464567
20
-2.9118278346456692
11
3.8998325984251969
21
-2.9095368503937009
0
LINE
8
BLACK
6
CONTINUOUS
10
3.8998325984251969
20
-2.9095368503937009
11
3.9017814173228347
21
-2.9081209448818899
0
LINE
8
BLACK
6
CONTINUOUS
10
3.9017814173228347
20
-2.9081209448818899
11
3.9029858661417323
21
-2.9079301968503937
0
LINE
8
BLACK
6
CONTINUOUS
10
3.9029858661417323
20
-2.9079301968503937
11
7.474363818897638
21
-2.9079301968503937
0
LINE
8
BLACK
6
CONTINUOUS
10
7.474363818897638
20
-2.9079301968503937
11
7.4766548031496063
21
-2.9086745669291338
0
LINE
8
BLACK
6
CONTINUOUS
10
7.1095494881889758
20
-4.7054862204724408
11
7.1041584645669289
21
-4.7085987007874017
0
LINE
8
BLACK
6
CONTINUOUS
10
7.1041584645669289
20
-4.7085987007874017
11
7.0997567322834643
21
-4.7130004330708664
0
LINE
8
BLACK
6
CONTINUOUS
10
7.0997567322834643
20
-4.7130004330708664
11
7.0966442519685033
21
-4.7183914566929133
0
LINE
8
BLACK
6
CONTINUOUS
10
7.0966442519685033
20
-4.7183914566929133
11
7.0950331102362201
21
-4.7244043307086612
0
LINE
8
BLACK
6
CONTINUOUS
10
7.0950331102362201
20
-4.7244043307086612
11
7.0950331102362201
21
-4.730629291338583
0
LINE
8
BLACK
6
CONTINUOUS
10
7.0950331102362201
20
-4.730629291338583
11
7.0966442519685033
21
-4.7366421653543309
0
LINE
8
BLACK
6
CONTINUOUS
10
7.0966442519685033
20
-4.7366421653543309
11
7.0997567322834643
21
-4.7420331889763778
0
LINE
8
BLACK
6
CONTINUOUS
10
7.0997567322834643
20
-4.7420331889763778
11
7.1041584645669289
21
-4.7464349212598425
0
LINE
8
BLACK
6
CONTINUOUS
10
7.1041584645669289
20
-4.7464349212598425
11
7.1095494881889758
21
-4.7495474015748034
0
LINE
8
BLACK
6
CONTINUOUS
10
7.1095494881889758
20
-4.7495474015748034
11
7.1155623622047246
21
-4.7511585433070866
0
LINE
8
BLACK
6
CONTINUOUS
10
7.1155623622047246
20
-4.7511585433070866
11
7.1155624409448821
21
-4.7511585433070866
0
LINE
8
BLACK
6
CONTINUOUS
10
7.1155624409448821
20
-4.7511585433070866
11
7.121787244094488
21
-4.7511585433070866
0
LINE
8
BLACK
6
CONTINUOUS
10
7.121787244094488
20
-4.7511585433070866
11
7.1217873228346456
21
-4.7511585433070866
0
LINE
8
BLACK
6
CONTINUOUS
10
7.1217873228346456
20
-4.7511585433070866
11
7.1278001968503935
21
-4.7495474015748034
0
LINE
8
BLACK
6
CONTINUOUS
10
7.1278001968503935
20
-4.7495474015748034
11
7.1331912204724404
21
-4.7464349212598425
0
LINE
8
BLACK
6
CONTINUOUS
10
7.1331912204724404
20
-4.7464349212598425
11
7.137592952755905
21
-4.7420331889763778
0
LINE
8
BLACK
6
CONTINUOUS
10
7.137592952755905
20
-4.7420331889763778
11
7.1407054330708659
21
-4.7366421653543309
0
LINE
8
BLACK
6
CONTINUOUS
10
7.1407054330708659
20
-4.7366421653543309
11
7.1423165748031492
21
-4.730629291338583
0
LINE
8
BLACK
6
CONTINUOUS
10
7.1423165748031492
20
-4.730629291338583
11
7.1423165748031492
21
-4.7244043307086612
0
LINE
8
BLACK
6
CONTINUOUS
10
7.1423165748031492
20
-4.7244043307086612
11
7.1407054330708659
21
-4.7183914566929133
0
LINE
8
BLACK
6
CONTINUOUS
10
7.1407054330708659
20
-4.7183914566929133
11
7.137592952755905
21
-4.7130004330708664
0
LINE
8
BLACK
6
CONTINUOUS
10
7.137592952755905
20
-4.7130004330708664
11
7.1331912204724404
21
-4.7085987007874017
0
LINE
8
BLACK
6
CONTINUOUS
10
7.1331912204724404
20
-4.7085987007874017
11
7.1278001968503935
21
-4.7054862204724408
0
LINE
8
BLACK
6
CONTINUOUS
10
7.1278001968503935
20
-4.7054862204724408
11
7.1217873228346456
21
-4.7038750787401575
0
LINE
8
BLACK
6
CONTINUOUS
10
7.1217873228346456
20
-4.7038750787401575
11
7.1155623622047246
21
-4.7038750787401575
0
LINE
8
BLACK
6
CONTINUOUS
10
7.1155623622047246
20
-4.7038750787401575
11
7.1095494881889758
21
-4.7054862204724408
0
LINE
8
BLACK
6
CONTINUOUS
10
5.3224343700787404
20
-4.6695155511811022
11
5.3163456692913389
21
-4.6683044094488189
0
LINE
8
BLACK
6
CONTINUOUS
10
5.3163456692913389
20
-4.6683044094488189
11
5.3163455905511814
21
-4.6683044094488189
0
LINE
8
BLACK
6
CONTINUOUS
10
5.3163455905511814
20
-4.6683044094488189
11
5.3101375590551179
21
-4.6683044094488189
0
LINE
8
BLACK
6
CONTINUOUS
10
5.3101375590551179
20
-4.6683044094488189
11
5.3101374409448816
21
-4.6683044094488189
0
LINE
8
BLACK
6
CONTINUOUS
10
5.3101374409448816
20
-4.6683044094488189
11
5.3040487795275588
21
-4.6695155511811022
0
LINE
8
BLACK
6
CONTINUOUS
10
5.3040487795275588
20
-4.6695155511811022
11
5.3040487007874013
21
-4.6695155511811022
0
LINE
8
BLACK
6
CONTINUOUS
10
5.3040487007874013
20
-4.6695155511811022
11
5.2983134251968504
21
-4.6718911417322833
0
LINE
8
BLACK
6
CONTINUOUS
10
5.2983134251968504
20
-4.6718911417322833
11
5.2983129921259842
21
-4.6718913779527558
0
LINE
8
BLACK
6
CONTINUOUS
10
5.2983129921259842
20
-4.6718913779527558
11
5.2931514566929136
21
-4.6753402755905507
0
LINE
8
BLACK
6
CONTINUOUS
10
5.2931514566929136
20
-4.6753402755905507
11
5.2931512992125986
21
-4.6753403937007869
0
LINE
8
BLACK
6
CONTINUOUS
10
5.2931512992125986
20
-4.6753403937007869
11
5.2887618110236216
21
-4.6797298818897639
0
LINE
8
BLACK
6
CONTINUOUS
10
5.2887618110236216
20
-4.6797298818897639
11
5.2887616929133854
21
-4.6797300393700789
0
LINE
8
BLACK
6
CONTINUOUS
10
5.2887616929133854
20
-4.6797300393700789
11
5.2853127952755905
21
-4.6848915748031494
0
LINE
8
BLACK
6
CONTINUOUS
10
5.2853127952755905
20
-4.6848915748031494
11
5.285312559055118
21
-4.6848920078740157
0
LINE
8
BLACK
6
CONTINUOUS
10
5.285312559055118
20
-4.6848920078740157
11
5.2829369685039369
21
-4.6906272834645666
0
LINE
8
BLACK
6
CONTINUOUS
10
5.2829369685039369
20
-4.6906272834645666
11
5.2829369685039369
21
-4.6906273622047241
0
LINE
8
BLACK
6
CONTINUOUS
10
5.2829369685039369
20
-4.6906273622047241
11
5.2817258267716536
21
-4.6967160236220469
0
LINE
8
BLACK
6
CONTINUOUS
10
5.2817258267716536
20
-4.6967160236220469
11
5.2817258267716536
21
-4.7029242519685042
0
LINE
8
BLACK
6
CONTINUOUS
10
5.2817258267716536
20
-4.7029242519685042
11
5.2829369685039369
21
-4.7090129133858269
0
LINE
8
BLACK
6
CONTINUOUS
10
5.2829369685039369
20
-4.7090129133858269
11
5.2829369685039369
21
-4.7090129921259845
0
LINE
8
BLACK
6
CONTINUOUS
10
5.2829369685039369
20
-4.7090129921259845
11
5.285312559055118
21
-4.7147482677165353
0
LINE
8
BLACK
6
CONTINUOUS
10
5.285312559055118
20
-4.7147482677165353
11
5.2853127952755905
21
-4.7147487007874016
0
LINE
8
BLACK
6
CONTINUOUS
10
5.2853127952755905
20
-4.7147487007874016
11
5.2873877165354326
21
-4.7178539763779526
0
LINE
8
BLACK
6
CONTINUOUS
10
5.2873877165354326
20
-4.7178539763779526
11
5.2887616929133854
21
-4.7199102755905509
0
LINE
8
BLACK
6
CONTINUOUS
10
5.2887616929133854
20
-4.7199102755905509
11
5.2931514566929136
21
-4.7243000393700783
0
LINE
8
BLACK
6
CONTINUOUS
10
5.2931514566929136
20
-4.7243000393700783
11
5.2962288188976379
21
-4.7263562598425199
0
LINE
8
BLACK
6
CONTINUOUS
10
5.2962288188976379
20
-4.7263562598425199
11
5.2983129921259842
21
-4.7277488976377953
0
LINE
8
BLACK
6
CONTINUOUS
10
5.2983129921259842
20
-4.7277488976377953
11
5.2983134251968504
21
-4.7277491338582678
0
LINE
8
BLACK
6
CONTINUOUS
10
5.2983134251968504
20
-4.7277491338582678
11
5.3004320472440947
21
-4.7286266535433068
0
LINE
8
BLACK
6
CONTINUOUS
10
5.3004320472440947
20
-4.7286266535433068
11
5.3040487795275588
21
-4.7301247637795276
0
LINE
8
BLACK
6
CONTINUOUS
10
5.3040487795275588
20
-4.7301247637795276
11
5.3101375590551179
21
-4.7313359055118109
0
LINE
8
BLACK
6
CONTINUOUS
10
5.3101375590551179
20
-4.7313359055118109
11
5.3101375984251966
21
-4.7313359055118109
0
LINE
8
BLACK
6
CONTINUOUS
10
5.3101375984251966
20
-4.7313359055118109
11
5.3163455511811026
21
-4.7313359055118109
0
LINE
8
BLACK
6
CONTINUOUS
10
5.3163455511811026
20
-4.7313359055118109
11
5.3163455905511814
21
-4.7313359055118109
0
LINE
8
BLACK
6
CONTINUOUS
10
5.3163455905511814
20
-4.7313359055118109
11
5.3224343700787404
21
-4.7301247637795276
0
LINE
8
BLACK
6
CONTINUOUS
10
5.3224343700787404
20
-4.7301247637795276
11
5.3281698818897638
21
-4.7277490551181103
0
LINE
8
BLACK
6
CONTINUOUS
10
5.3281698818897638
20
-4.7277490551181103
11
5.3333316929133856
21
-4.7243000393700783
0
LINE
8
BLACK
6
CONTINUOUS
10
5.3333316929133856
20
-4.7243000393700783
11
5.337721456692913
21
-4.7199102755905509
0
LINE
8
BLACK
6
CONTINUOUS
10
5.337721456692913
20
-4.7199102755905509
11
5.341170472440945
21
-4.7147484645669291
0
LINE
8
BLACK
6
CONTINUOUS
10
5.341170472440945
20
-4.7147484645669291
11
5.3435461811023623
21
-4.7090129527559057
0
LINE
8
BLACK
6
CONTINUOUS
10
5.3435461811023623
20
-4.7090129527559057
11
5.3447573228346457
21
-4.7029241732283467
0
LINE
8
BLACK
6
CONTINUOUS
10
5.3447573228346457
20
-4.7029241732283467
11
5.3447573228346457
21
-4.6967161417322831
0
LINE
8
BLACK
6
CONTINUOUS
10
5.3447573228346457
20
-4.6967161417322831
11
5.3435461811023623
21
-4.6906273622047241
0
LINE
8
BLACK
6
CONTINUOUS
10
5.3435461811023623
20
-4.6906273622047241
11
5.3418607086614172
21
-4.6865582283464562
0
LINE
8
BLACK
6
CONTINUOUS
10
5.3418607086614172
20
-4.6865582283464562
11
5.3411705511811025
21
-4.6848920078740157
0
LINE
8
BLACK
6
CONTINUOUS
10
5.3411705511811025
20
-4.6848920078740157
11
5.34117031496063
21
-4.6848915748031494
0
LINE
8
BLACK
6
CONTINUOUS
10
5.34117031496063
20
-4.6848915748031494
11
5.3391311417322838
21
-4.6818398031496065
0
LINE
8
BLACK
6
CONTINUOUS
10
5.3391311417322838
20
-4.6818398031496065
11
5.337721456692913
21
-4.6797300393700789
0
LINE
8
BLACK
6
CONTINUOUS
10
5.337721456692913
20
-4.6797300393700789
11
5.3333316929133856
21
-4.6753402755905507
0
LINE
8
BLACK
6
CONTINUOUS
10
5.3333316929133856
20
-4.6753402755905507
11
5.3304123228346452
21
-4.6733896062992129
0
LINE
8
BLACK
6
CONTINUOUS
10
5.3304123228346452
20
-4.6733896062992129
11
5.3281701181102363
21
-4.6718913779527558
0
LINE
8
BLACK
6
CONTINUOUS
10
5.3281701181102363
20
-4.6718913779527558
11
5.3281696850393701
21
-4.6718911417322833
0
LINE
8
BLACK
6
CONTINUOUS
10
5.3281696850393701
20
-4.6718911417322833
11
5.3245801181102363
21
-4.6704043307086609
0
LINE
8
BLACK
6
CONTINUOUS
10
5.3245801181102363
20
-4.6704043307086609
11
5.3224343700787404
21
-4.6695155511811022
0
LINE
8
BLACK
6
CONTINUOUS
10
5.4690331102362206
20
-4.6766292913385827
11
5.4706442519685039
21
-4.6826421653543306
0
LINE
8
BLACK
6
CONTINUOUS
10
5.4706442519685039
20
-4.6826421653543306
11
5.4737567322834648
21
-4.6880331889763776
0
LINE
8
BLACK
6
CONTINUOUS
10
5.4737567322834648
20
-4.6880331889763776
11
5.4781584645669295
21
-4.6924349212598422
0
LINE
8
BLACK
6
CONTINUOUS
10
5.4781584645669295
20
-4.6924349212598422
11
5.4835494881889764
21
-4.6955474015748031
0
LINE
8
BLACK
6
CONTINUOUS
10
5.4835494881889764
20
-4.6955474015748031
11
5.4893564173228349
21
-4.6971033464566929
0
LINE
8
BLACK
6
CONTINUOUS
10
5.4893564173228349
20
-4.6971033464566929
11
5.4913765748031498
21
-4.6984152755905511
0
LINE
8
BLACK
6
CONTINUOUS
10
5.4913765748031498
20
-4.6984152755905511
11
5.4922398425196848
21
-4.7006641338582673
0
LINE
8
BLACK
6
CONTINUOUS
10
5.4922398425196848
20
-4.7006641338582673
11
5.4921124015748033
21
-4.7018768897637795
0
LINE
8
BLACK
6
CONTINUOUS
10
5.4921124015748033
20
-4.7018768897637795
11
5.4915770078740156
21
-4.7038750787401575
0
LINE
8
BLACK
6
CONTINUOUS
10
5.4915770078740156
20
-4.7038750787401575
11
5.4907162598425199
21
-4.7070874803149607
0
LINE
8
BLACK
6
CONTINUOUS
10
5.4907162598425199
20
-4.7070874803149607
11
5.4907162598425199
21
-4.7133124409448817
0
LINE
8
BLACK
6
CONTINUOUS
10
5.4907162598425199
20
-4.7133124409448817
11
5.4923274015748031
21
-4.7193253149606296
0
LINE
8
BLACK
6
CONTINUOUS
10
5.4923274015748031
20
-4.7193253149606296
11
5.4954398818897641
21
-4.7247163385826774
0
LINE
8
BLACK
6
CONTINUOUS
10
5.4954398818897641
20
-4.7247163385826774
11
5.4998416141732278
21
-4.729118070866142
0
LINE
8
BLACK
6
CONTINUOUS
10
5.4998416141732278
20
-4.729118070866142
11
5.5052326377952756
21
-4.732230551181102
0
LINE
8
BLACK
6
CONTINUOUS
10
5.5052326377952756
20
-4.732230551181102
11
5.5112455118110235
21
-4.7338416929133853
0
LINE
8
BLACK
6
CONTINUOUS
10
5.5112455118110235
20
-4.7338416929133853
11
5.511245590551181
21
-4.7338416929133853
0
LINE
8
BLACK
6
CONTINUOUS
10
5.511245590551181
20
-4.7338416929133853
11
5.517470393700787
21
-4.7338416929133853
0
LINE
8
BLACK
6
CONTINUOUS
10
5.517470393700787
20
-4.7338416929133853
11
5.5174704724409445
21
-4.7338416929133853
0
LINE
8
BLACK
6
CONTINUOUS
10
5.5174704724409445
20
-4.7338416929133853
11
5.5234833464566924
21
-4.732230551181102
0
LINE
8
BLACK
6
CONTINUOUS
10
5.5234833464566924
20
-4.732230551181102
11
5.5288743700787402
21
-4.729118070866142
0
LINE
8
BLACK
6
CONTINUOUS
10
5.5288743700787402
20
-4.729118070866142
11
5.5332761023622048
21
-4.7247163385826774
0
LINE
8
BLACK
6
CONTINUOUS
10
5.5332761023622048
20
-4.7247163385826774
11
5.5334562204724405
21
-4.7244043307086612
0
LINE
8
BLACK
6
CONTINUOUS
10
5.5334562204724405
20
-4.7244043307086612
11
5.5340902362204725
21
-4.7233061417322837
0
LINE
8
BLACK
6
CONTINUOUS
10
5.5340902362204725
20
-4.7233061417322837
11
5.5347288976377955
21
-4.7222000393700787
0
LINE
8
BLACK
6
CONTINUOUS
10
5.5347288976377955
20
-4.7222000393700787
11
5.5363885433070861
21
-4.7193253543307083
0
LINE
8
BLACK
6
CONTINUOUS
10
5.5363885433070861
20
-4.7193253543307083
11
5.5363885826771648
21
-4.7193253149606296
0
LINE
8
BLACK
6
CONTINUOUS
10
5.5363885826771648
20
-4.7193253149606296
11
5.537999724409449
21
-4.7133124409448817
0
LINE
8
BLACK
6
CONTINUOUS
10
5.537999724409449
20
-4.7133124409448817
11
5.537999724409449
21
-4.7070874803149607
0
LINE
8
BLACK
6
CONTINUOUS
10
5.537999724409449
20
-4.7070874803149607
11
5.5363885826771648
21
-4.7010746062992128
0
LINE
8
BLACK
6
CONTINUOUS
10
5.5363885826771648
20
-4.7010746062992128
11
5.5332761023622048
21
-4.695683582677165
0
LINE
8
BLACK
6
CONTINUOUS
10
5.5332761023622048
20
-4.695683582677165
11
5.5288743700787402
21
-4.6912818503937004
0
LINE
8
BLACK
6
CONTINUOUS
10
5.5288743700787402
20
-4.6912818503937004
11
5.5234833464566924
21
-4.6881693700787404
0
LINE
8
BLACK
6
CONTINUOUS
10
5.5234833464566924
20
-4.6881693700787404
11
5.5176764173228348
21
-4.6866133858267718
0
LINE
8
BLACK
6
CONTINUOUS
10
5.5176764173228348
20
-4.6866133858267718
11
5.5156561811023623
21
-4.6853014566929136
0
LINE
8
BLACK
6
CONTINUOUS
10
5.5156561811023623
20
-4.6853014566929136
11
5.5147929527559052
21
-4.6830525590551177
0
LINE
8
BLACK
6
CONTINUOUS
10
5.5147929527559052
20
-4.6830525590551177
11
5.5149203543307088
21
-4.6818399606299215
0
LINE
8
BLACK
6
CONTINUOUS
10
5.5149203543307088
20
-4.6818399606299215
11
5.5163165748031497
21
-4.6766292913385827
0
LINE
8
BLACK
6
CONTINUOUS
10
5.5163165748031497
20
-4.6766292913385827
11
5.5163165748031497
21
-4.6704043307086609
0
LINE
8
BLACK
6
CONTINUOUS
10
5.5163165748031497
20
-4.6704043307086609
11
5.5147054330708656
21
-4.664391456692913
0
LINE
8
BLACK
6
CONTINUOUS
10
5.5147054330708656
20
-4.664391456692913
11
5.5115929527559056
21
-4.6590004330708661
0
LINE
8
BLACK
6
CONTINUOUS
10
5.5115929527559056
20
-4.6590004330708661
11
5.5071912204724409
21
-4.6545987007874015
0
LINE
8
BLACK
6
CONTINUOUS
10
5.5071912204724409
20
-4.6545987007874015
11
5.501800196850394
21
-4.6514862204724405
0
LINE
8
BLACK
6
CONTINUOUS
10
5.501800196850394
20
-4.6514862204724405
11
5.4957873228346452
21
-4.6498750787401573
0
LINE
8
BLACK
6
CONTINUOUS
10
5.4957873228346452
20
-4.6498750787401573
11
5.4895623622047243
21
-4.6498750787401573
0
LINE
8
BLACK
6
CONTINUOUS
10
5.4895623622047243
20
-4.6498750787401573
11
5.4835494881889764
21
-4.6514862204724405
0
LINE
8
BLACK
6
CONTINUOUS
10
5.4835494881889764
20
-4.6514862204724405
11
5.4781584645669295
21
-4.6545987007874015
0
LINE
8
BLACK
6
CONTINUOUS
10
5.4781584645669295
20
-4.6545987007874015
11
5.4737567322834648
21
-4.6590004330708661
0
LINE
8
BLACK
6
CONTINUOUS
10
5.4737567322834648
20
-4.6590004330708661
11
5.4706442519685039
21
-4.664391456692913
0
LINE
8
BLACK
6
CONTINUOUS
10
5.4706442519685039
20
-4.664391456692913
11
5.4690331102362206
21
-4.6704043307086609
0
LINE
8
BLACK
6
CONTINUOUS
10
5.4690331102362206
20
-4.6704043307086609
11
5.4690331102362206
21
-4.6766292913385827
0
LINE
8
BLACK
6
CONTINUOUS
10
5.3377216535433067
20
-4.5918361417322835
11
5.3333320078740156
21
-4.5874464960629924
0
LINE
8
BLACK
6
CONTINUOUS
10
5.3333320078740156
20
-4.5874464960629924
11
5.3333318897637794
21
-4.5874463779527561
0
LINE
8
BLACK
6
CONTINUOUS
10
5.3333318897637794
20
-4.5874463779527561
11
5.3312755905511811
21
-4.5860724015748033
0
LINE
8
BLACK
6
CONTINUOUS
10
5.3312755905511811
20
-4.5860724015748033
11
5.3281703149606301
21
-4.5839974803149603
0
LINE
8
BLACK
6
CONTINUOUS
10
5.3281703149606301
20
-4.5839974803149603
11
5.3281698818897638
21
-4.5839972440944878
0
LINE
8
BLACK
6
CONTINUOUS
10
5.3281698818897638
20
-4.5839972440944878
11
5.3224345669291333
21
-4.5816216535433067
0
LINE
8
BLACK
6
CONTINUOUS
10
5.3224345669291333
20
-4.5816216535433067
11
5.3163458661417318
21
-4.5804105118110234
0
LINE
8
BLACK
6
CONTINUOUS
10
5.3163458661417318
20
-4.5804105118110234
11
5.3163457874015743
21
-4.5804105118110234
0
LINE
8
BLACK
6
CONTINUOUS
10
5.3163457874015743
20
-4.5804105118110234
11
5.3101377559055116
21
-4.5804105118110234
0
LINE
8
BLACK
6
CONTINUOUS
10
5.3101377559055116
20
-4.5804105118110234
11
5.3101376377952754
21
-4.5804105118110234
0
LINE
8
BLACK
6
CONTINUOUS
10
5.3101376377952754
20
-4.5804105118110234
11
5.3040489763779526
21
-4.5816216535433067
0
LINE
8
BLACK
6
CONTINUOUS
10
5.3040489763779526
20
-4.5816216535433067
11
5.3040488976377951
21
-4.5816216535433067
0
LINE
8
BLACK
6
CONTINUOUS
10
5.3040488976377951
20
-4.5816216535433067
11
5.2983136220472442
21
-4.5839972440944878
0
LINE
8
BLACK
6
CONTINUOUS
10
5.2983136220472442
20
-4.5839972440944878
11
5.2983131889763779
21
-4.5839974803149603
0
LINE
8
BLACK
6
CONTINUOUS
10
5.2983131889763779
20
-4.5839974803149603
11
5.2931516535433065
21
-4.5874463779527561
0
LINE
8
BLACK
6
CONTINUOUS
10
5.2931516535433065
20
-4.5874463779527561
11
5.2931514960629924
21
-4.5874464960629924
0
LINE
8
BLACK
6
CONTINUOUS
10
5.2931514960629924
20
-4.5874464960629924
11
5.2887620078740154
21
-4.5918359842519685
0
LINE
8
BLACK
6
CONTINUOUS
10
5.2887620078740154
20
-4.5918359842519685
11
5.2887618897637791
21
-4.5918361417322835
0
LINE
8
BLACK
6
CONTINUOUS
10
5.2887618897637791
20
-4.5918361417322835
11
5.2853129921259843
21
-4.596997677165354
0
LINE
8
BLACK
6
CONTINUOUS
10
5.2853129921259843
20
-4.596997677165354
11
5.2853127559055118
21
-4.5969981102362203
0
LINE
8
BLACK
6
CONTINUOUS
10
5.2853127559055118
20
-4.5969981102362203
11
5.2829371653543307
21
-4.6027333858267712
0
LINE
8
BLACK
6
CONTINUOUS
10
5.2829371653543307
20
-4.6027333858267712
11
5.2829371653543307
21
-4.6027334645669287
0
LINE
8
BLACK
6
CONTINUOUS
10
5.2829371653543307
20
-4.6027334645669287
11
5.2817260236220474
21
-4.6088221259842514
0
LINE
8
BLACK
6
CONTINUOUS
10
5.2817260236220474
20
-4.6088221259842514
11
5.2817260236220474
21
-4.6150303543307087
0
LINE
8
BLACK
6
CONTINUOUS
10
5.2817260236220474
20
-4.6150303543307087
11
5.2829371653543307
21
-4.6211190157480315
0
LINE
8
BLACK
6
CONTINUOUS
10
5.2829371653543307
20
-4.6211190157480315
11
5.2829371653543307
21
-4.621119094488189
0
LINE
8
BLACK
6
CONTINUOUS
10
5.2829371653543307
20
-4.621119094488189
11
5.2853127559055118
21
-4.6268543700787399
0
LINE
8
BLACK
6
CONTINUOUS
10
5.2853127559055118
20
-4.6268543700787399
11
5.2853129921259843
21
-4.6268548031496062
0
LINE
8
BLACK
6
CONTINUOUS
10
5.2853129921259843
20
-4.6268548031496062
11
5.2873879133858264
21
-4.6299600787401571
0
LINE
8
BLACK
6
CONTINUOUS
10
5.2873879133858264
20
-4.6299600787401571
11
5.2887618897637791
21
-4.6320163779527554
0
LINE
8
BLACK
6
CONTINUOUS
10
5.2887618897637791
20
-4.6320163779527554
11
5.2931516535433065
21
-4.6364061417322837
0
LINE
8
BLACK
6
CONTINUOUS
10
5.2931516535433065
20
-4.6364061417322837
11
5.2962290157480316
21
-4.6384623622047245
0
LINE
8
BLACK
6
CONTINUOUS
10
5.2962290157480316
20
-4.6384623622047245
11
5.2983131889763779
21
-4.6398549999999998
0
LINE
8
BLACK
6
CONTINUOUS
10
5.2983131889763779
20
-4.6398549999999998
11
5.2983136220472442
21
-4.6398552362204724
0
LINE
8
BLACK
6
CONTINUOUS
10
5.2983136220472442
20
-4.6398552362204724
11
5.3004322440944884
21
-4.6407327559055114
0
LINE
8
BLACK
6
CONTINUOUS
10
5.3004322440944884
20
-4.6407327559055114
11
5.3040489763779526
21
-4.6422308661417322
0
LINE
8
BLACK
6
CONTINUOUS
10
5.3040489763779526
20
-4.6422308661417322
11
5.3101377559055116
21
-4.6434420078740155
0
LINE
8
BLACK
6
CONTINUOUS
10
5.3101377559055116
20
-4.6434420078740155
11
5.3101377952755904
21
-4.6434420078740155
0
LINE
8
BLACK
6
CONTINUOUS
10
5.3101377952755904
20
-4.6434420078740155
11
5.3163457480314955
21
-4.6434420078740155
0
LINE
8
BLACK
6
CONTINUOUS
10
5.3163457480314955
20
-4.6434420078740155
11
5.3163457874015743
21
-4.6434420078740155
0
LINE
8
BLACK
6
CONTINUOUS
10
5.3163457874015743
20
-4.6434420078740155
11
5.3224345669291333
21
-4.6422308661417322
0
LINE
8
BLACK
6
CONTINUOUS
10
5.3224345669291333
20
-4.6422308661417322
11
5.3281700787401576
21
-4.6398551574803149
0
LINE
8
BLACK
6
CONTINUOUS
10
5.3281700787401576
20
-4.6398551574803149
11
5.3333318897637794
21
-4.6364061417322837
0
LINE
8
BLACK
6
CONTINUOUS
10
5.3333318897637794
20
-4.6364061417322837
11
5.3377216535433067
21
-4.6320163779527554
0
LINE
8
BLACK
6
CONTINUOUS
10
5.3377216535433067
20
-4.6320163779527554
11
5.3411706692913388
21
-4.6268545669291337
0
LINE
8
BLACK
6
CONTINUOUS
10
5.3411706692913388
20
-4.6268545669291337
11
5.3435463779527561
21
-4.6211190551181103
0
LINE
8
BLACK
6
CONTINUOUS
10
5.3435463779527561
20
-4.6211190551181103
11
5.3447575196850394
21
-4.6150302755905512
0
LINE
8
BLACK
6
CONTINUOUS
10
5.3447575196850394
20
-4.6150302755905512
11
5.3447575196850394
21
-4.6088222440944877
0
LINE
8
BLACK
6
CONTINUOUS
10
5.3447575196850394
20
-4.6088222440944877
11
5.3435463779527561
21
-4.6027334645669287
0
LINE
8
BLACK
6
CONTINUOUS
10
5.3435463779527561
20
-4.6027334645669287
11
5.3418463779527556
21
-4.5986292913385824
0
LINE
8
BLACK
6
CONTINUOUS
10
5.3418463779527556
20
-4.5986292913385824
11
5.3411707480314963
21
-4.5969981102362203
0
LINE
8
BLACK
6
CONTINUOUS
10
5.3411707480314963
20
-4.5969981102362203
11
5.3411705118110238
21
-4.5969976377952753
0
LINE
8
BLACK
6
CONTINUOUS
10
5.3411705118110238
20
-4.5969976377952753
11
5.3393775196850388
21
-4.5943142913385824
0
LINE
8
BLACK
6
CONTINUOUS
10
5.3393775196850388
20
-4.5943142913385824
11
5.3381012992125987
21
-4.5924043307086615
0
LINE
8
BLACK
6
CONTINUOUS
10
5.3381012992125987
20
-4.5924043307086615
11
5.3377216535433067
21
-4.5918361417322835
0
LINE
8
BLACK
6
CONTINUOUS
10
7.099549488188976
20
-4.570486220472441
11
7.0941584645669291
21
-4.5735987007874011
0
LINE
8
BLACK
6
CONTINUOUS
10
7.0941584645669291
20
-4.5735987007874011
11
7.0897567322834645
21
-4.5780004330708657
0
LINE
8
BLACK
6
CONTINUOUS
10
7.0897567322834645
20
-4.5780004330708657
11
7.0866442519685036
21
-4.5833914566929135
0
LINE
8
BLACK
6
CONTINUOUS
10
7.0866442519685036
20
-4.5833914566929135
11
7.0850331102362203
21
-4.5894043307086614
0
LINE
8
BLACK
6
CONTINUOUS
10
7.0850331102362203
20
-4.5894043307086614
11
7.0850331102362203
21
-4.5956292913385823
0
LINE
8
BLACK
6
CONTINUOUS
10
7.0850331102362203
20
-4.5956292913385823
11
7.0866442519685036
21
-4.6016421653543302
0
LINE
8
BLACK
6
CONTINUOUS
10
7.0866442519685036
20
-4.6016421653543302
11
7.0897567322834645
21
-4.607033188976378
0
LINE
8
BLACK
6
CONTINUOUS
10
7.0897567322834645
20
-4.607033188976378
11
7.0941584645669291
21
-4.6114349212598427
0
LINE
8
BLACK
6
CONTINUOUS
10
7.0941584645669291
20
-4.6114349212598427
11
7.099549488188976
21
-4.6145474015748027
0
LINE
8
BLACK
6
CONTINUOUS
10
7.099549488188976
20
-4.6145474015748027
11
7.1055623622047239
21
-4.6161585433070869
0
LINE
8
BLACK
6
CONTINUOUS
10
7.1055623622047239
20
-4.6161585433070869
11
7.1055624409448814
21
-4.6161585433070869
0
LINE
8
BLACK
6
CONTINUOUS
10
7.1055624409448814
20
-4.6161585433070869
11
7.1117872440944883
21
-4.6161585433070869
0
LINE
8
BLACK
6
CONTINUOUS
10
7.1117872440944883
20
-4.6161585433070869
11
7.1117873228346458
21
-4.6161585433070869
0
LINE
8
BLACK
6
CONTINUOUS
10
7.1117873228346458
20
-4.6161585433070869
11
7.1178001968503937
21
-4.6145474015748027
0
LINE
8
BLACK
6
CONTINUOUS
10
7.1178001968503937
20
-4.6145474015748027
11
7.1231912204724406
21
-4.6114349212598427
0
LINE
8
BLACK
6
CONTINUOUS
10
7.1231912204724406
20
-4.6114349212598427
11
7.1275929527559052
21
-4.607033188976378
0
LINE
8
BLACK
6
CONTINUOUS
10
7.1275929527559052
20
-4.607033188976378
11
7.1307054330708661
21
-4.6016421653543302
0
LINE
8
BLACK
6
CONTINUOUS
10
7.1307054330708661
20
-4.6016421653543302
11
7.1323165748031494
21
-4.5956292913385823
0
LINE
8
BLACK
6
CONTINUOUS
10
7.1323165748031494
20
-4.5956292913385823
11
7.1323165748031494
21
-4.5894043307086614
0
LINE
8
BLACK
6
CONTINUOUS
10
7.1323165748031494
20
-4.5894043307086614
11
7.1307054330708661
21
-4.5833914566929135
0
LINE
8
BLACK
6
CONTINUOUS
10
7.1307054330708661
20
-4.5833914566929135
11
7.1275929527559052
21
-4.5780004330708657
0
LINE
8
BLACK
6
CONTINUOUS
10
7.1275929527559052
20
-4.5780004330708657
11
7.1231912204724406
21
-4.5735987007874011
0
LINE
8
BLACK
6
CONTINUOUS
10
7.1231912204724406
20
-4.5735987007874011
11
7.1178001968503937
21
-4.570486220472441
0
LINE
8
BLACK
6
CONTINUOUS
10
7.1178001968503937
20
-4.570486220472441
11
7.1117873228346458
21
-4.5688750787401577
0
LINE
8
BLACK
6
CONTINUOUS
10
7.1117873228346458
20
-4.5688750787401577
11
7.1055623622047239
21
-4.5688750787401577
0
LINE
8
BLACK
6
CONTINUOUS
10
7.1055623622047239
20
-4.5688750787401577
11
7.099549488188976
21
-4.570486220472441
0
LINE
8
BLACK
6
CONTINUOUS
10
6.3950331102362199
20
-4.5986292913385824
11
6.3966442519685041
21
-4.6046421653543304
0
LINE
8
BLACK
6
CONTINUOUS
10
6.3966442519685041
20
-4.6046421653543304
11
6.3997567322834641
21
-4.6100331889763781
0
LINE
8
BLACK
6
CONTINUOUS
10
6.3997567322834641
20
-4.6100331889763781
11
6.4041584645669287
21
-4.6144349212598428
0
LINE
8
BLACK
6
CONTINUOUS
10
6.4041584645669287
20
-4.6144349212598428
11
6.4095494881889765
21
-4.6175474015748028
0
LINE
8
BLACK
6
CONTINUOUS
10
6.4095494881889765
20
-4.6175474015748028
11
6.4155623622047244
21
-4.6191585433070861
0
LINE
8
BLACK
6
CONTINUOUS
10
6.4155623622047244
20
-4.6191585433070861
11
6.4155624409448819
21
-4.6191585433070861
0
LINE
8
BLACK
6
CONTINUOUS
10
6.4155624409448819
20
-4.6191585433070861
11
6.4217872440944879
21
-4.6191585433070861
0
LINE
8
BLACK
6
CONTINUOUS
10
6.4217872440944879
20
-4.6191585433070861
11
6.4217873228346454
21
-4.6191585433070861
0
LINE
8
BLACK
6
CONTINUOUS
10
6.4217873228346454
20
-4.6191585433070861
11
6.4278001968503933
21
-4.6175474015748028
0
LINE
8
BLACK
6
CONTINUOUS
10
6.4278001968503933
20
-4.6175474015748028
11
6.4331912204724411
21
-4.6144349212598428
0
LINE
8
BLACK
6
CONTINUOUS
10
6.4331912204724411
20
-4.6144349212598428
11
6.4375929527559057
21
-4.6100331889763781
0
LINE
8
BLACK
6
CONTINUOUS
10
6.4375929527559057
20
-4.6100331889763781
11
6.4407054330708657
21
-4.6046421653543304
0
LINE
8
BLACK
6
CONTINUOUS
10
6.4407054330708657
20
-4.6046421653543304
11
6.4423165748031499
21
-4.5986292913385824
0
LINE
8
BLACK
6
CONTINUOUS
10
6.4423165748031499
20
-4.5986292913385824
11
6.4423165748031499
21
-4.5924043307086615
0
LINE
8
BLACK
6
CONTINUOUS
10
6.4423165748031499
20
-4.5924043307086615
11
6.4407054330708657
21
-4.5863914566929136
0
LINE
8
BLACK
6
CONTINUOUS
10
6.4407054330708657
20
-4.5863914566929136
11
6.4375929527559057
21
-4.5810004330708658
0
LINE
8
BLACK
6
CONTINUOUS
10
6.4375929527559057
20
-4.5810004330708658
11
6.4331912204724411
21
-4.5765987007874012
0
LINE
8
BLACK
6
CONTINUOUS
10
6.4331912204724411
20
-4.5765987007874012
11
6.4278001968503933
21
-4.5734862204724411
0
LINE
8
BLACK
6
CONTINUOUS
10
6.4278001968503933
20
-4.5734862204724411
11
6.4217873228346454
21
-4.571875078740157
0
LINE
8
BLACK
6
CONTINUOUS
10
6.4217873228346454
20
-4.571875078740157
11
6.4155623622047244
21
-4.571875078740157
0
LINE
8
BLACK
6
CONTINUOUS
10
6.4155623622047244
20
-4.571875078740157
11
6.4095494881889765
21
-4.5734862204724411
0
LINE
8
BLACK
6
CONTINUOUS
10
6.4095494881889765
20
-4.5734862204724411
11
6.4041584645669287
21
-4.5765987007874012
0
LINE
8
BLACK
6
CONTINUOUS
10
6.4041584645669287
20
-4.5765987007874012
11
6.3997567322834641
21
-4.5810004330708658
0
LINE
8
BLACK
6
CONTINUOUS
10
6.3997567322834641
20
-4.5810004330708658
11
6.3966442519685041
21
-4.5863914566929136
0
LINE
8
BLACK
6
CONTINUOUS
10
6.3966442519685041
20
-4.5863914566929136
11
6.3950331102362199
21
-4.5924043307086615
0
LINE
8
BLACK
6
CONTINUOUS
10
6.3950331102362199
20
-4.5924043307086615
11
6.3950331102362199
21
-4.5986292913385824
0
LINE
8
BLACK
6
CONTINUOUS
10
6.5930330314960628
20
-4.5986292913385824
11
6.5946441732283461
21
-4.6046421653543304
0
LINE
8
BLACK
6
CONTINUOUS
10
6.5946441732283461
20
-4.6046421653543304
11
6.597756653543307
21
-4.6100331889763781
0
LINE
8
BLACK
6
CONTINUOUS
10
6.597756653543307
20
-4.6100331889763781
11
6.6021583858267716
21
-4.6144349212598428
0
LINE
8
BLACK
6
CONTINUOUS
10
6.6021583858267716
20
-4.6144349212598428
11
6.6075494094488185
21
-4.6175474015748028
0
LINE
8
BLACK
6
CONTINUOUS
10
6.6075494094488185
20
-4.6175474015748028
11
6.6135622834645664
21
-4.6191585433070861
0
LINE
8
BLACK
6
CONTINUOUS
10
6.6135622834645664
20
-4.6191585433070861
11
6.6135623622047239
21
-4.6191585433070861
0
LINE
8
BLACK
6
CONTINUOUS
10
6.6135623622047239
20
-4.6191585433070861
11
6.6197871653543308
21
-4.6191585433070861
0
LINE
8
BLACK
6
CONTINUOUS
10
6.6197871653543308
20
-4.6191585433070861
11
6.6197872440944883
21
-4.6191585433070861
0
LINE
8
BLACK
6
CONTINUOUS
10
6.6197872440944883
20
-4.6191585433070861
11
6.6258001181102362
21
-4.6175474015748028
0
LINE
8
BLACK
6
CONTINUOUS
10
6.6258001181102362
20
-4.6175474015748028
11
6.6311911417322831
21
-4.6144349212598428
0
LINE
8
BLACK
6
CONTINUOUS
10
6.6311911417322831
20
-4.6144349212598428
11
6.6355928740157477
21
-4.6100331889763781
0
LINE
8
BLACK
6
CONTINUOUS
10
6.6355928740157477
20
-4.6100331889763781
11
6.6387053543307086
21
-4.6046421653543304
0
LINE
8
BLACK
6
CONTINUOUS
10
6.6387053543307086
20
-4.6046421653543304
11
6.6403164960629919
21
-4.5986292913385824
0
LINE
8
BLACK
6
CONTINUOUS
10
6.6403164960629919
20
-4.5986292913385824
11
6.6403164960629919
21
-4.5924043307086615
0
LINE
8
BLACK
6
CONTINUOUS
10
6.6403164960629919
20
-4.5924043307086615
11
6.6395126377952751
21
-4.5894043307086614
0
LINE
8
BLACK
6
CONTINUOUS
10
6.6395126377952751
20
-4.5894043307086614
11
6.6387053543307086
21
-4.5863914566929136
0
LINE
8
BLACK
6
CONTINUOUS
10
6.6387053543307086
20
-4.5863914566929136
11
6.6355928740157477
21
-4.5810004330708658
0
LINE
8
BLACK
6
CONTINUOUS
10
6.6355928740157477
20
-4.5810004330708658
11
6.6311911417322831
21
-4.5765987007874012
0
LINE
8
BLACK
6
CONTINUOUS
10
6.6311911417322831
20
-4.5765987007874012
11
6.6258001181102362
21
-4.5734862204724411
0
LINE
8
BLACK
6
CONTINUOUS
10
6.6258001181102362
20
-4.5734862204724411
11
6.6197872440944883
21
-4.571875078740157
0
LINE
8
BLACK
6
CONTINUOUS
10
6.6197872440944883
20
-4.571875078740157
11
6.6135622834645664
21
-4.571875078740157
0
LINE
8
BLACK
6
CONTINUOUS
10
6.6135622834645664
20
-4.571875078740157
11
6.6075494094488185
21
-4.5734862204724411
0
LINE
8
BLACK
6
CONTINUOUS
10
6.6075494094488185
20
-4.5734862204724411
11
6.6021583858267716
21
-4.5765987007874012
0
LINE
8
BLACK
6
CONTINUOUS
10
6.6021583858267716
20
-4.5765987007874012
11
6.597756653543307
21
-4.5810004330708658
0
LINE
8
BLACK
6
CONTINUOUS
10
6.597756653543307
20
-4.5810004330708658
11
6.5946441732283461
21
-4.5863914566929136
0
LINE
8
BLACK
6
CONTINUOUS
10
6.5946441732283461
20
-4.5863914566929136
11
6.5930330314960628
21
-4.5924043307086615
0
LINE
8
BLACK
6
CONTINUOUS
10
6.5930330314960628
20
-4.5924043307086615
11
6.5930330314960628
21
-4.5986292913385824
0
LINE
8
BLACK
6
CONTINUOUS
10
5.9660331102362205
20
-4.549629291338583
11
5.9676442519685038
21
-4.5556421653543309
0
LINE
8
BLACK
6
CONTINUOUS
10
5.9676442519685038
20
-4.5556421653543309
11
5.9707567322834647
21
-4.5610331889763778
0
LINE
8
BLACK
6
CONTINUOUS
10
5.9707567322834647
20
-4.5610331889763778
11
5.9751584645669293
21
-4.5654349212598424
0
LINE
8
BLACK
6
CONTINUOUS
10
5.9751584645669293
20
-4.5654349212598424
11
5.9805494881889762
21
-4.5685474015748033
0
LINE
8
BLACK
6
CONTINUOUS
10
5.9805494881889762
20
-4.5685474015748033
11
5.9865623622047242
21
-4.5701585433070866
0
LINE
8
BLACK
6
CONTINUOUS
10
5.9865623622047242
20
-4.5701585433070866
11
5.9865624409448817
21
-4.5701585433070866
0
LINE
8
BLACK
6
CONTINUOUS
10
5.9865624409448817
20
-4.5701585433070866
11
5.9927872440944885
21
-4.5701585433070866
0
LINE
8
BLACK
6
CONTINUOUS
10
5.9927872440944885
20
-4.5701585433070866
11
5.9927873228346451
21
-4.5701585433070866
0
LINE
8
BLACK
6
CONTINUOUS
10
5.9927873228346451
20
-4.5701585433070866
11
5.9988001968503939
21
-4.5685474015748033
0
LINE
8
BLACK
6
CONTINUOUS
10
5.9988001968503939
20
-4.5685474015748033
11
6.0041912204724408
21
-4.5654349212598424
0
LINE
8
BLACK
6
CONTINUOUS
10
6.0041912204724408
20
-4.5654349212598424
11
6.0085929527559054
21
-4.5610331889763778
0
LINE
8
BLACK
6
CONTINUOUS
10
6.0085929527559054
20
-4.5610331889763778
11
6.0117054330708664
21
-4.5556421653543309
0
LINE
8
BLACK
6
CONTINUOUS
10
6.0117054330708664
20
-4.5556421653543309
11
6.0133165748031496
21
-4.549629291338583
0
LINE
8
BLACK
6
CONTINUOUS
10
6.0133165748031496
20
-4.549629291338583
11
6.0133165748031496
21
-4.5434043307086611
0
LINE
8
BLACK
6
CONTINUOUS
10
6.0133165748031496
20
-4.5434043307086611
11
6.0122447637795275
21
-4.5394043307086616
0
LINE
8
BLACK
6
CONTINUOUS
10
6.0122447637795275
20
-4.5394043307086616
11
6.0117054330708664
21
-4.5373914566929132
0
LINE
8
BLACK
6
CONTINUOUS
10
6.0117054330708664
20
-4.5373914566929132
11
6.0085929527559054
21
-4.5320004330708663
0
LINE
8
BLACK
6
CONTINUOUS
10
6.0085929527559054
20
-4.5320004330708663
11
6.0041912204724408
21
-4.5275987007874017
0
LINE
8
BLACK
6
CONTINUOUS
10
6.0041912204724408
20
-4.5275987007874017
11
5.9988001968503939
21
-4.5244862204724408
0
LINE
8
BLACK
6
CONTINUOUS
10
5.9988001968503939
20
-4.5244862204724408
11
5.9927873228346451
21
-4.5228750787401575
0
LINE
8
BLACK
6
CONTINUOUS
10
5.9927873228346451
20
-4.5228750787401575
11
5.9865623622047242
21
-4.5228750787401575
0
LINE
8
BLACK
6
CONTINUOUS
10
5.9865623622047242
20
-4.5228750787401575
11
5.9805494881889762
21
-4.5244862204724408
0
LINE
8
BLACK
6
CONTINUOUS
10
5.9805494881889762
20
-4.5244862204724408
11
5.9751584645669293
21
-4.5275987007874017
0
LINE
8
BLACK
6
CONTINUOUS
10
5.9751584645669293
20
-4.5275987007874017
11
5.9707567322834647
21
-4.5320004330708663
0
LINE
8
BLACK
6
CONTINUOUS
10
5.9707567322834647
20
-4.5320004330708663
11
5.9676442519685038
21
-4.5373914566929132
0
LINE
8
BLACK
6
CONTINUOUS
10
5.9676442519685038
20
-4.5373914566929132
11
5.9660331102362205
21
-4.5434043307086611
0
LINE
8
BLACK
6
CONTINUOUS
10
5.9660331102362205
20
-4.5434043307086611
11
5.9660331102362205
21
-4.549629291338583
0
LINE
8
BLACK
6
CONTINUOUS
10
5.7640330314960631
20
-4.5486292913385826
11
5.7656441732283463
21
-4.5546421653543305
0
LINE
8
BLACK
6
CONTINUOUS
10
5.7656441732283463
20
-4.5546421653543305
11
5.7687566535433072
21
-4.5600331889763774
0
LINE
8
BLACK
6
CONTINUOUS
10
5.7687566535433072
20
-4.5600331889763774
11
5.7731583858267719
21
-4.5644349212598421
0
LINE
8
BLACK
6
CONTINUOUS
10
5.7731583858267719
20
-4.5644349212598421
11
5.7785494094488188
21
-4.567547401574803
0
LINE
8
BLACK
6
CONTINUOUS
10
5.7785494094488188
20
-4.567547401574803
11
5.7845622834645667
21
-4.5691585433070863
0
LINE
8
BLACK
6
CONTINUOUS
10
5.7845622834645667
20
-4.5691585433070863
11
5.7845623622047242
21
-4.5691585433070863
0
LINE
8
BLACK
6
CONTINUOUS
10
5.7845623622047242
20
-4.5691585433070863
11
5.7907871653543301
21
-4.5691585433070863
0
LINE
8
BLACK
6
CONTINUOUS
10
5.7907871653543301
20
-4.5691585433070863
11
5.7907872440944876
21
-4.5691585433070863
0
LINE
8
BLACK
6
CONTINUOUS
10
5.7907872440944876
20
-4.5691585433070863
11
5.7968001181102364
21
-4.567547401574803
0
LINE
8
BLACK
6
CONTINUOUS
10
5.7968001181102364
20
-4.567547401574803
11
5.8021911417322833
21
-4.5644349212598421
0
LINE
8
BLACK
6
CONTINUOUS
10
5.8021911417322833
20
-4.5644349212598421
11
5.806592874015748
21
-4.5600331889763774
0
LINE
8
BLACK
6
CONTINUOUS
10
5.806592874015748
20
-4.5600331889763774
11
5.8097053543307089
21
-4.5546421653543305
0
LINE
8
BLACK
6
CONTINUOUS
10
5.8097053543307089
20
-4.5546421653543305
11
5.8113164960629922
21
-4.5486292913385826
0
LINE
8
BLACK
6
CONTINUOUS
10
5.8113164960629922
20
-4.5486292913385826
11
5.8113164960629922
21
-4.5434043307086611
0
LINE
8
BLACK
6
CONTINUOUS
10
5.8113164960629922
20
-4.5434043307086611
11
5.8113164960629922
21
-4.5424043307086617
0
LINE
8
BLACK
6
CONTINUOUS
10
5.8113164960629922
20
-4.5424043307086617
11
5.8097053543307089
21
-4.5363914566929129
0
LINE
8
BLACK
6
CONTINUOUS
10
5.8097053543307089
20
-4.5363914566929129
11
5.806592874015748
21
-4.531000433070866
0
LINE
8
BLACK
6
CONTINUOUS
10
5.806592874015748
20
-4.531000433070866
11
5.8021911417322833
21
-4.5265987007874013
0
LINE
8
BLACK
6
CONTINUOUS
10
5.8021911417322833
20
-4.5265987007874013
11
5.7968001181102364
21
-4.5234862204724404
0
LINE
8
BLACK
6
CONTINUOUS
10
5.7968001181102364
20
-4.5234862204724404
11
5.7907872440944876
21
-4.5218750787401572
0
LINE
8
BLACK
6
CONTINUOUS
10
5.7907872440944876
20
-4.5218750787401572
11
5.7845622834645667
21
-4.5218750787401572
0
LINE
8
BLACK
6
CONTINUOUS
10
5.7845622834645667
20
-4.5218750787401572
11
5.7785494094488188
21
-4.5234862204724404
0
LINE
8
BLACK
6
CONTINUOUS
10
5.7785494094488188
20
-4.5234862204724404
11
5.7731583858267719
21
-4.5265987007874013
0
LINE
8
BLACK
6
CONTINUOUS
10
5.7731583858267719
20
-4.5265987007874013
11
5.7687566535433072
21
-4.531000433070866
0
LINE
8
BLACK
6
CONTINUOUS
10
5.7687566535433072
20
-4.531000433070866
11
5.7656441732283463
21
-4.5363914566929129
0
LINE
8
BLACK
6
CONTINUOUS
10
5.7656441732283463
20
-4.5363914566929129
11
5.7640330314960631
21
-4.5424043307086617
0
LINE
8
BLACK
6
CONTINUOUS
10
5.7640330314960631
20
-4.5424043307086617
11
5.7640330314960631
21
-4.5486292913385826
0
LINE
8
BLACK
6
CONTINUOUS
10
6.1600331102362205
20
-4.5456292913385825
11
6.1616442519685037
21
-4.5516421653543304
0
LINE
8
BLACK
6
CONTINUOUS
10
6.1616442519685037
20
-4.5516421653543304
11
6.1647567322834647
21
-4.5570331889763782
0
LINE
8
BLACK
6
CONTINUOUS
10
6.1647567322834647
20
-4.5570331889763782
11
6.1691584645669293
21
-4.5614349212598428
0
LINE
8
BLACK
6
CONTINUOUS
10
6.1691584645669293
20
-4.5614349212598428
11
6.1745494881889762
21
-4.5645474015748029
0
LINE
8
BLACK
6
CONTINUOUS
10
6.1745494881889762
20
-4.5645474015748029
11
6.1805623622047241
21
-4.5661585433070861
0
LINE
8
BLACK
6
CONTINUOUS
10
6.1805623622047241
20
-4.5661585433070861
11
6.1805624409448816
21
-4.5661585433070861
0
LINE
8
BLACK
6
CONTINUOUS
10
6.1805624409448816
20
-4.5661585433070861
11
6.1867872440944884
21
-4.5661585433070861
0
LINE
8
BLACK
6
CONTINUOUS
10
6.1867872440944884
20
-4.5661585433070861
11
6.1867873228346459
21
-4.5661585433070861
0
LINE
8
BLACK
6
CONTINUOUS
10
6.1867873228346459
20
-4.5661585433070861
11
6.1928001968503938
21
-4.5645474015748029
0
LINE
8
BLACK
6
CONTINUOUS
10
6.1928001968503938
20
-4.5645474015748029
11
6.1981912204724408
21
-4.5614349212598428
0
LINE
8
BLACK
6
CONTINUOUS
10
6.1981912204724408
20
-4.5614349212598428
11
6.2025929527559054
21
-4.5570331889763782
0
LINE
8
BLACK
6
CONTINUOUS
10
6.2025929527559054
20
-4.5570331889763782
11
6.2057054330708663
21
-4.5516421653543304
0
LINE
8
BLACK
6
CONTINUOUS
10
6.2057054330708663
20
-4.5516421653543304
11
6.2073165748031496
21
-4.5456292913385825
0
LINE
8
BLACK
6
CONTINUOUS
10
6.2073165748031496
20
-4.5456292913385825
11
6.2073165748031496
21
-4.5394043307086616
0
LINE
8
BLACK
6
CONTINUOUS
10
6.2073165748031496
20
-4.5394043307086616
11
6.2057054330708663
21
-4.5333914566929137
0
LINE
8
BLACK
6
CONTINUOUS
10
6.2057054330708663
20
-4.5333914566929137
11
6.2025929527559054
21
-4.5280004330708659
0
LINE
8
BLACK
6
CONTINUOUS
10
6.2025929527559054
20
-4.5280004330708659
11
6.1981912204724408
21
-4.5235987007874012
0
LINE
8
BLACK
6
CONTINUOUS
10
6.1981912204724408
20
-4.5235987007874012
11
6.1928001968503938
21
-4.5204862204724412
0
LINE
8
BLACK
6
CONTINUOUS
10
6.1928001968503938
20
-4.5204862204724412
11
6.1867873228346459
21
-4.518875078740157
0
LINE
8
BLACK
6
CONTINUOUS
10
6.1867873228346459
20
-4.518875078740157
11
6.1805623622047241
21
-4.518875078740157
0
LINE
8
BLACK
6
CONTINUOUS
10
6.1805623622047241
20
-4.518875078740157
11
6.1745494881889762
21
-4.5204862204724412
0
LINE
8
BLACK
6
CONTINUOUS
10
6.1745494881889762
20
-4.5204862204724412
11
6.1691584645669293
21
-4.5235987007874012
0
LINE
8
BLACK
6
CONTINUOUS
10
6.1691584645669293
20
-4.5235987007874012
11
6.1647567322834647
21
-4.5280004330708659
0
LINE
8
BLACK
6
CONTINUOUS
10
6.1647567322834647
20
-4.5280004330708659
11
6.1616442519685037
21
-4.5333914566929137
0
LINE
8
BLACK
6
CONTINUOUS
10
6.1616442519685037
20
-4.5333914566929137
11
6.1600331102362205
21
-4.5394043307086616
0
LINE
8
BLACK
6
CONTINUOUS
10
6.1600331102362205
20
-4.5394043307086616
11
6.1600331102362205
21
-4.5456292913385825
0
LINE
8
BLACK
6
CONTINUOUS
10
6.6025921653543307
20
-4.4284245669291336
11
6.604203307086614
21
-4.4344374409448815
0
LINE
8
BLACK
6
CONTINUOUS
10
6.604203307086614
20
-4.4344374409448815
11
6.6073157874015749
21
-4.4398284645669293
0
LINE
8
BLACK
6
CONTINUOUS
10
6.6073157874015749
20
-4.4398284645669293
11
6.6117175196850395
21
-4.4442301968503939
0
LINE
8
BLACK
6
CONTINUOUS
10
6.6117175196850395
20
-4.4442301968503939
11
6.6171085433070864
21
-4.4473426771653539
0
LINE
8
BLACK
6
CONTINUOUS
10
6.6171085433070864
20
-4.4473426771653539
11
6.6231214173228343
21
-4.4489538188976381
0
LINE
8
BLACK
6
CONTINUOUS
10
6.6231214173228343
20
-4.4489538188976381
11
6.6231214960629918
21
-4.4489538188976381
0
LINE
8
BLACK
6
CONTINUOUS
10
6.6231214960629918
20
-4.4489538188976381
11
6.6293462992125987
21
-4.4489538188976381
0
LINE
8
BLACK
6
CONTINUOUS
10
6.6293462992125987
20
-4.4489538188976381
11
6.6293463779527562
21
-4.4489538188976381
0
LINE
8
BLACK
6
CONTINUOUS
10
6.6293463779527562
20
-4.4489538188976381
11
6.6353592519685041
21
-4.4473426771653539
0
LINE
8
BLACK
6
CONTINUOUS
10
6.6353592519685041
20
-4.4473426771653539
11
6.640750275590551
21
-4.4442301968503939
0
LINE
8
BLACK
6
CONTINUOUS
10
6.640750275590551
20
-4.4442301968503939
11
6.6419414960629917
21
-4.4430389763779523
0
LINE
8
BLACK
6
CONTINUOUS
10
6.6419414960629917
20
-4.4430389763779523
11
6.6427591338582674
21
-4.4422213779527562
0
LINE
8
BLACK
6
CONTINUOUS
10
6.6427591338582674
20
-4.4422213779527562
11
6.6449054724409446
21
-4.4411277952755901
0
LINE
8
BLACK
6
CONTINUOUS
10
6.6449054724409446
20
-4.4411277952755901
11
6.6455151574803146
21
-4.4410798031496066
0
LINE
8
BLACK
6
CONTINUOUS
10
6.6455151574803146
20
-4.4410798031496066
11
6.7435271259842517
21
-4.4410798031496066
0
LINE
8
BLACK
6
CONTINUOUS
10
6.7435271259842517
20
-4.4410798031496066
11
6.74581811023622
21
-4.4418241732283468
0
LINE
8
BLACK
6
CONTINUOUS
10
6.74581811023622
20
-4.4418241732283468
11
6.7472340157480311
21
-4.4437729921259841
0
LINE
8
BLACK
6
CONTINUOUS
10
6.7472340157480311
20
-4.4437729921259841
11
6.7472340157480311
21
-4.4461818897637793
0
LINE
8
BLACK
6
CONTINUOUS
10
6.7472340157480311
20
-4.4461818897637793
11
6.74581811023622
21
-4.4481307086614175
0
LINE
8
BLACK
6
CONTINUOUS
10
6.74581811023622
20
-4.4481307086614175
11
6.7456931496062991
21
-4.4482177165354333
0
LINE
8
BLACK
6
CONTINUOUS
10
6.7456931496062991
20
-4.4482177165354333
11
6.7449746850393701
21
-4.4486978346456691
0
LINE
8
BLACK
6
CONTINUOUS
10
6.7449746850393701
20
-4.4486978346456691
11
6.7447264566929128
21
-4.4488637007874017
0
LINE
8
BLACK
6
CONTINUOUS
10
6.7447264566929128
20
-4.4488637007874017
11
6.7447262992125987
21
-4.4488638188976379
0
LINE
8
BLACK
6
CONTINUOUS
10
6.7447262992125987
20
-4.4488638188976379
11
6.7403368110236217
21
-4.453253307086614
0
LINE
8
BLACK
6
CONTINUOUS
10
6.7403368110236217
20
-4.453253307086614
11
6.7403366929133854
21
-4.4532534645669291
0
LINE
8
BLACK
6
CONTINUOUS
10
6.7403366929133854
20
-4.4532534645669291
11
6.7368877952755906
21
-4.4584149999999996
0
LINE
8
BLACK
6
CONTINUOUS
10
6.7368877952755906
20
-4.4584149999999996
11
6.736887559055118
21
-4.4584154330708659
0
LINE
8
BLACK
6
CONTINUOUS
10
6.736887559055118
20
-4.4584154330708659
11
6.734511968503937
21
-4.4641507086614176
0
LINE
8
BLACK
6
CONTINUOUS
10
6.734511968503937
20
-4.4641507086614176
11
6.734511968503937
21
-4.4641507874015751
0
LINE
8
BLACK
6
CONTINUOUS
10
6.734511968503937
20
-4.4641507874015751
11
6.7333008267716536
21
-4.4702394488188979
0
LINE
8
BLACK
6
CONTINUOUS
10
6.7333008267716536
20
-4.4702394488188979
11
6.7333008267716536
21
-4.4764476771653543
0
LINE
8
BLACK
6
CONTINUOUS
10
6.7333008267716536
20
-4.4764476771653543
11
6.734511968503937
21
-4.4825363385826771
0
LINE
8
BLACK
6
CONTINUOUS
10
6.734511968503937
20
-4.4825363385826771
11
6.734511968503937
21
-4.4825364173228346
0
LINE
8
BLACK
6
CONTINUOUS
10
6.734511968503937
20
-4.4825364173228346
11
6.736887559055118
21
-4.4882716929133855
0
LINE
8
BLACK
6
CONTINUOUS
10
6.736887559055118
20
-4.4882716929133855
11
6.7368877952755906
21
-4.4882721259842517
0
LINE
8
BLACK
6
CONTINUOUS
10
6.7368877952755906
20
-4.4882721259842517
11
6.7388826771653543
21
-4.4912576377952753
0
LINE
8
BLACK
6
CONTINUOUS
10
6.7388826771653543
20
-4.4912576377952753
11
6.7403366929133854
21
-4.4934337007874019
0
LINE
8
BLACK
6
CONTINUOUS
10
6.7403366929133854
20
-4.4934337007874019
11
6.7447264566929128
21
-4.4978234645669293
0
LINE
8
BLACK
6
CONTINUOUS
10
6.7447264566929128
20
-4.4978234645669293
11
6.747214960629921
21
-4.4994862204724404
0
LINE
8
BLACK
6
CONTINUOUS
10
6.747214960629921
20
-4.4994862204724404
11
6.7498879921259842
21
-4.5012723228346454
0
LINE
8
BLACK
6
CONTINUOUS
10
6.7498879921259842
20
-4.5012723228346454
11
6.7498884251968505
21
-4.5012725590551179
0
LINE
8
BLACK
6
CONTINUOUS
10
6.7498884251968505
20
-4.5012725590551179
11
6.7526098818897635
21
-4.502399803149606
0
LINE
8
BLACK
6
CONTINUOUS
10
6.7526098818897635
20
-4.502399803149606
11
6.7556237795275589
21
-4.5036481889763778
0
LINE
8
BLACK
6
CONTINUOUS
10
6.7556237795275589
20
-4.5036481889763778
11
6.7556240944881889
21
-4.5036482283464565
0
LINE
8
BLACK
6
CONTINUOUS
10
6.7556240944881889
20
-4.5036482283464565
11
6.7557707874015742
21
-4.5036927559055115
0
LINE
8
BLACK
6
CONTINUOUS
10
6.7557707874015742
20
-4.5036927559055115
11
6.7577470078740154
21
-4.5050701574803149
0
LINE
8
BLACK
6
CONTINUOUS
10
6.7577470078740154
20
-4.5050701574803149
11
6.7585361811023619
21
-4.507346102362205
0
LINE
8
BLACK
6
CONTINUOUS
10
6.7585361811023619
20
-4.507346102362205
11
6.7578368897637793
21
-4.509651220472441
0
LINE
8
BLACK
6
CONTINUOUS
10
6.7578368897637793
20
-4.509651220472441
11
6.7573953543307086
21
-4.510178582677165
0
LINE
8
BLACK
6
CONTINUOUS
10
6.7573953543307086
20
-4.510178582677165
11
6.756048897637795
21
-4.5115250393700785
0
LINE
8
BLACK
6
CONTINUOUS
10
6.756048897637795
20
-4.5115250393700785
11
6.7560488188976375
21
-4.511525118110236
0
LINE
8
BLACK
6
CONTINUOUS
10
6.7560488188976375
20
-4.511525118110236
11
6.7560488188976375
21
-4.5115251574803148
0
LINE
8
BLACK
6
CONTINUOUS
10
6.7560488188976375
20
-4.5115251574803148
11
6.7529363385826766
21
-4.5169161811023617
0
LINE
8
BLACK
6
CONTINUOUS
10
6.7529363385826766
20
-4.5169161811023617
11
6.7513251968503933
21
-4.5229290551181105
0
LINE
8
BLACK
6
CONTINUOUS
10
6.7513251968503933
20
-4.5229290551181105
11
6.7513251968503933
21
-4.5291540157480314
0
LINE
8
BLACK
6
CONTINUOUS
10
6.7513251968503933
20
-4.5291540157480314
11
6.7529363385826766
21
-4.5351668897637794
0
LINE
8
BLACK
6
CONTINUOUS
10
6.7529363385826766
20
-4.5351668897637794
11
6.7560488188976375
21
-4.5405579133858263
0
LINE
8
BLACK
6
CONTINUOUS
10
6.7560488188976375
20
-4.5405579133858263
11
6.7604505511811022
21
-4.5449596456692909
0
LINE
8
BLACK
6
CONTINUOUS
10
6.7604505511811022
20
-4.5449596456692909
11
6.7658415748031491
21
-4.5480721259842518
0
LINE
8
BLACK
6
CONTINUOUS
10
6.7658415748031491
20
-4.5480721259842518
11
6.7718544488188979
21
-4.5496832677165351
0
LINE
8
BLACK
6
CONTINUOUS
10
6.7718544488188979
20
-4.5496832677165351
11
6.7718545275590554
21
-4.5496832677165351
0
LINE
8
BLACK
6
CONTINUOUS
10
6.7718545275590554
20
-4.5496832677165351
11
6.7780793307086613
21
-4.5496832677165351
0
LINE
8
BLACK
6
CONTINUOUS
10
6.7780793307086613
20
-4.5496832677165351
11
6.7780794094488188
21
-4.5496832677165351
0
LINE
8
BLACK
6
CONTINUOUS
10
6.7780794094488188
20
-4.5496832677165351
11
6.7840922834645667
21
-4.5480721259842518
0
LINE
8
BLACK
6
CONTINUOUS
10
6.7840922834645667
20
-4.5480721259842518
11
6.7894833070866136
21
-4.5449596456692909
0
LINE
8
BLACK
6
CONTINUOUS
10
6.7894833070866136
20
-4.5449596456692909
11
6.7938850393700783
21
-4.5405579133858263
0
LINE
8
BLACK
6
CONTINUOUS
10
6.7938850393700783
20
-4.5405579133858263
11
6.7969975196850392
21
-4.5351668897637794
0
LINE
8
BLACK
6
CONTINUOUS
10
6.7969975196850392
20
-4.5351668897637794
11
6.7986086614173225
21
-4.5291540157480314
0
LINE
8
BLACK
6
CONTINUOUS
10
6.7986086614173225
20
-4.5291540157480314
11
6.7986086614173225
21
-4.5229290551181105
0
LINE
8
BLACK
6
CONTINUOUS
10
6.7986086614173225
20
-4.5229290551181105
11
6.7969975196850392
21
-4.5169161811023617
0
LINE
8
BLACK
6
CONTINUOUS
10
6.7969975196850392
20
-4.5169161811023617
11
6.7938850393700783
21
-4.5115251574803148
0
LINE
8
BLACK
6
CONTINUOUS
10
6.7938850393700783
20
-4.5115251574803148
11
6.7894833070866136
21
-4.5071234251968502
0
LINE
8
BLACK
6
CONTINUOUS
10
6.7894833070866136
20
-4.5071234251968502
11
6.7849894881889758
21
-4.5045289370078736
0
LINE
8
BLACK
6
CONTINUOUS
10
6.7849894881889758
20
-4.5045289370078736
11
6.7833777165354325
21
-4.5027388582677164
0
LINE
8
BLACK
6
CONTINUOUS
10
6.7833777165354325
20
-4.5027388582677164
11
6.7831259055118105
21
-4.5003431889763776
0
LINE
8
BLACK
6
CONTINUOUS
10
6.7831259055118105
20
-4.5003431889763776
11
6.7843303543307085
21
-4.4982570472440946
0
LINE
8
BLACK
6
CONTINUOUS
10
6.7843303543307085
20
-4.4982570472440946
11
6.7847724803149605
21
-4.4979131102362206
0
LINE
8
BLACK
6
CONTINUOUS
10
6.7847724803149605
20
-4.4979131102362206
11
6.7849066929133857
21
-4.4978234645669293
0
LINE
8
BLACK
6
CONTINUOUS
10
6.7849066929133857
20
-4.4978234645669293
11
6.7883263779527558
21
-4.4944037795275591
0
LINE
8
BLACK
6
CONTINUOUS
10
6.7883263779527558
20
-4.4944037795275591
11
6.789296456692913
21
-4.4934337007874019
0
LINE
8
BLACK
6
CONTINUOUS
10
6.789296456692913
20
-4.4934337007874019
11
6.7907504724409451
21
-4.4912576377952753
0
LINE
8
BLACK
6
CONTINUOUS
10
6.7907504724409451
20
-4.4912576377952753
11
6.7927453149606301
21
-4.4882721653543305
0
LINE
8
BLACK
6
CONTINUOUS
10
6.7927453149606301
20
-4.4882721653543305
11
6.7927455511811026
21
-4.4882716929133855
0
LINE
8
BLACK
6
CONTINUOUS
10
6.7927455511811026
20
-4.4882716929133855
11
6.7949291732283461
21
-4.4829999212598421
0
LINE
8
BLACK
6
CONTINUOUS
10
6.7949291732283461
20
-4.4829999212598421
11
6.7951211811023624
21
-4.4825363779527558
0
LINE
8
BLACK
6
CONTINUOUS
10
6.7951211811023624
20
-4.4825363779527558
11
6.7963323228346457
21
-4.4764475984251968
0
LINE
8
BLACK
6
CONTINUOUS
10
6.7963323228346457
20
-4.4764475984251968
11
6.7963323228346457
21
-4.4702395669291342
0
LINE
8
BLACK
6
CONTINUOUS
10
6.7963323228346457
20
-4.4702395669291342
11
6.7951211811023624
21
-4.4641507874015751
0
LINE
8
BLACK
6
CONTINUOUS
10
6.7951211811023624
20
-4.4641507874015751
11
6.7932928740157479
21
-4.4597368503937007
0
LINE
8
BLACK
6
CONTINUOUS
10
6.7932928740157479
20
-4.4597368503937007
11
6.7927455511811026
21
-4.4584154330708659
0
LINE
8
BLACK
6
CONTINUOUS
10
6.7927455511811026
20
-4.4584154330708659
11
6.7927453149606301
21
-4.4584149999999996
0
LINE
8
BLACK
6
CONTINUOUS
10
6.7927453149606301
20
-4.4584149999999996
11
6.7905658267716538
21
-4.4551532283464566
0
LINE
8
BLACK
6
CONTINUOUS
10
6.7905658267716538
20
-4.4551532283464566
11
6.789296456692913
21
-4.4532534645669291
0
LINE
8
BLACK
6
CONTINUOUS
10
6.789296456692913
20
-4.4532534645669291
11
6.7849066929133857
21
-4.4488637007874017
0
LINE
8
BLACK
6
CONTINUOUS
10
6.7849066929133857
20
-4.4488637007874017
11
6.783940551181102
21
-4.4482181496062987
0
LINE
8
BLACK
6
CONTINUOUS
10
6.783940551181102
20
-4.4482181496062987
11
6.7824492913385823
21
-4.4463264566929137
0
LINE
8
BLACK
6
CONTINUOUS
10
6.7824492913385823
20
-4.4463264566929137
11
6.7823547244094486
21
-4.4439194488188978
0
LINE
8
BLACK
6
CONTINUOUS
10
6.7823547244094486
20
-4.4439194488188978
11
6.7836930314960631
21
-4.4419165354330712
0
LINE
8
BLACK
6
CONTINUOUS
10
6.7836930314960631
20
-4.4419165354330712
11
6.7859530314960628
21
-4.44108279527559
0
LINE
8
BLACK
6
CONTINUOUS
10
6.7859530314960628
20
-4.44108279527559
11
6.7861060236220467
21
-4.4410798031496066
0
LINE
8
BLACK
6
CONTINUOUS
10
6.7861060236220467
20
-4.4410798031496066
11
6.8680734645669288
21
-4.4410798031496066
0
LINE
8
BLACK
6
CONTINUOUS
10
6.8680734645669288
20
-4.4410798031496066
11
6.8680735433070863
21
-4.4410798031496066
0
LINE
8
BLACK
6
CONTINUOUS
10
6.8680735433070863
20
-4.4410798031496066
11
6.8720838188976376
21
-4.4400052755905515
0
LINE
8
BLACK
6
CONTINUOUS
10
6.8720838188976376
20
-4.4400052755905515
11
6.8720838976377951
21
-4.440005196850394
0
LINE
8
BLACK
6
CONTINUOUS
10
6.8720838976377951
20
-4.440005196850394
11
6.8720839763779527
21
-4.440005196850394
0
LINE
8
BLACK
6
CONTINUOUS
10
6.8720839763779527
20
-4.440005196850394
11
6.8756790944881887
21
-4.4379295275590547
0
LINE
8
BLACK
6
CONTINUOUS
10
6.8756790944881887
20
-4.4379295275590547
11
6.8756790944881887
21
-4.4379294881889759
0
LINE
8
BLACK
6
CONTINUOUS
10
6.8756790944881887
20
-4.4379294881889759
11
6.8756792913385825
21
-4.4379294094488184
0
LINE
8
BLACK
6
CONTINUOUS
10
6.8756792913385825
20
-4.4379294094488184
11
6.976899133858268
21
-4.3367095669291338
0
LINE
8
BLACK
6
CONTINUOUS
10
6.976899133858268
20
-4.3367095669291338
11
6.9790454724409443
21
-4.3356159842519686
0
LINE
8
BLACK
6
CONTINUOUS
10
6.9790454724409443
20
-4.3356159842519686
11
6.9796551968503939
21
-4.3355679921259842
0
LINE
8
BLACK
6
CONTINUOUS
10
6.9796551968503939
20
-4.3355679921259842
11
6.9824959055118105
21
-4.3355679921259842
0
LINE
8
BLACK
6
CONTINUOUS
10
6.9824959055118105
20
-4.3355679921259842
11
6.982495984251968
21
-4.3355679921259842
0
LINE
8
BLACK
6
CONTINUOUS
10
6.982495984251968
20
-4.3355679921259842
11
6.988508858267716
21
-4.3339568503937009
0
LINE
8
BLACK
6
CONTINUOUS
10
6.988508858267716
20
-4.3339568503937009
11
6.9938998818897637
21
-4.33084437007874
0
LINE
8
BLACK
6
CONTINUOUS
10
6.9938998818897637
20
-4.33084437007874
11
6.9983016141732284
21
-4.3264426377952754
0
LINE
8
BLACK
6
CONTINUOUS
10
6.9983016141732284
20
-4.3264426377952754
11
7.0014140944881884
21
-4.3210516141732285
0
LINE
8
BLACK
6
CONTINUOUS
10
7.0014140944881884
20
-4.3210516141732285
11
7.0030252362204726
21
-4.3150387401574806
0
LINE
8
BLACK
6
CONTINUOUS
10
7.0030252362204726
20
-4.3150387401574806
11
7.0030252362204726
21
-4.3088137795275587
0
LINE
8
BLACK
6
CONTINUOUS
10
7.0030252362204726
20
-4.3088137795275587
11
7.0014140944881884
21
-4.3028009055118108
0
LINE
8
BLACK
6
CONTINUOUS
10
7.0014140944881884
20
-4.3028009055118108
11
6.9983016141732284
21
-4.2974098818897639
0
LINE
8
BLACK
6
CONTINUOUS
10
6.9983016141732284
20
-4.2974098818897639
11
6.9938998818897637
21
-4.2930081496062993
0
LINE
8
BLACK
6
CONTINUOUS
10
6.9938998818897637
20
-4.2930081496062993
11
6.988508858267716
21
-4.2898956692913384
0
LINE
8
BLACK
6
CONTINUOUS
10
6.988508858267716
20
-4.2898956692913384
11
6.982495984251968
21
-4.2882845275590551
0
LINE
8
BLACK
6
CONTINUOUS
10
6.982495984251968
20
-4.2882845275590551
11
6.9762710236220471
21
-4.2882845275590551
0
LINE
8
BLACK
6
CONTINUOUS
10
6.9762710236220471
20
-4.2882845275590551
11
6.9702581496062992
21
-4.2898956692913384
0
LINE
8
BLACK
6
CONTINUOUS
10
6.9702581496062992
20
-4.2898956692913384
11
6.9648671259842514
21
-4.2930081496062993
0
LINE
8
BLACK
6
CONTINUOUS
10
6.9648671259842514
20
-4.2930081496062993
11
6.9604653937007877
21
-4.2974098818897639
0
LINE
8
BLACK
6
CONTINUOUS
10
6.9604653937007877
20
-4.2974098818897639
11
6.9573529133858267
21
-4.3028009055118108
0
LINE
8
BLACK
6
CONTINUOUS
10
6.9573529133858267
20
-4.3028009055118108
11
6.9562494094488185
21
-4.3069193307086611
0
LINE
8
BLACK
6
CONTINUOUS
10
6.9562494094488185
20
-4.3069193307086611
11
6.9557417716535435
21
-4.3088138188976375
0
LINE
8
BLACK
6
CONTINUOUS
10
6.9557417716535435
20
-4.3088138188976375
11
6.9557417716535435
21
-4.3116545669291337
0
LINE
8
BLACK
6
CONTINUOUS
10
6.9557417716535435
20
-4.3116545669291337
11
6.9549974015748033
21
-4.313945551181102
0
LINE
8
BLACK
6
CONTINUOUS
10
6.9549974015748033
20
-4.313945551181102
11
6.9546001968503939
21
-4.3144106299212597
0
LINE
8
BLACK
6
CONTINUOUS
10
6.9546001968503939
20
-4.3144106299212597
11
6.8606080314960627
21
-4.4084027952755909
0
LINE
8
BLACK
6
CONTINUOUS
10
6.8606080314960627
20
-4.4084027952755909
11
6.8584616929133855
21
-4.4094963779527561
0
LINE
8
BLACK
6
CONTINUOUS
10
6.8584616929133855
20
-4.4094963779527561
11
6.8578519685039367
21
-4.4095443700787404
0
LINE
8
BLACK
6
CONTINUOUS
10
6.8578519685039367
20
-4.4095443700787404
11
6.6455151574803146
21
-4.4095443700787404
0
LINE
8
BLACK
6
CONTINUOUS
10
6.6455151574803146
20
-4.4095443700787404
11
6.6432241732283464
21
-4.4088000000000003
0
LINE
8
BLACK
6
CONTINUOUS
10
6.6432241732283464
20
-4.4088000000000003
11
6.6427591338582674
21
-4.4084027952755909
0
LINE
8
BLACK
6
CONTINUOUS
10
6.6427591338582674
20
-4.4084027952755909
11
6.6407503543307085
21
-4.4063940551181098
0
LINE
8
BLACK
6
CONTINUOUS
10
6.6407503543307085
20
-4.4063940551181098
11
6.640750275590551
21
-4.4063939763779523
0
LINE
8
BLACK
6
CONTINUOUS
10
6.640750275590551
20
-4.4063939763779523
11
6.6353592519685041
21
-4.4032814960629922
0
LINE
8
BLACK
6
CONTINUOUS
10
6.6353592519685041
20
-4.4032814960629922
11
6.6293463779527562
21
-4.401670354330709
0
LINE
8
BLACK
6
CONTINUOUS
10
6.6293463779527562
20
-4.401670354330709
11
6.6231214173228343
21
-4.401670354330709
0
LINE
8
BLACK
6
CONTINUOUS
10
6.6231214173228343
20
-4.401670354330709
11
6.6171085433070864
21
-4.4032814960629922
0
LINE
8
BLACK
6
CONTINUOUS
10
6.6171085433070864
20
-4.4032814960629922
11
6.6117175196850395
21
-4.4063939763779523
0
LINE
8
BLACK
6
CONTINUOUS
10
6.6117175196850395
20
-4.4063939763779523
11
6.6073157874015749
21
-4.4107957086614169
0
LINE
8
BLACK
6
CONTINUOUS
10
6.6073157874015749
20
-4.4107957086614169
11
6.604203307086614
21
-4.4161867322834647
0
LINE
8
BLACK
6
CONTINUOUS
10
6.604203307086614
20
-4.4161867322834647
11
6.6025921653543307
21
-4.4221996062992126
0
LINE
8
BLACK
6
CONTINUOUS
10
6.6025921653543307
20
-4.4221996062992126
11
6.6025921653543307
21
-4.4284245669291336
0
LINE
8
BLACK
6
CONTINUOUS
10
5.8090331102362205
20
-3.4346292913385827
11
5.8106442519685038
21
-3.4406421653543307
0
LINE
8
BLACK
6
CONTINUOUS
10
5.8106442519685038
20
-3.4406421653543307
11
5.8137567322834647
21
-3.446033188976378
0
LINE
8
BLACK
6
CONTINUOUS
10
5.8137567322834647
20
-3.446033188976378
11
5.8181584645669293
21
-3.4504349212598426
0
LINE
8
BLACK
6
CONTINUOUS
10
5.8181584645669293
20
-3.4504349212598426
11
5.8235494881889762
21
-3.4535474015748031
0
LINE
8
BLACK
6
CONTINUOUS
10
5.8235494881889762
20
-3.4535474015748031
11
5.8295623622047241
21
-3.4551585433070864
0
LINE
8
BLACK
6
CONTINUOUS
10
5.8295623622047241
20
-3.4551585433070864
11
5.8295624409448816
21
-3.4551585433070864
0
LINE
8
BLACK
6
CONTINUOUS
10
5.8295624409448816
20
-3.4551585433070864
11
5.8357872440944885
21
-3.4551585433070864
0
LINE
8
BLACK
6
CONTINUOUS
10
5.8357872440944885
20
-3.4551585433070864
11
5.835787322834646
21
-3.4551585433070864
0
LINE
8
BLACK
6
CONTINUOUS
10
5.835787322834646
20
-3.4551585433070864
11
5.8418001968503939
21
-3.4535474015748031
0
LINE
8
BLACK
6
CONTINUOUS
10
5.8418001968503939
20
-3.4535474015748031
11
5.8465473228346454
21
-3.4508066535433071
0
LINE
8
BLACK
6
CONTINUOUS
10
5.8465473228346454
20
-3.4508066535433071
11
5.8484960629921261
21
-3.450284527559055
0
LINE
8
BLACK
6
CONTINUOUS
10
5.8484960629921261
20
-3.450284527559055
11
5.9143675984251969
21
-3.450284527559055
0
LINE
8
BLACK
6
CONTINUOUS
10
5.9143675984251969
20
-3.450284527559055
11
5.9143676771653544
21
-3.450284527559055
0
LINE
8
BLACK
6
CONTINUOUS
10
5.9143676771653544
20
-3.450284527559055
11
5.9183779527559057
21
-3.4492099999999999
0
LINE
8
BLACK
6
CONTINUOUS
10
5.9183779527559057
20
-3.4492099999999999
11
5.9183780314960632
21
-3.4492099212598424
0
LINE
8
BLACK
6
CONTINUOUS
10
5.9183780314960632
20
-3.4492099212598424
11
5.9183781102362207
21
-3.4492099212598424
0
LINE
8
BLACK
6
CONTINUOUS
10
5.9183781102362207
20
-3.4492099212598424
11
5.9219732283464568
21
-3.447134251968504
0
LINE
8
BLACK
6
CONTINUOUS
10
5.9219732283464568
20
-3.447134251968504
11
5.9219732283464568
21
-3.4471342125984252
0
LINE
8
BLACK
6
CONTINUOUS
10
5.9219732283464568
20
-3.4471342125984252
11
5.9219734251968505
21
-3.4471341338582677
0
LINE
8
BLACK
6
CONTINUOUS
10
5.9219734251968505
20
-3.4471341338582677
11
5.9248230314960626
21
-3.4442845275590552
0
LINE
8
BLACK
6
CONTINUOUS
10
5.9248230314960626
20
-3.4442845275590552
11
5.9261854330708656
21
-3.4429221653543305
0
LINE
8
BLACK
6
CONTINUOUS
10
5.9261854330708656
20
-3.4429221653543305
11
5.9283317322834641
21
-3.4418285826771653
0
LINE
8
BLACK
6
CONTINUOUS
10
5.9283317322834641
20
-3.4418285826771653
11
5.9289414566929128
21
-3.4417805905511809
0
LINE
8
BLACK
6
CONTINUOUS
10
5.9289414566929128
20
-3.4417805905511809
11
6.0027673622047244
21
-3.4417805905511809
0
LINE
8
BLACK
6
CONTINUOUS
10
6.0027673622047244
20
-3.4417805905511809
11
6.0050583464566927
21
-3.4425249606299211
0
LINE
8
BLACK
6
CONTINUOUS
10
6.0050583464566927
20
-3.4425249606299211
11
6.0064742519685037
21
-3.4444737795275588
0
LINE
8
BLACK
6
CONTINUOUS
10
6.0064742519685037
20
-3.4444737795275588
11
6.0064742519685037
21
-3.4468826771653545
0
LINE
8
BLACK
6
CONTINUOUS
10
6.0064742519685037
20
-3.4468826771653545
11
6.0061429133858271
21
-3.4476268110236221
0
LINE
8
BLACK
6
CONTINUOUS
10
6.0061429133858271
20
-3.4476268110236221
11
6.0057060236220474
21
-3.4483835826771654
0
LINE
8
BLACK
6
CONTINUOUS
10
6.0057060236220474
20
-3.4483835826771654
11
6.0040948818897633
21
-3.4543964566929133
0
LINE
8
BLACK
6
CONTINUOUS
10
6.0040948818897633
20
-3.4543964566929133
11
6.0040948818897633
21
-3.4606214173228347
0
LINE
8
BLACK
6
CONTINUOUS
10
6.0040948818897633
20
-3.4606214173228347
11
6.0057060236220474
21
-3.4666342913385826
0
LINE
8
BLACK
6
CONTINUOUS
10
6.0057060236220474
20
-3.4666342913385826
11
6.0088185039370074
21
-3.4720253149606299
0
LINE
8
BLACK
6
CONTINUOUS
10
6.0088185039370074
20
-3.4720253149606299
11
6.0132202362204721
21
-3.4764270472440946
0
LINE
8
BLACK
6
CONTINUOUS
10
6.0132202362204721
20
-3.4764270472440946
11
6.0186112598425199
21
-3.479539527559055
0
LINE
8
BLACK
6
CONTINUOUS
10
6.0186112598425199
20
-3.479539527559055
11
6.0246241338582678
21
-3.4811506692913383
0
LINE
8
BLACK
6
CONTINUOUS
10
6.0246241338582678
20
-3.4811506692913383
11
6.0246242125984253
21
-3.4811506692913383
0
LINE
8
BLACK
6
CONTINUOUS
10
6.0246242125984253
20
-3.4811506692913383
11
6.0302321653543309
21
-3.4811506692913383
0
LINE
8
BLACK
6
CONTINUOUS
10
6.0302321653543309
20
-3.4811506692913383
11
6.0325231496062992
21
-3.4818950393700785
0
LINE
8
BLACK
6
CONTINUOUS
10
6.0325231496062992
20
-3.4818950393700785
11
6.0339390551181102
21
-3.4838438582677163
0
LINE
8
BLACK
6
CONTINUOUS
10
6.0339390551181102
20
-3.4838438582677163
11
6.0341298031496065
21
-3.4850483070866143
0
LINE
8
BLACK
6
CONTINUOUS
10
6.0341298031496065
20
-3.4850483070866143
11
6.0341298031496065
21
-3.4890065748031494
0
LINE
8
BLACK
6
CONTINUOUS
10
6.0341298031496065
20
-3.4890065748031494
11
6.0357409448818897
21
-3.4950194488188977
0
LINE
8
BLACK
6
CONTINUOUS
10
6.0357409448818897
20
-3.4950194488188977
11
6.0388534251968506
21
-3.5004104724409446
0
LINE
8
BLACK
6
CONTINUOUS
10
6.0388534251968506
20
-3.5004104724409446
11
6.0432551574803144
21
-3.5048122047244092
0
LINE
8
BLACK
6
CONTINUOUS
10
6.0432551574803144
20
-3.5048122047244092
11
6.0486461811023622
21
-3.5079246850393702
0
LINE
8
BLACK
6
CONTINUOUS
10
6.0486461811023622
20
-3.5079246850393702
11
6.0546590551181101
21
-3.5095358267716534
0
LINE
8
BLACK
6
CONTINUOUS
10
6.0546590551181101
20
-3.5095358267716534
11
6.0546591338582676
21
-3.5095358267716534
0
LINE
8
BLACK
6
CONTINUOUS
10
6.0546591338582676
20
-3.5095358267716534
11
6.0608839370078735
21
-3.5095358267716534
0
LINE
8
BLACK
6
CONTINUOUS
10
6.0608839370078735
20
-3.5095358267716534
11
6.060884015748031
21
-3.5095358267716534
0
LINE
8
BLACK
6
CONTINUOUS
10
6.060884015748031
20
-3.5095358267716534
11
6.0668968897637798
21
-3.5079246850393702
0
LINE
8
BLACK
6
CONTINUOUS
10
6.0668968897637798
20
-3.5079246850393702
11
6.0722879133858267
21
-3.5048122047244092
0
LINE
8
BLACK
6
CONTINUOUS
10
6.0722879133858267
20
-3.5048122047244092
11
6.0766896456692914
21
-3.5004104724409446
0
LINE
8
BLACK
6
CONTINUOUS
10
6.0766896456692914
20
-3.5004104724409446
11
6.0798021259842514
21
-3.4950194488188977
0
LINE
8
BLACK
6
CONTINUOUS
10
6.0798021259842514
20
-3.4950194488188977
11
6.0814132677165356
21
-3.4890065748031494
0
LINE
8
BLACK
6
CONTINUOUS
10
6.0814132677165356
20
-3.4890065748031494
11
6.0814132677165356
21
-3.4869639370078738
0
LINE
8
BLACK
6
CONTINUOUS
10
6.0814132677165356
20
-3.4869639370078738
11
6.0821576377952757
21
-3.4846729527559055
0
LINE
8
BLACK
6
CONTINUOUS
10
6.0821576377952757
20
-3.4846729527559055
11
6.0841064566929131
21
-3.4832570472440945
0
LINE
8
BLACK
6
CONTINUOUS
10
6.0841064566929131
20
-3.4832570472440945
11
6.0865153543307082
21
-3.4832570472440945
0
LINE
8
BLACK
6
CONTINUOUS
10
6.0865153543307082
20
-3.4832570472440945
11
6.088066968503937
21
-3.4842078740157478
0
LINE
8
BLACK
6
CONTINUOUS
10
6.088066968503937
20
-3.4842078740157478
11
6.1487655511811026
21
-3.5449064566929134
0
LINE
8
BLACK
6
CONTINUOUS
10
6.1487655511811026
20
-3.5449064566929134
11
6.1498591338582678
21
-3.5470527952755906
0
LINE
8
BLACK
6
CONTINUOUS
10
6.1498591338582678
20
-3.5470527952755906
11
6.1499071259842522
21
-3.5476625196850393
0
LINE
8
BLACK
6
CONTINUOUS
10
6.1499071259842522
20
-3.5476625196850393
11
6.1499071259842522
21
-3.7434409448818897
0
LINE
8
BLACK
6
CONTINUOUS
10
6.1499071259842522
20
-3.7434409448818897
11
6.1499071259842522
21
-3.747592677165354
0
LINE
8
BLACK
6
CONTINUOUS
10
6.1499071259842522
20
-3.747592677165354
11
6.149996377952756
21
-3.7479257480314958
0
LINE
8
BLACK
6
CONTINUOUS
10
6.149996377952756
20
-3.7479257480314958
11
6.150981692913386
21
-3.7516031102362204
0
LINE
8
BLACK
6
CONTINUOUS
10
6.150981692913386
20
-3.7516031102362204
11
6.1530573622047244
21
-3.7551982283464564
0
LINE
8
BLACK
6
CONTINUOUS
10
6.1530573622047244
20
-3.7551982283464564
11
6.1530574409448819
21
-3.755198307086614
0
LINE
8
BLACK
6
CONTINUOUS
10
6.1530574409448819
20
-3.755198307086614
11
6.1530575196850394
21
-3.7551984251968502
0
LINE
8
BLACK
6
CONTINUOUS
10
6.1530575196850394
20
-3.7551984251968502
11
6.2447655905511805
21
-3.8469064960629922
0
LINE
8
BLACK
6
CONTINUOUS
10
6.2447655905511805
20
-3.8469064960629922
11
6.2458591338582679
21
-3.8490527559055119
0
LINE
8
BLACK
6
CONTINUOUS
10
6.2458591338582679
20
-3.8490527559055119
11
6.2459071259842522
21
-3.8496624803149606
0
LINE
8
BLACK
6
CONTINUOUS
10
6.2459071259842522
20
-3.8496624803149606
11
6.2459071259842522
21
-4.023371102362205
0
LINE
8
BLACK
6
CONTINUOUS
10
6.2459071259842522
20
-4.023371102362205
11
6.2451627559055121
21
-4.0256620866141732
0
LINE
8
BLACK
6
CONTINUOUS
10
6.2451627559055121
20
-4.0256620866141732
11
6.2447655511811027
21
-4.0261271653543309
0
LINE
8
BLACK
6
CONTINUOUS
10
6.2447655511811027
20
-4.0261271653543309
11
6.0082852755905511
21
-4.2626074409448815
0
LINE
8
BLACK
6
CONTINUOUS
10
6.0082852755905511
20
-4.2626074409448815
11
6.0061389370078739
21
-4.2637010236220467
0
LINE
8
BLACK
6
CONTINUOUS
10
6.0061389370078739
20
-4.2637010236220467
11
6.0055292125984252
21
-4.2637490157480311
0
LINE
8
BLACK
6
CONTINUOUS
10
6.0055292125984252
20
-4.2637490157480311
11
5.9159561023622045
21
-4.2637490157480311
0
LINE
8
BLACK
6
CONTINUOUS
10
5.9159561023622045
20
-4.2637490157480311
11
5.9136651181102362
21
-4.2630046456692909
0
LINE
8
BLACK
6
CONTINUOUS
10
5.9136651181102362
20
-4.2630046456692909
11
5.9132000787401573
21
-4.2626074409448815
0
LINE
8
BLACK
6
CONTINUOUS
10
5.9132000787401573
20
-4.2626074409448815
11
5.9111912992125983
21
-4.2605987007874013
0
LINE
8
BLACK
6
CONTINUOUS
10
5.9111912992125983
20
-4.2605987007874013
11
5.9111912204724408
21
-4.2605986220472438
0
LINE
8
BLACK
6
CONTINUOUS
10
5.9111912204724408
20
-4.2605986220472438
11
5.9058001968503939
21
-4.2574861417322838
0
LINE
8
BLACK
6
CONTINUOUS
10
5.9058001968503939
20
-4.2574861417322838
11
5.8997873228346451
21
-4.2558749999999996
0
LINE
8
BLACK
6
CONTINUOUS
10
5.8997873228346451
20
-4.2558749999999996
11
5.8935623622047242
21
-4.2558749999999996
0
LINE
8
BLACK
6
CONTINUOUS
10
5.8935623622047242
20
-4.2558749999999996
11
5.8875494881889763
21
-4.2574861417322838
0
LINE
8
BLACK
6
CONTINUOUS
10
5.8875494881889763
20
-4.2574861417322838
11
5.8821584645669294
21
-4.2605986220472438
0
LINE
8
BLACK
6
CONTINUOUS
10
5.8821584645669294
20
-4.2605986220472438
11
5.8777567322834647
21
-4.2650003543307085
0
LINE
8
BLACK
6
CONTINUOUS
10
5.8777567322834647
20
-4.2650003543307085
11
5.8746442519685038
21
-4.2703913779527563
0
LINE
8
BLACK
6
CONTINUOUS
10
5.8746442519685038
20
-4.2703913779527563
11
5.8730331102362205
21
-4.2764042519685042
0
LINE
8
BLACK
6
CONTINUOUS
10
5.8730331102362205
20
-4.2764042519685042
11
5.8730331102362205
21
-4.2826292125984251
0
LINE
8
BLACK
6
CONTINUOUS
10
5.8730331102362205
20
-4.2826292125984251
11
5.8746442519685038
21
-4.288642086614173
0
LINE
8
BLACK
6
CONTINUOUS
10
5.8746442519685038
20
-4.288642086614173
11
5.8777567322834647
21
-4.2940331102362208
0
LINE
8
BLACK
6
CONTINUOUS
10
5.8777567322834647
20
-4.2940331102362208
11
5.8821584645669294
21
-4.2984348425196846
0
LINE
8
BLACK
6
CONTINUOUS
10
5.8821584645669294
20
-4.2984348425196846
11
5.8875494881889763
21
-4.3015473228346455
0
LINE
8
BLACK
6
CONTINUOUS
10
5.8875494881889763
20
-4.3015473228346455
11
5.8935623622047242
21
-4.3031584645669287
0
LINE
8
BLACK
6
CONTINUOUS
10
5.8935623622047242
20
-4.3031584645669287
11
5.8935624409448817
21
-4.3031584645669287
0
LINE
8
BLACK
6
CONTINUOUS
10
5.8935624409448817
20
-4.3031584645669287
11
5.8997872440944876
21
-4.3031584645669287
0
LINE
8
BLACK
6
CONTINUOUS
10
5.8997872440944876
20
-4.3031584645669287
11
5.8997873228346451
21
-4.3031584645669287
0
LINE
8
BLACK
6
CONTINUOUS
10
5.8997873228346451
20
-4.3031584645669287
11
5.9058001968503939
21
-4.3015473228346455
0
LINE
8
BLACK
6
CONTINUOUS
10
5.9058001968503939
20
-4.3015473228346455
11
5.9111912204724408
21
-4.2984348425196846
0
LINE
8
BLACK
6
CONTINUOUS
10
5.9111912204724408
20
-4.2984348425196846
11
5.9122161811023624
21
-4.2974098818897639
0
LINE
8
BLACK
6
CONTINUOUS
10
5.9122161811023624
20
-4.2974098818897639
11
5.9132000787401573
21
-4.2964260236220468
0
LINE
8
BLACK
6
CONTINUOUS
10
5.9132000787401573
20
-4.2964260236220468
11
5.9153464173228345
21
-4.2953324409448816
0
LINE
8
BLACK
6
CONTINUOUS
10
5.9153464173228345
20
-4.2953324409448816
11
5.9159561023622045
21
-4.2952844488188973
0
LINE
8
BLACK
6
CONTINUOUS
10
5.9159561023622045
20
-4.2952844488188973
11
6.0091984645669294
21
-4.2952844488188973
0
LINE
8
BLACK
6
CONTINUOUS
10
6.0091984645669294
20
-4.2952844488188973
11
6.0114894488188977
21
-4.2960288188976374
0
LINE
8
BLACK
6
CONTINUOUS
10
6.0114894488188977
20
-4.2960288188976374
11
6.0129053543307087
21
-4.2979776377952756
0
LINE
8
BLACK
6
CONTINUOUS
10
6.0129053543307087
20
-4.2979776377952756
11
6.0129053543307087
21
-4.3003865354330708
0
LINE
8
BLACK
6
CONTINUOUS
10
6.0129053543307087
20
-4.3003865354330708
11
6.0119545275590554
21
-4.3019381496062987
0
LINE
8
BLACK
6
CONTINUOUS
10
6.0119545275590554
20
-4.3019381496062987
11
5.8911592125984251
21
-4.4227335039370077
0
LINE
8
BLACK
6
CONTINUOUS
10
5.8911592125984251
20
-4.4227335039370077
11
5.8890128740157479
21
-4.4238270866141729
0
LINE
8
BLACK
6
CONTINUOUS
10
5.8890128740157479
20
-4.4238270866141729
11
5.8884031496062992
21
-4.4238750787401573
0
LINE
8
BLACK
6
CONTINUOUS
10
5.8884031496062992
20
-4.4238750787401573
11
5.8855623622047242
21
-4.4238750787401573
0
LINE
8
BLACK
6
CONTINUOUS
10
5.8855623622047242
20
-4.4238750787401573
11
5.8795494881889763
21
-4.4254862204724406
0
LINE
8
BLACK
6
CONTINUOUS
10
5.8795494881889763
20
-4.4254862204724406
11
5.8741584645669294
21
-4.4285987007874015
0
LINE
8
BLACK
6
CONTINUOUS
10
5.8741584645669294
20
-4.4285987007874015
11
5.8697567322834647
21
-4.4330004330708661
0
LINE
8
BLACK
6
CONTINUOUS
10
5.8697567322834647
20
-4.4330004330708661
11
5.8666442519685038
21
-4.438391456692913
0
LINE
8
BLACK
6
CONTINUOUS
10
5.8666442519685038
20
-4.438391456692913
11
5.8650331102362205
21
-4.4444043307086609
0
LINE
8
BLACK
6
CONTINUOUS
10
5.8650331102362205
20
-4.4444043307086609
11
5.8650331102362205
21
-4.4506292913385828
0
LINE
8
BLACK
6
CONTINUOUS
10
5.8650331102362205
20
-4.4506292913385828
11
5.8666442519685038
21
-4.4566421653543307
0
LINE
8
BLACK
6
CONTINUOUS
10
5.8666442519685038
20
-4.4566421653543307
11
5.8697567322834647
21
-4.4620331889763776
0
LINE
8
BLACK
6
CONTINUOUS
10
5.8697567322834647
20
-4.4620331889763776
11
5.8741584645669294
21
-4.4664349212598422
0
LINE
8
BLACK
6
CONTINUOUS
10
5.8741584645669294
20
-4.4664349212598422
11
5.8795494881889763
21
-4.4695474015748031
0
LINE
8
BLACK
6
CONTINUOUS
10
5.8795494881889763
20
-4.4695474015748031
11
5.8855623622047242
21
-4.4711585433070864
0
LINE
8
BLACK
6
CONTINUOUS
10
5.8855623622047242
20
-4.4711585433070864
11
5.8855624409448817
21
-4.4711585433070864
0
LINE
8
BLACK
6
CONTINUOUS
10
5.8855624409448817
20
-4.4711585433070864
11
5.8917872440944876
21
-4.4711585433070864
0
LINE
8
BLACK
6
CONTINUOUS
10
5.8917872440944876
20
-4.4711585433070864
11
5.8917873228346451
21
-4.4711585433070864
0
LINE
8
BLACK
6
CONTINUOUS
10
5.8917873228346451
20
-4.4711585433070864
11
5.8978001968503939
21
-4.4695474015748031
0
LINE
8
BLACK
6
CONTINUOUS
10
5.8978001968503939
20
-4.4695474015748031
11
5.9031912204724408
21
-4.4664349212598422
0
LINE
8
BLACK
6
CONTINUOUS
10
5.9031912204724408
20
-4.4664349212598422
11
5.9075929527559055
21
-4.4620331889763776
0
LINE
8
BLACK
6
CONTINUOUS
10
5.9075929527559055
20
-4.4620331889763776
11
5.9107054330708664
21
-4.4566421653543307
0
LINE
8
BLACK
6
CONTINUOUS
10
5.9107054330708664
20
-4.4566421653543307
11
5.9123165748031496
21
-4.4506292913385828
0
LINE
8
BLACK
6
CONTINUOUS
10
5.9123165748031496
20
-4.4506292913385828
11
5.9123165748031496
21
-4.447788464566929
0
LINE
8
BLACK
6
CONTINUOUS
10
5.9123165748031496
20
-4.447788464566929
11
5.9130609448818898
21
-4.4454974803149607
0
LINE
8
BLACK
6
CONTINUOUS
10
5.9130609448818898
20
-4.4454974803149607
11
5.9134579133858267
21
-4.4450326377952756
0
LINE
8
BLACK
6
CONTINUOUS
10
5.9134579133858267
20
-4.4450326377952756
11
6.2979142125984247
21
-4.0605763779527555
0
LINE
8
BLACK
6
CONTINUOUS
10
6.2979142125984247
20
-4.0605763779527555
11
6.2979143307086609
21
-4.0605761811023617
0
LINE
8
BLACK
6
CONTINUOUS
10
6.2979143307086609
20
-4.0605761811023617
11
6.2999900000000002
21
-4.0569810629921257
0
LINE
8
BLACK
6
CONTINUOUS
10
6.2999900000000002
20
-4.0569810629921257
11
6.2999900000000002
21
-4.0569809842519682
0
LINE
8
BLACK
6
CONTINUOUS
10
6.2999900000000002
20
-4.0569809842519682
11
6.2999900787401577
21
-4.0569809055118107
0
LINE
8
BLACK
6
CONTINUOUS
10
6.2999900787401577
20
-4.0569809055118107
11
6.3010646062992128
21
-4.0529706299212593
0
LINE
8
BLACK
6
CONTINUOUS
10
6.3010646062992128
20
-4.0529706299212593
11
6.3010646062992128
21
-4.048818897637795
0
LINE
8
BLACK
6
CONTINUOUS
10
6.3010646062992128
20
-4.048818897637795
11
6.3010646062992128
21
-3.8458020472440944
0
LINE
8
BLACK
6
CONTINUOUS
10
6.3010646062992128
20
-3.8458020472440944
11
6.301808976377953
21
-3.8435110629921261
0
LINE
8
BLACK
6
CONTINUOUS
10
6.301808976377953
20
-3.8435110629921261
11
6.3037577952755903
21
-3.842095157480315
0
LINE
8
BLACK
6
CONTINUOUS
10
6.3037577952755903
20
-3.842095157480315
11
6.3061666929133855
21
-3.842095157480315
0
LINE
8
BLACK
6
CONTINUOUS
10
6.3061666929133855
20
-3.842095157480315
11
6.3077183070866143
21
-3.8430459842519684
0
LINE
8
BLACK
6
CONTINUOUS
10
6.3077183070866143
20
-3.8430459842519684
11
6.3180096456692914
21
-3.8533373228346455
0
LINE
8
BLACK
6
CONTINUOUS
10
6.3180096456692914
20
-3.8533373228346455
11
6.3191032283464565
21
-3.8554836614173227
0
LINE
8
BLACK
6
CONTINUOUS
10
6.3191032283464565
20
-3.8554836614173227
11
6.3191512204724409
21
-3.8560933858267714
0
LINE
8
BLACK
6
CONTINUOUS
10
6.3191512204724409
20
-3.8560933858267714
11
6.3191512204724409
21
-4.1591270078740159
0
LINE
8
BLACK
6
CONTINUOUS
10
6.3191512204724409
20
-4.1591270078740159
11
6.3184068503937008
21
-4.1614179921259842
0
LINE
8
BLACK
6
CONTINUOUS
10
6.3184068503937008
20
-4.1614179921259842
11
6.3180096456692914
21
-4.1618830708661418
0
LINE
8
BLACK
6
CONTINUOUS
10
6.3180096456692914
20
-4.1618830708661418
11
6.1921592125984253
21
-4.2877335039370079
0
LINE
8
BLACK
6
CONTINUOUS
10
6.1921592125984253
20
-4.2877335039370079
11
6.1900128740157481
21
-4.2888270866141731
0
LINE
8
BLACK
6
CONTINUOUS
10
6.1900128740157481
20
-4.2888270866141731
11
6.1894031496062993
21
-4.2888750787401575
0
LINE
8
BLACK
6
CONTINUOUS
10
6.1894031496062993
20
-4.2888750787401575
11
6.1865623622047243
21
-4.2888750787401575
0
LINE
8
BLACK
6
CONTINUOUS
10
6.1865623622047243
20
-4.2888750787401575
11
6.1805494881889764
21
-4.2904862204724408
0
LINE
8
BLACK
6
CONTINUOUS
10
6.1805494881889764
20
-4.2904862204724408
11
6.1751584645669286
21
-4.2935987007874017
0
LINE
8
BLACK
6
CONTINUOUS
10
6.1751584645669286
20
-4.2935987007874017
11
6.170756732283464
21
-4.2980004330708663
0
LINE
8
BLACK
6
CONTINUOUS
10
6.170756732283464
20
-4.2980004330708663
11
6.167644251968504
21
-4.3033914566929132
0
LINE
8
BLACK
6
CONTINUOUS
10
6.167644251968504
20
-4.3033914566929132
11
6.1660331102362207
21
-4.3094043307086611
0
LINE
8
BLACK
6
CONTINUOUS
10
6.1660331102362207
20
-4.3094043307086611
11
6.1660331102362207
21
-4.315629291338583
0
LINE
8
BLACK
6
CONTINUOUS
10
6.1660331102362207
20
-4.315629291338583
11
6.167644251968504
21
-4.3216421653543309
0
LINE
8
BLACK
6
CONTINUOUS
10
6.167644251968504
20
-4.3216421653543309
11
6.170756732283464
21
-4.3270331889763778
0
LINE
8
BLACK
6
CONTINUOUS
10
6.170756732283464
20
-4.3270331889763778
11
6.1751584645669286
21
-4.3314349212598424
0
LINE
8
BLACK
6
CONTINUOUS
10
6.1751584645669286
20
-4.3314349212598424
11
6.1805494881889764
21
-4.3345474015748033
0
LINE
8
BLACK
6
CONTINUOUS
10
6.1805494881889764
20
-4.3345474015748033
11
6.1865623622047243
21
-4.3361585433070866
0
LINE
8
BLACK
6
CONTINUOUS
10
6.1865623622047243
20
-4.3361585433070866
11
6.1865624409448818
21
-4.3361585433070866
0
LINE
8
BLACK
6
CONTINUOUS
10
6.1865624409448818
20
-4.3361585433070866
11
6.1927872440944878
21
-4.3361585433070866
0
LINE
8
BLACK
6
CONTINUOUS
10
6.1927872440944878
20
-4.3361585433070866
11
6.1927873228346453
21
-4.3361585433070866
0
LINE
8
BLACK
6
CONTINUOUS
10
6.1927873228346453
20
-4.3361585433070866
11
6.1988001968503932
21
-4.3345474015748033
0
LINE
8
BLACK
6
CONTINUOUS
10
6.1988001968503932
20
-4.3345474015748033
11
6.204191220472441
21
-4.3314349212598424
0
LINE
8
BLACK
6
CONTINUOUS
10
6.204191220472441
20
-4.3314349212598424
11
6.2085929527559056
21
-4.3270331889763778
0
LINE
8
BLACK
6
CONTINUOUS
10
6.2085929527559056
20
-4.3270331889763778
11
6.2117054330708656
21
-4.3216421653543309
0
LINE
8
BLACK
6
CONTINUOUS
10
6.2117054330708656
20
-4.3216421653543309
11
6.2133165748031498
21
-4.315629291338583
0
LINE
8
BLACK
6
CONTINUOUS
10
6.2133165748031498
20
-4.315629291338583
11
6.2133165748031498
21
-4.3127884645669292
0
LINE
8
BLACK
6
CONTINUOUS
10
6.2133165748031498
20
-4.3127884645669292
11
6.21406094488189
21
-4.3104974803149609
0
LINE
8
BLACK
6
CONTINUOUS
10
6.21406094488189
20
-4.3104974803149609
11
6.2144581496062994
21
-4.3100324015748033
0
LINE
8
BLACK
6
CONTINUOUS
10
6.2144581496062994
20
-4.3100324015748033
11
6.3361195669291339
21
-4.1883709842519687
0
LINE
8
BLACK
6
CONTINUOUS
10
6.3361195669291339
20
-4.1883709842519687
11
6.3382659055118111
21
-4.1872774015748027
0
LINE
8
BLACK
6
CONTINUOUS
10
6.3382659055118111
20
-4.1872774015748027
11
6.3406451181102357
21
-4.1876542125984253
0
LINE
8
BLACK
6
CONTINUOUS
10
6.3406451181102357
20
-4.1876542125984253
11
6.3423484645669292
21
-4.189357559055118
0
LINE
8
BLACK
6
CONTINUOUS
10
6.3423484645669292
20
-4.189357559055118
11
6.3427732677165354
21
-4.1911270472440947
0
LINE
8
BLACK
6
CONTINUOUS
10
6.3427732677165354
20
-4.1911270472440947
11
6.3427732677165354
21
-4.4455049606299211
0
LINE
8
BLACK
6
CONTINUOUS
10
6.3427732677165354
20
-4.4455049606299211
11
6.3420288976377952
21
-4.4477959448818893
0
LINE
8
BLACK
6
CONTINUOUS
10
6.3420288976377952
20
-4.4477959448818893
11
6.3416316929133858
21
-4.448261023622047
0
LINE
8
BLACK
6
CONTINUOUS
10
6.3416316929133858
20
-4.448261023622047
11
6.2931592125984253
21
-4.4967335039370075
0
LINE
8
BLACK
6
CONTINUOUS
10
6.2931592125984253
20
-4.4967335039370075
11
6.291012874015748
21
-4.4978270866141727
0
LINE
8
BLACK
6
CONTINUOUS
10
6.291012874015748
20
-4.4978270866141727
11
6.2904031496062993
21
-4.4978750787401571
0
LINE
8
BLACK
6
CONTINUOUS
10
6.2904031496062993
20
-4.4978750787401571
11
6.2875623622047243
21
-4.4978750787401571
0
LINE
8
BLACK
6
CONTINUOUS
10
6.2875623622047243
20
-4.4978750787401571
11
6.2815494881889764
21
-4.4994862204724404
0
LINE
8
BLACK
6
CONTINUOUS
10
6.2815494881889764
20
-4.4994862204724404
11
6.2761584645669286
21
-4.5025987007874013
0
LINE
8
BLACK
6
CONTINUOUS
10
6.2761584645669286
20
-4.5025987007874013
11
6.2717567322834649
21
-4.507000433070866
0
LINE
8
BLACK
6
CONTINUOUS
10
6.2717567322834649
20
-4.507000433070866
11
6.2686442519685039
21
-4.5123914566929129
0
LINE
8
BLACK
6
CONTINUOUS
10
6.2686442519685039
20
-4.5123914566929129
11
6.2670331102362207
21
-4.5184043307086617
0
LINE
8
BLACK
6
CONTINUOUS
10
6.2670331102362207
20
-4.5184043307086617
11
6.2670331102362207
21
-4.5246292913385826
0
LINE
8
BLACK
6
CONTINUOUS
10
6.2670331102362207
20
-4.5246292913385826
11
6.2686442519685039
21
-4.5306421653543305
0
LINE
8
BLACK
6
CONTINUOUS
10
6.2686442519685039
20
-4.5306421653543305
11
6.2717567322834649
21
-4.5360331889763774
0
LINE
8
BLACK
6
CONTINUOUS
10
6.2717567322834649
20
-4.5360331889763774
11
6.2761584645669286
21
-4.540434921259842
0
LINE
8
BLACK
6
CONTINUOUS
10
6.2761584645669286
20
-4.540434921259842
11
6.2815494881889764
21
-4.543547401574803
0
LINE
8
BLACK
6
CONTINUOUS
10
6.2815494881889764
20
-4.543547401574803
11
6.2875623622047243
21
-4.5451585433070862
0
LINE
8
BLACK
6
CONTINUOUS
10
6.2875623622047243
20
-4.5451585433070862
11
6.2875624409448818
21
-4.5451585433070862
0
LINE
8
BLACK
6
CONTINUOUS
10
6.2875624409448818
20
-4.5451585433070862
11
6.2937872440944878
21
-4.5451585433070862
0
LINE
8
BLACK
6
CONTINUOUS
10
6.2937872440944878
20
-4.5451585433070862
11
6.2937873228346453
21
-4.5451585433070862
0
LINE
8
BLACK
6
CONTINUOUS
10
6.2937873228346453
20
-4.5451585433070862
11
6.2998001968503932
21
-4.543547401574803
0
LINE
8
BLACK
6
CONTINUOUS
10
6.2998001968503932
20
-4.543547401574803
11
6.305191220472441
21
-4.540434921259842
0
LINE
8
BLACK
6
CONTINUOUS
10
6.305191220472441
20
-4.540434921259842
11
6.3095929527559056
21
-4.5360331889763774
0
LINE
8
BLACK
6
CONTINUOUS
10
6.3095929527559056
20
-4.5360331889763774
11
6.3127054330708656
21
-4.5306421653543305
0
LINE
8
BLACK
6
CONTINUOUS
10
6.3127054330708656
20
-4.5306421653543305
11
6.3143165748031498
21
-4.5246292913385826
0
LINE
8
BLACK
6
CONTINUOUS
10
6.3143165748031498
20
-4.5246292913385826
11
6.3143165748031498
21
-4.5217884645669288
0
LINE
8
BLACK
6
CONTINUOUS
10
6.3143165748031498
20
-4.5217884645669288
11
6.31506094488189
21
-4.5194974803149606
0
LINE
8
BLACK
6
CONTINUOUS
10
6.31506094488189
20
-4.5194974803149606
11
6.3154579133858268
21
-4.5190326377952754
0
LINE
8
BLACK
6
CONTINUOUS
10
6.3154579133858268
20
-4.5190326377952754
11
6.3711583070866142
21
-4.4633322834645668
0
LINE
8
BLACK
6
CONTINUOUS
10
6.3711583070866142
20
-4.4633322834645668
11
6.3722865354330711
21
-4.4613781496062987
0
LINE
8
BLACK
6
CONTINUOUS
10
6.3722865354330711
20
-4.4613781496062987
11
6.3722866141732286
21
-4.4613780708661412
0
LINE
8
BLACK
6
CONTINUOUS
10
6.3722866141732286
20
-4.4613780708661412
11
6.3726024015748033
21
-4.4608310236220472
0
LINE
8
BLACK
6
CONTINUOUS
10
6.3726024015748033
20
-4.4608310236220472
11
6.3732341732283464
21
-4.4597367716535432
0
LINE
8
BLACK
6
CONTINUOUS
10
6.3732341732283464
20
-4.4597367716535432
11
6.3743087007874015
21
-4.4557265354330706
0
LINE
8
BLACK
6
CONTINUOUS
10
6.3743087007874015
20
-4.4557265354330706
11
6.3743087007874015
21
-4.4221996062992126
0
LINE
8
BLACK
6
CONTINUOUS
10
6.3743087007874015
20
-4.4221996062992126
11
6.3743087007874015
21
-4.3659087401574803
0
LINE
8
BLACK
6
CONTINUOUS
10
6.3743087007874015
20
-4.3659087401574803
11
6.3743087007874015
21
-4.0481837007874013
0
LINE
8
BLACK
6
CONTINUOUS
10
6.3743087007874015
20
-4.0481837007874013
11
6.3743087007874015
21
-3.8990027559055118
0
LINE
8
BLACK
6
CONTINUOUS
10
6.3743087007874015
20
-3.8990027559055118
11
6.3743087007874015
21
-3.8000872440944882
0
LINE
8
BLACK
6
CONTINUOUS
10
6.3743087007874015
20
-3.8000872440944882
11
6.3741327952755906
21
-3.7994307086614172
0
LINE
8
BLACK
6
CONTINUOUS
10
6.3741327952755906
20
-3.7994307086614172
11
6.3732341732283464
21
-3.7960769685039368
0
LINE
8
BLACK
6
CONTINUOUS
10
6.3732341732283464
20
-3.7960769685039368
11
6.3732340944881889
21
-3.7960768503937006
0
LINE
8
BLACK
6
CONTINUOUS
10
6.3732340944881889
20
-3.7960768503937006
11
6.3732340944881889
21
-3.7960767716535431
0
LINE
8
BLACK
6
CONTINUOUS
10
6.3732340944881889
20
-3.7960767716535431
11
6.3711584251968505
21
-3.792481653543307
0
LINE
8
BLACK
6
CONTINUOUS
10
6.3711584251968505
20
-3.792481653543307
11
6.3711583858267717
21
-3.7924816141732283
0
LINE
8
BLACK
6
CONTINUOUS
10
6.3711583858267717
20
-3.7924816141732283
11
6.371158346456693
21
-3.7924815748031495
0
LINE
8
BLACK
6
CONTINUOUS
10
6.371158346456693
20
-3.7924815748031495
11
6.3711583070866142
21
-3.792481496062992
0
LINE
8
BLACK
6
CONTINUOUS
10
6.3711583070866142
20
-3.792481496062992
11
6.3149114173228345
21
-3.7362346062992127
0
LINE
8
BLACK
6
CONTINUOUS
10
6.3149114173228345
20
-3.7362346062992127
11
6.3138178346456693
21
-3.7340882677165355
0
LINE
8
BLACK
6
CONTINUOUS
10
6.3138178346456693
20
-3.7340882677165355
11
6.314194645669291
21
-3.73170905511811
0
LINE
8
BLACK
6
CONTINUOUS
10
6.314194645669291
20
-3.73170905511811
11
6.3158979921259837
21
-3.7300057086614173
0
LINE
8
BLACK
6
CONTINUOUS
10
6.3158979921259837
20
-3.7300057086614173
11
6.3176674803149604
21
-3.7295809055118108
0
LINE
8
BLACK
6
CONTINUOUS
10
6.3176674803149604
20
-3.7295809055118108
11
6.3188578346456694
21
-3.7295809055118108
0
LINE
8
BLACK
6
CONTINUOUS
10
6.3188578346456694
20
-3.7295809055118108
11
6.3188579133858269
21
-3.7295809055118108
0
LINE
8
BLACK
6
CONTINUOUS
10
6.3188579133858269
20
-3.7295809055118108
11
6.3248707874015748
21
-3.7279697637795275
0
LINE
8
BLACK
6
CONTINUOUS
10
6.3248707874015748
20
-3.7279697637795275
11
6.3302618110236217
21
-3.724857283464567
0
LINE
8
BLACK
6
CONTINUOUS
10
6.3302618110236217
20
-3.724857283464567
11
6.3330828740157479
21
-3.7220362204724409
0
LINE
8
BLACK
6
CONTINUOUS
10
6.3330828740157479
20
-3.7220362204724409
11
6.3346635433070864
21
-3.7204555511811024
0
LINE
8
BLACK
6
CONTINUOUS
10
6.3346635433070864
20
-3.7204555511811024
11
6.3377760236220473
21
-3.715064527559055
0
LINE
8
BLACK
6
CONTINUOUS
10
6.3377760236220473
20
-3.715064527559055
11
6.3393871653543306
21
-3.7090516535433071
0
LINE
8
BLACK
6
CONTINUOUS
10
6.3393871653543306
20
-3.7090516535433071
11
6.3393871653543306
21
-3.7028266929133857
0
LINE
8
BLACK
6
CONTINUOUS
10
6.3393871653543306
20
-3.7028266929133857
11
6.3377760236220473
21
-3.6968138188976378
0
LINE
8
BLACK
6
CONTINUOUS
10
6.3377760236220473
20
-3.6968138188976378
11
6.3346635433070864
21
-3.6914227952755905
0
LINE
8
BLACK
6
CONTINUOUS
10
6.3346635433070864
20
-3.6914227952755905
11
6.3342502755905512
21
-3.6910095275590549
0
LINE
8
BLACK
6
CONTINUOUS
10
6.3342502755905512
20
-3.6910095275590549
11
6.3326547244094487
21
-3.689413937007874
0
LINE
8
BLACK
6
CONTINUOUS
10
6.3326547244094487
20
-3.689413937007874
11
6.3315611417322835
21
-3.6872675984251968
0
LINE
8
BLACK
6
CONTINUOUS
10
6.3315611417322835
20
-3.6872675984251968
11
6.3315131496062991
21
-3.6866579133858268
0
LINE
8
BLACK
6
CONTINUOUS
10
6.3315131496062991
20
-3.6866579133858268
11
6.3315131496062991
21
-3.6814955905511808
0
LINE
8
BLACK
6
CONTINUOUS
10
6.3315131496062991
20
-3.6814955905511808
11
6.3315131496062991
21
-3.6814955511811025
0
LINE
8
BLACK
6
CONTINUOUS
10
6.3315131496062991
20
-3.6814955511811025
11
6.3308105118110234
21
-3.6788732283464567
0
LINE
8
BLACK
6
CONTINUOUS
10
6.3308105118110234
20
-3.6788732283464567
11
6.3308105118110234
21
-3.6788731889763779
0
LINE
8
BLACK
6
CONTINUOUS
10
6.3308105118110234
20
-3.6788731889763779
11
6.3308105118110234
21
-3.6788731496062992
0
LINE
8
BLACK
6
CONTINUOUS
10
6.3308105118110234
20
-3.6788731496062992
11
6.3304385826771652
21
-3.6774851968503937
0
LINE
8
BLACK
6
CONTINUOUS
10
6.3304385826771652
20
-3.6774851968503937
11
6.3304385433070864
21
-3.6774851181102362
0
LINE
8
BLACK
6
CONTINUOUS
10
6.3304385433070864
20
-3.6774851181102362
11
6.328362874015748
21
-3.6738899606299213
0
LINE
8
BLACK
6
CONTINUOUS
10
6.328362874015748
20
-3.6738899606299213
11
6.3283627952755905
21
-3.6738898818897638
0
LINE
8
BLACK
6
CONTINUOUS
10
6.3283627952755905
20
-3.6738898818897638
11
6.3283627559055118
21
-3.6738898031496063
0
LINE
8
BLACK
6
CONTINUOUS
10
6.3283627559055118
20
-3.6738898031496063
11
6.2957503937007875
21
-3.6412774409448816
0
LINE
8
BLACK
6
CONTINUOUS
10
6.2957503937007875
20
-3.6412774409448816
11
6.2957502755905512
21
-3.6412773622047245
0
LINE
8
BLACK
6
CONTINUOUS
10
6.2957502755905512
20
-3.6412773622047245
11
6.2957501968503937
21
-3.641277283464567
0
LINE
8
BLACK
6
CONTINUOUS
10
6.2957501968503937
20
-3.641277283464567
11
6.2921550393700789
21
-3.6392016141732282
0
LINE
8
BLACK
6
CONTINUOUS
10
6.2921550393700789
20
-3.6392016141732282
11
6.2921551181102364
21
-3.6392016141732282
0
LINE
8
BLACK
6
CONTINUOUS
10
6.2921551181102364
20
-3.6392016141732282
11
6.2905990944881891
21
-3.6387846850393699
0
LINE
8
BLACK
6
CONTINUOUS
10
6.2905990944881891
20
-3.6387846850393699
11
6.2881446456692913
21
-3.6381270472440943
0
LINE
8
BLACK
6
CONTINUOUS
10
6.2881446456692913
20
-3.6381270472440943
11
6.2881445669291338
21
-3.6381270472440943
0
LINE
8
BLACK
6
CONTINUOUS
10
6.2881445669291338
20
-3.6381270472440943
11
6.226612086614173
21
-3.6381270472440943
0
LINE
8
BLACK
6
CONTINUOUS
10
6.226612086614173
20
-3.6381270472440943
11
6.2266114566929129
21
-3.6381270078740156
0
LINE
8
BLACK
6
CONTINUOUS
10
6.2266114566929129
20
-3.6381270078740156
11
6.226372755905512
21
-3.6381270078740156
0
LINE
8
BLACK
6
CONTINUOUS
10
6.226372755905512
20
-3.6381270078740156
11
6.2222210236220468
21
-3.6381270078740156
0
LINE
8
BLACK
6
CONTINUOUS
10
6.2222210236220468
20
-3.6381270078740156
11
6.2182107480314963
21
-3.6392015748031494
0
LINE
8
BLACK
6
CONTINUOUS
10
6.2182107480314963
20
-3.6392015748031494
11
6.2182107086614176
21
-3.6392015748031494
0
LINE
8
BLACK
6
CONTINUOUS
10
6.2182107086614176
20
-3.6392015748031494
11
6.2182106299212601
21
-3.6392016141732282
0
LINE
8
BLACK
6
CONTINUOUS
10
6.2182106299212601
20
-3.6392016141732282
11
6.2172056299212599
21
-3.6397818503937005
0
LINE
8
BLACK
6
CONTINUOUS
10
6.2172056299212599
20
-3.6397818503937005
11
6.2164130314960628
21
-3.6402394881889761
0
LINE
8
BLACK
6
CONTINUOUS
10
6.2164130314960628
20
-3.6402394881889761
11
6.215273267716535
21
-3.6408975196850393
0
LINE
8
BLACK
6
CONTINUOUS
10
6.215273267716535
20
-3.6408975196850393
11
6.2146152362204727
21
-3.6412774409448816
0
LINE
8
BLACK
6
CONTINUOUS
10
6.2146152362204727
20
-3.6412774409448816
11
6.2116795275590553
21
-3.6442131102362203
0
LINE
8
BLACK
6
CONTINUOUS
10
6.2116795275590553
20
-3.6442131102362203
11
6.211679566929134
21
-3.6442131496062991
0
LINE
8
BLACK
6
CONTINUOUS
10
6.211679566929134
20
-3.6442131496062991
11
6.1880962598425198
21
-3.6677964566929133
0
LINE
8
BLACK
6
CONTINUOUS
10
6.1880962598425198
20
-3.6677964566929133
11
6.1859499212598426
21
-3.6688900393700785
0
LINE
8
BLACK
6
CONTINUOUS
10
6.1859499212598426
20
-3.6688900393700785
11
6.1835707086614171
21
-3.6685132283464568
0
LINE
8
BLACK
6
CONTINUOUS
10
6.1835707086614171
20
-3.6685132283464568
11
6.1818673622047244
21
-3.6668098818897636
0
LINE
8
BLACK
6
CONTINUOUS
10
6.1818673622047244
20
-3.6668098818897636
11
6.1814425590551183
21
-3.6650403937007874
0
LINE
8
BLACK
6
CONTINUOUS
10
6.1814425590551183
20
-3.6650403937007874
11
6.1814425590551183
21
-3.6013334645669293
0
LINE
8
BLACK
6
CONTINUOUS
10
6.1814425590551183
20
-3.6013334645669293
11
6.1814425590551183
21
-3.5374409842519685
0
LINE
8
BLACK
6
CONTINUOUS
10
6.1814425590551183
20
-3.5374409842519685
11
6.1814425590551183
21
-3.5374409448818898
0
LINE
8
BLACK
6
CONTINUOUS
10
6.1814425590551183
20
-3.5374409448818898
11
6.1807206692913388
21
-3.5347468110236218
0
LINE
8
BLACK
6
CONTINUOUS
10
6.1807206692913388
20
-3.5347468110236218
11
6.1803680314960632
21
-3.5334306692913384
0
LINE
8
BLACK
6
CONTINUOUS
10
6.1803680314960632
20
-3.5334306692913384
11
6.178292165354331
21
-3.5298351968503936
0
LINE
8
BLACK
6
CONTINUOUS
10
6.178292165354331
20
-3.5298351968503936
11
6.1782387007874018
21
-3.5297817322834644
0
LINE
8
BLACK
6
CONTINUOUS
10
6.1782387007874018
20
-3.5297817322834644
11
6.1780594881889765
21
-3.5294116929133859
0
LINE
8
BLACK
6
CONTINUOUS
10
6.1780594881889765
20
-3.5294116929133859
11
6.1779135039370079
21
-3.5283518503937006
0
LINE
8
BLACK
6
CONTINUOUS
10
6.1779135039370079
20
-3.5283518503937006
11
6.1776910629921256
21
-3.5273053543307085
0
LINE
8
BLACK
6
CONTINUOUS
10
6.1776910629921256
20
-3.5273053543307085
11
6.1777508661417322
21
-3.5271709842519683
0
LINE
8
BLACK
6
CONTINUOUS
10
6.1777508661417322
20
-3.5271709842519683
11
6.1777308267716533
21
-3.5270253543307084
0
LINE
8
BLACK
6
CONTINUOUS
10
6.1777308267716533
20
-3.5270253543307084
11
6.1782355118110237
21
-3.5260824409448817
0
LINE
8
BLACK
6
CONTINUOUS
10
6.1782355118110237
20
-3.5260824409448817
11
6.1786708267716532
21
-3.5251047244094487
0
LINE
8
BLACK
6
CONTINUOUS
10
6.1786708267716532
20
-3.5251047244094487
11
6.1787982283464569
21
-3.5250311417322835
0
LINE
8
BLACK
6
CONTINUOUS
10
6.1787982283464569
20
-3.5250311417322835
11
6.1788675984251968
21
-3.5249015748031494
0
LINE
8
BLACK
6
CONTINUOUS
10
6.1788675984251968
20
-3.5249015748031494
11
6.1798299999999999
21
-3.5244354330708663
0
LINE
8
BLACK
6
CONTINUOUS
10
6.1798299999999999
20
-3.5244354330708663
11
6.1807569685039372
21
-3.5239002755905511
0
LINE
8
BLACK
6
CONTINUOUS
10
6.1807569685039372
20
-3.5239002755905511
11
6.1809581496062993
21
-3.5238890551181101
0
LINE
8
BLACK
6
CONTINUOUS
10
6.1809581496062993
20
-3.5238890551181101
11
6.1810355905511809
21
-3.5238515748031496
0
LINE
8
BLACK
6
CONTINUOUS
10
6.1810355905511809
20
-3.5238515748031496
11
6.1811768897637798
21
-3.5238768897637796
0
LINE
8
BLACK
6
CONTINUOUS
10
6.1811768897637798
20
-3.5238768897637796
11
6.1817024803149607
21
-3.5238476377952757
0
LINE
8
BLACK
6
CONTINUOUS
10
6.1817024803149607
20
-3.5238476377952757
11
6.1817024803149607
21
-3.5238284251968501
0
LINE
8
BLACK
6
CONTINUOUS
10
6.1817024803149607
20
-3.5238284251968501
11
6.1881019685039371
21
-3.5238284251968501
0
LINE
8
BLACK
6
CONTINUOUS
10
6.1881019685039371
20
-3.5238284251968501
11
6.1881020078740159
21
-3.5238284251968501
0
LINE
8
BLACK
6
CONTINUOUS
10
6.1881020078740159
20
-3.5238284251968501
11
6.1941907874015749
21
-3.5226172834645668
0
LINE
8
BLACK
6
CONTINUOUS
10
6.1941907874015749
20
-3.5226172834645668
11
6.1999262992125983
21
-3.5202415748031495
0
LINE
8
BLACK
6
CONTINUOUS
10
6.1999262992125983
20
-3.5202415748031495
11
6.2050881102362201
21
-3.5167925590551179
0
LINE
8
BLACK
6
CONTINUOUS
10
6.2050881102362201
20
-3.5167925590551179
11
6.2094778740157475
21
-3.5124027952755905
0
LINE
8
BLACK
6
CONTINUOUS
10
6.2094778740157475
20
-3.5124027952755905
11
6.2129268897637795
21
-3.5072409842519683
0
LINE
8
BLACK
6
CONTINUOUS
10
6.2129268897637795
20
-3.5072409842519683
11
6.2153025984251968
21
-3.5015054724409449
0
LINE
8
BLACK
6
CONTINUOUS
10
6.2153025984251968
20
-3.5015054724409449
11
6.2165137401574802
21
-3.4954166929133859
0
LINE
8
BLACK
6
CONTINUOUS
10
6.2165137401574802
20
-3.4954166929133859
11
6.2165137401574802
21
-3.4892086614173228
0
LINE
8
BLACK
6
CONTINUOUS
10
6.2165137401574802
20
-3.4892086614173228
11
6.2153025984251968
21
-3.4831198818897637
0
LINE
8
BLACK
6
CONTINUOUS
10
6.2153025984251968
20
-3.4831198818897637
11
6.2129268897637795
21
-3.4773843700787399
0
LINE
8
BLACK
6
CONTINUOUS
10
6.2129268897637795
20
-3.4773843700787399
11
6.2129268503937007
21
-3.4773842913385824
0
LINE
8
BLACK
6
CONTINUOUS
10
6.2129268503937007
20
-3.4773842913385824
11
6.2129267322834645
21
-3.4773840944881891
0
LINE
8
BLACK
6
CONTINUOUS
10
6.2129267322834645
20
-3.4773840944881891
11
6.2115340944881892
21
-3.4752999212598423
0
LINE
8
BLACK
6
CONTINUOUS
10
6.2115340944881892
20
-3.4752999212598423
11
6.2094778740157475
21
-3.4722225590551181
0
LINE
8
BLACK
6
CONTINUOUS
10
6.2094778740157475
20
-3.4722225590551181
11
6.2050881102362201
21
-3.4678327952755903
0
LINE
8
BLACK
6
CONTINUOUS
10
6.2050881102362201
20
-3.4678327952755903
11
6.2030318110236218
21
-3.4664588188976375
0
LINE
8
BLACK
6
CONTINUOUS
10
6.2030318110236218
20
-3.4664588188976375
11
6.1999265354330708
21
-3.4643838976377954
0
LINE
8
BLACK
6
CONTINUOUS
10
6.1999265354330708
20
-3.4643838976377954
11
6.1999261023622045
21
-3.4643836614173229
0
LINE
8
BLACK
6
CONTINUOUS
10
6.1999261023622045
20
-3.4643836614173229
11
6.1941907874015749
21
-3.4620080708661418
0
LINE
8
BLACK
6
CONTINUOUS
10
6.1941907874015749
20
-3.4620080708661418
11
6.1881020866141734
21
-3.4607969291338581
0
LINE
8
BLACK
6
CONTINUOUS
10
6.1881020866141734
20
-3.4607969291338581
11
6.1881020078740159
21
-3.4607969291338581
0
LINE
8
BLACK
6
CONTINUOUS
10
6.1881020078740159
20
-3.4607969291338581
11
6.1818939763779523
21
-3.4607969291338581
0
LINE
8
BLACK
6
CONTINUOUS
10
6.1818939763779523
20
-3.4607969291338581
11
6.1818938582677161
21
-3.4607969291338581
0
LINE
8
BLACK
6
CONTINUOUS
10
6.1818938582677161
20
-3.4607969291338581
11
6.1758051968503933
21
-3.4620080708661418
0
LINE
8
BLACK
6
CONTINUOUS
10
6.1758051968503933
20
-3.4620080708661418
11
6.1758051181102358
21
-3.4620080708661418
0
LINE
8
BLACK
6
CONTINUOUS
10
6.1758051181102358
20
-3.4620080708661418
11
6.1700698425196849
21
-3.4643836614173229
0
LINE
8
BLACK
6
CONTINUOUS
10
6.1700698425196849
20
-3.4643836614173229
11
6.1700694094488187
21
-3.4643838976377954
0
LINE
8
BLACK
6
CONTINUOUS
10
6.1700694094488187
20
-3.4643838976377954
11
6.1649078740157481
21
-3.4678327952755903
0
LINE
8
BLACK
6
CONTINUOUS
10
6.1649078740157481
20
-3.4678327952755903
11
6.1649077165354331
21
-3.4678329133858266
0
LINE
8
BLACK
6
CONTINUOUS
10
6.1649077165354331
20
-3.4678329133858266
11
6.1605182283464561
21
-3.4722224015748031
0
LINE
8
BLACK
6
CONTINUOUS
10
6.1605182283464561
20
-3.4722224015748031
11
6.1605181102362208
21
-3.4722225590551181
0
LINE
8
BLACK
6
CONTINUOUS
10
6.1605181102362208
20
-3.4722225590551181
11
6.157069212598425
21
-3.4773840944881891
0
LINE
8
BLACK
6
CONTINUOUS
10
6.157069212598425
20
-3.4773840944881891
11
6.1570689763779525
21
-3.4773845275590549
0
LINE
8
BLACK
6
CONTINUOUS
10
6.1570689763779525
20
-3.4773845275590549
11
6.1546933858267714
21
-3.4831198031496062
0
LINE
8
BLACK
6
CONTINUOUS
10
6.1546933858267714
20
-3.4831198031496062
11
6.1546933858267714
21
-3.4831198818897637
0
LINE
8
BLACK
6
CONTINUOUS
10
6.1546933858267714
20
-3.4831198818897637
11
6.1534822440944881
21
-3.4892085433070865
0
LINE
8
BLACK
6
CONTINUOUS
10
6.1534822440944881
20
-3.4892085433070865
11
6.1534822440944881
21
-3.4956081889763779
0
LINE
8
BLACK
6
CONTINUOUS
10
6.1534822440944881
20
-3.4956081889763779
11
6.1533833858267712
21
-3.4956081889763779
0
LINE
8
BLACK
6
CONTINUOUS
10
6.1533833858267712
20
-3.4956081889763779
11
6.1529452755905512
21
-3.4975918503937007
0
LINE
8
BLACK
6
CONTINUOUS
10
6.1529452755905512
20
-3.4975918503937007
11
6.1511424015748029
21
-3.4991894488188975
0
LINE
8
BLACK
6
CONTINUOUS
10
6.1511424015748029
20
-3.4991894488188975
11
6.1487448031496061
21
-3.4994222047244095
0
LINE
8
BLACK
6
CONTINUOUS
10
6.1487448031496061
20
-3.4994222047244095
11
6.1468293307086617
21
-3.4983723622047243
0
LINE
8
BLACK
6
CONTINUOUS
10
6.1468293307086617
20
-3.4983723622047243
11
6.10161062992126
21
-3.4531536614173226
0
LINE
8
BLACK
6
CONTINUOUS
10
6.10161062992126
20
-3.4531536614173226
11
6.1005170472440939
21
-3.4510073228346454
0
LINE
8
BLACK
6
CONTINUOUS
10
6.1005170472440939
20
-3.4510073228346454
11
6.1008938582677166
21
-3.4486281102362204
0
LINE
8
BLACK
6
CONTINUOUS
10
6.1008938582677166
20
-3.4486281102362204
11
6.1025972047244093
21
-3.4469247637795273
0
LINE
8
BLACK
6
CONTINUOUS
10
6.1025972047244093
20
-3.4469247637795273
11
6.104366692913386
21
-3.4464999606299211
0
LINE
8
BLACK
6
CONTINUOUS
10
6.104366692913386
20
-3.4464999606299211
11
6.2335562598425192
21
-3.4464999606299211
0
LINE
8
BLACK
6
CONTINUOUS
10
6.2335562598425192
20
-3.4464999606299211
11
6.2358472440944883
21
-3.4472443307086613
0
LINE
8
BLACK
6
CONTINUOUS
10
6.2358472440944883
20
-3.4472443307086613
11
6.2363123228346451
21
-3.4476415354330707
0
LINE
8
BLACK
6
CONTINUOUS
10
6.2363123228346451
20
-3.4476415354330707
11
6.2782191338582676
21
-3.489548307086614
0
LINE
8
BLACK
6
CONTINUOUS
10
6.2782191338582676
20
-3.489548307086614
11
6.2793127165354328
21
-3.4916946456692912
0
LINE
8
BLACK
6
CONTINUOUS
10
6.2793127165354328
20
-3.4916946456692912
11
6.2793607086614172
21
-3.49230437007874
0
LINE
8
BLACK
6
CONTINUOUS
10
6.2793607086614172
20
-3.49230437007874
11
6.2793607086614172
21
-3.4951451968503937
0
LINE
8
BLACK
6
CONTINUOUS
10
6.2793607086614172
20
-3.4951451968503937
11
6.2809718503937004
21
-3.5011580708661416
0
LINE
8
BLACK
6
CONTINUOUS
10
6.2809718503937004
20
-3.5011580708661416
11
6.2840843307086613
21
-3.506549094488189
0
LINE
8
BLACK
6
CONTINUOUS
10
6.2840843307086613
20
-3.506549094488189
11
6.288486062992126
21
-3.5109508267716536
0
LINE
8
BLACK
6
CONTINUOUS
10
6.288486062992126
20
-3.5109508267716536
11
6.2938770866141729
21
-3.5140633070866141
0
LINE
8
BLACK
6
CONTINUOUS
10
6.2938770866141729
20
-3.5140633070866141
11
6.2968250393700789
21
-3.5148531889763777
0
LINE
8
BLACK
6
CONTINUOUS
10
6.2968250393700789
20
-3.5148531889763777
11
6.2988451968503938
21
-3.5161651181102362
0
LINE
8
BLACK
6
CONTINUOUS
10
6.2988451968503938
20
-3.5161651181102362
11
6.2997084645669288
21
-3.5184139763779525
0
LINE
8
BLACK
6
CONTINUOUS
10
6.2997084645669288
20
-3.5184139763779525
11
6.2994171653543303
21
-3.5201094881889765
0
LINE
8
BLACK
6
CONTINUOUS
10
6.2994171653543303
20
-3.5201094881889765
11
6.2984476771653544
21
-3.5224500393700788
0
LINE
8
BLACK
6
CONTINUOUS
10
6.2984476771653544
20
-3.5224500393700788
11
6.2972365748031498
21
-3.5285386614173229
0
LINE
8
BLACK
6
CONTINUOUS
10
6.2972365748031498
20
-3.5285386614173229
11
6.2972365748031498
21
-3.5285387795275591
0
LINE
8
BLACK
6
CONTINUOUS
10
6.2972365748031498
20
-3.5285387795275591
11
6.2972365748031498
21
-3.5347468110236218
0
LINE
8
BLACK
6
CONTINUOUS
10
6.2972365748031498
20
-3.5347468110236218
11
6.2983062204724405
21
-3.5401241338582676
0
LINE
8
BLACK
6
CONTINUOUS
10
6.2983062204724405
20
-3.5401241338582676
11
6.2984477165354331
21
-3.5408355511811025
0
LINE
8
BLACK
6
CONTINUOUS
10
6.2984477165354331
20
-3.5408355511811025
11
6.2984477165354331
21
-3.5408356299212596
0
LINE
8
BLACK
6
CONTINUOUS
10
6.2984477165354331
20
-3.5408356299212596
11
6.3008233070866142
21
-3.5465709055118109
0
LINE
8
BLACK
6
CONTINUOUS
10
6.3008233070866142
20
-3.5465709055118109
11
6.3008235433070867
21
-3.5465713385826771
0
LINE
8
BLACK
6
CONTINUOUS
10
6.3008235433070867
20
-3.5465713385826771
11
6.3023997244094483
21
-3.5489301968503937
0
LINE
8
BLACK
6
CONTINUOUS
10
6.3023997244094483
20
-3.5489301968503937
11
6.3042724409448816
21
-3.5517329133858269
0
LINE
8
BLACK
6
CONTINUOUS
10
6.3042724409448816
20
-3.5517329133858269
11
6.308662204724409
21
-3.5561226771653542
0
LINE
8
BLACK
6
CONTINUOUS
10
6.308662204724409
20
-3.5561226771653542
11
6.3117395669291341
21
-3.558178897637795
0
LINE
8
BLACK
6
CONTINUOUS
10
6.3117395669291341
20
-3.558178897637795
11
6.3138237401574804
21
-3.5595715354330708
0
LINE
8
BLACK
6
CONTINUOUS
10
6.3138237401574804
20
-3.5595715354330708
11
6.3138241732283467
21
-3.5595717716535433
0
LINE
8
BLACK
6
CONTINUOUS
10
6.3138241732283467
20
-3.5595717716535433
11
6.31594279527559
21
-3.5604492913385828
0
LINE
8
BLACK
6
CONTINUOUS
10
6.31594279527559
20
-3.5604492913385828
11
6.319559527559055
21
-3.5619474015748032
0
LINE
8
BLACK
6
CONTINUOUS
10
6.319559527559055
20
-3.5619474015748032
11
6.3256483070866141
21
-3.5631585433070865
0
LINE
8
BLACK
6
CONTINUOUS
10
6.3256483070866141
20
-3.5631585433070865
11
6.3256483464566928
21
-3.5631585433070865
0
LINE
8
BLACK
6
CONTINUOUS
10
6.3256483464566928
20
-3.5631585433070865
11
6.331856299212598
21
-3.5631585433070865
0
LINE
8
BLACK
6
CONTINUOUS
10
6.331856299212598
20
-3.5631585433070865
11
6.3318563385826767
21
-3.5631585433070865
0
LINE
8
BLACK
6
CONTINUOUS
10
6.3318563385826767
20
-3.5631585433070865
11
6.3379451181102358
21
-3.5619474015748032
0
LINE
8
BLACK
6
CONTINUOUS
10
6.3379451181102358
20
-3.5619474015748032
11
6.34368062992126
21
-3.5595716929133858
0
LINE
8
BLACK
6
CONTINUOUS
10
6.34368062992126
20
-3.5595716929133858
11
6.3488424409448818
21
-3.5561226771653542
0
LINE
8
BLACK
6
CONTINUOUS
10
6.3488424409448818
20
-3.5561226771653542
11
6.3532322047244092
21
-3.5517329133858269
0
LINE
8
BLACK
6
CONTINUOUS
10
6.3532322047244092
20
-3.5517329133858269
11
6.3566812204724412
21
-3.5465711023622046
0
LINE
8
BLACK
6
CONTINUOUS
10
6.3566812204724412
20
-3.5465711023622046
11
6.3590569291338586
21
-3.5408355905511808
0
LINE
8
BLACK
6
CONTINUOUS
10
6.3590569291338586
20
-3.5408355905511808
11
6.3602680708661419
21
-3.5347468110236218
0
LINE
8
BLACK
6
CONTINUOUS
10
6.3602680708661419
20
-3.5347468110236218
11
6.3602680708661419
21
-3.5313607480314961
0
LINE
8
BLACK
6
CONTINUOUS
10
6.3602680708661419
20
-3.5313607480314961
11
6.3610124409448821
21
-3.5290697637795274
0
LINE
8
BLACK
6
CONTINUOUS
10
6.3610124409448821
20
-3.5290697637795274
11
6.3629612598425194
21
-3.5276538582677164
0
LINE
8
BLACK
6
CONTINUOUS
10
6.3629612598425194
20
-3.5276538582677164
11
6.3653701574803145
21
-3.5276538582677164
0
LINE
8
BLACK
6
CONTINUOUS
10
6.3653701574803145
20
-3.5276538582677164
11
6.3669217716535433
21
-3.5286046850393702
0
LINE
8
BLACK
6
CONTINUOUS
10
6.3669217716535433
20
-3.5286046850393702
11
6.3695155118110236
21
-3.5311984251968505
0
LINE
8
BLACK
6
CONTINUOUS
10
6.3695155118110236
20
-3.5311984251968505
11
6.3695154724409448
21
-3.5311984251968505
0
LINE
8
BLACK
6
CONTINUOUS
10
6.3695154724409448
20
-3.5311984251968505
11
6.3717477559055116
21
-3.5334306692913384
0
LINE
8
BLACK
6
CONTINUOUS
10
6.3717477559055116
20
-3.5334306692913384
11
6.3724512204724411
21
-3.5341341338582675
0
LINE
8
BLACK
6
CONTINUOUS
10
6.3724512204724411
20
-3.5341341338582675
11
6.3760467322834646
21
-3.5362100000000001
0
LINE
8
BLACK
6
CONTINUOUS
10
6.3760467322834646
20
-3.5362100000000001
11
6.3800569685039372
21
-3.5372845275590552
0
LINE
8
BLACK
6
CONTINUOUS
10
6.3800569685039372
20
-3.5372845275590552
11
6.3842087007874015
21
-3.5372845275590552
0
LINE
8
BLACK
6
CONTINUOUS
10
6.3842087007874015
20
-3.5372845275590552
11
6.5322848818897636
21
-3.5372845275590552
0
LINE
8
BLACK
6
CONTINUOUS
10
6.5322848818897636
20
-3.5372845275590552
11
6.5345758661417319
21
-3.5380288976377954
0
LINE
8
BLACK
6
CONTINUOUS
10
6.5345758661417319
20
-3.5380288976377954
11
6.5359917716535429
21
-3.5399777165354331
0
LINE
8
BLACK
6
CONTINUOUS
10
6.5359917716535429
20
-3.5399777165354331
11
6.5359917716535429
21
-3.5423866141732283
0
LINE
8
BLACK
6
CONTINUOUS
10
6.5359917716535429
20
-3.5423866141732283
11
6.5345758661417319
21
-3.5443354330708661
0
LINE
8
BLACK
6
CONTINUOUS
10
6.5345758661417319
20
-3.5443354330708661
11
6.5344503543307084
21
-3.5444228740157477
0
LINE
8
BLACK
6
CONTINUOUS
10
6.5344503543307084
20
-3.5444228740157477
11
6.5342856692913385
21
-3.544532874015748
0
LINE
8
BLACK
6
CONTINUOUS
10
6.5342856692913385
20
-3.544532874015748
11
6.5342853937007872
21
-3.5445331102362205
0
LINE
8
BLACK
6
CONTINUOUS
10
6.5342853937007872
20
-3.5445331102362205
11
6.5298959055118111
21
-3.5489225984251966
0
LINE
8
BLACK
6
CONTINUOUS
10
6.5298959055118111
20
-3.5489225984251966
11
6.5298957874015748
21
-3.5489227559055117
0
LINE
8
BLACK
6
CONTINUOUS
10
6.5298957874015748
20
-3.5489227559055117
11
6.5264468897637791
21
-3.5540842913385826
0
LINE
8
BLACK
6
CONTINUOUS
10
6.5264468897637791
20
-3.5540842913385826
11
6.5264466535433066
21
-3.5540847244094489
0
LINE
8
BLACK
6
CONTINUOUS
10
6.5264466535433066
20
-3.5540847244094489
11
6.5240710629921255
21
-3.5598199999999998
0
LINE
8
BLACK
6
CONTINUOUS
10
6.5240710629921255
20
-3.5598199999999998
11
6.5240710629921255
21
-3.5598200787401573
0
LINE
8
BLACK
6
CONTINUOUS
10
6.5240710629921255
20
-3.5598200787401573
11
6.5228599212598422
21
-3.5659087401574801
0
LINE
8
BLACK
6
CONTINUOUS
10
6.5228599212598422
20
-3.5659087401574801
11
6.5228599212598422
21
-3.5721169685039369
0
LINE
8
BLACK
6
CONTINUOUS
10
6.5228599212598422
20
-3.5721169685039369
11
6.5240710629921255
21
-3.5782056299212597
0
LINE
8
BLACK
6
CONTINUOUS
10
6.5240710629921255
20
-3.5782056299212597
11
6.5240710629921255
21
-3.5782057086614172
0
LINE
8
BLACK
6
CONTINUOUS
10
6.5240710629921255
20
-3.5782057086614172
11
6.5264466535433066
21
-3.5839409842519685
0
LINE
8
BLACK
6
CONTINUOUS
10
6.5264466535433066
20
-3.5839409842519685
11
6.5264468897637791
21
-3.5839414173228348
0
LINE
8
BLACK
6
CONTINUOUS
10
6.5264468897637791
20
-3.5839414173228348
11
6.5281129921259842
21
-3.5864348818897636
0
LINE
8
BLACK
6
CONTINUOUS
10
6.5281129921259842
20
-3.5864348818897636
11
6.5298957874015748
21
-3.589102992125984
0
LINE
8
BLACK
6
CONTINUOUS
10
6.5298957874015748
20
-3.589102992125984
11
6.5342855511811022
21
-3.5934927559055119
0
LINE
8
BLACK
6
CONTINUOUS
10
6.5342855511811022
20
-3.5934927559055119
11
6.5370211023622042
21
-3.5953205905511809
0
LINE
8
BLACK
6
CONTINUOUS
10
6.5370211023622042
20
-3.5953205905511809
11
6.5394470866141727
21
-3.5969416141732284
0
LINE
8
BLACK
6
CONTINUOUS
10
6.5394470866141727
20
-3.5969416141732284
11
6.539447519685039
21
-3.5969418503937005
0
LINE
8
BLACK
6
CONTINUOUS
10
6.539447519685039
20
-3.5969418503937005
11
6.5415661417322832
21
-3.59781937007874
0
LINE
8
BLACK
6
CONTINUOUS
10
6.5415661417322832
20
-3.59781937007874
11
6.5451828740157483
21
-3.5993174803149603
0
LINE
8
BLACK
6
CONTINUOUS
10
6.5451828740157483
20
-3.5993174803149603
11
6.5512716535433073
21
-3.6005286220472441
0
LINE
8
BLACK
6
CONTINUOUS
10
6.5512716535433073
20
-3.6005286220472441
11
6.5512716929133861
21
-3.6005286220472441
0
LINE
8
BLACK
6
CONTINUOUS
10
6.5512716929133861
20
-3.6005286220472441
11
6.5574796456692912
21
-3.6005286220472441
0
LINE
8
BLACK
6
CONTINUOUS
10
6.5574796456692912
20
-3.6005286220472441
11
6.55747968503937
21
-3.6005286220472441
0
LINE
8
BLACK
6
CONTINUOUS
10
6.55747968503937
20
-3.6005286220472441
11
6.563568464566929
21
-3.5993174803149603
0
LINE
8
BLACK
6
CONTINUOUS
10
6.563568464566929
20
-3.5993174803149603
11
6.5693039763779524
21
-3.596941771653543
0
LINE
8
BLACK
6
CONTINUOUS
10
6.5693039763779524
20
-3.596941771653543
11
6.5744657874015751
21
-3.5934927559055119
0
LINE
8
BLACK
6
CONTINUOUS
10
6.5744657874015751
20
-3.5934927559055119
11
6.5788555511811024
21
-3.589102992125984
0
LINE
8
BLACK
6
CONTINUOUS
10
6.5788555511811024
20
-3.589102992125984
11
6.5823045669291336
21
-3.5839411811023623
0
LINE
8
BLACK
6
CONTINUOUS
10
6.5823045669291336
20
-3.5839411811023623
11
6.5846802755905509
21
-3.5782056692913384
0
LINE
8
BLACK
6
CONTINUOUS
10
6.5846802755905509
20
-3.5782056692913384
11
6.5858914173228342
21
-3.5721168897637794
0
LINE
8
BLACK
6
CONTINUOUS
10
6.5858914173228342
20
-3.5721168897637794
11
6.5858914173228342
21
-3.5659088582677163
0
LINE
8
BLACK
6
CONTINUOUS
10
6.5858914173228342
20
-3.5659088582677163
11
6.5846802755905509
21
-3.5598200787401573
0
LINE
8
BLACK
6
CONTINUOUS
10
6.5846802755905509
20
-3.5598200787401573
11
6.5831487795275585
21
-3.5561226771653542
0
LINE
8
BLACK
6
CONTINUOUS
10
6.5831487795275585
20
-3.5561226771653542
11
6.5823046456692911
21
-3.5540847244094489
0
LINE
8
BLACK
6
CONTINUOUS
10
6.5823046456692911
20
-3.5540847244094489
11
6.5823044094488186
21
-3.5540842913385826
0
LINE
8
BLACK
6
CONTINUOUS
10
6.5823044094488186
20
-3.5540842913385826
11
6.5807332283464568
21
-3.5517328740157481
0
LINE
8
BLACK
6
CONTINUOUS
10
6.5807332283464568
20
-3.5517328740157481
11
6.5788555511811024
21
-3.5489227559055117
0
LINE
8
BLACK
6
CONTINUOUS
10
6.5788555511811024
20
-3.5489227559055117
11
6.5744657874015751
21
-3.5445329921259843
0
LINE
8
BLACK
6
CONTINUOUS
10
6.5744657874015751
20
-3.5445329921259843
11
6.574300984251968
21
-3.5444228740157477
0
LINE
8
BLACK
6
CONTINUOUS
10
6.574300984251968
20
-3.5444228740157477
11
6.5728096850393696
21
-3.5425311417322836
0
LINE
8
BLACK
6
CONTINUOUS
10
6.5728096850393696
20
-3.5425311417322836
11
6.5727151574803147
21
-3.5401241338582676
0
LINE
8
BLACK
6
CONTINUOUS
10
6.5727151574803147
20
-3.5401241338582676
11
6.5740535039370078
21
-3.538121220472441
0
LINE
8
BLACK
6
CONTINUOUS
10
6.5740535039370078
20
-3.538121220472441
11
6.5763135039370075
21
-3.5372875196850391
0
LINE
8
BLACK
6
CONTINUOUS
10
6.5763135039370075
20
-3.5372875196850391
11
6.5764664566929136
21
-3.5372845275590552
0
LINE
8
BLACK
6
CONTINUOUS
10
6.5764664566929136
20
-3.5372845275590552
11
6.6385290551181102
21
-3.5372845275590552
0
LINE
8
BLACK
6
CONTINUOUS
10
6.6385290551181102
20
-3.5372845275590552
11
6.6408200393700785
21
-3.5380288976377954
0
LINE
8
BLACK
6
CONTINUOUS
10
6.6408200393700785
20
-3.5380288976377954
11
6.6412851181102361
21
-3.5384261023622048
0
LINE
8
BLACK
6
CONTINUOUS
10
6.6412851181102361
20
-3.5384261023622048
11
6.9856198031496062
21
-3.8827607874015748
0
LINE
8
BLACK
6
CONTINUOUS
10
6.9856198031496062
20
-3.8827607874015748
11
6.9867133858267714
21
-3.884907125984252
0
LINE
8
BLACK
6
CONTINUOUS
10
6.9867133858267714
20
-3.884907125984252
11
6.9863365748031496
21
-3.887286338582677
0
LINE
8
BLACK
6
CONTINUOUS
10
6.9863365748031496
20
-3.887286338582677
11
6.9856198031496062
21
-3.8882729133858267
0
LINE
8
BLACK
6
CONTINUOUS
10
6.9856198031496062
20
-3.8882729133858267
11
6.891057362204724
21
-3.9828353543307085
0
LINE
8
BLACK
6
CONTINUOUS
10
6.891057362204724
20
-3.9828353543307085
11
6.8889816535433068
21
-3.98643062992126
0
LINE
8
BLACK
6
CONTINUOUS
10
6.8889816535433068
20
-3.98643062992126
11
6.8889816141732281
21
-3.98643062992126
0
LINE
8
BLACK
6
CONTINUOUS
10
6.8889816141732281
20
-3.98643062992126
11
6.8889816535433068
21
-3.9864306692913387
0
LINE
8
BLACK
6
CONTINUOUS
10
6.8889816535433068
20
-3.9864306692913387
11
6.8879071259842517
21
-3.9904409448818896
0
LINE
8
BLACK
6
CONTINUOUS
10
6.8879071259842517
20
-3.9904409448818896
11
6.8879071259842517
21
-4.1332355511811025
0
LINE
8
BLACK
6
CONTINUOUS
10
6.8879071259842517
20
-4.1332355511811025
11
6.8871627559055115
21
-4.1355265354330708
0
LINE
8
BLACK
6
CONTINUOUS
10
6.8871627559055115
20
-4.1355265354330708
11
6.8867655511811021
21
-4.1359915748031497
0
LINE
8
BLACK
6
CONTINUOUS
10
6.8867655511811021
20
-4.1359915748031497
11
6.8847568110236219
21
-4.1380003149606299
0
LINE
8
BLACK
6
CONTINUOUS
10
6.8847568110236219
20
-4.1380003149606299
11
6.8847567322834644
21
-4.1380003937007874
0
LINE
8
BLACK
6
CONTINUOUS
10
6.8847567322834644
20
-4.1380003937007874
11
6.8847567322834644
21
-4.1380004330708662
0
LINE
8
BLACK
6
CONTINUOUS
10
6.8847567322834644
20
-4.1380004330708662
11
6.8816442519685035
21
-4.1433914566929131
0
LINE
8
BLACK
6
CONTINUOUS
10
6.8816442519685035
20
-4.1433914566929131
11
6.8800331102362202
21
-4.149404330708661
0
LINE
8
BLACK
6
CONTINUOUS
10
6.8800331102362202
20
-4.149404330708661
11
6.8800331102362202
21
-4.1556292913385828
0
LINE
8
BLACK
6
CONTINUOUS
10
6.8800331102362202
20
-4.1556292913385828
11
6.8816442519685035
21
-4.1616421653543307
0
LINE
8
BLACK
6
CONTINUOUS
10
6.8816442519685035
20
-4.1616421653543307
11
6.8847567322834644
21
-4.1670331889763776
0
LINE
8
BLACK
6
CONTINUOUS
10
6.8847567322834644
20
-4.1670331889763776
11
6.8878190157480317
21
-4.1700954724409449
0
LINE
8
BLACK
6
CONTINUOUS
10
6.8878190157480317
20
-4.1700954724409449
11
6.8889125590551181
21
-4.1722417322834646
0
LINE
8
BLACK
6
CONTINUOUS
10
6.8889125590551181
20
-4.1722417322834646
11
6.8885357480314955
21
-4.1746209448818901
0
LINE
8
BLACK
6
CONTINUOUS
10
6.8885357480314955
20
-4.1746209448818901
11
6.8868324015748028
21
-4.1763242913385827
0
LINE
8
BLACK
6
CONTINUOUS
10
6.8868324015748028
20
-4.1763242913385827
11
6.885062913385827
21
-4.1767490944881889
0
LINE
8
BLACK
6
CONTINUOUS
10
6.885062913385827
20
-4.1767490944881889
11
6.8331517322834641
21
-4.1767490944881889
0
LINE
8
BLACK
6
CONTINUOUS
10
6.8331517322834641
20
-4.1767490944881889
11
6.8308607480314958
21
-4.1760047244094487
0
LINE
8
BLACK
6
CONTINUOUS
10
6.8308607480314958
20
-4.1760047244094487
11
6.8294448425196848
21
-4.1740559055118105
0
LINE
8
BLACK
6
CONTINUOUS
10
6.8294448425196848
20
-4.1740559055118105
11
6.8294448425196848
21
-4.1716470078740153
0
LINE
8
BLACK
6
CONTINUOUS
10
6.8294448425196848
20
-4.1716470078740153
11
6.8308607480314958
21
-4.169698188976378
0
LINE
8
BLACK
6
CONTINUOUS
10
6.8308607480314958
20
-4.169698188976378
11
6.8316601968503932
21
-4.1692505118110237
0
LINE
8
BLACK
6
CONTINUOUS
10
6.8316601968503932
20
-4.1692505118110237
11
6.8336029527559052
21
-4.1684457874015743
0
LINE
8
BLACK
6
CONTINUOUS
10
6.8336029527559052
20
-4.1684457874015743
11
6.8336029133858265
21
-4.1684457874015743
0
LINE
8
BLACK
6
CONTINUOUS
10
6.8336029133858265
20
-4.1684457874015743
11
6.833603149606299
21
-4.1684457086614168
0
LINE
8
BLACK
6
CONTINUOUS
10
6.833603149606299
20
-4.1684457086614168
11
6.8387649606299208
21
-4.1649966929133857
0
LINE
8
BLACK
6
CONTINUOUS
10
6.8387649606299208
20
-4.1649966929133857
11
6.8431547244094491
21
-4.1606069291338583
0
LINE
8
BLACK
6
CONTINUOUS
10
6.8431547244094491
20
-4.1606069291338583
11
6.8466037401574802
21
-4.1554451181102365
0
LINE
8
BLACK
6
CONTINUOUS
10
6.8466037401574802
20
-4.1554451181102365
11
6.8489794488188975
21
-4.1497096062992123
0
LINE
8
BLACK
6
CONTINUOUS
10
6.8489794488188975
20
-4.1497096062992123
11
6.8501905905511808
21
-4.1436208267716532
0
LINE
8
BLACK
6
CONTINUOUS
10
6.8501905905511808
20
-4.1436208267716532
11
6.8501905905511808
21
-4.1374127952755906
0
LINE
8
BLACK
6
CONTINUOUS
10
6.8501905905511808
20
-4.1374127952755906
11
6.8489794488188975
21
-4.1313240157480315
0
LINE
8
BLACK
6
CONTINUOUS
10
6.8489794488188975
20
-4.1313240157480315
11
6.8466037401574802
21
-4.1255885039370082
0
LINE
8
BLACK
6
CONTINUOUS
10
6.8466037401574802
20
-4.1255885039370082
11
6.8466037007874014
21
-4.1255884251968507
0
LINE
8
BLACK
6
CONTINUOUS
10
6.8466037007874014
20
-4.1255884251968507
11
6.8466035826771652
21
-4.1255882283464569
0
LINE
8
BLACK
6
CONTINUOUS
10
6.8466035826771652
20
-4.1255882283464569
11
6.8452109448818899
21
-4.1235040551181106
0
LINE
8
BLACK
6
CONTINUOUS
10
6.8452109448818899
20
-4.1235040551181106
11
6.8431547244094491
21
-4.1204266929133855
0
LINE
8
BLACK
6
CONTINUOUS
10
6.8431547244094491
20
-4.1204266929133855
11
6.8387649606299208
21
-4.1160369291338581
0
LINE
8
BLACK
6
CONTINUOUS
10
6.8387649606299208
20
-4.1160369291338581
11
6.8367086614173225
21
-4.1146629527559053
0
LINE
8
BLACK
6
CONTINUOUS
10
6.8367086614173225
20
-4.1146629527559053
11
6.8336033858267715
21
-4.1125880314960632
0
LINE
8
BLACK
6
CONTINUOUS
10
6.8336033858267715
20
-4.1125880314960632
11
6.8336029527559052
21
-4.1125877952755907
0
LINE
8
BLACK
6
CONTINUOUS
10
6.8336029527559052
20
-4.1125877952755907
11
6.8278676377952756
21
-4.1102122047244096
0
LINE
8
BLACK
6
CONTINUOUS
10
6.8278676377952756
20
-4.1102122047244096
11
6.8217789370078741
21
-4.1090010629921263
0
LINE
8
BLACK
6
CONTINUOUS
10
6.8217789370078741
20
-4.1090010629921263
11
6.8217788582677166
21
-4.1090010629921263
0
LINE
8
BLACK
6
CONTINUOUS
10
6.8217788582677166
20
-4.1090010629921263
11
6.815570826771653
21
-4.1090010629921263
0
LINE
8
BLACK
6
CONTINUOUS
10
6.815570826771653
20
-4.1090010629921263
11
6.8155707086614168
21
-4.1090010629921263
0
LINE
8
BLACK
6
CONTINUOUS
10
6.8155707086614168
20
-4.1090010629921263
11
6.809482047244094
21
-4.1102122047244096
0
LINE
8
BLACK
6
CONTINUOUS
10
6.809482047244094
20
-4.1102122047244096
11
6.8094819685039365
21
-4.1102122047244096
0
LINE
8
BLACK
6
CONTINUOUS
10
6.8094819685039365
20
-4.1102122047244096
11
6.8037466929133856
21
-4.1125877952755907
0
LINE
8
BLACK
6
CONTINUOUS
10
6.8037466929133856
20
-4.1125877952755907
11
6.8037462598425194
21
-4.1125880314960632
0
LINE
8
BLACK
6
CONTINUOUS
10
6.8037462598425194
20
-4.1125880314960632
11
6.7985847244094488
21
-4.1160369291338581
0
LINE
8
BLACK
6
CONTINUOUS
10
6.7985847244094488
20
-4.1160369291338581
11
6.7985845669291338
21
-4.1160370472440944
0
LINE
8
BLACK
6
CONTINUOUS
10
6.7985845669291338
20
-4.1160370472440944
11
6.7941950787401577
21
-4.1204265354330705
0
LINE
8
BLACK
6
CONTINUOUS
10
6.7941950787401577
20
-4.1204265354330705
11
6.7941949606299215
21
-4.1204266929133855
0
LINE
8
BLACK
6
CONTINUOUS
10
6.7941949606299215
20
-4.1204266929133855
11
6.7907460629921257
21
-4.1255882283464569
0
LINE
8
BLACK
6
CONTINUOUS
10
6.7907460629921257
20
-4.1255882283464569
11
6.7907458267716532
21
-4.1255886614173232
0
LINE
8
BLACK
6
CONTINUOUS
10
6.7907458267716532
20
-4.1255886614173232
11
6.7883702362204721
21
-4.131323937007874
0
LINE
8
BLACK
6
CONTINUOUS
10
6.7883702362204721
20
-4.131323937007874
11
6.7883702362204721
21
-4.1313240157480315
0
LINE
8
BLACK
6
CONTINUOUS
10
6.7883702362204721
20
-4.1313240157480315
11
6.7871590944881888
21
-4.1374126771653543
0
LINE
8
BLACK
6
CONTINUOUS
10
6.7871590944881888
20
-4.1374126771653543
11
6.7871590944881888
21
-4.1436209055118107
0
LINE
8
BLACK
6
CONTINUOUS
10
6.7871590944881888
20
-4.1436209055118107
11
6.7879664960629924
21
-4.1476800000000003
0
LINE
8
BLACK
6
CONTINUOUS
10
6.7879664960629924
20
-4.1476800000000003
11
6.7882356692913381
21
-4.1490331889763779
0
LINE
8
BLACK
6
CONTINUOUS
10
6.7882356692913381
20
-4.1490331889763779
11
6.7883702362204721
21
-4.1497095669291335
0
LINE
8
BLACK
6
CONTINUOUS
10
6.7883702362204721
20
-4.1497095669291335
11
6.7883702362204721
21
-4.149709645669291
0
LINE
8
BLACK
6
CONTINUOUS
10
6.7883702362204721
20
-4.149709645669291
11
6.7907458267716532
21
-4.1554449212598428
0
LINE
8
BLACK
6
CONTINUOUS
10
6.7907458267716532
20
-4.1554449212598428
11
6.7907460629921257
21
-4.1554453543307082
0
LINE
8
BLACK
6
CONTINUOUS
10
6.7907460629921257
20
-4.1554453543307082
11
6.7926799999999998
21
-4.1583396456692912
0
LINE
8
BLACK
6
CONTINUOUS
10
6.7926799999999998
20
-4.1583396456692912
11
6.7941949606299215
21
-4.1606069291338583
0
LINE
8
BLACK
6
CONTINUOUS
10
6.7941949606299215
20
-4.1606069291338583
11
6.7985847244094488
21
-4.1649966929133857
0
LINE
8
BLACK
6
CONTINUOUS
10
6.7985847244094488
20
-4.1649966929133857
11
6.8010279527559057
21
-4.1666292125984254
0
LINE
8
BLACK
6
CONTINUOUS
10
6.8010279527559057
20
-4.1666292125984254
11
6.8037462598425194
21
-4.1684455511811018
0
LINE
8
BLACK
6
CONTINUOUS
10
6.8037462598425194
20
-4.1684455511811018
11
6.8037466929133856
21
-4.1684457874015743
0
LINE
8
BLACK
6
CONTINUOUS
10
6.8037466929133856
20
-4.1684457874015743
11
6.8056894881889765
21
-4.1692505118110237
0
LINE
8
BLACK
6
CONTINUOUS
10
6.8056894881889765
20
-4.1692505118110237
11
6.8075212204724407
21
-4.1708149212598427
0
LINE
8
BLACK
6
CONTINUOUS
10
6.8075212204724407
20
-4.1708149212598427
11
6.8080835826771651
21
-4.1731572440944884
0
LINE
8
BLACK
6
CONTINUOUS
10
6.8080835826771651
20
-4.1731572440944884
11
6.8071617716535435
21
-4.1753827559055114
0
LINE
8
BLACK
6
CONTINUOUS
10
6.8071617716535435
20
-4.1753827559055114
11
6.8051078740157482
21
-4.1766414173228341
0
LINE
8
BLACK
6
CONTINUOUS
10
6.8051078740157482
20
-4.1766414173228341
11
6.8041979527559056
21
-4.1767490944881889
0
LINE
8
BLACK
6
CONTINUOUS
10
6.8041979527559056
20
-4.1767490944881889
11
6.7887097637795275
21
-4.1767490944881889
0
LINE
8
BLACK
6
CONTINUOUS
10
6.7887097637795275
20
-4.1767490944881889
11
6.7864187795275592
21
-4.1760047244094487
0
LINE
8
BLACK
6
CONTINUOUS
10
6.7864187795275592
20
-4.1760047244094487
11
6.7859537401574803
21
-4.1756075196850393
0
LINE
8
BLACK
6
CONTINUOUS
10
6.7859537401574803
20
-4.1756075196850393
11
6.7828819685039372
21
-4.1725357874015749
0
LINE
8
BLACK
6
CONTINUOUS
10
6.7828819685039372
20
-4.1725357874015749
11
6.7828818897637797
21
-4.1725357086614174
0
LINE
8
BLACK
6
CONTINUOUS
10
6.7828818897637797
20
-4.1725357086614174
11
6.7774908661417319
21
-4.1694232283464565
0
LINE
8
BLACK
6
CONTINUOUS
10
6.7774908661417319
20
-4.1694232283464565
11
6.771477992125984
21
-4.1678120866141732
0
LINE
8
BLACK
6
CONTINUOUS
10
6.771477992125984
20
-4.1678120866141732
11
6.7652530314960631
21
-4.1678120866141732
0
LINE
8
BLACK
6
CONTINUOUS
10
6.7652530314960631
20
-4.1678120866141732
11
6.7592401574803151
21
-4.1694232283464565
0
LINE
8
BLACK
6
CONTINUOUS
10
6.7592401574803151
20
-4.1694232283464565
11
6.7538491338582674
21
-4.1725357086614174
0
LINE
8
BLACK
6
CONTINUOUS
10
6.7538491338582674
20
-4.1725357086614174
11
6.7494474015748027
21
-4.1769374409448821
0
LINE
8
BLACK
6
CONTINUOUS
10
6.7494474015748027
20
-4.1769374409448821
11
6.7463349212598427
21
-4.182328464566929
0
LINE
8
BLACK
6
CONTINUOUS
10
6.7463349212598427
20
-4.182328464566929
11
6.7447348425196845
21
-4.1883001574803149
0
LINE
8
BLACK
6
CONTINUOUS
10
6.7447348425196845
20
-4.1883001574803149
11
6.7447237795275585
21
-4.1883413779527556
0
LINE
8
BLACK
6
CONTINUOUS
10
6.7447237795275585
20
-4.1883413779527556
11
6.7447237795275585
21
-4.1895910236220475
0
LINE
8
BLACK
6
CONTINUOUS
10
6.7447237795275585
20
-4.1895910236220475
11
6.7439794094488184
21
-4.1918820078740158
0
LINE
8
BLACK
6
CONTINUOUS
10
6.7439794094488184
20
-4.1918820078740158
11
6.742030590551181
21
-4.1932979133858268
0
LINE
8
BLACK
6
CONTINUOUS
10
6.742030590551181
20
-4.1932979133858268
11
6.740826141732283
21
-4.193488661417323
0
LINE
8
BLACK
6
CONTINUOUS
10
6.740826141732283
20
-4.193488661417323
11
6.7354080314960632
21
-4.193488661417323
0
LINE
8
BLACK
6
CONTINUOUS
10
6.7354080314960632
20
-4.193488661417323
11
6.7293951574803152
21
-4.1950998031496063
0
LINE
8
BLACK
6
CONTINUOUS
10
6.7293951574803152
20
-4.1950998031496063
11
6.7240041338582675
21
-4.1982122834645672
0
LINE
8
BLACK
6
CONTINUOUS
10
6.7240041338582675
20
-4.1982122834645672
11
6.7196024015748028
21
-4.2026140157480318
0
LINE
8
BLACK
6
CONTINUOUS
10
6.7196024015748028
20
-4.2026140157480318
11
6.7164899212598428
21
-4.2080050393700787
0
LINE
8
BLACK
6
CONTINUOUS
10
6.7164899212598428
20
-4.2080050393700787
11
6.7148787795275586
21
-4.2140179133858267
0
LINE
8
BLACK
6
CONTINUOUS
10
6.7148787795275586
20
-4.2140179133858267
11
6.7148787795275586
21
-4.2202428740157476
0
LINE
8
BLACK
6
CONTINUOUS
10
6.7148787795275586
20
-4.2202428740157476
11
6.7164899212598428
21
-4.2262557480314964
0
LINE
8
BLACK
6
CONTINUOUS
10
6.7164899212598428
20
-4.2262557480314964
11
6.7196024015748028
21
-4.2316467716535433
0
LINE
8
BLACK
6
CONTINUOUS
10
6.7196024015748028
20
-4.2316467716535433
11
6.7240041338582675
21
-4.2360485039370079
0
LINE
8
BLACK
6
CONTINUOUS
10
6.7240041338582675
20
-4.2360485039370079
11
6.7293951574803152
21
-4.239160984251968
0
LINE
8
BLACK
6
CONTINUOUS
10
6.7293951574803152
20
-4.239160984251968
11
6.7354080314960632
21
-4.2407721259842521
0
LINE
8
BLACK
6
CONTINUOUS
10
6.7354080314960632
20
-4.2407721259842521
11
6.7354081102362207
21
-4.2407721259842521
0
LINE
8
BLACK
6
CONTINUOUS
10
6.7354081102362207
20
-4.2407721259842521
11
6.7416329133858266
21
-4.2407721259842521
0
LINE
8
BLACK
6
CONTINUOUS
10
6.7416329133858266
20
-4.2407721259842521
11
6.7416329921259841
21
-4.2407721259842521
0
LINE
8
BLACK
6
CONTINUOUS
10
6.7416329921259841
20
-4.2407721259842521
11
6.747645866141732
21
-4.239160984251968
0
LINE
8
BLACK
6
CONTINUOUS
10
6.747645866141732
20
-4.239160984251968
11
6.7530368897637798
21
-4.2360485039370079
0
LINE
8
BLACK
6
CONTINUOUS
10
6.7530368897637798
20
-4.2360485039370079
11
6.7574386220472435
21
-4.2316467716535433
0
LINE
8
BLACK
6
CONTINUOUS
10
6.7574386220472435
20
-4.2316467716535433
11
6.7605511023622045
21
-4.2262557480314964
0
LINE
8
BLACK
6
CONTINUOUS
10
6.7605511023622045
20
-4.2262557480314964
11
6.7621622440944877
21
-4.2202428740157476
0
LINE
8
BLACK
6
CONTINUOUS
10
6.7621622440944877
20
-4.2202428740157476
11
6.7621622440944877
21
-4.2189931889763779
0
LINE
8
BLACK
6
CONTINUOUS
10
6.7621622440944877
20
-4.2189931889763779
11
6.7629066141732279
21
-4.2167022047244096
0
LINE
8
BLACK
6
CONTINUOUS
10
6.7629066141732279
20
-4.2167022047244096
11
6.7648554330708661
21
-4.2152862992125986
0
LINE
8
BLACK
6
CONTINUOUS
10
6.7648554330708661
20
-4.2152862992125986
11
6.7660598818897633
21
-4.2150955511811024
0
LINE
8
BLACK
6
CONTINUOUS
10
6.7660598818897633
20
-4.2150955511811024
11
6.7714779133858265
21
-4.2150955511811024
0
LINE
8
BLACK
6
CONTINUOUS
10
6.7714779133858265
20
-4.2150955511811024
11
6.771477992125984
21
-4.2150955511811024
0
LINE
8
BLACK
6
CONTINUOUS
10
6.771477992125984
20
-4.2150955511811024
11
6.7774908661417319
21
-4.2134844094488191
0
LINE
8
BLACK
6
CONTINUOUS
10
6.7774908661417319
20
-4.2134844094488191
11
6.7828818897637797
21
-4.2103719291338582
0
LINE
8
BLACK
6
CONTINUOUS
10
6.7828818897637797
20
-4.2103719291338582
11
6.783827755905512
21
-4.2094260236220471
0
LINE
8
BLACK
6
CONTINUOUS
10
6.783827755905512
20
-4.2094260236220471
11
6.7859740157480317
21
-4.2083325196850394
0
LINE
8
BLACK
6
CONTINUOUS
10
6.7859740157480317
20
-4.2083325196850394
11
6.7865837401574804
21
-4.208284527559055
0
LINE
8
BLACK
6
CONTINUOUS
10
6.7865837401574804
20
-4.208284527559055
11
6.9317506299212601
21
-4.208284527559055
0
LINE
8
BLACK
6
CONTINUOUS
10
6.9317506299212601
20
-4.208284527559055
11
6.9317507086614167
21
-4.208284527559055
0
LINE
8
BLACK
6
CONTINUOUS
10
6.9317507086614167
20
-4.208284527559055
11
6.9357609842519681
21
-4.2072099999999999
0
LINE
8
BLACK
6
CONTINUOUS
10
6.9357609842519681
20
-4.2072099999999999
11
6.9357610629921256
21
-4.2072099212598424
0
LINE
8
BLACK
6
CONTINUOUS
10
6.9357610629921256
20
-4.2072099212598424
11
6.9357611417322831
21
-4.2072099212598424
0
LINE
8
BLACK
6
CONTINUOUS
10
6.9357611417322831
20
-4.2072099212598424
11
6.9393562598425191
21
-4.205134251968504
0
LINE
8
BLACK
6
CONTINUOUS
10
6.9393562598425191
20
-4.205134251968504
11
6.9393562598425191
21
-4.2051342125984252
0
LINE
8
BLACK
6
CONTINUOUS
10
6.9393562598425191
20
-4.2051342125984252
11
6.9393564566929129
21
-4.2051341338582677
0
LINE
8
BLACK
6
CONTINUOUS
10
6.9393564566929129
20
-4.2051341338582677
11
6.956190393700787
21
-4.1883001181102362
0
LINE
8
BLACK
6
CONTINUOUS
10
6.956190393700787
20
-4.1883001181102362
11
6.9583367322834642
21
-4.187206535433071
0
LINE
8
BLACK
6
CONTINUOUS
10
6.9583367322834642
20
-4.187206535433071
11
6.9589464566929129
21
-4.1871585433070866
0
LINE
8
BLACK
6
CONTINUOUS
10
6.9589464566929129
20
-4.1871585433070866
11
6.9617872440944879
21
-4.1871585433070866
0
LINE
8
BLACK
6
CONTINUOUS
10
6.9617872440944879
20
-4.1871585433070866
11
6.9617873228346454
21
-4.1871585433070866
0
LINE
8
BLACK
6
CONTINUOUS
10
6.9617873228346454
20
-4.1871585433070866
11
6.9678001968503933
21
-4.1855474015748033
0
LINE
8
BLACK
6
CONTINUOUS
10
6.9678001968503933
20
-4.1855474015748033
11
6.9731912204724411
21
-4.1824349212598424
0
LINE
8
BLACK
6
CONTINUOUS
10
6.9731912204724411
20
-4.1824349212598424
11
6.9775929527559057
21
-4.1780331889763778
0
LINE
8
BLACK
6
CONTINUOUS
10
6.9775929527559057
20
-4.1780331889763778
11
6.9807054330708658
21
-4.1726421653543309
0
LINE
8
BLACK
6
CONTINUOUS
10
6.9807054330708658
20
-4.1726421653543309
11
6.982316574803149
21
-4.166629291338583
0
LINE
8
BLACK
6
CONTINUOUS
10
6.982316574803149
20
-4.166629291338583
11
6.982316574803149
21
-4.1604043307086611
0
LINE
8
BLACK
6
CONTINUOUS
10
6.982316574803149
20
-4.1604043307086611
11
6.9807054330708658
21
-4.1543914566929132
0
LINE
8
BLACK
6
CONTINUOUS
10
6.9807054330708658
20
-4.1543914566929132
11
6.9775929527559057
21
-4.1490004330708663
0
LINE
8
BLACK
6
CONTINUOUS
10
6.9775929527559057
20
-4.1490004330708663
11
6.9731912204724411
21
-4.1445987007874017
0
LINE
8
BLACK
6
CONTINUOUS
10
6.9731912204724411
20
-4.1445987007874017
11
6.9678001968503933
21
-4.1414862204724407
0
LINE
8
BLACK
6
CONTINUOUS
10
6.9678001968503933
20
-4.1414862204724407
11
6.9617873228346454
21
-4.1398750787401575
0
LINE
8
BLACK
6
CONTINUOUS
10
6.9617873228346454
20
-4.1398750787401575
11
6.9555623622047245
21
-4.1398750787401575
0
LINE
8
BLACK
6
CONTINUOUS
10
6.9555623622047245
20
-4.1398750787401575
11
6.9495494881889766
21
-4.1414862204724407
0
LINE
8
BLACK
6
CONTINUOUS
10
6.9495494881889766
20
-4.1414862204724407
11
6.9441584645669288
21
-4.1445987007874017
0
LINE
8
BLACK
6
CONTINUOUS
10
6.9441584645669288
20
-4.1445987007874017
11
6.9397567322834641
21
-4.1490004330708663
0
LINE
8
BLACK
6
CONTINUOUS
10
6.9397567322834641
20
-4.1490004330708663
11
6.9366442519685041
21
-4.1543914566929132
0
LINE
8
BLACK
6
CONTINUOUS
10
6.9366442519685041
20
-4.1543914566929132
11
6.9353753937007871
21
-4.1591270078740159
0
LINE
8
BLACK
6
CONTINUOUS
10
6.9353753937007871
20
-4.1591270078740159
11
6.9350331102362199
21
-4.1604043700787399
0
LINE
8
BLACK
6
CONTINUOUS
10
6.9350331102362199
20
-4.1604043700787399
11
6.9350331102362199
21
-4.1632451181102361
0
LINE
8
BLACK
6
CONTINUOUS
10
6.9350331102362199
20
-4.1632451181102361
11
6.9349359055118107
21
-4.163544212598425
0
LINE
8
BLACK
6
CONTINUOUS
10
6.9349359055118107
20
-4.163544212598425
11
6.9349851181102364
21
-4.1638548425196849
0
LINE
8
BLACK
6
CONTINUOUS
10
6.9349851181102364
20
-4.1638548425196849
11
6.934570787401575
21
-4.1646679527559058
0
LINE
8
BLACK
6
CONTINUOUS
10
6.934570787401575
20
-4.1646679527559058
11
6.9342887401574798
21
-4.1655361023622044
0
LINE
8
BLACK
6
CONTINUOUS
10
6.9342887401574798
20
-4.1655361023622044
11
6.9338914960629916
21
-4.1660011811023621
0
LINE
8
BLACK
6
CONTINUOUS
10
6.9338914960629916
20
-4.1660011811023621
11
6.9295027559055118
21
-4.170389881889764
0
LINE
8
BLACK
6
CONTINUOUS
10
6.9295027559055118
20
-4.170389881889764
11
6.9273564566929133
21
-4.1714834645669292
0
LINE
8
BLACK
6
CONTINUOUS
10
6.9273564566929133
20
-4.1714834645669292
11
6.9249772440944879
21
-4.1711066141732278
0
LINE
8
BLACK
6
CONTINUOUS
10
6.9249772440944879
20
-4.1711066141732278
11
6.9232738976377952
21
-4.1694033070866139
0
LINE
8
BLACK
6
CONTINUOUS
10
6.9232738976377952
20
-4.1694033070866139
11
6.9228970866141735
21
-4.1670240944881884
0
LINE
8
BLACK
6
CONTINUOUS
10
6.9228970866141735
20
-4.1670240944881884
11
6.9233712598425194
21
-4.1656850787401574
0
LINE
8
BLACK
6
CONTINUOUS
10
6.9233712598425194
20
-4.1656850787401574
11
6.9257054330708661
21
-4.1616421653543307
0
LINE
8
BLACK
6
CONTINUOUS
10
6.9257054330708661
20
-4.1616421653543307
11
6.9273165748031493
21
-4.1556292913385828
0
LINE
8
BLACK
6
CONTINUOUS
10
6.9273165748031493
20
-4.1556292913385828
11
6.9273165748031493
21
-4.149404330708661
0
LINE
8
BLACK
6
CONTINUOUS
10
6.9273165748031493
20
-4.149404330708661
11
6.9257054330708661
21
-4.1433914566929131
0
LINE
8
BLACK
6
CONTINUOUS
10
6.9257054330708661
20
-4.1433914566929131
11
6.9225929527559051
21
-4.1380004330708662
0
LINE
8
BLACK
6
CONTINUOUS
10
6.9225929527559051
20
-4.1380004330708662
11
6.9220051968503933
21
-4.1374126771653543
0
LINE
8
BLACK
6
CONTINUOUS
10
6.9220051968503933
20
-4.1374126771653543
11
6.9205841338582674
21
-4.1359915748031497
0
LINE
8
BLACK
6
CONTINUOUS
10
6.9205841338582674
20
-4.1359915748031497
11
6.9194905511811022
21
-4.1338452362204725
0
LINE
8
BLACK
6
CONTINUOUS
10
6.9194905511811022
20
-4.1338452362204725
11
6.9194425590551178
21
-4.1332355511811025
0
LINE
8
BLACK
6
CONTINUOUS
10
6.9194425590551178
20
-4.1332355511811025
11
6.9194425590551178
21
-4.0816567716535435
0
LINE
8
BLACK
6
CONTINUOUS
10
6.9194425590551178
20
-4.0816567716535435
11
6.9194425590551178
21
-4.0006624409448817
0
LINE
8
BLACK
6
CONTINUOUS
10
6.9194425590551178
20
-4.0006624409448817
11
6.920186929133858
21
-3.9983714566929134
0
LINE
8
BLACK
6
CONTINUOUS
10
6.920186929133858
20
-3.9983714566929134
11
6.9205838976377949
21
-3.9979066141732282
0
LINE
8
BLACK
6
CONTINUOUS
10
6.9205838976377949
20
-3.9979066141732282
11
7.0043281102362203
21
-3.9141623622047241
0
LINE
8
BLACK
6
CONTINUOUS
10
7.0043281102362203
20
-3.9141623622047241
11
7.00647437007874
21
-3.9130688582677164
0
LINE
8
BLACK
6
CONTINUOUS
10
7.00647437007874
20
-3.9130688582677164
11
7.0080926771653544
21
-3.9131536220472438
0
LINE
8
BLACK
6
CONTINUOUS
10
7.0080926771653544
20
-3.9131536220472438
11
7.012825551181102
21
-3.914421811023622
0
LINE
8
BLACK
6
CONTINUOUS
10
7.012825551181102
20
-3.914421811023622
11
7.0128256299212595
21
-3.914421811023622
0
LINE
8
BLACK
6
CONTINUOUS
10
7.0128256299212595
20
-3.914421811023622
11
7.0190504330708663
21
-3.914421811023622
0
LINE
8
BLACK
6
CONTINUOUS
10
7.0190504330708663
20
-3.914421811023622
11
7.0190505118110238
21
-3.914421811023622
0
LINE
8
BLACK
6
CONTINUOUS
10
7.0190505118110238
20
-3.914421811023622
11
7.0250633858267717
21
-3.9128106692913387
0
LINE
8
BLACK
6
CONTINUOUS
10
7.0250633858267717
20
-3.9128106692913387
11
7.0304544094488186
21
-3.9096981889763778
0
LINE
8
BLACK
6
CONTINUOUS
10
7.0304544094488186
20
-3.9096981889763778
11
7.0348561417322832
21
-3.9052964566929131
0
LINE
8
BLACK
6
CONTINUOUS
10
7.0348561417322832
20
-3.9052964566929131
11
7.0379686220472442
21
-3.8999054330708662
0
LINE
8
BLACK
6
CONTINUOUS
10
7.0379686220472442
20
-3.8999054330708662
11
7.0395797637795274
21
-3.8938925590551179
0
LINE
8
BLACK
6
CONTINUOUS
10
7.0395797637795274
20
-3.8938925590551179
11
7.0395797637795274
21
-3.8876675984251969
0
LINE
8
BLACK
6
CONTINUOUS
10
7.0395797637795274
20
-3.8876675984251969
11
7.0379686220472442
21
-3.8816547244094486
0
LINE
8
BLACK
6
CONTINUOUS
10
7.0379686220472442
20
-3.8816547244094486
11
7.0348561417322832
21
-3.8762637007874017
0
LINE
8
BLACK
6
CONTINUOUS
10
7.0348561417322832
20
-3.8762637007874017
11
7.0304544094488186
21
-3.871861968503937
0
LINE
8
BLACK
6
CONTINUOUS
10
7.0304544094488186
20
-3.871861968503937
11
7.0250633858267717
21
-3.8687494881889761
0
LINE
8
BLACK
6
CONTINUOUS
10
7.0250633858267717
20
-3.8687494881889761
11
7.0190505118110238
21
-3.8671383464566929
0
LINE
8
BLACK
6
CONTINUOUS
10
7.0190505118110238
20
-3.8671383464566929
11
7.0190504330708663
21
-3.8671383464566929
0
LINE
8
BLACK
6
CONTINUOUS
10
7.0190504330708663
20
-3.8671383464566929
11
7.0162097244094488
21
-3.8671383464566929
0
LINE
8
BLACK
6
CONTINUOUS
10
7.0162097244094488
20
-3.8671383464566929
11
7.0139187401574805
21
-3.8663939763779527
0
LINE
8
BLACK
6
CONTINUOUS
10
7.0139187401574805
20
-3.8663939763779527
11
7.0134536614173228
21
-3.8659967716535433
0
LINE
8
BLACK
6
CONTINUOUS
10
7.0134536614173228
20
-3.8659967716535433
11
6.8350910236220468
21
-3.6876341338582677
0
LINE
8
BLACK
6
CONTINUOUS
10
6.8350910236220468
20
-3.6876341338582677
11
6.6566075984251967
21
-3.5091507086614171
0
LINE
8
BLACK
6
CONTINUOUS
10
6.6566075984251967
20
-3.5091507086614171
11
6.655514094488189
21
-3.5070044881889761
0
LINE
8
BLACK
6
CONTINUOUS
10
6.655514094488189
20
-3.5070044881889761
11
6.6558909055118107
21
-3.5046252755905511
0
LINE
8
BLACK
6
CONTINUOUS
10
6.6558909055118107
20
-3.5046252755905511
11
6.6575942519685034
21
-3.502921929133858
0
LINE
8
BLACK
6
CONTINUOUS
10
6.6575942519685034
20
-3.502921929133858
11
6.6593637401574801
21
-3.5024971259842519
0
LINE
8
BLACK
6
CONTINUOUS
10
6.6593637401574801
20
-3.5024971259842519
11
6.687741732283464
21
-3.5024971259842519
0
LINE
8
BLACK
6
CONTINUOUS
10
6.687741732283464
20
-3.5024971259842519
11
6.6900327165354332
21
-3.5032414960629921
0
LINE
8
BLACK
6
CONTINUOUS
10
6.6900327165354332
20
-3.5032414960629921
11
6.69049779527559
21
-3.5036387007874015
0
LINE
8
BLACK
6
CONTINUOUS
10
6.69049779527559
20
-3.5036387007874015
11
6.9898915354330704
21
-3.8030324409448819
0
LINE
8
BLACK
6
CONTINUOUS
10
6.9898915354330704
20
-3.8030324409448819
11
6.9909851181102365
21
-3.8051787795275591
0
LINE
8
BLACK
6
CONTINUOUS
10
6.9909851181102365
20
-3.8051787795275591
11
6.99103311023622
21
-3.8057885039370078
0
LINE
8
BLACK
6
CONTINUOUS
10
6.99103311023622
20
-3.8057885039370078
11
6.99103311023622
21
-3.8086292913385824
0
LINE
8
BLACK
6
CONTINUOUS
10
6.99103311023622
20
-3.8086292913385824
11
6.9926442519685041
21
-3.8146421653543308
0
LINE
8
BLACK
6
CONTINUOUS
10
6.9926442519685041
20
-3.8146421653543308
11
6.9957567322834642
21
-3.8200331889763777
0
LINE
8
BLACK
6
CONTINUOUS
10
6.9957567322834642
20
-3.8200331889763777
11
7.0001584645669288
21
-3.8244349212598423
0
LINE
8
BLACK
6
CONTINUOUS
10
7.0001584645669288
20
-3.8244349212598423
11
7.0055494881889766
21
-3.8275474015748032
0
LINE
8
BLACK
6
CONTINUOUS
10
7.0055494881889766
20
-3.8275474015748032
11
7.0115623622047245
21
-3.8291585433070865
0
LINE
8
BLACK
6
CONTINUOUS
10
7.0115623622047245
20
-3.8291585433070865
11
7.011562440944882
21
-3.8291585433070865
0
LINE
8
BLACK
6
CONTINUOUS
10
7.011562440944882
20
-3.8291585433070865
11
7.017787244094488
21
-3.8291585433070865
0
LINE
8
BLACK
6
CONTINUOUS
10
7.017787244094488
20
-3.8291585433070865
11
7.0177873228346455
21
-3.8291585433070865
0
LINE
8
BLACK
6
CONTINUOUS
10
7.0177873228346455
20
-3.8291585433070865
11
7.0238001968503934
21
-3.8275474015748032
0
LINE
8
BLACK
6
CONTINUOUS
10
7.0238001968503934
20
-3.8275474015748032
11
7.0291912204724412
21
-3.8244349212598423
0
LINE
8
BLACK
6
CONTINUOUS
10
7.0291912204724412
20
-3.8244349212598423
11
7.0335929527559058
21
-3.8200331889763777
0
LINE
8
BLACK
6
CONTINUOUS
10
7.0335929527559058
20
-3.8200331889763777
11
7.0367054330708658
21
-3.8146421653543308
0
LINE
8
BLACK
6
CONTINUOUS
10
7.0367054330708658
20
-3.8146421653543308
11
7.0383165748031491
21
-3.8086292913385824
0
LINE
8
BLACK
6
CONTINUOUS
10
7.0383165748031491
20
-3.8086292913385824
11
7.0383165748031491
21
-3.8024043307086615
0
LINE
8
BLACK
6
CONTINUOUS
10
7.0383165748031491
20
-3.8024043307086615
11
7.0367054330708658
21
-3.7963914566929131
0
LINE
8
BLACK
6
CONTINUOUS
10
7.0367054330708658
20
-3.7963914566929131
11
7.0335929527559058
21
-3.7910004330708662
0
LINE
8
BLACK
6
CONTINUOUS
10
7.0335929527559058
20
-3.7910004330708662
11
7.0291912204724412
21
-3.7865987007874016
0
LINE
8
BLACK
6
CONTINUOUS
10
7.0291912204724412
20
-3.7865987007874016
11
7.0238001968503934
21
-3.7834862204724407
0
LINE
8
BLACK
6
CONTINUOUS
10
7.0238001968503934
20
-3.7834862204724407
11
7.0177873228346455
21
-3.7818750787401574
0
LINE
8
BLACK
6
CONTINUOUS
10
7.0177873228346455
20
-3.7818750787401574
11
7.017787244094488
21
-3.7818750787401574
0
LINE
8
BLACK
6
CONTINUOUS
10
7.017787244094488
20
-3.7818750787401574
11
7.0149465354330705
21
-3.7818750787401574
0
LINE
8
BLACK
6
CONTINUOUS
10
7.0149465354330705
20
-3.7818750787401574
11
7.0126555511811022
21
-3.7811307086614172
0
LINE
8
BLACK
6
CONTINUOUS
10
7.0126555511811022
20
-3.7811307086614172
11
7.0121904724409445
21
-3.7807335039370078
0
LINE
8
BLACK
6
CONTINUOUS
10
7.0121904724409445
20
-3.7807335039370078
11
6.9343618897637791
21
-3.7029049212598424
0
LINE
8
BLACK
6
CONTINUOUS
10
6.9343618897637791
20
-3.7029049212598424
11
6.9318612992125983
21
-3.7004043307086611
0
LINE
8
BLACK
6
CONTINUOUS
10
6.9318612992125983
20
-3.7004043307086611
11
6.820206062992126
21
-3.5887490944881888
0
LINE
8
BLACK
6
CONTINUOUS
10
6.820206062992126
20
-3.5887490944881888
11
6.7055690551181097
21
-3.474112086614173
0
LINE
8
BLACK
6
CONTINUOUS
10
6.7055690551181097
20
-3.474112086614173
11
6.7055689370078735
21
-3.4741120078740155
0
LINE
8
BLACK
6
CONTINUOUS
10
6.7055689370078735
20
-3.4741120078740155
11
6.7055688976377947
21
-3.4741119685039368
0
LINE
8
BLACK
6
CONTINUOUS
10
6.7055688976377947
20
-3.4741119685039368
11
6.705568858267716
21
-3.474111929133858
0
LINE
8
BLACK
6
CONTINUOUS
10
6.705568858267716
20
-3.474111929133858
11
6.7019737007874012
21
-3.4720362598425196
0
LINE
8
BLACK
6
CONTINUOUS
10
6.7019737007874012
20
-3.4720362598425196
11
6.7019737795275587
21
-3.4720362598425196
0
LINE
8
BLACK
6
CONTINUOUS
10
6.7019737795275587
20
-3.4720362598425196
11
6.7004177559055114
21
-3.4716193307086614
0
LINE
8
BLACK
6
CONTINUOUS
10
6.7004177559055114
20
-3.4716193307086614
11
6.6979633070866136
21
-3.4709616929133857
0
LINE
8
BLACK
6
CONTINUOUS
10
6.6979633070866136
20
-3.4709616929133857
11
6.697963228346457
21
-3.4709616929133857
0
LINE
8
BLACK
6
CONTINUOUS
10
6.697963228346457
20
-3.4709616929133857
11
6.4125292125984252
21
-3.4709616929133857
0
LINE
8
BLACK
6
CONTINUOUS
10
6.4125292125984252
20
-3.4709616929133857
11
6.410238228346457
21
-3.4702173228346456
0
LINE
8
BLACK
6
CONTINUOUS
10
6.410238228346457
20
-3.4702173228346456
11
6.4097731496062993
21
-3.4698201181102362
0
LINE
8
BLACK
6
CONTINUOUS
10
6.4097731496062993
20
-3.4698201181102362
11
6.3689542125984246
21
-3.4290011417322832
0
LINE
8
BLACK
6
CONTINUOUS
10
6.3689542125984246
20
-3.4290011417322832
11
6.3678606299212595
21
-3.4268548031496064
0
LINE
8
BLACK
6
CONTINUOUS
10
6.3678606299212595
20
-3.4268548031496064
11
6.3678126377952751
21
-3.4262450787401573
0
LINE
8
BLACK
6
CONTINUOUS
10
6.3678126377952751
20
-3.4262450787401573
11
6.3678126377952751
21
-3.4234043307086615
0
LINE
8
BLACK
6
CONTINUOUS
10
6.3678126377952751
20
-3.4234043307086615
11
6.3678126377952751
21
-3.4234042913385827
0
LINE
8
BLACK
6
CONTINUOUS
10
6.3678126377952751
20
-3.4234042913385827
11
6.3662014960629918
21
-3.4173914173228344
0
LINE
8
BLACK
6
CONTINUOUS
10
6.3662014960629918
20
-3.4173914173228344
11
6.3630890157480318
21
-3.4120003937007874
0
LINE
8
BLACK
6
CONTINUOUS
10
6.3630890157480318
20
-3.4120003937007874
11
6.3586872834645671
21
-3.4075986614173228
0
LINE
8
BLACK
6
CONTINUOUS
10
6.3586872834645671
20
-3.4075986614173228
11
6.3532962598425193
21
-3.4044861811023623
0
LINE
8
BLACK
6
CONTINUOUS
10
6.3532962598425193
20
-3.4044861811023623
11
6.3472833858267714
21
-3.4028750393700786
0
LINE
8
BLACK
6
CONTINUOUS
10
6.3472833858267714
20
-3.4028750393700786
11
6.3410584251968505
21
-3.4028750393700786
0
LINE
8
BLACK
6
CONTINUOUS
10
6.3410584251968505
20
-3.4028750393700786
11
6.3395913779527557
21
-3.4032681102362203
0
LINE
8
BLACK
6
CONTINUOUS
10
6.3395913779527557
20
-3.4032681102362203
11
6.3360081496062994
21
-3.4042282283464567
0
LINE
8
BLACK
6
CONTINUOUS
10
6.3360081496062994
20
-3.4042282283464567
11
6.3336025984251965
21
-3.4041021259842519
0
LINE
8
BLACK
6
CONTINUOUS
10
6.3336025984251965
20
-3.4041021259842519
11
6.331730551181102
21
-3.4025861811023623
0
LINE
8
BLACK
6
CONTINUOUS
10
6.331730551181102
20
-3.4025861811023623
11
6.3311071259842517
21
-3.4002593700787402
0
LINE
8
BLACK
6
CONTINUOUS
10
6.3311071259842517
20
-3.4002593700787402
11
6.3316238976377948
21
-3.3985147244094489
0
LINE
8
BLACK
6
CONTINUOUS
10
6.3316238976377948
20
-3.3985147244094489
11
6.3327050393700786
21
-3.3966421653543306
0
LINE
8
BLACK
6
CONTINUOUS
10
6.3327050393700786
20
-3.3966421653543306
11
6.3343161811023618
21
-3.3906292913385827
0
LINE
8
BLACK
6
CONTINUOUS
10
6.3343161811023618
20
-3.3906292913385827
11
6.3343161811023618
21
-3.3844043307086613
0
LINE
8
BLACK
6
CONTINUOUS
10
6.3343161811023618
20
-3.3844043307086613
11
6.3327050393700786
21
-3.3783914566929134
0
LINE
8
BLACK
6
CONTINUOUS
10
6.3327050393700786
20
-3.3783914566929134
11
6.3295925590551176
21
-3.3730004330708661
0
LINE
8
BLACK
6
CONTINUOUS
10
6.3295925590551176
20
-3.3730004330708661
11
6.325190826771653
21
-3.3685987007874014
0
LINE
8
BLACK
6
CONTINUOUS
10
6.325190826771653
20
-3.3685987007874014
11
6.3197998031496061
21
-3.3654862204724409
0
LINE
8
BLACK
6
CONTINUOUS
10
6.3197998031496061
20
-3.3654862204724409
11
6.3137869291338582
21
-3.3638750787401572
0
LINE
8
BLACK
6
CONTINUOUS
10
6.3137869291338582
20
-3.3638750787401572
11
6.3075619685039372
21
-3.3638750787401572
0
LINE
8
BLACK
6
CONTINUOUS
10
6.3075619685039372
20
-3.3638750787401572
11
6.3015490944881885
21
-3.3654862204724409
0
LINE
8
BLACK
6
CONTINUOUS
10
6.3015490944881885
20
-3.3654862204724409
11
6.2961580708661415
21
-3.3685987007874014
0
LINE
8
BLACK
6
CONTINUOUS
10
6.2961580708661415
20
-3.3685987007874014
11
6.2917563385826769
21
-3.3730004330708661
0
LINE
8
BLACK
6
CONTINUOUS
10
6.2917563385826769
20
-3.3730004330708661
11
6.288643858267716
21
-3.3783914566929134
0
LINE
8
BLACK
6
CONTINUOUS
10
6.288643858267716
20
-3.3783914566929134
11
6.2870327165354327
21
-3.3844043307086613
0
LINE
8
BLACK
6
CONTINUOUS
10
6.2870327165354327
20
-3.3844043307086613
11
6.2870327165354327
21
-3.3906292913385827
0
LINE
8
BLACK
6
CONTINUOUS
10
6.2870327165354327
20
-3.3906292913385827
11
6.288643858267716
21
-3.3966421653543306
0
LINE
8
BLACK
6
CONTINUOUS
10
6.288643858267716
20
-3.3966421653543306
11
6.2917563385826769
21
-3.402033188976378
0
LINE
8
BLACK
6
CONTINUOUS
10
6.2917563385826769
20
-3.402033188976378
11
6.2937651968503934
21
-3.4040420472440944
0
LINE
8
BLACK
6
CONTINUOUS
10
6.2937651968503934
20
-3.4040420472440944
11
6.2948587401574798
21
-3.4061883070866141
0
LINE
8
BLACK
6
CONTINUOUS
10
6.2948587401574798
20
-3.4061883070866141
11
6.2949067322834642
21
-3.4067980314960629
0
LINE
8
BLACK
6
CONTINUOUS
10
6.2949067322834642
20
-3.4067980314960629
11
6.2949067322834642
21
-3.452228346456693
0
LINE
8
BLACK
6
CONTINUOUS
10
6.2949067322834642
20
-3.452228346456693
11
6.294162362204724
21
-3.4545193307086612
0
LINE
8
BLACK
6
CONTINUOUS
10
6.294162362204724
20
-3.4545193307086612
11
6.2922135433070867
21
-3.4559352362204723
0
LINE
8
BLACK
6
CONTINUOUS
10
6.2922135433070867
20
-3.4559352362204723
11
6.2898046456692915
21
-3.4559352362204723
0
LINE
8
BLACK
6
CONTINUOUS
10
6.2898046456692915
20
-3.4559352362204723
11
6.2882530314960627
21
-3.4549844094488189
0
LINE
8
BLACK
6
CONTINUOUS
10
6.2882530314960627
20
-3.4549844094488189
11
6.2767958267716537
21
-3.4435272047244094
0
LINE
8
BLACK
6
CONTINUOUS
10
6.2767958267716537
20
-3.4435272047244094
11
6.2513835826771649
21
-3.4181149212598423
0
LINE
8
BLACK
6
CONTINUOUS
10
6.2513835826771649
20
-3.4181149212598423
11
6.2513834645669286
21
-3.4181148425196848
0
LINE
8
BLACK
6
CONTINUOUS
10
6.2513834645669286
20
-3.4181148425196848
11
6.2513833858267711
21
-3.4181147637795273
0
LINE
8
BLACK
6
CONTINUOUS
10
6.2513833858267711
20
-3.4181147637795273
11
6.2477882283464563
21
-3.4160390944881889
0
LINE
8
BLACK
6
CONTINUOUS
10
6.2477882283464563
20
-3.4160390944881889
11
6.2477883070866138
21
-3.4160390944881889
0
LINE
8
BLACK
6
CONTINUOUS
10
6.2477883070866138
20
-3.4160390944881889
11
6.2462322834645665
21
-3.4156221653543306
0
LINE
8
BLACK
6
CONTINUOUS
10
6.2462322834645665
20
-3.4156221653543306
11
6.2437778346456687
21
-3.414964527559055
0
LINE
8
BLACK
6
CONTINUOUS
10
6.2437778346456687
20
-3.414964527559055
11
6.2437777559055121
21
-3.414964527559055
0
LINE
8
BLACK
6
CONTINUOUS
10
6.2437777559055121
20
-3.414964527559055
11
6.1351960236220471
21
-3.414964527559055
0
LINE
8
BLACK
6
CONTINUOUS
10
6.1351960236220471
20
-3.414964527559055
11
6.1329050393700788
21
-3.4142201574803148
0
LINE
8
BLACK
6
CONTINUOUS
10
6.1329050393700788
20
-3.4142201574803148
11
6.1314891338582678
21
-3.4122713385826771
0
LINE
8
BLACK
6
CONTINUOUS
10
6.1314891338582678
20
-3.4122713385826771
11
6.1314891338582678
21
-3.4098624409448819
0
LINE
8
BLACK
6
CONTINUOUS
10
6.1314891338582678
20
-3.4098624409448819
11
6.1329050393700788
21
-3.4079136220472441
0
LINE
8
BLACK
6
CONTINUOUS
10
6.1329050393700788
20
-3.4079136220472441
11
6.1341871259842522
21
-3.4073020866141732
0
LINE
8
BLACK
6
CONTINUOUS
10
6.1341871259842522
20
-3.4073020866141732
11
6.1384301181102359
21
-3.4061651968503934
0
LINE
8
BLACK
6
CONTINUOUS
10
6.1384301181102359
20
-3.4061651968503934
11
6.1438211417322837
21
-3.403052716535433
0
LINE
8
BLACK
6
CONTINUOUS
10
6.1438211417322837
20
-3.403052716535433
11
6.1482228740157483
21
-3.3986509842519683
0
LINE
8
BLACK
6
CONTINUOUS
10
6.1482228740157483
20
-3.3986509842519683
11
6.1513353543307083
21
-3.393259960629921
0
LINE
8
BLACK
6
CONTINUOUS
10
6.1513353543307083
20
-3.393259960629921
11
6.1529464960629916
21
-3.3872470866141731
0
LINE
8
BLACK
6
CONTINUOUS
10
6.1529464960629916
20
-3.3872470866141731
11
6.1529464960629916
21
-3.3810221259842521
0
LINE
8
BLACK
6
CONTINUOUS
10
6.1529464960629916
20
-3.3810221259842521
11
6.1513353543307083
21
-3.3750092519685038
0
LINE
8
BLACK
6
CONTINUOUS
10
6.1513353543307083
20
-3.3750092519685038
11
6.1482228740157483
21
-3.3696182283464564
0
LINE
8
BLACK
6
CONTINUOUS
10
6.1482228740157483
20
-3.3696182283464564
11
6.1438211417322837
21
-3.3652164960629922
0
LINE
8
BLACK
6
CONTINUOUS
10
6.1438211417322837
20
-3.3652164960629922
11
6.1384301181102359
21
-3.3621040157480313
0
LINE
8
BLACK
6
CONTINUOUS
10
6.1384301181102359
20
-3.3621040157480313
11
6.132417244094488
21
-3.360492874015748
0
LINE
8
BLACK
6
CONTINUOUS
10
6.132417244094488
20
-3.360492874015748
11
6.126192283464567
21
-3.360492874015748
0
LINE
8
BLACK
6
CONTINUOUS
10
6.126192283464567
20
-3.360492874015748
11
6.1201794094488191
21
-3.3621040157480313
0
LINE
8
BLACK
6
CONTINUOUS
10
6.1201794094488191
20
-3.3621040157480313
11
6.1147883858267713
21
-3.3652164960629922
0
LINE
8
BLACK
6
CONTINUOUS
10
6.1147883858267713
20
-3.3652164960629922
11
6.1103866535433067
21
-3.3696182283464564
0
LINE
8
BLACK
6
CONTINUOUS
10
6.1103866535433067
20
-3.3696182283464564
11
6.1072741732283466
21
-3.3750092519685038
0
LINE
8
BLACK
6
CONTINUOUS
10
6.1072741732283466
20
-3.3750092519685038
11
6.1056630314960625
21
-3.3810221259842521
0
LINE
8
BLACK
6
CONTINUOUS
10
6.1056630314960625
20
-3.3810221259842521
11
6.1056630314960625
21
-3.3872470866141731
0
LINE
8
BLACK
6
CONTINUOUS
10
6.1056630314960625
20
-3.3872470866141731
11
6.1072741732283466
21
-3.393259960629921
0
LINE
8
BLACK
6
CONTINUOUS
10
6.1072741732283466
20
-3.393259960629921
11
6.1103866535433067
21
-3.3986509842519683
0
LINE
8
BLACK
6
CONTINUOUS
10
6.1103866535433067
20
-3.3986509842519683
11
6.1147883858267713
21
-3.403052716535433
0
LINE
8
BLACK
6
CONTINUOUS
10
6.1147883858267713
20
-3.403052716535433
11
6.1201794094488191
21
-3.4061651968503934
0
LINE
8
BLACK
6
CONTINUOUS
10
6.1201794094488191
20
-3.4061651968503934
11
6.1244223228346453
21
-3.4073020472440945
0
LINE
8
BLACK
6
CONTINUOUS
10
6.1244223228346453
20
-3.4073020472440945
11
6.1264425196850389
21
-3.4086140157480314
0
LINE
8
BLACK
6
CONTINUOUS
10
6.1264425196850389
20
-3.4086140157480314
11
6.1273057874015748
21
-3.4108629133858268
0
LINE
8
BLACK
6
CONTINUOUS
10
6.1273057874015748
20
-3.4108629133858268
11
6.1266823228346459
21
-3.4131896850393701
0
LINE
8
BLACK
6
CONTINUOUS
10
6.1266823228346459
20
-3.4131896850393701
11
6.1248103149606301
21
-3.4147056299212597
0
LINE
8
BLACK
6
CONTINUOUS
10
6.1248103149606301
20
-3.4147056299212597
11
6.1234135039370079
21
-3.414964527559055
0
LINE
8
BLACK
6
CONTINUOUS
10
6.1234135039370079
20
-3.414964527559055
11
6.0910679133858263
21
-3.414964527559055
0
LINE
8
BLACK
6
CONTINUOUS
10
6.0910679133858263
20
-3.414964527559055
11
6.088776929133858
21
-3.4142201574803148
0
LINE
8
BLACK
6
CONTINUOUS
10
6.088776929133858
20
-3.4142201574803148
11
6.087361023622047
21
-3.4122713385826771
0
LINE
8
BLACK
6
CONTINUOUS
10
6.087361023622047
20
-3.4122713385826771
11
6.087361023622047
21
-3.4098624409448819
0
LINE
8
BLACK
6
CONTINUOUS
10
6.087361023622047
20
-3.4098624409448819
11
6.087692440944882
21
-3.4091181102362205
0
LINE
8
BLACK
6
CONTINUOUS
10
6.087692440944882
20
-3.4091181102362205
11
6.0877862598425194
21
-3.408955590551181
0
LINE
8
BLACK
6
CONTINUOUS
10
6.0877862598425194
20
-3.408955590551181
11
6.0883845275590547
21
-3.4079193700787402
0
LINE
8
BLACK
6
CONTINUOUS
10
6.0883845275590547
20
-3.4079193700787402
11
6.0899956692913388
21
-3.4019064960629919
0
LINE
8
BLACK
6
CONTINUOUS
10
6.0899956692913388
20
-3.4019064960629919
11
6.0899956692913388
21
-3.3956815354330709
0
LINE
8
BLACK
6
CONTINUOUS
10
6.0899956692913388
20
-3.3956815354330709
11
6.0883845275590547
21
-3.3896686614173226
0
LINE
8
BLACK
6
CONTINUOUS
10
6.0883845275590547
20
-3.3896686614173226
11
6.0852720472440947
21
-3.3842776377952757
0
LINE
8
BLACK
6
CONTINUOUS
10
6.0852720472440947
20
-3.3842776377952757
11
6.08087031496063
21
-3.3798759055118111
0
LINE
8
BLACK
6
CONTINUOUS
10
6.08087031496063
20
-3.3798759055118111
11
6.0754792913385822
21
-3.3767634251968501
0
LINE
8
BLACK
6
CONTINUOUS
10
6.0754792913385822
20
-3.3767634251968501
11
6.0694664173228343
21
-3.3751522834645669
0
LINE
8
BLACK
6
CONTINUOUS
10
6.0694664173228343
20
-3.3751522834645669
11
6.0632414566929134
21
-3.3751522834645669
0
LINE
8
BLACK
6
CONTINUOUS
10
6.0632414566929134
20
-3.3751522834645669
11
6.0602349999999996
21
-3.3759578346456691
0
LINE
8
BLACK
6
CONTINUOUS
10
6.0602349999999996
20
-3.3759578346456691
11
6.057228503937008
21
-3.3767634251968501
0
LINE
8
BLACK
6
CONTINUOUS
10
6.057228503937008
20
-3.3767634251968501
11
6.0517190551181104
21
-3.3799442913385827
0
LINE
8
BLACK
6
CONTINUOUS
10
6.0517190551181104
20
-3.3799442913385827
11
6.0493628346456694
21
-3.3804451181102362
0
LINE
8
BLACK
6
CONTINUOUS
10
6.0493628346456694
20
-3.3804451181102362
11
6.0471622047244091
21
-3.3794653149606297
0
LINE
8
BLACK
6
CONTINUOUS
10
6.0471622047244091
20
-3.3794653149606297
11
6.0463948031496058
21
-3.3785176377952757
0
LINE
8
BLACK
6
CONTINUOUS
10
6.0463948031496058
20
-3.3785176377952757
11
6.0463397637795273
21
-3.3784223228346457
0
LINE
8
BLACK
6
CONTINUOUS
10
6.0463397637795273
20
-3.3784223228346457
11
6.0463397244094486
21
-3.3784222440944882
0
LINE
8
BLACK
6
CONTINUOUS
10
6.0463397244094486
20
-3.3784222440944882
11
6.0419379921259839
21
-3.3740205118110236
0
LINE
8
BLACK
6
CONTINUOUS
10
6.0419379921259839
20
-3.3740205118110236
11
6.036546968503937
21
-3.3709080314960631
0
LINE
8
BLACK
6
CONTINUOUS
10
6.036546968503937
20
-3.3709080314960631
11
6.0305340944881891
21
-3.3692968897637794
0
LINE
8
BLACK
6
CONTINUOUS
10
6.0305340944881891
20
-3.3692968897637794
11
6.0243091338582673
21
-3.3692968897637794
0
LINE
8
BLACK
6
CONTINUOUS
10
6.0243091338582673
20
-3.3692968897637794
11
6.0182962598425194
21
-3.3709080314960631
0
LINE
8
BLACK
6
CONTINUOUS
10
6.0182962598425194
20
-3.3709080314960631
11
6.0129052362204725
21
-3.3740205118110236
0
LINE
8
BLACK
6
CONTINUOUS
10
6.0129052362204725
20
-3.3740205118110236
11
6.0085035039370078
21
-3.3784222440944882
0
LINE
8
BLACK
6
CONTINUOUS
10
6.0085035039370078
20
-3.3784222440944882
11
6.0053910236220469
21
-3.3838132677165356
0
LINE
8
BLACK
6
CONTINUOUS
10
6.0053910236220469
20
-3.3838132677165356
11
6.0037798818897636
21
-3.3898261417322835
0
LINE
8
BLACK
6
CONTINUOUS
10
6.0037798818897636
20
-3.3898261417322835
11
6.0037798818897636
21
-3.3960511023622049
0
LINE
8
BLACK
6
CONTINUOUS
10
6.0037798818897636
20
-3.3960511023622049
11
6.0039382677165349
21
-3.3966421653543306
0
LINE
8
BLACK
6
CONTINUOUS
10
6.0039382677165349
20
-3.3966421653543306
11
6.0053910236220469
21
-3.4020640157480315
0
LINE
8
BLACK
6
CONTINUOUS
10
6.0053910236220469
20
-3.4020640157480315
11
6.0067389763779522
21
-3.4043987401574802
0
LINE
8
BLACK
6
CONTINUOUS
10
6.0067389763779522
20
-3.4043987401574802
11
6.0072398031496066
21
-3.4067549606299212
0
LINE
8
BLACK
6
CONTINUOUS
10
6.0072398031496066
20
-3.4067549606299212
11
6.0062600000000002
21
-3.408955590551181
0
LINE
8
BLACK
6
CONTINUOUS
10
6.0062600000000002
20
-3.408955590551181
11
6.0041738188976375
21
-3.4101599999999999
0
LINE
8
BLACK
6
CONTINUOUS
10
6.0041738188976375
20
-3.4101599999999999
11
6.0033635039370079
21
-3.4102451574803148
0
LINE
8
BLACK
6
CONTINUOUS
10
6.0033635039370079
20
-3.4102451574803148
11
5.9228716141732285
21
-3.4102451574803148
0
LINE
8
BLACK
6
CONTINUOUS
10
5.9228716141732285
20
-3.4102451574803148
11
5.9187198818897633
21
-3.4102451574803148
0
LINE
8
BLACK
6
CONTINUOUS
10
5.9187198818897633
20
-3.4102451574803148
11
5.916607992125984
21
-3.4108110236220472
0
LINE
8
BLACK
6
CONTINUOUS
10
5.916607992125984
20
-3.4108110236220472
11
5.9147094094488191
21
-3.4113197244094486
0
LINE
8
BLACK
6
CONTINUOUS
10
5.9147094094488191
20
-3.4113197244094486
11
5.9111142913385821
21
-3.4133953937007875
0
LINE
8
BLACK
6
CONTINUOUS
10
5.9111142913385821
20
-3.4133953937007875
11
5.9111140944881893
21
-3.4133955511811025
0
LINE
8
BLACK
6
CONTINUOUS
10
5.9111140944881893
20
-3.4133955511811025
11
5.906902125984252
21
-3.4176075196850393
0
LINE
8
BLACK
6
CONTINUOUS
10
5.906902125984252
20
-3.4176075196850393
11
5.9047558267716536
21
-3.4187011023622045
0
LINE
8
BLACK
6
CONTINUOUS
10
5.9047558267716536
20
-3.4187011023622045
11
5.9041461023622048
21
-3.4187490944881889
0
LINE
8
BLACK
6
CONTINUOUS
10
5.9041461023622048
20
-3.4187490944881889
11
5.8548528740157479
21
-3.4187490944881889
0
LINE
8
BLACK
6
CONTINUOUS
10
5.8548528740157479
20
-3.4187490944881889
11
5.8525618897637797
21
-3.4180047244094487
0
LINE
8
BLACK
6
CONTINUOUS
10
5.8525618897637797
20
-3.4180047244094487
11
5.8518027165354329
21
-3.4171616535433071
0
LINE
8
BLACK
6
CONTINUOUS
10
5.8518027165354329
20
-3.4171616535433071
11
5.8517485826771649
21
-3.4172032283464566
0
LINE
8
BLACK
6
CONTINUOUS
10
5.8517485826771649
20
-3.4172032283464566
11
5.8515931102362204
21
-3.4170006299212599
0
LINE
8
BLACK
6
CONTINUOUS
10
5.8515931102362204
20
-3.4170006299212599
11
5.8515929921259842
21
-3.4170005118110236
0
LINE
8
BLACK
6
CONTINUOUS
10
5.8515929921259842
20
-3.4170005118110236
11
5.8515929527559054
21
-3.4170004330708661
0
LINE
8
BLACK
6
CONTINUOUS
10
5.8515929527559054
20
-3.4170004330708661
11
5.8471912204724408
21
-3.4125987007874015
0
LINE
8
BLACK
6
CONTINUOUS
10
5.8471912204724408
20
-3.4125987007874015
11
5.8418001968503939
21
-3.409486220472441
0
LINE
8
BLACK
6
CONTINUOUS
10
5.8418001968503939
20
-3.409486220472441
11
5.835787322834646
21
-3.4078750787401573
0
LINE
8
BLACK
6
CONTINUOUS
10
5.835787322834646
20
-3.4078750787401573
11
5.8295623622047241
21
-3.4078750787401573
0
LINE
8
BLACK
6
CONTINUOUS
10
5.8295623622047241
20
-3.4078750787401573
11
5.8235494881889762
21
-3.409486220472441
0
LINE
8
BLACK
6
CONTINUOUS
10
5.8235494881889762
20
-3.409486220472441
11
5.8181584645669293
21
-3.4125987007874015
0
LINE
8
BLACK
6
CONTINUOUS
10
5.8181584645669293
20
-3.4125987007874015
11
5.8137567322834647
21
-3.4170004330708661
0
LINE
8
BLACK
6
CONTINUOUS
10
5.8137567322834647
20
-3.4170004330708661
11
5.8106442519685038
21
-3.4223914566929134
0
LINE
8
BLACK
6
CONTINUOUS
10
5.8106442519685038
20
-3.4223914566929134
11
5.8090331102362205
21
-3.4284043307086614
0
LINE
8
BLACK
6
CONTINUOUS
10
5.8090331102362205
20
-3.4284043307086614
11
5.8090331102362205
21
-3.4346292913385827
0
LINE
8
BLACK
6
CONTINUOUS
10
7.0410336614173223
20
-4.50062874015748
11
7.0426448031496065
21
-4.5066416141732279
0
LINE
8
BLACK
6
CONTINUOUS
10
7.0426448031496065
20
-4.5066416141732279
11
7.0457572834645665
21
-4.5120326377952757
0
LINE
8
BLACK
6
CONTINUOUS
10
7.0457572834645665
20
-4.5120326377952757
11
7.0501590157480312
21
-4.5164343700787404
0
LINE
8
BLACK
6
CONTINUOUS
10
7.0501590157480312
20
-4.5164343700787404
11
7.055550039370079
21
-4.5195468503937004
0
LINE
8
BLACK
6
CONTINUOUS
10
7.055550039370079
20
-4.5195468503937004
11
7.0615629133858269
21
-4.5211579921259846
0
LINE
8
BLACK
6
CONTINUOUS
10
7.0615629133858269
20
-4.5211579921259846
11
7.0615629921259844
21
-4.5211579921259846
0
LINE
8
BLACK
6
CONTINUOUS
10
7.0615629921259844
20
-4.5211579921259846
11
7.0677877952755903
21
-4.5211579921259846
0
LINE
8
BLACK
6
CONTINUOUS
10
7.0677877952755903
20
-4.5211579921259846
11
7.0677878740157478
21
-4.5211579921259846
0
LINE
8
BLACK
6
CONTINUOUS
10
7.0677878740157478
20
-4.5211579921259846
11
7.0738007480314957
21
-4.5195468503937004
0
LINE
8
BLACK
6
CONTINUOUS
10
7.0738007480314957
20
-4.5195468503937004
11
7.0791917716535435
21
-4.5164343700787404
0
LINE
8
BLACK
6
CONTINUOUS
10
7.0791917716535435
20
-4.5164343700787404
11
7.0835935039370082
21
-4.5120326377952757
0
LINE
8
BLACK
6
CONTINUOUS
10
7.0835935039370082
20
-4.5120326377952757
11
7.0840620078740155
21
-4.5112211023622049
0
LINE
8
BLACK
6
CONTINUOUS
10
7.0840620078740155
20
-4.5112211023622049
11
7.0858520866141728
21
-4.509609251968504
0
LINE
8
BLACK
6
CONTINUOUS
10
7.0858520866141728
20
-4.509609251968504
11
7.0882477952755902
21
-4.5093574015748032
0
LINE
8
BLACK
6
CONTINUOUS
10
7.0882477952755902
20
-4.5093574015748032
11
7.0903339370078742
21
-4.5105618110236216
0
LINE
8
BLACK
6
CONTINUOUS
10
7.0903339370078742
20
-4.5105618110236216
11
7.0908128346456687
21
-4.5112209448818898
0
LINE
8
BLACK
6
CONTINUOUS
10
7.0908128346456687
20
-4.5112209448818898
11
7.0911274015748029
21
-4.5117657874015746
0
LINE
8
BLACK
6
CONTINUOUS
10
7.0911274015748029
20
-4.5117657874015746
11
7.0955291338582676
21
-4.5161675196850393
0
LINE
8
BLACK
6
CONTINUOUS
10
7.0955291338582676
20
-4.5161675196850393
11
7.1009201574803145
21
-4.5192800000000002
0
LINE
8
BLACK
6
CONTINUOUS
10
7.1009201574803145
20
-4.5192800000000002
11
7.1069330314960633
21
-4.5208911417322835
0
LINE
8
BLACK
6
CONTINUOUS
10
7.1069330314960633
20
-4.5208911417322835
11
7.1069331102362199
21
-4.5208911417322835
0
LINE
8
BLACK
6
CONTINUOUS
10
7.1069331102362199
20
-4.5208911417322835
11
7.1131579133858267
21
-4.5208911417322835
0
LINE
8
BLACK
6
CONTINUOUS
10
7.1131579133858267
20
-4.5208911417322835
11
7.1131579921259842
21
-4.5208911417322835
0
LINE
8
BLACK
6
CONTINUOUS
10
7.1131579921259842
20
-4.5208911417322835
11
7.1191708661417321
21
-4.5192800000000002
0
LINE
8
BLACK
6
CONTINUOUS
10
7.1191708661417321
20
-4.5192800000000002
11
7.124561889763779
21
-4.5161675196850393
0
LINE
8
BLACK
6
CONTINUOUS
10
7.124561889763779
20
-4.5161675196850393
11
7.1289636220472437
21
-4.5117657874015746
0
LINE
8
BLACK
6
CONTINUOUS
10
7.1289636220472437
20
-4.5117657874015746
11
7.1320761023622046
21
-4.5063747637795277
0
LINE
8
BLACK
6
CONTINUOUS
10
7.1320761023622046
20
-4.5063747637795277
11
7.1336872440944878
21
-4.5003618897637798
0
LINE
8
BLACK
6
CONTINUOUS
10
7.1336872440944878
20
-4.5003618897637798
11
7.1336872440944878
21
-4.494136929133858
0
LINE
8
BLACK
6
CONTINUOUS
10
7.1336872440944878
20
-4.494136929133858
11
7.1320761023622046
21
-4.4881240551181101
0
LINE
8
BLACK
6
CONTINUOUS
10
7.1320761023622046
20
-4.4881240551181101
11
7.1289636220472437
21
-4.4827330314960632
0
LINE
8
BLACK
6
CONTINUOUS
10
7.1289636220472437
20
-4.4827330314960632
11
7.124561889763779
21
-4.4783312992125985
0
LINE
8
BLACK
6
CONTINUOUS
10
7.124561889763779
20
-4.4783312992125985
11
7.1191708661417321
21
-4.4752188188976376
0
LINE
8
BLACK
6
CONTINUOUS
10
7.1191708661417321
20
-4.4752188188976376
11
7.1131579921259842
21
-4.4736076771653543
0
LINE
8
BLACK
6
CONTINUOUS
10
7.1131579921259842
20
-4.4736076771653543
11
7.1069330314960633
21
-4.4736076771653543
0
LINE
8
BLACK
6
CONTINUOUS
10
7.1069330314960633
20
-4.4736076771653543
11
7.1009201574803145
21
-4.4752188188976376
0
LINE
8
BLACK
6
CONTINUOUS
10
7.1009201574803145
20
-4.4752188188976376
11
7.0955291338582676
21
-4.4783312992125985
0
LINE
8
BLACK
6
CONTINUOUS
10
7.0955291338582676
20
-4.4783312992125985
11
7.0911273228346454
21
-4.4827331102362207
0
LINE
8
BLACK
6
CONTINUOUS
10
7.0911273228346454
20
-4.4827331102362207
11
7.0906587795275593
21
-4.4835446456692916
0
LINE
8
BLACK
6
CONTINUOUS
10
7.0906587795275593
20
-4.4835446456692916
11
7.0888685826771649
21
-4.4851564566929136
0
LINE
8
BLACK
6
CONTINUOUS
10
7.0888685826771649
20
-4.4851564566929136
11
7.0864729133858262
21
-4.4854081889763782
0
LINE
8
BLACK
6
CONTINUOUS
10
7.0864729133858262
20
-4.4854081889763782
11
7.0843868110236219
21
-4.4842037007874014
0
LINE
8
BLACK
6
CONTINUOUS
10
7.0843868110236219
20
-4.4842037007874014
11
7.0839080314960627
21
-4.4835446456692916
0
LINE
8
BLACK
6
CONTINUOUS
10
7.0839080314960627
20
-4.4835446456692916
11
7.0835935039370082
21
-4.4829998818897634
0
LINE
8
BLACK
6
CONTINUOUS
10
7.0835935039370082
20
-4.4829998818897634
11
7.0791917716535435
21
-4.4785981496062988
0
LINE
8
BLACK
6
CONTINUOUS
10
7.0791917716535435
20
-4.4785981496062988
11
7.0738007480314957
21
-4.4754856692913387
0
LINE
8
BLACK
6
CONTINUOUS
10
7.0738007480314957
20
-4.4754856692913387
11
7.0677878740157478
21
-4.4738745275590555
0
LINE
8
BLACK
6
CONTINUOUS
10
7.0677878740157478
20
-4.4738745275590555
11
7.0615629133858269
21
-4.4738745275590555
0
LINE
8
BLACK
6
CONTINUOUS
10
7.0615629133858269
20
-4.4738745275590555
11
7.055550039370079
21
-4.4754856692913387
0
LINE
8
BLACK
6
CONTINUOUS
10
7.055550039370079
20
-4.4754856692913387
11
7.0501590157480312
21
-4.4785981496062988
0
LINE
8
BLACK
6
CONTINUOUS
10
7.0501590157480312
20
-4.4785981496062988
11
7.0457572834645665
21
-4.4829998818897634
0
LINE
8
BLACK
6
CONTINUOUS
10
7.0457572834645665
20
-4.4829998818897634
11
7.0426448031496065
21
-4.4883909055118112
0
LINE
8
BLACK
6
CONTINUOUS
10
7.0426448031496065
20
-4.4883909055118112
11
7.0410336614173223
21
-4.4944037795275591
0
LINE
8
BLACK
6
CONTINUOUS
10
7.0410336614173223
20
-4.4944037795275591
11
7.0410336614173223
21
-4.50062874015748
0
LINE
8
BLACK
6
CONTINUOUS
10
4.6680331102362205
20
-4.4754520472440946
11
4.6696442519685037
21
-4.4814649212598425
0
LINE
8
BLACK
6
CONTINUOUS
10
4.6696442519685037
20
-4.4814649212598425
11
4.6727567322834647
21
-4.4868559448818894
0
LINE
8
BLACK
6
CONTINUOUS
10
4.6727567322834647
20
-4.4868559448818894
11
4.6771584645669293
21
-4.4912576771653541
0
LINE
8
BLACK
6
CONTINUOUS
10
4.6771584645669293
20
-4.4912576771653541
11
4.6825494881889762
21
-4.494370157480315
0
LINE
8
BLACK
6
CONTINUOUS
10
4.6825494881889762
20
-4.494370157480315
11
4.6885623622047241
21
-4.4959812992125983
0
LINE
8
BLACK
6
CONTINUOUS
10
4.6885623622047241
20
-4.4959812992125983
11
4.6885624409448816
21
-4.4959812992125983
0
LINE
8
BLACK
6
CONTINUOUS
10
4.6885624409448816
20
-4.4959812992125983
11
4.6947872440944884
21
-4.4959812992125983
0
LINE
8
BLACK
6
CONTINUOUS
10
4.6947872440944884
20
-4.4959812992125983
11
4.6947873228346459
21
-4.4959812992125983
0
LINE
8
BLACK
6
CONTINUOUS
10
4.6947873228346459
20
-4.4959812992125983
11
4.7008001968503939
21
-4.494370157480315
0
LINE
8
BLACK
6
CONTINUOUS
10
4.7008001968503939
20
-4.494370157480315
11
4.7061912204724408
21
-4.4912576771653541
0
LINE
8
BLACK
6
CONTINUOUS
10
4.7061912204724408
20
-4.4912576771653541
11
4.7105929527559054
21
-4.4868559448818894
0
LINE
8
BLACK
6
CONTINUOUS
10
4.7105929527559054
20
-4.4868559448818894
11
4.7137054330708663
21
-4.4814649212598425
0
LINE
8
BLACK
6
CONTINUOUS
10
4.7137054330708663
20
-4.4814649212598425
11
4.7153165748031496
21
-4.4754520472440946
0
LINE
8
BLACK
6
CONTINUOUS
10
4.7153165748031496
20
-4.4754520472440946
11
4.7153165748031496
21
-4.4692270866141728
0
LINE
8
BLACK
6
CONTINUOUS
10
4.7153165748031496
20
-4.4692270866141728
11
4.7137054330708663
21
-4.4632142125984249
0
LINE
8
BLACK
6
CONTINUOUS
10
4.7137054330708663
20
-4.4632142125984249
11
4.7105929527559054
21
-4.457823188976378
0
LINE
8
BLACK
6
CONTINUOUS
10
4.7105929527559054
20
-4.457823188976378
11
4.7061912204724408
21
-4.4534214566929133
0
LINE
8
BLACK
6
CONTINUOUS
10
4.7061912204724408
20
-4.4534214566929133
11
4.7008001968503939
21
-4.4503089763779524
0
LINE
8
BLACK
6
CONTINUOUS
10
4.7008001968503939
20
-4.4503089763779524
11
4.6947873228346459
21
-4.4486978346456691
0
LINE
8
BLACK
6
CONTINUOUS
10
4.6947873228346459
20
-4.4486978346456691
11
4.6885623622047241
21
-4.4486978346456691
0
LINE
8
BLACK
6
CONTINUOUS
10
4.6885623622047241
20
-4.4486978346456691
11
4.6825494881889762
21
-4.4503089763779524
0
LINE
8
BLACK
6
CONTINUOUS
10
4.6825494881889762
20
-4.4503089763779524
11
4.6771584645669293
21
-4.4534214566929133
0
LINE
8
BLACK
6
CONTINUOUS
10
4.6771584645669293
20
-4.4534214566929133
11
4.6727567322834647
21
-4.457823188976378
0
LINE
8
BLACK
6
CONTINUOUS
10
4.6727567322834647
20
-4.457823188976378
11
4.6696442519685037
21
-4.4632142125984249
0
LINE
8
BLACK
6
CONTINUOUS
10
4.6696442519685037
20
-4.4632142125984249
11
4.6680331102362205
21
-4.4692270866141728
0
LINE
8
BLACK
6
CONTINUOUS
10
4.6680331102362205
20
-4.4692270866141728
11
4.6680331102362205
21
-4.4754520472440946
0
LINE
8
BLACK
6
CONTINUOUS
10
4.3862843307086612
20
-4.4613781496062987
11
4.3878954724409445
21
-4.4673910236220475
0
LINE
8
BLACK
6
CONTINUOUS
10
4.3878954724409445
20
-4.4673910236220475
11
4.3910079527559054
21
-4.4727820472440944
0
LINE
8
BLACK
6
CONTINUOUS
10
4.3910079527559054
20
-4.4727820472440944
11
4.39540968503937
21
-4.4771837795275591
0
LINE
8
BLACK
6
CONTINUOUS
10
4.39540968503937
20
-4.4771837795275591
11
4.4008007086614169
21
-4.48029625984252
0
LINE
8
BLACK
6
CONTINUOUS
10
4.4008007086614169
20
-4.48029625984252
11
4.4068135826771648
21
-4.4819074015748033
0
LINE
8
BLACK
6
CONTINUOUS
10
4.4068135826771648
20
-4.4819074015748033
11
4.4068136614173223
21
-4.4819074015748033
0
LINE
8
BLACK
6
CONTINUOUS
10
4.4068136614173223
20
-4.4819074015748033
11
4.4130384645669292
21
-4.4819074015748033
0
LINE
8
BLACK
6
CONTINUOUS
10
4.4130384645669292
20
-4.4819074015748033
11
4.4130385433070867
21
-4.4819074015748033
0
LINE
8
BLACK
6
CONTINUOUS
10
4.4130385433070867
20
-4.4819074015748033
11
4.4190514173228346
21
-4.48029625984252
0
LINE
8
BLACK
6
CONTINUOUS
10
4.4190514173228346
20
-4.48029625984252
11
4.4244424409448815
21
-4.4771837795275591
0
LINE
8
BLACK
6
CONTINUOUS
10
4.4244424409448815
20
-4.4771837795275591
11
4.4288441732283461
21
-4.4727820472440944
0
LINE
8
BLACK
6
CONTINUOUS
10
4.4288441732283461
20
-4.4727820472440944
11
4.4308966141732284
21
-4.4692270866141728
0
LINE
8
BLACK
6
CONTINUOUS
10
4.4308966141732284
20
-4.4692270866141728
11
4.431956653543307
21
-4.4673910236220475
0
LINE
8
BLACK
6
CONTINUOUS
10
4.431956653543307
20
-4.4673910236220475
11
4.4335677952755903
21
-4.4613781496062987
0
LINE
8
BLACK
6
CONTINUOUS
10
4.4335677952755903
20
-4.4613781496062987
11
4.4335677952755903
21
-4.4551531889763778
0
LINE
8
BLACK
6
CONTINUOUS
10
4.4335677952755903
20
-4.4551531889763778
11
4.431956653543307
21
-4.4491403149606299
0
LINE
8
BLACK
6
CONTINUOUS
10
4.431956653543307
20
-4.4491403149606299
11
4.4288441732283461
21
-4.443749291338583
0
LINE
8
BLACK
6
CONTINUOUS
10
4.4288441732283461
20
-4.443749291338583
11
4.4244424409448815
21
-4.4393475590551184
0
LINE
8
BLACK
6
CONTINUOUS
10
4.4244424409448815
20
-4.4393475590551184
11
4.4190514173228346
21
-4.4362350787401574
0
LINE
8
BLACK
6
CONTINUOUS
10
4.4190514173228346
20
-4.4362350787401574
11
4.4130385433070867
21
-4.4346239370078742
0
LINE
8
BLACK
6
CONTINUOUS
10
4.4130385433070867
20
-4.4346239370078742
11
4.4068135826771648
21
-4.4346239370078742
0
LINE
8
BLACK
6
CONTINUOUS
10
4.4068135826771648
20
-4.4346239370078742
11
4.4008007086614169
21
-4.4362350787401574
0
LINE
8
BLACK
6
CONTINUOUS
10
4.4008007086614169
20
-4.4362350787401574
11
4.39540968503937
21
-4.4393475590551184
0
LINE
8
BLACK
6
CONTINUOUS
10
4.39540968503937
20
-4.4393475590551184
11
4.3910079527559054
21
-4.443749291338583
0
LINE
8
BLACK
6
CONTINUOUS
10
4.3910079527559054
20
-4.443749291338583
11
4.3878954724409445
21
-4.4491403149606299
0
LINE
8
BLACK
6
CONTINUOUS
10
4.3878954724409445
20
-4.4491403149606299
11
4.3862843307086612
21
-4.4551531889763778
0
LINE
8
BLACK
6
CONTINUOUS
10
4.3862843307086612
20
-4.4551531889763778
11
4.3862843307086612
21
-4.4613781496062987
0
LINE
8
BLACK
6
CONTINUOUS
10
4.2580331889763778
20
-4.4576293307086612
11
4.2596443307086611
21
-4.4636422047244091
0
LINE
8
BLACK
6
CONTINUOUS
10
4.2596443307086611
20
-4.4636422047244091
11
4.262756811023622
21
-4.4690332283464569
0
LINE
8
BLACK
6
CONTINUOUS
10
4.262756811023622
20
-4.4690332283464569
11
4.2671585433070867
21
-4.4734349606299215
0
LINE
8
BLACK
6
CONTINUOUS
10
4.2671585433070867
20
-4.4734349606299215
11
4.2725495669291336
21
-4.4765474409448816
0
LINE
8
BLACK
6
CONTINUOUS
10
4.2725495669291336
20
-4.4765474409448816
11
4.2785624409448815
21
-4.4781585826771648
0
LINE
8
BLACK
6
CONTINUOUS
10
4.2785624409448815
20
-4.4781585826771648
11
4.278562519685039
21
-4.4781585826771648
0
LINE
8
BLACK
6
CONTINUOUS
10
4.278562519685039
20
-4.4781585826771648
11
4.2847873228346458
21
-4.4781585826771648
0
LINE
8
BLACK
6
CONTINUOUS
10
4.2847873228346458
20
-4.4781585826771648
11
4.2847874015748033
21
-4.4781585826771648
0
LINE
8
BLACK
6
CONTINUOUS
10
4.2847874015748033
20
-4.4781585826771648
11
4.2908002755905512
21
-4.4765474409448816
0
LINE
8
BLACK
6
CONTINUOUS
10
4.2908002755905512
20
-4.4765474409448816
11
4.2961912992125981
21
-4.4734349606299215
0
LINE
8
BLACK
6
CONTINUOUS
10
4.2961912992125981
20
-4.4734349606299215
11
4.3005930314960628
21
-4.4690332283464569
0
LINE
8
BLACK
6
CONTINUOUS
10
4.3005930314960628
20
-4.4690332283464569
11
4.3037055118110237
21
-4.4636422047244091
0
LINE
8
BLACK
6
CONTINUOUS
10
4.3037055118110237
20
-4.4636422047244091
11
4.3053166535433069
21
-4.4576293307086612
0
LINE
8
BLACK
6
CONTINUOUS
10
4.3053166535433069
20
-4.4576293307086612
11
4.3053166535433069
21
-4.4551531889763778
0
LINE
8
BLACK
6
CONTINUOUS
10
4.3053166535433069
20
-4.4551531889763778
11
4.3053166535433069
21
-4.4514043700787402
0
LINE
8
BLACK
6
CONTINUOUS
10
4.3053166535433069
20
-4.4514043700787402
11
4.3037055118110237
21
-4.4453914960629923
0
LINE
8
BLACK
6
CONTINUOUS
10
4.3037055118110237
20
-4.4453914960629923
11
4.3005930314960628
21
-4.4400004724409445
0
LINE
8
BLACK
6
CONTINUOUS
10
4.3005930314960628
20
-4.4400004724409445
11
4.2961912992125981
21
-4.4355987401574799
0
LINE
8
BLACK
6
CONTINUOUS
10
4.2961912992125981
20
-4.4355987401574799
11
4.2908002755905512
21
-4.4324862598425199
0
LINE
8
BLACK
6
CONTINUOUS
10
4.2908002755905512
20
-4.4324862598425199
11
4.2847874015748033
21
-4.4308751181102357
0
LINE
8
BLACK
6
CONTINUOUS
10
4.2847874015748033
20
-4.4308751181102357
11
4.2785624409448815
21
-4.4308751181102357
0
LINE
8
BLACK
6
CONTINUOUS
10
4.2785624409448815
20
-4.4308751181102357
11
4.2725495669291336
21
-4.4324862598425199
0
LINE
8
BLACK
6
CONTINUOUS
10
4.2725495669291336
20
-4.4324862598425199
11
4.2671585433070867
21
-4.4355987401574799
0
LINE
8
BLACK
6
CONTINUOUS
10
4.2671585433070867
20
-4.4355987401574799
11
4.262756811023622
21
-4.4400004724409445
0
LINE
8
BLACK
6
CONTINUOUS
10
4.262756811023622
20
-4.4400004724409445
11
4.2596443307086611
21
-4.4453914960629923
0
LINE
8
BLACK
6
CONTINUOUS
10
4.2596443307086611
20
-4.4453914960629923
11
4.2580331889763778
21
-4.4514043700787402
0
LINE
8
BLACK
6
CONTINUOUS
10
4.2580331889763778
20
-4.4514043700787402
11
4.2580331889763778
21
-4.4576293307086612
0
LINE
8
BLACK
6
CONTINUOUS
10
4.6370331102362208
20
-4.3946292913385827
11
4.6386442519685041
21
-4.4006421653543306
0
LINE
8
BLACK
6
CONTINUOUS
10
4.6386442519685041
20
-4.4006421653543306
11
4.6417567322834641
21
-4.4060331889763775
0
LINE
8
BLACK
6
CONTINUOUS
10
4.6417567322834641
20
-4.4060331889763775
11
4.6461584645669287
21
-4.4104349212598422
0
LINE
8
BLACK
6
CONTINUOUS
10
4.6461584645669287
20
-4.4104349212598422
11
4.6515494881889765
21
-4.4135474015748031
0
LINE
8
BLACK
6
CONTINUOUS
10
4.6515494881889765
20
-4.4135474015748031
11
4.6575623622047244
21
-4.4151585433070863
0
LINE
8
BLACK
6
CONTINUOUS
10
4.6575623622047244
20
-4.4151585433070863
11
4.6575624409448819
21
-4.4151585433070863
0
LINE
8
BLACK
6
CONTINUOUS
10
4.6575624409448819
20
-4.4151585433070863
11
4.6637872440944879
21
-4.4151585433070863
0
LINE
8
BLACK
6
CONTINUOUS
10
4.6637872440944879
20
-4.4151585433070863
11
4.6637873228346454
21
-4.4151585433070863
0
LINE
8
BLACK
6
CONTINUOUS
10
4.6637873228346454
20
-4.4151585433070863
11
4.6698001968503933
21
-4.4135474015748031
0
LINE
8
BLACK
6
CONTINUOUS
10
4.6698001968503933
20
-4.4135474015748031
11
4.6751912204724411
21
-4.4104349212598422
0
LINE
8
BLACK
6
CONTINUOUS
10
4.6751912204724411
20
-4.4104349212598422
11
4.6795929527559057
21
-4.4060331889763775
0
LINE
8
BLACK
6
CONTINUOUS
10
4.6795929527559057
20
-4.4060331889763775
11
4.6827054330708657
21
-4.4006421653543306
0
LINE
8
BLACK
6
CONTINUOUS
10
4.6827054330708657
20
-4.4006421653543306
11
4.6843165748031499
21
-4.3946292913385827
0
LINE
8
BLACK
6
CONTINUOUS
10
4.6843165748031499
20
-4.3946292913385827
11
4.6843165748031499
21
-4.3884043307086618
0
LINE
8
BLACK
6
CONTINUOUS
10
4.6843165748031499
20
-4.3884043307086618
11
4.6827054330708657
21
-4.382391456692913
0
LINE
8
BLACK
6
CONTINUOUS
10
4.6827054330708657
20
-4.382391456692913
11
4.6795929527559057
21
-4.3770004330708661
0
LINE
8
BLACK
6
CONTINUOUS
10
4.6795929527559057
20
-4.3770004330708661
11
4.6751912204724411
21
-4.3725987007874014
0
LINE
8
BLACK
6
CONTINUOUS
10
4.6751912204724411
20
-4.3725987007874014
11
4.6698001968503933
21
-4.3694862204724405
0
LINE
8
BLACK
6
CONTINUOUS
10
4.6698001968503933
20
-4.3694862204724405
11
4.6637873228346454
21
-4.3678750787401572
0
LINE
8
BLACK
6
CONTINUOUS
10
4.6637873228346454
20
-4.3678750787401572
11
4.6575623622047244
21
-4.3678750787401572
0
LINE
8
BLACK
6
CONTINUOUS
10
4.6575623622047244
20
-4.3678750787401572
11
4.6515494881889765
21
-4.3694862204724405
0
LINE
8
BLACK
6
CONTINUOUS
10
4.6515494881889765
20
-4.3694862204724405
11
4.6461584645669287
21
-4.3725987007874014
0
LINE
8
BLACK
6
CONTINUOUS
10
4.6461584645669287
20
-4.3725987007874014
11
4.6417567322834641
21
-4.3770004330708661
0
LINE
8
BLACK
6
CONTINUOUS
10
4.6417567322834641
20
-4.3770004330708661
11
4.6386442519685041
21
-4.382391456692913
0
LINE
8
BLACK
6
CONTINUOUS
10
4.6386442519685041
20
-4.382391456692913
11
4.6370331102362208
21
-4.3884043307086618
0
LINE
8
BLACK
6
CONTINUOUS
10
4.6370331102362208
20
-4.3884043307086618
11
4.6370331102362208
21
-4.3946292913385827
0
LINE
8
BLACK
6
CONTINUOUS
10
6.7333008267716536
20
-4.3721169685039367
11
6.734511968503937
21
-4.3782056299212595
0
LINE
8
BLACK
6
CONTINUOUS
10
6.734511968503937
20
-4.3782056299212595
11
6.734511968503937
21
-4.378205708661417
0
LINE
8
BLACK
6
CONTINUOUS
10
6.734511968503937
20
-4.378205708661417
11
6.736887559055118
21
-4.3839409842519688
0
LINE
8
BLACK
6
CONTINUOUS
10
6.736887559055118
20
-4.3839409842519688
11
6.7368877952755906
21
-4.3839414173228342
0
LINE
8
BLACK
6
CONTINUOUS
10
6.7368877952755906
20
-4.3839414173228342
11
6.7389627165354327
21
-4.387046692913386
0
LINE
8
BLACK
6
CONTINUOUS
10
6.7389627165354327
20
-4.387046692913386
11
6.7403366929133854
21
-4.3891029921259843
0
LINE
8
BLACK
6
CONTINUOUS
10
6.7403366929133854
20
-4.3891029921259843
11
6.7447264566929128
21
-4.3934927559055117
0
LINE
8
BLACK
6
CONTINUOUS
10
6.7447264566929128
20
-4.3934927559055117
11
6.7478038188976379
21
-4.3955489763779525
0
LINE
8
BLACK
6
CONTINUOUS
10
6.7478038188976379
20
-4.3955489763779525
11
6.7498879921259842
21
-4.3969416141732278
0
LINE
8
BLACK
6
CONTINUOUS
10
6.7498879921259842
20
-4.3969416141732278
11
6.7498884251968505
21
-4.3969418503937003
0
LINE
8
BLACK
6
CONTINUOUS
10
6.7498884251968505
20
-4.3969418503937003
11
6.7520070472440947
21
-4.3978193700787402
0
LINE
8
BLACK
6
CONTINUOUS
10
6.7520070472440947
20
-4.3978193700787402
11
6.7556237795275589
21
-4.3993174803149602
0
LINE
8
BLACK
6
CONTINUOUS
10
6.7556237795275589
20
-4.3993174803149602
11
6.7617125590551179
21
-4.4005286220472444
0
LINE
8
BLACK
6
CONTINUOUS
10
6.7617125590551179
20
-4.4005286220472444
11
6.7617125984251967
21
-4.4005286220472444
0
LINE
8
BLACK
6
CONTINUOUS
10
6.7617125984251967
20
-4.4005286220472444
11
6.7679205511811018
21
-4.4005286220472444
0
LINE
8
BLACK
6
CONTINUOUS
10
6.7679205511811018
20
-4.4005286220472444
11
6.7679205905511806
21
-4.4005286220472444
0
LINE
8
BLACK
6
CONTINUOUS
10
6.7679205905511806
20
-4.4005286220472444
11
6.7740093700787396
21
-4.3993174803149602
0
LINE
8
BLACK
6
CONTINUOUS
10
6.7740093700787396
20
-4.3993174803149602
11
6.7797448818897639
21
-4.3969417716535428
0
LINE
8
BLACK
6
CONTINUOUS
10
6.7797448818897639
20
-4.3969417716535428
11
6.7849066929133857
21
-4.3934927559055117
0
LINE
8
BLACK
6
CONTINUOUS
10
6.7849066929133857
20
-4.3934927559055117
11
6.789296456692913
21
-4.3891029921259843
0
LINE
8
BLACK
6
CONTINUOUS
10
6.789296456692913
20
-4.3891029921259843
11
6.7927454724409451
21
-4.3839411811023625
0
LINE
8
BLACK
6
CONTINUOUS
10
6.7927454724409451
20
-4.3839411811023625
11
6.7951211811023624
21
-4.3782056692913383
0
LINE
8
BLACK
6
CONTINUOUS
10
6.7951211811023624
20
-4.3782056692913383
11
6.7963323228346457
21
-4.3721168897637792
0
LINE
8
BLACK
6
CONTINUOUS
10
6.7963323228346457
20
-4.3721168897637792
11
6.7963323228346457
21
-4.3659088582677166
0
LINE
8
BLACK
6
CONTINUOUS
10
6.7963323228346457
20
-4.3659088582677166
11
6.7951211811023624
21
-4.3598200787401575
0
LINE
8
BLACK
6
CONTINUOUS
10
6.7951211811023624
20
-4.3598200787401575
11
6.7927454724409451
21
-4.3540845669291341
0
LINE
8
BLACK
6
CONTINUOUS
10
6.7927454724409451
20
-4.3540845669291341
11
6.7927454330708663
21
-4.3540844881889766
0
LINE
8
BLACK
6
CONTINUOUS
10
6.7927454330708663
20
-4.3540844881889766
11
6.7927453149606301
21
-4.3540842913385829
0
LINE
8
BLACK
6
CONTINUOUS
10
6.7927453149606301
20
-4.3540842913385829
11
6.7913526771653538
21
-4.3520001181102357
0
LINE
8
BLACK
6
CONTINUOUS
10
6.7913526771653538
20
-4.3520001181102357
11
6.789296456692913
21
-4.3489227559055115
0
LINE
8
BLACK
6
CONTINUOUS
10
6.789296456692913
20
-4.3489227559055115
11
6.7849066929133857
21
-4.3445329921259841
0
LINE
8
BLACK
6
CONTINUOUS
10
6.7849066929133857
20
-4.3445329921259841
11
6.7828503937007874
21
-4.3431590157480313
0
LINE
8
BLACK
6
CONTINUOUS
10
6.7828503937007874
20
-4.3431590157480313
11
6.7797451181102364
21
-4.3410840944881892
0
LINE
8
BLACK
6
CONTINUOUS
10
6.7797451181102364
20
-4.3410840944881892
11
6.7797446850393701
21
-4.3410838582677167
0
LINE
8
BLACK
6
CONTINUOUS
10
6.7797446850393701
20
-4.3410838582677167
11
6.7740093700787396
21
-4.3387082677165356
0
LINE
8
BLACK
6
CONTINUOUS
10
6.7740093700787396
20
-4.3387082677165356
11
6.7679206692913381
21
-4.3374971259842523
0
LINE
8
BLACK
6
CONTINUOUS
10
6.7679206692913381
20
-4.3374971259842523
11
6.7679205905511806
21
-4.3374971259842523
0
LINE
8
BLACK
6
CONTINUOUS
10
6.7679205905511806
20
-4.3374971259842523
11
6.7617125590551179
21
-4.3374971259842523
0
LINE
8
BLACK
6
CONTINUOUS
10
6.7617125590551179
20
-4.3374971259842523
11
6.7617124409448817
21
-4.3374971259842523
0
LINE
8
BLACK
6
CONTINUOUS
10
6.7617124409448817
20
-4.3374971259842523
11
6.7556237795275589
21
-4.3387082677165356
0
LINE
8
BLACK
6
CONTINUOUS
10
6.7556237795275589
20
-4.3387082677165356
11
6.7556237007874014
21
-4.3387082677165356
0
LINE
8
BLACK
6
CONTINUOUS
10
6.7556237007874014
20
-4.3387082677165356
11
6.7498884251968505
21
-4.3410838582677167
0
LINE
8
BLACK
6
CONTINUOUS
10
6.7498884251968505
20
-4.3410838582677167
11
6.7498879921259842
21
-4.3410840944881892
0
LINE
8
BLACK
6
CONTINUOUS
10
6.7498879921259842
20
-4.3410840944881892
11
6.7447264566929128
21
-4.3445329921259841
0
LINE
8
BLACK
6
CONTINUOUS
10
6.7447264566929128
20
-4.3445329921259841
11
6.7447262992125987
21
-4.3445331102362204
0
LINE
8
BLACK
6
CONTINUOUS
10
6.7447262992125987
20
-4.3445331102362204
11
6.7403368110236217
21
-4.3489225984251965
0
LINE
8
BLACK
6
CONTINUOUS
10
6.7403368110236217
20
-4.3489225984251965
11
6.7403366929133854
21
-4.3489227559055115
0
LINE
8
BLACK
6
CONTINUOUS
10
6.7403366929133854
20
-4.3489227559055115
11
6.7368877952755906
21
-4.3540842913385829
0
LINE
8
BLACK
6
CONTINUOUS
10
6.7368877952755906
20
-4.3540842913385829
11
6.736887559055118
21
-4.3540847244094492
0
LINE
8
BLACK
6
CONTINUOUS
10
6.736887559055118
20
-4.3540847244094492
11
6.734511968503937
21
-4.35982
0
LINE
8
BLACK
6
CONTINUOUS
10
6.734511968503937
20
-4.35982
11
6.734511968503937
21
-4.3598200787401575
0
LINE
8
BLACK
6
CONTINUOUS
10
6.734511968503937
20
-4.3598200787401575
11
6.7333008267716536
21
-4.3659087401574803
0
LINE
8
BLACK
6
CONTINUOUS
10
6.7333008267716536
20
-4.3659087401574803
11
6.7333008267716536
21
-4.3721169685039367
0
LINE
8
BLACK
6
CONTINUOUS
10
5.161617952755905
20
-4.3320624015748033
11
5.1632290944881891
21
-4.3380752755905512
0
LINE
8
BLACK
6
CONTINUOUS
10
5.1632290944881891
20
-4.3380752755905512
11
5.1663415748031492
21
-4.3434662992125981
0
LINE
8
BLACK
6
CONTINUOUS
10
5.1663415748031492
20
-4.3434662992125981
11
5.1707433070866138
21
-4.3478680314960627
0
LINE
8
BLACK
6
CONTINUOUS
10
5.1707433070866138
20
-4.3478680314960627
11
5.1761343307086616
21
-4.3509805118110236
0
LINE
8
BLACK
6
CONTINUOUS
10
5.1761343307086616
20
-4.3509805118110236
11
5.1821472047244095
21
-4.3525916535433069
0
LINE
8
BLACK
6
CONTINUOUS
10
5.1821472047244095
20
-4.3525916535433069
11
5.182147283464567
21
-4.3525916535433069
0
LINE
8
BLACK
6
CONTINUOUS
10
5.182147283464567
20
-4.3525916535433069
11
5.1883720866141729
21
-4.3525916535433069
0
LINE
8
BLACK
6
CONTINUOUS
10
5.1883720866141729
20
-4.3525916535433069
11
5.1883721653543304
21
-4.3525916535433069
0
LINE
8
BLACK
6
CONTINUOUS
10
5.1883721653543304
20
-4.3525916535433069
11
5.1943850393700783
21
-4.3509805118110236
0
LINE
8
BLACK
6
CONTINUOUS
10
5.1943850393700783
20
-4.3509805118110236
11
5.1997760629921261
21
-4.3478680314960627
0
LINE
8
BLACK
6
CONTINUOUS
10
5.1997760629921261
20
-4.3478680314960627
11
5.2041777952755908
21
-4.3434662992125981
0
LINE
8
BLACK
6
CONTINUOUS
10
5.2041777952755908
20
-4.3434662992125981
11
5.2072902755905508
21
-4.3380752755905512
0
LINE
8
BLACK
6
CONTINUOUS
10
5.2072902755905508
20
-4.3380752755905512
11
5.208901417322835
21
-4.3320624015748033
0
LINE
8
BLACK
6
CONTINUOUS
10
5.208901417322835
20
-4.3320624015748033
11
5.208901417322835
21
-4.3258374409448814
0
LINE
8
BLACK
6
CONTINUOUS
10
5.208901417322835
20
-4.3258374409448814
11
5.2072902755905508
21
-4.3198245669291335
0
LINE
8
BLACK
6
CONTINUOUS
10
5.2072902755905508
20
-4.3198245669291335
11
5.2041777952755908
21
-4.3144335433070866
0
LINE
8
BLACK
6
CONTINUOUS
10
5.2041777952755908
20
-4.3144335433070866
11
5.1997760629921261
21
-4.310031811023622
0
LINE
8
BLACK
6
CONTINUOUS
10
5.1997760629921261
20
-4.310031811023622
11
5.1943850393700783
21
-4.3069193307086611
0
LINE
8
BLACK
6
CONTINUOUS
10
5.1943850393700783
20
-4.3069193307086611
11
5.1883721653543304
21
-4.3053081889763778
0
LINE
8
BLACK
6
CONTINUOUS
10
5.1883721653543304
20
-4.3053081889763778
11
5.1821472047244095
21
-4.3053081889763778
0
LINE
8
BLACK
6
CONTINUOUS
10
5.1821472047244095
20
-4.3053081889763778
11
5.1761343307086616
21
-4.3069193307086611
0
LINE
8
BLACK
6
CONTINUOUS
10
5.1761343307086616
20
-4.3069193307086611
11
5.1707433070866138
21
-4.310031811023622
0
LINE
8
BLACK
6
CONTINUOUS
10
5.1707433070866138
20
-4.310031811023622
11
5.1663415748031492
21
-4.3144335433070866
0
LINE
8
BLACK
6
CONTINUOUS
10
5.1663415748031492
20
-4.3144335433070866
11
5.1632290944881891
21
-4.3198245669291335
0
LINE
8
BLACK
6
CONTINUOUS
10
5.1632290944881891
20
-4.3198245669291335
11
5.161617952755905
21
-4.3258374409448814
0
LINE
8
BLACK
6
CONTINUOUS
10
5.161617952755905
20
-4.3258374409448814
11
5.161617952755905
21
-4.3320624015748033
0
LINE
8
BLACK
6
CONTINUOUS
10
5.5491931496062987
20
-4.2515086220472442
11
5.5508042913385829
21
-4.2575214960629921
0
LINE
8
BLACK
6
CONTINUOUS
10
5.5508042913385829
20
-4.2575214960629921
11
5.5539167716535429
21
-4.262912519685039
0
LINE
8
BLACK
6
CONTINUOUS
10
5.5539167716535429
20
-4.262912519685039
11
5.5583185039370075
21
-4.2673142519685037
0
LINE
8
BLACK
6
CONTINUOUS
10
5.5583185039370075
20
-4.2673142519685037
11
5.5637095275590553
21
-4.2704267322834646
0
LINE
8
BLACK
6
CONTINUOUS
10
5.5637095275590553
20
-4.2704267322834646
11
5.5697224015748032
21
-4.2720378740157479
0
LINE
8
BLACK
6
CONTINUOUS
10
5.5697224015748032
20
-4.2720378740157479
11
5.5697224803149608
21
-4.2720378740157479
0
LINE
8
BLACK
6
CONTINUOUS
10
5.5697224803149608
20
-4.2720378740157479
11
5.5759472834645667
21
-4.2720378740157479
0
LINE
8
BLACK
6
CONTINUOUS
10
5.5759472834645667
20
-4.2720378740157479
11
5.5759473622047242
21
-4.2720378740157479
0
LINE
8
BLACK
6
CONTINUOUS
10
5.5759473622047242
20
-4.2720378740157479
11
5.5819602362204721
21
-4.2704267322834646
0
LINE
8
BLACK
6
CONTINUOUS
10
5.5819602362204721
20
-4.2704267322834646
11
5.5873512598425199
21
-4.2673142519685037
0
LINE
8
BLACK
6
CONTINUOUS
10
5.5873512598425199
20
-4.2673142519685037
11
5.5917529921259845
21
-4.262912519685039
0
LINE
8
BLACK
6
CONTINUOUS
10
5.5917529921259845
20
-4.262912519685039
11
5.5948654724409446
21
-4.2575214960629921
0
LINE
8
BLACK
6
CONTINUOUS
10
5.5948654724409446
20
-4.2575214960629921
11
5.5964766141732278
21
-4.2515086220472442
0
LINE
8
BLACK
6
CONTINUOUS
10
5.5964766141732278
20
-4.2515086220472442
11
5.5964766141732278
21
-4.2452836614173224
0
LINE
8
BLACK
6
CONTINUOUS
10
5.5964766141732278
20
-4.2452836614173224
11
5.5948654724409446
21
-4.2392707874015745
0
LINE
8
BLACK
6
CONTINUOUS
10
5.5948654724409446
20
-4.2392707874015745
11
5.5917529921259845
21
-4.2338797637795276
0
LINE
8
BLACK
6
CONTINUOUS
10
5.5917529921259845
20
-4.2338797637795276
11
5.5873512598425199
21
-4.2294780314960629
0
LINE
8
BLACK
6
CONTINUOUS
10
5.5873512598425199
20
-4.2294780314960629
11
5.5819602362204721
21
-4.226365551181102
0
LINE
8
BLACK
6
CONTINUOUS
10
5.5819602362204721
20
-4.226365551181102
11
5.5759473622047242
21
-4.2247544094488187
0
LINE
8
BLACK
6
CONTINUOUS
10
5.5759473622047242
20
-4.2247544094488187
11
5.5697224015748032
21
-4.2247544094488187
0
LINE
8
BLACK
6
CONTINUOUS
10
5.5697224015748032
20
-4.2247544094488187
11
5.5637095275590553
21
-4.226365551181102
0
LINE
8
BLACK
6
CONTINUOUS
10
5.5637095275590553
20
-4.226365551181102
11
5.5583185039370075
21
-4.2294780314960629
0
LINE
8
BLACK
6
CONTINUOUS
10
5.5583185039370075
20
-4.2294780314960629
11
5.5539167716535429
21
-4.2338797637795276
0
LINE
8
BLACK
6
CONTINUOUS
10
5.5539167716535429
20
-4.2338797637795276
11
5.5508042913385829
21
-4.2392707874015745
0
LINE
8
BLACK
6
CONTINUOUS
10
5.5508042913385829
20
-4.2392707874015745
11
5.5491931496062987
21
-4.2452836614173224
0
LINE
8
BLACK
6
CONTINUOUS
10
5.5491931496062987
20
-4.2452836614173224
11
5.5491931496062987
21
-4.2515086220472442
0
LINE
8
BLACK
6
CONTINUOUS
10
5.0650331102362207
20
-4.2446292913385824
11
5.066644251968504
21
-4.2506421653543303
0
LINE
8
BLACK
6
CONTINUOUS
10
5.066644251968504
20
-4.2506421653543303
11
5.069756732283464
21
-4.2560331889763781
0
LINE
8
BLACK
6
CONTINUOUS
10
5.069756732283464
20
-4.2560331889763781
11
5.0741584645669287
21
-4.2604349212598427
0
LINE
8
BLACK
6
CONTINUOUS
10
5.0741584645669287
20
-4.2604349212598427
11
5.0795494881889764
21
-4.2635474015748027
0
LINE
8
BLACK
6
CONTINUOUS
10
5.0795494881889764
20
-4.2635474015748027
11
5.0855623622047244
21
-4.2651585433070869
0
LINE
8
BLACK
6
CONTINUOUS
10
5.0855623622047244
20
-4.2651585433070869
11
5.0855624409448819
21
-4.2651585433070869
0
LINE
8
BLACK
6
CONTINUOUS
10
5.0855624409448819
20
-4.2651585433070869
11
5.0917872440944878
21
-4.2651585433070869
0
LINE
8
BLACK
6
CONTINUOUS
10
5.0917872440944878
20
-4.2651585433070869
11
5.0917873228346453
21
-4.2651585433070869
0
LINE
8
BLACK
6
CONTINUOUS
10
5.0917873228346453
20
-4.2651585433070869
11
5.0978001968503932
21
-4.2635474015748027
0
LINE
8
BLACK
6
CONTINUOUS
10
5.0978001968503932
20
-4.2635474015748027
11
5.103191220472441
21
-4.2604349212598427
0
LINE
8
BLACK
6
CONTINUOUS
10
5.103191220472441
20
-4.2604349212598427
11
5.1075929527559056
21
-4.2560331889763781
0
LINE
8
BLACK
6
CONTINUOUS
10
5.1075929527559056
20
-4.2560331889763781
11
5.1107054330708657
21
-4.2506421653543303
0
LINE
8
BLACK
6
CONTINUOUS
10
5.1107054330708657
20
-4.2506421653543303
11
5.1121412204724406
21
-4.2452836614173224
0
LINE
8
BLACK
6
CONTINUOUS
10
5.1121412204724406
20
-4.2452836614173224
11
5.1123165748031498
21
-4.2446292913385824
0
LINE
8
BLACK
6
CONTINUOUS
10
5.1123165748031498
20
-4.2446292913385824
11
5.1123165748031498
21
-4.2384043307086614
0
LINE
8
BLACK
6
CONTINUOUS
10
5.1123165748031498
20
-4.2384043307086614
11
5.1107054330708657
21
-4.2323914566929135
0
LINE
8
BLACK
6
CONTINUOUS
10
5.1107054330708657
20
-4.2323914566929135
11
5.1075929527559056
21
-4.2270004330708657
0
LINE
8
BLACK
6
CONTINUOUS
10
5.1075929527559056
20
-4.2270004330708657
11
5.103191220472441
21
-4.2225987007874011
0
LINE
8
BLACK
6
CONTINUOUS
10
5.103191220472441
20
-4.2225987007874011
11
5.0978001968503932
21
-4.219486220472441
0
LINE
8
BLACK
6
CONTINUOUS
10
5.0978001968503932
20
-4.219486220472441
11
5.0917873228346453
21
-4.2178750787401578
0
LINE
8
BLACK
6
CONTINUOUS
10
5.0917873228346453
20
-4.2178750787401578
11
5.0855623622047244
21
-4.2178750787401578
0
LINE
8
BLACK
6
CONTINUOUS
10
5.0855623622047244
20
-4.2178750787401578
11
5.0795494881889764
21
-4.219486220472441
0
LINE
8
BLACK
6
CONTINUOUS
10
5.0795494881889764
20
-4.219486220472441
11
5.0741584645669287
21
-4.2225987007874011
0
LINE
8
BLACK
6
CONTINUOUS
10
5.0741584645669287
20
-4.2225987007874011
11
5.069756732283464
21
-4.2270004330708657
0
LINE
8
BLACK
6
CONTINUOUS
10
5.069756732283464
20
-4.2270004330708657
11
5.066644251968504
21
-4.2323914566929135
0
LINE
8
BLACK
6
CONTINUOUS
10
5.066644251968504
20
-4.2323914566929135
11
5.0650331102362207
21
-4.2384043307086614
0
LINE
8
BLACK
6
CONTINUOUS
10
5.0650331102362207
20
-4.2384043307086614
11
5.0650331102362207
21
-4.2446292913385824
0
LINE
8
BLACK
6
CONTINUOUS
10
4.9027619685039365
20
-4.2389003543307089
11
4.9043731102362207
21
-4.2449132283464568
0
LINE
8
BLACK
6
CONTINUOUS
10
4.9043731102362207
20
-4.2449132283464568
11
4.9074855905511807
21
-4.2503042519685037
0
LINE
8
BLACK
6
CONTINUOUS
10
4.9074855905511807
20
-4.2503042519685037
11
4.9118873228346454
21
-4.2547059842519683
0
LINE
8
BLACK
6
CONTINUOUS
10
4.9118873228346454
20
-4.2547059842519683
11
4.9172783464566931
21
-4.2578184645669293
0
LINE
8
BLACK
6
CONTINUOUS
10
4.9172783464566931
20
-4.2578184645669293
11
4.9232912204724411
21
-4.2594296062992125
0
LINE
8
BLACK
6
CONTINUOUS
10
4.9232912204724411
20
-4.2594296062992125
11
4.9232912992125986
21
-4.2594296062992125
0
LINE
8
BLACK
6
CONTINUOUS
10
4.9232912992125986
20
-4.2594296062992125
11
4.9295161023622045
21
-4.2594296062992125
0
LINE
8
BLACK
6
CONTINUOUS
10
4.9295161023622045
20
-4.2594296062992125
11
4.929516181102362
21
-4.2594296062992125
0
LINE
8
BLACK
6
CONTINUOUS
10
4.929516181102362
20
-4.2594296062992125
11
4.9355290551181099
21
-4.2578184645669293
0
LINE
8
BLACK
6
CONTINUOUS
10
4.9355290551181099
20
-4.2578184645669293
11
4.9409200787401577
21
-4.2547059842519683
0
LINE
8
BLACK
6
CONTINUOUS
10
4.9409200787401577
20
-4.2547059842519683
11
4.9453218110236223
21
-4.2503042519685037
0
LINE
8
BLACK
6
CONTINUOUS
10
4.9453218110236223
20
-4.2503042519685037
11
4.9484342913385824
21
-4.2449132283464568
0
LINE
8
BLACK
6
CONTINUOUS
10
4.9484342913385824
20
-4.2449132283464568
11
4.9500454330708656
21
-4.2389003543307089
0
LINE
8
BLACK
6
CONTINUOUS
10
4.9500454330708656
20
-4.2389003543307089
11
4.9500454330708656
21
-4.2384043307086614
0
LINE
8
BLACK
6
CONTINUOUS
10
4.9500454330708656
20
-4.2384043307086614
11
4.9500454330708656
21
-4.232675393700787
0
LINE
8
BLACK
6
CONTINUOUS
10
4.9500454330708656
20
-4.232675393700787
11
4.9484342913385824
21
-4.2266625196850391
0
LINE
8
BLACK
6
CONTINUOUS
10
4.9484342913385824
20
-4.2266625196850391
11
4.9453218110236223
21
-4.2212714960629922
0
LINE
8
BLACK
6
CONTINUOUS
10
4.9453218110236223
20
-4.2212714960629922
11
4.9409200787401577
21
-4.2168697637795276
0
LINE
8
BLACK
6
CONTINUOUS
10
4.9409200787401577
20
-4.2168697637795276
11
4.9355290551181099
21
-4.2137572834645667
0
LINE
8
BLACK
6
CONTINUOUS
10
4.9355290551181099
20
-4.2137572834645667
11
4.929516181102362
21
-4.2121461417322834
0
LINE
8
BLACK
6
CONTINUOUS
10
4.929516181102362
20
-4.2121461417322834
11
4.9232912204724411
21
-4.2121461417322834
0
LINE
8
BLACK
6
CONTINUOUS
10
4.9232912204724411
20
-4.2121461417322834
11
4.9172783464566931
21
-4.2137572834645667
0
LINE
8
BLACK
6
CONTINUOUS
10
4.9172783464566931
20
-4.2137572834645667
11
4.9118873228346454
21
-4.2168697637795276
0
LINE
8
BLACK
6
CONTINUOUS
10
4.9118873228346454
20
-4.2168697637795276
11
4.9074855905511807
21
-4.2212714960629922
0
LINE
8
BLACK
6
CONTINUOUS
10
4.9074855905511807
20
-4.2212714960629922
11
4.9043731102362207
21
-4.2266625196850391
0
LINE
8
BLACK
6
CONTINUOUS
10
4.9043731102362207
20
-4.2266625196850391
11
4.9027619685039365
21
-4.232675393700787
0
LINE
8
BLACK
6
CONTINUOUS
10
4.9027619685039365
20
-4.232675393700787
11
4.9027619685039365
21
-4.2389003543307089
0
LINE
8
BLACK
6
CONTINUOUS
10
5.0188835039370074
20
-4.1866292913385825
11
5.0204946456692916
21
-4.1926421653543304
0
LINE
8
BLACK
6
CONTINUOUS
10
5.0204946456692916
20
-4.1926421653543304
11
5.0236071259842516
21
-4.1980331889763782
0
LINE
8
BLACK
6
CONTINUOUS
10
5.0236071259842516
20
-4.1980331889763782
11
5.0280088582677163
21
-4.2024349212598429
0
LINE
8
BLACK
6
CONTINUOUS
10
5.0280088582677163
20
-4.2024349212598429
11
5.0333998818897641
21
-4.2055474015748029
0
LINE
8
BLACK
6
CONTINUOUS
10
5.0333998818897641
20
-4.2055474015748029
11
5.039412755905512
21
-4.2071585433070862
0
LINE
8
BLACK
6
CONTINUOUS
10
5.039412755905512
20
-4.2071585433070862
11
5.0394128346456695
21
-4.2071585433070862
0
LINE
8
BLACK
6
CONTINUOUS
10
5.0394128346456695
20
-4.2071585433070862
11
5.0456376377952754
21
-4.2071585433070862
0
LINE
8
BLACK
6
CONTINUOUS
10
5.0456376377952754
20
-4.2071585433070862
11
5.0456377165354329
21
-4.2071585433070862
0
LINE
8
BLACK
6
CONTINUOUS
10
5.0456377165354329
20
-4.2071585433070862
11
5.0516505905511808
21
-4.2055474015748029
0
LINE
8
BLACK
6
CONTINUOUS
10
5.0516505905511808
20
-4.2055474015748029
11
5.0570416141732286
21
-4.2024349212598429
0
LINE
8
BLACK
6
CONTINUOUS
10
5.0570416141732286
20
-4.2024349212598429
11
5.0614433464566924
21
-4.1980331889763782
0
LINE
8
BLACK
6
CONTINUOUS
10
5.0614433464566924
20
-4.1980331889763782
11
5.0645558267716533
21
-4.1926421653543304
0
LINE
8
BLACK
6
CONTINUOUS
10
5.0645558267716533
20
-4.1926421653543304
11
5.0661669685039366
21
-4.1866292913385825
0
LINE
8
BLACK
6
CONTINUOUS
10
5.0661669685039366
20
-4.1866292913385825
11
5.0661669685039366
21
-4.1804043307086616
0
LINE
8
BLACK
6
CONTINUOUS
10
5.0661669685039366
20
-4.1804043307086616
11
5.0648272440944879
21
-4.1754043307086617
0
LINE
8
BLACK
6
CONTINUOUS
10
5.0648272440944879
20
-4.1754043307086617
11
5.0645558267716533
21
-4.1743914566929137
0
LINE
8
BLACK
6
CONTINUOUS
10
5.0645558267716533
20
-4.1743914566929137
11
5.0614433464566924
21
-4.1690004330708659
0
LINE
8
BLACK
6
CONTINUOUS
10
5.0614433464566924
20
-4.1690004330708659
11
5.0570416141732286
21
-4.1645987007874012
0
LINE
8
BLACK
6
CONTINUOUS
10
5.0570416141732286
20
-4.1645987007874012
11
5.0516505905511808
21
-4.1614862204724412
0
LINE
8
BLACK
6
CONTINUOUS
10
5.0516505905511808
20
-4.1614862204724412
11
5.0456377165354329
21
-4.1598750787401571
0
LINE
8
BLACK
6
CONTINUOUS
10
5.0456377165354329
20
-4.1598750787401571
11
5.039412755905512
21
-4.1598750787401571
0
LINE
8
BLACK
6
CONTINUOUS
10
5.039412755905512
20
-4.1598750787401571
11
5.0333998818897641
21
-4.1614862204724412
0
LINE
8
BLACK
6
CONTINUOUS
10
5.0333998818897641
20
-4.1614862204724412
11
5.0280088582677163
21
-4.1645987007874012
0
LINE
8
BLACK
6
CONTINUOUS
10
5.0280088582677163
20
-4.1645987007874012
11
5.0236071259842516
21
-4.1690004330708659
0
LINE
8
BLACK
6
CONTINUOUS
10
5.0236071259842516
20
-4.1690004330708659
11
5.0204946456692916
21
-4.1743914566929137
0
LINE
8
BLACK
6
CONTINUOUS
10
5.0204946456692916
20
-4.1743914566929137
11
5.0188835039370074
21
-4.1804043307086616
0
LINE
8
BLACK
6
CONTINUOUS
10
5.0188835039370074
20
-4.1804043307086616
11
5.0188835039370074
21
-4.1866292913385825
0
LINE
8
BLACK
6
CONTINUOUS
10
5.5361118503937004
20
-4.1816292913385826
11
5.5377229921259845
21
-4.1876421653543305
0
LINE
8
BLACK
6
CONTINUOUS
10
5.5377229921259845
20
-4.1876421653543305
11
5.5408354724409445
21
-4.1930331889763774
0
LINE
8
BLACK
6
CONTINUOUS
10
5.5408354724409445
20
-4.1930331889763774
11
5.5452372047244092
21
-4.1974349212598421
0
LINE
8
BLACK
6
CONTINUOUS
10
5.5452372047244092
20
-4.1974349212598421
11
5.550628228346457
21
-4.200547401574803
0
LINE
8
BLACK
6
CONTINUOUS
10
5.550628228346457
20
-4.200547401574803
11
5.5566411023622049
21
-4.2021585433070863
0
LINE
8
BLACK
6
CONTINUOUS
10
5.5566411023622049
20
-4.2021585433070863
11
5.5566411811023624
21
-4.2021585433070863
0
LINE
8
BLACK
6
CONTINUOUS
10
5.5566411811023624
20
-4.2021585433070863
11
5.5628659842519683
21
-4.2021585433070863
0
LINE
8
BLACK
6
CONTINUOUS
10
5.5628659842519683
20
-4.2021585433070863
11
5.5628660629921258
21
-4.2021585433070863
0
LINE
8
BLACK
6
CONTINUOUS
10
5.5628660629921258
20
-4.2021585433070863
11
5.5688789370078737
21
-4.200547401574803
0
LINE
8
BLACK
6
CONTINUOUS
10
5.5688789370078737
20
-4.200547401574803
11
5.5742699606299215
21
-4.1974349212598421
0
LINE
8
BLACK
6
CONTINUOUS
10
5.5742699606299215
20
-4.1974349212598421
11
5.5786716929133853
21
-4.1930331889763774
0
LINE
8
BLACK
6
CONTINUOUS
10
5.5786716929133853
20
-4.1930331889763774
11
5.5817841732283462
21
-4.1876421653543305
0
LINE
8
BLACK
6
CONTINUOUS
10
5.5817841732283462
20
-4.1876421653543305
11
5.5833953149606295
21
-4.1816292913385826
0
LINE
8
BLACK
6
CONTINUOUS
10
5.5833953149606295
20
-4.1816292913385826
11
5.5833953149606295
21
-4.1754043307086617
0
LINE
8
BLACK
6
CONTINUOUS
10
5.5833953149606295
20
-4.1754043307086617
11
5.5817841732283462
21
-4.1693914566929129
0
LINE
8
BLACK
6
CONTINUOUS
10
5.5817841732283462
20
-4.1693914566929129
11
5.5786716929133853
21
-4.164000433070866
0
LINE
8
BLACK
6
CONTINUOUS
10
5.5786716929133853
20
-4.164000433070866
11
5.5742699606299215
21
-4.1595987007874013
0
LINE
8
BLACK
6
CONTINUOUS
10
5.5742699606299215
20
-4.1595987007874013
11
5.5688789370078737
21
-4.1564862204724404
0
LINE
8
BLACK
6
CONTINUOUS
10
5.5688789370078737
20
-4.1564862204724404
11
5.5628660629921258
21
-4.1548750787401572
0
LINE
8
BLACK
6
CONTINUOUS
10
5.5628660629921258
20
-4.1548750787401572
11
5.5566411023622049
21
-4.1548750787401572
0
LINE
8
BLACK
6
CONTINUOUS
10
5.5566411023622049
20
-4.1548750787401572
11
5.550628228346457
21
-4.1564862204724404
0
LINE
8
BLACK
6
CONTINUOUS
10
5.550628228346457
20
-4.1564862204724404
11
5.5452372047244092
21
-4.1595987007874013
0
LINE
8
BLACK
6
CONTINUOUS
10
5.5452372047244092
20
-4.1595987007874013
11
5.5408354724409445
21
-4.164000433070866
0
LINE
8
BLACK
6
CONTINUOUS
10
5.5408354724409445
20
-4.164000433070866
11
5.5377229921259845
21
-4.1693914566929129
0
LINE
8
BLACK
6
CONTINUOUS
10
5.5377229921259845
20
-4.1693914566929129
11
5.5361118503937004
21
-4.1754043307086617
0
LINE
8
BLACK
6
CONTINUOUS
10
5.5361118503937004
20
-4.1754043307086617
11
5.5361118503937004
21
-4.1816292913385826
0
LINE
8
BLACK
6
CONTINUOUS
10
4.7167653937007872
20
-4.180412755905512
11
4.7183765354330705
21
-4.1864256299212599
0
LINE
8
BLACK
6
CONTINUOUS
10
4.7183765354330705
20
-4.1864256299212599
11
4.7214890157480314
21
-4.1918166535433068
0
LINE
8
BLACK
6
CONTINUOUS
10
4.7214890157480314
20
-4.1918166535433068
11
4.725890748031496
21
-4.1962183858267714
0
LINE
8
BLACK
6
CONTINUOUS
10
4.725890748031496
20
-4.1962183858267714
11
4.7312817716535429
21
-4.1993308661417323
0
LINE
8
BLACK
6
CONTINUOUS
10
4.7312817716535429
20
-4.1993308661417323
11
4.7372946456692908
21
-4.2009420078740156
0
LINE
8
BLACK
6
CONTINUOUS
10
4.7372946456692908
20
-4.2009420078740156
11
4.7372947244094483
21
-4.2009420078740156
0
LINE
8
BLACK
6
CONTINUOUS
10
4.7372947244094483
20
-4.2009420078740156
11
4.7435195275590551
21
-4.2009420078740156
0
LINE
8
BLACK
6
CONTINUOUS
10
4.7435195275590551
20
-4.2009420078740156
11
4.7435196062992127
21
-4.2009420078740156
0
LINE
8
BLACK
6
CONTINUOUS
10
4.7435196062992127
20
-4.2009420078740156
11
4.7495324803149606
21
-4.1993308661417323
0
LINE
8
BLACK
6
CONTINUOUS
10
4.7495324803149606
20
-4.1993308661417323
11
4.7549235039370075
21
-4.1962183858267714
0
LINE
8
BLACK
6
CONTINUOUS
10
4.7549235039370075
20
-4.1962183858267714
11
4.7593252362204721
21
-4.1918166535433068
0
LINE
8
BLACK
6
CONTINUOUS
10
4.7593252362204721
20
-4.1918166535433068
11
4.762437716535433
21
-4.1864256299212599
0
LINE
8
BLACK
6
CONTINUOUS
10
4.762437716535433
20
-4.1864256299212599
11
4.7640488582677163
21
-4.180412755905512
0
LINE
8
BLACK
6
CONTINUOUS
10
4.7640488582677163
20
-4.180412755905512
11
4.7640488582677163
21
-4.1804043307086616
0
LINE
8
BLACK
6
CONTINUOUS
10
4.7640488582677163
20
-4.1804043307086616
11
4.7640488582677163
21
-4.1741877952755901
0
LINE
8
BLACK
6
CONTINUOUS
10
4.7640488582677163
20
-4.1741877952755901
11
4.762437716535433
21
-4.1681749212598422
0
LINE
8
BLACK
6
CONTINUOUS
10
4.762437716535433
20
-4.1681749212598422
11
4.7593252362204721
21
-4.1627838976377953
0
LINE
8
BLACK
6
CONTINUOUS
10
4.7593252362204721
20
-4.1627838976377953
11
4.7549235039370075
21
-4.1583821653543307
0
LINE
8
BLACK
6
CONTINUOUS
10
4.7549235039370075
20
-4.1583821653543307
11
4.7495324803149606
21
-4.1552696850393698
0
LINE
8
BLACK
6
CONTINUOUS
10
4.7495324803149606
20
-4.1552696850393698
11
4.7435196062992127
21
-4.1536585433070865
0
LINE
8
BLACK
6
CONTINUOUS
10
4.7435196062992127
20
-4.1536585433070865
11
4.7372946456692908
21
-4.1536585433070865
0
LINE
8
BLACK
6
CONTINUOUS
10
4.7372946456692908
20
-4.1536585433070865
11
4.7312817716535429
21
-4.1552696850393698
0
LINE
8
BLACK
6
CONTINUOUS
10
4.7312817716535429
20
-4.1552696850393698
11
4.725890748031496
21
-4.1583821653543307
0
LINE
8
BLACK
6
CONTINUOUS
10
4.725890748031496
20
-4.1583821653543307
11
4.7214890157480314
21
-4.1627838976377953
0
LINE
8
BLACK
6
CONTINUOUS
10
4.7214890157480314
20
-4.1627838976377953
11
4.7183765354330705
21
-4.1681749212598422
0
LINE
8
BLACK
6
CONTINUOUS
10
4.7183765354330705
20
-4.1681749212598422
11
4.7167653937007872
21
-4.1741877952755901
0
LINE
8
BLACK
6
CONTINUOUS
10
4.7167653937007872
20
-4.1741877952755901
11
4.7167653937007872
21
-4.180412755905512
0
LINE
8
BLACK
6
CONTINUOUS
10
5.2502299606299214
20
-4.1376292913385821
11
5.2518411023622047
21
-4.1436421653543309
0
LINE
8
BLACK
6
CONTINUOUS
10
5.2518411023622047
20
-4.1436421653543309
11
5.2549535826771656
21
-4.1490331889763779
0
LINE
8
BLACK
6
CONTINUOUS
10
5.2549535826771656
20
-4.1490331889763779
11
5.2593553149606302
21
-4.1534349212598425
0
LINE
8
BLACK
6
CONTINUOUS
10
5.2593553149606302
20
-4.1534349212598425
11
5.2647463385826772
21
-4.1565474015748034
0
LINE
8
BLACK
6
CONTINUOUS
10
5.2647463385826772
20
-4.1565474015748034
11
5.2707592125984251
21
-4.1581585433070867
0
LINE
8
BLACK
6
CONTINUOUS
10
5.2707592125984251
20
-4.1581585433070867
11
5.2707592913385826
21
-4.1581585433070867
0
LINE
8
BLACK
6
CONTINUOUS
10
5.2707592913385826
20
-4.1581585433070867
11
5.2769840944881885
21
-4.1581585433070867
0
LINE
8
BLACK
6
CONTINUOUS
10
5.2769840944881885
20
-4.1581585433070867
11
5.276984173228346
21
-4.1581585433070867
0
LINE
8
BLACK
6
CONTINUOUS
10
5.276984173228346
20
-4.1581585433070867
11
5.2829970472440948
21
-4.1565474015748034
0
LINE
8
BLACK
6
CONTINUOUS
10
5.2829970472440948
20
-4.1565474015748034
11
5.2883880708661417
21
-4.1534349212598425
0
LINE
8
BLACK
6
CONTINUOUS
10
5.2883880708661417
20
-4.1534349212598425
11
5.2927898031496063
21
-4.1490331889763779
0
LINE
8
BLACK
6
CONTINUOUS
10
5.2927898031496063
20
-4.1490331889763779
11
5.2959022834645664
21
-4.1436421653543309
0
LINE
8
BLACK
6
CONTINUOUS
10
5.2959022834645664
20
-4.1436421653543309
11
5.2975134251968505
21
-4.1376292913385821
0
LINE
8
BLACK
6
CONTINUOUS
10
5.2975134251968505
20
-4.1376292913385821
11
5.2975134251968505
21
-4.1314043307086612
0
LINE
8
BLACK
6
CONTINUOUS
10
5.2975134251968505
20
-4.1314043307086612
11
5.2959022834645664
21
-4.1253914566929133
0
LINE
8
BLACK
6
CONTINUOUS
10
5.2959022834645664
20
-4.1253914566929133
11
5.2927898031496063
21
-4.1200004330708664
0
LINE
8
BLACK
6
CONTINUOUS
10
5.2927898031496063
20
-4.1200004330708664
11
5.2883880708661417
21
-4.1155987007874018
0
LINE
8
BLACK
6
CONTINUOUS
10
5.2883880708661417
20
-4.1155987007874018
11
5.2829970472440948
21
-4.1124862204724408
0
LINE
8
BLACK
6
CONTINUOUS
10
5.2829970472440948
20
-4.1124862204724408
11
5.276984173228346
21
-4.1108750787401576
0
LINE
8
BLACK
6
CONTINUOUS
10
5.276984173228346
20
-4.1108750787401576
11
5.2707592125984251
21
-4.1108750787401576
0
LINE
8
BLACK
6
CONTINUOUS
10
5.2707592125984251
20
-4.1108750787401576
11
5.2647463385826772
21
-4.1124862204724408
0
LINE
8
BLACK
6
CONTINUOUS
10
5.2647463385826772
20
-4.1124862204724408
11
5.2593553149606302
21
-4.1155987007874018
0
LINE
8
BLACK
6
CONTINUOUS
10
5.2593553149606302
20
-4.1155987007874018
11
5.2549535826771656
21
-4.1200004330708664
0
LINE
8
BLACK
6
CONTINUOUS
10
5.2549535826771656
20
-4.1200004330708664
11
5.2518411023622047
21
-4.1253914566929133
0
LINE
8
BLACK
6
CONTINUOUS
10
5.2518411023622047
20
-4.1253914566929133
11
5.2502299606299214
21
-4.1314043307086612
0
LINE
8
BLACK
6
CONTINUOUS
10
5.2502299606299214
20
-4.1314043307086612
11
5.2502299606299214
21
-4.1376292913385821
0
LINE
8
BLACK
6
CONTINUOUS
10
4.24903311023622
20
-4.0886292913385827
11
4.2506442519685042
21
-4.0946421653543306
0
LINE
8
BLACK
6
CONTINUOUS
10
4.2506442519685042
20
-4.0946421653543306
11
4.2537567322834642
21
-4.1000331889763775
0
LINE
8
BLACK
6
CONTINUOUS
10
4.2537567322834642
20
-4.1000331889763775
11
4.2581584645669288
21
-4.1044349212598421
0
LINE
8
BLACK
6
CONTINUOUS
10
4.2581584645669288
20
-4.1044349212598421
11
4.2635494881889766
21
-4.107547401574803
0
LINE
8
BLACK
6
CONTINUOUS
10
4.2635494881889766
20
-4.107547401574803
11
4.2695623622047245
21
-4.1091585433070863
0
LINE
8
BLACK
6
CONTINUOUS
10
4.2695623622047245
20
-4.1091585433070863
11
4.269562440944882
21
-4.1091585433070863
0
LINE
8
BLACK
6
CONTINUOUS
10
4.269562440944882
20
-4.1091585433070863
11
4.275787244094488
21
-4.1091585433070863
0
LINE
8
BLACK
6
CONTINUOUS
10
4.275787244094488
20
-4.1091585433070863
11
4.2757873228346455
21
-4.1091585433070863
0
LINE
8
BLACK
6
CONTINUOUS
10
4.2757873228346455
20
-4.1091585433070863
11
4.2818001968503934
21
-4.107547401574803
0
LINE
8
BLACK
6
CONTINUOUS
10
4.2818001968503934
20
-4.107547401574803
11
4.2871912204724412
21
-4.1044349212598421
0
LINE
8
BLACK
6
CONTINUOUS
10
4.2871912204724412
20
-4.1044349212598421
11
4.2915929527559058
21
-4.1000331889763775
0
LINE
8
BLACK
6
CONTINUOUS
10
4.2915929527559058
20
-4.1000331889763775
11
4.2947054330708658
21
-4.0946421653543306
0
LINE
8
BLACK
6
CONTINUOUS
10
4.2947054330708658
20
-4.0946421653543306
11
4.2963165748031491
21
-4.0886292913385827
0
LINE
8
BLACK
6
CONTINUOUS
10
4.2963165748031491
20
-4.0886292913385827
11
4.2963165748031491
21
-4.0824043307086617
0
LINE
8
BLACK
6
CONTINUOUS
10
4.2963165748031491
20
-4.0824043307086617
11
4.2957944488188975
21
-4.0804557086614173
0
LINE
8
BLACK
6
CONTINUOUS
10
4.2957944488188975
20
-4.0804557086614173
11
4.2947054330708658
21
-4.0763914566929129
0
LINE
8
BLACK
6
CONTINUOUS
10
4.2947054330708658
20
-4.0763914566929129
11
4.2915929527559058
21
-4.071000433070866
0
LINE
8
BLACK
6
CONTINUOUS
10
4.2915929527559058
20
-4.071000433070866
11
4.2871912204724412
21
-4.0665987007874014
0
LINE
8
BLACK
6
CONTINUOUS
10
4.2871912204724412
20
-4.0665987007874014
11
4.2818001968503934
21
-4.0634862204724405
0
LINE
8
BLACK
6
CONTINUOUS
10
4.2818001968503934
20
-4.0634862204724405
11
4.2757873228346455
21
-4.0618750787401572
0
LINE
8
BLACK
6
CONTINUOUS
10
4.2757873228346455
20
-4.0618750787401572
11
4.2695623622047245
21
-4.0618750787401572
0
LINE
8
BLACK
6
CONTINUOUS
10
4.2695623622047245
20
-4.0618750787401572
11
4.2635494881889766
21
-4.0634862204724405
0
LINE
8
BLACK
6
CONTINUOUS
10
4.2635494881889766
20
-4.0634862204724405
11
4.2581584645669288
21
-4.0665987007874014
0
LINE
8
BLACK
6
CONTINUOUS
10
4.2581584645669288
20
-4.0665987007874014
11
4.2537567322834642
21
-4.071000433070866
0
LINE
8
BLACK
6
CONTINUOUS
10
4.2537567322834642
20
-4.071000433070866
11
4.2506442519685042
21
-4.0763914566929129
0
LINE
8
BLACK
6
CONTINUOUS
10
4.2506442519685042
20
-4.0763914566929129
11
4.24903311023622
21
-4.0824043307086617
0
LINE
8
BLACK
6
CONTINUOUS
10
4.24903311023622
20
-4.0824043307086617
11
4.24903311023622
21
-4.0886292913385827
0
LINE
8
BLACK
6
CONTINUOUS
10
7.0604661811023623
20
-4.0878649999999999
11
7.0616773228346457
21
-4.0939536614173226
0
LINE
8
BLACK
6
CONTINUOUS
10
7.0616773228346457
20
-4.0939536614173226
11
7.0616773228346457
21
-4.0939537401574801
0
LINE
8
BLACK
6
CONTINUOUS
10
7.0616773228346457
20
-4.0939537401574801
11
7.0640529133858267
21
-4.099689015748031
0
LINE
8
BLACK
6
CONTINUOUS
10
7.0640529133858267
20
-4.099689015748031
11
7.0640531496062993
21
-4.0996894488188973
0
LINE
8
BLACK
6
CONTINUOUS
10
7.0640531496062993
20
-4.0996894488188973
11
7.0659219685039369
21
-4.1024862598425198
0
LINE
8
BLACK
6
CONTINUOUS
10
7.0659219685039369
20
-4.1024862598425198
11
7.0675020472440941
21
-4.1048510236220475
0
LINE
8
BLACK
6
CONTINUOUS
10
7.0675020472440941
20
-4.1048510236220475
11
7.0718918110236215
21
-4.1092407874015748
0
LINE
8
BLACK
6
CONTINUOUS
10
7.0718918110236215
20
-4.1092407874015748
11
7.0743377165354326
21
-4.1108750787401576
0
LINE
8
BLACK
6
CONTINUOUS
10
7.0743377165354326
20
-4.1108750787401576
11
7.0770533464566929
21
-4.112689645669291
0
LINE
8
BLACK
6
CONTINUOUS
10
7.0770533464566929
20
-4.112689645669291
11
7.0770537795275592
21
-4.1126898818897635
0
LINE
8
BLACK
6
CONTINUOUS
10
7.0770537795275592
20
-4.1126898818897635
11
7.0791724015748034
21
-4.1135674015748034
0
LINE
8
BLACK
6
CONTINUOUS
10
7.0791724015748034
20
-4.1135674015748034
11
7.0827891338582676
21
-4.1150655118110233
0
LINE
8
BLACK
6
CONTINUOUS
10
7.0827891338582676
20
-4.1150655118110233
11
7.0888779133858266
21
-4.1162766535433066
0
LINE
8
BLACK
6
CONTINUOUS
10
7.0888779133858266
20
-4.1162766535433066
11
7.0888779527559054
21
-4.1162766535433066
0
LINE
8
BLACK
6
CONTINUOUS
10
7.0888779527559054
20
-4.1162766535433066
11
7.0950859055118105
21
-4.1162766535433066
0
LINE
8
BLACK
6
CONTINUOUS
10
7.0950859055118105
20
-4.1162766535433066
11
7.0950859448818893
21
-4.1162766535433066
0
LINE
8
BLACK
6
CONTINUOUS
10
7.0950859448818893
20
-4.1162766535433066
11
7.1011747244094483
21
-4.1150655118110233
0
LINE
8
BLACK
6
CONTINUOUS
10
7.1011747244094483
20
-4.1150655118110233
11
7.1069102362204726
21
-4.112689803149606
0
LINE
8
BLACK
6
CONTINUOUS
10
7.1069102362204726
20
-4.112689803149606
11
7.1120720472440944
21
-4.1092407874015748
0
LINE
8
BLACK
6
CONTINUOUS
10
7.1120720472440944
20
-4.1092407874015748
11
7.1164618110236217
21
-4.1048510236220475
0
LINE
8
BLACK
6
CONTINUOUS
10
7.1164618110236217
20
-4.1048510236220475
11
7.1199108267716538
21
-4.0996892125984248
0
LINE
8
BLACK
6
CONTINUOUS
10
7.1199108267716538
20
-4.0996892125984248
11
7.1222865354330711
21
-4.0939537007874014
0
LINE
8
BLACK
6
CONTINUOUS
10
7.1222865354330711
20
-4.0939537007874014
11
7.1234976771653544
21
-4.0878649212598424
0
LINE
8
BLACK
6
CONTINUOUS
10
7.1234976771653544
20
-4.0878649212598424
11
7.1234976771653544
21
-4.0816568897637797
0
LINE
8
BLACK
6
CONTINUOUS
10
7.1234976771653544
20
-4.0816568897637797
11
7.1222865354330711
21
-4.0755681102362207
0
LINE
8
BLACK
6
CONTINUOUS
10
7.1222865354330711
20
-4.0755681102362207
11
7.1202414173228341
21
-4.0706307086614171
0
LINE
8
BLACK
6
CONTINUOUS
10
7.1202414173228341
20
-4.0706307086614171
11
7.1199109055118113
21
-4.0698327559055114
0
LINE
8
BLACK
6
CONTINUOUS
10
7.1199109055118113
20
-4.0698327559055114
11
7.1199106692913388
21
-4.0698323228346451
0
LINE
8
BLACK
6
CONTINUOUS
10
7.1199106692913388
20
-4.0698323228346451
11
7.1184009055118107
21
-4.0675728346456692
0
LINE
8
BLACK
6
CONTINUOUS
10
7.1184009055118107
20
-4.0675728346456692
11
7.1164618110236217
21
-4.0646707874015746
0
LINE
8
BLACK
6
CONTINUOUS
10
7.1164618110236217
20
-4.0646707874015746
11
7.1120720472440944
21
-4.0602810236220472
0
LINE
8
BLACK
6
CONTINUOUS
10
7.1120720472440944
20
-4.0602810236220472
11
7.1091665748031492
21
-4.0583396456692915
0
LINE
8
BLACK
6
CONTINUOUS
10
7.1091665748031492
20
-4.0583396456692915
11
7.1069104724409451
21
-4.0568321259842515
0
LINE
8
BLACK
6
CONTINUOUS
10
7.1069104724409451
20
-4.0568321259842515
11
7.1069100393700788
21
-4.0568318897637798
0
LINE
8
BLACK
6
CONTINUOUS
10
7.1069100393700788
20
-4.0568318897637798
11
7.1011747244094483
21
-4.0544562992125988
0
LINE
8
BLACK
6
CONTINUOUS
10
7.1011747244094483
20
-4.0544562992125988
11
7.0950860236220468
21
-4.0532451574803146
0
LINE
8
BLACK
6
CONTINUOUS
10
7.0950860236220468
20
-4.0532451574803146
11
7.0950859448818893
21
-4.0532451574803146
0
LINE
8
BLACK
6
CONTINUOUS
10
7.0950859448818893
20
-4.0532451574803146
11
7.0888779133858266
21
-4.0532451574803146
0
LINE
8
BLACK
6
CONTINUOUS
10
7.0888779133858266
20
-4.0532451574803146
11
7.0888777952755904
21
-4.0532451574803146
0
LINE
8
BLACK
6
CONTINUOUS
10
7.0888777952755904
20
-4.0532451574803146
11
7.0827891338582676
21
-4.0544562992125988
0
LINE
8
BLACK
6
CONTINUOUS
10
7.0827891338582676
20
-4.0544562992125988
11
7.0827890551181101
21
-4.0544562992125988
0
LINE
8
BLACK
6
CONTINUOUS
10
7.0827890551181101
20
-4.0544562992125988
11
7.0770537795275592
21
-4.0568318897637798
0
LINE
8
BLACK
6
CONTINUOUS
10
7.0770537795275592
20
-4.0568318897637798
11
7.0770533464566929
21
-4.0568321259842515
0
LINE
8
BLACK
6
CONTINUOUS
10
7.0770533464566929
20
-4.0568321259842515
11
7.0718918110236215
21
-4.0602810236220472
0
LINE
8
BLACK
6
CONTINUOUS
10
7.0718918110236215
20
-4.0602810236220472
11
7.0718916535433065
21
-4.0602811417322835
0
LINE
8
BLACK
6
CONTINUOUS
10
7.0718916535433065
20
-4.0602811417322835
11
7.0675021653543304
21
-4.0646706299212596
0
LINE
8
BLACK
6
CONTINUOUS
10
7.0675021653543304
20
-4.0646706299212596
11
7.0675020472440941
21
-4.0646707874015746
0
LINE
8
BLACK
6
CONTINUOUS
10
7.0675020472440941
20
-4.0646707874015746
11
7.0640531496062993
21
-4.0698323228346451
0
LINE
8
BLACK
6
CONTINUOUS
10
7.0640531496062993
20
-4.0698323228346451
11
7.0640529133858267
21
-4.0698327559055114
0
LINE
8
BLACK
6
CONTINUOUS
10
7.0640529133858267
20
-4.0698327559055114
11
7.0616773228346457
21
-4.0755680314960632
0
LINE
8
BLACK
6
CONTINUOUS
10
7.0616773228346457
20
-4.0755680314960632
11
7.0616773228346457
21
-4.0755681102362207
0
LINE
8
BLACK
6
CONTINUOUS
10
7.0616773228346457
20
-4.0755681102362207
11
7.0604661811023623
21
-4.0816567716535435
0
LINE
8
BLACK
6
CONTINUOUS
10
7.0604661811023623
20
-4.0816567716535435
11
7.0604661811023623
21
-4.0878649999999999
0
LINE
8
BLACK
6
CONTINUOUS
10
5.989150236220472
20
-4.0866806692913382
11
5.9907613779527562
21
-4.0926935433070861
0
LINE
8
BLACK
6
CONTINUOUS
10
5.9907613779527562
20
-4.0926935433070861
11
5.9938738582677162
21
-4.0980845669291339
0
LINE
8
BLACK
6
CONTINUOUS
10
5.9938738582677162
20
-4.0980845669291339
11
5.9982755905511809
21
-4.1024862992125986
0
LINE
8
BLACK
6
CONTINUOUS
10
5.9982755905511809
20
-4.1024862992125986
11
6.0036666141732278
21
-4.1055987795275586
0
LINE
8
BLACK
6
CONTINUOUS
10
6.0036666141732278
20
-4.1055987795275586
11
6.0096794881889766
21
-4.1072099212598427
0
LINE
8
BLACK
6
CONTINUOUS
10
6.0096794881889766
20
-4.1072099212598427
11
6.0096795669291341
21
-4.1072099212598427
0
LINE
8
BLACK
6
CONTINUOUS
10
6.0096795669291341
20
-4.1072099212598427
11
6.01590437007874
21
-4.1072099212598427
0
LINE
8
BLACK
6
CONTINUOUS
10
6.01590437007874
20
-4.1072099212598427
11
6.0159044488188975
21
-4.1072099212598427
0
LINE
8
BLACK
6
CONTINUOUS
10
6.0159044488188975
20
-4.1072099212598427
11
6.0219173228346454
21
-4.1055987795275586
0
LINE
8
BLACK
6
CONTINUOUS
10
6.0219173228346454
20
-4.1055987795275586
11
6.0273083464566923
21
-4.1024862992125986
0
LINE
8
BLACK
6
CONTINUOUS
10
6.0273083464566923
20
-4.1024862992125986
11
6.031710078740157
21
-4.0980845669291339
0
LINE
8
BLACK
6
CONTINUOUS
10
6.031710078740157
20
-4.0980845669291339
11
6.0348225590551179
21
-4.0926935433070861
0
LINE
8
BLACK
6
CONTINUOUS
10
6.0348225590551179
20
-4.0926935433070861
11
6.0364337007874012
21
-4.0866806692913382
0
LINE
8
BLACK
6
CONTINUOUS
10
6.0364337007874012
20
-4.0866806692913382
11
6.0364337007874012
21
-4.0804557086614173
0
LINE
8
BLACK
6
CONTINUOUS
10
6.0364337007874012
20
-4.0804557086614173
11
6.0348225590551179
21
-4.0744428346456694
0
LINE
8
BLACK
6
CONTINUOUS
10
6.0348225590551179
20
-4.0744428346456694
11
6.031710078740157
21
-4.0690518110236216
0
LINE
8
BLACK
6
CONTINUOUS
10
6.031710078740157
20
-4.0690518110236216
11
6.0273083464566923
21
-4.0646500787401578
0
LINE
8
BLACK
6
CONTINUOUS
10
6.0273083464566923
20
-4.0646500787401578
11
6.0219173228346454
21
-4.0615375984251969
0
LINE
8
BLACK
6
CONTINUOUS
10
6.0219173228346454
20
-4.0615375984251969
11
6.0159044488188975
21
-4.0599264566929136
0
LINE
8
BLACK
6
CONTINUOUS
10
6.0159044488188975
20
-4.0599264566929136
11
6.0096794881889766
21
-4.0599264566929136
0
LINE
8
BLACK
6
CONTINUOUS
10
6.0096794881889766
20
-4.0599264566929136
11
6.0036666141732278
21
-4.0615375984251969
0
LINE
8
BLACK
6
CONTINUOUS
10
6.0036666141732278
20
-4.0615375984251969
11
5.9982755905511809
21
-4.0646500787401578
0
LINE
8
BLACK
6
CONTINUOUS
10
5.9982755905511809
20
-4.0646500787401578
11
5.9938738582677162
21
-4.0690518110236216
0
LINE
8
BLACK
6
CONTINUOUS
10
5.9938738582677162
20
-4.0690518110236216
11
5.9907613779527562
21
-4.0744428346456694
0
LINE
8
BLACK
6
CONTINUOUS
10
5.9907613779527562
20
-4.0744428346456694
11
5.989150236220472
21
-4.0804557086614173
0
LINE
8
BLACK
6
CONTINUOUS
10
5.989150236220472
20
-4.0804557086614173
11
5.989150236220472
21
-4.0866806692913382
0
LINE
8
BLACK
6
CONTINUOUS
10
6.6947181496062989
20
-4.0544086614173231
11
6.6963292913385821
21
-4.060421535433071
0
LINE
8
BLACK
6
CONTINUOUS
10
6.6963292913385821
20
-4.060421535433071
11
6.699441771653543
21
-4.065812559055118
0
LINE
8
BLACK
6
CONTINUOUS
10
6.699441771653543
20
-4.065812559055118
11
6.7038435039370077
21
-4.0702142913385826
0
LINE
8
BLACK
6
CONTINUOUS
10
6.7038435039370077
20
-4.0702142913385826
11
6.7092345275590546
21
-4.0733267716535435
0
LINE
8
BLACK
6
CONTINUOUS
10
6.7092345275590546
20
-4.0733267716535435
11
6.7152474015748034
21
-4.0749379133858268
0
LINE
8
BLACK
6
CONTINUOUS
10
6.7152474015748034
20
-4.0749379133858268
11
6.7152474803149609
21
-4.0749379133858268
0
LINE
8
BLACK
6
CONTINUOUS
10
6.7152474803149609
20
-4.0749379133858268
11
6.7214722834645668
21
-4.0749379133858268
0
LINE
8
BLACK
6
CONTINUOUS
10
6.7214722834645668
20
-4.0749379133858268
11
6.7214723622047243
21
-4.0749379133858268
0
LINE
8
BLACK
6
CONTINUOUS
10
6.7214723622047243
20
-4.0749379133858268
11
6.7274852362204722
21
-4.0733267716535435
0
LINE
8
BLACK
6
CONTINUOUS
10
6.7274852362204722
20
-4.0733267716535435
11
6.7328762598425191
21
-4.0702142913385826
0
LINE
8
BLACK
6
CONTINUOUS
10
6.7328762598425191
20
-4.0702142913385826
11
6.7372779921259838
21
-4.065812559055118
0
LINE
8
BLACK
6
CONTINUOUS
10
6.7372779921259838
20
-4.065812559055118
11
6.7403904724409447
21
-4.060421535433071
0
LINE
8
BLACK
6
CONTINUOUS
10
6.7403904724409447
20
-4.060421535433071
11
6.742001614173228
21
-4.0544086614173231
0
LINE
8
BLACK
6
CONTINUOUS
10
6.742001614173228
20
-4.0544086614173231
11
6.742001614173228
21
-4.0481837007874013
0
LINE
8
BLACK
6
CONTINUOUS
10
6.742001614173228
20
-4.0481837007874013
11
6.7403904724409447
21
-4.0421708267716534
0
LINE
8
BLACK
6
CONTINUOUS
10
6.7403904724409447
20
-4.0421708267716534
11
6.7372779921259838
21
-4.0367798031496065
0
LINE
8
BLACK
6
CONTINUOUS
10
6.7372779921259838
20
-4.0367798031496065
11
6.7328762598425191
21
-4.0323780708661419
0
LINE
8
BLACK
6
CONTINUOUS
10
6.7328762598425191
20
-4.0323780708661419
11
6.7274852362204722
21
-4.0292655905511809
0
LINE
8
BLACK
6
CONTINUOUS
10
6.7274852362204722
20
-4.0292655905511809
11
6.7214723622047243
21
-4.0276544488188977
0
LINE
8
BLACK
6
CONTINUOUS
10
6.7214723622047243
20
-4.0276544488188977
11
6.7152474015748034
21
-4.0276544488188977
0
LINE
8
BLACK
6
CONTINUOUS
10
6.7152474015748034
20
-4.0276544488188977
11
6.7092345275590546
21
-4.0292655905511809
0
LINE
8
BLACK
6
CONTINUOUS
10
6.7092345275590546
20
-4.0292655905511809
11
6.7038435039370077
21
-4.0323780708661419
0
LINE
8
BLACK
6
CONTINUOUS
10
6.7038435039370077
20
-4.0323780708661419
11
6.699441771653543
21
-4.0367798031496065
0
LINE
8
BLACK
6
CONTINUOUS
10
6.699441771653543
20
-4.0367798031496065
11
6.6963292913385821
21
-4.0421708267716534
0
LINE
8
BLACK
6
CONTINUOUS
10
6.6963292913385821
20
-4.0421708267716534
11
6.6947181496062989
21
-4.0481837007874013
0
LINE
8
BLACK
6
CONTINUOUS
10
6.6947181496062989
20
-4.0481837007874013
11
6.6947181496062989
21
-4.0544086614173231
0
LINE
8
BLACK
6
CONTINUOUS
10
4.7030331102362206
20
-4.0446292913385822
11
4.7046442519685039
21
-4.050642165354331
0
LINE
8
BLACK
6
CONTINUOUS
10
4.7046442519685039
20
-4.050642165354331
11
4.7077567322834648
21
-4.0560331889763779
0
LINE
8
BLACK
6
CONTINUOUS
10
4.7077567322834648
20
-4.0560331889763779
11
4.7121584645669294
21
-4.0604349212598425
0
LINE
8
BLACK
6
CONTINUOUS
10
4.7121584645669294
20
-4.0604349212598425
11
4.7175494881889763
21
-4.0635474015748034
0
LINE
8
BLACK
6
CONTINUOUS
10
4.7175494881889763
20
-4.0635474015748034
11
4.7235623622047243
21
-4.0651585433070867
0
LINE
8
BLACK
6
CONTINUOUS
10
4.7235623622047243
20
-4.0651585433070867
11
4.7235624409448818
21
-4.0651585433070867
0
LINE
8
BLACK
6
CONTINUOUS
10
4.7235624409448818
20
-4.0651585433070867
11
4.7297872440944877
21
-4.0651585433070867
0
LINE
8
BLACK
6
CONTINUOUS
10
4.7297872440944877
20
-4.0651585433070867
11
4.7297873228346452
21
-4.0651585433070867
0
LINE
8
BLACK
6
CONTINUOUS
10
4.7297873228346452
20
-4.0651585433070867
11
4.735800196850394
21
-4.0635474015748034
0
LINE
8
BLACK
6
CONTINUOUS
10
4.735800196850394
20
-4.0635474015748034
11
4.7411912204724409
21
-4.0604349212598425
0
LINE
8
BLACK
6
CONTINUOUS
10
4.7411912204724409
20
-4.0604349212598425
11
4.7455929527559055
21
-4.0560331889763779
0
LINE
8
BLACK
6
CONTINUOUS
10
4.7455929527559055
20
-4.0560331889763779
11
4.7487054330708665
21
-4.050642165354331
0
LINE
8
BLACK
6
CONTINUOUS
10
4.7487054330708665
20
-4.050642165354331
11
4.7503165748031497
21
-4.0446292913385822
0
LINE
8
BLACK
6
CONTINUOUS
10
4.7503165748031497
20
-4.0446292913385822
11
4.7503165748031497
21
-4.0384043307086612
0
LINE
8
BLACK
6
CONTINUOUS
10
4.7503165748031497
20
-4.0384043307086612
11
4.7496752362204724
21
-4.036010826771653
0
LINE
8
BLACK
6
CONTINUOUS
10
4.7496752362204724
20
-4.036010826771653
11
4.7487054330708665
21
-4.0323914566929133
0
LINE
8
BLACK
6
CONTINUOUS
10
4.7487054330708665
20
-4.0323914566929133
11
4.7455929527559055
21
-4.0270004330708664
0
LINE
8
BLACK
6
CONTINUOUS
10
4.7455929527559055
20
-4.0270004330708664
11
4.7411912204724409
21
-4.0225987007874018
0
LINE
8
BLACK
6
CONTINUOUS
10
4.7411912204724409
20
-4.0225987007874018
11
4.735800196850394
21
-4.0194862204724409
0
LINE
8
BLACK
6
CONTINUOUS
10
4.735800196850394
20
-4.0194862204724409
11
4.7297873228346452
21
-4.0178750787401576
0
LINE
8
BLACK
6
CONTINUOUS
10
4.7297873228346452
20
-4.0178750787401576
11
4.7235623622047243
21
-4.0178750787401576
0
LINE
8
BLACK
6
CONTINUOUS
10
4.7235623622047243
20
-4.0178750787401576
11
4.7175494881889763
21
-4.0194862204724409
0
LINE
8
BLACK
6
CONTINUOUS
10
4.7175494881889763
20
-4.0194862204724409
11
4.7121584645669294
21
-4.0225987007874018
0
LINE
8
BLACK
6
CONTINUOUS
10
4.7121584645669294
20
-4.0225987007874018
11
4.7077567322834648
21
-4.0270004330708664
0
LINE
8
BLACK
6
CONTINUOUS
10
4.7077567322834648
20
-4.0270004330708664
11
4.7046442519685039
21
-4.0323914566929133
0
LINE
8
BLACK
6
CONTINUOUS
10
4.7046442519685039
20
-4.0323914566929133
11
4.7030331102362206
21
-4.0384043307086612
0
LINE
8
BLACK
6
CONTINUOUS
10
4.7030331102362206
20
-4.0384043307086612
11
4.7030331102362206
21
-4.0446292913385822
0
LINE
8
BLACK
6
CONTINUOUS
10
5.3561590944881887
20
-4.0360109448818893
11
5.3561590944881887
21
-4.0422189763779528
0
LINE
8
BLACK
6
CONTINUOUS
10
5.3561590944881887
20
-4.0422189763779528
11
5.3573455511811021
21
-4.0481837401574801
0
LINE
8
BLACK
6
CONTINUOUS
10
5.3573455511811021
20
-4.0481837401574801
11
5.357370236220472
21
-4.0483077165354331
0
LINE
8
BLACK
6
CONTINUOUS
10
5.357370236220472
20
-4.0483077165354331
11
5.357370236220472
21
-4.0483077952755906
0
LINE
8
BLACK
6
CONTINUOUS
10
5.357370236220472
20
-4.0483077952755906
11
5.3597458267716531
21
-4.0540430708661415
0
LINE
8
BLACK
6
CONTINUOUS
10
5.3597458267716531
20
-4.0540430708661415
11
5.3597460629921256
21
-4.0540435039370077
0
LINE
8
BLACK
6
CONTINUOUS
10
5.3597460629921256
20
-4.0540435039370077
11
5.3618209842519686
21
-4.0571487795275587
0
LINE
8
BLACK
6
CONTINUOUS
10
5.3618209842519686
20
-4.0571487795275587
11
5.3631949606299214
21
-4.059205078740157
0
LINE
8
BLACK
6
CONTINUOUS
10
5.3631949606299214
20
-4.059205078740157
11
5.3675847244094488
21
-4.0635948425196853
0
LINE
8
BLACK
6
CONTINUOUS
10
5.3675847244094488
20
-4.0635948425196853
11
5.3691947637795279
21
-4.0646706299212596
0
LINE
8
BLACK
6
CONTINUOUS
10
5.3691947637795279
20
-4.0646706299212596
11
5.3727462598425193
21
-4.0670437007874014
0
LINE
8
BLACK
6
CONTINUOUS
10
5.3727462598425193
20
-4.0670437007874014
11
5.3727466929133856
21
-4.0670439370078739
0
LINE
8
BLACK
6
CONTINUOUS
10
5.3727466929133856
20
-4.0670439370078739
11
5.3748653149606298
21
-4.0679214566929129
0
LINE
8
BLACK
6
CONTINUOUS
10
5.3748653149606298
20
-4.0679214566929129
11
5.378482047244094
21
-4.0694195669291338
0
LINE
8
BLACK
6
CONTINUOUS
10
5.378482047244094
20
-4.0694195669291338
11
5.384570826771653
21
-4.0706307086614171
0
LINE
8
BLACK
6
CONTINUOUS
10
5.384570826771653
20
-4.0706307086614171
11
5.3845708661417317
21
-4.0706307086614171
0
LINE
8
BLACK
6
CONTINUOUS
10
5.3845708661417317
20
-4.0706307086614171
11
5.3907788188976378
21
-4.0706307086614171
0
LINE
8
BLACK
6
CONTINUOUS
10
5.3907788188976378
20
-4.0706307086614171
11
5.3907788582677165
21
-4.0706307086614171
0
LINE
8
BLACK
6
CONTINUOUS
10
5.3907788582677165
20
-4.0706307086614171
11
5.3968676377952756
21
-4.0694195669291338
0
LINE
8
BLACK
6
CONTINUOUS
10
5.3968676377952756
20
-4.0694195669291338
11
5.4026031496062989
21
-4.0670438582677164
0
LINE
8
BLACK
6
CONTINUOUS
10
5.4026031496062989
20
-4.0670438582677164
11
5.4077649606299207
21
-4.0635948425196853
0
LINE
8
BLACK
6
CONTINUOUS
10
5.4077649606299207
20
-4.0635948425196853
11
5.412154724409449
21
-4.059205078740157
0
LINE
8
BLACK
6
CONTINUOUS
10
5.412154724409449
20
-4.059205078740157
11
5.4156037401574801
21
-4.0540432677165352
0
LINE
8
BLACK
6
CONTINUOUS
10
5.4156037401574801
20
-4.0540432677165352
11
5.4179794488188975
21
-4.0483077559055118
0
LINE
8
BLACK
6
CONTINUOUS
10
5.4179794488188975
20
-4.0483077559055118
11
5.4191905905511808
21
-4.0422189763779528
0
LINE
8
BLACK
6
CONTINUOUS
10
5.4191905905511808
20
-4.0422189763779528
11
5.4191905905511808
21
-4.0360109448818893
0
LINE
8
BLACK
6
CONTINUOUS
10
5.4191905905511808
20
-4.0360109448818893
11
5.4179794488188975
21
-4.0299221653543302
0
LINE
8
BLACK
6
CONTINUOUS
10
5.4179794488188975
20
-4.0299221653543302
11
5.4171875196850392
21
-4.0280103149606301
0
LINE
8
BLACK
6
CONTINUOUS
10
5.4171875196850392
20
-4.0280103149606301
11
5.4156038188976376
21
-4.0241868110236219
0
LINE
8
BLACK
6
CONTINUOUS
10
5.4156038188976376
20
-4.0241868110236219
11
5.4156035826771651
21
-4.0241863779527556
0
LINE
8
BLACK
6
CONTINUOUS
10
5.4156035826771651
20
-4.0241863779527556
11
5.4142109448818898
21
-4.0221022047244093
0
LINE
8
BLACK
6
CONTINUOUS
10
5.4142109448818898
20
-4.0221022047244093
11
5.412154724409449
21
-4.0190248425196851
0
LINE
8
BLACK
6
CONTINUOUS
10
5.412154724409449
20
-4.0190248425196851
11
5.4077649606299207
21
-4.0146350787401577
0
LINE
8
BLACK
6
CONTINUOUS
10
5.4077649606299207
20
-4.0146350787401577
11
5.4057086614173224
21
-4.0132611023622049
0
LINE
8
BLACK
6
CONTINUOUS
10
5.4057086614173224
20
-4.0132611023622049
11
5.4026033858267715
21
-4.0111861811023619
0
LINE
8
BLACK
6
CONTINUOUS
10
5.4026033858267715
20
-4.0111861811023619
11
5.4026029527559052
21
-4.0111859448818894
0
LINE
8
BLACK
6
CONTINUOUS
10
5.4026029527559052
20
-4.0111859448818894
11
5.3968676377952756
21
-4.0088103543307083
0
LINE
8
BLACK
6
CONTINUOUS
10
5.3968676377952756
20
-4.0088103543307083
11
5.390778937007874
21
-4.007599212598425
0
LINE
8
BLACK
6
CONTINUOUS
10
5.390778937007874
20
-4.007599212598425
11
5.3907788582677165
21
-4.007599212598425
0
LINE
8
BLACK
6
CONTINUOUS
10
5.3907788582677165
20
-4.007599212598425
11
5.384570826771653
21
-4.007599212598425
0
LINE
8
BLACK
6
CONTINUOUS
10
5.384570826771653
20
-4.007599212598425
11
5.3845707086614176
21
-4.007599212598425
0
LINE
8
BLACK
6
CONTINUOUS
10
5.3845707086614176
20
-4.007599212598425
11
5.378482047244094
21
-4.0088103543307083
0
LINE
8
BLACK
6
CONTINUOUS
10
5.378482047244094
20
-4.0088103543307083
11
5.3784819685039365
21
-4.0088103543307083
0
LINE
8
BLACK
6
CONTINUOUS
10
5.3784819685039365
20
-4.0088103543307083
11
5.3727466929133856
21
-4.0111859448818894
0
LINE
8
BLACK
6
CONTINUOUS
10
5.3727466929133856
20
-4.0111859448818894
11
5.3727462598425193
21
-4.0111861811023619
0
LINE
8
BLACK
6
CONTINUOUS
10
5.3727462598425193
20
-4.0111861811023619
11
5.3675847244094488
21
-4.0146350787401577
0
LINE
8
BLACK
6
CONTINUOUS
10
5.3675847244094488
20
-4.0146350787401577
11
5.3675845669291338
21
-4.0146351968503939
0
LINE
8
BLACK
6
CONTINUOUS
10
5.3675845669291338
20
-4.0146351968503939
11
5.3631950787401577
21
-4.01902468503937
0
LINE
8
BLACK
6
CONTINUOUS
10
5.3631950787401577
20
-4.01902468503937
11
5.3631949606299214
21
-4.0190248425196851
0
LINE
8
BLACK
6
CONTINUOUS
10
5.3631949606299214
20
-4.0190248425196851
11
5.3597460629921256
21
-4.0241863779527556
0
LINE
8
BLACK
6
CONTINUOUS
10
5.3597460629921256
20
-4.0241863779527556
11
5.3597458267716531
21
-4.0241868110236219
0
LINE
8
BLACK
6
CONTINUOUS
10
5.3597458267716531
20
-4.0241868110236219
11
5.357370236220472
21
-4.0299220866141727
0
LINE
8
BLACK
6
CONTINUOUS
10
5.357370236220472
20
-4.0299220866141727
11
5.357370236220472
21
-4.0299221653543302
0
LINE
8
BLACK
6
CONTINUOUS
10
5.357370236220472
20
-4.0299221653543302
11
5.3561590944881887
21
-4.036010826771653
0
LINE
8
BLACK
6
CONTINUOUS
10
5.3561590944881887
20
-4.036010826771653
11
5.3561590944881887
21
-4.0360109448818893
0
LINE
8
BLACK
6
CONTINUOUS
10
6.1020330314960631
20
-4.009426811023622
11
6.1036441732283464
21
-4.0154396850393699
0
LINE
8
BLACK
6
CONTINUOUS
10
6.1036441732283464
20
-4.0154396850393699
11
6.1067566535433073
21
-4.0208307086614177
0
LINE
8
BLACK
6
CONTINUOUS
10
6.1067566535433073
20
-4.0208307086614177
11
6.111158385826772
21
-4.0252324409448814
0
LINE
8
BLACK
6
CONTINUOUS
10
6.111158385826772
20
-4.0252324409448814
11
6.1165494094488189
21
-4.0283449212598423
0
LINE
8
BLACK
6
CONTINUOUS
10
6.1165494094488189
20
-4.0283449212598423
11
6.1225622834645668
21
-4.0299560629921256
0
LINE
8
BLACK
6
CONTINUOUS
10
6.1225622834645668
20
-4.0299560629921256
11
6.1225623622047243
21
-4.0299560629921256
0
LINE
8
BLACK
6
CONTINUOUS
10
6.1225623622047243
20
-4.0299560629921256
11
6.1287871653543302
21
-4.0299560629921256
0
LINE
8
BLACK
6
CONTINUOUS
10
6.1287871653543302
20
-4.0299560629921256
11
6.1287872440944877
21
-4.0299560629921256
0
LINE
8
BLACK
6
CONTINUOUS
10
6.1287872440944877
20
-4.0299560629921256
11
6.1348001181102365
21
-4.0283449212598423
0
LINE
8
BLACK
6
CONTINUOUS
10
6.1348001181102365
20
-4.0283449212598423
11
6.1401911417322834
21
-4.0252324409448814
0
LINE
8
BLACK
6
CONTINUOUS
10
6.1401911417322834
20
-4.0252324409448814
11
6.1445928740157481
21
-4.0208307086614177
0
LINE
8
BLACK
6
CONTINUOUS
10
6.1445928740157481
20
-4.0208307086614177
11
6.1477053543307081
21
-4.0154396850393699
0
LINE
8
BLACK
6
CONTINUOUS
10
6.1477053543307081
20
-4.0154396850393699
11
6.1493164960629922
21
-4.009426811023622
0
LINE
8
BLACK
6
CONTINUOUS
10
6.1493164960629922
20
-4.009426811023622
11
6.1493164960629922
21
-4.003201850393701
0
LINE
8
BLACK
6
CONTINUOUS
10
6.1493164960629922
20
-4.003201850393701
11
6.1477053543307081
21
-3.9971889763779527
0
LINE
8
BLACK
6
CONTINUOUS
10
6.1477053543307081
20
-3.9971889763779527
11
6.1445928740157481
21
-3.9917979527559053
0
LINE
8
BLACK
6
CONTINUOUS
10
6.1445928740157481
20
-3.9917979527559053
11
6.1401911417322834
21
-3.9873962204724407
0
LINE
8
BLACK
6
CONTINUOUS
10
6.1401911417322834
20
-3.9873962204724407
11
6.1348001181102365
21
-3.9842837401574802
0
LINE
8
BLACK
6
CONTINUOUS
10
6.1348001181102365
20
-3.9842837401574802
11
6.1287872440944877
21
-3.9826725984251969
0
LINE
8
BLACK
6
CONTINUOUS
10
6.1287872440944877
20
-3.9826725984251969
11
6.1225622834645668
21
-3.9826725984251969
0
LINE
8
BLACK
6
CONTINUOUS
10
6.1225622834645668
20
-3.9826725984251969
11
6.1165494094488189
21
-3.9842837401574802
0
LINE
8
BLACK
6
CONTINUOUS
10
6.1165494094488189
20
-3.9842837401574802
11
6.111158385826772
21
-3.9873962204724407
0
LINE
8
BLACK
6
CONTINUOUS
10
6.111158385826772
20
-3.9873962204724407
11
6.1067566535433073
21
-3.9917979527559053
0
LINE
8
BLACK
6
CONTINUOUS
10
6.1067566535433073
20
-3.9917979527559053
11
6.1036441732283464
21
-3.9971889763779527
0
LINE
8
BLACK
6
CONTINUOUS
10
6.1036441732283464
20
-3.9971889763779527
11
6.1020330314960631
21
-4.003201850393701
0
LINE
8
BLACK
6
CONTINUOUS
10
6.1020330314960631
20
-4.003201850393701
11
6.1020330314960631
21
-4.009426811023622
0
LINE
8
BLACK
6
CONTINUOUS
10
6.1536183070866137
20
-3.9352055905511811
11
6.1552294488188979
21
-3.941218464566929
0
LINE
8
BLACK
6
CONTINUOUS
10
6.1552294488188979
20
-3.941218464566929
11
6.1583419291338579
21
-3.9466094881889764
0
LINE
8
BLACK
6
CONTINUOUS
10
6.1583419291338579
20
-3.9466094881889764
11
6.1627436614173225
21
-3.951011220472441
0
LINE
8
BLACK
6
CONTINUOUS
10
6.1627436614173225
20
-3.951011220472441
11
6.1681346850393703
21
-3.9541237007874015
0
LINE
8
BLACK
6
CONTINUOUS
10
6.1681346850393703
20
-3.9541237007874015
11
6.1741475590551183
21
-3.9557348425196848
0
LINE
8
BLACK
6
CONTINUOUS
10
6.1741475590551183
20
-3.9557348425196848
11
6.1741476377952758
21
-3.9557348425196848
0
LINE
8
BLACK
6
CONTINUOUS
10
6.1741476377952758
20
-3.9557348425196848
11
6.1803724409448817
21
-3.9557348425196848
0
LINE
8
BLACK
6
CONTINUOUS
10
6.1803724409448817
20
-3.9557348425196848
11
6.1803725196850392
21
-3.9557348425196848
0
LINE
8
BLACK
6
CONTINUOUS
10
6.1803725196850392
20
-3.9557348425196848
11
6.1863853937007871
21
-3.9541237007874015
0
LINE
8
BLACK
6
CONTINUOUS
10
6.1863853937007871
20
-3.9541237007874015
11
6.1917764173228349
21
-3.951011220472441
0
LINE
8
BLACK
6
CONTINUOUS
10
6.1917764173228349
20
-3.951011220472441
11
6.1961781496062986
21
-3.9466094881889764
0
LINE
8
BLACK
6
CONTINUOUS
10
6.1961781496062986
20
-3.9466094881889764
11
6.1992906299212596
21
-3.941218464566929
0
LINE
8
BLACK
6
CONTINUOUS
10
6.1992906299212596
20
-3.941218464566929
11
6.2009017716535428
21
-3.9352055905511811
0
LINE
8
BLACK
6
CONTINUOUS
10
6.2009017716535428
20
-3.9352055905511811
11
6.2009017716535428
21
-3.9289806299212597
0
LINE
8
BLACK
6
CONTINUOUS
10
6.2009017716535428
20
-3.9289806299212597
11
6.1992906299212596
21
-3.9229677559055118
0
LINE
8
BLACK
6
CONTINUOUS
10
6.1992906299212596
20
-3.9229677559055118
11
6.1961781496062986
21
-3.9175767322834645
0
LINE
8
BLACK
6
CONTINUOUS
10
6.1961781496062986
20
-3.9175767322834645
11
6.1917764173228349
21
-3.9131749999999998
0
LINE
8
BLACK
6
CONTINUOUS
10
6.1917764173228349
20
-3.9131749999999998
11
6.1863853937007871
21
-3.9100625196850394
0
LINE
8
BLACK
6
CONTINUOUS
10
6.1863853937007871
20
-3.9100625196850394
11
6.1803725196850392
21
-3.9084513779527557
0
LINE
8
BLACK
6
CONTINUOUS
10
6.1803725196850392
20
-3.9084513779527557
11
6.1741475590551183
21
-3.9084513779527557
0
LINE
8
BLACK
6
CONTINUOUS
10
6.1741475590551183
20
-3.9084513779527557
11
6.1681346850393703
21
-3.9100625196850394
0
LINE
8
BLACK
6
CONTINUOUS
10
6.1681346850393703
20
-3.9100625196850394
11
6.1627436614173225
21
-3.9131749999999998
0
LINE
8
BLACK
6
CONTINUOUS
10
6.1627436614173225
20
-3.9131749999999998
11
6.1583419291338579
21
-3.9175767322834645
0
LINE
8
BLACK
6
CONTINUOUS
10
6.1583419291338579
20
-3.9175767322834645
11
6.1552294488188979
21
-3.9229677559055118
0
LINE
8
BLACK
6
CONTINUOUS
10
6.1552294488188979
20
-3.9229677559055118
11
6.1536183070866137
21
-3.9289806299212597
0
LINE
8
BLACK
6
CONTINUOUS
10
6.1536183070866137
20
-3.9289806299212597
11
6.1536183070866137
21
-3.9352055905511811
0
LINE
8
BLACK
6
CONTINUOUS
10
5.8000331102362201
20
-3.9286292913385825
11
5.8016442519685034
21
-3.9346421653543304
0
LINE
8
BLACK
6
CONTINUOUS
10
5.8016442519685034
20
-3.9346421653543304
11
5.8047567322834643
21
-3.9400331889763778
0
LINE
8
BLACK
6
CONTINUOUS
10
5.8047567322834643
20
-3.9400331889763778
11
5.809158464566929
21
-3.9444349212598424
0
LINE
8
BLACK
6
CONTINUOUS
10
5.809158464566929
20
-3.9444349212598424
11
5.8145494881889759
21
-3.9475474015748029
0
LINE
8
BLACK
6
CONTINUOUS
10
5.8145494881889759
20
-3.9475474015748029
11
5.8205623622047247
21
-3.9491585433070866
0
LINE
8
BLACK
6
CONTINUOUS
10
5.8205623622047247
20
-3.9491585433070866
11
5.8205624409448822
21
-3.9491585433070866
0
LINE
8
BLACK
6
CONTINUOUS
10
5.8205624409448822
20
-3.9491585433070866
11
5.8267872440944881
21
-3.9491585433070866
0
LINE
8
BLACK
6
CONTINUOUS
10
5.8267872440944881
20
-3.9491585433070866
11
5.8267873228346456
21
-3.9491585433070866
0
LINE
8
BLACK
6
CONTINUOUS
10
5.8267873228346456
20
-3.9491585433070866
11
5.8328001968503935
21
-3.9475474015748029
0
LINE
8
BLACK
6
CONTINUOUS
10
5.8328001968503935
20
-3.9475474015748029
11
5.8381912204724404
21
-3.9444349212598424
0
LINE
8
BLACK
6
CONTINUOUS
10
5.8381912204724404
20
-3.9444349212598424
11
5.8425929527559051
21
-3.9400331889763778
0
LINE
8
BLACK
6
CONTINUOUS
10
5.8425929527559051
20
-3.9400331889763778
11
5.845705433070866
21
-3.9346421653543304
0
LINE
8
BLACK
6
CONTINUOUS
10
5.845705433070866
20
-3.9346421653543304
11
5.8472224409448819
21
-3.9289806299212597
0
LINE
8
BLACK
6
CONTINUOUS
10
5.8472224409448819
20
-3.9289806299212597
11
5.8473165748031493
21
-3.9286292913385825
0
LINE
8
BLACK
6
CONTINUOUS
10
5.8473165748031493
20
-3.9286292913385825
11
5.8473165748031493
21
-3.9224043307086611
0
LINE
8
BLACK
6
CONTINUOUS
10
5.8473165748031493
20
-3.9224043307086611
11
5.845705433070866
21
-3.9163914566929132
0
LINE
8
BLACK
6
CONTINUOUS
10
5.845705433070866
20
-3.9163914566929132
11
5.8425929527559051
21
-3.9110004330708659
0
LINE
8
BLACK
6
CONTINUOUS
10
5.8425929527559051
20
-3.9110004330708659
11
5.8381912204724404
21
-3.9065987007874017
0
LINE
8
BLACK
6
CONTINUOUS
10
5.8381912204724404
20
-3.9065987007874017
11
5.8371014566929134
21
-3.9059695275590549
0
LINE
8
BLACK
6
CONTINUOUS
10
5.8371014566929134
20
-3.9059695275590549
11
5.83548968503937
21
-3.9041794488188977
0
LINE
8
BLACK
6
CONTINUOUS
10
5.83548968503937
20
-3.9041794488188977
11
5.835237874015748
21
-3.9017837795275589
0
LINE
8
BLACK
6
CONTINUOUS
10
5.835237874015748
20
-3.9017837795275589
11
5.8364423228346451
21
-3.8996976377952755
0
LINE
8
BLACK
6
CONTINUOUS
10
5.8364423228346451
20
-3.8996976377952755
11
5.8371012204724408
21
-3.8992188976377951
0
LINE
8
BLACK
6
CONTINUOUS
10
5.8371012204724408
20
-3.8992188976377951
11
5.8401912204724411
21
-3.8974349212598423
0
LINE
8
BLACK
6
CONTINUOUS
10
5.8401912204724411
20
-3.8974349212598423
11
5.8445929527559057
21
-3.8930331889763781
0
LINE
8
BLACK
6
CONTINUOUS
10
5.8445929527559057
20
-3.8930331889763781
11
5.8477054330708658
21
-3.8876421653543307
0
LINE
8
BLACK
6
CONTINUOUS
10
5.8477054330708658
20
-3.8876421653543307
11
5.849316574803149
21
-3.8816292913385828
0
LINE
8
BLACK
6
CONTINUOUS
10
5.849316574803149
20
-3.8816292913385828
11
5.849316574803149
21
-3.8754043307086614
0
LINE
8
BLACK
6
CONTINUOUS
10
5.849316574803149
20
-3.8754043307086614
11
5.8477054330708658
21
-3.8693914566929135
0
LINE
8
BLACK
6
CONTINUOUS
10
5.8477054330708658
20
-3.8693914566929135
11
5.8445929527559057
21
-3.8640004330708662
0
LINE
8
BLACK
6
CONTINUOUS
10
5.8445929527559057
20
-3.8640004330708662
11
5.8401912204724411
21
-3.8595987007874015
0
LINE
8
BLACK
6
CONTINUOUS
10
5.8401912204724411
20
-3.8595987007874015
11
5.8348001968503933
21
-3.8564862204724411
0
LINE
8
BLACK
6
CONTINUOUS
10
5.8348001968503933
20
-3.8564862204724411
11
5.8287873228346454
21
-3.8548750787401573
0
LINE
8
BLACK
6
CONTINUOUS
10
5.8287873228346454
20
-3.8548750787401573
11
5.8225623622047245
21
-3.8548750787401573
0
LINE
8
BLACK
6
CONTINUOUS
10
5.8225623622047245
20
-3.8548750787401573
11
5.8165494881889765
21
-3.8564862204724411
0
LINE
8
BLACK
6
CONTINUOUS
10
5.8165494881889765
20
-3.8564862204724411
11
5.8111584645669287
21
-3.8595987007874015
0
LINE
8
BLACK
6
CONTINUOUS
10
5.8111584645669287
20
-3.8595987007874015
11
5.8067567322834641
21
-3.8640004330708662
0
LINE
8
BLACK
6
CONTINUOUS
10
5.8067567322834641
20
-3.8640004330708662
11
5.8036442519685041
21
-3.8693914566929135
0
LINE
8
BLACK
6
CONTINUOUS
10
5.8036442519685041
20
-3.8693914566929135
11
5.8020331102362199
21
-3.8754043307086614
0
LINE
8
BLACK
6
CONTINUOUS
10
5.8020331102362199
20
-3.8754043307086614
11
5.8020331102362199
21
-3.8816292913385828
0
LINE
8
BLACK
6
CONTINUOUS
10
5.8020331102362199
20
-3.8816292913385828
11
5.8036442519685041
21
-3.8876421653543307
0
LINE
8
BLACK
6
CONTINUOUS
10
5.8036442519685041
20
-3.8876421653543307
11
5.8067567322834641
21
-3.8930331889763781
0
LINE
8
BLACK
6
CONTINUOUS
10
5.8067567322834641
20
-3.8930331889763781
11
5.8111584645669287
21
-3.8974349212598423
0
LINE
8
BLACK
6
CONTINUOUS
10
5.8111584645669287
20
-3.8974349212598423
11
5.8122481102362205
21
-3.8980640157480315
0
LINE
8
BLACK
6
CONTINUOUS
10
5.8122481102362205
20
-3.8980640157480315
11
5.8138599606299213
21
-3.8998540944881888
0
LINE
8
BLACK
6
CONTINUOUS
10
5.8138599606299213
20
-3.8998540944881888
11
5.8141117716535433
21
-3.9022497637795275
0
LINE
8
BLACK
6
CONTINUOUS
10
5.8141117716535433
20
-3.9022497637795275
11
5.812907362204724
21
-3.9043359448818897
0
LINE
8
BLACK
6
CONTINUOUS
10
5.812907362204724
20
-3.9043359448818897
11
5.8122481102362205
21
-3.9048148818897639
0
LINE
8
BLACK
6
CONTINUOUS
10
5.8122481102362205
20
-3.9048148818897639
11
5.8091585433070865
21
-3.9065986220472442
0
LINE
8
BLACK
6
CONTINUOUS
10
5.8091585433070865
20
-3.9065986220472442
11
5.809158464566929
21
-3.9065987007874017
0
LINE
8
BLACK
6
CONTINUOUS
10
5.809158464566929
20
-3.9065987007874017
11
5.8047567322834643
21
-3.9110004330708659
0
LINE
8
BLACK
6
CONTINUOUS
10
5.8047567322834643
20
-3.9110004330708659
11
5.8016442519685034
21
-3.9163914566929132
0
LINE
8
BLACK
6
CONTINUOUS
10
5.8016442519685034
20
-3.9163914566929132
11
5.8000331102362201
21
-3.9224043307086611
0
LINE
8
BLACK
6
CONTINUOUS
10
5.8000331102362201
20
-3.9224043307086611
11
5.8000331102362201
21
-3.9286292913385825
0
LINE
8
BLACK
6
CONTINUOUS
10
6.7770331102362205
20
-3.9052277165354328
11
6.7786442519685037
21
-3.9112405905511811
0
LINE
8
BLACK
6
CONTINUOUS
10
6.7786442519685037
20
-3.9112405905511811
11
6.7817567322834647
21
-3.9166316141732285
0
LINE
8
BLACK
6
CONTINUOUS
10
6.7817567322834647
20
-3.9166316141732285
11
6.7861584645669293
21
-3.9210333464566927
0
LINE
8
BLACK
6
CONTINUOUS
10
6.7861584645669293
20
-3.9210333464566927
11
6.7915494881889762
21
-3.9241458267716536
0
LINE
8
BLACK
6
CONTINUOUS
10
6.7915494881889762
20
-3.9241458267716536
11
6.7975623622047241
21
-3.9257569685039369
0
LINE
8
BLACK
6
CONTINUOUS
10
6.7975623622047241
20
-3.9257569685039369
11
6.7975624409448816
21
-3.9257569685039369
0
LINE
8
BLACK
6
CONTINUOUS
10
6.7975624409448816
20
-3.9257569685039369
11
6.8037872440944884
21
-3.9257569685039369
0
LINE
8
BLACK
6
CONTINUOUS
10
6.8037872440944884
20
-3.9257569685039369
11
6.8037873228346459
21
-3.9257569685039369
0
LINE
8
BLACK
6
CONTINUOUS
10
6.8037873228346459
20
-3.9257569685039369
11
6.8098001968503938
21
-3.9241458267716536
0
LINE
8
BLACK
6
CONTINUOUS
10
6.8098001968503938
20
-3.9241458267716536
11
6.8151912204724407
21
-3.9210333464566927
0
LINE
8
BLACK
6
CONTINUOUS
10
6.8151912204724407
20
-3.9210333464566927
11
6.8195929527559054
21
-3.9166316141732285
0
LINE
8
BLACK
6
CONTINUOUS
10
6.8195929527559054
20
-3.9166316141732285
11
6.8227054330708663
21
-3.9112405905511811
0
LINE
8
BLACK
6
CONTINUOUS
10
6.8227054330708663
20
-3.9112405905511811
11
6.8243165748031496
21
-3.9052277165354328
0
LINE
8
BLACK
6
CONTINUOUS
10
6.8243165748031496
20
-3.9052277165354328
11
6.8243165748031496
21
-3.8990027559055118
0
LINE
8
BLACK
6
CONTINUOUS
10
6.8243165748031496
20
-3.8990027559055118
11
6.8227054330708663
21
-3.8929898818897635
0
LINE
8
BLACK
6
CONTINUOUS
10
6.8227054330708663
20
-3.8929898818897635
11
6.8195929527559054
21
-3.8875988582677166
0
LINE
8
BLACK
6
CONTINUOUS
10
6.8195929527559054
20
-3.8875988582677166
11
6.8151912204724407
21
-3.8831971259842519
0
LINE
8
BLACK
6
CONTINUOUS
10
6.8151912204724407
20
-3.8831971259842519
11
6.8098001968503938
21
-3.8800846456692915
0
LINE
8
BLACK
6
CONTINUOUS
10
6.8098001968503938
20
-3.8800846456692915
11
6.8037873228346459
21
-3.8784735039370077
0
LINE
8
BLACK
6
CONTINUOUS
10
6.8037873228346459
20
-3.8784735039370077
11
6.7975623622047241
21
-3.8784735039370077
0
LINE
8
BLACK
6
CONTINUOUS
10
6.7975623622047241
20
-3.8784735039370077
11
6.7915494881889762
21
-3.8800846456692915
0
LINE
8
BLACK
6
CONTINUOUS
10
6.7915494881889762
20
-3.8800846456692915
11
6.7861584645669293
21
-3.8831971259842519
0
LINE
8
BLACK
6
CONTINUOUS
10
6.7861584645669293
20
-3.8831971259842519
11
6.7817567322834647
21
-3.8875988582677166
0
LINE
8
BLACK
6
CONTINUOUS
10
6.7817567322834647
20
-3.8875988582677166
11
6.7786442519685037
21
-3.8929898818897635
0
LINE
8
BLACK
6
CONTINUOUS
10
6.7786442519685037
20
-3.8929898818897635
11
6.7770331102362205
21
-3.8990027559055118
0
LINE
8
BLACK
6
CONTINUOUS
10
6.7770331102362205
20
-3.8990027559055118
11
6.7770331102362205
21
-3.9052277165354328
0
LINE
8
BLACK
6
CONTINUOUS
10
4.4210331102362206
20
-3.8966292913385825
11
4.4226442519685039
21
-3.9026421653543308
0
LINE
8
BLACK
6
CONTINUOUS
10
4.4226442519685039
20
-3.9026421653543308
11
4.4257567322834648
21
-3.9080331889763777
0
LINE
8
BLACK
6
CONTINUOUS
10
4.4257567322834648
20
-3.9080331889763777
11
4.4301584645669294
21
-3.9124349212598424
0
LINE
8
BLACK
6
CONTINUOUS
10
4.4301584645669294
20
-3.9124349212598424
11
4.4355494881889763
21
-3.9155474015748029
0
LINE
8
BLACK
6
CONTINUOUS
10
4.4355494881889763
20
-3.9155474015748029
11
4.4415623622047242
21
-3.9171585433070866
0
LINE
8
BLACK
6
CONTINUOUS
10
4.4415623622047242
20
-3.9171585433070866
11
4.4415624409448817
21
-3.9171585433070866
0
LINE
8
BLACK
6
CONTINUOUS
10
4.4415624409448817
20
-3.9171585433070866
11
4.4477872440944877
21
-3.9171585433070866
0
LINE
8
BLACK
6
CONTINUOUS
10
4.4477872440944877
20
-3.9171585433070866
11
4.4477873228346452
21
-3.9171585433070866
0
LINE
8
BLACK
6
CONTINUOUS
10
4.4477873228346452
20
-3.9171585433070866
11
4.453800196850394
21
-3.9155474015748029
0
LINE
8
BLACK
6
CONTINUOUS
10
4.453800196850394
20
-3.9155474015748029
11
4.4591912204724409
21
-3.9124349212598424
0
LINE
8
BLACK
6
CONTINUOUS
10
4.4591912204724409
20
-3.9124349212598424
11
4.4635929527559055
21
-3.9080331889763777
0
LINE
8
BLACK
6
CONTINUOUS
10
4.4635929527559055
20
-3.9080331889763777
11
4.4667054330708664
21
-3.9026421653543308
0
LINE
8
BLACK
6
CONTINUOUS
10
4.4667054330708664
20
-3.9026421653543308
11
4.4683165748031497
21
-3.8966292913385825
0
LINE
8
BLACK
6
CONTINUOUS
10
4.4683165748031497
20
-3.8966292913385825
11
4.4683165748031497
21
-3.8904043307086615
0
LINE
8
BLACK
6
CONTINUOUS
10
4.4683165748031497
20
-3.8904043307086615
11
4.4667054330708664
21
-3.8843914566929132
0
LINE
8
BLACK
6
CONTINUOUS
10
4.4667054330708664
20
-3.8843914566929132
11
4.4635929527559055
21
-3.8790004330708658
0
LINE
8
BLACK
6
CONTINUOUS
10
4.4635929527559055
20
-3.8790004330708658
11
4.4591912204724409
21
-3.8745987007874017
0
LINE
8
BLACK
6
CONTINUOUS
10
4.4591912204724409
20
-3.8745987007874017
11
4.4579797244094488
21
-3.873899251968504
0
LINE
8
BLACK
6
CONTINUOUS
10
4.4579797244094488
20
-3.873899251968504
11
4.453800196850394
21
-3.8714862204724407
0
LINE
8
BLACK
6
CONTINUOUS
10
4.453800196850394
20
-3.8714862204724407
11
4.4477873228346452
21
-3.8698750787401575
0
LINE
8
BLACK
6
CONTINUOUS
10
4.4477873228346452
20
-3.8698750787401575
11
4.4415623622047242
21
-3.8698750787401575
0
LINE
8
BLACK
6
CONTINUOUS
10
4.4415623622047242
20
-3.8698750787401575
11
4.4355494881889763
21
-3.8714862204724407
0
LINE
8
BLACK
6
CONTINUOUS
10
4.4355494881889763
20
-3.8714862204724407
11
4.4301584645669294
21
-3.8745987007874017
0
LINE
8
BLACK
6
CONTINUOUS
10
4.4301584645669294
20
-3.8745987007874017
11
4.4257567322834648
21
-3.8790004330708658
0
LINE
8
BLACK
6
CONTINUOUS
10
4.4257567322834648
20
-3.8790004330708658
11
4.4226442519685039
21
-3.8843914566929132
0
LINE
8
BLACK
6
CONTINUOUS
10
4.4226442519685039
20
-3.8843914566929132
11
4.4210331102362206
21
-3.8904043307086615
0
LINE
8
BLACK
6
CONTINUOUS
10
4.4210331102362206
20
-3.8904043307086615
11
4.4210331102362206
21
-3.8966292913385825
0
LINE
8
BLACK
6
CONTINUOUS
10
4.9734515354330711
20
-3.880124212598425
11
4.9750626771653543
21
-3.8861370866141733
0
LINE
8
BLACK
6
CONTINUOUS
10
4.9750626771653543
20
-3.8861370866141733
11
4.9781751574803152
21
-3.8915281102362203
0
LINE
8
BLACK
6
CONTINUOUS
10
4.9781751574803152
20
-3.8915281102362203
11
4.982576889763779
21
-3.8959298425196849
0
LINE
8
BLACK
6
CONTINUOUS
10
4.982576889763779
20
-3.8959298425196849
11
4.9879679133858268
21
-3.8990423228346458
0
LINE
8
BLACK
6
CONTINUOUS
10
4.9879679133858268
20
-3.8990423228346458
11
4.9939807874015747
21
-3.9006534645669291
0
LINE
8
BLACK
6
CONTINUOUS
10
4.9939807874015747
20
-3.9006534645669291
11
4.9939808661417322
21
-3.9006534645669291
0
LINE
8
BLACK
6
CONTINUOUS
10
4.9939808661417322
20
-3.9006534645669291
11
5.0002056692913381
21
-3.9006534645669291
0
LINE
8
BLACK
6
CONTINUOUS
10
5.0002056692913381
20
-3.9006534645669291
11
5.0002057480314956
21
-3.9006534645669291
0
LINE
8
BLACK
6
CONTINUOUS
10
5.0002057480314956
20
-3.9006534645669291
11
5.0062186220472435
21
-3.8990423228346458
0
LINE
8
BLACK
6
CONTINUOUS
10
5.0062186220472435
20
-3.8990423228346458
11
5.0116096456692913
21
-3.8959298425196849
0
LINE
8
BLACK
6
CONTINUOUS
10
5.0116096456692913
20
-3.8959298425196849
11
5.016011377952756
21
-3.8915281102362203
0
LINE
8
BLACK
6
CONTINUOUS
10
5.016011377952756
20
-3.8915281102362203
11
5.019123858267716
21
-3.8861370866141733
0
LINE
8
BLACK
6
CONTINUOUS
10
5.019123858267716
20
-3.8861370866141733
11
5.0207350000000002
21
-3.880124212598425
0
LINE
8
BLACK
6
CONTINUOUS
10
5.0207350000000002
20
-3.880124212598425
11
5.0207350000000002
21
-3.873899251968504
0
LINE
8
BLACK
6
CONTINUOUS
10
5.0207350000000002
20
-3.873899251968504
11
5.019123858267716
21
-3.8678863779527557
0
LINE
8
BLACK
6
CONTINUOUS
10
5.019123858267716
20
-3.8678863779527557
11
5.016011377952756
21
-3.8624953543307088
0
LINE
8
BLACK
6
CONTINUOUS
10
5.016011377952756
20
-3.8624953543307088
11
5.0116096456692913
21
-3.8580936220472442
0
LINE
8
BLACK
6
CONTINUOUS
10
5.0116096456692913
20
-3.8580936220472442
11
5.0062186220472435
21
-3.8549811417322832
0
LINE
8
BLACK
6
CONTINUOUS
10
5.0062186220472435
20
-3.8549811417322832
11
5.0002057480314956
21
-3.85337
0
LINE
8
BLACK
6
CONTINUOUS
10
5.0002057480314956
20
-3.85337
11
4.9939807874015747
21
-3.85337
0
LINE
8
BLACK
6
CONTINUOUS
10
4.9939807874015747
20
-3.85337
11
4.9879679133858268
21
-3.8549811417322832
0
LINE
8
BLACK
6
CONTINUOUS
10
4.9879679133858268
20
-3.8549811417322832
11
4.982576889763779
21
-3.8580936220472442
0
LINE
8
BLACK
6
CONTINUOUS
10
4.982576889763779
20
-3.8580936220472442
11
4.9781751574803152
21
-3.8624953543307088
0
LINE
8
BLACK
6
CONTINUOUS
10
4.9781751574803152
20
-3.8624953543307088
11
4.9750626771653543
21
-3.8678863779527557
0
LINE
8
BLACK
6
CONTINUOUS
10
4.9750626771653543
20
-3.8678863779527557
11
4.9734515354330711
21
-3.873899251968504
0
LINE
8
BLACK
6
CONTINUOUS
10
4.9734515354330711
20
-3.873899251968504
11
4.9734515354330711
21
-3.880124212598425
0
LINE
8
BLACK
6
CONTINUOUS
10
6.1304348425196853
20
-3.8512277952755904
11
6.1320459842519686
21
-3.8572406692913384
0
LINE
8
BLACK
6
CONTINUOUS
10
6.1320459842519686
20
-3.8572406692913384
11
6.1351584645669286
21
-3.8626316929133857
0
LINE
8
BLACK
6
CONTINUOUS
10
6.1351584645669286
20
-3.8626316929133857
11
6.1395601968503932
21
-3.8670334251968503
0
LINE
8
BLACK
6
CONTINUOUS
10
6.1395601968503932
20
-3.8670334251968503
11
6.144951220472441
21
-3.8701459055118108
0
LINE
8
BLACK
6
CONTINUOUS
10
6.144951220472441
20
-3.8701459055118108
11
6.1509640944881889
21
-3.8717570472440945
0
LINE
8
BLACK
6
CONTINUOUS
10
6.1509640944881889
20
-3.8717570472440945
11
6.1509641732283464
21
-3.8717570472440945
0
LINE
8
BLACK
6
CONTINUOUS
10
6.1509641732283464
20
-3.8717570472440945
11
6.1571889763779524
21
-3.8717570472440945
0
LINE
8
BLACK
6
CONTINUOUS
10
6.1571889763779524
20
-3.8717570472440945
11
6.1571890551181099
21
-3.8717570472440945
0
LINE
8
BLACK
6
CONTINUOUS
10
6.1571890551181099
20
-3.8717570472440945
11
6.1632019291338578
21
-3.8701459055118108
0
LINE
8
BLACK
6
CONTINUOUS
10
6.1632019291338578
20
-3.8701459055118108
11
6.1685929527559056
21
-3.8670334251968503
0
LINE
8
BLACK
6
CONTINUOUS
10
6.1685929527559056
20
-3.8670334251968503
11
6.1729946850393702
21
-3.8626316929133857
0
LINE
8
BLACK
6
CONTINUOUS
10
6.1729946850393702
20
-3.8626316929133857
11
6.1761071653543302
21
-3.8572406692913384
0
LINE
8
BLACK
6
CONTINUOUS
10
6.1761071653543302
20
-3.8572406692913384
11
6.1777183070866144
21
-3.8512277952755904
0
LINE
8
BLACK
6
CONTINUOUS
10
6.1777183070866144
20
-3.8512277952755904
11
6.1777183070866144
21
-3.8450028346456691
0
LINE
8
BLACK
6
CONTINUOUS
10
6.1777183070866144
20
-3.8450028346456691
11
6.1761071653543302
21
-3.8389899606299211
0
LINE
8
BLACK
6
CONTINUOUS
10
6.1761071653543302
20
-3.8389899606299211
11
6.1729946850393702
21
-3.8335989370078738
0
LINE
8
BLACK
6
CONTINUOUS
10
6.1729946850393702
20
-3.8335989370078738
11
6.1685929527559056
21
-3.8291972047244092
0
LINE
8
BLACK
6
CONTINUOUS
10
6.1685929527559056
20
-3.8291972047244092
11
6.1632019291338578
21
-3.8260847244094487
0
LINE
8
BLACK
6
CONTINUOUS
10
6.1632019291338578
20
-3.8260847244094487
11
6.1571890551181099
21
-3.8244735826771654
0
LINE
8
BLACK
6
CONTINUOUS
10
6.1571890551181099
20
-3.8244735826771654
11
6.1509640944881889
21
-3.8244735826771654
0
LINE
8
BLACK
6
CONTINUOUS
10
6.1509640944881889
20
-3.8244735826771654
11
6.144951220472441
21
-3.8260847244094487
0
LINE
8
BLACK
6
CONTINUOUS
10
6.144951220472441
20
-3.8260847244094487
11
6.1395601968503932
21
-3.8291972047244092
0
LINE
8
BLACK
6
CONTINUOUS
10
6.1395601968503932
20
-3.8291972047244092
11
6.1351584645669286
21
-3.8335989370078738
0
LINE
8
BLACK
6
CONTINUOUS
10
6.1351584645669286
20
-3.8335989370078738
11
6.1320459842519686
21
-3.8389899606299211
0
LINE
8
BLACK
6
CONTINUOUS
10
6.1320459842519686
20
-3.8389899606299211
11
6.1304348425196853
21
-3.8450028346456691
0
LINE
8
BLACK
6
CONTINUOUS
10
6.1304348425196853
20
-3.8450028346456691
11
6.1304348425196853
21
-3.8512277952755904
0
LINE
8
BLACK
6
CONTINUOUS
10
5.9550331102362204
20
-3.7906292913385826
11
5.9566442519685037
21
-3.7966421653543305
0
LINE
8
BLACK
6
CONTINUOUS
10
5.9566442519685037
20
-3.7966421653543305
11
5.9597567322834646
21
-3.8020331889763779
0
LINE
8
BLACK
6
CONTINUOUS
10
5.9597567322834646
20
-3.8020331889763779
11
5.9641584645669292
21
-3.8064349212598425
0
LINE
8
BLACK
6
CONTINUOUS
10
5.9641584645669292
20
-3.8064349212598425
11
5.9695494881889761
21
-3.809547401574803
0
LINE
8
BLACK
6
CONTINUOUS
10
5.9695494881889761
20
-3.809547401574803
11
5.975562362204724
21
-3.8111585433070867
0
LINE
8
BLACK
6
CONTINUOUS
10
5.975562362204724
20
-3.8111585433070867
11
5.9755624409448815
21
-3.8111585433070867
0
LINE
8
BLACK
6
CONTINUOUS
10
5.9755624409448815
20
-3.8111585433070867
11
5.9817872440944884
21
-3.8111585433070867
0
LINE
8
BLACK
6
CONTINUOUS
10
5.9817872440944884
20
-3.8111585433070867
11
5.9817873228346459
21
-3.8111585433070867
0
LINE
8
BLACK
6
CONTINUOUS
10
5.9817873228346459
20
-3.8111585433070867
11
5.9878001968503938
21
-3.809547401574803
0
LINE
8
BLACK
6
CONTINUOUS
10
5.9878001968503938
20
-3.809547401574803
11
5.9931912204724407
21
-3.8064349212598425
0
LINE
8
BLACK
6
CONTINUOUS
10
5.9931912204724407
20
-3.8064349212598425
11
5.9975929527559053
21
-3.8020331889763779
0
LINE
8
BLACK
6
CONTINUOUS
10
5.9975929527559053
20
-3.8020331889763779
11
6.0007054330708662
21
-3.7966421653543305
0
LINE
8
BLACK
6
CONTINUOUS
10
6.0007054330708662
20
-3.7966421653543305
11
6.0023165748031495
21
-3.7906292913385826
0
LINE
8
BLACK
6
CONTINUOUS
10
6.0023165748031495
20
-3.7906292913385826
11
6.0023165748031495
21
-3.7844043307086612
0
LINE
8
BLACK
6
CONTINUOUS
10
6.0023165748031495
20
-3.7844043307086612
11
6.0007054330708662
21
-3.7783914566929133
0
LINE
8
BLACK
6
CONTINUOUS
10
6.0007054330708662
20
-3.7783914566929133
11
5.9975929527559053
21
-3.773000433070866
0
LINE
8
BLACK
6
CONTINUOUS
10
5.9975929527559053
20
-3.773000433070866
11
5.9931912204724407
21
-3.7685987007874013
0
LINE
8
BLACK
6
CONTINUOUS
10
5.9931912204724407
20
-3.7685987007874013
11
5.9878001968503938
21
-3.7654862204724409
0
LINE
8
BLACK
6
CONTINUOUS
10
5.9878001968503938
20
-3.7654862204724409
11
5.9817873228346459
21
-3.7638750787401576
0
LINE
8
BLACK
6
CONTINUOUS
10
5.9817873228346459
20
-3.7638750787401576
11
5.975562362204724
21
-3.7638750787401576
0
LINE
8
BLACK
6
CONTINUOUS
10
5.975562362204724
20
-3.7638750787401576
11
5.9695494881889761
21
-3.7654862204724409
0
LINE
8
BLACK
6
CONTINUOUS
10
5.9695494881889761
20
-3.7654862204724409
11
5.9641584645669292
21
-3.7685987007874013
0
LINE
8
BLACK
6
CONTINUOUS
10
5.9641584645669292
20
-3.7685987007874013
11
5.9597567322834646
21
-3.773000433070866
0
LINE
8
BLACK
6
CONTINUOUS
10
5.9597567322834646
20
-3.773000433070866
11
5.9566442519685037
21
-3.7783914566929133
0
LINE
8
BLACK
6
CONTINUOUS
10
5.9566442519685037
20
-3.7783914566929133
11
5.9550331102362204
21
-3.7844043307086612
0
LINE
8
BLACK
6
CONTINUOUS
10
5.9550331102362204
20
-3.7844043307086612
11
5.9550331102362204
21
-3.7906292913385826
0
LINE
8
BLACK
6
CONTINUOUS
10
5.7982424015748029
20
-3.7617795275590549
11
5.7998535433070861
21
-3.7677924015748032
0
LINE
8
BLACK
6
CONTINUOUS
10
5.7998535433070861
20
-3.7677924015748032
11
5.8029660236220471
21
-3.7731834251968501
0
LINE
8
BLACK
6
CONTINUOUS
10
5.8029660236220471
20
-3.7731834251968501
11
5.8073677559055117
21
-3.7775851574803148
0
LINE
8
BLACK
6
CONTINUOUS
10
5.8073677559055117
20
-3.7775851574803148
11
5.8127587795275586
21
-3.7806976377952757
0
LINE
8
BLACK
6
CONTINUOUS
10
5.8127587795275586
20
-3.7806976377952757
11
5.8187716535433074
21
-3.782308779527559
0
LINE
8
BLACK
6
CONTINUOUS
10
5.8187716535433074
20
-3.782308779527559
11
5.818771732283464
21
-3.782308779527559
0
LINE
8
BLACK
6
CONTINUOUS
10
5.818771732283464
20
-3.782308779527559
11
5.8249965354330708
21
-3.782308779527559
0
LINE
8
BLACK
6
CONTINUOUS
10
5.8249965354330708
20
-3.782308779527559
11
5.8249966141732283
21
-3.782308779527559
0
LINE
8
BLACK
6
CONTINUOUS
10
5.8249966141732283
20
-3.782308779527559
11
5.8310094881889762
21
-3.7806976377952757
0
LINE
8
BLACK
6
CONTINUOUS
10
5.8310094881889762
20
-3.7806976377952757
11
5.8364005118110232
21
-3.7775851574803148
0
LINE
8
BLACK
6
CONTINUOUS
10
5.8364005118110232
20
-3.7775851574803148
11
5.8408022440944878
21
-3.7731834251968501
0
LINE
8
BLACK
6
CONTINUOUS
10
5.8408022440944878
20
-3.7731834251968501
11
5.8439147244094487
21
-3.7677924015748032
0
LINE
8
BLACK
6
CONTINUOUS
10
5.8439147244094487
20
-3.7677924015748032
11
5.845525866141732
21
-3.7617795275590549
0
LINE
8
BLACK
6
CONTINUOUS
10
5.845525866141732
20
-3.7617795275590549
11
5.845525866141732
21
-3.7555545669291339
0
LINE
8
BLACK
6
CONTINUOUS
10
5.845525866141732
20
-3.7555545669291339
11
5.8439147244094487
21
-3.7495416929133856
0
LINE
8
BLACK
6
CONTINUOUS
10
5.8439147244094487
20
-3.7495416929133856
11
5.8408022440944878
21
-3.7441506692913387
0
LINE
8
BLACK
6
CONTINUOUS
10
5.8408022440944878
20
-3.7441506692913387
11
5.8364005118110232
21
-3.739748937007874
0
LINE
8
BLACK
6
CONTINUOUS
10
5.8364005118110232
20
-3.739748937007874
11
5.8310094881889762
21
-3.7366364566929131
0
LINE
8
BLACK
6
CONTINUOUS
10
5.8310094881889762
20
-3.7366364566929131
11
5.8249966141732283
21
-3.7350253149606298
0
LINE
8
BLACK
6
CONTINUOUS
10
5.8249966141732283
20
-3.7350253149606298
11
5.8187716535433074
21
-3.7350253149606298
0
LINE
8
BLACK
6
CONTINUOUS
10
5.8187716535433074
20
-3.7350253149606298
11
5.8127587795275586
21
-3.7366364566929131
0
LINE
8
BLACK
6
CONTINUOUS
10
5.8127587795275586
20
-3.7366364566929131
11
5.8073677559055117
21
-3.739748937007874
0
LINE
8
BLACK
6
CONTINUOUS
10
5.8073677559055117
20
-3.739748937007874
11
5.8029660236220471
21
-3.7441506692913387
0
LINE
8
BLACK
6
CONTINUOUS
10
5.8029660236220471
20
-3.7441506692913387
11
5.7998535433070861
21
-3.7495416929133856
0
LINE
8
BLACK
6
CONTINUOUS
10
5.7998535433070861
20
-3.7495416929133856
11
5.7982424015748029
21
-3.7555545669291339
0
LINE
8
BLACK
6
CONTINUOUS
10
5.7982424015748029
20
-3.7555545669291339
11
5.7982424015748029
21
-3.7617795275590549
0
LINE
8
BLACK
6
CONTINUOUS
10
4.2340333464566928
20
-3.7556292913385825
11
4.2356444881889761
21
-3.7616421653543308
0
LINE
8
BLACK
6
CONTINUOUS
10
4.2356444881889761
20
-3.7616421653543308
11
4.238756968503937
21
-3.7670331889763777
0
LINE
8
BLACK
6
CONTINUOUS
10
4.238756968503937
20
-3.7670331889763777
11
4.2431587007874016
21
-3.7714349212598424
0
LINE
8
BLACK
6
CONTINUOUS
10
4.2431587007874016
20
-3.7714349212598424
11
4.2485497244094486
21
-3.7745474015748033
0
LINE
8
BLACK
6
CONTINUOUS
10
4.2485497244094486
20
-3.7745474015748033
11
4.2545625984251965
21
-3.7761585433070866
0
LINE
8
BLACK
6
CONTINUOUS
10
4.2545625984251965
20
-3.7761585433070866
11
4.254562677165354
21
-3.7761585433070866
0
LINE
8
BLACK
6
CONTINUOUS
10
4.254562677165354
20
-3.7761585433070866
11
4.2607874803149608
21
-3.7761585433070866
0
LINE
8
BLACK
6
CONTINUOUS
10
4.2607874803149608
20
-3.7761585433070866
11
4.2607875590551183
21
-3.7761585433070866
0
LINE
8
BLACK
6
CONTINUOUS
10
4.2607875590551183
20
-3.7761585433070866
11
4.2668004330708662
21
-3.7745474015748033
0
LINE
8
BLACK
6
CONTINUOUS
10
4.2668004330708662
20
-3.7745474015748033
11
4.2721914566929131
21
-3.7714349212598424
0
LINE
8
BLACK
6
CONTINUOUS
10
4.2721914566929131
20
-3.7714349212598424
11
4.2765931889763777
21
-3.7670331889763777
0
LINE
8
BLACK
6
CONTINUOUS
10
4.2765931889763777
20
-3.7670331889763777
11
4.2797056692913387
21
-3.7616421653543308
0
LINE
8
BLACK
6
CONTINUOUS
10
4.2797056692913387
20
-3.7616421653543308
11
4.2813168110236219
21
-3.7556292913385825
0
LINE
8
BLACK
6
CONTINUOUS
10
4.2813168110236219
20
-3.7556292913385825
11
4.2813168110236219
21
-3.7555545669291339
0
LINE
8
BLACK
6
CONTINUOUS
10
4.2813168110236219
20
-3.7555545669291339
11
4.2813168110236219
21
-3.7494043307086615
0
LINE
8
BLACK
6
CONTINUOUS
10
4.2813168110236219
20
-3.7494043307086615
11
4.2797056692913387
21
-3.7433914566929132
0
LINE
8
BLACK
6
CONTINUOUS
10
4.2797056692913387
20
-3.7433914566929132
11
4.2765931889763777
21
-3.7380004330708663
0
LINE
8
BLACK
6
CONTINUOUS
10
4.2765931889763777
20
-3.7380004330708663
11
4.2721914566929131
21
-3.7335987007874016
0
LINE
8
BLACK
6
CONTINUOUS
10
4.2721914566929131
20
-3.7335987007874016
11
4.2668004330708662
21
-3.7304862204724407
0
LINE
8
BLACK
6
CONTINUOUS
10
4.2668004330708662
20
-3.7304862204724407
11
4.2607875590551183
21
-3.7288750787401574
0
LINE
8
BLACK
6
CONTINUOUS
10
4.2607875590551183
20
-3.7288750787401574
11
4.2545625984251965
21
-3.7288750787401574
0
LINE
8
BLACK
6
CONTINUOUS
10
4.2545625984251965
20
-3.7288750787401574
11
4.2485497244094486
21
-3.7304862204724407
0
LINE
8
BLACK
6
CONTINUOUS
10
4.2485497244094486
20
-3.7304862204724407
11
4.2431587007874016
21
-3.7335987007874016
0
LINE
8
BLACK
6
CONTINUOUS
10
4.2431587007874016
20
-3.7335987007874016
11
4.238756968503937
21
-3.7380004330708663
0
LINE
8
BLACK
6
CONTINUOUS
10
4.238756968503937
20
-3.7380004330708663
11
4.2356444881889761
21
-3.7433914566929132
0
LINE
8
BLACK
6
CONTINUOUS
10
4.2356444881889761
20
-3.7433914566929132
11
4.2340333464566928
21
-3.7494043307086615
0
LINE
8
BLACK
6
CONTINUOUS
10
4.2340333464566928
20
-3.7494043307086615
11
4.2340333464566928
21
-3.7556292913385825
0
LINE
8
BLACK
6
CONTINUOUS
10
5.6921606692913382
20
-3.7299595275590551
11
5.6937718110236215
21
-3.735972401574803
0
LINE
8
BLACK
6
CONTINUOUS
10
5.6937718110236215
20
-3.735972401574803
11
5.6968842913385824
21
-3.7413634251968504
0
LINE
8
BLACK
6
CONTINUOUS
10
5.6968842913385824
20
-3.7413634251968504
11
5.7012860236220471
21
-3.745765157480315
0
LINE
8
BLACK
6
CONTINUOUS
10
5.7012860236220471
20
-3.745765157480315
11
5.706677047244094
21
-3.7488776377952755
0
LINE
8
BLACK
6
CONTINUOUS
10
5.706677047244094
20
-3.7488776377952755
11
5.7126899212598428
21
-3.7504887795275588
0
LINE
8
BLACK
6
CONTINUOUS
10
5.7126899212598428
20
-3.7504887795275588
11
5.7126900000000003
21
-3.7504887795275588
0
LINE
8
BLACK
6
CONTINUOUS
10
5.7126900000000003
20
-3.7504887795275588
11
5.7189148031496062
21
-3.7504887795275588
0
LINE
8
BLACK
6
CONTINUOUS
10
5.7189148031496062
20
-3.7504887795275588
11
5.7189148818897637
21
-3.7504887795275588
0
LINE
8
BLACK
6
CONTINUOUS
10
5.7189148818897637
20
-3.7504887795275588
11
5.7249277559055116
21
-3.7488776377952755
0
LINE
8
BLACK
6
CONTINUOUS
10
5.7249277559055116
20
-3.7488776377952755
11
5.7303187795275585
21
-3.745765157480315
0
LINE
8
BLACK
6
CONTINUOUS
10
5.7303187795275585
20
-3.745765157480315
11
5.7347205118110232
21
-3.7413634251968504
0
LINE
8
BLACK
6
CONTINUOUS
10
5.7347205118110232
20
-3.7413634251968504
11
5.7378329921259841
21
-3.735972401574803
0
LINE
8
BLACK
6
CONTINUOUS
10
5.7378329921259841
20
-3.735972401574803
11
5.7394441338582673
21
-3.7299595275590551
0
LINE
8
BLACK
6
CONTINUOUS
10
5.7394441338582673
20
-3.7299595275590551
11
5.7394441338582673
21
-3.7237345669291337
0
LINE
8
BLACK
6
CONTINUOUS
10
5.7394441338582673
20
-3.7237345669291337
11
5.7378329921259841
21
-3.7177216929133858
0
LINE
8
BLACK
6
CONTINUOUS
10
5.7378329921259841
20
-3.7177216929133858
11
5.7347205118110232
21
-3.7123306692913385
0
LINE
8
BLACK
6
CONTINUOUS
10
5.7347205118110232
20
-3.7123306692913385
11
5.7303187795275585
21
-3.7079289370078738
0
LINE
8
BLACK
6
CONTINUOUS
10
5.7303187795275585
20
-3.7079289370078738
11
5.7249277559055116
21
-3.7048164566929134
0
LINE
8
BLACK
6
CONTINUOUS
10
5.7249277559055116
20
-3.7048164566929134
11
5.7189148818897637
21
-3.7032053149606297
0
LINE
8
BLACK
6
CONTINUOUS
10
5.7189148818897637
20
-3.7032053149606297
11
5.7126899212598428
21
-3.7032053149606297
0
LINE
8
BLACK
6
CONTINUOUS
10
5.7126899212598428
20
-3.7032053149606297
11
5.706677047244094
21
-3.7048164566929134
0
LINE
8
BLACK
6
CONTINUOUS
10
5.706677047244094
20
-3.7048164566929134
11
5.7012860236220471
21
-3.7079289370078738
0
LINE
8
BLACK
6
CONTINUOUS
10
5.7012860236220471
20
-3.7079289370078738
11
5.6968842913385824
21
-3.7123306692913385
0
LINE
8
BLACK
6
CONTINUOUS
10
5.6968842913385824
20
-3.7123306692913385
11
5.6937718110236215
21
-3.7177216929133858
0
LINE
8
BLACK
6
CONTINUOUS
10
5.6937718110236215
20
-3.7177216929133858
11
5.6921606692913382
21
-3.7237345669291337
0
LINE
8
BLACK
6
CONTINUOUS
10
5.6921606692913382
20
-3.7237345669291337
11
5.6921606692913382
21
-3.7299595275590551
0
LINE
8
BLACK
6
CONTINUOUS
10
6.4914012204724409
20
-3.7282611811023623
11
6.4930123622047242
21
-3.7342740551181102
0
LINE
8
BLACK
6
CONTINUOUS
10
6.4930123622047242
20
-3.7342740551181102
11
6.4961248425196851
21
-3.7396650787401575
0
LINE
8
BLACK
6
CONTINUOUS
10
6.4961248425196851
20
-3.7396650787401575
11
6.5005265748031498
21
-3.7440668110236222
0
LINE
8
BLACK
6
CONTINUOUS
10
6.5005265748031498
20
-3.7440668110236222
11
6.5059175984251967
21
-3.7471792913385826
0
LINE
8
BLACK
6
CONTINUOUS
10
6.5059175984251967
20
-3.7471792913385826
11
6.5119304724409446
21
-3.7487904330708659
0
LINE
8
BLACK
6
CONTINUOUS
10
6.5119304724409446
20
-3.7487904330708659
11
6.5119305511811021
21
-3.7487904330708659
0
LINE
8
BLACK
6
CONTINUOUS
10
6.5119305511811021
20
-3.7487904330708659
11
6.5181553543307089
21
-3.7487904330708659
0
LINE
8
BLACK
6
CONTINUOUS
10
6.5181553543307089
20
-3.7487904330708659
11
6.5181554330708664
21
-3.7487904330708659
0
LINE
8
BLACK
6
CONTINUOUS
10
6.5181554330708664
20
-3.7487904330708659
11
6.5241683070866143
21
-3.7471792913385826
0
LINE
8
BLACK
6
CONTINUOUS
10
6.5241683070866143
20
-3.7471792913385826
11
6.5295593307086612
21
-3.7440668110236222
0
LINE
8
BLACK
6
CONTINUOUS
10
6.5295593307086612
20
-3.7440668110236222
11
6.5339610629921259
21
-3.7396650787401575
0
LINE
8
BLACK
6
CONTINUOUS
10
6.5339610629921259
20
-3.7396650787401575
11
6.5370735433070868
21
-3.7342740551181102
0
LINE
8
BLACK
6
CONTINUOUS
10
6.5370735433070868
20
-3.7342740551181102
11
6.5386846850393701
21
-3.7282611811023623
0
LINE
8
BLACK
6
CONTINUOUS
10
6.5386846850393701
20
-3.7282611811023623
11
6.5386846850393701
21
-3.7220362204724409
0
LINE
8
BLACK
6
CONTINUOUS
10
6.5386846850393701
20
-3.7220362204724409
11
6.5370735433070868
21
-3.716023346456693
0
LINE
8
BLACK
6
CONTINUOUS
10
6.5370735433070868
20
-3.716023346456693
11
6.5339610629921259
21
-3.7106323228346456
0
LINE
8
BLACK
6
CONTINUOUS
10
6.5339610629921259
20
-3.7106323228346456
11
6.5295593307086612
21
-3.706230590551181
0
LINE
8
BLACK
6
CONTINUOUS
10
6.5295593307086612
20
-3.706230590551181
11
6.5241683070866143
21
-3.7031181102362205
0
LINE
8
BLACK
6
CONTINUOUS
10
6.5241683070866143
20
-3.7031181102362205
11
6.5181554330708664
21
-3.7015069685039368
0
LINE
8
BLACK
6
CONTINUOUS
10
6.5181554330708664
20
-3.7015069685039368
11
6.5119304724409446
21
-3.7015069685039368
0
LINE
8
BLACK
6
CONTINUOUS
10
6.5119304724409446
20
-3.7015069685039368
11
6.5059175984251967
21
-3.7031181102362205
0
LINE
8
BLACK
6
CONTINUOUS
10
6.5059175984251967
20
-3.7031181102362205
11
6.5005265748031498
21
-3.706230590551181
0
LINE
8
BLACK
6
CONTINUOUS
10
6.5005265748031498
20
-3.706230590551181
11
6.4961248425196851
21
-3.7106323228346456
0
LINE
8
BLACK
6
CONTINUOUS
10
6.4961248425196851
20
-3.7106323228346456
11
6.4930123622047242
21
-3.716023346456693
0
LINE
8
BLACK
6
CONTINUOUS
10
6.4930123622047242
20
-3.716023346456693
11
6.4914012204724409
21
-3.7220362204724409
0
LINE
8
BLACK
6
CONTINUOUS
10
6.4914012204724409
20
-3.7220362204724409
11
6.4914012204724409
21
-3.7282611811023623
0
LINE
8
BLACK
6
CONTINUOUS
10
7.1510331102362201
20
-3.7066292913385825
11
7.1526442519685034
21
-3.7126421653543304
0
LINE
8
BLACK
6
CONTINUOUS
10
7.1526442519685034
20
-3.7126421653543304
11
7.1557567322834643
21
-3.7180331889763778
0
LINE
8
BLACK
6
CONTINUOUS
10
7.1557567322834643
20
-3.7180331889763778
11
7.1601584645669289
21
-3.7224349212598424
0
LINE
8
BLACK
6
CONTINUOUS
10
7.1601584645669289
20
-3.7224349212598424
11
7.1655494881889759
21
-3.7255474015748029
0
LINE
8
BLACK
6
CONTINUOUS
10
7.1655494881889759
20
-3.7255474015748029
11
7.1715623622047246
21
-3.7271585433070866
0
LINE
8
BLACK
6
CONTINUOUS
10
7.1715623622047246
20
-3.7271585433070866
11
7.1715624409448822
21
-3.7271585433070866
0
LINE
8
BLACK
6
CONTINUOUS
10
7.1715624409448822
20
-3.7271585433070866
11
7.1777872440944881
21
-3.7271585433070866
0
LINE
8
BLACK
6
CONTINUOUS
10
7.1777872440944881
20
-3.7271585433070866
11
7.1777873228346456
21
-3.7271585433070866
0
LINE
8
BLACK
6
CONTINUOUS
10
7.1777873228346456
20
-3.7271585433070866
11
7.1838001968503935
21
-3.7255474015748029
0
LINE
8
BLACK
6
CONTINUOUS
10
7.1838001968503935
20
-3.7255474015748029
11
7.1891912204724404
21
-3.7224349212598424
0
LINE
8
BLACK
6
CONTINUOUS
10
7.1891912204724404
20
-3.7224349212598424
11
7.193592952755905
21
-3.7180331889763778
0
LINE
8
BLACK
6
CONTINUOUS
10
7.193592952755905
20
-3.7180331889763778
11
7.196705433070866
21
-3.7126421653543304
0
LINE
8
BLACK
6
CONTINUOUS
10
7.196705433070866
20
-3.7126421653543304
11
7.1983165748031492
21
-3.7066292913385825
0
LINE
8
BLACK
6
CONTINUOUS
10
7.1983165748031492
20
-3.7066292913385825
11
7.1983165748031492
21
-3.7004043307086611
0
LINE
8
BLACK
6
CONTINUOUS
10
7.1983165748031492
20
-3.7004043307086611
11
7.196705433070866
21
-3.6943914566929132
0
LINE
8
BLACK
6
CONTINUOUS
10
7.196705433070866
20
-3.6943914566929132
11
7.193592952755905
21
-3.6890004330708659
0
LINE
8
BLACK
6
CONTINUOUS
10
7.193592952755905
20
-3.6890004330708659
11
7.1891912204724404
21
-3.6845987007874017
0
LINE
8
BLACK
6
CONTINUOUS
10
7.1891912204724404
20
-3.6845987007874017
11
7.1838001968503935
21
-3.6814862204724408
0
LINE
8
BLACK
6
CONTINUOUS
10
7.1838001968503935
20
-3.6814862204724408
11
7.1777873228346456
21
-3.6798750787401575
0
LINE
8
BLACK
6
CONTINUOUS
10
7.1777873228346456
20
-3.6798750787401575
11
7.1715623622047246
21
-3.6798750787401575
0
LINE
8
BLACK
6
CONTINUOUS
10
7.1715623622047246
20
-3.6798750787401575
11
7.1655494881889759
21
-3.6814862204724408
0
LINE
8
BLACK
6
CONTINUOUS
10
7.1655494881889759
20
-3.6814862204724408
11
7.1601584645669289
21
-3.6845987007874017
0
LINE
8
BLACK
6
CONTINUOUS
10
7.1601584645669289
20
-3.6845987007874017
11
7.1557567322834643
21
-3.6890004330708659
0
LINE
8
BLACK
6
CONTINUOUS
10
7.1557567322834643
20
-3.6890004330708659
11
7.1526442519685034
21
-3.6943914566929132
0
LINE
8
BLACK
6
CONTINUOUS
10
7.1526442519685034
20
-3.6943914566929132
11
7.1510331102362201
21
-3.7004043307086611
0
LINE
8
BLACK
6
CONTINUOUS
10
7.1510331102362201
20
-3.7004043307086611
11
7.1510331102362201
21
-3.7066292913385825
0
LINE
8
BLACK
6
CONTINUOUS
10
6.3332200393700786
20
-3.5824153543307085
11
6.3278290157480317
21
-3.5855278346456694
0
LINE
8
BLACK
6
CONTINUOUS
10
6.3278290157480317
20
-3.5855278346456694
11
6.3234272834645671
21
-3.5899295669291336
0
LINE
8
BLACK
6
CONTINUOUS
10
6.3234272834645671
20
-3.5899295669291336
11
6.3203148031496061
21
-3.5953205905511809
0
LINE
8
BLACK
6
CONTINUOUS
10
6.3203148031496061
20
-3.5953205905511809
11
6.3187036614173229
21
-3.6013334645669293
0
LINE
8
BLACK
6
CONTINUOUS
10
6.3187036614173229
20
-3.6013334645669293
11
6.3187036614173229
21
-3.6075584251968502
0
LINE
8
BLACK
6
CONTINUOUS
10
6.3187036614173229
20
-3.6075584251968502
11
6.3203148031496061
21
-3.6135712992125986
0
LINE
8
BLACK
6
CONTINUOUS
10
6.3203148031496061
20
-3.6135712992125986
11
6.3234272834645671
21
-3.6189623228346455
0
LINE
8
BLACK
6
CONTINUOUS
10
6.3234272834645671
20
-3.6189623228346455
11
6.3278290157480317
21
-3.6233640551181101
0
LINE
8
BLACK
6
CONTINUOUS
10
6.3278290157480317
20
-3.6233640551181101
11
6.3281290944881885
21
-3.6235373228346455
0
LINE
8
BLACK
6
CONTINUOUS
10
6.3281290944881885
20
-3.6235373228346455
11
6.3297409448818893
21
-3.6253274015748032
0
LINE
8
BLACK
6
CONTINUOUS
10
6.3297409448818893
20
-3.6253274015748032
11
6.3299927952755901
21
-3.6277230708661414
0
LINE
8
BLACK
6
CONTINUOUS
10
6.3299927952755901
20
-3.6277230708661414
11
6.3295557874015751
21
-3.6288615354330709
0
LINE
8
BLACK
6
CONTINUOUS
10
6.3295557874015751
20
-3.6288615354330709
11
6.3263844094488189
21
-3.6343545669291339
0
LINE
8
BLACK
6
CONTINUOUS
10
6.3263844094488189
20
-3.6343545669291339
11
6.325419409448819
21
-3.637956023622047
0
LINE
8
BLACK
6
CONTINUOUS
10
6.325419409448819
20
-3.637956023622047
11
6.3247732677165356
21
-3.6403675196850394
0
LINE
8
BLACK
6
CONTINUOUS
10
6.3247732677165356
20
-3.6403675196850394
11
6.3247732677165356
21
-3.6465924803149607
0
LINE
8
BLACK
6
CONTINUOUS
10
6.3247732677165356
20
-3.6465924803149607
11
6.3263844094488189
21
-3.6526053543307087
0
LINE
8
BLACK
6
CONTINUOUS
10
6.3263844094488189
20
-3.6526053543307087
11
6.3294968897637798
21
-3.657996377952756
0
LINE
8
BLACK
6
CONTINUOUS
10
6.3294968897637798
20
-3.657996377952756
11
6.3338986220472435
21
-3.6623981102362202
0
LINE
8
BLACK
6
CONTINUOUS
10
6.3338986220472435
20
-3.6623981102362202
11
6.3392896456692913
21
-3.6655105905511811
0
LINE
8
BLACK
6
CONTINUOUS
10
6.3392896456692913
20
-3.6655105905511811
11
6.3453025196850392
21
-3.6671217322834644
0
LINE
8
BLACK
6
CONTINUOUS
10
6.3453025196850392
20
-3.6671217322834644
11
6.3453025984251967
21
-3.6671217322834644
0
LINE
8
BLACK
6
CONTINUOUS
10
6.3453025984251967
20
-3.6671217322834644
11
6.3515274015748027
21
-3.6671217322834644
0
LINE
8
BLACK
6
CONTINUOUS
10
6.3515274015748027
20
-3.6671217322834644
11
6.3515274803149602
21
-3.6671217322834644
0
LINE
8
BLACK
6
CONTINUOUS
10
6.3515274803149602
20
-3.6671217322834644
11
6.3575403543307081
21
-3.6655105905511811
0
LINE
8
BLACK
6
CONTINUOUS
10
6.3575403543307081
20
-3.6655105905511811
11
6.3629313779527559
21
-3.6623981102362202
0
LINE
8
BLACK
6
CONTINUOUS
10
6.3629313779527559
20
-3.6623981102362202
11
6.3673331102362205
21
-3.657996377952756
0
LINE
8
BLACK
6
CONTINUOUS
10
6.3673331102362205
20
-3.657996377952756
11
6.3704455905511805
21
-3.6526053543307087
0
LINE
8
BLACK
6
CONTINUOUS
10
6.3704455905511805
20
-3.6526053543307087
11
6.3720567322834647
21
-3.6465924803149607
0
LINE
8
BLACK
6
CONTINUOUS
10
6.3720567322834647
20
-3.6465924803149607
11
6.3720567322834647
21
-3.6403675196850394
0
LINE
8
BLACK
6
CONTINUOUS
10
6.3720567322834647
20
-3.6403675196850394
11
6.3704455905511805
21
-3.6343546456692915
0
LINE
8
BLACK
6
CONTINUOUS
10
6.3704455905511805
20
-3.6343546456692915
11
6.3673331102362205
21
-3.6289636220472441
0
LINE
8
BLACK
6
CONTINUOUS
10
6.3673331102362205
20
-3.6289636220472441
11
6.365307598425197
21
-3.6269381102362206
0
LINE
8
BLACK
6
CONTINUOUS
10
6.365307598425197
20
-3.6269381102362206
11
6.3642140944881884
21
-3.6247918897637796
0
LINE
8
BLACK
6
CONTINUOUS
10
6.3642140944881884
20
-3.6247918897637796
11
6.3645909055118111
21
-3.6224126771653542
0
LINE
8
BLACK
6
CONTINUOUS
10
6.3645909055118111
20
-3.6224126771653542
11
6.3662942519685037
21
-3.6207093307086615
0
LINE
8
BLACK
6
CONTINUOUS
10
6.3662942519685037
20
-3.6207093307086615
11
6.3680637401574804
21
-3.6202845275590549
0
LINE
8
BLACK
6
CONTINUOUS
10
6.3680637401574804
20
-3.6202845275590549
11
6.4622535433070869
21
-3.6202845275590549
0
LINE
8
BLACK
6
CONTINUOUS
10
6.4622535433070869
20
-3.6202845275590549
11
6.4645445275590552
21
-3.6210288976377951
0
LINE
8
BLACK
6
CONTINUOUS
10
6.4645445275590552
20
-3.6210288976377951
11
6.4650096062992128
21
-3.6214261023622045
0
LINE
8
BLACK
6
CONTINUOUS
10
6.4650096062992128
20
-3.6214261023622045
11
6.5404988188976381
21
-3.6969153149606298
0
LINE
8
BLACK
6
CONTINUOUS
10
6.5404988188976381
20
-3.6969153149606298
11
6.5404987795275593
21
-3.6969153149606298
0
LINE
8
BLACK
6
CONTINUOUS
10
6.5404987795275593
20
-3.6969153149606298
11
6.5421072440944883
21
-3.6985237401574804
0
LINE
8
BLACK
6
CONTINUOUS
10
6.5421072440944883
20
-3.6985237401574804
11
6.5434345275590546
21
-3.6998510236220472
0
LINE
8
BLACK
6
CONTINUOUS
10
6.5434345275590546
20
-3.6998510236220472
11
6.5470300393700782
21
-3.7019268897637794
0
LINE
8
BLACK
6
CONTINUOUS
10
6.5470300393700782
20
-3.7019268897637794
11
6.5510402755905508
21
-3.7030014173228345
0
LINE
8
BLACK
6
CONTINUOUS
10
6.5510402755905508
20
-3.7030014173228345
11
6.555192007874016
21
-3.7030014173228345
0
LINE
8
BLACK
6
CONTINUOUS
10
6.555192007874016
20
-3.7030014173228345
11
6.6158685039370075
21
-3.7030014173228345
0
LINE
8
BLACK
6
CONTINUOUS
10
6.6158685039370075
20
-3.7030014173228345
11
6.6181594881889758
21
-3.7037457874015747
0
LINE
8
BLACK
6
CONTINUOUS
10
6.6181594881889758
20
-3.7037457874015747
11
6.6186245275590547
21
-3.7041429921259841
0
LINE
8
BLACK
6
CONTINUOUS
10
6.6186245275590547
20
-3.7041429921259841
11
6.6196982283464569
21
-3.7052166535433071
0
LINE
8
BLACK
6
CONTINUOUS
10
6.6196982283464569
20
-3.7052166535433071
11
6.6206333858267712
21
-3.7061518110236218
0
LINE
8
BLACK
6
CONTINUOUS
10
6.6206333858267712
20
-3.7061518110236218
11
6.626024409448819
21
-3.7092642913385827
0
LINE
8
BLACK
6
CONTINUOUS
10
6.626024409448819
20
-3.7092642913385827
11
6.6320372834645669
21
-3.710875433070866
0
LINE
8
BLACK
6
CONTINUOUS
10
6.6320372834645669
20
-3.710875433070866
11
6.6320373622047244
21
-3.710875433070866
0
LINE
8
BLACK
6
CONTINUOUS
10
6.6320373622047244
20
-3.710875433070866
11
6.6382621653543303
21
-3.710875433070866
0
LINE
8
BLACK
6
CONTINUOUS
10
6.6382621653543303
20
-3.710875433070866
11
6.6382622440944878
21
-3.710875433070866
0
LINE
8
BLACK
6
CONTINUOUS
10
6.6382622440944878
20
-3.710875433070866
11
6.6442751181102357
21
-3.7092642913385827
0
LINE
8
BLACK
6
CONTINUOUS
10
6.6442751181102357
20
-3.7092642913385827
11
6.6496661417322835
21
-3.7061518110236218
0
LINE
8
BLACK
6
CONTINUOUS
10
6.6496661417322835
20
-3.7061518110236218
11
6.6540678740157482
21
-3.7017500787401576
0
LINE
8
BLACK
6
CONTINUOUS
10
6.6540678740157482
20
-3.7017500787401576
11
6.6571803543307082
21
-3.6963590551181102
0
LINE
8
BLACK
6
CONTINUOUS
10
6.6571803543307082
20
-3.6963590551181102
11
6.6587914960629924
21
-3.6903461811023619
0
LINE
8
BLACK
6
CONTINUOUS
10
6.6587914960629924
20
-3.6903461811023619
11
6.6587914960629924
21
-3.6841212204724409
0
LINE
8
BLACK
6
CONTINUOUS
10
6.6587914960629924
20
-3.6841212204724409
11
6.6571803543307082
21
-3.678108346456693
0
LINE
8
BLACK
6
CONTINUOUS
10
6.6571803543307082
20
-3.678108346456693
11
6.6540678740157482
21
-3.6727173228346457
0
LINE
8
BLACK
6
CONTINUOUS
10
6.6540678740157482
20
-3.6727173228346457
11
6.6496661417322835
21
-3.6683155905511811
0
LINE
8
BLACK
6
CONTINUOUS
10
6.6496661417322835
20
-3.6683155905511811
11
6.6442751181102357
21
-3.6652031102362206
0
LINE
8
BLACK
6
CONTINUOUS
10
6.6442751181102357
20
-3.6652031102362206
11
6.6382622440944878
21
-3.6635919685039369
0
LINE
8
BLACK
6
CONTINUOUS
10
6.6382622440944878
20
-3.6635919685039369
11
6.6320372834645669
21
-3.6635919685039369
0
LINE
8
BLACK
6
CONTINUOUS
10
6.6320372834645669
20
-3.6635919685039369
11
6.626024409448819
21
-3.6652031102362206
0
LINE
8
BLACK
6
CONTINUOUS
10
6.626024409448819
20
-3.6652031102362206
11
6.6219199212598427
21
-3.6675728346456693
0
LINE
8
BLACK
6
CONTINUOUS
10
6.6219199212598427
20
-3.6675728346456693
11
6.6206332677165349
21
-3.6683156692913386
0
LINE
8
BLACK
6
CONTINUOUS
10
6.6206332677165349
20
-3.6683156692913386
11
6.6186245275590547
21
-3.6703244094488188
0
LINE
8
BLACK
6
CONTINUOUS
10
6.6186245275590547
20
-3.6703244094488188
11
6.6164781889763775
21
-3.671417992125984
0
LINE
8
BLACK
6
CONTINUOUS
10
6.6164781889763775
20
-3.671417992125984
11
6.6158685039370075
21
-3.6714659842519684
0
LINE
8
BLACK
6
CONTINUOUS
10
6.6158685039370075
20
-3.6714659842519684
11
6.5612618503937004
21
-3.6714659842519684
0
LINE
8
BLACK
6
CONTINUOUS
10
6.5612618503937004
20
-3.6714659842519684
11
6.5589708661417321
21
-3.6707216141732282
0
LINE
8
BLACK
6
CONTINUOUS
10
6.5589708661417321
20
-3.6707216141732282
11
6.5585057874015744
21
-3.6703244094488188
0
LINE
8
BLACK
6
CONTINUOUS
10
6.5585057874015744
20
-3.6703244094488188
11
6.5196656299212599
21
-3.6314842519685038
0
LINE
8
BLACK
6
CONTINUOUS
10
6.5196656299212599
20
-3.6314842519685038
11
6.4800808661417317
21
-3.5918994881889761
0
LINE
8
BLACK
6
CONTINUOUS
10
6.4800808661417317
20
-3.5918994881889761
11
6.4800807480314955
21
-3.591899409448819
0
LINE
8
BLACK
6
CONTINUOUS
10
6.4800807480314955
20
-3.591899409448819
11
6.4800807086614176
21
-3.5918993700787403
0
LINE
8
BLACK
6
CONTINUOUS
10
6.4800807086614176
20
-3.5918993700787403
11
6.4800806692913389
21
-3.5918993307086615
0
LINE
8
BLACK
6
CONTINUOUS
10
6.4800806692913389
20
-3.5918993307086615
11
6.4764855118110232
21
-3.5898236614173227
0
LINE
8
BLACK
6
CONTINUOUS
10
6.4764855118110232
20
-3.5898236614173227
11
6.4764855905511807
21
-3.5898236614173227
0
LINE
8
BLACK
6
CONTINUOUS
10
6.4764855905511807
20
-3.5898236614173227
11
6.4749295669291334
21
-3.5894067322834644
0
LINE
8
BLACK
6
CONTINUOUS
10
6.4749295669291334
20
-3.5894067322834644
11
6.4724751181102365
21
-3.5887490944881888
0
LINE
8
BLACK
6
CONTINUOUS
10
6.4724751181102365
20
-3.5887490944881888
11
6.472475039370079
21
-3.5887490944881888
0
LINE
8
BLACK
6
CONTINUOUS
10
6.472475039370079
20
-3.5887490944881888
11
6.3616975196850394
21
-3.5887490944881888
0
LINE
8
BLACK
6
CONTINUOUS
10
6.3616975196850394
20
-3.5887490944881888
11
6.3594065354330711
21
-3.5880047244094486
0
LINE
8
BLACK
6
CONTINUOUS
10
6.3594065354330711
20
-3.5880047244094486
11
6.3589414960629922
21
-3.5876075196850392
0
LINE
8
BLACK
6
CONTINUOUS
10
6.3589414960629922
20
-3.5876075196850392
11
6.3568618503937007
21
-3.5855279133858269
0
LINE
8
BLACK
6
CONTINUOUS
10
6.3568618503937007
20
-3.5855279133858269
11
6.3568617716535432
21
-3.5855278346456694
0
LINE
8
BLACK
6
CONTINUOUS
10
6.3568617716535432
20
-3.5855278346456694
11
6.3514707480314962
21
-3.5824153543307085
0
LINE
8
BLACK
6
CONTINUOUS
10
6.3514707480314962
20
-3.5824153543307085
11
6.3454578740157475
21
-3.5808042125984252
0
LINE
8
BLACK
6
CONTINUOUS
10
6.3454578740157475
20
-3.5808042125984252
11
6.3392329133858265
21
-3.5808042125984252
0
LINE
8
BLACK
6
CONTINUOUS
10
6.3392329133858265
20
-3.5808042125984252
11
6.3332200393700786
21
-3.5824153543307085
0
LINE
8
BLACK
6
CONTINUOUS
10
5.75703311023622
20
-3.6862985826771655
11
5.7586442519685042
21
-3.6923114566929134
0
LINE
8
BLACK
6
CONTINUOUS
10
5.7586442519685042
20
-3.6923114566929134
11
5.7617567322834642
21
-3.6977024803149607
0
LINE
8
BLACK
6
CONTINUOUS
10
5.7617567322834642
20
-3.6977024803149607
11
5.7661584645669288
21
-3.7021042125984249
0
LINE
8
BLACK
6
CONTINUOUS
10
5.7661584645669288
20
-3.7021042125984249
11
5.7715494881889766
21
-3.7052166929133858
0
LINE
8
BLACK
6
CONTINUOUS
10
5.7715494881889766
20
-3.7052166929133858
11
5.7775623622047245
21
-3.7068278346456691
0
LINE
8
BLACK
6
CONTINUOUS
10
5.7775623622047245
20
-3.7068278346456691
11
5.777562440944882
21
-3.7068278346456691
0
LINE
8
BLACK
6
CONTINUOUS
10
5.777562440944882
20
-3.7068278346456691
11
5.783787244094488
21
-3.7068278346456691
0
LINE
8
BLACK
6
CONTINUOUS
10
5.783787244094488
20
-3.7068278346456691
11
5.7837873228346455
21
-3.7068278346456691
0
LINE
8
BLACK
6
CONTINUOUS
10
5.7837873228346455
20
-3.7068278346456691
11
5.7898001968503934
21
-3.7052166929133858
0
LINE
8
BLACK
6
CONTINUOUS
10
5.7898001968503934
20
-3.7052166929133858
11
5.7951912204724412
21
-3.7021042125984249
0
LINE
8
BLACK
6
CONTINUOUS
10
5.7951912204724412
20
-3.7021042125984249
11
5.7995929527559058
21
-3.6977024803149607
0
LINE
8
BLACK
6
CONTINUOUS
10
5.7995929527559058
20
-3.6977024803149607
11
5.8027054330708658
21
-3.6923114566929134
0
LINE
8
BLACK
6
CONTINUOUS
10
5.8027054330708658
20
-3.6923114566929134
11
5.8043165748031491
21
-3.6862985826771655
0
LINE
8
BLACK
6
CONTINUOUS
10
5.8043165748031491
20
-3.6862985826771655
11
5.8043165748031491
21
-3.6800736220472441
0
LINE
8
BLACK
6
CONTINUOUS
10
5.8043165748031491
20
-3.6800736220472441
11
5.8027054330708658
21
-3.6740607480314962
0
LINE
8
BLACK
6
CONTINUOUS
10
5.8027054330708658
20
-3.6740607480314962
11
5.7995929527559058
21
-3.6686697244094488
0
LINE
8
BLACK
6
CONTINUOUS
10
5.7995929527559058
20
-3.6686697244094488
11
5.7951912204724412
21
-3.6642679921259842
0
LINE
8
BLACK
6
CONTINUOUS
10
5.7951912204724412
20
-3.6642679921259842
11
5.7898001968503934
21
-3.6611555118110237
0
LINE
8
BLACK
6
CONTINUOUS
10
5.7898001968503934
20
-3.6611555118110237
11
5.7837873228346455
21
-3.65954437007874
0
LINE
8
BLACK
6
CONTINUOUS
10
5.7837873228346455
20
-3.65954437007874
11
5.7775623622047245
21
-3.65954437007874
0
LINE
8
BLACK
6
CONTINUOUS
10
5.7775623622047245
20
-3.65954437007874
11
5.7715494881889766
21
-3.6611555118110237
0
LINE
8
BLACK
6
CONTINUOUS
10
5.7715494881889766
20
-3.6611555118110237
11
5.7661584645669288
21
-3.6642679921259842
0
LINE
8
BLACK
6
CONTINUOUS
10
5.7661584645669288
20
-3.6642679921259842
11
5.7617567322834642
21
-3.6686697244094488
0
LINE
8
BLACK
6
CONTINUOUS
10
5.7617567322834642
20
-3.6686697244094488
11
5.7586442519685042
21
-3.6740607480314962
0
LINE
8
BLACK
6
CONTINUOUS
10
5.7586442519685042
20
-3.6740607480314962
11
5.75703311023622
21
-3.6800736220472441
0
LINE
8
BLACK
6
CONTINUOUS
10
5.75703311023622
20
-3.6800736220472441
11
5.75703311023622
21
-3.6862985826771655
0
LINE
8
BLACK
6
CONTINUOUS
10
4.9950331102362204
20
-3.6816292913385826
11
4.9966442519685037
21
-3.6876421653543305
0
LINE
8
BLACK
6
CONTINUOUS
10
4.9966442519685037
20
-3.6876421653543305
11
4.9997567322834646
21
-3.6930331889763779
0
LINE
8
BLACK
6
CONTINUOUS
10
4.9997567322834646
20
-3.6930331889763779
11
5.0041584645669293
21
-3.6974349212598425
0
LINE
8
BLACK
6
CONTINUOUS
10
5.0041584645669293
20
-3.6974349212598425
11
5.0095494881889762
21
-3.700547401574803
0
LINE
8
BLACK
6
CONTINUOUS
10
5.0095494881889762
20
-3.700547401574803
11
5.0155623622047241
21
-3.7021585433070867
0
LINE
8
BLACK
6
CONTINUOUS
10
5.0155623622047241
20
-3.7021585433070867
11
5.0155624409448816
21
-3.7021585433070867
0
LINE
8
BLACK
6
CONTINUOUS
10
5.0155624409448816
20
-3.7021585433070867
11
5.0217872440944884
21
-3.7021585433070867
0
LINE
8
BLACK
6
CONTINUOUS
10
5.0217872440944884
20
-3.7021585433070867
11
5.0217873228346459
21
-3.7021585433070867
0
LINE
8
BLACK
6
CONTINUOUS
10
5.0217873228346459
20
-3.7021585433070867
11
5.0278001968503938
21
-3.700547401574803
0
LINE
8
BLACK
6
CONTINUOUS
10
5.0278001968503938
20
-3.700547401574803
11
5.0331912204724407
21
-3.6974349212598425
0
LINE
8
BLACK
6
CONTINUOUS
10
5.0331912204724407
20
-3.6974349212598425
11
5.0375929527559054
21
-3.6930331889763779
0
LINE
8
BLACK
6
CONTINUOUS
10
5.0375929527559054
20
-3.6930331889763779
11
5.0407054330708663
21
-3.6876421653543305
0
LINE
8
BLACK
6
CONTINUOUS
10
5.0407054330708663
20
-3.6876421653543305
11
5.0423165748031495
21
-3.6816292913385826
0
LINE
8
BLACK
6
CONTINUOUS
10
5.0423165748031495
20
-3.6816292913385826
11
5.0423165748031495
21
-3.6754043307086612
0
LINE
8
BLACK
6
CONTINUOUS
10
5.0423165748031495
20
-3.6754043307086612
11
5.0417743307086615
21
-3.6733807086614174
0
LINE
8
BLACK
6
CONTINUOUS
10
5.0417743307086615
20
-3.6733807086614174
11
5.0407054330708663
21
-3.6693914566929133
0
LINE
8
BLACK
6
CONTINUOUS
10
5.0407054330708663
20
-3.6693914566929133
11
5.0375929527559054
21
-3.664000433070866
0
LINE
8
BLACK
6
CONTINUOUS
10
5.0375929527559054
20
-3.664000433070866
11
5.0331912204724407
21
-3.6595987007874013
0
LINE
8
BLACK
6
CONTINUOUS
10
5.0331912204724407
20
-3.6595987007874013
11
5.0278001968503938
21
-3.6564862204724409
0
LINE
8
BLACK
6
CONTINUOUS
10
5.0278001968503938
20
-3.6564862204724409
11
5.0217873228346459
21
-3.6548750787401576
0
LINE
8
BLACK
6
CONTINUOUS
10
5.0217873228346459
20
-3.6548750787401576
11
5.0155623622047241
21
-3.6548750787401576
0
LINE
8
BLACK
6
CONTINUOUS
10
5.0155623622047241
20
-3.6548750787401576
11
5.0095494881889762
21
-3.6564862204724409
0
LINE
8
BLACK
6
CONTINUOUS
10
5.0095494881889762
20
-3.6564862204724409
11
5.0041584645669293
21
-3.6595987007874013
0
LINE
8
BLACK
6
CONTINUOUS
10
5.0041584645669293
20
-3.6595987007874013
11
4.9997567322834646
21
-3.664000433070866
0
LINE
8
BLACK
6
CONTINUOUS
10
4.9997567322834646
20
-3.664000433070866
11
4.9966442519685037
21
-3.6693914566929133
0
LINE
8
BLACK
6
CONTINUOUS
10
4.9966442519685037
20
-3.6693914566929133
11
4.9950331102362204
21
-3.6754043307086612
0
LINE
8
BLACK
6
CONTINUOUS
10
4.9950331102362204
20
-3.6754043307086612
11
4.9950331102362204
21
-3.6816292913385826
0
LINE
8
BLACK
6
CONTINUOUS
10
5.5860567322834642
20
-3.6796056692913384
11
5.5876678740157475
21
-3.6856185433070867
0
LINE
8
BLACK
6
CONTINUOUS
10
5.5876678740157475
20
-3.6856185433070867
11
5.5907803543307084
21
-3.6910095669291336
0
LINE
8
BLACK
6
CONTINUOUS
10
5.5907803543307084
20
-3.6910095669291336
11
5.595182086614173
21
-3.6954112992125983
0
LINE
8
BLACK
6
CONTINUOUS
10
5.595182086614173
20
-3.6954112992125983
11
5.60057311023622
21
-3.6985237795275592
0
LINE
8
BLACK
6
CONTINUOUS
10
5.60057311023622
20
-3.6985237795275592
11
5.6065859842519687
21
-3.7001349212598424
0
LINE
8
BLACK
6
CONTINUOUS
10
5.6065859842519687
20
-3.7001349212598424
11
5.6065860629921263
21
-3.7001349212598424
0
LINE
8
BLACK
6
CONTINUOUS
10
5.6065860629921263
20
-3.7001349212598424
11
5.6128108661417322
21
-3.7001349212598424
0
LINE
8
BLACK
6
CONTINUOUS
10
5.6128108661417322
20
-3.7001349212598424
11
5.6128109448818897
21
-3.7001349212598424
0
LINE
8
BLACK
6
CONTINUOUS
10
5.6128109448818897
20
-3.7001349212598424
11
5.6188238188976376
21
-3.6985237795275592
0
LINE
8
BLACK
6
CONTINUOUS
10
5.6188238188976376
20
-3.6985237795275592
11
5.6242148425196845
21
-3.6954112992125983
0
LINE
8
BLACK
6
CONTINUOUS
10
5.6242148425196845
20
-3.6954112992125983
11
5.6286165748031491
21
-3.6910095669291336
0
LINE
8
BLACK
6
CONTINUOUS
10
5.6286165748031491
20
-3.6910095669291336
11
5.6317290551181101
21
-3.6856185433070867
0
LINE
8
BLACK
6
CONTINUOUS
10
5.6317290551181101
20
-3.6856185433070867
11
5.6332148031496061
21
-3.6800736220472441
0
LINE
8
BLACK
6
CONTINUOUS
10
5.6332148031496061
20
-3.6800736220472441
11
5.6333401968503933
21
-3.6796056692913384
0
LINE
8
BLACK
6
CONTINUOUS
10
5.6333401968503933
20
-3.6796056692913384
11
5.6333401968503933
21
-3.6733807086614174
0
LINE
8
BLACK
6
CONTINUOUS
10
5.6333401968503933
20
-3.6733807086614174
11
5.6317290551181101
21
-3.6673678346456691
0
LINE
8
BLACK
6
CONTINUOUS
10
5.6317290551181101
20
-3.6673678346456691
11
5.6286165748031491
21
-3.6619768110236222
0
LINE
8
BLACK
6
CONTINUOUS
10
5.6286165748031491
20
-3.6619768110236222
11
5.6242148425196845
21
-3.6575750787401575
0
LINE
8
BLACK
6
CONTINUOUS
10
5.6242148425196845
20
-3.6575750787401575
11
5.6188238188976376
21
-3.6544625984251966
0
LINE
8
BLACK
6
CONTINUOUS
10
5.6188238188976376
20
-3.6544625984251966
11
5.6128109448818897
21
-3.6528514566929133
0
LINE
8
BLACK
6
CONTINUOUS
10
5.6128109448818897
20
-3.6528514566929133
11
5.6065859842519687
21
-3.6528514566929133
0
LINE
8
BLACK
6
CONTINUOUS
10
5.6065859842519687
20
-3.6528514566929133
11
5.60057311023622
21
-3.6544625984251966
0
LINE
8
BLACK
6
CONTINUOUS
10
5.60057311023622
20
-3.6544625984251966
11
5.595182086614173
21
-3.6575750787401575
0
LINE
8
BLACK
6
CONTINUOUS
10
5.595182086614173
20
-3.6575750787401575
11
5.5907803543307084
21
-3.6619768110236222
0
LINE
8
BLACK
6
CONTINUOUS
10
5.5907803543307084
20
-3.6619768110236222
11
5.5876678740157475
21
-3.6673678346456691
0
LINE
8
BLACK
6
CONTINUOUS
10
5.5876678740157475
20
-3.6673678346456691
11
5.5860567322834642
21
-3.6733807086614174
0
LINE
8
BLACK
6
CONTINUOUS
10
5.5860567322834642
20
-3.6733807086614174
11
5.5860567322834642
21
-3.6796056692913384
0
LINE
8
BLACK
6
CONTINUOUS
10
4.3205919685039369
20
-3.6780704330708662
11
4.3222031102362202
21
-3.6840833070866141
0
LINE
8
BLACK
6
CONTINUOUS
10
4.3222031102362202
20
-3.6840833070866141
11
4.3253155905511811
21
-3.6894743307086615
0
LINE
8
BLACK
6
CONTINUOUS
10
4.3253155905511811
20
-3.6894743307086615
11
4.3297173228346457
21
-3.6938760629921261
0
LINE
8
BLACK
6
CONTINUOUS
10
4.3297173228346457
20
-3.6938760629921261
11
4.3351083464566926
21
-3.6969885433070866
0
LINE
8
BLACK
6
CONTINUOUS
10
4.3351083464566926
20
-3.6969885433070866
11
4.3411212204724405
21
-3.6985996850393699
0
LINE
8
BLACK
6
CONTINUOUS
10
4.3411212204724405
20
-3.6985996850393699
11
4.341121299212598
21
-3.6985996850393699
0
LINE
8
BLACK
6
CONTINUOUS
10
4.341121299212598
20
-3.6985996850393699
11
4.3473461023622049
21
-3.6985996850393699
0
LINE
8
BLACK
6
CONTINUOUS
10
4.3473461023622049
20
-3.6985996850393699
11
4.3473461811023624
21
-3.6985996850393699
0
LINE
8
BLACK
6
CONTINUOUS
10
4.3473461811023624
20
-3.6985996850393699
11
4.3533590551181103
21
-3.6969885433070866
0
LINE
8
BLACK
6
CONTINUOUS
10
4.3533590551181103
20
-3.6969885433070866
11
4.3587500787401572
21
-3.6938760629921261
0
LINE
8
BLACK
6
CONTINUOUS
10
4.3587500787401572
20
-3.6938760629921261
11
4.3631518110236218
21
-3.6894743307086615
0
LINE
8
BLACK
6
CONTINUOUS
10
4.3631518110236218
20
-3.6894743307086615
11
4.3662642913385827
21
-3.6840833070866141
0
LINE
8
BLACK
6
CONTINUOUS
10
4.3662642913385827
20
-3.6840833070866141
11
4.367875433070866
21
-3.6780704330708662
0
LINE
8
BLACK
6
CONTINUOUS
10
4.367875433070866
20
-3.6780704330708662
11
4.367875433070866
21
-3.6754043307086612
0
LINE
8
BLACK
6
CONTINUOUS
10
4.367875433070866
20
-3.6754043307086612
11
4.367875433070866
21
-3.6718454724409448
0
LINE
8
BLACK
6
CONTINUOUS
10
4.367875433070866
20
-3.6718454724409448
11
4.3662642913385827
21
-3.6658325984251969
0
LINE
8
BLACK
6
CONTINUOUS
10
4.3662642913385827
20
-3.6658325984251969
11
4.3631518110236218
21
-3.6604415748031496
0
LINE
8
BLACK
6
CONTINUOUS
10
4.3631518110236218
20
-3.6604415748031496
11
4.3587500787401572
21
-3.6560398425196849
0
LINE
8
BLACK
6
CONTINUOUS
10
4.3587500787401572
20
-3.6560398425196849
11
4.3533590551181103
21
-3.6529273622047245
0
LINE
8
BLACK
6
CONTINUOUS
10
4.3533590551181103
20
-3.6529273622047245
11
4.3473461811023624
21
-3.6513162204724408
0
LINE
8
BLACK
6
CONTINUOUS
10
4.3473461811023624
20
-3.6513162204724408
11
4.3411212204724405
21
-3.6513162204724408
0
LINE
8
BLACK
6
CONTINUOUS
10
4.3411212204724405
20
-3.6513162204724408
11
4.3351083464566926
21
-3.6529273622047245
0
LINE
8
BLACK
6
CONTINUOUS
10
4.3351083464566926
20
-3.6529273622047245
11
4.3297173228346457
21
-3.6560398425196849
0
LINE
8
BLACK
6
CONTINUOUS
10
4.3297173228346457
20
-3.6560398425196849
11
4.3253155905511811
21
-3.6604415748031496
0
LINE
8
BLACK
6
CONTINUOUS
10
4.3253155905511811
20
-3.6604415748031496
11
4.3222031102362202
21
-3.6658325984251969
0
LINE
8
BLACK
6
CONTINUOUS
10
4.3222031102362202
20
-3.6658325984251969
11
4.3205919685039369
21
-3.6718454724409448
0
LINE
8
BLACK
6
CONTINUOUS
10
4.3205919685039369
20
-3.6718454724409448
11
4.3205919685039369
21
-3.6780704330708662
0
LINE
8
BLACK
6
CONTINUOUS
10
4.8970331102362206
20
-3.6546292913385825
11
4.8986442519685038
21
-3.6606421653543308
0
LINE
8
BLACK
6
CONTINUOUS
10
4.8986442519685038
20
-3.6606421653543308
11
4.9017567322834648
21
-3.6660331889763778
0
LINE
8
BLACK
6
CONTINUOUS
10
4.9017567322834648
20
-3.6660331889763778
11
4.9061584645669294
21
-3.6704349212598424
0
LINE
8
BLACK
6
CONTINUOUS
10
4.9061584645669294
20
-3.6704349212598424
11
4.9115494881889763
21
-3.6735474015748029
0
LINE
8
BLACK
6
CONTINUOUS
10
4.9115494881889763
20
-3.6735474015748029
11
4.9175623622047242
21
-3.6751585433070866
0
LINE
8
BLACK
6
CONTINUOUS
10
4.9175623622047242
20
-3.6751585433070866
11
4.9175624409448817
21
-3.6751585433070866
0
LINE
8
BLACK
6
CONTINUOUS
10
4.9175624409448817
20
-3.6751585433070866
11
4.9237872440944876
21
-3.6751585433070866
0
LINE
8
BLACK
6
CONTINUOUS
10
4.9237872440944876
20
-3.6751585433070866
11
4.9237873228346452
21
-3.6751585433070866
0
LINE
8
BLACK
6
CONTINUOUS
10
4.9237873228346452
20
-3.6751585433070866
11
4.9298001968503939
21
-3.6735474015748029
0
LINE
8
BLACK
6
CONTINUOUS
10
4.9298001968503939
20
-3.6735474015748029
11
4.9351912204724409
21
-3.6704349212598424
0
LINE
8
BLACK
6
CONTINUOUS
10
4.9351912204724409
20
-3.6704349212598424
11
4.9395929527559055
21
-3.6660331889763778
0
LINE
8
BLACK
6
CONTINUOUS
10
4.9395929527559055
20
-3.6660331889763778
11
4.9424540944881885
21
-3.6610774409448816
0
LINE
8
BLACK
6
CONTINUOUS
10
4.9424540944881885
20
-3.6610774409448816
11
4.9442442125984254
21
-3.6594656299212596
0
LINE
8
BLACK
6
CONTINUOUS
10
4.9442442125984254
20
-3.6594656299212596
11
4.9466398818897632
21
-3.6592138188976375
0
LINE
8
BLACK
6
CONTINUOUS
10
4.9466398818897632
20
-3.6592138188976375
11
4.9487260236220472
21
-3.6604182677165356
0
LINE
8
BLACK
6
CONTINUOUS
10
4.9487260236220472
20
-3.6604182677165356
11
4.9492048818897638
21
-3.6610773622047241
0
LINE
8
BLACK
6
CONTINUOUS
10
4.9492048818897638
20
-3.6610773622047241
11
4.9497567322834648
21
-3.6620331889763778
0
LINE
8
BLACK
6
CONTINUOUS
10
4.9497567322834648
20
-3.6620331889763778
11
4.9541584645669294
21
-3.6664349212598424
0
LINE
8
BLACK
6
CONTINUOUS
10
4.9541584645669294
20
-3.6664349212598424
11
4.9595494881889763
21
-3.6695474015748029
0
LINE
8
BLACK
6
CONTINUOUS
10
4.9595494881889763
20
-3.6695474015748029
11
4.9655623622047242
21
-3.6711585433070866
0
LINE
8
BLACK
6
CONTINUOUS
10
4.9655623622047242
20
-3.6711585433070866
11
4.9655624409448818
21
-3.6711585433070866
0
LINE
8
BLACK
6
CONTINUOUS
10
4.9655624409448818
20
-3.6711585433070866
11
4.9717872440944877
21
-3.6711585433070866
0
LINE
8
BLACK
6
CONTINUOUS
10
4.9717872440944877
20
-3.6711585433070866
11
4.9717873228346452
21
-3.6711585433070866
0
LINE
8
BLACK
6
CONTINUOUS
10
4.9717873228346452
20
-3.6711585433070866
11
4.977800196850394
21
-3.6695474015748029
0
LINE
8
BLACK
6
CONTINUOUS
10
4.977800196850394
20
-3.6695474015748029
11
4.9831912204724409
21
-3.6664349212598424
0
LINE
8
BLACK
6
CONTINUOUS
10
4.9831912204724409
20
-3.6664349212598424
11
4.9875929527559055
21
-3.6620331889763778
0
LINE
8
BLACK
6
CONTINUOUS
10
4.9875929527559055
20
-3.6620331889763778
11
4.9907054330708664
21
-3.6566421653543308
0
LINE
8
BLACK
6
CONTINUOUS
10
4.9907054330708664
20
-3.6566421653543308
11
4.9923165748031497
21
-3.6506292913385825
0
LINE
8
BLACK
6
CONTINUOUS
10
4.9923165748031497
20
-3.6506292913385825
11
4.9923165748031497
21
-3.6444043307086615
0
LINE
8
BLACK
6
CONTINUOUS
10
4.9923165748031497
20
-3.6444043307086615
11
4.9907054330708664
21
-3.6383914566929132
0
LINE
8
BLACK
6
CONTINUOUS
10
4.9907054330708664
20
-3.6383914566929132
11
4.9875929527559055
21
-3.6330004330708658
0
LINE
8
BLACK
6
CONTINUOUS
10
4.9875929527559055
20
-3.6330004330708658
11
4.9831912204724409
21
-3.6285987007874017
0
LINE
8
BLACK
6
CONTINUOUS
10
4.9831912204724409
20
-3.6285987007874017
11
4.977800196850394
21
-3.6254862204724407
0
LINE
8
BLACK
6
CONTINUOUS
10
4.977800196850394
20
-3.6254862204724407
11
4.9717873228346452
21
-3.6238750787401575
0
LINE
8
BLACK
6
CONTINUOUS
10
4.9717873228346452
20
-3.6238750787401575
11
4.9655623622047242
21
-3.6238750787401575
0
LINE
8
BLACK
6
CONTINUOUS
10
4.9655623622047242
20
-3.6238750787401575
11
4.9621407874015748
21
-3.6247918897637796
0
LINE
8
BLACK
6
CONTINUOUS
10
4.9621407874015748
20
-3.6247918897637796
11
4.9595494881889763
21
-3.6254862204724407
0
LINE
8
BLACK
6
CONTINUOUS
10
4.9595494881889763
20
-3.6254862204724407
11
4.9541584645669294
21
-3.6285987007874017
0
LINE
8
BLACK
6
CONTINUOUS
10
4.9541584645669294
20
-3.6285987007874017
11
4.9497566535433073
21
-3.6330005118110233
0
LINE
8
BLACK
6
CONTINUOUS
10
4.9497566535433073
20
-3.6330005118110233
11
4.9468955511811021
21
-3.6379561023622045
0
LINE
8
BLACK
6
CONTINUOUS
10
4.9468955511811021
20
-3.6379561023622045
11
4.9451054330708661
21
-3.6395679527559053
0
LINE
8
BLACK
6
CONTINUOUS
10
4.9451054330708661
20
-3.6395679527559053
11
4.9427097244094487
21
-3.6398197637795273
0
LINE
8
BLACK
6
CONTINUOUS
10
4.9427097244094487
20
-3.6398197637795273
11
4.9406235826771656
21
-3.6386153149606297
0
LINE
8
BLACK
6
CONTINUOUS
10
4.9406235826771656
20
-3.6386153149606297
11
4.9401446456692915
21
-3.637956023622047
0
LINE
8
BLACK
6
CONTINUOUS
10
4.9401446456692915
20
-3.637956023622047
11
4.9395929921259842
21
-3.6370005118110234
0
LINE
8
BLACK
6
CONTINUOUS
10
4.9395929921259842
20
-3.6370005118110234
11
4.9395929527559055
21
-3.6370004330708658
0
LINE
8
BLACK
6
CONTINUOUS
10
4.9395929527559055
20
-3.6370004330708658
11
4.9351912204724409
21
-3.6325987007874017
0
LINE
8
BLACK
6
CONTINUOUS
10
4.9351912204724409
20
-3.6325987007874017
11
4.9298001968503939
21
-3.6294862204724407
0
LINE
8
BLACK
6
CONTINUOUS
10
4.9298001968503939
20
-3.6294862204724407
11
4.9237873228346452
21
-3.6278750787401575
0
LINE
8
BLACK
6
CONTINUOUS
10
4.9237873228346452
20
-3.6278750787401575
11
4.9175623622047242
21
-3.6278750787401575
0
LINE
8
BLACK
6
CONTINUOUS
10
4.9175623622047242
20
-3.6278750787401575
11
4.9115494881889763
21
-3.6294862204724407
0
LINE
8
BLACK
6
CONTINUOUS
10
4.9115494881889763
20
-3.6294862204724407
11
4.9061584645669294
21
-3.6325987007874017
0
LINE
8
BLACK
6
CONTINUOUS
10
4.9061584645669294
20
-3.6325987007874017
11
4.9017567322834648
21
-3.6370004330708658
0
LINE
8
BLACK
6
CONTINUOUS
10
4.9017567322834648
20
-3.6370004330708658
11
4.8986442519685038
21
-3.6423914566929132
0
LINE
8
BLACK
6
CONTINUOUS
10
4.8986442519685038
20
-3.6423914566929132
11
4.8970331102362206
21
-3.6484043307086615
0
LINE
8
BLACK
6
CONTINUOUS
10
4.8970331102362206
20
-3.6484043307086615
11
4.8970331102362206
21
-3.6546292913385825
0
LINE
8
BLACK
6
CONTINUOUS
10
5.8222536614173226
20
-3.6138304330708659
11
5.8168626377952757
21
-3.6169429133858269
0
LINE
8
BLACK
6
CONTINUOUS
10
5.8168626377952757
20
-3.6169429133858269
11
5.812460905511811
21
-3.621344645669291
0
LINE
8
BLACK
6
CONTINUOUS
10
5.812460905511811
20
-3.621344645669291
11
5.8093484251968501
21
-3.6267356692913384
0
LINE
8
BLACK
6
CONTINUOUS
10
5.8093484251968501
20
-3.6267356692913384
11
5.8077372834645669
21
-3.6327485433070867
0
LINE
8
BLACK
6
CONTINUOUS
10
5.8077372834645669
20
-3.6327485433070867
11
5.8077372834645669
21
-3.6389735039370077
0
LINE
8
BLACK
6
CONTINUOUS
10
5.8077372834645669
20
-3.6389735039370077
11
5.8093484251968501
21
-3.644986377952756
0
LINE
8
BLACK
6
CONTINUOUS
10
5.8093484251968501
20
-3.644986377952756
11
5.812460905511811
21
-3.6503774015748029
0
LINE
8
BLACK
6
CONTINUOUS
10
5.812460905511811
20
-3.6503774015748029
11
5.8168626377952757
21
-3.6547791338582676
0
LINE
8
BLACK
6
CONTINUOUS
10
5.8168626377952757
20
-3.6547791338582676
11
5.8222536614173226
21
-3.6578916141732281
0
LINE
8
BLACK
6
CONTINUOUS
10
5.8222536614173226
20
-3.6578916141732281
11
5.8282665354330705
21
-3.6595027559055118
0
LINE
8
BLACK
6
CONTINUOUS
10
5.8282665354330705
20
-3.6595027559055118
11
5.828266614173228
21
-3.6595027559055118
0
LINE
8
BLACK
6
CONTINUOUS
10
5.828266614173228
20
-3.6595027559055118
11
5.8344914173228348
21
-3.6595027559055118
0
LINE
8
BLACK
6
CONTINUOUS
10
5.8344914173228348
20
-3.6595027559055118
11
5.8344914960629923
21
-3.6595027559055118
0
LINE
8
BLACK
6
CONTINUOUS
10
5.8344914960629923
20
-3.6595027559055118
11
5.8405043700787402
21
-3.6578916141732281
0
LINE
8
BLACK
6
CONTINUOUS
10
5.8405043700787402
20
-3.6578916141732281
11
5.8458953937007871
21
-3.6547791338582676
0
LINE
8
BLACK
6
CONTINUOUS
10
5.8458953937007871
20
-3.6547791338582676
11
5.8502971259842518
21
-3.6503774015748029
0
LINE
8
BLACK
6
CONTINUOUS
10
5.8502971259842518
20
-3.6503774015748029
11
5.8534096062992127
21
-3.644986377952756
0
LINE
8
BLACK
6
CONTINUOUS
10
5.8534096062992127
20
-3.644986377952756
11
5.855020748031496
21
-3.6389735039370077
0
LINE
8
BLACK
6
CONTINUOUS
10
5.855020748031496
20
-3.6389735039370077
11
5.855020748031496
21
-3.6327485433070867
0
LINE
8
BLACK
6
CONTINUOUS
10
5.855020748031496
20
-3.6327485433070867
11
5.8534096062992127
21
-3.6267356692913384
0
LINE
8
BLACK
6
CONTINUOUS
10
5.8534096062992127
20
-3.6267356692913384
11
5.8502971259842518
21
-3.621344645669291
0
LINE
8
BLACK
6
CONTINUOUS
10
5.8502971259842518
20
-3.621344645669291
11
5.8458953937007871
21
-3.6169429133858269
0
LINE
8
BLACK
6
CONTINUOUS
10
5.8458953937007871
20
-3.6169429133858269
11
5.8405043700787402
21
-3.6138304330708659
0
LINE
8
BLACK
6
CONTINUOUS
10
5.8405043700787402
20
-3.6138304330708659
11
5.8344914960629923
21
-3.6122192913385827
0
LINE
8
BLACK
6
CONTINUOUS
10
5.8344914960629923
20
-3.6122192913385827
11
5.8282665354330705
21
-3.6122192913385827
0
LINE
8
BLACK
6
CONTINUOUS
10
5.8282665354330705
20
-3.6122192913385827
11
5.8222536614173226
21
-3.6138304330708659
0
LINE
8
BLACK
6
CONTINUOUS
10
5.1580331102362207
20
-3.6296292913385826
11
5.159644251968504
21
-3.6356421653543305
0
LINE
8
BLACK
6
CONTINUOUS
10
5.159644251968504
20
-3.6356421653543305
11
5.1627567322834649
21
-3.6410331889763778
0
LINE
8
BLACK
6
CONTINUOUS
10
5.1627567322834649
20
-3.6410331889763778
11
5.1671584645669286
21
-3.6454349212598425
0
LINE
8
BLACK
6
CONTINUOUS
10
5.1671584645669286
20
-3.6454349212598425
11
5.1725494881889764
21
-3.648547401574803
0
LINE
8
BLACK
6
CONTINUOUS
10
5.1725494881889764
20
-3.648547401574803
11
5.1785623622047243
21
-3.6501585433070867
0
LINE
8
BLACK
6
CONTINUOUS
10
5.1785623622047243
20
-3.6501585433070867
11
5.1785624409448818
21
-3.6501585433070867
0
LINE
8
BLACK
6
CONTINUOUS
10
5.1785624409448818
20
-3.6501585433070867
11
5.1847872440944878
21
-3.6501585433070867
0
LINE
8
BLACK
6
CONTINUOUS
10
5.1847872440944878
20
-3.6501585433070867
11
5.1847873228346453
21
-3.6501585433070867
0
LINE
8
BLACK
6
CONTINUOUS
10
5.1847873228346453
20
-3.6501585433070867
11
5.1908001968503932
21
-3.648547401574803
0
LINE
8
BLACK
6
CONTINUOUS
10
5.1908001968503932
20
-3.648547401574803
11
5.196191220472441
21
-3.6454349212598425
0
LINE
8
BLACK
6
CONTINUOUS
10
5.196191220472441
20
-3.6454349212598425
11
5.2005929527559056
21
-3.6410331889763778
0
LINE
8
BLACK
6
CONTINUOUS
10
5.2005929527559056
20
-3.6410331889763778
11
5.2037054330708656
21
-3.6356421653543305
0
LINE
8
BLACK
6
CONTINUOUS
10
5.2037054330708656
20
-3.6356421653543305
11
5.2044807874015744
21
-3.6327485433070867
0
LINE
8
BLACK
6
CONTINUOUS
10
5.2044807874015744
20
-3.6327485433070867
11
5.2053165748031498
21
-3.6296292913385826
0
LINE
8
BLACK
6
CONTINUOUS
10
5.2053165748031498
20
-3.6296292913385826
11
5.2053165748031498
21
-3.6234043307086612
0
LINE
8
BLACK
6
CONTINUOUS
10
5.2053165748031498
20
-3.6234043307086612
11
5.2037054330708656
21
-3.6173914566929133
0
LINE
8
BLACK
6
CONTINUOUS
10
5.2037054330708656
20
-3.6173914566929133
11
5.2005929527559056
21
-3.6120004330708659
0
LINE
8
BLACK
6
CONTINUOUS
10
5.2005929527559056
20
-3.6120004330708659
11
5.196191220472441
21
-3.6075987007874013
0
LINE
8
BLACK
6
CONTINUOUS
10
5.196191220472441
20
-3.6075987007874013
11
5.1908001968503932
21
-3.6044862204724408
0
LINE
8
BLACK
6
CONTINUOUS
10
5.1908001968503932
20
-3.6044862204724408
11
5.1847873228346453
21
-3.6028750787401576
0
LINE
8
BLACK
6
CONTINUOUS
10
5.1847873228346453
20
-3.6028750787401576
11
5.1785623622047243
21
-3.6028750787401576
0
LINE
8
BLACK
6
CONTINUOUS
10
5.1785623622047243
20
-3.6028750787401576
11
5.1725494881889764
21
-3.6044862204724408
0
LINE
8
BLACK
6
CONTINUOUS
10
5.1725494881889764
20
-3.6044862204724408
11
5.1671584645669286
21
-3.6075987007874013
0
LINE
8
BLACK
6
CONTINUOUS
10
5.1671584645669286
20
-3.6075987007874013
11
5.1627567322834649
21
-3.6120004330708659
0
LINE
8
BLACK
6
CONTINUOUS
10
5.1627567322834649
20
-3.6120004330708659
11
5.159644251968504
21
-3.6173914566929133
0
LINE
8
BLACK
6
CONTINUOUS
10
5.159644251968504
20
-3.6173914566929133
11
5.1580331102362207
21
-3.6234043307086612
0
LINE
8
BLACK
6
CONTINUOUS
10
5.1580331102362207
20
-3.6234043307086612
11
5.1580331102362207
21
-3.6296292913385826
0
LINE
8
BLACK
6
CONTINUOUS
10
4.0350331102362205
20
-3.6006292913385827
11
4.0366442519685037
21
-3.6066421653543306
0
LINE
8
BLACK
6
CONTINUOUS
10
4.0366442519685037
20
-3.6066421653543306
11
4.0397567322834647
21
-3.6120331889763779
0
LINE
8
BLACK
6
CONTINUOUS
10
4.0397567322834647
20
-3.6120331889763779
11
4.0441584645669293
21
-3.6164349212598426
0
LINE
8
BLACK
6
CONTINUOUS
10
4.0441584645669293
20
-3.6164349212598426
11
4.0495494881889762
21
-3.619547401574803
0
LINE
8
BLACK
6
CONTINUOUS
10
4.0495494881889762
20
-3.619547401574803
11
4.0555623622047241
21
-3.6211585433070868
0
LINE
8
BLACK
6
CONTINUOUS
10
4.0555623622047241
20
-3.6211585433070868
11
4.0555624409448816
21
-3.6211585433070868
0
LINE
8
BLACK
6
CONTINUOUS
10
4.0555624409448816
20
-3.6211585433070868
11
4.0617872440944884
21
-3.6211585433070868
0
LINE
8
BLACK
6
CONTINUOUS
10
4.0617872440944884
20
-3.6211585433070868
11
4.0617873228346459
21
-3.6211585433070868
0
LINE
8
BLACK
6
CONTINUOUS
10
4.0617873228346459
20
-3.6211585433070868
11
4.0678001968503938
21
-3.619547401574803
0
LINE
8
BLACK
6
CONTINUOUS
10
4.0678001968503938
20
-3.619547401574803
11
4.0731912204724408
21
-3.6164349212598426
0
LINE
8
BLACK
6
CONTINUOUS
10
4.0731912204724408
20
-3.6164349212598426
11
4.0775929527559054
21
-3.6120331889763779
0
LINE
8
BLACK
6
CONTINUOUS
10
4.0775929527559054
20
-3.6120331889763779
11
4.0807054330708663
21
-3.6066421653543306
0
LINE
8
BLACK
6
CONTINUOUS
10
4.0807054330708663
20
-3.6066421653543306
11
4.0823165748031496
21
-3.6006292913385827
0
LINE
8
BLACK
6
CONTINUOUS
10
4.0823165748031496
20
-3.6006292913385827
11
4.0823165748031496
21
-3.5944043307086613
0
LINE
8
BLACK
6
CONTINUOUS
10
4.0823165748031496
20
-3.5944043307086613
11
4.0807054330708663
21
-3.5883914566929134
0
LINE
8
BLACK
6
CONTINUOUS
10
4.0807054330708663
20
-3.5883914566929134
11
4.0775929527559054
21
-3.583000433070866
0
LINE
8
BLACK
6
CONTINUOUS
10
4.0775929527559054
20
-3.583000433070866
11
4.0731912204724408
21
-3.5785987007874014
0
LINE
8
BLACK
6
CONTINUOUS
10
4.0731912204724408
20
-3.5785987007874014
11
4.0678001968503938
21
-3.5754862204724409
0
LINE
8
BLACK
6
CONTINUOUS
10
4.0678001968503938
20
-3.5754862204724409
11
4.0617873228346459
21
-3.5738750787401572
0
LINE
8
BLACK
6
CONTINUOUS
10
4.0617873228346459
20
-3.5738750787401572
11
4.0555623622047241
21
-3.5738750787401572
0
LINE
8
BLACK
6
CONTINUOUS
10
4.0555623622047241
20
-3.5738750787401572
11
4.0495494881889762
21
-3.5754862204724409
0
LINE
8
BLACK
6
CONTINUOUS
10
4.0495494881889762
20
-3.5754862204724409
11
4.0441584645669293
21
-3.5785987007874014
0
LINE
8
BLACK
6
CONTINUOUS
10
4.0441584645669293
20
-3.5785987007874014
11
4.0397567322834647
21
-3.583000433070866
0
LINE
8
BLACK
6
CONTINUOUS
10
4.0397567322834647
20
-3.583000433070866
11
4.0366442519685037
21
-3.5883914566929134
0
LINE
8
BLACK
6
CONTINUOUS
10
4.0366442519685037
20
-3.5883914566929134
11
4.0350331102362205
21
-3.5944043307086613
0
LINE
8
BLACK
6
CONTINUOUS
10
4.0350331102362205
20
-3.5944043307086613
11
4.0350331102362205
21
-3.6006292913385827
0
LINE
8
BLACK
6
CONTINUOUS
10
5.0773165748031497
20
-3.5706292913385824
11
5.078927716535433
21
-3.5766421653543308
0
LINE
8
BLACK
6
CONTINUOUS
10
5.078927716535433
20
-3.5766421653543308
11
5.0820401968503939
21
-3.5820331889763777
0
LINE
8
BLACK
6
CONTINUOUS
10
5.0820401968503939
20
-3.5820331889763777
11
5.0864419291338585
21
-3.5864349212598423
0
LINE
8
BLACK
6
CONTINUOUS
10
5.0864419291338585
20
-3.5864349212598423
11
5.0918329527559054
21
-3.5895474015748032
0
LINE
8
BLACK
6
CONTINUOUS
10
5.0918329527559054
20
-3.5895474015748032
11
5.0978458267716533
21
-3.5911585433070865
0
LINE
8
BLACK
6
CONTINUOUS
10
5.0978458267716533
20
-3.5911585433070865
11
5.0978459055118108
21
-3.5911585433070865
0
LINE
8
BLACK
6
CONTINUOUS
10
5.0978459055118108
20
-3.5911585433070865
11
5.1040707086614168
21
-3.5911585433070865
0
LINE
8
BLACK
6
CONTINUOUS
10
5.1040707086614168
20
-3.5911585433070865
11
5.1040707874015743
21
-3.5911585433070865
0
LINE
8
BLACK
6
CONTINUOUS
10
5.1040707874015743
20
-3.5911585433070865
11
5.1100836614173231
21
-3.5895474015748032
0
LINE
8
BLACK
6
CONTINUOUS
10
5.1100836614173231
20
-3.5895474015748032
11
5.11547468503937
21
-3.5864349212598423
0
LINE
8
BLACK
6
CONTINUOUS
10
5.11547468503937
20
-3.5864349212598423
11
5.1198764173228346
21
-3.5820331889763777
0
LINE
8
BLACK
6
CONTINUOUS
10
5.1198764173228346
20
-3.5820331889763777
11
5.1229888976377955
21
-3.5766421653543308
0
LINE
8
BLACK
6
CONTINUOUS
10
5.1229888976377955
20
-3.5766421653543308
11
5.1246000393700788
21
-3.5706292913385824
0
LINE
8
BLACK
6
CONTINUOUS
10
5.1246000393700788
20
-3.5706292913385824
11
5.1246000393700788
21
-3.5644043307086615
0
LINE
8
BLACK
6
CONTINUOUS
10
5.1246000393700788
20
-3.5644043307086615
11
5.1229888976377955
21
-3.5583914566929131
0
LINE
8
BLACK
6
CONTINUOUS
10
5.1229888976377955
20
-3.5583914566929131
11
5.1198764173228346
21
-3.5530004330708662
0
LINE
8
BLACK
6
CONTINUOUS
10
5.1198764173228346
20
-3.5530004330708662
11
5.11547468503937
21
-3.5485987007874016
0
LINE
8
BLACK
6
CONTINUOUS
10
5.11547468503937
20
-3.5485987007874016
11
5.1100836614173231
21
-3.5454862204724407
0
LINE
8
BLACK
6
CONTINUOUS
10
5.1100836614173231
20
-3.5454862204724407
11
5.1040707874015743
21
-3.5438750787401574
0
LINE
8
BLACK
6
CONTINUOUS
10
5.1040707874015743
20
-3.5438750787401574
11
5.0978458267716533
21
-3.5438750787401574
0
LINE
8
BLACK
6
CONTINUOUS
10
5.0978458267716533
20
-3.5438750787401574
11
5.0918329527559054
21
-3.5454862204724407
0
LINE
8
BLACK
6
CONTINUOUS
10
5.0918329527559054
20
-3.5454862204724407
11
5.0864419291338585
21
-3.5485987007874016
0
LINE
8
BLACK
6
CONTINUOUS
10
5.0864419291338585
20
-3.5485987007874016
11
5.0820401968503939
21
-3.5530004330708662
0
LINE
8
BLACK
6
CONTINUOUS
10
5.0820401968503939
20
-3.5530004330708662
11
5.078927716535433
21
-3.5583914566929131
0
LINE
8
BLACK
6
CONTINUOUS
10
5.078927716535433
20
-3.5583914566929131
11
5.0773165748031497
21
-3.5644043307086615
0
LINE
8
BLACK
6
CONTINUOUS
10
5.0773165748031497
20
-3.5644043307086615
11
5.0773165748031497
21
-3.5706292913385824
0
LINE
8
BLACK
6
CONTINUOUS
10
5.9927054330708662
20
-3.3043914566929131
11
5.9895929527559053
21
-3.2990004330708662
0
LINE
8
BLACK
6
CONTINUOUS
10
5.9895929527559053
20
-3.2990004330708662
11
5.9851912204724407
21
-3.2945987007874016
0
LINE
8
BLACK
6
CONTINUOUS
10
5.9851912204724407
20
-3.2945987007874016
11
5.9798001968503938
21
-3.2914862204724407
0
LINE
8
BLACK
6
CONTINUOUS
10
5.9798001968503938
20
-3.2914862204724407
11
5.9737873228346459
21
-3.2898750787401574
0
LINE
8
BLACK
6
CONTINUOUS
10
5.9737873228346459
20
-3.2898750787401574
11
5.967562362204724
21
-3.2898750787401574
0
LINE
8
BLACK
6
CONTINUOUS
10
5.967562362204724
20
-3.2898750787401574
11
5.9615494881889761
21
-3.2914862204724407
0
LINE
8
BLACK
6
CONTINUOUS
10
5.9615494881889761
20
-3.2914862204724407
11
5.9561584645669292
21
-3.2945987007874016
0
LINE
8
BLACK
6
CONTINUOUS
10
5.9561584645669292
20
-3.2945987007874016
11
5.9517567322834646
21
-3.2990004330708662
0
LINE
8
BLACK
6
CONTINUOUS
10
5.9517567322834646
20
-3.2990004330708662
11
5.9486442519685037
21
-3.3043914566929131
0
LINE
8
BLACK
6
CONTINUOUS
10
5.9486442519685037
20
-3.3043914566929131
11
5.9470331102362204
21
-3.3104043307086615
0
LINE
8
BLACK
6
CONTINUOUS
10
5.9470331102362204
20
-3.3104043307086615
11
5.9470331102362204
21
-3.3166292913385824
0
LINE
8
BLACK
6
CONTINUOUS
10
5.9470331102362204
20
-3.3166292913385824
11
5.9486442519685037
21
-3.3226421653543308
0
LINE
8
BLACK
6
CONTINUOUS
10
5.9486442519685037
20
-3.3226421653543308
11
5.9517567322834646
21
-3.3280331889763777
0
LINE
8
BLACK
6
CONTINUOUS
10
5.9517567322834646
20
-3.3280331889763777
11
5.9561584645669292
21
-3.3324349212598423
0
LINE
8
BLACK
6
CONTINUOUS
10
5.9561584645669292
20
-3.3324349212598423
11
5.9615494881889761
21
-3.3355474015748032
0
LINE
8
BLACK
6
CONTINUOUS
10
5.9615494881889761
20
-3.3355474015748032
11
5.967562362204724
21
-3.3371585433070865
0
LINE
8
BLACK
6
CONTINUOUS
10
5.967562362204724
20
-3.3371585433070865
11
5.9675624409448815
21
-3.3371585433070865
0
LINE
8
BLACK
6
CONTINUOUS
10
5.9675624409448815
20
-3.3371585433070865
11
5.9737872440944884
21
-3.3371585433070865
0
LINE
8
BLACK
6
CONTINUOUS
10
5.9737872440944884
20
-3.3371585433070865
11
5.9737873228346459
21
-3.3371585433070865
0
LINE
8
BLACK
6
CONTINUOUS
10
5.9737873228346459
20
-3.3371585433070865
11
5.9798001968503938
21
-3.3355474015748032
0
LINE
8
BLACK
6
CONTINUOUS
10
5.9798001968503938
20
-3.3355474015748032
11
5.9851912204724407
21
-3.3324349212598423
0
LINE
8
BLACK
6
CONTINUOUS
10
5.9851912204724407
20
-3.3324349212598423
11
5.9895929527559053
21
-3.3280331889763777
0
LINE
8
BLACK
6
CONTINUOUS
10
5.9895929527559053
20
-3.3280331889763777
11
5.9927054330708662
21
-3.3226421653543308
0
LINE
8
BLACK
6
CONTINUOUS
10
5.9927054330708662
20
-3.3226421653543308
11
5.9943165748031495
21
-3.3166292913385824
0
LINE
8
BLACK
6
CONTINUOUS
10
5.9943165748031495
20
-3.3166292913385824
11
5.9943165748031495
21
-3.3104043307086615
0
LINE
8
BLACK
6
CONTINUOUS
10
5.9943165748031495
20
-3.3104043307086615
11
5.993780669291338
21
-3.3084043307086612
0
LINE
8
BLACK
6
CONTINUOUS
10
5.993780669291338
20
-3.3084043307086612
11
5.9927054330708662
21
-3.3043914566929131
0
LINE
8
BLACK
6
CONTINUOUS
10
6.3550331102362208
20
-3.3146292913385826
11
6.356644251968504
21
-3.3206421653543305
0
LINE
8
BLACK
6
CONTINUOUS
10
6.356644251968504
20
-3.3206421653543305
11
6.3597567322834641
21
-3.3260331889763779
0
LINE
8
BLACK
6
CONTINUOUS
10
6.3597567322834641
20
-3.3260331889763779
11
6.3641584645669287
21
-3.3304349212598425
0
LINE
8
BLACK
6
CONTINUOUS
10
6.3641584645669287
20
-3.3304349212598425
11
6.3695494881889765
21
-3.333547401574803
0
LINE
8
BLACK
6
CONTINUOUS
10
6.3695494881889765
20
-3.333547401574803
11
6.3755623622047244
21
-3.3351585433070867
0
LINE
8
BLACK
6
CONTINUOUS
10
6.3755623622047244
20
-3.3351585433070867
11
6.3784031496062994
21
-3.3351585433070867
0
LINE
8
BLACK
6
CONTINUOUS
10
6.3784031496062994
20
-3.3351585433070867
11
6.3806941338582677
21
-3.3359029133858269
0
LINE
8
BLACK
6
CONTINUOUS
10
6.3806941338582677
20
-3.3359029133858269
11
6.3811592125984253
21
-3.3363001181102363
0
LINE
8
BLACK
6
CONTINUOUS
10
6.3811592125984253
20
-3.3363001181102363
11
6.4276884645669288
21
-3.3828293307086614
0
LINE
8
BLACK
6
CONTINUOUS
10
6.4276884645669288
20
-3.3828293307086614
11
6.4737338976377954
21
-3.4288747637795276
0
LINE
8
BLACK
6
CONTINUOUS
10
6.4737338976377954
20
-3.4288747637795276
11
6.4737339763779529
21
-3.4288748818897639
0
LINE
8
BLACK
6
CONTINUOUS
10
6.4737339763779529
20
-3.4288748818897639
11
6.4766696850393703
21
-3.4318105905511809
0
LINE
8
BLACK
6
CONTINUOUS
10
6.4766696850393703
20
-3.4318105905511809
11
6.4766697637795279
21
-3.4318106299212596
0
LINE
8
BLACK
6
CONTINUOUS
10
6.4766697637795279
20
-3.4318106299212596
11
6.4800948425196845
21
-3.4337881496062992
0
LINE
8
BLACK
6
CONTINUOUS
10
6.4800948425196845
20
-3.4337881496062992
11
6.4800951968503933
21
-3.4337882677165354
0
LINE
8
BLACK
6
CONTINUOUS
10
6.4800951968503933
20
-3.4337882677165354
11
6.4802651968503939
21
-3.4338864566929135
0
LINE
8
BLACK
6
CONTINUOUS
10
6.4802651968503939
20
-3.4338864566929135
11
6.4842754330708656
21
-3.4349610236220474
0
LINE
8
BLACK
6
CONTINUOUS
10
6.4842754330708656
20
-3.4349610236220474
11
6.4842755118110231
21
-3.4349610236220474
0
LINE
8
BLACK
6
CONTINUOUS
10
6.4842755118110231
20
-3.4349610236220474
11
6.4886658661417318
21
-3.4349610236220474
0
LINE
8
BLACK
6
CONTINUOUS
10
6.4886658661417318
20
-3.4349610236220474
11
6.4886664960629918
21
-3.4349609842519686
0
LINE
8
BLACK
6
CONTINUOUS
10
6.4886664960629918
20
-3.4349609842519686
11
6.9672055905511812
21
-3.4349609842519686
0
LINE
8
BLACK
6
CONTINUOUS
10
6.9672055905511812
20
-3.4349609842519686
11
6.9694965748031494
21
-3.4357053543307088
0
LINE
8
BLACK
6
CONTINUOUS
10
6.9694965748031494
20
-3.4357053543307088
11
6.9699616141732283
21
-3.4361025590551182
0
LINE
8
BLACK
6
CONTINUOUS
10
6.9699616141732283
20
-3.4361025590551182
11
6.9749931889763781
21
-3.4411340944881887
0
LINE
8
BLACK
6
CONTINUOUS
10
6.9749931889763781
20
-3.4411340944881887
11
6.9749933858267719
21
-3.4411342519685038
0
LINE
8
BLACK
6
CONTINUOUS
10
6.9749933858267719
20
-3.4411342519685038
11
6.9785885433070867
21
-3.4432099212598426
0
LINE
8
BLACK
6
CONTINUOUS
10
6.9785885433070867
20
-3.4432099212598426
11
6.9785884645669292
21
-3.4432099212598426
0
LINE
8
BLACK
6
CONTINUOUS
10
6.9785884645669292
20
-3.4432099212598426
11
6.9785886220472442
21
-3.4432099606299214
0
LINE
8
BLACK
6
CONTINUOUS
10
6.9785886220472442
20
-3.4432099606299214
11
6.9785887007874017
21
-3.4432100000000001
0
LINE
8
BLACK
6
CONTINUOUS
10
6.9785887007874017
20
-3.4432100000000001
11
6.982598976377953
21
-3.4442845275590552
0
LINE
8
BLACK
6
CONTINUOUS
10
6.982598976377953
20
-3.4442845275590552
11
7.0423935826771649
21
-3.4442845275590552
0
LINE
8
BLACK
6
CONTINUOUS
10
7.0423935826771649
20
-3.4442845275590552
11
7.044684566929134
21
-3.4450288976377954
0
LINE
8
BLACK
6
CONTINUOUS
10
7.044684566929134
20
-3.4450288976377954
11
7.0451495669291333
21
-3.4454260629921261
0
LINE
8
BLACK
6
CONTINUOUS
10
7.0451495669291333
20
-3.4454260629921261
11
7.0457566929133852
21
-3.4460331496062993
0
LINE
8
BLACK
6
CONTINUOUS
10
7.0457566929133852
20
-3.4460331496062993
11
7.0461584645669291
21
-3.4464349212598426
0
LINE
8
BLACK
6
CONTINUOUS
10
7.0461584645669291
20
-3.4464349212598426
11
7.051549488188976
21
-3.4495474015748031
0
LINE
8
BLACK
6
CONTINUOUS
10
7.051549488188976
20
-3.4495474015748031
11
7.0575623622047239
21
-3.4511585433070864
0
LINE
8
BLACK
6
CONTINUOUS
10
7.0575623622047239
20
-3.4511585433070864
11
7.0575624409448814
21
-3.4511585433070864
0
LINE
8
BLACK
6
CONTINUOUS
10
7.0575624409448814
20
-3.4511585433070864
11
7.0637872440944882
21
-3.4511585433070864
0
LINE
8
BLACK
6
CONTINUOUS
10
7.0637872440944882
20
-3.4511585433070864
11
7.0637873228346457
21
-3.4511585433070864
0
LINE
8
BLACK
6
CONTINUOUS
10
7.0637873228346457
20
-3.4511585433070864
11
7.0698001968503936
21
-3.4495474015748031
0
LINE
8
BLACK
6
CONTINUOUS
10
7.0698001968503936
20
-3.4495474015748031
11
7.0751912204724405
21
-3.4464349212598426
0
LINE
8
BLACK
6
CONTINUOUS
10
7.0751912204724405
20
-3.4464349212598426
11
7.0795929527559052
21
-3.442033188976378
0
LINE
8
BLACK
6
CONTINUOUS
10
7.0795929527559052
20
-3.442033188976378
11
7.0827054330708661
21
-3.4366421653543306
0
LINE
8
BLACK
6
CONTINUOUS
10
7.0827054330708661
20
-3.4366421653543306
11
7.0843165748031494
21
-3.4306292913385827
0
LINE
8
BLACK
6
CONTINUOUS
10
7.0843165748031494
20
-3.4306292913385827
11
7.0843165748031494
21
-3.4244043307086613
0
LINE
8
BLACK
6
CONTINUOUS
10
7.0843165748031494
20
-3.4244043307086613
11
7.0827054330708661
21
-3.4183914566929134
0
LINE
8
BLACK
6
CONTINUOUS
10
7.0827054330708661
20
-3.4183914566929134
11
7.0795929527559052
21
-3.4130004330708661
0
LINE
8
BLACK
6
CONTINUOUS
10
7.0795929527559052
20
-3.4130004330708661
11
7.0751912204724405
21
-3.4085987007874015
0
LINE
8
BLACK
6
CONTINUOUS
10
7.0751912204724405
20
-3.4085987007874015
11
7.0698001968503936
21
-3.405486220472441
0
LINE
8
BLACK
6
CONTINUOUS
10
7.0698001968503936
20
-3.405486220472441
11
7.0637873228346457
21
-3.4038750787401573
0
LINE
8
BLACK
6
CONTINUOUS
10
7.0637873228346457
20
-3.4038750787401573
11
7.0575623622047239
21
-3.4038750787401573
0
LINE
8
BLACK
6
CONTINUOUS
10
7.0575623622047239
20
-3.4038750787401573
11
7.051549488188976
21
-3.405486220472441
0
LINE
8
BLACK
6
CONTINUOUS
10
7.051549488188976
20
-3.405486220472441
11
7.0474118503937007
21
-3.4078750787401573
0
LINE
8
BLACK
6
CONTINUOUS
10
7.0474118503937007
20
-3.4078750787401573
11
7.0461583464566928
21
-3.408598779527559
0
LINE
8
BLACK
6
CONTINUOUS
10
7.0461583464566928
20
-3.408598779527559
11
7.0431496062992123
21
-3.4116075196850395
0
LINE
8
BLACK
6
CONTINUOUS
10
7.0431496062992123
20
-3.4116075196850395
11
7.0410032677165351
21
-3.4127011023622047
0
LINE
8
BLACK
6
CONTINUOUS
10
7.0410032677165351
20
-3.4127011023622047
11
7.0403935826771651
21
-3.4127490944881891
0
LINE
8
BLACK
6
CONTINUOUS
10
7.0403935826771651
20
-3.4127490944881891
11
6.9928205511811026
21
-3.4127490944881891
0
LINE
8
BLACK
6
CONTINUOUS
10
6.9928205511811026
20
-3.4127490944881891
11
6.9905295669291334
21
-3.4120047244094489
0
LINE
8
BLACK
6
CONTINUOUS
10
6.9905295669291334
20
-3.4120047244094489
11
6.9900645275590554
21
-3.4116075196850395
0
LINE
8
BLACK
6
CONTINUOUS
10
6.9900645275590554
20
-3.4116075196850395
11
6.9850329133858269
21
-3.4065759448818898
0
LINE
8
BLACK
6
CONTINUOUS
10
6.9850329133858269
20
-3.4065759448818898
11
6.9850327165354331
21
-3.4065757874015747
0
LINE
8
BLACK
6
CONTINUOUS
10
6.9850327165354331
20
-3.4065757874015747
11
6.9814375590551183
21
-3.4045001181102363
0
LINE
8
BLACK
6
CONTINUOUS
10
6.9814375590551183
20
-3.4045001181102363
11
6.9814376377952758
21
-3.4045001181102363
0
LINE
8
BLACK
6
CONTINUOUS
10
6.9814376377952758
20
-3.4045001181102363
11
6.9791048425196847
21
-3.4038750787401573
0
LINE
8
BLACK
6
CONTINUOUS
10
6.9791048425196847
20
-3.4038750787401573
11
6.9774271653543307
21
-3.4034255511811025
0
LINE
8
BLACK
6
CONTINUOUS
10
6.9774271653543307
20
-3.4034255511811025
11
6.9774270866141732
21
-3.4034255511811025
0
LINE
8
BLACK
6
CONTINUOUS
10
6.9774270866141732
20
-3.4034255511811025
11
6.4944969685039364
21
-3.4034255511811025
0
LINE
8
BLACK
6
CONTINUOUS
10
6.4944969685039364
20
-3.4034255511811025
11
6.4922059842519682
21
-3.4026811811023623
0
LINE
8
BLACK
6
CONTINUOUS
10
6.4922059842519682
20
-3.4026811811023623
11
6.4917409055118105
21
-3.4022839763779529
0
LINE
8
BLACK
6
CONTINUOUS
10
6.4917409055118105
20
-3.4022839763779529
11
6.4163618110236218
21
-3.326904842519685
0
LINE
8
BLACK
6
CONTINUOUS
10
6.4163618110236218
20
-3.326904842519685
11
6.413861220472441
21
-3.3244042519685038
0
LINE
8
BLACK
6
CONTINUOUS
10
6.413861220472441
20
-3.3244042519685038
11
6.4034581496062994
21
-3.3140011811023622
0
LINE
8
BLACK
6
CONTINUOUS
10
6.4034581496062994
20
-3.3140011811023622
11
6.4023645669291334
21
-3.311854842519685
0
LINE
8
BLACK
6
CONTINUOUS
10
6.4023645669291334
20
-3.311854842519685
11
6.4023165748031499
21
-3.3112451181102363
0
LINE
8
BLACK
6
CONTINUOUS
10
6.4023165748031499
20
-3.3112451181102363
11
6.4023165748031499
21
-3.30840437007874
0
LINE
8
BLACK
6
CONTINUOUS
10
6.4023165748031499
20
-3.30840437007874
11
6.4023165748031499
21
-3.3084043307086612
0
LINE
8
BLACK
6
CONTINUOUS
10
6.4023165748031499
20
-3.3084043307086612
11
6.4007054330708657
21
-3.3023914566929133
0
LINE
8
BLACK
6
CONTINUOUS
10
6.4007054330708657
20
-3.3023914566929133
11
6.3975929527559057
21
-3.297000433070866
0
LINE
8
BLACK
6
CONTINUOUS
10
6.3975929527559057
20
-3.297000433070866
11
6.393191220472441
21
-3.2925987007874014
0
LINE
8
BLACK
6
CONTINUOUS
10
6.393191220472441
20
-3.2925987007874014
11
6.3878001968503932
21
-3.2894862204724409
0
LINE
8
BLACK
6
CONTINUOUS
10
6.3878001968503932
20
-3.2894862204724409
11
6.3817873228346453
21
-3.2878750787401576
0
LINE
8
BLACK
6
CONTINUOUS
10
6.3817873228346453
20
-3.2878750787401576
11
6.3755623622047244
21
-3.2878750787401576
0
LINE
8
BLACK
6
CONTINUOUS
10
6.3755623622047244
20
-3.2878750787401576
11
6.3695494881889765
21
-3.2894862204724409
0
LINE
8
BLACK
6
CONTINUOUS
10
6.3695494881889765
20
-3.2894862204724409
11
6.3641584645669287
21
-3.2925987007874014
0
LINE
8
BLACK
6
CONTINUOUS
10
6.3641584645669287
20
-3.2925987007874014
11
6.3597567322834641
21
-3.297000433070866
0
LINE
8
BLACK
6
CONTINUOUS
10
6.3597567322834641
20
-3.297000433070866
11
6.356644251968504
21
-3.3023914566929133
0
LINE
8
BLACK
6
CONTINUOUS
10
6.356644251968504
20
-3.3023914566929133
11
6.3550331102362208
21
-3.3084043307086612
0
LINE
8
BLACK
6
CONTINUOUS
10
6.3550331102362208
20
-3.3084043307086612
11
6.3550331102362208
21
-3.3146292913385826
0
LINE
8
BLACK
6
CONTINUOUS
10
5.8750331102362203
20
-3.3836292913385826
11
5.8766442519685036
21
-3.3896421653543305
0
LINE
8
BLACK
6
CONTINUOUS
10
5.8766442519685036
20
-3.3896421653543305
11
5.8797567322834645
21
-3.3950331889763778
0
LINE
8
BLACK
6
CONTINUOUS
10
5.8797567322834645
20
-3.3950331889763778
11
5.8841584645669291
21
-3.3994349212598425
0
LINE
8
BLACK
6
CONTINUOUS
10
5.8841584645669291
20
-3.3994349212598425
11
5.8895494881889761
21
-3.402547401574803
0
LINE
8
BLACK
6
CONTINUOUS
10
5.8895494881889761
20
-3.402547401574803
11
5.895562362204724
21
-3.4041585433070867
0
LINE
8
BLACK
6
CONTINUOUS
10
5.895562362204724
20
-3.4041585433070867
11
5.8955624409448815
21
-3.4041585433070867
0
LINE
8
BLACK
6
CONTINUOUS
10
5.8955624409448815
20
-3.4041585433070867
11
5.9017872440944883
21
-3.4041585433070867
0
LINE
8
BLACK
6
CONTINUOUS
10
5.9017872440944883
20
-3.4041585433070867
11
5.9017873228346458
21
-3.4041585433070867
0
LINE
8
BLACK
6
CONTINUOUS
10
5.9017873228346458
20
-3.4041585433070867
11
5.9078001968503937
21
-3.402547401574803
0
LINE
8
BLACK
6
CONTINUOUS
10
5.9078001968503937
20
-3.402547401574803
11
5.9131912204724406
21
-3.3994349212598425
0
LINE
8
BLACK
6
CONTINUOUS
10
5.9131912204724406
20
-3.3994349212598425
11
5.9175929527559052
21
-3.3950331889763778
0
LINE
8
BLACK
6
CONTINUOUS
10
5.9175929527559052
20
-3.3950331889763778
11
5.9207054330708662
21
-3.3896421653543305
0
LINE
8
BLACK
6
CONTINUOUS
10
5.9207054330708662
20
-3.3896421653543305
11
5.9223165748031494
21
-3.3836292913385826
0
LINE
8
BLACK
6
CONTINUOUS
10
5.9223165748031494
20
-3.3836292913385826
11
5.9223165748031494
21
-3.3774043307086612
0
LINE
8
BLACK
6
CONTINUOUS
10
5.9223165748031494
20
-3.3774043307086612
11
5.9207054330708662
21
-3.3713914566929133
0
LINE
8
BLACK
6
CONTINUOUS
10
5.9207054330708662
20
-3.3713914566929133
11
5.9175929527559052
21
-3.3660004330708659
0
LINE
8
BLACK
6
CONTINUOUS
10
5.9175929527559052
20
-3.3660004330708659
11
5.9131912204724406
21
-3.3615987007874013
0
LINE
8
BLACK
6
CONTINUOUS
10
5.9131912204724406
20
-3.3615987007874013
11
5.9078001968503937
21
-3.3584862204724408
0
LINE
8
BLACK
6
CONTINUOUS
10
5.9078001968503937
20
-3.3584862204724408
11
5.9017873228346458
21
-3.3568750787401576
0
LINE
8
BLACK
6
CONTINUOUS
10
5.9017873228346458
20
-3.3568750787401576
11
5.895562362204724
21
-3.3568750787401576
0
LINE
8
BLACK
6
CONTINUOUS
10
5.895562362204724
20
-3.3568750787401576
11
5.8895494881889761
21
-3.3584862204724408
0
LINE
8
BLACK
6
CONTINUOUS
10
5.8895494881889761
20
-3.3584862204724408
11
5.8841584645669291
21
-3.3615987007874013
0
LINE
8
BLACK
6
CONTINUOUS
10
5.8841584645669291
20
-3.3615987007874013
11
5.8797567322834645
21
-3.3660004330708659
0
LINE
8
BLACK
6
CONTINUOUS
10
5.8797567322834645
20
-3.3660004330708659
11
5.8766442519685036
21
-3.3713914566929133
0
LINE
8
BLACK
6
CONTINUOUS
10
5.8766442519685036
20
-3.3713914566929133
11
5.8750331102362203
21
-3.3774043307086612
0
LINE
8
BLACK
6
CONTINUOUS
10
5.8750331102362203
20
-3.3774043307086612
11
5.8750331102362203
21
-3.3836292913385826
0
LINE
8
BLACK
6
CONTINUOUS
10
6.5130331102362202
20
-3.3306292125984251
11
6.5146442519685035
21
-3.3366420866141731
0
LINE
8
BLACK
6
CONTINUOUS
10
6.5146442519685035
20
-3.3366420866141731
11
6.5177567322834644
21
-3.3420331102362204
0
LINE
8
BLACK
6
CONTINUOUS
10
6.5177567322834644
20
-3.3420331102362204
11
6.522158464566929
21
-3.346434842519685
0
LINE
8
BLACK
6
CONTINUOUS
10
6.522158464566929
20
-3.346434842519685
11
6.527549488188976
21
-3.3495473228346455
0
LINE
8
BLACK
6
CONTINUOUS
10
6.527549488188976
20
-3.3495473228346455
11
6.5335623622047239
21
-3.3511584645669292
0
LINE
8
BLACK
6
CONTINUOUS
10
6.5335623622047239
20
-3.3511584645669292
11
6.5364031496062989
21
-3.3511584645669292
0
LINE
8
BLACK
6
CONTINUOUS
10
6.5364031496062989
20
-3.3511584645669292
11
6.5386941338582671
21
-3.3519028346456694
0
LINE
8
BLACK
6
CONTINUOUS
10
6.5386941338582671
20
-3.3519028346456694
11
6.5391592125984248
21
-3.3523000393700788
0
LINE
8
BLACK
6
CONTINUOUS
10
6.5391592125984248
20
-3.3523000393700788
11
6.566993307086614
21
-3.3801341338582676
0
LINE
8
BLACK
6
CONTINUOUS
10
6.566993307086614
20
-3.3801341338582676
11
6.5669933858267715
21
-3.3801341732283463
0
LINE
8
BLACK
6
CONTINUOUS
10
6.5669933858267715
20
-3.3801341732283463
11
6.5669934251968503
21
-3.3801342125984251
0
LINE
8
BLACK
6
CONTINUOUS
10
6.5669934251968503
20
-3.3801342125984251
11
6.566993464566929
21
-3.3801342519685038
0
LINE
8
BLACK
6
CONTINUOUS
10
6.566993464566929
20
-3.3801342519685038
11
6.5705886220472438
21
-3.3822099212598427
0
LINE
8
BLACK
6
CONTINUOUS
10
6.5705886220472438
20
-3.3822099212598427
11
6.5705885433070863
21
-3.3822099212598427
0
LINE
8
BLACK
6
CONTINUOUS
10
6.5705885433070863
20
-3.3822099212598427
11
6.5705887007874013
21
-3.382209960629921
0
LINE
8
BLACK
6
CONTINUOUS
10
6.5705887007874013
20
-3.382209960629921
11
6.5705887795275588
21
-3.3822099999999997
0
LINE
8
BLACK
6
CONTINUOUS
10
6.5705887795275588
20
-3.3822099999999997
11
6.5745990551181102
21
-3.3832845275590548
0
LINE
8
BLACK
6
CONTINUOUS
10
6.5745990551181102
20
-3.3832845275590548
11
7.0433935826771652
21
-3.3832845275590548
0
LINE
8
BLACK
6
CONTINUOUS
10
7.0433935826771652
20
-3.3832845275590548
11
7.0456845669291335
21
-3.384028897637795
0
LINE
8
BLACK
6
CONTINUOUS
10
7.0456845669291335
20
-3.384028897637795
11
7.0461496062992124
21
-3.3844261023622049
0
LINE
8
BLACK
6
CONTINUOUS
10
7.0461496062992124
20
-3.3844261023622049
11
7.0481583464566926
21
-3.3864348031496063
0
LINE
8
BLACK
6
CONTINUOUS
10
7.0481583464566926
20
-3.3864348031496063
11
7.0481584645669288
21
-3.3864349212598426
0
LINE
8
BLACK
6
CONTINUOUS
10
7.0481584645669288
20
-3.3864349212598426
11
7.0535494881889766
21
-3.3895474015748031
0
LINE
8
BLACK
6
CONTINUOUS
10
7.0535494881889766
20
-3.3895474015748031
11
7.0595623622047246
21
-3.3911585433070863
0
LINE
8
BLACK
6
CONTINUOUS
10
7.0595623622047246
20
-3.3911585433070863
11
7.0595624409448821
21
-3.3911585433070863
0
LINE
8
BLACK
6
CONTINUOUS
10
7.0595624409448821
20
-3.3911585433070863
11
7.065787244094488
21
-3.3911585433070863
0
LINE
8
BLACK
6
CONTINUOUS
10
7.065787244094488
20
-3.3911585433070863
11
7.0657873228346455
21
-3.3911585433070863
0
LINE
8
BLACK
6
CONTINUOUS
10
7.0657873228346455
20
-3.3911585433070863
11
7.0718001968503934
21
-3.3895474015748031
0
LINE
8
BLACK
6
CONTINUOUS
10
7.0718001968503934
20
-3.3895474015748031
11
7.0771912204724412
21
-3.3864349212598426
0
LINE
8
BLACK
6
CONTINUOUS
10
7.0771912204724412
20
-3.3864349212598426
11
7.0815929527559049
21
-3.3820331889763779
0
LINE
8
BLACK
6
CONTINUOUS
10
7.0815929527559049
20
-3.3820331889763779
11
7.0847054330708659
21
-3.3766421653543306
0
LINE
8
BLACK
6
CONTINUOUS
10
7.0847054330708659
20
-3.3766421653543306
11
7.0863165748031491
21
-3.3706292913385827
0
LINE
8
BLACK
6
CONTINUOUS
10
7.0863165748031491
20
-3.3706292913385827
11
7.0863165748031491
21
-3.3644043307086613
0
LINE
8
BLACK
6
CONTINUOUS
10
7.0863165748031491
20
-3.3644043307086613
11
7.0847054330708659
21
-3.3583914566929134
0
LINE
8
BLACK
6
CONTINUOUS
10
7.0847054330708659
20
-3.3583914566929134
11
7.0815929527559049
21
-3.353000433070866
0
LINE
8
BLACK
6
CONTINUOUS
10
7.0815929527559049
20
-3.353000433070866
11
7.0771912204724412
21
-3.3485987007874014
0
LINE
8
BLACK
6
CONTINUOUS
10
7.0771912204724412
20
-3.3485987007874014
11
7.0718001968503934
21
-3.3454862204724409
0
LINE
8
BLACK
6
CONTINUOUS
10
7.0718001968503934
20
-3.3454862204724409
11
7.0657873228346455
21
-3.3438750787401572
0
LINE
8
BLACK
6
CONTINUOUS
10
7.0657873228346455
20
-3.3438750787401572
11
7.0595623622047246
21
-3.3438750787401572
0
LINE
8
BLACK
6
CONTINUOUS
10
7.0595623622047246
20
-3.3438750787401572
11
7.0535494881889766
21
-3.3454862204724409
0
LINE
8
BLACK
6
CONTINUOUS
10
7.0535494881889766
20
-3.3454862204724409
11
7.0481583464566926
21
-3.3485987795275589
0
LINE
8
BLACK
6
CONTINUOUS
10
7.0481583464566926
20
-3.3485987795275589
11
7.0461496062992124
21
-3.3506075196850391
0
LINE
8
BLACK
6
CONTINUOUS
10
7.0461496062992124
20
-3.3506075196850391
11
7.0440032677165352
21
-3.3517011023622048
0
LINE
8
BLACK
6
CONTINUOUS
10
7.0440032677165352
20
-3.3517011023622048
11
7.0433935826771652
21
-3.3517490944881887
0
LINE
8
BLACK
6
CONTINUOUS
10
7.0433935826771652
20
-3.3517490944881887
11
6.5848206299212597
21
-3.3517490944881887
0
LINE
8
BLACK
6
CONTINUOUS
10
6.5848206299212597
20
-3.3517490944881887
11
6.5825296456692914
21
-3.3510047244094485
0
LINE
8
BLACK
6
CONTINUOUS
10
6.5825296456692914
20
-3.3510047244094485
11
6.5820645669291338
21
-3.3506075196850391
0
LINE
8
BLACK
6
CONTINUOUS
10
6.5820645669291338
20
-3.3506075196850391
11
6.5614581496062989
21
-3.3300011023622047
0
LINE
8
BLACK
6
CONTINUOUS
10
6.5614581496062989
20
-3.3300011023622047
11
6.5603645669291337
21
-3.3278547637795275
0
LINE
8
BLACK
6
CONTINUOUS
10
6.5603645669291337
20
-3.3278547637795275
11
6.5603165748031493
21
-3.3272450393700788
0
LINE
8
BLACK
6
CONTINUOUS
10
6.5603165748031493
20
-3.3272450393700788
11
6.5603165748031493
21
-3.3244042913385825
0
LINE
8
BLACK
6
CONTINUOUS
10
6.5603165748031493
20
-3.3244042913385825
11
6.5600451968503934
21
-3.3233914566929132
0
LINE
8
BLACK
6
CONTINUOUS
10
6.5600451968503934
20
-3.3233914566929132
11
6.5587054330708661
21
-3.3183913779527558
0
LINE
8
BLACK
6
CONTINUOUS
10
6.5587054330708661
20
-3.3183913779527558
11
6.5555929527559051
21
-3.3130003543307085
0
LINE
8
BLACK
6
CONTINUOUS
10
6.5555929527559051
20
-3.3130003543307085
11
6.5511912204724405
21
-3.3085986220472439
0
LINE
8
BLACK
6
CONTINUOUS
10
6.5511912204724405
20
-3.3085986220472439
11
6.5458001968503936
21
-3.3054861417322834
0
LINE
8
BLACK
6
CONTINUOUS
10
6.5458001968503936
20
-3.3054861417322834
11
6.5397873228346457
21
-3.3038750000000001
0
LINE
8
BLACK
6
CONTINUOUS
10
6.5397873228346457
20
-3.3038750000000001
11
6.5335623622047239
21
-3.3038750000000001
0
LINE
8
BLACK
6
CONTINUOUS
10
6.5335623622047239
20
-3.3038750000000001
11
6.527549488188976
21
-3.3054861417322834
0
LINE
8
BLACK
6
CONTINUOUS
10
6.527549488188976
20
-3.3054861417322834
11
6.522158464566929
21
-3.3085986220472439
0
LINE
8
BLACK
6
CONTINUOUS
10
6.522158464566929
20
-3.3085986220472439
11
6.5177567322834644
21
-3.3130003543307085
0
LINE
8
BLACK
6
CONTINUOUS
10
6.5177567322834644
20
-3.3130003543307085
11
6.5146442519685035
21
-3.3183913779527558
0
LINE
8
BLACK
6
CONTINUOUS
10
6.5146442519685035
20
-3.3183913779527558
11
6.5130331102362202
21
-3.3244042519685038
0
LINE
8
BLACK
6
CONTINUOUS
10
6.5130331102362202
20
-3.3244042519685038
11
6.5130331102362202
21
-3.3306292125984251
0
LINE
8
BLACK
6
CONTINUOUS
10
5.0011079133858267
20
-3.3427040944881887
11
5.00271905511811
21
-3.3487169685039371
0
LINE
8
BLACK
6
CONTINUOUS
10
5.00271905511811
20
-3.3487169685039371
11
5.0058315354330709
21
-3.354107992125984
0
LINE
8
BLACK
6
CONTINUOUS
10
5.0058315354330709
20
-3.354107992125984
11
5.0102332677165355
21
-3.3585097244094486
0
LINE
8
BLACK
6
CONTINUOUS
10
5.0102332677165355
20
-3.3585097244094486
11
5.0156242913385825
21
-3.3616222047244095
0
LINE
8
BLACK
6
CONTINUOUS
10
5.0156242913385825
20
-3.3616222047244095
11
5.0216371653543304
21
-3.3632333464566928
0
LINE
8
BLACK
6
CONTINUOUS
10
5.0216371653543304
20
-3.3632333464566928
11
5.0216372440944879
21
-3.3632333464566928
0
LINE
8
BLACK
6
CONTINUOUS
10
5.0216372440944879
20
-3.3632333464566928
11
5.0278620472440947
21
-3.3632333464566928
0
LINE
8
BLACK
6
CONTINUOUS
10
5.0278620472440947
20
-3.3632333464566928
11
5.0278621259842522
21
-3.3632333464566928
0
LINE
8
BLACK
6
CONTINUOUS
10
5.0278621259842522
20
-3.3632333464566928
11
5.0338750000000001
21
-3.3616222047244095
0
LINE
8
BLACK
6
CONTINUOUS
10
5.0338750000000001
20
-3.3616222047244095
11
5.039266023622047
21
-3.3585097244094486
0
LINE
8
BLACK
6
CONTINUOUS
10
5.039266023622047
20
-3.3585097244094486
11
5.0436677559055116
21
-3.354107992125984
0
LINE
8
BLACK
6
CONTINUOUS
10
5.0436677559055116
20
-3.354107992125984
11
5.0467802362204726
21
-3.3487169685039371
0
LINE
8
BLACK
6
CONTINUOUS
10
5.0467802362204726
20
-3.3487169685039371
11
5.0483913779527558
21
-3.3427040944881887
0
LINE
8
BLACK
6
CONTINUOUS
10
5.0483913779527558
20
-3.3427040944881887
11
5.0483913779527558
21
-3.3364791338582678
0
LINE
8
BLACK
6
CONTINUOUS
10
5.0483913779527558
20
-3.3364791338582678
11
5.0467802362204726
21
-3.3304662598425194
0
LINE
8
BLACK
6
CONTINUOUS
10
5.0467802362204726
20
-3.3304662598425194
11
5.0436677559055116
21
-3.3250752362204725
0
LINE
8
BLACK
6
CONTINUOUS
10
5.0436677559055116
20
-3.3250752362204725
11
5.039266023622047
21
-3.3206735039370079
0
LINE
8
BLACK
6
CONTINUOUS
10
5.039266023622047
20
-3.3206735039370079
11
5.0338750000000001
21
-3.317561023622047
0
LINE
8
BLACK
6
CONTINUOUS
10
5.0338750000000001
20
-3.317561023622047
11
5.0278621259842522
21
-3.3159498818897637
0
LINE
8
BLACK
6
CONTINUOUS
10
5.0278621259842522
20
-3.3159498818897637
11
5.0216371653543304
21
-3.3159498818897637
0
LINE
8
BLACK
6
CONTINUOUS
10
5.0216371653543304
20
-3.3159498818897637
11
5.0156242913385825
21
-3.317561023622047
0
LINE
8
BLACK
6
CONTINUOUS
10
5.0156242913385825
20
-3.317561023622047
11
5.0102332677165355
21
-3.3206735039370079
0
LINE
8
BLACK
6
CONTINUOUS
10
5.0102332677165355
20
-3.3206735039370079
11
5.0058315354330709
21
-3.3250752362204725
0
LINE
8
BLACK
6
CONTINUOUS
10
5.0058315354330709
20
-3.3250752362204725
11
5.00271905511811
21
-3.3304662598425194
0
LINE
8
BLACK
6
CONTINUOUS
10
5.00271905511811
20
-3.3304662598425194
11
5.0011079133858267
21
-3.3364791338582678
0
LINE
8
BLACK
6
CONTINUOUS
10
5.0011079133858267
20
-3.3364791338582678
11
5.0011079133858267
21
-3.3427040944881887
0
LINE
8
BLACK
6
CONTINUOUS
10
4.30503311023622
20
-3.3406292913385824
11
4.3066442519685042
21
-3.3466421653543308
0
LINE
8
BLACK
6
CONTINUOUS
10
4.3066442519685042
20
-3.3466421653543308
11
4.3097567322834642
21
-3.3520331889763777
0
LINE
8
BLACK
6
CONTINUOUS
10
4.3097567322834642
20
-3.3520331889763777
11
4.3141584645669289
21
-3.3564349212598423
0
LINE
8
BLACK
6
CONTINUOUS
10
4.3141584645669289
20
-3.3564349212598423
11
4.3195494881889767
21
-3.3595474015748032
0
LINE
8
BLACK
6
CONTINUOUS
10
4.3195494881889767
20
-3.3595474015748032
11
4.3255623622047246
21
-3.3611585433070865
0
LINE
8
BLACK
6
CONTINUOUS
10
4.3255623622047246
20
-3.3611585433070865
11
4.3255624409448821
21
-3.3611585433070865
0
LINE
8
BLACK
6
CONTINUOUS
10
4.3255624409448821
20
-3.3611585433070865
11
4.331787244094488
21
-3.3611585433070865
0
LINE
8
BLACK
6
CONTINUOUS
10
4.331787244094488
20
-3.3611585433070865
11
4.3317873228346455
21
-3.3611585433070865
0
LINE
8
BLACK
6
CONTINUOUS
10
4.3317873228346455
20
-3.3611585433070865
11
4.3378001968503934
21
-3.3595474015748032
0
LINE
8
BLACK
6
CONTINUOUS
10
4.3378001968503934
20
-3.3595474015748032
11
4.3431912204724412
21
-3.3564349212598423
0
LINE
8
BLACK
6
CONTINUOUS
10
4.3431912204724412
20
-3.3564349212598423
11
4.3475929527559058
21
-3.3520331889763777
0
LINE
8
BLACK
6
CONTINUOUS
10
4.3475929527559058
20
-3.3520331889763777
11
4.3507054330708659
21
-3.3466421653543308
0
LINE
8
BLACK
6
CONTINUOUS
10
4.3507054330708659
20
-3.3466421653543308
11
4.3523165748031492
21
-3.3406292913385824
0
LINE
8
BLACK
6
CONTINUOUS
10
4.3523165748031492
20
-3.3406292913385824
11
4.3523165748031492
21
-3.3344043307086615
0
LINE
8
BLACK
6
CONTINUOUS
10
4.3523165748031492
20
-3.3344043307086615
11
4.3509768503937005
21
-3.3294043307086612
0
LINE
8
BLACK
6
CONTINUOUS
10
4.3509768503937005
20
-3.3294043307086612
11
4.3507054330708659
21
-3.3283914566929131
0
LINE
8
BLACK
6
CONTINUOUS
10
4.3507054330708659
20
-3.3283914566929131
11
4.3475929527559058
21
-3.3230004330708662
0
LINE
8
BLACK
6
CONTINUOUS
10
4.3475929527559058
20
-3.3230004330708662
11
4.3431912204724412
21
-3.3185987007874016
0
LINE
8
BLACK
6
CONTINUOUS
10
4.3431912204724412
20
-3.3185987007874016
11
4.3378001968503934
21
-3.3154862204724407
0
LINE
8
BLACK
6
CONTINUOUS
10
4.3378001968503934
20
-3.3154862204724407
11
4.3317873228346455
21
-3.3138750787401574
0
LINE
8
BLACK
6
CONTINUOUS
10
4.3317873228346455
20
-3.3138750787401574
11
4.3255623622047246
21
-3.3138750787401574
0
LINE
8
BLACK
6
CONTINUOUS
10
4.3255623622047246
20
-3.3138750787401574
11
4.3195494881889767
21
-3.3154862204724407
0
LINE
8
BLACK
6
CONTINUOUS
10
4.3195494881889767
20
-3.3154862204724407
11
4.3141584645669289
21
-3.3185987007874016
0
LINE
8
BLACK
6
CONTINUOUS
10
4.3141584645669289
20
-3.3185987007874016
11
4.3097567322834642
21
-3.3230004330708662
0
LINE
8
BLACK
6
CONTINUOUS
10
4.3097567322834642
20
-3.3230004330708662
11
4.3066442519685042
21
-3.3283914566929131
0
LINE
8
BLACK
6
CONTINUOUS
10
4.3066442519685042
20
-3.3283914566929131
11
4.30503311023622
21
-3.3344043307086615
0
LINE
8
BLACK
6
CONTINUOUS
10
4.30503311023622
20
-3.3344043307086615
11
4.30503311023622
21
-3.3406292913385824
0
LINE
8
BLACK
6
CONTINUOUS
10
4.6250331102362203
20
-3.3356292913385825
11
4.6266442519685036
21
-3.3416421653543305
0
LINE
8
BLACK
6
CONTINUOUS
10
4.6266442519685036
20
-3.3416421653543305
11
4.6297567322834645
21
-3.3470331889763778
0
LINE
8
BLACK
6
CONTINUOUS
10
4.6297567322834645
20
-3.3470331889763778
11
4.6341584645669291
21
-3.3514349212598424
0
LINE
8
BLACK
6
CONTINUOUS
10
4.6341584645669291
20
-3.3514349212598424
11
4.6395494881889761
21
-3.3545474015748029
0
LINE
8
BLACK
6
CONTINUOUS
10
4.6395494881889761
20
-3.3545474015748029
11
4.645562362204724
21
-3.3561585433070866
0
LINE
8
BLACK
6
CONTINUOUS
10
4.645562362204724
20
-3.3561585433070866
11
4.6455624409448815
21
-3.3561585433070866
0
LINE
8
BLACK
6
CONTINUOUS
10
4.6455624409448815
20
-3.3561585433070866
11
4.6517872440944883
21
-3.3561585433070866
0
LINE
8
BLACK
6
CONTINUOUS
10
4.6517872440944883
20
-3.3561585433070866
11
4.6517873228346458
21
-3.3561585433070866
0
LINE
8
BLACK
6
CONTINUOUS
10
4.6517873228346458
20
-3.3561585433070866
11
4.6578001968503937
21
-3.3545474015748029
0
LINE
8
BLACK
6
CONTINUOUS
10
4.6578001968503937
20
-3.3545474015748029
11
4.6631912204724406
21
-3.3514349212598424
0
LINE
8
BLACK
6
CONTINUOUS
10
4.6631912204724406
20
-3.3514349212598424
11
4.6675929527559052
21
-3.3470331889763778
0
LINE
8
BLACK
6
CONTINUOUS
10
4.6675929527559052
20
-3.3470331889763778
11
4.6707054330708662
21
-3.3416421653543305
0
LINE
8
BLACK
6
CONTINUOUS
10
4.6707054330708662
20
-3.3416421653543305
11
4.672088858267716
21
-3.3364791338582678
0
LINE
8
BLACK
6
CONTINUOUS
10
4.672088858267716
20
-3.3364791338582678
11
4.6723165748031494
21
-3.3356292913385825
0
LINE
8
BLACK
6
CONTINUOUS
10
4.6723165748031494
20
-3.3356292913385825
11
4.6723165748031494
21
-3.3294043307086612
0
LINE
8
BLACK
6
CONTINUOUS
10
4.6723165748031494
20
-3.3294043307086612
11
4.6707054330708662
21
-3.3233914566929132
0
LINE
8
BLACK
6
CONTINUOUS
10
4.6707054330708662
20
-3.3233914566929132
11
4.6675929527559052
21
-3.3180004330708659
0
LINE
8
BLACK
6
CONTINUOUS
10
4.6675929527559052
20
-3.3180004330708659
11
4.6631912204724406
21
-3.3135987007874017
0
LINE
8
BLACK
6
CONTINUOUS
10
4.6631912204724406
20
-3.3135987007874017
11
4.6578001968503937
21
-3.3104862204724408
0
LINE
8
BLACK
6
CONTINUOUS
10
4.6578001968503937
20
-3.3104862204724408
11
4.6574945669291337
21
-3.3104043307086615
0
LINE
8
BLACK
6
CONTINUOUS
10
4.6574945669291337
20
-3.3104043307086615
11
4.6517873228346458
21
-3.3088750787401575
0
LINE
8
BLACK
6
CONTINUOUS
10
4.6517873228346458
20
-3.3088750787401575
11
4.645562362204724
21
-3.3088750787401575
0
LINE
8
BLACK
6
CONTINUOUS
10
4.645562362204724
20
-3.3088750787401575
11
4.6395494881889761
21
-3.3104862204724408
0
LINE
8
BLACK
6
CONTINUOUS
10
4.6395494881889761
20
-3.3104862204724408
11
4.6341584645669291
21
-3.3135987007874017
0
LINE
8
BLACK
6
CONTINUOUS
10
4.6341584645669291
20
-3.3135987007874017
11
4.6297567322834645
21
-3.3180004330708659
0
LINE
8
BLACK
6
CONTINUOUS
10
4.6297567322834645
20
-3.3180004330708659
11
4.6266442519685036
21
-3.3233914566929132
0
LINE
8
BLACK
6
CONTINUOUS
10
4.6266442519685036
20
-3.3233914566929132
11
4.6250331102362203
21
-3.3294043307086612
0
LINE
8
BLACK
6
CONTINUOUS
10
4.6250331102362203
20
-3.3294043307086612
11
4.6250331102362203
21
-3.3356292913385825
0
LINE
8
BLACK
6
CONTINUOUS
10
7.3295494881889764
20
-3.2014862204724408
11
7.3241584645669287
21
-3.2045987007874017
0
LINE
8
BLACK
6
CONTINUOUS
10
7.3241584645669287
20
-3.2045987007874017
11
7.319756732283464
21
-3.2090004330708659
0
LINE
8
BLACK
6
CONTINUOUS
10
7.319756732283464
20
-3.2090004330708659
11
7.316644251968504
21
-3.2143914566929133
0
LINE
8
BLACK
6
CONTINUOUS
10
7.316644251968504
20
-3.2143914566929133
11
7.3150331102362207
21
-3.2204043307086612
0
LINE
8
BLACK
6
CONTINUOUS
10
7.3150331102362207
20
-3.2204043307086612
11
7.3150331102362207
21
-3.2266292913385826
0
LINE
8
BLACK
6
CONTINUOUS
10
7.3150331102362207
20
-3.2266292913385826
11
7.316644251968504
21
-3.2326421653543305
0
LINE
8
BLACK
6
CONTINUOUS
10
7.316644251968504
20
-3.2326421653543305
11
7.319756732283464
21
-3.2380331889763778
0
LINE
8
BLACK
6
CONTINUOUS
10
7.319756732283464
20
-3.2380331889763778
11
7.3241584645669287
21
-3.2424349212598425
0
LINE
8
BLACK
6
CONTINUOUS
10
7.3241584645669287
20
-3.2424349212598425
11
7.3278586220472439
21
-3.2445711811023621
0
LINE
8
BLACK
6
CONTINUOUS
10
7.3278586220472439
20
-3.2445711811023621
11
7.3294704724409447
21
-3.2463612992125985
0
LINE
8
BLACK
6
CONTINUOUS
10
7.3294704724409447
20
-3.2463612992125985
11
7.3297222834645668
21
-3.2487569685039368
0
LINE
8
BLACK
6
CONTINUOUS
10
7.3297222834645668
20
-3.2487569685039368
11
7.3285178346456687
21
-3.2508431102362203
0
LINE
8
BLACK
6
CONTINUOUS
10
7.3285178346456687
20
-3.2508431102362203
11
7.3277521259842517
21
-3.2513262992125984
0
LINE
8
BLACK
6
CONTINUOUS
10
7.3277521259842517
20
-3.2513262992125984
11
7.3277707480314955
21
-3.2513585039370079
0
LINE
8
BLACK
6
CONTINUOUS
10
7.3277707480314955
20
-3.2513585039370079
11
7.3275495669291333
21
-3.2514861811023623
0
LINE
8
BLACK
6
CONTINUOUS
10
7.3275495669291333
20
-3.2514861811023623
11
7.3275494881889758
21
-3.2514862204724411
0
LINE
8
BLACK
6
CONTINUOUS
10
7.3275494881889758
20
-3.2514862204724411
11
7.3221584645669289
21
-3.2545987007874015
0
LINE
8
BLACK
6
CONTINUOUS
10
7.3221584645669289
20
-3.2545987007874015
11
7.3177567322834642
21
-3.2590004330708662
0
LINE
8
BLACK
6
CONTINUOUS
10
7.3177567322834642
20
-3.2590004330708662
11
7.3146442519685042
21
-3.2643914566929135
0
LINE
8
BLACK
6
CONTINUOUS
10
7.3146442519685042
20
-3.2643914566929135
11
7.31303311023622
21
-3.2704043307086614
0
LINE
8
BLACK
6
CONTINUOUS
10
7.31303311023622
20
-3.2704043307086614
11
7.31303311023622
21
-3.2766292913385824
0
LINE
8
BLACK
6
CONTINUOUS
10
7.31303311023622
20
-3.2766292913385824
11
7.3146442519685042
21
-3.2826421653543307
0
LINE
8
BLACK
6
CONTINUOUS
10
7.3146442519685042
20
-3.2826421653543307
11
7.3177567322834642
21
-3.2880331889763781
0
LINE
8
BLACK
6
CONTINUOUS
10
7.3177567322834642
20
-3.2880331889763781
11
7.3221584645669289
21
-3.2924349212598423
0
LINE
8
BLACK
6
CONTINUOUS
10
7.3221584645669289
20
-3.2924349212598423
11
7.3275494881889758
21
-3.2955474015748032
0
LINE
8
BLACK
6
CONTINUOUS
10
7.3275494881889758
20
-3.2955474015748032
11
7.3335623622047246
21
-3.2971585433070865
0
LINE
8
BLACK
6
CONTINUOUS
10
7.3335623622047246
20
-3.2971585433070865
11
7.3335624409448821
21
-3.2971585433070865
0
LINE
8
BLACK
6
CONTINUOUS
10
7.3335624409448821
20
-3.2971585433070865
11
7.339787244094488
21
-3.2971585433070865
0
LINE
8
BLACK
6
CONTINUOUS
10
7.339787244094488
20
-3.2971585433070865
11
7.3397873228346455
21
-3.2971585433070865
0
LINE
8
BLACK
6
CONTINUOUS
10
7.3397873228346455
20
-3.2971585433070865
11
7.3458001968503934
21
-3.2955474015748032
0
LINE
8
BLACK
6
CONTINUOUS
10
7.3458001968503934
20
-3.2955474015748032
11
7.3511912204724403
21
-3.2924349212598423
0
LINE
8
BLACK
6
CONTINUOUS
10
7.3511912204724403
20
-3.2924349212598423
11
7.355592952755905
21
-3.2880331889763781
0
LINE
8
BLACK
6
CONTINUOUS
10
7.355592952755905
20
-3.2880331889763781
11
7.3587054330708659
21
-3.2826421653543307
0
LINE
8
BLACK
6
CONTINUOUS
10
7.3587054330708659
20
-3.2826421653543307
11
7.3603165748031492
21
-3.2766292913385824
0
LINE
8
BLACK
6
CONTINUOUS
10
7.3603165748031492
20
-3.2766292913385824
11
7.3603165748031492
21
-3.2704043307086614
0
LINE
8
BLACK
6
CONTINUOUS
10
7.3603165748031492
20
-3.2704043307086614
11
7.3587054330708659
21
-3.2643914566929135
0
LINE
8
BLACK
6
CONTINUOUS
10
7.3587054330708659
20
-3.2643914566929135
11
7.355592952755905
21
-3.2590004330708662
0
LINE
8
BLACK
6
CONTINUOUS
10
7.355592952755905
20
-3.2590004330708662
11
7.3511912204724403
21
-3.2545987007874015
0
LINE
8
BLACK
6
CONTINUOUS
10
7.3511912204724403
20
-3.2545987007874015
11
7.3474909448818897
21
-3.2524623622047244
0
LINE
8
BLACK
6
CONTINUOUS
10
7.3474909448818897
20
-3.2524623622047244
11
7.3458791732283464
21
-3.2506722834645667
0
LINE
8
BLACK
6
CONTINUOUS
10
7.3458791732283464
20
-3.2506722834645667
11
7.3456273622047243
21
-3.2482766141732284
0
LINE
8
BLACK
6
CONTINUOUS
10
7.3456273622047243
20
-3.2482766141732284
11
7.3468318110236215
21
-3.2461904724409449
0
LINE
8
BLACK
6
CONTINUOUS
10
7.3468318110236215
20
-3.2461904724409449
11
7.3475975984251969
21
-3.2457074409448818
0
LINE
8
BLACK
6
CONTINUOUS
10
7.3475975984251969
20
-3.2457074409448818
11
7.3475789370078735
21
-3.2456751181102361
0
LINE
8
BLACK
6
CONTINUOUS
10
7.3475789370078735
20
-3.2456751181102361
11
7.3478000787401569
21
-3.2455474015748029
0
LINE
8
BLACK
6
CONTINUOUS
10
7.3478000787401569
20
-3.2455474015748029
11
7.3478001968503932
21
-3.2455474015748029
0
LINE
8
BLACK
6
CONTINUOUS
10
7.3478001968503932
20
-3.2455474015748029
11
7.353191220472441
21
-3.2424349212598425
0
LINE
8
BLACK
6
CONTINUOUS
10
7.353191220472441
20
-3.2424349212598425
11
7.3575929527559056
21
-3.2380331889763778
0
LINE
8
BLACK
6
CONTINUOUS
10
7.3575929527559056
20
-3.2380331889763778
11
7.3607054330708657
21
-3.2326421653543305
0
LINE
8
BLACK
6
CONTINUOUS
10
7.3607054330708657
20
-3.2326421653543305
11
7.3623165748031498
21
-3.2266292913385826
0
LINE
8
BLACK
6
CONTINUOUS
10
7.3623165748031498
20
-3.2266292913385826
11
7.3623165748031498
21
-3.2204043307086612
0
LINE
8
BLACK
6
CONTINUOUS
10
7.3623165748031498
20
-3.2204043307086612
11
7.3607054330708657
21
-3.2143914566929133
0
LINE
8
BLACK
6
CONTINUOUS
10
7.3607054330708657
20
-3.2143914566929133
11
7.3575929527559056
21
-3.2090004330708659
0
LINE
8
BLACK
6
CONTINUOUS
10
7.3575929527559056
20
-3.2090004330708659
11
7.353191220472441
21
-3.2045987007874017
0
LINE
8
BLACK
6
CONTINUOUS
10
7.353191220472441
20
-3.2045987007874017
11
7.3478001968503932
21
-3.2014862204724408
0
LINE
8
BLACK
6
CONTINUOUS
10
7.3478001968503932
20
-3.2014862204724408
11
7.3417873228346453
21
-3.1998750787401575
0
LINE
8
BLACK
6
CONTINUOUS
10
7.3417873228346453
20
-3.1998750787401575
11
7.3355623622047244
21
-3.1998750787401575
0
LINE
8
BLACK
6
CONTINUOUS
10
7.3355623622047244
20
-3.1998750787401575
11
7.3295494881889764
21
-3.2014862204724408
0
LINE
8
BLACK
6
CONTINUOUS
10
6.1143027952755906
20
-3.0335335826771654
11
6.1074925590551183
21
-3.0363544881889761
0
LINE
8
BLACK
6
CONTINUOUS
10
6.1074925590551183
20
-3.0363544881889761
11
6.1074922047244096
21
-3.0363546456692911
0
LINE
8
BLACK
6
CONTINUOUS
10
6.1074922047244096
20
-3.0363546456692911
11
6.1013635039370078
21
-3.0404498031496061
0
LINE
8
BLACK
6
CONTINUOUS
10
6.1013635039370078
20
-3.0404498031496061
11
6.1013633464566928
21
-3.0404499212598424
0
LINE
8
BLACK
6
CONTINUOUS
10
6.1013633464566928
20
-3.0404499212598424
11
6.0961512598425198
21
-3.0456620078740158
0
LINE
8
BLACK
6
CONTINUOUS
10
6.0961512598425198
20
-3.0456620078740158
11
6.0961511417322836
21
-3.0456621653543308
0
LINE
8
BLACK
6
CONTINUOUS
10
6.0961511417322836
20
-3.0456621653543308
11
6.0920559842519681
21
-3.0517908661417321
0
LINE
8
BLACK
6
CONTINUOUS
10
6.0920559842519681
20
-3.0517908661417321
11
6.0920558267716531
21
-3.0517912204724409
0
LINE
8
BLACK
6
CONTINUOUS
10
6.0920558267716531
20
-3.0517912204724409
11
6.089234921259842
21
-3.0586014566929132
0
LINE
8
BLACK
6
CONTINUOUS
10
6.089234921259842
20
-3.0586014566929132
11
6.0877968897637791
21
-3.0658310236220472
0
LINE
8
BLACK
6
CONTINUOUS
10
6.0877968897637791
20
-3.0658310236220472
11
6.0877968897637791
21
-3.073202559055118
0
LINE
8
BLACK
6
CONTINUOUS
10
6.0877968897637791
20
-3.073202559055118
11
6.089234921259842
21
-3.080432125984252
0
LINE
8
BLACK
6
CONTINUOUS
10
6.089234921259842
20
-3.080432125984252
11
6.0920558267716531
21
-3.0872423622047243
0
LINE
8
BLACK
6
CONTINUOUS
10
6.0920558267716531
20
-3.0872423622047243
11
6.0920559842519681
21
-3.087242716535433
0
LINE
8
BLACK
6
CONTINUOUS
10
6.0920559842519681
20
-3.087242716535433
11
6.0949844881889765
21
-3.0916254330708659
0
LINE
8
BLACK
6
CONTINUOUS
10
6.0949844881889765
20
-3.0916254330708659
11
6.0961511417322836
21
-3.0933714566929131
0
LINE
8
BLACK
6
CONTINUOUS
10
6.0961511417322836
20
-3.0933714566929131
11
6.1013635039370078
21
-3.0985838188976378
0
LINE
8
BLACK
6
CONTINUOUS
10
6.1013635039370078
20
-3.0985838188976378
11
6.1039765354330706
21
-3.1003297637795275
0
LINE
8
BLACK
6
CONTINUOUS
10
6.1039765354330706
20
-3.1003297637795275
11
6.1074922047244096
21
-3.102678937007874
0
LINE
8
BLACK
6
CONTINUOUS
10
6.1074922047244096
20
-3.102678937007874
11
6.1074924409448821
21
-3.1026790157480315
0
LINE
8
BLACK
6
CONTINUOUS
10
6.1074924409448821
20
-3.1026790157480315
11
6.1074925196850396
21
-3.102679094488189
0
LINE
8
BLACK
6
CONTINUOUS
10
6.1074925196850396
20
-3.102679094488189
11
6.1143027559055119
21
-3.1055000000000001
0
LINE
8
BLACK
6
CONTINUOUS
10
6.1143027559055119
20
-3.1055000000000001
11
6.1215324803149604
21
-3.1069380708661418
0
LINE
8
BLACK
6
CONTINUOUS
10
6.1215324803149604
20
-3.1069380708661418
11
6.1215325196850392
21
-3.1069380708661418
0
LINE
8
BLACK
6
CONTINUOUS
10
6.1215325196850392
20
-3.1069380708661418
11
6.1289037795275592
21
-3.1069380708661418
0
LINE
8
BLACK
6
CONTINUOUS
10
6.1289037795275592
20
-3.1069380708661418
11
6.1289038188976379
21
-3.1069380708661418
0
LINE
8
BLACK
6
CONTINUOUS
10
6.1289038188976379
20
-3.1069380708661418
11
6.1361335433070865
21
-3.1055000000000001
0
LINE
8
BLACK
6
CONTINUOUS
10
6.1361335433070865
20
-3.1055000000000001
11
6.1429437795275588
21
-3.102679094488189
0
LINE
8
BLACK
6
CONTINUOUS
10
6.1429437795275588
20
-3.102679094488189
11
6.142943897637795
21
-3.1026789763779528
0
LINE
8
BLACK
6
CONTINUOUS
10
6.142943897637795
20
-3.1026789763779528
11
6.14294405511811
21
-3.102678937007874
0
LINE
8
BLACK
6
CONTINUOUS
10
6.14294405511811
20
-3.102678937007874
11
6.1447137007874018
21
-3.1014964173228345
0
LINE
8
BLACK
6
CONTINUOUS
10
6.1447137007874018
20
-3.1014964173228345
11
6.1490727952755906
21
-3.0985838188976378
0
LINE
8
BLACK
6
CONTINUOUS
10
6.1490727952755906
20
-3.0985838188976378
11
6.1542851574803148
21
-3.0933714566929131
0
LINE
8
BLACK
6
CONTINUOUS
10
6.1542851574803148
20
-3.0933714566929131
11
6.1571977559055115
21
-3.0890123622047243
0
LINE
8
BLACK
6
CONTINUOUS
10
6.1571977559055115
20
-3.0890123622047243
11
6.1583802755905515
21
-3.087242716535433
0
LINE
8
BLACK
6
CONTINUOUS
10
6.1583802755905515
20
-3.087242716535433
11
6.1583803149606302
21
-3.087242559055118
0
LINE
8
BLACK
6
CONTINUOUS
10
6.1583803149606302
20
-3.087242559055118
11
6.1583804330708656
21
-3.0872424409448818
0
LINE
8
BLACK
6
CONTINUOUS
10
6.1583804330708656
20
-3.0872424409448818
11
6.1612013385826767
21
-3.0804322047244095
0
LINE
8
BLACK
6
CONTINUOUS
10
6.1612013385826767
20
-3.0804322047244095
11
6.1626394094488184
21
-3.0732024803149605
0
LINE
8
BLACK
6
CONTINUOUS
10
6.1626394094488184
20
-3.0732024803149605
11
6.1626394094488184
21
-3.0658311417322834
0
LINE
8
BLACK
6
CONTINUOUS
10
6.1626394094488184
20
-3.0658311417322834
11
6.1626393700787396
21
-3.0658310236220472
0
LINE
8
BLACK
6
CONTINUOUS
10
6.1626393700787396
20
-3.0658310236220472
11
6.1612013385826767
21
-3.0586014173228344
0
LINE
8
BLACK
6
CONTINUOUS
10
6.1612013385826767
20
-3.0586014173228344
11
6.1583804330708656
21
-3.0517911811023621
0
LINE
8
BLACK
6
CONTINUOUS
10
6.1583804330708656
20
-3.0517911811023621
11
6.158380354330709
21
-3.0517911023622046
0
LINE
8
BLACK
6
CONTINUOUS
10
6.158380354330709
20
-3.0517911023622046
11
6.1583802755905515
21
-3.0517908661417321
0
LINE
8
BLACK
6
CONTINUOUS
10
6.1583802755905515
20
-3.0517908661417321
11
6.1560311023622045
21
-3.0482751968503936
0
LINE
8
BLACK
6
CONTINUOUS
10
6.1560311023622045
20
-3.0482751968503936
11
6.1542851574803148
21
-3.0456621653543308
0
LINE
8
BLACK
6
CONTINUOUS
10
6.1542851574803148
20
-3.0456621653543308
11
6.1490727952755906
21
-3.0404498031496061
0
LINE
8
BLACK
6
CONTINUOUS
10
6.1490727952755906
20
-3.0404498031496061
11
6.1473267716535434
21
-3.0392831496062991
0
LINE
8
BLACK
6
CONTINUOUS
10
6.1473267716535434
20
-3.0392831496062991
11
6.14294405511811
21
-3.0363546456692911
0
LINE
8
BLACK
6
CONTINUOUS
10
6.14294405511811
20
-3.0363546456692911
11
6.1429437007874013
21
-3.0363544881889761
0
LINE
8
BLACK
6
CONTINUOUS
10
6.1429437007874013
20
-3.0363544881889761
11
6.136133464566929
21
-3.0335335826771654
0
LINE
8
BLACK
6
CONTINUOUS
10
6.136133464566929
20
-3.0335335826771654
11
6.1289038976377954
21
-3.0320955511811021
0
LINE
8
BLACK
6
CONTINUOUS
10
6.1289038976377954
20
-3.0320955511811021
11
6.1289038188976379
21
-3.0320955511811021
0
LINE
8
BLACK
6
CONTINUOUS
10
6.1289038188976379
20
-3.0320955511811021
11
6.1215324803149604
21
-3.0320955511811021
0
LINE
8
BLACK
6
CONTINUOUS
10
6.1215324803149604
20
-3.0320955511811021
11
6.1215323622047242
21
-3.0320955511811021
0
LINE
8
BLACK
6
CONTINUOUS
10
6.1215323622047242
20
-3.0320955511811021
11
6.1143027952755906
21
-3.0335335826771654
0
LINE
8
BLACK
6
CONTINUOUS
10
6.2799228740157478
20
-3.073202559055118
11
6.2813609055118107
21
-3.080432125984252
0
LINE
8
BLACK
6
CONTINUOUS
10
6.2813609055118107
20
-3.080432125984252
11
6.2841818110236218
21
-3.0872423622047243
0
LINE
8
BLACK
6
CONTINUOUS
10
6.2841818110236218
20
-3.0872423622047243
11
6.2841819685039368
21
-3.087242716535433
0
LINE
8
BLACK
6
CONTINUOUS
10
6.2841819685039368
20
-3.087242716535433
11
6.2871104724409443
21
-3.0916254330708659
0
LINE
8
BLACK
6
CONTINUOUS
10
6.2871104724409443
20
-3.0916254330708659
11
6.2882771259842523
21
-3.0933714566929131
0
LINE
8
BLACK
6
CONTINUOUS
10
6.2882771259842523
20
-3.0933714566929131
11
6.2934894881889765
21
-3.0985838188976378
0
LINE
8
BLACK
6
CONTINUOUS
10
6.2934894881889765
20
-3.0985838188976378
11
6.2961025196850393
21
-3.1003297637795275
0
LINE
8
BLACK
6
CONTINUOUS
10
6.2961025196850393
20
-3.1003297637795275
11
6.2996181889763774
21
-3.102678937007874
0
LINE
8
BLACK
6
CONTINUOUS
10
6.2996181889763774
20
-3.102678937007874
11
6.2996184251968499
21
-3.1026790157480315
0
LINE
8
BLACK
6
CONTINUOUS
10
6.2996184251968499
20
-3.1026790157480315
11
6.2996185039370074
21
-3.102679094488189
0
LINE
8
BLACK
6
CONTINUOUS
10
6.2996185039370074
20
-3.102679094488189
11
6.3064287401574806
21
-3.1055000000000001
0
LINE
8
BLACK
6
CONTINUOUS
10
6.3064287401574806
20
-3.1055000000000001
11
6.3136584645669291
21
-3.1069380708661418
0
LINE
8
BLACK
6
CONTINUOUS
10
6.3136584645669291
20
-3.1069380708661418
11
6.3136585039370079
21
-3.1069380708661418
0
LINE
8
BLACK
6
CONTINUOUS
10
6.3136585039370079
20
-3.1069380708661418
11
6.3210297637795279
21
-3.1069380708661418
0
LINE
8
BLACK
6
CONTINUOUS
10
6.3210297637795279
20
-3.1069380708661418
11
6.3210298031496057
21
-3.1069380708661418
0
LINE
8
BLACK
6
CONTINUOUS
10
6.3210298031496057
20
-3.1069380708661418
11
6.3282595275590552
21
-3.1055000000000001
0
LINE
8
BLACK
6
CONTINUOUS
10
6.3282595275590552
20
-3.1055000000000001
11
6.3350697637795275
21
-3.102679094488189
0
LINE
8
BLACK
6
CONTINUOUS
10
6.3350697637795275
20
-3.102679094488189
11
6.3350698818897637
21
-3.1026789763779528
0
LINE
8
BLACK
6
CONTINUOUS
10
6.3350698818897637
20
-3.1026789763779528
11
6.3350700393700787
21
-3.102678937007874
0
LINE
8
BLACK
6
CONTINUOUS
10
6.3350700393700787
20
-3.102678937007874
11
6.3368396850393696
21
-3.1014964173228345
0
LINE
8
BLACK
6
CONTINUOUS
10
6.3368396850393696
20
-3.1014964173228345
11
6.3411987795275593
21
-3.0985838188976378
0
LINE
8
BLACK
6
CONTINUOUS
10
6.3411987795275593
20
-3.0985838188976378
11
6.3464111417322835
21
-3.0933714566929131
0
LINE
8
BLACK
6
CONTINUOUS
10
6.3464111417322835
20
-3.0933714566929131
11
6.3493237401574802
21
-3.0890123622047243
0
LINE
8
BLACK
6
CONTINUOUS
10
6.3493237401574802
20
-3.0890123622047243
11
6.3505062598425193
21
-3.087242716535433
0
LINE
8
BLACK
6
CONTINUOUS
10
6.3505062598425193
20
-3.087242716535433
11
6.350506299212598
21
-3.087242559055118
0
LINE
8
BLACK
6
CONTINUOUS
10
6.350506299212598
20
-3.087242559055118
11
6.3505064173228343
21
-3.0872424409448818
0
LINE
8
BLACK
6
CONTINUOUS
10
6.3505064173228343
20
-3.0872424409448818
11
6.3533273228346454
21
-3.0804322047244095
0
LINE
8
BLACK
6
CONTINUOUS
10
6.3533273228346454
20
-3.0804322047244095
11
6.3547653937007871
21
-3.0732024803149605
0
LINE
8
BLACK
6
CONTINUOUS
10
6.3547653937007871
20
-3.0732024803149605
11
6.3547653937007871
21
-3.0658311417322834
0
LINE
8
BLACK
6
CONTINUOUS
10
6.3547653937007871
20
-3.0658311417322834
11
6.3533273228346454
21
-3.0586014173228344
0
LINE
8
BLACK
6
CONTINUOUS
10
6.3533273228346454
20
-3.0586014173228344
11
6.3505064173228343
21
-3.0517911811023621
0
LINE
8
BLACK
6
CONTINUOUS
10
6.3505064173228343
20
-3.0517911811023621
11
6.3505063385826768
21
-3.0517911023622046
0
LINE
8
BLACK
6
CONTINUOUS
10
6.3505063385826768
20
-3.0517911023622046
11
6.3505062598425193
21
-3.0517908661417321
0
LINE
8
BLACK
6
CONTINUOUS
10
6.3505062598425193
20
-3.0517908661417321
11
6.3481570866141732
21
-3.0482751968503936
0
LINE
8
BLACK
6
CONTINUOUS
10
6.3481570866141732
20
-3.0482751968503936
11
6.3464111417322835
21
-3.0456621653543308
0
LINE
8
BLACK
6
CONTINUOUS
10
6.3464111417322835
20
-3.0456621653543308
11
6.3411987795275593
21
-3.0404498031496061
0
LINE
8
BLACK
6
CONTINUOUS
10
6.3411987795275593
20
-3.0404498031496061
11
6.339452755905512
21
-3.0392831496062991
0
LINE
8
BLACK
6
CONTINUOUS
10
6.339452755905512
20
-3.0392831496062991
11
6.3350700393700787
21
-3.0363546456692911
0
LINE
8
BLACK
6
CONTINUOUS
10
6.3350700393700787
20
-3.0363546456692911
11
6.33506968503937
21
-3.0363544881889761
0
LINE
8
BLACK
6
CONTINUOUS
10
6.33506968503937
20
-3.0363544881889761
11
6.3282594488188977
21
-3.0335335826771654
0
LINE
8
BLACK
6
CONTINUOUS
10
6.3282594488188977
20
-3.0335335826771654
11
6.3210298818897632
21
-3.0320955511811021
0
LINE
8
BLACK
6
CONTINUOUS
10
6.3210298818897632
20
-3.0320955511811021
11
6.3210298031496057
21
-3.0320955511811021
0
LINE
8
BLACK
6
CONTINUOUS
10
6.3210298031496057
20
-3.0320955511811021
11
6.3136584645669291
21
-3.0320955511811021
0
LINE
8
BLACK
6
CONTINUOUS
10
6.3136584645669291
20
-3.0320955511811021
11
6.3136583464566929
21
-3.0320955511811021
0
LINE
8
BLACK
6
CONTINUOUS
10
6.3136583464566929
20
-3.0320955511811021
11
6.3064287795275593
21
-3.0335335826771654
0
LINE
8
BLACK
6
CONTINUOUS
10
6.3064287795275593
20
-3.0335335826771654
11
6.2996185433070861
21
-3.0363544881889761
0
LINE
8
BLACK
6
CONTINUOUS
10
6.2996185433070861
20
-3.0363544881889761
11
6.2996181889763774
21
-3.0363546456692911
0
LINE
8
BLACK
6
CONTINUOUS
10
6.2996181889763774
20
-3.0363546456692911
11
6.2934894881889765
21
-3.0404498031496061
0
LINE
8
BLACK
6
CONTINUOUS
10
6.2934894881889765
20
-3.0404498031496061
11
6.2934893307086615
21
-3.0404499212598424
0
LINE
8
BLACK
6
CONTINUOUS
10
6.2934893307086615
20
-3.0404499212598424
11
6.2882772440944876
21
-3.0456620078740158
0
LINE
8
BLACK
6
CONTINUOUS
10
6.2882772440944876
20
-3.0456620078740158
11
6.2882771259842523
21
-3.0456621653543308
0
LINE
8
BLACK
6
CONTINUOUS
10
6.2882771259842523
20
-3.0456621653543308
11
6.2841819685039368
21
-3.0517908661417321
0
LINE
8
BLACK
6
CONTINUOUS
10
6.2841819685039368
20
-3.0517908661417321
11
6.2841818110236218
21
-3.0517912204724409
0
LINE
8
BLACK
6
CONTINUOUS
10
6.2841818110236218
20
-3.0517912204724409
11
6.2813609055118107
21
-3.0586014566929132
0
LINE
8
BLACK
6
CONTINUOUS
10
6.2813609055118107
20
-3.0586014566929132
11
6.2799228740157478
21
-3.0658310236220472
0
LINE
8
BLACK
6
CONTINUOUS
10
6.2799228740157478
20
-3.0658310236220472
11
6.2799228740157478
21
-3.073202559055118
0
LINE
8
BLACK
6
CONTINUOUS
10
6.6055494881889762
20
-2.9674862204724408
11
6.6001584645669293
21
-2.9705987007874013
0
LINE
8
BLACK
6
CONTINUOUS
10
6.6001584645669293
20
-2.9705987007874013
11
6.5957567322834647
21
-2.9750004330708659
0
LINE
8
BLACK
6
CONTINUOUS
10
6.5957567322834647
20
-2.9750004330708659
11
6.5926442519685038
21
-2.9803914566929133
0
LINE
8
BLACK
6
CONTINUOUS
10
6.5926442519685038
20
-2.9803914566929133
11
6.5910331102362205
21
-2.9864043307086612
0
LINE
8
BLACK
6
CONTINUOUS
10
6.5910331102362205
20
-2.9864043307086612
11
6.5910331102362205
21
-2.9926292913385826
0
LINE
8
BLACK
6
CONTINUOUS
10
6.5910331102362205
20
-2.9926292913385826
11
6.5926442519685038
21
-2.9986421653543305
0
LINE
8
BLACK
6
CONTINUOUS
10
6.5926442519685038
20
-2.9986421653543305
11
6.5957567322834647
21
-3.0040331889763778
0
LINE
8
BLACK
6
CONTINUOUS
10
6.5957567322834647
20
-3.0040331889763778
11
6.6001584645669293
21
-3.0084349212598425
0
LINE
8
BLACK
6
CONTINUOUS
10
6.6001584645669293
20
-3.0084349212598425
11
6.6055494881889762
21
-3.0115474015748029
0
LINE
8
BLACK
6
CONTINUOUS
10
6.6055494881889762
20
-3.0115474015748029
11
6.6115623622047242
21
-3.0131585433070867
0
LINE
8
BLACK
6
CONTINUOUS
10
6.6115623622047242
20
-3.0131585433070867
11
6.6115624409448817
21
-3.0131585433070867
0
LINE
8
BLACK
6
CONTINUOUS
10
6.6115624409448817
20
-3.0131585433070867
11
6.6177872440944876
21
-3.0131585433070867
0
LINE
8
BLACK
6
CONTINUOUS
10
6.6177872440944876
20
-3.0131585433070867
11
6.6177873228346451
21
-3.0131585433070867
0
LINE
8
BLACK
6
CONTINUOUS
10
6.6177873228346451
20
-3.0131585433070867
11
6.6238001968503939
21
-3.0115474015748029
0
LINE
8
BLACK
6
CONTINUOUS
10
6.6238001968503939
20
-3.0115474015748029
11
6.6291912204724408
21
-3.0084349212598425
0
LINE
8
BLACK
6
CONTINUOUS
10
6.6291912204724408
20
-3.0084349212598425
11
6.6335929527559054
21
-3.0040331889763778
0
LINE
8
BLACK
6
CONTINUOUS
10
6.6335929527559054
20
-3.0040331889763778
11
6.6367054330708664
21
-2.9986421653543305
0
LINE
8
BLACK
6
CONTINUOUS
10
6.6367054330708664
20
-2.9986421653543305
11
6.6383165748031496
21
-2.9926292913385826
0
LINE
8
BLACK
6
CONTINUOUS
10
6.6383165748031496
20
-2.9926292913385826
11
6.6383165748031496
21
-2.9864043307086612
0
LINE
8
BLACK
6
CONTINUOUS
10
6.6383165748031496
20
-2.9864043307086612
11
6.6367054330708664
21
-2.9803914566929133
0
LINE
8
BLACK
6
CONTINUOUS
10
6.6367054330708664
20
-2.9803914566929133
11
6.6335929527559054
21
-2.9750004330708659
0
LINE
8
BLACK
6
CONTINUOUS
10
6.6335929527559054
20
-2.9750004330708659
11
6.6291912204724408
21
-2.9705987007874013
0
LINE
8
BLACK
6
CONTINUOUS
10
6.6291912204724408
20
-2.9705987007874013
11
6.6238001968503939
21
-2.9674862204724408
0
LINE
8
BLACK
6
CONTINUOUS
10
6.6238001968503939
20
-2.9674862204724408
11
6.6177873228346451
21
-2.9658750787401575
0
LINE
8
BLACK
6
CONTINUOUS
10
6.6177873228346451
20
-2.9658750787401575
11
6.6115623622047242
21
-2.9658750787401575
0
LINE
8
BLACK
6
CONTINUOUS
10
6.6115623622047242
20
-2.9658750787401575
11
6.6055494881889762
21
-2.9674862204724408
0
LINE
8
BLACK
6
CONTINUOUS
10
3.449176496062992
20
-4.6676743307086612
11
3.4552373228346456
21
-4.6701848031496063
0
LINE
8
BLACK
6
CONTINUOUS
10
3.4552373228346456
20
-4.6701848031496063
11
3.460691929133858
21
-4.6738294488188972
0
LINE
8
BLACK
6
CONTINUOUS
10
3.460691929133858
20
-4.6738294488188972
11
3.4653307086614173
21
-4.6784682283464569
0
LINE
8
BLACK
6
CONTINUOUS
10
3.4653307086614173
20
-4.6784682283464569
11
3.4689753543307087
21
-4.6839228346456689
0
LINE
8
BLACK
6
CONTINUOUS
10
3.4689753543307087
20
-4.6839228346456689
11
3.4714858267716533
21
-4.6899836614173225
0
LINE
8
BLACK
6
CONTINUOUS
10
3.4714858267716533
20
-4.6899836614173225
11
3.4727656692913387
21
-4.6964177952755906
0
LINE
8
BLACK
6
CONTINUOUS
10
3.4727656692913387
20
-4.6964177952755906
11
3.4727656692913387
21
-4.7029780314960625
0
LINE
8
BLACK
6
CONTINUOUS
10
3.4727656692913387
20
-4.7029780314960625
11
3.4714858267716533
21
-4.7094121653543306
0
LINE
8
BLACK
6
CONTINUOUS
10
3.4714858267716533
20
-4.7094121653543306
11
3.4689753543307087
21
-4.7154729921259841
0
LINE
8
BLACK
6
CONTINUOUS
10
3.4689753543307087
20
-4.7154729921259841
11
3.4653307086614173
21
-4.720927598425197
0
LINE
8
BLACK
6
CONTINUOUS
10
3.4653307086614173
20
-4.720927598425197
11
3.460691929133858
21
-4.7255663779527559
0
LINE
8
BLACK
6
CONTINUOUS
10
3.460691929133858
20
-4.7255663779527559
11
3.4552373228346456
21
-4.7292110236220468
0
LINE
8
BLACK
6
CONTINUOUS
10
3.4552373228346456
20
-4.7292110236220468
11
3.449176496062992
21
-4.7317214960629919
0
LINE
8
BLACK
6
CONTINUOUS
10
3.449176496062992
20
-4.7317214960629919
11
3.4427423622047244
21
-4.7330013385826772
0
LINE
8
BLACK
6
CONTINUOUS
10
3.4427423622047244
20
-4.7330013385826772
11
3.436182125984252
21
-4.7330013385826772
0
LINE
8
BLACK
6
CONTINUOUS
10
3.436182125984252
20
-4.7330013385826772
11
3.4297479921259844
21
-4.7317214960629919
0
LINE
8
BLACK
6
CONTINUOUS
10
3.4297479921259844
20
-4.7317214960629919
11
3.4236871653543308
21
-4.7292110236220468
0
LINE
8
BLACK
6
CONTINUOUS
10
3.4236871653543308
20
-4.7292110236220468
11
3.4182325590551179
21
-4.7255663779527559
0
LINE
8
BLACK
6
CONTINUOUS
10
3.4182325590551179
20
-4.7255663779527559
11
3.413593779527559
21
-4.720927598425197
0
LINE
8
BLACK
6
CONTINUOUS
10
3.413593779527559
20
-4.720927598425197
11
3.4099491338582677
21
-4.7154729921259841
0
LINE
8
BLACK
6
CONTINUOUS
10
3.4099491338582677
20
-4.7154729921259841
11
3.4074386614173227
21
-4.7094121653543306
0
LINE
8
BLACK
6
CONTINUOUS
10
3.4074386614173227
20
-4.7094121653543306
11
3.4061588188976377
21
-4.7029780314960625
0
LINE
8
BLACK
6
CONTINUOUS
10
3.4061588188976377
20
-4.7029780314960625
11
3.4061588188976377
21
-4.6964177952755906
0
LINE
8
BLACK
6
CONTINUOUS
10
3.4061588188976377
20
-4.6964177952755906
11
3.4074386614173227
21
-4.6899836614173225
0
LINE
8
BLACK
6
CONTINUOUS
10
3.4074386614173227
20
-4.6899836614173225
11
3.4099491338582677
21
-4.6839228346456689
0
LINE
8
BLACK
6
CONTINUOUS
10
3.4099491338582677
20
-4.6839228346456689
11
3.413593779527559
21
-4.6784682283464569
0
LINE
8
BLACK
6
CONTINUOUS
10
3.413593779527559
20
-4.6784682283464569
11
3.4182325590551179
21
-4.6738294488188972
0
LINE
8
BLACK
6
CONTINUOUS
10
3.4182325590551179
20
-4.6738294488188972
11
3.4236871653543308
21
-4.6701848031496063
0
LINE
8
BLACK
6
CONTINUOUS
10
3.4236871653543308
20
-4.6701848031496063
11
3.4297479921259844
21
-4.6676743307086612
0
LINE
8
BLACK
6
CONTINUOUS
10
3.4297479921259844
20
-4.6676743307086612
11
3.436182125984252
21
-4.6663944881889758
0
LINE
8
BLACK
6
CONTINUOUS
10
3.436182125984252
20
-4.6663944881889758
11
3.4427423622047244
21
-4.6663944881889758
0
LINE
8
BLACK
6
CONTINUOUS
10
3.4427423622047244
20
-4.6663944881889758
11
3.449176496062992
21
-4.6676743307086612
0
LINE
8
BLACK
6
CONTINUOUS
10
3.5491764960629921
20
-4.6676743307086612
11
3.5552373228346457
21
-4.6701848031496063
0
LINE
8
BLACK
6
CONTINUOUS
10
3.5552373228346457
20
-4.6701848031496063
11
3.5606919291338581
21
-4.6738294488188972
0
LINE
8
BLACK
6
CONTINUOUS
10
3.5606919291338581
20
-4.6738294488188972
11
3.5653307086614174
21
-4.6784682283464569
0
LINE
8
BLACK
6
CONTINUOUS
10
3.5653307086614174
20
-4.6784682283464569
11
3.5689753543307088
21
-4.6839228346456689
0
LINE
8
BLACK
6
CONTINUOUS
10
3.5689753543307088
20
-4.6839228346456689
11
3.5714858267716534
21
-4.6899836614173225
0
LINE
8
BLACK
6
CONTINUOUS
10
3.5714858267716534
20
-4.6899836614173225
11
3.5727656692913383
21
-4.6964177952755906
0
LINE
8
BLACK
6
CONTINUOUS
10
3.5727656692913383
20
-4.6964177952755906
11
3.5727656692913383
21
-4.7029780314960625
0
LINE
8
BLACK
6
CONTINUOUS
10
3.5727656692913383
20
-4.7029780314960625
11
3.5714858267716534
21
-4.7094121653543306
0
LINE
8
BLACK
6
CONTINUOUS
10
3.5714858267716534
20
-4.7094121653543306
11
3.5689753543307088
21
-4.7154729921259841
0
LINE
8
BLACK
6
CONTINUOUS
10
3.5689753543307088
20
-4.7154729921259841
11
3.5653307086614174
21
-4.720927598425197
0
LINE
8
BLACK
6
CONTINUOUS
10
3.5653307086614174
20
-4.720927598425197
11
3.5606919291338581
21
-4.7255663779527559
0
LINE
8
BLACK
6
CONTINUOUS
10
3.5606919291338581
20
-4.7255663779527559
11
3.5552373228346457
21
-4.7292110236220468
0
LINE
8
BLACK
6
CONTINUOUS
10
3.5552373228346457
20
-4.7292110236220468
11
3.5491764960629921
21
-4.7317214960629919
0
LINE
8
BLACK
6
CONTINUOUS
10
3.5491764960629921
20
-4.7317214960629919
11
3.5427423622047245
21
-4.7330013385826772
0
LINE
8
BLACK
6
CONTINUOUS
10
3.5427423622047245
20
-4.7330013385826772
11
3.5361821259842521
21
-4.7330013385826772
0
LINE
8
BLACK
6
CONTINUOUS
10
3.5361821259842521
20
-4.7330013385826772
11
3.529747992125984
21
-4.7317214960629919
0
LINE
8
BLACK
6
CONTINUOUS
10
3.529747992125984
20
-4.7317214960629919
11
3.5236871653543305
21
-4.7292110236220468
0
LINE
8
BLACK
6
CONTINUOUS
10
3.5236871653543305
20
-4.7292110236220468
11
3.518232559055118
21
-4.7255663779527559
0
LINE
8
BLACK
6
CONTINUOUS
10
3.518232559055118
20
-4.7255663779527559
11
3.5135937795275591
21
-4.720927598425197
0
LINE
8
BLACK
6
CONTINUOUS
10
3.5135937795275591
20
-4.720927598425197
11
3.5099491338582678
21
-4.7154729921259841
0
LINE
8
BLACK
6
CONTINUOUS
10
3.5099491338582678
20
-4.7154729921259841
11
3.5074386614173227
21
-4.7094121653543306
0
LINE
8
BLACK
6
CONTINUOUS
10
3.5074386614173227
20
-4.7094121653543306
11
3.5061588188976378
21
-4.7029780314960625
0
LINE
8
BLACK
6
CONTINUOUS
10
3.5061588188976378
20
-4.7029780314960625
11
3.5061588188976378
21
-4.6964177952755906
0
LINE
8
BLACK
6
CONTINUOUS
10
3.5061588188976378
20
-4.6964177952755906
11
3.5074386614173227
21
-4.6899836614173225
0
LINE
8
BLACK
6
CONTINUOUS
10
3.5074386614173227
20
-4.6899836614173225
11
3.5099491338582678
21
-4.6839228346456689
0
LINE
8
BLACK
6
CONTINUOUS
10
3.5099491338582678
20
-4.6839228346456689
11
3.5135937795275591
21
-4.6784682283464569
0
LINE
8
BLACK
6
CONTINUOUS
10
3.5135937795275591
20
-4.6784682283464569
11
3.518232559055118
21
-4.6738294488188972
0
LINE
8
BLACK
6
CONTINUOUS
10
3.518232559055118
20
-4.6738294488188972
11
3.5236871653543305
21
-4.6701848031496063
0
LINE
8
BLACK
6
CONTINUOUS
10
3.5236871653543305
20
-4.6701848031496063
11
3.529747992125984
21
-4.6676743307086612
0
LINE
8
BLACK
6
CONTINUOUS
10
3.529747992125984
20
-4.6676743307086612
11
3.5361821259842521
21
-4.6663944881889758
0
LINE
8
BLACK
6
CONTINUOUS
10
3.5361821259842521
20
-4.6663944881889758
11
3.5427423622047245
21
-4.6663944881889758
0
LINE
8
BLACK
6
CONTINUOUS
10
3.5427423622047245
20
-4.6663944881889758
11
3.5491764960629921
21
-4.6676743307086612
0
LINE
8
BLACK
6
CONTINUOUS
10
3.449176496062992
20
-4.5676743307086616
11
3.4552373228346456
21
-4.5701848031496066
0
LINE
8
BLACK
6
CONTINUOUS
10
3.4552373228346456
20
-4.5701848031496066
11
3.460691929133858
21
-4.5738294488188975
0
LINE
8
BLACK
6
CONTINUOUS
10
3.460691929133858
20
-4.5738294488188975
11
3.4653307086614173
21
-4.5784682283464564
0
LINE
8
BLACK
6
CONTINUOUS
10
3.4653307086614173
20
-4.5784682283464564
11
3.4689753543307087
21
-4.5839228346456693
0
LINE
8
BLACK
6
CONTINUOUS
10
3.4689753543307087
20
-4.5839228346456693
11
3.4714858267716533
21
-4.5899836614173228
0
LINE
8
BLACK
6
CONTINUOUS
10
3.4714858267716533
20
-4.5899836614173228
11
3.4727656692913387
21
-4.59641779527559
0
LINE
8
BLACK
6
CONTINUOUS
10
3.4727656692913387
20
-4.59641779527559
11
3.4727656692913387
21
-4.6029780314960629
0
LINE
8
BLACK
6
CONTINUOUS
10
3.4727656692913387
20
-4.6029780314960629
11
3.4714858267716533
21
-4.609412165354331
0
LINE
8
BLACK
6
CONTINUOUS
10
3.4714858267716533
20
-4.609412165354331
11
3.4689753543307087
21
-4.6154729921259845
0
LINE
8
BLACK
6
CONTINUOUS
10
3.4689753543307087
20
-4.6154729921259845
11
3.4653307086614173
21
-4.6209275984251965
0
LINE
8
BLACK
6
CONTINUOUS
10
3.4653307086614173
20
-4.6209275984251965
11
3.460691929133858
21
-4.6255663779527554
0
LINE
8
BLACK
6
CONTINUOUS
10
3.460691929133858
20
-4.6255663779527554
11
3.4552373228346456
21
-4.6292110236220472
0
LINE
8
BLACK
6
CONTINUOUS
10
3.4552373228346456
20
-4.6292110236220472
11
3.449176496062992
21
-4.6317214960629922
0
LINE
8
BLACK
6
CONTINUOUS
10
3.449176496062992
20
-4.6317214960629922
11
3.4427423622047244
21
-4.6330013385826767
0
LINE
8
BLACK
6
CONTINUOUS
10
3.4427423622047244
20
-4.6330013385826767
11
3.436182125984252
21
-4.6330013385826767
0
LINE
8
BLACK
6
CONTINUOUS
10
3.436182125984252
20
-4.6330013385826767
11
3.4297479921259844
21
-4.6317214960629922
0
LINE
8
BLACK
6
CONTINUOUS
10
3.4297479921259844
20
-4.6317214960629922
11
3.4236871653543308
21
-4.6292110236220472
0
LINE
8
BLACK
6
CONTINUOUS
10
3.4236871653543308
20
-4.6292110236220472
11
3.4182325590551179
21
-4.6255663779527554
0
LINE
8
BLACK
6
CONTINUOUS
10
3.4182325590551179
20
-4.6255663779527554
11
3.413593779527559
21
-4.6209275984251965
0
LINE
8
BLACK
6
CONTINUOUS
10
3.413593779527559
20
-4.6209275984251965
11
3.4099491338582677
21
-4.6154729921259845
0
LINE
8
BLACK
6
CONTINUOUS
10
3.4099491338582677
20
-4.6154729921259845
11
3.4074386614173227
21
-4.609412165354331
0
LINE
8
BLACK
6
CONTINUOUS
10
3.4074386614173227
20
-4.609412165354331
11
3.4061588188976377
21
-4.6029780314960629
0
LINE
8
BLACK
6
CONTINUOUS
10
3.4061588188976377
20
-4.6029780314960629
11
3.4061588188976377
21
-4.59641779527559
0
LINE
8
BLACK
6
CONTINUOUS
10
3.4061588188976377
20
-4.59641779527559
11
3.4074386614173227
21
-4.5899836614173228
0
LINE
8
BLACK
6
CONTINUOUS
10
3.4074386614173227
20
-4.5899836614173228
11
3.4099491338582677
21
-4.5839228346456693
0
LINE
8
BLACK
6
CONTINUOUS
10
3.4099491338582677
20
-4.5839228346456693
11
3.413593779527559
21
-4.5784682283464564
0
LINE
8
BLACK
6
CONTINUOUS
10
3.413593779527559
20
-4.5784682283464564
11
3.4182325590551179
21
-4.5738294488188975
0
LINE
8
BLACK
6
CONTINUOUS
10
3.4182325590551179
20
-4.5738294488188975
11
3.4236871653543308
21
-4.5701848031496066
0
LINE
8
BLACK
6
CONTINUOUS
10
3.4236871653543308
20
-4.5701848031496066
11
3.4297479921259844
21
-4.5676743307086616
0
LINE
8
BLACK
6
CONTINUOUS
10
3.4297479921259844
20
-4.5676743307086616
11
3.436182125984252
21
-4.5663944881889762
0
LINE
8
BLACK
6
CONTINUOUS
10
3.436182125984252
20
-4.5663944881889762
11
3.4427423622047244
21
-4.5663944881889762
0
LINE
8
BLACK
6
CONTINUOUS
10
3.4427423622047244
20
-4.5663944881889762
11
3.449176496062992
21
-4.5676743307086616
0
LINE
8
BLACK
6
CONTINUOUS
10
3.5491764960629921
20
-4.5676743307086616
11
3.5552373228346457
21
-4.5701848031496066
0
LINE
8
BLACK
6
CONTINUOUS
10
3.5552373228346457
20
-4.5701848031496066
11
3.5606919291338581
21
-4.5738294488188975
0
LINE
8
BLACK
6
CONTINUOUS
10
3.5606919291338581
20
-4.5738294488188975
11
3.5653307086614174
21
-4.5784682283464564
0
LINE
8
BLACK
6
CONTINUOUS
10
3.5653307086614174
20
-4.5784682283464564
11
3.5689753543307088
21
-4.5839228346456693
0
LINE
8
BLACK
6
CONTINUOUS
10
3.5689753543307088
20
-4.5839228346456693
11
3.5714858267716534
21
-4.5899836614173228
0
LINE
8
BLACK
6
CONTINUOUS
10
3.5714858267716534
20
-4.5899836614173228
11
3.5727656692913383
21
-4.59641779527559
0
LINE
8
BLACK
6
CONTINUOUS
10
3.5727656692913383
20
-4.59641779527559
11
3.5727656692913383
21
-4.6029780314960629
0
LINE
8
BLACK
6
CONTINUOUS
10
3.5727656692913383
20
-4.6029780314960629
11
3.5714858267716534
21
-4.609412165354331
0
LINE
8
BLACK
6
CONTINUOUS
10
3.5714858267716534
20
-4.609412165354331
11
3.5689753543307088
21
-4.6154729921259845
0
LINE
8
BLACK
6
CONTINUOUS
10
3.5689753543307088
20
-4.6154729921259845
11
3.5653307086614174
21
-4.6209275984251965
0
LINE
8
BLACK
6
CONTINUOUS
10
3.5653307086614174
20
-4.6209275984251965
11
3.5606919291338581
21
-4.6255663779527554
0
LINE
8
BLACK
6
CONTINUOUS
10
3.5606919291338581
20
-4.6255663779527554
11
3.5552373228346457
21
-4.6292110236220472
0
LINE
8
BLACK
6
CONTINUOUS
10
3.5552373228346457
20
-4.6292110236220472
11
3.5491764960629921
21
-4.6317214960629922
0
LINE
8
BLACK
6
CONTINUOUS
10
3.5491764960629921
20
-4.6317214960629922
11
3.5427423622047245
21
-4.6330013385826767
0
LINE
8
BLACK
6
CONTINUOUS
10
3.5427423622047245
20
-4.6330013385826767
11
3.5361821259842521
21
-4.6330013385826767
0
LINE
8
BLACK
6
CONTINUOUS
10
3.5361821259842521
20
-4.6330013385826767
11
3.529747992125984
21
-4.6317214960629922
0
LINE
8
BLACK
6
CONTINUOUS
10
3.529747992125984
20
-4.6317214960629922
11
3.5236871653543305
21
-4.6292110236220472
0
LINE
8
BLACK
6
CONTINUOUS
10
3.5236871653543305
20
-4.6292110236220472
11
3.518232559055118
21
-4.6255663779527554
0
LINE
8
BLACK
6
CONTINUOUS
10
3.518232559055118
20
-4.6255663779527554
11
3.5135937795275591
21
-4.6209275984251965
0
LINE
8
BLACK
6
CONTINUOUS
10
3.5135937795275591
20
-4.6209275984251965
11
3.5099491338582678
21
-4.6154729921259845
0
LINE
8
BLACK
6
CONTINUOUS
10
3.5099491338582678
20
-4.6154729921259845
11
3.5074386614173227
21
-4.609412165354331
0
LINE
8
BLACK
6
CONTINUOUS
10
3.5074386614173227
20
-4.609412165354331
11
3.5061588188976378
21
-4.6029780314960629
0
LINE
8
BLACK
6
CONTINUOUS
10
3.5061588188976378
20
-4.6029780314960629
11
3.5061588188976378
21
-4.59641779527559
0
LINE
8
BLACK
6
CONTINUOUS
10
3.5061588188976378
20
-4.59641779527559
11
3.5074386614173227
21
-4.5899836614173228
0
LINE
8
BLACK
6
CONTINUOUS
10
3.5074386614173227
20
-4.5899836614173228
11
3.5099491338582678
21
-4.5839228346456693
0
LINE
8
BLACK
6
CONTINUOUS
10
3.5099491338582678
20
-4.5839228346456693
11
3.5135937795275591
21
-4.5784682283464564
0
LINE
8
BLACK
6
CONTINUOUS
10
3.5135937795275591
20
-4.5784682283464564
11
3.518232559055118
21
-4.5738294488188975
0
LINE
8
BLACK
6
CONTINUOUS
10
3.518232559055118
20
-4.5738294488188975
11
3.5236871653543305
21
-4.5701848031496066
0
LINE
8
BLACK
6
CONTINUOUS
10
3.5236871653543305
20
-4.5701848031496066
11
3.529747992125984
21
-4.5676743307086616
0
LINE
8
BLACK
6
CONTINUOUS
10
3.529747992125984
20
-4.5676743307086616
11
3.5361821259842521
21
-4.5663944881889762
0
LINE
8
BLACK
6
CONTINUOUS
10
3.5361821259842521
20
-4.5663944881889762
11
3.5427423622047245
21
-4.5663944881889762
0
LINE
8
BLACK
6
CONTINUOUS
10
3.5427423622047245
20
-4.5663944881889762
11
3.5491764960629921
21
-4.5676743307086616
0
LINE
8
BLACK
6
CONTINUOUS
10
3.449176496062992
20
-4.467674330708661
11
3.4552373228346456
21
-4.4701848031496061
0
LINE
8
BLACK
6
CONTINUOUS
10
3.4552373228346456
20
-4.4701848031496061
11
3.460691929133858
21
-4.4738294488188979
0
LINE
8
BLACK
6
CONTINUOUS
10
3.460691929133858
20
-4.4738294488188979
11
3.4653307086614173
21
-4.4784682283464567
0
LINE
8
BLACK
6
CONTINUOUS
10
3.4653307086614173
20
-4.4784682283464567
11
3.4689753543307087
21
-4.4839228346456688
0
LINE
8
BLACK
6
CONTINUOUS
10
3.4689753543307087
20
-4.4839228346456688
11
3.4714858267716533
21
-4.4899836614173223
0
LINE
8
BLACK
6
CONTINUOUS
10
3.4714858267716533
20
-4.4899836614173223
11
3.4727656692913387
21
-4.4964177952755904
0
LINE
8
BLACK
6
CONTINUOUS
10
3.4727656692913387
20
-4.4964177952755904
11
3.4727656692913387
21
-4.5029780314960632
0
LINE
8
BLACK
6
CONTINUOUS
10
3.4727656692913387
20
-4.5029780314960632
11
3.4714858267716533
21
-4.5094121653543304
0
LINE
8
BLACK
6
CONTINUOUS
10
3.4714858267716533
20
-4.5094121653543304
11
3.4689753543307087
21
-4.515472992125984
0
LINE
8
BLACK
6
CONTINUOUS
10
3.4689753543307087
20
-4.515472992125984
11
3.4653307086614173
21
-4.5209275984251969
0
LINE
8
BLACK
6
CONTINUOUS
10
3.4653307086614173
20
-4.5209275984251969
11
3.460691929133858
21
-4.5255663779527557
0
LINE
8
BLACK
6
CONTINUOUS
10
3.460691929133858
20
-4.5255663779527557
11
3.4552373228346456
21
-4.5292110236220475
0
LINE
8
BLACK
6
CONTINUOUS
10
3.4552373228346456
20
-4.5292110236220475
11
3.449176496062992
21
-4.5317214960629917
0
LINE
8
BLACK
6
CONTINUOUS
10
3.449176496062992
20
-4.5317214960629917
11
3.4427423622047244
21
-4.5330013385826771
0
LINE
8
BLACK
6
CONTINUOUS
10
3.4427423622047244
20
-4.5330013385826771
11
3.436182125984252
21
-4.5330013385826771
0
LINE
8
BLACK
6
CONTINUOUS
10
3.436182125984252
20
-4.5330013385826771
11
3.4297479921259844
21
-4.5317214960629917
0
LINE
8
BLACK
6
CONTINUOUS
10
3.4297479921259844
20
-4.5317214960629917
11
3.4236871653543308
21
-4.5292110236220475
0
LINE
8
BLACK
6
CONTINUOUS
10
3.4236871653543308
20
-4.5292110236220475
11
3.4182325590551179
21
-4.5255663779527557
0
LINE
8
BLACK
6
CONTINUOUS
10
3.4182325590551179
20
-4.5255663779527557
11
3.413593779527559
21
-4.5209275984251969
0
LINE
8
BLACK
6
CONTINUOUS
10
3.413593779527559
20
-4.5209275984251969
11
3.4099491338582677
21
-4.515472992125984
0
LINE
8
BLACK
6
CONTINUOUS
10
3.4099491338582677
20
-4.515472992125984
11
3.4074386614173227
21
-4.5094121653543304
0
LINE
8
BLACK
6
CONTINUOUS
10
3.4074386614173227
20
-4.5094121653543304
11
3.4061588188976377
21
-4.5029780314960632
0
LINE
8
BLACK
6
CONTINUOUS
10
3.4061588188976377
20
-4.5029780314960632
11
3.4061588188976377
21
-4.4964177952755904
0
LINE
8
BLACK
6
CONTINUOUS
10
3.4061588188976377
20
-4.4964177952755904
11
3.4074386614173227
21
-4.4899836614173223
0
LINE
8
BLACK
6
CONTINUOUS
10
3.4074386614173227
20
-4.4899836614173223
11
3.4099491338582677
21
-4.4839228346456688
0
LINE
8
BLACK
6
CONTINUOUS
10
3.4099491338582677
20
-4.4839228346456688
11
3.413593779527559
21
-4.4784682283464567
0
LINE
8
BLACK
6
CONTINUOUS
10
3.413593779527559
20
-4.4784682283464567
11
3.4182325590551179
21
-4.4738294488188979
0
LINE
8
BLACK
6
CONTINUOUS
10
3.4182325590551179
20
-4.4738294488188979
11
3.4236871653543308
21
-4.4701848031496061
0
LINE
8
BLACK
6
CONTINUOUS
10
3.4236871653543308
20
-4.4701848031496061
11
3.4297479921259844
21
-4.467674330708661
0
LINE
8
BLACK
6
CONTINUOUS
10
3.4297479921259844
20
-4.467674330708661
11
3.436182125984252
21
-4.4663944881889766
0
LINE
8
BLACK
6
CONTINUOUS
10
3.436182125984252
20
-4.4663944881889766
11
3.4427423622047244
21
-4.4663944881889766
0
LINE
8
BLACK
6
CONTINUOUS
10
3.4427423622047244
20
-4.4663944881889766
11
3.449176496062992
21
-4.467674330708661
0
LINE
8
BLACK
6
CONTINUOUS
10
3.5491764960629921
20
-4.467674330708661
11
3.5552373228346457
21
-4.4701848031496061
0
LINE
8
BLACK
6
CONTINUOUS
10
3.5552373228346457
20
-4.4701848031496061
11
3.5606919291338581
21
-4.4738294488188979
0
LINE
8
BLACK
6
CONTINUOUS
10
3.5606919291338581
20
-4.4738294488188979
11
3.5653307086614174
21
-4.4784682283464567
0
LINE
8
BLACK
6
CONTINUOUS
10
3.5653307086614174
20
-4.4784682283464567
11
3.5689753543307088
21
-4.4839228346456688
0
LINE
8
BLACK
6
CONTINUOUS
10
3.5689753543307088
20
-4.4839228346456688
11
3.5714858267716534
21
-4.4899836614173223
0
LINE
8
BLACK
6
CONTINUOUS
10
3.5714858267716534
20
-4.4899836614173223
11
3.5727656692913383
21
-4.4964177952755904
0
LINE
8
BLACK
6
CONTINUOUS
10
3.5727656692913383
20
-4.4964177952755904
11
3.5727656692913383
21
-4.5029780314960632
0
LINE
8
BLACK
6
CONTINUOUS
10
3.5727656692913383
20
-4.5029780314960632
11
3.5714858267716534
21
-4.5094121653543304
0
LINE
8
BLACK
6
CONTINUOUS
10
3.5714858267716534
20
-4.5094121653543304
11
3.5689753543307088
21
-4.515472992125984
0
LINE
8
BLACK
6
CONTINUOUS
10
3.5689753543307088
20
-4.515472992125984
11
3.5653307086614174
21
-4.5209275984251969
0
LINE
8
BLACK
6
CONTINUOUS
10
3.5653307086614174
20
-4.5209275984251969
11
3.5606919291338581
21
-4.5255663779527557
0
LINE
8
BLACK
6
CONTINUOUS
10
3.5606919291338581
20
-4.5255663779527557
11
3.5552373228346457
21
-4.5292110236220475
0
LINE
8
BLACK
6
CONTINUOUS
10
3.5552373228346457
20
-4.5292110236220475
11
3.5491764960629921
21
-4.5317214960629917
0
LINE
8
BLACK
6
CONTINUOUS
10
3.5491764960629921
20
-4.5317214960629917
11
3.5427423622047245
21
-4.5330013385826771
0
LINE
8
BLACK
6
CONTINUOUS
10
3.5427423622047245
20
-4.5330013385826771
11
3.5361821259842521
21
-4.5330013385826771
0
LINE
8
BLACK
6
CONTINUOUS
10
3.5361821259842521
20
-4.5330013385826771
11
3.529747992125984
21
-4.5317214960629917
0
LINE
8
BLACK
6
CONTINUOUS
10
3.529747992125984
20
-4.5317214960629917
11
3.5236871653543305
21
-4.5292110236220475
0
LINE
8
BLACK
6
CONTINUOUS
10
3.5236871653543305
20
-4.5292110236220475
11
3.518232559055118
21
-4.5255663779527557
0
LINE
8
BLACK
6
CONTINUOUS
10
3.518232559055118
20
-4.5255663779527557
11
3.5135937795275591
21
-4.5209275984251969
0
LINE
8
BLACK
6
CONTINUOUS
10
3.5135937795275591
20
-4.5209275984251969
11
3.5099491338582678
21
-4.515472992125984
0
LINE
8
BLACK
6
CONTINUOUS
10
3.5099491338582678
20
-4.515472992125984
11
3.5074386614173227
21
-4.5094121653543304
0
LINE
8
BLACK
6
CONTINUOUS
10
3.5074386614173227
20
-4.5094121653543304
11
3.5061588188976378
21
-4.5029780314960632
0
LINE
8
BLACK
6
CONTINUOUS
10
3.5061588188976378
20
-4.5029780314960632
11
3.5061588188976378
21
-4.4964177952755904
0
LINE
8
BLACK
6
CONTINUOUS
10
3.5061588188976378
20
-4.4964177952755904
11
3.5074386614173227
21
-4.4899836614173223
0
LINE
8
BLACK
6
CONTINUOUS
10
3.5074386614173227
20
-4.4899836614173223
11
3.5099491338582678
21
-4.4839228346456688
0
LINE
8
BLACK
6
CONTINUOUS
10
3.5099491338582678
20
-4.4839228346456688
11
3.5135937795275591
21
-4.4784682283464567
0
LINE
8
BLACK
6
CONTINUOUS
10
3.5135937795275591
20
-4.4784682283464567
11
3.518232559055118
21
-4.4738294488188979
0
LINE
8
BLACK
6
CONTINUOUS
10
3.518232559055118
20
-4.4738294488188979
11
3.5236871653543305
21
-4.4701848031496061
0
LINE
8
BLACK
6
CONTINUOUS
10
3.5236871653543305
20
-4.4701848031496061
11
3.529747992125984
21
-4.467674330708661
0
LINE
8
BLACK
6
CONTINUOUS
10
3.529747992125984
20
-4.467674330708661
11
3.5361821259842521
21
-4.4663944881889766
0
LINE
8
BLACK
6
CONTINUOUS
10
3.5361821259842521
20
-4.4663944881889766
11
3.5427423622047245
21
-4.4663944881889766
0
LINE
8
BLACK
6
CONTINUOUS
10
3.5427423622047245
20
-4.4663944881889766
11
3.5491764960629921
21
-4.467674330708661
0
LINE
8
BLACK
6
CONTINUOUS
10
3.449176496062992
20
-4.3676743307086614
11
3.4552373228346456
21
-4.3701848031496064
0
LINE
8
BLACK
6
CONTINUOUS
10
3.4552373228346456
20
-4.3701848031496064
11
3.460691929133858
21
-4.3738294488188973
0
LINE
8
BLACK
6
CONTINUOUS
10
3.460691929133858
20
-4.3738294488188973
11
3.4653307086614173
21
-4.3784682283464562
0
LINE
8
BLACK
6
CONTINUOUS
10
3.4653307086614173
20
-4.3784682283464562
11
3.4689753543307087
21
-4.3839228346456691
0
LINE
8
BLACK
6
CONTINUOUS
10
3.4689753543307087
20
-4.3839228346456691
11
3.4714858267716533
21
-4.3899836614173227
0
LINE
8
BLACK
6
CONTINUOUS
10
3.4714858267716533
20
-4.3899836614173227
11
3.4727656692913387
21
-4.3964177952755907
0
LINE
8
BLACK
6
CONTINUOUS
10
3.4727656692913387
20
-4.3964177952755907
11
3.4727656692913387
21
-4.4029780314960627
0
LINE
8
BLACK
6
CONTINUOUS
10
3.4727656692913387
20
-4.4029780314960627
11
3.4714858267716533
21
-4.4094121653543308
0
LINE
8
BLACK
6
CONTINUOUS
10
3.4714858267716533
20
-4.4094121653543308
11
3.4689753543307087
21
-4.4154729921259843
0
LINE
8
BLACK
6
CONTINUOUS
10
3.4689753543307087
20
-4.4154729921259843
11
3.4653307086614173
21
-4.4209275984251963
0
LINE
8
BLACK
6
CONTINUOUS
10
3.4653307086614173
20
-4.4209275984251963
11
3.460691929133858
21
-4.4255663779527561
0
LINE
8
BLACK
6
CONTINUOUS
10
3.460691929133858
20
-4.4255663779527561
11
3.4552373228346456
21
-4.429211023622047
0
LINE
8
BLACK
6
CONTINUOUS
10
3.4552373228346456
20
-4.429211023622047
11
3.449176496062992
21
-4.431721496062992
0
LINE
8
BLACK
6
CONTINUOUS
10
3.449176496062992
20
-4.431721496062992
11
3.4427423622047244
21
-4.4330013385826774
0
LINE
8
BLACK
6
CONTINUOUS
10
3.4427423622047244
20
-4.4330013385826774
11
3.436182125984252
21
-4.4330013385826774
0
LINE
8
BLACK
6
CONTINUOUS
10
3.436182125984252
20
-4.4330013385826774
11
3.4297479921259844
21
-4.431721496062992
0
LINE
8
BLACK
6
CONTINUOUS
10
3.4297479921259844
20
-4.431721496062992
11
3.4236871653543308
21
-4.429211023622047
0
LINE
8
BLACK
6
CONTINUOUS
10
3.4236871653543308
20
-4.429211023622047
11
3.4182325590551179
21
-4.4255663779527561
0
LINE
8
BLACK
6
CONTINUOUS
10
3.4182325590551179
20
-4.4255663779527561
11
3.413593779527559
21
-4.4209275984251963
0
LINE
8
BLACK
6
CONTINUOUS
10
3.413593779527559
20
-4.4209275984251963
11
3.4099491338582677
21
-4.4154729921259843
0
LINE
8
BLACK
6
CONTINUOUS
10
3.4099491338582677
20
-4.4154729921259843
11
3.4074386614173227
21
-4.4094121653543308
0
LINE
8
BLACK
6
CONTINUOUS
10
3.4074386614173227
20
-4.4094121653543308
11
3.4061588188976377
21
-4.4029780314960627
0
LINE
8
BLACK
6
CONTINUOUS
10
3.4061588188976377
20
-4.4029780314960627
11
3.4061588188976377
21
-4.3964177952755907
0
LINE
8
BLACK
6
CONTINUOUS
10
3.4061588188976377
20
-4.3964177952755907
11
3.4074386614173227
21
-4.3899836614173227
0
LINE
8
BLACK
6
CONTINUOUS
10
3.4074386614173227
20
-4.3899836614173227
11
3.4099491338582677
21
-4.3839228346456691
0
LINE
8
BLACK
6
CONTINUOUS
10
3.4099491338582677
20
-4.3839228346456691
11
3.413593779527559
21
-4.3784682283464562
0
LINE
8
BLACK
6
CONTINUOUS
10
3.413593779527559
20
-4.3784682283464562
11
3.4182325590551179
21
-4.3738294488188973
0
LINE
8
BLACK
6
CONTINUOUS
10
3.4182325590551179
20
-4.3738294488188973
11
3.4236871653543308
21
-4.3701848031496064
0
LINE
8
BLACK
6
CONTINUOUS
10
3.4236871653543308
20
-4.3701848031496064
11
3.4297479921259844
21
-4.3676743307086614
0
LINE
8
BLACK
6
CONTINUOUS
10
3.4297479921259844
20
-4.3676743307086614
11
3.436182125984252
21
-4.366394488188976
0
LINE
8
BLACK
6
CONTINUOUS
10
3.436182125984252
20
-4.366394488188976
11
3.4427423622047244
21
-4.366394488188976
0
LINE
8
BLACK
6
CONTINUOUS
10
3.4427423622047244
20
-4.366394488188976
11
3.449176496062992
21
-4.3676743307086614
0
LINE
8
BLACK
6
CONTINUOUS
10
3.5491764960629921
20
-4.3676743307086614
11
3.5552373228346457
21
-4.3701848031496064
0
LINE
8
BLACK
6
CONTINUOUS
10
3.5552373228346457
20
-4.3701848031496064
11
3.5606919291338581
21
-4.3738294488188973
0
LINE
8
BLACK
6
CONTINUOUS
10
3.5606919291338581
20
-4.3738294488188973
11
3.5653307086614174
21
-4.3784682283464562
0
LINE
8
BLACK
6
CONTINUOUS
10
3.5653307086614174
20
-4.3784682283464562
11
3.5689753543307088
21
-4.3839228346456691
0
LINE
8
BLACK
6
CONTINUOUS
10
3.5689753543307088
20
-4.3839228346456691
11
3.5714858267716534
21
-4.3899836614173227
0
LINE
8
BLACK
6
CONTINUOUS
10
3.5714858267716534
20
-4.3899836614173227
11
3.5727656692913383
21
-4.3964177952755907
0
LINE
8
BLACK
6
CONTINUOUS
10
3.5727656692913383
20
-4.3964177952755907
11
3.5727656692913383
21
-4.4029780314960627
0
LINE
8
BLACK
6
CONTINUOUS
10
3.5727656692913383
20
-4.4029780314960627
11
3.5714858267716534
21
-4.4094121653543308
0
LINE
8
BLACK
6
CONTINUOUS
10
3.5714858267716534
20
-4.4094121653543308
11
3.5689753543307088
21
-4.4154729921259843
0
LINE
8
BLACK
6
CONTINUOUS
10
3.5689753543307088
20
-4.4154729921259843
11
3.5653307086614174
21
-4.4209275984251963
0
LINE
8
BLACK
6
CONTINUOUS
10
3.5653307086614174
20
-4.4209275984251963
11
3.5606919291338581
21
-4.4255663779527561
0
LINE
8
BLACK
6
CONTINUOUS
10
3.5606919291338581
20
-4.4255663779527561
11
3.5552373228346457
21
-4.429211023622047
0
LINE
8
BLACK
6
CONTINUOUS
10
3.5552373228346457
20
-4.429211023622047
11
3.5491764960629921
21
-4.431721496062992
0
LINE
8
BLACK
6
CONTINUOUS
10
3.5491764960629921
20
-4.431721496062992
11
3.5427423622047245
21
-4.4330013385826774
0
LINE
8
BLACK
6
CONTINUOUS
10
3.5427423622047245
20
-4.4330013385826774
11
3.5361821259842521
21
-4.4330013385826774
0
LINE
8
BLACK
6
CONTINUOUS
10
3.5361821259842521
20
-4.4330013385826774
11
3.529747992125984
21
-4.431721496062992
0
LINE
8
BLACK
6
CONTINUOUS
10
3.529747992125984
20
-4.431721496062992
11
3.5236871653543305
21
-4.429211023622047
0
LINE
8
BLACK
6
CONTINUOUS
10
3.5236871653543305
20
-4.429211023622047
11
3.518232559055118
21
-4.4255663779527561
0
LINE
8
BLACK
6
CONTINUOUS
10
3.518232559055118
20
-4.4255663779527561
11
3.5135937795275591
21
-4.4209275984251963
0
LINE
8
BLACK
6
CONTINUOUS
10
3.5135937795275591
20
-4.4209275984251963
11
3.5099491338582678
21
-4.4154729921259843
0
LINE
8
BLACK
6
CONTINUOUS
10
3.5099491338582678
20
-4.4154729921259843
11
3.5074386614173227
21
-4.4094121653543308
0
LINE
8
BLACK
6
CONTINUOUS
10
3.5074386614173227
20
-4.4094121653543308
11
3.5061588188976378
21
-4.4029780314960627
0
LINE
8
BLACK
6
CONTINUOUS
10
3.5061588188976378
20
-4.4029780314960627
11
3.5061588188976378
21
-4.3964177952755907
0
LINE
8
BLACK
6
CONTINUOUS
10
3.5061588188976378
20
-4.3964177952755907
11
3.5074386614173227
21
-4.3899836614173227
0
LINE
8
BLACK
6
CONTINUOUS
10
3.5074386614173227
20
-4.3899836614173227
11
3.5099491338582678
21
-4.3839228346456691
0
LINE
8
BLACK
6
CONTINUOUS
10
3.5099491338582678
20
-4.3839228346456691
11
3.5135937795275591
21
-4.3784682283464562
0
LINE
8
BLACK
6
CONTINUOUS
10
3.5135937795275591
20
-4.3784682283464562
11
3.518232559055118
21
-4.3738294488188973
0
LINE
8
BLACK
6
CONTINUOUS
10
3.518232559055118
20
-4.3738294488188973
11
3.5236871653543305
21
-4.3701848031496064
0
LINE
8
BLACK
6
CONTINUOUS
10
3.5236871653543305
20
-4.3701848031496064
11
3.529747992125984
21
-4.3676743307086614
0
LINE
8
BLACK
6
CONTINUOUS
10
3.529747992125984
20
-4.3676743307086614
11
3.5361821259842521
21
-4.366394488188976
0
LINE
8
BLACK
6
CONTINUOUS
10
3.5361821259842521
20
-4.366394488188976
11
3.5427423622047245
21
-4.366394488188976
0
LINE
8
BLACK
6
CONTINUOUS
10
3.5427423622047245
20
-4.366394488188976
11
3.5491764960629921
21
-4.3676743307086614
0
LINE
8
BLACK
6
CONTINUOUS
10
3.449176496062992
20
-4.2676743307086618
11
3.4552373228346456
21
-4.2701848031496059
0
LINE
8
BLACK
6
CONTINUOUS
10
3.4552373228346456
20
-4.2701848031496059
11
3.460691929133858
21
-4.2738294488188977
0
LINE
8
BLACK
6
CONTINUOUS
10
3.460691929133858
20
-4.2738294488188977
11
3.4653307086614173
21
-4.2784682283464566
0
LINE
8
BLACK
6
CONTINUOUS
10
3.4653307086614173
20
-4.2784682283464566
11
3.4689753543307087
21
-4.2839228346456695
0
LINE
8
BLACK
6
CONTINUOUS
10
3.4689753543307087
20
-4.2839228346456695
11
3.4714858267716533
21
-4.289983661417323
0
LINE
8
BLACK
6
CONTINUOUS
10
3.4714858267716533
20
-4.289983661417323
11
3.4727656692913387
21
-4.2964177952755902
0
LINE
8
BLACK
6
CONTINUOUS
10
3.4727656692913387
20
-4.2964177952755902
11
3.4727656692913387
21
-4.3029780314960631
0
LINE
8
BLACK
6
CONTINUOUS
10
3.4727656692913387
20
-4.3029780314960631
11
3.4714858267716533
21
-4.3094121653543302
0
LINE
8
BLACK
6
CONTINUOUS
10
3.4714858267716533
20
-4.3094121653543302
11
3.4689753543307087
21
-4.3154729921259838
0
LINE
8
BLACK
6
CONTINUOUS
10
3.4689753543307087
20
-4.3154729921259838
11
3.4653307086614173
21
-4.3209275984251967
0
LINE
8
BLACK
6
CONTINUOUS
10
3.4653307086614173
20
-4.3209275984251967
11
3.460691929133858
21
-4.3255663779527556
0
LINE
8
BLACK
6
CONTINUOUS
10
3.460691929133858
20
-4.3255663779527556
11
3.4552373228346456
21
-4.3292110236220473
0
LINE
8
BLACK
6
CONTINUOUS
10
3.4552373228346456
20
-4.3292110236220473
11
3.449176496062992
21
-4.3317214960629924
0
LINE
8
BLACK
6
CONTINUOUS
10
3.449176496062992
20
-4.3317214960629924
11
3.4427423622047244
21
-4.3330013385826769
0
LINE
8
BLACK
6
CONTINUOUS
10
3.4427423622047244
20
-4.3330013385826769
11
3.436182125984252
21
-4.3330013385826769
0
LINE
8
BLACK
6
CONTINUOUS
10
3.436182125984252
20
-4.3330013385826769
11
3.4297479921259844
21
-4.3317214960629924
0
LINE
8
BLACK
6
CONTINUOUS
10
3.4297479921259844
20
-4.3317214960629924
11
3.4236871653543308
21
-4.3292110236220473
0
LINE
8
BLACK
6
CONTINUOUS
10
3.4236871653543308
20
-4.3292110236220473
11
3.4182325590551179
21
-4.3255663779527556
0
LINE
8
BLACK
6
CONTINUOUS
10
3.4182325590551179
20
-4.3255663779527556
11
3.413593779527559
21
-4.3209275984251967
0
LINE
8
BLACK
6
CONTINUOUS
10
3.413593779527559
20
-4.3209275984251967
11
3.4099491338582677
21
-4.3154729921259838
0
LINE
8
BLACK
6
CONTINUOUS
10
3.4099491338582677
20
-4.3154729921259838
11
3.4074386614173227
21
-4.3094121653543302
0
LINE
8
BLACK
6
CONTINUOUS
10
3.4074386614173227
20
-4.3094121653543302
11
3.4061588188976377
21
-4.3029780314960631
0
LINE
8
BLACK
6
CONTINUOUS
10
3.4061588188976377
20
-4.3029780314960631
11
3.4061588188976377
21
-4.2964177952755902
0
LINE
8
BLACK
6
CONTINUOUS
10
3.4061588188976377
20
-4.2964177952755902
11
3.4074386614173227
21
-4.289983661417323
0
LINE
8
BLACK
6
CONTINUOUS
10
3.4074386614173227
20
-4.289983661417323
11
3.4099491338582677
21
-4.2839228346456695
0
LINE
8
BLACK
6
CONTINUOUS
10
3.4099491338582677
20
-4.2839228346456695
11
3.413593779527559
21
-4.2784682283464566
0
LINE
8
BLACK
6
CONTINUOUS
10
3.413593779527559
20
-4.2784682283464566
11
3.4182325590551179
21
-4.2738294488188977
0
LINE
8
BLACK
6
CONTINUOUS
10
3.4182325590551179
20
-4.2738294488188977
11
3.4236871653543308
21
-4.2701848031496059
0
LINE
8
BLACK
6
CONTINUOUS
10
3.4236871653543308
20
-4.2701848031496059
11
3.4297479921259844
21
-4.2676743307086618
0
LINE
8
BLACK
6
CONTINUOUS
10
3.4297479921259844
20
-4.2676743307086618
11
3.436182125984252
21
-4.2663944881889764
0
LINE
8
BLACK
6
CONTINUOUS
10
3.436182125984252
20
-4.2663944881889764
11
3.4427423622047244
21
-4.2663944881889764
0
LINE
8
BLACK
6
CONTINUOUS
10
3.4427423622047244
20
-4.2663944881889764
11
3.449176496062992
21
-4.2676743307086618
0
LINE
8
BLACK
6
CONTINUOUS
10
3.5491764960629921
20
-4.2676743307086618
11
3.5552373228346457
21
-4.2701848031496059
0
LINE
8
BLACK
6
CONTINUOUS
10
3.5552373228346457
20
-4.2701848031496059
11
3.5606919291338581
21
-4.2738294488188977
0
LINE
8
BLACK
6
CONTINUOUS
10
3.5606919291338581
20
-4.2738294488188977
11
3.5653307086614174
21
-4.2784682283464566
0
LINE
8
BLACK
6
CONTINUOUS
10
3.5653307086614174
20
-4.2784682283464566
11
3.5689753543307088
21
-4.2839228346456695
0
LINE
8
BLACK
6
CONTINUOUS
10
3.5689753543307088
20
-4.2839228346456695
11
3.5714858267716534
21
-4.289983661417323
0
LINE
8
BLACK
6
CONTINUOUS
10
3.5714858267716534
20
-4.289983661417323
11
3.5727656692913383
21
-4.2964177952755902
0
LINE
8
BLACK
6
CONTINUOUS
10
3.5727656692913383
20
-4.2964177952755902
11
3.5727656692913383
21
-4.3029780314960631
0
LINE
8
BLACK
6
CONTINUOUS
10
3.5727656692913383
20
-4.3029780314960631
11
3.5714858267716534
21
-4.3094121653543302
0
LINE
8
BLACK
6
CONTINUOUS
10
3.5714858267716534
20
-4.3094121653543302
11
3.5689753543307088
21
-4.3154729921259838
0
LINE
8
BLACK
6
CONTINUOUS
10
3.5689753543307088
20
-4.3154729921259838
11
3.5653307086614174
21
-4.3209275984251967
0
LINE
8
BLACK
6
CONTINUOUS
10
3.5653307086614174
20
-4.3209275984251967
11
3.5606919291338581
21
-4.3255663779527556
0
LINE
8
BLACK
6
CONTINUOUS
10
3.5606919291338581
20
-4.3255663779527556
11
3.5552373228346457
21
-4.3292110236220473
0
LINE
8
BLACK
6
CONTINUOUS
10
3.5552373228346457
20
-4.3292110236220473
11
3.5491764960629921
21
-4.3317214960629924
0
LINE
8
BLACK
6
CONTINUOUS
10
3.5491764960629921
20
-4.3317214960629924
11
3.5427423622047245
21
-4.3330013385826769
0
LINE
8
BLACK
6
CONTINUOUS
10
3.5427423622047245
20
-4.3330013385826769
11
3.5361821259842521
21
-4.3330013385826769
0
LINE
8
BLACK
6
CONTINUOUS
10
3.5361821259842521
20
-4.3330013385826769
11
3.529747992125984
21
-4.3317214960629924
0
LINE
8
BLACK
6
CONTINUOUS
10
3.529747992125984
20
-4.3317214960629924
11
3.5236871653543305
21
-4.3292110236220473
0
LINE
8
BLACK
6
CONTINUOUS
10
3.5236871653543305
20
-4.3292110236220473
11
3.518232559055118
21
-4.3255663779527556
0
LINE
8
BLACK
6
CONTINUOUS
10
3.518232559055118
20
-4.3255663779527556
11
3.5135937795275591
21
-4.3209275984251967
0
LINE
8
BLACK
6
CONTINUOUS
10
3.5135937795275591
20
-4.3209275984251967
11
3.5099491338582678
21
-4.3154729921259838
0
LINE
8
BLACK
6
CONTINUOUS
10
3.5099491338582678
20
-4.3154729921259838
11
3.5074386614173227
21
-4.3094121653543302
0
LINE
8
BLACK
6
CONTINUOUS
10
3.5074386614173227
20
-4.3094121653543302
11
3.5061588188976378
21
-4.3029780314960631
0
LINE
8
BLACK
6
CONTINUOUS
10
3.5061588188976378
20
-4.3029780314960631
11
3.5061588188976378
21
-4.2964177952755902
0
LINE
8
BLACK
6
CONTINUOUS
10
3.5061588188976378
20
-4.2964177952755902
11
3.5074386614173227
21
-4.289983661417323
0
LINE
8
BLACK
6
CONTINUOUS
10
3.5074386614173227
20
-4.289983661417323
11
3.5099491338582678
21
-4.2839228346456695
0
LINE
8
BLACK
6
CONTINUOUS
10
3.5099491338582678
20
-4.2839228346456695
11
3.5135937795275591
21
-4.2784682283464566
0
LINE
8
BLACK
6
CONTINUOUS
10
3.5135937795275591
20
-4.2784682283464566
11
3.518232559055118
21
-4.2738294488188977
0
LINE
8
BLACK
6
CONTINUOUS
10
3.518232559055118
20
-4.2738294488188977
11
3.5236871653543305
21
-4.2701848031496059
0
LINE
8
BLACK
6
CONTINUOUS
10
3.5236871653543305
20
-4.2701848031496059
11
3.529747992125984
21
-4.2676743307086618
0
LINE
8
BLACK
6
CONTINUOUS
10
3.529747992125984
20
-4.2676743307086618
11
3.5361821259842521
21
-4.2663944881889764
0
LINE
8
BLACK
6
CONTINUOUS
10
3.5361821259842521
20
-4.2663944881889764
11
3.5427423622047245
21
-4.2663944881889764
0
LINE
8
BLACK
6
CONTINUOUS
10
3.5427423622047245
20
-4.2663944881889764
11
3.5491764960629921
21
-4.2676743307086618
0
LINE
8
BLACK
6
CONTINUOUS
10
3.449176496062992
20
-4.1676743307086612
11
3.4552373228346456
21
-4.1701848031496063
0
LINE
8
BLACK
6
CONTINUOUS
10
3.4552373228346456
20
-4.1701848031496063
11
3.460691929133858
21
-4.1738294488188972
0
LINE
8
BLACK
6
CONTINUOUS
10
3.460691929133858
20
-4.1738294488188972
11
3.4653307086614173
21
-4.1784682283464569
0
LINE
8
BLACK
6
CONTINUOUS
10
3.4653307086614173
20
-4.1784682283464569
11
3.4689753543307087
21
-4.1839228346456689
0
LINE
8
BLACK
6
CONTINUOUS
10
3.4689753543307087
20
-4.1839228346456689
11
3.4714858267716533
21
-4.1899836614173225
0
LINE
8
BLACK
6
CONTINUOUS
10
3.4714858267716533
20
-4.1899836614173225
11
3.4727656692913387
21
-4.1964177952755906
0
LINE
8
BLACK
6
CONTINUOUS
10
3.4727656692913387
20
-4.1964177952755906
11
3.4727656692913387
21
-4.2029780314960625
0
LINE
8
BLACK
6
CONTINUOUS
10
3.4727656692913387
20
-4.2029780314960625
11
3.4714858267716533
21
-4.2094121653543306
0
LINE
8
BLACK
6
CONTINUOUS
10
3.4714858267716533
20
-4.2094121653543306
11
3.4689753543307087
21
-4.2154729921259841
0
LINE
8
BLACK
6
CONTINUOUS
10
3.4689753543307087
20
-4.2154729921259841
11
3.4653307086614173
21
-4.220927598425197
0
LINE
8
BLACK
6
CONTINUOUS
10
3.4653307086614173
20
-4.220927598425197
11
3.460691929133858
21
-4.2255663779527559
0
LINE
8
BLACK
6
CONTINUOUS
10
3.460691929133858
20
-4.2255663779527559
11
3.4552373228346456
21
-4.2292110236220468
0
LINE
8
BLACK
6
CONTINUOUS
10
3.4552373228346456
20
-4.2292110236220468
11
3.449176496062992
21
-4.2317214960629919
0
LINE
8
BLACK
6
CONTINUOUS
10
3.449176496062992
20
-4.2317214960629919
11
3.4427423622047244
21
-4.2330013385826772
0
LINE
8
BLACK
6
CONTINUOUS
10
3.4427423622047244
20
-4.2330013385826772
11
3.436182125984252
21
-4.2330013385826772
0
LINE
8
BLACK
6
CONTINUOUS
10
3.436182125984252
20
-4.2330013385826772
11
3.4297479921259844
21
-4.2317214960629919
0
LINE
8
BLACK
6
CONTINUOUS
10
3.4297479921259844
20
-4.2317214960629919
11
3.4236871653543308
21
-4.2292110236220468
0
LINE
8
BLACK
6
CONTINUOUS
10
3.4236871653543308
20
-4.2292110236220468
11
3.4182325590551179
21
-4.2255663779527559
0
LINE
8
BLACK
6
CONTINUOUS
10
3.4182325590551179
20
-4.2255663779527559
11
3.413593779527559
21
-4.220927598425197
0
LINE
8
BLACK
6
CONTINUOUS
10
3.413593779527559
20
-4.220927598425197
11
3.4099491338582677
21
-4.2154729921259841
0
LINE
8
BLACK
6
CONTINUOUS
10
3.4099491338582677
20
-4.2154729921259841
11
3.4074386614173227
21
-4.2094121653543306
0
LINE
8
BLACK
6
CONTINUOUS
10
3.4074386614173227
20
-4.2094121653543306
11
3.4061588188976377
21
-4.2029780314960625
0
LINE
8
BLACK
6
CONTINUOUS
10
3.4061588188976377
20
-4.2029780314960625
11
3.4061588188976377
21
-4.1964177952755906
0
LINE
8
BLACK
6
CONTINUOUS
10
3.4061588188976377
20
-4.1964177952755906
11
3.4074386614173227
21
-4.1899836614173225
0
LINE
8
BLACK
6
CONTINUOUS
10
3.4074386614173227
20
-4.1899836614173225
11
3.4099491338582677
21
-4.1839228346456689
0
LINE
8
BLACK
6
CONTINUOUS
10
3.4099491338582677
20
-4.1839228346456689
11
3.413593779527559
21
-4.1784682283464569
0
LINE
8
BLACK
6
CONTINUOUS
10
3.413593779527559
20
-4.1784682283464569
11
3.4182325590551179
21
-4.1738294488188972
0
LINE
8
BLACK
6
CONTINUOUS
10
3.4182325590551179
20
-4.1738294488188972
11
3.4236871653543308
21
-4.1701848031496063
0
LINE
8
BLACK
6
CONTINUOUS
10
3.4236871653543308
20
-4.1701848031496063
11
3.4297479921259844
21
-4.1676743307086612
0
LINE
8
BLACK
6
CONTINUOUS
10
3.4297479921259844
20
-4.1676743307086612
11
3.436182125984252
21
-4.1663944881889758
0
LINE
8
BLACK
6
CONTINUOUS
10
3.436182125984252
20
-4.1663944881889758
11
3.4427423622047244
21
-4.1663944881889758
0
LINE
8
BLACK
6
CONTINUOUS
10
3.4427423622047244
20
-4.1663944881889758
11
3.449176496062992
21
-4.1676743307086612
0
LINE
8
BLACK
6
CONTINUOUS
10
3.5491764960629921
20
-4.1676743307086612
11
3.5552373228346457
21
-4.1701848031496063
0
LINE
8
BLACK
6
CONTINUOUS
10
3.5552373228346457
20
-4.1701848031496063
11
3.5606919291338581
21
-4.1738294488188972
0
LINE
8
BLACK
6
CONTINUOUS
10
3.5606919291338581
20
-4.1738294488188972
11
3.5653307086614174
21
-4.1784682283464569
0
LINE
8
BLACK
6
CONTINUOUS
10
3.5653307086614174
20
-4.1784682283464569
11
3.5689753543307088
21
-4.1839228346456689
0
LINE
8
BLACK
6
CONTINUOUS
10
3.5689753543307088
20
-4.1839228346456689
11
3.5714858267716534
21
-4.1899836614173225
0
LINE
8
BLACK
6
CONTINUOUS
10
3.5714858267716534
20
-4.1899836614173225
11
3.5727656692913383
21
-4.1964177952755906
0
LINE
8
BLACK
6
CONTINUOUS
10
3.5727656692913383
20
-4.1964177952755906
11
3.5727656692913383
21
-4.2029780314960625
0
LINE
8
BLACK
6
CONTINUOUS
10
3.5727656692913383
20
-4.2029780314960625
11
3.5714858267716534
21
-4.2094121653543306
0
LINE
8
BLACK
6
CONTINUOUS
10
3.5714858267716534
20
-4.2094121653543306
11
3.5689753543307088
21
-4.2154729921259841
0
LINE
8
BLACK
6
CONTINUOUS
10
3.5689753543307088
20
-4.2154729921259841
11
3.5653307086614174
21
-4.220927598425197
0
LINE
8
BLACK
6
CONTINUOUS
10
3.5653307086614174
20
-4.220927598425197
11
3.5606919291338581
21
-4.2255663779527559
0
LINE
8
BLACK
6
CONTINUOUS
10
3.5606919291338581
20
-4.2255663779527559
11
3.5552373228346457
21
-4.2292110236220468
0
LINE
8
BLACK
6
CONTINUOUS
10
3.5552373228346457
20
-4.2292110236220468
11
3.5491764960629921
21
-4.2317214960629919
0
LINE
8
BLACK
6
CONTINUOUS
10
3.5491764960629921
20
-4.2317214960629919
11
3.5427423622047245
21
-4.2330013385826772
0
LINE
8
BLACK
6
CONTINUOUS
10
3.5427423622047245
20
-4.2330013385826772
11
3.5361821259842521
21
-4.2330013385826772
0
LINE
8
BLACK
6
CONTINUOUS
10
3.5361821259842521
20
-4.2330013385826772
11
3.529747992125984
21
-4.2317214960629919
0
LINE
8
BLACK
6
CONTINUOUS
10
3.529747992125984
20
-4.2317214960629919
11
3.5236871653543305
21
-4.2292110236220468
0
LINE
8
BLACK
6
CONTINUOUS
10
3.5236871653543305
20
-4.2292110236220468
11
3.518232559055118
21
-4.2255663779527559
0
LINE
8
BLACK
6
CONTINUOUS
10
3.518232559055118
20
-4.2255663779527559
11
3.5135937795275591
21
-4.220927598425197
0
LINE
8
BLACK
6
CONTINUOUS
10
3.5135937795275591
20
-4.220927598425197
11
3.5099491338582678
21
-4.2154729921259841
0
LINE
8
BLACK
6
CONTINUOUS
10
3.5099491338582678
20
-4.2154729921259841
11
3.5074386614173227
21
-4.2094121653543306
0
LINE
8
BLACK
6
CONTINUOUS
10
3.5074386614173227
20
-4.2094121653543306
11
3.5061588188976378
21
-4.2029780314960625
0
LINE
8
BLACK
6
CONTINUOUS
10
3.5061588188976378
20
-4.2029780314960625
11
3.5061588188976378
21
-4.1964177952755906
0
LINE
8
BLACK
6
CONTINUOUS
10
3.5061588188976378
20
-4.1964177952755906
11
3.5074386614173227
21
-4.1899836614173225
0
LINE
8
BLACK
6
CONTINUOUS
10
3.5074386614173227
20
-4.1899836614173225
11
3.5099491338582678
21
-4.1839228346456689
0
LINE
8
BLACK
6
CONTINUOUS
10
3.5099491338582678
20
-4.1839228346456689
11
3.5135937795275591
21
-4.1784682283464569
0
LINE
8
BLACK
6
CONTINUOUS
10
3.5135937795275591
20
-4.1784682283464569
11
3.518232559055118
21
-4.1738294488188972
0
LINE
8
BLACK
6
CONTINUOUS
10
3.518232559055118
20
-4.1738294488188972
11
3.5236871653543305
21
-4.1701848031496063
0
LINE
8
BLACK
6
CONTINUOUS
10
3.5236871653543305
20
-4.1701848031496063
11
3.529747992125984
21
-4.1676743307086612
0
LINE
8
BLACK
6
CONTINUOUS
10
3.529747992125984
20
-4.1676743307086612
11
3.5361821259842521
21
-4.1663944881889758
0
LINE
8
BLACK
6
CONTINUOUS
10
3.5361821259842521
20
-4.1663944881889758
11
3.5427423622047245
21
-4.1663944881889758
0
LINE
8
BLACK
6
CONTINUOUS
10
3.5427423622047245
20
-4.1663944881889758
11
3.5491764960629921
21
-4.1676743307086612
0
LINE
8
BLACK
6
CONTINUOUS
10
3.449176496062992
20
-4.0676743307086616
11
3.4552373228346456
21
-4.0701848031496066
0
LINE
8
BLACK
6
CONTINUOUS
10
3.4552373228346456
20
-4.0701848031496066
11
3.460691929133858
21
-4.0738294488188975
0
LINE
8
BLACK
6
CONTINUOUS
10
3.460691929133858
20
-4.0738294488188975
11
3.4653307086614173
21
-4.0784682283464564
0
LINE
8
BLACK
6
CONTINUOUS
10
3.4653307086614173
20
-4.0784682283464564
11
3.4689753543307087
21
-4.0839228346456693
0
LINE
8
BLACK
6
CONTINUOUS
10
3.4689753543307087
20
-4.0839228346456693
11
3.4714858267716533
21
-4.0899836614173228
0
LINE
8
BLACK
6
CONTINUOUS
10
3.4714858267716533
20
-4.0899836614173228
11
3.4727656692913387
21
-4.09641779527559
0
LINE
8
BLACK
6
CONTINUOUS
10
3.4727656692913387
20
-4.09641779527559
11
3.4727656692913387
21
-4.1029780314960629
0
LINE
8
BLACK
6
CONTINUOUS
10
3.4727656692913387
20
-4.1029780314960629
11
3.4714858267716533
21
-4.109412165354331
0
LINE
8
BLACK
6
CONTINUOUS
10
3.4714858267716533
20
-4.109412165354331
11
3.4689753543307087
21
-4.1154729921259845
0
LINE
8
BLACK
6
CONTINUOUS
10
3.4689753543307087
20
-4.1154729921259845
11
3.4653307086614173
21
-4.1209275984251965
0
LINE
8
BLACK
6
CONTINUOUS
10
3.4653307086614173
20
-4.1209275984251965
11
3.460691929133858
21
-4.1255663779527554
0
LINE
8
BLACK
6
CONTINUOUS
10
3.460691929133858
20
-4.1255663779527554
11
3.4552373228346456
21
-4.1292110236220472
0
LINE
8
BLACK
6
CONTINUOUS
10
3.4552373228346456
20
-4.1292110236220472
11
3.449176496062992
21
-4.1317214960629922
0
LINE
8
BLACK
6
CONTINUOUS
10
3.449176496062992
20
-4.1317214960629922
11
3.4427423622047244
21
-4.1330013385826767
0
LINE
8
BLACK
6
CONTINUOUS
10
3.4427423622047244
20
-4.1330013385826767
11
3.436182125984252
21
-4.1330013385826767
0
LINE
8
BLACK
6
CONTINUOUS
10
3.436182125984252
20
-4.1330013385826767
11
3.4297479921259844
21
-4.1317214960629922
0
LINE
8
BLACK
6
CONTINUOUS
10
3.4297479921259844
20
-4.1317214960629922
11
3.4236871653543308
21
-4.1292110236220472
0
LINE
8
BLACK
6
CONTINUOUS
10
3.4236871653543308
20
-4.1292110236220472
11
3.4182325590551179
21
-4.1255663779527554
0
LINE
8
BLACK
6
CONTINUOUS
10
3.4182325590551179
20
-4.1255663779527554
11
3.413593779527559
21
-4.1209275984251965
0
LINE
8
BLACK
6
CONTINUOUS
10
3.413593779527559
20
-4.1209275984251965
11
3.4099491338582677
21
-4.1154729921259845
0
LINE
8
BLACK
6
CONTINUOUS
10
3.4099491338582677
20
-4.1154729921259845
11
3.4074386614173227
21
-4.109412165354331
0
LINE
8
BLACK
6
CONTINUOUS
10
3.4074386614173227
20
-4.109412165354331
11
3.4061588188976377
21
-4.1029780314960629
0
LINE
8
BLACK
6
CONTINUOUS
10
3.4061588188976377
20
-4.1029780314960629
11
3.4061588188976377
21
-4.09641779527559
0
LINE
8
BLACK
6
CONTINUOUS
10
3.4061588188976377
20
-4.09641779527559
11
3.4074386614173227
21
-4.0899836614173228
0
LINE
8
BLACK
6
CONTINUOUS
10
3.4074386614173227
20
-4.0899836614173228
11
3.4099491338582677
21
-4.0839228346456693
0
LINE
8
BLACK
6
CONTINUOUS
10
3.4099491338582677
20
-4.0839228346456693
11
3.413593779527559
21
-4.0784682283464564
0
LINE
8
BLACK
6
CONTINUOUS
10
3.413593779527559
20
-4.0784682283464564
11
3.4182325590551179
21
-4.0738294488188975
0
LINE
8
BLACK
6
CONTINUOUS
10
3.4182325590551179
20
-4.0738294488188975
11
3.4236871653543308
21
-4.0701848031496066
0
LINE
8
BLACK
6
CONTINUOUS
10
3.4236871653543308
20
-4.0701848031496066
11
3.4297479921259844
21
-4.0676743307086616
0
LINE
8
BLACK
6
CONTINUOUS
10
3.4297479921259844
20
-4.0676743307086616
11
3.436182125984252
21
-4.0663944881889762
0
LINE
8
BLACK
6
CONTINUOUS
10
3.436182125984252
20
-4.0663944881889762
11
3.4427423622047244
21
-4.0663944881889762
0
LINE
8
BLACK
6
CONTINUOUS
10
3.4427423622047244
20
-4.0663944881889762
11
3.449176496062992
21
-4.0676743307086616
0
LINE
8
BLACK
6
CONTINUOUS
10
3.5491764960629921
20
-4.0676743307086616
11
3.5552373228346457
21
-4.0701848031496066
0
LINE
8
BLACK
6
CONTINUOUS
10
3.5552373228346457
20
-4.0701848031496066
11
3.5606919291338581
21
-4.0738294488188975
0
LINE
8
BLACK
6
CONTINUOUS
10
3.5606919291338581
20
-4.0738294488188975
11
3.5653307086614174
21
-4.0784682283464564
0
LINE
8
BLACK
6
CONTINUOUS
10
3.5653307086614174
20
-4.0784682283464564
11
3.5689753543307088
21
-4.0839228346456693
0
LINE
8
BLACK
6
CONTINUOUS
10
3.5689753543307088
20
-4.0839228346456693
11
3.5714858267716534
21
-4.0899836614173228
0
LINE
8
BLACK
6
CONTINUOUS
10
3.5714858267716534
20
-4.0899836614173228
11
3.5727656692913383
21
-4.09641779527559
0
LINE
8
BLACK
6
CONTINUOUS
10
3.5727656692913383
20
-4.09641779527559
11
3.5727656692913383
21
-4.1029780314960629
0
LINE
8
BLACK
6
CONTINUOUS
10
3.5727656692913383
20
-4.1029780314960629
11
3.5714858267716534
21
-4.109412165354331
0
LINE
8
BLACK
6
CONTINUOUS
10
3.5714858267716534
20
-4.109412165354331
11
3.5689753543307088
21
-4.1154729921259845
0
LINE
8
BLACK
6
CONTINUOUS
10
3.5689753543307088
20
-4.1154729921259845
11
3.5653307086614174
21
-4.1209275984251965
0
LINE
8
BLACK
6
CONTINUOUS
10
3.5653307086614174
20
-4.1209275984251965
11
3.5606919291338581
21
-4.1255663779527554
0
LINE
8
BLACK
6
CONTINUOUS
10
3.5606919291338581
20
-4.1255663779527554
11
3.5552373228346457
21
-4.1292110236220472
0
LINE
8
BLACK
6
CONTINUOUS
10
3.5552373228346457
20
-4.1292110236220472
11
3.5491764960629921
21
-4.1317214960629922
0
LINE
8
BLACK
6
CONTINUOUS
10
3.5491764960629921
20
-4.1317214960629922
11
3.5427423622047245
21
-4.1330013385826767
0
LINE
8
BLACK
6
CONTINUOUS
10
3.5427423622047245
20
-4.1330013385826767
11
3.5361821259842521
21
-4.1330013385826767
0
LINE
8
BLACK
6
CONTINUOUS
10
3.5361821259842521
20
-4.1330013385826767
11
3.529747992125984
21
-4.1317214960629922
0
LINE
8
BLACK
6
CONTINUOUS
10
3.529747992125984
20
-4.1317214960629922
11
3.5236871653543305
21
-4.1292110236220472
0
LINE
8
BLACK
6
CONTINUOUS
10
3.5236871653543305
20
-4.1292110236220472
11
3.518232559055118
21
-4.1255663779527554
0
LINE
8
BLACK
6
CONTINUOUS
10
3.518232559055118
20
-4.1255663779527554
11
3.5135937795275591
21
-4.1209275984251965
0
LINE
8
BLACK
6
CONTINUOUS
10
3.5135937795275591
20
-4.1209275984251965
11
3.5099491338582678
21
-4.1154729921259845
0
LINE
8
BLACK
6
CONTINUOUS
10
3.5099491338582678
20
-4.1154729921259845
11
3.5074386614173227
21
-4.109412165354331
0
LINE
8
BLACK
6
CONTINUOUS
10
3.5074386614173227
20
-4.109412165354331
11
3.5061588188976378
21
-4.1029780314960629
0
LINE
8
BLACK
6
CONTINUOUS
10
3.5061588188976378
20
-4.1029780314960629
11
3.5061588188976378
21
-4.09641779527559
0
LINE
8
BLACK
6
CONTINUOUS
10
3.5061588188976378
20
-4.09641779527559
11
3.5074386614173227
21
-4.0899836614173228
0
LINE
8
BLACK
6
CONTINUOUS
10
3.5074386614173227
20
-4.0899836614173228
11
3.5099491338582678
21
-4.0839228346456693
0
LINE
8
BLACK
6
CONTINUOUS
10
3.5099491338582678
20
-4.0839228346456693
11
3.5135937795275591
21
-4.0784682283464564
0
LINE
8
BLACK
6
CONTINUOUS
10
3.5135937795275591
20
-4.0784682283464564
11
3.518232559055118
21
-4.0738294488188975
0
LINE
8
BLACK
6
CONTINUOUS
10
3.518232559055118
20
-4.0738294488188975
11
3.5236871653543305
21
-4.0701848031496066
0
LINE
8
BLACK
6
CONTINUOUS
10
3.5236871653543305
20
-4.0701848031496066
11
3.529747992125984
21
-4.0676743307086616
0
LINE
8
BLACK
6
CONTINUOUS
10
3.529747992125984
20
-4.0676743307086616
11
3.5361821259842521
21
-4.0663944881889762
0
LINE
8
BLACK
6
CONTINUOUS
10
3.5361821259842521
20
-4.0663944881889762
11
3.5427423622047245
21
-4.0663944881889762
0
LINE
8
BLACK
6
CONTINUOUS
10
3.5427423622047245
20
-4.0663944881889762
11
3.5491764960629921
21
-4.0676743307086616
0
LINE
8
BLACK
6
CONTINUOUS
10
3.449176496062992
20
-3.9676743307086615
11
3.4552373228346456
21
-3.9701848031496061
0
LINE
8
BLACK
6
CONTINUOUS
10
3.4552373228346456
20
-3.9701848031496061
11
3.460691929133858
21
-3.9738294488188974
0
LINE
8
BLACK
6
CONTINUOUS
10
3.460691929133858
20
-3.9738294488188974
11
3.4653307086614173
21
-3.9784682283464567
0
LINE
8
BLACK
6
CONTINUOUS
10
3.4653307086614173
20
-3.9784682283464567
11
3.4689753543307087
21
-3.9839228346456692
0
LINE
8
BLACK
6
CONTINUOUS
10
3.4689753543307087
20
-3.9839228346456692
11
3.4714858267716533
21
-3.9899836614173227
0
LINE
8
BLACK
6
CONTINUOUS
10
3.4714858267716533
20
-3.9899836614173227
11
3.4727656692913387
21
-3.9964177952755904
0
LINE
8
BLACK
6
CONTINUOUS
10
3.4727656692913387
20
-3.9964177952755904
11
3.4727656692913387
21
-4.0029780314960632
0
LINE
8
BLACK
6
CONTINUOUS
10
3.4727656692913387
20
-4.0029780314960632
11
3.4714858267716533
21
-4.0094121653543304
0
LINE
8
BLACK
6
CONTINUOUS
10
3.4714858267716533
20
-4.0094121653543304
11
3.4689753543307087
21
-4.015472992125984
0
LINE
8
BLACK
6
CONTINUOUS
10
3.4689753543307087
20
-4.015472992125984
11
3.4653307086614173
21
-4.0209275984251969
0
LINE
8
BLACK
6
CONTINUOUS
10
3.4653307086614173
20
-4.0209275984251969
11
3.460691929133858
21
-4.0255663779527557
0
LINE
8
BLACK
6
CONTINUOUS
10
3.460691929133858
20
-4.0255663779527557
11
3.4552373228346456
21
-4.0292110236220475
0
LINE
8
BLACK
6
CONTINUOUS
10
3.4552373228346456
20
-4.0292110236220475
11
3.449176496062992
21
-4.0317214960629917
0
LINE
8
BLACK
6
CONTINUOUS
10
3.449176496062992
20
-4.0317214960629917
11
3.4427423622047244
21
-4.0330013385826771
0
LINE
8
BLACK
6
CONTINUOUS
10
3.4427423622047244
20
-4.0330013385826771
11
3.436182125984252
21
-4.0330013385826771
0
LINE
8
BLACK
6
CONTINUOUS
10
3.436182125984252
20
-4.0330013385826771
11
3.4297479921259844
21
-4.0317214960629917
0
LINE
8
BLACK
6
CONTINUOUS
10
3.4297479921259844
20
-4.0317214960629917
11
3.4236871653543308
21
-4.0292110236220475
0
LINE
8
BLACK
6
CONTINUOUS
10
3.4236871653543308
20
-4.0292110236220475
11
3.4182325590551179
21
-4.0255663779527557
0
LINE
8
BLACK
6
CONTINUOUS
10
3.4182325590551179
20
-4.0255663779527557
11
3.413593779527559
21
-4.0209275984251969
0
LINE
8
BLACK
6
CONTINUOUS
10
3.413593779527559
20
-4.0209275984251969
11
3.4099491338582677
21
-4.015472992125984
0
LINE
8
BLACK
6
CONTINUOUS
10
3.4099491338582677
20
-4.015472992125984
11
3.4074386614173227
21
-4.0094121653543304
0
LINE
8
BLACK
6
CONTINUOUS
10
3.4074386614173227
20
-4.0094121653543304
11
3.4061588188976377
21
-4.0029780314960632
0
LINE
8
BLACK
6
CONTINUOUS
10
3.4061588188976377
20
-4.0029780314960632
11
3.4061588188976377
21
-3.9964177952755904
0
LINE
8
BLACK
6
CONTINUOUS
10
3.4061588188976377
20
-3.9964177952755904
11
3.4074386614173227
21
-3.9899836614173227
0
LINE
8
BLACK
6
CONTINUOUS
10
3.4074386614173227
20
-3.9899836614173227
11
3.4099491338582677
21
-3.9839228346456692
0
LINE
8
BLACK
6
CONTINUOUS
10
3.4099491338582677
20
-3.9839228346456692
11
3.413593779527559
21
-3.9784682283464567
0
LINE
8
BLACK
6
CONTINUOUS
10
3.413593779527559
20
-3.9784682283464567
11
3.4182325590551179
21
-3.9738294488188974
0
LINE
8
BLACK
6
CONTINUOUS
10
3.4182325590551179
20
-3.9738294488188974
11
3.4236871653543308
21
-3.9701848031496061
0
LINE
8
BLACK
6
CONTINUOUS
10
3.4236871653543308
20
-3.9701848031496061
11
3.4297479921259844
21
-3.9676743307086615
0
LINE
8
BLACK
6
CONTINUOUS
10
3.4297479921259844
20
-3.9676743307086615
11
3.436182125984252
21
-3.9663944881889761
0
LINE
8
BLACK
6
CONTINUOUS
10
3.436182125984252
20
-3.9663944881889761
11
3.4427423622047244
21
-3.9663944881889761
0
LINE
8
BLACK
6
CONTINUOUS
10
3.4427423622047244
20
-3.9663944881889761
11
3.449176496062992
21
-3.9676743307086615
0
LINE
8
BLACK
6
CONTINUOUS
10
3.5491764960629921
20
-3.9676743307086615
11
3.5552373228346457
21
-3.9701848031496061
0
LINE
8
BLACK
6
CONTINUOUS
10
3.5552373228346457
20
-3.9701848031496061
11
3.5606919291338581
21
-3.9738294488188974
0
LINE
8
BLACK
6
CONTINUOUS
10
3.5606919291338581
20
-3.9738294488188974
11
3.5653307086614174
21
-3.9784682283464567
0
LINE
8
BLACK
6
CONTINUOUS
10
3.5653307086614174
20
-3.9784682283464567
11
3.5689753543307088
21
-3.9839228346456692
0
LINE
8
BLACK
6
CONTINUOUS
10
3.5689753543307088
20
-3.9839228346456692
11
3.5714858267716534
21
-3.9899836614173227
0
LINE
8
BLACK
6
CONTINUOUS
10
3.5714858267716534
20
-3.9899836614173227
11
3.5727656692913383
21
-3.9964177952755904
0
LINE
8
BLACK
6
CONTINUOUS
10
3.5727656692913383
20
-3.9964177952755904
11
3.5727656692913383
21
-4.0029780314960632
0
LINE
8
BLACK
6
CONTINUOUS
10
3.5727656692913383
20
-4.0029780314960632
11
3.5714858267716534
21
-4.0094121653543304
0
LINE
8
BLACK
6
CONTINUOUS
10
3.5714858267716534
20
-4.0094121653543304
11
3.5689753543307088
21
-4.015472992125984
0
LINE
8
BLACK
6
CONTINUOUS
10
3.5689753543307088
20
-4.015472992125984
11
3.5653307086614174
21
-4.0209275984251969
0
LINE
8
BLACK
6
CONTINUOUS
10
3.5653307086614174
20
-4.0209275984251969
11
3.5606919291338581
21
-4.0255663779527557
0
LINE
8
BLACK
6
CONTINUOUS
10
3.5606919291338581
20
-4.0255663779527557
11
3.5552373228346457
21
-4.0292110236220475
0
LINE
8
BLACK
6
CONTINUOUS
10
3.5552373228346457
20
-4.0292110236220475
11
3.5491764960629921
21
-4.0317214960629917
0
LINE
8
BLACK
6
CONTINUOUS
10
3.5491764960629921
20
-4.0317214960629917
11
3.5427423622047245
21
-4.0330013385826771
0
LINE
8
BLACK
6
CONTINUOUS
10
3.5427423622047245
20
-4.0330013385826771
11
3.5361821259842521
21
-4.0330013385826771
0
LINE
8
BLACK
6
CONTINUOUS
10
3.5361821259842521
20
-4.0330013385826771
11
3.529747992125984
21
-4.0317214960629917
0
LINE
8
BLACK
6
CONTINUOUS
10
3.529747992125984
20
-4.0317214960629917
11
3.5236871653543305
21
-4.0292110236220475
0
LINE
8
BLACK
6
CONTINUOUS
10
3.5236871653543305
20
-4.0292110236220475
11
3.518232559055118
21
-4.0255663779527557
0
LINE
8
BLACK
6
CONTINUOUS
10
3.518232559055118
20
-4.0255663779527557
11
3.5135937795275591
21
-4.0209275984251969
0
LINE
8
BLACK
6
CONTINUOUS
10
3.5135937795275591
20
-4.0209275984251969
11
3.5099491338582678
21
-4.015472992125984
0
LINE
8
BLACK
6
CONTINUOUS
10
3.5099491338582678
20
-4.015472992125984
11
3.5074386614173227
21
-4.0094121653543304
0
LINE
8
BLACK
6
CONTINUOUS
10
3.5074386614173227
20
-4.0094121653543304
11
3.5061588188976378
21
-4.0029780314960632
0
LINE
8
BLACK
6
CONTINUOUS
10
3.5061588188976378
20
-4.0029780314960632
11
3.5061588188976378
21
-3.9964177952755904
0
LINE
8
BLACK
6
CONTINUOUS
10
3.5061588188976378
20
-3.9964177952755904
11
3.5074386614173227
21
-3.9899836614173227
0
LINE
8
BLACK
6
CONTINUOUS
10
3.5074386614173227
20
-3.9899836614173227
11
3.5099491338582678
21
-3.9839228346456692
0
LINE
8
BLACK
6
CONTINUOUS
10
3.5099491338582678
20
-3.9839228346456692
11
3.5135937795275591
21
-3.9784682283464567
0
LINE
8
BLACK
6
CONTINUOUS
10
3.5135937795275591
20
-3.9784682283464567
11
3.518232559055118
21
-3.9738294488188974
0
LINE
8
BLACK
6
CONTINUOUS
10
3.518232559055118
20
-3.9738294488188974
11
3.5236871653543305
21
-3.9701848031496061
0
LINE
8
BLACK
6
CONTINUOUS
10
3.5236871653543305
20
-3.9701848031496061
11
3.529747992125984
21
-3.9676743307086615
0
LINE
8
BLACK
6
CONTINUOUS
10
3.529747992125984
20
-3.9676743307086615
11
3.5361821259842521
21
-3.9663944881889761
0
LINE
8
BLACK
6
CONTINUOUS
10
3.5361821259842521
20
-3.9663944881889761
11
3.5427423622047245
21
-3.9663944881889761
0
LINE
8
BLACK
6
CONTINUOUS
10
3.5427423622047245
20
-3.9663944881889761
11
3.5491764960629921
21
-3.9676743307086615
0
LINE
8
BLACK
6
CONTINUOUS
10
3.449176496062992
20
-3.8676743307086614
11
3.4552373228346456
21
-3.870184803149606
0
LINE
8
BLACK
6
CONTINUOUS
10
3.4552373228346456
20
-3.870184803149606
11
3.460691929133858
21
-3.8738294488188973
0
LINE
8
BLACK
6
CONTINUOUS
10
3.460691929133858
20
-3.8738294488188973
11
3.4653307086614173
21
-3.8784682283464567
0
LINE
8
BLACK
6
CONTINUOUS
10
3.4653307086614173
20
-3.8784682283464567
11
3.4689753543307087
21
-3.8839228346456691
0
LINE
8
BLACK
6
CONTINUOUS
10
3.4689753543307087
20
-3.8839228346456691
11
3.4714858267716533
21
-3.8899836614173227
0
LINE
8
BLACK
6
CONTINUOUS
10
3.4714858267716533
20
-3.8899836614173227
11
3.4727656692913387
21
-3.8964177952755903
0
LINE
8
BLACK
6
CONTINUOUS
10
3.4727656692913387
20
-3.8964177952755903
11
3.4727656692913387
21
-3.9029780314960627
0
LINE
8
BLACK
6
CONTINUOUS
10
3.4727656692913387
20
-3.9029780314960627
11
3.4714858267716533
21
-3.9094121653543308
0
LINE
8
BLACK
6
CONTINUOUS
10
3.4714858267716533
20
-3.9094121653543308
11
3.4689753543307087
21
-3.9154729921259843
0
LINE
8
BLACK
6
CONTINUOUS
10
3.4689753543307087
20
-3.9154729921259843
11
3.4653307086614173
21
-3.9209275984251968
0
LINE
8
BLACK
6
CONTINUOUS
10
3.4653307086614173
20
-3.9209275984251968
11
3.460691929133858
21
-3.9255663779527556
0
LINE
8
BLACK
6
CONTINUOUS
10
3.460691929133858
20
-3.9255663779527556
11
3.4552373228346456
21
-3.929211023622047
0
LINE
8
BLACK
6
CONTINUOUS
10
3.4552373228346456
20
-3.929211023622047
11
3.449176496062992
21
-3.931721496062992
0
LINE
8
BLACK
6
CONTINUOUS
10
3.449176496062992
20
-3.931721496062992
11
3.4427423622047244
21
-3.933001338582677
0
LINE
8
BLACK
6
CONTINUOUS
10
3.4427423622047244
20
-3.933001338582677
11
3.436182125984252
21
-3.933001338582677
0
LINE
8
BLACK
6
CONTINUOUS
10
3.436182125984252
20
-3.933001338582677
11
3.4297479921259844
21
-3.931721496062992
0
LINE
8
BLACK
6
CONTINUOUS
10
3.4297479921259844
20
-3.931721496062992
11
3.4236871653543308
21
-3.929211023622047
0
LINE
8
BLACK
6
CONTINUOUS
10
3.4236871653543308
20
-3.929211023622047
11
3.4182325590551179
21
-3.9255663779527556
0
LINE
8
BLACK
6
CONTINUOUS
10
3.4182325590551179
20
-3.9255663779527556
11
3.413593779527559
21
-3.9209275984251968
0
LINE
8
BLACK
6
CONTINUOUS
10
3.413593779527559
20
-3.9209275984251968
11
3.4099491338582677
21
-3.9154729921259843
0
LINE
8
BLACK
6
CONTINUOUS
10
3.4099491338582677
20
-3.9154729921259843
11
3.4074386614173227
21
-3.9094121653543308
0
LINE
8
BLACK
6
CONTINUOUS
10
3.4074386614173227
20
-3.9094121653543308
11
3.4061588188976377
21
-3.9029780314960627
0
LINE
8
BLACK
6
CONTINUOUS
10
3.4061588188976377
20
-3.9029780314960627
11
3.4061588188976377
21
-3.8964177952755903
0
LINE
8
BLACK
6
CONTINUOUS
10
3.4061588188976377
20
-3.8964177952755903
11
3.4074386614173227
21
-3.8899836614173227
0
LINE
8
BLACK
6
CONTINUOUS
10
3.4074386614173227
20
-3.8899836614173227
11
3.4099491338582677
21
-3.8839228346456691
0
LINE
8
BLACK
6
CONTINUOUS
10
3.4099491338582677
20
-3.8839228346456691
11
3.413593779527559
21
-3.8784682283464567
0
LINE
8
BLACK
6
CONTINUOUS
10
3.413593779527559
20
-3.8784682283464567
11
3.4182325590551179
21
-3.8738294488188973
0
LINE
8
BLACK
6
CONTINUOUS
10
3.4182325590551179
20
-3.8738294488188973
11
3.4236871653543308
21
-3.870184803149606
0
LINE
8
BLACK
6
CONTINUOUS
10
3.4236871653543308
20
-3.870184803149606
11
3.4297479921259844
21
-3.8676743307086614
0
LINE
8
BLACK
6
CONTINUOUS
10
3.4297479921259844
20
-3.8676743307086614
11
3.436182125984252
21
-3.8663944881889765
0
LINE
8
BLACK
6
CONTINUOUS
10
3.436182125984252
20
-3.8663944881889765
11
3.4427423622047244
21
-3.8663944881889765
0
LINE
8
BLACK
6
CONTINUOUS
10
3.4427423622047244
20
-3.8663944881889765
11
3.449176496062992
21
-3.8676743307086614
0
LINE
8
BLACK
6
CONTINUOUS
10
3.5491764960629921
20
-3.8676743307086614
11
3.5552373228346457
21
-3.870184803149606
0
LINE
8
BLACK
6
CONTINUOUS
10
3.5552373228346457
20
-3.870184803149606
11
3.5606919291338581
21
-3.8738294488188973
0
LINE
8
BLACK
6
CONTINUOUS
10
3.5606919291338581
20
-3.8738294488188973
11
3.5653307086614174
21
-3.8784682283464567
0
LINE
8
BLACK
6
CONTINUOUS
10
3.5653307086614174
20
-3.8784682283464567
11
3.5689753543307088
21
-3.8839228346456691
0
LINE
8
BLACK
6
CONTINUOUS
10
3.5689753543307088
20
-3.8839228346456691
11
3.5714858267716534
21
-3.8899836614173227
0
LINE
8
BLACK
6
CONTINUOUS
10
3.5714858267716534
20
-3.8899836614173227
11
3.5727656692913383
21
-3.8964177952755903
0
LINE
8
BLACK
6
CONTINUOUS
10
3.5727656692913383
20
-3.8964177952755903
11
3.5727656692913383
21
-3.9029780314960627
0
LINE
8
BLACK
6
CONTINUOUS
10
3.5727656692913383
20
-3.9029780314960627
11
3.5714858267716534
21
-3.9094121653543308
0
LINE
8
BLACK
6
CONTINUOUS
10
3.5714858267716534
20
-3.9094121653543308
11
3.5689753543307088
21
-3.9154729921259843
0
LINE
8
BLACK
6
CONTINUOUS
10
3.5689753543307088
20
-3.9154729921259843
11
3.5653307086614174
21
-3.9209275984251968
0
LINE
8
BLACK
6
CONTINUOUS
10
3.5653307086614174
20
-3.9209275984251968
11
3.5606919291338581
21
-3.9255663779527556
0
LINE
8
BLACK
6
CONTINUOUS
10
3.5606919291338581
20
-3.9255663779527556
11
3.5552373228346457
21
-3.929211023622047
0
LINE
8
BLACK
6
CONTINUOUS
10
3.5552373228346457
20
-3.929211023622047
11
3.5491764960629921
21
-3.931721496062992
0
LINE
8
BLACK
6
CONTINUOUS
10
3.5491764960629921
20
-3.931721496062992
11
3.5427423622047245
21
-3.933001338582677
0
LINE
8
BLACK
6
CONTINUOUS
10
3.5427423622047245
20
-3.933001338582677
11
3.5361821259842521
21
-3.933001338582677
0
LINE
8
BLACK
6
CONTINUOUS
10
3.5361821259842521
20
-3.933001338582677
11
3.529747992125984
21
-3.931721496062992
0
LINE
8
BLACK
6
CONTINUOUS
10
3.529747992125984
20
-3.931721496062992
11
3.5236871653543305
21
-3.929211023622047
0
LINE
8
BLACK
6
CONTINUOUS
10
3.5236871653543305
20
-3.929211023622047
11
3.518232559055118
21
-3.9255663779527556
0
LINE
8
BLACK
6
CONTINUOUS
10
3.518232559055118
20
-3.9255663779527556
11
3.5135937795275591
21
-3.9209275984251968
0
LINE
8
BLACK
6
CONTINUOUS
10
3.5135937795275591
20
-3.9209275984251968
11
3.5099491338582678
21
-3.9154729921259843
0
LINE
8
BLACK
6
CONTINUOUS
10
3.5099491338582678
20
-3.9154729921259843
11
3.5074386614173227
21
-3.9094121653543308
0
LINE
8
BLACK
6
CONTINUOUS
10
3.5074386614173227
20
-3.9094121653543308
11
3.5061588188976378
21
-3.9029780314960627
0
LINE
8
BLACK
6
CONTINUOUS
10
3.5061588188976378
20
-3.9029780314960627
11
3.5061588188976378
21
-3.8964177952755903
0
LINE
8
BLACK
6
CONTINUOUS
10
3.5061588188976378
20
-3.8964177952755903
11
3.5074386614173227
21
-3.8899836614173227
0
LINE
8
BLACK
6
CONTINUOUS
10
3.5074386614173227
20
-3.8899836614173227
11
3.5099491338582678
21
-3.8839228346456691
0
LINE
8
BLACK
6
CONTINUOUS
10
3.5099491338582678
20
-3.8839228346456691
11
3.5135937795275591
21
-3.8784682283464567
0
LINE
8
BLACK
6
CONTINUOUS
10
3.5135937795275591
20
-3.8784682283464567
11
3.518232559055118
21
-3.8738294488188973
0
LINE
8
BLACK
6
CONTINUOUS
10
3.518232559055118
20
-3.8738294488188973
11
3.5236871653543305
21
-3.870184803149606
0
LINE
8
BLACK
6
CONTINUOUS
10
3.5236871653543305
20
-3.870184803149606
11
3.529747992125984
21
-3.8676743307086614
0
LINE
8
BLACK
6
CONTINUOUS
10
3.529747992125984
20
-3.8676743307086614
11
3.5361821259842521
21
-3.8663944881889765
0
LINE
8
BLACK
6
CONTINUOUS
10
3.5361821259842521
20
-3.8663944881889765
11
3.5427423622047245
21
-3.8663944881889765
0
LINE
8
BLACK
6
CONTINUOUS
10
3.5427423622047245
20
-3.8663944881889765
11
3.5491764960629921
21
-3.8676743307086614
0
LINE
8
BLACK
6
CONTINUOUS
10
3.449176496062992
20
-3.7676743307086613
11
3.4552373228346456
21
-3.7701848031496064
0
LINE
8
BLACK
6
CONTINUOUS
10
3.4552373228346456
20
-3.7701848031496064
11
3.460691929133858
21
-3.7738294488188977
0
LINE
8
BLACK
6
CONTINUOUS
10
3.460691929133858
20
-3.7738294488188977
11
3.4653307086614173
21
-3.7784682283464566
0
LINE
8
BLACK
6
CONTINUOUS
10
3.4653307086614173
20
-3.7784682283464566
11
3.4689753543307087
21
-3.783922834645669
0
LINE
8
BLACK
6
CONTINUOUS
10
3.4689753543307087
20
-3.783922834645669
11
3.4714858267716533
21
-3.7899836614173226
0
LINE
8
BLACK
6
CONTINUOUS
10
3.4714858267716533
20
-3.7899836614173226
11
3.4727656692913387
21
-3.7964177952755906
0
LINE
8
BLACK
6
CONTINUOUS
10
3.4727656692913387
20
-3.7964177952755906
11
3.4727656692913387
21
-3.8029780314960631
0
LINE
8
BLACK
6
CONTINUOUS
10
3.4727656692913387
20
-3.8029780314960631
11
3.4714858267716533
21
-3.8094121653543307
0
LINE
8
BLACK
6
CONTINUOUS
10
3.4714858267716533
20
-3.8094121653543307
11
3.4689753543307087
21
-3.8154729921259842
0
LINE
8
BLACK
6
CONTINUOUS
10
3.4689753543307087
20
-3.8154729921259842
11
3.4653307086614173
21
-3.8209275984251967
0
LINE
8
BLACK
6
CONTINUOUS
10
3.4653307086614173
20
-3.8209275984251967
11
3.460691929133858
21
-3.825566377952756
0
LINE
8
BLACK
6
CONTINUOUS
10
3.460691929133858
20
-3.825566377952756
11
3.4552373228346456
21
-3.8292110236220473
0
LINE
8
BLACK
6
CONTINUOUS
10
3.4552373228346456
20
-3.8292110236220473
11
3.449176496062992
21
-3.8317214960629919
0
LINE
8
BLACK
6
CONTINUOUS
10
3.449176496062992
20
-3.8317214960629919
11
3.4427423622047244
21
-3.8330013385826769
0
LINE
8
BLACK
6
CONTINUOUS
10
3.4427423622047244
20
-3.8330013385826769
11
3.436182125984252
21
-3.8330013385826769
0
LINE
8
BLACK
6
CONTINUOUS
10
3.436182125984252
20
-3.8330013385826769
11
3.4297479921259844
21
-3.8317214960629919
0
LINE
8
BLACK
6
CONTINUOUS
10
3.4297479921259844
20
-3.8317214960629919
11
3.4236871653543308
21
-3.8292110236220473
0
LINE
8
BLACK
6
CONTINUOUS
10
3.4236871653543308
20
-3.8292110236220473
11
3.4182325590551179
21
-3.825566377952756
0
LINE
8
BLACK
6
CONTINUOUS
10
3.4182325590551179
20
-3.825566377952756
11
3.413593779527559
21
-3.8209275984251967
0
LINE
8
BLACK
6
CONTINUOUS
10
3.413593779527559
20
-3.8209275984251967
11
3.4099491338582677
21
-3.8154729921259842
0
LINE
8
BLACK
6
CONTINUOUS
10
3.4099491338582677
20
-3.8154729921259842
11
3.4074386614173227
21
-3.8094121653543307
0
LINE
8
BLACK
6
CONTINUOUS
10
3.4074386614173227
20
-3.8094121653543307
11
3.4061588188976377
21
-3.8029780314960631
0
LINE
8
BLACK
6
CONTINUOUS
10
3.4061588188976377
20
-3.8029780314960631
11
3.4061588188976377
21
-3.7964177952755906
0
LINE
8
BLACK
6
CONTINUOUS
10
3.4061588188976377
20
-3.7964177952755906
11
3.4074386614173227
21
-3.7899836614173226
0
LINE
8
BLACK
6
CONTINUOUS
10
3.4074386614173227
20
-3.7899836614173226
11
3.4099491338582677
21
-3.783922834645669
0
LINE
8
BLACK
6
CONTINUOUS
10
3.4099491338582677
20
-3.783922834645669
11
3.413593779527559
21
-3.7784682283464566
0
LINE
8
BLACK
6
CONTINUOUS
10
3.413593779527559
20
-3.7784682283464566
11
3.4182325590551179
21
-3.7738294488188977
0
LINE
8
BLACK
6
CONTINUOUS
10
3.4182325590551179
20
-3.7738294488188977
11
3.4236871653543308
21
-3.7701848031496064
0
LINE
8
BLACK
6
CONTINUOUS
10
3.4236871653543308
20
-3.7701848031496064
11
3.4297479921259844
21
-3.7676743307086613
0
LINE
8
BLACK
6
CONTINUOUS
10
3.4297479921259844
20
-3.7676743307086613
11
3.436182125984252
21
-3.7663944881889764
0
LINE
8
BLACK
6
CONTINUOUS
10
3.436182125984252
20
-3.7663944881889764
11
3.4427423622047244
21
-3.7663944881889764
0
LINE
8
BLACK
6
CONTINUOUS
10
3.4427423622047244
20
-3.7663944881889764
11
3.449176496062992
21
-3.7676743307086613
0
LINE
8
BLACK
6
CONTINUOUS
10
3.5491764960629921
20
-3.7676743307086613
11
3.5552373228346457
21
-3.7701848031496064
0
LINE
8
BLACK
6
CONTINUOUS
10
3.5552373228346457
20
-3.7701848031496064
11
3.5606919291338581
21
-3.7738294488188977
0
LINE
8
BLACK
6
CONTINUOUS
10
3.5606919291338581
20
-3.7738294488188977
11
3.5653307086614174
21
-3.7784682283464566
0
LINE
8
BLACK
6
CONTINUOUS
10
3.5653307086614174
20
-3.7784682283464566
11
3.5689753543307088
21
-3.783922834645669
0
LINE
8
BLACK
6
CONTINUOUS
10
3.5689753543307088
20
-3.783922834645669
11
3.5714858267716534
21
-3.7899836614173226
0
LINE
8
BLACK
6
CONTINUOUS
10
3.5714858267716534
20
-3.7899836614173226
11
3.5727656692913383
21
-3.7964177952755906
0
LINE
8
BLACK
6
CONTINUOUS
10
3.5727656692913383
20
-3.7964177952755906
11
3.5727656692913383
21
-3.8029780314960631
0
LINE
8
BLACK
6
CONTINUOUS
10
3.5727656692913383
20
-3.8029780314960631
11
3.5714858267716534
21
-3.8094121653543307
0
LINE
8
BLACK
6
CONTINUOUS
10
3.5714858267716534
20
-3.8094121653543307
11
3.5689753543307088
21
-3.8154729921259842
0
LINE
8
BLACK
6
CONTINUOUS
10
3.5689753543307088
20
-3.8154729921259842
11
3.5653307086614174
21
-3.8209275984251967
0
LINE
8
BLACK
6
CONTINUOUS
10
3.5653307086614174
20
-3.8209275984251967
11
3.5606919291338581
21
-3.825566377952756
0
LINE
8
BLACK
6
CONTINUOUS
10
3.5606919291338581
20
-3.825566377952756
11
3.5552373228346457
21
-3.8292110236220473
0
LINE
8
BLACK
6
CONTINUOUS
10
3.5552373228346457
20
-3.8292110236220473
11
3.5491764960629921
21
-3.8317214960629919
0
LINE
8
BLACK
6
CONTINUOUS
10
3.5491764960629921
20
-3.8317214960629919
11
3.5427423622047245
21
-3.8330013385826769
0
LINE
8
BLACK
6
CONTINUOUS
10
3.5427423622047245
20
-3.8330013385826769
11
3.5361821259842521
21
-3.8330013385826769
0
LINE
8
BLACK
6
CONTINUOUS
10
3.5361821259842521
20
-3.8330013385826769
11
3.529747992125984
21
-3.8317214960629919
0
LINE
8
BLACK
6
CONTINUOUS
10
3.529747992125984
20
-3.8317214960629919
11
3.5236871653543305
21
-3.8292110236220473
0
LINE
8
BLACK
6
CONTINUOUS
10
3.5236871653543305
20
-3.8292110236220473
11
3.518232559055118
21
-3.825566377952756
0
LINE
8
BLACK
6
CONTINUOUS
10
3.518232559055118
20
-3.825566377952756
11
3.5135937795275591
21
-3.8209275984251967
0
LINE
8
BLACK
6
CONTINUOUS
10
3.5135937795275591
20
-3.8209275984251967
11
3.5099491338582678
21
-3.8154729921259842
0
LINE
8
BLACK
6
CONTINUOUS
10
3.5099491338582678
20
-3.8154729921259842
11
3.5074386614173227
21
-3.8094121653543307
0
LINE
8
BLACK
6
CONTINUOUS
10
3.5074386614173227
20
-3.8094121653543307
11
3.5061588188976378
21
-3.8029780314960631
0
LINE
8
BLACK
6
CONTINUOUS
10
3.5061588188976378
20
-3.8029780314960631
11
3.5061588188976378
21
-3.7964177952755906
0
LINE
8
BLACK
6
CONTINUOUS
10
3.5061588188976378
20
-3.7964177952755906
11
3.5074386614173227
21
-3.7899836614173226
0
LINE
8
BLACK
6
CONTINUOUS
10
3.5074386614173227
20
-3.7899836614173226
11
3.5099491338582678
21
-3.783922834645669
0
LINE
8
BLACK
6
CONTINUOUS
10
3.5099491338582678
20
-3.783922834645669
11
3.5135937795275591
21
-3.7784682283464566
0
LINE
8
BLACK
6
CONTINUOUS
10
3.5135937795275591
20
-3.7784682283464566
11
3.518232559055118
21
-3.7738294488188977
0
LINE
8
BLACK
6
CONTINUOUS
10
3.518232559055118
20
-3.7738294488188977
11
3.5236871653543305
21
-3.7701848031496064
0
LINE
8
BLACK
6
CONTINUOUS
10
3.5236871653543305
20
-3.7701848031496064
11
3.529747992125984
21
-3.7676743307086613
0
LINE
8
BLACK
6
CONTINUOUS
10
3.529747992125984
20
-3.7676743307086613
11
3.5361821259842521
21
-3.7663944881889764
0
LINE
8
BLACK
6
CONTINUOUS
10
3.5361821259842521
20
-3.7663944881889764
11
3.5427423622047245
21
-3.7663944881889764
0
LINE
8
BLACK
6
CONTINUOUS
10
3.5427423622047245
20
-3.7663944881889764
11
3.5491764960629921
21
-3.7676743307086613
0
LINE
8
BLACK
6
CONTINUOUS
10
3.449176496062992
20
-3.6676743307086612
11
3.4552373228346456
21
-3.6701848031496063
0
LINE
8
BLACK
6
CONTINUOUS
10
3.4552373228346456
20
-3.6701848031496063
11
3.460691929133858
21
-3.6738294488188976
0
LINE
8
BLACK
6
CONTINUOUS
10
3.460691929133858
20
-3.6738294488188976
11
3.4653307086614173
21
-3.6784682283464565
0
LINE
8
BLACK
6
CONTINUOUS
10
3.4653307086614173
20
-3.6784682283464565
11
3.4689753543307087
21
-3.6839228346456694
0
LINE
8
BLACK
6
CONTINUOUS
10
3.4689753543307087
20
-3.6839228346456694
11
3.4714858267716533
21
-3.6899836614173229
0
LINE
8
BLACK
6
CONTINUOUS
10
3.4714858267716533
20
-3.6899836614173229
11
3.4727656692913387
21
-3.6964177952755906
0
LINE
8
BLACK
6
CONTINUOUS
10
3.4727656692913387
20
-3.6964177952755906
11
3.4727656692913387
21
-3.702978031496063
0
LINE
8
BLACK
6
CONTINUOUS
10
3.4727656692913387
20
-3.702978031496063
11
3.4714858267716533
21
-3.7094121653543306
0
LINE
8
BLACK
6
CONTINUOUS
10
3.4714858267716533
20
-3.7094121653543306
11
3.4689753543307087
21
-3.7154729921259841
0
LINE
8
BLACK
6
CONTINUOUS
10
3.4689753543307087
20
-3.7154729921259841
11
3.4653307086614173
21
-3.7209275984251966
0
LINE
8
BLACK
6
CONTINUOUS
10
3.4653307086614173
20
-3.7209275984251966
11
3.460691929133858
21
-3.7255663779527559
0
LINE
8
BLACK
6
CONTINUOUS
10
3.460691929133858
20
-3.7255663779527559
11
3.4552373228346456
21
-3.7292110236220473
0
LINE
8
BLACK
6
CONTINUOUS
10
3.4552373228346456
20
-3.7292110236220473
11
3.449176496062992
21
-3.7317214960629919
0
LINE
8
BLACK
6
CONTINUOUS
10
3.449176496062992
20
-3.7317214960629919
11
3.4427423622047244
21
-3.7330013385826772
0
LINE
8
BLACK
6
CONTINUOUS
10
3.4427423622047244
20
-3.7330013385826772
11
3.436182125984252
21
-3.7330013385826772
0
LINE
8
BLACK
6
CONTINUOUS
10
3.436182125984252
20
-3.7330013385826772
11
3.4297479921259844
21
-3.7317214960629919
0
LINE
8
BLACK
6
CONTINUOUS
10
3.4297479921259844
20
-3.7317214960629919
11
3.4236871653543308
21
-3.7292110236220473
0
LINE
8
BLACK
6
CONTINUOUS
10
3.4236871653543308
20
-3.7292110236220473
11
3.4182325590551179
21
-3.7255663779527559
0
LINE
8
BLACK
6
CONTINUOUS
10
3.4182325590551179
20
-3.7255663779527559
11
3.413593779527559
21
-3.7209275984251966
0
LINE
8
BLACK
6
CONTINUOUS
10
3.413593779527559
20
-3.7209275984251966
11
3.4099491338582677
21
-3.7154729921259841
0
LINE
8
BLACK
6
CONTINUOUS
10
3.4099491338582677
20
-3.7154729921259841
11
3.4074386614173227
21
-3.7094121653543306
0
LINE
8
BLACK
6
CONTINUOUS
10
3.4074386614173227
20
-3.7094121653543306
11
3.4061588188976377
21
-3.702978031496063
0
LINE
8
BLACK
6
CONTINUOUS
10
3.4061588188976377
20
-3.702978031496063
11
3.4061588188976377
21
-3.6964177952755906
0
LINE
8
BLACK
6
CONTINUOUS
10
3.4061588188976377
20
-3.6964177952755906
11
3.4074386614173227
21
-3.6899836614173229
0
LINE
8
BLACK
6
CONTINUOUS
10
3.4074386614173227
20
-3.6899836614173229
11
3.4099491338582677
21
-3.6839228346456694
0
LINE
8
BLACK
6
CONTINUOUS
10
3.4099491338582677
20
-3.6839228346456694
11
3.413593779527559
21
-3.6784682283464565
0
LINE
8
BLACK
6
CONTINUOUS
10
3.413593779527559
20
-3.6784682283464565
11
3.4182325590551179
21
-3.6738294488188976
0
LINE
8
BLACK
6
CONTINUOUS
10
3.4182325590551179
20
-3.6738294488188976
11
3.4236871653543308
21
-3.6701848031496063
0
LINE
8
BLACK
6
CONTINUOUS
10
3.4236871653543308
20
-3.6701848031496063
11
3.4297479921259844
21
-3.6676743307086612
0
LINE
8
BLACK
6
CONTINUOUS
10
3.4297479921259844
20
-3.6676743307086612
11
3.436182125984252
21
-3.6663944881889763
0
LINE
8
BLACK
6
CONTINUOUS
10
3.436182125984252
20
-3.6663944881889763
11
3.4427423622047244
21
-3.6663944881889763
0
LINE
8
BLACK
6
CONTINUOUS
10
3.4427423622047244
20
-3.6663944881889763
11
3.449176496062992
21
-3.6676743307086612
0
LINE
8
BLACK
6
CONTINUOUS
10
3.5491764960629921
20
-3.6676743307086612
11
3.5552373228346457
21
-3.6701848031496063
0
LINE
8
BLACK
6
CONTINUOUS
10
3.5552373228346457
20
-3.6701848031496063
11
3.5606919291338581
21
-3.6738294488188976
0
LINE
8
BLACK
6
CONTINUOUS
10
3.5606919291338581
20
-3.6738294488188976
11
3.5653307086614174
21
-3.6784682283464565
0
LINE
8
BLACK
6
CONTINUOUS
10
3.5653307086614174
20
-3.6784682283464565
11
3.5689753543307088
21
-3.6839228346456694
0
LINE
8
BLACK
6
CONTINUOUS
10
3.5689753543307088
20
-3.6839228346456694
11
3.5714858267716534
21
-3.6899836614173229
0
LINE
8
BLACK
6
CONTINUOUS
10
3.5714858267716534
20
-3.6899836614173229
11
3.5727656692913383
21
-3.6964177952755906
0
LINE
8
BLACK
6
CONTINUOUS
10
3.5727656692913383
20
-3.6964177952755906
11
3.5727656692913383
21
-3.702978031496063
0
LINE
8
BLACK
6
CONTINUOUS
10
3.5727656692913383
20
-3.702978031496063
11
3.5714858267716534
21
-3.7094121653543306
0
LINE
8
BLACK
6
CONTINUOUS
10
3.5714858267716534
20
-3.7094121653543306
11
3.5689753543307088
21
-3.7154729921259841
0
LINE
8
BLACK
6
CONTINUOUS
10
3.5689753543307088
20
-3.7154729921259841
11
3.5653307086614174
21
-3.7209275984251966
0
LINE
8
BLACK
6
CONTINUOUS
10
3.5653307086614174
20
-3.7209275984251966
11
3.5606919291338581
21
-3.7255663779527559
0
LINE
8
BLACK
6
CONTINUOUS
10
3.5606919291338581
20
-3.7255663779527559
11
3.5552373228346457
21
-3.7292110236220473
0
LINE
8
BLACK
6
CONTINUOUS
10
3.5552373228346457
20
-3.7292110236220473
11
3.5491764960629921
21
-3.7317214960629919
0
LINE
8
BLACK
6
CONTINUOUS
10
3.5491764960629921
20
-3.7317214960629919
11
3.5427423622047245
21
-3.7330013385826772
0
LINE
8
BLACK
6
CONTINUOUS
10
3.5427423622047245
20
-3.7330013385826772
11
3.5361821259842521
21
-3.7330013385826772
0
LINE
8
BLACK
6
CONTINUOUS
10
3.5361821259842521
20
-3.7330013385826772
11
3.529747992125984
21
-3.7317214960629919
0
LINE
8
BLACK
6
CONTINUOUS
10
3.529747992125984
20
-3.7317214960629919
11
3.5236871653543305
21
-3.7292110236220473
0
LINE
8
BLACK
6
CONTINUOUS
10
3.5236871653543305
20
-3.7292110236220473
11
3.518232559055118
21
-3.7255663779527559
0
LINE
8
BLACK
6
CONTINUOUS
10
3.518232559055118
20
-3.7255663779527559
11
3.5135937795275591
21
-3.7209275984251966
0
LINE
8
BLACK
6
CONTINUOUS
10
3.5135937795275591
20
-3.7209275984251966
11
3.5099491338582678
21
-3.7154729921259841
0
LINE
8
BLACK
6
CONTINUOUS
10
3.5099491338582678
20
-3.7154729921259841
11
3.5074386614173227
21
-3.7094121653543306
0
LINE
8
BLACK
6
CONTINUOUS
10
3.5074386614173227
20
-3.7094121653543306
11
3.5061588188976378
21
-3.702978031496063
0
LINE
8
BLACK
6
CONTINUOUS
10
3.5061588188976378
20
-3.702978031496063
11
3.5061588188976378
21
-3.6964177952755906
0
LINE
8
BLACK
6
CONTINUOUS
10
3.5061588188976378
20
-3.6964177952755906
11
3.5074386614173227
21
-3.6899836614173229
0
LINE
8
BLACK
6
CONTINUOUS
10
3.5074386614173227
20
-3.6899836614173229
11
3.5099491338582678
21
-3.6839228346456694
0
LINE
8
BLACK
6
CONTINUOUS
10
3.5099491338582678
20
-3.6839228346456694
11
3.5135937795275591
21
-3.6784682283464565
0
LINE
8
BLACK
6
CONTINUOUS
10
3.5135937795275591
20
-3.6784682283464565
11
3.518232559055118
21
-3.6738294488188976
0
LINE
8
BLACK
6
CONTINUOUS
10
3.518232559055118
20
-3.6738294488188976
11
3.5236871653543305
21
-3.6701848031496063
0
LINE
8
BLACK
6
CONTINUOUS
10
3.5236871653543305
20
-3.6701848031496063
11
3.529747992125984
21
-3.6676743307086612
0
LINE
8
BLACK
6
CONTINUOUS
10
3.529747992125984
20
-3.6676743307086612
11
3.5361821259842521
21
-3.6663944881889763
0
LINE
8
BLACK
6
CONTINUOUS
10
3.5361821259842521
20
-3.6663944881889763
11
3.5427423622047245
21
-3.6663944881889763
0
LINE
8
BLACK
6
CONTINUOUS
10
3.5427423622047245
20
-3.6663944881889763
11
3.5491764960629921
21
-3.6676743307086612
0
LINE
8
BLACK
6
CONTINUOUS
10
3.449176496062992
20
-3.5676743307086611
11
3.4552373228346456
21
-3.5701848031496062
0
LINE
8
BLACK
6
CONTINUOUS
10
3.4552373228346456
20
-3.5701848031496062
11
3.460691929133858
21
-3.5738294488188975
0
LINE
8
BLACK
6
CONTINUOUS
10
3.460691929133858
20
-3.5738294488188975
11
3.4653307086614173
21
-3.5784682283464564
0
LINE
8
BLACK
6
CONTINUOUS
10
3.4653307086614173
20
-3.5784682283464564
11
3.4689753543307087
21
-3.5839228346456693
0
LINE
8
BLACK
6
CONTINUOUS
10
3.4689753543307087
20
-3.5839228346456693
11
3.4714858267716533
21
-3.5899836614173228
0
LINE
8
BLACK
6
CONTINUOUS
10
3.4714858267716533
20
-3.5899836614173228
11
3.4727656692913387
21
-3.5964177952755905
0
LINE
8
BLACK
6
CONTINUOUS
10
3.4727656692913387
20
-3.5964177952755905
11
3.4727656692913387
21
-3.6029780314960629
0
LINE
8
BLACK
6
CONTINUOUS
10
3.4727656692913387
20
-3.6029780314960629
11
3.4714858267716533
21
-3.6094121653543305
0
LINE
8
BLACK
6
CONTINUOUS
10
3.4714858267716533
20
-3.6094121653543305
11
3.4689753543307087
21
-3.6154729921259841
0
LINE
8
BLACK
6
CONTINUOUS
10
3.4689753543307087
20
-3.6154729921259841
11
3.4653307086614173
21
-3.620927598425197
0
LINE
8
BLACK
6
CONTINUOUS
10
3.4653307086614173
20
-3.620927598425197
11
3.460691929133858
21
-3.6255663779527558
0
LINE
8
BLACK
6
CONTINUOUS
10
3.460691929133858
20
-3.6255663779527558
11
3.4552373228346456
21
-3.6292110236220472
0
LINE
8
BLACK
6
CONTINUOUS
10
3.4552373228346456
20
-3.6292110236220472
11
3.449176496062992
21
-3.6317214960629922
0
LINE
8
BLACK
6
CONTINUOUS
10
3.449176496062992
20
-3.6317214960629922
11
3.4427423622047244
21
-3.6330013385826772
0
LINE
8
BLACK
6
CONTINUOUS
10
3.4427423622047244
20
-3.6330013385826772
11
3.436182125984252
21
-3.6330013385826772
0
LINE
8
BLACK
6
CONTINUOUS
10
3.436182125984252
20
-3.6330013385826772
11
3.4297479921259844
21
-3.6317214960629922
0
LINE
8
BLACK
6
CONTINUOUS
10
3.4297479921259844
20
-3.6317214960629922
11
3.4236871653543308
21
-3.6292110236220472
0
LINE
8
BLACK
6
CONTINUOUS
10
3.4236871653543308
20
-3.6292110236220472
11
3.4182325590551179
21
-3.6255663779527558
0
LINE
8
BLACK
6
CONTINUOUS
10
3.4182325590551179
20
-3.6255663779527558
11
3.413593779527559
21
-3.620927598425197
0
LINE
8
BLACK
6
CONTINUOUS
10
3.413593779527559
20
-3.620927598425197
11
3.4099491338582677
21
-3.6154729921259841
0
LINE
8
BLACK
6
CONTINUOUS
10
3.4099491338582677
20
-3.6154729921259841
11
3.4074386614173227
21
-3.6094121653543305
0
LINE
8
BLACK
6
CONTINUOUS
10
3.4074386614173227
20
-3.6094121653543305
11
3.4061588188976377
21
-3.6029780314960629
0
LINE
8
BLACK
6
CONTINUOUS
10
3.4061588188976377
20
-3.6029780314960629
11
3.4061588188976377
21
-3.5964177952755905
0
LINE
8
BLACK
6
CONTINUOUS
10
3.4061588188976377
20
-3.5964177952755905
11
3.4074386614173227
21
-3.5899836614173228
0
LINE
8
BLACK
6
CONTINUOUS
10
3.4074386614173227
20
-3.5899836614173228
11
3.4099491338582677
21
-3.5839228346456693
0
LINE
8
BLACK
6
CONTINUOUS
10
3.4099491338582677
20
-3.5839228346456693
11
3.413593779527559
21
-3.5784682283464564
0
LINE
8
BLACK
6
CONTINUOUS
10
3.413593779527559
20
-3.5784682283464564
11
3.4182325590551179
21
-3.5738294488188975
0
LINE
8
BLACK
6
CONTINUOUS
10
3.4182325590551179
20
-3.5738294488188975
11
3.4236871653543308
21
-3.5701848031496062
0
LINE
8
BLACK
6
CONTINUOUS
10
3.4236871653543308
20
-3.5701848031496062
11
3.4297479921259844
21
-3.5676743307086611
0
LINE
8
BLACK
6
CONTINUOUS
10
3.4297479921259844
20
-3.5676743307086611
11
3.436182125984252
21
-3.5663944881889762
0
LINE
8
BLACK
6
CONTINUOUS
10
3.436182125984252
20
-3.5663944881889762
11
3.4427423622047244
21
-3.5663944881889762
0
LINE
8
BLACK
6
CONTINUOUS
10
3.4427423622047244
20
-3.5663944881889762
11
3.449176496062992
21
-3.5676743307086611
0
LINE
8
BLACK
6
CONTINUOUS
10
3.5491764960629921
20
-3.5676743307086611
11
3.5552373228346457
21
-3.5701848031496062
0
LINE
8
BLACK
6
CONTINUOUS
10
3.5552373228346457
20
-3.5701848031496062
11
3.5606919291338581
21
-3.5738294488188975
0
LINE
8
BLACK
6
CONTINUOUS
10
3.5606919291338581
20
-3.5738294488188975
11
3.5653307086614174
21
-3.5784682283464564
0
LINE
8
BLACK
6
CONTINUOUS
10
3.5653307086614174
20
-3.5784682283464564
11
3.5689753543307088
21
-3.5839228346456693
0
LINE
8
BLACK
6
CONTINUOUS
10
3.5689753543307088
20
-3.5839228346456693
11
3.5714858267716534
21
-3.5899836614173228
0
LINE
8
BLACK
6
CONTINUOUS
10
3.5714858267716534
20
-3.5899836614173228
11
3.5727656692913383
21
-3.5964177952755905
0
LINE
8
BLACK
6
CONTINUOUS
10
3.5727656692913383
20
-3.5964177952755905
11
3.5727656692913383
21
-3.6029780314960629
0
LINE
8
BLACK
6
CONTINUOUS
10
3.5727656692913383
20
-3.6029780314960629
11
3.5714858267716534
21
-3.6094121653543305
0
LINE
8
BLACK
6
CONTINUOUS
10
3.5714858267716534
20
-3.6094121653543305
11
3.5689753543307088
21
-3.6154729921259841
0
LINE
8
BLACK
6
CONTINUOUS
10
3.5689753543307088
20
-3.6154729921259841
11
3.5653307086614174
21
-3.620927598425197
0
LINE
8
BLACK
6
CONTINUOUS
10
3.5653307086614174
20
-3.620927598425197
11
3.5606919291338581
21
-3.6255663779527558
0
LINE
8
BLACK
6
CONTINUOUS
10
3.5606919291338581
20
-3.6255663779527558
11
3.5552373228346457
21
-3.6292110236220472
0
LINE
8
BLACK
6
CONTINUOUS
10
3.5552373228346457
20
-3.6292110236220472
11
3.5491764960629921
21
-3.6317214960629922
0
LINE
8
BLACK
6
CONTINUOUS
10
3.5491764960629921
20
-3.6317214960629922
11
3.5427423622047245
21
-3.6330013385826772
0
LINE
8
BLACK
6
CONTINUOUS
10
3.5427423622047245
20
-3.6330013385826772
11
3.5361821259842521
21
-3.6330013385826772
0
LINE
8
BLACK
6
CONTINUOUS
10
3.5361821259842521
20
-3.6330013385826772
11
3.529747992125984
21
-3.6317214960629922
0
LINE
8
BLACK
6
CONTINUOUS
10
3.529747992125984
20
-3.6317214960629922
11
3.5236871653543305
21
-3.6292110236220472
0
LINE
8
BLACK
6
CONTINUOUS
10
3.5236871653543305
20
-3.6292110236220472
11
3.518232559055118
21
-3.6255663779527558
0
LINE
8
BLACK
6
CONTINUOUS
10
3.518232559055118
20
-3.6255663779527558
11
3.5135937795275591
21
-3.620927598425197
0
LINE
8
BLACK
6
CONTINUOUS
10
3.5135937795275591
20
-3.620927598425197
11
3.5099491338582678
21
-3.6154729921259841
0
LINE
8
BLACK
6
CONTINUOUS
10
3.5099491338582678
20
-3.6154729921259841
11
3.5074386614173227
21
-3.6094121653543305
0
LINE
8
BLACK
6
CONTINUOUS
10
3.5074386614173227
20
-3.6094121653543305
11
3.5061588188976378
21
-3.6029780314960629
0
LINE
8
BLACK
6
CONTINUOUS
10
3.5061588188976378
20
-3.6029780314960629
11
3.5061588188976378
21
-3.5964177952755905
0
LINE
8
BLACK
6
CONTINUOUS
10
3.5061588188976378
20
-3.5964177952755905
11
3.5074386614173227
21
-3.5899836614173228
0
LINE
8
BLACK
6
CONTINUOUS
10
3.5074386614173227
20
-3.5899836614173228
11
3.5099491338582678
21
-3.5839228346456693
0
LINE
8
BLACK
6
CONTINUOUS
10
3.5099491338582678
20
-3.5839228346456693
11
3.5135937795275591
21
-3.5784682283464564
0
LINE
8
BLACK
6
CONTINUOUS
10
3.5135937795275591
20
-3.5784682283464564
11
3.518232559055118
21
-3.5738294488188975
0
LINE
8
BLACK
6
CONTINUOUS
10
3.518232559055118
20
-3.5738294488188975
11
3.5236871653543305
21
-3.5701848031496062
0
LINE
8
BLACK
6
CONTINUOUS
10
3.5236871653543305
20
-3.5701848031496062
11
3.529747992125984
21
-3.5676743307086611
0
LINE
8
BLACK
6
CONTINUOUS
10
3.529747992125984
20
-3.5676743307086611
11
3.5361821259842521
21
-3.5663944881889762
0
LINE
8
BLACK
6
CONTINUOUS
10
3.5361821259842521
20
-3.5663944881889762
11
3.5427423622047245
21
-3.5663944881889762
0
LINE
8
BLACK
6
CONTINUOUS
10
3.5427423622047245
20
-3.5663944881889762
11
3.5491764960629921
21
-3.5676743307086611
0
LINE
8
BLACK
6
CONTINUOUS
10
3.449176496062992
20
-3.4676743307086615
11
3.4552373228346456
21
-3.4701848031496061
0
LINE
8
BLACK
6
CONTINUOUS
10
3.4552373228346456
20
-3.4701848031496061
11
3.460691929133858
21
-3.4738294488188974
0
LINE
8
BLACK
6
CONTINUOUS
10
3.460691929133858
20
-3.4738294488188974
11
3.4653307086614173
21
-3.4784682283464567
0
LINE
8
BLACK
6
CONTINUOUS
10
3.4653307086614173
20
-3.4784682283464567
11
3.4689753543307087
21
-3.4839228346456692
0
LINE
8
BLACK
6
CONTINUOUS
10
3.4689753543307087
20
-3.4839228346456692
11
3.4714858267716533
21
-3.4899836614173227
0
LINE
8
BLACK
6
CONTINUOUS
10
3.4714858267716533
20
-3.4899836614173227
11
3.4727656692913387
21
-3.4964177952755904
0
LINE
8
BLACK
6
CONTINUOUS
10
3.4727656692913387
20
-3.4964177952755904
11
3.4727656692913387
21
-3.5029780314960628
0
LINE
8
BLACK
6
CONTINUOUS
10
3.4727656692913387
20
-3.5029780314960628
11
3.4714858267716533
21
-3.5094121653543304
0
LINE
8
BLACK
6
CONTINUOUS
10
3.4714858267716533
20
-3.5094121653543304
11
3.4689753543307087
21
-3.515472992125984
0
LINE
8
BLACK
6
CONTINUOUS
10
3.4689753543307087
20
-3.515472992125984
11
3.4653307086614173
21
-3.5209275984251969
0
LINE
8
BLACK
6
CONTINUOUS
10
3.4653307086614173
20
-3.5209275984251969
11
3.460691929133858
21
-3.5255663779527557
0
LINE
8
BLACK
6
CONTINUOUS
10
3.460691929133858
20
-3.5255663779527557
11
3.4552373228346456
21
-3.5292110236220471
0
LINE
8
BLACK
6
CONTINUOUS
10
3.4552373228346456
20
-3.5292110236220471
11
3.449176496062992
21
-3.5317214960629921
0
LINE
8
BLACK
6
CONTINUOUS
10
3.449176496062992
20
-3.5317214960629921
11
3.4427423622047244
21
-3.5330013385826771
0
LINE
8
BLACK
6
CONTINUOUS
10
3.4427423622047244
20
-3.5330013385826771
11
3.436182125984252
21
-3.5330013385826771
0
LINE
8
BLACK
6
CONTINUOUS
10
3.436182125984252
20
-3.5330013385826771
11
3.4297479921259844
21
-3.5317214960629921
0
LINE
8
BLACK
6
CONTINUOUS
10
3.4297479921259844
20
-3.5317214960629921
11
3.4236871653543308
21
-3.5292110236220471
0
LINE
8
BLACK
6
CONTINUOUS
10
3.4236871653543308
20
-3.5292110236220471
11
3.4182325590551179
21
-3.5255663779527557
0
LINE
8
BLACK
6
CONTINUOUS
10
3.4182325590551179
20
-3.5255663779527557
11
3.413593779527559
21
-3.5209275984251969
0
LINE
8
BLACK
6
CONTINUOUS
10
3.413593779527559
20
-3.5209275984251969
11
3.4099491338582677
21
-3.515472992125984
0
LINE
8
BLACK
6
CONTINUOUS
10
3.4099491338582677
20
-3.515472992125984
11
3.4074386614173227
21
-3.5094121653543304
0
LINE
8
BLACK
6
CONTINUOUS
10
3.4074386614173227
20
-3.5094121653543304
11
3.4061588188976377
21
-3.5029780314960628
0
LINE
8
BLACK
6
CONTINUOUS
10
3.4061588188976377
20
-3.5029780314960628
11
3.4061588188976377
21
-3.4964177952755904
0
LINE
8
BLACK
6
CONTINUOUS
10
3.4061588188976377
20
-3.4964177952755904
11
3.4074386614173227
21
-3.4899836614173227
0
LINE
8
BLACK
6
CONTINUOUS
10
3.4074386614173227
20
-3.4899836614173227
11
3.4099491338582677
21
-3.4839228346456692
0
LINE
8
BLACK
6
CONTINUOUS
10
3.4099491338582677
20
-3.4839228346456692
11
3.413593779527559
21
-3.4784682283464567
0
LINE
8
BLACK
6
CONTINUOUS
10
3.413593779527559
20
-3.4784682283464567
11
3.4182325590551179
21
-3.4738294488188974
0
LINE
8
BLACK
6
CONTINUOUS
10
3.4182325590551179
20
-3.4738294488188974
11
3.4236871653543308
21
-3.4701848031496061
0
LINE
8
BLACK
6
CONTINUOUS
10
3.4236871653543308
20
-3.4701848031496061
11
3.4297479921259844
21
-3.4676743307086615
0
LINE
8
BLACK
6
CONTINUOUS
10
3.4297479921259844
20
-3.4676743307086615
11
3.436182125984252
21
-3.4663944881889761
0
LINE
8
BLACK
6
CONTINUOUS
10
3.436182125984252
20
-3.4663944881889761
11
3.4427423622047244
21
-3.4663944881889761
0
LINE
8
BLACK
6
CONTINUOUS
10
3.4427423622047244
20
-3.4663944881889761
11
3.449176496062992
21
-3.4676743307086615
0
LINE
8
BLACK
6
CONTINUOUS
10
3.5491764960629921
20
-3.4676743307086615
11
3.5552373228346457
21
-3.4701848031496061
0
LINE
8
BLACK
6
CONTINUOUS
10
3.5552373228346457
20
-3.4701848031496061
11
3.5606919291338581
21
-3.4738294488188974
0
LINE
8
BLACK
6
CONTINUOUS
10
3.5606919291338581
20
-3.4738294488188974
11
3.5653307086614174
21
-3.4784682283464567
0
LINE
8
BLACK
6
CONTINUOUS
10
3.5653307086614174
20
-3.4784682283464567
11
3.5689753543307088
21
-3.4839228346456692
0
LINE
8
BLACK
6
CONTINUOUS
10
3.5689753543307088
20
-3.4839228346456692
11
3.5714858267716534
21
-3.4899836614173227
0
LINE
8
BLACK
6
CONTINUOUS
10
3.5714858267716534
20
-3.4899836614173227
11
3.5727656692913383
21
-3.4964177952755904
0
LINE
8
BLACK
6
CONTINUOUS
10
3.5727656692913383
20
-3.4964177952755904
11
3.5727656692913383
21
-3.5029780314960628
0
LINE
8
BLACK
6
CONTINUOUS
10
3.5727656692913383
20
-3.5029780314960628
11
3.5714858267716534
21
-3.5094121653543304
0
LINE
8
BLACK
6
CONTINUOUS
10
3.5714858267716534
20
-3.5094121653543304
11
3.5689753543307088
21
-3.515472992125984
0
LINE
8
BLACK
6
CONTINUOUS
10
3.5689753543307088
20
-3.515472992125984
11
3.5653307086614174
21
-3.5209275984251969
0
LINE
8
BLACK
6
CONTINUOUS
10
3.5653307086614174
20
-3.5209275984251969
11
3.5606919291338581
21
-3.5255663779527557
0
LINE
8
BLACK
6
CONTINUOUS
10
3.5606919291338581
20
-3.5255663779527557
11
3.5552373228346457
21
-3.5292110236220471
0
LINE
8
BLACK
6
CONTINUOUS
10
3.5552373228346457
20
-3.5292110236220471
11
3.5491764960629921
21
-3.5317214960629921
0
LINE
8
BLACK
6
CONTINUOUS
10
3.5491764960629921
20
-3.5317214960629921
11
3.5427423622047245
21
-3.5330013385826771
0
LINE
8
BLACK
6
CONTINUOUS
10
3.5427423622047245
20
-3.5330013385826771
11
3.5361821259842521
21
-3.5330013385826771
0
LINE
8
BLACK
6
CONTINUOUS
10
3.5361821259842521
20
-3.5330013385826771
11
3.529747992125984
21
-3.5317214960629921
0
LINE
8
BLACK
6
CONTINUOUS
10
3.529747992125984
20
-3.5317214960629921
11
3.5236871653543305
21
-3.5292110236220471
0
LINE
8
BLACK
6
CONTINUOUS
10
3.5236871653543305
20
-3.5292110236220471
11
3.518232559055118
21
-3.5255663779527557
0
LINE
8
BLACK
6
CONTINUOUS
10
3.518232559055118
20
-3.5255663779527557
11
3.5135937795275591
21
-3.5209275984251969
0
LINE
8
BLACK
6
CONTINUOUS
10
3.5135937795275591
20
-3.5209275984251969
11
3.5099491338582678
21
-3.515472992125984
0
LINE
8
BLACK
6
CONTINUOUS
10
3.5099491338582678
20
-3.515472992125984
11
3.5074386614173227
21
-3.5094121653543304
0
LINE
8
BLACK
6
CONTINUOUS
10
3.5074386614173227
20
-3.5094121653543304
11
3.5061588188976378
21
-3.5029780314960628
0
LINE
8
BLACK
6
CONTINUOUS
10
3.5061588188976378
20
-3.5029780314960628
11
3.5061588188976378
21
-3.4964177952755904
0
LINE
8
BLACK
6
CONTINUOUS
10
3.5061588188976378
20
-3.4964177952755904
11
3.5074386614173227
21
-3.4899836614173227
0
LINE
8
BLACK
6
CONTINUOUS
10
3.5074386614173227
20
-3.4899836614173227
11
3.5099491338582678
21
-3.4839228346456692
0
LINE
8
BLACK
6
CONTINUOUS
10
3.5099491338582678
20
-3.4839228346456692
11
3.5135937795275591
21
-3.4784682283464567
0
LINE
8
BLACK
6
CONTINUOUS
10
3.5135937795275591
20
-3.4784682283464567
11
3.518232559055118
21
-3.4738294488188974
0
LINE
8
BLACK
6
CONTINUOUS
10
3.518232559055118
20
-3.4738294488188974
11
3.5236871653543305
21
-3.4701848031496061
0
LINE
8
BLACK
6
CONTINUOUS
10
3.5236871653543305
20
-3.4701848031496061
11
3.529747992125984
21
-3.4676743307086615
0
LINE
8
BLACK
6
CONTINUOUS
10
3.529747992125984
20
-3.4676743307086615
11
3.5361821259842521
21
-3.4663944881889761
0
LINE
8
BLACK
6
CONTINUOUS
10
3.5361821259842521
20
-3.4663944881889761
11
3.5427423622047245
21
-3.4663944881889761
0
LINE
8
BLACK
6
CONTINUOUS
10
3.5427423622047245
20
-3.4663944881889761
11
3.5491764960629921
21
-3.4676743307086615
0
LINE
8
BLACK
6
CONTINUOUS
10
3.449176496062992
20
-3.3676743307086614
11
3.4552373228346456
21
-3.370184803149606
0
LINE
8
BLACK
6
CONTINUOUS
10
3.4552373228346456
20
-3.370184803149606
11
3.460691929133858
21
-3.3738294488188973
0
LINE
8
BLACK
6
CONTINUOUS
10
3.460691929133858
20
-3.3738294488188973
11
3.4653307086614173
21
-3.3784682283464567
0
LINE
8
BLACK
6
CONTINUOUS
10
3.4653307086614173
20
-3.3784682283464567
11
3.4689753543307087
21
-3.3839228346456691
0
LINE
8
BLACK
6
CONTINUOUS
10
3.4689753543307087
20
-3.3839228346456691
11
3.4714858267716533
21
-3.3899836614173227
0
LINE
8
BLACK
6
CONTINUOUS
10
3.4714858267716533
20
-3.3899836614173227
11
3.4727656692913387
21
-3.3964177952755903
0
LINE
8
BLACK
6
CONTINUOUS
10
3.4727656692913387
20
-3.3964177952755903
11
3.4727656692913387
21
-3.4029780314960627
0
LINE
8
BLACK
6
CONTINUOUS
10
3.4727656692913387
20
-3.4029780314960627
11
3.4714858267716533
21
-3.4094121653543308
0
LINE
8
BLACK
6
CONTINUOUS
10
3.4714858267716533
20
-3.4094121653543308
11
3.4689753543307087
21
-3.4154729921259843
0
LINE
8
BLACK
6
CONTINUOUS
10
3.4689753543307087
20
-3.4154729921259843
11
3.4653307086614173
21
-3.4209275984251968
0
LINE
8
BLACK
6
CONTINUOUS
10
3.4653307086614173
20
-3.4209275984251968
11
3.460691929133858
21
-3.4255663779527556
0
LINE
8
BLACK
6
CONTINUOUS
10
3.460691929133858
20
-3.4255663779527556
11
3.4552373228346456
21
-3.429211023622047
0
LINE
8
BLACK
6
CONTINUOUS
10
3.4552373228346456
20
-3.429211023622047
11
3.449176496062992
21
-3.431721496062992
0
LINE
8
BLACK
6
CONTINUOUS
10
3.449176496062992
20
-3.431721496062992
11
3.4427423622047244
21
-3.433001338582677
0
LINE
8
BLACK
6
CONTINUOUS
10
3.4427423622047244
20
-3.433001338582677
11
3.436182125984252
21
-3.433001338582677
0
LINE
8
BLACK
6
CONTINUOUS
10
3.436182125984252
20
-3.433001338582677
11
3.4297479921259844
21
-3.431721496062992
0
LINE
8
BLACK
6
CONTINUOUS
10
3.4297479921259844
20
-3.431721496062992
11
3.4236871653543308
21
-3.429211023622047
0
LINE
8
BLACK
6
CONTINUOUS
10
3.4236871653543308
20
-3.429211023622047
11
3.4182325590551179
21
-3.4255663779527556
0
LINE
8
BLACK
6
CONTINUOUS
10
3.4182325590551179
20
-3.4255663779527556
11
3.413593779527559
21
-3.4209275984251968
0
LINE
8
BLACK
6
CONTINUOUS
10
3.413593779527559
20
-3.4209275984251968
11
3.4099491338582677
21
-3.4154729921259843
0
LINE
8
BLACK
6
CONTINUOUS
10
3.4099491338582677
20
-3.4154729921259843
11
3.4074386614173227
21
-3.4094121653543308
0
LINE
8
BLACK
6
CONTINUOUS
10
3.4074386614173227
20
-3.4094121653543308
11
3.4061588188976377
21
-3.4029780314960627
0
LINE
8
BLACK
6
CONTINUOUS
10
3.4061588188976377
20
-3.4029780314960627
11
3.4061588188976377
21
-3.3964177952755903
0
LINE
8
BLACK
6
CONTINUOUS
10
3.4061588188976377
20
-3.3964177952755903
11
3.4074386614173227
21
-3.3899836614173227
0
LINE
8
BLACK
6
CONTINUOUS
10
3.4074386614173227
20
-3.3899836614173227
11
3.4099491338582677
21
-3.3839228346456691
0
LINE
8
BLACK
6
CONTINUOUS
10
3.4099491338582677
20
-3.3839228346456691
11
3.413593779527559
21
-3.3784682283464567
0
LINE
8
BLACK
6
CONTINUOUS
10
3.413593779527559
20
-3.3784682283464567
11
3.4182325590551179
21
-3.3738294488188973
0
LINE
8
BLACK
6
CONTINUOUS
10
3.4182325590551179
20
-3.3738294488188973
11
3.4236871653543308
21
-3.370184803149606
0
LINE
8
BLACK
6
CONTINUOUS
10
3.4236871653543308
20
-3.370184803149606
11
3.4297479921259844
21
-3.3676743307086614
0
LINE
8
BLACK
6
CONTINUOUS
10
3.4297479921259844
20
-3.3676743307086614
11
3.436182125984252
21
-3.3663944881889765
0
LINE
8
BLACK
6
CONTINUOUS
10
3.436182125984252
20
-3.3663944881889765
11
3.4427423622047244
21
-3.3663944881889765
0
LINE
8
BLACK
6
CONTINUOUS
10
3.4427423622047244
20
-3.3663944881889765
11
3.449176496062992
21
-3.3676743307086614
0
LINE
8
BLACK
6
CONTINUOUS
10
3.5491764960629921
20
-3.3676743307086614
11
3.5552373228346457
21
-3.370184803149606
0
LINE
8
BLACK
6
CONTINUOUS
10
3.5552373228346457
20
-3.370184803149606
11
3.5606919291338581
21
-3.3738294488188973
0
LINE
8
BLACK
6
CONTINUOUS
10
3.5606919291338581
20
-3.3738294488188973
11
3.5653307086614174
21
-3.3784682283464567
0
LINE
8
BLACK
6
CONTINUOUS
10
3.5653307086614174
20
-3.3784682283464567
11
3.5689753543307088
21
-3.3839228346456691
0
LINE
8
BLACK
6
CONTINUOUS
10
3.5689753543307088
20
-3.3839228346456691
11
3.5714858267716534
21
-3.3899836614173227
0
LINE
8
BLACK
6
CONTINUOUS
10
3.5714858267716534
20
-3.3899836614173227
11
3.5727656692913383
21
-3.3964177952755903
0
LINE
8
BLACK
6
CONTINUOUS
10
3.5727656692913383
20
-3.3964177952755903
11
3.5727656692913383
21
-3.4029780314960627
0
LINE
8
BLACK
6
CONTINUOUS
10
3.5727656692913383
20
-3.4029780314960627
11
3.5714858267716534
21
-3.4094121653543308
0
LINE
8
BLACK
6
CONTINUOUS
10
3.5714858267716534
20
-3.4094121653543308
11
3.5689753543307088
21
-3.4154729921259843
0
LINE
8
BLACK
6
CONTINUOUS
10
3.5689753543307088
20
-3.4154729921259843
11
3.5653307086614174
21
-3.4209275984251968
0
LINE
8
BLACK
6
CONTINUOUS
10
3.5653307086614174
20
-3.4209275984251968
11
3.5606919291338581
21
-3.4255663779527556
0
LINE
8
BLACK
6
CONTINUOUS
10
3.5606919291338581
20
-3.4255663779527556
11
3.5552373228346457
21
-3.429211023622047
0
LINE
8
BLACK
6
CONTINUOUS
10
3.5552373228346457
20
-3.429211023622047
11
3.5491764960629921
21
-3.431721496062992
0
LINE
8
BLACK
6
CONTINUOUS
10
3.5491764960629921
20
-3.431721496062992
11
3.5427423622047245
21
-3.433001338582677
0
LINE
8
BLACK
6
CONTINUOUS
10
3.5427423622047245
20
-3.433001338582677
11
3.5361821259842521
21
-3.433001338582677
0
LINE
8
BLACK
6
CONTINUOUS
10
3.5361821259842521
20
-3.433001338582677
11
3.529747992125984
21
-3.431721496062992
0
LINE
8
BLACK
6
CONTINUOUS
10
3.529747992125984
20
-3.431721496062992
11
3.5236871653543305
21
-3.429211023622047
0
LINE
8
BLACK
6
CONTINUOUS
10
3.5236871653543305
20
-3.429211023622047
11
3.518232559055118
21
-3.4255663779527556
0
LINE
8
BLACK
6
CONTINUOUS
10
3.518232559055118
20
-3.4255663779527556
11
3.5135937795275591
21
-3.4209275984251968
0
LINE
8
BLACK
6
CONTINUOUS
10
3.5135937795275591
20
-3.4209275984251968
11
3.5099491338582678
21
-3.4154729921259843
0
LINE
8
BLACK
6
CONTINUOUS
10
3.5099491338582678
20
-3.4154729921259843
11
3.5074386614173227
21
-3.4094121653543308
0
LINE
8
BLACK
6
CONTINUOUS
10
3.5074386614173227
20
-3.4094121653543308
11
3.5061588188976378
21
-3.4029780314960627
0
LINE
8
BLACK
6
CONTINUOUS
10
3.5061588188976378
20
-3.4029780314960627
11
3.5061588188976378
21
-3.3964177952755903
0
LINE
8
BLACK
6
CONTINUOUS
10
3.5061588188976378
20
-3.3964177952755903
11
3.5074386614173227
21
-3.3899836614173227
0
LINE
8
BLACK
6
CONTINUOUS
10
3.5074386614173227
20
-3.3899836614173227
11
3.5099491338582678
21
-3.3839228346456691
0
LINE
8
BLACK
6
CONTINUOUS
10
3.5099491338582678
20
-3.3839228346456691
11
3.5135937795275591
21
-3.3784682283464567
0
LINE
8
BLACK
6
CONTINUOUS
10
3.5135937795275591
20
-3.3784682283464567
11
3.518232559055118
21
-3.3738294488188973
0
LINE
8
BLACK
6
CONTINUOUS
10
3.518232559055118
20
-3.3738294488188973
11
3.5236871653543305
21
-3.370184803149606
0
LINE
8
BLACK
6
CONTINUOUS
10
3.5236871653543305
20
-3.370184803149606
11
3.529747992125984
21
-3.3676743307086614
0
LINE
8
BLACK
6
CONTINUOUS
10
3.529747992125984
20
-3.3676743307086614
11
3.5361821259842521
21
-3.3663944881889765
0
LINE
8
BLACK
6
CONTINUOUS
10
3.5361821259842521
20
-3.3663944881889765
11
3.5427423622047245
21
-3.3663944881889765
0
LINE
8
BLACK
6
CONTINUOUS
10
3.5427423622047245
20
-3.3663944881889765
11
3.5491764960629921
21
-3.3676743307086614
0
LINE
8
BLACK
6
CONTINUOUS
10
3.5729268110236219
20
-3.3331624803149604
11
3.5059976771653543
21
-3.3331624803149604
0
LINE
8
BLACK
6
CONTINUOUS
10
3.5059976771653543
20
-3.3331624803149604
11
3.5059976771653543
21
-3.2662333464566928
0
LINE
8
BLACK
6
CONTINUOUS
10
3.5059976771653543
20
-3.2662333464566928
11
3.5729268110236219
21
-3.2662333464566928
0
LINE
8
BLACK
6
CONTINUOUS
10
3.5729268110236219
20
-3.2662333464566928
11
3.5729268110236219
21
-3.3331624803149604
0
LINE
8
BLACK
6
CONTINUOUS
10
3.449176496062992
20
-3.2676743307086613
11
3.4552373228346456
21
-3.2701848031496064
0
LINE
8
BLACK
6
CONTINUOUS
10
3.4552373228346456
20
-3.2701848031496064
11
3.460691929133858
21
-3.2738294488188977
0
LINE
8
BLACK
6
CONTINUOUS
10
3.460691929133858
20
-3.2738294488188977
11
3.4653307086614173
21
-3.2784682283464566
0
LINE
8
BLACK
6
CONTINUOUS
10
3.4653307086614173
20
-3.2784682283464566
11
3.4689753543307087
21
-3.283922834645669
0
LINE
8
BLACK
6
CONTINUOUS
10
3.4689753543307087
20
-3.283922834645669
11
3.4714858267716533
21
-3.2899836614173226
0
LINE
8
BLACK
6
CONTINUOUS
10
3.4714858267716533
20
-3.2899836614173226
11
3.4727656692913387
21
-3.2964177952755906
0
LINE
8
BLACK
6
CONTINUOUS
10
3.4727656692913387
20
-3.2964177952755906
11
3.4727656692913387
21
-3.3029780314960631
0
LINE
8
BLACK
6
CONTINUOUS
10
3.4727656692913387
20
-3.3029780314960631
11
3.4714858267716533
21
-3.3094121653543307
0
LINE
8
BLACK
6
CONTINUOUS
10
3.4714858267716533
20
-3.3094121653543307
11
3.4689753543307087
21
-3.3154729921259842
0
LINE
8
BLACK
6
CONTINUOUS
10
3.4689753543307087
20
-3.3154729921259842
11
3.4653307086614173
21
-3.3209275984251967
0
LINE
8
BLACK
6
CONTINUOUS
10
3.4653307086614173
20
-3.3209275984251967
11
3.460691929133858
21
-3.325566377952756
0
LINE
8
BLACK
6
CONTINUOUS
10
3.460691929133858
20
-3.325566377952756
11
3.4552373228346456
21
-3.3292110236220473
0
LINE
8
BLACK
6
CONTINUOUS
10
3.4552373228346456
20
-3.3292110236220473
11
3.449176496062992
21
-3.3317214960629919
0
LINE
8
BLACK
6
CONTINUOUS
10
3.449176496062992
20
-3.3317214960629919
11
3.4427423622047244
21
-3.3330013385826769
0
LINE
8
BLACK
6
CONTINUOUS
10
3.4427423622047244
20
-3.3330013385826769
11
3.436182125984252
21
-3.3330013385826769
0
LINE
8
BLACK
6
CONTINUOUS
10
3.436182125984252
20
-3.3330013385826769
11
3.4297479921259844
21
-3.3317214960629919
0
LINE
8
BLACK
6
CONTINUOUS
10
3.4297479921259844
20
-3.3317214960629919
11
3.4236871653543308
21
-3.3292110236220473
0
LINE
8
BLACK
6
CONTINUOUS
10
3.4236871653543308
20
-3.3292110236220473
11
3.4182325590551179
21
-3.325566377952756
0
LINE
8
BLACK
6
CONTINUOUS
10
3.4182325590551179
20
-3.325566377952756
11
3.413593779527559
21
-3.3209275984251967
0
LINE
8
BLACK
6
CONTINUOUS
10
3.413593779527559
20
-3.3209275984251967
11
3.4099491338582677
21
-3.3154729921259842
0
LINE
8
BLACK
6
CONTINUOUS
10
3.4099491338582677
20
-3.3154729921259842
11
3.4074386614173227
21
-3.3094121653543307
0
LINE
8
BLACK
6
CONTINUOUS
10
3.4074386614173227
20
-3.3094121653543307
11
3.4061588188976377
21
-3.3029780314960631
0
LINE
8
BLACK
6
CONTINUOUS
10
3.4061588188976377
20
-3.3029780314960631
11
3.4061588188976377
21
-3.2964177952755906
0
LINE
8
BLACK
6
CONTINUOUS
10
3.4061588188976377
20
-3.2964177952755906
11
3.4074386614173227
21
-3.2899836614173226
0
LINE
8
BLACK
6
CONTINUOUS
10
3.4074386614173227
20
-3.2899836614173226
11
3.4099491338582677
21
-3.283922834645669
0
LINE
8
BLACK
6
CONTINUOUS
10
3.4099491338582677
20
-3.283922834645669
11
3.413593779527559
21
-3.2784682283464566
0
LINE
8
BLACK
6
CONTINUOUS
10
3.413593779527559
20
-3.2784682283464566
11
3.4182325590551179
21
-3.2738294488188977
0
LINE
8
BLACK
6
CONTINUOUS
10
3.4182325590551179
20
-3.2738294488188977
11
3.4236871653543308
21
-3.2701848031496064
0
LINE
8
BLACK
6
CONTINUOUS
10
3.4236871653543308
20
-3.2701848031496064
11
3.4297479921259844
21
-3.2676743307086613
0
LINE
8
BLACK
6
CONTINUOUS
10
3.4297479921259844
20
-3.2676743307086613
11
3.436182125984252
21
-3.2663944881889764
0
LINE
8
BLACK
6
CONTINUOUS
10
3.436182125984252
20
-3.2663944881889764
11
3.4427423622047244
21
-3.2663944881889764
0
LINE
8
BLACK
6
CONTINUOUS
10
3.4427423622047244
20
-3.2663944881889764
11
3.449176496062992
21
-3.2676743307086613
0
CIRCLE
8
BLACK
10
6.8886748425196851
20
-3.0975168110236222
40
0.0068897637795276
0
CIRCLE
8
BLACK
10
4.0886748425196853
20
-3.0975168110236222
40
0.0068897637795276
0
CIRCLE
8
BLACK
10
4.0886748425196853
20
-4.6975168110236218
40
0.0068897637795276
0
CIRCLE
8
BLACK
10
6.8886748425196851
20
-4.6975168110236218
40
0.0068897637795276
0
CIRCLE
8
BLACK
10
6.1252181496062992
20
-3.0695168110236222
40
0.0068897637795276
0
CIRCLE
8
BLACK
10
6.3173441338582679
20
-3.0695168110236222
40
0.0068897637795276
0
LINE
8
BLACK
6
CONTINUOUS
10
5.4903124803149606
20
-5.7902559055118106
11
5.488842834645669
21
-5.7938039370078736
0
LINE
8
BLACK
6
CONTINUOUS
10
5.488842834645669
20
-5.7938039370078736
11
5.4861273228346459
21
-5.7965194488188976
0
LINE
8
BLACK
6
CONTINUOUS
10
5.4861273228346459
20
-5.7965194488188976
11
5.4825792913385829
21
-5.7979890944881891
0
LINE
8
BLACK
6
CONTINUOUS
10
5.4825792913385829
20
-5.7979890944881891
11
5.4787388976377951
21
-5.7979890944881891
0
LINE
8
BLACK
6
CONTINUOUS
10
5.4787388976377951
20
-5.7979890944881891
11
5.4751908661417321
21
-5.7965194488188976
0
LINE
8
BLACK
6
CONTINUOUS
10
5.4751908661417321
20
-5.7965194488188976
11
5.472475354330709
21
-5.7938039370078736
0
LINE
8
BLACK
6
CONTINUOUS
10
5.472475354330709
20
-5.7938039370078736
11
5.4710057086614174
21
-5.7902559055118106
0
LINE
8
BLACK
6
CONTINUOUS
10
5.4710057086614174
20
-5.7902559055118106
11
5.4708165748031492
21
-5.7883357086614176
0
LINE
8
BLACK
6
CONTINUOUS
10
5.4708165748031492
20
-5.7883357086614176
11
5.4708165748031492
21
-5.7725876771653546
0
LINE
8
BLACK
6
CONTINUOUS
10
5.4708165748031492
20
-5.7725876771653546
11
5.4710057086614174
21
-5.7706674803149607
0
LINE
8
BLACK
6
CONTINUOUS
10
5.4710057086614174
20
-5.7706674803149607
11
5.472475354330709
21
-5.7671194488188977
0
LINE
8
BLACK
6
CONTINUOUS
10
5.472475354330709
20
-5.7671194488188977
11
5.4751908661417321
21
-5.7644039370078737
0
LINE
8
BLACK
6
CONTINUOUS
10
5.4751908661417321
20
-5.7644039370078737
11
5.4787388976377951
21
-5.7629342913385821
0
LINE
8
BLACK
6
CONTINUOUS
10
5.4787388976377951
20
-5.7629342913385821
11
5.4825792913385829
21
-5.7629342913385821
0
LINE
8
BLACK
6
CONTINUOUS
10
5.4825792913385829
20
-5.7629342913385821
11
5.4861273228346459
21
-5.7644039370078737
0
LINE
8
BLACK
6
CONTINUOUS
10
5.4861273228346459
20
-5.7644039370078737
11
5.488842834645669
21
-5.7671194488188977
0
LINE
8
BLACK
6
CONTINUOUS
10
5.488842834645669
20
-5.7671194488188977
11
5.4903124803149606
21
-5.7706674803149607
0
LINE
8
BLACK
6
CONTINUOUS
10
5.4903124803149606
20
-5.7706674803149607
11
5.4905016141732279
21
-5.7725876771653546
0
LINE
8
BLACK
6
CONTINUOUS
10
5.4905016141732279
20
-5.7725876771653546
11
5.4905016141732279
21
-5.7883357086614176
0
LINE
8
BLACK
6
CONTINUOUS
10
5.4905016141732279
20
-5.7883357086614176
11
5.4903124803149606
21
-5.7902559055118106
0
LINE
8
BLACK
6
CONTINUOUS
10
5.65763531496063
20
-5.7902559055118106
11
5.6561656692913385
21
-5.7938039370078736
0
LINE
8
BLACK
6
CONTINUOUS
10
5.6561656692913385
20
-5.7938039370078736
11
5.6534501574803144
21
-5.7965194488188976
0
LINE
8
BLACK
6
CONTINUOUS
10
5.6534501574803144
20
-5.7965194488188976
11
5.6499021259842515
21
-5.7979890944881891
0
LINE
8
BLACK
6
CONTINUOUS
10
5.6499021259842515
20
-5.7979890944881891
11
5.6460617322834645
21
-5.7979890944881891
0
LINE
8
BLACK
6
CONTINUOUS
10
5.6460617322834645
20
-5.7979890944881891
11
5.6425137007874016
21
-5.7965194488188976
0
LINE
8
BLACK
6
CONTINUOUS
10
5.6425137007874016
20
-5.7965194488188976
11
5.6397981889763775
21
-5.7938039370078736
0
LINE
8
BLACK
6
CONTINUOUS
10
5.6397981889763775
20
-5.7938039370078736
11
5.6383285433070869
21
-5.7902559055118106
0
LINE
8
BLACK
6
CONTINUOUS
10
5.6383285433070869
20
-5.7902559055118106
11
5.6381394094488186
21
-5.7883357086614176
0
LINE
8
BLACK
6
CONTINUOUS
10
5.6381394094488186
20
-5.7883357086614176
11
5.6381394094488186
21
-5.7725876771653546
0
LINE
8
BLACK
6
CONTINUOUS
10
5.6381394094488186
20
-5.7725876771653546
11
5.6383285433070869
21
-5.7706674803149607
0
LINE
8
BLACK
6
CONTINUOUS
10
5.6383285433070869
20
-5.7706674803149607
11
5.6397981889763775
21
-5.7671194488188977
0
LINE
8
BLACK
6
CONTINUOUS
10
5.6397981889763775
20
-5.7671194488188977
11
5.6425137007874016
21
-5.7644039370078737
0
LINE
8
BLACK
6
CONTINUOUS
10
5.6425137007874016
20
-5.7644039370078737
11
5.6460617322834645
21
-5.7629342913385821
0
LINE
8
BLACK
6
CONTINUOUS
10
5.6460617322834645
20
-5.7629342913385821
11
5.6499021259842515
21
-5.7629342913385821
0
LINE
8
BLACK
6
CONTINUOUS
10
5.6499021259842515
20
-5.7629342913385821
11
5.6534501574803144
21
-5.7644039370078737
0
LINE
8
BLACK
6
CONTINUOUS
10
5.6534501574803144
20
-5.7644039370078737
11
5.6561656692913385
21
-5.7671194488188977
0
LINE
8
BLACK
6
CONTINUOUS
10
5.6561656692913385
20
-5.7671194488188977
11
5.65763531496063
21
-5.7706674803149607
0
LINE
8
BLACK
6
CONTINUOUS
10
5.65763531496063
20
-5.7706674803149607
11
5.6578244488188973
21
-5.7725876771653546
0
LINE
8
BLACK
6
CONTINUOUS
10
5.6578244488188973
20
-5.7725876771653546
11
5.6578244488188973
21
-5.7883357086614176
0
LINE
8
BLACK
6
CONTINUOUS
10
5.6578244488188973
20
-5.7883357086614176
11
5.65763531496063
21
-5.7902559055118106
0
CIRCLE
8
BLACK
10
3.5394622440944881
20
-3.2996979133858266
40
0.0068897637795276
0
CIRCLE
8
BLACK
10
3.439462244094488
20
-3.2996979133858266
40
0.0068897637795276
0
CIRCLE
8
BLACK
10
3.5394622440944881
20
-3.3996979133858267
40
0.0068897637795276
0
CIRCLE
8
BLACK
10
3.439462244094488
20
-3.3996979133858267
40
0.0068897637795276
0
CIRCLE
8
BLACK
10
3.5394622440944881
20
-3.4996979133858268
40
0.0068897637795276
0
CIRCLE
8
BLACK
10
3.439462244094488
20
-3.4996979133858268
40
0.0068897637795276
0
CIRCLE
8
BLACK
10
3.5394622440944881
20
-3.5996979133858269
40
0.0068897637795276
0
CIRCLE
8
BLACK
10
3.439462244094488
20
-3.5996979133858269
40
0.0068897637795276
0
CIRCLE
8
BLACK
10
3.5394622440944881
20
-3.6996979133858265
40
0.0068897637795276
0
CIRCLE
8
BLACK
10
3.439462244094488
20
-3.6996979133858265
40
0.0068897637795276
0
CIRCLE
8
BLACK
10
3.5394622440944881
20
-3.7996979133858266
40
0.0068897637795276
0
CIRCLE
8
BLACK
10
3.439462244094488
20
-3.7996979133858266
40
0.0068897637795276
0
CIRCLE
8
BLACK
10
3.5394622440944881
20
-3.8996979133858267
40
0.0068897637795276
0
CIRCLE
8
BLACK
10
3.439462244094488
20
-3.8996979133858267
40
0.0068897637795276
0
CIRCLE
8
BLACK
10
3.5394622440944881
20
-3.9996979133858268
40
0.0068897637795276
0
CIRCLE
8
BLACK
10
3.439462244094488
20
-3.9996979133858268
40
0.0068897637795276
0
CIRCLE
8
BLACK
10
3.5394622440944881
20
-4.0996979133858265
40
0.0068897637795276
0
CIRCLE
8
BLACK
10
3.439462244094488
20
-4.0996979133858265
40
0.0068897637795276
0
CIRCLE
8
BLACK
10
3.5394622440944881
20
-4.199697913385827
40
0.0068897637795276
0
CIRCLE
8
BLACK
10
3.439462244094488
20
-4.199697913385827
40
0.0068897637795276
0
CIRCLE
8
BLACK
10
3.5394622440944881
20
-4.2996979133858266
40
0.0068897637795276
0
CIRCLE
8
BLACK
10
3.439462244094488
20
-4.2996979133858266
40
0.0068897637795276
0
CIRCLE
8
BLACK
10
3.5394622440944881
20
-4.3996979133858263
40
0.0068897637795276
0
CIRCLE
8
BLACK
10
3.439462244094488
20
-4.3996979133858263
40
0.0068897637795276
0
CIRCLE
8
BLACK
10
3.5394622440944881
20
-4.4996979133858268
40
0.0068897637795276
0
CIRCLE
8
BLACK
10
3.439462244094488
20
-4.4996979133858268
40
0.0068897637795276
0
CIRCLE
8
BLACK
10
3.5394622440944881
20
-4.5996979133858265
40
0.0068897637795276
0
CIRCLE
8
BLACK
10
3.439462244094488
20
-4.5996979133858265
40
0.0068897637795276
0
CIRCLE
8
BLACK
10
3.5394622440944881
20
-4.699697913385827
40
0.0068897637795276
0
CIRCLE
8
BLACK
10
3.439462244094488
20
-4.699697913385827
40
0.0068897637795276
0
CIRCLE
8
BLACK
10
6.6166747637795273
20
-4.5955168110236215
40
0.0078740157480315
0
CIRCLE
8
BLACK
10
5.7158024015748028
20
-3.7268470472440942
40
0.0078740157480315
0
CIRCLE
8
BLACK
10
6.6262338976377952
20
-4.4253120866141735
40
0.0078740157480315
0
CIRCLE
8
BLACK
10
7.1746748425196847
20
-3.7035168110236221
40
0.0078740157480315
0
CIRCLE
8
BLACK
10
7.1100455118110233
20
-4.4972494094488189
40
0.0078740157480315
0
CIRCLE
8
BLACK
10
7.0646753937007869
20
-4.49751625984252
40
0.0078740157480315
0
CIRCLE
8
BLACK
10
5.0247496456692913
20
-3.3395916141732283
40
0.0078740157480315
0
CIRCLE
8
BLACK
10
7.1086748425196848
20
-4.5925168110236223
40
0.0078740157480315
0
CIRCLE
8
BLACK
10
6.979383503937008
20
-4.3119262598425196
40
0.0078740157480315
0
CIRCLE
8
BLACK
10
6.0127919685039366
20
-4.0835681889763782
40
0.0078740157480315
0
CIRCLE
8
BLACK
10
6.9586748425196845
20
-4.163516811023622
40
0.0078740157480315
0
CIRCLE
8
BLACK
10
6.4186748425196845
20
-4.5955168110236215
40
0.0078740157480315
0
CIRCLE
8
BLACK
10
5.8236748425196847
20
-3.925516811023622
40
0.0078740157480315
0
CIRCLE
8
BLACK
10
6.7749669291338579
20
-4.5260415354330705
40
0.0078740157480315
0
CIRCLE
8
BLACK
10
7.1186748425196846
20
-4.7275168110236221
40
0.0078740157480315
0
CIRCLE
8
BLACK
10
5.0886748425196853
20
-4.2415168110236223
40
0.0078740157480315
0
CIRCLE
8
BLACK
10
6.7683655118110231
20
-4.1914538188976378
40
0.0078740157480315
0
CIRCLE
8
BLACK
10
4.691674842519685
20
-4.4723395669291337
40
0.0078740157480315
0
CIRCLE
8
BLACK
10
5.1306748425196851
20
-4.8315168110236222
40
0.0078740157480315
0
CIRCLE
8
BLACK
10
4.3886748425196851
20
-3.0975168110236222
40
0.0078740157480315
0
CIRCLE
8
BLACK
10
6.3386748425196853
20
-3.2375168110236219
40
0.0078740157480315
0
CIRCLE
8
BLACK
10
6.7086748425196845
20
-4.825516811023622
40
0.0078740157480315
0
CIRCLE
8
BLACK
10
7.3986748425196849
20
-4.0375168110236217
40
0.0078740157480315
0
CIRCLE
8
BLACK
10
7.3686748425196846
20
-4.2675168110236221
40
0.0078740157480315
0
CIRCLE
8
BLACK
10
5.619674842519685
20
-4.1285168110236219
40
0.0078740157480315
0
CIRCLE
8
BLACK
10
5.808674842519685
20
-3.2675168110236221
40
0.0078740157480315
0
CIRCLE
8
BLACK
10
6.1496748425196852
20
-3.1485168110236219
40
0.0078740157480315
0
CIRCLE
8
BLACK
10
6.6966748425196849
20
-3.0085168110236218
40
0.0078740157480315
0
CIRCLE
8
BLACK
10
5.3026748425196848
20
-3.5275168110236219
40
0.0078740157480315
0
CIRCLE
8
BLACK
10
6.486674842519685
20
-2.962516811023622
40
0.0078740157480315
0
CIRCLE
8
BLACK
10
4.9886748425196847
20
-4.6040128740157478
40
0.0078740157480315
0
CIRCLE
8
BLACK
10
4.6886748425196849
20
-3.0975168110236222
40
0.0078740157480315
0
CIRCLE
8
BLACK
10
6.5016748425196846
20
-4.6115168110236215
40
0.0078740157480315
0
CIRCLE
8
BLACK
10
5.1886748425196849
20
-2.9975168110236221
40
0.0078740157480315
0
CIRCLE
8
BLACK
10
6.6186748425196846
20
-4.8275168110236217
40
0.0078740157480315
0
CIRCLE
8
BLACK
10
5.5907846062992128
20
-4.4682508267716532
40
0.0078740157480315
0
CIRCLE
8
BLACK
10
5.6666748425196847
20
-3.5555168110236219
40
0.0078740157480315
0
CIRCLE
8
BLACK
10
7.308674842519685
20
-4.0375168110236217
40
0.0078740157480315
0
CIRCLE
8
BLACK
10
6.3286748425196846
20
-4.8275168110236217
40
0.0078740157480315
0
CIRCLE
8
BLACK
10
5.5238970866141734
20
-4.5227902755905509
40
0.0078740157480315
0
CIRCLE
8
BLACK
10
6.5806748425196853
20
-4.405516811023622
40
0.0078740157480315
0
CIRCLE
8
BLACK
10
7.2486748425196845
20
-4.3075168110236222
40
0.0078740157480315
0
CIRCLE
8
BLACK
10
7.3686748425196846
20
-3.8425168110236219
40
0.0078740157480315
0
CIRCLE
8
BLACK
10
6.6871737401574798
20
-3.2139827952755904
40
0.0078740157480315
0
CIRCLE
8
BLACK
10
5.9350274015748026
20
-4.8520443700787403
40
0.0078740157480315
0
CIRCLE
8
BLACK
10
6.7786748425196848
20
-3.829516811023622
40
0.0078740157480315
0
CIRCLE
8
BLACK
10
6.2586748425196852
20
-3.0325168110236218
40
0.0078740157480315
0
CIRCLE
8
BLACK
10
4.2128766141732283
20
-4.4043577952755903
40
0.0078740157480315
0
CIRCLE
8
BLACK
10
7.308674842519685
20
-4.3325168110236216
40
0.0078740157480315
0
CIRCLE
8
BLACK
10
6.0226748425196845
20
-3.2535168110236219
40
0.0078740157480315
0
CIRCLE
8
BLACK
10
4.1638593307086618
20
-4.3082541338582674
40
0.0078740157480315
0
CIRCLE
8
BLACK
10
6.6114536614173227
20
-3.4506893307086615
40
0.0078740157480315
0
CIRCLE
8
BLACK
10
4.7886748425196846
20
-3.0975168110236222
40
0.0078740157480315
0
CIRCLE
8
BLACK
10
5.8786748425196853
20
-2.9975168110236221
40
0.0078740157480315
0
CIRCLE
8
BLACK
10
7.3106748425196848
20
-4.091516811023622
40
0.0078740157480315
0
CIRCLE
8
BLACK
10
6.9026748425196844
20
-3.6015168110236218
40
0.0078740157480315
0
CIRCLE
8
BLACK
10
4.3886748425196851
20
-2.9975168110236221
40
0.0078740157480315
0
CIRCLE
8
BLACK
10
4.2889424015748032
20
-4.642787244094488
40
0.0078740157480315
0
CIRCLE
8
BLACK
10
5.079777204724409
20
-4.6040128740157478
40
0.0078740157480315
0
CIRCLE
8
BLACK
10
7.4506748425196845
20
-2.9365168110236222
40
0.0078740157480315
0
CIRCLE
8
BLACK
10
6.9596748425196848
20
-3.514516811023622
40
0.0078740157480315
0
CIRCLE
8
BLACK
10
4.7326748425196845
20
-4.7415168110236223
40
0.0078740157480315
0
CIRCLE
8
BLACK
10
5.2246748425196845
20
-4.8395168110236222
40
0.0078740157480315
0
CIRCLE
8
BLACK
10
5.6266748425196846
20
-3.9805168110236218
40
0.0078740157480315
0
CIRCLE
8
BLACK
10
5.3016748425196853
20
-3.2655168110236219
40
0.0078740157480315
0
CIRCLE
8
BLACK
10
7.3686748425196846
20
-4.5875168110236215
40
0.0078740157480315
0
CIRCLE
8
BLACK
10
5.2406748425196845
20
-4.7415168110236223
40
0.0078740157480315
0
CIRCLE
8
BLACK
10
7.4186748425196845
20
-3.877516811023622
40
0.0078740157480315
0
CIRCLE
8
BLACK
10
6.5926748425196848
20
-4.163516811023622
40
0.0078740157480315
0
CIRCLE
8
BLACK
10
7.3786748425196853
20
-3.647516811023622
40
0.0078740157480315
0
CIRCLE
8
BLACK
10
6.8346748425196848
20
-3.4795168110236219
40
0.0078740157480315
0
CIRCLE
8
BLACK
10
7.3396748425196847
20
-3.0635168110236219
40
0.0078740157480315
0
CIRCLE
8
BLACK
10
5.9686748425196852
20
-2.9775168110236221
40
0.0078740157480315
0
CIRCLE
8
BLACK
10
6.2906748425196852
20
-2.9815168110236221
40
0.0078740157480315
0
CIRCLE
8
BLACK
10
5.994674842519685
20
-4.4285168110236217
40
0.0078740157480315
0
CIRCLE
8
BLACK
10
4.6827626771653543
20
-4.5815340157480318
40
0.0078740157480315
0
CIRCLE
8
BLACK
10
4.7886748425196846
20
-4.6040128740157478
40
0.0078740157480315
0
CIRCLE
8
BLACK
10
6.0898094094488187
20
-4.8707924015748034
40
0.0078740157480315
0
CIRCLE
8
BLACK
10
7.3686748425196846
20
-4.647516811023622
40
0.0078740157480315
0
CIRCLE
8
BLACK
10
4.2886748425196846
20
-3.0975168110236222
40
0.0078740157480315
0
CIRCLE
8
BLACK
10
7.3686748425196846
20
-4.7175168110236223
40
0.0078740157480315
0
CIRCLE
8
BLACK
10
6.4726748425196847
20
-4.0125168110236222
40
0.0078740157480315
0
CIRCLE
8
BLACK
10
6.6206748425196853
20
-3.9425168110236219
40
0.0078740157480315
0
CIRCLE
8
BLACK
10
7.0296748425196851
20
-4.2225168110236222
40
0.0078740157480315
0
CIRCLE
8
BLACK
10
7.0446748425196848
20
-3.5155168110236219
40
0.0078740157480315
0
CIRCLE
8
BLACK
10
5.526674842519685
20
-3.6285168110236219
40
0.0078740157480315
0
CIRCLE
8
BLACK
10
6.7386748425196847
20
-3.2225168110236218
40
0.0078740157480315
0
CIRCLE
8
BLACK
10
5.353674842519685
20
-4.4835168110236223
40
0.0078740157480315
0
CIRCLE
8
BLACK
10
4.8886748425196851
20
-3.0975168110236222
40
0.0078740157480315
0
CIRCLE
8
BLACK
10
6.3056748425196849
20
-4.3535168110236215
40
0.0078740157480315
0
CIRCLE
8
BLACK
10
6.994674842519685
20
-3.599516811023622
40
0.0078740157480315
0
CIRCLE
8
BLACK
10
6.6167850787401576
20
-3.3158632677165354
40
0.0078740157480315
0
CIRCLE
8
BLACK
10
4.8816748425196845
20
-3.1985168110236222
40
0.0078740157480315
0
CIRCLE
8
BLACK
10
7.0236748425196849
20
-3.982516811023622
40
0.0078740157480315
0
CIRCLE
8
BLACK
10
7.3686748425196846
20
-4.5325168110236218
40
0.0078740157480315
0
CIRCLE
8
BLACK
10
6.183674842519685
20
-3.0325168110236218
40
0.0078740157480315
0
CIRCLE
8
BLACK
10
6.0386748425196846
20
-2.9775168110236221
40
0.0078740157480315
0
CIRCLE
8
BLACK
10
4.8886748425196851
20
-4.6040128740157478
40
0.0078740157480315
0
CIRCLE
8
BLACK
10
6.2644228740157475
20
-3.5961782283464565
40
0.0078740157480315
0
CIRCLE
8
BLACK
10
6.7316748425196851
20
-3.4555168110236218
40
0.0078740157480315
0
CIRCLE
8
BLACK
10
7.4286748425196851
20
-3.5375168110236221
40
0.0078740157480315
0
CIRCLE
8
BLACK
10
4.8096748425196854
20
-4.8205168110236221
40
0.0078740157480315
0
CIRCLE
8
BLACK
10
5.6186748425196846
20
-3.2305168110236218
40
0.0078740157480315
0
CIRCLE
8
BLACK
10
6.1686748425196853
20
-2.9775168110236221
40
0.0078740157480315
0
CIRCLE
8
BLACK
10
5.8386748425196853
20
-4.8520443700787403
40
0.0078740157480315
0
CIRCLE
8
BLACK
10
7.3976748425196845
20
-2.9365168110236222
40
0.0078740157480315
0
CIRCLE
8
BLACK
10
4.4886748425196847
20
-3.0975168110236222
40
0.0078740157480315
0
CIRCLE
8
BLACK
10
5.3636748425196847
20
-4.8225168110236218
40
0.0078740157480315
0
CIRCLE
8
BLACK
10
5.5521492519685038
20
-4.026991220472441
40
0.0078740157480315
0
CIRCLE
8
BLACK
10
5.5886748425196853
20
-4.6975168110236218
40
0.0078740157480315
0
CIRCLE
8
BLACK
10
7.1396748425196845
20
-2.9595168110236219
40
0.0078740157480315
0
CIRCLE
8
BLACK
10
4.3016748425196853
20
-4.7185168110236217
40
0.0078740157480315
0
CIRCLE
8
BLACK
10
6.3976748425196845
20
-3.9775168110236221
40
0.0078740157480315
0
CIRCLE
8
BLACK
10
6.736674842519685
20
-2.9595168110236219
40
0.0078740157480315
0
CIRCLE
8
BLACK
10
6.8016748425196845
20
-3.978516811023622
40
0.0078740157480315
0
CIRCLE
8
BLACK
10
4.5046748425196848
20
-3.1785168110236222
40
0.0078740157480315
0
CIRCLE
8
BLACK
10
6.1086748425196848
20
-2.9775168110236221
40
0.0078740157480315
0
CIRCLE
8
BLACK
10
5.4276748425196848
20
-3.6215168110236218
40
0.0078740157480315
0
CIRCLE
8
BLACK
10
5.0886748425196853
20
-2.9975168110236221
40
0.0078740157480315
0
CIRCLE
8
BLACK
10
5.2066748425196847
20
-3.2035168110236221
40
0.0078740157480315
0
CIRCLE
8
BLACK
10
7.3686748425196846
20
-3.5375168110236221
40
0.0078740157480315
0
CIRCLE
8
BLACK
10
7.0836748425196845
20
-4.8025168110236223
40
0.0078740157480315
0
CIRCLE
8
BLACK
10
6.9803362598425194
20
-4.41685531496063
40
0.0078740157480315
0
CIRCLE
8
BLACK
10
7.3836748425196852
20
-3.7225168110236218
40
0.0078740157480315
0
CIRCLE
8
BLACK
10
4.2886748425196846
20
-2.9975168110236221
40
0.0078740157480315
0
CIRCLE
8
BLACK
10
6.1626748425196851
20
-4.2760128740157484
40
0.0078740157480315
0
CIRCLE
8
BLACK
10
7.3186748425196848
20
-3.5375168110236221
40
0.0078740157480315
0
CIRCLE
8
BLACK
10
5.8966748425196851
20
-4.357516811023622
40
0.0078740157480315
0
CIRCLE
8
BLACK
10
7.0604498425196844
20
-4.1300364960629921
40
0.0078740157480315
0
CIRCLE
8
BLACK
10
6.0318584645669286
20
-4.8567924015748032
40
0.0078740157480315
0
CIRCLE
8
BLACK
10
7.207674842519685
20
-2.9365168110236222
40
0.0078740157480315
0
CIRCLE
8
BLACK
10
7.4536748425196846
20
-3.0635168110236219
40
0.0078740157480315
0
CIRCLE
8
BLACK
10
7.4046748425196851
20
-3.0655168110236222
40
0.0078740157480315
0
CIRCLE
8
BLACK
10
7.0556748425196849
20
-2.9805168110236218
40
0.0078740157480315
0
CIRCLE
8
BLACK
10
5.9036748425196848
20
-3.2315168110236221
40
0.0078740157480315
0
CIRCLE
8
BLACK
10
6.8676748425196852
20
-3.3115168110236222
40
0.0078740157480315
0
CIRCLE
8
BLACK
10
5.6686748425196853
20
-3.3175168110236219
40
0.0078740157480315
0
CIRCLE
8
BLACK
10
6.2236748425196851
20
-3.1045168110236219
40
0.0078740157480315
0
CIRCLE
8
BLACK
10
6.7826748425196852
20
-3.7465168110236218
40
0.0078740157480315
0
CIRCLE
8
BLACK
10
5.4296748425196846
20
-2.9575168110236221
40
0.0078740157480315
0
CIRCLE
8
BLACK
10
6.4986748425196845
20
-4.3245168110236216
40
0.0078740157480315
0
CIRCLE
8
BLACK
10
6.4826748425196845
20
-3.220516811023622
40
0.0078740157480315
0
CIRCLE
8
BLACK
10
4.6086748425196848
20
-4.5805168110236218
40
0.0078740157480315
0
CIRCLE
8
BLACK
10
5.3726748425196851
20
-4.2065168110236222
40
0.0078740157480315
0
CIRCLE
8
BLACK
10
5.6386748425196851
20
-4.740516811023622
40
0.0078740157480315
0
CIRCLE
8
BLACK
10
4.2916748425196847
20
-3.1735168110236218
40
0.0078740157480315
0
CIRCLE
8
BLACK
10
5.8786748425196853
20
-3.0675168110236219
40
0.0078740157480315
0
CIRCLE
8
BLACK
10
7.4186748425196845
20
-4.2675168110236221
40
0.0078740157480315
0
CIRCLE
8
BLACK
10
7.0460790157480311
20
-3.5986604724409448
40
0.0078740157480315
0
CIRCLE
8
BLACK
10
4.5886748425196853
20
-3.0975168110236222
40
0.0078740157480315
0
CIRCLE
8
BLACK
10
5.2886748425196846
20
-2.9975168110236221
40
0.0078740157480315
0
CIRCLE
8
BLACK
10
6.9796958267716533
20
-3.9610380314960629
40
0.0078740157480315
0
CIRCLE
8
BLACK
10
4.4196748425196848
20
-4.7295168110236219
40
0.0078740157480315
0
CIRCLE
8
BLACK
10
7.3206748425196846
20
-2.9415168110236221
40
0.0078740157480315
0
CIRCLE
8
BLACK
10
7.4486748425196847
20
-4.0375168110236217
40
0.0078740157480315
0
CIRCLE
8
BLACK
10
5.7016748425196848
20
-3.9425168110236219
40
0.0078740157480315
0
CIRCLE
8
BLACK
10
6.8987635826771649
20
-3.9070590944881887
40
0.0078740157480315
0
CIRCLE
8
BLACK
10
6.433674842519685
20
-4.1865168110236217
40
0.0078740157480315
0
CIRCLE
8
BLACK
10
5.6636748425196846
20
-4.3325168110236216
40
0.0078740157480315
0
CIRCLE
8
BLACK
10
6.4686748425196852
20
-4.8275168110236217
40
0.0078740157480315
0
CIRCLE
8
BLACK
10
6.129304763779527
20
-3.3841346062992126
40
0.0078740157480315
0
CIRCLE
8
BLACK
10
6.7183598818897634
20
-4.0512961811023622
40
0.0078740157480315
0
CIRCLE
8
BLACK
10
5.6096984645669288
20
-3.6764931889763779
40
0.0078740157480315
0
CIRCLE
8
BLACK
10
6.183674842519685
20
-4.5425168110236216
40
0.0078740157480315
0
CIRCLE
8
BLACK
10
6.3423453937007874
20
-3.6044459448818897
40
0.0078740157480315
0
CIRCLE
8
BLACK
10
7.3366748425196846
20
-3.2735168110236219
40
0.0078740157480315
0
CIRCLE
8
BLACK
10
5.4926748425196852
20
-4.6735168110236218
40
0.0078740157480315
0
CIRCLE
8
BLACK
10
4.4099260629921258
20
-4.4582656692913387
40
0.0078740157480315
0
CIRCLE
8
BLACK
10
5.5597535826771649
20
-4.1785168110236217
40
0.0078740157480315
0
CIRCLE
8
BLACK
10
6.6351497637795278
20
-3.6872337007874014
40
0.0078740157480315
0
CIRCLE
8
BLACK
10
6.3484150000000001
20
-3.6434799999999998
40
0.0078740157480315
0
CIRCLE
8
BLACK
10
7.3386748425196853
20
-3.2235168110236221
40
0.0078740157480315
0
CIRCLE
8
BLACK
10
6.5150429527559055
20
-3.7251487007874013
40
0.0078740157480315
0
CIRCLE
8
BLACK
10
5.5728348818897633
20
-4.2483961417322833
40
0.0078740157480315
0
CIRCLE
8
BLACK
10
4.2816749212598424
20
-4.4545168503937003
40
0.0078740157480315
0
CIRCLE
8
BLACK
10
5.5143579921259844
20
-4.7101999606299207
40
0.0078740157480315
0
CIRCLE
8
BLACK
10
5.9896748425196851
20
-4.546516811023622
40
0.0078740157480315
0
CIRCLE
8
BLACK
10
5.7876747637795276
20
-4.5455168110236217
40
0.0078740157480315
0
CIRCLE
8
BLACK
10
6.6146748425196851
20
-2.9895168110236221
40
0.0078740157480315
0
CIRCLE
8
BLACK
10
6.7648165748031497
20
-4.473343582677165
40
0.0078740157480315
0
CIRCLE
8
BLACK
10
6.8186748425196848
20
-4.1405168110236223
40
0.0078740157480315
0
CIRCLE
8
BLACK
10
6.3287523228346458
20
-3.5316427952755904
40
0.0078740157480315
0
CIRCLE
8
BLACK
10
5.3132415748031496
20
-4.6998201574803149
40
0.0078740157480315
0
CIRCLE
8
BLACK
10
5.3132417716535434
20
-4.6119262598425195
40
0.0078740157480315
0
CIRCLE
8
BLACK
10
6.1849979921259841
20
-3.4923126771653541
40
0.0078740157480315
0
CIRCLE
8
BLACK
10
6.5543756692913382
20
-3.5690128740157481
40
0.0078740157480315
0
CIRCLE
8
BLACK
10
5.3876748425196848
20
-4.039114960629921
40
0.0078740157480315
0
CIRCLE
8
BLACK
10
6.7648165748031497
20
-4.3690128740157483
40
0.0078740157480315
0
CIRCLE
8
BLACK
10
7.0919819291338584
20
-4.0847609055118106
40
0.0078740157480315
0
CIRCLE
8
BLACK
10
4.4446748425196851
20
-3.893516811023622
40
0.0078740157480315
0
CIRCLE
8
BLACK
10
4.3286748425196846
20
-3.337516811023622
40
0.0078740157480315
0
CIRCLE
8
BLACK
10
6.1772600393700783
20
-3.9320931102362202
40
0.0078740157480315
0
CIRCLE
8
BLACK
10
4.6486748425196849
20
-3.3325168110236221
40
0.0078740157480315
0
CIRCLE
8
BLACK
10
5.042525236220472
20
-4.1835168110236216
40
0.0078740157480315
0
CIRCLE
8
BLACK
10
5.8218841338582674
20
-3.7586670472440944
40
0.0078740157480315
0
CIRCLE
8
BLACK
10
4.9264037007874011
20
-4.235787874015748
40
0.0078740157480315
0
CIRCLE
8
BLACK
10
6.1540765748031498
20
-3.84811531496063
40
0.0078740157480315
0
CIRCLE
8
BLACK
10
5.1009583070866142
20
-3.5675168110236219
40
0.0078740157480315
0
CIRCLE
8
BLACK
10
5.1816748425196852
20
-3.6265168110236221
40
0.0078740157480315
0
CIRCLE
8
BLACK
10
4.7266748425196852
20
-4.0415168110236221
40
0.0078740157480315
0
CIRCLE
8
BLACK
10
4.9206748425196851
20
-3.651516811023622
40
0.0078740157480315
0
CIRCLE
8
BLACK
10
6.1256747637795277
20
-4.0063143307086611
40
0.0078740157480315
0
CIRCLE
8
BLACK
10
4.2726748425196845
20
-4.0855168110236217
40
0.0078740157480315
0
CIRCLE
8
BLACK
10
5.978674842519685
20
-3.7875168110236221
40
0.0078740157480315
0
CIRCLE
8
BLACK
10
4.058674842519685
20
-3.5975168110236218
40
0.0078740157480315
0
CIRCLE
8
BLACK
10
4.9686748425196852
20
-3.647516811023622
40
0.0078740157480315
0
CIRCLE
8
BLACK
10
4.6606748425196853
20
-4.3915168110236218
40
0.0078740157480315
0
CIRCLE
8
BLACK
10
6.7385205118110232
20
-4.2171303937007876
40
0.0078740157480315
0
CIRCLE
8
BLACK
10
7.0146748425196845
20
-3.8055168110236219
40
0.0078740157480315
0
CIRCLE
8
BLACK
10
6.3441709055118105
20
-3.4265167716535432
40
0.0078740157480315
0
CIRCLE
8
BLACK
10
6.9036748425196848
20
-4.1525168110236219
40
0.0078740157480315
0
CIRCLE
8
BLACK
10
7.0159380314960629
20
-3.8907800787401574
40
0.0078740157480315
0
CIRCLE
8
BLACK
10
6.3106744488188973
20
-3.3875168110236218
40
0.0078740157480315
0
CIRCLE
8
BLACK
10
6.800674842519685
20
-3.9021152362204723
40
0.0078740157480315
0
CIRCLE
8
BLACK
10
6.315745433070866
20
-3.7059391732283462
40
0.0078740157480315
0
CIRCLE
8
BLACK
10
5.8886748425196851
20
-4.4475168110236218
40
0.0078740157480315
0
CIRCLE
8
BLACK
10
6.2487961417322833
20
-3.7165968897637796
40
0.0078740157480315
0
CIRCLE
8
BLACK
10
6.2906748425196852
20
-4.5215168110236217
40
0.0078740157480315
0
CIRCLE
8
BLACK
10
6.2791224015748028
20
-3.6914905511811025
40
0.0078740157480315
0
CIRCLE
8
BLACK
10
6.1896748425196852
20
-4.3125168110236221
40
0.0078740157480315
0
CIRCLE
8
BLACK
10
7.0626748425196846
20
-3.3675168110236218
40
0.0078740157480315
0
CIRCLE
8
BLACK
10
6.5366748425196848
20
-3.3275167322834647
40
0.0078740157480315
0
CIRCLE
8
BLACK
10
7.0606748425196848
20
-3.4275168110236218
40
0.0078740157480315
0
CIRCLE
8
BLACK
10
6.3786748425196853
20
-3.3115168110236222
40
0.0078740157480315
0
CIRCLE
8
BLACK
10
6.0663539370078743
20
-3.3987940157480314
40
0.0078740157480315
0
CIRCLE
8
BLACK
10
5.9706748425196849
20
-3.3135168110236219
40
0.0078740157480315
0
CIRCLE
8
BLACK
10
6.0274216141732282
20
-3.3929386220472439
40
0.0078740157480315
0
CIRCLE
8
BLACK
10
5.8986748425196849
20
-3.3805168110236221
40
0.0078740157480315
0
CIRCLE
8
BLACK
10
5.8966748425196851
20
-4.2795167322834642
40
0.0078740157480315
0
CIRCLE
8
BLACK
10
6.0277366141732278
20
-3.4575089370078738
40
0.0078740157480315
0
CIRCLE
8
BLACK
10
4.7404071259842517
20
-4.1773002755905511
40
0.0078740157480315
0
CIRCLE
8
BLACK
10
6.057771535433071
20
-3.4858940944881889
40
0.0078740157480315
0
CIRCLE
8
BLACK
10
5.1852596850393704
20
-4.3289499212598423
40
0.0078740157480315
0
CIRCLE
8
BLACK
10
5.8313790157480314
20
-3.6358610236220472
40
0.0078740157480315
0
CIRCLE
8
BLACK
10
5.7806748425196846
20
-3.6831861023622046
40
0.0078740157480315
0
CIRCLE
8
BLACK
10
4.3442337007874015
20
-3.6749579527559053
40
0.0078740157480315
0
CIRCLE
8
BLACK
10
5.273871692913386
20
-4.1345168110236221
40
0.0078740157480315
0
CIRCLE
8
BLACK
10
4.9970932677165356
20
-3.8770117322834645
40
0.0078740157480315
0
CIRCLE
8
BLACK
10
4.2576750787401574
20
-3.752516811023622
40
0.0078740157480315
0
CIRCLE
8
BLACK
10
5.018674842519685
20
-3.6785168110236222
40
0.0078740157480315
0
CIRCLE
8
BLACK
10
5.8256748425196845
20
-3.8785168110236219
40
0.0078740157480315
0
CIRCLE
8
BLACK
10
5.832674842519685
20
-3.4315168110236218
40
0.0078740157480315
0
CIRCLE
8
BLACK
10
6.3030024409448817
20
-3.4920327165354328
40
0.0078740157480315
  0
ENDSEC
  0
EOF
