  0
SECTION
  2
HEADER
  9
$ANGBASE
  50
0.0
  9
$ANGDIR
  70
1
  9
$MEASUREMENT
  70
0
  0
ENDSEC
  0
SECTION
  2
TABLES
  0
TABLE
  2
LTYPE
  70
4
  0
LTYPE
  5
40F
  2
CONTINUOUS
  70
0
  3
Solid line
  72
65
  73
0
  40
0.0
  0
LTYPE
  5
410
  2
DASHDOT
 70
0
  3
Dash Dot ____ _ ____ _
 72
65
 73
4
 40
2.0
 49
1.25
 49
-0.25
 49
0.25
 49
-0.25
  0
LTYPE
  5
411
  2
DASHED
 70
0
  3
Dashed __ __ __ __ __
 72
65
 73
2
 40
0.75
 49
0.5
 49
-0.25
  0
LTYPE
  5
43B
  2
DOTTED
 70
0
  3
Dotted .  .  .  .
 72
65
 73
2
 40
0.2
 49
0.0
 49
-0.2
  0
ENDTAB
  0
TABLE
  2
STYLE
  70
4
  0
STYLE
  2
KICAD
  70
0
  40
0
  41
1
  42
1
  50
0
  71
0
  3
isocp.shx
  0
STYLE
  2
KICADB
  70
0
  40
0
  41
1
  42
1
  50
0
  71
0
  3
isocp.shx
  0
STYLE
  2
KICADI
  70
0
  40
0
  41
1
  42
1
  50
15
  71
0
  3
isocp.shx
  0
STYLE
  2
KICADBI
  70
0
  40
0
  41
1
  42
1
  50
15
  71
0
  3
isocp.shx
  0
ENDTAB
  0
TABLE
  2
LAYER
  70
1
  0
LAYER
  2
BLACK
  70
0
  62
7
  6
CONTINUOUS
  0
ENDTAB
  0
ENDSEC
  0
SECTION
  2
ENTITIES
0
LINE
8
BLACK
6
CONTINUOUS
10
5.0868219685039371
20
-6.3928720866141733
11
5.0893764566929134
21
-6.3945789763779528
0
LINE
8
BLACK
6
CONTINUOUS
10
5.0893764566929134
20
-6.3945789763779528
11
5.0910833464566929
21
-6.3971334645669291
0
LINE
8
BLACK
6
CONTINUOUS
10
5.0910833464566929
20
-6.3971334645669291
11
5.0916827165354333
21
-6.4001467322834644
0
LINE
8
BLACK
6
CONTINUOUS
10
5.0916827165354333
20
-6.4001467322834644
11
5.0916827165354333
21
-6.4218002755905514
0
LINE
8
BLACK
6
CONTINUOUS
10
5.0916827165354333
20
-6.4218002755905514
11
5.0910833464566929
21
-6.4248135433070868
0
LINE
8
BLACK
6
CONTINUOUS
10
5.0910833464566929
20
-6.4248135433070868
11
5.0893764566929134
21
-6.4273680314960631
0
LINE
8
BLACK
6
CONTINUOUS
10
5.0893764566929134
20
-6.4273680314960631
11
5.0868219685039371
21
-6.4290749212598426
0
LINE
8
BLACK
6
CONTINUOUS
10
5.0868219685039371
20
-6.4290749212598426
11
5.0838087007874018
21
-6.4296742913385829
0
LINE
8
BLACK
6
CONTINUOUS
10
5.0838087007874018
20
-6.4296742913385829
11
5.0680606692913388
21
-6.4296742913385829
0
LINE
8
BLACK
6
CONTINUOUS
10
5.0680606692913388
20
-6.4296742913385829
11
5.0650474015748026
21
-6.4290749212598426
0
LINE
8
BLACK
6
CONTINUOUS
10
5.0650474015748026
20
-6.4290749212598426
11
5.0624929133858263
21
-6.4273680314960631
0
LINE
8
BLACK
6
CONTINUOUS
10
5.0624929133858263
20
-6.4273680314960631
11
5.0607860236220468
21
-6.4248135433070868
0
LINE
8
BLACK
6
CONTINUOUS
10
5.0607860236220468
20
-6.4248135433070868
11
5.0601866535433073
21
-6.4218002755905514
0
LINE
8
BLACK
6
CONTINUOUS
10
5.0601866535433073
20
-6.4218002755905514
11
5.0601866535433073
21
-6.4001467322834644
0
LINE
8
BLACK
6
CONTINUOUS
10
5.0601866535433073
20
-6.4001467322834644
11
5.0607860236220468
21
-6.3971334645669291
0
LINE
8
BLACK
6
CONTINUOUS
10
5.0607860236220468
20
-6.3971334645669291
11
5.0624929133858263
21
-6.3945789763779528
0
LINE
8
BLACK
6
CONTINUOUS
10
5.0624929133858263
20
-6.3945789763779528
11
5.0650474015748026
21
-6.3928720866141733
0
LINE
8
BLACK
6
CONTINUOUS
10
5.0650474015748026
20
-6.3928720866141733
11
5.0680606692913388
21
-6.3922727165354329
0
LINE
8
BLACK
6
CONTINUOUS
10
5.0680606692913388
20
-6.3922727165354329
11
5.0838087007874018
21
-6.3922727165354329
0
LINE
8
BLACK
6
CONTINUOUS
10
5.0838087007874018
20
-6.3922727165354329
11
5.0868219685039371
21
-6.3928720866141733
0
LINE
8
BLACK
6
CONTINUOUS
10
5.1517825984251964
20
-6.3928720866141733
11
5.1543370866141727
21
-6.3945789763779528
0
LINE
8
BLACK
6
CONTINUOUS
10
5.1543370866141727
20
-6.3945789763779528
11
5.1560439763779522
21
-6.3971334645669291
0
LINE
8
BLACK
6
CONTINUOUS
10
5.1560439763779522
20
-6.3971334645669291
11
5.1566433464566925
21
-6.4001467322834644
0
LINE
8
BLACK
6
CONTINUOUS
10
5.1566433464566925
20
-6.4001467322834644
11
5.1566433464566925
21
-6.4218002755905514
0
LINE
8
BLACK
6
CONTINUOUS
10
5.1566433464566925
20
-6.4218002755905514
11
5.1560439763779522
21
-6.4248135433070868
0
LINE
8
BLACK
6
CONTINUOUS
10
5.1560439763779522
20
-6.4248135433070868
11
5.1543370866141727
21
-6.4273680314960631
0
LINE
8
BLACK
6
CONTINUOUS
10
5.1543370866141727
20
-6.4273680314960631
11
5.1517825984251964
21
-6.4290749212598426
0
LINE
8
BLACK
6
CONTINUOUS
10
5.1517825984251964
20
-6.4290749212598426
11
5.1487693307086611
21
-6.4296742913385829
0
LINE
8
BLACK
6
CONTINUOUS
10
5.1487693307086611
20
-6.4296742913385829
11
5.1330212992125981
21
-6.4296742913385829
0
LINE
8
BLACK
6
CONTINUOUS
10
5.1330212992125981
20
-6.4296742913385829
11
5.1300080314960628
21
-6.4290749212598426
0
LINE
8
BLACK
6
CONTINUOUS
10
5.1300080314960628
20
-6.4290749212598426
11
5.1274535433070865
21
-6.4273680314960631
0
LINE
8
BLACK
6
CONTINUOUS
10
5.1274535433070865
20
-6.4273680314960631
11
5.1257466535433069
21
-6.4248135433070868
0
LINE
8
BLACK
6
CONTINUOUS
10
5.1257466535433069
20
-6.4248135433070868
11
5.1251472834645666
21
-6.4218002755905514
0
LINE
8
BLACK
6
CONTINUOUS
10
5.1251472834645666
20
-6.4218002755905514
11
5.1251472834645666
21
-6.4001467322834644
0
LINE
8
BLACK
6
CONTINUOUS
10
5.1251472834645666
20
-6.4001467322834644
11
5.1257466535433069
21
-6.3971334645669291
0
LINE
8
BLACK
6
CONTINUOUS
10
5.1257466535433069
20
-6.3971334645669291
11
5.1274535433070865
21
-6.3945789763779528
0
LINE
8
BLACK
6
CONTINUOUS
10
5.1274535433070865
20
-6.3945789763779528
11
5.1300080314960628
21
-6.3928720866141733
0
LINE
8
BLACK
6
CONTINUOUS
10
5.1300080314960628
20
-6.3928720866141733
11
5.1330212992125981
21
-6.3922727165354329
0
LINE
8
BLACK
6
CONTINUOUS
10
5.1330212992125981
20
-6.3922727165354329
11
5.1487693307086611
21
-6.3922727165354329
0
LINE
8
BLACK
6
CONTINUOUS
10
5.1487693307086611
20
-6.3922727165354329
11
5.1517825984251964
21
-6.3928720866141733
0
LINE
8
BLACK
6
CONTINUOUS
10
5.2627721259842515
20
-6.3445967322834642
11
5.2659652755905508
21
-6.34673031496063
0
LINE
8
BLACK
6
CONTINUOUS
10
5.2659652755905508
20
-6.34673031496063
11
5.2680988582677166
21
-6.3499234645669294
0
LINE
8
BLACK
6
CONTINUOUS
10
5.2680988582677166
20
-6.3499234645669294
11
5.2688480708661416
21
-6.353690039370079
0
LINE
8
BLACK
6
CONTINUOUS
10
5.2688480708661416
20
-6.353690039370079
11
5.2688480708661416
21
-6.4029026377952754
0
LINE
8
BLACK
6
CONTINUOUS
10
5.2688480708661416
20
-6.4029026377952754
11
5.2680988582677166
21
-6.406669212598425
0
LINE
8
BLACK
6
CONTINUOUS
10
5.2680988582677166
20
-6.406669212598425
11
5.2659652755905508
21
-6.4098623622047244
0
LINE
8
BLACK
6
CONTINUOUS
10
5.2659652755905508
20
-6.4098623622047244
11
5.2627721259842515
21
-6.4119959448818893
0
LINE
8
BLACK
6
CONTINUOUS
10
5.2627721259842515
20
-6.4119959448818893
11
5.2590055511811018
21
-6.4127451574803152
0
LINE
8
BLACK
6
CONTINUOUS
10
5.2590055511811018
20
-6.4127451574803152
11
5.2294779921259842
21
-6.4127451574803152
0
LINE
8
BLACK
6
CONTINUOUS
10
5.2294779921259842
20
-6.4127451574803152
11
5.2257114173228345
21
-6.4119959448818893
0
LINE
8
BLACK
6
CONTINUOUS
10
5.2257114173228345
20
-6.4119959448818893
11
5.2225182677165352
21
-6.4098623622047244
0
LINE
8
BLACK
6
CONTINUOUS
10
5.2225182677165352
20
-6.4098623622047244
11
5.2203846850393703
21
-6.406669212598425
0
LINE
8
BLACK
6
CONTINUOUS
10
5.2203846850393703
20
-6.406669212598425
11
5.2196354724409444
21
-6.4029026377952754
0
LINE
8
BLACK
6
CONTINUOUS
10
5.2196354724409444
20
-6.4029026377952754
11
5.2196354724409444
21
-6.353690039370079
0
LINE
8
BLACK
6
CONTINUOUS
10
5.2196354724409444
20
-6.353690039370079
11
5.2203846850393703
21
-6.3499234645669294
0
LINE
8
BLACK
6
CONTINUOUS
10
5.2203846850393703
20
-6.3499234645669294
11
5.2225182677165352
21
-6.34673031496063
0
LINE
8
BLACK
6
CONTINUOUS
10
5.2225182677165352
20
-6.34673031496063
11
5.2257114173228345
21
-6.3445967322834642
0
LINE
8
BLACK
6
CONTINUOUS
10
5.2257114173228345
20
-6.3445967322834642
11
5.2294779921259842
21
-6.3438475196850392
0
LINE
8
BLACK
6
CONTINUOUS
10
5.2294779921259842
20
-6.3438475196850392
11
5.2590055511811018
21
-6.3438475196850392
0
LINE
8
BLACK
6
CONTINUOUS
10
5.2590055511811018
20
-6.3438475196850392
11
5.2627721259842515
21
-6.3445967322834642
0
LINE
8
BLACK
6
CONTINUOUS
10
5.3730083464566931
20
-6.3445967322834642
11
5.3762014960629916
21
-6.34673031496063
0
LINE
8
BLACK
6
CONTINUOUS
10
5.3762014960629916
20
-6.34673031496063
11
5.3783350787401574
21
-6.3499234645669294
0
LINE
8
BLACK
6
CONTINUOUS
10
5.3783350787401574
20
-6.3499234645669294
11
5.3790842913385823
21
-6.353690039370079
0
LINE
8
BLACK
6
CONTINUOUS
10
5.3790842913385823
20
-6.353690039370079
11
5.3790842913385823
21
-6.4029026377952754
0
LINE
8
BLACK
6
CONTINUOUS
10
5.3790842913385823
20
-6.4029026377952754
11
5.3783350787401574
21
-6.406669212598425
0
LINE
8
BLACK
6
CONTINUOUS
10
5.3783350787401574
20
-6.406669212598425
11
5.3762014960629916
21
-6.4098623622047244
0
LINE
8
BLACK
6
CONTINUOUS
10
5.3762014960629916
20
-6.4098623622047244
11
5.3730083464566931
21
-6.4119959448818893
0
LINE
8
BLACK
6
CONTINUOUS
10
5.3730083464566931
20
-6.4119959448818893
11
5.3692417716535434
21
-6.4127451574803152
0
LINE
8
BLACK
6
CONTINUOUS
10
5.3692417716535434
20
-6.4127451574803152
11
5.3397142125984249
21
-6.4127451574803152
0
LINE
8
BLACK
6
CONTINUOUS
10
5.3397142125984249
20
-6.4127451574803152
11
5.3359476377952753
21
-6.4119959448818893
0
LINE
8
BLACK
6
CONTINUOUS
10
5.3359476377952753
20
-6.4119959448818893
11
5.3327544881889759
21
-6.4098623622047244
0
LINE
8
BLACK
6
CONTINUOUS
10
5.3327544881889759
20
-6.4098623622047244
11
5.330620905511811
21
-6.406669212598425
0
LINE
8
BLACK
6
CONTINUOUS
10
5.330620905511811
20
-6.406669212598425
11
5.329871692913386
21
-6.4029026377952754
0
LINE
8
BLACK
6
CONTINUOUS
10
5.329871692913386
20
-6.4029026377952754
11
5.329871692913386
21
-6.353690039370079
0
LINE
8
BLACK
6
CONTINUOUS
10
5.329871692913386
20
-6.353690039370079
11
5.330620905511811
21
-6.3499234645669294
0
LINE
8
BLACK
6
CONTINUOUS
10
5.330620905511811
20
-6.3499234645669294
11
5.3327544881889759
21
-6.34673031496063
0
LINE
8
BLACK
6
CONTINUOUS
10
5.3327544881889759
20
-6.34673031496063
11
5.3359476377952753
21
-6.3445967322834642
0
LINE
8
BLACK
6
CONTINUOUS
10
5.3359476377952753
20
-6.3445967322834642
11
5.3397142125984249
21
-6.3438475196850392
0
LINE
8
BLACK
6
CONTINUOUS
10
5.3397142125984249
20
-6.3438475196850392
11
5.3692417716535434
21
-6.3438475196850392
0
LINE
8
BLACK
6
CONTINUOUS
10
5.3692417716535434
20
-6.3438475196850392
11
5.3730083464566931
21
-6.3445967322834642
0
LINE
8
BLACK
6
CONTINUOUS
10
5.48810531496063
20
-6.3837611417322835
11
5.4887439370078743
21
-6.3841878740157476
0
LINE
8
BLACK
6
CONTINUOUS
10
5.4887439370078743
20
-6.3841878740157476
11
5.4891706692913385
21
-6.3848264960629919
0
LINE
8
BLACK
6
CONTINUOUS
10
5.4891706692913385
20
-6.3848264960629919
11
5.4893205118110231
21
-6.3855798031496063
0
LINE
8
BLACK
6
CONTINUOUS
10
5.4893205118110231
20
-6.3855798031496063
11
5.4893205118110231
21
-6.3934538188976378
0
LINE
8
BLACK
6
CONTINUOUS
10
5.4893205118110231
20
-6.3934538188976378
11
5.4891706692913385
21
-6.3942071259842521
0
LINE
8
BLACK
6
CONTINUOUS
10
5.4891706692913385
20
-6.3942071259842521
11
5.4887439370078743
21
-6.3948457480314955
0
LINE
8
BLACK
6
CONTINUOUS
10
5.4887439370078743
20
-6.3948457480314955
11
5.48810531496063
21
-6.3952724803149605
0
LINE
8
BLACK
6
CONTINUOUS
10
5.48810531496063
20
-6.3952724803149605
11
5.4873520078740157
21
-6.3954223228346452
0
LINE
8
BLACK
6
CONTINUOUS
10
5.4873520078740157
20
-6.3954223228346452
11
5.464911062992126
21
-6.3954223228346452
0
LINE
8
BLACK
6
CONTINUOUS
10
5.464911062992126
20
-6.3954223228346452
11
5.4641577559055117
21
-6.3952724803149605
0
LINE
8
BLACK
6
CONTINUOUS
10
5.4641577559055117
20
-6.3952724803149605
11
5.4635191338582674
21
-6.3948457480314955
0
LINE
8
BLACK
6
CONTINUOUS
10
5.4635191338582674
20
-6.3948457480314955
11
5.4630924015748032
21
-6.3942071259842521
0
LINE
8
BLACK
6
CONTINUOUS
10
5.4630924015748032
20
-6.3942071259842521
11
5.4629425590551177
21
-6.3934538188976378
0
LINE
8
BLACK
6
CONTINUOUS
10
5.4629425590551177
20
-6.3934538188976378
11
5.4629425590551177
21
-6.3855798031496063
0
LINE
8
BLACK
6
CONTINUOUS
10
5.4629425590551177
20
-6.3855798031496063
11
5.4630924015748032
21
-6.3848264960629919
0
LINE
8
BLACK
6
CONTINUOUS
10
5.4630924015748032
20
-6.3848264960629919
11
5.4635191338582674
21
-6.3841878740157476
0
LINE
8
BLACK
6
CONTINUOUS
10
5.4635191338582674
20
-6.3841878740157476
11
5.4641577559055117
21
-6.3837611417322835
0
LINE
8
BLACK
6
CONTINUOUS
10
5.4641577559055117
20
-6.3837611417322835
11
5.464911062992126
21
-6.383611299212598
0
LINE
8
BLACK
6
CONTINUOUS
10
5.464911062992126
20
-6.383611299212598
11
5.4873520078740157
21
-6.383611299212598
0
LINE
8
BLACK
6
CONTINUOUS
10
5.4873520078740157
20
-6.383611299212598
11
5.48810531496063
21
-6.3837611417322835
0
LINE
8
BLACK
6
CONTINUOUS
10
5.5463730314960626
20
-6.3837611417322835
11
5.5470116535433069
21
-6.3841878740157476
0
LINE
8
BLACK
6
CONTINUOUS
10
5.5470116535433069
20
-6.3841878740157476
11
5.547438385826772
21
-6.3848264960629919
0
LINE
8
BLACK
6
CONTINUOUS
10
5.547438385826772
20
-6.3848264960629919
11
5.5475882283464566
21
-6.3855798031496063
0
LINE
8
BLACK
6
CONTINUOUS
10
5.5475882283464566
20
-6.3855798031496063
11
5.5475882283464566
21
-6.3934538188976378
0
LINE
8
BLACK
6
CONTINUOUS
10
5.5475882283464566
20
-6.3934538188976378
11
5.547438385826772
21
-6.3942071259842521
0
LINE
8
BLACK
6
CONTINUOUS
10
5.547438385826772
20
-6.3942071259842521
11
5.5470116535433069
21
-6.3948457480314955
0
LINE
8
BLACK
6
CONTINUOUS
10
5.5470116535433069
20
-6.3948457480314955
11
5.5463730314960626
21
-6.3952724803149605
0
LINE
8
BLACK
6
CONTINUOUS
10
5.5463730314960626
20
-6.3952724803149605
11
5.5456197244094483
21
-6.3954223228346452
0
LINE
8
BLACK
6
CONTINUOUS
10
5.5456197244094483
20
-6.3954223228346452
11
5.5231787795275586
21
-6.3954223228346452
0
LINE
8
BLACK
6
CONTINUOUS
10
5.5231787795275586
20
-6.3954223228346452
11
5.5224254724409452
21
-6.3952724803149605
0
LINE
8
BLACK
6
CONTINUOUS
10
5.5224254724409452
20
-6.3952724803149605
11
5.5217868503937009
21
-6.3948457480314955
0
LINE
8
BLACK
6
CONTINUOUS
10
5.5217868503937009
20
-6.3948457480314955
11
5.5213601181102359
21
-6.3942071259842521
0
LINE
8
BLACK
6
CONTINUOUS
10
5.5213601181102359
20
-6.3942071259842521
11
5.5212102755905512
21
-6.3934538188976378
0
LINE
8
BLACK
6
CONTINUOUS
10
5.5212102755905512
20
-6.3934538188976378
11
5.5212102755905512
21
-6.3855798031496063
0
LINE
8
BLACK
6
CONTINUOUS
10
5.5212102755905512
20
-6.3855798031496063
11
5.5213601181102359
21
-6.3848264960629919
0
LINE
8
BLACK
6
CONTINUOUS
10
5.5213601181102359
20
-6.3848264960629919
11
5.5217868503937009
21
-6.3841878740157476
0
LINE
8
BLACK
6
CONTINUOUS
10
5.5217868503937009
20
-6.3841878740157476
11
5.5224254724409452
21
-6.3837611417322835
0
LINE
8
BLACK
6
CONTINUOUS
10
5.5224254724409452
20
-6.3837611417322835
11
5.5231787795275586
21
-6.383611299212598
0
LINE
8
BLACK
6
CONTINUOUS
10
5.5231787795275586
20
-6.383611299212598
11
5.5456197244094483
21
-6.383611299212598
0
LINE
8
BLACK
6
CONTINUOUS
10
5.5456197244094483
20
-6.383611299212598
11
5.5463730314960626
21
-6.3837611417322835
0
LINE
8
BLACK
6
CONTINUOUS
10
5.6333809055118111
20
-6.3837611417322835
11
5.6340195275590546
21
-6.3841878740157476
0
LINE
8
BLACK
6
CONTINUOUS
10
5.6340195275590546
20
-6.3841878740157476
11
5.6344462598425196
21
-6.3848264960629919
0
LINE
8
BLACK
6
CONTINUOUS
10
5.6344462598425196
20
-6.3848264960629919
11
5.6345961023622042
21
-6.3855798031496063
0
LINE
8
BLACK
6
CONTINUOUS
10
5.6345961023622042
20
-6.3855798031496063
11
5.6345961023622042
21
-6.3934538188976378
0
LINE
8
BLACK
6
CONTINUOUS
10
5.6345961023622042
20
-6.3934538188976378
11
5.6344462598425196
21
-6.3942071259842521
0
LINE
8
BLACK
6
CONTINUOUS
10
5.6344462598425196
20
-6.3942071259842521
11
5.6340195275590546
21
-6.3948457480314955
0
LINE
8
BLACK
6
CONTINUOUS
10
5.6340195275590546
20
-6.3948457480314955
11
5.6333809055118111
21
-6.3952724803149605
0
LINE
8
BLACK
6
CONTINUOUS
10
5.6333809055118111
20
-6.3952724803149605
11
5.6326275984251968
21
-6.3954223228346452
0
LINE
8
BLACK
6
CONTINUOUS
10
5.6326275984251968
20
-6.3954223228346452
11
5.6101866535433071
21
-6.3954223228346452
0
LINE
8
BLACK
6
CONTINUOUS
10
5.6101866535433071
20
-6.3954223228346452
11
5.6094333464566928
21
-6.3952724803149605
0
LINE
8
BLACK
6
CONTINUOUS
10
5.6094333464566928
20
-6.3952724803149605
11
5.6087947244094485
21
-6.3948457480314955
0
LINE
8
BLACK
6
CONTINUOUS
10
5.6087947244094485
20
-6.3948457480314955
11
5.6083679921259844
21
-6.3942071259842521
0
LINE
8
BLACK
6
CONTINUOUS
10
5.6083679921259844
20
-6.3942071259842521
11
5.6082181496062988
21
-6.3934538188976378
0
LINE
8
BLACK
6
CONTINUOUS
10
5.6082181496062988
20
-6.3934538188976378
11
5.6082181496062988
21
-6.3855798031496063
0
LINE
8
BLACK
6
CONTINUOUS
10
5.6082181496062988
20
-6.3855798031496063
11
5.6083679921259844
21
-6.3848264960629919
0
LINE
8
BLACK
6
CONTINUOUS
10
5.6083679921259844
20
-6.3848264960629919
11
5.6087947244094485
21
-6.3841878740157476
0
LINE
8
BLACK
6
CONTINUOUS
10
5.6087947244094485
20
-6.3841878740157476
11
5.6094333464566928
21
-6.3837611417322835
0
LINE
8
BLACK
6
CONTINUOUS
10
5.6094333464566928
20
-6.3837611417322835
11
5.6101866535433071
21
-6.383611299212598
0
LINE
8
BLACK
6
CONTINUOUS
10
5.6101866535433071
20
-6.383611299212598
11
5.6326275984251968
21
-6.383611299212598
0
LINE
8
BLACK
6
CONTINUOUS
10
5.6326275984251968
20
-6.383611299212598
11
5.6333809055118111
21
-6.3837611417322835
0
LINE
8
BLACK
6
CONTINUOUS
10
5.6916486220472438
20
-6.3837611417322835
11
5.6922872440944881
21
-6.3841878740157476
0
LINE
8
BLACK
6
CONTINUOUS
10
5.6922872440944881
20
-6.3841878740157476
11
5.6927139763779531
21
-6.3848264960629919
0
LINE
8
BLACK
6
CONTINUOUS
10
5.6927139763779531
20
-6.3848264960629919
11
5.6928638188976377
21
-6.3855798031496063
0
LINE
8
BLACK
6
CONTINUOUS
10
5.6928638188976377
20
-6.3855798031496063
11
5.6928638188976377
21
-6.3934538188976378
0
LINE
8
BLACK
6
CONTINUOUS
10
5.6928638188976377
20
-6.3934538188976378
11
5.6927139763779531
21
-6.3942071259842521
0
LINE
8
BLACK
6
CONTINUOUS
10
5.6927139763779531
20
-6.3942071259842521
11
5.6922872440944881
21
-6.3948457480314955
0
LINE
8
BLACK
6
CONTINUOUS
10
5.6922872440944881
20
-6.3948457480314955
11
5.6916486220472438
21
-6.3952724803149605
0
LINE
8
BLACK
6
CONTINUOUS
10
5.6916486220472438
20
-6.3952724803149605
11
5.6908953149606294
21
-6.3954223228346452
0
LINE
8
BLACK
6
CONTINUOUS
10
5.6908953149606294
20
-6.3954223228346452
11
5.6684543700787398
21
-6.3954223228346452
0
LINE
8
BLACK
6
CONTINUOUS
10
5.6684543700787398
20
-6.3954223228346452
11
5.6677010629921263
21
-6.3952724803149605
0
LINE
8
BLACK
6
CONTINUOUS
10
5.6677010629921263
20
-6.3952724803149605
11
5.667062440944882
21
-6.3948457480314955
0
LINE
8
BLACK
6
CONTINUOUS
10
5.667062440944882
20
-6.3948457480314955
11
5.666635708661417
21
-6.3942071259842521
0
LINE
8
BLACK
6
CONTINUOUS
10
5.666635708661417
20
-6.3942071259842521
11
5.6664858661417323
21
-6.3934538188976378
0
LINE
8
BLACK
6
CONTINUOUS
10
5.6664858661417323
20
-6.3934538188976378
11
5.6664858661417323
21
-6.3855798031496063
0
LINE
8
BLACK
6
CONTINUOUS
10
5.6664858661417323
20
-6.3855798031496063
11
5.666635708661417
21
-6.3848264960629919
0
LINE
8
BLACK
6
CONTINUOUS
10
5.666635708661417
20
-6.3848264960629919
11
5.667062440944882
21
-6.3841878740157476
0
LINE
8
BLACK
6
CONTINUOUS
10
5.667062440944882
20
-6.3841878740157476
11
5.6677010629921263
21
-6.3837611417322835
0
LINE
8
BLACK
6
CONTINUOUS
10
5.6677010629921263
20
-6.3837611417322835
11
5.6684543700787398
21
-6.383611299212598
0
LINE
8
BLACK
6
CONTINUOUS
10
5.6684543700787398
20
-6.383611299212598
11
5.6908953149606294
21
-6.383611299212598
0
LINE
8
BLACK
6
CONTINUOUS
10
5.6908953149606294
20
-6.383611299212598
11
5.6916486220472438
21
-6.3837611417322835
0
LINE
8
BLACK
6
CONTINUOUS
10
5.48810531496063
20
-6.3640761023622048
11
5.4887439370078743
21
-6.3645028346456689
0
LINE
8
BLACK
6
CONTINUOUS
10
5.4887439370078743
20
-6.3645028346456689
11
5.4891706692913385
21
-6.3651414566929132
0
LINE
8
BLACK
6
CONTINUOUS
10
5.4891706692913385
20
-6.3651414566929132
11
5.4893205118110231
21
-6.3658947637795276
0
LINE
8
BLACK
6
CONTINUOUS
10
5.4893205118110231
20
-6.3658947637795276
11
5.4893205118110231
21
-6.373768779527559
0
LINE
8
BLACK
6
CONTINUOUS
10
5.4893205118110231
20
-6.373768779527559
11
5.4891706692913385
21
-6.3745220866141734
0
LINE
8
BLACK
6
CONTINUOUS
10
5.4891706692913385
20
-6.3745220866141734
11
5.4887439370078743
21
-6.3751607086614168
0
LINE
8
BLACK
6
CONTINUOUS
10
5.4887439370078743
20
-6.3751607086614168
11
5.48810531496063
21
-6.3755874409448818
0
LINE
8
BLACK
6
CONTINUOUS
10
5.48810531496063
20
-6.3755874409448818
11
5.4873520078740157
21
-6.3757372834645665
0
LINE
8
BLACK
6
CONTINUOUS
10
5.4873520078740157
20
-6.3757372834645665
11
5.464911062992126
21
-6.3757372834645665
0
LINE
8
BLACK
6
CONTINUOUS
10
5.464911062992126
20
-6.3757372834645665
11
5.4641577559055117
21
-6.3755874409448818
0
LINE
8
BLACK
6
CONTINUOUS
10
5.4641577559055117
20
-6.3755874409448818
11
5.4635191338582674
21
-6.3751607086614168
0
LINE
8
BLACK
6
CONTINUOUS
10
5.4635191338582674
20
-6.3751607086614168
11
5.4630924015748032
21
-6.3745220866141734
0
LINE
8
BLACK
6
CONTINUOUS
10
5.4630924015748032
20
-6.3745220866141734
11
5.4629425590551177
21
-6.373768779527559
0
LINE
8
BLACK
6
CONTINUOUS
10
5.4629425590551177
20
-6.373768779527559
11
5.4629425590551177
21
-6.3658947637795276
0
LINE
8
BLACK
6
CONTINUOUS
10
5.4629425590551177
20
-6.3658947637795276
11
5.4630924015748032
21
-6.3651414566929132
0
LINE
8
BLACK
6
CONTINUOUS
10
5.4630924015748032
20
-6.3651414566929132
11
5.4635191338582674
21
-6.3645028346456689
0
LINE
8
BLACK
6
CONTINUOUS
10
5.4635191338582674
20
-6.3645028346456689
11
5.4641577559055117
21
-6.3640761023622048
0
LINE
8
BLACK
6
CONTINUOUS
10
5.4641577559055117
20
-6.3640761023622048
11
5.464911062992126
21
-6.3639262598425193
0
LINE
8
BLACK
6
CONTINUOUS
10
5.464911062992126
20
-6.3639262598425193
11
5.4873520078740157
21
-6.3639262598425193
0
LINE
8
BLACK
6
CONTINUOUS
10
5.4873520078740157
20
-6.3639262598425193
11
5.48810531496063
21
-6.3640761023622048
0
LINE
8
BLACK
6
CONTINUOUS
10
5.5463730314960626
20
-6.3640761023622048
11
5.5470116535433069
21
-6.3645028346456689
0
LINE
8
BLACK
6
CONTINUOUS
10
5.5470116535433069
20
-6.3645028346456689
11
5.547438385826772
21
-6.3651414566929132
0
LINE
8
BLACK
6
CONTINUOUS
10
5.547438385826772
20
-6.3651414566929132
11
5.5475882283464566
21
-6.3658947637795276
0
LINE
8
BLACK
6
CONTINUOUS
10
5.5475882283464566
20
-6.3658947637795276
11
5.5475882283464566
21
-6.373768779527559
0
LINE
8
BLACK
6
CONTINUOUS
10
5.5475882283464566
20
-6.373768779527559
11
5.547438385826772
21
-6.3745220866141734
0
LINE
8
BLACK
6
CONTINUOUS
10
5.547438385826772
20
-6.3745220866141734
11
5.5470116535433069
21
-6.3751607086614168
0
LINE
8
BLACK
6
CONTINUOUS
10
5.5470116535433069
20
-6.3751607086614168
11
5.5463730314960626
21
-6.3755874409448818
0
LINE
8
BLACK
6
CONTINUOUS
10
5.5463730314960626
20
-6.3755874409448818
11
5.5456197244094483
21
-6.3757372834645665
0
LINE
8
BLACK
6
CONTINUOUS
10
5.5456197244094483
20
-6.3757372834645665
11
5.5231787795275586
21
-6.3757372834645665
0
LINE
8
BLACK
6
CONTINUOUS
10
5.5231787795275586
20
-6.3757372834645665
11
5.5224254724409452
21
-6.3755874409448818
0
LINE
8
BLACK
6
CONTINUOUS
10
5.5224254724409452
20
-6.3755874409448818
11
5.5217868503937009
21
-6.3751607086614168
0
LINE
8
BLACK
6
CONTINUOUS
10
5.5217868503937009
20
-6.3751607086614168
11
5.5213601181102359
21
-6.3745220866141734
0
LINE
8
BLACK
6
CONTINUOUS
10
5.5213601181102359
20
-6.3745220866141734
11
5.5212102755905512
21
-6.373768779527559
0
LINE
8
BLACK
6
CONTINUOUS
10
5.5212102755905512
20
-6.373768779527559
11
5.5212102755905512
21
-6.3658947637795276
0
LINE
8
BLACK
6
CONTINUOUS
10
5.5212102755905512
20
-6.3658947637795276
11
5.5213601181102359
21
-6.3651414566929132
0
LINE
8
BLACK
6
CONTINUOUS
10
5.5213601181102359
20
-6.3651414566929132
11
5.5217868503937009
21
-6.3645028346456689
0
LINE
8
BLACK
6
CONTINUOUS
10
5.5217868503937009
20
-6.3645028346456689
11
5.5224254724409452
21
-6.3640761023622048
0
LINE
8
BLACK
6
CONTINUOUS
10
5.5224254724409452
20
-6.3640761023622048
11
5.5231787795275586
21
-6.3639262598425193
0
LINE
8
BLACK
6
CONTINUOUS
10
5.5231787795275586
20
-6.3639262598425193
11
5.5456197244094483
21
-6.3639262598425193
0
LINE
8
BLACK
6
CONTINUOUS
10
5.5456197244094483
20
-6.3639262598425193
11
5.5463730314960626
21
-6.3640761023622048
0
LINE
8
BLACK
6
CONTINUOUS
10
5.6333809055118111
20
-6.3640761023622048
11
5.6340195275590546
21
-6.3645028346456689
0
LINE
8
BLACK
6
CONTINUOUS
10
5.6340195275590546
20
-6.3645028346456689
11
5.6344462598425196
21
-6.3651414566929132
0
LINE
8
BLACK
6
CONTINUOUS
10
5.6344462598425196
20
-6.3651414566929132
11
5.6345961023622042
21
-6.3658947637795276
0
LINE
8
BLACK
6
CONTINUOUS
10
5.6345961023622042
20
-6.3658947637795276
11
5.6345961023622042
21
-6.373768779527559
0
LINE
8
BLACK
6
CONTINUOUS
10
5.6345961023622042
20
-6.373768779527559
11
5.6344462598425196
21
-6.3745220866141734
0
LINE
8
BLACK
6
CONTINUOUS
10
5.6344462598425196
20
-6.3745220866141734
11
5.6340195275590546
21
-6.3751607086614168
0
LINE
8
BLACK
6
CONTINUOUS
10
5.6340195275590546
20
-6.3751607086614168
11
5.6333809055118111
21
-6.3755874409448818
0
LINE
8
BLACK
6
CONTINUOUS
10
5.6333809055118111
20
-6.3755874409448818
11
5.6326275984251968
21
-6.3757372834645665
0
LINE
8
BLACK
6
CONTINUOUS
10
5.6326275984251968
20
-6.3757372834645665
11
5.6101866535433071
21
-6.3757372834645665
0
LINE
8
BLACK
6
CONTINUOUS
10
5.6101866535433071
20
-6.3757372834645665
11
5.6094333464566928
21
-6.3755874409448818
0
LINE
8
BLACK
6
CONTINUOUS
10
5.6094333464566928
20
-6.3755874409448818
11
5.6087947244094485
21
-6.3751607086614168
0
LINE
8
BLACK
6
CONTINUOUS
10
5.6087947244094485
20
-6.3751607086614168
11
5.6083679921259844
21
-6.3745220866141734
0
LINE
8
BLACK
6
CONTINUOUS
10
5.6083679921259844
20
-6.3745220866141734
11
5.6082181496062988
21
-6.373768779527559
0
LINE
8
BLACK
6
CONTINUOUS
10
5.6082181496062988
20
-6.373768779527559
11
5.6082181496062988
21
-6.3658947637795276
0
LINE
8
BLACK
6
CONTINUOUS
10
5.6082181496062988
20
-6.3658947637795276
11
5.6083679921259844
21
-6.3651414566929132
0
LINE
8
BLACK
6
CONTINUOUS
10
5.6083679921259844
20
-6.3651414566929132
11
5.6087947244094485
21
-6.3645028346456689
0
LINE
8
BLACK
6
CONTINUOUS
10
5.6087947244094485
20
-6.3645028346456689
11
5.6094333464566928
21
-6.3640761023622048
0
LINE
8
BLACK
6
CONTINUOUS
10
5.6094333464566928
20
-6.3640761023622048
11
5.6101866535433071
21
-6.3639262598425193
0
LINE
8
BLACK
6
CONTINUOUS
10
5.6101866535433071
20
-6.3639262598425193
11
5.6326275984251968
21
-6.3639262598425193
0
LINE
8
BLACK
6
CONTINUOUS
10
5.6326275984251968
20
-6.3639262598425193
11
5.6333809055118111
21
-6.3640761023622048
0
LINE
8
BLACK
6
CONTINUOUS
10
5.6916486220472438
20
-6.3640761023622048
11
5.6922872440944881
21
-6.3645028346456689
0
LINE
8
BLACK
6
CONTINUOUS
10
5.6922872440944881
20
-6.3645028346456689
11
5.6927139763779531
21
-6.3651414566929132
0
LINE
8
BLACK
6
CONTINUOUS
10
5.6927139763779531
20
-6.3651414566929132
11
5.6928638188976377
21
-6.3658947637795276
0
LINE
8
BLACK
6
CONTINUOUS
10
5.6928638188976377
20
-6.3658947637795276
11
5.6928638188976377
21
-6.373768779527559
0
LINE
8
BLACK
6
CONTINUOUS
10
5.6928638188976377
20
-6.373768779527559
11
5.6927139763779531
21
-6.3745220866141734
0
LINE
8
BLACK
6
CONTINUOUS
10
5.6927139763779531
20
-6.3745220866141734
11
5.6922872440944881
21
-6.3751607086614168
0
LINE
8
BLACK
6
CONTINUOUS
10
5.6922872440944881
20
-6.3751607086614168
11
5.6916486220472438
21
-6.3755874409448818
0
LINE
8
BLACK
6
CONTINUOUS
10
5.6916486220472438
20
-6.3755874409448818
11
5.6908953149606294
21
-6.3757372834645665
0
LINE
8
BLACK
6
CONTINUOUS
10
5.6908953149606294
20
-6.3757372834645665
11
5.6684543700787398
21
-6.3757372834645665
0
LINE
8
BLACK
6
CONTINUOUS
10
5.6684543700787398
20
-6.3757372834645665
11
5.6677010629921263
21
-6.3755874409448818
0
LINE
8
BLACK
6
CONTINUOUS
10
5.6677010629921263
20
-6.3755874409448818
11
5.667062440944882
21
-6.3751607086614168
0
LINE
8
BLACK
6
CONTINUOUS
10
5.667062440944882
20
-6.3751607086614168
11
5.666635708661417
21
-6.3745220866141734
0
LINE
8
BLACK
6
CONTINUOUS
10
5.666635708661417
20
-6.3745220866141734
11
5.6664858661417323
21
-6.373768779527559
0
LINE
8
BLACK
6
CONTINUOUS
10
5.6664858661417323
20
-6.373768779527559
11
5.6664858661417323
21
-6.3658947637795276
0
LINE
8
BLACK
6
CONTINUOUS
10
5.6664858661417323
20
-6.3658947637795276
11
5.666635708661417
21
-6.3651414566929132
0
LINE
8
BLACK
6
CONTINUOUS
10
5.666635708661417
20
-6.3651414566929132
11
5.667062440944882
21
-6.3645028346456689
0
LINE
8
BLACK
6
CONTINUOUS
10
5.667062440944882
20
-6.3645028346456689
11
5.6677010629921263
21
-6.3640761023622048
0
LINE
8
BLACK
6
CONTINUOUS
10
5.6677010629921263
20
-6.3640761023622048
11
5.6684543700787398
21
-6.3639262598425193
0
LINE
8
BLACK
6
CONTINUOUS
10
5.6684543700787398
20
-6.3639262598425193
11
5.6908953149606294
21
-6.3639262598425193
0
LINE
8
BLACK
6
CONTINUOUS
10
5.6908953149606294
20
-6.3639262598425193
11
5.6916486220472438
21
-6.3640761023622048
0
LINE
8
BLACK
6
CONTINUOUS
10
5.48810531496063
20
-6.3443910629921261
11
5.4887439370078743
21
-6.3448177952755902
0
LINE
8
BLACK
6
CONTINUOUS
10
5.4887439370078743
20
-6.3448177952755902
11
5.4891706692913385
21
-6.3454564173228345
0
LINE
8
BLACK
6
CONTINUOUS
10
5.4891706692913385
20
-6.3454564173228345
11
5.4893205118110231
21
-6.3462097244094489
0
LINE
8
BLACK
6
CONTINUOUS
10
5.4893205118110231
20
-6.3462097244094489
11
5.4893205118110231
21
-6.3540837401574803
0
LINE
8
BLACK
6
CONTINUOUS
10
5.4893205118110231
20
-6.3540837401574803
11
5.4891706692913385
21
-6.3548370472440947
0
LINE
8
BLACK
6
CONTINUOUS
10
5.4891706692913385
20
-6.3548370472440947
11
5.4887439370078743
21
-6.3554756692913381
0
LINE
8
BLACK
6
CONTINUOUS
10
5.4887439370078743
20
-6.3554756692913381
11
5.48810531496063
21
-6.3559024015748031
0
LINE
8
BLACK
6
CONTINUOUS
10
5.48810531496063
20
-6.3559024015748031
11
5.4873520078740157
21
-6.3560522440944878
0
LINE
8
BLACK
6
CONTINUOUS
10
5.4873520078740157
20
-6.3560522440944878
11
5.464911062992126
21
-6.3560522440944878
0
LINE
8
BLACK
6
CONTINUOUS
10
5.464911062992126
20
-6.3560522440944878
11
5.4641577559055117
21
-6.3559024015748031
0
LINE
8
BLACK
6
CONTINUOUS
10
5.4641577559055117
20
-6.3559024015748031
11
5.4635191338582674
21
-6.3554756692913381
0
LINE
8
BLACK
6
CONTINUOUS
10
5.4635191338582674
20
-6.3554756692913381
11
5.4630924015748032
21
-6.3548370472440947
0
LINE
8
BLACK
6
CONTINUOUS
10
5.4630924015748032
20
-6.3548370472440947
11
5.4629425590551177
21
-6.3540837401574803
0
LINE
8
BLACK
6
CONTINUOUS
10
5.4629425590551177
20
-6.3540837401574803
11
5.4629425590551177
21
-6.3462097244094489
0
LINE
8
BLACK
6
CONTINUOUS
10
5.4629425590551177
20
-6.3462097244094489
11
5.4630924015748032
21
-6.3454564173228345
0
LINE
8
BLACK
6
CONTINUOUS
10
5.4630924015748032
20
-6.3454564173228345
11
5.4635191338582674
21
-6.3448177952755902
0
LINE
8
BLACK
6
CONTINUOUS
10
5.4635191338582674
20
-6.3448177952755902
11
5.4641577559055117
21
-6.3443910629921261
0
LINE
8
BLACK
6
CONTINUOUS
10
5.4641577559055117
20
-6.3443910629921261
11
5.464911062992126
21
-6.3442412204724405
0
LINE
8
BLACK
6
CONTINUOUS
10
5.464911062992126
20
-6.3442412204724405
11
5.4873520078740157
21
-6.3442412204724405
0
LINE
8
BLACK
6
CONTINUOUS
10
5.4873520078740157
20
-6.3442412204724405
11
5.48810531496063
21
-6.3443910629921261
0
LINE
8
BLACK
6
CONTINUOUS
10
5.5463730314960626
20
-6.3443910629921261
11
5.5470116535433069
21
-6.3448177952755902
0
LINE
8
BLACK
6
CONTINUOUS
10
5.5470116535433069
20
-6.3448177952755902
11
5.547438385826772
21
-6.3454564173228345
0
LINE
8
BLACK
6
CONTINUOUS
10
5.547438385826772
20
-6.3454564173228345
11
5.5475882283464566
21
-6.3462097244094489
0
LINE
8
BLACK
6
CONTINUOUS
10
5.5475882283464566
20
-6.3462097244094489
11
5.5475882283464566
21
-6.3540837401574803
0
LINE
8
BLACK
6
CONTINUOUS
10
5.5475882283464566
20
-6.3540837401574803
11
5.547438385826772
21
-6.3548370472440947
0
LINE
8
BLACK
6
CONTINUOUS
10
5.547438385826772
20
-6.3548370472440947
11
5.5470116535433069
21
-6.3554756692913381
0
LINE
8
BLACK
6
CONTINUOUS
10
5.5470116535433069
20
-6.3554756692913381
11
5.5463730314960626
21
-6.3559024015748031
0
LINE
8
BLACK
6
CONTINUOUS
10
5.5463730314960626
20
-6.3559024015748031
11
5.5456197244094483
21
-6.3560522440944878
0
LINE
8
BLACK
6
CONTINUOUS
10
5.5456197244094483
20
-6.3560522440944878
11
5.5231787795275586
21
-6.3560522440944878
0
LINE
8
BLACK
6
CONTINUOUS
10
5.5231787795275586
20
-6.3560522440944878
11
5.5224254724409452
21
-6.3559024015748031
0
LINE
8
BLACK
6
CONTINUOUS
10
5.5224254724409452
20
-6.3559024015748031
11
5.5217868503937009
21
-6.3554756692913381
0
LINE
8
BLACK
6
CONTINUOUS
10
5.5217868503937009
20
-6.3554756692913381
11
5.5213601181102359
21
-6.3548370472440947
0
LINE
8
BLACK
6
CONTINUOUS
10
5.5213601181102359
20
-6.3548370472440947
11
5.5212102755905512
21
-6.3540837401574803
0
LINE
8
BLACK
6
CONTINUOUS
10
5.5212102755905512
20
-6.3540837401574803
11
5.5212102755905512
21
-6.3462097244094489
0
LINE
8
BLACK
6
CONTINUOUS
10
5.5212102755905512
20
-6.3462097244094489
11
5.5213601181102359
21
-6.3454564173228345
0
LINE
8
BLACK
6
CONTINUOUS
10
5.5213601181102359
20
-6.3454564173228345
11
5.5217868503937009
21
-6.3448177952755902
0
LINE
8
BLACK
6
CONTINUOUS
10
5.5217868503937009
20
-6.3448177952755902
11
5.5224254724409452
21
-6.3443910629921261
0
LINE
8
BLACK
6
CONTINUOUS
10
5.5224254724409452
20
-6.3443910629921261
11
5.5231787795275586
21
-6.3442412204724405
0
LINE
8
BLACK
6
CONTINUOUS
10
5.5231787795275586
20
-6.3442412204724405
11
5.5456197244094483
21
-6.3442412204724405
0
LINE
8
BLACK
6
CONTINUOUS
10
5.5456197244094483
20
-6.3442412204724405
11
5.5463730314960626
21
-6.3443910629921261
0
LINE
8
BLACK
6
CONTINUOUS
10
5.6333809055118111
20
-6.3443910629921261
11
5.6340195275590546
21
-6.3448177952755902
0
LINE
8
BLACK
6
CONTINUOUS
10
5.6340195275590546
20
-6.3448177952755902
11
5.6344462598425196
21
-6.3454564173228345
0
LINE
8
BLACK
6
CONTINUOUS
10
5.6344462598425196
20
-6.3454564173228345
11
5.6345961023622042
21
-6.3462097244094489
0
LINE
8
BLACK
6
CONTINUOUS
10
5.6345961023622042
20
-6.3462097244094489
11
5.6345961023622042
21
-6.3540837401574803
0
LINE
8
BLACK
6
CONTINUOUS
10
5.6345961023622042
20
-6.3540837401574803
11
5.6344462598425196
21
-6.3548370472440947
0
LINE
8
BLACK
6
CONTINUOUS
10
5.6344462598425196
20
-6.3548370472440947
11
5.6340195275590546
21
-6.3554756692913381
0
LINE
8
BLACK
6
CONTINUOUS
10
5.6340195275590546
20
-6.3554756692913381
11
5.6333809055118111
21
-6.3559024015748031
0
LINE
8
BLACK
6
CONTINUOUS
10
5.6333809055118111
20
-6.3559024015748031
11
5.6326275984251968
21
-6.3560522440944878
0
LINE
8
BLACK
6
CONTINUOUS
10
5.6326275984251968
20
-6.3560522440944878
11
5.6101866535433071
21
-6.3560522440944878
0
LINE
8
BLACK
6
CONTINUOUS
10
5.6101866535433071
20
-6.3560522440944878
11
5.6094333464566928
21
-6.3559024015748031
0
LINE
8
BLACK
6
CONTINUOUS
10
5.6094333464566928
20
-6.3559024015748031
11
5.6087947244094485
21
-6.3554756692913381
0
LINE
8
BLACK
6
CONTINUOUS
10
5.6087947244094485
20
-6.3554756692913381
11
5.6083679921259844
21
-6.3548370472440947
0
LINE
8
BLACK
6
CONTINUOUS
10
5.6083679921259844
20
-6.3548370472440947
11
5.6082181496062988
21
-6.3540837401574803
0
LINE
8
BLACK
6
CONTINUOUS
10
5.6082181496062988
20
-6.3540837401574803
11
5.6082181496062988
21
-6.3462097244094489
0
LINE
8
BLACK
6
CONTINUOUS
10
5.6082181496062988
20
-6.3462097244094489
11
5.6083679921259844
21
-6.3454564173228345
0
LINE
8
BLACK
6
CONTINUOUS
10
5.6083679921259844
20
-6.3454564173228345
11
5.6087947244094485
21
-6.3448177952755902
0
LINE
8
BLACK
6
CONTINUOUS
10
5.6087947244094485
20
-6.3448177952755902
11
5.6094333464566928
21
-6.3443910629921261
0
LINE
8
BLACK
6
CONTINUOUS
10
5.6094333464566928
20
-6.3443910629921261
11
5.6101866535433071
21
-6.3442412204724405
0
LINE
8
BLACK
6
CONTINUOUS
10
5.6101866535433071
20
-6.3442412204724405
11
5.6326275984251968
21
-6.3442412204724405
0
LINE
8
BLACK
6
CONTINUOUS
10
5.6326275984251968
20
-6.3442412204724405
11
5.6333809055118111
21
-6.3443910629921261
0
LINE
8
BLACK
6
CONTINUOUS
10
5.6916486220472438
20
-6.3443910629921261
11
5.6922872440944881
21
-6.3448177952755902
0
LINE
8
BLACK
6
CONTINUOUS
10
5.6922872440944881
20
-6.3448177952755902
11
5.6927139763779531
21
-6.3454564173228345
0
LINE
8
BLACK
6
CONTINUOUS
10
5.6927139763779531
20
-6.3454564173228345
11
5.6928638188976377
21
-6.3462097244094489
0
LINE
8
BLACK
6
CONTINUOUS
10
5.6928638188976377
20
-6.3462097244094489
11
5.6928638188976377
21
-6.3540837401574803
0
LINE
8
BLACK
6
CONTINUOUS
10
5.6928638188976377
20
-6.3540837401574803
11
5.6927139763779531
21
-6.3548370472440947
0
LINE
8
BLACK
6
CONTINUOUS
10
5.6927139763779531
20
-6.3548370472440947
11
5.6922872440944881
21
-6.3554756692913381
0
LINE
8
BLACK
6
CONTINUOUS
10
5.6922872440944881
20
-6.3554756692913381
11
5.6916486220472438
21
-6.3559024015748031
0
LINE
8
BLACK
6
CONTINUOUS
10
5.6916486220472438
20
-6.3559024015748031
11
5.6908953149606294
21
-6.3560522440944878
0
LINE
8
BLACK
6
CONTINUOUS
10
5.6908953149606294
20
-6.3560522440944878
11
5.6684543700787398
21
-6.3560522440944878
0
LINE
8
BLACK
6
CONTINUOUS
10
5.6684543700787398
20
-6.3560522440944878
11
5.6677010629921263
21
-6.3559024015748031
0
LINE
8
BLACK
6
CONTINUOUS
10
5.6677010629921263
20
-6.3559024015748031
11
5.667062440944882
21
-6.3554756692913381
0
LINE
8
BLACK
6
CONTINUOUS
10
5.667062440944882
20
-6.3554756692913381
11
5.666635708661417
21
-6.3548370472440947
0
LINE
8
BLACK
6
CONTINUOUS
10
5.666635708661417
20
-6.3548370472440947
11
5.6664858661417323
21
-6.3540837401574803
0
LINE
8
BLACK
6
CONTINUOUS
10
5.6664858661417323
20
-6.3540837401574803
11
5.6664858661417323
21
-6.3462097244094489
0
LINE
8
BLACK
6
CONTINUOUS
10
5.6664858661417323
20
-6.3462097244094489
11
5.666635708661417
21
-6.3454564173228345
0
LINE
8
BLACK
6
CONTINUOUS
10
5.666635708661417
20
-6.3454564173228345
11
5.667062440944882
21
-6.3448177952755902
0
LINE
8
BLACK
6
CONTINUOUS
10
5.667062440944882
20
-6.3448177952755902
11
5.6677010629921263
21
-6.3443910629921261
0
LINE
8
BLACK
6
CONTINUOUS
10
5.6677010629921263
20
-6.3443910629921261
11
5.6684543700787398
21
-6.3442412204724405
0
LINE
8
BLACK
6
CONTINUOUS
10
5.6684543700787398
20
-6.3442412204724405
11
5.6908953149606294
21
-6.3442412204724405
0
LINE
8
BLACK
6
CONTINUOUS
10
5.6908953149606294
20
-6.3442412204724405
11
5.6916486220472438
21
-6.3443910629921261
0
LINE
8
BLACK
6
CONTINUOUS
10
5.48810531496063
20
-6.3247060236220474
11
5.4887439370078743
21
-6.3251327559055115
0
LINE
8
BLACK
6
CONTINUOUS
10
5.4887439370078743
20
-6.3251327559055115
11
5.4891706692913385
21
-6.3257713779527558
0
LINE
8
BLACK
6
CONTINUOUS
10
5.4891706692913385
20
-6.3257713779527558
11
5.4893205118110231
21
-6.3265246850393702
0
LINE
8
BLACK
6
CONTINUOUS
10
5.4893205118110231
20
-6.3265246850393702
11
5.4893205118110231
21
-6.3343987007874016
0
LINE
8
BLACK
6
CONTINUOUS
10
5.4893205118110231
20
-6.3343987007874016
11
5.4891706692913385
21
-6.335152007874016
0
LINE
8
BLACK
6
CONTINUOUS
10
5.4891706692913385
20
-6.335152007874016
11
5.4887439370078743
21
-6.3357906299212594
0
LINE
8
BLACK
6
CONTINUOUS
10
5.4887439370078743
20
-6.3357906299212594
11
5.48810531496063
21
-6.3362173622047244
0
LINE
8
BLACK
6
CONTINUOUS
10
5.48810531496063
20
-6.3362173622047244
11
5.4873520078740157
21
-6.3363672047244091
0
LINE
8
BLACK
6
CONTINUOUS
10
5.4873520078740157
20
-6.3363672047244091
11
5.464911062992126
21
-6.3363672047244091
0
LINE
8
BLACK
6
CONTINUOUS
10
5.464911062992126
20
-6.3363672047244091
11
5.4641577559055117
21
-6.3362173622047244
0
LINE
8
BLACK
6
CONTINUOUS
10
5.4641577559055117
20
-6.3362173622047244
11
5.4635191338582674
21
-6.3357906299212594
0
LINE
8
BLACK
6
CONTINUOUS
10
5.4635191338582674
20
-6.3357906299212594
11
5.4630924015748032
21
-6.335152007874016
0
LINE
8
BLACK
6
CONTINUOUS
10
5.4630924015748032
20
-6.335152007874016
11
5.4629425590551177
21
-6.3343987007874016
0
LINE
8
BLACK
6
CONTINUOUS
10
5.4629425590551177
20
-6.3343987007874016
11
5.4629425590551177
21
-6.3265246850393702
0
LINE
8
BLACK
6
CONTINUOUS
10
5.4629425590551177
20
-6.3265246850393702
11
5.4630924015748032
21
-6.3257713779527558
0
LINE
8
BLACK
6
CONTINUOUS
10
5.4630924015748032
20
-6.3257713779527558
11
5.4635191338582674
21
-6.3251327559055115
0
LINE
8
BLACK
6
CONTINUOUS
10
5.4635191338582674
20
-6.3251327559055115
11
5.4641577559055117
21
-6.3247060236220474
0
LINE
8
BLACK
6
CONTINUOUS
10
5.4641577559055117
20
-6.3247060236220474
11
5.464911062992126
21
-6.3245561811023618
0
LINE
8
BLACK
6
CONTINUOUS
10
5.464911062992126
20
-6.3245561811023618
11
5.4873520078740157
21
-6.3245561811023618
0
LINE
8
BLACK
6
CONTINUOUS
10
5.4873520078740157
20
-6.3245561811023618
11
5.48810531496063
21
-6.3247060236220474
0
LINE
8
BLACK
6
CONTINUOUS
10
5.5463730314960626
20
-6.3247060236220474
11
5.5470116535433069
21
-6.3251327559055115
0
LINE
8
BLACK
6
CONTINUOUS
10
5.5470116535433069
20
-6.3251327559055115
11
5.547438385826772
21
-6.3257713779527558
0
LINE
8
BLACK
6
CONTINUOUS
10
5.547438385826772
20
-6.3257713779527558
11
5.5475882283464566
21
-6.3265246850393702
0
LINE
8
BLACK
6
CONTINUOUS
10
5.5475882283464566
20
-6.3265246850393702
11
5.5475882283464566
21
-6.3343987007874016
0
LINE
8
BLACK
6
CONTINUOUS
10
5.5475882283464566
20
-6.3343987007874016
11
5.547438385826772
21
-6.335152007874016
0
LINE
8
BLACK
6
CONTINUOUS
10
5.547438385826772
20
-6.335152007874016
11
5.5470116535433069
21
-6.3357906299212594
0
LINE
8
BLACK
6
CONTINUOUS
10
5.5470116535433069
20
-6.3357906299212594
11
5.5463730314960626
21
-6.3362173622047244
0
LINE
8
BLACK
6
CONTINUOUS
10
5.5463730314960626
20
-6.3362173622047244
11
5.5456197244094483
21
-6.3363672047244091
0
LINE
8
BLACK
6
CONTINUOUS
10
5.5456197244094483
20
-6.3363672047244091
11
5.5231787795275586
21
-6.3363672047244091
0
LINE
8
BLACK
6
CONTINUOUS
10
5.5231787795275586
20
-6.3363672047244091
11
5.5224254724409452
21
-6.3362173622047244
0
LINE
8
BLACK
6
CONTINUOUS
10
5.5224254724409452
20
-6.3362173622047244
11
5.5217868503937009
21
-6.3357906299212594
0
LINE
8
BLACK
6
CONTINUOUS
10
5.5217868503937009
20
-6.3357906299212594
11
5.5213601181102359
21
-6.335152007874016
0
LINE
8
BLACK
6
CONTINUOUS
10
5.5213601181102359
20
-6.335152007874016
11
5.5212102755905512
21
-6.3343987007874016
0
LINE
8
BLACK
6
CONTINUOUS
10
5.5212102755905512
20
-6.3343987007874016
11
5.5212102755905512
21
-6.3265246850393702
0
LINE
8
BLACK
6
CONTINUOUS
10
5.5212102755905512
20
-6.3265246850393702
11
5.5213601181102359
21
-6.3257713779527558
0
LINE
8
BLACK
6
CONTINUOUS
10
5.5213601181102359
20
-6.3257713779527558
11
5.5217868503937009
21
-6.3251327559055115
0
LINE
8
BLACK
6
CONTINUOUS
10
5.5217868503937009
20
-6.3251327559055115
11
5.5224254724409452
21
-6.3247060236220474
0
LINE
8
BLACK
6
CONTINUOUS
10
5.5224254724409452
20
-6.3247060236220474
11
5.5231787795275586
21
-6.3245561811023618
0
LINE
8
BLACK
6
CONTINUOUS
10
5.5231787795275586
20
-6.3245561811023618
11
5.5456197244094483
21
-6.3245561811023618
0
LINE
8
BLACK
6
CONTINUOUS
10
5.5456197244094483
20
-6.3245561811023618
11
5.5463730314960626
21
-6.3247060236220474
0
LINE
8
BLACK
6
CONTINUOUS
10
5.6333809055118111
20
-6.3247060236220474
11
5.6340195275590546
21
-6.3251327559055115
0
LINE
8
BLACK
6
CONTINUOUS
10
5.6340195275590546
20
-6.3251327559055115
11
5.6344462598425196
21
-6.3257713779527558
0
LINE
8
BLACK
6
CONTINUOUS
10
5.6344462598425196
20
-6.3257713779527558
11
5.6345961023622042
21
-6.3265246850393702
0
LINE
8
BLACK
6
CONTINUOUS
10
5.6345961023622042
20
-6.3265246850393702
11
5.6345961023622042
21
-6.3343987007874016
0
LINE
8
BLACK
6
CONTINUOUS
10
5.6345961023622042
20
-6.3343987007874016
11
5.6344462598425196
21
-6.335152007874016
0
LINE
8
BLACK
6
CONTINUOUS
10
5.6344462598425196
20
-6.335152007874016
11
5.6340195275590546
21
-6.3357906299212594
0
LINE
8
BLACK
6
CONTINUOUS
10
5.6340195275590546
20
-6.3357906299212594
11
5.6333809055118111
21
-6.3362173622047244
0
LINE
8
BLACK
6
CONTINUOUS
10
5.6333809055118111
20
-6.3362173622047244
11
5.6326275984251968
21
-6.3363672047244091
0
LINE
8
BLACK
6
CONTINUOUS
10
5.6326275984251968
20
-6.3363672047244091
11
5.6101866535433071
21
-6.3363672047244091
0
LINE
8
BLACK
6
CONTINUOUS
10
5.6101866535433071
20
-6.3363672047244091
11
5.6094333464566928
21
-6.3362173622047244
0
LINE
8
BLACK
6
CONTINUOUS
10
5.6094333464566928
20
-6.3362173622047244
11
5.6087947244094485
21
-6.3357906299212594
0
LINE
8
BLACK
6
CONTINUOUS
10
5.6087947244094485
20
-6.3357906299212594
11
5.6083679921259844
21
-6.335152007874016
0
LINE
8
BLACK
6
CONTINUOUS
10
5.6083679921259844
20
-6.335152007874016
11
5.6082181496062988
21
-6.3343987007874016
0
LINE
8
BLACK
6
CONTINUOUS
10
5.6082181496062988
20
-6.3343987007874016
11
5.6082181496062988
21
-6.3265246850393702
0
LINE
8
BLACK
6
CONTINUOUS
10
5.6082181496062988
20
-6.3265246850393702
11
5.6083679921259844
21
-6.3257713779527558
0
LINE
8
BLACK
6
CONTINUOUS
10
5.6083679921259844
20
-6.3257713779527558
11
5.6087947244094485
21
-6.3251327559055115
0
LINE
8
BLACK
6
CONTINUOUS
10
5.6087947244094485
20
-6.3251327559055115
11
5.6094333464566928
21
-6.3247060236220474
0
LINE
8
BLACK
6
CONTINUOUS
10
5.6094333464566928
20
-6.3247060236220474
11
5.6101866535433071
21
-6.3245561811023618
0
LINE
8
BLACK
6
CONTINUOUS
10
5.6101866535433071
20
-6.3245561811023618
11
5.6326275984251968
21
-6.3245561811023618
0
LINE
8
BLACK
6
CONTINUOUS
10
5.6326275984251968
20
-6.3245561811023618
11
5.6333809055118111
21
-6.3247060236220474
0
LINE
8
BLACK
6
CONTINUOUS
10
5.6916486220472438
20
-6.3247060236220474
11
5.6922872440944881
21
-6.3251327559055115
0
LINE
8
BLACK
6
CONTINUOUS
10
5.6922872440944881
20
-6.3251327559055115
11
5.6927139763779531
21
-6.3257713779527558
0
LINE
8
BLACK
6
CONTINUOUS
10
5.6927139763779531
20
-6.3257713779527558
11
5.6928638188976377
21
-6.3265246850393702
0
LINE
8
BLACK
6
CONTINUOUS
10
5.6928638188976377
20
-6.3265246850393702
11
5.6928638188976377
21
-6.3343987007874016
0
LINE
8
BLACK
6
CONTINUOUS
10
5.6928638188976377
20
-6.3343987007874016
11
5.6927139763779531
21
-6.335152007874016
0
LINE
8
BLACK
6
CONTINUOUS
10
5.6927139763779531
20
-6.335152007874016
11
5.6922872440944881
21
-6.3357906299212594
0
LINE
8
BLACK
6
CONTINUOUS
10
5.6922872440944881
20
-6.3357906299212594
11
5.6916486220472438
21
-6.3362173622047244
0
LINE
8
BLACK
6
CONTINUOUS
10
5.6916486220472438
20
-6.3362173622047244
11
5.6908953149606294
21
-6.3363672047244091
0
LINE
8
BLACK
6
CONTINUOUS
10
5.6908953149606294
20
-6.3363672047244091
11
5.6684543700787398
21
-6.3363672047244091
0
LINE
8
BLACK
6
CONTINUOUS
10
5.6684543700787398
20
-6.3363672047244091
11
5.6677010629921263
21
-6.3362173622047244
0
LINE
8
BLACK
6
CONTINUOUS
10
5.6677010629921263
20
-6.3362173622047244
11
5.667062440944882
21
-6.3357906299212594
0
LINE
8
BLACK
6
CONTINUOUS
10
5.667062440944882
20
-6.3357906299212594
11
5.666635708661417
21
-6.335152007874016
0
LINE
8
BLACK
6
CONTINUOUS
10
5.666635708661417
20
-6.335152007874016
11
5.6664858661417323
21
-6.3343987007874016
0
LINE
8
BLACK
6
CONTINUOUS
10
5.6664858661417323
20
-6.3343987007874016
11
5.6664858661417323
21
-6.3265246850393702
0
LINE
8
BLACK
6
CONTINUOUS
10
5.6664858661417323
20
-6.3265246850393702
11
5.666635708661417
21
-6.3257713779527558
0
LINE
8
BLACK
6
CONTINUOUS
10
5.666635708661417
20
-6.3257713779527558
11
5.667062440944882
21
-6.3251327559055115
0
LINE
8
BLACK
6
CONTINUOUS
10
5.667062440944882
20
-6.3251327559055115
11
5.6677010629921263
21
-6.3247060236220474
0
LINE
8
BLACK
6
CONTINUOUS
10
5.6677010629921263
20
-6.3247060236220474
11
5.6684543700787398
21
-6.3245561811023618
0
LINE
8
BLACK
6
CONTINUOUS
10
5.6684543700787398
20
-6.3245561811023618
11
5.6908953149606294
21
-6.3245561811023618
0
LINE
8
BLACK
6
CONTINUOUS
10
5.6908953149606294
20
-6.3245561811023618
11
5.6916486220472438
21
-6.3247060236220474
0
LINE
8
BLACK
6
CONTINUOUS
10
5.0868219685039371
20
-6.2940531889763776
11
5.0893764566929134
21
-6.2957600787401571
0
LINE
8
BLACK
6
CONTINUOUS
10
5.0893764566929134
20
-6.2957600787401571
11
5.0910833464566929
21
-6.2983145669291334
0
LINE
8
BLACK
6
CONTINUOUS
10
5.0910833464566929
20
-6.2983145669291334
11
5.0916827165354333
21
-6.3013278346456696
0
LINE
8
BLACK
6
CONTINUOUS
10
5.0916827165354333
20
-6.3013278346456696
11
5.0916827165354333
21
-6.3229813779527557
0
LINE
8
BLACK
6
CONTINUOUS
10
5.0916827165354333
20
-6.3229813779527557
11
5.0910833464566929
21
-6.325994645669291
0
LINE
8
BLACK
6
CONTINUOUS
10
5.0910833464566929
20
-6.325994645669291
11
5.0893764566929134
21
-6.3285491338582673
0
LINE
8
BLACK
6
CONTINUOUS
10
5.0893764566929134
20
-6.3285491338582673
11
5.0868219685039371
21
-6.3302560236220469
0
LINE
8
BLACK
6
CONTINUOUS
10
5.0868219685039371
20
-6.3302560236220469
11
5.0838087007874018
21
-6.3308553937007872
0
LINE
8
BLACK
6
CONTINUOUS
10
5.0838087007874018
20
-6.3308553937007872
11
5.0680606692913388
21
-6.3308553937007872
0
LINE
8
BLACK
6
CONTINUOUS
10
5.0680606692913388
20
-6.3308553937007872
11
5.0650474015748026
21
-6.3302560236220469
0
LINE
8
BLACK
6
CONTINUOUS
10
5.0650474015748026
20
-6.3302560236220469
11
5.0624929133858263
21
-6.3285491338582673
0
LINE
8
BLACK
6
CONTINUOUS
10
5.0624929133858263
20
-6.3285491338582673
11
5.0607860236220468
21
-6.325994645669291
0
LINE
8
BLACK
6
CONTINUOUS
10
5.0607860236220468
20
-6.325994645669291
11
5.0601866535433073
21
-6.3229813779527557
0
LINE
8
BLACK
6
CONTINUOUS
10
5.0601866535433073
20
-6.3229813779527557
11
5.0601866535433073
21
-6.3013278346456696
0
LINE
8
BLACK
6
CONTINUOUS
10
5.0601866535433073
20
-6.3013278346456696
11
5.0607860236220468
21
-6.2983145669291334
0
LINE
8
BLACK
6
CONTINUOUS
10
5.0607860236220468
20
-6.2983145669291334
11
5.0624929133858263
21
-6.2957600787401571
0
LINE
8
BLACK
6
CONTINUOUS
10
5.0624929133858263
20
-6.2957600787401571
11
5.0650474015748026
21
-6.2940531889763776
0
LINE
8
BLACK
6
CONTINUOUS
10
5.0650474015748026
20
-6.2940531889763776
11
5.0680606692913388
21
-6.2934538188976372
0
LINE
8
BLACK
6
CONTINUOUS
10
5.0680606692913388
20
-6.2934538188976372
11
5.0838087007874018
21
-6.2934538188976372
0
LINE
8
BLACK
6
CONTINUOUS
10
5.0838087007874018
20
-6.2934538188976372
11
5.0868219685039371
21
-6.2940531889763776
0
LINE
8
BLACK
6
CONTINUOUS
10
5.1517825984251964
20
-6.2940531889763776
11
5.1543370866141727
21
-6.2957600787401571
0
LINE
8
BLACK
6
CONTINUOUS
10
5.1543370866141727
20
-6.2957600787401571
11
5.1560439763779522
21
-6.2983145669291334
0
LINE
8
BLACK
6
CONTINUOUS
10
5.1560439763779522
20
-6.2983145669291334
11
5.1566433464566925
21
-6.3013278346456696
0
LINE
8
BLACK
6
CONTINUOUS
10
5.1566433464566925
20
-6.3013278346456696
11
5.1566433464566925
21
-6.3229813779527557
0
LINE
8
BLACK
6
CONTINUOUS
10
5.1566433464566925
20
-6.3229813779527557
11
5.1560439763779522
21
-6.325994645669291
0
LINE
8
BLACK
6
CONTINUOUS
10
5.1560439763779522
20
-6.325994645669291
11
5.1543370866141727
21
-6.3285491338582673
0
LINE
8
BLACK
6
CONTINUOUS
10
5.1543370866141727
20
-6.3285491338582673
11
5.1517825984251964
21
-6.3302560236220469
0
LINE
8
BLACK
6
CONTINUOUS
10
5.1517825984251964
20
-6.3302560236220469
11
5.1487693307086611
21
-6.3308553937007872
0
LINE
8
BLACK
6
CONTINUOUS
10
5.1487693307086611
20
-6.3308553937007872
11
5.1330212992125981
21
-6.3308553937007872
0
LINE
8
BLACK
6
CONTINUOUS
10
5.1330212992125981
20
-6.3308553937007872
11
5.1300080314960628
21
-6.3302560236220469
0
LINE
8
BLACK
6
CONTINUOUS
10
5.1300080314960628
20
-6.3302560236220469
11
5.1274535433070865
21
-6.3285491338582673
0
LINE
8
BLACK
6
CONTINUOUS
10
5.1274535433070865
20
-6.3285491338582673
11
5.1257466535433069
21
-6.325994645669291
0
LINE
8
BLACK
6
CONTINUOUS
10
5.1257466535433069
20
-6.325994645669291
11
5.1251472834645666
21
-6.3229813779527557
0
LINE
8
BLACK
6
CONTINUOUS
10
5.1251472834645666
20
-6.3229813779527557
11
5.1251472834645666
21
-6.3013278346456696
0
LINE
8
BLACK
6
CONTINUOUS
10
5.1251472834645666
20
-6.3013278346456696
11
5.1257466535433069
21
-6.2983145669291334
0
LINE
8
BLACK
6
CONTINUOUS
10
5.1257466535433069
20
-6.2983145669291334
11
5.1274535433070865
21
-6.2957600787401571
0
LINE
8
BLACK
6
CONTINUOUS
10
5.1274535433070865
20
-6.2957600787401571
11
5.1300080314960628
21
-6.2940531889763776
0
LINE
8
BLACK
6
CONTINUOUS
10
5.1300080314960628
20
-6.2940531889763776
11
5.1330212992125981
21
-6.2934538188976372
0
LINE
8
BLACK
6
CONTINUOUS
10
5.1330212992125981
20
-6.2934538188976372
11
5.1487693307086611
21
-6.2934538188976372
0
LINE
8
BLACK
6
CONTINUOUS
10
5.1487693307086611
20
-6.2934538188976372
11
5.1517825984251964
21
-6.2940531889763776
0
LINE
8
BLACK
6
CONTINUOUS
10
4.7456461417322835
20
-6.2239274409448822
11
4.7488392913385828
21
-6.2260610236220471
0
LINE
8
BLACK
6
CONTINUOUS
10
4.7488392913385828
20
-6.2260610236220471
11
4.7509728740157477
21
-6.2292541732283464
0
LINE
8
BLACK
6
CONTINUOUS
10
4.7509728740157477
20
-6.2292541732283464
11
4.7517220866141727
21
-6.2330207480314961
0
LINE
8
BLACK
6
CONTINUOUS
10
4.7517220866141727
20
-6.2330207480314961
11
4.7517220866141727
21
-6.2684538188976378
0
LINE
8
BLACK
6
CONTINUOUS
10
4.7517220866141727
20
-6.2684538188976378
11
4.7509728740157477
21
-6.2722203937007874
0
LINE
8
BLACK
6
CONTINUOUS
10
4.7509728740157477
20
-6.2722203937007874
11
4.7488392913385828
21
-6.2754135433070868
0
LINE
8
BLACK
6
CONTINUOUS
10
4.7488392913385828
20
-6.2754135433070868
11
4.7456461417322835
21
-6.2775471259842517
0
LINE
8
BLACK
6
CONTINUOUS
10
4.7456461417322835
20
-6.2775471259842517
11
4.7418795669291338
21
-6.2782963385826767
0
LINE
8
BLACK
6
CONTINUOUS
10
4.7418795669291338
20
-6.2782963385826767
11
4.7212102755905514
21
-6.2782963385826767
0
LINE
8
BLACK
6
CONTINUOUS
10
4.7212102755905514
20
-6.2782963385826767
11
4.7174437007874017
21
-6.2775471259842517
0
LINE
8
BLACK
6
CONTINUOUS
10
4.7174437007874017
20
-6.2775471259842517
11
4.7142505511811024
21
-6.2754135433070868
0
LINE
8
BLACK
6
CONTINUOUS
10
4.7142505511811024
20
-6.2754135433070868
11
4.7121169685039366
21
-6.2722203937007874
0
LINE
8
BLACK
6
CONTINUOUS
10
4.7121169685039366
20
-6.2722203937007874
11
4.7113677559055116
21
-6.2684538188976378
0
LINE
8
BLACK
6
CONTINUOUS
10
4.7113677559055116
20
-6.2684538188976378
11
4.7113677559055116
21
-6.2330207480314961
0
LINE
8
BLACK
6
CONTINUOUS
10
4.7113677559055116
20
-6.2330207480314961
11
4.7121169685039366
21
-6.2292541732283464
0
LINE
8
BLACK
6
CONTINUOUS
10
4.7121169685039366
20
-6.2292541732283464
11
4.7142505511811024
21
-6.2260610236220471
0
LINE
8
BLACK
6
CONTINUOUS
10
4.7142505511811024
20
-6.2260610236220471
11
4.7174437007874017
21
-6.2239274409448822
0
LINE
8
BLACK
6
CONTINUOUS
10
4.7174437007874017
20
-6.2239274409448822
11
4.7212102755905514
21
-6.2231782283464563
0
LINE
8
BLACK
6
CONTINUOUS
10
4.7212102755905514
20
-6.2231782283464563
11
4.7418795669291338
21
-6.2231782283464563
0
LINE
8
BLACK
6
CONTINUOUS
10
4.7418795669291338
20
-6.2231782283464563
11
4.7456461417322835
21
-6.2239274409448822
0
LINE
8
BLACK
6
CONTINUOUS
10
4.8174965354330705
20
-6.2239274409448822
11
4.8206896850393699
21
-6.2260610236220471
0
LINE
8
BLACK
6
CONTINUOUS
10
4.8206896850393699
20
-6.2260610236220471
11
4.8228232677165357
21
-6.2292541732283464
0
LINE
8
BLACK
6
CONTINUOUS
10
4.8228232677165357
20
-6.2292541732283464
11
4.8235724803149607
21
-6.2330207480314961
0
LINE
8
BLACK
6
CONTINUOUS
10
4.8235724803149607
20
-6.2330207480314961
11
4.8235724803149607
21
-6.2684538188976378
0
LINE
8
BLACK
6
CONTINUOUS
10
4.8235724803149607
20
-6.2684538188976378
11
4.8228232677165357
21
-6.2722203937007874
0
LINE
8
BLACK
6
CONTINUOUS
10
4.8228232677165357
20
-6.2722203937007874
11
4.8206896850393699
21
-6.2754135433070868
0
LINE
8
BLACK
6
CONTINUOUS
10
4.8206896850393699
20
-6.2754135433070868
11
4.8174965354330705
21
-6.2775471259842517
0
LINE
8
BLACK
6
CONTINUOUS
10
4.8174965354330705
20
-6.2775471259842517
11
4.8137299606299209
21
-6.2782963385826767
0
LINE
8
BLACK
6
CONTINUOUS
10
4.8137299606299209
20
-6.2782963385826767
11
4.7930606692913384
21
-6.2782963385826767
0
LINE
8
BLACK
6
CONTINUOUS
10
4.7930606692913384
20
-6.2782963385826767
11
4.7892940944881888
21
-6.2775471259842517
0
LINE
8
BLACK
6
CONTINUOUS
10
4.7892940944881888
20
-6.2775471259842517
11
4.7861009448818894
21
-6.2754135433070868
0
LINE
8
BLACK
6
CONTINUOUS
10
4.7861009448818894
20
-6.2754135433070868
11
4.7839673622047245
21
-6.2722203937007874
0
LINE
8
BLACK
6
CONTINUOUS
10
4.7839673622047245
20
-6.2722203937007874
11
4.7832181496062995
21
-6.2684538188976378
0
LINE
8
BLACK
6
CONTINUOUS
10
4.7832181496062995
20
-6.2684538188976378
11
4.7832181496062995
21
-6.2330207480314961
0
LINE
8
BLACK
6
CONTINUOUS
10
4.7832181496062995
20
-6.2330207480314961
11
4.7839673622047245
21
-6.2292541732283464
0
LINE
8
BLACK
6
CONTINUOUS
10
4.7839673622047245
20
-6.2292541732283464
11
4.7861009448818894
21
-6.2260610236220471
0
LINE
8
BLACK
6
CONTINUOUS
10
4.7861009448818894
20
-6.2260610236220471
11
4.7892940944881888
21
-6.2239274409448822
0
LINE
8
BLACK
6
CONTINUOUS
10
4.7892940944881888
20
-6.2239274409448822
11
4.7930606692913384
21
-6.2231782283464563
0
LINE
8
BLACK
6
CONTINUOUS
10
4.7930606692913384
20
-6.2231782283464563
11
4.8137299606299209
21
-6.2231782283464563
0
LINE
8
BLACK
6
CONTINUOUS
10
4.8137299606299209
20
-6.2231782283464563
11
4.8174965354330705
21
-6.2239274409448822
0
LINE
8
BLACK
6
CONTINUOUS
10
5.4818401968503938
20
-6.2536900393700785
11
5.4582181496062994
21
-6.2536900393700785
0
LINE
8
BLACK
6
CONTINUOUS
10
5.4582181496062994
20
-6.2536900393700785
11
5.4582181496062994
21
-6.2261309842519683
0
LINE
8
BLACK
6
CONTINUOUS
10
5.4582181496062994
20
-6.2261309842519683
11
5.4818401968503938
21
-6.2261309842519683
0
LINE
8
BLACK
6
CONTINUOUS
10
5.4818401968503938
20
-6.2261309842519683
11
5.4818401968503938
21
-6.2536900393700785
0
LINE
8
BLACK
6
CONTINUOUS
10
5.599950433070866
20
-6.2536900393700785
11
5.5763283858267716
21
-6.2536900393700785
0
LINE
8
BLACK
6
CONTINUOUS
10
5.5763283858267716
20
-6.2536900393700785
11
5.5763283858267716
21
-6.2261309842519683
0
LINE
8
BLACK
6
CONTINUOUS
10
5.5763283858267716
20
-6.2261309842519683
11
5.599950433070866
21
-6.2261309842519683
0
LINE
8
BLACK
6
CONTINUOUS
10
5.599950433070866
20
-6.2261309842519683
11
5.599950433070866
21
-6.2536900393700785
0
LINE
8
BLACK
6
CONTINUOUS
10
5.0868219685039371
20
-6.1952342913385827
11
5.0893764566929134
21
-6.1969411811023623
0
LINE
8
BLACK
6
CONTINUOUS
10
5.0893764566929134
20
-6.1969411811023623
11
5.0910833464566929
21
-6.1994956692913386
0
LINE
8
BLACK
6
CONTINUOUS
10
5.0910833464566929
20
-6.1994956692913386
11
5.0916827165354333
21
-6.2025089370078739
0
LINE
8
BLACK
6
CONTINUOUS
10
5.0916827165354333
20
-6.2025089370078739
11
5.0916827165354333
21
-6.2241624803149609
0
LINE
8
BLACK
6
CONTINUOUS
10
5.0916827165354333
20
-6.2241624803149609
11
5.0910833464566929
21
-6.2271757480314962
0
LINE
8
BLACK
6
CONTINUOUS
10
5.0910833464566929
20
-6.2271757480314962
11
5.0893764566929134
21
-6.2297302362204725
0
LINE
8
BLACK
6
CONTINUOUS
10
5.0893764566929134
20
-6.2297302362204725
11
5.0868219685039371
21
-6.231437125984252
0
LINE
8
BLACK
6
CONTINUOUS
10
5.0868219685039371
20
-6.231437125984252
11
5.0838087007874018
21
-6.2320364960629924
0
LINE
8
BLACK
6
CONTINUOUS
10
5.0838087007874018
20
-6.2320364960629924
11
5.0680606692913388
21
-6.2320364960629924
0
LINE
8
BLACK
6
CONTINUOUS
10
5.0680606692913388
20
-6.2320364960629924
11
5.0650474015748026
21
-6.231437125984252
0
LINE
8
BLACK
6
CONTINUOUS
10
5.0650474015748026
20
-6.231437125984252
11
5.0624929133858263
21
-6.2297302362204725
0
LINE
8
BLACK
6
CONTINUOUS
10
5.0624929133858263
20
-6.2297302362204725
11
5.0607860236220468
21
-6.2271757480314962
0
LINE
8
BLACK
6
CONTINUOUS
10
5.0607860236220468
20
-6.2271757480314962
11
5.0601866535433073
21
-6.2241624803149609
0
LINE
8
BLACK
6
CONTINUOUS
10
5.0601866535433073
20
-6.2241624803149609
11
5.0601866535433073
21
-6.2025089370078739
0
LINE
8
BLACK
6
CONTINUOUS
10
5.0601866535433073
20
-6.2025089370078739
11
5.0607860236220468
21
-6.1994956692913386
0
LINE
8
BLACK
6
CONTINUOUS
10
5.0607860236220468
20
-6.1994956692913386
11
5.0624929133858263
21
-6.1969411811023623
0
LINE
8
BLACK
6
CONTINUOUS
10
5.0624929133858263
20
-6.1969411811023623
11
5.0650474015748026
21
-6.1952342913385827
0
LINE
8
BLACK
6
CONTINUOUS
10
5.0650474015748026
20
-6.1952342913385827
11
5.0680606692913388
21
-6.1946349212598424
0
LINE
8
BLACK
6
CONTINUOUS
10
5.0680606692913388
20
-6.1946349212598424
11
5.0838087007874018
21
-6.1946349212598424
0
LINE
8
BLACK
6
CONTINUOUS
10
5.0838087007874018
20
-6.1946349212598424
11
5.0868219685039371
21
-6.1952342913385827
0
LINE
8
BLACK
6
CONTINUOUS
10
5.1517825984251964
20
-6.1952342913385827
11
5.1543370866141727
21
-6.1969411811023623
0
LINE
8
BLACK
6
CONTINUOUS
10
5.1543370866141727
20
-6.1969411811023623
11
5.1560439763779522
21
-6.1994956692913386
0
LINE
8
BLACK
6
CONTINUOUS
10
5.1560439763779522
20
-6.1994956692913386
11
5.1566433464566925
21
-6.2025089370078739
0
LINE
8
BLACK
6
CONTINUOUS
10
5.1566433464566925
20
-6.2025089370078739
11
5.1566433464566925
21
-6.2241624803149609
0
LINE
8
BLACK
6
CONTINUOUS
10
5.1566433464566925
20
-6.2241624803149609
11
5.1560439763779522
21
-6.2271757480314962
0
LINE
8
BLACK
6
CONTINUOUS
10
5.1560439763779522
20
-6.2271757480314962
11
5.1543370866141727
21
-6.2297302362204725
0
LINE
8
BLACK
6
CONTINUOUS
10
5.1543370866141727
20
-6.2297302362204725
11
5.1517825984251964
21
-6.231437125984252
0
LINE
8
BLACK
6
CONTINUOUS
10
5.1517825984251964
20
-6.231437125984252
11
5.1487693307086611
21
-6.2320364960629924
0
LINE
8
BLACK
6
CONTINUOUS
10
5.1487693307086611
20
-6.2320364960629924
11
5.1330212992125981
21
-6.2320364960629924
0
LINE
8
BLACK
6
CONTINUOUS
10
5.1330212992125981
20
-6.2320364960629924
11
5.1300080314960628
21
-6.231437125984252
0
LINE
8
BLACK
6
CONTINUOUS
10
5.1300080314960628
20
-6.231437125984252
11
5.1274535433070865
21
-6.2297302362204725
0
LINE
8
BLACK
6
CONTINUOUS
10
5.1274535433070865
20
-6.2297302362204725
11
5.1257466535433069
21
-6.2271757480314962
0
LINE
8
BLACK
6
CONTINUOUS
10
5.1257466535433069
20
-6.2271757480314962
11
5.1251472834645666
21
-6.2241624803149609
0
LINE
8
BLACK
6
CONTINUOUS
10
5.1251472834645666
20
-6.2241624803149609
11
5.1251472834645666
21
-6.2025089370078739
0
LINE
8
BLACK
6
CONTINUOUS
10
5.1251472834645666
20
-6.2025089370078739
11
5.1257466535433069
21
-6.1994956692913386
0
LINE
8
BLACK
6
CONTINUOUS
10
5.1257466535433069
20
-6.1994956692913386
11
5.1274535433070865
21
-6.1969411811023623
0
LINE
8
BLACK
6
CONTINUOUS
10
5.1274535433070865
20
-6.1969411811023623
11
5.1300080314960628
21
-6.1952342913385827
0
LINE
8
BLACK
6
CONTINUOUS
10
5.1300080314960628
20
-6.1952342913385827
11
5.1330212992125981
21
-6.1946349212598424
0
LINE
8
BLACK
6
CONTINUOUS
10
5.1330212992125981
20
-6.1946349212598424
11
5.1487693307086611
21
-6.1946349212598424
0
LINE
8
BLACK
6
CONTINUOUS
10
5.1487693307086611
20
-6.1946349212598424
11
5.1517825984251964
21
-6.1952342913385827
0
LINE
8
BLACK
6
CONTINUOUS
10
5.6991894488188972
20
-6.1451872834645664
11
5.7023825984251966
21
-6.1473208661417322
0
LINE
8
BLACK
6
CONTINUOUS
10
5.7023825984251966
20
-6.1473208661417322
11
5.7045161811023624
21
-6.1505140157480316
0
LINE
8
BLACK
6
CONTINUOUS
10
5.7045161811023624
20
-6.1505140157480316
11
5.7052653937007873
21
-6.1542805905511813
0
LINE
8
BLACK
6
CONTINUOUS
10
5.7052653937007873
20
-6.1542805905511813
11
5.7052653937007873
21
-6.2212097244094489
0
LINE
8
BLACK
6
CONTINUOUS
10
5.7052653937007873
20
-6.2212097244094489
11
5.7045161811023624
21
-6.2249762992125985
0
LINE
8
BLACK
6
CONTINUOUS
10
5.7045161811023624
20
-6.2249762992125985
11
5.7023825984251966
21
-6.2281694488188979
0
LINE
8
BLACK
6
CONTINUOUS
10
5.7023825984251966
20
-6.2281694488188979
11
5.6991894488188972
21
-6.2303030314960628
0
LINE
8
BLACK
6
CONTINUOUS
10
5.6991894488188972
20
-6.2303030314960628
11
5.6954228740157475
21
-6.2310522440944878
0
LINE
8
BLACK
6
CONTINUOUS
10
5.6954228740157475
20
-6.2310522440944878
11
5.6658953149606299
21
-6.2310522440944878
0
LINE
8
BLACK
6
CONTINUOUS
10
5.6658953149606299
20
-6.2310522440944878
11
5.6621287401574802
21
-6.2303030314960628
0
LINE
8
BLACK
6
CONTINUOUS
10
5.6621287401574802
20
-6.2303030314960628
11
5.6589355905511809
21
-6.2281694488188979
0
LINE
8
BLACK
6
CONTINUOUS
10
5.6589355905511809
20
-6.2281694488188979
11
5.656802007874016
21
-6.2249762992125985
0
LINE
8
BLACK
6
CONTINUOUS
10
5.656802007874016
20
-6.2249762992125985
11
5.6560527952755901
21
-6.2212097244094489
0
LINE
8
BLACK
6
CONTINUOUS
10
5.6560527952755901
20
-6.2212097244094489
11
5.6560527952755901
21
-6.1542805905511813
0
LINE
8
BLACK
6
CONTINUOUS
10
5.6560527952755901
20
-6.1542805905511813
11
5.656802007874016
21
-6.1505140157480316
0
LINE
8
BLACK
6
CONTINUOUS
10
5.656802007874016
20
-6.1505140157480316
11
5.6589355905511809
21
-6.1473208661417322
0
LINE
8
BLACK
6
CONTINUOUS
10
5.6589355905511809
20
-6.1473208661417322
11
5.6621287401574802
21
-6.1451872834645664
0
LINE
8
BLACK
6
CONTINUOUS
10
5.6621287401574802
20
-6.1451872834645664
11
5.6658953149606299
21
-6.1444380708661415
0
LINE
8
BLACK
6
CONTINUOUS
10
5.6658953149606299
20
-6.1444380708661415
11
5.6954228740157475
21
-6.1444380708661415
0
LINE
8
BLACK
6
CONTINUOUS
10
5.6954228740157475
20
-6.1444380708661415
11
5.6991894488188972
21
-6.1451872834645664
0
LINE
8
BLACK
6
CONTINUOUS
10
5.7838351181102361
20
-6.1451872834645664
11
5.7870282677165354
21
-6.1473208661417322
0
LINE
8
BLACK
6
CONTINUOUS
10
5.7870282677165354
20
-6.1473208661417322
11
5.7891618503937003
21
-6.1505140157480316
0
LINE
8
BLACK
6
CONTINUOUS
10
5.7891618503937003
20
-6.1505140157480316
11
5.7899110629921262
21
-6.1542805905511813
0
LINE
8
BLACK
6
CONTINUOUS
10
5.7899110629921262
20
-6.1542805905511813
11
5.7899110629921262
21
-6.2212097244094489
0
LINE
8
BLACK
6
CONTINUOUS
10
5.7899110629921262
20
-6.2212097244094489
11
5.7891618503937003
21
-6.2249762992125985
0
LINE
8
BLACK
6
CONTINUOUS
10
5.7891618503937003
20
-6.2249762992125985
11
5.7870282677165354
21
-6.2281694488188979
0
LINE
8
BLACK
6
CONTINUOUS
10
5.7870282677165354
20
-6.2281694488188979
11
5.7838351181102361
21
-6.2303030314960628
0
LINE
8
BLACK
6
CONTINUOUS
10
5.7838351181102361
20
-6.2303030314960628
11
5.7800685433070864
21
-6.2310522440944878
0
LINE
8
BLACK
6
CONTINUOUS
10
5.7800685433070864
20
-6.2310522440944878
11
5.7505409842519688
21
-6.2310522440944878
0
LINE
8
BLACK
6
CONTINUOUS
10
5.7505409842519688
20
-6.2310522440944878
11
5.7467744094488191
21
-6.2303030314960628
0
LINE
8
BLACK
6
CONTINUOUS
10
5.7467744094488191
20
-6.2303030314960628
11
5.7435812598425198
21
-6.2281694488188979
0
LINE
8
BLACK
6
CONTINUOUS
10
5.7435812598425198
20
-6.2281694488188979
11
5.741447677165354
21
-6.2249762992125985
0
LINE
8
BLACK
6
CONTINUOUS
10
5.741447677165354
20
-6.2249762992125985
11
5.740698464566929
21
-6.2212097244094489
0
LINE
8
BLACK
6
CONTINUOUS
10
5.740698464566929
20
-6.2212097244094489
11
5.740698464566929
21
-6.1542805905511813
0
LINE
8
BLACK
6
CONTINUOUS
10
5.740698464566929
20
-6.1542805905511813
11
5.741447677165354
21
-6.1505140157480316
0
LINE
8
BLACK
6
CONTINUOUS
10
5.741447677165354
20
-6.1505140157480316
11
5.7435812598425198
21
-6.1473208661417322
0
LINE
8
BLACK
6
CONTINUOUS
10
5.7435812598425198
20
-6.1473208661417322
11
5.7467744094488191
21
-6.1451872834645664
0
LINE
8
BLACK
6
CONTINUOUS
10
5.7467744094488191
20
-6.1451872834645664
11
5.7505409842519688
21
-6.1444380708661415
0
LINE
8
BLACK
6
CONTINUOUS
10
5.7505409842519688
20
-6.1444380708661415
11
5.7800685433070864
21
-6.1444380708661415
0
LINE
8
BLACK
6
CONTINUOUS
10
5.7800685433070864
20
-6.1444380708661415
11
5.7838351181102361
21
-6.1451872834645664
0
LINE
8
BLACK
6
CONTINUOUS
10
5.4818401968503938
20
-6.1788868897637794
11
5.4582181496062994
21
-6.1788868897637794
0
LINE
8
BLACK
6
CONTINUOUS
10
5.4582181496062994
20
-6.1788868897637794
11
5.4582181496062994
21
-6.1513278346456692
0
LINE
8
BLACK
6
CONTINUOUS
10
5.4582181496062994
20
-6.1513278346456692
11
5.4818401968503938
21
-6.1513278346456692
0
LINE
8
BLACK
6
CONTINUOUS
10
5.4818401968503938
20
-6.1513278346456692
11
5.4818401968503938
21
-6.1788868897637794
0
LINE
8
BLACK
6
CONTINUOUS
10
5.599950433070866
20
-6.1788868897637794
11
5.5763283858267716
21
-6.1788868897637794
0
LINE
8
BLACK
6
CONTINUOUS
10
5.5763283858267716
20
-6.1788868897637794
11
5.5763283858267716
21
-6.1513278346456692
0
LINE
8
BLACK
6
CONTINUOUS
10
5.5763283858267716
20
-6.1513278346456692
11
5.599950433070866
21
-6.1513278346456692
0
LINE
8
BLACK
6
CONTINUOUS
10
5.599950433070866
20
-6.1513278346456692
11
5.599950433070866
21
-6.1788868897637794
0
LINE
8
BLACK
6
CONTINUOUS
10
4.7456461417322835
20
-6.1077857086614173
11
4.7488392913385828
21
-6.1099192913385822
0
LINE
8
BLACK
6
CONTINUOUS
10
4.7488392913385828
20
-6.1099192913385822
11
4.7509728740157477
21
-6.1131124409448816
0
LINE
8
BLACK
6
CONTINUOUS
10
4.7509728740157477
20
-6.1131124409448816
11
4.7517220866141727
21
-6.1168790157480313
0
LINE
8
BLACK
6
CONTINUOUS
10
4.7517220866141727
20
-6.1168790157480313
11
4.7517220866141727
21
-6.1523120866141729
0
LINE
8
BLACK
6
CONTINUOUS
10
4.7517220866141727
20
-6.1523120866141729
11
4.7509728740157477
21
-6.1560786614173226
0
LINE
8
BLACK
6
CONTINUOUS
10
4.7509728740157477
20
-6.1560786614173226
11
4.7488392913385828
21
-6.159271811023622
0
LINE
8
BLACK
6
CONTINUOUS
10
4.7488392913385828
20
-6.159271811023622
11
4.7456461417322835
21
-6.1614053937007869
0
LINE
8
BLACK
6
CONTINUOUS
10
4.7456461417322835
20
-6.1614053937007869
11
4.7418795669291338
21
-6.1621546062992127
0
LINE
8
BLACK
6
CONTINUOUS
10
4.7418795669291338
20
-6.1621546062992127
11
4.7212102755905514
21
-6.1621546062992127
0
LINE
8
BLACK
6
CONTINUOUS
10
4.7212102755905514
20
-6.1621546062992127
11
4.7174437007874017
21
-6.1614053937007869
0
LINE
8
BLACK
6
CONTINUOUS
10
4.7174437007874017
20
-6.1614053937007869
11
4.7142505511811024
21
-6.159271811023622
0
LINE
8
BLACK
6
CONTINUOUS
10
4.7142505511811024
20
-6.159271811023622
11
4.7121169685039366
21
-6.1560786614173226
0
LINE
8
BLACK
6
CONTINUOUS
10
4.7121169685039366
20
-6.1560786614173226
11
4.7113677559055116
21
-6.1523120866141729
0
LINE
8
BLACK
6
CONTINUOUS
10
4.7113677559055116
20
-6.1523120866141729
11
4.7113677559055116
21
-6.1168790157480313
0
LINE
8
BLACK
6
CONTINUOUS
10
4.7113677559055116
20
-6.1168790157480313
11
4.7121169685039366
21
-6.1131124409448816
0
LINE
8
BLACK
6
CONTINUOUS
10
4.7121169685039366
20
-6.1131124409448816
11
4.7142505511811024
21
-6.1099192913385822
0
LINE
8
BLACK
6
CONTINUOUS
10
4.7142505511811024
20
-6.1099192913385822
11
4.7174437007874017
21
-6.1077857086614173
0
LINE
8
BLACK
6
CONTINUOUS
10
4.7174437007874017
20
-6.1077857086614173
11
4.7212102755905514
21
-6.1070364960629924
0
LINE
8
BLACK
6
CONTINUOUS
10
4.7212102755905514
20
-6.1070364960629924
11
4.7418795669291338
21
-6.1070364960629924
0
LINE
8
BLACK
6
CONTINUOUS
10
4.7418795669291338
20
-6.1070364960629924
11
4.7456461417322835
21
-6.1077857086614173
0
LINE
8
BLACK
6
CONTINUOUS
10
4.8174965354330705
20
-6.1077857086614173
11
4.8206896850393699
21
-6.1099192913385822
0
LINE
8
BLACK
6
CONTINUOUS
10
4.8206896850393699
20
-6.1099192913385822
11
4.8228232677165357
21
-6.1131124409448816
0
LINE
8
BLACK
6
CONTINUOUS
10
4.8228232677165357
20
-6.1131124409448816
11
4.8235724803149607
21
-6.1168790157480313
0
LINE
8
BLACK
6
CONTINUOUS
10
4.8235724803149607
20
-6.1168790157480313
11
4.8235724803149607
21
-6.1523120866141729
0
LINE
8
BLACK
6
CONTINUOUS
10
4.8235724803149607
20
-6.1523120866141729
11
4.8228232677165357
21
-6.1560786614173226
0
LINE
8
BLACK
6
CONTINUOUS
10
4.8228232677165357
20
-6.1560786614173226
11
4.8206896850393699
21
-6.159271811023622
0
LINE
8
BLACK
6
CONTINUOUS
10
4.8206896850393699
20
-6.159271811023622
11
4.8174965354330705
21
-6.1614053937007869
0
LINE
8
BLACK
6
CONTINUOUS
10
4.8174965354330705
20
-6.1614053937007869
11
4.8137299606299209
21
-6.1621546062992127
0
LINE
8
BLACK
6
CONTINUOUS
10
4.8137299606299209
20
-6.1621546062992127
11
4.7930606692913384
21
-6.1621546062992127
0
LINE
8
BLACK
6
CONTINUOUS
10
4.7930606692913384
20
-6.1621546062992127
11
4.7892940944881888
21
-6.1614053937007869
0
LINE
8
BLACK
6
CONTINUOUS
10
4.7892940944881888
20
-6.1614053937007869
11
4.7861009448818894
21
-6.159271811023622
0
LINE
8
BLACK
6
CONTINUOUS
10
4.7861009448818894
20
-6.159271811023622
11
4.7839673622047245
21
-6.1560786614173226
0
LINE
8
BLACK
6
CONTINUOUS
10
4.7839673622047245
20
-6.1560786614173226
11
4.7832181496062995
21
-6.1523120866141729
0
LINE
8
BLACK
6
CONTINUOUS
10
4.7832181496062995
20
-6.1523120866141729
11
4.7832181496062995
21
-6.1168790157480313
0
LINE
8
BLACK
6
CONTINUOUS
10
4.7832181496062995
20
-6.1168790157480313
11
4.7839673622047245
21
-6.1131124409448816
0
LINE
8
BLACK
6
CONTINUOUS
10
4.7839673622047245
20
-6.1131124409448816
11
4.7861009448818894
21
-6.1099192913385822
0
LINE
8
BLACK
6
CONTINUOUS
10
4.7861009448818894
20
-6.1099192913385822
11
4.7892940944881888
21
-6.1077857086614173
0
LINE
8
BLACK
6
CONTINUOUS
10
4.7892940944881888
20
-6.1077857086614173
11
4.7930606692913384
21
-6.1070364960629924
0
LINE
8
BLACK
6
CONTINUOUS
10
4.7930606692913384
20
-6.1070364960629924
11
4.8137299606299209
21
-6.1070364960629924
0
LINE
8
BLACK
6
CONTINUOUS
10
4.8137299606299209
20
-6.1070364960629924
11
4.8174965354330705
21
-6.1077857086614173
0
LINE
8
BLACK
6
CONTINUOUS
10
5.0868219685039371
20
-6.096415393700787
11
5.0893764566929134
21
-6.0981222834645665
0
LINE
8
BLACK
6
CONTINUOUS
10
5.0893764566929134
20
-6.0981222834645665
11
5.0910833464566929
21
-6.1006767716535428
0
LINE
8
BLACK
6
CONTINUOUS
10
5.0910833464566929
20
-6.1006767716535428
11
5.0916827165354333
21
-6.103690039370079
0
LINE
8
BLACK
6
CONTINUOUS
10
5.0916827165354333
20
-6.103690039370079
11
5.0916827165354333
21
-6.1253435826771652
0
LINE
8
BLACK
6
CONTINUOUS
10
5.0916827165354333
20
-6.1253435826771652
11
5.0910833464566929
21
-6.1283568503937005
0
LINE
8
BLACK
6
CONTINUOUS
10
5.0910833464566929
20
-6.1283568503937005
11
5.0893764566929134
21
-6.1309113385826768
0
LINE
8
BLACK
6
CONTINUOUS
10
5.0893764566929134
20
-6.1309113385826768
11
5.0868219685039371
21
-6.1326182283464563
0
LINE
8
BLACK
6
CONTINUOUS
10
5.0868219685039371
20
-6.1326182283464563
11
5.0838087007874018
21
-6.1332175984251966
0
LINE
8
BLACK
6
CONTINUOUS
10
5.0838087007874018
20
-6.1332175984251966
11
5.0680606692913388
21
-6.1332175984251966
0
LINE
8
BLACK
6
CONTINUOUS
10
5.0680606692913388
20
-6.1332175984251966
11
5.0650474015748026
21
-6.1326182283464563
0
LINE
8
BLACK
6
CONTINUOUS
10
5.0650474015748026
20
-6.1326182283464563
11
5.0624929133858263
21
-6.1309113385826768
0
LINE
8
BLACK
6
CONTINUOUS
10
5.0624929133858263
20
-6.1309113385826768
11
5.0607860236220468
21
-6.1283568503937005
0
LINE
8
BLACK
6
CONTINUOUS
10
5.0607860236220468
20
-6.1283568503937005
11
5.0601866535433073
21
-6.1253435826771652
0
LINE
8
BLACK
6
CONTINUOUS
10
5.0601866535433073
20
-6.1253435826771652
11
5.0601866535433073
21
-6.103690039370079
0
LINE
8
BLACK
6
CONTINUOUS
10
5.0601866535433073
20
-6.103690039370079
11
5.0607860236220468
21
-6.1006767716535428
0
LINE
8
BLACK
6
CONTINUOUS
10
5.0607860236220468
20
-6.1006767716535428
11
5.0624929133858263
21
-6.0981222834645665
0
LINE
8
BLACK
6
CONTINUOUS
10
5.0624929133858263
20
-6.0981222834645665
11
5.0650474015748026
21
-6.096415393700787
0
LINE
8
BLACK
6
CONTINUOUS
10
5.0650474015748026
20
-6.096415393700787
11
5.0680606692913388
21
-6.0958160236220467
0
LINE
8
BLACK
6
CONTINUOUS
10
5.0680606692913388
20
-6.0958160236220467
11
5.0838087007874018
21
-6.0958160236220467
0
LINE
8
BLACK
6
CONTINUOUS
10
5.0838087007874018
20
-6.0958160236220467
11
5.0868219685039371
21
-6.096415393700787
0
LINE
8
BLACK
6
CONTINUOUS
10
5.1517825984251964
20
-6.096415393700787
11
5.1543370866141727
21
-6.0981222834645665
0
LINE
8
BLACK
6
CONTINUOUS
10
5.1543370866141727
20
-6.0981222834645665
11
5.1560439763779522
21
-6.1006767716535428
0
LINE
8
BLACK
6
CONTINUOUS
10
5.1560439763779522
20
-6.1006767716535428
11
5.1566433464566925
21
-6.103690039370079
0
LINE
8
BLACK
6
CONTINUOUS
10
5.1566433464566925
20
-6.103690039370079
11
5.1566433464566925
21
-6.1253435826771652
0
LINE
8
BLACK
6
CONTINUOUS
10
5.1566433464566925
20
-6.1253435826771652
11
5.1560439763779522
21
-6.1283568503937005
0
LINE
8
BLACK
6
CONTINUOUS
10
5.1560439763779522
20
-6.1283568503937005
11
5.1543370866141727
21
-6.1309113385826768
0
LINE
8
BLACK
6
CONTINUOUS
10
5.1543370866141727
20
-6.1309113385826768
11
5.1517825984251964
21
-6.1326182283464563
0
LINE
8
BLACK
6
CONTINUOUS
10
5.1517825984251964
20
-6.1326182283464563
11
5.1487693307086611
21
-6.1332175984251966
0
LINE
8
BLACK
6
CONTINUOUS
10
5.1487693307086611
20
-6.1332175984251966
11
5.1330212992125981
21
-6.1332175984251966
0
LINE
8
BLACK
6
CONTINUOUS
10
5.1330212992125981
20
-6.1332175984251966
11
5.1300080314960628
21
-6.1326182283464563
0
LINE
8
BLACK
6
CONTINUOUS
10
5.1300080314960628
20
-6.1326182283464563
11
5.1274535433070865
21
-6.1309113385826768
0
LINE
8
BLACK
6
CONTINUOUS
10
5.1274535433070865
20
-6.1309113385826768
11
5.1257466535433069
21
-6.1283568503937005
0
LINE
8
BLACK
6
CONTINUOUS
10
5.1257466535433069
20
-6.1283568503937005
11
5.1251472834645666
21
-6.1253435826771652
0
LINE
8
BLACK
6
CONTINUOUS
10
5.1251472834645666
20
-6.1253435826771652
11
5.1251472834645666
21
-6.103690039370079
0
LINE
8
BLACK
6
CONTINUOUS
10
5.1251472834645666
20
-6.103690039370079
11
5.1257466535433069
21
-6.1006767716535428
0
LINE
8
BLACK
6
CONTINUOUS
10
5.1257466535433069
20
-6.1006767716535428
11
5.1274535433070865
21
-6.0981222834645665
0
LINE
8
BLACK
6
CONTINUOUS
10
5.1274535433070865
20
-6.0981222834645665
11
5.1300080314960628
21
-6.096415393700787
0
LINE
8
BLACK
6
CONTINUOUS
10
5.1300080314960628
20
-6.096415393700787
11
5.1330212992125981
21
-6.0958160236220467
0
LINE
8
BLACK
6
CONTINUOUS
10
5.1330212992125981
20
-6.0958160236220467
11
5.1487693307086611
21
-6.0958160236220467
0
LINE
8
BLACK
6
CONTINUOUS
10
5.1487693307086611
20
-6.0958160236220467
11
5.1517825984251964
21
-6.096415393700787
0
LINE
8
BLACK
6
CONTINUOUS
10
5.4818401968503938
20
-6.0962097244094489
11
5.4582181496062994
21
-6.0962097244094489
0
LINE
8
BLACK
6
CONTINUOUS
10
5.4582181496062994
20
-6.0962097244094489
11
5.4582181496062994
21
-6.0686506692913387
0
LINE
8
BLACK
6
CONTINUOUS
10
5.4582181496062994
20
-6.0686506692913387
11
5.4818401968503938
21
-6.0686506692913387
0
LINE
8
BLACK
6
CONTINUOUS
10
5.4818401968503938
20
-6.0686506692913387
11
5.4818401968503938
21
-6.0962097244094489
0
LINE
8
BLACK
6
CONTINUOUS
10
5.599950433070866
20
-6.0962097244094489
11
5.5763283858267716
21
-6.0962097244094489
0
LINE
8
BLACK
6
CONTINUOUS
10
5.5763283858267716
20
-6.0962097244094489
11
5.5763283858267716
21
-6.0686506692913387
0
LINE
8
BLACK
6
CONTINUOUS
10
5.5763283858267716
20
-6.0686506692913387
11
5.599950433070866
21
-6.0686506692913387
0
LINE
8
BLACK
6
CONTINUOUS
10
5.599950433070866
20
-6.0686506692913387
11
5.599950433070866
21
-6.0962097244094489
0
LINE
8
BLACK
6
CONTINUOUS
10
5.6991894488188972
20
-5.9975494881889766
11
5.7023825984251966
21
-5.9996830708661415
0
LINE
8
BLACK
6
CONTINUOUS
10
5.7023825984251966
20
-5.9996830708661415
11
5.7045161811023624
21
-6.0028762204724408
0
LINE
8
BLACK
6
CONTINUOUS
10
5.7045161811023624
20
-6.0028762204724408
11
5.7052653937007873
21
-6.0066427952755905
0
LINE
8
BLACK
6
CONTINUOUS
10
5.7052653937007873
20
-6.0066427952755905
11
5.7052653937007873
21
-6.0735719291338581
0
LINE
8
BLACK
6
CONTINUOUS
10
5.7052653937007873
20
-6.0735719291338581
11
5.7045161811023624
21
-6.0773385039370078
0
LINE
8
BLACK
6
CONTINUOUS
10
5.7045161811023624
20
-6.0773385039370078
11
5.7023825984251966
21
-6.0805316535433072
0
LINE
8
BLACK
6
CONTINUOUS
10
5.7023825984251966
20
-6.0805316535433072
11
5.6991894488188972
21
-6.0826652362204721
0
LINE
8
BLACK
6
CONTINUOUS
10
5.6991894488188972
20
-6.0826652362204721
11
5.6954228740157475
21
-6.0834144488188979
0
LINE
8
BLACK
6
CONTINUOUS
10
5.6954228740157475
20
-6.0834144488188979
11
5.6658953149606299
21
-6.0834144488188979
0
LINE
8
BLACK
6
CONTINUOUS
10
5.6658953149606299
20
-6.0834144488188979
11
5.6621287401574802
21
-6.0826652362204721
0
LINE
8
BLACK
6
CONTINUOUS
10
5.6621287401574802
20
-6.0826652362204721
11
5.6589355905511809
21
-6.0805316535433072
0
LINE
8
BLACK
6
CONTINUOUS
10
5.6589355905511809
20
-6.0805316535433072
11
5.656802007874016
21
-6.0773385039370078
0
LINE
8
BLACK
6
CONTINUOUS
10
5.656802007874016
20
-6.0773385039370078
11
5.6560527952755901
21
-6.0735719291338581
0
LINE
8
BLACK
6
CONTINUOUS
10
5.6560527952755901
20
-6.0735719291338581
11
5.6560527952755901
21
-6.0066427952755905
0
LINE
8
BLACK
6
CONTINUOUS
10
5.6560527952755901
20
-6.0066427952755905
11
5.656802007874016
21
-6.0028762204724408
0
LINE
8
BLACK
6
CONTINUOUS
10
5.656802007874016
20
-6.0028762204724408
11
5.6589355905511809
21
-5.9996830708661415
0
LINE
8
BLACK
6
CONTINUOUS
10
5.6589355905511809
20
-5.9996830708661415
11
5.6621287401574802
21
-5.9975494881889766
0
LINE
8
BLACK
6
CONTINUOUS
10
5.6621287401574802
20
-5.9975494881889766
11
5.6658953149606299
21
-5.9968002755905507
0
LINE
8
BLACK
6
CONTINUOUS
10
5.6658953149606299
20
-5.9968002755905507
11
5.6954228740157475
21
-5.9968002755905507
0
LINE
8
BLACK
6
CONTINUOUS
10
5.6954228740157475
20
-5.9968002755905507
11
5.6991894488188972
21
-5.9975494881889766
0
LINE
8
BLACK
6
CONTINUOUS
10
5.7838351181102361
20
-5.9975494881889766
11
5.7870282677165354
21
-5.9996830708661415
0
LINE
8
BLACK
6
CONTINUOUS
10
5.7870282677165354
20
-5.9996830708661415
11
5.7891618503937003
21
-6.0028762204724408
0
LINE
8
BLACK
6
CONTINUOUS
10
5.7891618503937003
20
-6.0028762204724408
11
5.7899110629921262
21
-6.0066427952755905
0
LINE
8
BLACK
6
CONTINUOUS
10
5.7899110629921262
20
-6.0066427952755905
11
5.7899110629921262
21
-6.0735719291338581
0
LINE
8
BLACK
6
CONTINUOUS
10
5.7899110629921262
20
-6.0735719291338581
11
5.7891618503937003
21
-6.0773385039370078
0
LINE
8
BLACK
6
CONTINUOUS
10
5.7891618503937003
20
-6.0773385039370078
11
5.7870282677165354
21
-6.0805316535433072
0
LINE
8
BLACK
6
CONTINUOUS
10
5.7870282677165354
20
-6.0805316535433072
11
5.7838351181102361
21
-6.0826652362204721
0
LINE
8
BLACK
6
CONTINUOUS
10
5.7838351181102361
20
-6.0826652362204721
11
5.7800685433070864
21
-6.0834144488188979
0
LINE
8
BLACK
6
CONTINUOUS
10
5.7800685433070864
20
-6.0834144488188979
11
5.7505409842519688
21
-6.0834144488188979
0
LINE
8
BLACK
6
CONTINUOUS
10
5.7505409842519688
20
-6.0834144488188979
11
5.7467744094488191
21
-6.0826652362204721
0
LINE
8
BLACK
6
CONTINUOUS
10
5.7467744094488191
20
-6.0826652362204721
11
5.7435812598425198
21
-6.0805316535433072
0
LINE
8
BLACK
6
CONTINUOUS
10
5.7435812598425198
20
-6.0805316535433072
11
5.741447677165354
21
-6.0773385039370078
0
LINE
8
BLACK
6
CONTINUOUS
10
5.741447677165354
20
-6.0773385039370078
11
5.740698464566929
21
-6.0735719291338581
0
LINE
8
BLACK
6
CONTINUOUS
10
5.740698464566929
20
-6.0735719291338581
11
5.740698464566929
21
-6.0066427952755905
0
LINE
8
BLACK
6
CONTINUOUS
10
5.740698464566929
20
-6.0066427952755905
11
5.741447677165354
21
-6.0028762204724408
0
LINE
8
BLACK
6
CONTINUOUS
10
5.741447677165354
20
-6.0028762204724408
11
5.7435812598425198
21
-5.9996830708661415
0
LINE
8
BLACK
6
CONTINUOUS
10
5.7435812598425198
20
-5.9996830708661415
11
5.7467744094488191
21
-5.9975494881889766
0
LINE
8
BLACK
6
CONTINUOUS
10
5.7467744094488191
20
-5.9975494881889766
11
5.7505409842519688
21
-5.9968002755905507
0
LINE
8
BLACK
6
CONTINUOUS
10
5.7505409842519688
20
-5.9968002755905507
11
5.7800685433070864
21
-5.9968002755905507
0
LINE
8
BLACK
6
CONTINUOUS
10
5.7800685433070864
20
-5.9968002755905507
11
5.7838351181102361
21
-5.9975494881889766
0
LINE
8
BLACK
6
CONTINUOUS
10
4.9180870866141735
20
-6.0036518503937009
11
4.9212802362204719
21
-6.0057854330708658
0
LINE
8
BLACK
6
CONTINUOUS
10
4.9212802362204719
20
-6.0057854330708658
11
4.9234138188976377
21
-6.0089785826771651
0
LINE
8
BLACK
6
CONTINUOUS
10
4.9234138188976377
20
-6.0089785826771651
11
4.9241630314960627
21
-6.0127451574803148
0
LINE
8
BLACK
6
CONTINUOUS
10
4.9241630314960627
20
-6.0127451574803148
11
4.9241630314960627
21
-6.0501467322834648
0
LINE
8
BLACK
6
CONTINUOUS
10
4.9241630314960627
20
-6.0501467322834648
11
4.9234138188976377
21
-6.0539133070866145
0
LINE
8
BLACK
6
CONTINUOUS
10
4.9234138188976377
20
-6.0539133070866145
11
4.9212802362204719
21
-6.0571064566929129
0
LINE
8
BLACK
6
CONTINUOUS
10
4.9212802362204719
20
-6.0571064566929129
11
4.9180870866141735
21
-6.0592400393700787
0
LINE
8
BLACK
6
CONTINUOUS
10
4.9180870866141735
20
-6.0592400393700787
11
4.9143205118110238
21
-6.0599892519685037
0
LINE
8
BLACK
6
CONTINUOUS
10
4.9143205118110238
20
-6.0599892519685037
11
4.8946354724409451
21
-6.0599892519685037
0
LINE
8
BLACK
6
CONTINUOUS
10
4.8946354724409451
20
-6.0599892519685037
11
4.8908688976377954
21
-6.0592400393700787
0
LINE
8
BLACK
6
CONTINUOUS
10
4.8908688976377954
20
-6.0592400393700787
11
4.8876757480314961
21
-6.0571064566929129
0
LINE
8
BLACK
6
CONTINUOUS
10
4.8876757480314961
20
-6.0571064566929129
11
4.8855421653543303
21
-6.0539133070866145
0
LINE
8
BLACK
6
CONTINUOUS
10
4.8855421653543303
20
-6.0539133070866145
11
4.8847929527559053
21
-6.0501467322834648
0
LINE
8
BLACK
6
CONTINUOUS
10
4.8847929527559053
20
-6.0501467322834648
11
4.8847929527559053
21
-6.0127451574803148
0
LINE
8
BLACK
6
CONTINUOUS
10
4.8847929527559053
20
-6.0127451574803148
11
4.8855421653543303
21
-6.0089785826771651
0
LINE
8
BLACK
6
CONTINUOUS
10
4.8855421653543303
20
-6.0089785826771651
11
4.8876757480314961
21
-6.0057854330708658
0
LINE
8
BLACK
6
CONTINUOUS
10
4.8876757480314961
20
-6.0057854330708658
11
4.8908688976377954
21
-6.0036518503937009
0
LINE
8
BLACK
6
CONTINUOUS
10
4.8908688976377954
20
-6.0036518503937009
11
4.8946354724409451
21
-6.0029026377952759
0
LINE
8
BLACK
6
CONTINUOUS
10
4.8946354724409451
20
-6.0029026377952759
11
4.9143205118110238
21
-6.0029026377952759
0
LINE
8
BLACK
6
CONTINUOUS
10
4.9143205118110238
20
-6.0029026377952759
11
4.9180870866141735
21
-6.0036518503937009
0
LINE
8
BLACK
6
CONTINUOUS
10
4.9928902362204726
20
-6.0036518503937009
11
4.9960833858267719
21
-6.0057854330708658
0
LINE
8
BLACK
6
CONTINUOUS
10
4.9960833858267719
20
-6.0057854330708658
11
4.9982169685039368
21
-6.0089785826771651
0
LINE
8
BLACK
6
CONTINUOUS
10
4.9982169685039368
20
-6.0089785826771651
11
4.9989661811023618
21
-6.0127451574803148
0
LINE
8
BLACK
6
CONTINUOUS
10
4.9989661811023618
20
-6.0127451574803148
11
4.9989661811023618
21
-6.0501467322834648
0
LINE
8
BLACK
6
CONTINUOUS
10
4.9989661811023618
20
-6.0501467322834648
11
4.9982169685039368
21
-6.0539133070866145
0
LINE
8
BLACK
6
CONTINUOUS
10
4.9982169685039368
20
-6.0539133070866145
11
4.9960833858267719
21
-6.0571064566929129
0
LINE
8
BLACK
6
CONTINUOUS
10
4.9960833858267719
20
-6.0571064566929129
11
4.9928902362204726
21
-6.0592400393700787
0
LINE
8
BLACK
6
CONTINUOUS
10
4.9928902362204726
20
-6.0592400393700787
11
4.9891236614173229
21
-6.0599892519685037
0
LINE
8
BLACK
6
CONTINUOUS
10
4.9891236614173229
20
-6.0599892519685037
11
4.9694386220472442
21
-6.0599892519685037
0
LINE
8
BLACK
6
CONTINUOUS
10
4.9694386220472442
20
-6.0599892519685037
11
4.9656720472440945
21
-6.0592400393700787
0
LINE
8
BLACK
6
CONTINUOUS
10
4.9656720472440945
20
-6.0592400393700787
11
4.9624788976377951
21
-6.0571064566929129
0
LINE
8
BLACK
6
CONTINUOUS
10
4.9624788976377951
20
-6.0571064566929129
11
4.9603453149606302
21
-6.0539133070866145
0
LINE
8
BLACK
6
CONTINUOUS
10
4.9603453149606302
20
-6.0539133070866145
11
4.9595961023622044
21
-6.0501467322834648
0
LINE
8
BLACK
6
CONTINUOUS
10
4.9595961023622044
20
-6.0501467322834648
11
4.9595961023622044
21
-6.0127451574803148
0
LINE
8
BLACK
6
CONTINUOUS
10
4.9595961023622044
20
-6.0127451574803148
11
4.9603453149606302
21
-6.0089785826771651
0
LINE
8
BLACK
6
CONTINUOUS
10
4.9603453149606302
20
-6.0089785826771651
11
4.9624788976377951
21
-6.0057854330708658
0
LINE
8
BLACK
6
CONTINUOUS
10
4.9624788976377951
20
-6.0057854330708658
11
4.9656720472440945
21
-6.0036518503937009
0
LINE
8
BLACK
6
CONTINUOUS
10
4.9656720472440945
20
-6.0036518503937009
11
4.9694386220472442
21
-6.0029026377952759
0
LINE
8
BLACK
6
CONTINUOUS
10
4.9694386220472442
20
-6.0029026377952759
11
4.9891236614173229
21
-6.0029026377952759
0
LINE
8
BLACK
6
CONTINUOUS
10
4.9891236614173229
20
-6.0029026377952759
11
4.9928902362204726
21
-6.0036518503937009
0
LINE
8
BLACK
6
CONTINUOUS
10
4.7456461417322835
20
-5.9916439763779525
11
4.7488392913385828
21
-5.9937775590551183
0
LINE
8
BLACK
6
CONTINUOUS
10
4.7488392913385828
20
-5.9937775590551183
11
4.7509728740157477
21
-5.9969707086614168
0
LINE
8
BLACK
6
CONTINUOUS
10
4.7509728740157477
20
-5.9969707086614168
11
4.7517220866141727
21
-6.0007372834645665
0
LINE
8
BLACK
6
CONTINUOUS
10
4.7517220866141727
20
-6.0007372834645665
11
4.7517220866141727
21
-6.0361703543307081
0
LINE
8
BLACK
6
CONTINUOUS
10
4.7517220866141727
20
-6.0361703543307081
11
4.7509728740157477
21
-6.0399369291338578
0
LINE
8
BLACK
6
CONTINUOUS
10
4.7509728740157477
20
-6.0399369291338578
11
4.7488392913385828
21
-6.0431300787401572
0
LINE
8
BLACK
6
CONTINUOUS
10
4.7488392913385828
20
-6.0431300787401572
11
4.7456461417322835
21
-6.045263661417323
0
LINE
8
BLACK
6
CONTINUOUS
10
4.7456461417322835
20
-6.045263661417323
11
4.7418795669291338
21
-6.0460128740157479
0
LINE
8
BLACK
6
CONTINUOUS
10
4.7418795669291338
20
-6.0460128740157479
11
4.7212102755905514
21
-6.0460128740157479
0
LINE
8
BLACK
6
CONTINUOUS
10
4.7212102755905514
20
-6.0460128740157479
11
4.7174437007874017
21
-6.045263661417323
0
LINE
8
BLACK
6
CONTINUOUS
10
4.7174437007874017
20
-6.045263661417323
11
4.7142505511811024
21
-6.0431300787401572
0
LINE
8
BLACK
6
CONTINUOUS
10
4.7142505511811024
20
-6.0431300787401572
11
4.7121169685039366
21
-6.0399369291338578
0
LINE
8
BLACK
6
CONTINUOUS
10
4.7121169685039366
20
-6.0399369291338578
11
4.7113677559055116
21
-6.0361703543307081
0
LINE
8
BLACK
6
CONTINUOUS
10
4.7113677559055116
20
-6.0361703543307081
11
4.7113677559055116
21
-6.0007372834645665
0
LINE
8
BLACK
6
CONTINUOUS
10
4.7113677559055116
20
-6.0007372834645665
11
4.7121169685039366
21
-5.9969707086614168
0
LINE
8
BLACK
6
CONTINUOUS
10
4.7121169685039366
20
-5.9969707086614168
11
4.7142505511811024
21
-5.9937775590551183
0
LINE
8
BLACK
6
CONTINUOUS
10
4.7142505511811024
20
-5.9937775590551183
11
4.7174437007874017
21
-5.9916439763779525
0
LINE
8
BLACK
6
CONTINUOUS
10
4.7174437007874017
20
-5.9916439763779525
11
4.7212102755905514
21
-5.9908947637795276
0
LINE
8
BLACK
6
CONTINUOUS
10
4.7212102755905514
20
-5.9908947637795276
11
4.7418795669291338
21
-5.9908947637795276
0
LINE
8
BLACK
6
CONTINUOUS
10
4.7418795669291338
20
-5.9908947637795276
11
4.7456461417322835
21
-5.9916439763779525
0
LINE
8
BLACK
6
CONTINUOUS
10
4.8174965354330705
20
-5.9916439763779525
11
4.8206896850393699
21
-5.9937775590551183
0
LINE
8
BLACK
6
CONTINUOUS
10
4.8206896850393699
20
-5.9937775590551183
11
4.8228232677165357
21
-5.9969707086614168
0
LINE
8
BLACK
6
CONTINUOUS
10
4.8228232677165357
20
-5.9969707086614168
11
4.8235724803149607
21
-6.0007372834645665
0
LINE
8
BLACK
6
CONTINUOUS
10
4.8235724803149607
20
-6.0007372834645665
11
4.8235724803149607
21
-6.0361703543307081
0
LINE
8
BLACK
6
CONTINUOUS
10
4.8235724803149607
20
-6.0361703543307081
11
4.8228232677165357
21
-6.0399369291338578
0
LINE
8
BLACK
6
CONTINUOUS
10
4.8228232677165357
20
-6.0399369291338578
11
4.8206896850393699
21
-6.0431300787401572
0
LINE
8
BLACK
6
CONTINUOUS
10
4.8206896850393699
20
-6.0431300787401572
11
4.8174965354330705
21
-6.045263661417323
0
LINE
8
BLACK
6
CONTINUOUS
10
4.8174965354330705
20
-6.045263661417323
11
4.8137299606299209
21
-6.0460128740157479
0
LINE
8
BLACK
6
CONTINUOUS
10
4.8137299606299209
20
-6.0460128740157479
11
4.7930606692913384
21
-6.0460128740157479
0
LINE
8
BLACK
6
CONTINUOUS
10
4.7930606692913384
20
-6.0460128740157479
11
4.7892940944881888
21
-6.045263661417323
0
LINE
8
BLACK
6
CONTINUOUS
10
4.7892940944881888
20
-6.045263661417323
11
4.7861009448818894
21
-6.0431300787401572
0
LINE
8
BLACK
6
CONTINUOUS
10
4.7861009448818894
20
-6.0431300787401572
11
4.7839673622047245
21
-6.0399369291338578
0
LINE
8
BLACK
6
CONTINUOUS
10
4.7839673622047245
20
-6.0399369291338578
11
4.7832181496062995
21
-6.0361703543307081
0
LINE
8
BLACK
6
CONTINUOUS
10
4.7832181496062995
20
-6.0361703543307081
11
4.7832181496062995
21
-6.0007372834645665
0
LINE
8
BLACK
6
CONTINUOUS
10
4.7832181496062995
20
-6.0007372834645665
11
4.7839673622047245
21
-5.9969707086614168
0
LINE
8
BLACK
6
CONTINUOUS
10
4.7839673622047245
20
-5.9969707086614168
11
4.7861009448818894
21
-5.9937775590551183
0
LINE
8
BLACK
6
CONTINUOUS
10
4.7861009448818894
20
-5.9937775590551183
11
4.7892940944881888
21
-5.9916439763779525
0
LINE
8
BLACK
6
CONTINUOUS
10
4.7892940944881888
20
-5.9916439763779525
11
4.7930606692913384
21
-5.9908947637795276
0
LINE
8
BLACK
6
CONTINUOUS
10
4.7930606692913384
20
-5.9908947637795276
11
4.8137299606299209
21
-5.9908947637795276
0
LINE
8
BLACK
6
CONTINUOUS
10
4.8137299606299209
20
-5.9908947637795276
11
4.8174965354330705
21
-5.9916439763779525
0
LINE
8
BLACK
6
CONTINUOUS
10
5.0868219685039371
20
-5.9975964960629922
11
5.0893764566929134
21
-5.9993033858267717
0
LINE
8
BLACK
6
CONTINUOUS
10
5.0893764566929134
20
-5.9993033858267717
11
5.0910833464566929
21
-6.001857874015748
0
LINE
8
BLACK
6
CONTINUOUS
10
5.0910833464566929
20
-6.001857874015748
11
5.0916827165354333
21
-6.0048711417322833
0
LINE
8
BLACK
6
CONTINUOUS
10
5.0916827165354333
20
-6.0048711417322833
11
5.0916827165354333
21
-6.0265246850393703
0
LINE
8
BLACK
6
CONTINUOUS
10
5.0916827165354333
20
-6.0265246850393703
11
5.0910833464566929
21
-6.0295379527559056
0
LINE
8
BLACK
6
CONTINUOUS
10
5.0910833464566929
20
-6.0295379527559056
11
5.0893764566929134
21
-6.032092440944882
0
LINE
8
BLACK
6
CONTINUOUS
10
5.0893764566929134
20
-6.032092440944882
11
5.0868219685039371
21
-6.0337993307086615
0
LINE
8
BLACK
6
CONTINUOUS
10
5.0868219685039371
20
-6.0337993307086615
11
5.0838087007874018
21
-6.0343987007874018
0
LINE
8
BLACK
6
CONTINUOUS
10
5.0838087007874018
20
-6.0343987007874018
11
5.0680606692913388
21
-6.0343987007874018
0
LINE
8
BLACK
6
CONTINUOUS
10
5.0680606692913388
20
-6.0343987007874018
11
5.0650474015748026
21
-6.0337993307086615
0
LINE
8
BLACK
6
CONTINUOUS
10
5.0650474015748026
20
-6.0337993307086615
11
5.0624929133858263
21
-6.032092440944882
0
LINE
8
BLACK
6
CONTINUOUS
10
5.0624929133858263
20
-6.032092440944882
11
5.0607860236220468
21
-6.0295379527559056
0
LINE
8
BLACK
6
CONTINUOUS
10
5.0607860236220468
20
-6.0295379527559056
11
5.0601866535433073
21
-6.0265246850393703
0
LINE
8
BLACK
6
CONTINUOUS
10
5.0601866535433073
20
-6.0265246850393703
11
5.0601866535433073
21
-6.0048711417322833
0
LINE
8
BLACK
6
CONTINUOUS
10
5.0601866535433073
20
-6.0048711417322833
11
5.0607860236220468
21
-6.001857874015748
0
LINE
8
BLACK
6
CONTINUOUS
10
5.0607860236220468
20
-6.001857874015748
11
5.0624929133858263
21
-5.9993033858267717
0
LINE
8
BLACK
6
CONTINUOUS
10
5.0624929133858263
20
-5.9993033858267717
11
5.0650474015748026
21
-5.9975964960629922
0
LINE
8
BLACK
6
CONTINUOUS
10
5.0650474015748026
20
-5.9975964960629922
11
5.0680606692913388
21
-5.9969971259842518
0
LINE
8
BLACK
6
CONTINUOUS
10
5.0680606692913388
20
-5.9969971259842518
11
5.0838087007874018
21
-5.9969971259842518
0
LINE
8
BLACK
6
CONTINUOUS
10
5.0838087007874018
20
-5.9969971259842518
11
5.0868219685039371
21
-5.9975964960629922
0
LINE
8
BLACK
6
CONTINUOUS
10
5.1517825984251964
20
-5.9975964960629922
11
5.1543370866141727
21
-5.9993033858267717
0
LINE
8
BLACK
6
CONTINUOUS
10
5.1543370866141727
20
-5.9993033858267717
11
5.1560439763779522
21
-6.001857874015748
0
LINE
8
BLACK
6
CONTINUOUS
10
5.1560439763779522
20
-6.001857874015748
11
5.1566433464566925
21
-6.0048711417322833
0
LINE
8
BLACK
6
CONTINUOUS
10
5.1566433464566925
20
-6.0048711417322833
11
5.1566433464566925
21
-6.0265246850393703
0
LINE
8
BLACK
6
CONTINUOUS
10
5.1566433464566925
20
-6.0265246850393703
11
5.1560439763779522
21
-6.0295379527559056
0
LINE
8
BLACK
6
CONTINUOUS
10
5.1560439763779522
20
-6.0295379527559056
11
5.1543370866141727
21
-6.032092440944882
0
LINE
8
BLACK
6
CONTINUOUS
10
5.1543370866141727
20
-6.032092440944882
11
5.1517825984251964
21
-6.0337993307086615
0
LINE
8
BLACK
6
CONTINUOUS
10
5.1517825984251964
20
-6.0337993307086615
11
5.1487693307086611
21
-6.0343987007874018
0
LINE
8
BLACK
6
CONTINUOUS
10
5.1487693307086611
20
-6.0343987007874018
11
5.1330212992125981
21
-6.0343987007874018
0
LINE
8
BLACK
6
CONTINUOUS
10
5.1330212992125981
20
-6.0343987007874018
11
5.1300080314960628
21
-6.0337993307086615
0
LINE
8
BLACK
6
CONTINUOUS
10
5.1300080314960628
20
-6.0337993307086615
11
5.1274535433070865
21
-6.032092440944882
0
LINE
8
BLACK
6
CONTINUOUS
10
5.1274535433070865
20
-6.032092440944882
11
5.1257466535433069
21
-6.0295379527559056
0
LINE
8
BLACK
6
CONTINUOUS
10
5.1257466535433069
20
-6.0295379527559056
11
5.1251472834645666
21
-6.0265246850393703
0
LINE
8
BLACK
6
CONTINUOUS
10
5.1251472834645666
20
-6.0265246850393703
11
5.1251472834645666
21
-6.0048711417322833
0
LINE
8
BLACK
6
CONTINUOUS
10
5.1251472834645666
20
-6.0048711417322833
11
5.1257466535433069
21
-6.001857874015748
0
LINE
8
BLACK
6
CONTINUOUS
10
5.1257466535433069
20
-6.001857874015748
11
5.1274535433070865
21
-5.9993033858267717
0
LINE
8
BLACK
6
CONTINUOUS
10
5.1274535433070865
20
-5.9993033858267717
11
5.1300080314960628
21
-5.9975964960629922
0
LINE
8
BLACK
6
CONTINUOUS
10
5.1300080314960628
20
-5.9975964960629922
11
5.1330212992125981
21
-5.9969971259842518
0
LINE
8
BLACK
6
CONTINUOUS
10
5.1330212992125981
20
-5.9969971259842518
11
5.1487693307086611
21
-5.9969971259842518
0
LINE
8
BLACK
6
CONTINUOUS
10
5.1487693307086611
20
-5.9969971259842518
11
5.1517825984251964
21
-5.9975964960629922
0
LINE
8
BLACK
6
CONTINUOUS
10
5.4818401968503938
20
-6.0214065748031498
11
5.4582181496062994
21
-6.0214065748031498
0
LINE
8
BLACK
6
CONTINUOUS
10
5.4582181496062994
20
-6.0214065748031498
11
5.4582181496062994
21
-5.9938475196850396
0
LINE
8
BLACK
6
CONTINUOUS
10
5.4582181496062994
20
-5.9938475196850396
11
5.4818401968503938
21
-5.9938475196850396
0
LINE
8
BLACK
6
CONTINUOUS
10
5.4818401968503938
20
-5.9938475196850396
11
5.4818401968503938
21
-6.0214065748031498
0
LINE
8
BLACK
6
CONTINUOUS
10
5.599950433070866
20
-6.0214065748031498
11
5.5763283858267716
21
-6.0214065748031498
0
LINE
8
BLACK
6
CONTINUOUS
10
5.5763283858267716
20
-6.0214065748031498
11
5.5763283858267716
21
-5.9938475196850396
0
LINE
8
BLACK
6
CONTINUOUS
10
5.5763283858267716
20
-5.9938475196850396
11
5.599950433070866
21
-5.9938475196850396
0
LINE
8
BLACK
6
CONTINUOUS
10
5.599950433070866
20
-5.9938475196850396
11
5.599950433070866
21
-6.0214065748031498
0
LINE
8
BLACK
6
CONTINUOUS
10
4.9180870866141735
20
-5.8851479133858264
11
4.9212802362204719
21
-5.8872814960629922
0
LINE
8
BLACK
6
CONTINUOUS
10
4.9212802362204719
20
-5.8872814960629922
11
4.9234138188976377
21
-5.8904746456692916
0
LINE
8
BLACK
6
CONTINUOUS
10
4.9234138188976377
20
-5.8904746456692916
11
4.9241630314960627
21
-5.8942412204724404
0
LINE
8
BLACK
6
CONTINUOUS
10
4.9241630314960627
20
-5.8942412204724404
11
4.9241630314960627
21
-5.9316427952755904
0
LINE
8
BLACK
6
CONTINUOUS
10
4.9241630314960627
20
-5.9316427952755904
11
4.9234138188976377
21
-5.93540937007874
0
LINE
8
BLACK
6
CONTINUOUS
10
4.9234138188976377
20
-5.93540937007874
11
4.9212802362204719
21
-5.9386025196850394
0
LINE
8
BLACK
6
CONTINUOUS
10
4.9212802362204719
20
-5.9386025196850394
11
4.9180870866141735
21
-5.9407361023622043
0
LINE
8
BLACK
6
CONTINUOUS
10
4.9180870866141735
20
-5.9407361023622043
11
4.9143205118110238
21
-5.9414853149606301
0
LINE
8
BLACK
6
CONTINUOUS
10
4.9143205118110238
20
-5.9414853149606301
11
4.8946354724409451
21
-5.9414853149606301
0
LINE
8
BLACK
6
CONTINUOUS
10
4.8946354724409451
20
-5.9414853149606301
11
4.8908688976377954
21
-5.9407361023622043
0
LINE
8
BLACK
6
CONTINUOUS
10
4.8908688976377954
20
-5.9407361023622043
11
4.8876757480314961
21
-5.9386025196850394
0
LINE
8
BLACK
6
CONTINUOUS
10
4.8876757480314961
20
-5.9386025196850394
11
4.8855421653543303
21
-5.93540937007874
0
LINE
8
BLACK
6
CONTINUOUS
10
4.8855421653543303
20
-5.93540937007874
11
4.8847929527559053
21
-5.9316427952755904
0
LINE
8
BLACK
6
CONTINUOUS
10
4.8847929527559053
20
-5.9316427952755904
11
4.8847929527559053
21
-5.8942412204724404
0
LINE
8
BLACK
6
CONTINUOUS
10
4.8847929527559053
20
-5.8942412204724404
11
4.8855421653543303
21
-5.8904746456692916
0
LINE
8
BLACK
6
CONTINUOUS
10
4.8855421653543303
20
-5.8904746456692916
11
4.8876757480314961
21
-5.8872814960629922
0
LINE
8
BLACK
6
CONTINUOUS
10
4.8876757480314961
20
-5.8872814960629922
11
4.8908688976377954
21
-5.8851479133858264
0
LINE
8
BLACK
6
CONTINUOUS
10
4.8908688976377954
20
-5.8851479133858264
11
4.8946354724409451
21
-5.8843987007874015
0
LINE
8
BLACK
6
CONTINUOUS
10
4.8946354724409451
20
-5.8843987007874015
11
4.9143205118110238
21
-5.8843987007874015
0
LINE
8
BLACK
6
CONTINUOUS
10
4.9143205118110238
20
-5.8843987007874015
11
4.9180870866141735
21
-5.8851479133858264
0
LINE
8
BLACK
6
CONTINUOUS
10
4.9928902362204726
20
-5.8851479133858264
11
4.9960833858267719
21
-5.8872814960629922
0
LINE
8
BLACK
6
CONTINUOUS
10
4.9960833858267719
20
-5.8872814960629922
11
4.9982169685039368
21
-5.8904746456692916
0
LINE
8
BLACK
6
CONTINUOUS
10
4.9982169685039368
20
-5.8904746456692916
11
4.9989661811023618
21
-5.8942412204724404
0
LINE
8
BLACK
6
CONTINUOUS
10
4.9989661811023618
20
-5.8942412204724404
11
4.9989661811023618
21
-5.9316427952755904
0
LINE
8
BLACK
6
CONTINUOUS
10
4.9989661811023618
20
-5.9316427952755904
11
4.9982169685039368
21
-5.93540937007874
0
LINE
8
BLACK
6
CONTINUOUS
10
4.9982169685039368
20
-5.93540937007874
11
4.9960833858267719
21
-5.9386025196850394
0
LINE
8
BLACK
6
CONTINUOUS
10
4.9960833858267719
20
-5.9386025196850394
11
4.9928902362204726
21
-5.9407361023622043
0
LINE
8
BLACK
6
CONTINUOUS
10
4.9928902362204726
20
-5.9407361023622043
11
4.9891236614173229
21
-5.9414853149606301
0
LINE
8
BLACK
6
CONTINUOUS
10
4.9891236614173229
20
-5.9414853149606301
11
4.9694386220472442
21
-5.9414853149606301
0
LINE
8
BLACK
6
CONTINUOUS
10
4.9694386220472442
20
-5.9414853149606301
11
4.9656720472440945
21
-5.9407361023622043
0
LINE
8
BLACK
6
CONTINUOUS
10
4.9656720472440945
20
-5.9407361023622043
11
4.9624788976377951
21
-5.9386025196850394
0
LINE
8
BLACK
6
CONTINUOUS
10
4.9624788976377951
20
-5.9386025196850394
11
4.9603453149606302
21
-5.93540937007874
0
LINE
8
BLACK
6
CONTINUOUS
10
4.9603453149606302
20
-5.93540937007874
11
4.9595961023622044
21
-5.9316427952755904
0
LINE
8
BLACK
6
CONTINUOUS
10
4.9595961023622044
20
-5.9316427952755904
11
4.9595961023622044
21
-5.8942412204724404
0
LINE
8
BLACK
6
CONTINUOUS
10
4.9595961023622044
20
-5.8942412204724404
11
4.9603453149606302
21
-5.8904746456692916
0
LINE
8
BLACK
6
CONTINUOUS
10
4.9603453149606302
20
-5.8904746456692916
11
4.9624788976377951
21
-5.8872814960629922
0
LINE
8
BLACK
6
CONTINUOUS
10
4.9624788976377951
20
-5.8872814960629922
11
4.9656720472440945
21
-5.8851479133858264
0
LINE
8
BLACK
6
CONTINUOUS
10
4.9656720472440945
20
-5.8851479133858264
11
4.9694386220472442
21
-5.8843987007874015
0
LINE
8
BLACK
6
CONTINUOUS
10
4.9694386220472442
20
-5.8843987007874015
11
4.9891236614173229
21
-5.8843987007874015
0
LINE
8
BLACK
6
CONTINUOUS
10
4.9891236614173229
20
-5.8843987007874015
11
4.9928902362204726
21
-5.8851479133858264
0
LINE
8
BLACK
6
CONTINUOUS
10
4.7456461417322835
20
-5.8755022440944877
11
4.7488392913385828
21
-5.8776358267716535
0
LINE
8
BLACK
6
CONTINUOUS
10
4.7488392913385828
20
-5.8776358267716535
11
4.7509728740157477
21
-5.8808289763779529
0
LINE
8
BLACK
6
CONTINUOUS
10
4.7509728740157477
20
-5.8808289763779529
11
4.7517220866141727
21
-5.8845955511811026
0
LINE
8
BLACK
6
CONTINUOUS
10
4.7517220866141727
20
-5.8845955511811026
11
4.7517220866141727
21
-5.9200286220472442
0
LINE
8
BLACK
6
CONTINUOUS
10
4.7517220866141727
20
-5.9200286220472442
11
4.7509728740157477
21
-5.9237951968503939
0
LINE
8
BLACK
6
CONTINUOUS
10
4.7509728740157477
20
-5.9237951968503939
11
4.7488392913385828
21
-5.9269883464566924
0
LINE
8
BLACK
6
CONTINUOUS
10
4.7488392913385828
20
-5.9269883464566924
11
4.7456461417322835
21
-5.9291219291338582
0
LINE
8
BLACK
6
CONTINUOUS
10
4.7456461417322835
20
-5.9291219291338582
11
4.7418795669291338
21
-5.9298711417322831
0
LINE
8
BLACK
6
CONTINUOUS
10
4.7418795669291338
20
-5.9298711417322831
11
4.7212102755905514
21
-5.9298711417322831
0
LINE
8
BLACK
6
CONTINUOUS
10
4.7212102755905514
20
-5.9298711417322831
11
4.7174437007874017
21
-5.9291219291338582
0
LINE
8
BLACK
6
CONTINUOUS
10
4.7174437007874017
20
-5.9291219291338582
11
4.7142505511811024
21
-5.9269883464566924
0
LINE
8
BLACK
6
CONTINUOUS
10
4.7142505511811024
20
-5.9269883464566924
11
4.7121169685039366
21
-5.9237951968503939
0
LINE
8
BLACK
6
CONTINUOUS
10
4.7121169685039366
20
-5.9237951968503939
11
4.7113677559055116
21
-5.9200286220472442
0
LINE
8
BLACK
6
CONTINUOUS
10
4.7113677559055116
20
-5.9200286220472442
11
4.7113677559055116
21
-5.8845955511811026
0
LINE
8
BLACK
6
CONTINUOUS
10
4.7113677559055116
20
-5.8845955511811026
11
4.7121169685039366
21
-5.8808289763779529
0
LINE
8
BLACK
6
CONTINUOUS
10
4.7121169685039366
20
-5.8808289763779529
11
4.7142505511811024
21
-5.8776358267716535
0
LINE
8
BLACK
6
CONTINUOUS
10
4.7142505511811024
20
-5.8776358267716535
11
4.7174437007874017
21
-5.8755022440944877
0
LINE
8
BLACK
6
CONTINUOUS
10
4.7174437007874017
20
-5.8755022440944877
11
4.7212102755905514
21
-5.8747530314960628
0
LINE
8
BLACK
6
CONTINUOUS
10
4.7212102755905514
20
-5.8747530314960628
11
4.7418795669291338
21
-5.8747530314960628
0
LINE
8
BLACK
6
CONTINUOUS
10
4.7418795669291338
20
-5.8747530314960628
11
4.7456461417322835
21
-5.8755022440944877
0
LINE
8
BLACK
6
CONTINUOUS
10
4.8174965354330705
20
-5.8755022440944877
11
4.8206896850393699
21
-5.8776358267716535
0
LINE
8
BLACK
6
CONTINUOUS
10
4.8206896850393699
20
-5.8776358267716535
11
4.8228232677165357
21
-5.8808289763779529
0
LINE
8
BLACK
6
CONTINUOUS
10
4.8228232677165357
20
-5.8808289763779529
11
4.8235724803149607
21
-5.8845955511811026
0
LINE
8
BLACK
6
CONTINUOUS
10
4.8235724803149607
20
-5.8845955511811026
11
4.8235724803149607
21
-5.9200286220472442
0
LINE
8
BLACK
6
CONTINUOUS
10
4.8235724803149607
20
-5.9200286220472442
11
4.8228232677165357
21
-5.9237951968503939
0
LINE
8
BLACK
6
CONTINUOUS
10
4.8228232677165357
20
-5.9237951968503939
11
4.8206896850393699
21
-5.9269883464566924
0
LINE
8
BLACK
6
CONTINUOUS
10
4.8206896850393699
20
-5.9269883464566924
11
4.8174965354330705
21
-5.9291219291338582
0
LINE
8
BLACK
6
CONTINUOUS
10
4.8174965354330705
20
-5.9291219291338582
11
4.8137299606299209
21
-5.9298711417322831
0
LINE
8
BLACK
6
CONTINUOUS
10
4.8137299606299209
20
-5.9298711417322831
11
4.7930606692913384
21
-5.9298711417322831
0
LINE
8
BLACK
6
CONTINUOUS
10
4.7930606692913384
20
-5.9298711417322831
11
4.7892940944881888
21
-5.9291219291338582
0
LINE
8
BLACK
6
CONTINUOUS
10
4.7892940944881888
20
-5.9291219291338582
11
4.7861009448818894
21
-5.9269883464566924
0
LINE
8
BLACK
6
CONTINUOUS
10
4.7861009448818894
20
-5.9269883464566924
11
4.7839673622047245
21
-5.9237951968503939
0
LINE
8
BLACK
6
CONTINUOUS
10
4.7839673622047245
20
-5.9237951968503939
11
4.7832181496062995
21
-5.9200286220472442
0
LINE
8
BLACK
6
CONTINUOUS
10
4.7832181496062995
20
-5.9200286220472442
11
4.7832181496062995
21
-5.8845955511811026
0
LINE
8
BLACK
6
CONTINUOUS
10
4.7832181496062995
20
-5.8845955511811026
11
4.7839673622047245
21
-5.8808289763779529
0
LINE
8
BLACK
6
CONTINUOUS
10
4.7839673622047245
20
-5.8808289763779529
11
4.7861009448818894
21
-5.8776358267716535
0
LINE
8
BLACK
6
CONTINUOUS
10
4.7861009448818894
20
-5.8776358267716535
11
4.7892940944881888
21
-5.8755022440944877
0
LINE
8
BLACK
6
CONTINUOUS
10
4.7892940944881888
20
-5.8755022440944877
11
4.7930606692913384
21
-5.8747530314960628
0
LINE
8
BLACK
6
CONTINUOUS
10
4.7930606692913384
20
-5.8747530314960628
11
4.8137299606299209
21
-5.8747530314960628
0
LINE
8
BLACK
6
CONTINUOUS
10
4.8137299606299209
20
-5.8747530314960628
11
4.8174965354330705
21
-5.8755022440944877
0
LINE
8
BLACK
6
CONTINUOUS
10
5.1033233070866144
20
-5.8203841338582674
11
5.1065164566929129
21
-5.8225177165354332
0
LINE
8
BLACK
6
CONTINUOUS
10
5.1065164566929129
20
-5.8225177165354332
11
5.1086500393700787
21
-5.8257108661417325
0
LINE
8
BLACK
6
CONTINUOUS
10
5.1086500393700787
20
-5.8257108661417325
11
5.1093992519685036
21
-5.8294774409448822
0
LINE
8
BLACK
6
CONTINUOUS
10
5.1093992519685036
20
-5.8294774409448822
11
5.1093992519685036
21
-5.9160916141732285
0
LINE
8
BLACK
6
CONTINUOUS
10
5.1093992519685036
20
-5.9160916141732285
11
5.1086500393700787
21
-5.9198581889763782
0
LINE
8
BLACK
6
CONTINUOUS
10
5.1086500393700787
20
-5.9198581889763782
11
5.1065164566929129
21
-5.9230513385826766
0
LINE
8
BLACK
6
CONTINUOUS
10
5.1065164566929129
20
-5.9230513385826766
11
5.1033233070866144
21
-5.9251849212598424
0
LINE
8
BLACK
6
CONTINUOUS
10
5.1033233070866144
20
-5.9251849212598424
11
5.0995567322834647
21
-5.9259341338582674
0
LINE
8
BLACK
6
CONTINUOUS
10
5.0995567322834647
20
-5.9259341338582674
11
5.079871692913386
21
-5.9259341338582674
0
LINE
8
BLACK
6
CONTINUOUS
10
5.079871692913386
20
-5.9259341338582674
11
5.0761051181102363
21
-5.9251849212598424
0
LINE
8
BLACK
6
CONTINUOUS
10
5.0761051181102363
20
-5.9251849212598424
11
5.072911968503937
21
-5.9230513385826766
0
LINE
8
BLACK
6
CONTINUOUS
10
5.072911968503937
20
-5.9230513385826766
11
5.0707783858267712
21
-5.9198581889763782
0
LINE
8
BLACK
6
CONTINUOUS
10
5.0707783858267712
20
-5.9198581889763782
11
5.0700291732283462
21
-5.9160916141732285
0
LINE
8
BLACK
6
CONTINUOUS
10
5.0700291732283462
20
-5.9160916141732285
11
5.0700291732283462
21
-5.8294774409448822
0
LINE
8
BLACK
6
CONTINUOUS
10
5.0700291732283462
20
-5.8294774409448822
11
5.0707783858267712
21
-5.8257108661417325
0
LINE
8
BLACK
6
CONTINUOUS
10
5.0707783858267712
20
-5.8257108661417325
11
5.072911968503937
21
-5.8225177165354332
0
LINE
8
BLACK
6
CONTINUOUS
10
5.072911968503937
20
-5.8225177165354332
11
5.0761051181102363
21
-5.8203841338582674
0
LINE
8
BLACK
6
CONTINUOUS
10
5.0761051181102363
20
-5.8203841338582674
11
5.079871692913386
21
-5.8196349212598424
0
LINE
8
BLACK
6
CONTINUOUS
10
5.079871692913386
20
-5.8196349212598424
11
5.0995567322834647
21
-5.8196349212598424
0
LINE
8
BLACK
6
CONTINUOUS
10
5.0995567322834647
20
-5.8196349212598424
11
5.1033233070866144
21
-5.8203841338582674
0
LINE
8
BLACK
6
CONTINUOUS
10
5.3966303937007876
20
-5.8203841338582674
11
5.3998235433070869
21
-5.8225177165354332
0
LINE
8
BLACK
6
CONTINUOUS
10
5.3998235433070869
20
-5.8225177165354332
11
5.4019571259842518
21
-5.8257108661417325
0
LINE
8
BLACK
6
CONTINUOUS
10
5.4019571259842518
20
-5.8257108661417325
11
5.4027063385826768
21
-5.8294774409448822
0
LINE
8
BLACK
6
CONTINUOUS
10
5.4027063385826768
20
-5.8294774409448822
11
5.4027063385826768
21
-5.9160916141732285
0
LINE
8
BLACK
6
CONTINUOUS
10
5.4027063385826768
20
-5.9160916141732285
11
5.4019571259842518
21
-5.9198581889763782
0
LINE
8
BLACK
6
CONTINUOUS
10
5.4019571259842518
20
-5.9198581889763782
11
5.3998235433070869
21
-5.9230513385826766
0
LINE
8
BLACK
6
CONTINUOUS
10
5.3998235433070869
20
-5.9230513385826766
11
5.3966303937007876
21
-5.9251849212598424
0
LINE
8
BLACK
6
CONTINUOUS
10
5.3966303937007876
20
-5.9251849212598424
11
5.3928638188976379
21
-5.9259341338582674
0
LINE
8
BLACK
6
CONTINUOUS
10
5.3928638188976379
20
-5.9259341338582674
11
5.3731787795275592
21
-5.9259341338582674
0
LINE
8
BLACK
6
CONTINUOUS
10
5.3731787795275592
20
-5.9259341338582674
11
5.3694122047244095
21
-5.9251849212598424
0
LINE
8
BLACK
6
CONTINUOUS
10
5.3694122047244095
20
-5.9251849212598424
11
5.3662190551181101
21
-5.9230513385826766
0
LINE
8
BLACK
6
CONTINUOUS
10
5.3662190551181101
20
-5.9230513385826766
11
5.3640854724409444
21
-5.9198581889763782
0
LINE
8
BLACK
6
CONTINUOUS
10
5.3640854724409444
20
-5.9198581889763782
11
5.3633362598425194
21
-5.9160916141732285
0
LINE
8
BLACK
6
CONTINUOUS
10
5.3633362598425194
20
-5.9160916141732285
11
5.3633362598425194
21
-5.8294774409448822
0
LINE
8
BLACK
6
CONTINUOUS
10
5.3633362598425194
20
-5.8294774409448822
11
5.3640854724409444
21
-5.8257108661417325
0
LINE
8
BLACK
6
CONTINUOUS
10
5.3640854724409444
20
-5.8257108661417325
11
5.3662190551181101
21
-5.8225177165354332
0
LINE
8
BLACK
6
CONTINUOUS
10
5.3662190551181101
20
-5.8225177165354332
11
5.3694122047244095
21
-5.8203841338582674
0
LINE
8
BLACK
6
CONTINUOUS
10
5.3694122047244095
20
-5.8203841338582674
11
5.3731787795275592
21
-5.8196349212598424
0
LINE
8
BLACK
6
CONTINUOUS
10
5.3731787795275592
20
-5.8196349212598424
11
5.3928638188976379
21
-5.8196349212598424
0
LINE
8
BLACK
6
CONTINUOUS
10
5.3928638188976379
20
-5.8196349212598424
11
5.3966303937007876
21
-5.8203841338582674
0
LINE
8
BLACK
6
CONTINUOUS
10
5.5116080708661412
20
-5.8047580314960632
11
5.5144818897637791
21
-5.8066782677165349
0
LINE
8
BLACK
6
CONTINUOUS
10
5.5144818897637791
20
-5.8066782677165349
11
5.5164021259842517
21
-5.8095520866141728
0
LINE
8
BLACK
6
CONTINUOUS
10
5.5164021259842517
20
-5.8095520866141728
11
5.5170764173228344
21
-5.8129420078740157
0
LINE
8
BLACK
6
CONTINUOUS
10
5.5170764173228344
20
-5.8129420078740157
11
5.5170764173228344
21
-5.8306585433070861
0
LINE
8
BLACK
6
CONTINUOUS
10
5.5170764173228344
20
-5.8306585433070861
11
5.5164021259842517
21
-5.834048464566929
0
LINE
8
BLACK
6
CONTINUOUS
10
5.5164021259842517
20
-5.834048464566929
11
5.5144818897637791
21
-5.8369222834645669
0
LINE
8
BLACK
6
CONTINUOUS
10
5.5144818897637791
20
-5.8369222834645669
11
5.5116080708661412
21
-5.8388425196850395
0
LINE
8
BLACK
6
CONTINUOUS
10
5.5116080708661412
20
-5.8388425196850395
11
5.5082181496062992
21
-5.8395168110236222
0
LINE
8
BLACK
6
CONTINUOUS
10
5.5082181496062992
20
-5.8395168110236222
11
5.4747535826771649
21
-5.8395168110236222
0
LINE
8
BLACK
6
CONTINUOUS
10
5.4747535826771649
20
-5.8395168110236222
11
5.4713636614173229
21
-5.8388425196850395
0
LINE
8
BLACK
6
CONTINUOUS
10
5.4713636614173229
20
-5.8388425196850395
11
5.4684898425196851
21
-5.8369222834645669
0
LINE
8
BLACK
6
CONTINUOUS
10
5.4684898425196851
20
-5.8369222834645669
11
5.4665696062992124
21
-5.834048464566929
0
LINE
8
BLACK
6
CONTINUOUS
10
5.4665696062992124
20
-5.834048464566929
11
5.4658953149606297
21
-5.8306585433070861
0
LINE
8
BLACK
6
CONTINUOUS
10
5.4658953149606297
20
-5.8306585433070861
11
5.4658953149606297
21
-5.8129420078740157
0
LINE
8
BLACK
6
CONTINUOUS
10
5.4658953149606297
20
-5.8129420078740157
11
5.4665696062992124
21
-5.8095520866141728
0
LINE
8
BLACK
6
CONTINUOUS
10
5.4665696062992124
20
-5.8095520866141728
11
5.4684898425196851
21
-5.8066782677165349
0
LINE
8
BLACK
6
CONTINUOUS
10
5.4684898425196851
20
-5.8066782677165349
11
5.4713636614173229
21
-5.8047580314960632
0
LINE
8
BLACK
6
CONTINUOUS
10
5.4713636614173229
20
-5.8047580314960632
11
5.4747535826771649
21
-5.8040837401574805
0
LINE
8
BLACK
6
CONTINUOUS
10
5.4747535826771649
20
-5.8040837401574805
11
5.5082181496062992
21
-5.8040837401574805
0
LINE
8
BLACK
6
CONTINUOUS
10
5.5082181496062992
20
-5.8040837401574805
11
5.5116080708661412
21
-5.8047580314960632
0
LINE
8
BLACK
6
CONTINUOUS
10
5.6572773622047245
20
-5.8047580314960632
11
5.6601511811023624
21
-5.8066782677165349
0
LINE
8
BLACK
6
CONTINUOUS
10
5.6601511811023624
20
-5.8066782677165349
11
5.6620714173228341
21
-5.8095520866141728
0
LINE
8
BLACK
6
CONTINUOUS
10
5.6620714173228341
20
-5.8095520866141728
11
5.6627457086614168
21
-5.8129420078740157
0
LINE
8
BLACK
6
CONTINUOUS
10
5.6627457086614168
20
-5.8129420078740157
11
5.6627457086614168
21
-5.8306585433070861
0
LINE
8
BLACK
6
CONTINUOUS
10
5.6627457086614168
20
-5.8306585433070861
11
5.6620714173228341
21
-5.834048464566929
0
LINE
8
BLACK
6
CONTINUOUS
10
5.6620714173228341
20
-5.834048464566929
11
5.6601511811023624
21
-5.8369222834645669
0
LINE
8
BLACK
6
CONTINUOUS
10
5.6601511811023624
20
-5.8369222834645669
11
5.6572773622047245
21
-5.8388425196850395
0
LINE
8
BLACK
6
CONTINUOUS
10
5.6572773622047245
20
-5.8388425196850395
11
5.6538874409448816
21
-5.8395168110236222
0
LINE
8
BLACK
6
CONTINUOUS
10
5.6538874409448816
20
-5.8395168110236222
11
5.6204228740157482
21
-5.8395168110236222
0
LINE
8
BLACK
6
CONTINUOUS
10
5.6204228740157482
20
-5.8395168110236222
11
5.6170329527559053
21
-5.8388425196850395
0
LINE
8
BLACK
6
CONTINUOUS
10
5.6170329527559053
20
-5.8388425196850395
11
5.6141591338582675
21
-5.8369222834645669
0
LINE
8
BLACK
6
CONTINUOUS
10
5.6141591338582675
20
-5.8369222834645669
11
5.6122388976377948
21
-5.834048464566929
0
LINE
8
BLACK
6
CONTINUOUS
10
5.6122388976377948
20
-5.834048464566929
11
5.6115646062992122
21
-5.8306585433070861
0
LINE
8
BLACK
6
CONTINUOUS
10
5.6115646062992122
20
-5.8306585433070861
11
5.6115646062992122
21
-5.8129420078740157
0
LINE
8
BLACK
6
CONTINUOUS
10
5.6115646062992122
20
-5.8129420078740157
11
5.6122388976377948
21
-5.8095520866141728
0
LINE
8
BLACK
6
CONTINUOUS
10
5.6122388976377948
20
-5.8095520866141728
11
5.6141591338582675
21
-5.8066782677165349
0
LINE
8
BLACK
6
CONTINUOUS
10
5.6141591338582675
20
-5.8066782677165349
11
5.6170329527559053
21
-5.8047580314960632
0
LINE
8
BLACK
6
CONTINUOUS
10
5.6170329527559053
20
-5.8047580314960632
11
5.6204228740157482
21
-5.8040837401574805
0
LINE
8
BLACK
6
CONTINUOUS
10
5.6204228740157482
20
-5.8040837401574805
11
5.6538874409448816
21
-5.8040837401574805
0
LINE
8
BLACK
6
CONTINUOUS
10
5.6538874409448816
20
-5.8040837401574805
11
5.6572773622047245
21
-5.8047580314960632
0
LINE
8
BLACK
6
CONTINUOUS
10
4.9180870866141735
20
-5.7666439763779529
11
4.9212802362204719
21
-5.7687775590551178
0
LINE
8
BLACK
6
CONTINUOUS
10
4.9212802362204719
20
-5.7687775590551178
11
4.9234138188976377
21
-5.7719707086614171
0
LINE
8
BLACK
6
CONTINUOUS
10
4.9234138188976377
20
-5.7719707086614171
11
4.9241630314960627
21
-5.7757372834645668
0
LINE
8
BLACK
6
CONTINUOUS
10
4.9241630314960627
20
-5.7757372834645668
11
4.9241630314960627
21
-5.8131388582677168
0
LINE
8
BLACK
6
CONTINUOUS
10
4.9241630314960627
20
-5.8131388582677168
11
4.9234138188976377
21
-5.8169054330708656
0
LINE
8
BLACK
6
CONTINUOUS
10
4.9234138188976377
20
-5.8169054330708656
11
4.9212802362204719
21
-5.820098582677165
0
LINE
8
BLACK
6
CONTINUOUS
10
4.9212802362204719
20
-5.820098582677165
11
4.9180870866141735
21
-5.8222321653543307
0
LINE
8
BLACK
6
CONTINUOUS
10
4.9180870866141735
20
-5.8222321653543307
11
4.9143205118110238
21
-5.8229813779527557
0
LINE
8
BLACK
6
CONTINUOUS
10
4.9143205118110238
20
-5.8229813779527557
11
4.8946354724409451
21
-5.8229813779527557
0
LINE
8
BLACK
6
CONTINUOUS
10
4.8946354724409451
20
-5.8229813779527557
11
4.8908688976377954
21
-5.8222321653543307
0
LINE
8
BLACK
6
CONTINUOUS
10
4.8908688976377954
20
-5.8222321653543307
11
4.8876757480314961
21
-5.820098582677165
0
LINE
8
BLACK
6
CONTINUOUS
10
4.8876757480314961
20
-5.820098582677165
11
4.8855421653543303
21
-5.8169054330708656
0
LINE
8
BLACK
6
CONTINUOUS
10
4.8855421653543303
20
-5.8169054330708656
11
4.8847929527559053
21
-5.8131388582677168
0
LINE
8
BLACK
6
CONTINUOUS
10
4.8847929527559053
20
-5.8131388582677168
11
4.8847929527559053
21
-5.7757372834645668
0
LINE
8
BLACK
6
CONTINUOUS
10
4.8847929527559053
20
-5.7757372834645668
11
4.8855421653543303
21
-5.7719707086614171
0
LINE
8
BLACK
6
CONTINUOUS
10
4.8855421653543303
20
-5.7719707086614171
11
4.8876757480314961
21
-5.7687775590551178
0
LINE
8
BLACK
6
CONTINUOUS
10
4.8876757480314961
20
-5.7687775590551178
11
4.8908688976377954
21
-5.7666439763779529
0
LINE
8
BLACK
6
CONTINUOUS
10
4.8908688976377954
20
-5.7666439763779529
11
4.8946354724409451
21
-5.765894763779527
0
LINE
8
BLACK
6
CONTINUOUS
10
4.8946354724409451
20
-5.765894763779527
11
4.9143205118110238
21
-5.765894763779527
0
LINE
8
BLACK
6
CONTINUOUS
10
4.9143205118110238
20
-5.765894763779527
11
4.9180870866141735
21
-5.7666439763779529
0
LINE
8
BLACK
6
CONTINUOUS
10
4.9928902362204726
20
-5.7666439763779529
11
4.9960833858267719
21
-5.7687775590551178
0
LINE
8
BLACK
6
CONTINUOUS
10
4.9960833858267719
20
-5.7687775590551178
11
4.9982169685039368
21
-5.7719707086614171
0
LINE
8
BLACK
6
CONTINUOUS
10
4.9982169685039368
20
-5.7719707086614171
11
4.9989661811023618
21
-5.7757372834645668
0
LINE
8
BLACK
6
CONTINUOUS
10
4.9989661811023618
20
-5.7757372834645668
11
4.9989661811023618
21
-5.8131388582677168
0
LINE
8
BLACK
6
CONTINUOUS
10
4.9989661811023618
20
-5.8131388582677168
11
4.9982169685039368
21
-5.8169054330708656
0
LINE
8
BLACK
6
CONTINUOUS
10
4.9982169685039368
20
-5.8169054330708656
11
4.9960833858267719
21
-5.820098582677165
0
LINE
8
BLACK
6
CONTINUOUS
10
4.9960833858267719
20
-5.820098582677165
11
4.9928902362204726
21
-5.8222321653543307
0
LINE
8
BLACK
6
CONTINUOUS
10
4.9928902362204726
20
-5.8222321653543307
11
4.9891236614173229
21
-5.8229813779527557
0
LINE
8
BLACK
6
CONTINUOUS
10
4.9891236614173229
20
-5.8229813779527557
11
4.9694386220472442
21
-5.8229813779527557
0
LINE
8
BLACK
6
CONTINUOUS
10
4.9694386220472442
20
-5.8229813779527557
11
4.9656720472440945
21
-5.8222321653543307
0
LINE
8
BLACK
6
CONTINUOUS
10
4.9656720472440945
20
-5.8222321653543307
11
4.9624788976377951
21
-5.820098582677165
0
LINE
8
BLACK
6
CONTINUOUS
10
4.9624788976377951
20
-5.820098582677165
11
4.9603453149606302
21
-5.8169054330708656
0
LINE
8
BLACK
6
CONTINUOUS
10
4.9603453149606302
20
-5.8169054330708656
11
4.9595961023622044
21
-5.8131388582677168
0
LINE
8
BLACK
6
CONTINUOUS
10
4.9595961023622044
20
-5.8131388582677168
11
4.9595961023622044
21
-5.7757372834645668
0
LINE
8
BLACK
6
CONTINUOUS
10
4.9595961023622044
20
-5.7757372834645668
11
4.9603453149606302
21
-5.7719707086614171
0
LINE
8
BLACK
6
CONTINUOUS
10
4.9603453149606302
20
-5.7719707086614171
11
4.9624788976377951
21
-5.7687775590551178
0
LINE
8
BLACK
6
CONTINUOUS
10
4.9624788976377951
20
-5.7687775590551178
11
4.9656720472440945
21
-5.7666439763779529
0
LINE
8
BLACK
6
CONTINUOUS
10
4.9656720472440945
20
-5.7666439763779529
11
4.9694386220472442
21
-5.765894763779527
0
LINE
8
BLACK
6
CONTINUOUS
10
4.9694386220472442
20
-5.765894763779527
11
4.9891236614173229
21
-5.765894763779527
0
LINE
8
BLACK
6
CONTINUOUS
10
4.9891236614173229
20
-5.765894763779527
11
4.9928902362204726
21
-5.7666439763779529
0
LINE
8
BLACK
6
CONTINUOUS
10
4.7456461417322835
20
-5.7593605118110238
11
4.7488392913385828
21
-5.7614940944881887
0
LINE
8
BLACK
6
CONTINUOUS
10
4.7488392913385828
20
-5.7614940944881887
11
4.7509728740157477
21
-5.7646872440944881
0
LINE
8
BLACK
6
CONTINUOUS
10
4.7509728740157477
20
-5.7646872440944881
11
4.7517220866141727
21
-5.7684538188976378
0
LINE
8
BLACK
6
CONTINUOUS
10
4.7517220866141727
20
-5.7684538188976378
11
4.7517220866141727
21
-5.8038868897637794
0
LINE
8
BLACK
6
CONTINUOUS
10
4.7517220866141727
20
-5.8038868897637794
11
4.7509728740157477
21
-5.8076534645669291
0
LINE
8
BLACK
6
CONTINUOUS
10
4.7509728740157477
20
-5.8076534645669291
11
4.7488392913385828
21
-5.8108466141732285
0
LINE
8
BLACK
6
CONTINUOUS
10
4.7488392913385828
20
-5.8108466141732285
11
4.7456461417322835
21
-5.8129801968503934
0
LINE
8
BLACK
6
CONTINUOUS
10
4.7456461417322835
20
-5.8129801968503934
11
4.7418795669291338
21
-5.8137294094488183
0
LINE
8
BLACK
6
CONTINUOUS
10
4.7418795669291338
20
-5.8137294094488183
11
4.7212102755905514
21
-5.8137294094488183
0
LINE
8
BLACK
6
CONTINUOUS
10
4.7212102755905514
20
-5.8137294094488183
11
4.7174437007874017
21
-5.8129801968503934
0
LINE
8
BLACK
6
CONTINUOUS
10
4.7174437007874017
20
-5.8129801968503934
11
4.7142505511811024
21
-5.8108466141732285
0
LINE
8
BLACK
6
CONTINUOUS
10
4.7142505511811024
20
-5.8108466141732285
11
4.7121169685039366
21
-5.8076534645669291
0
LINE
8
BLACK
6
CONTINUOUS
10
4.7121169685039366
20
-5.8076534645669291
11
4.7113677559055116
21
-5.8038868897637794
0
LINE
8
BLACK
6
CONTINUOUS
10
4.7113677559055116
20
-5.8038868897637794
11
4.7113677559055116
21
-5.7684538188976378
0
LINE
8
BLACK
6
CONTINUOUS
10
4.7113677559055116
20
-5.7684538188976378
11
4.7121169685039366
21
-5.7646872440944881
0
LINE
8
BLACK
6
CONTINUOUS
10
4.7121169685039366
20
-5.7646872440944881
11
4.7142505511811024
21
-5.7614940944881887
0
LINE
8
BLACK
6
CONTINUOUS
10
4.7142505511811024
20
-5.7614940944881887
11
4.7174437007874017
21
-5.7593605118110238
0
LINE
8
BLACK
6
CONTINUOUS
10
4.7174437007874017
20
-5.7593605118110238
11
4.7212102755905514
21
-5.758611299212598
0
LINE
8
BLACK
6
CONTINUOUS
10
4.7212102755905514
20
-5.758611299212598
11
4.7418795669291338
21
-5.758611299212598
0
LINE
8
BLACK
6
CONTINUOUS
10
4.7418795669291338
20
-5.758611299212598
11
4.7456461417322835
21
-5.7593605118110238
0
LINE
8
BLACK
6
CONTINUOUS
10
4.8174965354330705
20
-5.7593605118110238
11
4.8206896850393699
21
-5.7614940944881887
0
LINE
8
BLACK
6
CONTINUOUS
10
4.8206896850393699
20
-5.7614940944881887
11
4.8228232677165357
21
-5.7646872440944881
0
LINE
8
BLACK
6
CONTINUOUS
10
4.8228232677165357
20
-5.7646872440944881
11
4.8235724803149607
21
-5.7684538188976378
0
LINE
8
BLACK
6
CONTINUOUS
10
4.8235724803149607
20
-5.7684538188976378
11
4.8235724803149607
21
-5.8038868897637794
0
LINE
8
BLACK
6
CONTINUOUS
10
4.8235724803149607
20
-5.8038868897637794
11
4.8228232677165357
21
-5.8076534645669291
0
LINE
8
BLACK
6
CONTINUOUS
10
4.8228232677165357
20
-5.8076534645669291
11
4.8206896850393699
21
-5.8108466141732285
0
LINE
8
BLACK
6
CONTINUOUS
10
4.8206896850393699
20
-5.8108466141732285
11
4.8174965354330705
21
-5.8129801968503934
0
LINE
8
BLACK
6
CONTINUOUS
10
4.8174965354330705
20
-5.8129801968503934
11
4.8137299606299209
21
-5.8137294094488183
0
LINE
8
BLACK
6
CONTINUOUS
10
4.8137299606299209
20
-5.8137294094488183
11
4.7930606692913384
21
-5.8137294094488183
0
LINE
8
BLACK
6
CONTINUOUS
10
4.7930606692913384
20
-5.8137294094488183
11
4.7892940944881888
21
-5.8129801968503934
0
LINE
8
BLACK
6
CONTINUOUS
10
4.7892940944881888
20
-5.8129801968503934
11
4.7861009448818894
21
-5.8108466141732285
0
LINE
8
BLACK
6
CONTINUOUS
10
4.7861009448818894
20
-5.8108466141732285
11
4.7839673622047245
21
-5.8076534645669291
0
LINE
8
BLACK
6
CONTINUOUS
10
4.7839673622047245
20
-5.8076534645669291
11
4.7832181496062995
21
-5.8038868897637794
0
LINE
8
BLACK
6
CONTINUOUS
10
4.7832181496062995
20
-5.8038868897637794
11
4.7832181496062995
21
-5.7684538188976378
0
LINE
8
BLACK
6
CONTINUOUS
10
4.7832181496062995
20
-5.7684538188976378
11
4.7839673622047245
21
-5.7646872440944881
0
LINE
8
BLACK
6
CONTINUOUS
10
4.7839673622047245
20
-5.7646872440944881
11
4.7861009448818894
21
-5.7614940944881887
0
LINE
8
BLACK
6
CONTINUOUS
10
4.7861009448818894
20
-5.7614940944881887
11
4.7892940944881888
21
-5.7593605118110238
0
LINE
8
BLACK
6
CONTINUOUS
10
4.7892940944881888
20
-5.7593605118110238
11
4.7930606692913384
21
-5.758611299212598
0
LINE
8
BLACK
6
CONTINUOUS
10
4.7930606692913384
20
-5.758611299212598
11
4.8137299606299209
21
-5.758611299212598
0
LINE
8
BLACK
6
CONTINUOUS
10
4.8137299606299209
20
-5.758611299212598
11
4.8174965354330705
21
-5.7593605118110238
0
LINE
8
BLACK
6
CONTINUOUS
10
5.5262989763779524
20
-5.7101574803149608
11
5.5286938582677161
21
-5.7117576377952757
0
LINE
8
BLACK
6
CONTINUOUS
10
5.5286938582677161
20
-5.7117576377952757
11
5.5302940157480318
21
-5.7141525196850393
0
LINE
8
BLACK
6
CONTINUOUS
10
5.5302940157480318
20
-5.7141525196850393
11
5.5308559448818899
21
-5.7169774409448815
0
LINE
8
BLACK
6
CONTINUOUS
10
5.5308559448818899
20
-5.7169774409448815
11
5.5308559448818899
21
-5.7730798031496064
0
LINE
8
BLACK
6
CONTINUOUS
10
5.5308559448818899
20
-5.7730798031496064
11
5.5302940157480318
21
-5.7759047244094486
0
LINE
8
BLACK
6
CONTINUOUS
10
5.5302940157480318
20
-5.7759047244094486
11
5.5286938582677161
21
-5.7782996062992122
0
LINE
8
BLACK
6
CONTINUOUS
10
5.5286938582677161
20
-5.7782996062992122
11
5.5262989763779524
21
-5.7798997637795271
0
LINE
8
BLACK
6
CONTINUOUS
10
5.5262989763779524
20
-5.7798997637795271
11
5.5234740551181103
21
-5.7804616929133861
0
LINE
8
BLACK
6
CONTINUOUS
10
5.5234740551181103
20
-5.7804616929133861
11
5.508710275590551
21
-5.7804616929133861
0
LINE
8
BLACK
6
CONTINUOUS
10
5.508710275590551
20
-5.7804616929133861
11
5.5058853543307089
21
-5.7798997637795271
0
LINE
8
BLACK
6
CONTINUOUS
10
5.5058853543307089
20
-5.7798997637795271
11
5.5034904724409444
21
-5.7782996062992122
0
LINE
8
BLACK
6
CONTINUOUS
10
5.5034904724409444
20
-5.7782996062992122
11
5.5018903149606295
21
-5.7759047244094486
0
LINE
8
BLACK
6
CONTINUOUS
10
5.5018903149606295
20
-5.7759047244094486
11
5.5013283858267714
21
-5.7730798031496064
0
LINE
8
BLACK
6
CONTINUOUS
10
5.5013283858267714
20
-5.7730798031496064
11
5.5013283858267714
21
-5.7169774409448815
0
LINE
8
BLACK
6
CONTINUOUS
10
5.5013283858267714
20
-5.7169774409448815
11
5.5018903149606295
21
-5.7141525196850393
0
LINE
8
BLACK
6
CONTINUOUS
10
5.5018903149606295
20
-5.7141525196850393
11
5.5034904724409444
21
-5.7117576377952757
0
LINE
8
BLACK
6
CONTINUOUS
10
5.5034904724409444
20
-5.7117576377952757
11
5.5058853543307089
21
-5.7101574803149608
0
LINE
8
BLACK
6
CONTINUOUS
10
5.5058853543307089
20
-5.7101574803149608
11
5.508710275590551
21
-5.7095955511811018
0
LINE
8
BLACK
6
CONTINUOUS
10
5.508710275590551
20
-5.7095955511811018
11
5.5234740551181103
21
-5.7095955511811018
0
LINE
8
BLACK
6
CONTINUOUS
10
5.5234740551181103
20
-5.7095955511811018
11
5.5262989763779524
21
-5.7101574803149608
0
LINE
8
BLACK
6
CONTINUOUS
10
5.5724859842519683
20
-5.7100450787401575
11
5.5744018503937003
21
-5.7113252362204721
0
LINE
8
BLACK
6
CONTINUOUS
10
5.5744018503937003
20
-5.7113252362204721
11
5.5756820078740157
21
-5.7132411023622049
0
LINE
8
BLACK
6
CONTINUOUS
10
5.5756820078740157
20
-5.7132411023622049
11
5.5761315354330705
21
-5.7155010629921259
0
LINE
8
BLACK
6
CONTINUOUS
10
5.5761315354330705
20
-5.7155010629921259
11
5.5761315354330705
21
-5.774556181102362
0
LINE
8
BLACK
6
CONTINUOUS
10
5.5761315354330705
20
-5.774556181102362
11
5.5756820078740157
21
-5.776816141732283
0
LINE
8
BLACK
6
CONTINUOUS
10
5.5756820078740157
20
-5.776816141732283
11
5.5744018503937003
21
-5.7787320078740159
0
LINE
8
BLACK
6
CONTINUOUS
10
5.5744018503937003
20
-5.7787320078740159
11
5.5724859842519683
21
-5.7800121653543304
0
LINE
8
BLACK
6
CONTINUOUS
10
5.5724859842519683
20
-5.7800121653543304
11
5.5702260236220473
21
-5.7804616929133861
0
LINE
8
BLACK
6
CONTINUOUS
10
5.5702260236220473
20
-5.7804616929133861
11
5.5584150000000001
21
-5.7804616929133861
0
LINE
8
BLACK
6
CONTINUOUS
10
5.5584150000000001
20
-5.7804616929133861
11
5.5561550393700783
21
-5.7800121653543304
0
LINE
8
BLACK
6
CONTINUOUS
10
5.5561550393700783
20
-5.7800121653543304
11
5.5542391732283463
21
-5.7787320078740159
0
LINE
8
BLACK
6
CONTINUOUS
10
5.5542391732283463
20
-5.7787320078740159
11
5.5529590157480317
21
-5.776816141732283
0
LINE
8
BLACK
6
CONTINUOUS
10
5.5529590157480317
20
-5.776816141732283
11
5.5525094881889761
21
-5.774556181102362
0
LINE
8
BLACK
6
CONTINUOUS
10
5.5525094881889761
20
-5.774556181102362
11
5.5525094881889761
21
-5.7155010629921259
0
LINE
8
BLACK
6
CONTINUOUS
10
5.5525094881889761
20
-5.7155010629921259
11
5.5529590157480317
21
-5.7132411023622049
0
LINE
8
BLACK
6
CONTINUOUS
10
5.5529590157480317
20
-5.7132411023622049
11
5.5542391732283463
21
-5.7113252362204721
0
LINE
8
BLACK
6
CONTINUOUS
10
5.5542391732283463
20
-5.7113252362204721
11
5.5561550393700783
21
-5.7100450787401575
0
LINE
8
BLACK
6
CONTINUOUS
10
5.5561550393700783
20
-5.7100450787401575
11
5.5584150000000001
21
-5.7095955511811018
0
LINE
8
BLACK
6
CONTINUOUS
10
5.5584150000000001
20
-5.7095955511811018
11
5.5702260236220473
21
-5.7095955511811018
0
LINE
8
BLACK
6
CONTINUOUS
10
5.5702260236220473
20
-5.7095955511811018
11
5.5724859842519683
21
-5.7100450787401575
0
LINE
8
BLACK
6
CONTINUOUS
10
5.6227556692913385
20
-5.7101574803149608
11
5.6251505511811022
21
-5.7117576377952757
0
LINE
8
BLACK
6
CONTINUOUS
10
5.6251505511811022
20
-5.7117576377952757
11
5.626750708661417
21
-5.7141525196850393
0
LINE
8
BLACK
6
CONTINUOUS
10
5.626750708661417
20
-5.7141525196850393
11
5.6273126377952751
21
-5.7169774409448815
0
LINE
8
BLACK
6
CONTINUOUS
10
5.6273126377952751
20
-5.7169774409448815
11
5.6273126377952751
21
-5.7730798031496064
0
LINE
8
BLACK
6
CONTINUOUS
10
5.6273126377952751
20
-5.7730798031496064
11
5.626750708661417
21
-5.7759047244094486
0
LINE
8
BLACK
6
CONTINUOUS
10
5.626750708661417
20
-5.7759047244094486
11
5.6251505511811022
21
-5.7782996062992122
0
LINE
8
BLACK
6
CONTINUOUS
10
5.6251505511811022
20
-5.7782996062992122
11
5.6227556692913385
21
-5.7798997637795271
0
LINE
8
BLACK
6
CONTINUOUS
10
5.6227556692913385
20
-5.7798997637795271
11
5.6199307480314955
21
-5.7804616929133861
0
LINE
8
BLACK
6
CONTINUOUS
10
5.6199307480314955
20
-5.7804616929133861
11
5.6051669685039371
21
-5.7804616929133861
0
LINE
8
BLACK
6
CONTINUOUS
10
5.6051669685039371
20
-5.7804616929133861
11
5.6023420472440941
21
-5.7798997637795271
0
LINE
8
BLACK
6
CONTINUOUS
10
5.6023420472440941
20
-5.7798997637795271
11
5.5999471653543305
21
-5.7782996062992122
0
LINE
8
BLACK
6
CONTINUOUS
10
5.5999471653543305
20
-5.7782996062992122
11
5.5983470078740156
21
-5.7759047244094486
0
LINE
8
BLACK
6
CONTINUOUS
10
5.5983470078740156
20
-5.7759047244094486
11
5.5977850787401575
21
-5.7730798031496064
0
LINE
8
BLACK
6
CONTINUOUS
10
5.5977850787401575
20
-5.7730798031496064
11
5.5977850787401575
21
-5.7169774409448815
0
LINE
8
BLACK
6
CONTINUOUS
10
5.5977850787401575
20
-5.7169774409448815
11
5.5983470078740156
21
-5.7141525196850393
0
LINE
8
BLACK
6
CONTINUOUS
10
5.5983470078740156
20
-5.7141525196850393
11
5.5999471653543305
21
-5.7117576377952757
0
LINE
8
BLACK
6
CONTINUOUS
10
5.5999471653543305
20
-5.7117576377952757
11
5.6023420472440941
21
-5.7101574803149608
0
LINE
8
BLACK
6
CONTINUOUS
10
5.6023420472440941
20
-5.7101574803149608
11
5.6051669685039371
21
-5.7095955511811018
0
LINE
8
BLACK
6
CONTINUOUS
10
5.6051669685039371
20
-5.7095955511811018
11
5.6199307480314955
21
-5.7095955511811018
0
LINE
8
BLACK
6
CONTINUOUS
10
5.6199307480314955
20
-5.7095955511811018
11
5.6227556692913385
21
-5.7101574803149608
0
LINE
8
BLACK
6
CONTINUOUS
10
5.1707143307086616
20
-5.7137852362204722
11
5.1726301968503936
21
-5.7150653937007876
0
LINE
8
BLACK
6
CONTINUOUS
10
5.1726301968503936
20
-5.7150653937007876
11
5.1739103543307081
21
-5.7169812598425196
0
LINE
8
BLACK
6
CONTINUOUS
10
5.1739103543307081
20
-5.7169812598425196
11
5.1743598818897638
21
-5.7192412204724405
0
LINE
8
BLACK
6
CONTINUOUS
10
5.1743598818897638
20
-5.7192412204724405
11
5.1743598818897638
21
-5.7743593307086609
0
LINE
8
BLACK
6
CONTINUOUS
10
5.1743598818897638
20
-5.7743593307086609
11
5.1739103543307081
21
-5.7766192913385828
0
LINE
8
BLACK
6
CONTINUOUS
10
5.1739103543307081
20
-5.7766192913385828
11
5.1726301968503936
21
-5.7785351574803148
0
LINE
8
BLACK
6
CONTINUOUS
10
5.1726301968503936
20
-5.7785351574803148
11
5.1707143307086616
21
-5.7798153149606302
0
LINE
8
BLACK
6
CONTINUOUS
10
5.1707143307086616
20
-5.7798153149606302
11
5.1684543700787398
21
-5.780264842519685
0
LINE
8
BLACK
6
CONTINUOUS
10
5.1684543700787398
20
-5.780264842519685
11
5.1566433464566925
21
-5.780264842519685
0
LINE
8
BLACK
6
CONTINUOUS
10
5.1566433464566925
20
-5.780264842519685
11
5.1543833858267716
21
-5.7798153149606302
0
LINE
8
BLACK
6
CONTINUOUS
10
5.1543833858267716
20
-5.7798153149606302
11
5.1524675196850396
21
-5.7785351574803148
0
LINE
8
BLACK
6
CONTINUOUS
10
5.1524675196850396
20
-5.7785351574803148
11
5.1511873622047242
21
-5.7766192913385828
0
LINE
8
BLACK
6
CONTINUOUS
10
5.1511873622047242
20
-5.7766192913385828
11
5.1507378346456694
21
-5.7743593307086609
0
LINE
8
BLACK
6
CONTINUOUS
10
5.1507378346456694
20
-5.7743593307086609
11
5.1507378346456694
21
-5.7192412204724405
0
LINE
8
BLACK
6
CONTINUOUS
10
5.1507378346456694
20
-5.7192412204724405
11
5.1511873622047242
21
-5.7169812598425196
0
LINE
8
BLACK
6
CONTINUOUS
10
5.1511873622047242
20
-5.7169812598425196
11
5.1524675196850396
21
-5.7150653937007876
0
LINE
8
BLACK
6
CONTINUOUS
10
5.1524675196850396
20
-5.7150653937007876
11
5.1543833858267716
21
-5.7137852362204722
0
LINE
8
BLACK
6
CONTINUOUS
10
5.1543833858267716
20
-5.7137852362204722
11
5.1566433464566925
21
-5.7133357086614174
0
LINE
8
BLACK
6
CONTINUOUS
10
5.1566433464566925
20
-5.7133357086614174
11
5.1684543700787398
21
-5.7133357086614174
0
LINE
8
BLACK
6
CONTINUOUS
10
5.1684543700787398
20
-5.7133357086614174
11
5.1707143307086616
21
-5.7137852362204722
0
LINE
8
BLACK
6
CONTINUOUS
10
5.2199269291338579
20
-5.7137852362204722
11
5.2218427952755908
21
-5.7150653937007876
0
LINE
8
BLACK
6
CONTINUOUS
10
5.2218427952755908
20
-5.7150653937007876
11
5.2231229527559053
21
-5.7169812598425196
0
LINE
8
BLACK
6
CONTINUOUS
10
5.2231229527559053
20
-5.7169812598425196
11
5.2235724803149601
21
-5.7192412204724405
0
LINE
8
BLACK
6
CONTINUOUS
10
5.2235724803149601
20
-5.7192412204724405
11
5.2235724803149601
21
-5.7743593307086609
0
LINE
8
BLACK
6
CONTINUOUS
10
5.2235724803149601
20
-5.7743593307086609
11
5.2231229527559053
21
-5.7766192913385828
0
LINE
8
BLACK
6
CONTINUOUS
10
5.2231229527559053
20
-5.7766192913385828
11
5.2218427952755908
21
-5.7785351574803148
0
LINE
8
BLACK
6
CONTINUOUS
10
5.2218427952755908
20
-5.7785351574803148
11
5.2199269291338579
21
-5.7798153149606302
0
LINE
8
BLACK
6
CONTINUOUS
10
5.2199269291338579
20
-5.7798153149606302
11
5.217666968503937
21
-5.780264842519685
0
LINE
8
BLACK
6
CONTINUOUS
10
5.217666968503937
20
-5.780264842519685
11
5.2058559448818897
21
-5.780264842519685
0
LINE
8
BLACK
6
CONTINUOUS
10
5.2058559448818897
20
-5.780264842519685
11
5.2035959842519688
21
-5.7798153149606302
0
LINE
8
BLACK
6
CONTINUOUS
10
5.2035959842519688
20
-5.7798153149606302
11
5.2016801181102359
21
-5.7785351574803148
0
LINE
8
BLACK
6
CONTINUOUS
10
5.2016801181102359
20
-5.7785351574803148
11
5.2003999606299214
21
-5.7766192913385828
0
LINE
8
BLACK
6
CONTINUOUS
10
5.2003999606299214
20
-5.7766192913385828
11
5.1999504330708657
21
-5.7743593307086609
0
LINE
8
BLACK
6
CONTINUOUS
10
5.1999504330708657
20
-5.7743593307086609
11
5.1999504330708657
21
-5.7192412204724405
0
LINE
8
BLACK
6
CONTINUOUS
10
5.1999504330708657
20
-5.7192412204724405
11
5.2003999606299214
21
-5.7169812598425196
0
LINE
8
BLACK
6
CONTINUOUS
10
5.2003999606299214
20
-5.7169812598425196
11
5.2016801181102359
21
-5.7150653937007876
0
LINE
8
BLACK
6
CONTINUOUS
10
5.2016801181102359
20
-5.7150653937007876
11
5.2035959842519688
21
-5.7137852362204722
0
LINE
8
BLACK
6
CONTINUOUS
10
5.2035959842519688
20
-5.7137852362204722
11
5.2058559448818897
21
-5.7133357086614174
0
LINE
8
BLACK
6
CONTINUOUS
10
5.2058559448818897
20
-5.7133357086614174
11
5.217666968503937
21
-5.7133357086614174
0
LINE
8
BLACK
6
CONTINUOUS
10
5.217666968503937
20
-5.7133357086614174
11
5.2199269291338579
21
-5.7137852362204722
0
LINE
8
BLACK
6
CONTINUOUS
10
5.2691395275590551
20
-5.7137852362204722
11
5.2710553937007871
21
-5.7150653937007876
0
LINE
8
BLACK
6
CONTINUOUS
10
5.2710553937007871
20
-5.7150653937007876
11
5.2723355511811025
21
-5.7169812598425196
0
LINE
8
BLACK
6
CONTINUOUS
10
5.2723355511811025
20
-5.7169812598425196
11
5.2727850787401573
21
-5.7192412204724405
0
LINE
8
BLACK
6
CONTINUOUS
10
5.2727850787401573
20
-5.7192412204724405
11
5.2727850787401573
21
-5.7743593307086609
0
LINE
8
BLACK
6
CONTINUOUS
10
5.2727850787401573
20
-5.7743593307086609
11
5.2723355511811025
21
-5.7766192913385828
0
LINE
8
BLACK
6
CONTINUOUS
10
5.2723355511811025
20
-5.7766192913385828
11
5.2710553937007871
21
-5.7785351574803148
0
LINE
8
BLACK
6
CONTINUOUS
10
5.2710553937007871
20
-5.7785351574803148
11
5.2691395275590551
21
-5.7798153149606302
0
LINE
8
BLACK
6
CONTINUOUS
10
5.2691395275590551
20
-5.7798153149606302
11
5.2668795669291342
21
-5.780264842519685
0
LINE
8
BLACK
6
CONTINUOUS
10
5.2668795669291342
20
-5.780264842519685
11
5.2550685433070861
21
-5.780264842519685
0
LINE
8
BLACK
6
CONTINUOUS
10
5.2550685433070861
20
-5.780264842519685
11
5.2528085826771651
21
-5.7798153149606302
0
LINE
8
BLACK
6
CONTINUOUS
10
5.2528085826771651
20
-5.7798153149606302
11
5.2508927165354331
21
-5.7785351574803148
0
LINE
8
BLACK
6
CONTINUOUS
10
5.2508927165354331
20
-5.7785351574803148
11
5.2496125590551177
21
-5.7766192913385828
0
LINE
8
BLACK
6
CONTINUOUS
10
5.2496125590551177
20
-5.7766192913385828
11
5.2491630314960629
21
-5.7743593307086609
0
LINE
8
BLACK
6
CONTINUOUS
10
5.2491630314960629
20
-5.7743593307086609
11
5.2491630314960629
21
-5.7192412204724405
0
LINE
8
BLACK
6
CONTINUOUS
10
5.2491630314960629
20
-5.7192412204724405
11
5.2496125590551177
21
-5.7169812598425196
0
LINE
8
BLACK
6
CONTINUOUS
10
5.2496125590551177
20
-5.7169812598425196
11
5.2508927165354331
21
-5.7150653937007876
0
LINE
8
BLACK
6
CONTINUOUS
10
5.2508927165354331
20
-5.7150653937007876
11
5.2528085826771651
21
-5.7137852362204722
0
LINE
8
BLACK
6
CONTINUOUS
10
5.2528085826771651
20
-5.7137852362204722
11
5.2550685433070861
21
-5.7133357086614174
0
LINE
8
BLACK
6
CONTINUOUS
10
5.2550685433070861
20
-5.7133357086614174
11
5.2668795669291342
21
-5.7133357086614174
0
LINE
8
BLACK
6
CONTINUOUS
10
5.2668795669291342
20
-5.7133357086614174
11
5.2691395275590551
21
-5.7137852362204722
0
LINE
8
BLACK
6
CONTINUOUS
10
5.3183521259842514
20
-5.7137852362204722
11
5.3202679921259843
21
-5.7150653937007876
0
LINE
8
BLACK
6
CONTINUOUS
10
5.3202679921259843
20
-5.7150653937007876
11
5.3215481496062988
21
-5.7169812598425196
0
LINE
8
BLACK
6
CONTINUOUS
10
5.3215481496062988
20
-5.7169812598425196
11
5.3219976771653545
21
-5.7192412204724405
0
LINE
8
BLACK
6
CONTINUOUS
10
5.3219976771653545
20
-5.7192412204724405
11
5.3219976771653545
21
-5.7743593307086609
0
LINE
8
BLACK
6
CONTINUOUS
10
5.3219976771653545
20
-5.7743593307086609
11
5.3215481496062988
21
-5.7766192913385828
0
LINE
8
BLACK
6
CONTINUOUS
10
5.3215481496062988
20
-5.7766192913385828
11
5.3202679921259843
21
-5.7785351574803148
0
LINE
8
BLACK
6
CONTINUOUS
10
5.3202679921259843
20
-5.7785351574803148
11
5.3183521259842514
21
-5.7798153149606302
0
LINE
8
BLACK
6
CONTINUOUS
10
5.3183521259842514
20
-5.7798153149606302
11
5.3160921653543305
21
-5.780264842519685
0
LINE
8
BLACK
6
CONTINUOUS
10
5.3160921653543305
20
-5.780264842519685
11
5.3042811417322833
21
-5.780264842519685
0
LINE
8
BLACK
6
CONTINUOUS
10
5.3042811417322833
20
-5.780264842519685
11
5.3020211811023623
21
-5.7798153149606302
0
LINE
8
BLACK
6
CONTINUOUS
10
5.3020211811023623
20
-5.7798153149606302
11
5.3001053149606294
21
-5.7785351574803148
0
LINE
8
BLACK
6
CONTINUOUS
10
5.3001053149606294
20
-5.7785351574803148
11
5.2988251574803149
21
-5.7766192913385828
0
LINE
8
BLACK
6
CONTINUOUS
10
5.2988251574803149
20
-5.7766192913385828
11
5.2983756299212601
21
-5.7743593307086609
0
LINE
8
BLACK
6
CONTINUOUS
10
5.2983756299212601
20
-5.7743593307086609
11
5.2983756299212601
21
-5.7192412204724405
0
LINE
8
BLACK
6
CONTINUOUS
10
5.2983756299212601
20
-5.7192412204724405
11
5.2988251574803149
21
-5.7169812598425196
0
LINE
8
BLACK
6
CONTINUOUS
10
5.2988251574803149
20
-5.7169812598425196
11
5.3001053149606294
21
-5.7150653937007876
0
LINE
8
BLACK
6
CONTINUOUS
10
5.3001053149606294
20
-5.7150653937007876
11
5.3020211811023623
21
-5.7137852362204722
0
LINE
8
BLACK
6
CONTINUOUS
10
5.3020211811023623
20
-5.7137852362204722
11
5.3042811417322833
21
-5.7133357086614174
0
LINE
8
BLACK
6
CONTINUOUS
10
5.3042811417322833
20
-5.7133357086614174
11
5.3160921653543305
21
-5.7133357086614174
0
LINE
8
BLACK
6
CONTINUOUS
10
5.3160921653543305
20
-5.7133357086614174
11
5.3183521259842514
21
-5.7137852362204722
0
LINE
8
BLACK
6
CONTINUOUS
10
4.9180870866141735
20
-5.6481400393700785
11
4.9212802362204719
21
-5.6502736220472443
0
LINE
8
BLACK
6
CONTINUOUS
10
4.9212802362204719
20
-5.6502736220472443
11
4.9234138188976377
21
-5.6534667716535436
0
LINE
8
BLACK
6
CONTINUOUS
10
4.9234138188976377
20
-5.6534667716535436
11
4.9241630314960627
21
-5.6572333464566924
0
LINE
8
BLACK
6
CONTINUOUS
10
4.9241630314960627
20
-5.6572333464566924
11
4.9241630314960627
21
-5.6946349212598424
0
LINE
8
BLACK
6
CONTINUOUS
10
4.9241630314960627
20
-5.6946349212598424
11
4.9234138188976377
21
-5.6984014960629921
0
LINE
8
BLACK
6
CONTINUOUS
10
4.9234138188976377
20
-5.6984014960629921
11
4.9212802362204719
21
-5.7015946456692914
0
LINE
8
BLACK
6
CONTINUOUS
10
4.9212802362204719
20
-5.7015946456692914
11
4.9180870866141735
21
-5.7037282283464563
0
LINE
8
BLACK
6
CONTINUOUS
10
4.9180870866141735
20
-5.7037282283464563
11
4.9143205118110238
21
-5.7044774409448822
0
LINE
8
BLACK
6
CONTINUOUS
10
4.9143205118110238
20
-5.7044774409448822
11
4.8946354724409451
21
-5.7044774409448822
0
LINE
8
BLACK
6
CONTINUOUS
10
4.8946354724409451
20
-5.7044774409448822
11
4.8908688976377954
21
-5.7037282283464563
0
LINE
8
BLACK
6
CONTINUOUS
10
4.8908688976377954
20
-5.7037282283464563
11
4.8876757480314961
21
-5.7015946456692914
0
LINE
8
BLACK
6
CONTINUOUS
10
4.8876757480314961
20
-5.7015946456692914
11
4.8855421653543303
21
-5.6984014960629921
0
LINE
8
BLACK
6
CONTINUOUS
10
4.8855421653543303
20
-5.6984014960629921
11
4.8847929527559053
21
-5.6946349212598424
0
LINE
8
BLACK
6
CONTINUOUS
10
4.8847929527559053
20
-5.6946349212598424
11
4.8847929527559053
21
-5.6572333464566924
0
LINE
8
BLACK
6
CONTINUOUS
10
4.8847929527559053
20
-5.6572333464566924
11
4.8855421653543303
21
-5.6534667716535436
0
LINE
8
BLACK
6
CONTINUOUS
10
4.8855421653543303
20
-5.6534667716535436
11
4.8876757480314961
21
-5.6502736220472443
0
LINE
8
BLACK
6
CONTINUOUS
10
4.8876757480314961
20
-5.6502736220472443
11
4.8908688976377954
21
-5.6481400393700785
0
LINE
8
BLACK
6
CONTINUOUS
10
4.8908688976377954
20
-5.6481400393700785
11
4.8946354724409451
21
-5.6473908267716535
0
LINE
8
BLACK
6
CONTINUOUS
10
4.8946354724409451
20
-5.6473908267716535
11
4.9143205118110238
21
-5.6473908267716535
0
LINE
8
BLACK
6
CONTINUOUS
10
4.9143205118110238
20
-5.6473908267716535
11
4.9180870866141735
21
-5.6481400393700785
0
LINE
8
BLACK
6
CONTINUOUS
10
4.9928902362204726
20
-5.6481400393700785
11
4.9960833858267719
21
-5.6502736220472443
0
LINE
8
BLACK
6
CONTINUOUS
10
4.9960833858267719
20
-5.6502736220472443
11
4.9982169685039368
21
-5.6534667716535436
0
LINE
8
BLACK
6
CONTINUOUS
10
4.9982169685039368
20
-5.6534667716535436
11
4.9989661811023618
21
-5.6572333464566924
0
LINE
8
BLACK
6
CONTINUOUS
10
4.9989661811023618
20
-5.6572333464566924
11
4.9989661811023618
21
-5.6946349212598424
0
LINE
8
BLACK
6
CONTINUOUS
10
4.9989661811023618
20
-5.6946349212598424
11
4.9982169685039368
21
-5.6984014960629921
0
LINE
8
BLACK
6
CONTINUOUS
10
4.9982169685039368
20
-5.6984014960629921
11
4.9960833858267719
21
-5.7015946456692914
0
LINE
8
BLACK
6
CONTINUOUS
10
4.9960833858267719
20
-5.7015946456692914
11
4.9928902362204726
21
-5.7037282283464563
0
LINE
8
BLACK
6
CONTINUOUS
10
4.9928902362204726
20
-5.7037282283464563
11
4.9891236614173229
21
-5.7044774409448822
0
LINE
8
BLACK
6
CONTINUOUS
10
4.9891236614173229
20
-5.7044774409448822
11
4.9694386220472442
21
-5.7044774409448822
0
LINE
8
BLACK
6
CONTINUOUS
10
4.9694386220472442
20
-5.7044774409448822
11
4.9656720472440945
21
-5.7037282283464563
0
LINE
8
BLACK
6
CONTINUOUS
10
4.9656720472440945
20
-5.7037282283464563
11
4.9624788976377951
21
-5.7015946456692914
0
LINE
8
BLACK
6
CONTINUOUS
10
4.9624788976377951
20
-5.7015946456692914
11
4.9603453149606302
21
-5.6984014960629921
0
LINE
8
BLACK
6
CONTINUOUS
10
4.9603453149606302
20
-5.6984014960629921
11
4.9595961023622044
21
-5.6946349212598424
0
LINE
8
BLACK
6
CONTINUOUS
10
4.9595961023622044
20
-5.6946349212598424
11
4.9595961023622044
21
-5.6572333464566924
0
LINE
8
BLACK
6
CONTINUOUS
10
4.9595961023622044
20
-5.6572333464566924
11
4.9603453149606302
21
-5.6534667716535436
0
LINE
8
BLACK
6
CONTINUOUS
10
4.9603453149606302
20
-5.6534667716535436
11
4.9624788976377951
21
-5.6502736220472443
0
LINE
8
BLACK
6
CONTINUOUS
10
4.9624788976377951
20
-5.6502736220472443
11
4.9656720472440945
21
-5.6481400393700785
0
LINE
8
BLACK
6
CONTINUOUS
10
4.9656720472440945
20
-5.6481400393700785
11
4.9694386220472442
21
-5.6473908267716535
0
LINE
8
BLACK
6
CONTINUOUS
10
4.9694386220472442
20
-5.6473908267716535
11
4.9891236614173229
21
-5.6473908267716535
0
LINE
8
BLACK
6
CONTINUOUS
10
4.9891236614173229
20
-5.6473908267716535
11
4.9928902362204726
21
-5.6481400393700785
0
LINE
8
BLACK
6
CONTINUOUS
10
4.7456461417322835
20
-5.643218779527559
11
4.7488392913385828
21
-5.6453523622047239
0
LINE
8
BLACK
6
CONTINUOUS
10
4.7488392913385828
20
-5.6453523622047239
11
4.7509728740157477
21
-5.6485455118110233
0
LINE
8
BLACK
6
CONTINUOUS
10
4.7509728740157477
20
-5.6485455118110233
11
4.7517220866141727
21
-5.6523120866141729
0
LINE
8
BLACK
6
CONTINUOUS
10
4.7517220866141727
20
-5.6523120866141729
11
4.7517220866141727
21
-5.6877451574803146
0
LINE
8
BLACK
6
CONTINUOUS
10
4.7517220866141727
20
-5.6877451574803146
11
4.7509728740157477
21
-5.6915117322834643
0
LINE
8
BLACK
6
CONTINUOUS
10
4.7509728740157477
20
-5.6915117322834643
11
4.7488392913385828
21
-5.6947048818897636
0
LINE
8
BLACK
6
CONTINUOUS
10
4.7488392913385828
20
-5.6947048818897636
11
4.7456461417322835
21
-5.6968384645669294
0
LINE
8
BLACK
6
CONTINUOUS
10
4.7456461417322835
20
-5.6968384645669294
11
4.7418795669291338
21
-5.6975876771653544
0
LINE
8
BLACK
6
CONTINUOUS
10
4.7418795669291338
20
-5.6975876771653544
11
4.7212102755905514
21
-5.6975876771653544
0
LINE
8
BLACK
6
CONTINUOUS
10
4.7212102755905514
20
-5.6975876771653544
11
4.7174437007874017
21
-5.6968384645669294
0
LINE
8
BLACK
6
CONTINUOUS
10
4.7174437007874017
20
-5.6968384645669294
11
4.7142505511811024
21
-5.6947048818897636
0
LINE
8
BLACK
6
CONTINUOUS
10
4.7142505511811024
20
-5.6947048818897636
11
4.7121169685039366
21
-5.6915117322834643
0
LINE
8
BLACK
6
CONTINUOUS
10
4.7121169685039366
20
-5.6915117322834643
11
4.7113677559055116
21
-5.6877451574803146
0
LINE
8
BLACK
6
CONTINUOUS
10
4.7113677559055116
20
-5.6877451574803146
11
4.7113677559055116
21
-5.6523120866141729
0
LINE
8
BLACK
6
CONTINUOUS
10
4.7113677559055116
20
-5.6523120866141729
11
4.7121169685039366
21
-5.6485455118110233
0
LINE
8
BLACK
6
CONTINUOUS
10
4.7121169685039366
20
-5.6485455118110233
11
4.7142505511811024
21
-5.6453523622047239
0
LINE
8
BLACK
6
CONTINUOUS
10
4.7142505511811024
20
-5.6453523622047239
11
4.7174437007874017
21
-5.643218779527559
0
LINE
8
BLACK
6
CONTINUOUS
10
4.7174437007874017
20
-5.643218779527559
11
4.7212102755905514
21
-5.642469566929134
0
LINE
8
BLACK
6
CONTINUOUS
10
4.7212102755905514
20
-5.642469566929134
11
4.7418795669291338
21
-5.642469566929134
0
LINE
8
BLACK
6
CONTINUOUS
10
4.7418795669291338
20
-5.642469566929134
11
4.7456461417322835
21
-5.643218779527559
0
LINE
8
BLACK
6
CONTINUOUS
10
4.8174965354330705
20
-5.643218779527559
11
4.8206896850393699
21
-5.6453523622047239
0
LINE
8
BLACK
6
CONTINUOUS
10
4.8206896850393699
20
-5.6453523622047239
11
4.8228232677165357
21
-5.6485455118110233
0
LINE
8
BLACK
6
CONTINUOUS
10
4.8228232677165357
20
-5.6485455118110233
11
4.8235724803149607
21
-5.6523120866141729
0
LINE
8
BLACK
6
CONTINUOUS
10
4.8235724803149607
20
-5.6523120866141729
11
4.8235724803149607
21
-5.6877451574803146
0
LINE
8
BLACK
6
CONTINUOUS
10
4.8235724803149607
20
-5.6877451574803146
11
4.8228232677165357
21
-5.6915117322834643
0
LINE
8
BLACK
6
CONTINUOUS
10
4.8228232677165357
20
-5.6915117322834643
11
4.8206896850393699
21
-5.6947048818897636
0
LINE
8
BLACK
6
CONTINUOUS
10
4.8206896850393699
20
-5.6947048818897636
11
4.8174965354330705
21
-5.6968384645669294
0
LINE
8
BLACK
6
CONTINUOUS
10
4.8174965354330705
20
-5.6968384645669294
11
4.8137299606299209
21
-5.6975876771653544
0
LINE
8
BLACK
6
CONTINUOUS
10
4.8137299606299209
20
-5.6975876771653544
11
4.7930606692913384
21
-5.6975876771653544
0
LINE
8
BLACK
6
CONTINUOUS
10
4.7930606692913384
20
-5.6975876771653544
11
4.7892940944881888
21
-5.6968384645669294
0
LINE
8
BLACK
6
CONTINUOUS
10
4.7892940944881888
20
-5.6968384645669294
11
4.7861009448818894
21
-5.6947048818897636
0
LINE
8
BLACK
6
CONTINUOUS
10
4.7861009448818894
20
-5.6947048818897636
11
4.7839673622047245
21
-5.6915117322834643
0
LINE
8
BLACK
6
CONTINUOUS
10
4.7839673622047245
20
-5.6915117322834643
11
4.7832181496062995
21
-5.6877451574803146
0
LINE
8
BLACK
6
CONTINUOUS
10
4.7832181496062995
20
-5.6877451574803146
11
4.7832181496062995
21
-5.6523120866141729
0
LINE
8
BLACK
6
CONTINUOUS
10
4.7832181496062995
20
-5.6523120866141729
11
4.7839673622047245
21
-5.6485455118110233
0
LINE
8
BLACK
6
CONTINUOUS
10
4.7839673622047245
20
-5.6485455118110233
11
4.7861009448818894
21
-5.6453523622047239
0
LINE
8
BLACK
6
CONTINUOUS
10
4.7861009448818894
20
-5.6453523622047239
11
4.7892940944881888
21
-5.643218779527559
0
LINE
8
BLACK
6
CONTINUOUS
10
4.7892940944881888
20
-5.643218779527559
11
4.7930606692913384
21
-5.642469566929134
0
LINE
8
BLACK
6
CONTINUOUS
10
4.7930606692913384
20
-5.642469566929134
11
4.8137299606299209
21
-5.642469566929134
0
LINE
8
BLACK
6
CONTINUOUS
10
4.8137299606299209
20
-5.642469566929134
11
4.8174965354330705
21
-5.643218779527559
0
LINE
8
BLACK
6
CONTINUOUS
10
5.1031264566929133
20
-5.5270770472440942
11
5.1063196062992127
21
-5.52921062992126
0
LINE
8
BLACK
6
CONTINUOUS
10
5.1063196062992127
20
-5.52921062992126
11
5.1084531889763776
21
-5.5324037795275594
0
LINE
8
BLACK
6
CONTINUOUS
10
5.1084531889763776
20
-5.5324037795275594
11
5.1092024015748034
21
-5.5361703543307081
0
LINE
8
BLACK
6
CONTINUOUS
10
5.1092024015748034
20
-5.5361703543307081
11
5.1092024015748034
21
-5.6227845275590553
0
LINE
8
BLACK
6
CONTINUOUS
10
5.1092024015748034
20
-5.6227845275590553
11
5.1084531889763776
21
-5.626551102362205
0
LINE
8
BLACK
6
CONTINUOUS
10
5.1084531889763776
20
-5.626551102362205
11
5.1063196062992127
21
-5.6297442519685035
0
LINE
8
BLACK
6
CONTINUOUS
10
5.1063196062992127
20
-5.6297442519685035
11
5.1031264566929133
21
-5.6318778346456693
0
LINE
8
BLACK
6
CONTINUOUS
10
5.1031264566929133
20
-5.6318778346456693
11
5.0993598818897636
21
-5.6326270472440942
0
LINE
8
BLACK
6
CONTINUOUS
10
5.0993598818897636
20
-5.6326270472440942
11
5.0796748425196849
21
-5.6326270472440942
0
LINE
8
BLACK
6
CONTINUOUS
10
5.0796748425196849
20
-5.6326270472440942
11
5.0759082677165352
21
-5.6318778346456693
0
LINE
8
BLACK
6
CONTINUOUS
10
5.0759082677165352
20
-5.6318778346456693
11
5.0727151181102359
21
-5.6297442519685035
0
LINE
8
BLACK
6
CONTINUOUS
10
5.0727151181102359
20
-5.6297442519685035
11
5.070581535433071
21
-5.626551102362205
0
LINE
8
BLACK
6
CONTINUOUS
10
5.070581535433071
20
-5.626551102362205
11
5.0698323228346451
21
-5.6227845275590553
0
LINE
8
BLACK
6
CONTINUOUS
10
5.0698323228346451
20
-5.6227845275590553
11
5.0698323228346451
21
-5.5361703543307081
0
LINE
8
BLACK
6
CONTINUOUS
10
5.0698323228346451
20
-5.5361703543307081
11
5.070581535433071
21
-5.5324037795275594
0
LINE
8
BLACK
6
CONTINUOUS
10
5.070581535433071
20
-5.5324037795275594
11
5.0727151181102359
21
-5.52921062992126
0
LINE
8
BLACK
6
CONTINUOUS
10
5.0727151181102359
20
-5.52921062992126
11
5.0759082677165352
21
-5.5270770472440942
0
LINE
8
BLACK
6
CONTINUOUS
10
5.0759082677165352
20
-5.5270770472440942
11
5.0796748425196849
21
-5.5263278346456692
0
LINE
8
BLACK
6
CONTINUOUS
10
5.0796748425196849
20
-5.5263278346456692
11
5.0993598818897636
21
-5.5263278346456692
0
LINE
8
BLACK
6
CONTINUOUS
10
5.0993598818897636
20
-5.5263278346456692
11
5.1031264566929133
21
-5.5270770472440942
0
LINE
8
BLACK
6
CONTINUOUS
10
5.5440713385826772
20
-5.5270770472440942
11
5.5472644881889766
21
-5.52921062992126
0
LINE
8
BLACK
6
CONTINUOUS
10
5.5472644881889766
20
-5.52921062992126
11
5.5493980708661415
21
-5.5324037795275594
0
LINE
8
BLACK
6
CONTINUOUS
10
5.5493980708661415
20
-5.5324037795275594
11
5.5501472834645664
21
-5.5361703543307081
0
LINE
8
BLACK
6
CONTINUOUS
10
5.5501472834645664
20
-5.5361703543307081
11
5.5501472834645664
21
-5.6227845275590553
0
LINE
8
BLACK
6
CONTINUOUS
10
5.5501472834645664
20
-5.6227845275590553
11
5.5493980708661415
21
-5.626551102362205
0
LINE
8
BLACK
6
CONTINUOUS
10
5.5493980708661415
20
-5.626551102362205
11
5.5472644881889766
21
-5.6297442519685035
0
LINE
8
BLACK
6
CONTINUOUS
10
5.5472644881889766
20
-5.6297442519685035
11
5.5440713385826772
21
-5.6318778346456693
0
LINE
8
BLACK
6
CONTINUOUS
10
5.5440713385826772
20
-5.6318778346456693
11
5.5403047637795275
21
-5.6326270472440942
0
LINE
8
BLACK
6
CONTINUOUS
10
5.5403047637795275
20
-5.6326270472440942
11
5.5206197244094488
21
-5.6326270472440942
0
LINE
8
BLACK
6
CONTINUOUS
10
5.5206197244094488
20
-5.6326270472440942
11
5.5168531496062991
21
-5.6318778346456693
0
LINE
8
BLACK
6
CONTINUOUS
10
5.5168531496062991
20
-5.6318778346456693
11
5.5136599999999998
21
-5.6297442519685035
0
LINE
8
BLACK
6
CONTINUOUS
10
5.5136599999999998
20
-5.6297442519685035
11
5.5115264173228349
21
-5.626551102362205
0
LINE
8
BLACK
6
CONTINUOUS
10
5.5115264173228349
20
-5.626551102362205
11
5.510777204724409
21
-5.6227845275590553
0
LINE
8
BLACK
6
CONTINUOUS
10
5.510777204724409
20
-5.6227845275590553
11
5.510777204724409
21
-5.5361703543307081
0
LINE
8
BLACK
6
CONTINUOUS
10
5.510777204724409
20
-5.5361703543307081
11
5.5115264173228349
21
-5.5324037795275594
0
LINE
8
BLACK
6
CONTINUOUS
10
5.5115264173228349
20
-5.5324037795275594
11
5.5136599999999998
21
-5.52921062992126
0
LINE
8
BLACK
6
CONTINUOUS
10
5.5136599999999998
20
-5.52921062992126
11
5.5168531496062991
21
-5.5270770472440942
0
LINE
8
BLACK
6
CONTINUOUS
10
5.5168531496062991
20
-5.5270770472440942
11
5.5206197244094488
21
-5.5263278346456692
0
LINE
8
BLACK
6
CONTINUOUS
10
5.5206197244094488
20
-5.5263278346456692
11
5.5403047637795275
21
-5.5263278346456692
0
LINE
8
BLACK
6
CONTINUOUS
10
5.5403047637795275
20
-5.5263278346456692
11
5.5440713385826772
21
-5.5270770472440942
0
LINE
8
BLACK
6
CONTINUOUS
10
4.9180870866141735
20
-5.5296361023622049
11
4.9212802362204719
21
-5.5317696850393698
0
LINE
8
BLACK
6
CONTINUOUS
10
4.9212802362204719
20
-5.5317696850393698
11
4.9234138188976377
21
-5.5349628346456692
0
LINE
8
BLACK
6
CONTINUOUS
10
4.9234138188976377
20
-5.5349628346456692
11
4.9241630314960627
21
-5.5387294094488189
0
LINE
8
BLACK
6
CONTINUOUS
10
4.9241630314960627
20
-5.5387294094488189
11
4.9241630314960627
21
-5.576130984251968
0
LINE
8
BLACK
6
CONTINUOUS
10
4.9241630314960627
20
-5.576130984251968
11
4.9234138188976377
21
-5.5798975590551176
0
LINE
8
BLACK
6
CONTINUOUS
10
4.9234138188976377
20
-5.5798975590551176
11
4.9212802362204719
21
-5.583090708661417
0
LINE
8
BLACK
6
CONTINUOUS
10
4.9212802362204719
20
-5.583090708661417
11
4.9180870866141735
21
-5.5852242913385828
0
LINE
8
BLACK
6
CONTINUOUS
10
4.9180870866141735
20
-5.5852242913385828
11
4.9143205118110238
21
-5.5859735039370078
0
LINE
8
BLACK
6
CONTINUOUS
10
4.9143205118110238
20
-5.5859735039370078
11
4.8946354724409451
21
-5.5859735039370078
0
LINE
8
BLACK
6
CONTINUOUS
10
4.8946354724409451
20
-5.5859735039370078
11
4.8908688976377954
21
-5.5852242913385828
0
LINE
8
BLACK
6
CONTINUOUS
10
4.8908688976377954
20
-5.5852242913385828
11
4.8876757480314961
21
-5.583090708661417
0
LINE
8
BLACK
6
CONTINUOUS
10
4.8876757480314961
20
-5.583090708661417
11
4.8855421653543303
21
-5.5798975590551176
0
LINE
8
BLACK
6
CONTINUOUS
10
4.8855421653543303
20
-5.5798975590551176
11
4.8847929527559053
21
-5.576130984251968
0
LINE
8
BLACK
6
CONTINUOUS
10
4.8847929527559053
20
-5.576130984251968
11
4.8847929527559053
21
-5.5387294094488189
0
LINE
8
BLACK
6
CONTINUOUS
10
4.8847929527559053
20
-5.5387294094488189
11
4.8855421653543303
21
-5.5349628346456692
0
LINE
8
BLACK
6
CONTINUOUS
10
4.8855421653543303
20
-5.5349628346456692
11
4.8876757480314961
21
-5.5317696850393698
0
LINE
8
BLACK
6
CONTINUOUS
10
4.8876757480314961
20
-5.5317696850393698
11
4.8908688976377954
21
-5.5296361023622049
0
LINE
8
BLACK
6
CONTINUOUS
10
4.8908688976377954
20
-5.5296361023622049
11
4.8946354724409451
21
-5.5288868897637791
0
LINE
8
BLACK
6
CONTINUOUS
10
4.8946354724409451
20
-5.5288868897637791
11
4.9143205118110238
21
-5.5288868897637791
0
LINE
8
BLACK
6
CONTINUOUS
10
4.9143205118110238
20
-5.5288868897637791
11
4.9180870866141735
21
-5.5296361023622049
0
LINE
8
BLACK
6
CONTINUOUS
10
4.9928902362204726
20
-5.5296361023622049
11
4.9960833858267719
21
-5.5317696850393698
0
LINE
8
BLACK
6
CONTINUOUS
10
4.9960833858267719
20
-5.5317696850393698
11
4.9982169685039368
21
-5.5349628346456692
0
LINE
8
BLACK
6
CONTINUOUS
10
4.9982169685039368
20
-5.5349628346456692
11
4.9989661811023618
21
-5.5387294094488189
0
LINE
8
BLACK
6
CONTINUOUS
10
4.9989661811023618
20
-5.5387294094488189
11
4.9989661811023618
21
-5.576130984251968
0
LINE
8
BLACK
6
CONTINUOUS
10
4.9989661811023618
20
-5.576130984251968
11
4.9982169685039368
21
-5.5798975590551176
0
LINE
8
BLACK
6
CONTINUOUS
10
4.9982169685039368
20
-5.5798975590551176
11
4.9960833858267719
21
-5.583090708661417
0
LINE
8
BLACK
6
CONTINUOUS
10
4.9960833858267719
20
-5.583090708661417
11
4.9928902362204726
21
-5.5852242913385828
0
LINE
8
BLACK
6
CONTINUOUS
10
4.9928902362204726
20
-5.5852242913385828
11
4.9891236614173229
21
-5.5859735039370078
0
LINE
8
BLACK
6
CONTINUOUS
10
4.9891236614173229
20
-5.5859735039370078
11
4.9694386220472442
21
-5.5859735039370078
0
LINE
8
BLACK
6
CONTINUOUS
10
4.9694386220472442
20
-5.5859735039370078
11
4.9656720472440945
21
-5.5852242913385828
0
LINE
8
BLACK
6
CONTINUOUS
10
4.9656720472440945
20
-5.5852242913385828
11
4.9624788976377951
21
-5.583090708661417
0
LINE
8
BLACK
6
CONTINUOUS
10
4.9624788976377951
20
-5.583090708661417
11
4.9603453149606302
21
-5.5798975590551176
0
LINE
8
BLACK
6
CONTINUOUS
10
4.9603453149606302
20
-5.5798975590551176
11
4.9595961023622044
21
-5.576130984251968
0
LINE
8
BLACK
6
CONTINUOUS
10
4.9595961023622044
20
-5.576130984251968
11
4.9595961023622044
21
-5.5387294094488189
0
LINE
8
BLACK
6
CONTINUOUS
10
4.9595961023622044
20
-5.5387294094488189
11
4.9603453149606302
21
-5.5349628346456692
0
LINE
8
BLACK
6
CONTINUOUS
10
4.9603453149606302
20
-5.5349628346456692
11
4.9624788976377951
21
-5.5317696850393698
0
LINE
8
BLACK
6
CONTINUOUS
10
4.9624788976377951
20
-5.5317696850393698
11
4.9656720472440945
21
-5.5296361023622049
0
LINE
8
BLACK
6
CONTINUOUS
10
4.9656720472440945
20
-5.5296361023622049
11
4.9694386220472442
21
-5.5288868897637791
0
LINE
8
BLACK
6
CONTINUOUS
10
4.9694386220472442
20
-5.5288868897637791
11
4.9891236614173229
21
-5.5288868897637791
0
LINE
8
BLACK
6
CONTINUOUS
10
4.9891236614173229
20
-5.5288868897637791
11
4.9928902362204726
21
-5.5296361023622049
0
LINE
8
BLACK
6
CONTINUOUS
10
4.7456461417322835
20
-5.5270770472440942
11
4.7488392913385828
21
-5.52921062992126
0
LINE
8
BLACK
6
CONTINUOUS
10
4.7488392913385828
20
-5.52921062992126
11
4.7509728740157477
21
-5.5324037795275594
0
LINE
8
BLACK
6
CONTINUOUS
10
4.7509728740157477
20
-5.5324037795275594
11
4.7517220866141727
21
-5.5361703543307081
0
LINE
8
BLACK
6
CONTINUOUS
10
4.7517220866141727
20
-5.5361703543307081
11
4.7517220866141727
21
-5.5716034251968507
0
LINE
8
BLACK
6
CONTINUOUS
10
4.7517220866141727
20
-5.5716034251968507
11
4.7509728740157477
21
-5.5753699999999995
0
LINE
8
BLACK
6
CONTINUOUS
10
4.7509728740157477
20
-5.5753699999999995
11
4.7488392913385828
21
-5.5785631496062988
0
LINE
8
BLACK
6
CONTINUOUS
10
4.7488392913385828
20
-5.5785631496062988
11
4.7456461417322835
21
-5.5806967322834646
0
LINE
8
BLACK
6
CONTINUOUS
10
4.7456461417322835
20
-5.5806967322834646
11
4.7418795669291338
21
-5.5814459448818896
0
LINE
8
BLACK
6
CONTINUOUS
10
4.7418795669291338
20
-5.5814459448818896
11
4.7212102755905514
21
-5.5814459448818896
0
LINE
8
BLACK
6
CONTINUOUS
10
4.7212102755905514
20
-5.5814459448818896
11
4.7174437007874017
21
-5.5806967322834646
0
LINE
8
BLACK
6
CONTINUOUS
10
4.7174437007874017
20
-5.5806967322834646
11
4.7142505511811024
21
-5.5785631496062988
0
LINE
8
BLACK
6
CONTINUOUS
10
4.7142505511811024
20
-5.5785631496062988
11
4.7121169685039366
21
-5.5753699999999995
0
LINE
8
BLACK
6
CONTINUOUS
10
4.7121169685039366
20
-5.5753699999999995
11
4.7113677559055116
21
-5.5716034251968507
0
LINE
8
BLACK
6
CONTINUOUS
10
4.7113677559055116
20
-5.5716034251968507
11
4.7113677559055116
21
-5.5361703543307081
0
LINE
8
BLACK
6
CONTINUOUS
10
4.7113677559055116
20
-5.5361703543307081
11
4.7121169685039366
21
-5.5324037795275594
0
LINE
8
BLACK
6
CONTINUOUS
10
4.7121169685039366
20
-5.5324037795275594
11
4.7142505511811024
21
-5.52921062992126
0
LINE
8
BLACK
6
CONTINUOUS
10
4.7142505511811024
20
-5.52921062992126
11
4.7174437007874017
21
-5.5270770472440942
0
LINE
8
BLACK
6
CONTINUOUS
10
4.7174437007874017
20
-5.5270770472440942
11
4.7212102755905514
21
-5.5263278346456692
0
LINE
8
BLACK
6
CONTINUOUS
10
4.7212102755905514
20
-5.5263278346456692
11
4.7418795669291338
21
-5.5263278346456692
0
LINE
8
BLACK
6
CONTINUOUS
10
4.7418795669291338
20
-5.5263278346456692
11
4.7456461417322835
21
-5.5270770472440942
0
LINE
8
BLACK
6
CONTINUOUS
10
4.8174965354330705
20
-5.5270770472440942
11
4.8206896850393699
21
-5.52921062992126
0
LINE
8
BLACK
6
CONTINUOUS
10
4.8206896850393699
20
-5.52921062992126
11
4.8228232677165357
21
-5.5324037795275594
0
LINE
8
BLACK
6
CONTINUOUS
10
4.8228232677165357
20
-5.5324037795275594
11
4.8235724803149607
21
-5.5361703543307081
0
LINE
8
BLACK
6
CONTINUOUS
10
4.8235724803149607
20
-5.5361703543307081
11
4.8235724803149607
21
-5.5716034251968507
0
LINE
8
BLACK
6
CONTINUOUS
10
4.8235724803149607
20
-5.5716034251968507
11
4.8228232677165357
21
-5.5753699999999995
0
LINE
8
BLACK
6
CONTINUOUS
10
4.8228232677165357
20
-5.5753699999999995
11
4.8206896850393699
21
-5.5785631496062988
0
LINE
8
BLACK
6
CONTINUOUS
10
4.8206896850393699
20
-5.5785631496062988
11
4.8174965354330705
21
-5.5806967322834646
0
LINE
8
BLACK
6
CONTINUOUS
10
4.8174965354330705
20
-5.5806967322834646
11
4.8137299606299209
21
-5.5814459448818896
0
LINE
8
BLACK
6
CONTINUOUS
10
4.8137299606299209
20
-5.5814459448818896
11
4.7930606692913384
21
-5.5814459448818896
0
LINE
8
BLACK
6
CONTINUOUS
10
4.7930606692913384
20
-5.5814459448818896
11
4.7892940944881888
21
-5.5806967322834646
0
LINE
8
BLACK
6
CONTINUOUS
10
4.7892940944881888
20
-5.5806967322834646
11
4.7861009448818894
21
-5.5785631496062988
0
LINE
8
BLACK
6
CONTINUOUS
10
4.7861009448818894
20
-5.5785631496062988
11
4.7839673622047245
21
-5.5753699999999995
0
LINE
8
BLACK
6
CONTINUOUS
10
4.7839673622047245
20
-5.5753699999999995
11
4.7832181496062995
21
-5.5716034251968507
0
LINE
8
BLACK
6
CONTINUOUS
10
4.7832181496062995
20
-5.5716034251968507
11
4.7832181496062995
21
-5.5361703543307081
0
LINE
8
BLACK
6
CONTINUOUS
10
4.7832181496062995
20
-5.5361703543307081
11
4.7839673622047245
21
-5.5324037795275594
0
LINE
8
BLACK
6
CONTINUOUS
10
4.7839673622047245
20
-5.5324037795275594
11
4.7861009448818894
21
-5.52921062992126
0
LINE
8
BLACK
6
CONTINUOUS
10
4.7861009448818894
20
-5.52921062992126
11
4.7892940944881888
21
-5.5270770472440942
0
LINE
8
BLACK
6
CONTINUOUS
10
4.7892940944881888
20
-5.5270770472440942
11
4.7930606692913384
21
-5.5263278346456692
0
LINE
8
BLACK
6
CONTINUOUS
10
4.7930606692913384
20
-5.5263278346456692
11
4.8137299606299209
21
-5.5263278346456692
0
LINE
8
BLACK
6
CONTINUOUS
10
4.8137299606299209
20
-5.5263278346456692
11
4.8174965354330705
21
-5.5270770472440942
0
LINE
8
BLACK
6
CONTINUOUS
10
5.1705174803149605
20
-5.420478149606299
11
5.1724333464566925
21
-5.4217583070866144
0
LINE
8
BLACK
6
CONTINUOUS
10
5.1724333464566925
20
-5.4217583070866144
11
5.1737135039370079
21
-5.4236741732283464
0
LINE
8
BLACK
6
CONTINUOUS
10
5.1737135039370079
20
-5.4236741732283464
11
5.1741630314960627
21
-5.4259341338582674
0
LINE
8
BLACK
6
CONTINUOUS
10
5.1741630314960627
20
-5.4259341338582674
11
5.1741630314960627
21
-5.4810522440944878
0
LINE
8
BLACK
6
CONTINUOUS
10
5.1741630314960627
20
-5.4810522440944878
11
5.1737135039370079
21
-5.4833122047244096
0
LINE
8
BLACK
6
CONTINUOUS
10
5.1737135039370079
20
-5.4833122047244096
11
5.1724333464566925
21
-5.4852280708661416
0
LINE
8
BLACK
6
CONTINUOUS
10
5.1724333464566925
20
-5.4852280708661416
11
5.1705174803149605
21
-5.4865082283464561
0
LINE
8
BLACK
6
CONTINUOUS
10
5.1705174803149605
20
-5.4865082283464561
11
5.1682575196850395
21
-5.4869577559055118
0
LINE
8
BLACK
6
CONTINUOUS
10
5.1682575196850395
20
-5.4869577559055118
11
5.1564464960629923
21
-5.4869577559055118
0
LINE
8
BLACK
6
CONTINUOUS
10
5.1564464960629923
20
-5.4869577559055118
11
5.1541865354330705
21
-5.4865082283464561
0
LINE
8
BLACK
6
CONTINUOUS
10
5.1541865354330705
20
-5.4865082283464561
11
5.1522706692913385
21
-5.4852280708661416
0
LINE
8
BLACK
6
CONTINUOUS
10
5.1522706692913385
20
-5.4852280708661416
11
5.1509905118110231
21
-5.4833122047244096
0
LINE
8
BLACK
6
CONTINUOUS
10
5.1509905118110231
20
-5.4833122047244096
11
5.1505409842519683
21
-5.4810522440944878
0
LINE
8
BLACK
6
CONTINUOUS
10
5.1505409842519683
20
-5.4810522440944878
11
5.1505409842519683
21
-5.4259341338582674
0
LINE
8
BLACK
6
CONTINUOUS
10
5.1505409842519683
20
-5.4259341338582674
11
5.1509905118110231
21
-5.4236741732283464
0
LINE
8
BLACK
6
CONTINUOUS
10
5.1509905118110231
20
-5.4236741732283464
11
5.1522706692913385
21
-5.4217583070866144
0
LINE
8
BLACK
6
CONTINUOUS
10
5.1522706692913385
20
-5.4217583070866144
11
5.1541865354330705
21
-5.420478149606299
0
LINE
8
BLACK
6
CONTINUOUS
10
5.1541865354330705
20
-5.420478149606299
11
5.1564464960629923
21
-5.4200286220472442
0
LINE
8
BLACK
6
CONTINUOUS
10
5.1564464960629923
20
-5.4200286220472442
11
5.1682575196850395
21
-5.4200286220472442
0
LINE
8
BLACK
6
CONTINUOUS
10
5.1682575196850395
20
-5.4200286220472442
11
5.1705174803149605
21
-5.420478149606299
0
LINE
8
BLACK
6
CONTINUOUS
10
5.2197300787401577
20
-5.420478149606299
11
5.2216459448818897
21
-5.4217583070866144
0
LINE
8
BLACK
6
CONTINUOUS
10
5.2216459448818897
20
-5.4217583070866144
11
5.2229261023622042
21
-5.4236741732283464
0
LINE
8
BLACK
6
CONTINUOUS
10
5.2229261023622042
20
-5.4236741732283464
11
5.2233756299212599
21
-5.4259341338582674
0
LINE
8
BLACK
6
CONTINUOUS
10
5.2233756299212599
20
-5.4259341338582674
11
5.2233756299212599
21
-5.4810522440944878
0
LINE
8
BLACK
6
CONTINUOUS
10
5.2233756299212599
20
-5.4810522440944878
11
5.2229261023622042
21
-5.4833122047244096
0
LINE
8
BLACK
6
CONTINUOUS
10
5.2229261023622042
20
-5.4833122047244096
11
5.2216459448818897
21
-5.4852280708661416
0
LINE
8
BLACK
6
CONTINUOUS
10
5.2216459448818897
20
-5.4852280708661416
11
5.2197300787401577
21
-5.4865082283464561
0
LINE
8
BLACK
6
CONTINUOUS
10
5.2197300787401577
20
-5.4865082283464561
11
5.2174701181102359
21
-5.4869577559055118
0
LINE
8
BLACK
6
CONTINUOUS
10
5.2174701181102359
20
-5.4869577559055118
11
5.2056590944881886
21
-5.4869577559055118
0
LINE
8
BLACK
6
CONTINUOUS
10
5.2056590944881886
20
-5.4869577559055118
11
5.2033991338582677
21
-5.4865082283464561
0
LINE
8
BLACK
6
CONTINUOUS
10
5.2033991338582677
20
-5.4865082283464561
11
5.2014832677165357
21
-5.4852280708661416
0
LINE
8
BLACK
6
CONTINUOUS
10
5.2014832677165357
20
-5.4852280708661416
11
5.2002031102362203
21
-5.4833122047244096
0
LINE
8
BLACK
6
CONTINUOUS
10
5.2002031102362203
20
-5.4833122047244096
11
5.1997535826771655
21
-5.4810522440944878
0
LINE
8
BLACK
6
CONTINUOUS
10
5.1997535826771655
20
-5.4810522440944878
11
5.1997535826771655
21
-5.4259341338582674
0
LINE
8
BLACK
6
CONTINUOUS
10
5.1997535826771655
20
-5.4259341338582674
11
5.2002031102362203
21
-5.4236741732283464
0
LINE
8
BLACK
6
CONTINUOUS
10
5.2002031102362203
20
-5.4236741732283464
11
5.2014832677165357
21
-5.4217583070866144
0
LINE
8
BLACK
6
CONTINUOUS
10
5.2014832677165357
20
-5.4217583070866144
11
5.2033991338582677
21
-5.420478149606299
0
LINE
8
BLACK
6
CONTINUOUS
10
5.2033991338582677
20
-5.420478149606299
11
5.2056590944881886
21
-5.4200286220472442
0
LINE
8
BLACK
6
CONTINUOUS
10
5.2056590944881886
20
-5.4200286220472442
11
5.2174701181102359
21
-5.4200286220472442
0
LINE
8
BLACK
6
CONTINUOUS
10
5.2174701181102359
20
-5.4200286220472442
11
5.2197300787401577
21
-5.420478149606299
0
LINE
8
BLACK
6
CONTINUOUS
10
5.268942677165354
20
-5.420478149606299
11
5.2708585433070869
21
-5.4217583070866144
0
LINE
8
BLACK
6
CONTINUOUS
10
5.2708585433070869
20
-5.4217583070866144
11
5.2721387007874014
21
-5.4236741732283464
0
LINE
8
BLACK
6
CONTINUOUS
10
5.2721387007874014
20
-5.4236741732283464
11
5.2725882283464562
21
-5.4259341338582674
0
LINE
8
BLACK
6
CONTINUOUS
10
5.2725882283464562
20
-5.4259341338582674
11
5.2725882283464562
21
-5.4810522440944878
0
LINE
8
BLACK
6
CONTINUOUS
10
5.2725882283464562
20
-5.4810522440944878
11
5.2721387007874014
21
-5.4833122047244096
0
LINE
8
BLACK
6
CONTINUOUS
10
5.2721387007874014
20
-5.4833122047244096
11
5.2708585433070869
21
-5.4852280708661416
0
LINE
8
BLACK
6
CONTINUOUS
10
5.2708585433070869
20
-5.4852280708661416
11
5.268942677165354
21
-5.4865082283464561
0
LINE
8
BLACK
6
CONTINUOUS
10
5.268942677165354
20
-5.4865082283464561
11
5.2666827165354331
21
-5.4869577559055118
0
LINE
8
BLACK
6
CONTINUOUS
10
5.2666827165354331
20
-5.4869577559055118
11
5.2548716929133858
21
-5.4869577559055118
0
LINE
8
BLACK
6
CONTINUOUS
10
5.2548716929133858
20
-5.4869577559055118
11
5.252611732283464
21
-5.4865082283464561
0
LINE
8
BLACK
6
CONTINUOUS
10
5.252611732283464
20
-5.4865082283464561
11
5.250695866141732
21
-5.4852280708661416
0
LINE
8
BLACK
6
CONTINUOUS
10
5.250695866141732
20
-5.4852280708661416
11
5.2494157086614175
21
-5.4833122047244096
0
LINE
8
BLACK
6
CONTINUOUS
10
5.2494157086614175
20
-5.4833122047244096
11
5.2489661811023618
21
-5.4810522440944878
0
LINE
8
BLACK
6
CONTINUOUS
10
5.2489661811023618
20
-5.4810522440944878
11
5.2489661811023618
21
-5.4259341338582674
0
LINE
8
BLACK
6
CONTINUOUS
10
5.2489661811023618
20
-5.4259341338582674
11
5.2494157086614175
21
-5.4236741732283464
0
LINE
8
BLACK
6
CONTINUOUS
10
5.2494157086614175
20
-5.4236741732283464
11
5.250695866141732
21
-5.4217583070866144
0
LINE
8
BLACK
6
CONTINUOUS
10
5.250695866141732
20
-5.4217583070866144
11
5.252611732283464
21
-5.420478149606299
0
LINE
8
BLACK
6
CONTINUOUS
10
5.252611732283464
20
-5.420478149606299
11
5.2548716929133858
21
-5.4200286220472442
0
LINE
8
BLACK
6
CONTINUOUS
10
5.2548716929133858
20
-5.4200286220472442
11
5.2666827165354331
21
-5.4200286220472442
0
LINE
8
BLACK
6
CONTINUOUS
10
5.2666827165354331
20
-5.4200286220472442
11
5.268942677165354
21
-5.420478149606299
0
LINE
8
BLACK
6
CONTINUOUS
10
5.3181552755905512
20
-5.420478149606299
11
5.3200711417322832
21
-5.4217583070866144
0
LINE
8
BLACK
6
CONTINUOUS
10
5.3200711417322832
20
-5.4217583070866144
11
5.3213512992125986
21
-5.4236741732283464
0
LINE
8
BLACK
6
CONTINUOUS
10
5.3213512992125986
20
-5.4236741732283464
11
5.3218008267716534
21
-5.4259341338582674
0
LINE
8
BLACK
6
CONTINUOUS
10
5.3218008267716534
20
-5.4259341338582674
11
5.3218008267716534
21
-5.4810522440944878
0
LINE
8
BLACK
6
CONTINUOUS
10
5.3218008267716534
20
-5.4810522440944878
11
5.3213512992125986
21
-5.4833122047244096
0
LINE
8
BLACK
6
CONTINUOUS
10
5.3213512992125986
20
-5.4833122047244096
11
5.3200711417322832
21
-5.4852280708661416
0
LINE
8
BLACK
6
CONTINUOUS
10
5.3200711417322832
20
-5.4852280708661416
11
5.3181552755905512
21
-5.4865082283464561
0
LINE
8
BLACK
6
CONTINUOUS
10
5.3181552755905512
20
-5.4865082283464561
11
5.3158953149606294
21
-5.4869577559055118
0
LINE
8
BLACK
6
CONTINUOUS
10
5.3158953149606294
20
-5.4869577559055118
11
5.3040842913385822
21
-5.4869577559055118
0
LINE
8
BLACK
6
CONTINUOUS
10
5.3040842913385822
20
-5.4869577559055118
11
5.3018243307086612
21
-5.4865082283464561
0
LINE
8
BLACK
6
CONTINUOUS
10
5.3018243307086612
20
-5.4865082283464561
11
5.2999084645669292
21
-5.4852280708661416
0
LINE
8
BLACK
6
CONTINUOUS
10
5.2999084645669292
20
-5.4852280708661416
11
5.2986283070866138
21
-5.4833122047244096
0
LINE
8
BLACK
6
CONTINUOUS
10
5.2986283070866138
20
-5.4833122047244096
11
5.298178779527559
21
-5.4810522440944878
0
LINE
8
BLACK
6
CONTINUOUS
10
5.298178779527559
20
-5.4810522440944878
11
5.298178779527559
21
-5.4259341338582674
0
LINE
8
BLACK
6
CONTINUOUS
10
5.298178779527559
20
-5.4259341338582674
11
5.2986283070866138
21
-5.4236741732283464
0
LINE
8
BLACK
6
CONTINUOUS
10
5.2986283070866138
20
-5.4236741732283464
11
5.2999084645669292
21
-5.4217583070866144
0
LINE
8
BLACK
6
CONTINUOUS
10
5.2999084645669292
20
-5.4217583070866144
11
5.3018243307086612
21
-5.420478149606299
0
LINE
8
BLACK
6
CONTINUOUS
10
5.3018243307086612
20
-5.420478149606299
11
5.3040842913385822
21
-5.4200286220472442
0
LINE
8
BLACK
6
CONTINUOUS
10
5.3040842913385822
20
-5.4200286220472442
11
5.3158953149606294
21
-5.4200286220472442
0
LINE
8
BLACK
6
CONTINUOUS
10
5.3158953149606294
20
-5.4200286220472442
11
5.3181552755905512
21
-5.420478149606299
0
LINE
8
BLACK
6
CONTINUOUS
10
5.3673678740157476
20
-5.420478149606299
11
5.3692837401574804
21
-5.4217583070866144
0
LINE
8
BLACK
6
CONTINUOUS
10
5.3692837401574804
20
-5.4217583070866144
11
5.370563897637795
21
-5.4236741732283464
0
LINE
8
BLACK
6
CONTINUOUS
10
5.370563897637795
20
-5.4236741732283464
11
5.3710134251968507
21
-5.4259341338582674
0
LINE
8
BLACK
6
CONTINUOUS
10
5.3710134251968507
20
-5.4259341338582674
11
5.3710134251968507
21
-5.4810522440944878
0
LINE
8
BLACK
6
CONTINUOUS
10
5.3710134251968507
20
-5.4810522440944878
11
5.370563897637795
21
-5.4833122047244096
0
LINE
8
BLACK
6
CONTINUOUS
10
5.370563897637795
20
-5.4833122047244096
11
5.3692837401574804
21
-5.4852280708661416
0
LINE
8
BLACK
6
CONTINUOUS
10
5.3692837401574804
20
-5.4852280708661416
11
5.3673678740157476
21
-5.4865082283464561
0
LINE
8
BLACK
6
CONTINUOUS
10
5.3673678740157476
20
-5.4865082283464561
11
5.3651079133858266
21
-5.4869577559055118
0
LINE
8
BLACK
6
CONTINUOUS
10
5.3651079133858266
20
-5.4869577559055118
11
5.3532968897637794
21
-5.4869577559055118
0
LINE
8
BLACK
6
CONTINUOUS
10
5.3532968897637794
20
-5.4869577559055118
11
5.3510369291338584
21
-5.4865082283464561
0
LINE
8
BLACK
6
CONTINUOUS
10
5.3510369291338584
20
-5.4865082283464561
11
5.3491210629921255
21
-5.4852280708661416
0
LINE
8
BLACK
6
CONTINUOUS
10
5.3491210629921255
20
-5.4852280708661416
11
5.347840905511811
21
-5.4833122047244096
0
LINE
8
BLACK
6
CONTINUOUS
10
5.347840905511811
20
-5.4833122047244096
11
5.3473913779527562
21
-5.4810522440944878
0
LINE
8
BLACK
6
CONTINUOUS
10
5.3473913779527562
20
-5.4810522440944878
11
5.3473913779527562
21
-5.4259341338582674
0
LINE
8
BLACK
6
CONTINUOUS
10
5.3473913779527562
20
-5.4259341338582674
11
5.347840905511811
21
-5.4236741732283464
0
LINE
8
BLACK
6
CONTINUOUS
10
5.347840905511811
20
-5.4236741732283464
11
5.3491210629921255
21
-5.4217583070866144
0
LINE
8
BLACK
6
CONTINUOUS
10
5.3491210629921255
20
-5.4217583070866144
11
5.3510369291338584
21
-5.420478149606299
0
LINE
8
BLACK
6
CONTINUOUS
10
5.3510369291338584
20
-5.420478149606299
11
5.3532968897637794
21
-5.4200286220472442
0
LINE
8
BLACK
6
CONTINUOUS
10
5.3532968897637794
20
-5.4200286220472442
11
5.3651079133858266
21
-5.4200286220472442
0
LINE
8
BLACK
6
CONTINUOUS
10
5.3651079133858266
20
-5.4200286220472442
11
5.3673678740157476
21
-5.420478149606299
0
LINE
8
BLACK
6
CONTINUOUS
10
5.4165804724409448
20
-5.420478149606299
11
5.4184963385826768
21
-5.4217583070866144
0
LINE
8
BLACK
6
CONTINUOUS
10
5.4184963385826768
20
-5.4217583070866144
11
5.4197764960629922
21
-5.4236741732283464
0
LINE
8
BLACK
6
CONTINUOUS
10
5.4197764960629922
20
-5.4236741732283464
11
5.420226023622047
21
-5.4259341338582674
0
LINE
8
BLACK
6
CONTINUOUS
10
5.420226023622047
20
-5.4259341338582674
11
5.420226023622047
21
-5.4810522440944878
0
LINE
8
BLACK
6
CONTINUOUS
10
5.420226023622047
20
-5.4810522440944878
11
5.4197764960629922
21
-5.4833122047244096
0
LINE
8
BLACK
6
CONTINUOUS
10
5.4197764960629922
20
-5.4833122047244096
11
5.4184963385826768
21
-5.4852280708661416
0
LINE
8
BLACK
6
CONTINUOUS
10
5.4184963385826768
20
-5.4852280708661416
11
5.4165804724409448
21
-5.4865082283464561
0
LINE
8
BLACK
6
CONTINUOUS
10
5.4165804724409448
20
-5.4865082283464561
11
5.4143205118110238
21
-5.4869577559055118
0
LINE
8
BLACK
6
CONTINUOUS
10
5.4143205118110238
20
-5.4869577559055118
11
5.4025094881889766
21
-5.4869577559055118
0
LINE
8
BLACK
6
CONTINUOUS
10
5.4025094881889766
20
-5.4869577559055118
11
5.4002495275590547
21
-5.4865082283464561
0
LINE
8
BLACK
6
CONTINUOUS
10
5.4002495275590547
20
-5.4865082283464561
11
5.3983336614173227
21
-5.4852280708661416
0
LINE
8
BLACK
6
CONTINUOUS
10
5.3983336614173227
20
-5.4852280708661416
11
5.3970535039370073
21
-5.4833122047244096
0
LINE
8
BLACK
6
CONTINUOUS
10
5.3970535039370073
20
-5.4833122047244096
11
5.3966039763779525
21
-5.4810522440944878
0
LINE
8
BLACK
6
CONTINUOUS
10
5.3966039763779525
20
-5.4810522440944878
11
5.3966039763779525
21
-5.4259341338582674
0
LINE
8
BLACK
6
CONTINUOUS
10
5.3966039763779525
20
-5.4259341338582674
11
5.3970535039370073
21
-5.4236741732283464
0
LINE
8
BLACK
6
CONTINUOUS
10
5.3970535039370073
20
-5.4236741732283464
11
5.3983336614173227
21
-5.4217583070866144
0
LINE
8
BLACK
6
CONTINUOUS
10
5.3983336614173227
20
-5.4217583070866144
11
5.4002495275590547
21
-5.420478149606299
0
LINE
8
BLACK
6
CONTINUOUS
10
5.4002495275590547
20
-5.420478149606299
11
5.4025094881889766
21
-5.4200286220472442
0
LINE
8
BLACK
6
CONTINUOUS
10
5.4025094881889766
20
-5.4200286220472442
11
5.4143205118110238
21
-5.4200286220472442
0
LINE
8
BLACK
6
CONTINUOUS
10
5.4143205118110238
20
-5.4200286220472442
11
5.4165804724409448
21
-5.420478149606299
0
LINE
8
BLACK
6
CONTINUOUS
10
5.465793070866142
20
-5.420478149606299
11
5.467708937007874
21
-5.4217583070866144
0
LINE
8
BLACK
6
CONTINUOUS
10
5.467708937007874
20
-5.4217583070866144
11
5.4689890944881885
21
-5.4236741732283464
0
LINE
8
BLACK
6
CONTINUOUS
10
5.4689890944881885
20
-5.4236741732283464
11
5.4694386220472442
21
-5.4259341338582674
0
LINE
8
BLACK
6
CONTINUOUS
10
5.4694386220472442
20
-5.4259341338582674
11
5.4694386220472442
21
-5.4810522440944878
0
LINE
8
BLACK
6
CONTINUOUS
10
5.4694386220472442
20
-5.4810522440944878
11
5.4689890944881885
21
-5.4833122047244096
0
LINE
8
BLACK
6
CONTINUOUS
10
5.4689890944881885
20
-5.4833122047244096
11
5.467708937007874
21
-5.4852280708661416
0
LINE
8
BLACK
6
CONTINUOUS
10
5.467708937007874
20
-5.4852280708661416
11
5.465793070866142
21
-5.4865082283464561
0
LINE
8
BLACK
6
CONTINUOUS
10
5.465793070866142
20
-5.4865082283464561
11
5.4635331102362201
21
-5.4869577559055118
0
LINE
8
BLACK
6
CONTINUOUS
10
5.4635331102362201
20
-5.4869577559055118
11
5.4517220866141729
21
-5.4869577559055118
0
LINE
8
BLACK
6
CONTINUOUS
10
5.4517220866141729
20
-5.4869577559055118
11
5.4494621259842519
21
-5.4865082283464561
0
LINE
8
BLACK
6
CONTINUOUS
10
5.4494621259842519
20
-5.4865082283464561
11
5.4475462598425199
21
-5.4852280708661416
0
LINE
8
BLACK
6
CONTINUOUS
10
5.4475462598425199
20
-5.4852280708661416
11
5.4462661023622045
21
-5.4833122047244096
0
LINE
8
BLACK
6
CONTINUOUS
10
5.4462661023622045
20
-5.4833122047244096
11
5.4458165748031497
21
-5.4810522440944878
0
LINE
8
BLACK
6
CONTINUOUS
10
5.4458165748031497
20
-5.4810522440944878
11
5.4458165748031497
21
-5.4259341338582674
0
LINE
8
BLACK
6
CONTINUOUS
10
5.4458165748031497
20
-5.4259341338582674
11
5.4462661023622045
21
-5.4236741732283464
0
LINE
8
BLACK
6
CONTINUOUS
10
5.4462661023622045
20
-5.4236741732283464
11
5.4475462598425199
21
-5.4217583070866144
0
LINE
8
BLACK
6
CONTINUOUS
10
5.4475462598425199
20
-5.4217583070866144
11
5.4494621259842519
21
-5.420478149606299
0
LINE
8
BLACK
6
CONTINUOUS
10
5.4494621259842519
20
-5.420478149606299
11
5.4517220866141729
21
-5.4200286220472442
0
LINE
8
BLACK
6
CONTINUOUS
10
5.4517220866141729
20
-5.4200286220472442
11
5.4635331102362201
21
-5.4200286220472442
0
LINE
8
BLACK
6
CONTINUOUS
10
5.4635331102362201
20
-5.4200286220472442
11
5.465793070866142
21
-5.420478149606299
0
LINE
8
BLACK
6
CONTINUOUS
10
4.9180870866141735
20
-5.4111321653543305
11
4.9212802362204719
21
-5.4132657480314963
0
LINE
8
BLACK
6
CONTINUOUS
10
4.9212802362204719
20
-5.4132657480314963
11
4.9234138188976377
21
-5.4164588976377948
0
LINE
8
BLACK
6
CONTINUOUS
10
4.9234138188976377
20
-5.4164588976377948
11
4.9241630314960627
21
-5.4202254724409444
0
LINE
8
BLACK
6
CONTINUOUS
10
4.9241630314960627
20
-5.4202254724409444
11
4.9241630314960627
21
-5.4576270472440944
0
LINE
8
BLACK
6
CONTINUOUS
10
4.9241630314960627
20
-5.4576270472440944
11
4.9234138188976377
21
-5.4613936220472441
0
LINE
8
BLACK
6
CONTINUOUS
10
4.9234138188976377
20
-5.4613936220472441
11
4.9212802362204719
21
-5.4645867716535435
0
LINE
8
BLACK
6
CONTINUOUS
10
4.9212802362204719
20
-5.4645867716535435
11
4.9180870866141735
21
-5.4667203543307084
0
LINE
8
BLACK
6
CONTINUOUS
10
4.9180870866141735
20
-5.4667203543307084
11
4.9143205118110238
21
-5.4674695669291333
0
LINE
8
BLACK
6
CONTINUOUS
10
4.9143205118110238
20
-5.4674695669291333
11
4.8946354724409451
21
-5.4674695669291333
0
LINE
8
BLACK
6
CONTINUOUS
10
4.8946354724409451
20
-5.4674695669291333
11
4.8908688976377954
21
-5.4667203543307084
0
LINE
8
BLACK
6
CONTINUOUS
10
4.8908688976377954
20
-5.4667203543307084
11
4.8876757480314961
21
-5.4645867716535435
0
LINE
8
BLACK
6
CONTINUOUS
10
4.8876757480314961
20
-5.4645867716535435
11
4.8855421653543303
21
-5.4613936220472441
0
LINE
8
BLACK
6
CONTINUOUS
10
4.8855421653543303
20
-5.4613936220472441
11
4.8847929527559053
21
-5.4576270472440944
0
LINE
8
BLACK
6
CONTINUOUS
10
4.8847929527559053
20
-5.4576270472440944
11
4.8847929527559053
21
-5.4202254724409444
0
LINE
8
BLACK
6
CONTINUOUS
10
4.8847929527559053
20
-5.4202254724409444
11
4.8855421653543303
21
-5.4164588976377948
0
LINE
8
BLACK
6
CONTINUOUS
10
4.8855421653543303
20
-5.4164588976377948
11
4.8876757480314961
21
-5.4132657480314963
0
LINE
8
BLACK
6
CONTINUOUS
10
4.8876757480314961
20
-5.4132657480314963
11
4.8908688976377954
21
-5.4111321653543305
0
LINE
8
BLACK
6
CONTINUOUS
10
4.8908688976377954
20
-5.4111321653543305
11
4.8946354724409451
21
-5.4103829527559055
0
LINE
8
BLACK
6
CONTINUOUS
10
4.8946354724409451
20
-5.4103829527559055
11
4.9143205118110238
21
-5.4103829527559055
0
LINE
8
BLACK
6
CONTINUOUS
10
4.9143205118110238
20
-5.4103829527559055
11
4.9180870866141735
21
-5.4111321653543305
0
LINE
8
BLACK
6
CONTINUOUS
10
4.9928902362204726
20
-5.4111321653543305
11
4.9960833858267719
21
-5.4132657480314963
0
LINE
8
BLACK
6
CONTINUOUS
10
4.9960833858267719
20
-5.4132657480314963
11
4.9982169685039368
21
-5.4164588976377948
0
LINE
8
BLACK
6
CONTINUOUS
10
4.9982169685039368
20
-5.4164588976377948
11
4.9989661811023618
21
-5.4202254724409444
0
LINE
8
BLACK
6
CONTINUOUS
10
4.9989661811023618
20
-5.4202254724409444
11
4.9989661811023618
21
-5.4576270472440944
0
LINE
8
BLACK
6
CONTINUOUS
10
4.9989661811023618
20
-5.4576270472440944
11
4.9982169685039368
21
-5.4613936220472441
0
LINE
8
BLACK
6
CONTINUOUS
10
4.9982169685039368
20
-5.4613936220472441
11
4.9960833858267719
21
-5.4645867716535435
0
LINE
8
BLACK
6
CONTINUOUS
10
4.9960833858267719
20
-5.4645867716535435
11
4.9928902362204726
21
-5.4667203543307084
0
LINE
8
BLACK
6
CONTINUOUS
10
4.9928902362204726
20
-5.4667203543307084
11
4.9891236614173229
21
-5.4674695669291333
0
LINE
8
BLACK
6
CONTINUOUS
10
4.9891236614173229
20
-5.4674695669291333
11
4.9694386220472442
21
-5.4674695669291333
0
LINE
8
BLACK
6
CONTINUOUS
10
4.9694386220472442
20
-5.4674695669291333
11
4.9656720472440945
21
-5.4667203543307084
0
LINE
8
BLACK
6
CONTINUOUS
10
4.9656720472440945
20
-5.4667203543307084
11
4.9624788976377951
21
-5.4645867716535435
0
LINE
8
BLACK
6
CONTINUOUS
10
4.9624788976377951
20
-5.4645867716535435
11
4.9603453149606302
21
-5.4613936220472441
0
LINE
8
BLACK
6
CONTINUOUS
10
4.9603453149606302
20
-5.4613936220472441
11
4.9595961023622044
21
-5.4576270472440944
0
LINE
8
BLACK
6
CONTINUOUS
10
4.9595961023622044
20
-5.4576270472440944
11
4.9595961023622044
21
-5.4202254724409444
0
LINE
8
BLACK
6
CONTINUOUS
10
4.9595961023622044
20
-5.4202254724409444
11
4.9603453149606302
21
-5.4164588976377948
0
LINE
8
BLACK
6
CONTINUOUS
10
4.9603453149606302
20
-5.4164588976377948
11
4.9624788976377951
21
-5.4132657480314963
0
LINE
8
BLACK
6
CONTINUOUS
10
4.9624788976377951
20
-5.4132657480314963
11
4.9656720472440945
21
-5.4111321653543305
0
LINE
8
BLACK
6
CONTINUOUS
10
4.9656720472440945
20
-5.4111321653543305
11
4.9694386220472442
21
-5.4103829527559055
0
LINE
8
BLACK
6
CONTINUOUS
10
4.9694386220472442
20
-5.4103829527559055
11
4.9891236614173229
21
-5.4103829527559055
0
LINE
8
BLACK
6
CONTINUOUS
10
4.9891236614173229
20
-5.4103829527559055
11
4.9928902362204726
21
-5.4111321653543305
0
LINE
8
BLACK
6
CONTINUOUS
10
4.7456461417322835
20
-5.4109353149606294
11
4.7488392913385828
21
-5.4130688976377952
0
LINE
8
BLACK
6
CONTINUOUS
10
4.7488392913385828
20
-5.4130688976377952
11
4.7509728740157477
21
-5.4162620472440945
0
LINE
8
BLACK
6
CONTINUOUS
10
4.7509728740157477
20
-5.4162620472440945
11
4.7517220866141727
21
-5.4200286220472442
0
LINE
8
BLACK
6
CONTINUOUS
10
4.7517220866141727
20
-5.4200286220472442
11
4.7517220866141727
21
-5.4554616929133859
0
LINE
8
BLACK
6
CONTINUOUS
10
4.7517220866141727
20
-5.4554616929133859
11
4.7509728740157477
21
-5.4592282677165356
0
LINE
8
BLACK
6
CONTINUOUS
10
4.7509728740157477
20
-5.4592282677165356
11
4.7488392913385828
21
-5.4624214173228349
0
LINE
8
BLACK
6
CONTINUOUS
10
4.7488392913385828
20
-5.4624214173228349
11
4.7456461417322835
21
-5.4645549999999998
0
LINE
8
BLACK
6
CONTINUOUS
10
4.7456461417322835
20
-5.4645549999999998
11
4.7418795669291338
21
-5.4653042125984248
0
LINE
8
BLACK
6
CONTINUOUS
10
4.7418795669291338
20
-5.4653042125984248
11
4.7212102755905514
21
-5.4653042125984248
0
LINE
8
BLACK
6
CONTINUOUS
10
4.7212102755905514
20
-5.4653042125984248
11
4.7174437007874017
21
-5.4645549999999998
0
LINE
8
BLACK
6
CONTINUOUS
10
4.7174437007874017
20
-5.4645549999999998
11
4.7142505511811024
21
-5.4624214173228349
0
LINE
8
BLACK
6
CONTINUOUS
10
4.7142505511811024
20
-5.4624214173228349
11
4.7121169685039366
21
-5.4592282677165356
0
LINE
8
BLACK
6
CONTINUOUS
10
4.7121169685039366
20
-5.4592282677165356
11
4.7113677559055116
21
-5.4554616929133859
0
LINE
8
BLACK
6
CONTINUOUS
10
4.7113677559055116
20
-5.4554616929133859
11
4.7113677559055116
21
-5.4200286220472442
0
LINE
8
BLACK
6
CONTINUOUS
10
4.7113677559055116
20
-5.4200286220472442
11
4.7121169685039366
21
-5.4162620472440945
0
LINE
8
BLACK
6
CONTINUOUS
10
4.7121169685039366
20
-5.4162620472440945
11
4.7142505511811024
21
-5.4130688976377952
0
LINE
8
BLACK
6
CONTINUOUS
10
4.7142505511811024
20
-5.4130688976377952
11
4.7174437007874017
21
-5.4109353149606294
0
LINE
8
BLACK
6
CONTINUOUS
10
4.7174437007874017
20
-5.4109353149606294
11
4.7212102755905514
21
-5.4101861023622044
0
LINE
8
BLACK
6
CONTINUOUS
10
4.7212102755905514
20
-5.4101861023622044
11
4.7418795669291338
21
-5.4101861023622044
0
LINE
8
BLACK
6
CONTINUOUS
10
4.7418795669291338
20
-5.4101861023622044
11
4.7456461417322835
21
-5.4109353149606294
0
LINE
8
BLACK
6
CONTINUOUS
10
4.8174965354330705
20
-5.4109353149606294
11
4.8206896850393699
21
-5.4130688976377952
0
LINE
8
BLACK
6
CONTINUOUS
10
4.8206896850393699
20
-5.4130688976377952
11
4.8228232677165357
21
-5.4162620472440945
0
LINE
8
BLACK
6
CONTINUOUS
10
4.8228232677165357
20
-5.4162620472440945
11
4.8235724803149607
21
-5.4200286220472442
0
LINE
8
BLACK
6
CONTINUOUS
10
4.8235724803149607
20
-5.4200286220472442
11
4.8235724803149607
21
-5.4554616929133859
0
LINE
8
BLACK
6
CONTINUOUS
10
4.8235724803149607
20
-5.4554616929133859
11
4.8228232677165357
21
-5.4592282677165356
0
LINE
8
BLACK
6
CONTINUOUS
10
4.8228232677165357
20
-5.4592282677165356
11
4.8206896850393699
21
-5.4624214173228349
0
LINE
8
BLACK
6
CONTINUOUS
10
4.8206896850393699
20
-5.4624214173228349
11
4.8174965354330705
21
-5.4645549999999998
0
LINE
8
BLACK
6
CONTINUOUS
10
4.8174965354330705
20
-5.4645549999999998
11
4.8137299606299209
21
-5.4653042125984248
0
LINE
8
BLACK
6
CONTINUOUS
10
4.8137299606299209
20
-5.4653042125984248
11
4.7930606692913384
21
-5.4653042125984248
0
LINE
8
BLACK
6
CONTINUOUS
10
4.7930606692913384
20
-5.4653042125984248
11
4.7892940944881888
21
-5.4645549999999998
0
LINE
8
BLACK
6
CONTINUOUS
10
4.7892940944881888
20
-5.4645549999999998
11
4.7861009448818894
21
-5.4624214173228349
0
LINE
8
BLACK
6
CONTINUOUS
10
4.7861009448818894
20
-5.4624214173228349
11
4.7839673622047245
21
-5.4592282677165356
0
LINE
8
BLACK
6
CONTINUOUS
10
4.7839673622047245
20
-5.4592282677165356
11
4.7832181496062995
21
-5.4554616929133859
0
LINE
8
BLACK
6
CONTINUOUS
10
4.7832181496062995
20
-5.4554616929133859
11
4.7832181496062995
21
-5.4200286220472442
0
LINE
8
BLACK
6
CONTINUOUS
10
4.7832181496062995
20
-5.4200286220472442
11
4.7839673622047245
21
-5.4162620472440945
0
LINE
8
BLACK
6
CONTINUOUS
10
4.7839673622047245
20
-5.4162620472440945
11
4.7861009448818894
21
-5.4130688976377952
0
LINE
8
BLACK
6
CONTINUOUS
10
4.7861009448818894
20
-5.4130688976377952
11
4.7892940944881888
21
-5.4109353149606294
0
LINE
8
BLACK
6
CONTINUOUS
10
4.7892940944881888
20
-5.4109353149606294
11
4.7930606692913384
21
-5.4101861023622044
0
LINE
8
BLACK
6
CONTINUOUS
10
4.7930606692913384
20
-5.4101861023622044
11
4.8137299606299209
21
-5.4101861023622044
0
LINE
8
BLACK
6
CONTINUOUS
10
4.8137299606299209
20
-5.4101861023622044
11
4.8174965354330705
21
-5.4109353149606294
0
LINE
8
BLACK
6
CONTINUOUS
10
5.8561815748031494
20
-4.728777834645669
11
5.8593747244094487
21
-4.7309114173228348
0
LINE
8
BLACK
6
CONTINUOUS
10
5.8593747244094487
20
-4.7309114173228348
11
5.8615083070866136
21
-4.7341045669291342
0
LINE
8
BLACK
6
CONTINUOUS
10
5.8615083070866136
20
-4.7341045669291342
11
5.8622575196850395
21
-4.737871141732283
0
LINE
8
BLACK
6
CONTINUOUS
10
5.8622575196850395
20
-4.737871141732283
11
5.8622575196850395
21
-4.7673987007874015
0
LINE
8
BLACK
6
CONTINUOUS
10
5.8622575196850395
20
-4.7673987007874015
11
5.8615083070866136
21
-4.7711652755905511
0
LINE
8
BLACK
6
CONTINUOUS
10
5.8615083070866136
20
-4.7711652755905511
11
5.8593747244094487
21
-4.7743584251968505
0
LINE
8
BLACK
6
CONTINUOUS
10
5.8593747244094487
20
-4.7743584251968505
11
5.8561815748031494
21
-4.7764920078740154
0
LINE
8
BLACK
6
CONTINUOUS
10
5.8561815748031494
20
-4.7764920078740154
11
5.8524149999999997
21
-4.7772412204724413
0
LINE
8
BLACK
6
CONTINUOUS
10
5.8524149999999997
20
-4.7772412204724413
11
5.8032024015748034
21
-4.7772412204724413
0
LINE
8
BLACK
6
CONTINUOUS
10
5.8032024015748034
20
-4.7772412204724413
11
5.7994358267716537
21
-4.7764920078740154
0
LINE
8
BLACK
6
CONTINUOUS
10
5.7994358267716537
20
-4.7764920078740154
11
5.7962426771653544
21
-4.7743584251968505
0
LINE
8
BLACK
6
CONTINUOUS
10
5.7962426771653544
20
-4.7743584251968505
11
5.7941090944881886
21
-4.7711652755905511
0
LINE
8
BLACK
6
CONTINUOUS
10
5.7941090944881886
20
-4.7711652755905511
11
5.7933598818897636
21
-4.7673987007874015
0
LINE
8
BLACK
6
CONTINUOUS
10
5.7933598818897636
20
-4.7673987007874015
11
5.7933598818897636
21
-4.737871141732283
0
LINE
8
BLACK
6
CONTINUOUS
10
5.7933598818897636
20
-4.737871141732283
11
5.7941090944881886
21
-4.7341045669291342
0
LINE
8
BLACK
6
CONTINUOUS
10
5.7941090944881886
20
-4.7341045669291342
11
5.7962426771653544
21
-4.7309114173228348
0
LINE
8
BLACK
6
CONTINUOUS
10
5.7962426771653544
20
-4.7309114173228348
11
5.7994358267716537
21
-4.728777834645669
0
LINE
8
BLACK
6
CONTINUOUS
10
5.7994358267716537
20
-4.728777834645669
11
5.8032024015748034
21
-4.7280286220472441
0
LINE
8
BLACK
6
CONTINUOUS
10
5.8032024015748034
20
-4.7280286220472441
11
5.8524149999999997
21
-4.7280286220472441
0
LINE
8
BLACK
6
CONTINUOUS
10
5.8524149999999997
20
-4.7280286220472441
11
5.8561815748031494
21
-4.728777834645669
0
LINE
8
BLACK
6
CONTINUOUS
10
6.0530319685039364
20
-4.728777834645669
11
6.0562251181102358
21
-4.7309114173228348
0
LINE
8
BLACK
6
CONTINUOUS
10
6.0562251181102358
20
-4.7309114173228348
11
6.0583587007874016
21
-4.7341045669291342
0
LINE
8
BLACK
6
CONTINUOUS
10
6.0583587007874016
20
-4.7341045669291342
11
6.0591079133858265
21
-4.737871141732283
0
LINE
8
BLACK
6
CONTINUOUS
10
6.0591079133858265
20
-4.737871141732283
11
6.0591079133858265
21
-4.7673987007874015
0
LINE
8
BLACK
6
CONTINUOUS
10
6.0591079133858265
20
-4.7673987007874015
11
6.0583587007874016
21
-4.7711652755905511
0
LINE
8
BLACK
6
CONTINUOUS
10
6.0583587007874016
20
-4.7711652755905511
11
6.0562251181102358
21
-4.7743584251968505
0
LINE
8
BLACK
6
CONTINUOUS
10
6.0562251181102358
20
-4.7743584251968505
11
6.0530319685039364
21
-4.7764920078740154
0
LINE
8
BLACK
6
CONTINUOUS
10
6.0530319685039364
20
-4.7764920078740154
11
6.0492653937007876
21
-4.7772412204724413
0
LINE
8
BLACK
6
CONTINUOUS
10
6.0492653937007876
20
-4.7772412204724413
11
6.0000527952755904
21
-4.7772412204724413
0
LINE
8
BLACK
6
CONTINUOUS
10
6.0000527952755904
20
-4.7772412204724413
11
5.9962862204724408
21
-4.7764920078740154
0
LINE
8
BLACK
6
CONTINUOUS
10
5.9962862204724408
20
-4.7764920078740154
11
5.9930930708661414
21
-4.7743584251968505
0
LINE
8
BLACK
6
CONTINUOUS
10
5.9930930708661414
20
-4.7743584251968505
11
5.9909594881889765
21
-4.7711652755905511
0
LINE
8
BLACK
6
CONTINUOUS
10
5.9909594881889765
20
-4.7711652755905511
11
5.9902102755905506
21
-4.7673987007874015
0
LINE
8
BLACK
6
CONTINUOUS
10
5.9902102755905506
20
-4.7673987007874015
11
5.9902102755905506
21
-4.737871141732283
0
LINE
8
BLACK
6
CONTINUOUS
10
5.9902102755905506
20
-4.737871141732283
11
5.9909594881889765
21
-4.7341045669291342
0
LINE
8
BLACK
6
CONTINUOUS
10
5.9909594881889765
20
-4.7341045669291342
11
5.9930930708661414
21
-4.7309114173228348
0
LINE
8
BLACK
6
CONTINUOUS
10
5.9930930708661414
20
-4.7309114173228348
11
5.9962862204724408
21
-4.728777834645669
0
LINE
8
BLACK
6
CONTINUOUS
10
5.9962862204724408
20
-4.728777834645669
11
6.0000527952755904
21
-4.7280286220472441
0
LINE
8
BLACK
6
CONTINUOUS
10
6.0000527952755904
20
-4.7280286220472441
11
6.0492653937007876
21
-4.7280286220472441
0
LINE
8
BLACK
6
CONTINUOUS
10
6.0492653937007876
20
-4.7280286220472441
11
6.0530319685039364
21
-4.728777834645669
0
LINE
8
BLACK
6
CONTINUOUS
10
6.2498823622047244
20
-4.728777834645669
11
6.2530755118110237
21
-4.7309114173228348
0
LINE
8
BLACK
6
CONTINUOUS
10
6.2530755118110237
20
-4.7309114173228348
11
6.2552090944881886
21
-4.7341045669291342
0
LINE
8
BLACK
6
CONTINUOUS
10
6.2552090944881886
20
-4.7341045669291342
11
6.2559583070866136
21
-4.737871141732283
0
LINE
8
BLACK
6
CONTINUOUS
10
6.2559583070866136
20
-4.737871141732283
11
6.2559583070866136
21
-4.7673987007874015
0
LINE
8
BLACK
6
CONTINUOUS
10
6.2559583070866136
20
-4.7673987007874015
11
6.2552090944881886
21
-4.7711652755905511
0
LINE
8
BLACK
6
CONTINUOUS
10
6.2552090944881886
20
-4.7711652755905511
11
6.2530755118110237
21
-4.7743584251968505
0
LINE
8
BLACK
6
CONTINUOUS
10
6.2530755118110237
20
-4.7743584251968505
11
6.2498823622047244
21
-4.7764920078740154
0
LINE
8
BLACK
6
CONTINUOUS
10
6.2498823622047244
20
-4.7764920078740154
11
6.2461157874015747
21
-4.7772412204724413
0
LINE
8
BLACK
6
CONTINUOUS
10
6.2461157874015747
20
-4.7772412204724413
11
6.1969031889763775
21
-4.7772412204724413
0
LINE
8
BLACK
6
CONTINUOUS
10
6.1969031889763775
20
-4.7772412204724413
11
6.1931366141732278
21
-4.7764920078740154
0
LINE
8
BLACK
6
CONTINUOUS
10
6.1931366141732278
20
-4.7764920078740154
11
6.1899434645669293
21
-4.7743584251968505
0
LINE
8
BLACK
6
CONTINUOUS
10
6.1899434645669293
20
-4.7743584251968505
11
6.1878098818897636
21
-4.7711652755905511
0
LINE
8
BLACK
6
CONTINUOUS
10
6.1878098818897636
20
-4.7711652755905511
11
6.1870606692913386
21
-4.7673987007874015
0
LINE
8
BLACK
6
CONTINUOUS
10
6.1870606692913386
20
-4.7673987007874015
11
6.1870606692913386
21
-4.737871141732283
0
LINE
8
BLACK
6
CONTINUOUS
10
6.1870606692913386
20
-4.737871141732283
11
6.1878098818897636
21
-4.7341045669291342
0
LINE
8
BLACK
6
CONTINUOUS
10
6.1878098818897636
20
-4.7341045669291342
11
6.1899434645669293
21
-4.7309114173228348
0
LINE
8
BLACK
6
CONTINUOUS
10
6.1899434645669293
20
-4.7309114173228348
11
6.1931366141732278
21
-4.728777834645669
0
LINE
8
BLACK
6
CONTINUOUS
10
6.1931366141732278
20
-4.728777834645669
11
6.1969031889763775
21
-4.7280286220472441
0
LINE
8
BLACK
6
CONTINUOUS
10
6.1969031889763775
20
-4.7280286220472441
11
6.2461157874015747
21
-4.7280286220472441
0
LINE
8
BLACK
6
CONTINUOUS
10
6.2461157874015747
20
-4.7280286220472441
11
6.2498823622047244
21
-4.728777834645669
0
LINE
8
BLACK
6
CONTINUOUS
10
5.8561815748031494
20
-4.6185416141732283
11
5.8593747244094487
21
-4.6206751968503932
0
LINE
8
BLACK
6
CONTINUOUS
10
5.8593747244094487
20
-4.6206751968503932
11
5.8615083070866136
21
-4.6238683464566925
0
LINE
8
BLACK
6
CONTINUOUS
10
5.8615083070866136
20
-4.6238683464566925
11
5.8622575196850395
21
-4.6276349212598422
0
LINE
8
BLACK
6
CONTINUOUS
10
5.8622575196850395
20
-4.6276349212598422
11
5.8622575196850395
21
-4.6571624803149607
0
LINE
8
BLACK
6
CONTINUOUS
10
5.8622575196850395
20
-4.6571624803149607
11
5.8615083070866136
21
-4.6609290551181104
0
LINE
8
BLACK
6
CONTINUOUS
10
5.8615083070866136
20
-4.6609290551181104
11
5.8593747244094487
21
-4.6641222047244097
0
LINE
8
BLACK
6
CONTINUOUS
10
5.8593747244094487
20
-4.6641222047244097
11
5.8561815748031494
21
-4.6662557874015747
0
LINE
8
BLACK
6
CONTINUOUS
10
5.8561815748031494
20
-4.6662557874015747
11
5.8524149999999997
21
-4.6670049999999996
0
LINE
8
BLACK
6
CONTINUOUS
10
5.8524149999999997
20
-4.6670049999999996
11
5.8032024015748034
21
-4.6670049999999996
0
LINE
8
BLACK
6
CONTINUOUS
10
5.8032024015748034
20
-4.6670049999999996
11
5.7994358267716537
21
-4.6662557874015747
0
LINE
8
BLACK
6
CONTINUOUS
10
5.7994358267716537
20
-4.6662557874015747
11
5.7962426771653544
21
-4.6641222047244097
0
LINE
8
BLACK
6
CONTINUOUS
10
5.7962426771653544
20
-4.6641222047244097
11
5.7941090944881886
21
-4.6609290551181104
0
LINE
8
BLACK
6
CONTINUOUS
10
5.7941090944881886
20
-4.6609290551181104
11
5.7933598818897636
21
-4.6571624803149607
0
LINE
8
BLACK
6
CONTINUOUS
10
5.7933598818897636
20
-4.6571624803149607
11
5.7933598818897636
21
-4.6276349212598422
0
LINE
8
BLACK
6
CONTINUOUS
10
5.7933598818897636
20
-4.6276349212598422
11
5.7941090944881886
21
-4.6238683464566925
0
LINE
8
BLACK
6
CONTINUOUS
10
5.7941090944881886
20
-4.6238683464566925
11
5.7962426771653544
21
-4.6206751968503932
0
LINE
8
BLACK
6
CONTINUOUS
10
5.7962426771653544
20
-4.6206751968503932
11
5.7994358267716537
21
-4.6185416141732283
0
LINE
8
BLACK
6
CONTINUOUS
10
5.7994358267716537
20
-4.6185416141732283
11
5.8032024015748034
21
-4.6177924015748033
0
LINE
8
BLACK
6
CONTINUOUS
10
5.8032024015748034
20
-4.6177924015748033
11
5.8524149999999997
21
-4.6177924015748033
0
LINE
8
BLACK
6
CONTINUOUS
10
5.8524149999999997
20
-4.6177924015748033
11
5.8561815748031494
21
-4.6185416141732283
0
LINE
8
BLACK
6
CONTINUOUS
10
6.0530319685039364
20
-4.6185416141732283
11
6.0562251181102358
21
-4.6206751968503932
0
LINE
8
BLACK
6
CONTINUOUS
10
6.0562251181102358
20
-4.6206751968503932
11
6.0583587007874016
21
-4.6238683464566925
0
LINE
8
BLACK
6
CONTINUOUS
10
6.0583587007874016
20
-4.6238683464566925
11
6.0591079133858265
21
-4.6276349212598422
0
LINE
8
BLACK
6
CONTINUOUS
10
6.0591079133858265
20
-4.6276349212598422
11
6.0591079133858265
21
-4.6571624803149607
0
LINE
8
BLACK
6
CONTINUOUS
10
6.0591079133858265
20
-4.6571624803149607
11
6.0583587007874016
21
-4.6609290551181104
0
LINE
8
BLACK
6
CONTINUOUS
10
6.0583587007874016
20
-4.6609290551181104
11
6.0562251181102358
21
-4.6641222047244097
0
LINE
8
BLACK
6
CONTINUOUS
10
6.0562251181102358
20
-4.6641222047244097
11
6.0530319685039364
21
-4.6662557874015747
0
LINE
8
BLACK
6
CONTINUOUS
10
6.0530319685039364
20
-4.6662557874015747
11
6.0492653937007876
21
-4.6670049999999996
0
LINE
8
BLACK
6
CONTINUOUS
10
6.0492653937007876
20
-4.6670049999999996
11
6.0000527952755904
21
-4.6670049999999996
0
LINE
8
BLACK
6
CONTINUOUS
10
6.0000527952755904
20
-4.6670049999999996
11
5.9962862204724408
21
-4.6662557874015747
0
LINE
8
BLACK
6
CONTINUOUS
10
5.9962862204724408
20
-4.6662557874015747
11
5.9930930708661414
21
-4.6641222047244097
0
LINE
8
BLACK
6
CONTINUOUS
10
5.9930930708661414
20
-4.6641222047244097
11
5.9909594881889765
21
-4.6609290551181104
0
LINE
8
BLACK
6
CONTINUOUS
10
5.9909594881889765
20
-4.6609290551181104
11
5.9902102755905506
21
-4.6571624803149607
0
LINE
8
BLACK
6
CONTINUOUS
10
5.9902102755905506
20
-4.6571624803149607
11
5.9902102755905506
21
-4.6276349212598422
0
LINE
8
BLACK
6
CONTINUOUS
10
5.9902102755905506
20
-4.6276349212598422
11
5.9909594881889765
21
-4.6238683464566925
0
LINE
8
BLACK
6
CONTINUOUS
10
5.9909594881889765
20
-4.6238683464566925
11
5.9930930708661414
21
-4.6206751968503932
0
LINE
8
BLACK
6
CONTINUOUS
10
5.9930930708661414
20
-4.6206751968503932
11
5.9962862204724408
21
-4.6185416141732283
0
LINE
8
BLACK
6
CONTINUOUS
10
5.9962862204724408
20
-4.6185416141732283
11
6.0000527952755904
21
-4.6177924015748033
0
LINE
8
BLACK
6
CONTINUOUS
10
6.0000527952755904
20
-4.6177924015748033
11
6.0492653937007876
21
-4.6177924015748033
0
LINE
8
BLACK
6
CONTINUOUS
10
6.0492653937007876
20
-4.6177924015748033
11
6.0530319685039364
21
-4.6185416141732283
0
LINE
8
BLACK
6
CONTINUOUS
10
6.2498823622047244
20
-4.6185416141732283
11
6.2530755118110237
21
-4.6206751968503932
0
LINE
8
BLACK
6
CONTINUOUS
10
6.2530755118110237
20
-4.6206751968503932
11
6.2552090944881886
21
-4.6238683464566925
0
LINE
8
BLACK
6
CONTINUOUS
10
6.2552090944881886
20
-4.6238683464566925
11
6.2559583070866136
21
-4.6276349212598422
0
LINE
8
BLACK
6
CONTINUOUS
10
6.2559583070866136
20
-4.6276349212598422
11
6.2559583070866136
21
-4.6571624803149607
0
LINE
8
BLACK
6
CONTINUOUS
10
6.2559583070866136
20
-4.6571624803149607
11
6.2552090944881886
21
-4.6609290551181104
0
LINE
8
BLACK
6
CONTINUOUS
10
6.2552090944881886
20
-4.6609290551181104
11
6.2530755118110237
21
-4.6641222047244097
0
LINE
8
BLACK
6
CONTINUOUS
10
6.2530755118110237
20
-4.6641222047244097
11
6.2498823622047244
21
-4.6662557874015747
0
LINE
8
BLACK
6
CONTINUOUS
10
6.2498823622047244
20
-4.6662557874015747
11
6.2461157874015747
21
-4.6670049999999996
0
LINE
8
BLACK
6
CONTINUOUS
10
6.2461157874015747
20
-4.6670049999999996
11
6.1969031889763775
21
-4.6670049999999996
0
LINE
8
BLACK
6
CONTINUOUS
10
6.1969031889763775
20
-4.6670049999999996
11
6.1931366141732278
21
-4.6662557874015747
0
LINE
8
BLACK
6
CONTINUOUS
10
6.1931366141732278
20
-4.6662557874015747
11
6.1899434645669293
21
-4.6641222047244097
0
LINE
8
BLACK
6
CONTINUOUS
10
6.1899434645669293
20
-4.6641222047244097
11
6.1878098818897636
21
-4.6609290551181104
0
LINE
8
BLACK
6
CONTINUOUS
10
6.1878098818897636
20
-4.6609290551181104
11
6.1870606692913386
21
-4.6571624803149607
0
LINE
8
BLACK
6
CONTINUOUS
10
6.1870606692913386
20
-4.6571624803149607
11
6.1870606692913386
21
-4.6276349212598422
0
LINE
8
BLACK
6
CONTINUOUS
10
6.1870606692913386
20
-4.6276349212598422
11
6.1878098818897636
21
-4.6238683464566925
0
LINE
8
BLACK
6
CONTINUOUS
10
6.1878098818897636
20
-4.6238683464566925
11
6.1899434645669293
21
-4.6206751968503932
0
LINE
8
BLACK
6
CONTINUOUS
10
6.1899434645669293
20
-4.6206751968503932
11
6.1931366141732278
21
-4.6185416141732283
0
LINE
8
BLACK
6
CONTINUOUS
10
6.1931366141732278
20
-4.6185416141732283
11
6.1969031889763775
21
-4.6177924015748033
0
LINE
8
BLACK
6
CONTINUOUS
10
6.1969031889763775
20
-4.6177924015748033
11
6.2461157874015747
21
-4.6177924015748033
0
LINE
8
BLACK
6
CONTINUOUS
10
6.2461157874015747
20
-4.6177924015748033
11
6.2498823622047244
21
-4.6185416141732283
0
LINE
8
BLACK
6
CONTINUOUS
10
6.6435831496062994
20
-3.1287778346456694
11
6.6467762992125987
21
-3.1309114173228347
0
LINE
8
BLACK
6
CONTINUOUS
10
6.6467762992125987
20
-3.1309114173228347
11
6.6489098818897636
21
-3.1341045669291336
0
LINE
8
BLACK
6
CONTINUOUS
10
6.6489098818897636
20
-3.1341045669291336
11
6.6496590944881886
21
-3.1378711417322833
0
LINE
8
BLACK
6
CONTINUOUS
10
6.6496590944881886
20
-3.1378711417322833
11
6.6496590944881886
21
-3.1673987007874014
0
LINE
8
BLACK
6
CONTINUOUS
10
6.6496590944881886
20
-3.1673987007874014
11
6.6489098818897636
21
-3.1711652755905511
0
LINE
8
BLACK
6
CONTINUOUS
10
6.6489098818897636
20
-3.1711652755905511
11
6.6467762992125987
21
-3.1743584251968504
0
LINE
8
BLACK
6
CONTINUOUS
10
6.6467762992125987
20
-3.1743584251968504
11
6.6435831496062994
21
-3.1764920078740158
0
LINE
8
BLACK
6
CONTINUOUS
10
6.6435831496062994
20
-3.1764920078740158
11
6.6398165748031497
21
-3.1772412204724407
0
LINE
8
BLACK
6
CONTINUOUS
10
6.6398165748031497
20
-3.1772412204724407
11
6.5906039763779525
21
-3.1772412204724407
0
LINE
8
BLACK
6
CONTINUOUS
10
6.5906039763779525
20
-3.1772412204724407
11
6.5868374015748028
21
-3.1764920078740158
0
LINE
8
BLACK
6
CONTINUOUS
10
6.5868374015748028
20
-3.1764920078740158
11
6.5836442519685034
21
-3.1743584251968504
0
LINE
8
BLACK
6
CONTINUOUS
10
6.5836442519685034
20
-3.1743584251968504
11
6.5815106692913385
21
-3.1711652755905511
0
LINE
8
BLACK
6
CONTINUOUS
10
6.5815106692913385
20
-3.1711652755905511
11
6.5807614566929136
21
-3.1673987007874014
0
LINE
8
BLACK
6
CONTINUOUS
10
6.5807614566929136
20
-3.1673987007874014
11
6.5807614566929136
21
-3.1378711417322833
0
LINE
8
BLACK
6
CONTINUOUS
10
6.5807614566929136
20
-3.1378711417322833
11
6.5815106692913385
21
-3.1341045669291336
0
LINE
8
BLACK
6
CONTINUOUS
10
6.5815106692913385
20
-3.1341045669291336
11
6.5836442519685034
21
-3.1309114173228347
0
LINE
8
BLACK
6
CONTINUOUS
10
6.5836442519685034
20
-3.1309114173228347
11
6.5868374015748028
21
-3.1287778346456694
0
LINE
8
BLACK
6
CONTINUOUS
10
6.5868374015748028
20
-3.1287778346456694
11
6.5906039763779525
21
-3.128028622047244
0
LINE
8
BLACK
6
CONTINUOUS
10
6.5906039763779525
20
-3.128028622047244
11
6.6398165748031497
21
-3.128028622047244
0
LINE
8
BLACK
6
CONTINUOUS
10
6.6398165748031497
20
-3.128028622047244
11
6.6435831496062994
21
-3.1287778346456694
0
LINE
8
BLACK
6
CONTINUOUS
10
6.6435831496062994
20
-3.0185416141732282
11
6.6467762992125987
21
-3.0206751968503935
0
LINE
8
BLACK
6
CONTINUOUS
10
6.6467762992125987
20
-3.0206751968503935
11
6.6489098818897636
21
-3.0238683464566929
0
LINE
8
BLACK
6
CONTINUOUS
10
6.6489098818897636
20
-3.0238683464566929
11
6.6496590944881886
21
-3.0276349212598426
0
LINE
8
BLACK
6
CONTINUOUS
10
6.6496590944881886
20
-3.0276349212598426
11
6.6496590944881886
21
-3.0571624803149606
0
LINE
8
BLACK
6
CONTINUOUS
10
6.6496590944881886
20
-3.0571624803149606
11
6.6489098818897636
21
-3.0609290551181103
0
LINE
8
BLACK
6
CONTINUOUS
10
6.6489098818897636
20
-3.0609290551181103
11
6.6467762992125987
21
-3.0641222047244092
0
LINE
8
BLACK
6
CONTINUOUS
10
6.6467762992125987
20
-3.0641222047244092
11
6.6435831496062994
21
-3.0662557874015746
0
LINE
8
BLACK
6
CONTINUOUS
10
6.6435831496062994
20
-3.0662557874015746
11
6.6398165748031497
21
-3.067005
0
LINE
8
BLACK
6
CONTINUOUS
10
6.6398165748031497
20
-3.067005
11
6.5906039763779525
21
-3.067005
0
LINE
8
BLACK
6
CONTINUOUS
10
6.5906039763779525
20
-3.067005
11
6.5868374015748028
21
-3.0662557874015746
0
LINE
8
BLACK
6
CONTINUOUS
10
6.5868374015748028
20
-3.0662557874015746
11
6.5836442519685034
21
-3.0641222047244092
0
LINE
8
BLACK
6
CONTINUOUS
10
6.5836442519685034
20
-3.0641222047244092
11
6.5815106692913385
21
-3.0609290551181103
0
LINE
8
BLACK
6
CONTINUOUS
10
6.5815106692913385
20
-3.0609290551181103
11
6.5807614566929136
21
-3.0571624803149606
0
LINE
8
BLACK
6
CONTINUOUS
10
6.5807614566929136
20
-3.0571624803149606
11
6.5807614566929136
21
-3.0276349212598426
0
LINE
8
BLACK
6
CONTINUOUS
10
6.5807614566929136
20
-3.0276349212598426
11
6.5815106692913385
21
-3.0238683464566929
0
LINE
8
BLACK
6
CONTINUOUS
10
6.5815106692913385
20
-3.0238683464566929
11
6.5836442519685034
21
-3.0206751968503935
0
LINE
8
BLACK
6
CONTINUOUS
10
6.5836442519685034
20
-3.0206751968503935
11
6.5868374015748028
21
-3.0185416141732282
0
LINE
8
BLACK
6
CONTINUOUS
10
6.5868374015748028
20
-3.0185416141732282
11
6.5906039763779525
21
-3.0177924015748032
0
LINE
8
BLACK
6
CONTINUOUS
10
6.5906039763779525
20
-3.0177924015748032
11
6.6398165748031497
21
-3.0177924015748032
0
LINE
8
BLACK
6
CONTINUOUS
10
6.6398165748031497
20
-3.0177924015748032
11
6.6435831496062994
21
-3.0185416141732282
  0
ENDSEC
  0
EOF
