  0
SECTION
  2
HEADER
  9
$ANGBASE
  50
0.0
  9
$ANGDIR
  70
1
  9
$MEASUREMENT
  70
0
  0
ENDSEC
  0
SECTION
  2
TABLES
  0
TABLE
  2
LTYPE
  70
4
  0
LTYPE
  5
40F
  2
CONTINUOUS
  70
0
  3
Solid line
  72
65
  73
0
  40
0.0
  0
LTYPE
  5
410
  2
DASHDOT
 70
0
  3
Dash Dot ____ _ ____ _
 72
65
 73
4
 40
2.0
 49
1.25
 49
-0.25
 49
0.25
 49
-0.25
  0
LTYPE
  5
411
  2
DASHED
 70
0
  3
Dashed __ __ __ __ __
 72
65
 73
2
 40
0.75
 49
0.5
 49
-0.25
  0
LTYPE
  5
43B
  2
DOTTED
 70
0
  3
Dotted .  .  .  .
 72
65
 73
2
 40
0.2
 49
0.0
 49
-0.2
  0
ENDTAB
  0
TABLE
  2
STYLE
  70
4
  0
STYLE
  2
KICAD
  70
0
  40
0
  41
1
  42
1
  50
0
  71
0
  3
isocp.shx
  0
STYLE
  2
KICADB
  70
0
  40
0
  41
1
  42
1
  50
0
  71
0
  3
isocp.shx
  0
STYLE
  2
KICADI
  70
0
  40
0
  41
1
  42
1
  50
15
  71
0
  3
isocp.shx
  0
STYLE
  2
KICADBI
  70
0
  40
0
  41
1
  42
1
  50
15
  71
0
  3
isocp.shx
  0
ENDTAB
  0
TABLE
  2
LAYER
  70
1
  0
LAYER
  2
BLACK
  70
0
  62
7
  6
CONTINUOUS
  0
ENDTAB
  0
ENDSEC
  0
SECTION
  2
ENTITIES
0
LINE
8
BLACK
6
CONTINUOUS
10
2.5498216929133859
20
-0.644928937007874
11
2.5509079133858266
21
-0.6460151574803149
0
LINE
8
BLACK
6
CONTINUOUS
10
2.5509079133858266
20
-0.6460151574803149
11
2.5514957874015747
21
-0.6474343700787402
0
LINE
8
BLACK
6
CONTINUOUS
10
2.5514957874015747
20
-0.6474343700787402
11
2.5515714173228345
21
-0.6482024409448819
0
LINE
8
BLACK
6
CONTINUOUS
10
2.5515714173228345
20
-0.6482024409448819
11
2.5515714173228345
21
-0.6915095275590551
0
LINE
8
BLACK
6
CONTINUOUS
10
2.5515714173228345
20
-0.6915095275590551
11
2.5701315748031495
21
-0.6915095275590551
0
LINE
8
BLACK
6
CONTINUOUS
10
2.5701315748031495
20
-0.6915095275590551
11
2.5708996456692912
21
-0.6915851574803149
0
LINE
8
BLACK
6
CONTINUOUS
10
2.5708996456692912
20
-0.6915851574803149
11
2.5723188582677166
21
-0.692173031496063
0
LINE
8
BLACK
6
CONTINUOUS
10
2.5723188582677166
20
-0.692173031496063
11
2.5734050787401572
21
-0.6932592519685039
0
LINE
8
BLACK
6
CONTINUOUS
10
2.5734050787401572
20
-0.6932592519685039
11
2.5739929527559053
21
-0.6946784645669292
0
LINE
8
BLACK
6
CONTINUOUS
10
2.5739929527559053
20
-0.6946784645669292
11
2.5739929527559053
21
-0.6962146062992126
0
LINE
8
BLACK
6
CONTINUOUS
10
2.5739929527559053
20
-0.6962146062992126
11
2.5734050787401572
21
-0.6976338188976378
0
LINE
8
BLACK
6
CONTINUOUS
10
2.5734050787401572
20
-0.6976338188976378
11
2.5723188582677166
21
-0.6987200393700788
0
LINE
8
BLACK
6
CONTINUOUS
10
2.5723188582677166
20
-0.6987200393700788
11
2.5708996456692912
21
-0.6993079133858268
0
LINE
8
BLACK
6
CONTINUOUS
10
2.5708996456692912
20
-0.6993079133858268
11
2.5701315748031495
21
-0.6993835433070866
0
LINE
8
BLACK
6
CONTINUOUS
10
2.5701315748031495
20
-0.6993835433070866
11
2.5476344094488188
21
-0.6993835433070866
0
LINE
8
BLACK
6
CONTINUOUS
10
2.5476344094488188
20
-0.6993835433070866
11
2.5468663385826771
21
-0.6993079133858268
0
LINE
8
BLACK
6
CONTINUOUS
10
2.5468663385826771
20
-0.6993079133858268
11
2.5454471259842517
21
-0.6987200393700788
0
LINE
8
BLACK
6
CONTINUOUS
10
2.5454471259842517
20
-0.6987200393700788
11
2.544360905511811
21
-0.6976338188976378
0
LINE
8
BLACK
6
CONTINUOUS
10
2.544360905511811
20
-0.6976338188976378
11
2.5437730314960629
21
-0.6962146062992126
0
LINE
8
BLACK
6
CONTINUOUS
10
2.5437730314960629
20
-0.6962146062992126
11
2.5436974015748031
21
-0.6954465354330709
0
LINE
8
BLACK
6
CONTINUOUS
10
2.5436974015748031
20
-0.6954465354330709
11
2.5436974015748031
21
-0.6482024409448819
0
LINE
8
BLACK
6
CONTINUOUS
10
2.5436974015748031
20
-0.6482024409448819
11
2.5437730314960629
21
-0.6474343700787402
0
LINE
8
BLACK
6
CONTINUOUS
10
2.5437730314960629
20
-0.6474343700787402
11
2.544360905511811
21
-0.6460151574803149
0
LINE
8
BLACK
6
CONTINUOUS
10
2.544360905511811
20
-0.6460151574803149
11
2.5454471259842517
21
-0.644928937007874
0
LINE
8
BLACK
6
CONTINUOUS
10
2.5454471259842517
20
-0.644928937007874
11
2.5468663385826771
21
-0.644341062992126
0
LINE
8
BLACK
6
CONTINUOUS
10
2.5468663385826771
20
-0.644341062992126
11
2.5484024803149605
21
-0.644341062992126
0
LINE
8
BLACK
6
CONTINUOUS
10
2.5484024803149605
20
-0.644341062992126
11
2.5498216929133859
21
-0.644928937007874
0
LINE
8
BLACK
6
CONTINUOUS
10
2.6091448818897636
20
-0.644341062992126
11
2.6105640944881889
21
-0.644928937007874
0
LINE
8
BLACK
6
CONTINUOUS
10
2.6105640944881889
20
-0.644928937007874
11
2.61165031496063
21
-0.6460151574803149
0
LINE
8
BLACK
6
CONTINUOUS
10
2.61165031496063
20
-0.6460151574803149
11
2.6122381889763777
21
-0.6474343700787402
0
LINE
8
BLACK
6
CONTINUOUS
10
2.6122381889763777
20
-0.6474343700787402
11
2.6122381889763777
21
-0.6489705118110236
0
LINE
8
BLACK
6
CONTINUOUS
10
2.6122381889763777
20
-0.6489705118110236
11
2.61165031496063
21
-0.6503897244094488
0
LINE
8
BLACK
6
CONTINUOUS
10
2.61165031496063
20
-0.6503897244094488
11
2.6105640944881889
21
-0.6514759448818898
0
LINE
8
BLACK
6
CONTINUOUS
10
2.6105640944881889
20
-0.6514759448818898
11
2.6091448818897636
21
-0.6520638188976378
0
LINE
8
BLACK
6
CONTINUOUS
10
2.6091448818897636
20
-0.6520638188976378
11
2.6083768110236218
21
-0.6521394488188976
0
LINE
8
BLACK
6
CONTINUOUS
10
2.6083768110236218
20
-0.6521394488188976
11
2.5898166535433069
21
-0.6521394488188976
0
LINE
8
BLACK
6
CONTINUOUS
10
2.5898166535433069
20
-0.6521394488188976
11
2.5898166535433069
21
-0.6667626377952756
0
LINE
8
BLACK
6
CONTINUOUS
10
2.5898166535433069
20
-0.6667626377952756
11
2.6016276771653541
21
-0.6667626377952756
0
LINE
8
BLACK
6
CONTINUOUS
10
2.6016276771653541
20
-0.6667626377952756
11
2.6023957480314959
21
-0.6668382677165354
0
LINE
8
BLACK
6
CONTINUOUS
10
2.6023957480314959
20
-0.6668382677165354
11
2.6038149606299212
21
-0.6674261417322834
0
LINE
8
BLACK
6
CONTINUOUS
10
2.6038149606299212
20
-0.6674261417322834
11
2.6049011811023624
21
-0.6685123622047244
0
LINE
8
BLACK
6
CONTINUOUS
10
2.6049011811023624
20
-0.6685123622047244
11
2.60548905511811
21
-0.6699315748031496
0
LINE
8
BLACK
6
CONTINUOUS
10
2.60548905511811
20
-0.6699315748031496
11
2.60548905511811
21
-0.671467716535433
0
LINE
8
BLACK
6
CONTINUOUS
10
2.60548905511811
20
-0.671467716535433
11
2.6049011811023624
21
-0.6728869291338583
0
LINE
8
BLACK
6
CONTINUOUS
10
2.6049011811023624
20
-0.6728869291338583
11
2.6038149606299212
21
-0.6739731496062992
0
LINE
8
BLACK
6
CONTINUOUS
10
2.6038149606299212
20
-0.6739731496062992
11
2.6023957480314959
21
-0.6745610236220472
0
LINE
8
BLACK
6
CONTINUOUS
10
2.6023957480314959
20
-0.6745610236220472
11
2.6016276771653541
21
-0.674636653543307
0
LINE
8
BLACK
6
CONTINUOUS
10
2.6016276771653541
20
-0.674636653543307
11
2.5898166535433069
21
-0.674636653543307
0
LINE
8
BLACK
6
CONTINUOUS
10
2.5898166535433069
20
-0.674636653543307
11
2.5898166535433069
21
-0.6915095275590551
0
LINE
8
BLACK
6
CONTINUOUS
10
2.5898166535433069
20
-0.6915095275590551
11
2.6083768110236218
21
-0.6915095275590551
0
LINE
8
BLACK
6
CONTINUOUS
10
2.6083768110236218
20
-0.6915095275590551
11
2.6091448818897636
21
-0.6915851574803149
0
LINE
8
BLACK
6
CONTINUOUS
10
2.6091448818897636
20
-0.6915851574803149
11
2.6105640944881889
21
-0.692173031496063
0
LINE
8
BLACK
6
CONTINUOUS
10
2.6105640944881889
20
-0.692173031496063
11
2.61165031496063
21
-0.6932592519685039
0
LINE
8
BLACK
6
CONTINUOUS
10
2.61165031496063
20
-0.6932592519685039
11
2.6122381889763777
21
-0.6946784645669292
0
LINE
8
BLACK
6
CONTINUOUS
10
2.6122381889763777
20
-0.6946784645669292
11
2.6122381889763777
21
-0.6962146062992126
0
LINE
8
BLACK
6
CONTINUOUS
10
2.6122381889763777
20
-0.6962146062992126
11
2.61165031496063
21
-0.6976338188976378
0
LINE
8
BLACK
6
CONTINUOUS
10
2.61165031496063
20
-0.6976338188976378
11
2.6105640944881889
21
-0.6987200393700788
0
LINE
8
BLACK
6
CONTINUOUS
10
2.6105640944881889
20
-0.6987200393700788
11
2.6091448818897636
21
-0.6993079133858268
0
LINE
8
BLACK
6
CONTINUOUS
10
2.6091448818897636
20
-0.6993079133858268
11
2.6083768110236218
21
-0.6993835433070866
0
LINE
8
BLACK
6
CONTINUOUS
10
2.6083768110236218
20
-0.6993835433070866
11
2.5858796456692912
21
-0.6993835433070866
0
LINE
8
BLACK
6
CONTINUOUS
10
2.5858796456692912
20
-0.6993835433070866
11
2.5851115748031495
21
-0.6993079133858268
0
LINE
8
BLACK
6
CONTINUOUS
10
2.5851115748031495
20
-0.6993079133858268
11
2.5836923622047245
21
-0.6987200393700788
0
LINE
8
BLACK
6
CONTINUOUS
10
2.5836923622047245
20
-0.6987200393700788
11
2.5826061417322834
21
-0.6976338188976378
0
LINE
8
BLACK
6
CONTINUOUS
10
2.5826061417322834
20
-0.6976338188976378
11
2.5820182677165353
21
-0.6962146062992126
0
LINE
8
BLACK
6
CONTINUOUS
10
2.5820182677165353
20
-0.6962146062992126
11
2.5819426377952754
21
-0.6954465354330709
0
LINE
8
BLACK
6
CONTINUOUS
10
2.5819426377952754
20
-0.6954465354330709
11
2.5819426377952754
21
-0.6482024409448819
0
LINE
8
BLACK
6
CONTINUOUS
10
2.5819426377952754
20
-0.6482024409448819
11
2.5820182677165353
21
-0.6474343700787402
0
LINE
8
BLACK
6
CONTINUOUS
10
2.5820182677165353
20
-0.6474343700787402
11
2.5826061417322834
21
-0.6460151574803149
0
LINE
8
BLACK
6
CONTINUOUS
10
2.5826061417322834
20
-0.6460151574803149
11
2.5836923622047245
21
-0.644928937007874
0
LINE
8
BLACK
6
CONTINUOUS
10
2.5836923622047245
20
-0.644928937007874
11
2.5851115748031495
21
-0.644341062992126
0
LINE
8
BLACK
6
CONTINUOUS
10
2.5851115748031495
20
-0.644341062992126
11
2.5858796456692912
21
-0.6442654330708661
0
LINE
8
BLACK
6
CONTINUOUS
10
2.5858796456692912
20
-0.6442654330708661
11
2.6083768110236218
21
-0.6442654330708661
0
LINE
8
BLACK
6
CONTINUOUS
10
2.6083768110236218
20
-0.6442654330708661
11
2.6091448818897636
21
-0.644341062992126
0
LINE
8
BLACK
6
CONTINUOUS
10
2.6402615748031497
20
-0.6443037007874015
11
2.6403652755905513
21
-0.6442963385826771
0
LINE
8
BLACK
6
CONTINUOUS
10
2.6403652755905513
20
-0.6442963385826771
11
2.6405016141732283
21
-0.6443273228346457
0
LINE
8
BLACK
6
CONTINUOUS
10
2.6405016141732283
20
-0.6443273228346457
11
2.6406409448818895
21
-0.644341062992126
0
LINE
8
BLACK
6
CONTINUOUS
10
2.6406409448818895
20
-0.644341062992126
11
2.6407370866141733
21
-0.6443808661417323
0
LINE
8
BLACK
6
CONTINUOUS
10
2.6407370866141733
20
-0.6443808661417323
11
2.6411178740157482
21
-0.6444674803149606
0
LINE
8
BLACK
6
CONTINUOUS
10
2.6411178740157482
20
-0.6444674803149606
11
2.6478670472440946
21
-0.6467172047244094
0
LINE
8
BLACK
6
CONTINUOUS
10
2.6478670472440946
20
-0.6467172047244094
11
2.6485717716535433
21
-0.6470318110236221
0
LINE
8
BLACK
6
CONTINUOUS
10
2.6485717716535433
20
-0.6470318110236221
11
2.6486786614173226
21
-0.6471244881889764
0
LINE
8
BLACK
6
CONTINUOUS
10
2.6486786614173226
20
-0.6471244881889764
11
2.6488093700787401
21
-0.6471786614173228
0
LINE
8
BLACK
6
CONTINUOUS
10
2.6488093700787401
20
-0.6471786614173228
11
2.6494059448818899
21
-0.6476683070866142
0
LINE
8
BLACK
6
CONTINUOUS
10
2.6494059448818899
20
-0.6476683070866142
11
2.6539053543307087
21
-0.6521677559055118
0
LINE
8
BLACK
6
CONTINUOUS
10
2.6539053543307087
20
-0.6521677559055118
11
2.6541529921259843
21
-0.6524694881889763
0
LINE
8
BLACK
6
CONTINUOUS
10
2.6541529921259843
20
-0.6524694881889763
11
2.6542316929133856
21
-0.6525377559055118
0
LINE
8
BLACK
6
CONTINUOUS
10
2.6542316929133856
20
-0.6525377559055118
11
2.6543062992125983
21
-0.6526563385826771
0
LINE
8
BLACK
6
CONTINUOUS
10
2.6543062992125983
20
-0.6526563385826771
11
2.6543949606299213
21
-0.6527643307086614
0
LINE
8
BLACK
6
CONTINUOUS
10
2.6543949606299213
20
-0.6527643307086614
11
2.6544346850393699
21
-0.6528602755905512
0
LINE
8
BLACK
6
CONTINUOUS
10
2.6544346850393699
20
-0.6528602755905512
11
2.6546428346456694
21
-0.6531909448818898
0
LINE
8
BLACK
6
CONTINUOUS
10
2.6546428346456694
20
-0.6531909448818898
11
2.6568925590551182
21
-0.6576903937007874
0
LINE
8
BLACK
6
CONTINUOUS
10
2.6568925590551182
20
-0.6576903937007874
11
2.6569140157480313
21
-0.6577465354330708
0
LINE
8
BLACK
6
CONTINUOUS
10
2.6569140157480313
20
-0.6577465354330708
11
2.6569309842519684
21
-0.6577694094488189
0
LINE
8
BLACK
6
CONTINUOUS
10
2.6569309842519684
20
-0.6577694094488189
11
2.657046062992126
21
-0.6580915354330709
0
LINE
8
BLACK
6
CONTINUOUS
10
2.657046062992126
20
-0.6580915354330709
11
2.6571683858267714
21
-0.6584111811023622
0
LINE
8
BLACK
6
CONTINUOUS
10
2.6571683858267714
20
-0.6584111811023622
11
2.6571703937007873
21
-0.6584395275590551
0
LINE
8
BLACK
6
CONTINUOUS
10
2.6571703937007873
20
-0.6584395275590551
11
2.65719062992126
21
-0.6584961811023622
0
LINE
8
BLACK
6
CONTINUOUS
10
2.65719062992126
20
-0.6584961811023622
11
2.6594403543307088
21
-0.6674950787401575
0
LINE
8
BLACK
6
CONTINUOUS
10
2.6594403543307088
20
-0.6674950787401575
11
2.6594600000000002
21
-0.6676281102362205
0
LINE
8
BLACK
6
CONTINUOUS
10
2.6594600000000002
20
-0.6676281102362205
11
2.6594822834645671
21
-0.6676818503937008
0
LINE
8
BLACK
6
CONTINUOUS
10
2.6594822834645671
20
-0.6676818503937008
11
2.6595107480314959
21
-0.6679712598425197
0
LINE
8
BLACK
6
CONTINUOUS
10
2.6595107480314959
20
-0.6679712598425197
11
2.6595532677165354
21
-0.6682585433070866
0
LINE
8
BLACK
6
CONTINUOUS
10
2.6595532677165354
20
-0.6682585433070866
11
2.65954468503937
21
-0.6683159448818897
0
LINE
8
BLACK
6
CONTINUOUS
10
2.65954468503937
20
-0.6683159448818897
11
2.6595579133858269
21
-0.6684499212598425
0
LINE
8
BLACK
6
CONTINUOUS
10
2.6595579133858269
20
-0.6684499212598425
11
2.6595579133858269
21
-0.6751990944881889
0
LINE
8
BLACK
6
CONTINUOUS
10
2.6595579133858269
20
-0.6751990944881889
11
2.65954468503937
21
-0.6753330314960629
0
LINE
8
BLACK
6
CONTINUOUS
10
2.65954468503937
20
-0.6753330314960629
11
2.6595532677165354
21
-0.6753904724409449
0
LINE
8
BLACK
6
CONTINUOUS
10
2.6595532677165354
20
-0.6753904724409449
11
2.6595107480314959
21
-0.6756777165354331
0
LINE
8
BLACK
6
CONTINUOUS
10
2.6595107480314959
20
-0.6756777165354331
11
2.6594822834645671
21
-0.6759671653543307
0
LINE
8
BLACK
6
CONTINUOUS
10
2.6594822834645671
20
-0.6759671653543307
11
2.6594600000000002
21
-0.6760208661417323
0
LINE
8
BLACK
6
CONTINUOUS
10
2.6594600000000002
20
-0.6760208661417323
11
2.6594403543307088
21
-0.676153937007874
0
LINE
8
BLACK
6
CONTINUOUS
10
2.6594403543307088
20
-0.676153937007874
11
2.65719062992126
21
-0.6851528346456692
0
LINE
8
BLACK
6
CONTINUOUS
10
2.65719062992126
20
-0.6851528346456692
11
2.6571703937007873
21
-0.6852094488188977
0
LINE
8
BLACK
6
CONTINUOUS
10
2.6571703937007873
20
-0.6852094488188977
11
2.6571683858267714
21
-0.6852378346456692
0
LINE
8
BLACK
6
CONTINUOUS
10
2.6571683858267714
20
-0.6852378346456692
11
2.657046062992126
21
-0.6855574409448819
0
LINE
8
BLACK
6
CONTINUOUS
10
2.657046062992126
20
-0.6855574409448819
11
2.6569309842519684
21
-0.6858796062992126
0
LINE
8
BLACK
6
CONTINUOUS
10
2.6569309842519684
20
-0.6858796062992126
11
2.6569140157480313
21
-0.6859024409448818
0
LINE
8
BLACK
6
CONTINUOUS
10
2.6569140157480313
20
-0.6859024409448818
11
2.6568925590551182
21
-0.6859586220472441
0
LINE
8
BLACK
6
CONTINUOUS
10
2.6568925590551182
20
-0.6859586220472441
11
2.6546428346456694
21
-0.6904580708661417
0
LINE
8
BLACK
6
CONTINUOUS
10
2.6546428346456694
20
-0.6904580708661417
11
2.6544346850393699
21
-0.6907887007874015
0
LINE
8
BLACK
6
CONTINUOUS
10
2.6544346850393699
20
-0.6907887007874015
11
2.6543949606299213
21
-0.6908846850393701
0
LINE
8
BLACK
6
CONTINUOUS
10
2.6543949606299213
20
-0.6908846850393701
11
2.6543062992125983
21
-0.6909926377952755
0
LINE
8
BLACK
6
CONTINUOUS
10
2.6543062992125983
20
-0.6909926377952755
11
2.6542316929133856
21
-0.6911112598425196
0
LINE
8
BLACK
6
CONTINUOUS
10
2.6542316929133856
20
-0.6911112598425196
11
2.6541529921259843
21
-0.6911794881889763
0
LINE
8
BLACK
6
CONTINUOUS
10
2.6541529921259843
20
-0.6911794881889763
11
2.6539053543307087
21
-0.6914812598425196
0
LINE
8
BLACK
6
CONTINUOUS
10
2.6539053543307087
20
-0.6914812598425196
11
2.6494059448818899
21
-0.6959807086614173
0
LINE
8
BLACK
6
CONTINUOUS
10
2.6494059448818899
20
-0.6959807086614173
11
2.6488093700787401
21
-0.6964703543307087
0
LINE
8
BLACK
6
CONTINUOUS
10
2.6488093700787401
20
-0.6964703543307087
11
2.6486786614173226
21
-0.6965244881889764
0
LINE
8
BLACK
6
CONTINUOUS
10
2.6486786614173226
20
-0.6965244881889764
11
2.6485717716535433
21
-0.6966172047244095
0
LINE
8
BLACK
6
CONTINUOUS
10
2.6485717716535433
20
-0.6966172047244095
11
2.6478670472440946
21
-0.696931811023622
0
LINE
8
BLACK
6
CONTINUOUS
10
2.6478670472440946
20
-0.696931811023622
11
2.6411178346456694
21
-0.6991814960629921
0
LINE
8
BLACK
6
CONTINUOUS
10
2.6411178346456694
20
-0.6991814960629921
11
2.6407370866141733
21
-0.6992680708661417
0
LINE
8
BLACK
6
CONTINUOUS
10
2.6407370866141733
20
-0.6992680708661417
11
2.6406409448818895
21
-0.6993079133858268
0
LINE
8
BLACK
6
CONTINUOUS
10
2.6406409448818895
20
-0.6993079133858268
11
2.6405015748031495
21
-0.6993216141732284
0
LINE
8
BLACK
6
CONTINUOUS
10
2.6405015748031495
20
-0.6993216141732284
11
2.6403652755905513
21
-0.6993526377952756
0
LINE
8
BLACK
6
CONTINUOUS
10
2.6403652755905513
20
-0.6993526377952756
11
2.6402615748031497
21
-0.6993452362204724
0
LINE
8
BLACK
6
CONTINUOUS
10
2.6402615748031497
20
-0.6993452362204724
11
2.6398728740157478
21
-0.6993835433070866
0
LINE
8
BLACK
6
CONTINUOUS
10
2.6398728740157478
20
-0.6993835433070866
11
2.6286242913385824
21
-0.6993835433070866
0
LINE
8
BLACK
6
CONTINUOUS
10
2.6286242913385824
20
-0.6993835433070866
11
2.6278562204724407
21
-0.6993079133858268
0
LINE
8
BLACK
6
CONTINUOUS
10
2.6278562204724407
20
-0.6993079133858268
11
2.6264370078740158
21
-0.6987200393700788
0
LINE
8
BLACK
6
CONTINUOUS
10
2.6264370078740158
20
-0.6987200393700788
11
2.6253507874015747
21
-0.6976338188976378
0
LINE
8
BLACK
6
CONTINUOUS
10
2.6253507874015747
20
-0.6976338188976378
11
2.6247629133858266
21
-0.6962146062992126
0
LINE
8
BLACK
6
CONTINUOUS
10
2.6247629133858266
20
-0.6962146062992126
11
2.6246872834645667
21
-0.6954465354330709
0
LINE
8
BLACK
6
CONTINUOUS
10
2.6246872834645667
20
-0.6954465354330709
11
2.6246872834645667
21
-0.6482024409448819
0
LINE
8
BLACK
6
CONTINUOUS
10
2.6246872834645667
20
-0.6482024409448819
11
2.6247629133858266
21
-0.6474343700787402
0
LINE
8
BLACK
6
CONTINUOUS
10
2.6247629133858266
20
-0.6474343700787402
11
2.6253507874015747
21
-0.6460151574803149
0
LINE
8
BLACK
6
CONTINUOUS
10
2.6253507874015747
20
-0.6460151574803149
11
2.6264370078740158
21
-0.644928937007874
0
LINE
8
BLACK
6
CONTINUOUS
10
2.6264370078740158
20
-0.644928937007874
11
2.6278562204724407
21
-0.644341062992126
0
LINE
8
BLACK
6
CONTINUOUS
10
2.6278562204724407
20
-0.644341062992126
11
2.6286242913385824
21
-0.6442654330708661
0
LINE
8
BLACK
6
CONTINUOUS
10
2.6286242913385824
20
-0.6442654330708661
11
2.6398728740157478
21
-0.6442654330708661
0
LINE
8
BLACK
6
CONTINUOUS
10
2.6398728740157478
20
-0.6442654330708661
11
2.6402615748031497
21
-0.6443037007874015
0
LINE
8
BLACK
6
CONTINUOUS
10
2.6325612992125982
20
-0.6915095275590551
11
2.6392340551181102
21
-0.6915095275590551
0
LINE
8
BLACK
6
CONTINUOUS
10
2.6392340551181102
20
-0.6915095275590551
11
2.6444953543307088
21
-0.6897557480314961
0
LINE
8
BLACK
6
CONTINUOUS
10
2.6444953543307088
20
-0.6897557480314961
11
2.6478857480314959
21
-0.6863653149606299
0
LINE
8
BLACK
6
CONTINUOUS
10
2.6478857480314959
20
-0.6863653149606299
11
2.649656535433071
21
-0.6828237007874015
0
LINE
8
BLACK
6
CONTINUOUS
10
2.649656535433071
20
-0.6828237007874015
11
2.651683897637795
21
-0.6747144094488189
0
LINE
8
BLACK
6
CONTINUOUS
10
2.651683897637795
20
-0.6747144094488189
11
2.651683897637795
21
-0.6689345669291339
0
LINE
8
BLACK
6
CONTINUOUS
10
2.651683897637795
20
-0.6689345669291339
11
2.649656535433071
21
-0.6608252755905512
0
LINE
8
BLACK
6
CONTINUOUS
10
2.649656535433071
20
-0.6608252755905512
11
2.6478857480314959
21
-0.6572836614173229
0
LINE
8
BLACK
6
CONTINUOUS
10
2.6478857480314959
20
-0.6572836614173229
11
2.6444953149606301
21
-0.6538931889763779
0
LINE
8
BLACK
6
CONTINUOUS
10
2.6444953149606301
20
-0.6538931889763779
11
2.6392340157480314
21
-0.6521394488188976
0
LINE
8
BLACK
6
CONTINUOUS
10
2.6392340157480314
20
-0.6521394488188976
11
2.6325612992125982
21
-0.6521394488188976
0
LINE
8
BLACK
6
CONTINUOUS
10
2.6325612992125982
20
-0.6521394488188976
11
2.6325612992125982
21
-0.6915095275590551
0
LINE
8
BLACK
6
CONTINUOUS
10
2.6923844881889765
20
-0.644341062992126
11
2.6925151968503935
21
-0.6443951968503937
0
LINE
8
BLACK
6
CONTINUOUS
10
2.6925151968503935
20
-0.6443951968503937
11
2.6926562992125982
21
-0.6444052362204724
0
LINE
8
BLACK
6
CONTINUOUS
10
2.6926562992125982
20
-0.6444052362204724
11
2.6933770866141731
21
-0.644681062992126
0
LINE
8
BLACK
6
CONTINUOUS
10
2.6933770866141731
20
-0.644681062992126
11
2.6978765748031495
21
-0.6469307874015748
0
LINE
8
BLACK
6
CONTINUOUS
10
2.6978765748031495
20
-0.6469307874015748
11
2.6982071653543307
21
-0.6471388582677166
0
LINE
8
BLACK
6
CONTINUOUS
10
2.6982071653543307
20
-0.6471388582677166
11
2.6983031889763778
21
-0.6471786614173228
0
LINE
8
BLACK
6
CONTINUOUS
10
2.6983031889763778
20
-0.6471786614173228
11
2.6984112204724409
21
-0.6472673228346456
0
LINE
8
BLACK
6
CONTINUOUS
10
2.6984112204724409
20
-0.6472673228346456
11
2.6985297244094486
21
-0.6473419291338582
0
LINE
8
BLACK
6
CONTINUOUS
10
2.6985297244094486
20
-0.6473419291338582
11
2.6985979133858269
21
-0.6474205511811023
0
LINE
8
BLACK
6
CONTINUOUS
10
2.6985979133858269
20
-0.6474205511811023
11
2.6988997637795276
21
-0.6476683070866142
0
LINE
8
BLACK
6
CONTINUOUS
10
2.6988997637795276
20
-0.6476683070866142
11
2.7011494881889764
21
-0.649918031496063
0
LINE
8
BLACK
6
CONTINUOUS
10
2.7011494881889764
20
-0.649918031496063
11
2.7013971653543307
21
-0.650219842519685
0
LINE
8
BLACK
6
CONTINUOUS
10
2.7013971653543307
20
-0.650219842519685
11
2.7014757874015749
21
-0.650288031496063
0
LINE
8
BLACK
6
CONTINUOUS
10
2.7014757874015749
20
-0.650288031496063
11
2.7015503543307084
21
-0.6504065354330708
0
LINE
8
BLACK
6
CONTINUOUS
10
2.7015503543307084
20
-0.6504065354330708
11
2.701639094488189
21
-0.6505146456692913
0
LINE
8
BLACK
6
CONTINUOUS
10
2.701639094488189
20
-0.6505146456692913
11
2.7016788582677163
21
-0.6506106299212598
0
LINE
8
BLACK
6
CONTINUOUS
10
2.7016788582677163
20
-0.6506106299212598
11
2.7018869291338583
21
-0.650941220472441
0
LINE
8
BLACK
6
CONTINUOUS
10
2.7018869291338583
20
-0.650941220472441
11
2.7041366535433071
21
-0.6554406692913386
0
LINE
8
BLACK
6
CONTINUOUS
10
2.7041366535433071
20
-0.6554406692913386
11
2.7044124803149607
21
-0.6561614566929134
0
LINE
8
BLACK
6
CONTINUOUS
10
2.7044124803149607
20
-0.6561614566929134
11
2.7044224803149604
21
-0.6563025196850394
0
LINE
8
BLACK
6
CONTINUOUS
10
2.7044224803149604
20
-0.6563025196850394
11
2.7044766535433071
21
-0.6564332677165354
0
LINE
8
BLACK
6
CONTINUOUS
10
2.7044766535433071
20
-0.6564332677165354
11
2.704552283464567
21
-0.6572013385826772
0
LINE
8
BLACK
6
CONTINUOUS
10
2.704552283464567
20
-0.6572013385826772
11
2.704552283464567
21
-0.6617007874015748
0
LINE
8
BLACK
6
CONTINUOUS
10
2.704552283464567
20
-0.6617007874015748
11
2.7045139763779527
21
-0.6620894881889764
0
LINE
8
BLACK
6
CONTINUOUS
10
2.7045139763779527
20
-0.6620894881889764
11
2.7045213779527559
21
-0.6621932283464567
0
LINE
8
BLACK
6
CONTINUOUS
10
2.7045213779527559
20
-0.6621932283464567
11
2.7044903543307086
21
-0.6623295669291338
0
LINE
8
BLACK
6
CONTINUOUS
10
2.7044903543307086
20
-0.6623295669291338
11
2.7044766535433071
21
-0.6624688582677165
0
LINE
8
BLACK
6
CONTINUOUS
10
2.7044766535433071
20
-0.6624688582677165
11
2.7044368110236219
21
-0.6625649606299212
0
LINE
8
BLACK
6
CONTINUOUS
10
2.7044368110236219
20
-0.6625649606299212
11
2.7043502362204723
21
-0.6629457874015748
0
LINE
8
BLACK
6
CONTINUOUS
10
2.7043502362204723
20
-0.6629457874015748
11
2.7021005118110235
21
-0.6696949212598425
0
LINE
8
BLACK
6
CONTINUOUS
10
2.7021005118110235
20
-0.6696949212598425
11
2.701785905511811
21
-0.6703996456692913
0
LINE
8
BLACK
6
CONTINUOUS
10
2.701785905511811
20
-0.6703996456692913
11
2.701693149606299
21
-0.6705065354330708
0
LINE
8
BLACK
6
CONTINUOUS
10
2.701693149606299
20
-0.6705065354330708
11
2.7016390551181102
21
-0.6706372047244095
0
LINE
8
BLACK
6
CONTINUOUS
10
2.7016390551181102
20
-0.6706372047244095
11
2.7011494488188976
21
-0.6712338188976378
0
LINE
8
BLACK
6
CONTINUOUS
10
2.7011494488188976
20
-0.6712338188976378
11
2.6808737401574803
21
-0.6915095275590551
0
LINE
8
BLACK
6
CONTINUOUS
10
2.6808737401574803
20
-0.6915095275590551
11
2.7006152755905513
21
-0.6915095275590551
0
LINE
8
BLACK
6
CONTINUOUS
10
2.7006152755905513
20
-0.6915095275590551
11
2.701383346456693
21
-0.6915851574803149
0
LINE
8
BLACK
6
CONTINUOUS
10
2.701383346456693
20
-0.6915851574803149
11
2.7028025590551179
21
-0.692173031496063
0
LINE
8
BLACK
6
CONTINUOUS
10
2.7028025590551179
20
-0.692173031496063
11
2.703888779527559
21
-0.6932592519685039
0
LINE
8
BLACK
6
CONTINUOUS
10
2.703888779527559
20
-0.6932592519685039
11
2.7044766535433071
21
-0.6946784645669292
0
LINE
8
BLACK
6
CONTINUOUS
10
2.7044766535433071
20
-0.6946784645669292
11
2.7044766535433071
21
-0.6962146062992126
0
LINE
8
BLACK
6
CONTINUOUS
10
2.7044766535433071
20
-0.6962146062992126
11
2.703888779527559
21
-0.6976338188976378
0
LINE
8
BLACK
6
CONTINUOUS
10
2.703888779527559
20
-0.6976338188976378
11
2.7028025590551179
21
-0.6987200393700788
0
LINE
8
BLACK
6
CONTINUOUS
10
2.7028025590551179
20
-0.6987200393700788
11
2.701383346456693
21
-0.6993079133858268
0
LINE
8
BLACK
6
CONTINUOUS
10
2.701383346456693
20
-0.6993079133858268
11
2.7006152755905513
21
-0.6993835433070866
0
LINE
8
BLACK
6
CONTINUOUS
10
2.7006152755905513
20
-0.6993835433070866
11
2.6713689370078741
21
-0.6993835433070866
0
LINE
8
BLACK
6
CONTINUOUS
10
2.6713689370078741
20
-0.6993835433070866
11
2.6706008661417324
21
-0.6993079133858268
0
LINE
8
BLACK
6
CONTINUOUS
10
2.6706008661417324
20
-0.6993079133858268
11
2.6691816535433071
21
-0.6987200393700788
0
LINE
8
BLACK
6
CONTINUOUS
10
2.6691816535433071
20
-0.6987200393700788
11
2.6680954330708659
21
-0.6976338188976378
0
LINE
8
BLACK
6
CONTINUOUS
10
2.6680954330708659
20
-0.6976338188976378
11
2.6675075590551183
21
-0.6962146062992126
0
LINE
8
BLACK
6
CONTINUOUS
10
2.6675075590551183
20
-0.6962146062992126
11
2.6675075590551183
21
-0.6946784645669292
0
LINE
8
BLACK
6
CONTINUOUS
10
2.6675075590551183
20
-0.6946784645669292
11
2.6680954330708659
21
-0.6932592519685039
0
LINE
8
BLACK
6
CONTINUOUS
10
2.6680954330708659
20
-0.6932592519685039
11
2.6685850393700785
21
-0.6926626377952756
0
LINE
8
BLACK
6
CONTINUOUS
10
2.6685850393700785
20
-0.6926626377952756
11
2.6949244881889762
21
-0.6663231496062992
0
LINE
8
BLACK
6
CONTINUOUS
10
2.6949244881889762
20
-0.6663231496062992
11
2.6966782677165355
21
-0.6610618897637796
0
LINE
8
BLACK
6
CONTINUOUS
10
2.6966782677165355
20
-0.6610618897637796
11
2.6966782677165355
21
-0.6581307480314961
0
LINE
8
BLACK
6
CONTINUOUS
10
2.6966782677165355
20
-0.6581307480314961
11
2.6951298425196848
21
-0.655033937007874
0
LINE
8
BLACK
6
CONTINUOUS
10
2.6951298425196848
20
-0.655033937007874
11
2.6937837401574805
21
-0.6536877952755905
0
LINE
8
BLACK
6
CONTINUOUS
10
2.6937837401574805
20
-0.6536877952755905
11
2.6906870078740157
21
-0.6521394488188976
0
LINE
8
BLACK
6
CONTINUOUS
10
2.6906870078740157
20
-0.6521394488188976
11
2.6812972834645667
21
-0.6521394488188976
0
LINE
8
BLACK
6
CONTINUOUS
10
2.6812972834645667
20
-0.6521394488188976
11
2.6782004724409449
21
-0.6536877952755905
0
LINE
8
BLACK
6
CONTINUOUS
10
2.6782004724409449
20
-0.6536877952755905
11
2.6764025590551181
21
-0.6554857874015748
0
LINE
8
BLACK
6
CONTINUOUS
10
2.6764025590551181
20
-0.6554857874015748
11
2.6758059448818896
21
-0.6559753937007874
0
LINE
8
BLACK
6
CONTINUOUS
10
2.6758059448818896
20
-0.6559753937007874
11
2.6743867322834647
21
-0.6565632677165354
0
LINE
8
BLACK
6
CONTINUOUS
10
2.6743867322834647
20
-0.6565632677165354
11
2.6728505905511812
21
-0.6565632677165354
0
LINE
8
BLACK
6
CONTINUOUS
10
2.6728505905511812
20
-0.6565632677165354
11
2.6714313779527559
21
-0.6559753937007874
0
LINE
8
BLACK
6
CONTINUOUS
10
2.6714313779527559
20
-0.6559753937007874
11
2.6703451574803148
21
-0.6548891732283464
0
LINE
8
BLACK
6
CONTINUOUS
10
2.6703451574803148
20
-0.6548891732283464
11
2.6697572834645671
21
-0.6534699606299212
0
LINE
8
BLACK
6
CONTINUOUS
10
2.6697572834645671
20
-0.6534699606299212
11
2.6697572834645671
21
-0.6519338188976378
0
LINE
8
BLACK
6
CONTINUOUS
10
2.6697572834645671
20
-0.6519338188976378
11
2.6703451574803148
21
-0.6505146062992125
0
LINE
8
BLACK
6
CONTINUOUS
10
2.6703451574803148
20
-0.6505146062992125
11
2.6708347637795273
21
-0.6499179921259842
0
LINE
8
BLACK
6
CONTINUOUS
10
2.6708347637795273
20
-0.6499179921259842
11
2.6730844881889761
21
-0.6476683070866142
0
LINE
8
BLACK
6
CONTINUOUS
10
2.6730844881889761
20
-0.6476683070866142
11
2.6733862992125985
21
-0.6474205511811023
0
LINE
8
BLACK
6
CONTINUOUS
10
2.6733862992125985
20
-0.6474205511811023
11
2.6734545275590551
21
-0.6473419291338582
0
LINE
8
BLACK
6
CONTINUOUS
10
2.6734545275590551
20
-0.6473419291338582
11
2.6735729527559053
21
-0.6472673622047244
0
LINE
8
BLACK
6
CONTINUOUS
10
2.6735729527559053
20
-0.6472673622047244
11
2.6736810629921259
21
-0.6471786614173228
0
LINE
8
BLACK
6
CONTINUOUS
10
2.6736810629921259
20
-0.6471786614173228
11
2.6737771259842518
21
-0.6471388582677166
0
LINE
8
BLACK
6
CONTINUOUS
10
2.6737771259842518
20
-0.6471388582677166
11
2.674107716535433
21
-0.6469307874015748
0
LINE
8
BLACK
6
CONTINUOUS
10
2.674107716535433
20
-0.6469307874015748
11
2.6786071653543306
21
-0.644681062992126
0
LINE
8
BLACK
6
CONTINUOUS
10
2.6786071653543306
20
-0.644681062992126
11
2.6793279527559055
21
-0.6444052362204724
0
LINE
8
BLACK
6
CONTINUOUS
10
2.6793279527559055
20
-0.6444052362204724
11
2.6794690157480314
21
-0.6443951968503937
0
LINE
8
BLACK
6
CONTINUOUS
10
2.6794690157480314
20
-0.6443951968503937
11
2.6795997637795277
21
-0.644341062992126
0
LINE
8
BLACK
6
CONTINUOUS
10
2.6795997637795277
20
-0.644341062992126
11
2.6803678346456694
21
-0.6442654330708661
0
LINE
8
BLACK
6
CONTINUOUS
10
2.6803678346456694
20
-0.6442654330708661
11
2.6916164173228347
21
-0.6442654330708661
0
LINE
8
BLACK
6
CONTINUOUS
10
2.6916164173228347
20
-0.6442654330708661
11
2.6923844881889765
21
-0.644341062992126
0
LINE
8
BLACK
6
CONTINUOUS
10
2.0848216929133856
20
-0.612928937007874
11
2.0859079133858267
21
-0.614015157480315
0
LINE
8
BLACK
6
CONTINUOUS
10
2.0859079133858267
20
-0.614015157480315
11
2.0864957874015748
21
-0.6154343700787401
0
LINE
8
BLACK
6
CONTINUOUS
10
2.0864957874015748
20
-0.6154343700787401
11
2.0865714173228347
21
-0.6162024409448819
0
LINE
8
BLACK
6
CONTINUOUS
10
2.0865714173228347
20
-0.6162024409448819
11
2.0865714173228347
21
-0.6595095275590551
0
LINE
8
BLACK
6
CONTINUOUS
10
2.0865714173228347
20
-0.6595095275590551
11
2.1051315748031496
21
-0.6595095275590551
0
LINE
8
BLACK
6
CONTINUOUS
10
2.1051315748031496
20
-0.6595095275590551
11
2.1058996456692913
21
-0.659585157480315
0
LINE
8
BLACK
6
CONTINUOUS
10
2.1058996456692913
20
-0.659585157480315
11
2.1073188582677167
21
-0.660173031496063
0
LINE
8
BLACK
6
CONTINUOUS
10
2.1073188582677167
20
-0.660173031496063
11
2.1084050787401574
21
-0.6612592519685039
0
LINE
8
BLACK
6
CONTINUOUS
10
2.1084050787401574
20
-0.6612592519685039
11
2.1089929527559055
21
-0.6626784645669291
0
LINE
8
BLACK
6
CONTINUOUS
10
2.1089929527559055
20
-0.6626784645669291
11
2.1089929527559055
21
-0.6642146062992126
0
LINE
8
BLACK
6
CONTINUOUS
10
2.1089929527559055
20
-0.6642146062992126
11
2.1084050787401574
21
-0.6656338188976377
0
LINE
8
BLACK
6
CONTINUOUS
10
2.1084050787401574
20
-0.6656338188976377
11
2.1073188582677167
21
-0.6667200393700787
0
LINE
8
BLACK
6
CONTINUOUS
10
2.1073188582677167
20
-0.6667200393700787
11
2.1058996456692913
21
-0.6673079133858267
0
LINE
8
BLACK
6
CONTINUOUS
10
2.1058996456692913
20
-0.6673079133858267
11
2.1051315748031496
21
-0.6673835433070866
0
LINE
8
BLACK
6
CONTINUOUS
10
2.1051315748031496
20
-0.6673835433070866
11
2.0826344094488189
21
-0.6673835433070866
0
LINE
8
BLACK
6
CONTINUOUS
10
2.0826344094488189
20
-0.6673835433070866
11
2.0818663385826772
21
-0.6673079133858267
0
LINE
8
BLACK
6
CONTINUOUS
10
2.0818663385826772
20
-0.6673079133858267
11
2.0804471259842519
21
-0.6667200393700787
0
LINE
8
BLACK
6
CONTINUOUS
10
2.0804471259842519
20
-0.6667200393700787
11
2.0793609055118112
21
-0.6656338188976377
0
LINE
8
BLACK
6
CONTINUOUS
10
2.0793609055118112
20
-0.6656338188976377
11
2.0787730314960631
21
-0.6642146062992126
0
LINE
8
BLACK
6
CONTINUOUS
10
2.0787730314960631
20
-0.6642146062992126
11
2.0786974015748032
21
-0.6634465354330709
0
LINE
8
BLACK
6
CONTINUOUS
10
2.0786974015748032
20
-0.6634465354330709
11
2.0786974015748032
21
-0.6162024409448819
0
LINE
8
BLACK
6
CONTINUOUS
10
2.0786974015748032
20
-0.6162024409448819
11
2.0787730314960631
21
-0.6154343700787401
0
LINE
8
BLACK
6
CONTINUOUS
10
2.0787730314960631
20
-0.6154343700787401
11
2.0793609055118112
21
-0.614015157480315
0
LINE
8
BLACK
6
CONTINUOUS
10
2.0793609055118112
20
-0.614015157480315
11
2.0804471259842519
21
-0.612928937007874
0
LINE
8
BLACK
6
CONTINUOUS
10
2.0804471259842519
20
-0.612928937007874
11
2.0818663385826772
21
-0.612341062992126
0
LINE
8
BLACK
6
CONTINUOUS
10
2.0818663385826772
20
-0.612341062992126
11
2.0834024803149607
21
-0.612341062992126
0
LINE
8
BLACK
6
CONTINUOUS
10
2.0834024803149607
20
-0.612341062992126
11
2.0848216929133856
21
-0.612928937007874
0
LINE
8
BLACK
6
CONTINUOUS
10
2.1441448818897637
20
-0.612341062992126
11
2.1455640944881891
21
-0.612928937007874
0
LINE
8
BLACK
6
CONTINUOUS
10
2.1455640944881891
20
-0.612928937007874
11
2.1466503149606297
21
-0.614015157480315
0
LINE
8
BLACK
6
CONTINUOUS
10
2.1466503149606297
20
-0.614015157480315
11
2.1472381889763779
21
-0.6154343700787401
0
LINE
8
BLACK
6
CONTINUOUS
10
2.1472381889763779
20
-0.6154343700787401
11
2.1472381889763779
21
-0.6169705118110236
0
LINE
8
BLACK
6
CONTINUOUS
10
2.1472381889763779
20
-0.6169705118110236
11
2.1466503149606297
21
-0.6183897244094488
0
LINE
8
BLACK
6
CONTINUOUS
10
2.1466503149606297
20
-0.6183897244094488
11
2.1455640944881891
21
-0.6194759448818897
0
LINE
8
BLACK
6
CONTINUOUS
10
2.1455640944881891
20
-0.6194759448818897
11
2.1441448818897637
21
-0.6200638188976377
0
LINE
8
BLACK
6
CONTINUOUS
10
2.1441448818897637
20
-0.6200638188976377
11
2.143376811023622
21
-0.6201394488188976
0
LINE
8
BLACK
6
CONTINUOUS
10
2.143376811023622
20
-0.6201394488188976
11
2.1248166535433071
21
-0.6201394488188976
0
LINE
8
BLACK
6
CONTINUOUS
10
2.1248166535433071
20
-0.6201394488188976
11
2.1248166535433071
21
-0.6347626377952755
0
LINE
8
BLACK
6
CONTINUOUS
10
2.1248166535433071
20
-0.6347626377952755
11
2.1366276771653543
21
-0.6347626377952755
0
LINE
8
BLACK
6
CONTINUOUS
10
2.1366276771653543
20
-0.6347626377952755
11
2.137395748031496
21
-0.6348382677165354
0
LINE
8
BLACK
6
CONTINUOUS
10
2.137395748031496
20
-0.6348382677165354
11
2.1388149606299214
21
-0.6354261417322834
0
LINE
8
BLACK
6
CONTINUOUS
10
2.1388149606299214
20
-0.6354261417322834
11
2.139901181102362
21
-0.6365123622047244
0
LINE
8
BLACK
6
CONTINUOUS
10
2.139901181102362
20
-0.6365123622047244
11
2.1404890551181102
21
-0.6379315748031495
0
LINE
8
BLACK
6
CONTINUOUS
10
2.1404890551181102
20
-0.6379315748031495
11
2.1404890551181102
21
-0.6394677165354331
0
LINE
8
BLACK
6
CONTINUOUS
10
2.1404890551181102
20
-0.6394677165354331
11
2.139901181102362
21
-0.6408869291338583
0
LINE
8
BLACK
6
CONTINUOUS
10
2.139901181102362
20
-0.6408869291338583
11
2.1388149606299214
21
-0.6419731496062991
0
LINE
8
BLACK
6
CONTINUOUS
10
2.1388149606299214
20
-0.6419731496062991
11
2.137395748031496
21
-0.6425610236220473
0
LINE
8
BLACK
6
CONTINUOUS
10
2.137395748031496
20
-0.6425610236220473
11
2.1366276771653543
21
-0.6426366535433071
0
LINE
8
BLACK
6
CONTINUOUS
10
2.1366276771653543
20
-0.6426366535433071
11
2.1248166535433071
21
-0.6426366535433071
0
LINE
8
BLACK
6
CONTINUOUS
10
2.1248166535433071
20
-0.6426366535433071
11
2.1248166535433071
21
-0.6595095275590551
0
LINE
8
BLACK
6
CONTINUOUS
10
2.1248166535433071
20
-0.6595095275590551
11
2.143376811023622
21
-0.6595095275590551
0
LINE
8
BLACK
6
CONTINUOUS
10
2.143376811023622
20
-0.6595095275590551
11
2.1441448818897637
21
-0.659585157480315
0
LINE
8
BLACK
6
CONTINUOUS
10
2.1441448818897637
20
-0.659585157480315
11
2.1455640944881891
21
-0.660173031496063
0
LINE
8
BLACK
6
CONTINUOUS
10
2.1455640944881891
20
-0.660173031496063
11
2.1466503149606297
21
-0.6612592519685039
0
LINE
8
BLACK
6
CONTINUOUS
10
2.1466503149606297
20
-0.6612592519685039
11
2.1472381889763779
21
-0.6626784645669291
0
LINE
8
BLACK
6
CONTINUOUS
10
2.1472381889763779
20
-0.6626784645669291
11
2.1472381889763779
21
-0.6642146062992126
0
LINE
8
BLACK
6
CONTINUOUS
10
2.1472381889763779
20
-0.6642146062992126
11
2.1466503149606297
21
-0.6656338188976377
0
LINE
8
BLACK
6
CONTINUOUS
10
2.1466503149606297
20
-0.6656338188976377
11
2.1455640944881891
21
-0.6667200393700787
0
LINE
8
BLACK
6
CONTINUOUS
10
2.1455640944881891
20
-0.6667200393700787
11
2.1441448818897637
21
-0.6673079133858267
0
LINE
8
BLACK
6
CONTINUOUS
10
2.1441448818897637
20
-0.6673079133858267
11
2.143376811023622
21
-0.6673835433070866
0
LINE
8
BLACK
6
CONTINUOUS
10
2.143376811023622
20
-0.6673835433070866
11
2.1208796456692913
21
-0.6673835433070866
0
LINE
8
BLACK
6
CONTINUOUS
10
2.1208796456692913
20
-0.6673835433070866
11
2.1201115748031496
21
-0.6673079133858267
0
LINE
8
BLACK
6
CONTINUOUS
10
2.1201115748031496
20
-0.6673079133858267
11
2.1186923622047242
21
-0.6667200393700787
0
LINE
8
BLACK
6
CONTINUOUS
10
2.1186923622047242
20
-0.6667200393700787
11
2.1176061417322836
21
-0.6656338188976377
0
LINE
8
BLACK
6
CONTINUOUS
10
2.1176061417322836
20
-0.6656338188976377
11
2.1170182677165355
21
-0.6642146062992126
0
LINE
8
BLACK
6
CONTINUOUS
10
2.1170182677165355
20
-0.6642146062992126
11
2.1169426377952756
21
-0.6634465354330709
0
LINE
8
BLACK
6
CONTINUOUS
10
2.1169426377952756
20
-0.6634465354330709
11
2.1169426377952756
21
-0.6162024409448819
0
LINE
8
BLACK
6
CONTINUOUS
10
2.1169426377952756
20
-0.6162024409448819
11
2.1170182677165355
21
-0.6154343700787401
0
LINE
8
BLACK
6
CONTINUOUS
10
2.1170182677165355
20
-0.6154343700787401
11
2.1176061417322836
21
-0.614015157480315
0
LINE
8
BLACK
6
CONTINUOUS
10
2.1176061417322836
20
-0.614015157480315
11
2.1186923622047242
21
-0.612928937007874
0
LINE
8
BLACK
6
CONTINUOUS
10
2.1186923622047242
20
-0.612928937007874
11
2.1201115748031496
21
-0.612341062992126
0
LINE
8
BLACK
6
CONTINUOUS
10
2.1201115748031496
20
-0.612341062992126
11
2.1208796456692913
21
-0.6122654330708661
0
LINE
8
BLACK
6
CONTINUOUS
10
2.1208796456692913
20
-0.6122654330708661
11
2.143376811023622
21
-0.6122654330708661
0
LINE
8
BLACK
6
CONTINUOUS
10
2.143376811023622
20
-0.6122654330708661
11
2.1441448818897637
21
-0.612341062992126
0
LINE
8
BLACK
6
CONTINUOUS
10
2.1752615748031494
20
-0.6123037007874016
11
2.175365275590551
21
-0.6122963385826772
0
LINE
8
BLACK
6
CONTINUOUS
10
2.175365275590551
20
-0.6122963385826772
11
2.1755016141732284
21
-0.6123273228346456
0
LINE
8
BLACK
6
CONTINUOUS
10
2.1755016141732284
20
-0.6123273228346456
11
2.1756409448818896
21
-0.612341062992126
0
LINE
8
BLACK
6
CONTINUOUS
10
2.1756409448818896
20
-0.612341062992126
11
2.175737086614173
21
-0.6123808661417323
0
LINE
8
BLACK
6
CONTINUOUS
10
2.175737086614173
20
-0.6123808661417323
11
2.1761178740157479
21
-0.6124674803149606
0
LINE
8
BLACK
6
CONTINUOUS
10
2.1761178740157479
20
-0.6124674803149606
11
2.1828670472440943
21
-0.6147172047244094
0
LINE
8
BLACK
6
CONTINUOUS
10
2.1828670472440943
20
-0.6147172047244094
11
2.1835717716535434
21
-0.615031811023622
0
LINE
8
BLACK
6
CONTINUOUS
10
2.1835717716535434
20
-0.615031811023622
11
2.1836786614173227
21
-0.6151244881889764
0
LINE
8
BLACK
6
CONTINUOUS
10
2.1836786614173227
20
-0.6151244881889764
11
2.1838093700787402
21
-0.6151786614173228
0
LINE
8
BLACK
6
CONTINUOUS
10
2.1838093700787402
20
-0.6151786614173228
11
2.1844059448818895
21
-0.6156683070866141
0
LINE
8
BLACK
6
CONTINUOUS
10
2.1844059448818895
20
-0.6156683070866141
11
2.1889053543307084
21
-0.6201677559055118
0
LINE
8
BLACK
6
CONTINUOUS
10
2.1889053543307084
20
-0.6201677559055118
11
2.189152992125984
21
-0.6204694881889764
0
LINE
8
BLACK
6
CONTINUOUS
10
2.189152992125984
20
-0.6204694881889764
11
2.1892316929133857
21
-0.6205377559055117
0
LINE
8
BLACK
6
CONTINUOUS
10
2.1892316929133857
20
-0.6205377559055117
11
2.1893062992125985
21
-0.6206563385826771
0
LINE
8
BLACK
6
CONTINUOUS
10
2.1893062992125985
20
-0.6206563385826771
11
2.189394960629921
21
-0.6207643307086614
0
LINE
8
BLACK
6
CONTINUOUS
10
2.189394960629921
20
-0.6207643307086614
11
2.18943468503937
21
-0.6208602755905511
0
LINE
8
BLACK
6
CONTINUOUS
10
2.18943468503937
20
-0.6208602755905511
11
2.1896428346456691
21
-0.6211909448818898
0
LINE
8
BLACK
6
CONTINUOUS
10
2.1896428346456691
20
-0.6211909448818898
11
2.1918925590551179
21
-0.6256903937007874
0
LINE
8
BLACK
6
CONTINUOUS
10
2.1918925590551179
20
-0.6256903937007874
11
2.1919140157480315
21
-0.6257465354330709
0
LINE
8
BLACK
6
CONTINUOUS
10
2.1919140157480315
20
-0.6257465354330709
11
2.1919309842519685
21
-0.6257694094488189
0
LINE
8
BLACK
6
CONTINUOUS
10
2.1919309842519685
20
-0.6257694094488189
11
2.1920460629921261
21
-0.6260915354330708
0
LINE
8
BLACK
6
CONTINUOUS
10
2.1920460629921261
20
-0.6260915354330708
11
2.1921683858267715
21
-0.6264111811023622
0
LINE
8
BLACK
6
CONTINUOUS
10
2.1921683858267715
20
-0.6264111811023622
11
2.1921703937007875
21
-0.6264395275590551
0
LINE
8
BLACK
6
CONTINUOUS
10
2.1921703937007875
20
-0.6264395275590551
11
2.1921906299212597
21
-0.6264961811023622
0
LINE
8
BLACK
6
CONTINUOUS
10
2.1921906299212597
20
-0.6264961811023622
11
2.1944403543307085
21
-0.6354950787401574
0
LINE
8
BLACK
6
CONTINUOUS
10
2.1944403543307085
20
-0.6354950787401574
11
2.1944599999999999
21
-0.6356281102362205
0
LINE
8
BLACK
6
CONTINUOUS
10
2.1944599999999999
20
-0.6356281102362205
11
2.1944822834645668
21
-0.6356818503937007
0
LINE
8
BLACK
6
CONTINUOUS
10
2.1944822834645668
20
-0.6356818503937007
11
2.194510748031496
21
-0.6359712598425197
0
LINE
8
BLACK
6
CONTINUOUS
10
2.194510748031496
20
-0.6359712598425197
11
2.1945532677165356
21
-0.6362585433070866
0
LINE
8
BLACK
6
CONTINUOUS
10
2.1945532677165356
20
-0.6362585433070866
11
2.1945446850393702
21
-0.6363159448818897
0
LINE
8
BLACK
6
CONTINUOUS
10
2.1945446850393702
20
-0.6363159448818897
11
2.1945579133858266
21
-0.6364499212598425
0
LINE
8
BLACK
6
CONTINUOUS
10
2.1945579133858266
20
-0.6364499212598425
11
2.1945579133858266
21
-0.643199094488189
0
LINE
8
BLACK
6
CONTINUOUS
10
2.1945579133858266
20
-0.643199094488189
11
2.1945446850393702
21
-0.643333031496063
0
LINE
8
BLACK
6
CONTINUOUS
10
2.1945446850393702
20
-0.643333031496063
11
2.1945532677165356
21
-0.6433904724409448
0
LINE
8
BLACK
6
CONTINUOUS
10
2.1945532677165356
20
-0.6433904724409448
11
2.194510748031496
21
-0.643677716535433
0
LINE
8
BLACK
6
CONTINUOUS
10
2.194510748031496
20
-0.643677716535433
11
2.1944822834645668
21
-0.6439671653543307
0
LINE
8
BLACK
6
CONTINUOUS
10
2.1944822834645668
20
-0.6439671653543307
11
2.1944599999999999
21
-0.6440208661417323
0
LINE
8
BLACK
6
CONTINUOUS
10
2.1944599999999999
20
-0.6440208661417323
11
2.1944403543307085
21
-0.644153937007874
0
LINE
8
BLACK
6
CONTINUOUS
10
2.1944403543307085
20
-0.644153937007874
11
2.1921906299212597
21
-0.6531528346456693
0
LINE
8
BLACK
6
CONTINUOUS
10
2.1921906299212597
20
-0.6531528346456693
11
2.1921703937007875
21
-0.6532094488188976
0
LINE
8
BLACK
6
CONTINUOUS
10
2.1921703937007875
20
-0.6532094488188976
11
2.1921683858267715
21
-0.6532378346456693
0
LINE
8
BLACK
6
CONTINUOUS
10
2.1921683858267715
20
-0.6532378346456693
11
2.1920460629921261
21
-0.6535574409448819
0
LINE
8
BLACK
6
CONTINUOUS
10
2.1920460629921261
20
-0.6535574409448819
11
2.1919309842519685
21
-0.6538796062992126
0
LINE
8
BLACK
6
CONTINUOUS
10
2.1919309842519685
20
-0.6538796062992126
11
2.1919140157480315
21
-0.6539024409448819
0
LINE
8
BLACK
6
CONTINUOUS
10
2.1919140157480315
20
-0.6539024409448819
11
2.1918925590551179
21
-0.6539586220472441
0
LINE
8
BLACK
6
CONTINUOUS
10
2.1918925590551179
20
-0.6539586220472441
11
2.1896428346456691
21
-0.6584580708661417
0
LINE
8
BLACK
6
CONTINUOUS
10
2.1896428346456691
20
-0.6584580708661417
11
2.18943468503937
21
-0.6587887007874016
0
LINE
8
BLACK
6
CONTINUOUS
10
2.18943468503937
20
-0.6587887007874016
11
2.189394960629921
21
-0.65888468503937
0
LINE
8
BLACK
6
CONTINUOUS
10
2.189394960629921
20
-0.65888468503937
11
2.1893062992125985
21
-0.6589926377952756
0
LINE
8
BLACK
6
CONTINUOUS
10
2.1893062992125985
20
-0.6589926377952756
11
2.1892316929133857
21
-0.6591112598425197
0
LINE
8
BLACK
6
CONTINUOUS
10
2.1892316929133857
20
-0.6591112598425197
11
2.189152992125984
21
-0.6591794881889763
0
LINE
8
BLACK
6
CONTINUOUS
10
2.189152992125984
20
-0.6591794881889763
11
2.1889053543307084
21
-0.6594812598425197
0
LINE
8
BLACK
6
CONTINUOUS
10
2.1889053543307084
20
-0.6594812598425197
11
2.1844059448818895
21
-0.6639807086614173
0
LINE
8
BLACK
6
CONTINUOUS
10
2.1844059448818895
20
-0.6639807086614173
11
2.1838093700787402
21
-0.6644703543307087
0
LINE
8
BLACK
6
CONTINUOUS
10
2.1838093700787402
20
-0.6644703543307087
11
2.1836786614173227
21
-0.6645244881889764
0
LINE
8
BLACK
6
CONTINUOUS
10
2.1836786614173227
20
-0.6645244881889764
11
2.1835717716535434
21
-0.6646172047244094
0
LINE
8
BLACK
6
CONTINUOUS
10
2.1835717716535434
20
-0.6646172047244094
11
2.1828670472440943
21
-0.664931811023622
0
LINE
8
BLACK
6
CONTINUOUS
10
2.1828670472440943
20
-0.664931811023622
11
2.1761178346456691
21
-0.6671814960629922
0
LINE
8
BLACK
6
CONTINUOUS
10
2.1761178346456691
20
-0.6671814960629922
11
2.175737086614173
21
-0.6672680708661417
0
LINE
8
BLACK
6
CONTINUOUS
10
2.175737086614173
20
-0.6672680708661417
11
2.1756409448818896
21
-0.6673079133858267
0
LINE
8
BLACK
6
CONTINUOUS
10
2.1756409448818896
20
-0.6673079133858267
11
2.1755015748031497
21
-0.6673216141732283
0
LINE
8
BLACK
6
CONTINUOUS
10
2.1755015748031497
20
-0.6673216141732283
11
2.175365275590551
21
-0.6673526377952755
0
LINE
8
BLACK
6
CONTINUOUS
10
2.175365275590551
20
-0.6673526377952755
11
2.1752615748031494
21
-0.6673452362204724
0
LINE
8
BLACK
6
CONTINUOUS
10
2.1752615748031494
20
-0.6673452362204724
11
2.1748728740157479
21
-0.6673835433070866
0
LINE
8
BLACK
6
CONTINUOUS
10
2.1748728740157479
20
-0.6673835433070866
11
2.1636242913385826
21
-0.6673835433070866
0
LINE
8
BLACK
6
CONTINUOUS
10
2.1636242913385826
20
-0.6673835433070866
11
2.1628562204724409
21
-0.6673079133858267
0
LINE
8
BLACK
6
CONTINUOUS
10
2.1628562204724409
20
-0.6673079133858267
11
2.1614370078740155
21
-0.6667200393700787
0
LINE
8
BLACK
6
CONTINUOUS
10
2.1614370078740155
20
-0.6667200393700787
11
2.1603507874015748
21
-0.6656338188976377
0
LINE
8
BLACK
6
CONTINUOUS
10
2.1603507874015748
20
-0.6656338188976377
11
2.1597629133858267
21
-0.6642146062992126
0
LINE
8
BLACK
6
CONTINUOUS
10
2.1597629133858267
20
-0.6642146062992126
11
2.1596872834645668
21
-0.6634465354330709
0
LINE
8
BLACK
6
CONTINUOUS
10
2.1596872834645668
20
-0.6634465354330709
11
2.1596872834645668
21
-0.6162024409448819
0
LINE
8
BLACK
6
CONTINUOUS
10
2.1596872834645668
20
-0.6162024409448819
11
2.1597629133858267
21
-0.6154343700787401
0
LINE
8
BLACK
6
CONTINUOUS
10
2.1597629133858267
20
-0.6154343700787401
11
2.1603507874015748
21
-0.614015157480315
0
LINE
8
BLACK
6
CONTINUOUS
10
2.1603507874015748
20
-0.614015157480315
11
2.1614370078740155
21
-0.612928937007874
0
LINE
8
BLACK
6
CONTINUOUS
10
2.1614370078740155
20
-0.612928937007874
11
2.1628562204724409
21
-0.612341062992126
0
LINE
8
BLACK
6
CONTINUOUS
10
2.1628562204724409
20
-0.612341062992126
11
2.1636242913385826
21
-0.6122654330708661
0
LINE
8
BLACK
6
CONTINUOUS
10
2.1636242913385826
20
-0.6122654330708661
11
2.1748728740157479
21
-0.6122654330708661
0
LINE
8
BLACK
6
CONTINUOUS
10
2.1748728740157479
20
-0.6122654330708661
11
2.1752615748031494
21
-0.6123037007874016
0
LINE
8
BLACK
6
CONTINUOUS
10
2.1675612992125983
20
-0.6595095275590551
11
2.1742340551181103
21
-0.6595095275590551
0
LINE
8
BLACK
6
CONTINUOUS
10
2.1742340551181103
20
-0.6595095275590551
11
2.1794953543307085
21
-0.6577557480314961
0
LINE
8
BLACK
6
CONTINUOUS
10
2.1794953543307085
20
-0.6577557480314961
11
2.182885748031496
21
-0.6543653149606299
0
LINE
8
BLACK
6
CONTINUOUS
10
2.182885748031496
20
-0.6543653149606299
11
2.1846565354330707
21
-0.6508237007874016
0
LINE
8
BLACK
6
CONTINUOUS
10
2.1846565354330707
20
-0.6508237007874016
11
2.1866838976377951
21
-0.6427144094488189
0
LINE
8
BLACK
6
CONTINUOUS
10
2.1866838976377951
20
-0.6427144094488189
11
2.1866838976377951
21
-0.6369345669291339
0
LINE
8
BLACK
6
CONTINUOUS
10
2.1866838976377951
20
-0.6369345669291339
11
2.1846565354330707
21
-0.6288252755905511
0
LINE
8
BLACK
6
CONTINUOUS
10
2.1846565354330707
20
-0.6288252755905511
11
2.182885748031496
21
-0.6252836614173228
0
LINE
8
BLACK
6
CONTINUOUS
10
2.182885748031496
20
-0.6252836614173228
11
2.1794953149606298
21
-0.6218931889763779
0
LINE
8
BLACK
6
CONTINUOUS
10
2.1794953149606298
20
-0.6218931889763779
11
2.1742340157480315
21
-0.6201394488188976
0
LINE
8
BLACK
6
CONTINUOUS
10
2.1742340157480315
20
-0.6201394488188976
11
2.1675612992125983
21
-0.6201394488188976
0
LINE
8
BLACK
6
CONTINUOUS
10
2.1675612992125983
20
-0.6201394488188976
11
2.1675612992125983
21
-0.6595095275590551
0
LINE
8
BLACK
6
CONTINUOUS
10
2.2224951574803149
20
-0.612341062992126
11
2.2228850393700785
21
-0.612341062992126
0
LINE
8
BLACK
6
CONTINUOUS
10
2.2228850393700785
20
-0.612341062992126
11
2.2232414173228348
21
-0.6124886614173228
0
LINE
8
BLACK
6
CONTINUOUS
10
2.2232414173228348
20
-0.6124886614173228
11
2.2236198031496062
21
-0.6125635433070866
0
LINE
8
BLACK
6
CONTINUOUS
10
2.2236198031496062
20
-0.6125635433070866
11
2.2239441338582675
21
-0.6127797637795276
0
LINE
8
BLACK
6
CONTINUOUS
10
2.2239441338582675
20
-0.6127797637795276
11
2.2243042519685039
21
-0.612928937007874
0
LINE
8
BLACK
6
CONTINUOUS
10
2.2243042519685039
20
-0.612928937007874
11
2.2245769291338582
21
-0.6132016141732284
0
LINE
8
BLACK
6
CONTINUOUS
10
2.2245769291338582
20
-0.6132016141732284
11
2.2248979527559056
21
-0.6134156299212599
0
LINE
8
BLACK
6
CONTINUOUS
10
2.2248979527559056
20
-0.6134156299212599
11
2.2251148818897639
21
-0.6137395669291339
0
LINE
8
BLACK
6
CONTINUOUS
10
2.2251148818897639
20
-0.6137395669291339
11
2.225390472440945
21
-0.614015157480315
0
LINE
8
BLACK
6
CONTINUOUS
10
2.225390472440945
20
-0.614015157480315
11
2.2255380708661416
21
-0.6143714960629921
0
LINE
8
BLACK
6
CONTINUOUS
10
2.2255380708661416
20
-0.6143714960629921
11
2.2257527165354332
21
-0.6146920078740158
0
LINE
8
BLACK
6
CONTINUOUS
10
2.2257527165354332
20
-0.6146920078740158
11
2.2258291338582676
21
-0.6150741732283465
0
LINE
8
BLACK
6
CONTINUOUS
10
2.2258291338582676
20
-0.6150741732283465
11
2.2259783464566927
21
-0.6154343700787401
0
LINE
8
BLACK
6
CONTINUOUS
10
2.2259783464566927
20
-0.6154343700787401
11
2.2260531496062992
21
-0.6161942913385826
0
LINE
8
BLACK
6
CONTINUOUS
10
2.2260531496062992
20
-0.6161942913385826
11
2.2260539763779525
21
-0.6161983070866142
0
LINE
8
BLACK
6
CONTINUOUS
10
2.2260539763779525
20
-0.6161983070866142
11
2.2260537007874017
21
-0.6161996456692913
0
LINE
8
BLACK
6
CONTINUOUS
10
2.2260537007874017
20
-0.6161996456692913
11
2.2260539763779525
21
-0.6162024409448819
0
LINE
8
BLACK
6
CONTINUOUS
10
2.2260539763779525
20
-0.6162024409448819
11
2.2260539763779525
21
-0.6595095275590551
0
LINE
8
BLACK
6
CONTINUOUS
10
2.2260539763779525
20
-0.6595095275590551
11
2.235615275590551
21
-0.6595095275590551
0
LINE
8
BLACK
6
CONTINUOUS
10
2.235615275590551
20
-0.6595095275590551
11
2.2363833464566927
21
-0.659585157480315
0
LINE
8
BLACK
6
CONTINUOUS
10
2.2363833464566927
20
-0.659585157480315
11
2.237802559055118
21
-0.660173031496063
0
LINE
8
BLACK
6
CONTINUOUS
10
2.237802559055118
20
-0.660173031496063
11
2.2388887795275592
21
-0.6612592519685039
0
LINE
8
BLACK
6
CONTINUOUS
10
2.2388887795275592
20
-0.6612592519685039
11
2.2394766535433068
21
-0.6626784645669291
0
LINE
8
BLACK
6
CONTINUOUS
10
2.2394766535433068
20
-0.6626784645669291
11
2.2394766535433068
21
-0.6642146062992126
0
LINE
8
BLACK
6
CONTINUOUS
10
2.2394766535433068
20
-0.6642146062992126
11
2.2388887795275592
21
-0.6656338188976377
0
LINE
8
BLACK
6
CONTINUOUS
10
2.2388887795275592
20
-0.6656338188976377
11
2.237802559055118
21
-0.6667200393700787
0
LINE
8
BLACK
6
CONTINUOUS
10
2.237802559055118
20
-0.6667200393700787
11
2.2363833464566927
21
-0.6673079133858267
0
LINE
8
BLACK
6
CONTINUOUS
10
2.2363833464566927
20
-0.6673079133858267
11
2.235615275590551
21
-0.6673835433070866
0
LINE
8
BLACK
6
CONTINUOUS
10
2.235615275590551
20
-0.6673835433070866
11
2.2086186614173227
21
-0.6673835433070866
0
LINE
8
BLACK
6
CONTINUOUS
10
2.2086186614173227
20
-0.6673835433070866
11
2.2078505905511809
21
-0.6673079133858267
0
LINE
8
BLACK
6
CONTINUOUS
10
2.2078505905511809
20
-0.6673079133858267
11
2.206431377952756
21
-0.6667200393700787
0
LINE
8
BLACK
6
CONTINUOUS
10
2.206431377952756
20
-0.6667200393700787
11
2.2053451574803149
21
-0.6656338188976377
0
LINE
8
BLACK
6
CONTINUOUS
10
2.2053451574803149
20
-0.6656338188976377
11
2.2047572834645668
21
-0.6642146062992126
0
LINE
8
BLACK
6
CONTINUOUS
10
2.2047572834645668
20
-0.6642146062992126
11
2.2047572834645668
21
-0.6626784645669291
0
LINE
8
BLACK
6
CONTINUOUS
10
2.2047572834645668
20
-0.6626784645669291
11
2.2053451574803149
21
-0.6612592519685039
0
LINE
8
BLACK
6
CONTINUOUS
10
2.2053451574803149
20
-0.6612592519685039
11
2.206431377952756
21
-0.660173031496063
0
LINE
8
BLACK
6
CONTINUOUS
10
2.206431377952756
20
-0.660173031496063
11
2.2078505905511809
21
-0.659585157480315
0
LINE
8
BLACK
6
CONTINUOUS
10
2.2078505905511809
20
-0.659585157480315
11
2.2086186614173227
21
-0.6595095275590551
0
LINE
8
BLACK
6
CONTINUOUS
10
2.2086186614173227
20
-0.6595095275590551
11
2.2181799606299211
21
-0.6595095275590551
0
LINE
8
BLACK
6
CONTINUOUS
10
2.2181799606299211
20
-0.6595095275590551
11
2.2181799606299211
21
-0.6279569291338583
0
LINE
8
BLACK
6
CONTINUOUS
10
2.2181799606299211
20
-0.6279569291338583
11
2.2159020078740155
21
-0.6302349212598425
0
LINE
8
BLACK
6
CONTINUOUS
10
2.2159020078740155
20
-0.6302349212598425
11
2.2156001574803148
21
-0.6304826377952756
0
LINE
8
BLACK
6
CONTINUOUS
10
2.2156001574803148
20
-0.6304826377952756
11
2.215531968503937
21
-0.6305612992125984
0
LINE
8
BLACK
6
CONTINUOUS
10
2.215531968503937
20
-0.6305612992125984
11
2.2154134645669292
21
-0.6306358661417323
0
LINE
8
BLACK
6
CONTINUOUS
10
2.2154134645669292
20
-0.6306358661417323
11
2.2153054330708661
21
-0.6307245669291338
0
LINE
8
BLACK
6
CONTINUOUS
10
2.2153054330708661
20
-0.6307245669291338
11
2.2152094094488191
21
-0.6307643307086614
0
LINE
8
BLACK
6
CONTINUOUS
10
2.2152094094488191
20
-0.6307643307086614
11
2.2148788188976378
21
-0.6309724409448819
0
LINE
8
BLACK
6
CONTINUOUS
10
2.2148788188976378
20
-0.6309724409448819
11
2.2103793307086614
21
-0.6332221653543307
0
LINE
8
BLACK
6
CONTINUOUS
10
2.2103793307086614
20
-0.6332221653543307
11
2.2096585433070866
21
-0.6334979921259842
0
LINE
8
BLACK
6
CONTINUOUS
10
2.2096585433070866
20
-0.6334979921259842
11
2.2081262598425195
21
-0.6336068897637795
0
LINE
8
BLACK
6
CONTINUOUS
10
2.2081262598425195
20
-0.6336068897637795
11
2.206668937007874
21
-0.6331211023622048
0
LINE
8
BLACK
6
CONTINUOUS
10
2.206668937007874
20
-0.6331211023622048
11
2.2055084251968502
21
-0.6321146456692913
0
LINE
8
BLACK
6
CONTINUOUS
10
2.2055084251968502
20
-0.6321146456692913
11
2.2048214566929132
21
-0.6307406692913385
0
LINE
8
BLACK
6
CONTINUOUS
10
2.2048214566929132
20
-0.6307406692913385
11
2.204712559055118
21
-0.6292083858267716
0
LINE
8
BLACK
6
CONTINUOUS
10
2.204712559055118
20
-0.6292083858267716
11
2.2051983464566929
21
-0.627751062992126
0
LINE
8
BLACK
6
CONTINUOUS
10
2.2051983464566929
20
-0.627751062992126
11
2.2062048031496064
21
-0.6265905511811023
0
LINE
8
BLACK
6
CONTINUOUS
10
2.2062048031496064
20
-0.6265905511811023
11
2.2068579921259843
21
-0.6261794094488189
0
LINE
8
BLACK
6
CONTINUOUS
10
2.2068579921259843
20
-0.6261794094488189
11
2.2107859842519684
21
-0.6242153937007874
0
LINE
8
BLACK
6
CONTINUOUS
10
2.2107859842519684
20
-0.6242153937007874
11
2.2145579133858266
21
-0.6204434251968504
0
LINE
8
BLACK
6
CONTINUOUS
10
2.2145579133858266
20
-0.6204434251968504
11
2.2188411811023623
21
-0.6140185826771654
0
LINE
8
BLACK
6
CONTINUOUS
10
2.2188411811023623
20
-0.6140185826771654
11
2.2188429133858265
21
-0.6140164173228346
0
LINE
8
BLACK
6
CONTINUOUS
10
2.2188429133858265
20
-0.6140164173228346
11
2.218843464566929
21
-0.614015157480315
0
LINE
8
BLACK
6
CONTINUOUS
10
2.218843464566929
20
-0.614015157480315
11
2.2188463385826771
21
-0.6140122440944882
0
LINE
8
BLACK
6
CONTINUOUS
10
2.2188463385826771
20
-0.6140122440944882
11
2.2193301574803148
21
-0.6134214566929134
0
LINE
8
BLACK
6
CONTINUOUS
10
2.2193301574803148
20
-0.6134214566929134
11
2.2196540944881891
21
-0.6132044881889763
0
LINE
8
BLACK
6
CONTINUOUS
10
2.2196540944881891
20
-0.6132044881889763
11
2.2199296850393702
21
-0.612928937007874
0
LINE
8
BLACK
6
CONTINUOUS
10
2.2199296850393702
20
-0.612928937007874
11
2.2202860236220472
21
-0.6127812992125984
0
LINE
8
BLACK
6
CONTINUOUS
10
2.2202860236220472
20
-0.6127812992125984
11
2.2206065354330708
21
-0.6125666929133858
0
LINE
8
BLACK
6
CONTINUOUS
10
2.2206065354330708
20
-0.6125666929133858
11
2.2209887007874016
21
-0.6124902362204724
0
LINE
8
BLACK
6
CONTINUOUS
10
2.2209887007874016
20
-0.6124902362204724
11
2.2213488976377951
21
-0.612341062992126
0
LINE
8
BLACK
6
CONTINUOUS
10
2.2213488976377951
20
-0.612341062992126
11
2.2217346850393702
21
-0.612341062992126
0
LINE
8
BLACK
6
CONTINUOUS
10
2.2217346850393702
20
-0.612341062992126
11
2.2221128346456691
21
-0.6122654330708661
0
LINE
8
BLACK
6
CONTINUOUS
10
2.2221128346456691
20
-0.6122654330708661
11
2.2224951574803149
21
-0.612341062992126
0
LINE
8
BLACK
6
CONTINUOUS
10
2.7798216929133859
20
-0.5629289370078741
11
2.7809079133858265
21
-0.5640151574803149
0
LINE
8
BLACK
6
CONTINUOUS
10
2.7809079133858265
20
-0.5640151574803149
11
2.7814957874015747
21
-0.5654343700787401
0
LINE
8
BLACK
6
CONTINUOUS
10
2.7814957874015747
20
-0.5654343700787401
11
2.7815714173228345
21
-0.5662024409448819
0
LINE
8
BLACK
6
CONTINUOUS
10
2.7815714173228345
20
-0.5662024409448819
11
2.7815714173228345
21
-0.6095095275590551
0
LINE
8
BLACK
6
CONTINUOUS
10
2.7815714173228345
20
-0.6095095275590551
11
2.8001315748031494
21
-0.6095095275590551
0
LINE
8
BLACK
6
CONTINUOUS
10
2.8001315748031494
20
-0.6095095275590551
11
2.8008996456692912
21
-0.6095851574803149
0
LINE
8
BLACK
6
CONTINUOUS
10
2.8008996456692912
20
-0.6095851574803149
11
2.8023188582677165
21
-0.6101730314960629
0
LINE
8
BLACK
6
CONTINUOUS
10
2.8023188582677165
20
-0.6101730314960629
11
2.8034050787401572
21
-0.6112592519685039
0
LINE
8
BLACK
6
CONTINUOUS
10
2.8034050787401572
20
-0.6112592519685039
11
2.8039929527559053
21
-0.6126784645669291
0
LINE
8
BLACK
6
CONTINUOUS
10
2.8039929527559053
20
-0.6126784645669291
11
2.8039929527559053
21
-0.6142146062992125
0
LINE
8
BLACK
6
CONTINUOUS
10
2.8039929527559053
20
-0.6142146062992125
11
2.8034050787401572
21
-0.6156338188976378
0
LINE
8
BLACK
6
CONTINUOUS
10
2.8034050787401572
20
-0.6156338188976378
11
2.8023188582677165
21
-0.6167200393700787
0
LINE
8
BLACK
6
CONTINUOUS
10
2.8023188582677165
20
-0.6167200393700787
11
2.8008996456692912
21
-0.6173079133858268
0
LINE
8
BLACK
6
CONTINUOUS
10
2.8008996456692912
20
-0.6173079133858268
11
2.8001315748031494
21
-0.6173835433070866
0
LINE
8
BLACK
6
CONTINUOUS
10
2.8001315748031494
20
-0.6173835433070866
11
2.7776344094488188
21
-0.6173835433070866
0
LINE
8
BLACK
6
CONTINUOUS
10
2.7776344094488188
20
-0.6173835433070866
11
2.7768663385826771
21
-0.6173079133858268
0
LINE
8
BLACK
6
CONTINUOUS
10
2.7768663385826771
20
-0.6173079133858268
11
2.7754471259842517
21
-0.6167200393700787
0
LINE
8
BLACK
6
CONTINUOUS
10
2.7754471259842517
20
-0.6167200393700787
11
2.774360905511811
21
-0.6156338188976378
0
LINE
8
BLACK
6
CONTINUOUS
10
2.774360905511811
20
-0.6156338188976378
11
2.7737730314960629
21
-0.6142146062992125
0
LINE
8
BLACK
6
CONTINUOUS
10
2.7737730314960629
20
-0.6142146062992125
11
2.773697401574803
21
-0.6134465354330708
0
LINE
8
BLACK
6
CONTINUOUS
10
2.773697401574803
20
-0.6134465354330708
11
2.773697401574803
21
-0.5662024409448819
0
LINE
8
BLACK
6
CONTINUOUS
10
2.773697401574803
20
-0.5662024409448819
11
2.7737730314960629
21
-0.5654343700787401
0
LINE
8
BLACK
6
CONTINUOUS
10
2.7737730314960629
20
-0.5654343700787401
11
2.774360905511811
21
-0.5640151574803149
0
LINE
8
BLACK
6
CONTINUOUS
10
2.774360905511811
20
-0.5640151574803149
11
2.7754471259842517
21
-0.5629289370078741
0
LINE
8
BLACK
6
CONTINUOUS
10
2.7754471259842517
20
-0.5629289370078741
11
2.7768663385826771
21
-0.5623410629921259
0
LINE
8
BLACK
6
CONTINUOUS
10
2.7768663385826771
20
-0.5623410629921259
11
2.7784024803149605
21
-0.5623410629921259
0
LINE
8
BLACK
6
CONTINUOUS
10
2.7784024803149605
20
-0.5623410629921259
11
2.7798216929133859
21
-0.5629289370078741
0
LINE
8
BLACK
6
CONTINUOUS
10
2.8391448818897635
20
-0.5623410629921259
11
2.8405640944881889
21
-0.5629289370078741
0
LINE
8
BLACK
6
CONTINUOUS
10
2.8405640944881889
20
-0.5629289370078741
11
2.84165031496063
21
-0.5640151574803149
0
LINE
8
BLACK
6
CONTINUOUS
10
2.84165031496063
20
-0.5640151574803149
11
2.8422381889763777
21
-0.5654343700787401
0
LINE
8
BLACK
6
CONTINUOUS
10
2.8422381889763777
20
-0.5654343700787401
11
2.8422381889763777
21
-0.5669705118110236
0
LINE
8
BLACK
6
CONTINUOUS
10
2.8422381889763777
20
-0.5669705118110236
11
2.84165031496063
21
-0.5683897244094488
0
LINE
8
BLACK
6
CONTINUOUS
10
2.84165031496063
20
-0.5683897244094488
11
2.8405640944881889
21
-0.5694759448818898
0
LINE
8
BLACK
6
CONTINUOUS
10
2.8405640944881889
20
-0.5694759448818898
11
2.8391448818897635
21
-0.5700638188976378
0
LINE
8
BLACK
6
CONTINUOUS
10
2.8391448818897635
20
-0.5700638188976378
11
2.8383768110236218
21
-0.5701394488188977
0
LINE
8
BLACK
6
CONTINUOUS
10
2.8383768110236218
20
-0.5701394488188977
11
2.8198166535433069
21
-0.5701394488188977
0
LINE
8
BLACK
6
CONTINUOUS
10
2.8198166535433069
20
-0.5701394488188977
11
2.8198166535433069
21
-0.5847626377952756
0
LINE
8
BLACK
6
CONTINUOUS
10
2.8198166535433069
20
-0.5847626377952756
11
2.8316276771653541
21
-0.5847626377952756
0
LINE
8
BLACK
6
CONTINUOUS
10
2.8316276771653541
20
-0.5847626377952756
11
2.8323957480314959
21
-0.5848382677165355
0
LINE
8
BLACK
6
CONTINUOUS
10
2.8323957480314959
20
-0.5848382677165355
11
2.8338149606299212
21
-0.5854261417322835
0
LINE
8
BLACK
6
CONTINUOUS
10
2.8338149606299212
20
-0.5854261417322835
11
2.8349011811023623
21
-0.5865123622047244
0
LINE
8
BLACK
6
CONTINUOUS
10
2.8349011811023623
20
-0.5865123622047244
11
2.83548905511811
21
-0.5879315748031496
0
LINE
8
BLACK
6
CONTINUOUS
10
2.83548905511811
20
-0.5879315748031496
11
2.83548905511811
21
-0.5894677165354331
0
LINE
8
BLACK
6
CONTINUOUS
10
2.83548905511811
20
-0.5894677165354331
11
2.8349011811023623
21
-0.5908869291338582
0
LINE
8
BLACK
6
CONTINUOUS
10
2.8349011811023623
20
-0.5908869291338582
11
2.8338149606299212
21
-0.5919731496062992
0
LINE
8
BLACK
6
CONTINUOUS
10
2.8338149606299212
20
-0.5919731496062992
11
2.8323957480314959
21
-0.5925610236220472
0
LINE
8
BLACK
6
CONTINUOUS
10
2.8323957480314959
20
-0.5925610236220472
11
2.8316276771653541
21
-0.5926366535433071
0
LINE
8
BLACK
6
CONTINUOUS
10
2.8316276771653541
20
-0.5926366535433071
11
2.8198166535433069
21
-0.5926366535433071
0
LINE
8
BLACK
6
CONTINUOUS
10
2.8198166535433069
20
-0.5926366535433071
11
2.8198166535433069
21
-0.6095095275590551
0
LINE
8
BLACK
6
CONTINUOUS
10
2.8198166535433069
20
-0.6095095275590551
11
2.8383768110236218
21
-0.6095095275590551
0
LINE
8
BLACK
6
CONTINUOUS
10
2.8383768110236218
20
-0.6095095275590551
11
2.8391448818897635
21
-0.6095851574803149
0
LINE
8
BLACK
6
CONTINUOUS
10
2.8391448818897635
20
-0.6095851574803149
11
2.8405640944881889
21
-0.6101730314960629
0
LINE
8
BLACK
6
CONTINUOUS
10
2.8405640944881889
20
-0.6101730314960629
11
2.84165031496063
21
-0.6112592519685039
0
LINE
8
BLACK
6
CONTINUOUS
10
2.84165031496063
20
-0.6112592519685039
11
2.8422381889763777
21
-0.6126784645669291
0
LINE
8
BLACK
6
CONTINUOUS
10
2.8422381889763777
20
-0.6126784645669291
11
2.8422381889763777
21
-0.6142146062992125
0
LINE
8
BLACK
6
CONTINUOUS
10
2.8422381889763777
20
-0.6142146062992125
11
2.84165031496063
21
-0.6156338188976378
0
LINE
8
BLACK
6
CONTINUOUS
10
2.84165031496063
20
-0.6156338188976378
11
2.8405640944881889
21
-0.6167200393700787
0
LINE
8
BLACK
6
CONTINUOUS
10
2.8405640944881889
20
-0.6167200393700787
11
2.8391448818897635
21
-0.6173079133858268
0
LINE
8
BLACK
6
CONTINUOUS
10
2.8391448818897635
20
-0.6173079133858268
11
2.8383768110236218
21
-0.6173835433070866
0
LINE
8
BLACK
6
CONTINUOUS
10
2.8383768110236218
20
-0.6173835433070866
11
2.8158796456692912
21
-0.6173835433070866
0
LINE
8
BLACK
6
CONTINUOUS
10
2.8158796456692912
20
-0.6173835433070866
11
2.8151115748031494
21
-0.6173079133858268
0
LINE
8
BLACK
6
CONTINUOUS
10
2.8151115748031494
20
-0.6173079133858268
11
2.8136923622047245
21
-0.6167200393700787
0
LINE
8
BLACK
6
CONTINUOUS
10
2.8136923622047245
20
-0.6167200393700787
11
2.8126061417322834
21
-0.6156338188976378
0
LINE
8
BLACK
6
CONTINUOUS
10
2.8126061417322834
20
-0.6156338188976378
11
2.8120182677165353
21
-0.6142146062992125
0
LINE
8
BLACK
6
CONTINUOUS
10
2.8120182677165353
20
-0.6142146062992125
11
2.8119426377952754
21
-0.6134465354330708
0
LINE
8
BLACK
6
CONTINUOUS
10
2.8119426377952754
20
-0.6134465354330708
11
2.8119426377952754
21
-0.5662024409448819
0
LINE
8
BLACK
6
CONTINUOUS
10
2.8119426377952754
20
-0.5662024409448819
11
2.8120182677165353
21
-0.5654343700787401
0
LINE
8
BLACK
6
CONTINUOUS
10
2.8120182677165353
20
-0.5654343700787401
11
2.8126061417322834
21
-0.5640151574803149
0
LINE
8
BLACK
6
CONTINUOUS
10
2.8126061417322834
20
-0.5640151574803149
11
2.8136923622047245
21
-0.5629289370078741
0
LINE
8
BLACK
6
CONTINUOUS
10
2.8136923622047245
20
-0.5629289370078741
11
2.8151115748031494
21
-0.5623410629921259
0
LINE
8
BLACK
6
CONTINUOUS
10
2.8151115748031494
20
-0.5623410629921259
11
2.8158796456692912
21
-0.5622654330708662
0
LINE
8
BLACK
6
CONTINUOUS
10
2.8158796456692912
20
-0.5622654330708662
11
2.8383768110236218
21
-0.5622654330708662
0
LINE
8
BLACK
6
CONTINUOUS
10
2.8383768110236218
20
-0.5622654330708662
11
2.8391448818897635
21
-0.5623410629921259
0
LINE
8
BLACK
6
CONTINUOUS
10
2.8702615748031497
20
-0.5623037007874016
11
2.8703652755905513
21
-0.5622963385826771
0
LINE
8
BLACK
6
CONTINUOUS
10
2.8703652755905513
20
-0.5622963385826771
11
2.8705016141732282
21
-0.5623273228346457
0
LINE
8
BLACK
6
CONTINUOUS
10
2.8705016141732282
20
-0.5623273228346457
11
2.8706409448818895
21
-0.5623410629921259
0
LINE
8
BLACK
6
CONTINUOUS
10
2.8706409448818895
20
-0.5623410629921259
11
2.8707370866141733
21
-0.5623808661417322
0
LINE
8
BLACK
6
CONTINUOUS
10
2.8707370866141733
20
-0.5623808661417322
11
2.8711178740157481
21
-0.5624674803149606
0
LINE
8
BLACK
6
CONTINUOUS
10
2.8711178740157481
20
-0.5624674803149606
11
2.8778670472440946
21
-0.5647172047244094
0
LINE
8
BLACK
6
CONTINUOUS
10
2.8778670472440946
20
-0.5647172047244094
11
2.8785717716535433
21
-0.565031811023622
0
LINE
8
BLACK
6
CONTINUOUS
10
2.8785717716535433
20
-0.565031811023622
11
2.878678661417323
21
-0.5651244881889763
0
LINE
8
BLACK
6
CONTINUOUS
10
2.878678661417323
20
-0.5651244881889763
11
2.87880937007874
21
-0.5651786614173229
0
LINE
8
BLACK
6
CONTINUOUS
10
2.87880937007874
20
-0.5651786614173229
11
2.8794059448818898
21
-0.5656683070866142
0
LINE
8
BLACK
6
CONTINUOUS
10
2.8794059448818898
20
-0.5656683070866142
11
2.8839053543307087
21
-0.5701677559055118
0
LINE
8
BLACK
6
CONTINUOUS
10
2.8839053543307087
20
-0.5701677559055118
11
2.8841529921259843
21
-0.5704694881889764
0
LINE
8
BLACK
6
CONTINUOUS
10
2.8841529921259843
20
-0.5704694881889764
11
2.8842316929133855
21
-0.5705377559055118
0
LINE
8
BLACK
6
CONTINUOUS
10
2.8842316929133855
20
-0.5705377559055118
11
2.8843062992125983
21
-0.5706563385826772
0
LINE
8
BLACK
6
CONTINUOUS
10
2.8843062992125983
20
-0.5706563385826772
11
2.8843949606299213
21
-0.5707643307086614
0
LINE
8
BLACK
6
CONTINUOUS
10
2.8843949606299213
20
-0.5707643307086614
11
2.8844346850393698
21
-0.5708602755905512
0
LINE
8
BLACK
6
CONTINUOUS
10
2.8844346850393698
20
-0.5708602755905512
11
2.8846428346456694
21
-0.5711909448818897
0
LINE
8
BLACK
6
CONTINUOUS
10
2.8846428346456694
20
-0.5711909448818897
11
2.8868925590551182
21
-0.5756903937007873
0
LINE
8
BLACK
6
CONTINUOUS
10
2.8868925590551182
20
-0.5756903937007873
11
2.8869140157480313
21
-0.5757465354330709
0
LINE
8
BLACK
6
CONTINUOUS
10
2.8869140157480313
20
-0.5757465354330709
11
2.8869309842519684
21
-0.5757694094488189
0
LINE
8
BLACK
6
CONTINUOUS
10
2.8869309842519684
20
-0.5757694094488189
11
2.887046062992126
21
-0.5760915354330709
0
LINE
8
BLACK
6
CONTINUOUS
10
2.887046062992126
20
-0.5760915354330709
11
2.8871683858267714
21
-0.5764111811023622
0
LINE
8
BLACK
6
CONTINUOUS
10
2.8871683858267714
20
-0.5764111811023622
11
2.8871703937007873
21
-0.5764395275590551
0
LINE
8
BLACK
6
CONTINUOUS
10
2.8871703937007873
20
-0.5764395275590551
11
2.88719062992126
21
-0.5764961811023622
0
LINE
8
BLACK
6
CONTINUOUS
10
2.88719062992126
20
-0.5764961811023622
11
2.8894403543307088
21
-0.5854950787401575
0
LINE
8
BLACK
6
CONTINUOUS
10
2.8894403543307088
20
-0.5854950787401575
11
2.8894600000000001
21
-0.5856281102362204
0
LINE
8
BLACK
6
CONTINUOUS
10
2.8894600000000001
20
-0.5856281102362204
11
2.889482283464567
21
-0.5856818503937008
0
LINE
8
BLACK
6
CONTINUOUS
10
2.889482283464567
20
-0.5856818503937008
11
2.8895107480314959
21
-0.5859712598425196
0
LINE
8
BLACK
6
CONTINUOUS
10
2.8895107480314959
20
-0.5859712598425196
11
2.8895532677165354
21
-0.5862585433070866
0
LINE
8
BLACK
6
CONTINUOUS
10
2.8895532677165354
20
-0.5862585433070866
11
2.88954468503937
21
-0.5863159448818898
0
LINE
8
BLACK
6
CONTINUOUS
10
2.88954468503937
20
-0.5863159448818898
11
2.8895579133858269
21
-0.5864499212598425
0
LINE
8
BLACK
6
CONTINUOUS
10
2.8895579133858269
20
-0.5864499212598425
11
2.8895579133858269
21
-0.593199094488189
0
LINE
8
BLACK
6
CONTINUOUS
10
2.8895579133858269
20
-0.593199094488189
11
2.88954468503937
21
-0.593333031496063
0
LINE
8
BLACK
6
CONTINUOUS
10
2.88954468503937
20
-0.593333031496063
11
2.8895532677165354
21
-0.5933904724409449
0
LINE
8
BLACK
6
CONTINUOUS
10
2.8895532677165354
20
-0.5933904724409449
11
2.8895107480314959
21
-0.5936777165354331
0
LINE
8
BLACK
6
CONTINUOUS
10
2.8895107480314959
20
-0.5936777165354331
11
2.889482283464567
21
-0.5939671653543307
0
LINE
8
BLACK
6
CONTINUOUS
10
2.889482283464567
20
-0.5939671653543307
11
2.8894600000000001
21
-0.5940208661417322
0
LINE
8
BLACK
6
CONTINUOUS
10
2.8894600000000001
20
-0.5940208661417322
11
2.8894403543307088
21
-0.594153937007874
0
LINE
8
BLACK
6
CONTINUOUS
10
2.8894403543307088
20
-0.594153937007874
11
2.88719062992126
21
-0.6031528346456693
0
LINE
8
BLACK
6
CONTINUOUS
10
2.88719062992126
20
-0.6031528346456693
11
2.8871703937007873
21
-0.6032094488188976
0
LINE
8
BLACK
6
CONTINUOUS
10
2.8871703937007873
20
-0.6032094488188976
11
2.8871683858267714
21
-0.6032378346456693
0
LINE
8
BLACK
6
CONTINUOUS
10
2.8871683858267714
20
-0.6032378346456693
11
2.887046062992126
21
-0.6035574409448818
0
LINE
8
BLACK
6
CONTINUOUS
10
2.887046062992126
20
-0.6035574409448818
11
2.8869309842519684
21
-0.6038796062992126
0
LINE
8
BLACK
6
CONTINUOUS
10
2.8869309842519684
20
-0.6038796062992126
11
2.8869140157480313
21
-0.6039024409448819
0
LINE
8
BLACK
6
CONTINUOUS
10
2.8869140157480313
20
-0.6039024409448819
11
2.8868925590551182
21
-0.603958622047244
0
LINE
8
BLACK
6
CONTINUOUS
10
2.8868925590551182
20
-0.603958622047244
11
2.8846428346456694
21
-0.6084580708661417
0
LINE
8
BLACK
6
CONTINUOUS
10
2.8846428346456694
20
-0.6084580708661417
11
2.8844346850393698
21
-0.6087887007874015
0
LINE
8
BLACK
6
CONTINUOUS
10
2.8844346850393698
20
-0.6087887007874015
11
2.8843949606299213
21
-0.6088846850393701
0
LINE
8
BLACK
6
CONTINUOUS
10
2.8843949606299213
20
-0.6088846850393701
11
2.8843062992125983
21
-0.6089926377952756
0
LINE
8
BLACK
6
CONTINUOUS
10
2.8843062992125983
20
-0.6089926377952756
11
2.8842316929133855
21
-0.6091112598425197
0
LINE
8
BLACK
6
CONTINUOUS
10
2.8842316929133855
20
-0.6091112598425197
11
2.8841529921259843
21
-0.6091794881889764
0
LINE
8
BLACK
6
CONTINUOUS
10
2.8841529921259843
20
-0.6091794881889764
11
2.8839053543307087
21
-0.6094812598425197
0
LINE
8
BLACK
6
CONTINUOUS
10
2.8839053543307087
20
-0.6094812598425197
11
2.8794059448818898
21
-0.6139807086614173
0
LINE
8
BLACK
6
CONTINUOUS
10
2.8794059448818898
20
-0.6139807086614173
11
2.87880937007874
21
-0.6144703543307086
0
LINE
8
BLACK
6
CONTINUOUS
10
2.87880937007874
20
-0.6144703543307086
11
2.878678661417323
21
-0.6145244881889763
0
LINE
8
BLACK
6
CONTINUOUS
10
2.878678661417323
20
-0.6145244881889763
11
2.8785717716535433
21
-0.6146172047244094
0
LINE
8
BLACK
6
CONTINUOUS
10
2.8785717716535433
20
-0.6146172047244094
11
2.8778670472440946
21
-0.614931811023622
0
LINE
8
BLACK
6
CONTINUOUS
10
2.8778670472440946
20
-0.614931811023622
11
2.8711178346456694
21
-0.6171814960629921
0
LINE
8
BLACK
6
CONTINUOUS
10
2.8711178346456694
20
-0.6171814960629921
11
2.8707370866141733
21
-0.6172680708661418
0
LINE
8
BLACK
6
CONTINUOUS
10
2.8707370866141733
20
-0.6172680708661418
11
2.8706409448818895
21
-0.6173079133858268
0
LINE
8
BLACK
6
CONTINUOUS
10
2.8706409448818895
20
-0.6173079133858268
11
2.8705015748031495
21
-0.6173216141732283
0
LINE
8
BLACK
6
CONTINUOUS
10
2.8705015748031495
20
-0.6173216141732283
11
2.8703652755905513
21
-0.6173526377952756
0
LINE
8
BLACK
6
CONTINUOUS
10
2.8703652755905513
20
-0.6173526377952756
11
2.8702615748031497
21
-0.6173452362204724
0
LINE
8
BLACK
6
CONTINUOUS
10
2.8702615748031497
20
-0.6173452362204724
11
2.8698728740157478
21
-0.6173835433070866
0
LINE
8
BLACK
6
CONTINUOUS
10
2.8698728740157478
20
-0.6173835433070866
11
2.8586242913385824
21
-0.6173835433070866
0
LINE
8
BLACK
6
CONTINUOUS
10
2.8586242913385824
20
-0.6173835433070866
11
2.8578562204724407
21
-0.6173079133858268
0
LINE
8
BLACK
6
CONTINUOUS
10
2.8578562204724407
20
-0.6173079133858268
11
2.8564370078740158
21
-0.6167200393700787
0
LINE
8
BLACK
6
CONTINUOUS
10
2.8564370078740158
20
-0.6167200393700787
11
2.8553507874015747
21
-0.6156338188976378
0
LINE
8
BLACK
6
CONTINUOUS
10
2.8553507874015747
20
-0.6156338188976378
11
2.8547629133858266
21
-0.6142146062992125
0
LINE
8
BLACK
6
CONTINUOUS
10
2.8547629133858266
20
-0.6142146062992125
11
2.8546872834645667
21
-0.6134465354330708
0
LINE
8
BLACK
6
CONTINUOUS
10
2.8546872834645667
20
-0.6134465354330708
11
2.8546872834645667
21
-0.5662024409448819
0
LINE
8
BLACK
6
CONTINUOUS
10
2.8546872834645667
20
-0.5662024409448819
11
2.8547629133858266
21
-0.5654343700787401
0
LINE
8
BLACK
6
CONTINUOUS
10
2.8547629133858266
20
-0.5654343700787401
11
2.8553507874015747
21
-0.5640151574803149
0
LINE
8
BLACK
6
CONTINUOUS
10
2.8553507874015747
20
-0.5640151574803149
11
2.8564370078740158
21
-0.5629289370078741
0
LINE
8
BLACK
6
CONTINUOUS
10
2.8564370078740158
20
-0.5629289370078741
11
2.8578562204724407
21
-0.5623410629921259
0
LINE
8
BLACK
6
CONTINUOUS
10
2.8578562204724407
20
-0.5623410629921259
11
2.8586242913385824
21
-0.5622654330708662
0
LINE
8
BLACK
6
CONTINUOUS
10
2.8586242913385824
20
-0.5622654330708662
11
2.8698728740157478
21
-0.5622654330708662
0
LINE
8
BLACK
6
CONTINUOUS
10
2.8698728740157478
20
-0.5622654330708662
11
2.8702615748031497
21
-0.5623037007874016
0
LINE
8
BLACK
6
CONTINUOUS
10
2.8625612992125982
20
-0.6095095275590551
11
2.8692340551181101
21
-0.6095095275590551
0
LINE
8
BLACK
6
CONTINUOUS
10
2.8692340551181101
20
-0.6095095275590551
11
2.8744953543307088
21
-0.607755748031496
0
LINE
8
BLACK
6
CONTINUOUS
10
2.8744953543307088
20
-0.607755748031496
11
2.8778857480314959
21
-0.60436531496063
0
LINE
8
BLACK
6
CONTINUOUS
10
2.8778857480314959
20
-0.60436531496063
11
2.879656535433071
21
-0.6008237007874015
0
LINE
8
BLACK
6
CONTINUOUS
10
2.879656535433071
20
-0.6008237007874015
11
2.8816838976377954
21
-0.5927144094488189
0
LINE
8
BLACK
6
CONTINUOUS
10
2.8816838976377954
20
-0.5927144094488189
11
2.8816838976377954
21
-0.5869345669291338
0
LINE
8
BLACK
6
CONTINUOUS
10
2.8816838976377954
20
-0.5869345669291338
11
2.879656535433071
21
-0.5788252755905512
0
LINE
8
BLACK
6
CONTINUOUS
10
2.879656535433071
20
-0.5788252755905512
11
2.8778857480314959
21
-0.5752836614173228
0
LINE
8
BLACK
6
CONTINUOUS
10
2.8778857480314959
20
-0.5752836614173228
11
2.87449531496063
21
-0.571893188976378
0
LINE
8
BLACK
6
CONTINUOUS
10
2.87449531496063
20
-0.571893188976378
11
2.8692340157480314
21
-0.5701394488188977
0
LINE
8
BLACK
6
CONTINUOUS
10
2.8692340157480314
20
-0.5701394488188977
11
2.8625612992125982
21
-0.5701394488188977
0
LINE
8
BLACK
6
CONTINUOUS
10
2.8625612992125982
20
-0.5701394488188977
11
2.8625612992125982
21
-0.6095095275590551
0
LINE
8
BLACK
6
CONTINUOUS
10
2.9310214566929131
20
-0.5623053937007874
11
2.9311248031496064
21
-0.5622985433070866
0
LINE
8
BLACK
6
CONTINUOUS
10
2.9311248031496064
20
-0.5622985433070866
11
2.9311959448818898
21
-0.5623225984251968
0
LINE
8
BLACK
6
CONTINUOUS
10
2.9311959448818898
20
-0.5623225984251968
11
2.931383346456693
21
-0.5623410629921259
0
LINE
8
BLACK
6
CONTINUOUS
10
2.931383346456693
20
-0.5623410629921259
11
2.9319740944881891
21
-0.5625857480314961
0
LINE
8
BLACK
6
CONTINUOUS
10
2.9319740944881891
20
-0.5625857480314961
11
2.932579960629921
21
-0.5627906692913386
0
LINE
8
BLACK
6
CONTINUOUS
10
2.932579960629921
20
-0.5627906692913386
11
2.9326799212598424
21
-0.5628781102362205
0
LINE
8
BLACK
6
CONTINUOUS
10
2.9326799212598424
20
-0.5628781102362205
11
2.9328025590551179
21
-0.5629289370078741
0
LINE
8
BLACK
6
CONTINUOUS
10
2.9328025590551179
20
-0.5629289370078741
11
2.9332546850393699
21
-0.563381062992126
0
LINE
8
BLACK
6
CONTINUOUS
10
2.9332546850393699
20
-0.563381062992126
11
2.9337360236220471
21
-0.5638022440944882
0
LINE
8
BLACK
6
CONTINUOUS
10
2.9337360236220471
20
-0.5638022440944882
11
2.9337948818897637
21
-0.5639212598425196
0
LINE
8
BLACK
6
CONTINUOUS
10
2.9337948818897637
20
-0.5639212598425196
11
2.933888779527559
21
-0.5640151574803149
0
LINE
8
BLACK
6
CONTINUOUS
10
2.933888779527559
20
-0.5640151574803149
11
2.9341335039370078
21
-0.5646059448818898
0
LINE
8
BLACK
6
CONTINUOUS
10
2.9341335039370078
20
-0.5646059448818898
11
2.9344170078740155
21
-0.5651792125984252
0
LINE
8
BLACK
6
CONTINUOUS
10
2.9344170078740155
20
-0.5651792125984252
11
2.9344258267716534
21
-0.5653116929133858
0
LINE
8
BLACK
6
CONTINUOUS
10
2.9344258267716534
20
-0.5653116929133858
11
2.9344766535433071
21
-0.5654343700787401
0
LINE
8
BLACK
6
CONTINUOUS
10
2.9344766535433071
20
-0.5654343700787401
11
2.9344766535433071
21
-0.5660740551181103
0
LINE
8
BLACK
6
CONTINUOUS
10
2.9344766535433071
20
-0.5660740551181103
11
2.9345191732283462
21
-0.566711968503937
0
LINE
8
BLACK
6
CONTINUOUS
10
2.9345191732283462
20
-0.566711968503937
11
2.9344766535433071
21
-0.5668376771653543
0
LINE
8
BLACK
6
CONTINUOUS
10
2.9344766535433071
20
-0.5668376771653543
11
2.9344766535433071
21
-0.5669705118110236
0
LINE
8
BLACK
6
CONTINUOUS
10
2.9344766535433071
20
-0.5669705118110236
11
2.9342319291338583
21
-0.5675612598425197
0
LINE
8
BLACK
6
CONTINUOUS
10
2.9342319291338583
20
-0.5675612598425197
11
2.9340270472440944
21
-0.568167125984252
0
LINE
8
BLACK
6
CONTINUOUS
10
2.9340270472440944
20
-0.568167125984252
11
2.9339175196850391
21
-0.5683202755905512
0
LINE
8
BLACK
6
CONTINUOUS
10
2.9339175196850391
20
-0.5683202755905512
11
2.933888779527559
21
-0.5683897244094488
0
LINE
8
BLACK
6
CONTINUOUS
10
2.933888779527559
20
-0.5683897244094488
11
2.9338155511811022
21
-0.5684629133858268
0
LINE
8
BLACK
6
CONTINUOUS
10
2.9338155511811022
20
-0.5684629133858268
11
2.9335781889763779
21
-0.5687949606299213
0
LINE
8
BLACK
6
CONTINUOUS
10
2.9335781889763779
20
-0.5687949606299213
11
2.9232292913385827
21
-0.5806222440944881
0
LINE
8
BLACK
6
CONTINUOUS
10
2.9232292913385827
20
-0.5806222440944881
11
2.9233770866141731
21
-0.5806788188976377
0
LINE
8
BLACK
6
CONTINUOUS
10
2.9233770866141731
20
-0.5806788188976377
11
2.9278765748031494
21
-0.5829285433070867
0
LINE
8
BLACK
6
CONTINUOUS
10
2.9278765748031494
20
-0.5829285433070867
11
2.9282071653543307
21
-0.5831366141732284
0
LINE
8
BLACK
6
CONTINUOUS
10
2.9282071653543307
20
-0.5831366141732284
11
2.9283031889763778
21
-0.5831764173228347
0
LINE
8
BLACK
6
CONTINUOUS
10
2.9283031889763778
20
-0.5831764173228347
11
2.9284112204724408
21
-0.5832650787401574
0
LINE
8
BLACK
6
CONTINUOUS
10
2.9284112204724408
20
-0.5832650787401574
11
2.9285297244094486
21
-0.5833396850393701
0
LINE
8
BLACK
6
CONTINUOUS
10
2.9285297244094486
20
-0.5833396850393701
11
2.9285979133858269
21
-0.5834183070866141
0
LINE
8
BLACK
6
CONTINUOUS
10
2.9285979133858269
20
-0.5834183070866141
11
2.9288997637795275
21
-0.583666062992126
0
LINE
8
BLACK
6
CONTINUOUS
10
2.9288997637795275
20
-0.583666062992126
11
2.9311494881889764
21
-0.5859157874015748
0
LINE
8
BLACK
6
CONTINUOUS
10
2.9311494881889764
20
-0.5859157874015748
11
2.9313971653543307
21
-0.5862175984251968
0
LINE
8
BLACK
6
CONTINUOUS
10
2.9313971653543307
20
-0.5862175984251968
11
2.9314757874015749
21
-0.5862857874015748
0
LINE
8
BLACK
6
CONTINUOUS
10
2.9314757874015749
20
-0.5862857874015748
11
2.9315503543307084
21
-0.5864042913385826
0
LINE
8
BLACK
6
CONTINUOUS
10
2.9315503543307084
20
-0.5864042913385826
11
2.9316390944881889
21
-0.5865124015748031
0
LINE
8
BLACK
6
CONTINUOUS
10
2.9316390944881889
20
-0.5865124015748031
11
2.9316788582677167
21
-0.5866083858267717
0
LINE
8
BLACK
6
CONTINUOUS
10
2.9316788582677167
20
-0.5866083858267717
11
2.9318869291338583
21
-0.5869389763779528
0
LINE
8
BLACK
6
CONTINUOUS
10
2.9318869291338583
20
-0.5869389763779528
11
2.9341366535433071
21
-0.5914384251968504
0
LINE
8
BLACK
6
CONTINUOUS
10
2.9341366535433071
20
-0.5914384251968504
11
2.9344124803149607
21
-0.5921592125984252
0
LINE
8
BLACK
6
CONTINUOUS
10
2.9344124803149607
20
-0.5921592125984252
11
2.9344224803149608
21
-0.5923002755905512
0
LINE
8
BLACK
6
CONTINUOUS
10
2.9344224803149608
20
-0.5923002755905512
11
2.9344766535433071
21
-0.5924310236220472
0
LINE
8
BLACK
6
CONTINUOUS
10
2.9344766535433071
20
-0.5924310236220472
11
2.934552283464567
21
-0.593199094488189
0
LINE
8
BLACK
6
CONTINUOUS
10
2.934552283464567
20
-0.593199094488189
11
2.934552283464567
21
-0.6044476771653543
0
LINE
8
BLACK
6
CONTINUOUS
10
2.934552283464567
20
-0.6044476771653543
11
2.9344766535433071
21
-0.605215748031496
0
LINE
8
BLACK
6
CONTINUOUS
10
2.9344766535433071
20
-0.605215748031496
11
2.9344224803149608
21
-0.6053464566929134
0
LINE
8
BLACK
6
CONTINUOUS
10
2.9344224803149608
20
-0.6053464566929134
11
2.9344124803149607
21
-0.6054875590551181
0
LINE
8
BLACK
6
CONTINUOUS
10
2.9344124803149607
20
-0.6054875590551181
11
2.9341366535433071
21
-0.6062083464566929
0
LINE
8
BLACK
6
CONTINUOUS
10
2.9341366535433071
20
-0.6062083464566929
11
2.9318869291338583
21
-0.6107077952755905
0
LINE
8
BLACK
6
CONTINUOUS
10
2.9318869291338583
20
-0.6107077952755905
11
2.9316788582677167
21
-0.6110383464566929
0
LINE
8
BLACK
6
CONTINUOUS
10
2.9316788582677167
20
-0.6110383464566929
11
2.9316390944881889
21
-0.6111343700787402
0
LINE
8
BLACK
6
CONTINUOUS
10
2.9316390944881889
20
-0.6111343700787402
11
2.9315503543307084
21
-0.6112424409448819
0
LINE
8
BLACK
6
CONTINUOUS
10
2.9315503543307084
20
-0.6112424409448819
11
2.9314757874015749
21
-0.6113609842519685
0
LINE
8
BLACK
6
CONTINUOUS
10
2.9314757874015749
20
-0.6113609842519685
11
2.9313971653543307
21
-0.6114291338582677
0
LINE
8
BLACK
6
CONTINUOUS
10
2.9313971653543307
20
-0.6114291338582677
11
2.9311494881889764
21
-0.6117309842519685
0
LINE
8
BLACK
6
CONTINUOUS
10
2.9311494881889764
20
-0.6117309842519685
11
2.9288997637795275
21
-0.6139807086614173
0
LINE
8
BLACK
6
CONTINUOUS
10
2.9288997637795275
20
-0.6139807086614173
11
2.9285977952755906
21
-0.6142285039370079
0
LINE
8
BLACK
6
CONTINUOUS
10
2.9285977952755906
20
-0.6142285039370079
11
2.9285296850393698
21
-0.6143070866141732
0
LINE
8
BLACK
6
CONTINUOUS
10
2.9285296850393698
20
-0.6143070866141732
11
2.9284113385826771
21
-0.6143815354330708
0
LINE
8
BLACK
6
CONTINUOUS
10
2.9284113385826771
20
-0.6143815354330708
11
2.9283031889763778
21
-0.6144703543307086
0
LINE
8
BLACK
6
CONTINUOUS
10
2.9283031889763778
20
-0.6144703543307086
11
2.9282070472440944
21
-0.6145101574803149
0
LINE
8
BLACK
6
CONTINUOUS
10
2.9282070472440944
20
-0.6145101574803149
11
2.9278765354330707
21
-0.6147182283464567
0
LINE
8
BLACK
6
CONTINUOUS
10
2.9278765354330707
20
-0.6147182283464567
11
2.9233770866141731
21
-0.6169679133858268
0
LINE
8
BLACK
6
CONTINUOUS
10
2.9233770866141731
20
-0.6169679133858268
11
2.9226562598425194
21
-0.6172437401574803
0
LINE
8
BLACK
6
CONTINUOUS
10
2.9226562598425194
20
-0.6172437401574803
11
2.9225151968503935
21
-0.6172537401574802
0
LINE
8
BLACK
6
CONTINUOUS
10
2.9225151968503935
20
-0.6172537401574802
11
2.9223844881889764
21
-0.6173079133858268
0
LINE
8
BLACK
6
CONTINUOUS
10
2.9223844881889764
20
-0.6173079133858268
11
2.9216164173228347
21
-0.6173835433070866
0
LINE
8
BLACK
6
CONTINUOUS
10
2.9216164173228347
20
-0.6173835433070866
11
2.9081181102362206
21
-0.6173835433070866
0
LINE
8
BLACK
6
CONTINUOUS
10
2.9081181102362206
20
-0.6173835433070866
11
2.9073500393700789
21
-0.6173079133858268
0
LINE
8
BLACK
6
CONTINUOUS
10
2.9073500393700789
20
-0.6173079133858268
11
2.9072192913385826
21
-0.6172537401574802
0
LINE
8
BLACK
6
CONTINUOUS
10
2.9072192913385826
20
-0.6172537401574802
11
2.9070782677165354
21
-0.6172437401574803
0
LINE
8
BLACK
6
CONTINUOUS
10
2.9070782677165354
20
-0.6172437401574803
11
2.9063574409448818
21
-0.6169679133858268
0
LINE
8
BLACK
6
CONTINUOUS
10
2.9063574409448818
20
-0.6169679133858268
11
2.9018579921259842
21
-0.6147182283464567
0
LINE
8
BLACK
6
CONTINUOUS
10
2.9018579921259842
20
-0.6147182283464567
11
2.9015274409448817
21
-0.6145101574803149
0
LINE
8
BLACK
6
CONTINUOUS
10
2.9015274409448817
20
-0.6145101574803149
11
2.9014313385826771
21
-0.6144703543307086
0
LINE
8
BLACK
6
CONTINUOUS
10
2.9014313385826771
20
-0.6144703543307086
11
2.901323149606299
21
-0.6143815354330708
0
LINE
8
BLACK
6
CONTINUOUS
10
2.901323149606299
20
-0.6143815354330708
11
2.901204842519685
21
-0.6143070866141732
0
LINE
8
BLACK
6
CONTINUOUS
10
2.901204842519685
20
-0.6143070866141732
11
2.9011366929133859
21
-0.6142285039370079
0
LINE
8
BLACK
6
CONTINUOUS
10
2.9011366929133859
20
-0.6142285039370079
11
2.9008347637795273
21
-0.6139807086614173
0
LINE
8
BLACK
6
CONTINUOUS
10
2.9008347637795273
20
-0.6139807086614173
11
2.8985850393700785
21
-0.6117310236220472
0
LINE
8
BLACK
6
CONTINUOUS
10
2.8985850393700785
20
-0.6117310236220472
11
2.8980954330708659
21
-0.6111344094488189
0
LINE
8
BLACK
6
CONTINUOUS
10
2.8980954330708659
20
-0.6111344094488189
11
2.8975075590551183
21
-0.6097151968503937
0
LINE
8
BLACK
6
CONTINUOUS
10
2.8975075590551183
20
-0.6097151968503937
11
2.8975075590551183
21
-0.6081790551181102
0
LINE
8
BLACK
6
CONTINUOUS
10
2.8975075590551183
20
-0.6081790551181102
11
2.8980954330708659
21
-0.6067598425196851
0
LINE
8
BLACK
6
CONTINUOUS
10
2.8980954330708659
20
-0.6067598425196851
11
2.899181653543307
21
-0.6056736220472441
0
LINE
8
BLACK
6
CONTINUOUS
10
2.899181653543307
20
-0.6056736220472441
11
2.9006008661417324
21
-0.6050857480314961
0
LINE
8
BLACK
6
CONTINUOUS
10
2.9006008661417324
20
-0.6050857480314961
11
2.9021370078740159
21
-0.6050857480314961
0
LINE
8
BLACK
6
CONTINUOUS
10
2.9021370078740159
20
-0.6050857480314961
11
2.9035562204724408
21
-0.6056736220472441
0
LINE
8
BLACK
6
CONTINUOUS
10
2.9035562204724408
20
-0.6056736220472441
11
2.9041528346456693
21
-0.6061632283464566
0
LINE
8
BLACK
6
CONTINUOUS
10
2.9041528346456693
20
-0.6061632283464566
11
2.9059507480314961
21
-0.6079611417322834
0
LINE
8
BLACK
6
CONTINUOUS
10
2.9059507480314961
20
-0.6079611417322834
11
2.9090475196850392
21
-0.6095095275590551
0
LINE
8
BLACK
6
CONTINUOUS
10
2.9090475196850392
20
-0.6095095275590551
11
2.9206870078740157
21
-0.6095095275590551
0
LINE
8
BLACK
6
CONTINUOUS
10
2.9206870078740157
20
-0.6095095275590551
11
2.9237837401574804
21
-0.6079611417322834
0
LINE
8
BLACK
6
CONTINUOUS
10
2.9237837401574804
20
-0.6079611417322834
11
2.9251298425196848
21
-0.6066150393700788
0
LINE
8
BLACK
6
CONTINUOUS
10
2.9251298425196848
20
-0.6066150393700788
11
2.9266782677165355
21
-0.6035182283464566
0
LINE
8
BLACK
6
CONTINUOUS
10
2.9266782677165355
20
-0.6035182283464566
11
2.9266782677165355
21
-0.5941285039370079
0
LINE
8
BLACK
6
CONTINUOUS
10
2.9266782677165355
20
-0.5941285039370079
11
2.9251298425196848
21
-0.5910316929133859
0
LINE
8
BLACK
6
CONTINUOUS
10
2.9251298425196848
20
-0.5910316929133859
11
2.9237837401574804
21
-0.5896855511811023
0
LINE
8
BLACK
6
CONTINUOUS
10
2.9237837401574804
20
-0.5896855511811023
11
2.9206870078740157
21
-0.5881372047244094
0
LINE
8
BLACK
6
CONTINUOUS
10
2.9206870078740157
20
-0.5881372047244094
11
2.9148672440944883
21
-0.5881372047244094
0
LINE
8
BLACK
6
CONTINUOUS
10
2.9148672440944883
20
-0.5881372047244094
11
2.9144610236220472
21
-0.5880972047244094
0
LINE
8
BLACK
6
CONTINUOUS
10
2.9144610236220472
20
-0.5880972047244094
11
2.9143577165354331
21
-0.588104094488189
0
LINE
8
BLACK
6
CONTINUOUS
10
2.9143577165354331
20
-0.588104094488189
11
2.9142865354330709
21
-0.5880799999999999
0
LINE
8
BLACK
6
CONTINUOUS
10
2.9142865354330709
20
-0.5880799999999999
11
2.9140991732283466
21
-0.5880615748031496
0
LINE
8
BLACK
6
CONTINUOUS
10
2.9140991732283466
20
-0.5880615748031496
11
2.9135083858267716
21
-0.5878168503937008
0
LINE
8
BLACK
6
CONTINUOUS
10
2.9135083858267716
20
-0.5878168503937008
11
2.9129025590551181
21
-0.587611968503937
0
LINE
8
BLACK
6
CONTINUOUS
10
2.9129025590551181
20
-0.587611968503937
11
2.9128025590551179
21
-0.5875244881889764
0
LINE
8
BLACK
6
CONTINUOUS
10
2.9128025590551179
20
-0.5875244881889764
11
2.9126799606299212
21
-0.5874737007874016
0
LINE
8
BLACK
6
CONTINUOUS
10
2.9126799606299212
20
-0.5874737007874016
11
2.9122277952755904
21
-0.5870215354330709
0
LINE
8
BLACK
6
CONTINUOUS
10
2.9122277952755904
20
-0.5870215354330709
11
2.911746496062992
21
-0.5866003937007874
0
LINE
8
BLACK
6
CONTINUOUS
10
2.911746496062992
20
-0.5866003937007874
11
2.9116875984251966
21
-0.5864813385826771
0
LINE
8
BLACK
6
CONTINUOUS
10
2.9116875984251966
20
-0.5864813385826771
11
2.9115937401574801
21
-0.5863874803149606
0
LINE
8
BLACK
6
CONTINUOUS
10
2.9115937401574801
20
-0.5863874803149606
11
2.9113489763779525
21
-0.5857966535433071
0
LINE
8
BLACK
6
CONTINUOUS
10
2.9113489763779525
20
-0.5857966535433071
11
2.9110655118110236
21
-0.5852234251968503
0
LINE
8
BLACK
6
CONTINUOUS
10
2.9110655118110236
20
-0.5852234251968503
11
2.9110566535433069
21
-0.585090905511811
0
LINE
8
BLACK
6
CONTINUOUS
10
2.9110566535433069
20
-0.585090905511811
11
2.9110058661417324
21
-0.5849682677165354
0
LINE
8
BLACK
6
CONTINUOUS
10
2.9110058661417324
20
-0.5849682677165354
11
2.9110058661417324
21
-0.5843285433070866
0
LINE
8
BLACK
6
CONTINUOUS
10
2.9110058661417324
20
-0.5843285433070866
11
2.9109633464566929
21
-0.5836906692913386
0
LINE
8
BLACK
6
CONTINUOUS
10
2.9109633464566929
20
-0.5836906692913386
11
2.9110058661417324
21
-0.5835649212598425
0
LINE
8
BLACK
6
CONTINUOUS
10
2.9110058661417324
20
-0.5835649212598425
11
2.9110058661417324
21
-0.583432125984252
0
LINE
8
BLACK
6
CONTINUOUS
10
2.9110058661417324
20
-0.583432125984252
11
2.9112505511811024
21
-0.5828413385826772
0
LINE
8
BLACK
6
CONTINUOUS
10
2.9112505511811024
20
-0.5828413385826772
11
2.9114554724409447
21
-0.5822355118110236
0
LINE
8
BLACK
6
CONTINUOUS
10
2.9114554724409447
20
-0.5822355118110236
11
2.9115649606299212
21
-0.5820823228346457
0
LINE
8
BLACK
6
CONTINUOUS
10
2.9115649606299212
20
-0.5820823228346457
11
2.9115937401574801
21
-0.5820129133858267
0
LINE
8
BLACK
6
CONTINUOUS
10
2.9115937401574801
20
-0.5820129133858267
11
2.9116669291338582
21
-0.5819396850393701
0
LINE
8
BLACK
6
CONTINUOUS
10
2.9116669291338582
20
-0.5819396850393701
11
2.9119043307086612
21
-0.5816076771653543
0
LINE
8
BLACK
6
CONTINUOUS
10
2.9119043307086612
20
-0.5816076771653543
11
2.9219390157480314
21
-0.5701394488188977
0
LINE
8
BLACK
6
CONTINUOUS
10
2.9219390157480314
20
-0.5701394488188977
11
2.9013689370078741
21
-0.5701394488188977
0
LINE
8
BLACK
6
CONTINUOUS
10
2.9013689370078741
20
-0.5701394488188977
11
2.9006008661417324
21
-0.5700638188976378
0
LINE
8
BLACK
6
CONTINUOUS
10
2.9006008661417324
20
-0.5700638188976378
11
2.899181653543307
21
-0.5694759448818898
0
LINE
8
BLACK
6
CONTINUOUS
10
2.899181653543307
20
-0.5694759448818898
11
2.8980954330708659
21
-0.5683897244094488
0
LINE
8
BLACK
6
CONTINUOUS
10
2.8980954330708659
20
-0.5683897244094488
11
2.8975075590551183
21
-0.5669705118110236
0
LINE
8
BLACK
6
CONTINUOUS
10
2.8975075590551183
20
-0.5669705118110236
11
2.8975075590551183
21
-0.5654343700787401
0
LINE
8
BLACK
6
CONTINUOUS
10
2.8975075590551183
20
-0.5654343700787401
11
2.8980954330708659
21
-0.5640151574803149
0
LINE
8
BLACK
6
CONTINUOUS
10
2.8980954330708659
20
-0.5640151574803149
11
2.899181653543307
21
-0.5629289370078741
0
LINE
8
BLACK
6
CONTINUOUS
10
2.899181653543307
20
-0.5629289370078741
11
2.9006008661417324
21
-0.5623410629921259
0
LINE
8
BLACK
6
CONTINUOUS
10
2.9006008661417324
20
-0.5623410629921259
11
2.9013689370078741
21
-0.5622654330708662
0
LINE
8
BLACK
6
CONTINUOUS
10
2.9013689370078741
20
-0.5622654330708662
11
2.9306152755905512
21
-0.5622654330708662
0
LINE
8
BLACK
6
CONTINUOUS
10
2.9306152755905512
20
-0.5622654330708662
11
2.9310214566929131
21
-0.5623053937007874
0
LINE
8
BLACK
6
CONTINUOUS
10
-2.0863712204724409
20
-0.3636041732283464
11
-2.0862678740157481
21
-0.3635973228346457
0
LINE
8
BLACK
6
CONTINUOUS
10
-2.0862678740157481
20
-0.3635973228346457
11
-2.0861967322834647
21
-0.3636213779527559
0
LINE
8
BLACK
6
CONTINUOUS
10
-2.0861967322834647
20
-0.3636213779527559
11
-2.0860093307086616
21
-0.363639842519685
0
LINE
8
BLACK
6
CONTINUOUS
10
-2.0860093307086616
20
-0.363639842519685
11
-2.0854186614173229
21
-0.3638844881889764
0
LINE
8
BLACK
6
CONTINUOUS
10
-2.0854186614173229
20
-0.3638844881889764
11
-2.0848126771653543
21
-0.3640894488188977
0
LINE
8
BLACK
6
CONTINUOUS
10
-2.0848126771653543
20
-0.3640894488188977
11
-2.0847127165354329
21
-0.3641769291338582
0
LINE
8
BLACK
6
CONTINUOUS
10
-2.0847127165354329
20
-0.3641769291338582
11
-2.0845901181102362
21
-0.3642277165354331
0
LINE
8
BLACK
6
CONTINUOUS
10
-2.0845901181102362
20
-0.3642277165354331
11
-2.0841382677165354
21
-0.3646795669291338
0
LINE
8
BLACK
6
CONTINUOUS
10
-2.0841382677165354
20
-0.3646795669291338
11
-2.0836566141732282
21
-0.3651010236220472
0
LINE
8
BLACK
6
CONTINUOUS
10
-2.0836566141732282
20
-0.3651010236220472
11
-2.0835977559055117
21
-0.3652200787401575
0
LINE
8
BLACK
6
CONTINUOUS
10
-2.0835977559055117
20
-0.3652200787401575
11
-2.0835038976377951
21
-0.365313937007874
0
LINE
8
BLACK
6
CONTINUOUS
10
-2.0835038976377951
20
-0.365313937007874
11
-2.0832592519685038
21
-0.3659045275590551
0
LINE
8
BLACK
6
CONTINUOUS
10
-2.0832592519685038
20
-0.3659045275590551
11
-2.0829756692913386
21
-0.3664779921259843
0
LINE
8
BLACK
6
CONTINUOUS
10
-2.0829756692913386
20
-0.3664779921259843
11
-2.0829668503937007
21
-0.3666104724409449
0
LINE
8
BLACK
6
CONTINUOUS
10
-2.0829668503937007
20
-0.3666104724409449
11
-2.082916023622047
21
-0.3667331496062992
0
LINE
8
BLACK
6
CONTINUOUS
10
-2.082916023622047
20
-0.3667331496062992
11
-2.082916023622047
21
-0.3673728346456693
0
LINE
8
BLACK
6
CONTINUOUS
10
-2.082916023622047
20
-0.3673728346456693
11
-2.0828735039370079
21
-0.3680107480314961
0
LINE
8
BLACK
6
CONTINUOUS
10
-2.0828735039370079
20
-0.3680107480314961
11
-2.082916023622047
21
-0.3681364566929134
0
LINE
8
BLACK
6
CONTINUOUS
10
-2.082916023622047
20
-0.3681364566929134
11
-2.082916023622047
21
-0.3682692913385827
0
LINE
8
BLACK
6
CONTINUOUS
10
-2.082916023622047
20
-0.3682692913385827
11
-2.0831607086614174
21
-0.3688599606299213
0
LINE
8
BLACK
6
CONTINUOUS
10
-2.0831607086614174
20
-0.3688599606299213
11
-2.0833656299212597
21
-0.3694659448818898
0
LINE
8
BLACK
6
CONTINUOUS
10
-2.0833656299212597
20
-0.3694659448818898
11
-2.0834751968503937
21
-0.3696191732283465
0
LINE
8
BLACK
6
CONTINUOUS
10
-2.0834751968503937
20
-0.3696191732283465
11
-2.0835038976377951
21
-0.3696885039370079
0
LINE
8
BLACK
6
CONTINUOUS
10
-2.0835038976377951
20
-0.3696885039370079
11
-2.0835770472440944
21
-0.3697616141732283
0
LINE
8
BLACK
6
CONTINUOUS
10
-2.0835770472440944
20
-0.3697616141732283
11
-2.0838144881889762
21
-0.3700937795275591
0
LINE
8
BLACK
6
CONTINUOUS
10
-2.0838144881889762
20
-0.3700937795275591
11
-2.0953346456692912
21
-0.3832596062992126
0
LINE
8
BLACK
6
CONTINUOUS
10
-2.0953346456692912
20
-0.3832596062992126
11
-2.0947654724409448
21
-0.3834774015748031
0
LINE
8
BLACK
6
CONTINUOUS
10
-2.0947654724409448
20
-0.3834774015748031
11
-2.0898911023622047
21
-0.3859146062992126
0
LINE
8
BLACK
6
CONTINUOUS
10
-2.0898911023622047
20
-0.3859146062992126
11
-2.0895604724409447
21
-0.3861227165354331
0
LINE
8
BLACK
6
CONTINUOUS
10
-2.0895604724409447
20
-0.3861227165354331
11
-2.0894645275590551
21
-0.3861624803149606
0
LINE
8
BLACK
6
CONTINUOUS
10
-2.0894645275590551
20
-0.3861624803149606
11
-2.0893565354330708
21
-0.3862511023622047
0
LINE
8
BLACK
6
CONTINUOUS
10
-2.0893565354330708
20
-0.3862511023622047
11
-2.0892379527559055
21
-0.3863257480314961
0
LINE
8
BLACK
6
CONTINUOUS
10
-2.0892379527559055
20
-0.3863257480314961
11
-2.0891697637795277
21
-0.3864043700787401
0
LINE
8
BLACK
6
CONTINUOUS
10
-2.0891697637795277
20
-0.3864043700787401
11
-2.0888679133858266
21
-0.3866520866141732
0
LINE
8
BLACK
6
CONTINUOUS
10
-2.0888679133858266
20
-0.3866520866141732
11
-2.0864307086614171
21
-0.3890892913385827
0
LINE
8
BLACK
6
CONTINUOUS
10
-2.0864307086614171
20
-0.3890892913385827
11
-2.0861830314960628
21
-0.3893911023622047
0
LINE
8
BLACK
6
CONTINUOUS
10
-2.0861830314960628
20
-0.3893911023622047
11
-2.0861043700787403
21
-0.3894593307086614
0
LINE
8
BLACK
6
CONTINUOUS
10
-2.0861043700787403
20
-0.3894593307086614
11
-2.0860297637795275
21
-0.389577874015748
0
LINE
8
BLACK
6
CONTINUOUS
10
-2.0860297637795275
20
-0.389577874015748
11
-2.0859411023622045
21
-0.389685905511811
0
LINE
8
BLACK
6
CONTINUOUS
10
-2.0859411023622045
20
-0.389685905511811
11
-2.085901377952756
21
-0.389781811023622
0
LINE
8
BLACK
6
CONTINUOUS
10
-2.085901377952756
20
-0.389781811023622
11
-2.0856932283464564
21
-0.3901124803149606
0
LINE
8
BLACK
6
CONTINUOUS
10
-2.0856932283464564
20
-0.3901124803149606
11
-2.083256023622047
21
-0.3949868503937008
0
LINE
8
BLACK
6
CONTINUOUS
10
-2.083256023622047
20
-0.3949868503937008
11
-2.0829801968503938
21
-0.3957076771653543
0
LINE
8
BLACK
6
CONTINUOUS
10
-2.0829801968503938
20
-0.3957076771653543
11
-2.0829701968503938
21
-0.3958487401574803
0
LINE
8
BLACK
6
CONTINUOUS
10
-2.0829701968503938
20
-0.3958487401574803
11
-2.082916023622047
21
-0.3959794881889764
0
LINE
8
BLACK
6
CONTINUOUS
10
-2.082916023622047
20
-0.3959794881889764
11
-2.0828403937007876
21
-0.3967475590551181
0
LINE
8
BLACK
6
CONTINUOUS
10
-2.0828403937007876
20
-0.3967475590551181
11
-2.0828403937007876
21
-0.4089335433070866
0
LINE
8
BLACK
6
CONTINUOUS
10
-2.0828403937007876
20
-0.4089335433070866
11
-2.082916023622047
21
-0.4097016141732283
0
LINE
8
BLACK
6
CONTINUOUS
10
-2.082916023622047
20
-0.4097016141732283
11
-2.0829701968503938
21
-0.4098323228346457
0
LINE
8
BLACK
6
CONTINUOUS
10
-2.0829701968503938
20
-0.4098323228346457
11
-2.0829801968503938
21
-0.4099734251968504
0
LINE
8
BLACK
6
CONTINUOUS
10
-2.0829801968503938
20
-0.4099734251968504
11
-2.083256023622047
21
-0.4106942125984252
0
LINE
8
BLACK
6
CONTINUOUS
10
-2.083256023622047
20
-0.4106942125984252
11
-2.0856932283464564
21
-0.4155686220472441
0
LINE
8
BLACK
6
CONTINUOUS
10
-2.0856932283464564
20
-0.4155686220472441
11
-2.085901377952756
21
-0.4158992519685039
0
LINE
8
BLACK
6
CONTINUOUS
10
-2.085901377952756
20
-0.4158992519685039
11
-2.0859411023622045
21
-0.4159952362204724
0
LINE
8
BLACK
6
CONTINUOUS
10
-2.0859411023622045
20
-0.4159952362204724
11
-2.0860297637795275
21
-0.4161032283464567
0
LINE
8
BLACK
6
CONTINUOUS
10
-2.0860297637795275
20
-0.4161032283464567
11
-2.0861043700787403
21
-0.416221811023622
0
LINE
8
BLACK
6
CONTINUOUS
10
-2.0861043700787403
20
-0.416221811023622
11
-2.0861830314960628
21
-0.41629
0
LINE
8
BLACK
6
CONTINUOUS
10
-2.0861830314960628
20
-0.41629
11
-2.0864307086614171
21
-0.4165918503937008
0
LINE
8
BLACK
6
CONTINUOUS
10
-2.0864307086614171
20
-0.4165918503937008
11
-2.0888679133858266
21
-0.4190290551181102
0
LINE
8
BLACK
6
CONTINUOUS
10
-2.0888679133858266
20
-0.4190290551181102
11
-2.0891698818897639
21
-0.4192768503937008
0
LINE
8
BLACK
6
CONTINUOUS
10
-2.0891698818897639
20
-0.4192768503937008
11
-2.0892379921259843
21
-0.4193553937007874
0
LINE
8
BLACK
6
CONTINUOUS
10
-2.0892379921259843
20
-0.4193553937007874
11
-2.0893564173228345
21
-0.4194299212598425
0
LINE
8
BLACK
6
CONTINUOUS
10
-2.0893564173228345
20
-0.4194299212598425
11
-2.0894645275590551
21
-0.4195186614173228
0
LINE
8
BLACK
6
CONTINUOUS
10
-2.0894645275590551
20
-0.4195186614173228
11
-2.0895605905511809
21
-0.4195584251968504
0
LINE
8
BLACK
6
CONTINUOUS
10
-2.0895605905511809
20
-0.4195584251968504
11
-2.0898911417322834
21
-0.4197665354330709
0
LINE
8
BLACK
6
CONTINUOUS
10
-2.0898911417322834
20
-0.4197665354330709
11
-2.0947655118110236
21
-0.4222037007874015
0
LINE
8
BLACK
6
CONTINUOUS
10
-2.0947655118110236
20
-0.4222037007874015
11
-2.0954862992125984
21
-0.4224795275590551
0
LINE
8
BLACK
6
CONTINUOUS
10
-2.0954862992125984
20
-0.4224795275590551
11
-2.0956274015748031
21
-0.4224895275590551
0
LINE
8
BLACK
6
CONTINUOUS
10
-2.0956274015748031
20
-0.4224895275590551
11
-2.0957581102362206
21
-0.4225437007874016
0
LINE
8
BLACK
6
CONTINUOUS
10
-2.0957581102362206
20
-0.4225437007874016
11
-2.0965261811023623
21
-0.4226193307086614
0
LINE
8
BLACK
6
CONTINUOUS
10
-2.0965261811023623
20
-0.4226193307086614
11
-2.1111493700787403
21
-0.4226193307086614
0
LINE
8
BLACK
6
CONTINUOUS
10
-2.1111493700787403
20
-0.4226193307086614
11
-2.111917440944882
21
-0.4225437007874016
0
LINE
8
BLACK
6
CONTINUOUS
10
-2.111917440944882
20
-0.4225437007874016
11
-2.1120481889763778
21
-0.4224895275590551
0
LINE
8
BLACK
6
CONTINUOUS
10
-2.1120481889763778
20
-0.4224895275590551
11
-2.1121892519685037
21
-0.4224795275590551
0
LINE
8
BLACK
6
CONTINUOUS
10
-2.1121892519685037
20
-0.4224795275590551
11
-2.1129100393700786
21
-0.4222037007874015
0
LINE
8
BLACK
6
CONTINUOUS
10
-2.1129100393700786
20
-0.4222037007874015
11
-2.1177844094488187
21
-0.4197665354330709
0
LINE
8
BLACK
6
CONTINUOUS
10
-2.1177844094488187
20
-0.4197665354330709
11
-2.118115
21
-0.4195584251968504
0
LINE
8
BLACK
6
CONTINUOUS
10
-2.118115
20
-0.4195584251968504
11
-2.1182110236220471
21
-0.4195186614173228
0
LINE
8
BLACK
6
CONTINUOUS
10
-2.1182110236220471
20
-0.4195186614173228
11
-2.1183191732283464
21
-0.4194299212598425
0
LINE
8
BLACK
6
CONTINUOUS
10
-2.1183191732283464
20
-0.4194299212598425
11
-2.1184375590551179
21
-0.4193553937007874
0
LINE
8
BLACK
6
CONTINUOUS
10
-2.1184375590551179
20
-0.4193553937007874
11
-2.1185056692913387
21
-0.4192768503937008
0
LINE
8
BLACK
6
CONTINUOUS
10
-2.1185056692913387
20
-0.4192768503937008
11
-2.1188076377952756
21
-0.4190290551181102
0
LINE
8
BLACK
6
CONTINUOUS
10
-2.1188076377952756
20
-0.4190290551181102
11
-2.121244842519685
21
-0.4165918503937008
0
LINE
8
BLACK
6
CONTINUOUS
10
-2.121244842519685
20
-0.4165918503937008
11
-2.1217344488188976
21
-0.4159952362204724
0
LINE
8
BLACK
6
CONTINUOUS
10
-2.1217344488188976
20
-0.4159952362204724
11
-2.1223223228346457
21
-0.4145760236220472
0
LINE
8
BLACK
6
CONTINUOUS
10
-2.1223223228346457
20
-0.4145760236220472
11
-2.1223223228346457
21
-0.4130398818897638
0
LINE
8
BLACK
6
CONTINUOUS
10
-2.1223223228346457
20
-0.4130398818897638
11
-2.1217344488188976
21
-0.4116206692913386
0
LINE
8
BLACK
6
CONTINUOUS
10
-2.1217344488188976
20
-0.4116206692913386
11
-2.1206482283464565
21
-0.4105344488188976
0
LINE
8
BLACK
6
CONTINUOUS
10
-2.1206482283464565
20
-0.4105344488188976
11
-2.1192290157480316
21
-0.4099465748031496
0
LINE
8
BLACK
6
CONTINUOUS
10
-2.1192290157480316
20
-0.4099465748031496
11
-2.1176928740157481
21
-0.4099465748031496
0
LINE
8
BLACK
6
CONTINUOUS
10
-2.1176928740157481
20
-0.4099465748031496
11
-2.1162736614173228
21
-0.4105344488188976
0
LINE
8
BLACK
6
CONTINUOUS
10
-2.1162736614173228
20
-0.4105344488188976
11
-2.1156770472440942
21
-0.4110240551181102
0
LINE
8
BLACK
6
CONTINUOUS
10
-2.1156770472440942
20
-0.4110240551181102
11
-2.1136916141732285
21
-0.4130094881889764
0
LINE
8
BLACK
6
CONTINUOUS
10
-2.1136916141732285
20
-0.4130094881889764
11
-2.1102199606299212
21
-0.4147453149606299
0
LINE
8
BLACK
6
CONTINUOUS
10
-2.1102199606299212
20
-0.4147453149606299
11
-2.0974555905511809
21
-0.4147453149606299
0
LINE
8
BLACK
6
CONTINUOUS
10
-2.0974555905511809
20
-0.4147453149606299
11
-2.0939839763779529
21
-0.4130094881889764
0
LINE
8
BLACK
6
CONTINUOUS
10
-2.0939839763779529
20
-0.4130094881889764
11
-2.0924502755905512
21
-0.4114757874015748
0
LINE
8
BLACK
6
CONTINUOUS
10
-2.0924502755905512
20
-0.4114757874015748
11
-2.090714409448819
21
-0.408004094488189
0
LINE
8
BLACK
6
CONTINUOUS
10
-2.090714409448819
20
-0.408004094488189
11
-2.090714409448819
21
-0.3976770078740157
0
LINE
8
BLACK
6
CONTINUOUS
10
-2.090714409448819
20
-0.3976770078740157
11
-2.0924502755905512
21
-0.3942053149606299
0
LINE
8
BLACK
6
CONTINUOUS
10
-2.0924502755905512
20
-0.3942053149606299
11
-2.0939839763779529
21
-0.3926716141732283
0
LINE
8
BLACK
6
CONTINUOUS
10
-2.0939839763779529
20
-0.3926716141732283
11
-2.0974556299212597
21
-0.3909357874015748
0
LINE
8
BLACK
6
CONTINUOUS
10
-2.0974556299212597
20
-0.3909357874015748
11
-2.1038377952755907
21
-0.3909357874015748
0
LINE
8
BLACK
6
CONTINUOUS
10
-2.1038377952755907
20
-0.3909357874015748
11
-2.1042440157480313
21
-0.3908957874015748
0
LINE
8
BLACK
6
CONTINUOUS
10
-2.1042440157480313
20
-0.3908957874015748
11
-2.1043473228346454
21
-0.3909026771653543
0
LINE
8
BLACK
6
CONTINUOUS
10
-2.1043473228346454
20
-0.3909026771653543
11
-2.104418503937008
21
-0.3908785826771654
0
LINE
8
BLACK
6
CONTINUOUS
10
-2.104418503937008
20
-0.3908785826771654
11
-2.1046058661417324
21
-0.3908601574803149
0
LINE
8
BLACK
6
CONTINUOUS
10
-2.1046058661417324
20
-0.3908601574803149
11
-2.1051965748031494
21
-0.3906154724409449
0
LINE
8
BLACK
6
CONTINUOUS
10
-2.1051965748031494
20
-0.3906154724409449
11
-2.1058025196850392
21
-0.3904105511811023
0
LINE
8
BLACK
6
CONTINUOUS
10
-2.1058025196850392
20
-0.3904105511811023
11
-2.1059025196850394
21
-0.390323031496063
0
LINE
8
BLACK
6
CONTINUOUS
10
-2.1059025196850394
20
-0.390323031496063
11
-2.1060250787401573
21
-0.3902722834645669
0
LINE
8
BLACK
6
CONTINUOUS
10
-2.1060250787401573
20
-0.3902722834645669
11
-2.1064769685039368
21
-0.3898203937007874
0
LINE
8
BLACK
6
CONTINUOUS
10
-2.1064769685039368
20
-0.3898203937007874
11
-2.1069585826771653
21
-0.3893989763779527
0
LINE
8
BLACK
6
CONTINUOUS
10
-2.1069585826771653
20
-0.3893989763779527
11
-2.1070174803149606
21
-0.3892798818897638
0
LINE
8
BLACK
6
CONTINUOUS
10
-2.1070174803149606
20
-0.3892798818897638
11
-2.1071112992125984
21
-0.389186062992126
0
LINE
8
BLACK
6
CONTINUOUS
10
-2.1071112992125984
20
-0.389186062992126
11
-2.1073559842519685
21
-0.3885954330708661
0
LINE
8
BLACK
6
CONTINUOUS
10
-2.1073559842519685
20
-0.3885954330708661
11
-2.1076395275590549
21
-0.3880220078740158
0
LINE
8
BLACK
6
CONTINUOUS
10
-2.1076395275590549
20
-0.3880220078740158
11
-2.1076483858267716
21
-0.3878894881889764
0
LINE
8
BLACK
6
CONTINUOUS
10
-2.1076483858267716
20
-0.3878894881889764
11
-2.1076991732283465
21
-0.3877668503937008
0
LINE
8
BLACK
6
CONTINUOUS
10
-2.1076991732283465
20
-0.3877668503937008
11
-2.1076991732283465
21
-0.387127125984252
0
LINE
8
BLACK
6
CONTINUOUS
10
-2.1076991732283465
20
-0.387127125984252
11
-2.1077416929133856
21
-0.3864892519685039
0
LINE
8
BLACK
6
CONTINUOUS
10
-2.1077416929133856
20
-0.3864892519685039
11
-2.1076991732283465
21
-0.3863635039370079
0
LINE
8
BLACK
6
CONTINUOUS
10
-2.1076991732283465
20
-0.3863635039370079
11
-2.1076991732283465
21
-0.3862307086614173
0
LINE
8
BLACK
6
CONTINUOUS
10
-2.1076991732283465
20
-0.3862307086614173
11
-2.1074545275590553
21
-0.38564
0
LINE
8
BLACK
6
CONTINUOUS
10
-2.1074545275590553
20
-0.38564
11
-2.1072495669291338
21
-0.3850340551181102
0
LINE
8
BLACK
6
CONTINUOUS
10
-2.1072495669291338
20
-0.3850340551181102
11
-2.1071400393700785
21
-0.3848807874015748
0
LINE
8
BLACK
6
CONTINUOUS
10
-2.1071400393700785
20
-0.3848807874015748
11
-2.1071112992125984
21
-0.3848114960629921
0
LINE
8
BLACK
6
CONTINUOUS
10
-2.1071112992125984
20
-0.3848114960629921
11
-2.1070381889763778
21
-0.3847383464566929
0
LINE
8
BLACK
6
CONTINUOUS
10
-2.1070381889763778
20
-0.3847383464566929
11
-2.1068007086614173
21
-0.3844062204724409
0
LINE
8
BLACK
6
CONTINUOUS
10
-2.1068007086614173
20
-0.3844062204724409
11
-2.0954537007874015
21
-0.3714382283464567
0
LINE
8
BLACK
6
CONTINUOUS
10
-2.0954537007874015
20
-0.3714382283464567
11
-2.1184609448818899
21
-0.3714382283464567
0
LINE
8
BLACK
6
CONTINUOUS
10
-2.1184609448818899
20
-0.3714382283464567
11
-2.1192290157480316
21
-0.3713625984251969
0
LINE
8
BLACK
6
CONTINUOUS
10
-2.1192290157480316
20
-0.3713625984251969
11
-2.1206482283464565
21
-0.3707747244094488
0
LINE
8
BLACK
6
CONTINUOUS
10
-2.1206482283464565
20
-0.3707747244094488
11
-2.1217344488188976
21
-0.3696885039370079
0
LINE
8
BLACK
6
CONTINUOUS
10
-2.1217344488188976
20
-0.3696885039370079
11
-2.1223223228346457
21
-0.3682692913385827
0
LINE
8
BLACK
6
CONTINUOUS
10
-2.1223223228346457
20
-0.3682692913385827
11
-2.1223223228346457
21
-0.3667331496062992
0
LINE
8
BLACK
6
CONTINUOUS
10
-2.1223223228346457
20
-0.3667331496062992
11
-2.1217344488188976
21
-0.365313937007874
0
LINE
8
BLACK
6
CONTINUOUS
10
-2.1217344488188976
20
-0.365313937007874
11
-2.1206482283464565
21
-0.3642277165354331
0
LINE
8
BLACK
6
CONTINUOUS
10
-2.1206482283464565
20
-0.3642277165354331
11
-2.1192290157480316
21
-0.363639842519685
0
LINE
8
BLACK
6
CONTINUOUS
10
-2.1192290157480316
20
-0.363639842519685
11
-2.1184609448818899
21
-0.3635642125984252
0
LINE
8
BLACK
6
CONTINUOUS
10
-2.1184609448818899
20
-0.3635642125984252
11
-2.0867774015748033
21
-0.3635642125984252
0
LINE
8
BLACK
6
CONTINUOUS
10
-2.0867774015748033
20
-0.3635642125984252
11
-2.0863712204724409
21
-0.3636041732283464
0
LINE
8
BLACK
6
CONTINUOUS
10
-1.9937577952755905
20
-0.3636041732283464
11
-1.9936544488188976
21
-0.3635973228346457
0
LINE
8
BLACK
6
CONTINUOUS
10
-1.9936544488188976
20
-0.3635973228346457
11
-1.993583307086614
21
-0.3636213779527559
0
LINE
8
BLACK
6
CONTINUOUS
10
-1.993583307086614
20
-0.3636213779527559
11
-1.9933959055118109
21
-0.363639842519685
0
LINE
8
BLACK
6
CONTINUOUS
10
-1.9933959055118109
20
-0.363639842519685
11
-1.9928052362204725
21
-0.3638844881889764
0
LINE
8
BLACK
6
CONTINUOUS
10
-1.9928052362204725
20
-0.3638844881889764
11
-1.9921992519685039
21
-0.3640894488188977
0
LINE
8
BLACK
6
CONTINUOUS
10
-1.9921992519685039
20
-0.3640894488188977
11
-1.9920992913385827
21
-0.3641769291338582
0
LINE
8
BLACK
6
CONTINUOUS
10
-1.9920992913385827
20
-0.3641769291338582
11
-1.9919766929133857
21
-0.3642277165354331
0
LINE
8
BLACK
6
CONTINUOUS
10
-1.9919766929133857
20
-0.3642277165354331
11
-1.991524842519685
21
-0.3646795669291338
0
LINE
8
BLACK
6
CONTINUOUS
10
-1.991524842519685
20
-0.3646795669291338
11
-1.991043188976378
21
-0.3651010236220472
0
LINE
8
BLACK
6
CONTINUOUS
10
-1.991043188976378
20
-0.3651010236220472
11
-1.9909843307086614
21
-0.3652200787401575
0
LINE
8
BLACK
6
CONTINUOUS
10
-1.9909843307086614
20
-0.3652200787401575
11
-1.9908904724409449
21
-0.365313937007874
0
LINE
8
BLACK
6
CONTINUOUS
10
-1.9908904724409449
20
-0.365313937007874
11
-1.9906458267716536
21
-0.3659045275590551
0
LINE
8
BLACK
6
CONTINUOUS
10
-1.9906458267716536
20
-0.3659045275590551
11
-1.9903622440944881
21
-0.3664779921259843
0
LINE
8
BLACK
6
CONTINUOUS
10
-1.9903622440944881
20
-0.3664779921259843
11
-1.9903534251968504
21
-0.3666104724409449
0
LINE
8
BLACK
6
CONTINUOUS
10
-1.9903534251968504
20
-0.3666104724409449
11
-1.9903025984251967
21
-0.3667331496062992
0
LINE
8
BLACK
6
CONTINUOUS
10
-1.9903025984251967
20
-0.3667331496062992
11
-1.9903025984251967
21
-0.3673728346456693
0
LINE
8
BLACK
6
CONTINUOUS
10
-1.9903025984251967
20
-0.3673728346456693
11
-1.9902600787401574
21
-0.3680107480314961
0
LINE
8
BLACK
6
CONTINUOUS
10
-1.9902600787401574
20
-0.3680107480314961
11
-1.9903025984251967
21
-0.3681364566929134
0
LINE
8
BLACK
6
CONTINUOUS
10
-1.9903025984251967
20
-0.3681364566929134
11
-1.9903025984251967
21
-0.3682692913385827
0
LINE
8
BLACK
6
CONTINUOUS
10
-1.9903025984251967
20
-0.3682692913385827
11
-1.9905472834645668
21
-0.3688599606299213
0
LINE
8
BLACK
6
CONTINUOUS
10
-1.9905472834645668
20
-0.3688599606299213
11
-1.9907522047244095
21
-0.3694659448818898
0
LINE
8
BLACK
6
CONTINUOUS
10
-1.9907522047244095
20
-0.3694659448818898
11
-1.9908617716535433
21
-0.3696191732283465
0
LINE
8
BLACK
6
CONTINUOUS
10
-1.9908617716535433
20
-0.3696191732283465
11
-1.9908904724409449
21
-0.3696885039370079
0
LINE
8
BLACK
6
CONTINUOUS
10
-1.9908904724409449
20
-0.3696885039370079
11
-1.990963622047244
21
-0.3697616141732283
0
LINE
8
BLACK
6
CONTINUOUS
10
-1.990963622047244
20
-0.3697616141732283
11
-1.991201062992126
21
-0.3700937795275591
0
LINE
8
BLACK
6
CONTINUOUS
10
-1.991201062992126
20
-0.3700937795275591
11
-2.0027212204724409
21
-0.3832596062992126
0
LINE
8
BLACK
6
CONTINUOUS
10
-2.0027212204724409
20
-0.3832596062992126
11
-2.0021520472440946
21
-0.3834774015748031
0
LINE
8
BLACK
6
CONTINUOUS
10
-2.0021520472440946
20
-0.3834774015748031
11
-1.9972776771653542
21
-0.3859146062992126
0
LINE
8
BLACK
6
CONTINUOUS
10
-1.9972776771653542
20
-0.3859146062992126
11
-1.9969470472440944
21
-0.3861227165354331
0
LINE
8
BLACK
6
CONTINUOUS
10
-1.9969470472440944
20
-0.3861227165354331
11
-1.9968511023622046
21
-0.3861624803149606
0
LINE
8
BLACK
6
CONTINUOUS
10
-1.9968511023622046
20
-0.3861624803149606
11
-1.9967431102362205
21
-0.3862511023622047
0
LINE
8
BLACK
6
CONTINUOUS
10
-1.9967431102362205
20
-0.3862511023622047
11
-1.9966245275590551
21
-0.3863257480314961
0
LINE
8
BLACK
6
CONTINUOUS
10
-1.9966245275590551
20
-0.3863257480314961
11
-1.9965563385826772
21
-0.3864043700787401
0
LINE
8
BLACK
6
CONTINUOUS
10
-1.9965563385826772
20
-0.3864043700787401
11
-1.9962544881889763
21
-0.3866520866141732
0
LINE
8
BLACK
6
CONTINUOUS
10
-1.9962544881889763
20
-0.3866520866141732
11
-1.9938172834645669
21
-0.3890892913385827
0
LINE
8
BLACK
6
CONTINUOUS
10
-1.9938172834645669
20
-0.3890892913385827
11
-1.9935696062992125
21
-0.3893911023622047
0
LINE
8
BLACK
6
CONTINUOUS
10
-1.9935696062992125
20
-0.3893911023622047
11
-1.9934909448818898
21
-0.3894593307086614
0
LINE
8
BLACK
6
CONTINUOUS
10
-1.9934909448818898
20
-0.3894593307086614
11
-1.9934163385826771
21
-0.389577874015748
0
LINE
8
BLACK
6
CONTINUOUS
10
-1.9934163385826771
20
-0.389577874015748
11
-1.9933276771653543
21
-0.389685905511811
0
LINE
8
BLACK
6
CONTINUOUS
10
-1.9933276771653543
20
-0.389685905511811
11
-1.9932879527559055
21
-0.389781811023622
0
LINE
8
BLACK
6
CONTINUOUS
10
-1.9932879527559055
20
-0.389781811023622
11
-1.9930798031496062
21
-0.3901124803149606
0
LINE
8
BLACK
6
CONTINUOUS
10
-1.9930798031496062
20
-0.3901124803149606
11
-1.9906425984251968
21
-0.3949868503937008
0
LINE
8
BLACK
6
CONTINUOUS
10
-1.9906425984251968
20
-0.3949868503937008
11
-1.9903667716535434
21
-0.3957076771653543
0
LINE
8
BLACK
6
CONTINUOUS
10
-1.9903667716535434
20
-0.3957076771653543
11
-1.9903567716535433
21
-0.3958487401574803
0
LINE
8
BLACK
6
CONTINUOUS
10
-1.9903567716535433
20
-0.3958487401574803
11
-1.9903025984251967
21
-0.3959794881889764
0
LINE
8
BLACK
6
CONTINUOUS
10
-1.9903025984251967
20
-0.3959794881889764
11
-1.9902269685039369
21
-0.3967475590551181
0
LINE
8
BLACK
6
CONTINUOUS
10
-1.9902269685039369
20
-0.3967475590551181
11
-1.9902269685039369
21
-0.4089335433070866
0
LINE
8
BLACK
6
CONTINUOUS
10
-1.9902269685039369
20
-0.4089335433070866
11
-1.9903025984251967
21
-0.4097016141732283
0
LINE
8
BLACK
6
CONTINUOUS
10
-1.9903025984251967
20
-0.4097016141732283
11
-1.9903567716535433
21
-0.4098323228346457
0
LINE
8
BLACK
6
CONTINUOUS
10
-1.9903567716535433
20
-0.4098323228346457
11
-1.9903667716535434
21
-0.4099734251968504
0
LINE
8
BLACK
6
CONTINUOUS
10
-1.9903667716535434
20
-0.4099734251968504
11
-1.9906425984251968
21
-0.4106942125984252
0
LINE
8
BLACK
6
CONTINUOUS
10
-1.9906425984251968
20
-0.4106942125984252
11
-1.9930798031496062
21
-0.4155686220472441
0
LINE
8
BLACK
6
CONTINUOUS
10
-1.9930798031496062
20
-0.4155686220472441
11
-1.9932879527559055
21
-0.4158992519685039
0
LINE
8
BLACK
6
CONTINUOUS
10
-1.9932879527559055
20
-0.4158992519685039
11
-1.9933276771653543
21
-0.4159952362204724
0
LINE
8
BLACK
6
CONTINUOUS
10
-1.9933276771653543
20
-0.4159952362204724
11
-1.9934163385826771
21
-0.4161032283464567
0
LINE
8
BLACK
6
CONTINUOUS
10
-1.9934163385826771
20
-0.4161032283464567
11
-1.9934909448818898
21
-0.416221811023622
0
LINE
8
BLACK
6
CONTINUOUS
10
-1.9934909448818898
20
-0.416221811023622
11
-1.9935696062992125
21
-0.41629
0
LINE
8
BLACK
6
CONTINUOUS
10
-1.9935696062992125
20
-0.41629
11
-1.9938172834645669
21
-0.4165918503937008
0
LINE
8
BLACK
6
CONTINUOUS
10
-1.9938172834645669
20
-0.4165918503937008
11
-1.9962544881889763
21
-0.4190290551181102
0
LINE
8
BLACK
6
CONTINUOUS
10
-1.9962544881889763
20
-0.4190290551181102
11
-1.9965564566929133
21
-0.4192768503937008
0
LINE
8
BLACK
6
CONTINUOUS
10
-1.9965564566929133
20
-0.4192768503937008
11
-1.9966245669291338
21
-0.4193553937007874
0
LINE
8
BLACK
6
CONTINUOUS
10
-1.9966245669291338
20
-0.4193553937007874
11
-1.9967429921259843
21
-0.4194299212598425
0
LINE
8
BLACK
6
CONTINUOUS
10
-1.9967429921259843
20
-0.4194299212598425
11
-1.9968511023622046
21
-0.4195186614173228
0
LINE
8
BLACK
6
CONTINUOUS
10
-1.9968511023622046
20
-0.4195186614173228
11
-1.9969471653543307
21
-0.4195584251968504
0
LINE
8
BLACK
6
CONTINUOUS
10
-1.9969471653543307
20
-0.4195584251968504
11
-1.997277716535433
21
-0.4197665354330709
0
LINE
8
BLACK
6
CONTINUOUS
10
-1.997277716535433
20
-0.4197665354330709
11
-2.0021520866141733
21
-0.4222037007874015
0
LINE
8
BLACK
6
CONTINUOUS
10
-2.0021520866141733
20
-0.4222037007874015
11
-2.0028728740157482
21
-0.4224795275590551
0
LINE
8
BLACK
6
CONTINUOUS
10
-2.0028728740157482
20
-0.4224795275590551
11
-2.0030139763779529
21
-0.4224895275590551
0
LINE
8
BLACK
6
CONTINUOUS
10
-2.0030139763779529
20
-0.4224895275590551
11
-2.0031446850393699
21
-0.4225437007874016
0
LINE
8
BLACK
6
CONTINUOUS
10
-2.0031446850393699
20
-0.4225437007874016
11
-2.0039127559055117
21
-0.4226193307086614
0
LINE
8
BLACK
6
CONTINUOUS
10
-2.0039127559055117
20
-0.4226193307086614
11
-2.0185359448818896
21
-0.4226193307086614
0
LINE
8
BLACK
6
CONTINUOUS
10
-2.0185359448818896
20
-0.4226193307086614
11
-2.0193040157480313
21
-0.4225437007874016
0
LINE
8
BLACK
6
CONTINUOUS
10
-2.0193040157480313
20
-0.4225437007874016
11
-2.0194347637795276
21
-0.4224895275590551
0
LINE
8
BLACK
6
CONTINUOUS
10
-2.0194347637795276
20
-0.4224895275590551
11
-2.0195758267716535
21
-0.4224795275590551
0
LINE
8
BLACK
6
CONTINUOUS
10
-2.0195758267716535
20
-0.4224795275590551
11
-2.0202966141732284
21
-0.4222037007874015
0
LINE
8
BLACK
6
CONTINUOUS
10
-2.0202966141732284
20
-0.4222037007874015
11
-2.0251709842519685
21
-0.4197665354330709
0
LINE
8
BLACK
6
CONTINUOUS
10
-2.0251709842519685
20
-0.4197665354330709
11
-2.0255015748031497
21
-0.4195584251968504
0
LINE
8
BLACK
6
CONTINUOUS
10
-2.0255015748031497
20
-0.4195584251968504
11
-2.0255975984251968
21
-0.4195186614173228
0
LINE
8
BLACK
6
CONTINUOUS
10
-2.0255975984251968
20
-0.4195186614173228
11
-2.0257057480314962
21
-0.4194299212598425
0
LINE
8
BLACK
6
CONTINUOUS
10
-2.0257057480314962
20
-0.4194299212598425
11
-2.0258241338582677
21
-0.4193553937007874
0
LINE
8
BLACK
6
CONTINUOUS
10
-2.0258241338582677
20
-0.4193553937007874
11
-2.025892244094488
21
-0.4192768503937008
0
LINE
8
BLACK
6
CONTINUOUS
10
-2.025892244094488
20
-0.4192768503937008
11
-2.0261942125984254
21
-0.4190290551181102
0
LINE
8
BLACK
6
CONTINUOUS
10
-2.0261942125984254
20
-0.4190290551181102
11
-2.0286314173228348
21
-0.4165918503937008
0
LINE
8
BLACK
6
CONTINUOUS
10
-2.0286314173228348
20
-0.4165918503937008
11
-2.0291210236220474
21
-0.4159952362204724
0
LINE
8
BLACK
6
CONTINUOUS
10
-2.0291210236220474
20
-0.4159952362204724
11
-2.0297088976377951
21
-0.4145760236220472
0
LINE
8
BLACK
6
CONTINUOUS
10
-2.0297088976377951
20
-0.4145760236220472
11
-2.0297088976377951
21
-0.4130398818897638
0
LINE
8
BLACK
6
CONTINUOUS
10
-2.0297088976377951
20
-0.4130398818897638
11
-2.0291210236220474
21
-0.4116206692913386
0
LINE
8
BLACK
6
CONTINUOUS
10
-2.0291210236220474
20
-0.4116206692913386
11
-2.0280348031496063
21
-0.4105344488188976
0
LINE
8
BLACK
6
CONTINUOUS
10
-2.0280348031496063
20
-0.4105344488188976
11
-2.0266155905511809
21
-0.4099465748031496
0
LINE
8
BLACK
6
CONTINUOUS
10
-2.0266155905511809
20
-0.4099465748031496
11
-2.0250794488188975
21
-0.4099465748031496
0
LINE
8
BLACK
6
CONTINUOUS
10
-2.0250794488188975
20
-0.4099465748031496
11
-2.0236602362204725
21
-0.4105344488188976
0
LINE
8
BLACK
6
CONTINUOUS
10
-2.0236602362204725
20
-0.4105344488188976
11
-2.023063622047244
21
-0.4110240551181102
0
LINE
8
BLACK
6
CONTINUOUS
10
-2.023063622047244
20
-0.4110240551181102
11
-2.0210781889763778
21
-0.4130094881889764
0
LINE
8
BLACK
6
CONTINUOUS
10
-2.0210781889763778
20
-0.4130094881889764
11
-2.017606535433071
21
-0.4147453149606299
0
LINE
8
BLACK
6
CONTINUOUS
10
-2.017606535433071
20
-0.4147453149606299
11
-2.0048421653543307
21
-0.4147453149606299
0
LINE
8
BLACK
6
CONTINUOUS
10
-2.0048421653543307
20
-0.4147453149606299
11
-2.0013705511811022
21
-0.4130094881889764
0
LINE
8
BLACK
6
CONTINUOUS
10
-2.0013705511811022
20
-0.4130094881889764
11
-1.9998368503937007
21
-0.4114757874015748
0
LINE
8
BLACK
6
CONTINUOUS
10
-1.9998368503937007
20
-0.4114757874015748
11
-1.9981009842519684
21
-0.408004094488189
0
LINE
8
BLACK
6
CONTINUOUS
10
-1.9981009842519684
20
-0.408004094488189
11
-1.9981009842519684
21
-0.3976770078740157
0
LINE
8
BLACK
6
CONTINUOUS
10
-1.9981009842519684
20
-0.3976770078740157
11
-1.9998368503937007
21
-0.3942053149606299
0
LINE
8
BLACK
6
CONTINUOUS
10
-1.9998368503937007
20
-0.3942053149606299
11
-2.0013705511811022
21
-0.3926716141732283
0
LINE
8
BLACK
6
CONTINUOUS
10
-2.0013705511811022
20
-0.3926716141732283
11
-2.0048422047244094
21
-0.3909357874015748
0
LINE
8
BLACK
6
CONTINUOUS
10
-2.0048422047244094
20
-0.3909357874015748
11
-2.01122437007874
21
-0.3909357874015748
0
LINE
8
BLACK
6
CONTINUOUS
10
-2.01122437007874
20
-0.3909357874015748
11
-2.0116305905511811
21
-0.3908957874015748
0
LINE
8
BLACK
6
CONTINUOUS
10
-2.0116305905511811
20
-0.3908957874015748
11
-2.0117338976377952
21
-0.3909026771653543
0
LINE
8
BLACK
6
CONTINUOUS
10
-2.0117338976377952
20
-0.3909026771653543
11
-2.0118050787401573
21
-0.3908785826771654
0
LINE
8
BLACK
6
CONTINUOUS
10
-2.0118050787401573
20
-0.3908785826771654
11
-2.0119924409448817
21
-0.3908601574803149
0
LINE
8
BLACK
6
CONTINUOUS
10
-2.0119924409448817
20
-0.3908601574803149
11
-2.0125831496062991
21
-0.3906154724409449
0
LINE
8
BLACK
6
CONTINUOUS
10
-2.0125831496062991
20
-0.3906154724409449
11
-2.0131890944881889
21
-0.3904105511811023
0
LINE
8
BLACK
6
CONTINUOUS
10
-2.0131890944881889
20
-0.3904105511811023
11
-2.0132890944881887
21
-0.390323031496063
0
LINE
8
BLACK
6
CONTINUOUS
10
-2.0132890944881887
20
-0.390323031496063
11
-2.0134116535433071
21
-0.3902722834645669
0
LINE
8
BLACK
6
CONTINUOUS
10
-2.0134116535433071
20
-0.3902722834645669
11
-2.0138635433070866
21
-0.3898203937007874
0
LINE
8
BLACK
6
CONTINUOUS
10
-2.0138635433070866
20
-0.3898203937007874
11
-2.0143451574803151
21
-0.3893989763779527
0
LINE
8
BLACK
6
CONTINUOUS
10
-2.0143451574803151
20
-0.3893989763779527
11
-2.0144040551181104
21
-0.3892798818897638
0
LINE
8
BLACK
6
CONTINUOUS
10
-2.0144040551181104
20
-0.3892798818897638
11
-2.0144978740157482
21
-0.389186062992126
0
LINE
8
BLACK
6
CONTINUOUS
10
-2.0144978740157482
20
-0.389186062992126
11
-2.0147425590551182
21
-0.3885954330708661
0
LINE
8
BLACK
6
CONTINUOUS
10
-2.0147425590551182
20
-0.3885954330708661
11
-2.0150261023622047
21
-0.3880220078740158
0
LINE
8
BLACK
6
CONTINUOUS
10
-2.0150261023622047
20
-0.3880220078740158
11
-2.0150349606299214
21
-0.3878894881889764
0
LINE
8
BLACK
6
CONTINUOUS
10
-2.0150349606299214
20
-0.3878894881889764
11
-2.0150857480314959
21
-0.3877668503937008
0
LINE
8
BLACK
6
CONTINUOUS
10
-2.0150857480314959
20
-0.3877668503937008
11
-2.0150857480314959
21
-0.387127125984252
0
LINE
8
BLACK
6
CONTINUOUS
10
-2.0150857480314959
20
-0.387127125984252
11
-2.0151282677165354
21
-0.3864892519685039
0
LINE
8
BLACK
6
CONTINUOUS
10
-2.0151282677165354
20
-0.3864892519685039
11
-2.0150857480314959
21
-0.3863635039370079
0
LINE
8
BLACK
6
CONTINUOUS
10
-2.0150857480314959
20
-0.3863635039370079
11
-2.0150857480314959
21
-0.3862307086614173
0
LINE
8
BLACK
6
CONTINUOUS
10
-2.0150857480314959
20
-0.3862307086614173
11
-2.0148411023622046
21
-0.38564
0
LINE
8
BLACK
6
CONTINUOUS
10
-2.0148411023622046
20
-0.38564
11
-2.0146361417322836
21
-0.3850340551181102
0
LINE
8
BLACK
6
CONTINUOUS
10
-2.0146361417322836
20
-0.3850340551181102
11
-2.0145266141732283
21
-0.3848807874015748
0
LINE
8
BLACK
6
CONTINUOUS
10
-2.0145266141732283
20
-0.3848807874015748
11
-2.0144978740157482
21
-0.3848114960629921
0
LINE
8
BLACK
6
CONTINUOUS
10
-2.0144978740157482
20
-0.3848114960629921
11
-2.0144247637795276
21
-0.3847383464566929
0
LINE
8
BLACK
6
CONTINUOUS
10
-2.0144247637795276
20
-0.3847383464566929
11
-2.0141872834645671
21
-0.3844062204724409
0
LINE
8
BLACK
6
CONTINUOUS
10
-2.0141872834645671
20
-0.3844062204724409
11
-2.0028402755905512
21
-0.3714382283464567
0
LINE
8
BLACK
6
CONTINUOUS
10
-2.0028402755905512
20
-0.3714382283464567
11
-2.0258475196850392
21
-0.3714382283464567
0
LINE
8
BLACK
6
CONTINUOUS
10
-2.0258475196850392
20
-0.3714382283464567
11
-2.0266155905511809
21
-0.3713625984251969
0
LINE
8
BLACK
6
CONTINUOUS
10
-2.0266155905511809
20
-0.3713625984251969
11
-2.0280348031496063
21
-0.3707747244094488
0
LINE
8
BLACK
6
CONTINUOUS
10
-2.0280348031496063
20
-0.3707747244094488
11
-2.0291210236220474
21
-0.3696885039370079
0
LINE
8
BLACK
6
CONTINUOUS
10
-2.0291210236220474
20
-0.3696885039370079
11
-2.0297088976377951
21
-0.3682692913385827
0
LINE
8
BLACK
6
CONTINUOUS
10
-2.0297088976377951
20
-0.3682692913385827
11
-2.0297088976377951
21
-0.3667331496062992
0
LINE
8
BLACK
6
CONTINUOUS
10
-2.0297088976377951
20
-0.3667331496062992
11
-2.0291210236220474
21
-0.365313937007874
0
LINE
8
BLACK
6
CONTINUOUS
10
-2.0291210236220474
20
-0.365313937007874
11
-2.0280348031496063
21
-0.3642277165354331
0
LINE
8
BLACK
6
CONTINUOUS
10
-2.0280348031496063
20
-0.3642277165354331
11
-2.0266155905511809
21
-0.363639842519685
0
LINE
8
BLACK
6
CONTINUOUS
10
-2.0266155905511809
20
-0.363639842519685
11
-2.0258475196850392
21
-0.3635642125984252
0
LINE
8
BLACK
6
CONTINUOUS
10
-2.0258475196850392
20
-0.3635642125984252
11
-1.9941639763779526
21
-0.3635642125984252
0
LINE
8
BLACK
6
CONTINUOUS
10
-1.9941639763779526
20
-0.3635642125984252
11
-1.9937577952755905
21
-0.3636041732283464
0
LINE
8
BLACK
6
CONTINUOUS
10
-1.8713486614173227
20
-0.363639842519685
11
-1.8712179527559054
21
-0.3636939763779528
0
LINE
8
BLACK
6
CONTINUOUS
10
-1.8712179527559054
20
-0.3636939763779528
11
-1.8710768503937008
21
-0.3637040157480315
0
LINE
8
BLACK
6
CONTINUOUS
10
-1.8710768503937008
20
-0.3637040157480315
11
-1.8703560236220471
21
-0.363979842519685
0
LINE
8
BLACK
6
CONTINUOUS
10
-1.8703560236220471
20
-0.363979842519685
11
-1.865481653543307
21
-0.3664170472440945
0
LINE
8
BLACK
6
CONTINUOUS
10
-1.865481653543307
20
-0.3664170472440945
11
-1.8651510236220472
21
-0.3666251574803149
0
LINE
8
BLACK
6
CONTINUOUS
10
-1.8651510236220472
20
-0.3666251574803149
11
-1.8650550787401574
21
-0.3666649212598425
0
LINE
8
BLACK
6
CONTINUOUS
10
-1.8650550787401574
20
-0.3666649212598425
11
-1.8649470866141731
21
-0.3667535433070866
0
LINE
8
BLACK
6
CONTINUOUS
10
-1.8649470866141731
20
-0.3667535433070866
11
-1.8648285039370078
21
-0.3668281889763779
0
LINE
8
BLACK
6
CONTINUOUS
10
-1.8648285039370078
20
-0.3668281889763779
11
-1.8647603149606298
21
-0.366906811023622
0
LINE
8
BLACK
6
CONTINUOUS
10
-1.8647603149606298
20
-0.366906811023622
11
-1.8644584645669291
21
-0.3671545275590551
0
LINE
8
BLACK
6
CONTINUOUS
10
-1.8644584645669291
20
-0.3671545275590551
11
-1.8620212598425196
21
-0.3695917322834645
0
LINE
8
BLACK
6
CONTINUOUS
10
-1.8620212598425196
20
-0.3695917322834645
11
-1.8617735826771653
21
-0.3698935433070866
0
LINE
8
BLACK
6
CONTINUOUS
10
-1.8617735826771653
20
-0.3698935433070866
11
-1.8616949212598424
21
-0.3699617716535433
0
LINE
8
BLACK
6
CONTINUOUS
10
-1.8616949212598424
20
-0.3699617716535433
11
-1.8616203149606299
21
-0.3700803149606299
0
LINE
8
BLACK
6
CONTINUOUS
10
-1.8616203149606299
20
-0.3700803149606299
11
-1.8615316535433071
21
-0.3701883464566929
0
LINE
8
BLACK
6
CONTINUOUS
10
-1.8615316535433071
20
-0.3701883464566929
11
-1.8614919291338583
21
-0.370284251968504
0
LINE
8
BLACK
6
CONTINUOUS
10
-1.8614919291338583
20
-0.370284251968504
11
-1.861283779527559
21
-0.3706149212598425
0
LINE
8
BLACK
6
CONTINUOUS
10
-1.861283779527559
20
-0.3706149212598425
11
-1.8588465748031495
21
-0.3754892913385827
0
LINE
8
BLACK
6
CONTINUOUS
10
-1.8588465748031495
20
-0.3754892913385827
11
-1.8585707480314959
21
-0.3762101181102362
0
LINE
8
BLACK
6
CONTINUOUS
10
-1.8585707480314959
20
-0.3762101181102362
11
-1.8585607480314961
21
-0.3763511811023622
0
LINE
8
BLACK
6
CONTINUOUS
10
-1.8585607480314961
20
-0.3763511811023622
11
-1.8585065748031495
21
-0.3764819291338583
0
LINE
8
BLACK
6
CONTINUOUS
10
-1.8585065748031495
20
-0.3764819291338583
11
-1.8584309448818896
21
-0.37725
0
LINE
8
BLACK
6
CONTINUOUS
10
-1.8584309448818896
20
-0.37725
11
-1.8584309448818896
21
-0.3821244094488189
0
LINE
8
BLACK
6
CONTINUOUS
10
-1.8584309448818896
20
-0.3821244094488189
11
-1.8585065748031495
21
-0.3828924803149606
0
LINE
8
BLACK
6
CONTINUOUS
10
-1.8585065748031495
20
-0.3828924803149606
11
-1.8585607480314961
21
-0.3830231889763779
0
LINE
8
BLACK
6
CONTINUOUS
10
-1.8585607480314961
20
-0.3830231889763779
11
-1.8585707480314959
21
-0.3831642913385827
0
LINE
8
BLACK
6
CONTINUOUS
10
-1.8585707480314959
20
-0.3831642913385827
11
-1.8588465748031495
21
-0.3838851181102362
0
LINE
8
BLACK
6
CONTINUOUS
10
-1.8588465748031495
20
-0.3838851181102362
11
-1.861283779527559
21
-0.3887594881889764
0
LINE
8
BLACK
6
CONTINUOUS
10
-1.861283779527559
20
-0.3887594881889764
11
-1.8614919291338583
21
-0.3890901181102362
0
LINE
8
BLACK
6
CONTINUOUS
10
-1.8614919291338583
20
-0.3890901181102362
11
-1.8615316535433071
21
-0.389186062992126
0
LINE
8
BLACK
6
CONTINUOUS
10
-1.8615316535433071
20
-0.389186062992126
11
-1.8616203149606299
21
-0.3892940551181102
0
LINE
8
BLACK
6
CONTINUOUS
10
-1.8616203149606299
20
-0.3892940551181102
11
-1.8616949212598424
21
-0.3894126377952756
0
LINE
8
BLACK
6
CONTINUOUS
10
-1.8616949212598424
20
-0.3894126377952756
11
-1.8617735826771653
21
-0.3894808267716535
0
LINE
8
BLACK
6
CONTINUOUS
10
-1.8617735826771653
20
-0.3894808267716535
11
-1.8620212598425196
21
-0.3897826771653543
0
LINE
8
BLACK
6
CONTINUOUS
10
-1.8620212598425196
20
-0.3897826771653543
11
-1.8630443307086613
21
-0.3908057086614173
0
LINE
8
BLACK
6
CONTINUOUS
10
-1.8630443307086613
20
-0.3908057086614173
11
-1.8628554330708662
21
-0.3908900787401575
0
LINE
8
BLACK
6
CONTINUOUS
10
-1.8628554330708662
20
-0.3908900787401575
11
-1.8627487007874015
21
-0.3909826771653543
0
LINE
8
BLACK
6
CONTINUOUS
10
-1.8627487007874015
20
-0.3909826771653543
11
-1.862617874015748
21
-0.3910368503937008
0
LINE
8
BLACK
6
CONTINUOUS
10
-1.862617874015748
20
-0.3910368503937008
11
-1.8620212992125984
21
-0.3915264960629921
0
LINE
8
BLACK
6
CONTINUOUS
10
-1.8620212992125984
20
-0.3915264960629921
11
-1.859584094488189
21
-0.3939636614173228
0
LINE
8
BLACK
6
CONTINUOUS
10
-1.859584094488189
20
-0.3939636614173228
11
-1.8593362992125984
21
-0.3942655905511811
0
LINE
8
BLACK
6
CONTINUOUS
10
-1.8593362992125984
20
-0.3942655905511811
11
-1.8592577165354329
21
-0.3943337401574803
0
LINE
8
BLACK
6
CONTINUOUS
10
-1.8592577165354329
20
-0.3943337401574803
11
-1.8591832677165354
21
-0.3944520472440945
0
LINE
8
BLACK
6
CONTINUOUS
10
-1.8591832677165354
20
-0.3944520472440945
11
-1.8590944488188976
21
-0.3945602362204724
0
LINE
8
BLACK
6
CONTINUOUS
10
-1.8590944488188976
20
-0.3945602362204724
11
-1.8590546456692914
21
-0.3946563385826772
0
LINE
8
BLACK
6
CONTINUOUS
10
-1.8590546456692914
20
-0.3946563385826772
11
-1.8588465748031495
21
-0.3949868897637795
0
LINE
8
BLACK
6
CONTINUOUS
10
-1.8588465748031495
20
-0.3949868897637795
11
-1.8564094094488188
21
-0.3998612992125984
0
LINE
8
BLACK
6
CONTINUOUS
10
-1.8564094094488188
20
-0.3998612992125984
11
-1.8561335826771652
21
-0.4005820866141732
0
LINE
8
BLACK
6
CONTINUOUS
10
-1.8561335826771652
20
-0.4005820866141732
11
-1.8561235826771654
21
-0.4007231496062992
0
LINE
8
BLACK
6
CONTINUOUS
10
-1.8561235826771654
20
-0.4007231496062992
11
-1.8560694094488188
21
-0.4008538976377953
0
LINE
8
BLACK
6
CONTINUOUS
10
-1.8560694094488188
20
-0.4008538976377953
11
-1.855993779527559
21
-0.401621968503937
0
LINE
8
BLACK
6
CONTINUOUS
10
-1.855993779527559
20
-0.401621968503937
11
-1.855993779527559
21
-0.4089335433070866
0
LINE
8
BLACK
6
CONTINUOUS
10
-1.855993779527559
20
-0.4089335433070866
11
-1.8560694094488188
21
-0.4097016141732283
0
LINE
8
BLACK
6
CONTINUOUS
10
-1.8560694094488188
20
-0.4097016141732283
11
-1.8561235826771654
21
-0.4098323228346457
0
LINE
8
BLACK
6
CONTINUOUS
10
-1.8561235826771654
20
-0.4098323228346457
11
-1.8561335826771652
21
-0.4099734251968504
0
LINE
8
BLACK
6
CONTINUOUS
10
-1.8561335826771652
20
-0.4099734251968504
11
-1.8564094094488188
21
-0.4106942125984252
0
LINE
8
BLACK
6
CONTINUOUS
10
-1.8564094094488188
20
-0.4106942125984252
11
-1.8588465748031495
21
-0.4155686220472441
0
LINE
8
BLACK
6
CONTINUOUS
10
-1.8588465748031495
20
-0.4155686220472441
11
-1.8590546850393701
21
-0.4158991732283465
0
LINE
8
BLACK
6
CONTINUOUS
10
-1.8590546850393701
20
-0.4158991732283465
11
-1.8590944488188976
21
-0.4159952362204724
0
LINE
8
BLACK
6
CONTINUOUS
10
-1.8590944488188976
20
-0.4159952362204724
11
-1.8591831889763779
21
-0.4161033464566929
0
LINE
8
BLACK
6
CONTINUOUS
10
-1.8591831889763779
20
-0.4161033464566929
11
-1.8592577165354329
21
-0.4162217716535433
0
LINE
8
BLACK
6
CONTINUOUS
10
-1.8592577165354329
20
-0.4162217716535433
11
-1.8593362598425196
21
-0.4162898818897638
0
LINE
8
BLACK
6
CONTINUOUS
10
-1.8593362598425196
20
-0.4162898818897638
11
-1.8595840551181102
21
-0.4165918503937008
0
LINE
8
BLACK
6
CONTINUOUS
10
-1.8595840551181102
20
-0.4165918503937008
11
-1.8620212598425196
21
-0.4190290551181102
0
LINE
8
BLACK
6
CONTINUOUS
10
-1.8620212598425196
20
-0.4190290551181102
11
-1.8623232283464566
21
-0.4192768503937008
0
LINE
8
BLACK
6
CONTINUOUS
10
-1.8623232283464566
20
-0.4192768503937008
11
-1.8623913385826771
21
-0.4193553937007874
0
LINE
8
BLACK
6
CONTINUOUS
10
-1.8623913385826771
20
-0.4193553937007874
11
-1.8625097637795276
21
-0.4194298818897638
0
LINE
8
BLACK
6
CONTINUOUS
10
-1.8625097637795276
20
-0.4194298818897638
11
-1.862617874015748
21
-0.4195186614173228
0
LINE
8
BLACK
6
CONTINUOUS
10
-1.862617874015748
20
-0.4195186614173228
11
-1.8627139763779528
21
-0.4195584251968504
0
LINE
8
BLACK
6
CONTINUOUS
10
-1.8627139763779528
20
-0.4195584251968504
11
-1.863044527559055
21
-0.4197665354330709
0
LINE
8
BLACK
6
CONTINUOUS
10
-1.863044527559055
20
-0.4197665354330709
11
-1.8679188976377952
21
-0.4222037007874015
0
LINE
8
BLACK
6
CONTINUOUS
10
-1.8679188976377952
20
-0.4222037007874015
11
-1.8686397244094488
21
-0.4224795275590551
0
LINE
8
BLACK
6
CONTINUOUS
10
-1.8686397244094488
20
-0.4224795275590551
11
-1.8687807874015747
21
-0.4224895275590551
0
LINE
8
BLACK
6
CONTINUOUS
10
-1.8687807874015747
20
-0.4224895275590551
11
-1.868911496062992
21
-0.4225437007874016
0
LINE
8
BLACK
6
CONTINUOUS
10
-1.868911496062992
20
-0.4225437007874016
11
-1.8696795669291337
21
-0.4226193307086614
0
LINE
8
BLACK
6
CONTINUOUS
10
-1.8696795669291337
20
-0.4226193307086614
11
-1.889177125984252
21
-0.4226193307086614
0
LINE
8
BLACK
6
CONTINUOUS
10
-1.889177125984252
20
-0.4226193307086614
11
-1.8899451968503937
21
-0.4225437007874016
0
LINE
8
BLACK
6
CONTINUOUS
10
-1.8899451968503937
20
-0.4225437007874016
11
-1.8913644094488189
21
-0.4219558267716536
0
LINE
8
BLACK
6
CONTINUOUS
10
-1.8913644094488189
20
-0.4219558267716536
11
-1.8924506299212598
21
-0.4208696062992126
0
LINE
8
BLACK
6
CONTINUOUS
10
-1.8924506299212598
20
-0.4208696062992126
11
-1.8930385039370079
21
-0.4194503937007874
0
LINE
8
BLACK
6
CONTINUOUS
10
-1.8930385039370079
20
-0.4194503937007874
11
-1.8931141338582678
21
-0.4186823228346457
0
LINE
8
BLACK
6
CONTINUOUS
10
-1.8931141338582678
20
-0.4186823228346457
11
-1.8931141338582678
21
-0.3675012204724409
0
LINE
8
BLACK
6
CONTINUOUS
10
-1.8931141338582678
20
-0.3675012204724409
11
-1.8930385039370079
21
-0.3667331496062992
0
LINE
8
BLACK
6
CONTINUOUS
10
-1.8930385039370079
20
-0.3667331496062992
11
-1.8924506299212598
21
-0.365313937007874
0
LINE
8
BLACK
6
CONTINUOUS
10
-1.8924506299212598
20
-0.365313937007874
11
-1.8913644094488189
21
-0.3642277165354331
0
LINE
8
BLACK
6
CONTINUOUS
10
-1.8913644094488189
20
-0.3642277165354331
11
-1.8899451968503937
21
-0.363639842519685
0
LINE
8
BLACK
6
CONTINUOUS
10
-1.8899451968503937
20
-0.363639842519685
11
-1.889177125984252
21
-0.3635642125984252
0
LINE
8
BLACK
6
CONTINUOUS
10
-1.889177125984252
20
-0.3635642125984252
11
-1.8721167322834644
21
-0.3635642125984252
0
LINE
8
BLACK
6
CONTINUOUS
10
-1.8721167322834644
20
-0.3635642125984252
11
-1.8713486614173227
21
-0.363639842519685
0
LINE
8
BLACK
6
CONTINUOUS
10
-1.8852401181102363
20
-0.4147453149606299
11
-1.8706089763779528
21
-0.4147453149606299
0
LINE
8
BLACK
6
CONTINUOUS
10
-1.8706089763779528
20
-0.4147453149606299
11
-1.8671373228346457
21
-0.4130094881889764
0
LINE
8
BLACK
6
CONTINUOUS
10
-1.8671373228346457
20
-0.4130094881889764
11
-1.8656036220472441
21
-0.4114757874015748
0
LINE
8
BLACK
6
CONTINUOUS
10
-1.8656036220472441
20
-0.4114757874015748
11
-1.8638677952755904
21
-0.4080041732283464
0
LINE
8
BLACK
6
CONTINUOUS
10
-1.8638677952755904
20
-0.4080041732283464
11
-1.8638677952755904
21
-0.4025512992125984
0
LINE
8
BLACK
6
CONTINUOUS
10
-1.8638677952755904
20
-0.4025512992125984
11
-1.8656036220472441
21
-0.3990796456692913
0
LINE
8
BLACK
6
CONTINUOUS
10
-1.8656036220472441
20
-0.3990796456692913
11
-1.8669318503937007
21
-0.3977514566929134
0
LINE
8
BLACK
6
CONTINUOUS
10
-1.8669318503937007
20
-0.3977514566929134
11
-1.872755590551181
21
-0.3958101968503937
0
LINE
8
BLACK
6
CONTINUOUS
10
-1.872755590551181
20
-0.3958101968503937
11
-1.8852401181102363
21
-0.3958101968503937
0
LINE
8
BLACK
6
CONTINUOUS
10
-1.8852401181102363
20
-0.3958101968503937
11
-1.8852401181102363
21
-0.4147453149606299
0
LINE
8
BLACK
6
CONTINUOUS
10
-1.8852401181102363
20
-0.3879361811023622
11
-1.8730461811023622
21
-0.3879361811023622
0
LINE
8
BLACK
6
CONTINUOUS
10
-1.8730461811023622
20
-0.3879361811023622
11
-1.8695745275590552
21
-0.3862003149606299
0
LINE
8
BLACK
6
CONTINUOUS
10
-1.8695745275590552
20
-0.3862003149606299
11
-1.8680408267716535
21
-0.3846666141732283
0
LINE
8
BLACK
6
CONTINUOUS
10
-1.8680408267716535
20
-0.3846666141732283
11
-1.8663049606299211
21
-0.3811949212598425
0
LINE
8
BLACK
6
CONTINUOUS
10
-1.8663049606299211
20
-0.3811949212598425
11
-1.8663049606299211
21
-0.3781794488188976
0
LINE
8
BLACK
6
CONTINUOUS
10
-1.8663049606299211
20
-0.3781794488188976
11
-1.8680408267716535
21
-0.3747077559055118
0
LINE
8
BLACK
6
CONTINUOUS
10
-1.8680408267716535
20
-0.3747077559055118
11
-1.8695745275590552
21
-0.3731740551181102
0
LINE
8
BLACK
6
CONTINUOUS
10
-1.8695745275590552
20
-0.3731740551181102
11
-1.8730461811023622
21
-0.3714382283464567
0
LINE
8
BLACK
6
CONTINUOUS
10
-1.8730461811023622
20
-0.3714382283464567
11
-1.8852401181102363
21
-0.3714382283464567
0
LINE
8
BLACK
6
CONTINUOUS
10
-1.8852401181102363
20
-0.3714382283464567
11
-1.8852401181102363
21
-0.3879361811023622
0
LINE
8
BLACK
6
CONTINUOUS
10
-1.8152931889763779
20
-0.363639842519685
11
-1.8138739763779528
21
-0.3642277165354331
0
LINE
8
BLACK
6
CONTINUOUS
10
-1.8138739763779528
20
-0.3642277165354331
11
-1.8127877559055117
21
-0.365313937007874
0
LINE
8
BLACK
6
CONTINUOUS
10
-1.8127877559055117
20
-0.365313937007874
11
-1.8121998818897638
21
-0.3667331496062992
0
LINE
8
BLACK
6
CONTINUOUS
10
-1.8121998818897638
20
-0.3667331496062992
11
-1.8121998818897638
21
-0.3682692913385827
0
LINE
8
BLACK
6
CONTINUOUS
10
-1.8121998818897638
20
-0.3682692913385827
11
-1.8127877559055117
21
-0.3696885039370079
0
LINE
8
BLACK
6
CONTINUOUS
10
-1.8127877559055117
20
-0.3696885039370079
11
-1.8138739763779528
21
-0.3707747244094488
0
LINE
8
BLACK
6
CONTINUOUS
10
-1.8138739763779528
20
-0.3707747244094488
11
-1.8152931889763779
21
-0.3713625984251969
0
LINE
8
BLACK
6
CONTINUOUS
10
-1.8152931889763779
20
-0.3713625984251969
11
-1.8160612598425196
21
-0.3714382283464567
0
LINE
8
BLACK
6
CONTINUOUS
10
-1.8160612598425196
20
-0.3714382283464567
11
-1.8248805905511811
21
-0.3714382283464567
0
LINE
8
BLACK
6
CONTINUOUS
10
-1.8248805905511811
20
-0.3714382283464567
11
-1.8283522834645669
21
-0.3731740551181102
0
LINE
8
BLACK
6
CONTINUOUS
10
-1.8283522834645669
20
-0.3731740551181102
11
-1.8300621653543307
21
-0.374883937007874
0
LINE
8
BLACK
6
CONTINUOUS
10
-1.8300621653543307
20
-0.374883937007874
11
-1.8343420078740158
21
-0.3813036614173228
0
LINE
8
BLACK
6
CONTINUOUS
10
-1.8343420078740158
20
-0.3813036614173228
11
-1.8352340551181101
21
-0.3848718503937008
0
LINE
8
BLACK
6
CONTINUOUS
10
-1.8352340551181101
20
-0.3848718503937008
11
-1.8324450787401574
21
-0.3834774015748031
0
LINE
8
BLACK
6
CONTINUOUS
10
-1.8324450787401574
20
-0.3834774015748031
11
-1.8317242913385827
21
-0.3832015748031496
0
LINE
8
BLACK
6
CONTINUOUS
10
-1.8317242913385827
20
-0.3832015748031496
11
-1.8315832283464566
21
-0.3831915354330709
0
LINE
8
BLACK
6
CONTINUOUS
10
-1.8315832283464566
20
-0.3831915354330709
11
-1.8314524803149606
21
-0.3831374015748031
0
LINE
8
BLACK
6
CONTINUOUS
10
-1.8314524803149606
20
-0.3831374015748031
11
-1.8306844094488188
21
-0.3830617716535433
0
LINE
8
BLACK
6
CONTINUOUS
10
-1.8306844094488188
20
-0.3830617716535433
11
-1.8209356299212598
21
-0.3830617716535433
0
LINE
8
BLACK
6
CONTINUOUS
10
-1.8209356299212598
20
-0.3830617716535433
11
-1.8201675590551181
21
-0.3831374015748031
0
LINE
8
BLACK
6
CONTINUOUS
10
-1.8201675590551181
20
-0.3831374015748031
11
-1.8200368503937008
21
-0.3831915354330709
0
LINE
8
BLACK
6
CONTINUOUS
10
-1.8200368503937008
20
-0.3831915354330709
11
-1.8198957480314961
21
-0.3832015748031496
0
LINE
8
BLACK
6
CONTINUOUS
10
-1.8198957480314961
20
-0.3832015748031496
11
-1.8191749212598425
21
-0.3834774015748031
0
LINE
8
BLACK
6
CONTINUOUS
10
-1.8191749212598425
20
-0.3834774015748031
11
-1.8143005511811023
21
-0.3859146062992126
0
LINE
8
BLACK
6
CONTINUOUS
10
-1.8143005511811023
20
-0.3859146062992126
11
-1.8139699212598426
21
-0.3861227165354331
0
LINE
8
BLACK
6
CONTINUOUS
10
-1.8139699212598426
20
-0.3861227165354331
11
-1.8138739763779528
21
-0.3861624803149606
0
LINE
8
BLACK
6
CONTINUOUS
10
-1.8138739763779528
20
-0.3861624803149606
11
-1.8137659842519684
21
-0.3862511023622047
0
LINE
8
BLACK
6
CONTINUOUS
10
-1.8137659842519684
20
-0.3862511023622047
11
-1.8136474015748032
21
-0.3863257480314961
0
LINE
8
BLACK
6
CONTINUOUS
10
-1.8136474015748032
20
-0.3863257480314961
11
-1.8135792125984251
21
-0.3864043700787401
0
LINE
8
BLACK
6
CONTINUOUS
10
-1.8135792125984251
20
-0.3864043700787401
11
-1.8132773622047245
21
-0.3866520866141732
0
LINE
8
BLACK
6
CONTINUOUS
10
-1.8132773622047245
20
-0.3866520866141732
11
-1.810840157480315
21
-0.3890892913385827
0
LINE
8
BLACK
6
CONTINUOUS
10
-1.810840157480315
20
-0.3890892913385827
11
-1.8105924803149607
21
-0.3893911023622047
0
LINE
8
BLACK
6
CONTINUOUS
10
-1.8105924803149607
20
-0.3893911023622047
11
-1.8105138188976377
21
-0.3894593307086614
0
LINE
8
BLACK
6
CONTINUOUS
10
-1.8105138188976377
20
-0.3894593307086614
11
-1.8104392125984252
21
-0.389577874015748
0
LINE
8
BLACK
6
CONTINUOUS
10
-1.8104392125984252
20
-0.389577874015748
11
-1.8103505511811022
21
-0.389685905511811
0
LINE
8
BLACK
6
CONTINUOUS
10
-1.8103505511811022
20
-0.389685905511811
11
-1.8103108267716534
21
-0.389781811023622
0
LINE
8
BLACK
6
CONTINUOUS
10
-1.8103108267716534
20
-0.389781811023622
11
-1.8101026771653543
21
-0.3901124803149606
0
LINE
8
BLACK
6
CONTINUOUS
10
-1.8101026771653543
20
-0.3901124803149606
11
-1.8076654724409449
21
-0.3949868503937008
0
LINE
8
BLACK
6
CONTINUOUS
10
-1.8076654724409449
20
-0.3949868503937008
11
-1.8073896456692913
21
-0.3957076771653543
0
LINE
8
BLACK
6
CONTINUOUS
10
-1.8073896456692913
20
-0.3957076771653543
11
-1.8073796456692912
21
-0.3958487401574803
0
LINE
8
BLACK
6
CONTINUOUS
10
-1.8073796456692912
20
-0.3958487401574803
11
-1.8073254724409449
21
-0.3959794881889764
0
LINE
8
BLACK
6
CONTINUOUS
10
-1.8073254724409449
20
-0.3959794881889764
11
-1.807249842519685
21
-0.3967475590551181
0
LINE
8
BLACK
6
CONTINUOUS
10
-1.807249842519685
20
-0.3967475590551181
11
-1.807249842519685
21
-0.4089335433070866
0
LINE
8
BLACK
6
CONTINUOUS
10
-1.807249842519685
20
-0.4089335433070866
11
-1.8073254724409449
21
-0.4097016141732283
0
LINE
8
BLACK
6
CONTINUOUS
10
-1.8073254724409449
20
-0.4097016141732283
11
-1.8073796456692912
21
-0.4098323228346457
0
LINE
8
BLACK
6
CONTINUOUS
10
-1.8073796456692912
20
-0.4098323228346457
11
-1.8073896456692913
21
-0.4099734251968504
0
LINE
8
BLACK
6
CONTINUOUS
10
-1.8073896456692913
20
-0.4099734251968504
11
-1.8076654724409449
21
-0.4106942125984252
0
LINE
8
BLACK
6
CONTINUOUS
10
-1.8076654724409449
20
-0.4106942125984252
11
-1.8101026771653543
21
-0.4155686220472441
0
LINE
8
BLACK
6
CONTINUOUS
10
-1.8101026771653543
20
-0.4155686220472441
11
-1.8103108267716534
21
-0.4158992519685039
0
LINE
8
BLACK
6
CONTINUOUS
10
-1.8103108267716534
20
-0.4158992519685039
11
-1.8103505511811022
21
-0.4159952362204724
0
LINE
8
BLACK
6
CONTINUOUS
10
-1.8103505511811022
20
-0.4159952362204724
11
-1.8104392125984252
21
-0.4161032283464567
0
LINE
8
BLACK
6
CONTINUOUS
10
-1.8104392125984252
20
-0.4161032283464567
11
-1.8105138188976377
21
-0.416221811023622
0
LINE
8
BLACK
6
CONTINUOUS
10
-1.8105138188976377
20
-0.416221811023622
11
-1.8105924803149607
21
-0.41629
0
LINE
8
BLACK
6
CONTINUOUS
10
-1.8105924803149607
20
-0.41629
11
-1.810840157480315
21
-0.4165918503937008
0
LINE
8
BLACK
6
CONTINUOUS
10
-1.810840157480315
20
-0.4165918503937008
11
-1.8132773622047245
21
-0.4190290551181102
0
LINE
8
BLACK
6
CONTINUOUS
10
-1.8132773622047245
20
-0.4190290551181102
11
-1.8135793307086614
21
-0.4192768503937008
0
LINE
8
BLACK
6
CONTINUOUS
10
-1.8135793307086614
20
-0.4192768503937008
11
-1.813647440944882
21
-0.4193553937007874
0
LINE
8
BLACK
6
CONTINUOUS
10
-1.813647440944882
20
-0.4193553937007874
11
-1.8137658661417322
21
-0.4194299212598425
0
LINE
8
BLACK
6
CONTINUOUS
10
-1.8137658661417322
20
-0.4194299212598425
11
-1.8138739763779528
21
-0.4195186614173228
0
LINE
8
BLACK
6
CONTINUOUS
10
-1.8138739763779528
20
-0.4195186614173228
11
-1.8139700393700786
21
-0.4195584251968504
0
LINE
8
BLACK
6
CONTINUOUS
10
-1.8139700393700786
20
-0.4195584251968504
11
-1.8143005905511811
21
-0.4197665354330709
0
LINE
8
BLACK
6
CONTINUOUS
10
-1.8143005905511811
20
-0.4197665354330709
11
-1.8191749606299212
21
-0.4222037007874015
0
LINE
8
BLACK
6
CONTINUOUS
10
-1.8191749606299212
20
-0.4222037007874015
11
-1.8198957480314961
21
-0.4224795275590551
0
LINE
8
BLACK
6
CONTINUOUS
10
-1.8198957480314961
20
-0.4224795275590551
11
-1.8200368503937008
21
-0.4224895275590551
0
LINE
8
BLACK
6
CONTINUOUS
10
-1.8200368503937008
20
-0.4224895275590551
11
-1.8201675590551181
21
-0.4225437007874016
0
LINE
8
BLACK
6
CONTINUOUS
10
-1.8201675590551181
20
-0.4225437007874016
11
-1.8209356299212598
21
-0.4226193307086614
0
LINE
8
BLACK
6
CONTINUOUS
10
-1.8209356299212598
20
-0.4226193307086614
11
-1.8306844094488188
21
-0.4226193307086614
0
LINE
8
BLACK
6
CONTINUOUS
10
-1.8306844094488188
20
-0.4226193307086614
11
-1.8314524803149606
21
-0.4225437007874016
0
LINE
8
BLACK
6
CONTINUOUS
10
-1.8314524803149606
20
-0.4225437007874016
11
-1.8315832283464566
21
-0.4224895275590551
0
LINE
8
BLACK
6
CONTINUOUS
10
-1.8315832283464566
20
-0.4224895275590551
11
-1.8317242913385827
21
-0.4224795275590551
0
LINE
8
BLACK
6
CONTINUOUS
10
-1.8317242913385827
20
-0.4224795275590551
11
-1.8324450787401574
21
-0.4222037007874015
0
LINE
8
BLACK
6
CONTINUOUS
10
-1.8324450787401574
20
-0.4222037007874015
11
-1.8373194881889763
21
-0.4197665354330709
0
LINE
8
BLACK
6
CONTINUOUS
10
-1.8373194881889763
20
-0.4197665354330709
11
-1.8376500787401575
21
-0.4195584251968504
0
LINE
8
BLACK
6
CONTINUOUS
10
-1.8376500787401575
20
-0.4195584251968504
11
-1.8377461023622046
21
-0.4195186614173228
0
LINE
8
BLACK
6
CONTINUOUS
10
-1.8377461023622046
20
-0.4195186614173228
11
-1.8378542519685039
21
-0.4194299212598425
0
LINE
8
BLACK
6
CONTINUOUS
10
-1.8378542519685039
20
-0.4194299212598425
11
-1.8379726377952756
21
-0.4193553937007874
0
LINE
8
BLACK
6
CONTINUOUS
10
-1.8379726377952756
20
-0.4193553937007874
11
-1.8380407874015747
21
-0.4192768503937008
0
LINE
8
BLACK
6
CONTINUOUS
10
-1.8380407874015747
20
-0.4192768503937008
11
-1.8383427165354331
21
-0.4190290551181102
0
LINE
8
BLACK
6
CONTINUOUS
10
-1.8383427165354331
20
-0.4190290551181102
11
-1.8407799212598426
21
-0.4165918503937008
0
LINE
8
BLACK
6
CONTINUOUS
10
-1.8407799212598426
20
-0.4165918503937008
11
-1.8410277559055117
21
-0.4162898818897638
0
LINE
8
BLACK
6
CONTINUOUS
10
-1.8410277559055117
20
-0.4162898818897638
11
-1.8411062598425196
21
-0.4162217716535433
0
LINE
8
BLACK
6
CONTINUOUS
10
-1.8411062598425196
20
-0.4162217716535433
11
-1.8411807874015749
21
-0.4161033464566929
0
LINE
8
BLACK
6
CONTINUOUS
10
-1.8411807874015749
20
-0.4161033464566929
11
-1.8412695275590552
21
-0.4159952362204724
0
LINE
8
BLACK
6
CONTINUOUS
10
-1.8412695275590552
20
-0.4159952362204724
11
-1.8413093307086614
21
-0.4158991338582677
0
LINE
8
BLACK
6
CONTINUOUS
10
-1.8413093307086614
20
-0.4158991338582677
11
-1.841517401574803
21
-0.4155685826771653
0
LINE
8
BLACK
6
CONTINUOUS
10
-1.841517401574803
20
-0.4155685826771653
11
-1.8439545669291337
21
-0.4106942125984252
0
LINE
8
BLACK
6
CONTINUOUS
10
-1.8439545669291337
20
-0.4106942125984252
11
-1.8442303937007873
21
-0.4099733858267716
0
LINE
8
BLACK
6
CONTINUOUS
10
-1.8442303937007873
20
-0.4099733858267716
11
-1.8442404330708662
21
-0.4098323228346457
0
LINE
8
BLACK
6
CONTINUOUS
10
-1.8442404330708662
20
-0.4098323228346457
11
-1.8442945669291337
21
-0.4097016141732283
0
LINE
8
BLACK
6
CONTINUOUS
10
-1.8442945669291337
20
-0.4097016141732283
11
-1.8443701968503936
21
-0.4089335433070866
0
LINE
8
BLACK
6
CONTINUOUS
10
-1.8443701968503936
20
-0.4089335433070866
11
-1.8443701968503936
21
-0.3894359842519685
0
LINE
8
BLACK
6
CONTINUOUS
10
-1.8443701968503936
20
-0.3894359842519685
11
-1.8443570078740157
21
-0.3893020078740158
0
LINE
8
BLACK
6
CONTINUOUS
10
-1.8443570078740157
20
-0.3893020078740158
11
-1.8443655511811023
21
-0.3892446062992126
0
LINE
8
BLACK
6
CONTINUOUS
10
-1.8443655511811023
20
-0.3892446062992126
11
-1.8443230708661418
21
-0.3889573228346457
0
LINE
8
BLACK
6
CONTINUOUS
10
-1.8443230708661418
20
-0.3889573228346457
11
-1.8442945669291337
21
-0.3886679133858267
0
LINE
8
BLACK
6
CONTINUOUS
10
-1.8442945669291337
20
-0.3886679133858267
11
-1.8442723228346456
21
-0.3886141732283465
0
LINE
8
BLACK
6
CONTINUOUS
10
-1.8442723228346456
20
-0.3886141732283465
11
-1.8442526377952755
21
-0.3884811417322834
0
LINE
8
BLACK
6
CONTINUOUS
10
-1.8442526377952755
20
-0.3884811417322834
11
-1.8418154724409448
21
-0.3787323228346456
0
LINE
8
BLACK
6
CONTINUOUS
10
-1.8418154724409448
20
-0.3787323228346456
11
-1.8416538188976377
21
-0.3782797637795275
0
LINE
8
BLACK
6
CONTINUOUS
10
-1.8416538188976377
20
-0.3782797637795275
11
-1.8416349212598424
21
-0.3781843700787402
0
LINE
8
BLACK
6
CONTINUOUS
10
-1.8416349212598424
20
-0.3781843700787402
11
-1.8415888582677165
21
-0.378097874015748
0
LINE
8
BLACK
6
CONTINUOUS
10
-1.8415888582677165
20
-0.378097874015748
11
-1.8415558267716534
21
-0.3780055511811024
0
LINE
8
BLACK
6
CONTINUOUS
10
-1.8415558267716534
20
-0.3780055511811024
11
-1.8414979133858267
21
-0.3779273228346456
0
LINE
8
BLACK
6
CONTINUOUS
10
-1.8414979133858267
20
-0.3779273228346456
11
-1.8412718110236219
21
-0.3775033464566929
0
LINE
8
BLACK
6
CONTINUOUS
10
-1.8412718110236219
20
-0.3775033464566929
11
-1.836397401574803
21
-0.3701917716535433
0
LINE
8
BLACK
6
CONTINUOUS
10
-1.836397401574803
20
-0.3701917716535433
11
-1.8363956692913386
21
-0.3701896062992126
0
LINE
8
BLACK
6
CONTINUOUS
10
-1.8363956692913386
20
-0.3701896062992126
11
-1.8363951181102363
21
-0.3701883464566929
0
LINE
8
BLACK
6
CONTINUOUS
10
-1.8363951181102363
20
-0.3701883464566929
11
-1.8361518110236219
21
-0.3698918110236221
0
LINE
8
BLACK
6
CONTINUOUS
10
-1.8361518110236219
20
-0.3698918110236221
11
-1.8359084251968503
21
-0.3695946456692913
0
LINE
8
BLACK
6
CONTINUOUS
10
-1.8359084251968503
20
-0.3695946456692913
11
-1.8359072834645669
21
-0.3695938582677165
0
LINE
8
BLACK
6
CONTINUOUS
10
-1.8359072834645669
20
-0.3695938582677165
11
-1.8359055118110237
21
-0.3695917322834645
0
LINE
8
BLACK
6
CONTINUOUS
10
-1.8359055118110237
20
-0.3695917322834645
11
-1.8334683070866142
21
-0.3671545275590551
0
LINE
8
BLACK
6
CONTINUOUS
10
-1.8334683070866142
20
-0.3671545275590551
11
-1.8331664960629921
21
-0.366906811023622
0
LINE
8
BLACK
6
CONTINUOUS
10
-1.8331664960629921
20
-0.366906811023622
11
-1.8330982677165355
21
-0.3668281889763779
0
LINE
8
BLACK
6
CONTINUOUS
10
-1.8330982677165355
20
-0.3668281889763779
11
-1.8329797244094488
21
-0.3667535433070866
0
LINE
8
BLACK
6
CONTINUOUS
10
-1.8329797244094488
20
-0.3667535433070866
11
-1.8328716929133857
21
-0.3666649212598425
0
LINE
8
BLACK
6
CONTINUOUS
10
-1.8328716929133857
20
-0.3666649212598425
11
-1.8327757874015747
21
-0.3666251574803149
0
LINE
8
BLACK
6
CONTINUOUS
10
-1.8327757874015747
20
-0.3666251574803149
11
-1.8324451181102361
21
-0.3664170472440945
0
LINE
8
BLACK
6
CONTINUOUS
10
-1.8324451181102361
20
-0.3664170472440945
11
-1.827570748031496
21
-0.363979842519685
0
LINE
8
BLACK
6
CONTINUOUS
10
-1.827570748031496
20
-0.363979842519685
11
-1.8268499212598426
21
-0.3637040157480315
0
LINE
8
BLACK
6
CONTINUOUS
10
-1.8268499212598426
20
-0.3637040157480315
11
-1.8267088582677165
21
-0.3636939763779528
0
LINE
8
BLACK
6
CONTINUOUS
10
-1.8267088582677165
20
-0.3636939763779528
11
-1.8265781102362204
21
-0.363639842519685
0
LINE
8
BLACK
6
CONTINUOUS
10
-1.8265781102362204
20
-0.363639842519685
11
-1.8258100393700787
21
-0.3635642125984252
0
LINE
8
BLACK
6
CONTINUOUS
10
-1.8258100393700787
20
-0.3635642125984252
11
-1.8160612598425196
21
-0.3635642125984252
0
LINE
8
BLACK
6
CONTINUOUS
10
-1.8160612598425196
20
-0.3635642125984252
11
-1.8152931889763779
21
-0.363639842519685
0
LINE
8
BLACK
6
CONTINUOUS
10
-1.8332266929133858
20
-0.3926716141732283
11
-1.8347603937007873
21
-0.3942053149606299
0
LINE
8
BLACK
6
CONTINUOUS
10
-1.8347603937007873
20
-0.3942053149606299
11
-1.8364961811023621
21
-0.3976769291338583
0
LINE
8
BLACK
6
CONTINUOUS
10
-1.8364961811023621
20
-0.3976769291338583
11
-1.8364961811023621
21
-0.4080041338582677
0
LINE
8
BLACK
6
CONTINUOUS
10
-1.8364961811023621
20
-0.4080041338582677
11
-1.8347603937007873
21
-0.4114757874015748
0
LINE
8
BLACK
6
CONTINUOUS
10
-1.8347603937007873
20
-0.4114757874015748
11
-1.8332266929133858
21
-0.4130094881889764
0
LINE
8
BLACK
6
CONTINUOUS
10
-1.8332266929133858
20
-0.4130094881889764
11
-1.8297550393700788
21
-0.4147453149606299
0
LINE
8
BLACK
6
CONTINUOUS
10
-1.8297550393700788
20
-0.4147453149606299
11
-1.8218650393700786
21
-0.4147453149606299
0
LINE
8
BLACK
6
CONTINUOUS
10
-1.8218650393700786
20
-0.4147453149606299
11
-1.8183934251968503
21
-0.4130094881889764
0
LINE
8
BLACK
6
CONTINUOUS
10
-1.8183934251968503
20
-0.4130094881889764
11
-1.8168597244094489
21
-0.4114757874015748
0
LINE
8
BLACK
6
CONTINUOUS
10
-1.8168597244094489
20
-0.4114757874015748
11
-1.8151238582677165
21
-0.408004094488189
0
LINE
8
BLACK
6
CONTINUOUS
10
-1.8151238582677165
20
-0.408004094488189
11
-1.8151238582677165
21
-0.3976770078740157
0
LINE
8
BLACK
6
CONTINUOUS
10
-1.8151238582677165
20
-0.3976770078740157
11
-1.8168597244094489
21
-0.3942053149606299
0
LINE
8
BLACK
6
CONTINUOUS
10
-1.8168597244094489
20
-0.3942053149606299
11
-1.8183934251968503
21
-0.3926716141732283
0
LINE
8
BLACK
6
CONTINUOUS
10
-1.8183934251968503
20
-0.3926716141732283
11
-1.8218650787401574
21
-0.3909357874015748
0
LINE
8
BLACK
6
CONTINUOUS
10
-1.8218650787401574
20
-0.3909357874015748
11
-1.8297549606299213
21
-0.3909357874015748
0
LINE
8
BLACK
6
CONTINUOUS
10
-1.8297549606299213
20
-0.3909357874015748
11
-1.8332266929133858
21
-0.3926716141732283
0
LINE
8
BLACK
6
CONTINUOUS
10
-2.036083779527559
20
-0.3640808661417323
11
-2.0349232677165352
21
-0.3650873622047244
0
LINE
8
BLACK
6
CONTINUOUS
10
-2.0349232677165352
20
-0.3650873622047244
11
-2.0342362992125982
21
-0.3664613385826772
0
LINE
8
BLACK
6
CONTINUOUS
10
-2.0342362992125982
20
-0.3664613385826772
11
-2.034127401574803
21
-0.3679936220472441
0
LINE
8
BLACK
6
CONTINUOUS
10
-2.034127401574803
20
-0.3679936220472441
11
-2.0342985433070866
21
-0.3687461811023622
0
LINE
8
BLACK
6
CONTINUOUS
10
-2.0342985433070866
20
-0.3687461811023622
11
-2.051358937007874
21
-0.4199273228346457
0
LINE
8
BLACK
6
CONTINUOUS
10
-2.051358937007874
20
-0.4199273228346457
11
-2.0516735433070865
21
-0.4206320472440945
0
LINE
8
BLACK
6
CONTINUOUS
10
-2.0516735433070865
20
-0.4206320472440945
11
-2.0518579921259841
21
-0.4208446456692913
0
LINE
8
BLACK
6
CONTINUOUS
10
-2.0518579921259841
20
-0.4208446456692913
11
-2.0519837007874013
21
-0.4210961417322834
0
LINE
8
BLACK
6
CONTINUOUS
10
-2.0519837007874013
20
-0.4210961417322834
11
-2.0523566141732283
21
-0.4214195275590551
0
LINE
8
BLACK
6
CONTINUOUS
10
-2.0523566141732283
20
-0.4214195275590551
11
-2.0526800787401576
21
-0.4217925196850393
0
LINE
8
BLACK
6
CONTINUOUS
10
-2.0526800787401576
20
-0.4217925196850393
11
-2.0529316535433071
21
-0.4219183070866142
0
LINE
8
BLACK
6
CONTINUOUS
10
-2.0529316535433071
20
-0.4219183070866142
11
-2.0531441732283464
21
-0.4221026377952756
0
LINE
8
BLACK
6
CONTINUOUS
10
-2.0531441732283464
20
-0.4221026377952756
11
-2.0536124803149605
21
-0.4222587007874016
0
LINE
8
BLACK
6
CONTINUOUS
10
-2.0536124803149605
20
-0.4222587007874016
11
-2.0540540157480316
21
-0.4224795275590551
0
LINE
8
BLACK
6
CONTINUOUS
10
-2.0540540157480316
20
-0.4224795275590551
11
-2.0543346456692912
21
-0.4224994488188976
0
LINE
8
BLACK
6
CONTINUOUS
10
-2.0543346456692912
20
-0.4224994488188976
11
-2.0546014960629919
21
-0.4225884251968504
0
LINE
8
BLACK
6
CONTINUOUS
10
-2.0546014960629919
20
-0.4225884251968504
11
-2.055093897637795
21
-0.4225534251968504
0
LINE
8
BLACK
6
CONTINUOUS
10
-2.055093897637795
20
-0.4225534251968504
11
-2.0555862992125982
21
-0.4225884251968504
0
LINE
8
BLACK
6
CONTINUOUS
10
-2.0555862992125982
20
-0.4225884251968504
11
-2.055853188976378
21
-0.4224994488188976
0
LINE
8
BLACK
6
CONTINUOUS
10
-2.055853188976378
20
-0.4224994488188976
11
-2.0561337795275589
21
-0.4224795275590551
0
LINE
8
BLACK
6
CONTINUOUS
10
-2.0561337795275589
20
-0.4224795275590551
11
-2.0565752362204726
21
-0.422258779527559
0
LINE
8
BLACK
6
CONTINUOUS
10
-2.0565752362204726
20
-0.422258779527559
11
-2.0570436220472441
21
-0.4221026771653543
0
LINE
8
BLACK
6
CONTINUOUS
10
-2.0570436220472441
20
-0.4221026771653543
11
-2.0572562204724409
21
-0.4219182677165354
0
LINE
8
BLACK
6
CONTINUOUS
10
-2.0572562204724409
20
-0.4219182677165354
11
-2.0575077559055117
21
-0.4217925196850393
0
LINE
8
BLACK
6
CONTINUOUS
10
-2.0575077559055117
20
-0.4217925196850393
11
-2.0578312992125984
21
-0.4214194881889763
0
LINE
8
BLACK
6
CONTINUOUS
10
-2.0578312992125984
20
-0.4214194881889763
11
-2.0582040944881888
21
-0.4210961417322834
0
LINE
8
BLACK
6
CONTINUOUS
10
-2.0582040944881888
20
-0.4210961417322834
11
-2.0583298425196852
21
-0.4208446456692913
0
LINE
8
BLACK
6
CONTINUOUS
10
-2.0583298425196852
20
-0.4208446456692913
11
-2.058514251968504
21
-0.4206320472440945
0
LINE
8
BLACK
6
CONTINUOUS
10
-2.058514251968504
20
-0.4206320472440945
11
-2.0588288582677166
21
-0.4199273228346457
0
LINE
8
BLACK
6
CONTINUOUS
10
-2.0588288582677166
20
-0.4199273228346457
11
-2.0758892125984252
21
-0.3687462204724409
0
LINE
8
BLACK
6
CONTINUOUS
10
-2.0758892125984252
20
-0.3687462204724409
11
-2.0760603543307088
21
-0.3679936220472441
0
LINE
8
BLACK
6
CONTINUOUS
10
-2.0760603543307088
20
-0.3679936220472441
11
-2.0759514566929131
21
-0.3664613385826772
0
LINE
8
BLACK
6
CONTINUOUS
10
-2.0759514566929131
20
-0.3664613385826772
11
-2.0752644488188974
21
-0.3650873622047244
0
LINE
8
BLACK
6
CONTINUOUS
10
-2.0752644488188974
20
-0.3650873622047244
11
-2.0741039763779527
21
-0.3640808661417323
0
LINE
8
BLACK
6
CONTINUOUS
10
-2.0741039763779527
20
-0.3640808661417323
11
-2.0726466535433072
21
-0.3635951181102362
0
LINE
8
BLACK
6
CONTINUOUS
10
-2.0726466535433072
20
-0.3635951181102362
11
-2.0711143700787402
21
-0.3637040157480315
0
LINE
8
BLACK
6
CONTINUOUS
10
-2.0711143700787402
20
-0.3637040157480315
11
-2.0697403937007874
21
-0.3643910236220472
0
LINE
8
BLACK
6
CONTINUOUS
10
-2.0697403937007874
20
-0.3643910236220472
11
-2.0687338976377951
21
-0.3655514960629921
0
LINE
8
BLACK
6
CONTINUOUS
10
-2.0687338976377951
20
-0.3655514960629921
11
-2.0684192913385826
21
-0.3662562204724409
0
LINE
8
BLACK
6
CONTINUOUS
10
-2.0684192913385826
20
-0.3662562204724409
11
-2.055093897637795
21
-0.4062324409448819
0
LINE
8
BLACK
6
CONTINUOUS
10
-2.055093897637795
20
-0.4062324409448819
11
-2.0417684645669292
21
-0.3662562204724409
0
LINE
8
BLACK
6
CONTINUOUS
10
-2.0417684645669292
20
-0.3662562204724409
11
-2.0414538188976379
21
-0.3655514566929134
0
LINE
8
BLACK
6
CONTINUOUS
10
-2.0414538188976379
20
-0.3655514566929134
11
-2.0404473228346456
21
-0.3643909842519685
0
LINE
8
BLACK
6
CONTINUOUS
10
-2.0404473228346456
20
-0.3643909842519685
11
-2.0390733464566928
21
-0.3637040157480315
0
LINE
8
BLACK
6
CONTINUOUS
10
-2.0390733464566928
20
-0.3637040157480315
11
-2.0375410629921258
21
-0.3635950787401575
0
LINE
8
BLACK
6
CONTINUOUS
10
-2.0375410629921258
20
-0.3635950787401575
11
-2.036083779527559
21
-0.3640808661417323
0
LINE
8
BLACK
6
CONTINUOUS
10
-1.9200925984251969
20
-0.363639842519685
11
-1.9199618897637796
21
-0.3636939763779528
0
LINE
8
BLACK
6
CONTINUOUS
10
-1.9199618897637796
20
-0.3636939763779528
11
-1.9198207874015747
21
-0.3637040157480315
0
LINE
8
BLACK
6
CONTINUOUS
10
-1.9198207874015747
20
-0.3637040157480315
11
-1.9191
21
-0.363979842519685
0
LINE
8
BLACK
6
CONTINUOUS
10
-1.9191
20
-0.363979842519685
11
-1.9142255511811024
21
-0.3664170472440945
0
LINE
8
BLACK
6
CONTINUOUS
10
-1.9142255511811024
20
-0.3664170472440945
11
-1.9138949212598424
21
-0.3666251574803149
0
LINE
8
BLACK
6
CONTINUOUS
10
-1.9138949212598424
20
-0.3666251574803149
11
-1.9137989763779528
21
-0.3666649212598425
0
LINE
8
BLACK
6
CONTINUOUS
10
-1.9137989763779528
20
-0.3666649212598425
11
-1.9136909842519685
21
-0.3667535433070866
0
LINE
8
BLACK
6
CONTINUOUS
10
-1.9136909842519685
20
-0.3667535433070866
11
-1.913572401574803
21
-0.3668281889763779
0
LINE
8
BLACK
6
CONTINUOUS
10
-1.913572401574803
20
-0.3668281889763779
11
-1.9135042125984252
21
-0.366906811023622
0
LINE
8
BLACK
6
CONTINUOUS
10
-1.9135042125984252
20
-0.366906811023622
11
-1.9132023622047243
21
-0.3671545275590551
0
LINE
8
BLACK
6
CONTINUOUS
10
-1.9132023622047243
20
-0.3671545275590551
11
-1.9107651574803148
21
-0.3695917322834645
0
LINE
8
BLACK
6
CONTINUOUS
10
-1.9107651574803148
20
-0.3695917322834645
11
-1.9105173622047245
21
-0.3698937007874016
0
LINE
8
BLACK
6
CONTINUOUS
10
-1.9105173622047245
20
-0.3698937007874016
11
-1.9104388188976378
21
-0.369961811023622
0
LINE
8
BLACK
6
CONTINUOUS
10
-1.9104388188976378
20
-0.369961811023622
11
-1.9103642913385825
21
-0.3700801968503937
0
LINE
8
BLACK
6
CONTINUOUS
10
-1.9103642913385825
20
-0.3700801968503937
11
-1.9102755511811023
21
-0.3701883464566929
0
LINE
8
BLACK
6
CONTINUOUS
10
-1.9102755511811023
20
-0.3701883464566929
11
-1.9102357874015747
21
-0.3702843700787402
0
LINE
8
BLACK
6
CONTINUOUS
10
-1.9102357874015747
20
-0.3702843700787402
11
-1.9100276771653544
21
-0.3706149606299213
0
LINE
8
BLACK
6
CONTINUOUS
10
-1.9100276771653544
20
-0.3706149606299213
11
-1.9075905118110237
21
-0.3754893307086614
0
LINE
8
BLACK
6
CONTINUOUS
10
-1.9075905118110237
20
-0.3754893307086614
11
-1.9073146850393701
21
-0.3762101181102362
0
LINE
8
BLACK
6
CONTINUOUS
10
-1.9073146850393701
20
-0.3762101181102362
11
-1.90730468503937
21
-0.3763511811023622
0
LINE
8
BLACK
6
CONTINUOUS
10
-1.90730468503937
20
-0.3763511811023622
11
-1.9072505118110237
21
-0.3764819291338583
0
LINE
8
BLACK
6
CONTINUOUS
10
-1.9072505118110237
20
-0.3764819291338583
11
-1.9071748818897638
21
-0.37725
0
LINE
8
BLACK
6
CONTINUOUS
10
-1.9071748818897638
20
-0.37725
11
-1.9071748818897638
21
-0.3845616141732283
0
LINE
8
BLACK
6
CONTINUOUS
10
-1.9071748818897638
20
-0.3845616141732283
11
-1.9072505118110237
21
-0.3853296850393701
0
LINE
8
BLACK
6
CONTINUOUS
10
-1.9072505118110237
20
-0.3853296850393701
11
-1.90730468503937
21
-0.3854603937007874
0
LINE
8
BLACK
6
CONTINUOUS
10
-1.90730468503937
20
-0.3854603937007874
11
-1.9073146850393701
21
-0.3856014960629921
0
LINE
8
BLACK
6
CONTINUOUS
10
-1.9073146850393701
20
-0.3856014960629921
11
-1.9075905118110237
21
-0.3863222834645669
0
LINE
8
BLACK
6
CONTINUOUS
10
-1.9075905118110237
20
-0.3863222834645669
11
-1.9100276771653544
21
-0.3911966535433071
0
LINE
8
BLACK
6
CONTINUOUS
10
-1.9100276771653544
20
-0.3911966535433071
11
-1.9102357874015747
21
-0.3915272047244094
0
LINE
8
BLACK
6
CONTINUOUS
10
-1.9102357874015747
20
-0.3915272047244094
11
-1.9102755511811023
21
-0.3916232677165354
0
LINE
8
BLACK
6
CONTINUOUS
10
-1.9102755511811023
20
-0.3916232677165354
11
-1.9103642913385825
21
-0.3917313779527559
0
LINE
8
BLACK
6
CONTINUOUS
10
-1.9103642913385825
20
-0.3917313779527559
11
-1.9104388188976378
21
-0.3918498031496063
0
LINE
8
BLACK
6
CONTINUOUS
10
-1.9104388188976378
20
-0.3918498031496063
11
-1.9105173622047245
21
-0.391917874015748
0
LINE
8
BLACK
6
CONTINUOUS
10
-1.9105173622047245
20
-0.391917874015748
11
-1.9107651574803148
21
-0.3922198818897638
0
LINE
8
BLACK
6
CONTINUOUS
10
-1.9107651574803148
20
-0.3922198818897638
11
-1.9132023622047243
21
-0.3946570866141732
0
LINE
8
BLACK
6
CONTINUOUS
10
-1.9132023622047243
20
-0.3946570866141732
11
-1.9135042125984252
21
-0.3949047637795275
0
LINE
8
BLACK
6
CONTINUOUS
10
-1.9135042125984252
20
-0.3949047637795275
11
-1.913572401574803
21
-0.3949834251968504
0
LINE
8
BLACK
6
CONTINUOUS
10
-1.913572401574803
20
-0.3949834251968504
11
-1.9136909842519685
21
-0.395058031496063
0
LINE
8
BLACK
6
CONTINUOUS
10
-1.9136909842519685
20
-0.395058031496063
11
-1.9137989763779528
21
-0.3951466929133858
0
LINE
8
BLACK
6
CONTINUOUS
10
-1.9137989763779528
20
-0.3951466929133858
11
-1.9138949212598424
21
-0.3951864173228347
0
LINE
8
BLACK
6
CONTINUOUS
10
-1.9138949212598424
20
-0.3951864173228347
11
-1.9142255511811024
21
-0.3953945669291338
0
LINE
8
BLACK
6
CONTINUOUS
10
-1.9142255511811024
20
-0.3953945669291338
11
-1.9191
21
-0.3978317716535433
0
LINE
8
BLACK
6
CONTINUOUS
10
-1.9191
20
-0.3978317716535433
11
-1.9198207874015747
21
-0.3981075984251968
0
LINE
8
BLACK
6
CONTINUOUS
10
-1.9198207874015747
20
-0.3981075984251968
11
-1.9199618897637796
21
-0.3981175984251968
0
LINE
8
BLACK
6
CONTINUOUS
10
-1.9199618897637796
20
-0.3981175984251968
11
-1.9200925984251969
21
-0.3981717716535433
0
LINE
8
BLACK
6
CONTINUOUS
10
-1.9200925984251969
20
-0.3981717716535433
11
-1.9208606692913386
21
-0.3982474015748032
0
LINE
8
BLACK
6
CONTINUOUS
10
-1.9208606692913386
20
-0.3982474015748032
11
-1.9364212204724409
21
-0.3982474015748032
0
LINE
8
BLACK
6
CONTINUOUS
10
-1.9364212204724409
20
-0.3982474015748032
11
-1.9364212204724409
21
-0.4186823228346457
0
LINE
8
BLACK
6
CONTINUOUS
10
-1.9364212204724409
20
-0.4186823228346457
11
-1.9364968503937008
21
-0.4194503937007874
0
LINE
8
BLACK
6
CONTINUOUS
10
-1.9364968503937008
20
-0.4194503937007874
11
-1.9370847244094487
21
-0.4208696062992126
0
LINE
8
BLACK
6
CONTINUOUS
10
-1.9370847244094487
20
-0.4208696062992126
11
-1.9381709448818898
21
-0.4219558267716536
0
LINE
8
BLACK
6
CONTINUOUS
10
-1.9381709448818898
20
-0.4219558267716536
11
-1.9395901574803149
21
-0.4225437007874016
0
LINE
8
BLACK
6
CONTINUOUS
10
-1.9395901574803149
20
-0.4225437007874016
11
-1.9411262992125984
21
-0.4225437007874016
0
LINE
8
BLACK
6
CONTINUOUS
10
-1.9411262992125984
20
-0.4225437007874016
11
-1.9425455118110235
21
-0.4219558267716536
0
LINE
8
BLACK
6
CONTINUOUS
10
-1.9425455118110235
20
-0.4219558267716536
11
-1.9436317322834644
21
-0.4208696062992126
0
LINE
8
BLACK
6
CONTINUOUS
10
-1.9436317322834644
20
-0.4208696062992126
11
-1.9442196062992125
21
-0.4194503937007874
0
LINE
8
BLACK
6
CONTINUOUS
10
-1.9442196062992125
20
-0.4194503937007874
11
-1.9442952362204724
21
-0.4186823228346457
0
LINE
8
BLACK
6
CONTINUOUS
10
-1.9442952362204724
20
-0.4186823228346457
11
-1.9442952362204724
21
-0.3675012204724409
0
LINE
8
BLACK
6
CONTINUOUS
10
-1.9442952362204724
20
-0.3675012204724409
11
-1.9442196062992125
21
-0.3667331496062992
0
LINE
8
BLACK
6
CONTINUOUS
10
-1.9442196062992125
20
-0.3667331496062992
11
-1.9436317322834644
21
-0.365313937007874
0
LINE
8
BLACK
6
CONTINUOUS
10
-1.9436317322834644
20
-0.365313937007874
11
-1.9425455118110235
21
-0.3642277165354331
0
LINE
8
BLACK
6
CONTINUOUS
10
-1.9425455118110235
20
-0.3642277165354331
11
-1.9411262992125984
21
-0.363639842519685
0
LINE
8
BLACK
6
CONTINUOUS
10
-1.9411262992125984
20
-0.363639842519685
11
-1.9403582283464567
21
-0.3635642125984252
0
LINE
8
BLACK
6
CONTINUOUS
10
-1.9403582283464567
20
-0.3635642125984252
11
-1.9208606692913386
21
-0.3635642125984252
0
LINE
8
BLACK
6
CONTINUOUS
10
-1.9208606692913386
20
-0.3635642125984252
11
-1.9200925984251969
21
-0.363639842519685
0
LINE
8
BLACK
6
CONTINUOUS
10
-1.9364212204724409
20
-0.3903733858267717
11
-1.9217900787401574
21
-0.3903733858267717
0
LINE
8
BLACK
6
CONTINUOUS
10
-1.9217900787401574
20
-0.3903733858267717
11
-1.9183184251968504
21
-0.3886375590551181
0
LINE
8
BLACK
6
CONTINUOUS
10
-1.9183184251968504
20
-0.3886375590551181
11
-1.9167847244094487
21
-0.3871038188976378
0
LINE
8
BLACK
6
CONTINUOUS
10
-1.9167847244094487
20
-0.3871038188976378
11
-1.9150488976377953
21
-0.3836322047244095
0
LINE
8
BLACK
6
CONTINUOUS
10
-1.9150488976377953
20
-0.3836322047244095
11
-1.9150488976377953
21
-0.3781793700787401
0
LINE
8
BLACK
6
CONTINUOUS
10
-1.9150488976377953
20
-0.3781793700787401
11
-1.9167847244094487
21
-0.3747077559055118
0
LINE
8
BLACK
6
CONTINUOUS
10
-1.9167847244094487
20
-0.3747077559055118
11
-1.9183184251968504
21
-0.3731740551181102
0
LINE
8
BLACK
6
CONTINUOUS
10
-1.9183184251968504
20
-0.3731740551181102
11
-1.9217900787401574
21
-0.3714382283464567
0
LINE
8
BLACK
6
CONTINUOUS
10
-1.9217900787401574
20
-0.3714382283464567
11
-1.9364212204724409
21
-0.3714382283464567
0
LINE
8
BLACK
6
CONTINUOUS
10
-1.9364212204724409
20
-0.3714382283464567
11
-1.9364212204724409
21
-0.3903733858267717
0
LINE
8
BLACK
6
CONTINUOUS
10
-2.0445770078740155
20
-0.2812411417322835
11
-2.0444462992125985
21
-0.2812952755905512
0
LINE
8
BLACK
6
CONTINUOUS
10
-2.0444462992125985
20
-0.2812952755905512
11
-2.0443051968503938
21
-0.2813053149606299
0
LINE
8
BLACK
6
CONTINUOUS
10
-2.0443051968503938
20
-0.2813053149606299
11
-2.0435843700787402
21
-0.2815811417322834
0
LINE
8
BLACK
6
CONTINUOUS
10
-2.0435843700787402
20
-0.2815811417322834
11
-2.03871
21
-0.2840183464566929
0
LINE
8
BLACK
6
CONTINUOUS
10
-2.03871
20
-0.2840183464566929
11
-2.03837937007874
21
-0.2842264566929134
0
LINE
8
BLACK
6
CONTINUOUS
10
-2.03837937007874
20
-0.2842264566929134
11
-2.0382834251968505
21
-0.2842662204724409
0
LINE
8
BLACK
6
CONTINUOUS
10
-2.0382834251968505
20
-0.2842662204724409
11
-2.0381754330708661
21
-0.284354842519685
0
LINE
8
BLACK
6
CONTINUOUS
10
-2.0381754330708661
20
-0.284354842519685
11
-2.0380568503937009
21
-0.2844294881889764
0
LINE
8
BLACK
6
CONTINUOUS
10
-2.0380568503937009
20
-0.2844294881889764
11
-2.0379886614173226
21
-0.2845081102362205
0
LINE
8
BLACK
6
CONTINUOUS
10
-2.0379886614173226
20
-0.2845081102362205
11
-2.0376868110236219
21
-0.2847558267716536
0
LINE
8
BLACK
6
CONTINUOUS
10
-2.0376868110236219
20
-0.2847558267716536
11
-2.0352496062992125
21
-0.287193031496063
0
LINE
8
BLACK
6
CONTINUOUS
10
-2.0352496062992125
20
-0.287193031496063
11
-2.0350019291338581
21
-0.287494842519685
0
LINE
8
BLACK
6
CONTINUOUS
10
-2.0350019291338581
20
-0.287494842519685
11
-2.0349232677165352
21
-0.2875630708661417
0
LINE
8
BLACK
6
CONTINUOUS
10
-2.0349232677165352
20
-0.2875630708661417
11
-2.0348486614173229
21
-0.2876816141732284
0
LINE
8
BLACK
6
CONTINUOUS
10
-2.0348486614173229
20
-0.2876816141732284
11
-2.0347599999999999
21
-0.2877896456692913
0
LINE
8
BLACK
6
CONTINUOUS
10
-2.0347599999999999
20
-0.2877896456692913
11
-2.0347202755905514
21
-0.2878855511811024
0
LINE
8
BLACK
6
CONTINUOUS
10
-2.0347202755905514
20
-0.2878855511811024
11
-2.0345121259842518
21
-0.2882162204724409
0
LINE
8
BLACK
6
CONTINUOUS
10
-2.0345121259842518
20
-0.2882162204724409
11
-2.0320749212598423
21
-0.2930905905511811
0
LINE
8
BLACK
6
CONTINUOUS
10
-2.0320749212598423
20
-0.2930905905511811
11
-2.0317990944881887
21
-0.2938114173228346
0
LINE
8
BLACK
6
CONTINUOUS
10
-2.0317990944881887
20
-0.2938114173228346
11
-2.0317890944881891
21
-0.2939524803149606
0
LINE
8
BLACK
6
CONTINUOUS
10
-2.0317890944881891
20
-0.2939524803149606
11
-2.0317349212598423
21
-0.2940832283464567
0
LINE
8
BLACK
6
CONTINUOUS
10
-2.0317349212598423
20
-0.2940832283464567
11
-2.0316592913385825
21
-0.2948512992125984
0
LINE
8
BLACK
6
CONTINUOUS
10
-2.0316592913385825
20
-0.2948512992125984
11
-2.0316592913385825
21
-0.2997257086614173
0
LINE
8
BLACK
6
CONTINUOUS
10
-2.0316592913385825
20
-0.2997257086614173
11
-2.0317349212598423
21
-0.3004937795275591
0
LINE
8
BLACK
6
CONTINUOUS
10
-2.0317349212598423
20
-0.3004937795275591
11
-2.0317890944881891
21
-0.3006244881889764
0
LINE
8
BLACK
6
CONTINUOUS
10
-2.0317890944881891
20
-0.3006244881889764
11
-2.0317990944881887
21
-0.3007655905511811
0
LINE
8
BLACK
6
CONTINUOUS
10
-2.0317990944881887
20
-0.3007655905511811
11
-2.0320749212598423
21
-0.3014864173228347
0
LINE
8
BLACK
6
CONTINUOUS
10
-2.0320749212598423
20
-0.3014864173228347
11
-2.0345121259842518
21
-0.3063607874015748
0
LINE
8
BLACK
6
CONTINUOUS
10
-2.0345121259842518
20
-0.3063607874015748
11
-2.0347202755905514
21
-0.3066914173228346
0
LINE
8
BLACK
6
CONTINUOUS
10
-2.0347202755905514
20
-0.3066914173228346
11
-2.0347599999999999
21
-0.3067873622047244
0
LINE
8
BLACK
6
CONTINUOUS
10
-2.0347599999999999
20
-0.3067873622047244
11
-2.0348486614173229
21
-0.3068953543307086
0
LINE
8
BLACK
6
CONTINUOUS
10
-2.0348486614173229
20
-0.3068953543307086
11
-2.0349232677165352
21
-0.307013937007874
0
LINE
8
BLACK
6
CONTINUOUS
10
-2.0349232677165352
20
-0.307013937007874
11
-2.0350019291338581
21
-0.3070821259842519
0
LINE
8
BLACK
6
CONTINUOUS
10
-2.0350019291338581
20
-0.3070821259842519
11
-2.0352496062992125
21
-0.3073839763779527
0
LINE
8
BLACK
6
CONTINUOUS
10
-2.0352496062992125
20
-0.3073839763779527
11
-2.0362726771653543
21
-0.3084070078740158
0
LINE
8
BLACK
6
CONTINUOUS
10
-2.0362726771653543
20
-0.3084070078740158
11
-2.036083779527559
21
-0.3084913779527559
0
LINE
8
BLACK
6
CONTINUOUS
10
-2.036083779527559
20
-0.3084913779527559
11
-2.0359770472440943
21
-0.3085839763779528
0
LINE
8
BLACK
6
CONTINUOUS
10
-2.0359770472440943
20
-0.3085839763779528
11
-2.035846220472441
21
-0.3086381496062992
0
LINE
8
BLACK
6
CONTINUOUS
10
-2.035846220472441
20
-0.3086381496062992
11
-2.0352496456692912
21
-0.3091277952755905
0
LINE
8
BLACK
6
CONTINUOUS
10
-2.0352496456692912
20
-0.3091277952755905
11
-2.0328124409448818
21
-0.3115649606299212
0
LINE
8
BLACK
6
CONTINUOUS
10
-2.0328124409448818
20
-0.3115649606299212
11
-2.0325646456692912
21
-0.3118668897637795
0
LINE
8
BLACK
6
CONTINUOUS
10
-2.0325646456692912
20
-0.3118668897637795
11
-2.0324860629921258
21
-0.3119350393700787
0
LINE
8
BLACK
6
CONTINUOUS
10
-2.0324860629921258
20
-0.3119350393700787
11
-2.0324116141732285
21
-0.3120533464566929
0
LINE
8
BLACK
6
CONTINUOUS
10
-2.0324116141732285
20
-0.3120533464566929
11
-2.0323227952755905
21
-0.3121615354330708
0
LINE
8
BLACK
6
CONTINUOUS
10
-2.0323227952755905
20
-0.3121615354330708
11
-2.0322829921259844
21
-0.3122576377952756
0
LINE
8
BLACK
6
CONTINUOUS
10
-2.0322829921259844
20
-0.3122576377952756
11
-2.0320749212598423
21
-0.312588188976378
0
LINE
8
BLACK
6
CONTINUOUS
10
-2.0320749212598423
20
-0.312588188976378
11
-2.0296377559055117
21
-0.3174625984251969
0
LINE
8
BLACK
6
CONTINUOUS
10
-2.0296377559055117
20
-0.3174625984251969
11
-2.029361929133858
21
-0.3181833858267716
0
LINE
8
BLACK
6
CONTINUOUS
10
-2.029361929133858
20
-0.3181833858267716
11
-2.0293519291338584
21
-0.3183244488188977
0
LINE
8
BLACK
6
CONTINUOUS
10
-2.0293519291338584
20
-0.3183244488188977
11
-2.0292977559055116
21
-0.3184551968503937
0
LINE
8
BLACK
6
CONTINUOUS
10
-2.0292977559055116
20
-0.3184551968503937
11
-2.0292221259842518
21
-0.3192232677165354
0
LINE
8
BLACK
6
CONTINUOUS
10
-2.0292221259842518
20
-0.3192232677165354
11
-2.0292221259842518
21
-0.326534842519685
0
LINE
8
BLACK
6
CONTINUOUS
10
-2.0292221259842518
20
-0.326534842519685
11
-2.0292977559055116
21
-0.3273029133858268
0
LINE
8
BLACK
6
CONTINUOUS
10
-2.0292977559055116
20
-0.3273029133858268
11
-2.0293519291338584
21
-0.3274336220472441
0
LINE
8
BLACK
6
CONTINUOUS
10
-2.0293519291338584
20
-0.3274336220472441
11
-2.029361929133858
21
-0.3275747244094488
0
LINE
8
BLACK
6
CONTINUOUS
10
-2.029361929133858
20
-0.3275747244094488
11
-2.0296377559055117
21
-0.3282955118110236
0
LINE
8
BLACK
6
CONTINUOUS
10
-2.0296377559055117
20
-0.3282955118110236
11
-2.0320749212598423
21
-0.3331699212598425
0
LINE
8
BLACK
6
CONTINUOUS
10
-2.0320749212598423
20
-0.3331699212598425
11
-2.0322830314960632
21
-0.3335004724409449
0
LINE
8
BLACK
6
CONTINUOUS
10
-2.0322830314960632
20
-0.3335004724409449
11
-2.0323227952755905
21
-0.3335965354330709
0
LINE
8
BLACK
6
CONTINUOUS
10
-2.0323227952755905
20
-0.3335965354330709
11
-2.032411535433071
21
-0.3337046456692913
0
LINE
8
BLACK
6
CONTINUOUS
10
-2.032411535433071
20
-0.3337046456692913
11
-2.0324860629921258
21
-0.3338230708661417
0
LINE
8
BLACK
6
CONTINUOUS
10
-2.0324860629921258
20
-0.3338230708661417
11
-2.0325646062992124
21
-0.3338911811023622
0
LINE
8
BLACK
6
CONTINUOUS
10
-2.0325646062992124
20
-0.3338911811023622
11
-2.032812401574803
21
-0.3341931496062992
0
LINE
8
BLACK
6
CONTINUOUS
10
-2.032812401574803
20
-0.3341931496062992
11
-2.0352496062992125
21
-0.3366303543307086
0
LINE
8
BLACK
6
CONTINUOUS
10
-2.0352496062992125
20
-0.3366303543307086
11
-2.0355515748031494
21
-0.3368781496062992
0
LINE
8
BLACK
6
CONTINUOUS
10
-2.0355515748031494
20
-0.3368781496062992
11
-2.0356196850393702
21
-0.3369566929133858
0
LINE
8
BLACK
6
CONTINUOUS
10
-2.0356196850393702
20
-0.3369566929133858
11
-2.0357381102362204
21
-0.3370311811023622
0
LINE
8
BLACK
6
CONTINUOUS
10
-2.0357381102362204
20
-0.3370311811023622
11
-2.035846220472441
21
-0.3371199606299213
0
LINE
8
BLACK
6
CONTINUOUS
10
-2.035846220472441
20
-0.3371199606299213
11
-2.0359423228346456
21
-0.3371597244094488
0
LINE
8
BLACK
6
CONTINUOUS
10
-2.0359423228346456
20
-0.3371597244094488
11
-2.0362728740157481
21
-0.3373678346456693
0
LINE
8
BLACK
6
CONTINUOUS
10
-2.0362728740157481
20
-0.3373678346456693
11
-2.0411472440944882
21
-0.339805
0
LINE
8
BLACK
6
CONTINUOUS
10
-2.0411472440944882
20
-0.339805
11
-2.0418680708661419
21
-0.3400808267716535
0
LINE
8
BLACK
6
CONTINUOUS
10
-2.0418680708661419
20
-0.3400808267716535
11
-2.0420091338582678
21
-0.3400908267716535
0
LINE
8
BLACK
6
CONTINUOUS
10
-2.0420091338582678
20
-0.3400908267716535
11
-2.0421398425196848
21
-0.340145
0
LINE
8
BLACK
6
CONTINUOUS
10
-2.0421398425196848
20
-0.340145
11
-2.0429079133858266
21
-0.3402206299212598
0
LINE
8
BLACK
6
CONTINUOUS
10
-2.0429079133858266
20
-0.3402206299212598
11
-2.0624054724409446
21
-0.3402206299212598
0
LINE
8
BLACK
6
CONTINUOUS
10
-2.0624054724409446
20
-0.3402206299212598
11
-2.0631735433070864
21
-0.340145
0
LINE
8
BLACK
6
CONTINUOUS
10
-2.0631735433070864
20
-0.340145
11
-2.0645927559055117
21
-0.339557125984252
0
LINE
8
BLACK
6
CONTINUOUS
10
-2.0645927559055117
20
-0.339557125984252
11
-2.0656789763779528
21
-0.338470905511811
0
LINE
8
BLACK
6
CONTINUOUS
10
-2.0656789763779528
20
-0.338470905511811
11
-2.0662668503937009
21
-0.3370516929133858
0
LINE
8
BLACK
6
CONTINUOUS
10
-2.0662668503937009
20
-0.3370516929133858
11
-2.0663424803149604
21
-0.3362836220472441
0
LINE
8
BLACK
6
CONTINUOUS
10
-2.0663424803149604
20
-0.3362836220472441
11
-2.0663424803149604
21
-0.2851025196850394
0
LINE
8
BLACK
6
CONTINUOUS
10
-2.0663424803149604
20
-0.2851025196850394
11
-2.0662668503937009
21
-0.2843344488188976
0
LINE
8
BLACK
6
CONTINUOUS
10
-2.0662668503937009
20
-0.2843344488188976
11
-2.0656789763779528
21
-0.2829152362204724
0
LINE
8
BLACK
6
CONTINUOUS
10
-2.0656789763779528
20
-0.2829152362204724
11
-2.0645927559055117
21
-0.2818290157480315
0
LINE
8
BLACK
6
CONTINUOUS
10
-2.0645927559055117
20
-0.2818290157480315
11
-2.0631735433070864
21
-0.2812411417322835
0
LINE
8
BLACK
6
CONTINUOUS
10
-2.0631735433070864
20
-0.2812411417322835
11
-2.0624054724409446
21
-0.2811655118110236
0
LINE
8
BLACK
6
CONTINUOUS
10
-2.0624054724409446
20
-0.2811655118110236
11
-2.0453450787401573
21
-0.2811655118110236
0
LINE
8
BLACK
6
CONTINUOUS
10
-2.0453450787401573
20
-0.2811655118110236
11
-2.0445770078740155
21
-0.2812411417322835
0
LINE
8
BLACK
6
CONTINUOUS
10
-2.0584684645669289
20
-0.3323466141732284
11
-2.0438373228346456
21
-0.3323466141732284
0
LINE
8
BLACK
6
CONTINUOUS
10
-2.0438373228346456
20
-0.3323466141732284
11
-2.0403656692913383
21
-0.3306107874015748
0
LINE
8
BLACK
6
CONTINUOUS
10
-2.0403656692913383
20
-0.3306107874015748
11
-2.0388319685039371
21
-0.3290770866141732
0
LINE
8
BLACK
6
CONTINUOUS
10
-2.0388319685039371
20
-0.3290770866141732
11
-2.0370961417322833
21
-0.3256054724409449
0
LINE
8
BLACK
6
CONTINUOUS
10
-2.0370961417322833
20
-0.3256054724409449
11
-2.0370961417322833
21
-0.3201525984251968
0
LINE
8
BLACK
6
CONTINUOUS
10
-2.0370961417322833
20
-0.3201525984251968
11
-2.0388319685039371
21
-0.3166809448818897
0
LINE
8
BLACK
6
CONTINUOUS
10
-2.0388319685039371
20
-0.3166809448818897
11
-2.0401601968503935
21
-0.3153527559055118
0
LINE
8
BLACK
6
CONTINUOUS
10
-2.0401601968503935
20
-0.3153527559055118
11
-2.0459839370078741
21
-0.3134114960629921
0
LINE
8
BLACK
6
CONTINUOUS
10
-2.0459839370078741
20
-0.3134114960629921
11
-2.0584684645669289
21
-0.3134114960629921
0
LINE
8
BLACK
6
CONTINUOUS
10
-2.0584684645669289
20
-0.3134114960629921
11
-2.0584684645669289
21
-0.3323466141732284
0
LINE
8
BLACK
6
CONTINUOUS
10
-2.0584684645669289
20
-0.3055374803149606
11
-2.046274527559055
21
-0.3055374803149606
0
LINE
8
BLACK
6
CONTINUOUS
10
-2.046274527559055
20
-0.3055374803149606
11
-2.0428028740157478
21
-0.3038016141732283
0
LINE
8
BLACK
6
CONTINUOUS
10
-2.0428028740157478
20
-0.3038016141732283
11
-2.0412691732283466
21
-0.3022679133858268
0
LINE
8
BLACK
6
CONTINUOUS
10
-2.0412691732283466
20
-0.3022679133858268
11
-2.039533307086614
21
-0.2987962204724409
0
LINE
8
BLACK
6
CONTINUOUS
10
-2.039533307086614
20
-0.2987962204724409
11
-2.039533307086614
21
-0.2957807480314961
0
LINE
8
BLACK
6
CONTINUOUS
10
-2.039533307086614
20
-0.2957807480314961
11
-2.0412691732283466
21
-0.2923090551181102
0
LINE
8
BLACK
6
CONTINUOUS
10
-2.0412691732283466
20
-0.2923090551181102
11
-2.0428028740157478
21
-0.2907753543307087
0
LINE
8
BLACK
6
CONTINUOUS
10
-2.0428028740157478
20
-0.2907753543307087
11
-2.046274527559055
21
-0.2890395275590551
0
LINE
8
BLACK
6
CONTINUOUS
10
-2.046274527559055
20
-0.2890395275590551
11
-2.0584684645669289
21
-0.2890395275590551
0
LINE
8
BLACK
6
CONTINUOUS
10
-2.0584684645669289
20
-0.2890395275590551
11
-2.0584684645669289
21
-0.3055374803149606
0
LINE
8
BLACK
6
CONTINUOUS
10
-1.9860843307086613
20
-0.2812411417322835
11
-1.9846651181102362
21
-0.2818290157480315
0
LINE
8
BLACK
6
CONTINUOUS
10
-1.9846651181102362
20
-0.2818290157480315
11
-1.9835788976377953
21
-0.2829152362204724
0
LINE
8
BLACK
6
CONTINUOUS
10
-1.9835788976377953
20
-0.2829152362204724
11
-1.9829910236220472
21
-0.2843344488188976
0
LINE
8
BLACK
6
CONTINUOUS
10
-1.9829910236220472
20
-0.2843344488188976
11
-1.9829910236220472
21
-0.2858705905511811
0
LINE
8
BLACK
6
CONTINUOUS
10
-1.9829910236220472
20
-0.2858705905511811
11
-1.9835788976377953
21
-0.2872898031496063
0
LINE
8
BLACK
6
CONTINUOUS
10
-1.9835788976377953
20
-0.2872898031496063
11
-1.9846651181102362
21
-0.2883760236220472
0
LINE
8
BLACK
6
CONTINUOUS
10
-1.9846651181102362
20
-0.2883760236220472
11
-1.9860843307086613
21
-0.2889638976377953
0
LINE
8
BLACK
6
CONTINUOUS
10
-1.9860843307086613
20
-0.2889638976377953
11
-1.986852401574803
21
-0.2890395275590551
0
LINE
8
BLACK
6
CONTINUOUS
10
-1.986852401574803
20
-0.2890395275590551
11
-2.0076614173228347
21
-0.2890395275590551
0
LINE
8
BLACK
6
CONTINUOUS
10
-2.0076614173228347
20
-0.2890395275590551
11
-2.0089050393700787
21
-0.3014758661417323
0
LINE
8
BLACK
6
CONTINUOUS
10
-2.0089050393700787
20
-0.3014758661417323
11
-2.0081106299212599
21
-0.3010787007874016
0
LINE
8
BLACK
6
CONTINUOUS
10
-2.0081106299212599
20
-0.3010787007874016
11
-2.007389842519685
21
-0.300802874015748
0
LINE
8
BLACK
6
CONTINUOUS
10
-2.007389842519685
20
-0.300802874015748
11
-2.0072487795275591
21
-0.3007928346456693
0
LINE
8
BLACK
6
CONTINUOUS
10
-2.0072487795275591
20
-0.3007928346456693
11
-2.0071180314960628
21
-0.3007387007874016
0
LINE
8
BLACK
6
CONTINUOUS
10
-2.0071180314960628
20
-0.3007387007874016
11
-2.0063499606299211
21
-0.3006630708661417
0
LINE
8
BLACK
6
CONTINUOUS
10
-2.0063499606299211
20
-0.3006630708661417
11
-1.9941639763779526
21
-0.3006630708661417
0
LINE
8
BLACK
6
CONTINUOUS
10
-1.9941639763779526
20
-0.3006630708661417
11
-1.9933959055118109
21
-0.3007387007874016
0
LINE
8
BLACK
6
CONTINUOUS
10
-1.9933959055118109
20
-0.3007387007874016
11
-1.9932651968503936
21
-0.3007928346456693
0
LINE
8
BLACK
6
CONTINUOUS
10
-1.9932651968503936
20
-0.3007928346456693
11
-1.9931240944881889
21
-0.300802874015748
0
LINE
8
BLACK
6
CONTINUOUS
10
-1.9931240944881889
20
-0.300802874015748
11
-1.9924032677165353
21
-0.3010787007874016
0
LINE
8
BLACK
6
CONTINUOUS
10
-1.9924032677165353
20
-0.3010787007874016
11
-1.9875288976377952
21
-0.303515905511811
0
LINE
8
BLACK
6
CONTINUOUS
10
-1.9875288976377952
20
-0.303515905511811
11
-1.9871982677165354
21
-0.3037240157480315
0
LINE
8
BLACK
6
CONTINUOUS
10
-1.9871982677165354
20
-0.3037240157480315
11
-1.9871023228346456
21
-0.3037637795275591
0
LINE
8
BLACK
6
CONTINUOUS
10
-1.9871023228346456
20
-0.3037637795275591
11
-1.9869943307086613
21
-0.3038524015748031
0
LINE
8
BLACK
6
CONTINUOUS
10
-1.9869943307086613
20
-0.3038524015748031
11
-1.986875748031496
21
-0.3039270472440945
0
LINE
8
BLACK
6
CONTINUOUS
10
-1.986875748031496
20
-0.3039270472440945
11
-1.986807559055118
21
-0.3040056692913386
0
LINE
8
BLACK
6
CONTINUOUS
10
-1.986807559055118
20
-0.3040056692913386
11
-1.9865057086614173
21
-0.3042533858267716
0
LINE
8
BLACK
6
CONTINUOUS
10
-1.9865057086614173
20
-0.3042533858267716
11
-1.9840685039370078
21
-0.3066905905511811
0
LINE
8
BLACK
6
CONTINUOUS
10
-1.9840685039370078
20
-0.3066905905511811
11
-1.9838208267716535
21
-0.3069924015748031
0
LINE
8
BLACK
6
CONTINUOUS
10
-1.9838208267716535
20
-0.3069924015748031
11
-1.9837421653543306
21
-0.3070606299212598
0
LINE
8
BLACK
6
CONTINUOUS
10
-1.9837421653543306
20
-0.3070606299212598
11
-1.983667559055118
21
-0.3071791732283464
0
LINE
8
BLACK
6
CONTINUOUS
10
-1.983667559055118
20
-0.3071791732283464
11
-1.9835788976377953
21
-0.3072872047244095
0
LINE
8
BLACK
6
CONTINUOUS
10
-1.9835788976377953
20
-0.3072872047244095
11
-1.9835391732283465
21
-0.3073831102362204
0
LINE
8
BLACK
6
CONTINUOUS
10
-1.9835391732283465
20
-0.3073831102362204
11
-1.9833310236220472
21
-0.3077137795275591
0
LINE
8
BLACK
6
CONTINUOUS
10
-1.9833310236220472
20
-0.3077137795275591
11
-1.9808938188976377
21
-0.3125881496062992
0
LINE
8
BLACK
6
CONTINUOUS
10
-1.9808938188976377
20
-0.3125881496062992
11
-1.9806179921259841
21
-0.3133089763779527
0
LINE
8
BLACK
6
CONTINUOUS
10
-1.9806179921259841
20
-0.3133089763779527
11
-1.9806079921259843
21
-0.3134500393700788
0
LINE
8
BLACK
6
CONTINUOUS
10
-1.9806079921259843
20
-0.3134500393700788
11
-1.9805538188976377
21
-0.3135807874015748
0
LINE
8
BLACK
6
CONTINUOUS
10
-1.9805538188976377
20
-0.3135807874015748
11
-1.9804781889763778
21
-0.3143488582677165
0
LINE
8
BLACK
6
CONTINUOUS
10
-1.9804781889763778
20
-0.3143488582677165
11
-1.9804781889763778
21
-0.326534842519685
0
LINE
8
BLACK
6
CONTINUOUS
10
-1.9804781889763778
20
-0.326534842519685
11
-1.9805538188976377
21
-0.3273029133858268
0
LINE
8
BLACK
6
CONTINUOUS
10
-1.9805538188976377
20
-0.3273029133858268
11
-1.9806079921259843
21
-0.3274336220472441
0
LINE
8
BLACK
6
CONTINUOUS
10
-1.9806079921259843
20
-0.3274336220472441
11
-1.9806179921259841
21
-0.3275747244094488
0
LINE
8
BLACK
6
CONTINUOUS
10
-1.9806179921259841
20
-0.3275747244094488
11
-1.9808938188976377
21
-0.3282955118110236
0
LINE
8
BLACK
6
CONTINUOUS
10
-1.9808938188976377
20
-0.3282955118110236
11
-1.9833310236220472
21
-0.3331699212598425
0
LINE
8
BLACK
6
CONTINUOUS
10
-1.9833310236220472
20
-0.3331699212598425
11
-1.9835391732283465
21
-0.3335005511811023
0
LINE
8
BLACK
6
CONTINUOUS
10
-1.9835391732283465
20
-0.3335005511811023
11
-1.9835788976377953
21
-0.3335965354330709
0
LINE
8
BLACK
6
CONTINUOUS
10
-1.9835788976377953
20
-0.3335965354330709
11
-1.983667559055118
21
-0.3337045275590551
0
LINE
8
BLACK
6
CONTINUOUS
10
-1.983667559055118
20
-0.3337045275590551
11
-1.9837421653543306
21
-0.3338231102362205
0
LINE
8
BLACK
6
CONTINUOUS
10
-1.9837421653543306
20
-0.3338231102362205
11
-1.9838208267716535
21
-0.3338912992125984
0
LINE
8
BLACK
6
CONTINUOUS
10
-1.9838208267716535
20
-0.3338912992125984
11
-1.9840685039370078
21
-0.3341931496062992
0
LINE
8
BLACK
6
CONTINUOUS
10
-1.9840685039370078
20
-0.3341931496062992
11
-1.9865057086614173
21
-0.3366303543307086
0
LINE
8
BLACK
6
CONTINUOUS
10
-1.9865057086614173
20
-0.3366303543307086
11
-1.9868076771653542
21
-0.3368781496062992
0
LINE
8
BLACK
6
CONTINUOUS
10
-1.9868076771653542
20
-0.3368781496062992
11
-1.9868757874015748
21
-0.3369566929133858
0
LINE
8
BLACK
6
CONTINUOUS
10
-1.9868757874015748
20
-0.3369566929133858
11
-1.9869942125984252
21
-0.3370312204724409
0
LINE
8
BLACK
6
CONTINUOUS
10
-1.9869942125984252
20
-0.3370312204724409
11
-1.9871023228346456
21
-0.3371199606299213
0
LINE
8
BLACK
6
CONTINUOUS
10
-1.9871023228346456
20
-0.3371199606299213
11
-1.9871983858267717
21
-0.3371597244094488
0
LINE
8
BLACK
6
CONTINUOUS
10
-1.9871983858267717
20
-0.3371597244094488
11
-1.9875289370078739
21
-0.3373678346456693
0
LINE
8
BLACK
6
CONTINUOUS
10
-1.9875289370078739
20
-0.3373678346456693
11
-1.9924033070866141
21
-0.339805
0
LINE
8
BLACK
6
CONTINUOUS
10
-1.9924033070866141
20
-0.339805
11
-1.9931240944881889
21
-0.3400808267716535
0
LINE
8
BLACK
6
CONTINUOUS
10
-1.9931240944881889
20
-0.3400808267716535
11
-1.9932651968503936
21
-0.3400908267716535
0
LINE
8
BLACK
6
CONTINUOUS
10
-1.9932651968503936
20
-0.3400908267716535
11
-1.9933959055118109
21
-0.340145
0
LINE
8
BLACK
6
CONTINUOUS
10
-1.9933959055118109
20
-0.340145
11
-1.9941639763779526
21
-0.3402206299212598
0
LINE
8
BLACK
6
CONTINUOUS
10
-1.9941639763779526
20
-0.3402206299212598
11
-2.0063499606299211
21
-0.3402206299212598
0
LINE
8
BLACK
6
CONTINUOUS
10
-2.0063499606299211
20
-0.3402206299212598
11
-2.0071180314960628
21
-0.340145
0
LINE
8
BLACK
6
CONTINUOUS
10
-2.0071180314960628
20
-0.340145
11
-2.0072487795275591
21
-0.3400908267716535
0
LINE
8
BLACK
6
CONTINUOUS
10
-2.0072487795275591
20
-0.3400908267716535
11
-2.007389842519685
21
-0.3400808267716535
0
LINE
8
BLACK
6
CONTINUOUS
10
-2.007389842519685
20
-0.3400808267716535
11
-2.0081106299212599
21
-0.339805
0
LINE
8
BLACK
6
CONTINUOUS
10
-2.0081106299212599
20
-0.339805
11
-2.0129850393700788
21
-0.3373678346456693
0
LINE
8
BLACK
6
CONTINUOUS
10
-2.0129850393700788
20
-0.3373678346456693
11
-2.0133155905511813
21
-0.3371597637795276
0
LINE
8
BLACK
6
CONTINUOUS
10
-2.0133155905511813
20
-0.3371597637795276
11
-2.0134116929133858
21
-0.3371199606299213
0
LINE
8
BLACK
6
CONTINUOUS
10
-2.0134116929133858
20
-0.3371199606299213
11
-2.0135198818897639
21
-0.3370311417322834
0
LINE
8
BLACK
6
CONTINUOUS
10
-2.0135198818897639
20
-0.3370311417322834
11
-2.0136381889763779
21
-0.3369566929133858
0
LINE
8
BLACK
6
CONTINUOUS
10
-2.0136381889763779
20
-0.3369566929133858
11
-2.013706338582677
21
-0.3368781102362204
0
LINE
8
BLACK
6
CONTINUOUS
10
-2.013706338582677
20
-0.3368781102362204
11
-2.0140082677165352
21
-0.3366303149606299
0
LINE
8
BLACK
6
CONTINUOUS
10
-2.0140082677165352
20
-0.3366303149606299
11
-2.0164454330708659
21
-0.3341931102362204
0
LINE
8
BLACK
6
CONTINUOUS
10
-2.0164454330708659
20
-0.3341931102362204
11
-2.0169350787401576
21
-0.3335965354330709
0
LINE
8
BLACK
6
CONTINUOUS
10
-2.0169350787401576
20
-0.3335965354330709
11
-2.0175229133858266
21
-0.3321772834645669
0
LINE
8
BLACK
6
CONTINUOUS
10
-2.0175229133858266
20
-0.3321772834645669
11
-2.0175228740157478
21
-0.3306411417322835
0
LINE
8
BLACK
6
CONTINUOUS
10
-2.0175228740157478
20
-0.3306411417322835
11
-2.0169350393700789
21
-0.3292219291338583
0
LINE
8
BLACK
6
CONTINUOUS
10
-2.0169350393700789
20
-0.3292219291338583
11
-2.0158488188976378
21
-0.3281357086614173
0
LINE
8
BLACK
6
CONTINUOUS
10
-2.0158488188976378
20
-0.3281357086614173
11
-2.0144295669291337
21
-0.327547874015748
0
LINE
8
BLACK
6
CONTINUOUS
10
-2.0144295669291337
20
-0.327547874015748
11
-2.0128934251968502
21
-0.3275479133858268
0
LINE
8
BLACK
6
CONTINUOUS
10
-2.0128934251968502
20
-0.3275479133858268
11
-2.0114742125984253
21
-0.328135748031496
0
LINE
8
BLACK
6
CONTINUOUS
10
-2.0114742125984253
20
-0.328135748031496
11
-2.0108776377952755
21
-0.3286253937007874
0
LINE
8
BLACK
6
CONTINUOUS
10
-2.0108776377952755
20
-0.3286253937007874
11
-2.0088922834645668
21
-0.3306107874015748
0
LINE
8
BLACK
6
CONTINUOUS
10
-2.0088922834645668
20
-0.3306107874015748
11
-2.0054205905511813
21
-0.3323466141732284
0
LINE
8
BLACK
6
CONTINUOUS
10
-2.0054205905511813
20
-0.3323466141732284
11
-1.9950933858267716
21
-0.3323466141732284
0
LINE
8
BLACK
6
CONTINUOUS
10
-1.9950933858267716
20
-0.3323466141732284
11
-1.9916217716535434
21
-0.3306107874015748
0
LINE
8
BLACK
6
CONTINUOUS
10
-1.9916217716535434
20
-0.3306107874015748
11
-1.9900880708661417
21
-0.3290770866141732
0
LINE
8
BLACK
6
CONTINUOUS
10
-1.9900880708661417
20
-0.3290770866141732
11
-1.9883522047244093
21
-0.3256053937007874
0
LINE
8
BLACK
6
CONTINUOUS
10
-1.9883522047244093
20
-0.3256053937007874
11
-1.9883522047244093
21
-0.3152783070866141
0
LINE
8
BLACK
6
CONTINUOUS
10
-1.9883522047244093
20
-0.3152783070866141
11
-1.9900880708661417
21
-0.3118066141732284
0
LINE
8
BLACK
6
CONTINUOUS
10
-1.9900880708661417
20
-0.3118066141732284
11
-1.9916217716535434
21
-0.3102729133858267
0
LINE
8
BLACK
6
CONTINUOUS
10
-1.9916217716535434
20
-0.3102729133858267
11
-1.9950934251968504
21
-0.3085370866141732
0
LINE
8
BLACK
6
CONTINUOUS
10
-1.9950934251968504
20
-0.3085370866141732
11
-2.0054205118110238
21
-0.3085370866141732
0
LINE
8
BLACK
6
CONTINUOUS
10
-2.0054205118110238
20
-0.3085370866141732
11
-2.0088922834645668
21
-0.3102729133858267
0
LINE
8
BLACK
6
CONTINUOUS
10
-2.0088922834645668
20
-0.3102729133858267
11
-2.0108776377952755
21
-0.3122583464566929
0
LINE
8
BLACK
6
CONTINUOUS
10
-2.0108776377952755
20
-0.3122583464566929
11
-2.0114742125984253
21
-0.3127479921259843
0
LINE
8
BLACK
6
CONTINUOUS
10
-2.0114742125984253
20
-0.3127479921259843
11
-2.0116574803149607
21
-0.3128238582677165
0
LINE
8
BLACK
6
CONTINUOUS
10
-2.0116574803149607
20
-0.3128238582677165
11
-2.0118108267716535
21
-0.3129493700787401
0
LINE
8
BLACK
6
CONTINUOUS
10
-2.0118108267716535
20
-0.3129493700787401
11
-2.0123616929133856
21
-0.3131155511811023
0
LINE
8
BLACK
6
CONTINUOUS
10
-2.0123616929133856
20
-0.3131155511811023
11
-2.0128934251968502
21
-0.3133358267716536
0
LINE
8
BLACK
6
CONTINUOUS
10
-2.0128934251968502
20
-0.3133358267716536
11
-2.013091692913386
21
-0.3133358267716536
0
LINE
8
BLACK
6
CONTINUOUS
10
-2.013091692913386
20
-0.3133358267716536
11
-2.0132814960629921
21
-0.3133931102362205
0
LINE
8
BLACK
6
CONTINUOUS
10
-2.0132814960629921
20
-0.3133931102362205
11
-2.0138541732283466
21
-0.3133358267716536
0
LINE
8
BLACK
6
CONTINUOUS
10
-2.0138541732283466
20
-0.3133358267716536
11
-2.0144295669291337
21
-0.3133358661417323
0
LINE
8
BLACK
6
CONTINUOUS
10
-2.0144295669291337
20
-0.3133358661417323
11
-2.0146127559055116
21
-0.3132599606299212
0
LINE
8
BLACK
6
CONTINUOUS
10
-2.0146127559055116
20
-0.3132599606299212
11
-2.0148099999999998
21
-0.3132402755905512
0
LINE
8
BLACK
6
CONTINUOUS
10
-2.0148099999999998
20
-0.3132402755905512
11
-2.0153170078740157
21
-0.3129683070866142
0
LINE
8
BLACK
6
CONTINUOUS
10
-2.0153170078740157
20
-0.3129683070866142
11
-2.0158488188976378
21
-0.312748031496063
0
LINE
8
BLACK
6
CONTINUOUS
10
-2.0158488188976378
20
-0.312748031496063
11
-2.0159890944881891
21
-0.3126077559055118
0
LINE
8
BLACK
6
CONTINUOUS
10
-2.0159890944881891
20
-0.3126077559055118
11
-2.0161637007874016
21
-0.312514094488189
0
LINE
8
BLACK
6
CONTINUOUS
10
-2.0161637007874016
20
-0.312514094488189
11
-2.0165279527559057
21
-0.3120688976377953
0
LINE
8
BLACK
6
CONTINUOUS
10
-2.0165279527559057
20
-0.3120688976377953
11
-2.0169350393700789
21
-0.3116618110236221
0
LINE
8
BLACK
6
CONTINUOUS
10
-2.0169350393700789
20
-0.3116618110236221
11
-2.0170109448818896
21
-0.3114785433070866
0
LINE
8
BLACK
6
CONTINUOUS
10
-2.0170109448818896
20
-0.3114785433070866
11
-2.0171364173228348
21
-0.3113251968503937
0
LINE
8
BLACK
6
CONTINUOUS
10
-2.0171364173228348
20
-0.3113251968503937
11
-2.0173026377952756
21
-0.3107743307086614
0
LINE
8
BLACK
6
CONTINUOUS
10
-2.0173026377952756
20
-0.3107743307086614
11
-2.0175228740157478
21
-0.3102425984251969
0
LINE
8
BLACK
6
CONTINUOUS
10
-2.0175228740157478
20
-0.3102425984251969
11
-2.0175229133858266
21
-0.3100443307086614
0
LINE
8
BLACK
6
CONTINUOUS
10
-2.0175229133858266
20
-0.3100443307086614
11
-2.0175801574803147
21
-0.3098545275590551
0
LINE
8
BLACK
6
CONTINUOUS
10
-2.0175801574803147
20
-0.3098545275590551
11
-2.0175790157480313
21
-0.3090827559055118
0
LINE
8
BLACK
6
CONTINUOUS
10
-2.0175790157480313
20
-0.3090827559055118
11
-2.0151418503937006
21
-0.2847107874015748
0
LINE
8
BLACK
6
CONTINUOUS
10
-2.0151418503937006
20
-0.2847107874015748
11
-2.0150857480314959
21
-0.284430905511811
0
LINE
8
BLACK
6
CONTINUOUS
10
-2.0150857480314959
20
-0.284430905511811
11
-2.0150857480314959
21
-0.2843344488188976
0
LINE
8
BLACK
6
CONTINUOUS
10
-2.0150857480314959
20
-0.2843344488188976
11
-2.0150483070866141
21
-0.2842439763779527
0
LINE
8
BLACK
6
CONTINUOUS
10
-2.0150483070866141
20
-0.2842439763779527
11
-2.0149901574803151
21
-0.2839540551181102
0
LINE
8
BLACK
6
CONTINUOUS
10
-2.0149901574803151
20
-0.2839540551181102
11
-2.0147181496062991
21
-0.283446968503937
0
LINE
8
BLACK
6
CONTINUOUS
10
-2.0147181496062991
20
-0.283446968503937
11
-2.0144978740157482
21
-0.2829152362204724
0
LINE
8
BLACK
6
CONTINUOUS
10
-2.0144978740157482
20
-0.2829152362204724
11
-2.0143576771653544
21
-0.282775
0
LINE
8
BLACK
6
CONTINUOUS
10
-2.0143576771653544
20
-0.282775
11
-2.0142639763779528
21
-0.2826003937007874
0
LINE
8
BLACK
6
CONTINUOUS
10
-2.0142639763779528
20
-0.2826003937007874
11
-2.0138187401574803
21
-0.282236062992126
0
LINE
8
BLACK
6
CONTINUOUS
10
-2.0138187401574803
20
-0.282236062992126
11
-2.0134116535433071
21
-0.2818290157480315
0
LINE
8
BLACK
6
CONTINUOUS
10
-2.0134116535433071
20
-0.2818290157480315
11
-2.0132284645669292
21
-0.2817531102362205
0
LINE
8
BLACK
6
CONTINUOUS
10
-2.0132284645669292
20
-0.2817531102362205
11
-2.0130750787401572
21
-0.2816276377952756
0
LINE
8
BLACK
6
CONTINUOUS
10
-2.0130750787401572
20
-0.2816276377952756
11
-2.0125243307086613
21
-0.2814614566929134
0
LINE
8
BLACK
6
CONTINUOUS
10
-2.0125243307086613
20
-0.2814614566929134
11
-2.0119924409448817
21
-0.2812411417322835
0
LINE
8
BLACK
6
CONTINUOUS
10
-2.0119924409448817
20
-0.2812411417322835
11
-2.0116980708661418
21
-0.2812121259842519
0
LINE
8
BLACK
6
CONTINUOUS
10
-2.0116980708661418
20
-0.2812121259842519
11
-2.011604409448819
21
-0.2811838976377953
0
LINE
8
BLACK
6
CONTINUOUS
10
-2.011604409448819
20
-0.2811838976377953
11
-2.0115085039370078
21
-0.2811934645669291
0
LINE
8
BLACK
6
CONTINUOUS
10
-2.0115085039370078
20
-0.2811934645669291
11
-2.01122437007874
21
-0.2811655118110236
0
LINE
8
BLACK
6
CONTINUOUS
10
-2.01122437007874
20
-0.2811655118110236
11
-1.986852401574803
21
-0.2811655118110236
0
LINE
8
BLACK
6
CONTINUOUS
10
-1.986852401574803
20
-0.2811655118110236
11
-1.9860843307086613
21
-0.2812411417322835
0
LINE
8
BLACK
6
CONTINUOUS
10
-1.8713486614173227
20
-0.2812411417322835
11
-1.8712179527559054
21
-0.2812952755905512
0
LINE
8
BLACK
6
CONTINUOUS
10
-1.8712179527559054
20
-0.2812952755905512
11
-1.8710768503937008
21
-0.2813053149606299
0
LINE
8
BLACK
6
CONTINUOUS
10
-1.8710768503937008
20
-0.2813053149606299
11
-1.8703560236220471
21
-0.2815811417322834
0
LINE
8
BLACK
6
CONTINUOUS
10
-1.8703560236220471
20
-0.2815811417322834
11
-1.865481653543307
21
-0.2840183464566929
0
LINE
8
BLACK
6
CONTINUOUS
10
-1.865481653543307
20
-0.2840183464566929
11
-1.8651510236220472
21
-0.2842264566929134
0
LINE
8
BLACK
6
CONTINUOUS
10
-1.8651510236220472
20
-0.2842264566929134
11
-1.8650550787401574
21
-0.2842662204724409
0
LINE
8
BLACK
6
CONTINUOUS
10
-1.8650550787401574
20
-0.2842662204724409
11
-1.8649470866141731
21
-0.284354842519685
0
LINE
8
BLACK
6
CONTINUOUS
10
-1.8649470866141731
20
-0.284354842519685
11
-1.8648285039370078
21
-0.2844294881889764
0
LINE
8
BLACK
6
CONTINUOUS
10
-1.8648285039370078
20
-0.2844294881889764
11
-1.8647603149606298
21
-0.2845081102362205
0
LINE
8
BLACK
6
CONTINUOUS
10
-1.8647603149606298
20
-0.2845081102362205
11
-1.8644584645669291
21
-0.2847558267716536
0
LINE
8
BLACK
6
CONTINUOUS
10
-1.8644584645669291
20
-0.2847558267716536
11
-1.8620212598425196
21
-0.287193031496063
0
LINE
8
BLACK
6
CONTINUOUS
10
-1.8620212598425196
20
-0.287193031496063
11
-1.8617735826771653
21
-0.287494842519685
0
LINE
8
BLACK
6
CONTINUOUS
10
-1.8617735826771653
20
-0.287494842519685
11
-1.8616949212598424
21
-0.2875630708661417
0
LINE
8
BLACK
6
CONTINUOUS
10
-1.8616949212598424
20
-0.2875630708661417
11
-1.8616203149606299
21
-0.2876816141732284
0
LINE
8
BLACK
6
CONTINUOUS
10
-1.8616203149606299
20
-0.2876816141732284
11
-1.8615316535433071
21
-0.2877896456692913
0
LINE
8
BLACK
6
CONTINUOUS
10
-1.8615316535433071
20
-0.2877896456692913
11
-1.8614919291338583
21
-0.2878855511811024
0
LINE
8
BLACK
6
CONTINUOUS
10
-1.8614919291338583
20
-0.2878855511811024
11
-1.861283779527559
21
-0.2882162204724409
0
LINE
8
BLACK
6
CONTINUOUS
10
-1.861283779527559
20
-0.2882162204724409
11
-1.8588465748031495
21
-0.2930905905511811
0
LINE
8
BLACK
6
CONTINUOUS
10
-1.8588465748031495
20
-0.2930905905511811
11
-1.8585707480314959
21
-0.2938114173228346
0
LINE
8
BLACK
6
CONTINUOUS
10
-1.8585707480314959
20
-0.2938114173228346
11
-1.8585607480314961
21
-0.2939524803149606
0
LINE
8
BLACK
6
CONTINUOUS
10
-1.8585607480314961
20
-0.2939524803149606
11
-1.8585065748031495
21
-0.2940832283464567
0
LINE
8
BLACK
6
CONTINUOUS
10
-1.8585065748031495
20
-0.2940832283464567
11
-1.8584309448818896
21
-0.2948512992125984
0
LINE
8
BLACK
6
CONTINUOUS
10
-1.8584309448818896
20
-0.2948512992125984
11
-1.8584309448818896
21
-0.2997257086614173
0
LINE
8
BLACK
6
CONTINUOUS
10
-1.8584309448818896
20
-0.2997257086614173
11
-1.8585065748031495
21
-0.3004937795275591
0
LINE
8
BLACK
6
CONTINUOUS
10
-1.8585065748031495
20
-0.3004937795275591
11
-1.8585607480314961
21
-0.3006244881889764
0
LINE
8
BLACK
6
CONTINUOUS
10
-1.8585607480314961
20
-0.3006244881889764
11
-1.8585707480314959
21
-0.3007655905511811
0
LINE
8
BLACK
6
CONTINUOUS
10
-1.8585707480314959
20
-0.3007655905511811
11
-1.8588465748031495
21
-0.3014864173228347
0
LINE
8
BLACK
6
CONTINUOUS
10
-1.8588465748031495
20
-0.3014864173228347
11
-1.861283779527559
21
-0.3063607874015748
0
LINE
8
BLACK
6
CONTINUOUS
10
-1.861283779527559
20
-0.3063607874015748
11
-1.8614919291338583
21
-0.3066914173228346
0
LINE
8
BLACK
6
CONTINUOUS
10
-1.8614919291338583
20
-0.3066914173228346
11
-1.8615316535433071
21
-0.3067873622047244
0
LINE
8
BLACK
6
CONTINUOUS
10
-1.8615316535433071
20
-0.3067873622047244
11
-1.8616203149606299
21
-0.3068953543307086
0
LINE
8
BLACK
6
CONTINUOUS
10
-1.8616203149606299
20
-0.3068953543307086
11
-1.8616949212598424
21
-0.307013937007874
0
LINE
8
BLACK
6
CONTINUOUS
10
-1.8616949212598424
20
-0.307013937007874
11
-1.8617735826771653
21
-0.3070821259842519
0
LINE
8
BLACK
6
CONTINUOUS
10
-1.8617735826771653
20
-0.3070821259842519
11
-1.8620212598425196
21
-0.3073839763779527
0
LINE
8
BLACK
6
CONTINUOUS
10
-1.8620212598425196
20
-0.3073839763779527
11
-1.8630443307086613
21
-0.3084070078740158
0
LINE
8
BLACK
6
CONTINUOUS
10
-1.8630443307086613
20
-0.3084070078740158
11
-1.8628554330708662
21
-0.3084913779527559
0
LINE
8
BLACK
6
CONTINUOUS
10
-1.8628554330708662
20
-0.3084913779527559
11
-1.8627487007874015
21
-0.3085839763779528
0
LINE
8
BLACK
6
CONTINUOUS
10
-1.8627487007874015
20
-0.3085839763779528
11
-1.862617874015748
21
-0.3086381496062992
0
LINE
8
BLACK
6
CONTINUOUS
10
-1.862617874015748
20
-0.3086381496062992
11
-1.8620212992125984
21
-0.3091277952755905
0
LINE
8
BLACK
6
CONTINUOUS
10
-1.8620212992125984
20
-0.3091277952755905
11
-1.859584094488189
21
-0.3115649606299212
0
LINE
8
BLACK
6
CONTINUOUS
10
-1.859584094488189
20
-0.3115649606299212
11
-1.8593362992125984
21
-0.3118668897637795
0
LINE
8
BLACK
6
CONTINUOUS
10
-1.8593362992125984
20
-0.3118668897637795
11
-1.8592577165354329
21
-0.3119350393700787
0
LINE
8
BLACK
6
CONTINUOUS
10
-1.8592577165354329
20
-0.3119350393700787
11
-1.8591832677165354
21
-0.3120533464566929
0
LINE
8
BLACK
6
CONTINUOUS
10
-1.8591832677165354
20
-0.3120533464566929
11
-1.8590944488188976
21
-0.3121615354330708
0
LINE
8
BLACK
6
CONTINUOUS
10
-1.8590944488188976
20
-0.3121615354330708
11
-1.8590546456692914
21
-0.3122576377952756
0
LINE
8
BLACK
6
CONTINUOUS
10
-1.8590546456692914
20
-0.3122576377952756
11
-1.8588465748031495
21
-0.312588188976378
0
LINE
8
BLACK
6
CONTINUOUS
10
-1.8588465748031495
20
-0.312588188976378
11
-1.8564094094488188
21
-0.3174625984251969
0
LINE
8
BLACK
6
CONTINUOUS
10
-1.8564094094488188
20
-0.3174625984251969
11
-1.8561335826771652
21
-0.3181833858267716
0
LINE
8
BLACK
6
CONTINUOUS
10
-1.8561335826771652
20
-0.3181833858267716
11
-1.8561235826771654
21
-0.3183244488188977
0
LINE
8
BLACK
6
CONTINUOUS
10
-1.8561235826771654
20
-0.3183244488188977
11
-1.8560694094488188
21
-0.3184551968503937
0
LINE
8
BLACK
6
CONTINUOUS
10
-1.8560694094488188
20
-0.3184551968503937
11
-1.855993779527559
21
-0.3192232677165354
0
LINE
8
BLACK
6
CONTINUOUS
10
-1.855993779527559
20
-0.3192232677165354
11
-1.855993779527559
21
-0.326534842519685
0
LINE
8
BLACK
6
CONTINUOUS
10
-1.855993779527559
20
-0.326534842519685
11
-1.8560694094488188
21
-0.3273029133858268
0
LINE
8
BLACK
6
CONTINUOUS
10
-1.8560694094488188
20
-0.3273029133858268
11
-1.8561235826771654
21
-0.3274336220472441
0
LINE
8
BLACK
6
CONTINUOUS
10
-1.8561235826771654
20
-0.3274336220472441
11
-1.8561335826771652
21
-0.3275747244094488
0
LINE
8
BLACK
6
CONTINUOUS
10
-1.8561335826771652
20
-0.3275747244094488
11
-1.8564094094488188
21
-0.3282955118110236
0
LINE
8
BLACK
6
CONTINUOUS
10
-1.8564094094488188
20
-0.3282955118110236
11
-1.8588465748031495
21
-0.3331699212598425
0
LINE
8
BLACK
6
CONTINUOUS
10
-1.8588465748031495
20
-0.3331699212598425
11
-1.8590546850393701
21
-0.3335004724409449
0
LINE
8
BLACK
6
CONTINUOUS
10
-1.8590546850393701
20
-0.3335004724409449
11
-1.8590944488188976
21
-0.3335965354330709
0
LINE
8
BLACK
6
CONTINUOUS
10
-1.8590944488188976
20
-0.3335965354330709
11
-1.8591831889763779
21
-0.3337046456692913
0
LINE
8
BLACK
6
CONTINUOUS
10
-1.8591831889763779
20
-0.3337046456692913
11
-1.8592577165354329
21
-0.3338230708661417
0
LINE
8
BLACK
6
CONTINUOUS
10
-1.8592577165354329
20
-0.3338230708661417
11
-1.8593362598425196
21
-0.3338911811023622
0
LINE
8
BLACK
6
CONTINUOUS
10
-1.8593362598425196
20
-0.3338911811023622
11
-1.8595840551181102
21
-0.3341931496062992
0
LINE
8
BLACK
6
CONTINUOUS
10
-1.8595840551181102
20
-0.3341931496062992
11
-1.8620212598425196
21
-0.3366303543307086
0
LINE
8
BLACK
6
CONTINUOUS
10
-1.8620212598425196
20
-0.3366303543307086
11
-1.8623232283464566
21
-0.3368781496062992
0
LINE
8
BLACK
6
CONTINUOUS
10
-1.8623232283464566
20
-0.3368781496062992
11
-1.8623913385826771
21
-0.3369566929133858
0
LINE
8
BLACK
6
CONTINUOUS
10
-1.8623913385826771
20
-0.3369566929133858
11
-1.8625097637795276
21
-0.3370311811023622
0
LINE
8
BLACK
6
CONTINUOUS
10
-1.8625097637795276
20
-0.3370311811023622
11
-1.862617874015748
21
-0.3371199606299213
0
LINE
8
BLACK
6
CONTINUOUS
10
-1.862617874015748
20
-0.3371199606299213
11
-1.8627139763779528
21
-0.3371597244094488
0
LINE
8
BLACK
6
CONTINUOUS
10
-1.8627139763779528
20
-0.3371597244094488
11
-1.863044527559055
21
-0.3373678346456693
0
LINE
8
BLACK
6
CONTINUOUS
10
-1.863044527559055
20
-0.3373678346456693
11
-1.8679188976377952
21
-0.339805
0
LINE
8
BLACK
6
CONTINUOUS
10
-1.8679188976377952
20
-0.339805
11
-1.8686397244094488
21
-0.3400808267716535
0
LINE
8
BLACK
6
CONTINUOUS
10
-1.8686397244094488
20
-0.3400808267716535
11
-1.8687807874015747
21
-0.3400908267716535
0
LINE
8
BLACK
6
CONTINUOUS
10
-1.8687807874015747
20
-0.3400908267716535
11
-1.868911496062992
21
-0.340145
0
LINE
8
BLACK
6
CONTINUOUS
10
-1.868911496062992
20
-0.340145
11
-1.8696795669291337
21
-0.3402206299212598
0
LINE
8
BLACK
6
CONTINUOUS
10
-1.8696795669291337
20
-0.3402206299212598
11
-1.889177125984252
21
-0.3402206299212598
0
LINE
8
BLACK
6
CONTINUOUS
10
-1.889177125984252
20
-0.3402206299212598
11
-1.8899451968503937
21
-0.340145
0
LINE
8
BLACK
6
CONTINUOUS
10
-1.8899451968503937
20
-0.340145
11
-1.8913644094488189
21
-0.339557125984252
0
LINE
8
BLACK
6
CONTINUOUS
10
-1.8913644094488189
20
-0.339557125984252
11
-1.8924506299212598
21
-0.338470905511811
0
LINE
8
BLACK
6
CONTINUOUS
10
-1.8924506299212598
20
-0.338470905511811
11
-1.8930385039370079
21
-0.3370516929133858
0
LINE
8
BLACK
6
CONTINUOUS
10
-1.8930385039370079
20
-0.3370516929133858
11
-1.8931141338582678
21
-0.3362836220472441
0
LINE
8
BLACK
6
CONTINUOUS
10
-1.8931141338582678
20
-0.3362836220472441
11
-1.8931141338582678
21
-0.2851025196850394
0
LINE
8
BLACK
6
CONTINUOUS
10
-1.8931141338582678
20
-0.2851025196850394
11
-1.8930385039370079
21
-0.2843344488188976
0
LINE
8
BLACK
6
CONTINUOUS
10
-1.8930385039370079
20
-0.2843344488188976
11
-1.8924506299212598
21
-0.2829152362204724
0
LINE
8
BLACK
6
CONTINUOUS
10
-1.8924506299212598
20
-0.2829152362204724
11
-1.8913644094488189
21
-0.2818290157480315
0
LINE
8
BLACK
6
CONTINUOUS
10
-1.8913644094488189
20
-0.2818290157480315
11
-1.8899451968503937
21
-0.2812411417322835
0
LINE
8
BLACK
6
CONTINUOUS
10
-1.8899451968503937
20
-0.2812411417322835
11
-1.889177125984252
21
-0.2811655118110236
0
LINE
8
BLACK
6
CONTINUOUS
10
-1.889177125984252
20
-0.2811655118110236
11
-1.8721167322834644
21
-0.2811655118110236
0
LINE
8
BLACK
6
CONTINUOUS
10
-1.8721167322834644
20
-0.2811655118110236
11
-1.8713486614173227
21
-0.2812411417322835
0
LINE
8
BLACK
6
CONTINUOUS
10
-1.8852401181102363
20
-0.3323466141732284
11
-1.8706089763779528
21
-0.3323466141732284
0
LINE
8
BLACK
6
CONTINUOUS
10
-1.8706089763779528
20
-0.3323466141732284
11
-1.8671373228346457
21
-0.3306107874015748
0
LINE
8
BLACK
6
CONTINUOUS
10
-1.8671373228346457
20
-0.3306107874015748
11
-1.8656036220472441
21
-0.3290770866141732
0
LINE
8
BLACK
6
CONTINUOUS
10
-1.8656036220472441
20
-0.3290770866141732
11
-1.8638677952755904
21
-0.3256054724409449
0
LINE
8
BLACK
6
CONTINUOUS
10
-1.8638677952755904
20
-0.3256054724409449
11
-1.8638677952755904
21
-0.3201525984251968
0
LINE
8
BLACK
6
CONTINUOUS
10
-1.8638677952755904
20
-0.3201525984251968
11
-1.8656036220472441
21
-0.3166809448818897
0
LINE
8
BLACK
6
CONTINUOUS
10
-1.8656036220472441
20
-0.3166809448818897
11
-1.8669318503937007
21
-0.3153527559055118
0
LINE
8
BLACK
6
CONTINUOUS
10
-1.8669318503937007
20
-0.3153527559055118
11
-1.872755590551181
21
-0.3134114960629921
0
LINE
8
BLACK
6
CONTINUOUS
10
-1.872755590551181
20
-0.3134114960629921
11
-1.8852401181102363
21
-0.3134114960629921
0
LINE
8
BLACK
6
CONTINUOUS
10
-1.8852401181102363
20
-0.3134114960629921
11
-1.8852401181102363
21
-0.3323466141732284
0
LINE
8
BLACK
6
CONTINUOUS
10
-1.8852401181102363
20
-0.3055374803149606
11
-1.8730461811023622
21
-0.3055374803149606
0
LINE
8
BLACK
6
CONTINUOUS
10
-1.8730461811023622
20
-0.3055374803149606
11
-1.8695745275590552
21
-0.3038016141732283
0
LINE
8
BLACK
6
CONTINUOUS
10
-1.8695745275590552
20
-0.3038016141732283
11
-1.8680408267716535
21
-0.3022679133858268
0
LINE
8
BLACK
6
CONTINUOUS
10
-1.8680408267716535
20
-0.3022679133858268
11
-1.8663049606299211
21
-0.2987962204724409
0
LINE
8
BLACK
6
CONTINUOUS
10
-1.8663049606299211
20
-0.2987962204724409
11
-1.8663049606299211
21
-0.2957807480314961
0
LINE
8
BLACK
6
CONTINUOUS
10
-1.8663049606299211
20
-0.2957807480314961
11
-1.8680408267716535
21
-0.2923090551181102
0
LINE
8
BLACK
6
CONTINUOUS
10
-1.8680408267716535
20
-0.2923090551181102
11
-1.8695745275590552
21
-0.2907753543307087
0
LINE
8
BLACK
6
CONTINUOUS
10
-1.8695745275590552
20
-0.2907753543307087
11
-1.8730461811023622
21
-0.2890395275590551
0
LINE
8
BLACK
6
CONTINUOUS
10
-1.8730461811023622
20
-0.2890395275590551
11
-1.8852401181102363
21
-0.2890395275590551
0
LINE
8
BLACK
6
CONTINUOUS
10
-1.8852401181102363
20
-0.2890395275590551
11
-1.8852401181102363
21
-0.3055374803149606
0
LINE
8
BLACK
6
CONTINUOUS
10
-1.8079816141732283
20
-0.2812411417322835
11
-1.8079590551181102
21
-0.2812504724409449
0
LINE
8
BLACK
6
CONTINUOUS
10
-1.8079590551181102
20
-0.2812504724409449
11
-1.8079345669291338
21
-0.2812507874015748
0
LINE
8
BLACK
6
CONTINUOUS
10
-1.8079345669291338
20
-0.2812507874015748
11
-1.8072487007874016
21
-0.2815447244094488
0
LINE
8
BLACK
6
CONTINUOUS
10
-1.8072487007874016
20
-0.2815447244094488
11
-1.8065624015748032
21
-0.2818290157480315
0
LINE
8
BLACK
6
CONTINUOUS
10
-1.8065624015748032
20
-0.2818290157480315
11
-1.8065451968503936
21
-0.281846220472441
0
LINE
8
BLACK
6
CONTINUOUS
10
-1.8065451968503936
20
-0.281846220472441
11
-1.8065226377952754
21
-0.281855905511811
0
LINE
8
BLACK
6
CONTINUOUS
10
-1.8065226377952754
20
-0.281855905511811
11
-1.8060013779527559
21
-0.2823900393700787
0
LINE
8
BLACK
6
CONTINUOUS
10
-1.8060013779527559
20
-0.2823900393700787
11
-1.8054761811023621
21
-0.2829152362204724
0
LINE
8
BLACK
6
CONTINUOUS
10
-1.8054761811023621
20
-0.2829152362204724
11
-1.8054668503937008
21
-0.2829377559055118
0
LINE
8
BLACK
6
CONTINUOUS
10
-1.8054668503937008
20
-0.2829377559055118
11
-1.8054497637795275
21
-0.2829552755905512
0
LINE
8
BLACK
6
CONTINUOUS
10
-1.8054497637795275
20
-0.2829552755905512
11
-1.8051734251968503
21
-0.2836461417322835
0
LINE
8
BLACK
6
CONTINUOUS
10
-1.8051734251968503
20
-0.2836461417322835
11
-1.8048883070866142
21
-0.2843344488188976
0
LINE
8
BLACK
6
CONTINUOUS
10
-1.8048883070866142
20
-0.2843344488188976
11
-1.8048883070866142
21
-0.2843588976377953
0
LINE
8
BLACK
6
CONTINUOUS
10
-1.8048883070866142
20
-0.2843588976377953
11
-1.804879251968504
21
-0.2843815748031496
0
LINE
8
BLACK
6
CONTINUOUS
10
-1.804879251968504
20
-0.2843815748031496
11
-1.8048883070866142
21
-0.2851253149606299
0
LINE
8
BLACK
6
CONTINUOUS
10
-1.8048883070866142
20
-0.2851253149606299
11
-1.8048883070866142
21
-0.2858705905511811
0
LINE
8
BLACK
6
CONTINUOUS
10
-1.8048883070866142
20
-0.2858705905511811
11
-1.8048976771653542
21
-0.2858931496062992
0
LINE
8
BLACK
6
CONTINUOUS
10
-1.8048976771653542
20
-0.2858931496062992
11
-1.8048979527559055
21
-0.2859175984251968
0
LINE
8
BLACK
6
CONTINUOUS
10
-1.8048979527559055
20
-0.2859175984251968
11
-1.8051309842519685
21
-0.2866533464566929
0
LINE
8
BLACK
6
CONTINUOUS
10
-1.8051309842519685
20
-0.2866533464566929
11
-1.8270657086614173
21
-0.3378344881889764
0
LINE
8
BLACK
6
CONTINUOUS
10
-1.8270657086614173
20
-0.3378344881889764
11
-1.8274377952755905
21
-0.3385106692913386
0
LINE
8
BLACK
6
CONTINUOUS
10
-1.8274377952755905
20
-0.3385106692913386
11
-1.8285372047244095
21
-0.3395835433070866
0
LINE
8
BLACK
6
CONTINUOUS
10
-1.8285372047244095
20
-0.3395835433070866
11
-1.8299634645669292
21
-0.3401540551181103
0
LINE
8
BLACK
6
CONTINUOUS
10
-1.8299634645669292
20
-0.3401540551181103
11
-1.8314995275590551
21
-0.3401353543307086
0
LINE
8
BLACK
6
CONTINUOUS
10
-1.8314995275590551
20
-0.3401353543307086
11
-1.8329114566929134
21
-0.3395302362204725
0
LINE
8
BLACK
6
CONTINUOUS
10
-1.8329114566929134
20
-0.3395302362204725
11
-1.8339843307086614
21
-0.3384308267716535
0
LINE
8
BLACK
6
CONTINUOUS
10
-1.8339843307086614
20
-0.3384308267716535
11
-1.8345548425196849
21
-0.3370045669291338
0
LINE
8
BLACK
6
CONTINUOUS
10
-1.8345548425196849
20
-0.3370045669291338
11
-1.8345361417322834
21
-0.3354685039370079
0
LINE
8
BLACK
6
CONTINUOUS
10
-1.8345361417322834
20
-0.3354685039370079
11
-1.8343031102362204
21
-0.3347327559055118
0
LINE
8
BLACK
6
CONTINUOUS
10
-1.8343031102362204
20
-0.3347327559055118
11
-1.8147202755905512
21
-0.2890395275590551
0
LINE
8
BLACK
6
CONTINUOUS
10
-1.8147202755905512
20
-0.2890395275590551
11
-1.8428703937007873
21
-0.2890395275590551
0
LINE
8
BLACK
6
CONTINUOUS
10
-1.8428703937007873
20
-0.2890395275590551
11
-1.843638464566929
21
-0.2889638976377953
0
LINE
8
BLACK
6
CONTINUOUS
10
-1.843638464566929
20
-0.2889638976377953
11
-1.8450576771653542
21
-0.2883760236220472
0
LINE
8
BLACK
6
CONTINUOUS
10
-1.8450576771653542
20
-0.2883760236220472
11
-1.8461438976377953
21
-0.2872898031496063
0
LINE
8
BLACK
6
CONTINUOUS
10
-1.8461438976377953
20
-0.2872898031496063
11
-1.8467317716535432
21
-0.2858705905511811
0
LINE
8
BLACK
6
CONTINUOUS
10
-1.8467317716535432
20
-0.2858705905511811
11
-1.8467317716535432
21
-0.2843344488188976
0
LINE
8
BLACK
6
CONTINUOUS
10
-1.8467317716535432
20
-0.2843344488188976
11
-1.8461438976377953
21
-0.2829152362204724
0
LINE
8
BLACK
6
CONTINUOUS
10
-1.8461438976377953
20
-0.2829152362204724
11
-1.8450576771653542
21
-0.2818290157480315
0
LINE
8
BLACK
6
CONTINUOUS
10
-1.8450576771653542
20
-0.2818290157480315
11
-1.843638464566929
21
-0.2812411417322835
0
LINE
8
BLACK
6
CONTINUOUS
10
-1.843638464566929
20
-0.2812411417322835
11
-1.8428703937007873
21
-0.2811655118110236
0
LINE
8
BLACK
6
CONTINUOUS
10
-1.8428703937007873
20
-0.2811655118110236
11
-1.8087496850393701
21
-0.2811655118110236
0
LINE
8
BLACK
6
CONTINUOUS
10
-1.8087496850393701
20
-0.2811655118110236
11
-1.8079816141732283
21
-0.2812411417322835
0
LINE
8
BLACK
6
CONTINUOUS
10
-2.0933209448818899
20
-0.2812411417322835
11
-2.0931902362204724
21
-0.2812952755905512
0
LINE
8
BLACK
6
CONTINUOUS
10
-2.0931902362204724
20
-0.2812952755905512
11
-2.0930491338582677
21
-0.2813053149606299
0
LINE
8
BLACK
6
CONTINUOUS
10
-2.0930491338582677
20
-0.2813053149606299
11
-2.0923283464566929
21
-0.2815811417322834
0
LINE
8
BLACK
6
CONTINUOUS
10
-2.0923283464566929
20
-0.2815811417322834
11
-2.0874538976377952
21
-0.2840183464566929
0
LINE
8
BLACK
6
CONTINUOUS
10
-2.0874538976377952
20
-0.2840183464566929
11
-2.0871232677165352
21
-0.2842264566929134
0
LINE
8
BLACK
6
CONTINUOUS
10
-2.0871232677165352
20
-0.2842264566929134
11
-2.0870273228346456
21
-0.2842662204724409
0
LINE
8
BLACK
6
CONTINUOUS
10
-2.0870273228346456
20
-0.2842662204724409
11
-2.0869193307086613
21
-0.284354842519685
0
LINE
8
BLACK
6
CONTINUOUS
10
-2.0869193307086613
20
-0.284354842519685
11
-2.0868007480314961
21
-0.2844294881889764
0
LINE
8
BLACK
6
CONTINUOUS
10
-2.0868007480314961
20
-0.2844294881889764
11
-2.0867325590551182
21
-0.2845081102362205
0
LINE
8
BLACK
6
CONTINUOUS
10
-2.0867325590551182
20
-0.2845081102362205
11
-2.0864307086614171
21
-0.2847558267716536
0
LINE
8
BLACK
6
CONTINUOUS
10
-2.0864307086614171
20
-0.2847558267716536
11
-2.0839935039370077
21
-0.287193031496063
0
LINE
8
BLACK
6
CONTINUOUS
10
-2.0839935039370077
20
-0.287193031496063
11
-2.0837457086614171
21
-0.287495
0
LINE
8
BLACK
6
CONTINUOUS
10
-2.0837457086614171
20
-0.287495
11
-2.0836671653543308
21
-0.2875631102362204
0
LINE
8
BLACK
6
CONTINUOUS
10
-2.0836671653543308
20
-0.2875631102362204
11
-2.0835926377952756
21
-0.2876814960629921
0
LINE
8
BLACK
6
CONTINUOUS
10
-2.0835926377952756
20
-0.2876814960629921
11
-2.0835038976377951
21
-0.2877896456692913
0
LINE
8
BLACK
6
CONTINUOUS
10
-2.0835038976377951
20
-0.2877896456692913
11
-2.0834641338582678
21
-0.2878856692913386
0
LINE
8
BLACK
6
CONTINUOUS
10
-2.0834641338582678
20
-0.2878856692913386
11
-2.083256023622047
21
-0.2882162598425197
0
LINE
8
BLACK
6
CONTINUOUS
10
-2.083256023622047
20
-0.2882162598425197
11
-2.0808188582677163
21
-0.2930906299212598
0
LINE
8
BLACK
6
CONTINUOUS
10
-2.0808188582677163
20
-0.2930906299212598
11
-2.0805430314960631
21
-0.2938114173228346
0
LINE
8
BLACK
6
CONTINUOUS
10
-2.0805430314960631
20
-0.2938114173228346
11
-2.0805330314960631
21
-0.2939524803149606
0
LINE
8
BLACK
6
CONTINUOUS
10
-2.0805330314960631
20
-0.2939524803149606
11
-2.0804788582677163
21
-0.2940832283464567
0
LINE
8
BLACK
6
CONTINUOUS
10
-2.0804788582677163
20
-0.2940832283464567
11
-2.0804032283464569
21
-0.2948512992125984
0
LINE
8
BLACK
6
CONTINUOUS
10
-2.0804032283464569
20
-0.2948512992125984
11
-2.0804032283464569
21
-0.3021629133858268
0
LINE
8
BLACK
6
CONTINUOUS
10
-2.0804032283464569
20
-0.3021629133858268
11
-2.0804788582677163
21
-0.3029309842519685
0
LINE
8
BLACK
6
CONTINUOUS
10
-2.0804788582677163
20
-0.3029309842519685
11
-2.0805330314960631
21
-0.3030616929133858
0
LINE
8
BLACK
6
CONTINUOUS
10
-2.0805330314960631
20
-0.3030616929133858
11
-2.0805430314960631
21
-0.3032027952755905
0
LINE
8
BLACK
6
CONTINUOUS
10
-2.0805430314960631
20
-0.3032027952755905
11
-2.0808188582677163
21
-0.3039235826771653
0
LINE
8
BLACK
6
CONTINUOUS
10
-2.0808188582677163
20
-0.3039235826771653
11
-2.083256023622047
21
-0.3087979527559055
0
LINE
8
BLACK
6
CONTINUOUS
10
-2.083256023622047
20
-0.3087979527559055
11
-2.0834641338582678
21
-0.3091285039370079
0
LINE
8
BLACK
6
CONTINUOUS
10
-2.0834641338582678
20
-0.3091285039370079
11
-2.0835038976377951
21
-0.3092245669291339
0
LINE
8
BLACK
6
CONTINUOUS
10
-2.0835038976377951
20
-0.3092245669291339
11
-2.0835926377952756
21
-0.3093326771653543
0
LINE
8
BLACK
6
CONTINUOUS
10
-2.0835926377952756
20
-0.3093326771653543
11
-2.0836671653543308
21
-0.3094511023622047
0
LINE
8
BLACK
6
CONTINUOUS
10
-2.0836671653543308
20
-0.3094511023622047
11
-2.0837457086614171
21
-0.3095191732283464
0
LINE
8
BLACK
6
CONTINUOUS
10
-2.0837457086614171
20
-0.3095191732283464
11
-2.0839935039370077
21
-0.3098211811023622
0
LINE
8
BLACK
6
CONTINUOUS
10
-2.0839935039370077
20
-0.3098211811023622
11
-2.0864307086614171
21
-0.3122583858267716
0
LINE
8
BLACK
6
CONTINUOUS
10
-2.0864307086614171
20
-0.3122583858267716
11
-2.0867325590551182
21
-0.312506062992126
0
LINE
8
BLACK
6
CONTINUOUS
10
-2.0867325590551182
20
-0.312506062992126
11
-2.0868007480314961
21
-0.3125847244094488
0
LINE
8
BLACK
6
CONTINUOUS
10
-2.0868007480314961
20
-0.3125847244094488
11
-2.0869193307086613
21
-0.3126593307086614
0
LINE
8
BLACK
6
CONTINUOUS
10
-2.0869193307086613
20
-0.3126593307086614
11
-2.0870273228346456
21
-0.3127479921259843
0
LINE
8
BLACK
6
CONTINUOUS
10
-2.0870273228346456
20
-0.3127479921259843
11
-2.0871232677165352
21
-0.3127877165354331
0
LINE
8
BLACK
6
CONTINUOUS
10
-2.0871232677165352
20
-0.3127877165354331
11
-2.0874538976377952
21
-0.3129958661417323
0
LINE
8
BLACK
6
CONTINUOUS
10
-2.0874538976377952
20
-0.3129958661417323
11
-2.0923283464566929
21
-0.3154330708661418
0
LINE
8
BLACK
6
CONTINUOUS
10
-2.0923283464566929
20
-0.3154330708661418
11
-2.0930491338582677
21
-0.3157088976377952
0
LINE
8
BLACK
6
CONTINUOUS
10
-2.0930491338582677
20
-0.3157088976377952
11
-2.0931902362204724
21
-0.3157188976377953
0
LINE
8
BLACK
6
CONTINUOUS
10
-2.0931902362204724
20
-0.3157188976377953
11
-2.0933209448818899
21
-0.3157730708661417
0
LINE
8
BLACK
6
CONTINUOUS
10
-2.0933209448818899
20
-0.3157730708661417
11
-2.0940890157480316
21
-0.3158487007874016
0
LINE
8
BLACK
6
CONTINUOUS
10
-2.0940890157480316
20
-0.3158487007874016
11
-2.109649566929134
21
-0.3158487007874016
0
LINE
8
BLACK
6
CONTINUOUS
10
-2.109649566929134
20
-0.3158487007874016
11
-2.109649566929134
21
-0.3362836220472441
0
LINE
8
BLACK
6
CONTINUOUS
10
-2.109649566929134
20
-0.3362836220472441
11
-2.1097251968503938
21
-0.3370516929133858
0
LINE
8
BLACK
6
CONTINUOUS
10
-2.1097251968503938
20
-0.3370516929133858
11
-2.1103130708661415
21
-0.338470905511811
0
LINE
8
BLACK
6
CONTINUOUS
10
-2.1103130708661415
20
-0.338470905511811
11
-2.1113992913385826
21
-0.339557125984252
0
LINE
8
BLACK
6
CONTINUOUS
10
-2.1113992913385826
20
-0.339557125984252
11
-2.112818503937008
21
-0.340145
0
LINE
8
BLACK
6
CONTINUOUS
10
-2.112818503937008
20
-0.340145
11
-2.1143546456692914
21
-0.340145
0
LINE
8
BLACK
6
CONTINUOUS
10
-2.1143546456692914
20
-0.340145
11
-2.1157738582677164
21
-0.339557125984252
0
LINE
8
BLACK
6
CONTINUOUS
10
-2.1157738582677164
20
-0.339557125984252
11
-2.1168600787401575
21
-0.338470905511811
0
LINE
8
BLACK
6
CONTINUOUS
10
-2.1168600787401575
20
-0.338470905511811
11
-2.1174479527559056
21
-0.3370516929133858
0
LINE
8
BLACK
6
CONTINUOUS
10
-2.1174479527559056
20
-0.3370516929133858
11
-2.1175235826771655
21
-0.3362836220472441
0
LINE
8
BLACK
6
CONTINUOUS
10
-2.1175235826771655
20
-0.3362836220472441
11
-2.1175235826771655
21
-0.2851025196850394
0
LINE
8
BLACK
6
CONTINUOUS
10
-2.1175235826771655
20
-0.2851025196850394
11
-2.1174479527559056
21
-0.2843344488188976
0
LINE
8
BLACK
6
CONTINUOUS
10
-2.1174479527559056
20
-0.2843344488188976
11
-2.1168600787401575
21
-0.2829152362204724
0
LINE
8
BLACK
6
CONTINUOUS
10
-2.1168600787401575
20
-0.2829152362204724
11
-2.1157738582677164
21
-0.2818290157480315
0
LINE
8
BLACK
6
CONTINUOUS
10
-2.1157738582677164
20
-0.2818290157480315
11
-2.1143546456692914
21
-0.2812411417322835
0
LINE
8
BLACK
6
CONTINUOUS
10
-2.1143546456692914
20
-0.2812411417322835
11
-2.1135865748031497
21
-0.2811655118110236
0
LINE
8
BLACK
6
CONTINUOUS
10
-2.1135865748031497
20
-0.2811655118110236
11
-2.0940890157480316
21
-0.2811655118110236
0
LINE
8
BLACK
6
CONTINUOUS
10
-2.0940890157480316
20
-0.2811655118110236
11
-2.0933209448818899
21
-0.2812411417322835
0
LINE
8
BLACK
6
CONTINUOUS
10
-2.109649566929134
20
-0.3079746850393701
11
-2.0950184251968502
21
-0.3079746850393701
0
LINE
8
BLACK
6
CONTINUOUS
10
-2.0950184251968502
20
-0.3079746850393701
11
-2.0915467716535434
21
-0.3062388582677165
0
LINE
8
BLACK
6
CONTINUOUS
10
-2.0915467716535434
20
-0.3062388582677165
11
-2.0900130708661417
21
-0.3047051181102362
0
LINE
8
BLACK
6
CONTINUOUS
10
-2.0900130708661417
20
-0.3047051181102362
11
-2.0882772440944883
21
-0.3012335039370079
0
LINE
8
BLACK
6
CONTINUOUS
10
-2.0882772440944883
20
-0.3012335039370079
11
-2.0882772440944883
21
-0.2957806692913386
0
LINE
8
BLACK
6
CONTINUOUS
10
-2.0882772440944883
20
-0.2957806692913386
11
-2.0900130708661417
21
-0.2923090551181102
0
LINE
8
BLACK
6
CONTINUOUS
10
-2.0900130708661417
20
-0.2923090551181102
11
-2.0915467716535434
21
-0.2907753543307087
0
LINE
8
BLACK
6
CONTINUOUS
10
-2.0915467716535434
20
-0.2907753543307087
11
-2.0950184251968502
21
-0.2890395275590551
0
LINE
8
BLACK
6
CONTINUOUS
10
-2.0950184251968502
20
-0.2890395275590551
11
-2.109649566929134
21
-0.2890395275590551
0
LINE
8
BLACK
6
CONTINUOUS
10
-2.109649566929134
20
-0.2890395275590551
11
-2.109649566929134
21
-0.3079746850393701
0
LINE
8
BLACK
6
CONTINUOUS
10
-1.9200925984251969
20
-0.2812411417322835
11
-1.9199618897637796
21
-0.2812952755905512
0
LINE
8
BLACK
6
CONTINUOUS
10
-1.9199618897637796
20
-0.2812952755905512
11
-1.9198207874015747
21
-0.2813053149606299
0
LINE
8
BLACK
6
CONTINUOUS
10
-1.9198207874015747
20
-0.2813053149606299
11
-1.9191
21
-0.2815811417322834
0
LINE
8
BLACK
6
CONTINUOUS
10
-1.9191
20
-0.2815811417322834
11
-1.9142255511811024
21
-0.2840183464566929
0
LINE
8
BLACK
6
CONTINUOUS
10
-1.9142255511811024
20
-0.2840183464566929
11
-1.9138949212598424
21
-0.2842264566929134
0
LINE
8
BLACK
6
CONTINUOUS
10
-1.9138949212598424
20
-0.2842264566929134
11
-1.9137989763779528
21
-0.2842662204724409
0
LINE
8
BLACK
6
CONTINUOUS
10
-1.9137989763779528
20
-0.2842662204724409
11
-1.9136909842519685
21
-0.284354842519685
0
LINE
8
BLACK
6
CONTINUOUS
10
-1.9136909842519685
20
-0.284354842519685
11
-1.913572401574803
21
-0.2844294881889764
0
LINE
8
BLACK
6
CONTINUOUS
10
-1.913572401574803
20
-0.2844294881889764
11
-1.9135042125984252
21
-0.2845081102362205
0
LINE
8
BLACK
6
CONTINUOUS
10
-1.9135042125984252
20
-0.2845081102362205
11
-1.9132023622047243
21
-0.2847558267716536
0
LINE
8
BLACK
6
CONTINUOUS
10
-1.9132023622047243
20
-0.2847558267716536
11
-1.9107651574803148
21
-0.287193031496063
0
LINE
8
BLACK
6
CONTINUOUS
10
-1.9107651574803148
20
-0.287193031496063
11
-1.9105173622047245
21
-0.287495
0
LINE
8
BLACK
6
CONTINUOUS
10
-1.9105173622047245
20
-0.287495
11
-1.9104388188976378
21
-0.2875631102362204
0
LINE
8
BLACK
6
CONTINUOUS
10
-1.9104388188976378
20
-0.2875631102362204
11
-1.9103642913385825
21
-0.2876814960629921
0
LINE
8
BLACK
6
CONTINUOUS
10
-1.9103642913385825
20
-0.2876814960629921
11
-1.9102755511811023
21
-0.2877896456692913
0
LINE
8
BLACK
6
CONTINUOUS
10
-1.9102755511811023
20
-0.2877896456692913
11
-1.9102357874015747
21
-0.2878856692913386
0
LINE
8
BLACK
6
CONTINUOUS
10
-1.9102357874015747
20
-0.2878856692913386
11
-1.9100276771653544
21
-0.2882162598425197
0
LINE
8
BLACK
6
CONTINUOUS
10
-1.9100276771653544
20
-0.2882162598425197
11
-1.9075905118110237
21
-0.2930906299212598
0
LINE
8
BLACK
6
CONTINUOUS
10
-1.9075905118110237
20
-0.2930906299212598
11
-1.9073146850393701
21
-0.2938114173228346
0
LINE
8
BLACK
6
CONTINUOUS
10
-1.9073146850393701
20
-0.2938114173228346
11
-1.90730468503937
21
-0.2939524803149606
0
LINE
8
BLACK
6
CONTINUOUS
10
-1.90730468503937
20
-0.2939524803149606
11
-1.9072505118110237
21
-0.2940832283464567
0
LINE
8
BLACK
6
CONTINUOUS
10
-1.9072505118110237
20
-0.2940832283464567
11
-1.9071748818897638
21
-0.2948512992125984
0
LINE
8
BLACK
6
CONTINUOUS
10
-1.9071748818897638
20
-0.2948512992125984
11
-1.9071748818897638
21
-0.3021629133858268
0
LINE
8
BLACK
6
CONTINUOUS
10
-1.9071748818897638
20
-0.3021629133858268
11
-1.9072505118110237
21
-0.3029309842519685
0
LINE
8
BLACK
6
CONTINUOUS
10
-1.9072505118110237
20
-0.3029309842519685
11
-1.90730468503937
21
-0.3030616929133858
0
LINE
8
BLACK
6
CONTINUOUS
10
-1.90730468503937
20
-0.3030616929133858
11
-1.9073146850393701
21
-0.3032027952755905
0
LINE
8
BLACK
6
CONTINUOUS
10
-1.9073146850393701
20
-0.3032027952755905
11
-1.9075905118110237
21
-0.3039235826771653
0
LINE
8
BLACK
6
CONTINUOUS
10
-1.9075905118110237
20
-0.3039235826771653
11
-1.9100276771653544
21
-0.3087979527559055
0
LINE
8
BLACK
6
CONTINUOUS
10
-1.9100276771653544
20
-0.3087979527559055
11
-1.9102357874015747
21
-0.3091285039370079
0
LINE
8
BLACK
6
CONTINUOUS
10
-1.9102357874015747
20
-0.3091285039370079
11
-1.9102755511811023
21
-0.3092245669291339
0
LINE
8
BLACK
6
CONTINUOUS
10
-1.9102755511811023
20
-0.3092245669291339
11
-1.9103642913385825
21
-0.3093326771653543
0
LINE
8
BLACK
6
CONTINUOUS
10
-1.9103642913385825
20
-0.3093326771653543
11
-1.9104388188976378
21
-0.3094511023622047
0
LINE
8
BLACK
6
CONTINUOUS
10
-1.9104388188976378
20
-0.3094511023622047
11
-1.9105173622047245
21
-0.3095191732283464
0
LINE
8
BLACK
6
CONTINUOUS
10
-1.9105173622047245
20
-0.3095191732283464
11
-1.9107651574803148
21
-0.3098211811023622
0
LINE
8
BLACK
6
CONTINUOUS
10
-1.9107651574803148
20
-0.3098211811023622
11
-1.9132023622047243
21
-0.3122583858267716
0
LINE
8
BLACK
6
CONTINUOUS
10
-1.9132023622047243
20
-0.3122583858267716
11
-1.9135042125984252
21
-0.312506062992126
0
LINE
8
BLACK
6
CONTINUOUS
10
-1.9135042125984252
20
-0.312506062992126
11
-1.913572401574803
21
-0.3125847244094488
0
LINE
8
BLACK
6
CONTINUOUS
10
-1.913572401574803
20
-0.3125847244094488
11
-1.9136909842519685
21
-0.3126593307086614
0
LINE
8
BLACK
6
CONTINUOUS
10
-1.9136909842519685
20
-0.3126593307086614
11
-1.9137989763779528
21
-0.3127479921259843
0
LINE
8
BLACK
6
CONTINUOUS
10
-1.9137989763779528
20
-0.3127479921259843
11
-1.9138949212598424
21
-0.3127877165354331
0
LINE
8
BLACK
6
CONTINUOUS
10
-1.9138949212598424
20
-0.3127877165354331
11
-1.9142255511811024
21
-0.3129958661417323
0
LINE
8
BLACK
6
CONTINUOUS
10
-1.9142255511811024
20
-0.3129958661417323
11
-1.9191
21
-0.3154330708661418
0
LINE
8
BLACK
6
CONTINUOUS
10
-1.9191
20
-0.3154330708661418
11
-1.9198207874015747
21
-0.3157088976377952
0
LINE
8
BLACK
6
CONTINUOUS
10
-1.9198207874015747
20
-0.3157088976377952
11
-1.9199618897637796
21
-0.3157188976377953
0
LINE
8
BLACK
6
CONTINUOUS
10
-1.9199618897637796
20
-0.3157188976377953
11
-1.9200925984251969
21
-0.3157730708661417
0
LINE
8
BLACK
6
CONTINUOUS
10
-1.9200925984251969
20
-0.3157730708661417
11
-1.9208606692913386
21
-0.3158487007874016
0
LINE
8
BLACK
6
CONTINUOUS
10
-1.9208606692913386
20
-0.3158487007874016
11
-1.9364212204724409
21
-0.3158487007874016
0
LINE
8
BLACK
6
CONTINUOUS
10
-1.9364212204724409
20
-0.3158487007874016
11
-1.9364212204724409
21
-0.3362836220472441
0
LINE
8
BLACK
6
CONTINUOUS
10
-1.9364212204724409
20
-0.3362836220472441
11
-1.9364968503937008
21
-0.3370516929133858
0
LINE
8
BLACK
6
CONTINUOUS
10
-1.9364968503937008
20
-0.3370516929133858
11
-1.9370847244094487
21
-0.338470905511811
0
LINE
8
BLACK
6
CONTINUOUS
10
-1.9370847244094487
20
-0.338470905511811
11
-1.9381709448818898
21
-0.339557125984252
0
LINE
8
BLACK
6
CONTINUOUS
10
-1.9381709448818898
20
-0.339557125984252
11
-1.9395901574803149
21
-0.340145
0
LINE
8
BLACK
6
CONTINUOUS
10
-1.9395901574803149
20
-0.340145
11
-1.9411262992125984
21
-0.340145
0
LINE
8
BLACK
6
CONTINUOUS
10
-1.9411262992125984
20
-0.340145
11
-1.9425455118110235
21
-0.339557125984252
0
LINE
8
BLACK
6
CONTINUOUS
10
-1.9425455118110235
20
-0.339557125984252
11
-1.9436317322834644
21
-0.338470905511811
0
LINE
8
BLACK
6
CONTINUOUS
10
-1.9436317322834644
20
-0.338470905511811
11
-1.9442196062992125
21
-0.3370516929133858
0
LINE
8
BLACK
6
CONTINUOUS
10
-1.9442196062992125
20
-0.3370516929133858
11
-1.9442952362204724
21
-0.3362836220472441
0
LINE
8
BLACK
6
CONTINUOUS
10
-1.9442952362204724
20
-0.3362836220472441
11
-1.9442952362204724
21
-0.2851025196850394
0
LINE
8
BLACK
6
CONTINUOUS
10
-1.9442952362204724
20
-0.2851025196850394
11
-1.9442196062992125
21
-0.2843344488188976
0
LINE
8
BLACK
6
CONTINUOUS
10
-1.9442196062992125
20
-0.2843344488188976
11
-1.9436317322834644
21
-0.2829152362204724
0
LINE
8
BLACK
6
CONTINUOUS
10
-1.9436317322834644
20
-0.2829152362204724
11
-1.9425455118110235
21
-0.2818290157480315
0
LINE
8
BLACK
6
CONTINUOUS
10
-1.9425455118110235
20
-0.2818290157480315
11
-1.9411262992125984
21
-0.2812411417322835
0
LINE
8
BLACK
6
CONTINUOUS
10
-1.9411262992125984
20
-0.2812411417322835
11
-1.9403582283464567
21
-0.2811655118110236
0
LINE
8
BLACK
6
CONTINUOUS
10
-1.9403582283464567
20
-0.2811655118110236
11
-1.9208606692913386
21
-0.2811655118110236
0
LINE
8
BLACK
6
CONTINUOUS
10
-1.9208606692913386
20
-0.2811655118110236
11
-1.9200925984251969
21
-0.2812411417322835
0
LINE
8
BLACK
6
CONTINUOUS
10
-1.9364212204724409
20
-0.3079746850393701
11
-1.9217900787401574
21
-0.3079746850393701
0
LINE
8
BLACK
6
CONTINUOUS
10
-1.9217900787401574
20
-0.3079746850393701
11
-1.9183184251968504
21
-0.3062388582677165
0
LINE
8
BLACK
6
CONTINUOUS
10
-1.9183184251968504
20
-0.3062388582677165
11
-1.9167847244094487
21
-0.3047051181102362
0
LINE
8
BLACK
6
CONTINUOUS
10
-1.9167847244094487
20
-0.3047051181102362
11
-1.9150488976377953
21
-0.3012335039370079
0
LINE
8
BLACK
6
CONTINUOUS
10
-1.9150488976377953
20
-0.3012335039370079
11
-1.9150488976377953
21
-0.2957806692913386
0
LINE
8
BLACK
6
CONTINUOUS
10
-1.9150488976377953
20
-0.2957806692913386
11
-1.9167847244094487
21
-0.2923090551181102
0
LINE
8
BLACK
6
CONTINUOUS
10
-1.9167847244094487
20
-0.2923090551181102
11
-1.9183184251968504
21
-0.2907753543307087
0
LINE
8
BLACK
6
CONTINUOUS
10
-1.9183184251968504
20
-0.2907753543307087
11
-1.9217900787401574
21
-0.2890395275590551
0
LINE
8
BLACK
6
CONTINUOUS
10
-1.9217900787401574
20
-0.2890395275590551
11
-1.9364212204724409
21
-0.2890395275590551
0
LINE
8
BLACK
6
CONTINUOUS
10
-1.9364212204724409
20
-0.2890395275590551
11
-1.9364212204724409
21
-0.3079746850393701
0
LINE
8
BLACK
6
CONTINUOUS
10
-2.0908837401574805
20
-0.1988424409448819
11
-2.090753031496063
21
-0.1988965748031496
0
LINE
8
BLACK
6
CONTINUOUS
10
-2.090753031496063
20
-0.1988965748031496
11
-2.0906119291338583
21
-0.1989066141732283
0
LINE
8
BLACK
6
CONTINUOUS
10
-2.0906119291338583
20
-0.1989066141732283
11
-2.0898911417322834
21
-0.1991824409448819
0
LINE
8
BLACK
6
CONTINUOUS
10
-2.0898911417322834
20
-0.1991824409448819
11
-2.0850166929133858
21
-0.2016196456692913
0
LINE
8
BLACK
6
CONTINUOUS
10
-2.0850166929133858
20
-0.2016196456692913
11
-2.0843635433070866
21
-0.2020307874015748
0
LINE
8
BLACK
6
CONTINUOUS
10
-2.0843635433070866
20
-0.2020307874015748
11
-2.0833570866141731
21
-0.2031912992125984
0
LINE
8
BLACK
6
CONTINUOUS
10
-2.0833570866141731
20
-0.2031912992125984
11
-2.0828712992125982
21
-0.2046486220472441
0
LINE
8
BLACK
6
CONTINUOUS
10
-2.0828712992125982
20
-0.2046486220472441
11
-2.0829801968503938
21
-0.206180905511811
0
LINE
8
BLACK
6
CONTINUOUS
10
-2.0829801968503938
20
-0.206180905511811
11
-2.0836671653543308
21
-0.2075548818897638
0
LINE
8
BLACK
6
CONTINUOUS
10
-2.0836671653543308
20
-0.2075548818897638
11
-2.0848276771653542
21
-0.2085613385826772
0
LINE
8
BLACK
6
CONTINUOUS
10
-2.0848276771653542
20
-0.2085613385826772
11
-2.0862850000000002
21
-0.209047125984252
0
LINE
8
BLACK
6
CONTINUOUS
10
-2.0862850000000002
20
-0.209047125984252
11
-2.0878172834645667
21
-0.2089382283464567
0
LINE
8
BLACK
6
CONTINUOUS
10
-2.0878172834645667
20
-0.2089382283464567
11
-2.0885380708661416
21
-0.2086624015748031
0
LINE
8
BLACK
6
CONTINUOUS
10
-2.0885380708661416
20
-0.2086624015748031
11
-2.0925812204724408
21
-0.2066408267716535
0
LINE
8
BLACK
6
CONTINUOUS
10
-2.0925812204724408
20
-0.2066408267716535
11
-2.098324527559055
21
-0.2066408267716535
0
LINE
8
BLACK
6
CONTINUOUS
10
-2.098324527559055
20
-0.2066408267716535
11
-2.1041482283464568
21
-0.2085820472440945
0
LINE
8
BLACK
6
CONTINUOUS
10
-2.1041482283464568
20
-0.2085820472440945
11
-2.1079137401574801
21
-0.2123475590551181
0
LINE
8
BLACK
6
CONTINUOUS
10
-2.1079137401574801
20
-0.2123475590551181
11
-2.1098720078740159
21
-0.216264094488189
0
LINE
8
BLACK
6
CONTINUOUS
10
-2.1098720078740159
20
-0.216264094488189
11
-2.1120867322834647
21
-0.2251231496062992
0
LINE
8
BLACK
6
CONTINUOUS
10
-2.1120867322834647
20
-0.2251231496062992
11
-2.1120867322834647
21
-0.2314655511811023
0
LINE
8
BLACK
6
CONTINUOUS
10
-2.1120867322834647
20
-0.2314655511811023
11
-2.1098719685039371
21
-0.2403247244094488
0
LINE
8
BLACK
6
CONTINUOUS
10
-2.1098719685039371
20
-0.2403247244094488
11
-2.1079137401574801
21
-0.2442411811023622
0
LINE
8
BLACK
6
CONTINUOUS
10
-2.1079137401574801
20
-0.2442411811023622
11
-2.1041482283464568
21
-0.2480066929133858
0
LINE
8
BLACK
6
CONTINUOUS
10
-2.1041482283464568
20
-0.2480066929133858
11
-2.098324527559055
21
-0.2499479133858268
0
LINE
8
BLACK
6
CONTINUOUS
10
-2.098324527559055
20
-0.2499479133858268
11
-2.0947278346456693
21
-0.2499479133858268
0
LINE
8
BLACK
6
CONTINUOUS
10
-2.0947278346456693
20
-0.2499479133858268
11
-2.0889041338582675
21
-0.2480066929133858
0
LINE
8
BLACK
6
CONTINUOUS
10
-2.0889041338582675
20
-0.2480066929133858
11
-2.0882772440944883
21
-0.2473798031496063
0
LINE
8
BLACK
6
CONTINUOUS
10
-2.0882772440944883
20
-0.2473798031496063
11
-2.0882772440944883
21
-0.2358871653543307
0
LINE
8
BLACK
6
CONTINUOUS
10
-2.0882772440944883
20
-0.2358871653543307
11
-2.0940890157480316
21
-0.2358871653543307
0
LINE
8
BLACK
6
CONTINUOUS
10
-2.0940890157480316
20
-0.2358871653543307
11
-2.0948570866141734
21
-0.2358115354330709
0
LINE
8
BLACK
6
CONTINUOUS
10
-2.0948570866141734
20
-0.2358115354330709
11
-2.0962762992125983
21
-0.2352236614173228
0
LINE
8
BLACK
6
CONTINUOUS
10
-2.0962762992125983
20
-0.2352236614173228
11
-2.0973625196850394
21
-0.2341374409448819
0
LINE
8
BLACK
6
CONTINUOUS
10
-2.0973625196850394
20
-0.2341374409448819
11
-2.0979503937007875
21
-0.2327182283464567
0
LINE
8
BLACK
6
CONTINUOUS
10
-2.0979503937007875
20
-0.2327182283464567
11
-2.0979503937007875
21
-0.2311820866141732
0
LINE
8
BLACK
6
CONTINUOUS
10
-2.0979503937007875
20
-0.2311820866141732
11
-2.0973625196850394
21
-0.229762874015748
0
LINE
8
BLACK
6
CONTINUOUS
10
-2.0973625196850394
20
-0.229762874015748
11
-2.0962762992125983
21
-0.2286766535433071
0
LINE
8
BLACK
6
CONTINUOUS
10
-2.0962762992125983
20
-0.2286766535433071
11
-2.0948570866141734
21
-0.228088779527559
0
LINE
8
BLACK
6
CONTINUOUS
10
-2.0948570866141734
20
-0.228088779527559
11
-2.0940890157480316
21
-0.2280131496062992
0
LINE
8
BLACK
6
CONTINUOUS
10
-2.0940890157480316
20
-0.2280131496062992
11
-2.0843402362204726
21
-0.2280131496062992
0
LINE
8
BLACK
6
CONTINUOUS
10
-2.0843402362204726
20
-0.2280131496062992
11
-2.0835721653543309
21
-0.228088779527559
0
LINE
8
BLACK
6
CONTINUOUS
10
-2.0835721653543309
20
-0.228088779527559
11
-2.0821529527559055
21
-0.2286766535433071
0
LINE
8
BLACK
6
CONTINUOUS
10
-2.0821529527559055
20
-0.2286766535433071
11
-2.0810667322834644
21
-0.229762874015748
0
LINE
8
BLACK
6
CONTINUOUS
10
-2.0810667322834644
20
-0.229762874015748
11
-2.0804788582677163
21
-0.2311820866141732
0
LINE
8
BLACK
6
CONTINUOUS
10
-2.0804788582677163
20
-0.2311820866141732
11
-2.0804032283464569
21
-0.2319501574803149
0
LINE
8
BLACK
6
CONTINUOUS
10
-2.0804032283464569
20
-0.2319501574803149
11
-2.0804032283464569
21
-0.2490105511811024
0
LINE
8
BLACK
6
CONTINUOUS
10
-2.0804032283464569
20
-0.2490105511811024
11
-2.0804788582677163
21
-0.2497786220472441
0
LINE
8
BLACK
6
CONTINUOUS
10
-2.0804788582677163
20
-0.2497786220472441
11
-2.0805803149606299
21
-0.2500235433070866
0
LINE
8
BLACK
6
CONTINUOUS
10
-2.0805803149606299
20
-0.2500235433070866
11
-2.0810666929133856
21
-0.2511978346456693
0
LINE
8
BLACK
6
CONTINUOUS
10
-2.0810666929133856
20
-0.2511978346456693
11
-2.081556338582677
21
-0.2517944094488189
0
LINE
8
BLACK
6
CONTINUOUS
10
-2.081556338582677
20
-0.2517944094488189
11
-2.0839935039370077
21
-0.2542316141732283
0
LINE
8
BLACK
6
CONTINUOUS
10
-2.0839935039370077
20
-0.2542316141732283
11
-2.0845900787401574
21
-0.2547212598425197
0
LINE
8
BLACK
6
CONTINUOUS
10
-2.0845900787401574
20
-0.2547212598425197
11
-2.084720866141732
21
-0.2547753937007874
0
LINE
8
BLACK
6
CONTINUOUS
10
-2.084720866141732
20
-0.2547753937007874
11
-2.084827716535433
21
-0.2548681102362205
0
LINE
8
BLACK
6
CONTINUOUS
10
-2.084827716535433
20
-0.2548681102362205
11
-2.0855324409448817
21
-0.2551827559055118
0
LINE
8
BLACK
6
CONTINUOUS
10
-2.0855324409448817
20
-0.2551827559055118
11
-2.09284405511811
21
-0.2576198818897638
0
LINE
8
BLACK
6
CONTINUOUS
10
-2.09284405511811
20
-0.2576198818897638
11
-2.0932248031496061
21
-0.2577064566929134
0
LINE
8
BLACK
6
CONTINUOUS
10
-2.0932248031496061
20
-0.2577064566929134
11
-2.0933209448818899
21
-0.2577462992125984
0
LINE
8
BLACK
6
CONTINUOUS
10
-2.0933209448818899
20
-0.2577462992125984
11
-2.0934603149606299
21
-0.25776
0
LINE
8
BLACK
6
CONTINUOUS
10
-2.0934603149606299
20
-0.25776
11
-2.0935966141732285
21
-0.2577910236220473
0
LINE
8
BLACK
6
CONTINUOUS
10
-2.0935966141732285
20
-0.2577910236220473
11
-2.0937003149606297
21
-0.2577836220472441
0
LINE
8
BLACK
6
CONTINUOUS
10
-2.0937003149606297
20
-0.2577836220472441
11
-2.0940890157480316
21
-0.2578219291338583
0
LINE
8
BLACK
6
CONTINUOUS
10
-2.0940890157480316
20
-0.2578219291338583
11
-2.0989633858267718
21
-0.2578219291338583
0
LINE
8
BLACK
6
CONTINUOUS
10
-2.0989633858267718
20
-0.2578219291338583
11
-2.099352125984252
21
-0.2577836220472441
0
LINE
8
BLACK
6
CONTINUOUS
10
-2.099352125984252
20
-0.2577836220472441
11
-2.0994557874015749
21
-0.2577910236220473
0
LINE
8
BLACK
6
CONTINUOUS
10
-2.0994557874015749
20
-0.2577910236220473
11
-2.0995922047244093
21
-0.25776
0
LINE
8
BLACK
6
CONTINUOUS
10
-2.0995922047244093
20
-0.25776
11
-2.0997314566929135
21
-0.2577462992125984
0
LINE
8
BLACK
6
CONTINUOUS
10
-2.0997314566929135
20
-0.2577462992125984
11
-2.0998275590551181
21
-0.2577064960629921
0
LINE
8
BLACK
6
CONTINUOUS
10
-2.0998275590551181
20
-0.2577064960629921
11
-2.100208346456693
21
-0.2576199212598425
0
LINE
8
BLACK
6
CONTINUOUS
10
-2.100208346456693
20
-0.2576199212598425
11
-2.1075199212598426
21
-0.2551827165354331
0
LINE
8
BLACK
6
CONTINUOUS
10
-2.1075199212598426
20
-0.2551827165354331
11
-2.10822468503937
21
-0.2548681102362205
0
LINE
8
BLACK
6
CONTINUOUS
10
-2.10822468503937
20
-0.2548681102362205
11
-2.1083316141732285
21
-0.2547753543307086
0
LINE
8
BLACK
6
CONTINUOUS
10
-2.1083316141732285
20
-0.2547753543307086
11
-2.108462244094488
21
-0.2547212598425197
0
LINE
8
BLACK
6
CONTINUOUS
10
-2.108462244094488
20
-0.2547212598425197
11
-2.1090588582677166
21
-0.2542316535433071
0
LINE
8
BLACK
6
CONTINUOUS
10
-2.1090588582677166
20
-0.2542316535433071
11
-2.1139332677165354
21
-0.2493572440944882
0
LINE
8
BLACK
6
CONTINUOUS
10
-2.1139332677165354
20
-0.2493572440944882
11
-2.1141809842519685
21
-0.2490553937007874
0
LINE
8
BLACK
6
CONTINUOUS
10
-2.1141809842519685
20
-0.2490553937007874
11
-2.1142596062992127
21
-0.2489872047244094
0
LINE
8
BLACK
6
CONTINUOUS
10
-2.1142596062992127
20
-0.2489872047244094
11
-2.1143342519685038
21
-0.2488686220472441
0
LINE
8
BLACK
6
CONTINUOUS
10
-2.1143342519685038
20
-0.2488686220472441
11
-2.114422874015748
21
-0.2487606299212598
0
LINE
8
BLACK
6
CONTINUOUS
10
-2.114422874015748
20
-0.2487606299212598
11
-2.1144626377952753
21
-0.2486646850393701
0
LINE
8
BLACK
6
CONTINUOUS
10
-2.1144626377952753
20
-0.2486646850393701
11
-2.1146707480314961
21
-0.2483340551181102
0
LINE
8
BLACK
6
CONTINUOUS
10
-2.1146707480314961
20
-0.2483340551181102
11
-2.1171079527559056
21
-0.2434596062992126
0
LINE
8
BLACK
6
CONTINUOUS
10
-2.1171079527559056
20
-0.2434596062992126
11
-2.1171294488188974
21
-0.2434034251968504
0
LINE
8
BLACK
6
CONTINUOUS
10
-2.1171294488188974
20
-0.2434034251968504
11
-2.1171463779527557
21
-0.2433805905511811
0
LINE
8
BLACK
6
CONTINUOUS
10
-2.1171463779527557
20
-0.2433805905511811
11
-2.1172614960629921
21
-0.2430584251968504
0
LINE
8
BLACK
6
CONTINUOUS
10
-2.1172614960629921
20
-0.2430584251968504
11
-2.1173837795275592
21
-0.2427388188976378
0
LINE
8
BLACK
6
CONTINUOUS
10
-2.1173837795275592
20
-0.2427388188976378
11
-2.1173858267716534
21
-0.2427104330708661
0
LINE
8
BLACK
6
CONTINUOUS
10
-2.1173858267716534
20
-0.2427104330708661
11
-2.1174060236220473
21
-0.2426538188976378
0
LINE
8
BLACK
6
CONTINUOUS
10
-2.1174060236220473
20
-0.2426538188976378
11
-2.119843188976378
21
-0.232905
0
LINE
8
BLACK
6
CONTINUOUS
10
-2.119843188976378
20
-0.232905
11
-2.1198628740157481
21
-0.2327719291338583
0
LINE
8
BLACK
6
CONTINUOUS
10
-2.1198628740157481
20
-0.2327719291338583
11
-2.1198851181102363
21
-0.2327182283464567
0
LINE
8
BLACK
6
CONTINUOUS
10
-2.1198851181102363
20
-0.2327182283464567
11
-2.1199136220472439
21
-0.2324287795275591
0
LINE
8
BLACK
6
CONTINUOUS
10
-2.1199136220472439
20
-0.2324287795275591
11
-2.1199561023622047
21
-0.2321415354330709
0
LINE
8
BLACK
6
CONTINUOUS
10
-2.1199561023622047
20
-0.2321415354330709
11
-2.119947559055118
21
-0.232084094488189
0
LINE
8
BLACK
6
CONTINUOUS
10
-2.119947559055118
20
-0.232084094488189
11
-2.1199607480314961
21
-0.2319501574803149
0
LINE
8
BLACK
6
CONTINUOUS
10
-2.1199607480314961
20
-0.2319501574803149
11
-2.1199607480314961
21
-0.2246385826771654
0
LINE
8
BLACK
6
CONTINUOUS
10
-2.1199607480314961
20
-0.2246385826771654
11
-2.119947559055118
21
-0.2245046062992126
0
LINE
8
BLACK
6
CONTINUOUS
10
-2.119947559055118
20
-0.2245046062992126
11
-2.1199561023622047
21
-0.2244472047244094
0
LINE
8
BLACK
6
CONTINUOUS
10
-2.1199561023622047
20
-0.2244472047244094
11
-2.1199136220472439
21
-0.2241599212598425
0
LINE
8
BLACK
6
CONTINUOUS
10
-2.1199136220472439
20
-0.2241599212598425
11
-2.1198851181102363
21
-0.2238705118110236
0
LINE
8
BLACK
6
CONTINUOUS
10
-2.1198851181102363
20
-0.2238705118110236
11
-2.1198628740157481
21
-0.2238167716535433
0
LINE
8
BLACK
6
CONTINUOUS
10
-2.1198628740157481
20
-0.2238167716535433
11
-2.119843188976378
21
-0.2236837401574803
0
LINE
8
BLACK
6
CONTINUOUS
10
-2.119843188976378
20
-0.2236837401574803
11
-2.1174060236220473
21
-0.2139349212598425
0
LINE
8
BLACK
6
CONTINUOUS
10
-2.1174060236220473
20
-0.2139349212598425
11
-2.1173858267716534
21
-0.2138782677165354
0
LINE
8
BLACK
6
CONTINUOUS
10
-2.1173858267716534
20
-0.2138782677165354
11
-2.1173837795275592
21
-0.2138499212598425
0
LINE
8
BLACK
6
CONTINUOUS
10
-2.1173837795275592
20
-0.2138499212598425
11
-2.1172614173228346
21
-0.2135300393700787
0
LINE
8
BLACK
6
CONTINUOUS
10
-2.1172614173228346
20
-0.2135300393700787
11
-2.1171463779527557
21
-0.2132081496062992
0
LINE
8
BLACK
6
CONTINUOUS
10
-2.1171463779527557
20
-0.2132081496062992
11
-2.1171294881889762
21
-0.2131853149606299
0
LINE
8
BLACK
6
CONTINUOUS
10
-2.1171294881889762
20
-0.2131853149606299
11
-2.1171079527559056
21
-0.213129094488189
0
LINE
8
BLACK
6
CONTINUOUS
10
-2.1171079527559056
20
-0.213129094488189
11
-2.1146707480314961
21
-0.2082547244094488
0
LINE
8
BLACK
6
CONTINUOUS
10
-2.1146707480314961
20
-0.2082547244094488
11
-2.1144626377952753
21
-0.2079240551181102
0
LINE
8
BLACK
6
CONTINUOUS
10
-2.1144626377952753
20
-0.2079240551181102
11
-2.114422874015748
21
-0.2078281496062992
0
LINE
8
BLACK
6
CONTINUOUS
10
-2.114422874015748
20
-0.2078281496062992
11
-2.1143342519685038
21
-0.2077201181102362
0
LINE
8
BLACK
6
CONTINUOUS
10
-2.1143342519685038
20
-0.2077201181102362
11
-2.1142596062992127
21
-0.2076015748031496
0
LINE
8
BLACK
6
CONTINUOUS
10
-2.1142596062992127
20
-0.2076015748031496
11
-2.1141809842519685
21
-0.2075333464566929
0
LINE
8
BLACK
6
CONTINUOUS
10
-2.1141809842519685
20
-0.2075333464566929
11
-2.1139332677165354
21
-0.2072315354330709
0
LINE
8
BLACK
6
CONTINUOUS
10
-2.1139332677165354
20
-0.2072315354330709
11
-2.1090588582677166
21
-0.202357125984252
0
LINE
8
BLACK
6
CONTINUOUS
10
-2.1090588582677166
20
-0.202357125984252
11
-2.108462244094488
21
-0.2018675196850394
0
LINE
8
BLACK
6
CONTINUOUS
10
-2.108462244094488
20
-0.2018675196850394
11
-2.1083316141732285
21
-0.2018133858267716
0
LINE
8
BLACK
6
CONTINUOUS
10
-2.1083316141732285
20
-0.2018133858267716
11
-2.10822468503937
21
-0.2017206692913386
0
LINE
8
BLACK
6
CONTINUOUS
10
-2.10822468503937
20
-0.2017206692913386
11
-2.1075199606299213
21
-0.201406062992126
0
LINE
8
BLACK
6
CONTINUOUS
10
-2.1075199606299213
20
-0.201406062992126
11
-2.1002083858267717
21
-0.1989688582677165
0
LINE
8
BLACK
6
CONTINUOUS
10
-2.1002083858267717
20
-0.1989688582677165
11
-2.0998276377952756
21
-0.1988822440944882
0
LINE
8
BLACK
6
CONTINUOUS
10
-2.0998276377952756
20
-0.1988822440944882
11
-2.0997314566929135
21
-0.1988424409448819
0
LINE
8
BLACK
6
CONTINUOUS
10
-2.0997314566929135
20
-0.1988424409448819
11
-2.0995921653543306
21
-0.1988287007874016
0
LINE
8
BLACK
6
CONTINUOUS
10
-2.0995921653543306
20
-0.1988287007874016
11
-2.0994557874015749
21
-0.1987977165354331
0
LINE
8
BLACK
6
CONTINUOUS
10
-2.0994557874015749
20
-0.1987977165354331
11
-2.099352125984252
21
-0.1988050787401575
0
LINE
8
BLACK
6
CONTINUOUS
10
-2.099352125984252
20
-0.1988050787401575
11
-2.0989633858267718
21
-0.198766811023622
0
LINE
8
BLACK
6
CONTINUOUS
10
-2.0989633858267718
20
-0.198766811023622
11
-2.0916518110236222
21
-0.198766811023622
0
LINE
8
BLACK
6
CONTINUOUS
10
-2.0916518110236222
20
-0.198766811023622
11
-2.0908837401574805
21
-0.1988424409448819
0
LINE
8
BLACK
6
CONTINUOUS
10
-1.9962124803149606
20
-0.1988050787401575
11
-1.9961087401574802
21
-0.1987977165354331
0
LINE
8
BLACK
6
CONTINUOUS
10
-1.9961087401574802
20
-0.1987977165354331
11
-1.995972401574803
21
-0.1988287007874016
0
LINE
8
BLACK
6
CONTINUOUS
10
-1.995972401574803
20
-0.1988287007874016
11
-1.9958331102362203
21
-0.1988424409448819
0
LINE
8
BLACK
6
CONTINUOUS
10
-1.9958331102362203
20
-0.1988424409448819
11
-1.9957370078740158
21
-0.1988822440944882
0
LINE
8
BLACK
6
CONTINUOUS
10
-1.9957370078740158
20
-0.1988822440944882
11
-1.9953561811023621
21
-0.1989688582677165
0
LINE
8
BLACK
6
CONTINUOUS
10
-1.9953561811023621
20
-0.1989688582677165
11
-1.9880446062992125
21
-0.201406062992126
0
LINE
8
BLACK
6
CONTINUOUS
10
-1.9880446062992125
20
-0.201406062992126
11
-1.9873398818897636
21
-0.2017207086614173
0
LINE
8
BLACK
6
CONTINUOUS
10
-1.9873398818897636
20
-0.2017207086614173
11
-1.9872330708661416
21
-0.2018133464566929
0
LINE
8
BLACK
6
CONTINUOUS
10
-1.9872330708661416
20
-0.2018133464566929
11
-1.9871023228346456
21
-0.2018675196850394
0
LINE
8
BLACK
6
CONTINUOUS
10
-1.9871023228346456
20
-0.2018675196850394
11
-1.9865057086614173
21
-0.202357125984252
0
LINE
8
BLACK
6
CONTINUOUS
10
-1.9865057086614173
20
-0.202357125984252
11
-1.9816312992125984
21
-0.2072315354330709
0
LINE
8
BLACK
6
CONTINUOUS
10
-1.9816312992125984
20
-0.2072315354330709
11
-1.9813836220472441
21
-0.2075333464566929
0
LINE
8
BLACK
6
CONTINUOUS
10
-1.9813836220472441
20
-0.2075333464566929
11
-1.9813049606299211
21
-0.2076015748031496
0
LINE
8
BLACK
6
CONTINUOUS
10
-1.9813049606299211
20
-0.2076015748031496
11
-1.9812303543307086
21
-0.2077201181102362
0
LINE
8
BLACK
6
CONTINUOUS
10
-1.9812303543307086
20
-0.2077201181102362
11
-1.9811416929133858
21
-0.2078281496062992
0
LINE
8
BLACK
6
CONTINUOUS
10
-1.9811416929133858
20
-0.2078281496062992
11
-1.981101968503937
21
-0.2079240551181102
0
LINE
8
BLACK
6
CONTINUOUS
10
-1.981101968503937
20
-0.2079240551181102
11
-1.9808938188976377
21
-0.2082547244094488
0
LINE
8
BLACK
6
CONTINUOUS
10
-1.9808938188976377
20
-0.2082547244094488
11
-1.9784566141732283
21
-0.213129094488189
0
LINE
8
BLACK
6
CONTINUOUS
10
-1.9784566141732283
20
-0.213129094488189
11
-1.9784351181102362
21
-0.2131853149606299
0
LINE
8
BLACK
6
CONTINUOUS
10
-1.9784351181102362
20
-0.2131853149606299
11
-1.9784181889763779
21
-0.2132081496062992
0
LINE
8
BLACK
6
CONTINUOUS
10
-1.9784181889763779
20
-0.2132081496062992
11
-1.9783033070866141
21
-0.2135298031496063
0
LINE
8
BLACK
6
CONTINUOUS
10
-1.9783033070866141
20
-0.2135298031496063
11
-1.9781807874015747
21
-0.2138499212598425
0
LINE
8
BLACK
6
CONTINUOUS
10
-1.9781807874015747
20
-0.2138499212598425
11
-1.9781787795275589
21
-0.2138783464566929
0
LINE
8
BLACK
6
CONTINUOUS
10
-1.9781787795275589
20
-0.2138783464566929
11
-1.9781585433070865
21
-0.2139349606299213
0
LINE
8
BLACK
6
CONTINUOUS
10
-1.9781585433070865
20
-0.2139349606299213
11
-1.9757213779527558
21
-0.2236837401574803
0
LINE
8
BLACK
6
CONTINUOUS
10
-1.9757213779527558
20
-0.2236837401574803
11
-1.9757017322834645
21
-0.2238167716535433
0
LINE
8
BLACK
6
CONTINUOUS
10
-1.9757017322834645
20
-0.2238167716535433
11
-1.9756794488188976
21
-0.2238705118110236
0
LINE
8
BLACK
6
CONTINUOUS
10
-1.9756794488188976
20
-0.2238705118110236
11
-1.9756509842519685
21
-0.2241599212598425
0
LINE
8
BLACK
6
CONTINUOUS
10
-1.9756509842519685
20
-0.2241599212598425
11
-1.9756084645669292
21
-0.2244472047244094
0
LINE
8
BLACK
6
CONTINUOUS
10
-1.9756084645669292
20
-0.2244472047244094
11
-1.9756170472440944
21
-0.2245046062992126
0
LINE
8
BLACK
6
CONTINUOUS
10
-1.9756170472440944
20
-0.2245046062992126
11
-1.9756038188976377
21
-0.2246385826771654
0
LINE
8
BLACK
6
CONTINUOUS
10
-1.9756038188976377
20
-0.2246385826771654
11
-1.9756038188976377
21
-0.2319501574803149
0
LINE
8
BLACK
6
CONTINUOUS
10
-1.9756038188976377
20
-0.2319501574803149
11
-1.9756170472440944
21
-0.232084094488189
0
LINE
8
BLACK
6
CONTINUOUS
10
-1.9756170472440944
20
-0.232084094488189
11
-1.9756084645669292
21
-0.2321415354330709
0
LINE
8
BLACK
6
CONTINUOUS
10
-1.9756084645669292
20
-0.2321415354330709
11
-1.9756509842519685
21
-0.2324287795275591
0
LINE
8
BLACK
6
CONTINUOUS
10
-1.9756509842519685
20
-0.2324287795275591
11
-1.9756794488188976
21
-0.2327182283464567
0
LINE
8
BLACK
6
CONTINUOUS
10
-1.9756794488188976
20
-0.2327182283464567
11
-1.9757017322834645
21
-0.2327719291338583
0
LINE
8
BLACK
6
CONTINUOUS
10
-1.9757017322834645
20
-0.2327719291338583
11
-1.9757213779527558
21
-0.232905
0
LINE
8
BLACK
6
CONTINUOUS
10
-1.9757213779527558
20
-0.232905
11
-1.9781585433070865
21
-0.242653779527559
0
LINE
8
BLACK
6
CONTINUOUS
10
-1.9781585433070865
20
-0.242653779527559
11
-1.9781787795275589
21
-0.2427103543307086
0
LINE
8
BLACK
6
CONTINUOUS
10
-1.9781787795275589
20
-0.2427103543307086
11
-1.9781807874015747
21
-0.2427388188976378
0
LINE
8
BLACK
6
CONTINUOUS
10
-1.9781807874015747
20
-0.2427388188976378
11
-1.9783031889763778
21
-0.2430586614173228
0
LINE
8
BLACK
6
CONTINUOUS
10
-1.9783031889763778
20
-0.2430586614173228
11
-1.9784181889763779
21
-0.2433805905511811
0
LINE
8
BLACK
6
CONTINUOUS
10
-1.9784181889763779
20
-0.2433805905511811
11
-1.978435157480315
21
-0.2434034251968504
0
LINE
8
BLACK
6
CONTINUOUS
10
-1.978435157480315
20
-0.2434034251968504
11
-1.9784566141732283
21
-0.2434596062992126
0
LINE
8
BLACK
6
CONTINUOUS
10
-1.9784566141732283
20
-0.2434596062992126
11
-1.9808938188976377
21
-0.2483340157480315
0
LINE
8
BLACK
6
CONTINUOUS
10
-1.9808938188976377
20
-0.2483340157480315
11
-1.981101968503937
21
-0.2486646456692913
0
LINE
8
BLACK
6
CONTINUOUS
10
-1.981101968503937
20
-0.2486646456692913
11
-1.9811416929133858
21
-0.2487606299212598
0
LINE
8
BLACK
6
CONTINUOUS
10
-1.9811416929133858
20
-0.2487606299212598
11
-1.9812303543307086
21
-0.2488686220472441
0
LINE
8
BLACK
6
CONTINUOUS
10
-1.9812303543307086
20
-0.2488686220472441
11
-1.9813049606299211
21
-0.2489872047244094
0
LINE
8
BLACK
6
CONTINUOUS
10
-1.9813049606299211
20
-0.2489872047244094
11
-1.9813836220472441
21
-0.2490553937007874
0
LINE
8
BLACK
6
CONTINUOUS
10
-1.9813836220472441
20
-0.2490553937007874
11
-1.9816312992125984
21
-0.2493572440944882
0
LINE
8
BLACK
6
CONTINUOUS
10
-1.9816312992125984
20
-0.2493572440944882
11
-1.9865057086614173
21
-0.2542316535433071
0
LINE
8
BLACK
6
CONTINUOUS
10
-1.9865057086614173
20
-0.2542316535433071
11
-1.9871023228346456
21
-0.2547212598425197
0
LINE
8
BLACK
6
CONTINUOUS
10
-1.9871023228346456
20
-0.2547212598425197
11
-1.9872329527559054
21
-0.2547753543307086
0
LINE
8
BLACK
6
CONTINUOUS
10
-1.9872329527559054
20
-0.2547753543307086
11
-1.9873398818897636
21
-0.2548681102362205
0
LINE
8
BLACK
6
CONTINUOUS
10
-1.9873398818897636
20
-0.2548681102362205
11
-1.9880446062992125
21
-0.2551827165354331
0
LINE
8
BLACK
6
CONTINUOUS
10
-1.9880446062992125
20
-0.2551827165354331
11
-1.9953562204724409
21
-0.2576198818897638
0
LINE
8
BLACK
6
CONTINUOUS
10
-1.9953562204724409
20
-0.2576198818897638
11
-1.995736968503937
21
-0.2577064566929134
0
LINE
8
BLACK
6
CONTINUOUS
10
-1.995736968503937
20
-0.2577064566929134
11
-1.9958331102362203
21
-0.2577462992125984
0
LINE
8
BLACK
6
CONTINUOUS
10
-1.9958331102362203
20
-0.2577462992125984
11
-1.9959724803149606
21
-0.25776
0
LINE
8
BLACK
6
CONTINUOUS
10
-1.9959724803149606
20
-0.25776
11
-1.9961087795275589
21
-0.2577910236220473
0
LINE
8
BLACK
6
CONTINUOUS
10
-1.9961087795275589
20
-0.2577910236220473
11
-1.9962124803149606
21
-0.2577836220472441
0
LINE
8
BLACK
6
CONTINUOUS
10
-1.9962124803149606
20
-0.2577836220472441
11
-1.9966011811023621
21
-0.2578219291338583
0
LINE
8
BLACK
6
CONTINUOUS
10
-1.9966011811023621
20
-0.2578219291338583
11
-2.0087871653543306
21
-0.2578219291338583
0
LINE
8
BLACK
6
CONTINUOUS
10
-2.0087871653543306
20
-0.2578219291338583
11
-2.0095552362204723
21
-0.2577462992125984
0
LINE
8
BLACK
6
CONTINUOUS
10
-2.0095552362204723
20
-0.2577462992125984
11
-2.0109744488188976
21
-0.2571584251968504
0
LINE
8
BLACK
6
CONTINUOUS
10
-2.0109744488188976
20
-0.2571584251968504
11
-2.0120606692913388
21
-0.2560722047244094
0
LINE
8
BLACK
6
CONTINUOUS
10
-2.0120606692913388
20
-0.2560722047244094
11
-2.0126485433070864
21
-0.2546529921259842
0
LINE
8
BLACK
6
CONTINUOUS
10
-2.0126485433070864
20
-0.2546529921259842
11
-2.0127241732283463
21
-0.2538849212598425
0
LINE
8
BLACK
6
CONTINUOUS
10
-2.0127241732283463
20
-0.2538849212598425
11
-2.0127241732283463
21
-0.2027038188976378
0
LINE
8
BLACK
6
CONTINUOUS
10
-2.0127241732283463
20
-0.2027038188976378
11
-2.0126485433070864
21
-0.2019357480314961
0
LINE
8
BLACK
6
CONTINUOUS
10
-2.0126485433070864
20
-0.2019357480314961
11
-2.0120606692913388
21
-0.2005165354330709
0
LINE
8
BLACK
6
CONTINUOUS
10
-2.0120606692913388
20
-0.2005165354330709
11
-2.0109744488188976
21
-0.1994303149606299
0
LINE
8
BLACK
6
CONTINUOUS
10
-2.0109744488188976
20
-0.1994303149606299
11
-2.0095552362204723
21
-0.1988424409448819
0
LINE
8
BLACK
6
CONTINUOUS
10
-2.0095552362204723
20
-0.1988424409448819
11
-2.0087871653543306
21
-0.198766811023622
0
LINE
8
BLACK
6
CONTINUOUS
10
-2.0087871653543306
20
-0.198766811023622
11
-1.9966011811023621
21
-0.198766811023622
0
LINE
8
BLACK
6
CONTINUOUS
10
-1.9966011811023621
20
-0.198766811023622
11
-1.9962124803149606
21
-0.1988050787401575
0
LINE
8
BLACK
6
CONTINUOUS
10
-2.0048501574803148
20
-0.2499479133858268
11
-1.9972399999999999
21
-0.2499479133858268
0
LINE
8
BLACK
6
CONTINUOUS
10
-1.9972399999999999
20
-0.2499479133858268
11
-1.9914163385826771
21
-0.2480066535433071
0
LINE
8
BLACK
6
CONTINUOUS
10
-1.9914163385826771
20
-0.2480066535433071
11
-1.9876508661417323
21
-0.2442411811023622
0
LINE
8
BLACK
6
CONTINUOUS
10
-1.9876508661417323
20
-0.2442411811023622
11
-1.9856925984251967
21
-0.2403246456692913
0
LINE
8
BLACK
6
CONTINUOUS
10
-1.9856925984251967
20
-0.2403246456692913
11
-1.9834778346456692
21
-0.2314655118110236
0
LINE
8
BLACK
6
CONTINUOUS
10
-1.9834778346456692
20
-0.2314655118110236
11
-1.9834778346456692
21
-0.225123188976378
0
LINE
8
BLACK
6
CONTINUOUS
10
-1.9834778346456692
20
-0.225123188976378
11
-1.9856925984251967
21
-0.2162640551181102
0
LINE
8
BLACK
6
CONTINUOUS
10
-1.9856925984251967
20
-0.2162640551181102
11
-1.9876508661417323
21
-0.2123475590551181
0
LINE
8
BLACK
6
CONTINUOUS
10
-1.9876508661417323
20
-0.2123475590551181
11
-1.9914163779527558
21
-0.2085820472440945
0
LINE
8
BLACK
6
CONTINUOUS
10
-1.9914163779527558
20
-0.2085820472440945
11
-1.9972400393700787
21
-0.2066408267716535
0
LINE
8
BLACK
6
CONTINUOUS
10
-1.9972400393700787
20
-0.2066408267716535
11
-2.0048501574803148
21
-0.2066408267716535
0
LINE
8
BLACK
6
CONTINUOUS
10
-2.0048501574803148
20
-0.2066408267716535
11
-2.0048501574803148
21
-0.2499479133858268
0
LINE
8
BLACK
6
CONTINUOUS
10
-1.8692908661417322
20
-0.1988050787401575
11
-1.8691871653543306
21
-0.1987977165354331
0
LINE
8
BLACK
6
CONTINUOUS
10
-1.8691871653543306
20
-0.1987977165354331
11
-1.8690508267716535
21
-0.1988287007874016
0
LINE
8
BLACK
6
CONTINUOUS
10
-1.8690508267716535
20
-0.1988287007874016
11
-1.868911496062992
21
-0.1988424409448819
0
LINE
8
BLACK
6
CONTINUOUS
10
-1.868911496062992
20
-0.1988424409448819
11
-1.8688153543307087
21
-0.1988822440944882
0
LINE
8
BLACK
6
CONTINUOUS
10
-1.8688153543307087
20
-0.1988822440944882
11
-1.8684345669291338
21
-0.1989688582677165
0
LINE
8
BLACK
6
CONTINUOUS
10
-1.8684345669291338
20
-0.1989688582677165
11
-1.8611229527559054
21
-0.201406062992126
0
LINE
8
BLACK
6
CONTINUOUS
10
-1.8611229527559054
20
-0.201406062992126
11
-1.8604182283464568
21
-0.2017206692913386
0
LINE
8
BLACK
6
CONTINUOUS
10
-1.8604182283464568
20
-0.2017206692913386
11
-1.8592577165354329
21
-0.2027272047244094
0
LINE
8
BLACK
6
CONTINUOUS
10
-1.8592577165354329
20
-0.2027272047244094
11
-1.8585707480314959
21
-0.2041011417322835
0
LINE
8
BLACK
6
CONTINUOUS
10
-1.8585707480314959
20
-0.2041011417322835
11
-1.8584618503937007
21
-0.2056334645669291
0
LINE
8
BLACK
6
CONTINUOUS
10
-1.8584618503937007
20
-0.2056334645669291
11
-1.8589475984251969
21
-0.207090748031496
0
LINE
8
BLACK
6
CONTINUOUS
10
-1.8589475984251969
20
-0.207090748031496
11
-1.8599540944881889
21
-0.2082512204724409
0
LINE
8
BLACK
6
CONTINUOUS
10
-1.8599540944881889
20
-0.2082512204724409
11
-1.8613280708661417
21
-0.2089382283464567
0
LINE
8
BLACK
6
CONTINUOUS
10
-1.8613280708661417
20
-0.2089382283464567
11
-1.8628603543307085
21
-0.209047125984252
0
LINE
8
BLACK
6
CONTINUOUS
10
-1.8628603543307085
20
-0.209047125984252
11
-1.8636129527559055
21
-0.2088759842519685
0
LINE
8
BLACK
6
CONTINUOUS
10
-1.8636129527559055
20
-0.2088759842519685
11
-1.8703184251968503
21
-0.2066408267716535
0
LINE
8
BLACK
6
CONTINUOUS
10
-1.8703184251968503
20
-0.2066408267716535
11
-1.8809360629921259
21
-0.2066408267716535
0
LINE
8
BLACK
6
CONTINUOUS
10
-1.8809360629921259
20
-0.2066408267716535
11
-1.8844077952755904
21
-0.2083766535433071
0
LINE
8
BLACK
6
CONTINUOUS
10
-1.8844077952755904
20
-0.2083766535433071
11
-1.8859414960629921
21
-0.2099103543307086
0
LINE
8
BLACK
6
CONTINUOUS
10
-1.8859414960629921
20
-0.2099103543307086
11
-1.887677283464567
21
-0.213381968503937
0
LINE
8
BLACK
6
CONTINUOUS
10
-1.887677283464567
20
-0.213381968503937
11
-1.887677283464567
21
-0.2163975984251968
0
LINE
8
BLACK
6
CONTINUOUS
10
-1.887677283464567
20
-0.2163975984251968
11
-1.8859414960629921
21
-0.2198692125984252
0
LINE
8
BLACK
6
CONTINUOUS
10
-1.8859414960629921
20
-0.2198692125984252
11
-1.8844077952755904
21
-0.2214029133858268
0
LINE
8
BLACK
6
CONTINUOUS
10
-1.8844077952755904
20
-0.2214029133858268
11
-1.8804912992125984
21
-0.2233611417322835
0
LINE
8
BLACK
6
CONTINUOUS
10
-1.8804912992125984
20
-0.2233611417322835
11
-1.8711618503937006
21
-0.2256935433070866
0
LINE
8
BLACK
6
CONTINUOUS
10
-1.8711618503937006
20
-0.2256935433070866
11
-1.8711052362204723
21
-0.2257137401574803
0
LINE
8
BLACK
6
CONTINUOUS
10
-1.8711052362204723
20
-0.2257137401574803
11
-1.8710768503937008
21
-0.2257157874015748
0
LINE
8
BLACK
6
CONTINUOUS
10
-1.8710768503937008
20
-0.2257157874015748
11
-1.8707572440944882
21
-0.2258380708661417
0
LINE
8
BLACK
6
CONTINUOUS
10
-1.8707572440944882
20
-0.2258380708661417
11
-1.8704350787401574
21
-0.2259531889763779
0
LINE
8
BLACK
6
CONTINUOUS
10
-1.8704350787401574
20
-0.2259531889763779
11
-1.8704122440944881
21
-0.2259701181102362
0
LINE
8
BLACK
6
CONTINUOUS
10
-1.8704122440944881
20
-0.2259701181102362
11
-1.8703560629921259
21
-0.2259916141732283
0
LINE
8
BLACK
6
CONTINUOUS
10
-1.8703560629921259
20
-0.2259916141732283
11
-1.8654816929133857
21
-0.2284287795275591
0
LINE
8
BLACK
6
CONTINUOUS
10
-1.8654816929133857
20
-0.2284287795275591
11
-1.8651511417322835
21
-0.2286368503937008
0
LINE
8
BLACK
6
CONTINUOUS
10
-1.8651511417322835
20
-0.2286368503937008
11
-1.8650550787401574
21
-0.2286766535433071
0
LINE
8
BLACK
6
CONTINUOUS
10
-1.8650550787401574
20
-0.2286766535433071
11
-1.864946968503937
21
-0.2287653543307087
0
LINE
8
BLACK
6
CONTINUOUS
10
-1.864946968503937
20
-0.2287653543307087
11
-1.8648285433070866
21
-0.2288399212598425
0
LINE
8
BLACK
6
CONTINUOUS
10
-1.8648285433070866
20
-0.2288399212598425
11
-1.864760433070866
21
-0.2289184251968504
0
LINE
8
BLACK
6
CONTINUOUS
10
-1.864760433070866
20
-0.2289184251968504
11
-1.8644584645669291
21
-0.2291662598425197
0
LINE
8
BLACK
6
CONTINUOUS
10
-1.8644584645669291
20
-0.2291662598425197
11
-1.8620212598425196
21
-0.2316034645669291
0
LINE
8
BLACK
6
CONTINUOUS
10
-1.8620212598425196
20
-0.2316034645669291
11
-1.8617735826771653
21
-0.2319052755905512
0
LINE
8
BLACK
6
CONTINUOUS
10
-1.8617735826771653
20
-0.2319052755905512
11
-1.8616949212598424
21
-0.2319735039370079
0
LINE
8
BLACK
6
CONTINUOUS
10
-1.8616949212598424
20
-0.2319735039370079
11
-1.8616203149606299
21
-0.2320920472440945
0
LINE
8
BLACK
6
CONTINUOUS
10
-1.8616203149606299
20
-0.2320920472440945
11
-1.8615316535433071
21
-0.2322000787401575
0
LINE
8
BLACK
6
CONTINUOUS
10
-1.8615316535433071
20
-0.2322000787401575
11
-1.8614919291338583
21
-0.2322960236220472
0
LINE
8
BLACK
6
CONTINUOUS
10
-1.8614919291338583
20
-0.2322960236220472
11
-1.861283779527559
21
-0.2326266929133858
0
LINE
8
BLACK
6
CONTINUOUS
10
-1.861283779527559
20
-0.2326266929133858
11
-1.8588465748031495
21
-0.2375011023622047
0
LINE
8
BLACK
6
CONTINUOUS
10
-1.8588465748031495
20
-0.2375011023622047
11
-1.8585707480314959
21
-0.2382218897637795
0
LINE
8
BLACK
6
CONTINUOUS
10
-1.8585707480314959
20
-0.2382218897637795
11
-1.8585607480314961
21
-0.2383629527559055
0
LINE
8
BLACK
6
CONTINUOUS
10
-1.8585607480314961
20
-0.2383629527559055
11
-1.8585065748031495
21
-0.2384937007874016
0
LINE
8
BLACK
6
CONTINUOUS
10
-1.8585065748031495
20
-0.2384937007874016
11
-1.8584309448818896
21
-0.2392617716535433
0
LINE
8
BLACK
6
CONTINUOUS
10
-1.8584309448818896
20
-0.2392617716535433
11
-1.8584309448818896
21
-0.2441361417322835
0
LINE
8
BLACK
6
CONTINUOUS
10
-1.8584309448818896
20
-0.2441361417322835
11
-1.8585065748031495
21
-0.2449042125984252
0
LINE
8
BLACK
6
CONTINUOUS
10
-1.8585065748031495
20
-0.2449042125984252
11
-1.8585607480314961
21
-0.2450349212598425
0
LINE
8
BLACK
6
CONTINUOUS
10
-1.8585607480314961
20
-0.2450349212598425
11
-1.8585707480314959
21
-0.2451760236220472
0
LINE
8
BLACK
6
CONTINUOUS
10
-1.8585707480314959
20
-0.2451760236220472
11
-1.8588465748031495
21
-0.245896811023622
0
LINE
8
BLACK
6
CONTINUOUS
10
-1.8588465748031495
20
-0.245896811023622
11
-1.861283779527559
21
-0.2507712204724409
0
LINE
8
BLACK
6
CONTINUOUS
10
-1.861283779527559
20
-0.2507712204724409
11
-1.8614919291338583
21
-0.2511018503937008
0
LINE
8
BLACK
6
CONTINUOUS
10
-1.8614919291338583
20
-0.2511018503937008
11
-1.8615316535433071
21
-0.2511978346456693
0
LINE
8
BLACK
6
CONTINUOUS
10
-1.8615316535433071
20
-0.2511978346456693
11
-1.8616203149606299
21
-0.2513058267716535
0
LINE
8
BLACK
6
CONTINUOUS
10
-1.8616203149606299
20
-0.2513058267716535
11
-1.8616949212598424
21
-0.2514244094488189
0
LINE
8
BLACK
6
CONTINUOUS
10
-1.8616949212598424
20
-0.2514244094488189
11
-1.8617735826771653
21
-0.2514925984251968
0
LINE
8
BLACK
6
CONTINUOUS
10
-1.8617735826771653
20
-0.2514925984251968
11
-1.8620212598425196
21
-0.2517944488188976
0
LINE
8
BLACK
6
CONTINUOUS
10
-1.8620212598425196
20
-0.2517944488188976
11
-1.8644584645669291
21
-0.2542316535433071
0
LINE
8
BLACK
6
CONTINUOUS
10
-1.8644584645669291
20
-0.2542316535433071
11
-1.864760433070866
21
-0.2544794488188976
0
LINE
8
BLACK
6
CONTINUOUS
10
-1.864760433070866
20
-0.2544794488188976
11
-1.8648285433070866
21
-0.2545579921259842
0
LINE
8
BLACK
6
CONTINUOUS
10
-1.8648285433070866
20
-0.2545579921259842
11
-1.864946968503937
21
-0.2546325196850394
0
LINE
8
BLACK
6
CONTINUOUS
10
-1.864946968503937
20
-0.2546325196850394
11
-1.8650550787401574
21
-0.2547212598425197
0
LINE
8
BLACK
6
CONTINUOUS
10
-1.8650550787401574
20
-0.2547212598425197
11
-1.8651511417322835
21
-0.2547610236220472
0
LINE
8
BLACK
6
CONTINUOUS
10
-1.8651511417322835
20
-0.2547610236220472
11
-1.8654816929133857
21
-0.2549691338582677
0
LINE
8
BLACK
6
CONTINUOUS
10
-1.8654816929133857
20
-0.2549691338582677
11
-1.8703560629921259
21
-0.2574062992125984
0
LINE
8
BLACK
6
CONTINUOUS
10
-1.8703560629921259
20
-0.2574062992125984
11
-1.8710768503937008
21
-0.2576821259842519
0
LINE
8
BLACK
6
CONTINUOUS
10
-1.8710768503937008
20
-0.2576821259842519
11
-1.8712179527559054
21
-0.257692125984252
0
LINE
8
BLACK
6
CONTINUOUS
10
-1.8712179527559054
20
-0.257692125984252
11
-1.8713486614173227
21
-0.2577462992125984
0
LINE
8
BLACK
6
CONTINUOUS
10
-1.8713486614173227
20
-0.2577462992125984
11
-1.8721167322834644
21
-0.2578219291338583
0
LINE
8
BLACK
6
CONTINUOUS
10
-1.8721167322834644
20
-0.2578219291338583
11
-1.8843027165354331
21
-0.2578219291338583
0
LINE
8
BLACK
6
CONTINUOUS
10
-1.8843027165354331
20
-0.2578219291338583
11
-1.8846914566929134
21
-0.2577836220472441
0
LINE
8
BLACK
6
CONTINUOUS
10
-1.8846914566929134
20
-0.2577836220472441
11
-1.8847951181102363
21
-0.2577910236220473
0
LINE
8
BLACK
6
CONTINUOUS
10
-1.8847951181102363
20
-0.2577910236220473
11
-1.8849315354330709
21
-0.25776
0
LINE
8
BLACK
6
CONTINUOUS
10
-1.8849315354330709
20
-0.25776
11
-1.8850707874015749
21
-0.2577462992125984
0
LINE
8
BLACK
6
CONTINUOUS
10
-1.8850707874015749
20
-0.2577462992125984
11
-1.8851668897637794
21
-0.2577064960629921
0
LINE
8
BLACK
6
CONTINUOUS
10
-1.8851668897637794
20
-0.2577064960629921
11
-1.8855476771653543
21
-0.2576199212598425
0
LINE
8
BLACK
6
CONTINUOUS
10
-1.8855476771653543
20
-0.2576199212598425
11
-1.8928592519685039
21
-0.2551827165354331
0
LINE
8
BLACK
6
CONTINUOUS
10
-1.8928592519685039
20
-0.2551827165354331
11
-1.8935640157480313
21
-0.2548681102362205
0
LINE
8
BLACK
6
CONTINUOUS
10
-1.8935640157480313
20
-0.2548681102362205
11
-1.8947244881889764
21
-0.2538616141732283
0
LINE
8
BLACK
6
CONTINUOUS
10
-1.8947244881889764
20
-0.2538616141732283
11
-1.895411496062992
21
-0.2524876377952756
0
LINE
8
BLACK
6
CONTINUOUS
10
-1.895411496062992
20
-0.2524876377952756
11
-1.8955203937007874
21
-0.2509553543307086
0
LINE
8
BLACK
6
CONTINUOUS
10
-1.8955203937007874
20
-0.2509553543307086
11
-1.8950346456692913
21
-0.249498031496063
0
LINE
8
BLACK
6
CONTINUOUS
10
-1.8950346456692913
20
-0.249498031496063
11
-1.8940281496062992
21
-0.2483375590551181
0
LINE
8
BLACK
6
CONTINUOUS
10
-1.8940281496062992
20
-0.2483375590551181
11
-1.8926541732283464
21
-0.2476505511811024
0
LINE
8
BLACK
6
CONTINUOUS
10
-1.8926541732283464
20
-0.2476505511811024
11
-1.8911218897637796
21
-0.2475416535433071
0
LINE
8
BLACK
6
CONTINUOUS
10
-1.8911218897637796
20
-0.2475416535433071
11
-1.8903693307086613
21
-0.2477127952755905
0
LINE
8
BLACK
6
CONTINUOUS
10
-1.8903693307086613
20
-0.2477127952755905
11
-1.8836638582677165
21
-0.2499479133858268
0
LINE
8
BLACK
6
CONTINUOUS
10
-1.8836638582677165
20
-0.2499479133858268
11
-1.8730461417322835
21
-0.2499479133858268
0
LINE
8
BLACK
6
CONTINUOUS
10
-1.8730461417322835
20
-0.2499479133858268
11
-1.8695745275590552
21
-0.2482120866141732
0
LINE
8
BLACK
6
CONTINUOUS
10
-1.8695745275590552
20
-0.2482120866141732
11
-1.8680408267716535
21
-0.2466783858267717
0
LINE
8
BLACK
6
CONTINUOUS
10
-1.8680408267716535
20
-0.2466783858267717
11
-1.8663049606299211
21
-0.2432066929133858
0
LINE
8
BLACK
6
CONTINUOUS
10
-1.8663049606299211
20
-0.2432066929133858
11
-1.8663049606299211
21
-0.2401911811023622
0
LINE
8
BLACK
6
CONTINUOUS
10
-1.8663049606299211
20
-0.2401911811023622
11
-1.8680408267716535
21
-0.2367194881889764
0
LINE
8
BLACK
6
CONTINUOUS
10
-1.8680408267716535
20
-0.2367194881889764
11
-1.8695745275590552
21
-0.2351857874015748
0
LINE
8
BLACK
6
CONTINUOUS
10
-1.8695745275590552
20
-0.2351857874015748
11
-1.873490905511811
21
-0.2332275984251969
0
LINE
8
BLACK
6
CONTINUOUS
10
-1.873490905511811
20
-0.2332275984251969
11
-1.8828203937007875
21
-0.2308952362204724
0
LINE
8
BLACK
6
CONTINUOUS
10
-1.8828203937007875
20
-0.2308952362204724
11
-1.8828770472440945
21
-0.230875
0
LINE
8
BLACK
6
CONTINUOUS
10
-1.8828770472440945
20
-0.230875
11
-1.8829053937007874
21
-0.2308729921259842
0
LINE
8
BLACK
6
CONTINUOUS
10
-1.8829053937007874
20
-0.2308729921259842
11
-1.8832250393700787
21
-0.2307506692913386
0
LINE
8
BLACK
6
CONTINUOUS
10
-1.8832250393700787
20
-0.2307506692913386
11
-1.8835471653543308
21
-0.2306355905511811
0
LINE
8
BLACK
6
CONTINUOUS
10
-1.8835471653543308
20
-0.2306355905511811
11
-1.8835700393700787
21
-0.2306186220472441
0
LINE
8
BLACK
6
CONTINUOUS
10
-1.8835700393700787
20
-0.2306186220472441
11
-1.8836261811023622
21
-0.2305971653543307
0
LINE
8
BLACK
6
CONTINUOUS
10
-1.8836261811023622
20
-0.2305971653543307
11
-1.8885005905511811
21
-0.2281599606299212
0
LINE
8
BLACK
6
CONTINUOUS
10
-1.8885005905511811
20
-0.2281599606299212
11
-1.8888312598425196
21
-0.2279518110236221
0
LINE
8
BLACK
6
CONTINUOUS
10
-1.8888312598425196
20
-0.2279518110236221
11
-1.8889272047244094
21
-0.2279120866141732
0
LINE
8
BLACK
6
CONTINUOUS
10
-1.8889272047244094
20
-0.2279120866141732
11
-1.8890352362204723
21
-0.2278234251968504
0
LINE
8
BLACK
6
CONTINUOUS
10
-1.8890352362204723
20
-0.2278234251968504
11
-1.889153779527559
21
-0.2277488188976378
0
LINE
8
BLACK
6
CONTINUOUS
10
-1.889153779527559
20
-0.2277488188976378
11
-1.8892220078740156
21
-0.227670157480315
0
LINE
8
BLACK
6
CONTINUOUS
10
-1.8892220078740156
20
-0.227670157480315
11
-1.8895238188976378
21
-0.2274224803149606
0
LINE
8
BLACK
6
CONTINUOUS
10
-1.8895238188976378
20
-0.2274224803149606
11
-1.8919610236220472
21
-0.2249852755905512
0
LINE
8
BLACK
6
CONTINUOUS
10
-1.8919610236220472
20
-0.2249852755905512
11
-1.8922088582677166
21
-0.2246833070866142
0
LINE
8
BLACK
6
CONTINUOUS
10
-1.8922088582677166
20
-0.2246833070866142
11
-1.8922873622047243
21
-0.2246151968503937
0
LINE
8
BLACK
6
CONTINUOUS
10
-1.8922873622047243
20
-0.2246151968503937
11
-1.8923619291338583
21
-0.2244967716535433
0
LINE
8
BLACK
6
CONTINUOUS
10
-1.8923619291338583
20
-0.2244967716535433
11
-1.8924506299212598
21
-0.2243886614173228
0
LINE
8
BLACK
6
CONTINUOUS
10
-1.8924506299212598
20
-0.2243886614173228
11
-1.8924904330708661
21
-0.2242925984251968
0
LINE
8
BLACK
6
CONTINUOUS
10
-1.8924904330708661
20
-0.2242925984251968
11
-1.8926985039370079
21
-0.2239620472440945
0
LINE
8
BLACK
6
CONTINUOUS
10
-1.8926985039370079
20
-0.2239620472440945
11
-1.8951356692913386
21
-0.2190876771653543
0
LINE
8
BLACK
6
CONTINUOUS
10
-1.8951356692913386
20
-0.2190876771653543
11
-1.895411496062992
21
-0.2183668897637795
0
LINE
8
BLACK
6
CONTINUOUS
10
-1.895411496062992
20
-0.2183668897637795
11
-1.8954215354330708
21
-0.2182257874015748
0
LINE
8
BLACK
6
CONTINUOUS
10
-1.8954215354330708
20
-0.2182257874015748
11
-1.8954756692913386
21
-0.2180950787401575
0
LINE
8
BLACK
6
CONTINUOUS
10
-1.8954756692913386
20
-0.2180950787401575
11
-1.8955512992125985
21
-0.2173270078740157
0
LINE
8
BLACK
6
CONTINUOUS
10
-1.8955512992125985
20
-0.2173270078740157
11
-1.8955512992125985
21
-0.2124525984251968
0
LINE
8
BLACK
6
CONTINUOUS
10
-1.8955512992125985
20
-0.2124525984251968
11
-1.8954756692913386
21
-0.2116845275590551
0
LINE
8
BLACK
6
CONTINUOUS
10
-1.8954756692913386
20
-0.2116845275590551
11
-1.8954215354330708
21
-0.211553779527559
0
LINE
8
BLACK
6
CONTINUOUS
10
-1.8954215354330708
20
-0.211553779527559
11
-1.895411496062992
21
-0.2114127165354331
0
LINE
8
BLACK
6
CONTINUOUS
10
-1.895411496062992
20
-0.2114127165354331
11
-1.8951356692913386
21
-0.2106919291338583
0
LINE
8
BLACK
6
CONTINUOUS
10
-1.8951356692913386
20
-0.2106919291338583
11
-1.8926985039370079
21
-0.2058175590551181
0
LINE
8
BLACK
6
CONTINUOUS
10
-1.8926985039370079
20
-0.2058175590551181
11
-1.8924904330708661
21
-0.205486968503937
0
LINE
8
BLACK
6
CONTINUOUS
10
-1.8924904330708661
20
-0.205486968503937
11
-1.8924506299212598
21
-0.2053909448818897
0
LINE
8
BLACK
6
CONTINUOUS
10
-1.8924506299212598
20
-0.2053909448818897
11
-1.8923619291338583
21
-0.2052827952755905
0
LINE
8
BLACK
6
CONTINUOUS
10
-1.8923619291338583
20
-0.2052827952755905
11
-1.8922873622047243
21
-0.2051644094488189
0
LINE
8
BLACK
6
CONTINUOUS
10
-1.8922873622047243
20
-0.2051644094488189
11
-1.8922088582677166
21
-0.2050962598425197
0
LINE
8
BLACK
6
CONTINUOUS
10
-1.8922088582677166
20
-0.2050962598425197
11
-1.8919610236220472
21
-0.2047943307086614
0
LINE
8
BLACK
6
CONTINUOUS
10
-1.8919610236220472
20
-0.2047943307086614
11
-1.8895238188976378
21
-0.202357125984252
0
LINE
8
BLACK
6
CONTINUOUS
10
-1.8895238188976378
20
-0.202357125984252
11
-1.8892220078740156
21
-0.2021094094488189
0
LINE
8
BLACK
6
CONTINUOUS
10
-1.8892220078740156
20
-0.2021094094488189
11
-1.889153779527559
21
-0.2020307874015748
0
LINE
8
BLACK
6
CONTINUOUS
10
-1.889153779527559
20
-0.2020307874015748
11
-1.8890352362204723
21
-0.2019561417322835
0
LINE
8
BLACK
6
CONTINUOUS
10
-1.8890352362204723
20
-0.2019561417322835
11
-1.8889272047244094
21
-0.2018675196850394
0
LINE
8
BLACK
6
CONTINUOUS
10
-1.8889272047244094
20
-0.2018675196850394
11
-1.8888312598425196
21
-0.2018277559055118
0
LINE
8
BLACK
6
CONTINUOUS
10
-1.8888312598425196
20
-0.2018277559055118
11
-1.8885005905511811
21
-0.2016196456692913
0
LINE
8
BLACK
6
CONTINUOUS
10
-1.8885005905511811
20
-0.2016196456692913
11
-1.8836261811023622
21
-0.1991824409448819
0
LINE
8
BLACK
6
CONTINUOUS
10
-1.8836261811023622
20
-0.1991824409448819
11
-1.8829053937007874
21
-0.1989066141732283
0
LINE
8
BLACK
6
CONTINUOUS
10
-1.8829053937007874
20
-0.1989066141732283
11
-1.8827643307086614
21
-0.1988965748031496
0
LINE
8
BLACK
6
CONTINUOUS
10
-1.8827643307086614
20
-0.1988965748031496
11
-1.8826335826771654
21
-0.1988424409448819
0
LINE
8
BLACK
6
CONTINUOUS
10
-1.8826335826771654
20
-0.1988424409448819
11
-1.8818655118110237
21
-0.198766811023622
0
LINE
8
BLACK
6
CONTINUOUS
10
-1.8818655118110237
20
-0.198766811023622
11
-1.8696795669291337
21
-0.198766811023622
0
LINE
8
BLACK
6
CONTINUOUS
10
-1.8696795669291337
20
-0.198766811023622
11
-1.8692908661417322
21
-0.1988050787401575
0
LINE
8
BLACK
6
CONTINUOUS
10
-1.9200925984251969
20
-0.1988424409448819
11
-1.9199618897637796
21
-0.1988965748031496
0
LINE
8
BLACK
6
CONTINUOUS
10
-1.9199618897637796
20
-0.1988965748031496
11
-1.9198207874015747
21
-0.1989066141732283
0
LINE
8
BLACK
6
CONTINUOUS
10
-1.9198207874015747
20
-0.1989066141732283
11
-1.9191
21
-0.1991824409448819
0
LINE
8
BLACK
6
CONTINUOUS
10
-1.9191
20
-0.1991824409448819
11
-1.9142255511811024
21
-0.2016196456692913
0
LINE
8
BLACK
6
CONTINUOUS
10
-1.9142255511811024
20
-0.2016196456692913
11
-1.9138949212598424
21
-0.2018277559055118
0
LINE
8
BLACK
6
CONTINUOUS
10
-1.9138949212598424
20
-0.2018277559055118
11
-1.9137989763779528
21
-0.2018675196850394
0
LINE
8
BLACK
6
CONTINUOUS
10
-1.9137989763779528
20
-0.2018675196850394
11
-1.9136909842519685
21
-0.2019561417322835
0
LINE
8
BLACK
6
CONTINUOUS
10
-1.9136909842519685
20
-0.2019561417322835
11
-1.913572401574803
21
-0.2020307874015748
0
LINE
8
BLACK
6
CONTINUOUS
10
-1.913572401574803
20
-0.2020307874015748
11
-1.9135042125984252
21
-0.2021094094488189
0
LINE
8
BLACK
6
CONTINUOUS
10
-1.9135042125984252
20
-0.2021094094488189
11
-1.9132023622047243
21
-0.202357125984252
0
LINE
8
BLACK
6
CONTINUOUS
10
-1.9132023622047243
20
-0.202357125984252
11
-1.9107651574803148
21
-0.2047943307086614
0
LINE
8
BLACK
6
CONTINUOUS
10
-1.9107651574803148
20
-0.2047943307086614
11
-1.9105173622047245
21
-0.2050962992125984
0
LINE
8
BLACK
6
CONTINUOUS
10
-1.9105173622047245
20
-0.2050962992125984
11
-1.9104388188976378
21
-0.2051644094488189
0
LINE
8
BLACK
6
CONTINUOUS
10
-1.9104388188976378
20
-0.2051644094488189
11
-1.9103642913385825
21
-0.2052827952755905
0
LINE
8
BLACK
6
CONTINUOUS
10
-1.9103642913385825
20
-0.2052827952755905
11
-1.9102755511811023
21
-0.2053909448818897
0
LINE
8
BLACK
6
CONTINUOUS
10
-1.9102755511811023
20
-0.2053909448818897
11
-1.9102357874015747
21
-0.205486968503937
0
LINE
8
BLACK
6
CONTINUOUS
10
-1.9102357874015747
20
-0.205486968503937
11
-1.9100276771653544
21
-0.2058175590551181
0
LINE
8
BLACK
6
CONTINUOUS
10
-1.9100276771653544
20
-0.2058175590551181
11
-1.9075905118110237
21
-0.2106919291338583
0
LINE
8
BLACK
6
CONTINUOUS
10
-1.9075905118110237
20
-0.2106919291338583
11
-1.9073146850393701
21
-0.2114127165354331
0
LINE
8
BLACK
6
CONTINUOUS
10
-1.9073146850393701
20
-0.2114127165354331
11
-1.90730468503937
21
-0.211553779527559
0
LINE
8
BLACK
6
CONTINUOUS
10
-1.90730468503937
20
-0.211553779527559
11
-1.9072505118110237
21
-0.2116845275590551
0
LINE
8
BLACK
6
CONTINUOUS
10
-1.9072505118110237
20
-0.2116845275590551
11
-1.9071748818897638
21
-0.2124525984251968
0
LINE
8
BLACK
6
CONTINUOUS
10
-1.9071748818897638
20
-0.2124525984251968
11
-1.9071748818897638
21
-0.2197642125984252
0
LINE
8
BLACK
6
CONTINUOUS
10
-1.9071748818897638
20
-0.2197642125984252
11
-1.9072505118110237
21
-0.2205322834645669
0
LINE
8
BLACK
6
CONTINUOUS
10
-1.9072505118110237
20
-0.2205322834645669
11
-1.90730468503937
21
-0.2206629921259843
0
LINE
8
BLACK
6
CONTINUOUS
10
-1.90730468503937
20
-0.2206629921259843
11
-1.9073146850393701
21
-0.220804094488189
0
LINE
8
BLACK
6
CONTINUOUS
10
-1.9073146850393701
20
-0.220804094488189
11
-1.9075905118110237
21
-0.2215248818897638
0
LINE
8
BLACK
6
CONTINUOUS
10
-1.9075905118110237
20
-0.2215248818897638
11
-1.9100276771653544
21
-0.2263992519685039
0
LINE
8
BLACK
6
CONTINUOUS
10
-1.9100276771653544
20
-0.2263992519685039
11
-1.9102357874015747
21
-0.2267298031496063
0
LINE
8
BLACK
6
CONTINUOUS
10
-1.9102357874015747
20
-0.2267298031496063
11
-1.9102755511811023
21
-0.2268258661417323
0
LINE
8
BLACK
6
CONTINUOUS
10
-1.9102755511811023
20
-0.2268258661417323
11
-1.9103642913385825
21
-0.2269339763779528
0
LINE
8
BLACK
6
CONTINUOUS
10
-1.9103642913385825
20
-0.2269339763779528
11
-1.9104388188976378
21
-0.2270524015748031
0
LINE
8
BLACK
6
CONTINUOUS
10
-1.9104388188976378
20
-0.2270524015748031
11
-1.9105173622047245
21
-0.2271204724409449
0
LINE
8
BLACK
6
CONTINUOUS
10
-1.9105173622047245
20
-0.2271204724409449
11
-1.9107651574803148
21
-0.2274224803149606
0
LINE
8
BLACK
6
CONTINUOUS
10
-1.9107651574803148
20
-0.2274224803149606
11
-1.9132023622047243
21
-0.2298596850393701
0
LINE
8
BLACK
6
CONTINUOUS
10
-1.9132023622047243
20
-0.2298596850393701
11
-1.9135042125984252
21
-0.2301073622047244
0
LINE
8
BLACK
6
CONTINUOUS
10
-1.9135042125984252
20
-0.2301073622047244
11
-1.913572401574803
21
-0.2301860236220472
0
LINE
8
BLACK
6
CONTINUOUS
10
-1.913572401574803
20
-0.2301860236220472
11
-1.9136909842519685
21
-0.2302606299212598
0
LINE
8
BLACK
6
CONTINUOUS
10
-1.9136909842519685
20
-0.2302606299212598
11
-1.9137989763779528
21
-0.2303492913385827
0
LINE
8
BLACK
6
CONTINUOUS
10
-1.9137989763779528
20
-0.2303492913385827
11
-1.9138949212598424
21
-0.2303890157480315
0
LINE
8
BLACK
6
CONTINUOUS
10
-1.9138949212598424
20
-0.2303890157480315
11
-1.9142255511811024
21
-0.2305971653543307
0
LINE
8
BLACK
6
CONTINUOUS
10
-1.9142255511811024
20
-0.2305971653543307
11
-1.9191
21
-0.2330343700787401
0
LINE
8
BLACK
6
CONTINUOUS
10
-1.9191
20
-0.2330343700787401
11
-1.9198207874015747
21
-0.2333101968503937
0
LINE
8
BLACK
6
CONTINUOUS
10
-1.9198207874015747
20
-0.2333101968503937
11
-1.9199618897637796
21
-0.2333201968503937
0
LINE
8
BLACK
6
CONTINUOUS
10
-1.9199618897637796
20
-0.2333201968503937
11
-1.9200925984251969
21
-0.2333743700787402
0
LINE
8
BLACK
6
CONTINUOUS
10
-1.9200925984251969
20
-0.2333743700787402
11
-1.9206267716535432
21
-0.2334269291338583
0
LINE
8
BLACK
6
CONTINUOUS
10
-1.9206267716535432
20
-0.2334269291338583
11
-1.9078865748031495
21
-0.2516272047244095
0
LINE
8
BLACK
6
CONTINUOUS
10
-1.9078865748031495
20
-0.2516272047244095
11
-1.9075080708661416
21
-0.2522998031496063
0
LINE
8
BLACK
6
CONTINUOUS
10
-1.9075080708661416
20
-0.2522998031496063
11
-1.9071758267716534
21
-0.2537995669291339
0
LINE
8
BLACK
6
CONTINUOUS
10
-1.9071758267716534
20
-0.2537995669291339
11
-1.9074427559055118
21
-0.2553123622047244
0
LINE
8
BLACK
6
CONTINUOUS
10
-1.9074427559055118
20
-0.2553123622047244
11
-1.9082683070866142
21
-0.2566078346456693
0
LINE
8
BLACK
6
CONTINUOUS
10
-1.9082683070866142
20
-0.2566078346456693
11
-1.9095267716535433
21
-0.2574887401574803
0
LINE
8
BLACK
6
CONTINUOUS
10
-1.9095267716535433
20
-0.2574887401574803
11
-1.9110265748031496
21
-0.2578209842519685
0
LINE
8
BLACK
6
CONTINUOUS
10
-1.9110265748031496
20
-0.2578209842519685
11
-1.9125393307086613
21
-0.2575540551181102
0
LINE
8
BLACK
6
CONTINUOUS
10
-1.9125393307086613
20
-0.2575540551181102
11
-1.9138348031496062
21
-0.2567285039370079
0
LINE
8
BLACK
6
CONTINUOUS
10
-1.9138348031496062
20
-0.2567285039370079
11
-1.9143372047244094
21
-0.2561426377952756
0
LINE
8
BLACK
6
CONTINUOUS
10
-1.9143372047244094
20
-0.2561426377952756
11
-1.9302220472440945
21
-0.23345
0
LINE
8
BLACK
6
CONTINUOUS
10
-1.9302220472440945
20
-0.23345
11
-1.9364212204724409
21
-0.23345
0
LINE
8
BLACK
6
CONTINUOUS
10
-1.9364212204724409
20
-0.23345
11
-1.9364212204724409
21
-0.2538849212598425
0
LINE
8
BLACK
6
CONTINUOUS
10
-1.9364212204724409
20
-0.2538849212598425
11
-1.9364968503937008
21
-0.2546529921259842
0
LINE
8
BLACK
6
CONTINUOUS
10
-1.9364968503937008
20
-0.2546529921259842
11
-1.9370847244094487
21
-0.2560722047244094
0
LINE
8
BLACK
6
CONTINUOUS
10
-1.9370847244094487
20
-0.2560722047244094
11
-1.9381709448818898
21
-0.2571584251968504
0
LINE
8
BLACK
6
CONTINUOUS
10
-1.9381709448818898
20
-0.2571584251968504
11
-1.9395901574803149
21
-0.2577462992125984
0
LINE
8
BLACK
6
CONTINUOUS
10
-1.9395901574803149
20
-0.2577462992125984
11
-1.9411262992125984
21
-0.2577462992125984
0
LINE
8
BLACK
6
CONTINUOUS
10
-1.9411262992125984
20
-0.2577462992125984
11
-1.9425455118110235
21
-0.2571584251968504
0
LINE
8
BLACK
6
CONTINUOUS
10
-1.9425455118110235
20
-0.2571584251968504
11
-1.9436317322834644
21
-0.2560722047244094
0
LINE
8
BLACK
6
CONTINUOUS
10
-1.9436317322834644
20
-0.2560722047244094
11
-1.9442196062992125
21
-0.2546529921259842
0
LINE
8
BLACK
6
CONTINUOUS
10
-1.9442196062992125
20
-0.2546529921259842
11
-1.9442952362204724
21
-0.2538849212598425
0
LINE
8
BLACK
6
CONTINUOUS
10
-1.9442952362204724
20
-0.2538849212598425
11
-1.9442952362204724
21
-0.2027038188976378
0
LINE
8
BLACK
6
CONTINUOUS
10
-1.9442952362204724
20
-0.2027038188976378
11
-1.9442196062992125
21
-0.2019357480314961
0
LINE
8
BLACK
6
CONTINUOUS
10
-1.9442196062992125
20
-0.2019357480314961
11
-1.9436317322834644
21
-0.2005165354330709
0
LINE
8
BLACK
6
CONTINUOUS
10
-1.9436317322834644
20
-0.2005165354330709
11
-1.9425455118110235
21
-0.1994303149606299
0
LINE
8
BLACK
6
CONTINUOUS
10
-1.9425455118110235
20
-0.1994303149606299
11
-1.9411262992125984
21
-0.1988424409448819
0
LINE
8
BLACK
6
CONTINUOUS
10
-1.9411262992125984
20
-0.1988424409448819
11
-1.9403582283464567
21
-0.198766811023622
0
LINE
8
BLACK
6
CONTINUOUS
10
-1.9403582283464567
20
-0.198766811023622
11
-1.9208606692913386
21
-0.198766811023622
0
LINE
8
BLACK
6
CONTINUOUS
10
-1.9208606692913386
20
-0.198766811023622
11
-1.9200925984251969
21
-0.1988424409448819
0
LINE
8
BLACK
6
CONTINUOUS
10
-1.9364212204724409
20
-0.2255759842519685
11
-1.9217900787401574
21
-0.2255759842519685
0
LINE
8
BLACK
6
CONTINUOUS
10
-1.9217900787401574
20
-0.2255759842519685
11
-1.9183184251968504
21
-0.223840157480315
0
LINE
8
BLACK
6
CONTINUOUS
10
-1.9183184251968504
20
-0.223840157480315
11
-1.9167847244094487
21
-0.2223064173228347
0
LINE
8
BLACK
6
CONTINUOUS
10
-1.9167847244094487
20
-0.2223064173228347
11
-1.9150488976377953
21
-0.2188348031496063
0
LINE
8
BLACK
6
CONTINUOUS
10
-1.9150488976377953
20
-0.2188348031496063
11
-1.9150488976377953
21
-0.213381968503937
0
LINE
8
BLACK
6
CONTINUOUS
10
-1.9150488976377953
20
-0.213381968503937
11
-1.9167847244094487
21
-0.2099103543307086
0
LINE
8
BLACK
6
CONTINUOUS
10
-1.9167847244094487
20
-0.2099103543307086
11
-1.9183184251968504
21
-0.2083766535433071
0
LINE
8
BLACK
6
CONTINUOUS
10
-1.9183184251968504
20
-0.2083766535433071
11
-1.9217900787401574
21
-0.2066408267716535
0
LINE
8
BLACK
6
CONTINUOUS
10
-1.9217900787401574
20
-0.2066408267716535
11
-1.9364212204724409
21
-0.2066408267716535
0
LINE
8
BLACK
6
CONTINUOUS
10
-1.9364212204724409
20
-0.2066408267716535
11
-1.9364212204724409
21
-0.2255759842519685
0
LINE
8
BLACK
6
CONTINUOUS
10
-2.0618883858267716
20
-0.1988424409448819
11
-2.0616374015748029
21
-0.1988424409448819
0
LINE
8
BLACK
6
CONTINUOUS
10
-2.0616374015748029
20
-0.1988424409448819
11
-2.0611535433070864
21
-0.199042874015748
0
LINE
8
BLACK
6
CONTINUOUS
10
-2.0611535433070864
20
-0.199042874015748
11
-2.060648464566929
21
-0.1991806299212598
0
LINE
8
BLACK
6
CONTINUOUS
10
-2.060648464566929
20
-0.1991806299212598
11
-2.0604501181102362
21
-0.1993342519685039
0
LINE
8
BLACK
6
CONTINUOUS
10
-2.0604501181102362
20
-0.1993342519685039
11
-2.060218188976378
21
-0.1994303149606299
0
LINE
8
BLACK
6
CONTINUOUS
10
-2.060218188976378
20
-0.1994303149606299
11
-2.0598479133858265
21
-0.1998005905511811
0
LINE
8
BLACK
6
CONTINUOUS
10
-2.0598479133858265
20
-0.1998005905511811
11
-2.0594339370078738
21
-0.2001211811023622
0
LINE
8
BLACK
6
CONTINUOUS
10
-2.0594339370078738
20
-0.2001211811023622
11
-2.059205472440945
21
-0.200443031496063
0
LINE
8
BLACK
6
CONTINUOUS
10
-2.059205472440945
20
-0.200443031496063
11
-2.0591319685039369
21
-0.2005165354330709
0
LINE
8
BLACK
6
CONTINUOUS
10
-2.0591319685039369
20
-0.2005165354330709
11
-2.0591021259842521
21
-0.2005886614173228
0
LINE
8
BLACK
6
CONTINUOUS
10
-2.0591021259842521
20
-0.2005886614173228
11
-2.0589872047244095
21
-0.2007505118110236
0
LINE
8
BLACK
6
CONTINUOUS
10
-2.0589872047244095
20
-0.2007505118110236
11
-2.0370961417322833
21
-0.239059842519685
0
LINE
8
BLACK
6
CONTINUOUS
10
-2.0370961417322833
20
-0.239059842519685
11
-2.0370961417322833
21
-0.2027038188976378
0
LINE
8
BLACK
6
CONTINUOUS
10
-2.0370961417322833
20
-0.2027038188976378
11
-2.0370205118110234
21
-0.2019357480314961
0
LINE
8
BLACK
6
CONTINUOUS
10
-2.0370205118110234
20
-0.2019357480314961
11
-2.0364326377952757
21
-0.2005165354330709
0
LINE
8
BLACK
6
CONTINUOUS
10
-2.0364326377952757
20
-0.2005165354330709
11
-2.0353464173228346
21
-0.1994303149606299
0
LINE
8
BLACK
6
CONTINUOUS
10
-2.0353464173228346
20
-0.1994303149606299
11
-2.0339272047244092
21
-0.1988424409448819
0
LINE
8
BLACK
6
CONTINUOUS
10
-2.0339272047244092
20
-0.1988424409448819
11
-2.0323910629921258
21
-0.1988424409448819
0
LINE
8
BLACK
6
CONTINUOUS
10
-2.0323910629921258
20
-0.1988424409448819
11
-2.0309718503937009
21
-0.1994303149606299
0
LINE
8
BLACK
6
CONTINUOUS
10
-2.0309718503937009
20
-0.1994303149606299
11
-2.0298856299212598
21
-0.2005165354330709
0
LINE
8
BLACK
6
CONTINUOUS
10
-2.0298856299212598
20
-0.2005165354330709
11
-2.0292977559055116
21
-0.2019357480314961
0
LINE
8
BLACK
6
CONTINUOUS
10
-2.0292977559055116
20
-0.2019357480314961
11
-2.0292221259842518
21
-0.2027038188976378
0
LINE
8
BLACK
6
CONTINUOUS
10
-2.0292221259842518
20
-0.2027038188976378
11
-2.0292221259842518
21
-0.2538849212598425
0
LINE
8
BLACK
6
CONTINUOUS
10
-2.0292221259842518
20
-0.2538849212598425
11
-2.0292416141732281
21
-0.2540824409448819
0
LINE
8
BLACK
6
CONTINUOUS
10
-2.0292416141732281
20
-0.2540824409448819
11
-2.0292317322834643
21
-0.2541598818897638
0
LINE
8
BLACK
6
CONTINUOUS
10
-2.0292317322834643
20
-0.2541598818897638
11
-2.029259094488189
21
-0.2542600787401575
0
LINE
8
BLACK
6
CONTINUOUS
10
-2.029259094488189
20
-0.2542600787401575
11
-2.0292977559055116
21
-0.2546529921259842
0
LINE
8
BLACK
6
CONTINUOUS
10
-2.0292977559055116
20
-0.2546529921259842
11
-2.0294982283464567
21
-0.2551368897637795
0
LINE
8
BLACK
6
CONTINUOUS
10
-2.0294982283464567
20
-0.2551368897637795
11
-2.0296359448818899
21
-0.2556419291338582
0
LINE
8
BLACK
6
CONTINUOUS
10
-2.0296359448818899
20
-0.2556419291338582
11
-2.0297896062992127
21
-0.2558402755905512
0
LINE
8
BLACK
6
CONTINUOUS
10
-2.0297896062992127
20
-0.2558402755905512
11
-2.0298856299212598
21
-0.2560722047244094
0
LINE
8
BLACK
6
CONTINUOUS
10
-2.0298856299212598
20
-0.2560722047244094
11
-2.0302559448818895
21
-0.2564424803149606
0
LINE
8
BLACK
6
CONTINUOUS
10
-2.0302559448818895
20
-0.2564424803149606
11
-2.030576496062992
21
-0.2568564566929134
0
LINE
8
BLACK
6
CONTINUOUS
10
-2.030576496062992
20
-0.2568564566929134
11
-2.0307944094488191
21
-0.2569809448818898
0
LINE
8
BLACK
6
CONTINUOUS
10
-2.0307944094488191
20
-0.2569809448818898
11
-2.0309718503937009
21
-0.2571584251968504
0
LINE
8
BLACK
6
CONTINUOUS
10
-2.0309718503937009
20
-0.2571584251968504
11
-2.0314557086614173
21
-0.2573588188976378
0
LINE
8
BLACK
6
CONTINUOUS
10
-2.0314557086614173
20
-0.2573588188976378
11
-2.0319102362204724
21
-0.2576185826771654
0
LINE
8
BLACK
6
CONTINUOUS
10
-2.0319102362204724
20
-0.2576185826771654
11
-2.0321591338582676
21
-0.2576501968503937
0
LINE
8
BLACK
6
CONTINUOUS
10
-2.0321591338582676
20
-0.2576501968503937
11
-2.0323910629921258
21
-0.2577462992125984
0
LINE
8
BLACK
6
CONTINUOUS
10
-2.0323910629921258
20
-0.2577462992125984
11
-2.032915
21
-0.2577462992125984
0
LINE
8
BLACK
6
CONTINUOUS
10
-2.032915
20
-0.2577462992125984
11
-2.0334341338582678
21
-0.2578122834645669
0
LINE
8
BLACK
6
CONTINUOUS
10
-2.0334341338582678
20
-0.2578122834645669
11
-2.033676062992126
21
-0.2577462992125984
0
LINE
8
BLACK
6
CONTINUOUS
10
-2.033676062992126
20
-0.2577462992125984
11
-2.0339272047244092
21
-0.2577462992125984
0
LINE
8
BLACK
6
CONTINUOUS
10
-2.0339272047244092
20
-0.2577462992125984
11
-2.0344112204724407
21
-0.2575457874015748
0
LINE
8
BLACK
6
CONTINUOUS
10
-2.0344112204724407
20
-0.2575457874015748
11
-2.0349161417322836
21
-0.2574081102362205
0
LINE
8
BLACK
6
CONTINUOUS
10
-2.0349161417322836
20
-0.2574081102362205
11
-2.0351145275590552
21
-0.2572544488188976
0
LINE
8
BLACK
6
CONTINUOUS
10
-2.0351145275590552
20
-0.2572544488188976
11
-2.0353464173228346
21
-0.2571584251968504
0
LINE
8
BLACK
6
CONTINUOUS
10
-2.0353464173228346
20
-0.2571584251968504
11
-2.0357167322834644
21
-0.2567881102362204
0
LINE
8
BLACK
6
CONTINUOUS
10
-2.0357167322834644
20
-0.2567881102362204
11
-2.0361306692913383
21
-0.2564675590551181
0
LINE
8
BLACK
6
CONTINUOUS
10
-2.0361306692913383
20
-0.2564675590551181
11
-2.0363592125984251
21
-0.2561456299212598
0
LINE
8
BLACK
6
CONTINUOUS
10
-2.0363592125984251
20
-0.2561456299212598
11
-2.0364326377952757
21
-0.2560722047244094
0
LINE
8
BLACK
6
CONTINUOUS
10
-2.0364326377952757
20
-0.2560722047244094
11
-2.0364624803149605
21
-0.256000157480315
0
LINE
8
BLACK
6
CONTINUOUS
10
-2.0364624803149605
20
-0.256000157480315
11
-2.0365774409448818
21
-0.2558382283464567
0
LINE
8
BLACK
6
CONTINUOUS
10
-2.0365774409448818
20
-0.2558382283464567
11
-2.0584684645669289
21
-0.2175288582677165
0
LINE
8
BLACK
6
CONTINUOUS
10
-2.0584684645669289
20
-0.2175288582677165
11
-2.0584684645669289
21
-0.2538849212598425
0
LINE
8
BLACK
6
CONTINUOUS
10
-2.0584684645669289
20
-0.2538849212598425
11
-2.0585440944881888
21
-0.2546529921259842
0
LINE
8
BLACK
6
CONTINUOUS
10
-2.0585440944881888
20
-0.2546529921259842
11
-2.0591319685039369
21
-0.2560722047244094
0
LINE
8
BLACK
6
CONTINUOUS
10
-2.0591319685039369
20
-0.2560722047244094
11
-2.060218188976378
21
-0.2571584251968504
0
LINE
8
BLACK
6
CONTINUOUS
10
-2.060218188976378
20
-0.2571584251968504
11
-2.0616374015748029
21
-0.2577462992125984
0
LINE
8
BLACK
6
CONTINUOUS
10
-2.0616374015748029
20
-0.2577462992125984
11
-2.0631735433070864
21
-0.2577462992125984
0
LINE
8
BLACK
6
CONTINUOUS
10
-2.0631735433070864
20
-0.2577462992125984
11
-2.0645927559055117
21
-0.2571584251968504
0
LINE
8
BLACK
6
CONTINUOUS
10
-2.0645927559055117
20
-0.2571584251968504
11
-2.0656789763779528
21
-0.2560722047244094
0
LINE
8
BLACK
6
CONTINUOUS
10
-2.0656789763779528
20
-0.2560722047244094
11
-2.0662668503937009
21
-0.2546529921259842
0
LINE
8
BLACK
6
CONTINUOUS
10
-2.0662668503937009
20
-0.2546529921259842
11
-2.0663424803149604
21
-0.2538849212598425
0
LINE
8
BLACK
6
CONTINUOUS
10
-2.0663424803149604
20
-0.2538849212598425
11
-2.0663424803149604
21
-0.2027038188976378
0
LINE
8
BLACK
6
CONTINUOUS
10
-2.0663424803149604
20
-0.2027038188976378
11
-2.0663230314960628
21
-0.2025062598425197
0
LINE
8
BLACK
6
CONTINUOUS
10
-2.0663230314960628
20
-0.2025062598425197
11
-2.0663328740157478
21
-0.2024288188976378
0
LINE
8
BLACK
6
CONTINUOUS
10
-2.0663328740157478
20
-0.2024288188976378
11
-2.0663055511811024
21
-0.2023285433070866
0
LINE
8
BLACK
6
CONTINUOUS
10
-2.0663055511811024
20
-0.2023285433070866
11
-2.0662668503937009
21
-0.2019357480314961
0
LINE
8
BLACK
6
CONTINUOUS
10
-2.0662668503937009
20
-0.2019357480314961
11
-2.0660664173228347
21
-0.2014518503937008
0
LINE
8
BLACK
6
CONTINUOUS
10
-2.0660664173228347
20
-0.2014518503937008
11
-2.0659286614173227
21
-0.2009468110236221
0
LINE
8
BLACK
6
CONTINUOUS
10
-2.0659286614173227
20
-0.2009468110236221
11
-2.0657750393700787
21
-0.2007484251968504
0
LINE
8
BLACK
6
CONTINUOUS
10
-2.0657750393700787
20
-0.2007484251968504
11
-2.0656789763779528
21
-0.2005165354330709
0
LINE
8
BLACK
6
CONTINUOUS
10
-2.0656789763779528
20
-0.2005165354330709
11
-2.0653087007874014
21
-0.2001462204724409
0
LINE
8
BLACK
6
CONTINUOUS
10
-2.0653087007874014
20
-0.2001462204724409
11
-2.0649881102362206
21
-0.1997322834645669
0
LINE
8
BLACK
6
CONTINUOUS
10
-2.0649881102362206
20
-0.1997322834645669
11
-2.0647702362204723
21
-0.1996077559055118
0
LINE
8
BLACK
6
CONTINUOUS
10
-2.0647702362204723
20
-0.1996077559055118
11
-2.0645927559055117
21
-0.1994303149606299
0
LINE
8
BLACK
6
CONTINUOUS
10
-2.0645927559055117
20
-0.1994303149606299
11
-2.064109094488189
21
-0.1992299606299213
0
LINE
8
BLACK
6
CONTINUOUS
10
-2.064109094488189
20
-0.1992299606299213
11
-2.0636543700787402
21
-0.1989701181102362
0
LINE
8
BLACK
6
CONTINUOUS
10
-2.0636543700787402
20
-0.1989701181102362
11
-2.0634053937007875
21
-0.1989384645669291
0
LINE
8
BLACK
6
CONTINUOUS
10
-2.0634053937007875
20
-0.1989384645669291
11
-2.0631735433070864
21
-0.1988424409448819
0
LINE
8
BLACK
6
CONTINUOUS
10
-2.0631735433070864
20
-0.1988424409448819
11
-2.0626498818897638
21
-0.1988424409448819
0
LINE
8
BLACK
6
CONTINUOUS
10
-2.0626498818897638
20
-0.1988424409448819
11
-2.0621304724409448
21
-0.1987764173228346
0
LINE
8
BLACK
6
CONTINUOUS
10
-2.0621304724409448
20
-0.1987764173228346
11
-2.0618883858267716
21
-0.1988424409448819
0
LINE
8
BLACK
6
CONTINUOUS
10
-1.8177303937007874
20
-0.1988424409448819
11
-1.8163111811023622
21
-0.1994303149606299
0
LINE
8
BLACK
6
CONTINUOUS
10
-1.8163111811023622
20
-0.1994303149606299
11
-1.8152249606299211
21
-0.2005165354330709
0
LINE
8
BLACK
6
CONTINUOUS
10
-1.8152249606299211
20
-0.2005165354330709
11
-1.8146370866141732
21
-0.2019357480314961
0
LINE
8
BLACK
6
CONTINUOUS
10
-1.8146370866141732
20
-0.2019357480314961
11
-1.8146370866141732
21
-0.2034718897637795
0
LINE
8
BLACK
6
CONTINUOUS
10
-1.8146370866141732
20
-0.2034718897637795
11
-1.8152249606299211
21
-0.2048911023622047
0
LINE
8
BLACK
6
CONTINUOUS
10
-1.8152249606299211
20
-0.2048911023622047
11
-1.8163111811023622
21
-0.2059773228346457
0
LINE
8
BLACK
6
CONTINUOUS
10
-1.8163111811023622
20
-0.2059773228346457
11
-1.8177303937007874
21
-0.2065651968503937
0
LINE
8
BLACK
6
CONTINUOUS
10
-1.8177303937007874
20
-0.2065651968503937
11
-1.8184984645669291
21
-0.2066408267716535
0
LINE
8
BLACK
6
CONTINUOUS
10
-1.8184984645669291
20
-0.2066408267716535
11
-1.8291846062992125
21
-0.2066408267716535
0
LINE
8
BLACK
6
CONTINUOUS
10
-1.8291846062992125
20
-0.2066408267716535
11
-1.8291846062992125
21
-0.2538849212598425
0
LINE
8
BLACK
6
CONTINUOUS
10
-1.8291846062992125
20
-0.2538849212598425
11
-1.8292602362204724
21
-0.2546529921259842
0
LINE
8
BLACK
6
CONTINUOUS
10
-1.8292602362204724
20
-0.2546529921259842
11
-1.8298481102362205
21
-0.2560722047244094
0
LINE
8
BLACK
6
CONTINUOUS
10
-1.8298481102362205
20
-0.2560722047244094
11
-1.8309343307086614
21
-0.2571584251968504
0
LINE
8
BLACK
6
CONTINUOUS
10
-1.8309343307086614
20
-0.2571584251968504
11
-1.8323535433070866
21
-0.2577462992125984
0
LINE
8
BLACK
6
CONTINUOUS
10
-1.8323535433070866
20
-0.2577462992125984
11
-1.83388968503937
21
-0.2577462992125984
0
LINE
8
BLACK
6
CONTINUOUS
10
-1.83388968503937
20
-0.2577462992125984
11
-1.8353088976377951
21
-0.2571584251968504
0
LINE
8
BLACK
6
CONTINUOUS
10
-1.8353088976377951
20
-0.2571584251968504
11
-1.8363951181102363
21
-0.2560722047244094
0
LINE
8
BLACK
6
CONTINUOUS
10
-1.8363951181102363
20
-0.2560722047244094
11
-1.8369829921259841
21
-0.2546529921259842
0
LINE
8
BLACK
6
CONTINUOUS
10
-1.8369829921259841
20
-0.2546529921259842
11
-1.837058622047244
21
-0.2538849212598425
0
LINE
8
BLACK
6
CONTINUOUS
10
-1.837058622047244
20
-0.2538849212598425
11
-1.837058622047244
21
-0.2066408267716535
0
LINE
8
BLACK
6
CONTINUOUS
10
-1.837058622047244
20
-0.2066408267716535
11
-1.8477448031496062
21
-0.2066408267716535
0
LINE
8
BLACK
6
CONTINUOUS
10
-1.8477448031496062
20
-0.2066408267716535
11
-1.8485128740157479
21
-0.2065651968503937
0
LINE
8
BLACK
6
CONTINUOUS
10
-1.8485128740157479
20
-0.2065651968503937
11
-1.8499320866141731
21
-0.2059773228346457
0
LINE
8
BLACK
6
CONTINUOUS
10
-1.8499320866141731
20
-0.2059773228346457
11
-1.8510183070866142
21
-0.2048911023622047
0
LINE
8
BLACK
6
CONTINUOUS
10
-1.8510183070866142
20
-0.2048911023622047
11
-1.8516061811023621
21
-0.2034718897637795
0
LINE
8
BLACK
6
CONTINUOUS
10
-1.8516061811023621
20
-0.2034718897637795
11
-1.8516061811023621
21
-0.2019357480314961
0
LINE
8
BLACK
6
CONTINUOUS
10
-1.8516061811023621
20
-0.2019357480314961
11
-1.8510183070866142
21
-0.2005165354330709
0
LINE
8
BLACK
6
CONTINUOUS
10
-1.8510183070866142
20
-0.2005165354330709
11
-1.8499320866141731
21
-0.1994303149606299
0
LINE
8
BLACK
6
CONTINUOUS
10
-1.8499320866141731
20
-0.1994303149606299
11
-1.8485128740157479
21
-0.1988424409448819
0
LINE
8
BLACK
6
CONTINUOUS
10
-1.8485128740157479
20
-0.1988424409448819
11
-1.8477448031496062
21
-0.198766811023622
0
LINE
8
BLACK
6
CONTINUOUS
10
-1.8477448031496062
20
-0.198766811023622
11
-1.8184984645669291
21
-0.198766811023622
0
LINE
8
BLACK
6
CONTINUOUS
10
-1.8184984645669291
20
-0.198766811023622
11
-1.8177303937007874
21
-0.1988424409448819
0
LINE
8
BLACK
6
CONTINUOUS
10
-1.817974094488189
20
-0.1846336220472441
11
-1.8165548818897637
21
-0.1852214960629921
0
LINE
8
BLACK
6
CONTINUOUS
10
-1.8165548818897637
20
-0.1852214960629921
11
-1.8154686614173228
21
-0.1863077165354331
0
LINE
8
BLACK
6
CONTINUOUS
10
-1.8154686614173228
20
-0.1863077165354331
11
-1.8148807874015747
21
-0.1877269291338583
0
LINE
8
BLACK
6
CONTINUOUS
10
-1.8148807874015747
20
-0.1877269291338583
11
-1.8148807874015747
21
-0.1892630708661417
0
LINE
8
BLACK
6
CONTINUOUS
10
-1.8148807874015747
20
-0.1892630708661417
11
-1.8154686614173228
21
-0.1906822834645669
0
LINE
8
BLACK
6
CONTINUOUS
10
-1.8154686614173228
20
-0.1906822834645669
11
-1.8165548818897637
21
-0.1917685039370079
0
LINE
8
BLACK
6
CONTINUOUS
10
-1.8165548818897637
20
-0.1917685039370079
11
-1.817974094488189
21
-0.1923563779527559
0
LINE
8
BLACK
6
CONTINUOUS
10
-1.817974094488189
20
-0.1923563779527559
11
-1.8187421653543308
21
-0.1924320078740157
0
LINE
8
BLACK
6
CONTINUOUS
10
-1.8187421653543308
20
-0.1924320078740157
11
-1.9474260629921258
21
-0.1924320078740157
0
LINE
8
BLACK
6
CONTINUOUS
10
-1.9474260629921258
20
-0.1924320078740157
11
-1.9481941338582676
21
-0.1923563779527559
0
LINE
8
BLACK
6
CONTINUOUS
10
-1.9481941338582676
20
-0.1923563779527559
11
-1.9496133464566929
21
-0.1917685039370079
0
LINE
8
BLACK
6
CONTINUOUS
10
-1.9496133464566929
20
-0.1917685039370079
11
-1.9506995669291338
21
-0.1906822834645669
0
LINE
8
BLACK
6
CONTINUOUS
10
-1.9506995669291338
20
-0.1906822834645669
11
-1.9512874409448819
21
-0.1892630708661417
0
LINE
8
BLACK
6
CONTINUOUS
10
-1.9512874409448819
20
-0.1892630708661417
11
-1.9512874409448819
21
-0.1877269291338583
0
LINE
8
BLACK
6
CONTINUOUS
10
-1.9512874409448819
20
-0.1877269291338583
11
-1.9506995669291338
21
-0.1863077165354331
0
LINE
8
BLACK
6
CONTINUOUS
10
-1.9506995669291338
20
-0.1863077165354331
11
-1.9496133464566929
21
-0.1852214960629921
0
LINE
8
BLACK
6
CONTINUOUS
10
-1.9496133464566929
20
-0.1852214960629921
11
-1.9481941338582676
21
-0.1846336220472441
0
LINE
8
BLACK
6
CONTINUOUS
10
-1.9481941338582676
20
-0.1846336220472441
11
-1.9474260629921258
21
-0.1845579921259843
0
LINE
8
BLACK
6
CONTINUOUS
10
-1.9474260629921258
20
-0.1845579921259843
11
-1.8187421653543308
21
-0.1845579921259843
0
LINE
8
BLACK
6
CONTINUOUS
10
-1.8187421653543308
20
-0.1845579921259843
11
-1.817974094488189
21
-0.1846336220472441
0
LINE
8
BLACK
6
CONTINUOUS
10
-1.752423937007874
20
-0.1723244488188976
11
-1.751359527559055
21
-0.1727653543307087
0
LINE
8
BLACK
6
CONTINUOUS
10
-1.751359527559055
20
-0.1727653543307087
11
-1.7505448818897638
21
-0.17358
0
LINE
8
BLACK
6
CONTINUOUS
10
-1.7505448818897638
20
-0.17358
11
-1.7501039763779527
21
-0.1746444094488189
0
LINE
8
BLACK
6
CONTINUOUS
10
-1.7501039763779527
20
-0.1746444094488189
11
-1.7500472440944881
21
-0.1752204724409449
0
LINE
8
BLACK
6
CONTINUOUS
10
-1.7500472440944881
20
-0.1752204724409449
11
-1.7500472440944881
21
-0.439
0
LINE
8
BLACK
6
CONTINUOUS
10
-1.7500472440944881
20
-0.439
11
-1.7501039763779527
21
-0.439576062992126
0
LINE
8
BLACK
6
CONTINUOUS
10
-1.7501039763779527
20
-0.439576062992126
11
-1.7505448818897638
21
-0.4406404724409449
0
LINE
8
BLACK
6
CONTINUOUS
10
-1.7505448818897638
20
-0.4406404724409449
11
-1.751359527559055
21
-0.4414551181102362
0
LINE
8
BLACK
6
CONTINUOUS
10
-1.751359527559055
20
-0.4414551181102362
11
-1.752423937007874
21
-0.4418960236220472
0
LINE
8
BLACK
6
CONTINUOUS
10
-1.752423937007874
20
-0.4418960236220472
11
-1.7529999999999999
21
-0.4419527559055118
0
LINE
8
BLACK
6
CONTINUOUS
10
-1.7529999999999999
20
-0.4419527559055118
11
-2.1506377952755904
21
-0.4419527559055118
0
LINE
8
BLACK
6
CONTINUOUS
10
-2.1506377952755904
20
-0.4419527559055118
11
-2.1512138582677163
21
-0.4418960236220472
0
LINE
8
BLACK
6
CONTINUOUS
10
-2.1512138582677163
20
-0.4418960236220472
11
-2.1522782677165355
21
-0.4414551181102362
0
LINE
8
BLACK
6
CONTINUOUS
10
-2.1522782677165355
20
-0.4414551181102362
11
-2.1530929133858265
21
-0.4406404724409449
0
LINE
8
BLACK
6
CONTINUOUS
10
-2.1530929133858265
20
-0.4406404724409449
11
-2.1535338188976376
21
-0.439576062992126
0
LINE
8
BLACK
6
CONTINUOUS
10
-2.1535338188976376
20
-0.439576062992126
11
-2.1535905511811024
21
-0.439
0
LINE
8
BLACK
6
CONTINUOUS
10
-2.1535905511811024
20
-0.439
11
-2.1535905511811024
21
-0.1752204724409449
0
LINE
8
BLACK
6
CONTINUOUS
10
-2.1535905511811024
20
-0.1752204724409449
11
-2.1535338188976376
21
-0.1746444094488189
0
LINE
8
BLACK
6
CONTINUOUS
10
-2.1535338188976376
20
-0.1746444094488189
11
-2.1530929133858265
21
-0.17358
0
LINE
8
BLACK
6
CONTINUOUS
10
-2.1530929133858265
20
-0.17358
11
-2.1522782677165355
21
-0.1727653543307087
0
LINE
8
BLACK
6
CONTINUOUS
10
-2.1522782677165355
20
-0.1727653543307087
11
-2.1512138582677163
21
-0.1723244488188976
0
LINE
8
BLACK
6
CONTINUOUS
10
-2.1512138582677163
20
-0.1723244488188976
11
-2.1506377952755904
21
-0.1722677165354331
0
LINE
8
BLACK
6
CONTINUOUS
10
-2.1506377952755904
20
-0.1722677165354331
11
-1.7529999999999999
21
-0.1722677165354331
0
LINE
8
BLACK
6
CONTINUOUS
10
-1.7529999999999999
20
-0.1722677165354331
11
-1.752423937007874
21
-0.1723244488188976
0
LINE
8
BLACK
6
CONTINUOUS
10
-2.1476850393700788
20
-0.1781732283464567
11
-2.1476850393700788
21
-0.4360472440944882
0
LINE
8
BLACK
6
CONTINUOUS
10
-2.1476850393700788
20
-0.4360472440944882
11
-1.7559527559055117
21
-0.4360472440944882
0
LINE
8
BLACK
6
CONTINUOUS
10
-1.7559527559055117
20
-0.4360472440944882
11
-1.7559527559055117
21
-0.1781732283464567
0
LINE
8
BLACK
6
CONTINUOUS
10
-1.7559527559055117
20
-0.1781732283464567
11
-2.1476850393700788
21
-0.1781732283464567
0
LINE
8
BLACK
6
CONTINUOUS
10
-1.8933874409448819
20
0.3752309448818897
11
-1.8922486220472441
21
0.3742
0
LINE
8
BLACK
6
CONTINUOUS
10
-1.8922486220472441
20
0.3742
11
-1.8915910236220472
21
0.3728116929133858
0
LINE
8
BLACK
6
CONTINUOUS
10
-1.8915910236220472
20
0.3728116929133858
11
-1.8915147244094488
21
0.3712774409448819
0
LINE
8
BLACK
6
CONTINUOUS
10
-1.8915147244094488
20
0.3712774409448819
11
-1.8917018503937006
21
0.3705287007874016
0
LINE
8
BLACK
6
CONTINUOUS
10
-1.8917018503937006
20
0.3705287007874016
11
-1.9038877952755906
21
0.3364079527559055
0
LINE
8
BLACK
6
CONTINUOUS
10
-1.9038877952755906
20
0.3364079527559055
11
-1.90391937007874
21
0.3363411417322835
0
LINE
8
BLACK
6
CONTINUOUS
10
-1.90391937007874
20
0.3363411417322835
11
-1.90394
21
0.3362699606299213
0
LINE
8
BLACK
6
CONTINUOUS
10
-1.90394
20
0.3362699606299213
11
-1.9088144094488189
21
0.3240839763779528
0
LINE
8
BLACK
6
CONTINUOUS
10
-1.9088144094488189
20
0.3240839763779528
11
-1.9091698818897638
21
0.323398937007874
0
LINE
8
BLACK
6
CONTINUOUS
10
-1.9091698818897638
20
0.323398937007874
11
-1.9091870078740156
21
0.3233814173228347
0
LINE
8
BLACK
6
CONTINUOUS
10
-1.9091870078740156
20
0.3233814173228347
11
-1.9091963385826771
21
0.3233588582677165
0
LINE
8
BLACK
6
CONTINUOUS
10
-1.9091963385826771
20
0.3233588582677165
11
-1.9096859448818897
21
0.3227622440944882
0
LINE
8
BLACK
6
CONTINUOUS
10
-1.9096859448818897
20
0.3227622440944882
11
-1.9121231496062991
21
0.3203250393700787
0
LINE
8
BLACK
6
CONTINUOUS
10
-1.9121231496062991
20
0.3203250393700787
11
-1.912425
21
0.3200773622047244
0
LINE
8
BLACK
6
CONTINUOUS
10
-1.912425
20
0.3200773622047244
11
-1.9124931889763779
21
0.3199987007874016
0
LINE
8
BLACK
6
CONTINUOUS
10
-1.9124931889763779
20
0.3199987007874016
11
-1.9126117716535433
21
0.319924094488189
0
LINE
8
BLACK
6
CONTINUOUS
10
-1.9126117716535433
20
0.319924094488189
11
-1.9127197637795275
21
0.3198354330708661
0
LINE
8
BLACK
6
CONTINUOUS
10
-1.9127197637795275
20
0.3198354330708661
11
-1.9128157086614173
21
0.3197957086614173
0
LINE
8
BLACK
6
CONTINUOUS
10
-1.9128157086614173
20
0.3197957086614173
11
-1.913146338582677
21
0.3195875590551181
0
LINE
8
BLACK
6
CONTINUOUS
10
-1.913146338582677
20
0.3195875590551181
11
-1.9180207086614174
21
0.3171503543307087
0
LINE
8
BLACK
6
CONTINUOUS
10
-1.9180207086614174
20
0.3171503543307087
11
-1.9187415354330708
21
0.3168745275590551
0
LINE
8
BLACK
6
CONTINUOUS
10
-1.9187415354330708
20
0.3168745275590551
11
-1.9202738188976378
21
0.3167656299212598
0
LINE
8
BLACK
6
CONTINUOUS
10
-1.9202738188976378
20
0.3167656299212598
11
-1.9217311417322833
21
0.3172514173228346
0
LINE
8
BLACK
6
CONTINUOUS
10
-1.9217311417322833
20
0.3172514173228346
11
-1.9228916535433069
21
0.318257874015748
0
LINE
8
BLACK
6
CONTINUOUS
10
-1.9228916535433069
20
0.318257874015748
11
-1.9235786220472439
21
0.3196318503937008
0
LINE
8
BLACK
6
CONTINUOUS
10
-1.9235786220472439
20
0.3196318503937008
11
-1.9236875196850394
21
0.3211641338582677
0
LINE
8
BLACK
6
CONTINUOUS
10
-1.9236875196850394
20
0.3211641338582677
11
-1.9232017322834645
21
0.3226214566929134
0
LINE
8
BLACK
6
CONTINUOUS
10
-1.9232017322834645
20
0.3226214566929134
11
-1.9221952755905511
21
0.323781968503937
0
LINE
8
BLACK
6
CONTINUOUS
10
-1.9221952755905511
20
0.323781968503937
11
-1.921542125984252
21
0.3241931102362204
0
LINE
8
BLACK
6
CONTINUOUS
10
-1.921542125984252
20
0.3241931102362204
11
-1.9172392125984252
21
0.3263446062992126
0
LINE
8
BLACK
6
CONTINUOUS
10
-1.9172392125984252
20
0.3263446062992126
11
-1.9158251574803149
21
0.3277586614173228
0
LINE
8
BLACK
6
CONTINUOUS
10
-1.9158251574803149
20
0.3277586614173228
11
-1.9118041732283464
21
0.337811062992126
0
LINE
8
BLACK
6
CONTINUOUS
10
-1.9118041732283464
20
0.337811062992126
11
-1.9234890551181103
21
0.3705286614173228
0
LINE
8
BLACK
6
CONTINUOUS
10
-1.9234890551181103
20
0.3705286614173228
11
-1.9236761811023622
21
0.3712774409448819
0
LINE
8
BLACK
6
CONTINUOUS
10
-1.9236761811023622
20
0.3712774409448819
11
-1.9235998818897637
21
0.3728116929133858
0
LINE
8
BLACK
6
CONTINUOUS
10
-1.9235998818897637
20
0.3728116929133858
11
-1.9229422834645669
21
0.3741999606299212
0
LINE
8
BLACK
6
CONTINUOUS
10
-1.9229422834645669
20
0.3741999606299212
11
-1.9218034645669291
21
0.375230905511811
0
LINE
8
BLACK
6
CONTINUOUS
10
-1.9218034645669291
20
0.375230905511811
11
-1.920356811023622
21
0.3757475984251968
0
LINE
8
BLACK
6
CONTINUOUS
10
-1.920356811023622
20
0.3757475984251968
11
-1.918822559055118
21
0.3756712992125984
0
LINE
8
BLACK
6
CONTINUOUS
10
-1.918822559055118
20
0.3756712992125984
11
-1.9174342913385827
21
0.3750137007874016
0
LINE
8
BLACK
6
CONTINUOUS
10
-1.9174342913385827
20
0.3750137007874016
11
-1.916403346456693
21
0.3738748818897638
0
LINE
8
BLACK
6
CONTINUOUS
10
-1.916403346456693
20
0.3738748818897638
11
-1.9160737795275591
21
0.3731770078740158
0
LINE
8
BLACK
6
CONTINUOUS
10
-1.9160737795275591
20
0.3731770078740158
11
-1.9075954724409447
21
0.349437716535433
0
LINE
8
BLACK
6
CONTINUOUS
10
-1.9075954724409447
20
0.349437716535433
11
-1.8991171259842519
21
0.3731770078740158
0
LINE
8
BLACK
6
CONTINUOUS
10
-1.8991171259842519
20
0.3731770078740158
11
-1.898787559055118
21
0.3738748818897638
0
LINE
8
BLACK
6
CONTINUOUS
10
-1.898787559055118
20
0.3738748818897638
11
-1.8977566141732283
21
0.3750137007874016
0
LINE
8
BLACK
6
CONTINUOUS
10
-1.8977566141732283
20
0.3750137007874016
11
-1.8963683464566929
21
0.3756712992125984
0
LINE
8
BLACK
6
CONTINUOUS
10
-1.8963683464566929
20
0.3756712992125984
11
-1.894834094488189
21
0.3757475984251968
0
LINE
8
BLACK
6
CONTINUOUS
10
-1.894834094488189
20
0.3757475984251968
11
-1.8933874409448819
21
0.3752309448818897
0
LINE
8
BLACK
6
CONTINUOUS
10
-2.1978715748031497
20
0.3751263385826771
11
-2.1967853543307085
21
0.3740401181102362
0
LINE
8
BLACK
6
CONTINUOUS
10
-2.1967853543307085
20
0.3740401181102362
11
-2.1961974803149604
21
0.372620905511811
0
LINE
8
BLACK
6
CONTINUOUS
10
-2.1961974803149604
20
0.372620905511811
11
-2.1961218503937006
21
0.3718528346456693
0
LINE
8
BLACK
6
CONTINUOUS
10
-2.1961218503937006
20
0.3718528346456693
11
-2.1961218503937006
21
0.3459731102362205
0
LINE
8
BLACK
6
CONTINUOUS
10
-2.1961218503937006
20
0.3459731102362205
11
-2.1946872047244095
21
0.343103779527559
0
LINE
8
BLACK
6
CONTINUOUS
10
-2.1946872047244095
20
0.343103779527559
11
-2.1918178740157481
21
0.3416691338582677
0
LINE
8
BLACK
6
CONTINUOUS
10
-2.1918178740157481
20
0.3416691338582677
11
-2.1863650787401574
21
0.3416691338582677
0
LINE
8
BLACK
6
CONTINUOUS
10
-2.1863650787401574
20
0.3416691338582677
11
-2.1828934645669289
21
0.3434049606299213
0
LINE
8
BLACK
6
CONTINUOUS
10
-2.1828934645669289
20
0.3434049606299213
11
-2.1820611023622045
21
0.3442372834645669
0
LINE
8
BLACK
6
CONTINUOUS
10
-2.1820611023622045
20
0.3442372834645669
11
-2.1820611023622045
21
0.3718528346456693
0
LINE
8
BLACK
6
CONTINUOUS
10
-2.1820611023622045
20
0.3718528346456693
11
-2.1819854724409447
21
0.372620905511811
0
LINE
8
BLACK
6
CONTINUOUS
10
-2.1819854724409447
20
0.372620905511811
11
-2.181397598425197
21
0.3740401181102362
0
LINE
8
BLACK
6
CONTINUOUS
10
-2.181397598425197
20
0.3740401181102362
11
-2.1803113779527559
21
0.3751263385826771
0
LINE
8
BLACK
6
CONTINUOUS
10
-2.1803113779527559
20
0.3751263385826771
11
-2.1788921653543305
21
0.3757142125984252
0
LINE
8
BLACK
6
CONTINUOUS
10
-2.1788921653543305
20
0.3757142125984252
11
-2.1773560236220471
21
0.3757142125984252
0
LINE
8
BLACK
6
CONTINUOUS
10
-2.1773560236220471
20
0.3757142125984252
11
-2.1759368110236221
21
0.3751263385826771
0
LINE
8
BLACK
6
CONTINUOUS
10
-2.1759368110236221
20
0.3751263385826771
11
-2.174850590551181
21
0.3740401181102362
0
LINE
8
BLACK
6
CONTINUOUS
10
-2.174850590551181
20
0.3740401181102362
11
-2.1742627165354329
21
0.372620905511811
0
LINE
8
BLACK
6
CONTINUOUS
10
-2.1742627165354329
20
0.372620905511811
11
-2.174187086614173
21
0.3718528346456693
0
LINE
8
BLACK
6
CONTINUOUS
10
-2.174187086614173
20
0.3718528346456693
11
-2.174187086614173
21
0.337732125984252
0
LINE
8
BLACK
6
CONTINUOUS
10
-2.174187086614173
20
0.337732125984252
11
-2.1742627165354329
21
0.3369640551181102
0
LINE
8
BLACK
6
CONTINUOUS
10
-2.1742627165354329
20
0.3369640551181102
11
-2.174850590551181
21
0.335544842519685
0
LINE
8
BLACK
6
CONTINUOUS
10
-2.174850590551181
20
0.335544842519685
11
-2.1759368110236221
21
0.3344586220472441
0
LINE
8
BLACK
6
CONTINUOUS
10
-2.1759368110236221
20
0.3344586220472441
11
-2.1773560236220471
21
0.3338707480314961
0
LINE
8
BLACK
6
CONTINUOUS
10
-2.1773560236220471
20
0.3338707480314961
11
-2.1788921653543305
21
0.3338707480314961
0
LINE
8
BLACK
6
CONTINUOUS
10
-2.1788921653543305
20
0.3338707480314961
11
-2.1803113779527559
21
0.3344586220472441
0
LINE
8
BLACK
6
CONTINUOUS
10
-2.1803113779527559
20
0.3344586220472441
11
-2.1812673622047245
21
0.3354146062992126
0
LINE
8
BLACK
6
CONTINUOUS
10
-2.1812673622047245
20
0.3354146062992126
11
-2.183675
21
0.334210748031496
0
LINE
8
BLACK
6
CONTINUOUS
10
-2.183675
20
0.334210748031496
11
-2.1843957874015749
21
0.3339349212598425
0
LINE
8
BLACK
6
CONTINUOUS
10
-2.1843957874015749
20
0.3339349212598425
11
-2.1845368897637796
21
0.3339249212598425
0
LINE
8
BLACK
6
CONTINUOUS
10
-2.1845368897637796
20
0.3339249212598425
11
-2.1846675984251966
21
0.3338707480314961
0
LINE
8
BLACK
6
CONTINUOUS
10
-2.1846675984251966
20
0.3338707480314961
11
-2.1854356692913384
21
0.3337951181102362
0
LINE
8
BLACK
6
CONTINUOUS
10
-2.1854356692913384
20
0.3337951181102362
11
-2.192747244094488
21
0.3337951181102362
0
LINE
8
BLACK
6
CONTINUOUS
10
-2.192747244094488
20
0.3337951181102362
11
-2.1935153149606297
21
0.3338707480314961
0
LINE
8
BLACK
6
CONTINUOUS
10
-2.1935153149606297
20
0.3338707480314961
11
-2.1936460629921259
21
0.3339249212598425
0
LINE
8
BLACK
6
CONTINUOUS
10
-2.1936460629921259
20
0.3339249212598425
11
-2.1937871259842519
21
0.3339349212598425
0
LINE
8
BLACK
6
CONTINUOUS
10
-2.1937871259842519
20
0.3339349212598425
11
-2.1945079133858267
21
0.334210748031496
0
LINE
8
BLACK
6
CONTINUOUS
10
-2.1945079133858267
20
0.334210748031496
11
-2.1993823228346456
21
0.3366479133858268
0
LINE
8
BLACK
6
CONTINUOUS
10
-2.1993823228346456
20
0.3366479133858268
11
-2.1995108267716534
21
0.336728779527559
0
LINE
8
BLACK
6
CONTINUOUS
10
-2.1995108267716534
20
0.336728779527559
11
-2.1995713779527559
21
0.3367489763779528
0
LINE
8
BLACK
6
CONTINUOUS
10
-2.1995713779527559
20
0.3367489763779528
11
-2.1996468503937008
21
0.3368144488188976
0
LINE
8
BLACK
6
CONTINUOUS
10
-2.1996468503937008
20
0.3368144488188976
11
-2.2000354724409448
21
0.3370590551181102
0
LINE
8
BLACK
6
CONTINUOUS
10
-2.2000354724409448
20
0.3370590551181102
11
-2.2003588976377952
21
0.337431968503937
0
LINE
8
BLACK
6
CONTINUOUS
10
-2.2003588976377952
20
0.337431968503937
11
-2.2007318897637793
21
0.3377554330708661
0
LINE
8
BLACK
6
CONTINUOUS
10
-2.2007318897637793
20
0.3377554330708661
11
-2.2009765748031493
21
0.338144094488189
0
LINE
8
BLACK
6
CONTINUOUS
10
-2.2009765748031493
20
0.338144094488189
11
-2.2010419685039371
21
0.3382195275590551
0
LINE
8
BLACK
6
CONTINUOUS
10
-2.2010419685039371
20
0.3382195275590551
11
-2.2010622047244093
21
0.3382801181102362
0
LINE
8
BLACK
6
CONTINUOUS
10
-2.2010622047244093
20
0.3382801181102362
11
-2.2011430314960632
21
0.3384085826771653
0
LINE
8
BLACK
6
CONTINUOUS
10
-2.2011430314960632
20
0.3384085826771653
11
-2.2035802362204726
21
0.343283031496063
0
LINE
8
BLACK
6
CONTINUOUS
10
-2.2035802362204726
20
0.343283031496063
11
-2.2038560629921258
21
0.3440038188976378
0
LINE
8
BLACK
6
CONTINUOUS
10
-2.2038560629921258
20
0.3440038188976378
11
-2.2038661023622046
21
0.3441449212598425
0
LINE
8
BLACK
6
CONTINUOUS
10
-2.2038661023622046
20
0.3441449212598425
11
-2.2039202362204722
21
0.3442756299212598
0
LINE
8
BLACK
6
CONTINUOUS
10
-2.2039202362204722
20
0.3442756299212598
11
-2.203995866141732
21
0.3450437007874015
0
LINE
8
BLACK
6
CONTINUOUS
10
-2.203995866141732
20
0.3450437007874015
11
-2.203995866141732
21
0.3718528346456693
0
LINE
8
BLACK
6
CONTINUOUS
10
-2.203995866141732
20
0.3718528346456693
11
-2.2039202362204722
21
0.372620905511811
0
LINE
8
BLACK
6
CONTINUOUS
10
-2.2039202362204722
20
0.372620905511811
11
-2.2033323622047245
21
0.3740401181102362
0
LINE
8
BLACK
6
CONTINUOUS
10
-2.2033323622047245
20
0.3740401181102362
11
-2.2022461417322834
21
0.3751263385826771
0
LINE
8
BLACK
6
CONTINUOUS
10
-2.2022461417322834
20
0.3751263385826771
11
-2.200826929133858
21
0.3757142125984252
0
LINE
8
BLACK
6
CONTINUOUS
10
-2.200826929133858
20
0.3757142125984252
11
-2.1992907874015746
21
0.3757142125984252
0
LINE
8
BLACK
6
CONTINUOUS
10
-2.1992907874015746
20
0.3757142125984252
11
-2.1978715748031497
21
0.3751263385826771
0
LINE
8
BLACK
6
CONTINUOUS
10
-2.0833234251968502
20
0.3921867322834646
11
-2.0822372047244095
21
0.3911005118110236
0
LINE
8
BLACK
6
CONTINUOUS
10
-2.0822372047244095
20
0.3911005118110236
11
-2.0816493307086614
21
0.3896812992125984
0
LINE
8
BLACK
6
CONTINUOUS
10
-2.0816493307086614
20
0.3896812992125984
11
-2.0815737007874016
21
0.3889132283464567
0
LINE
8
BLACK
6
CONTINUOUS
10
-2.0815737007874016
20
0.3889132283464567
11
-2.0815737007874016
21
0.337732125984252
0
LINE
8
BLACK
6
CONTINUOUS
10
-2.0815737007874016
20
0.337732125984252
11
-2.0816493307086614
21
0.3369640551181102
0
LINE
8
BLACK
6
CONTINUOUS
10
-2.0816493307086614
20
0.3369640551181102
11
-2.0822372047244095
21
0.335544842519685
0
LINE
8
BLACK
6
CONTINUOUS
10
-2.0822372047244095
20
0.335544842519685
11
-2.0833234251968502
21
0.3344586220472441
0
LINE
8
BLACK
6
CONTINUOUS
10
-2.0833234251968502
20
0.3344586220472441
11
-2.0847426377952756
21
0.3338707480314961
0
LINE
8
BLACK
6
CONTINUOUS
10
-2.0847426377952756
20
0.3338707480314961
11
-2.086278779527559
21
0.3338707480314961
0
LINE
8
BLACK
6
CONTINUOUS
10
-2.086278779527559
20
0.3338707480314961
11
-2.0876979921259844
21
0.3344586220472441
0
LINE
8
BLACK
6
CONTINUOUS
10
-2.0876979921259844
20
0.3344586220472441
11
-2.0878415748031496
21
0.3346022047244094
0
LINE
8
BLACK
6
CONTINUOUS
10
-2.0878415748031496
20
0.3346022047244094
11
-2.0886244094488187
21
0.334210748031496
0
LINE
8
BLACK
6
CONTINUOUS
10
-2.0886244094488187
20
0.334210748031496
11
-2.0893451968503935
21
0.3339349212598425
0
LINE
8
BLACK
6
CONTINUOUS
10
-2.0893451968503935
20
0.3339349212598425
11
-2.0894862992125982
21
0.3339249212598425
0
LINE
8
BLACK
6
CONTINUOUS
10
-2.0894862992125982
20
0.3339249212598425
11
-2.0896170078740157
21
0.3338707480314961
0
LINE
8
BLACK
6
CONTINUOUS
10
-2.0896170078740157
20
0.3338707480314961
11
-2.0903850787401574
21
0.3337951181102362
0
LINE
8
BLACK
6
CONTINUOUS
10
-2.0903850787401574
20
0.3337951181102362
11
-2.1001338582677165
21
0.3337951181102362
0
LINE
8
BLACK
6
CONTINUOUS
10
-2.1001338582677165
20
0.3337951181102362
11
-2.1009019291338582
21
0.3338707480314961
0
LINE
8
BLACK
6
CONTINUOUS
10
-2.1009019291338582
20
0.3338707480314961
11
-2.1010326771653545
21
0.3339249212598425
0
LINE
8
BLACK
6
CONTINUOUS
10
-2.1010326771653545
20
0.3339249212598425
11
-2.1011737401574804
21
0.3339349212598425
0
LINE
8
BLACK
6
CONTINUOUS
10
-2.1011737401574804
20
0.3339349212598425
11
-2.1018945275590553
21
0.334210748031496
0
LINE
8
BLACK
6
CONTINUOUS
10
-2.1018945275590553
20
0.334210748031496
11
-2.1067689370078742
21
0.3366479133858268
0
LINE
8
BLACK
6
CONTINUOUS
10
-2.1067689370078742
20
0.3366479133858268
11
-2.1070995275590549
21
0.3368560236220473
0
LINE
8
BLACK
6
CONTINUOUS
10
-2.1070995275590549
20
0.3368560236220473
11
-2.1071955511811025
21
0.3368957874015748
0
LINE
8
BLACK
6
CONTINUOUS
10
-2.1071955511811025
20
0.3368957874015748
11
-2.1073037007874014
21
0.3369845275590551
0
LINE
8
BLACK
6
CONTINUOUS
10
-2.1073037007874014
20
0.3369845275590551
11
-2.1074220866141733
21
0.3370590551181102
0
LINE
8
BLACK
6
CONTINUOUS
10
-2.1074220866141733
20
0.3370590551181102
11
-2.1074902362204724
21
0.3371375984251969
0
LINE
8
BLACK
6
CONTINUOUS
10
-2.1074902362204724
20
0.3371375984251969
11
-2.1077921653543306
21
0.3373853937007874
0
LINE
8
BLACK
6
CONTINUOUS
10
-2.1077921653543306
20
0.3373853937007874
11
-2.11022937007874
21
0.3398225984251969
0
LINE
8
BLACK
6
CONTINUOUS
10
-2.11022937007874
20
0.3398225984251969
11
-2.1104772047244094
21
0.3401245669291338
0
LINE
8
BLACK
6
CONTINUOUS
10
-2.1104772047244094
20
0.3401245669291338
11
-2.1105557086614173
21
0.3401926771653543
0
LINE
8
BLACK
6
CONTINUOUS
10
-2.1105557086614173
20
0.3401926771653543
11
-2.1106302362204725
21
0.3403111023622047
0
LINE
8
BLACK
6
CONTINUOUS
10
-2.1106302362204725
20
0.3403111023622047
11
-2.1107189763779526
21
0.3404192125984252
0
LINE
8
BLACK
6
CONTINUOUS
10
-2.1107189763779526
20
0.3404192125984252
11
-2.1107587795275591
21
0.3405153149606299
0
LINE
8
BLACK
6
CONTINUOUS
10
-2.1107587795275591
20
0.3405153149606299
11
-2.1109668503937007
21
0.3408458661417323
0
LINE
8
BLACK
6
CONTINUOUS
10
-2.1109668503937007
20
0.3408458661417323
11
-2.1134040157480314
21
0.3457202362204724
0
LINE
8
BLACK
6
CONTINUOUS
10
-2.1134040157480314
20
0.3457202362204724
11
-2.113679842519685
21
0.346441062992126
0
LINE
8
BLACK
6
CONTINUOUS
10
-2.113679842519685
20
0.346441062992126
11
-2.1136898818897638
21
0.346582125984252
0
LINE
8
BLACK
6
CONTINUOUS
10
-2.1136898818897638
20
0.346582125984252
11
-2.1137440157480314
21
0.3467128346456693
0
LINE
8
BLACK
6
CONTINUOUS
10
-2.1137440157480314
20
0.3467128346456693
11
-2.1138196456692913
21
0.347480905511811
0
LINE
8
BLACK
6
CONTINUOUS
10
-2.1138196456692913
20
0.347480905511811
11
-2.1138196456692913
21
0.3621040551181102
0
LINE
8
BLACK
6
CONTINUOUS
10
-2.1138196456692913
20
0.3621040551181102
11
-2.1137440157480314
21
0.3628721259842519
0
LINE
8
BLACK
6
CONTINUOUS
10
-2.1137440157480314
20
0.3628721259842519
11
-2.1136898818897638
21
0.363002874015748
0
LINE
8
BLACK
6
CONTINUOUS
10
-2.1136898818897638
20
0.363002874015748
11
-2.113679842519685
21
0.3631438976377953
0
LINE
8
BLACK
6
CONTINUOUS
10
-2.113679842519685
20
0.3631438976377953
11
-2.1134040157480314
21
0.3638647244094488
0
LINE
8
BLACK
6
CONTINUOUS
10
-2.1134040157480314
20
0.3638647244094488
11
-2.1109668503937007
21
0.368739094488189
0
LINE
8
BLACK
6
CONTINUOUS
10
-2.1109668503937007
20
0.368739094488189
11
-2.1107587795275591
21
0.36906968503937
0
LINE
8
BLACK
6
CONTINUOUS
10
-2.1107587795275591
20
0.36906968503937
11
-2.1107189763779526
21
0.369165748031496
0
LINE
8
BLACK
6
CONTINUOUS
10
-2.1107189763779526
20
0.369165748031496
11
-2.1106302362204725
21
0.3692738976377953
0
LINE
8
BLACK
6
CONTINUOUS
10
-2.1106302362204725
20
0.3692738976377953
11
-2.1105557086614173
21
0.3693922834645669
0
LINE
8
BLACK
6
CONTINUOUS
10
-2.1105557086614173
20
0.3693922834645669
11
-2.1104772047244094
21
0.3694604330708661
0
LINE
8
BLACK
6
CONTINUOUS
10
-2.1104772047244094
20
0.3694604330708661
11
-2.11022937007874
21
0.3697623622047244
0
LINE
8
BLACK
6
CONTINUOUS
10
-2.11022937007874
20
0.3697623622047244
11
-2.1077921653543306
21
0.3721995669291339
0
LINE
8
BLACK
6
CONTINUOUS
10
-2.1077921653543306
20
0.3721995669291339
11
-2.1074902362204724
21
0.3724474015748032
0
LINE
8
BLACK
6
CONTINUOUS
10
-2.1074902362204724
20
0.3724474015748032
11
-2.1074220866141733
21
0.372525905511811
0
LINE
8
BLACK
6
CONTINUOUS
10
-2.1074220866141733
20
0.372525905511811
11
-2.1073037007874014
21
0.3726004724409449
0
LINE
8
BLACK
6
CONTINUOUS
10
-2.1073037007874014
20
0.3726004724409449
11
-2.1071955511811025
21
0.3726891732283464
0
LINE
8
BLACK
6
CONTINUOUS
10
-2.1071955511811025
20
0.3726891732283464
11
-2.1070995275590549
21
0.3727289763779528
0
LINE
8
BLACK
6
CONTINUOUS
10
-2.1070995275590549
20
0.3727289763779528
11
-2.1067689370078742
21
0.3729370472440945
0
LINE
8
BLACK
6
CONTINUOUS
10
-2.1067689370078742
20
0.3729370472440945
11
-2.1018945275590553
21
0.3753742125984252
0
LINE
8
BLACK
6
CONTINUOUS
10
-2.1018945275590553
20
0.3753742125984252
11
-2.1011737401574804
21
0.3756500393700787
0
LINE
8
BLACK
6
CONTINUOUS
10
-2.1011737401574804
20
0.3756500393700787
11
-2.1010326771653545
21
0.3756600787401575
0
LINE
8
BLACK
6
CONTINUOUS
10
-2.1010326771653545
20
0.3756600787401575
11
-2.1009019291338582
21
0.3757142125984252
0
LINE
8
BLACK
6
CONTINUOUS
10
-2.1009019291338582
20
0.3757142125984252
11
-2.1001338582677165
21
0.3757898425196851
0
LINE
8
BLACK
6
CONTINUOUS
10
-2.1001338582677165
20
0.3757898425196851
11
-2.0903850787401574
21
0.3757898425196851
0
LINE
8
BLACK
6
CONTINUOUS
10
-2.0903850787401574
20
0.3757898425196851
11
-2.0896170078740157
21
0.3757142125984252
0
LINE
8
BLACK
6
CONTINUOUS
10
-2.0896170078740157
20
0.3757142125984252
11
-2.0894862992125982
21
0.3756600787401575
0
LINE
8
BLACK
6
CONTINUOUS
10
-2.0894862992125982
20
0.3756600787401575
11
-2.089447716535433
21
0.3756573622047244
0
LINE
8
BLACK
6
CONTINUOUS
10
-2.089447716535433
20
0.3756573622047244
11
-2.089447716535433
21
0.3889132283464567
0
LINE
8
BLACK
6
CONTINUOUS
10
-2.089447716535433
20
0.3889132283464567
11
-2.0893720866141732
21
0.3896812992125984
0
LINE
8
BLACK
6
CONTINUOUS
10
-2.0893720866141732
20
0.3896812992125984
11
-2.0887842125984251
21
0.3911005118110236
0
LINE
8
BLACK
6
CONTINUOUS
10
-2.0887842125984251
20
0.3911005118110236
11
-2.0876979921259844
21
0.3921867322834646
0
LINE
8
BLACK
6
CONTINUOUS
10
-2.0876979921259844
20
0.3921867322834646
11
-2.086278779527559
21
0.3927746062992126
0
LINE
8
BLACK
6
CONTINUOUS
10
-2.086278779527559
20
0.3927746062992126
11
-2.0847426377952756
21
0.3927746062992126
0
LINE
8
BLACK
6
CONTINUOUS
10
-2.0847426377952756
20
0.3927746062992126
11
-2.0833234251968502
21
0.3921867322834646
0
LINE
8
BLACK
6
CONTINUOUS
10
-2.1026761417322835
20
0.3661800393700788
11
-2.1042098425196851
21
0.3646463385826771
0
LINE
8
BLACK
6
CONTINUOUS
10
-2.1042098425196851
20
0.3646463385826771
11
-2.1059456299212598
21
0.3611746850393701
0
LINE
8
BLACK
6
CONTINUOUS
10
-2.1059456299212598
20
0.3611746850393701
11
-2.1059456299212598
21
0.3484103149606299
0
LINE
8
BLACK
6
CONTINUOUS
10
-2.1059456299212598
20
0.3484103149606299
11
-2.1042098425196851
21
0.3449386614173228
0
LINE
8
BLACK
6
CONTINUOUS
10
-2.1042098425196851
20
0.3449386614173228
11
-2.1026761417322835
21
0.3434049606299213
0
LINE
8
BLACK
6
CONTINUOUS
10
-2.1026761417322835
20
0.3434049606299213
11
-2.0992044881889762
21
0.3416691338582677
0
LINE
8
BLACK
6
CONTINUOUS
10
-2.0992044881889762
20
0.3416691338582677
11
-2.0913144881889765
21
0.3416691338582677
0
LINE
8
BLACK
6
CONTINUOUS
10
-2.0913144881889765
20
0.3416691338582677
11
-2.089447716535433
21
0.3426025196850394
0
LINE
8
BLACK
6
CONTINUOUS
10
-2.089447716535433
20
0.3426025196850394
11
-2.089447716535433
21
0.3669824803149606
0
LINE
8
BLACK
6
CONTINUOUS
10
-2.089447716535433
20
0.3669824803149606
11
-2.0913144881889765
21
0.3679158267716535
0
LINE
8
BLACK
6
CONTINUOUS
10
-2.0913144881889765
20
0.3679158267716535
11
-2.0992044881889762
21
0.3679158267716535
0
LINE
8
BLACK
6
CONTINUOUS
10
-2.0992044881889762
20
0.3679158267716535
11
-2.1026761417322835
21
0.3661800393700788
0
LINE
8
BLACK
6
CONTINUOUS
10
-2.0457475196850394
20
0.3757142125984252
11
-2.0456168110236219
21
0.3756600787401575
0
LINE
8
BLACK
6
CONTINUOUS
10
-2.0456168110236219
20
0.3756600787401575
11
-2.0454757086614173
21
0.3756500393700787
0
LINE
8
BLACK
6
CONTINUOUS
10
-2.0454757086614173
20
0.3756500393700787
11
-2.0447549212598424
21
0.3753742125984252
0
LINE
8
BLACK
6
CONTINUOUS
10
-2.0447549212598424
20
0.3753742125984252
11
-2.0398805511811022
21
0.3729370472440945
0
LINE
8
BLACK
6
CONTINUOUS
10
-2.0398805511811022
20
0.3729370472440945
11
-2.0397520866141732
21
0.3728562204724409
0
LINE
8
BLACK
6
CONTINUOUS
10
-2.0397520866141732
20
0.3728562204724409
11
-2.0396914960629919
21
0.3728359842519685
0
LINE
8
BLACK
6
CONTINUOUS
10
-2.0396914960629919
20
0.3728359842519685
11
-2.0396160629921258
21
0.3727705511811024
0
LINE
8
BLACK
6
CONTINUOUS
10
-2.0396160629921258
20
0.3727705511811024
11
-2.0392274015748031
21
0.372525905511811
0
LINE
8
BLACK
6
CONTINUOUS
10
-2.0392274015748031
20
0.372525905511811
11
-2.0389040157480314
21
0.372153031496063
0
LINE
8
BLACK
6
CONTINUOUS
10
-2.0389040157480314
20
0.372153031496063
11
-2.0385309842519685
21
0.3718295275590551
0
LINE
8
BLACK
6
CONTINUOUS
10
-2.0385309842519685
20
0.3718295275590551
11
-2.0382864173228348
21
0.3714409448818898
0
LINE
8
BLACK
6
CONTINUOUS
10
-2.0382864173228348
20
0.3714409448818898
11
-2.0382209055118108
21
0.3713654330708661
0
LINE
8
BLACK
6
CONTINUOUS
10
-2.0382209055118108
20
0.3713654330708661
11
-2.0382007086614173
21
0.3713048031496063
0
LINE
8
BLACK
6
CONTINUOUS
10
-2.0382007086614173
20
0.3713048031496063
11
-2.0381198425196851
21
0.3711763385826772
0
LINE
8
BLACK
6
CONTINUOUS
10
-2.0381198425196851
20
0.3711763385826772
11
-2.0356826377952757
21
0.3663019291338583
0
LINE
8
BLACK
6
CONTINUOUS
10
-2.0356826377952757
20
0.3663019291338583
11
-2.0354068110236221
21
0.3655811417322835
0
LINE
8
BLACK
6
CONTINUOUS
10
-2.0354068110236221
20
0.3655811417322835
11
-2.035396811023622
21
0.3654400787401575
0
LINE
8
BLACK
6
CONTINUOUS
10
-2.035396811023622
20
0.3654400787401575
11
-2.0353426377952757
21
0.3653093307086614
0
LINE
8
BLACK
6
CONTINUOUS
10
-2.0353426377952757
20
0.3653093307086614
11
-2.0352670078740158
21
0.3645412598425197
0
LINE
8
BLACK
6
CONTINUOUS
10
-2.0352670078740158
20
0.3645412598425197
11
-2.0352670078740158
21
0.3596712204724409
0
LINE
8
BLACK
6
CONTINUOUS
10
-2.0352670078740158
20
0.3596712204724409
11
-2.0352669685039371
21
0.3596710236220472
0
LINE
8
BLACK
6
CONTINUOUS
10
-2.0352669685039371
20
0.3596710236220472
11
-2.0352670078740158
21
0.3596708267716535
0
LINE
8
BLACK
6
CONTINUOUS
10
-2.0352670078740158
20
0.3596708267716535
11
-2.0352670078740158
21
0.3596668897637795
0
LINE
8
BLACK
6
CONTINUOUS
10
-2.0352670078740158
20
0.3596668897637795
11
-2.0353426377952757
21
0.3588988188976378
0
LINE
8
BLACK
6
CONTINUOUS
10
-2.0353426377952757
20
0.3588988188976378
11
-2.0354902755905511
21
0.3585424803149606
0
LINE
8
BLACK
6
CONTINUOUS
10
-2.0354902755905511
20
0.3585424803149606
11
-2.0355651181102363
21
0.3581640551181102
0
LINE
8
BLACK
6
CONTINUOUS
10
-2.0355651181102363
20
0.3581640551181102
11
-2.0357813779527558
21
0.3578397244094488
0
LINE
8
BLACK
6
CONTINUOUS
10
-2.0357813779527558
20
0.3578397244094488
11
-2.0359305118110234
21
0.3574796062992126
0
LINE
8
BLACK
6
CONTINUOUS
10
-2.0359305118110234
20
0.3574796062992126
11
-2.0362032283464568
21
0.3572069291338583
0
LINE
8
BLACK
6
CONTINUOUS
10
-2.0362032283464568
20
0.3572069291338583
11
-2.0364172047244096
21
0.356885905511811
0
LINE
8
BLACK
6
CONTINUOUS
10
-2.0364172047244096
20
0.356885905511811
11
-2.0367411811023621
21
0.3566689763779528
0
LINE
8
BLACK
6
CONTINUOUS
10
-2.0367411811023621
20
0.3566689763779528
11
-2.0370167322834645
21
0.3563933858267717
0
LINE
8
BLACK
6
CONTINUOUS
10
-2.0370167322834645
20
0.3563933858267717
11
-2.0373731102362203
21
0.3562457874015748
0
LINE
8
BLACK
6
CONTINUOUS
10
-2.0373731102362203
20
0.3562457874015748
11
-2.0376935826771652
21
0.3560311417322835
0
LINE
8
BLACK
6
CONTINUOUS
10
-2.0376935826771652
20
0.3560311417322835
11
-2.0384318897637796
21
0.3558063385826772
0
LINE
8
BLACK
6
CONTINUOUS
10
-2.0384318897637796
20
0.3558063385826772
11
-2.0384359055118111
21
0.3558055511811024
0
LINE
8
BLACK
6
CONTINUOUS
10
-2.0384359055118111
20
0.3558055511811024
11
-2.0384359448818898
21
0.3558055118110236
0
LINE
8
BLACK
6
CONTINUOUS
10
-2.0384359448818898
20
0.3558055118110236
11
-2.0384360236220473
21
0.3558055118110236
0
LINE
8
BLACK
6
CONTINUOUS
10
-2.0384360236220473
20
0.3558055118110236
11
-2.059638937007874
21
0.3515649212598425
0
LINE
8
BLACK
6
CONTINUOUS
10
-2.059638937007874
20
0.3515649212598425
11
-2.059638937007874
21
0.3459731102362205
0
LINE
8
BLACK
6
CONTINUOUS
10
-2.059638937007874
20
0.3459731102362205
11
-2.0582043307086613
21
0.343103779527559
0
LINE
8
BLACK
6
CONTINUOUS
10
-2.0582043307086613
20
0.343103779527559
11
-2.0553349999999999
21
0.3416691338582677
0
LINE
8
BLACK
6
CONTINUOUS
10
-2.0553349999999999
20
0.3416691338582677
11
-2.0474449999999997
21
0.3416691338582677
0
LINE
8
BLACK
6
CONTINUOUS
10
-2.0474449999999997
20
0.3416691338582677
11
-2.0434018897637793
21
0.3436906692913386
0
LINE
8
BLACK
6
CONTINUOUS
10
-2.0434018897637793
20
0.3436906692913386
11
-2.0426811023622045
21
0.3439664960629921
0
LINE
8
BLACK
6
CONTINUOUS
10
-2.0426811023622045
20
0.3439664960629921
11
-2.0411488188976379
21
0.3440753937007874
0
LINE
8
BLACK
6
CONTINUOUS
10
-2.0411488188976379
20
0.3440753937007874
11
-2.0396914960629919
21
0.3435896062992126
0
LINE
8
BLACK
6
CONTINUOUS
10
-2.0396914960629919
20
0.3435896062992126
11
-2.0385309842519685
21
0.3425831102362205
0
LINE
8
BLACK
6
CONTINUOUS
10
-2.0385309842519685
20
0.3425831102362205
11
-2.0378440157480315
21
0.3412091338582677
0
LINE
8
BLACK
6
CONTINUOUS
10
-2.0378440157480315
20
0.3412091338582677
11
-2.0377351574803151
21
0.3396768503937008
0
LINE
8
BLACK
6
CONTINUOUS
10
-2.0377351574803151
20
0.3396768503937008
11
-2.0382209055118108
21
0.3382195275590551
0
LINE
8
BLACK
6
CONTINUOUS
10
-2.0382209055118108
20
0.3382195275590551
11
-2.0392274015748031
21
0.3370590551181102
0
LINE
8
BLACK
6
CONTINUOUS
10
-2.0392274015748031
20
0.3370590551181102
11
-2.0398805511811022
21
0.3366479133858268
0
LINE
8
BLACK
6
CONTINUOUS
10
-2.0398805511811022
20
0.3366479133858268
11
-2.0447549212598424
21
0.334210748031496
0
LINE
8
BLACK
6
CONTINUOUS
10
-2.0447549212598424
20
0.334210748031496
11
-2.0454757086614173
21
0.3339349212598425
0
LINE
8
BLACK
6
CONTINUOUS
10
-2.0454757086614173
20
0.3339349212598425
11
-2.0456168110236219
21
0.3339249212598425
0
LINE
8
BLACK
6
CONTINUOUS
10
-2.0456168110236219
20
0.3339249212598425
11
-2.0457475196850394
21
0.3338707480314961
0
LINE
8
BLACK
6
CONTINUOUS
10
-2.0457475196850394
20
0.3338707480314961
11
-2.0465155905511812
21
0.3337951181102362
0
LINE
8
BLACK
6
CONTINUOUS
10
-2.0465155905511812
20
0.3337951181102362
11
-2.0562643700787402
21
0.3337951181102362
0
LINE
8
BLACK
6
CONTINUOUS
10
-2.0562643700787402
20
0.3337951181102362
11
-2.0570324409448819
21
0.3338707480314961
0
LINE
8
BLACK
6
CONTINUOUS
10
-2.0570324409448819
20
0.3338707480314961
11
-2.0571631889763777
21
0.3339249212598425
0
LINE
8
BLACK
6
CONTINUOUS
10
-2.0571631889763777
20
0.3339249212598425
11
-2.0573042519685041
21
0.3339349212598425
0
LINE
8
BLACK
6
CONTINUOUS
10
-2.0573042519685041
20
0.3339349212598425
11
-2.0580250393700785
21
0.334210748031496
0
LINE
8
BLACK
6
CONTINUOUS
10
-2.0580250393700785
20
0.334210748031496
11
-2.0628994488188974
21
0.3366479133858268
0
LINE
8
BLACK
6
CONTINUOUS
10
-2.0628994488188974
20
0.3366479133858268
11
-2.0630279133858269
21
0.336728779527559
0
LINE
8
BLACK
6
CONTINUOUS
10
-2.0630279133858269
20
0.336728779527559
11
-2.0630885433070865
21
0.3367489763779528
0
LINE
8
BLACK
6
CONTINUOUS
10
-2.0630885433070865
20
0.3367489763779528
11
-2.0631640944881888
21
0.3368145275590551
0
LINE
8
BLACK
6
CONTINUOUS
10
-2.0631640944881888
20
0.3368145275590551
11
-2.063552598425197
21
0.3370590551181102
0
LINE
8
BLACK
6
CONTINUOUS
10
-2.063552598425197
20
0.3370590551181102
11
-2.0638761023622045
21
0.3374320078740157
0
LINE
8
BLACK
6
CONTINUOUS
10
-2.0638761023622045
20
0.3374320078740157
11
-2.0642490157480315
21
0.3377554724409449
0
LINE
8
BLACK
6
CONTINUOUS
10
-2.0642490157480315
20
0.3377554724409449
11
-2.0644935433070866
21
0.338143937007874
0
LINE
8
BLACK
6
CONTINUOUS
10
-2.0644935433070866
20
0.338143937007874
11
-2.0645590944881889
21
0.3382195275590551
0
LINE
8
BLACK
6
CONTINUOUS
10
-2.0645590944881889
20
0.3382195275590551
11
-2.0645793700787403
21
0.3382802755905512
0
LINE
8
BLACK
6
CONTINUOUS
10
-2.0645793700787403
20
0.3382802755905512
11
-2.064660157480315
21
0.3384086614173228
0
LINE
8
BLACK
6
CONTINUOUS
10
-2.064660157480315
20
0.3384086614173228
11
-2.0670973228346456
21
0.343283031496063
0
LINE
8
BLACK
6
CONTINUOUS
10
-2.0670973228346456
20
0.343283031496063
11
-2.0673731496062993
21
0.3440038582677165
0
LINE
8
BLACK
6
CONTINUOUS
10
-2.0673731496062993
20
0.3440038582677165
11
-2.0673831889763781
21
0.3441449212598425
0
LINE
8
BLACK
6
CONTINUOUS
10
-2.0673831889763781
20
0.3441449212598425
11
-2.0674373228346457
21
0.3442756299212598
0
LINE
8
BLACK
6
CONTINUOUS
10
-2.0674373228346457
20
0.3442756299212598
11
-2.0675129527559055
21
0.3450437007874015
0
LINE
8
BLACK
6
CONTINUOUS
10
-2.0675129527559055
20
0.3450437007874015
11
-2.0675129527559055
21
0.3645412598425197
0
LINE
8
BLACK
6
CONTINUOUS
10
-2.0675129527559055
20
0.3645412598425197
11
-2.0674373228346457
21
0.3653093307086614
0
LINE
8
BLACK
6
CONTINUOUS
10
-2.0674373228346457
20
0.3653093307086614
11
-2.0673831889763781
21
0.3654400787401575
0
LINE
8
BLACK
6
CONTINUOUS
10
-2.0673831889763781
20
0.3654400787401575
11
-2.0673731496062993
21
0.3655811023622047
0
LINE
8
BLACK
6
CONTINUOUS
10
-2.0673731496062993
20
0.3655811023622047
11
-2.0670973228346456
21
0.3663019291338583
0
LINE
8
BLACK
6
CONTINUOUS
10
-2.0670973228346456
20
0.3663019291338583
11
-2.064660157480315
21
0.3711762992125984
0
LINE
8
BLACK
6
CONTINUOUS
10
-2.064660157480315
20
0.3711762992125984
11
-2.0645793700787403
21
0.3713047244094488
0
LINE
8
BLACK
6
CONTINUOUS
10
-2.0645793700787403
20
0.3713047244094488
11
-2.0645590944881889
21
0.3713654330708661
0
LINE
8
BLACK
6
CONTINUOUS
10
-2.0645590944881889
20
0.3713654330708661
11
-2.0644935433070866
21
0.371441062992126
0
LINE
8
BLACK
6
CONTINUOUS
10
-2.0644935433070866
20
0.371441062992126
11
-2.0642490157480315
21
0.3718294881889764
0
LINE
8
BLACK
6
CONTINUOUS
10
-2.0642490157480315
20
0.3718294881889764
11
-2.0638761023622045
21
0.3721529921259842
0
LINE
8
BLACK
6
CONTINUOUS
10
-2.0638761023622045
20
0.3721529921259842
11
-2.063552598425197
21
0.372525905511811
0
LINE
8
BLACK
6
CONTINUOUS
10
-2.063552598425197
20
0.372525905511811
11
-2.0631640944881888
21
0.3727704724409449
0
LINE
8
BLACK
6
CONTINUOUS
10
-2.0631640944881888
20
0.3727704724409449
11
-2.0630885433070865
21
0.3728359842519685
0
LINE
8
BLACK
6
CONTINUOUS
10
-2.0630885433070865
20
0.3728359842519685
11
-2.0630279133858269
21
0.3728562204724409
0
LINE
8
BLACK
6
CONTINUOUS
10
-2.0630279133858269
20
0.3728562204724409
11
-2.0628994488188974
21
0.3729370472440945
0
LINE
8
BLACK
6
CONTINUOUS
10
-2.0628994488188974
20
0.3729370472440945
11
-2.0580250393700785
21
0.3753742125984252
0
LINE
8
BLACK
6
CONTINUOUS
10
-2.0580250393700785
20
0.3753742125984252
11
-2.0573042519685041
21
0.3756500393700787
0
LINE
8
BLACK
6
CONTINUOUS
10
-2.0573042519685041
20
0.3756500393700787
11
-2.0571631889763777
21
0.3756600787401575
0
LINE
8
BLACK
6
CONTINUOUS
10
-2.0571631889763777
20
0.3756600787401575
11
-2.0570324409448819
21
0.3757142125984252
0
LINE
8
BLACK
6
CONTINUOUS
10
-2.0570324409448819
20
0.3757142125984252
11
-2.0562643700787402
21
0.3757898425196851
0
LINE
8
BLACK
6
CONTINUOUS
10
-2.0562643700787402
20
0.3757898425196851
11
-2.0465155905511812
21
0.3757898425196851
0
LINE
8
BLACK
6
CONTINUOUS
10
-2.0465155905511812
20
0.3757898425196851
11
-2.0457475196850394
21
0.3757142125984252
0
LINE
8
BLACK
6
CONTINUOUS
10
-2.0582043307086613
20
0.3664812204724409
11
-2.059638937007874
21
0.3636118897637795
0
LINE
8
BLACK
6
CONTINUOUS
10
-2.059638937007874
20
0.3636118897637795
11
-2.059638937007874
21
0.3595948818897638
0
LINE
8
BLACK
6
CONTINUOUS
10
-2.059638937007874
20
0.3595948818897638
11
-2.0431410236220473
21
0.3628944881889763
0
LINE
8
BLACK
6
CONTINUOUS
10
-2.0431410236220473
20
0.3628944881889763
11
-2.0431410236220473
21
0.3636118503937008
0
LINE
8
BLACK
6
CONTINUOUS
10
-2.0431410236220473
20
0.3636118503937008
11
-2.0445757086614171
21
0.3664812204724409
0
LINE
8
BLACK
6
CONTINUOUS
10
-2.0445757086614171
20
0.3664812204724409
11
-2.0474449999999997
21
0.3679158267716535
0
LINE
8
BLACK
6
CONTINUOUS
10
-2.0474449999999997
20
0.3679158267716535
11
-2.0553349999999999
21
0.3679158267716535
0
LINE
8
BLACK
6
CONTINUOUS
10
-2.0553349999999999
20
0.3679158267716535
11
-2.0582043307086613
21
0.3664812204724409
0
LINE
8
BLACK
6
CONTINUOUS
10
-1.8337114960629921
20
0.3757142125984252
11
-1.8335807874015748
21
0.3756600787401575
0
LINE
8
BLACK
6
CONTINUOUS
10
-1.8335807874015748
20
0.3756600787401575
11
-1.8334396850393699
21
0.3756500393700787
0
LINE
8
BLACK
6
CONTINUOUS
10
-1.8334396850393699
20
0.3756500393700787
11
-1.8327188976377953
21
0.3753742125984252
0
LINE
8
BLACK
6
CONTINUOUS
10
-1.8327188976377953
20
0.3753742125984252
11
-1.8278445275590551
21
0.3729370472440945
0
LINE
8
BLACK
6
CONTINUOUS
10
-1.8278445275590551
20
0.3729370472440945
11
-1.8271913779527558
21
0.372525905511811
0
LINE
8
BLACK
6
CONTINUOUS
10
-1.8271913779527558
20
0.372525905511811
11
-1.8261848818897637
21
0.3713654330708661
0
LINE
8
BLACK
6
CONTINUOUS
10
-1.8261848818897637
20
0.3713654330708661
11
-1.8256991338582678
21
0.3699081102362204
0
LINE
8
BLACK
6
CONTINUOUS
10
-1.8256991338582678
20
0.3699081102362204
11
-1.8258079921259842
21
0.3683758267716535
0
LINE
8
BLACK
6
CONTINUOUS
10
-1.8258079921259842
20
0.3683758267716535
11
-1.8264949606299212
21
0.3670018503937008
0
LINE
8
BLACK
6
CONTINUOUS
10
-1.8264949606299212
20
0.3670018503937008
11
-1.8276554724409448
21
0.3659953543307087
0
LINE
8
BLACK
6
CONTINUOUS
10
-1.8276554724409448
20
0.3659953543307087
11
-1.8291127952755906
21
0.3655095669291338
0
LINE
8
BLACK
6
CONTINUOUS
10
-1.8291127952755906
20
0.3655095669291338
11
-1.8306450787401574
21
0.3656184645669291
0
LINE
8
BLACK
6
CONTINUOUS
10
-1.8306450787401574
20
0.3656184645669291
11
-1.8313658661417322
21
0.3658942913385826
0
LINE
8
BLACK
6
CONTINUOUS
10
-1.8313658661417322
20
0.3658942913385826
11
-1.8354089763779526
21
0.3679158267716535
0
LINE
8
BLACK
6
CONTINUOUS
10
-1.8354089763779526
20
0.3679158267716535
11
-1.8432989763779528
21
0.3679158267716535
0
LINE
8
BLACK
6
CONTINUOUS
10
-1.8432989763779528
20
0.3679158267716535
11
-1.8467706299212598
21
0.3661800393700788
0
LINE
8
BLACK
6
CONTINUOUS
10
-1.8467706299212598
20
0.3661800393700788
11
-1.8483043307086613
21
0.3646463385826771
0
LINE
8
BLACK
6
CONTINUOUS
10
-1.8483043307086613
20
0.3646463385826771
11
-1.8500401181102362
21
0.3611746850393701
0
LINE
8
BLACK
6
CONTINUOUS
10
-1.8500401181102362
20
0.3611746850393701
11
-1.8500401181102362
21
0.3484103149606299
0
LINE
8
BLACK
6
CONTINUOUS
10
-1.8500401181102362
20
0.3484103149606299
11
-1.8483043307086613
21
0.3449386614173228
0
LINE
8
BLACK
6
CONTINUOUS
10
-1.8483043307086613
20
0.3449386614173228
11
-1.8467706299212598
21
0.3434049606299213
0
LINE
8
BLACK
6
CONTINUOUS
10
-1.8467706299212598
20
0.3434049606299213
11
-1.8432989763779528
21
0.3416691338582677
0
LINE
8
BLACK
6
CONTINUOUS
10
-1.8432989763779528
20
0.3416691338582677
11
-1.8354089763779526
21
0.3416691338582677
0
LINE
8
BLACK
6
CONTINUOUS
10
-1.8354089763779526
20
0.3416691338582677
11
-1.8313658661417322
21
0.3436906692913386
0
LINE
8
BLACK
6
CONTINUOUS
10
-1.8313658661417322
20
0.3436906692913386
11
-1.8306450787401574
21
0.3439664960629921
0
LINE
8
BLACK
6
CONTINUOUS
10
-1.8306450787401574
20
0.3439664960629921
11
-1.8291127952755906
21
0.3440753937007874
0
LINE
8
BLACK
6
CONTINUOUS
10
-1.8291127952755906
20
0.3440753937007874
11
-1.8276554724409448
21
0.3435896062992126
0
LINE
8
BLACK
6
CONTINUOUS
10
-1.8276554724409448
20
0.3435896062992126
11
-1.8264949606299212
21
0.3425831102362205
0
LINE
8
BLACK
6
CONTINUOUS
10
-1.8264949606299212
20
0.3425831102362205
11
-1.8258079921259842
21
0.3412091338582677
0
LINE
8
BLACK
6
CONTINUOUS
10
-1.8258079921259842
20
0.3412091338582677
11
-1.8256991338582678
21
0.3396768503937008
0
LINE
8
BLACK
6
CONTINUOUS
10
-1.8256991338582678
20
0.3396768503937008
11
-1.8261848818897637
21
0.3382195275590551
0
LINE
8
BLACK
6
CONTINUOUS
10
-1.8261848818897637
20
0.3382195275590551
11
-1.8271913779527558
21
0.3370590551181102
0
LINE
8
BLACK
6
CONTINUOUS
10
-1.8271913779527558
20
0.3370590551181102
11
-1.8278445275590551
21
0.3366479133858268
0
LINE
8
BLACK
6
CONTINUOUS
10
-1.8278445275590551
20
0.3366479133858268
11
-1.8327188976377953
21
0.334210748031496
0
LINE
8
BLACK
6
CONTINUOUS
10
-1.8327188976377953
20
0.334210748031496
11
-1.8334396850393699
21
0.3339349212598425
0
LINE
8
BLACK
6
CONTINUOUS
10
-1.8334396850393699
20
0.3339349212598425
11
-1.8335807874015748
21
0.3339249212598425
0
LINE
8
BLACK
6
CONTINUOUS
10
-1.8335807874015748
20
0.3339249212598425
11
-1.8337114960629921
21
0.3338707480314961
0
LINE
8
BLACK
6
CONTINUOUS
10
-1.8337114960629921
20
0.3338707480314961
11
-1.8344795669291338
21
0.3337951181102362
0
LINE
8
BLACK
6
CONTINUOUS
10
-1.8344795669291338
20
0.3337951181102362
11
-1.8442283464566929
21
0.3337951181102362
0
LINE
8
BLACK
6
CONTINUOUS
10
-1.8442283464566929
20
0.3337951181102362
11
-1.8449964173228346
21
0.3338707480314961
0
LINE
8
BLACK
6
CONTINUOUS
10
-1.8449964173228346
20
0.3338707480314961
11
-1.8451271653543306
21
0.3339249212598425
0
LINE
8
BLACK
6
CONTINUOUS
10
-1.8451271653543306
20
0.3339249212598425
11
-1.8452682283464565
21
0.3339349212598425
0
LINE
8
BLACK
6
CONTINUOUS
10
-1.8452682283464565
20
0.3339349212598425
11
-1.8459890157480314
21
0.334210748031496
0
LINE
8
BLACK
6
CONTINUOUS
10
-1.8459890157480314
20
0.334210748031496
11
-1.8508634251968503
21
0.3366479133858268
0
LINE
8
BLACK
6
CONTINUOUS
10
-1.8508634251968503
20
0.3366479133858268
11
-1.8511940157480316
21
0.3368560236220473
0
LINE
8
BLACK
6
CONTINUOUS
10
-1.8511940157480316
20
0.3368560236220473
11
-1.8512900393700786
21
0.3368957874015748
0
LINE
8
BLACK
6
CONTINUOUS
10
-1.8512900393700786
20
0.3368957874015748
11
-1.851398188976378
21
0.3369845275590551
0
LINE
8
BLACK
6
CONTINUOUS
10
-1.851398188976378
20
0.3369845275590551
11
-1.8515165748031495
21
0.3370590551181102
0
LINE
8
BLACK
6
CONTINUOUS
10
-1.8515165748031495
20
0.3370590551181102
11
-1.8515847244094488
21
0.3371375984251969
0
LINE
8
BLACK
6
CONTINUOUS
10
-1.8515847244094488
20
0.3371375984251969
11
-1.8518866535433069
21
0.3373853937007874
0
LINE
8
BLACK
6
CONTINUOUS
10
-1.8518866535433069
20
0.3373853937007874
11
-1.8543238582677164
21
0.3398225984251969
0
LINE
8
BLACK
6
CONTINUOUS
10
-1.8543238582677164
20
0.3398225984251969
11
-1.8545716929133857
21
0.3401245669291338
0
LINE
8
BLACK
6
CONTINUOUS
10
-1.8545716929133857
20
0.3401245669291338
11
-1.8546501968503937
21
0.3401926771653543
0
LINE
8
BLACK
6
CONTINUOUS
10
-1.8546501968503937
20
0.3401926771653543
11
-1.8547247244094487
21
0.3403111023622047
0
LINE
8
BLACK
6
CONTINUOUS
10
-1.8547247244094487
20
0.3403111023622047
11
-1.8548134645669292
21
0.3404192125984252
0
LINE
8
BLACK
6
CONTINUOUS
10
-1.8548134645669292
20
0.3404192125984252
11
-1.8548532677165355
21
0.3405153149606299
0
LINE
8
BLACK
6
CONTINUOUS
10
-1.8548532677165355
20
0.3405153149606299
11
-1.8550613385826771
21
0.3408458661417323
0
LINE
8
BLACK
6
CONTINUOUS
10
-1.8550613385826771
20
0.3408458661417323
11
-1.8574985039370078
21
0.3457202362204724
0
LINE
8
BLACK
6
CONTINUOUS
10
-1.8574985039370078
20
0.3457202362204724
11
-1.8577743307086614
21
0.346441062992126
0
LINE
8
BLACK
6
CONTINUOUS
10
-1.8577743307086614
20
0.346441062992126
11
-1.8577843700787402
21
0.346582125984252
0
LINE
8
BLACK
6
CONTINUOUS
10
-1.8577843700787402
20
0.346582125984252
11
-1.8578385039370078
21
0.3467128346456693
0
LINE
8
BLACK
6
CONTINUOUS
10
-1.8578385039370078
20
0.3467128346456693
11
-1.8579141338582676
21
0.347480905511811
0
LINE
8
BLACK
6
CONTINUOUS
10
-1.8579141338582676
20
0.347480905511811
11
-1.8579141338582676
21
0.3621040551181102
0
LINE
8
BLACK
6
CONTINUOUS
10
-1.8579141338582676
20
0.3621040551181102
11
-1.8578385039370078
21
0.3628721259842519
0
LINE
8
BLACK
6
CONTINUOUS
10
-1.8578385039370078
20
0.3628721259842519
11
-1.8577843700787402
21
0.363002874015748
0
LINE
8
BLACK
6
CONTINUOUS
10
-1.8577843700787402
20
0.363002874015748
11
-1.8577743307086614
21
0.3631438976377953
0
LINE
8
BLACK
6
CONTINUOUS
10
-1.8577743307086614
20
0.3631438976377953
11
-1.8574985039370078
21
0.3638647244094488
0
LINE
8
BLACK
6
CONTINUOUS
10
-1.8574985039370078
20
0.3638647244094488
11
-1.8550613385826771
21
0.368739094488189
0
LINE
8
BLACK
6
CONTINUOUS
10
-1.8550613385826771
20
0.368739094488189
11
-1.8548532677165355
21
0.36906968503937
0
LINE
8
BLACK
6
CONTINUOUS
10
-1.8548532677165355
20
0.36906968503937
11
-1.8548134645669292
21
0.369165748031496
0
LINE
8
BLACK
6
CONTINUOUS
10
-1.8548134645669292
20
0.369165748031496
11
-1.8547247244094487
21
0.3692738976377953
0
LINE
8
BLACK
6
CONTINUOUS
10
-1.8547247244094487
20
0.3692738976377953
11
-1.8546501968503937
21
0.3693922834645669
0
LINE
8
BLACK
6
CONTINUOUS
10
-1.8546501968503937
20
0.3693922834645669
11
-1.8545716929133857
21
0.3694604330708661
0
LINE
8
BLACK
6
CONTINUOUS
10
-1.8545716929133857
20
0.3694604330708661
11
-1.8543238582677164
21
0.3697623622047244
0
LINE
8
BLACK
6
CONTINUOUS
10
-1.8543238582677164
20
0.3697623622047244
11
-1.8518866535433069
21
0.3721995669291339
0
LINE
8
BLACK
6
CONTINUOUS
10
-1.8518866535433069
20
0.3721995669291339
11
-1.8515847244094488
21
0.3724474015748032
0
LINE
8
BLACK
6
CONTINUOUS
10
-1.8515847244094488
20
0.3724474015748032
11
-1.8515165748031495
21
0.372525905511811
0
LINE
8
BLACK
6
CONTINUOUS
10
-1.8515165748031495
20
0.372525905511811
11
-1.851398188976378
21
0.3726004724409449
0
LINE
8
BLACK
6
CONTINUOUS
10
-1.851398188976378
20
0.3726004724409449
11
-1.8512900393700786
21
0.3726891732283464
0
LINE
8
BLACK
6
CONTINUOUS
10
-1.8512900393700786
20
0.3726891732283464
11
-1.8511940157480316
21
0.3727289763779528
0
LINE
8
BLACK
6
CONTINUOUS
10
-1.8511940157480316
20
0.3727289763779528
11
-1.8508634251968503
21
0.3729370472440945
0
LINE
8
BLACK
6
CONTINUOUS
10
-1.8508634251968503
20
0.3729370472440945
11
-1.8459890157480314
21
0.3753742125984252
0
LINE
8
BLACK
6
CONTINUOUS
10
-1.8459890157480314
20
0.3753742125984252
11
-1.8452682283464565
21
0.3756500393700787
0
LINE
8
BLACK
6
CONTINUOUS
10
-1.8452682283464565
20
0.3756500393700787
11
-1.8451271653543306
21
0.3756600787401575
0
LINE
8
BLACK
6
CONTINUOUS
10
-1.8451271653543306
20
0.3756600787401575
11
-1.8449964173228346
21
0.3757142125984252
0
LINE
8
BLACK
6
CONTINUOUS
10
-1.8449964173228346
20
0.3757142125984252
11
-1.8442283464566929
21
0.3757898425196851
0
LINE
8
BLACK
6
CONTINUOUS
10
-1.8442283464566929
20
0.3757898425196851
11
-1.8344795669291338
21
0.3757898425196851
0
LINE
8
BLACK
6
CONTINUOUS
10
-1.8344795669291338
20
0.3757898425196851
11
-1.8337114960629921
21
0.3757142125984252
0
LINE
8
BLACK
6
CONTINUOUS
10
-1.7855161811023621
20
0.3757682283464567
11
-1.7854331496062992
21
0.3757781889763779
0
LINE
8
BLACK
6
CONTINUOUS
10
-1.7854331496062992
20
0.3757781889763779
11
-1.7853334251968505
21
0.3757502362204724
0
LINE
8
BLACK
6
CONTINUOUS
10
-1.7853334251968505
20
0.3757502362204724
11
-1.7849675984251967
21
0.3757142125984252
0
LINE
8
BLACK
6
CONTINUOUS
10
-1.7849675984251967
20
0.3757142125984252
11
-1.7844711811023621
21
0.3755085826771654
0
LINE
8
BLACK
6
CONTINUOUS
10
-1.7844711811023621
20
0.3755085826771654
11
-1.7839539763779526
21
0.3753636220472441
0
LINE
8
BLACK
6
CONTINUOUS
10
-1.7839539763779526
20
0.3753636220472441
11
-1.7837675196850393
21
0.3752171259842519
0
LINE
8
BLACK
6
CONTINUOUS
10
-1.7837675196850393
20
0.3752171259842519
11
-1.7835483858267716
21
0.3751263385826771
0
LINE
8
BLACK
6
CONTINUOUS
10
-1.7835483858267716
20
0.3751263385826771
11
-1.7831685433070865
21
0.3747464960629921
0
LINE
8
BLACK
6
CONTINUOUS
10
-1.7831685433070865
20
0.3747464960629921
11
-1.7827461023622047
21
0.3744145669291338
0
LINE
8
BLACK
6
CONTINUOUS
10
-1.7827461023622047
20
0.3744145669291338
11
-1.7826299212598424
21
0.374207874015748
0
LINE
8
BLACK
6
CONTINUOUS
10
-1.7826299212598424
20
0.374207874015748
11
-1.7824621653543307
21
0.3740401181102362
0
LINE
8
BLACK
6
CONTINUOUS
10
-1.7824621653543307
20
0.3740401181102362
11
-1.7822565354330708
21
0.3735437007874016
0
LINE
8
BLACK
6
CONTINUOUS
10
-1.7822565354330708
20
0.3735437007874016
11
-1.7819933464566928
21
0.3730755118110236
0
LINE
8
BLACK
6
CONTINUOUS
10
-1.7819933464566928
20
0.3730755118110236
11
-1.7819651181102363
21
0.372840157480315
0
LINE
8
BLACK
6
CONTINUOUS
10
-1.7819651181102363
20
0.372840157480315
11
-1.7818742913385825
21
0.372620905511811
0
LINE
8
BLACK
6
CONTINUOUS
10
-1.7818742913385825
20
0.372620905511811
11
-1.7818742913385825
21
0.3720834251968504
0
LINE
8
BLACK
6
CONTINUOUS
10
-1.7818742913385825
20
0.3720834251968504
11
-1.7818103149606299
21
0.3715502755905511
0
LINE
8
BLACK
6
CONTINUOUS
10
-1.7818103149606299
20
0.3715502755905511
11
-1.7818742913385825
21
0.3713220472440945
0
LINE
8
BLACK
6
CONTINUOUS
10
-1.7818742913385825
20
0.3713220472440945
11
-1.7818742913385825
21
0.3710847637795275
0
LINE
8
BLACK
6
CONTINUOUS
10
-1.7818742913385825
20
0.3710847637795275
11
-1.7820799606299211
21
0.3705883464566929
0
LINE
8
BLACK
6
CONTINUOUS
10
-1.7820799606299211
20
0.3705883464566929
11
-1.7822248818897637
21
0.3700711417322834
0
LINE
8
BLACK
6
CONTINUOUS
10
-1.7822248818897637
20
0.3700711417322834
11
-1.7824224803149606
21
0.3697613779527559
0
LINE
8
BLACK
6
CONTINUOUS
10
-1.7824224803149606
20
0.3697613779527559
11
-1.7824621653543307
21
0.3696655511811023
0
LINE
8
BLACK
6
CONTINUOUS
10
-1.7824621653543307
20
0.3696655511811023
11
-1.782521338582677
21
0.3696063779527559
0
LINE
8
BLACK
6
CONTINUOUS
10
-1.782521338582677
20
0.3696063779527559
11
-1.7826399212598425
21
0.3694204724409449
0
LINE
8
BLACK
6
CONTINUOUS
10
-1.7826399212598425
20
0.3694204724409449
11
-1.8044445669291338
21
0.3416691338582677
0
LINE
8
BLACK
6
CONTINUOUS
10
-1.8044445669291338
20
0.3416691338582677
11
-1.7857356692913386
21
0.3416691338582677
0
LINE
8
BLACK
6
CONTINUOUS
10
-1.7857356692913386
20
0.3416691338582677
11
-1.7849675984251967
21
0.3415935039370079
0
LINE
8
BLACK
6
CONTINUOUS
10
-1.7849675984251967
20
0.3415935039370079
11
-1.7835483858267716
21
0.3410056299212598
0
LINE
8
BLACK
6
CONTINUOUS
10
-1.7835483858267716
20
0.3410056299212598
11
-1.7824621653543307
21
0.3399194094488189
0
LINE
8
BLACK
6
CONTINUOUS
10
-1.7824621653543307
20
0.3399194094488189
11
-1.7818742913385825
21
0.3385001968503937
0
LINE
8
BLACK
6
CONTINUOUS
10
-1.7818742913385825
20
0.3385001968503937
11
-1.7818742913385825
21
0.3369640551181102
0
LINE
8
BLACK
6
CONTINUOUS
10
-1.7818742913385825
20
0.3369640551181102
11
-1.7824621653543307
21
0.335544842519685
0
LINE
8
BLACK
6
CONTINUOUS
10
-1.7824621653543307
20
0.335544842519685
11
-1.7835483858267716
21
0.3344586220472441
0
LINE
8
BLACK
6
CONTINUOUS
10
-1.7835483858267716
20
0.3344586220472441
11
-1.7849675984251967
21
0.3338707480314961
0
LINE
8
BLACK
6
CONTINUOUS
10
-1.7849675984251967
20
0.3338707480314961
11
-1.7857356692913386
21
0.3337951181102362
0
LINE
8
BLACK
6
CONTINUOUS
10
-1.7857356692913386
20
0.3337951181102362
11
-1.8125448031496063
21
0.3337951181102362
0
LINE
8
BLACK
6
CONTINUOUS
10
-1.8125448031496063
20
0.3337951181102362
11
-1.8127643700787401
21
0.3338167716535433
0
LINE
8
BLACK
6
CONTINUOUS
10
-1.8127643700787401
20
0.3338167716535433
11
-1.8128473622047243
21
0.3338067716535433
0
LINE
8
BLACK
6
CONTINUOUS
10
-1.8128473622047243
20
0.3338067716535433
11
-1.8129471653543308
21
0.3338347637795275
0
LINE
8
BLACK
6
CONTINUOUS
10
-1.8129471653543308
20
0.3338347637795275
11
-1.813312874015748
21
0.3338707480314961
0
LINE
8
BLACK
6
CONTINUOUS
10
-1.813312874015748
20
0.3338707480314961
11
-1.8138093307086613
21
0.3340764173228347
0
LINE
8
BLACK
6
CONTINUOUS
10
-1.8138093307086613
20
0.3340764173228347
11
-1.8143264960629921
21
0.3342213385826772
0
LINE
8
BLACK
6
CONTINUOUS
10
-1.8143264960629921
20
0.3342213385826772
11
-1.8145129921259842
21
0.334367874015748
0
LINE
8
BLACK
6
CONTINUOUS
10
-1.8145129921259842
20
0.334367874015748
11
-1.8147320866141732
21
0.3344586220472441
0
LINE
8
BLACK
6
CONTINUOUS
10
-1.8147320866141732
20
0.3344586220472441
11
-1.8151118897637795
21
0.3348384251968504
0
LINE
8
BLACK
6
CONTINUOUS
10
-1.8151118897637795
20
0.3348384251968504
11
-1.8155344094488188
21
0.3351703937007874
0
LINE
8
BLACK
6
CONTINUOUS
10
-1.8155344094488188
20
0.3351703937007874
11
-1.8156506692913386
21
0.3353772047244095
0
LINE
8
BLACK
6
CONTINUOUS
10
-1.8156506692913386
20
0.3353772047244095
11
-1.8158183070866141
21
0.335544842519685
0
LINE
8
BLACK
6
CONTINUOUS
10
-1.8158183070866141
20
0.335544842519685
11
-1.8160239370078739
21
0.3360412204724409
0
LINE
8
BLACK
6
CONTINUOUS
10
-1.8160239370078739
20
0.3360412204724409
11
-1.8162871259842519
21
0.3365094488188976
0
LINE
8
BLACK
6
CONTINUOUS
10
-1.8162871259842519
20
0.3365094488188976
11
-1.8163153937007874
21
0.336744842519685
0
LINE
8
BLACK
6
CONTINUOUS
10
-1.8163153937007874
20
0.336744842519685
11
-1.8164061811023622
21
0.3369640551181102
0
LINE
8
BLACK
6
CONTINUOUS
10
-1.8164061811023622
20
0.3369640551181102
11
-1.8164061811023622
21
0.3375015748031496
0
LINE
8
BLACK
6
CONTINUOUS
10
-1.8164061811023622
20
0.3375015748031496
11
-1.8164701574803148
21
0.3380346850393701
0
LINE
8
BLACK
6
CONTINUOUS
10
-1.8164701574803148
20
0.3380346850393701
11
-1.8164061811023622
21
0.3382629527559055
0
LINE
8
BLACK
6
CONTINUOUS
10
-1.8164061811023622
20
0.3382629527559055
11
-1.8164061811023622
21
0.3385001968503937
0
LINE
8
BLACK
6
CONTINUOUS
10
-1.8164061811023622
20
0.3385001968503937
11
-1.8162005511811024
21
0.3389966535433071
0
LINE
8
BLACK
6
CONTINUOUS
10
-1.8162005511811024
20
0.3389966535433071
11
-1.816055590551181
21
0.3395138188976378
0
LINE
8
BLACK
6
CONTINUOUS
10
-1.816055590551181
20
0.3395138188976378
11
-1.8158580314960628
21
0.3398236220472441
0
LINE
8
BLACK
6
CONTINUOUS
10
-1.8158580314960628
20
0.3398236220472441
11
-1.8158183070866141
21
0.3399194094488189
0
LINE
8
BLACK
6
CONTINUOUS
10
-1.8158183070866141
20
0.3399194094488189
11
-1.8157591338582677
21
0.3399785826771654
0
LINE
8
BLACK
6
CONTINUOUS
10
-1.8157591338582677
20
0.3399785826771654
11
-1.8156405511811022
21
0.3401644881889764
0
LINE
8
BLACK
6
CONTINUOUS
10
-1.8156405511811022
20
0.3401644881889764
11
-1.7938359055118109
21
0.3679158267716535
0
LINE
8
BLACK
6
CONTINUOUS
10
-1.7938359055118109
20
0.3679158267716535
11
-1.8125448031496063
21
0.3679158267716535
0
LINE
8
BLACK
6
CONTINUOUS
10
-1.8125448031496063
20
0.3679158267716535
11
-1.813312874015748
21
0.3679914566929134
0
LINE
8
BLACK
6
CONTINUOUS
10
-1.813312874015748
20
0.3679914566929134
11
-1.8147320866141732
21
0.3685793307086614
0
LINE
8
BLACK
6
CONTINUOUS
10
-1.8147320866141732
20
0.3685793307086614
11
-1.8158183070866141
21
0.3696655511811023
0
LINE
8
BLACK
6
CONTINUOUS
10
-1.8158183070866141
20
0.3696655511811023
11
-1.8164061811023622
21
0.3710847637795275
0
LINE
8
BLACK
6
CONTINUOUS
10
-1.8164061811023622
20
0.3710847637795275
11
-1.8164061811023622
21
0.372620905511811
0
LINE
8
BLACK
6
CONTINUOUS
10
-1.8164061811023622
20
0.372620905511811
11
-1.8158183070866141
21
0.3740401181102362
0
LINE
8
BLACK
6
CONTINUOUS
10
-1.8158183070866141
20
0.3740401181102362
11
-1.8147320866141732
21
0.3751263385826771
0
LINE
8
BLACK
6
CONTINUOUS
10
-1.8147320866141732
20
0.3751263385826771
11
-1.813312874015748
21
0.3757142125984252
0
LINE
8
BLACK
6
CONTINUOUS
10
-1.813312874015748
20
0.3757142125984252
11
-1.8125448031496063
21
0.3757898425196851
0
LINE
8
BLACK
6
CONTINUOUS
10
-1.8125448031496063
20
0.3757898425196851
11
-1.7857356692913386
21
0.3757898425196851
0
LINE
8
BLACK
6
CONTINUOUS
10
-1.7857356692913386
20
0.3757898425196851
11
-1.7855161811023621
21
0.3757682283464567
0
LINE
8
BLACK
6
CONTINUOUS
10
-1.7094145275590551
20
0.3927746062992126
11
-1.7092838188976378
21
0.3927204724409449
0
LINE
8
BLACK
6
CONTINUOUS
10
-1.7092838188976378
20
0.3927204724409449
11
-1.7091427165354329
21
0.3927104330708661
0
LINE
8
BLACK
6
CONTINUOUS
10
-1.7091427165354329
20
0.3927104330708661
11
-1.7084218897637795
21
0.3924346062992126
0
LINE
8
BLACK
6
CONTINUOUS
10
-1.7084218897637795
20
0.3924346062992126
11
-1.7035475196850394
21
0.3899974015748031
0
LINE
8
BLACK
6
CONTINUOUS
10
-1.7035475196850394
20
0.3899974015748031
11
-1.7032168897637794
21
0.3897892913385826
0
LINE
8
BLACK
6
CONTINUOUS
10
-1.7032168897637794
20
0.3897892913385826
11
-1.7031209448818898
21
0.3897495275590551
0
LINE
8
BLACK
6
CONTINUOUS
10
-1.7031209448818898
20
0.3897495275590551
11
-1.7030129527559055
21
0.389660905511811
0
LINE
8
BLACK
6
CONTINUOUS
10
-1.7030129527559055
20
0.389660905511811
11
-1.7028943700787402
21
0.3895862598425197
0
LINE
8
BLACK
6
CONTINUOUS
10
-1.7028943700787402
20
0.3895862598425197
11
-1.7028261811023622
21
0.3895076377952756
0
LINE
8
BLACK
6
CONTINUOUS
10
-1.7028261811023622
20
0.3895076377952756
11
-1.7025243307086613
21
0.3892599212598425
0
LINE
8
BLACK
6
CONTINUOUS
10
-1.7025243307086613
20
0.3892599212598425
11
-1.7000871259842518
21
0.386822716535433
0
LINE
8
BLACK
6
CONTINUOUS
10
-1.7000871259842518
20
0.386822716535433
11
-1.6998394488188977
21
0.386520905511811
0
LINE
8
BLACK
6
CONTINUOUS
10
-1.6998394488188977
20
0.386520905511811
11
-1.6997607874015748
21
0.3864526771653543
0
LINE
8
BLACK
6
CONTINUOUS
10
-1.6997607874015748
20
0.3864526771653543
11
-1.6996861811023622
21
0.3863341338582677
0
LINE
8
BLACK
6
CONTINUOUS
10
-1.6996861811023622
20
0.3863341338582677
11
-1.6995975196850392
21
0.3862261023622047
0
LINE
8
BLACK
6
CONTINUOUS
10
-1.6995975196850392
20
0.3862261023622047
11
-1.6995577952755905
21
0.3861301968503937
0
LINE
8
BLACK
6
CONTINUOUS
10
-1.6995577952755905
20
0.3861301968503937
11
-1.6993496456692914
21
0.3857995275590551
0
LINE
8
BLACK
6
CONTINUOUS
10
-1.6993496456692914
20
0.3857995275590551
11
-1.6969124409448819
21
0.380925157480315
0
LINE
8
BLACK
6
CONTINUOUS
10
-1.6969124409448819
20
0.380925157480315
11
-1.6966366141732283
21
0.3802043307086614
0
LINE
8
BLACK
6
CONTINUOUS
10
-1.6966366141732283
20
0.3802043307086614
11
-1.6966266141732282
21
0.3800632677165354
0
LINE
8
BLACK
6
CONTINUOUS
10
-1.6966266141732282
20
0.3800632677165354
11
-1.6965724409448819
21
0.3799325196850394
0
LINE
8
BLACK
6
CONTINUOUS
10
-1.6965724409448819
20
0.3799325196850394
11
-1.696496811023622
21
0.3791644488188976
0
LINE
8
BLACK
6
CONTINUOUS
10
-1.696496811023622
20
0.3791644488188976
11
-1.696496811023622
21
0.3742900393700787
0
LINE
8
BLACK
6
CONTINUOUS
10
-1.696496811023622
20
0.3742900393700787
11
-1.6965351181102362
21
0.3739013385826772
0
LINE
8
BLACK
6
CONTINUOUS
10
-1.6965351181102362
20
0.3739013385826772
11
-1.6965277165354331
21
0.3737976377952756
0
LINE
8
BLACK
6
CONTINUOUS
10
-1.6965277165354331
20
0.3737976377952756
11
-1.6965587401574802
21
0.3736612992125984
0
LINE
8
BLACK
6
CONTINUOUS
10
-1.6965587401574802
20
0.3736612992125984
11
-1.6965724409448819
21
0.373521968503937
0
LINE
8
BLACK
6
CONTINUOUS
10
-1.6965724409448819
20
0.373521968503937
11
-1.6966122834645669
21
0.3734258267716535
0
LINE
8
BLACK
6
CONTINUOUS
10
-1.6966122834645669
20
0.3734258267716535
11
-1.6966988582677165
21
0.3730450393700787
0
LINE
8
BLACK
6
CONTINUOUS
10
-1.6966988582677165
20
0.3730450393700787
11
-1.6991360629921259
21
0.3657334645669291
0
LINE
8
BLACK
6
CONTINUOUS
10
-1.6991360629921259
20
0.3657334645669291
11
-1.6994506692913385
21
0.3650287401574803
0
LINE
8
BLACK
6
CONTINUOUS
10
-1.6994506692913385
20
0.3650287401574803
11
-1.6995433858267717
21
0.3649218503937008
0
LINE
8
BLACK
6
CONTINUOUS
10
-1.6995433858267717
20
0.3649218503937008
11
-1.6995975196850392
21
0.3647911417322834
0
LINE
8
BLACK
6
CONTINUOUS
10
-1.6995975196850392
20
0.3647911417322834
11
-1.7000871653543306
21
0.3641945669291338
0
LINE
8
BLACK
6
CONTINUOUS
10
-1.7000871653543306
20
0.3641945669291338
11
-1.722612559055118
21
0.3416691338582677
0
LINE
8
BLACK
6
CONTINUOUS
10
-1.722612559055118
20
0.3416691338582677
11
-1.7004338188976378
21
0.3416691338582677
0
LINE
8
BLACK
6
CONTINUOUS
10
-1.7004338188976378
20
0.3416691338582677
11
-1.6996657480314961
21
0.3415935039370079
0
LINE
8
BLACK
6
CONTINUOUS
10
-1.6996657480314961
20
0.3415935039370079
11
-1.6982465354330709
21
0.3410056299212598
0
LINE
8
BLACK
6
CONTINUOUS
10
-1.6982465354330709
20
0.3410056299212598
11
-1.6971603149606298
21
0.3399194094488189
0
LINE
8
BLACK
6
CONTINUOUS
10
-1.6971603149606298
20
0.3399194094488189
11
-1.6965724409448819
21
0.3385001968503937
0
LINE
8
BLACK
6
CONTINUOUS
10
-1.6965724409448819
20
0.3385001968503937
11
-1.6965724409448819
21
0.3369640551181102
0
LINE
8
BLACK
6
CONTINUOUS
10
-1.6965724409448819
20
0.3369640551181102
11
-1.6971603149606298
21
0.335544842519685
0
LINE
8
BLACK
6
CONTINUOUS
10
-1.6971603149606298
20
0.335544842519685
11
-1.6982465354330709
21
0.3344586220472441
0
LINE
8
BLACK
6
CONTINUOUS
10
-1.6982465354330709
20
0.3344586220472441
11
-1.6996657480314961
21
0.3338707480314961
0
LINE
8
BLACK
6
CONTINUOUS
10
-1.6996657480314961
20
0.3338707480314961
11
-1.7004338188976378
21
0.3337951181102362
0
LINE
8
BLACK
6
CONTINUOUS
10
-1.7004338188976378
20
0.3337951181102362
11
-1.7321173622047243
21
0.3337951181102362
0
LINE
8
BLACK
6
CONTINUOUS
10
-1.7321173622047243
20
0.3337951181102362
11
-1.7328854330708661
21
0.3338707480314961
0
LINE
8
BLACK
6
CONTINUOUS
10
-1.7328854330708661
20
0.3338707480314961
11
-1.7343046456692912
21
0.3344586220472441
0
LINE
8
BLACK
6
CONTINUOUS
10
-1.7343046456692912
20
0.3344586220472441
11
-1.7353908661417323
21
0.335544842519685
0
LINE
8
BLACK
6
CONTINUOUS
10
-1.7353908661417323
20
0.335544842519685
11
-1.7359787401574802
21
0.3369640551181102
0
LINE
8
BLACK
6
CONTINUOUS
10
-1.7359787401574802
20
0.3369640551181102
11
-1.7359787401574802
21
0.3385001968503937
0
LINE
8
BLACK
6
CONTINUOUS
10
-1.7359787401574802
20
0.3385001968503937
11
-1.7353908661417323
21
0.3399194094488189
0
LINE
8
BLACK
6
CONTINUOUS
10
-1.7353908661417323
20
0.3399194094488189
11
-1.7353908267716536
21
0.3399194488188976
0
LINE
8
BLACK
6
CONTINUOUS
10
-1.7353908267716536
20
0.3399194488188976
11
-1.7349012598425197
21
0.3405160236220472
0
LINE
8
BLACK
6
CONTINUOUS
10
-1.7349012598425197
20
0.3405160236220472
11
-1.7063120866141732
21
0.3691051968503937
0
LINE
8
BLACK
6
CONTINUOUS
10
-1.7063120866141732
20
0.3691051968503937
11
-1.7043708267716535
21
0.374928937007874
0
LINE
8
BLACK
6
CONTINUOUS
10
-1.7043708267716535
20
0.374928937007874
11
-1.7043708267716535
21
0.378235
0
LINE
8
BLACK
6
CONTINUOUS
10
-1.7043708267716535
20
0.378235
11
-1.7061066929133857
21
0.3817066929133858
0
LINE
8
BLACK
6
CONTINUOUS
10
-1.7061066929133857
20
0.3817066929133858
11
-1.7076403937007874
21
0.3832403937007874
0
LINE
8
BLACK
6
CONTINUOUS
10
-1.7076403937007874
20
0.3832403937007874
11
-1.7111120472440944
21
0.384976220472441
0
LINE
8
BLACK
6
CONTINUOUS
10
-1.7111120472440944
20
0.384976220472441
11
-1.7214391338582677
21
0.384976220472441
0
LINE
8
BLACK
6
CONTINUOUS
10
-1.7214391338582677
20
0.384976220472441
11
-1.724910905511811
21
0.3832403937007874
0
LINE
8
BLACK
6
CONTINUOUS
10
-1.724910905511811
20
0.3832403937007874
11
-1.7268962598425197
21
0.3812549606299213
0
LINE
8
BLACK
6
CONTINUOUS
10
-1.7268962598425197
20
0.3812549606299213
11
-1.7274928346456693
21
0.3807653149606299
0
LINE
8
BLACK
6
CONTINUOUS
10
-1.7274928346456693
20
0.3807653149606299
11
-1.7289120472440944
21
0.3801774803149606
0
LINE
8
BLACK
6
CONTINUOUS
10
-1.7289120472440944
20
0.3801774803149606
11
-1.7304481889763779
21
0.3801774409448819
0
LINE
8
BLACK
6
CONTINUOUS
10
-1.7304481889763779
20
0.3801774409448819
11
-1.7318674409448818
21
0.3807652755905512
0
LINE
8
BLACK
6
CONTINUOUS
10
-1.7318674409448818
20
0.3807652755905512
11
-1.7329536614173229
21
0.3818514960629921
0
LINE
8
BLACK
6
CONTINUOUS
10
-1.7329536614173229
20
0.3818514960629921
11
-1.733541496062992
21
0.3832707086614173
0
LINE
8
BLACK
6
CONTINUOUS
10
-1.733541496062992
20
0.3832707086614173
11
-1.7335415354330708
21
0.3848068503937008
0
LINE
8
BLACK
6
CONTINUOUS
10
-1.7335415354330708
20
0.3848068503937008
11
-1.7329537007874016
21
0.3862261023622047
0
LINE
8
BLACK
6
CONTINUOUS
10
-1.7329537007874016
20
0.3862261023622047
11
-1.7324640551181103
21
0.3868226771653543
0
LINE
8
BLACK
6
CONTINUOUS
10
-1.7324640551181103
20
0.3868226771653543
11
-1.7300268897637794
21
0.3892598818897638
0
LINE
8
BLACK
6
CONTINUOUS
10
-1.7300268897637794
20
0.3892598818897638
11
-1.7297250787401575
21
0.3895076377952756
0
LINE
8
BLACK
6
CONTINUOUS
10
-1.7297250787401575
20
0.3895076377952756
11
-1.7296568503937007
21
0.3895862598425197
0
LINE
8
BLACK
6
CONTINUOUS
10
-1.7296568503937007
20
0.3895862598425197
11
-1.7295384251968504
21
0.3896608267716535
0
LINE
8
BLACK
6
CONTINUOUS
10
-1.7295384251968504
20
0.3896608267716535
11
-1.7294303149606298
21
0.3897495275590551
0
LINE
8
BLACK
6
CONTINUOUS
10
-1.7294303149606298
20
0.3897495275590551
11
-1.729334251968504
21
0.3897893307086614
0
LINE
8
BLACK
6
CONTINUOUS
10
-1.729334251968504
20
0.3897893307086614
11
-1.7290036614173228
21
0.3899974015748031
0
LINE
8
BLACK
6
CONTINUOUS
10
-1.7290036614173228
20
0.3899974015748031
11
-1.7241292519685039
21
0.3924346062992126
0
LINE
8
BLACK
6
CONTINUOUS
10
-1.7241292519685039
20
0.3924346062992126
11
-1.7234084645669292
21
0.3927104330708661
0
LINE
8
BLACK
6
CONTINUOUS
10
-1.7234084645669292
20
0.3927104330708661
11
-1.7232674015748031
21
0.3927204724409449
0
LINE
8
BLACK
6
CONTINUOUS
10
-1.7232674015748031
20
0.3927204724409449
11
-1.723136653543307
21
0.3927746062992126
0
LINE
8
BLACK
6
CONTINUOUS
10
-1.723136653543307
20
0.3927746062992126
11
-1.7223685826771653
21
0.3928502362204724
0
LINE
8
BLACK
6
CONTINUOUS
10
-1.7223685826771653
20
0.3928502362204724
11
-1.7101825984251968
21
0.3928502362204724
0
LINE
8
BLACK
6
CONTINUOUS
10
-1.7101825984251968
20
0.3928502362204724
11
-1.7094145275590551
21
0.3927746062992126
0
LINE
8
BLACK
6
CONTINUOUS
10
-1.6631078346456694
20
0.3927746062992126
11
-1.6629771259842518
21
0.3927204724409449
0
LINE
8
BLACK
6
CONTINUOUS
10
-1.6629771259842518
20
0.3927204724409449
11
-1.6628360236220472
21
0.3927104330708661
0
LINE
8
BLACK
6
CONTINUOUS
10
-1.6628360236220472
20
0.3927104330708661
11
-1.6621151968503938
21
0.3924346062992126
0
LINE
8
BLACK
6
CONTINUOUS
10
-1.6621151968503938
20
0.3924346062992126
11
-1.6572408267716534
21
0.3899974015748031
0
LINE
8
BLACK
6
CONTINUOUS
10
-1.6572408267716534
20
0.3899974015748031
11
-1.6569101968503936
21
0.3897892913385826
0
LINE
8
BLACK
6
CONTINUOUS
10
-1.6569101968503936
20
0.3897892913385826
11
-1.6568142519685038
21
0.3897495275590551
0
LINE
8
BLACK
6
CONTINUOUS
10
-1.6568142519685038
20
0.3897495275590551
11
-1.6567062598425197
21
0.389660905511811
0
LINE
8
BLACK
6
CONTINUOUS
10
-1.6567062598425197
20
0.389660905511811
11
-1.6565876771653543
21
0.3895862598425197
0
LINE
8
BLACK
6
CONTINUOUS
10
-1.6565876771653543
20
0.3895862598425197
11
-1.6565194881889764
21
0.3895076377952756
0
LINE
8
BLACK
6
CONTINUOUS
10
-1.6565194881889764
20
0.3895076377952756
11
-1.6562176377952755
21
0.3892599212598425
0
LINE
8
BLACK
6
CONTINUOUS
10
-1.6562176377952755
20
0.3892599212598425
11
-1.6537804330708661
21
0.386822716535433
0
LINE
8
BLACK
6
CONTINUOUS
10
-1.6537804330708661
20
0.386822716535433
11
-1.6535327559055117
21
0.386520905511811
0
LINE
8
BLACK
6
CONTINUOUS
10
-1.6535327559055117
20
0.386520905511811
11
-1.653454094488189
21
0.3864526771653543
0
LINE
8
BLACK
6
CONTINUOUS
10
-1.653454094488189
20
0.3864526771653543
11
-1.6533794881889763
21
0.3863341338582677
0
LINE
8
BLACK
6
CONTINUOUS
10
-1.6533794881889763
20
0.3863341338582677
11
-1.6532908267716535
21
0.3862261023622047
0
LINE
8
BLACK
6
CONTINUOUS
10
-1.6532908267716535
20
0.3862261023622047
11
-1.6532511023622047
21
0.3861301968503937
0
LINE
8
BLACK
6
CONTINUOUS
10
-1.6532511023622047
20
0.3861301968503937
11
-1.6530429527559054
21
0.3857995275590551
0
LINE
8
BLACK
6
CONTINUOUS
10
-1.6530429527559054
20
0.3857995275590551
11
-1.650605748031496
21
0.380925157480315
0
LINE
8
BLACK
6
CONTINUOUS
10
-1.650605748031496
20
0.380925157480315
11
-1.6505842519685039
21
0.380868937007874
0
LINE
8
BLACK
6
CONTINUOUS
10
-1.6505842519685039
20
0.380868937007874
11
-1.6505673228346456
21
0.3808461023622047
0
LINE
8
BLACK
6
CONTINUOUS
10
-1.6505673228346456
20
0.3808461023622047
11
-1.6504523228346457
21
0.3805242125984252
0
LINE
8
BLACK
6
CONTINUOUS
10
-1.6504523228346457
20
0.3805242125984252
11
-1.6503299212598426
21
0.3802043307086614
0
LINE
8
BLACK
6
CONTINUOUS
10
-1.6503299212598426
20
0.3802043307086614
11
-1.6503279133858266
21
0.3801759842519685
0
LINE
8
BLACK
6
CONTINUOUS
10
-1.6503279133858266
20
0.3801759842519685
11
-1.6503076771653542
21
0.3801193307086614
0
LINE
8
BLACK
6
CONTINUOUS
10
-1.6503076771653542
20
0.3801193307086614
11
-1.6478704724409448
21
0.3703705511811023
0
LINE
8
BLACK
6
CONTINUOUS
10
-1.6478704724409448
20
0.3703705511811023
11
-1.6478507874015749
21
0.3702374409448819
0
LINE
8
BLACK
6
CONTINUOUS
10
-1.6478507874015749
20
0.3702374409448819
11
-1.6478285433070865
21
0.3701837401574803
0
LINE
8
BLACK
6
CONTINUOUS
10
-1.6478285433070865
20
0.3701837401574803
11
-1.6478000787401574
21
0.3698943700787402
0
LINE
8
BLACK
6
CONTINUOUS
10
-1.6478000787401574
20
0.3698943700787402
11
-1.6477575590551181
21
0.3696070472440945
0
LINE
8
BLACK
6
CONTINUOUS
10
-1.6477575590551181
20
0.3696070472440945
11
-1.6477661417322835
21
0.3695496456692913
0
LINE
8
BLACK
6
CONTINUOUS
10
-1.6477661417322835
20
0.3695496456692913
11
-1.6477529133858266
21
0.3694156692913386
0
LINE
8
BLACK
6
CONTINUOUS
10
-1.6477529133858266
20
0.3694156692913386
11
-1.6477529133858266
21
0.3572296850393701
0
LINE
8
BLACK
6
CONTINUOUS
10
-1.6477529133858266
20
0.3572296850393701
11
-1.6477661417322835
21
0.3570957480314961
0
LINE
8
BLACK
6
CONTINUOUS
10
-1.6477661417322835
20
0.3570957480314961
11
-1.6477575590551181
21
0.3570383070866142
0
LINE
8
BLACK
6
CONTINUOUS
10
-1.6477575590551181
20
0.3570383070866142
11
-1.6478000787401574
21
0.3567510236220472
0
LINE
8
BLACK
6
CONTINUOUS
10
-1.6478000787401574
20
0.3567510236220472
11
-1.6478285433070865
21
0.3564616141732284
0
LINE
8
BLACK
6
CONTINUOUS
10
-1.6478285433070865
20
0.3564616141732284
11
-1.6478507874015749
21
0.3564079527559055
0
LINE
8
BLACK
6
CONTINUOUS
10
-1.6478507874015749
20
0.3564079527559055
11
-1.6478704724409448
21
0.3562748031496063
0
LINE
8
BLACK
6
CONTINUOUS
10
-1.6478704724409448
20
0.3562748031496063
11
-1.6503076771653542
21
0.3465260236220473
0
LINE
8
BLACK
6
CONTINUOUS
10
-1.6503076771653542
20
0.3465260236220473
11
-1.6503279133858266
21
0.3464694094488189
0
LINE
8
BLACK
6
CONTINUOUS
10
-1.6503279133858266
20
0.3464694094488189
11
-1.6503299212598426
21
0.3464410236220473
0
LINE
8
BLACK
6
CONTINUOUS
10
-1.6503299212598426
20
0.3464410236220473
11
-1.6504522440944882
21
0.3461214173228346
0
LINE
8
BLACK
6
CONTINUOUS
10
-1.6504522440944882
20
0.3461214173228346
11
-1.6505673228346456
21
0.3457992519685039
0
LINE
8
BLACK
6
CONTINUOUS
10
-1.6505673228346456
20
0.3457992519685039
11
-1.6505842913385826
21
0.3457764173228347
0
LINE
8
BLACK
6
CONTINUOUS
10
-1.6505842913385826
20
0.3457764173228347
11
-1.650605748031496
21
0.3457202362204724
0
LINE
8
BLACK
6
CONTINUOUS
10
-1.650605748031496
20
0.3457202362204724
11
-1.6530429527559054
21
0.3408458267716535
0
LINE
8
BLACK
6
CONTINUOUS
10
-1.6530429527559054
20
0.3408458267716535
11
-1.6532511023622047
21
0.3405151968503937
0
LINE
8
BLACK
6
CONTINUOUS
10
-1.6532511023622047
20
0.3405151968503937
11
-1.6532908267716535
21
0.3404192125984252
0
LINE
8
BLACK
6
CONTINUOUS
10
-1.6532908267716535
20
0.3404192125984252
11
-1.6533794881889763
21
0.3403112204724409
0
LINE
8
BLACK
6
CONTINUOUS
10
-1.6533794881889763
20
0.3403112204724409
11
-1.653454094488189
21
0.3401926377952756
0
LINE
8
BLACK
6
CONTINUOUS
10
-1.653454094488189
20
0.3401926377952756
11
-1.6535327559055117
21
0.3401244488188976
0
LINE
8
BLACK
6
CONTINUOUS
10
-1.6535327559055117
20
0.3401244488188976
11
-1.6537804330708661
21
0.3398225984251969
0
LINE
8
BLACK
6
CONTINUOUS
10
-1.6537804330708661
20
0.3398225984251969
11
-1.6562176377952755
21
0.3373853937007874
0
LINE
8
BLACK
6
CONTINUOUS
10
-1.6562176377952755
20
0.3373853937007874
11
-1.6565196062992125
21
0.3371375984251969
0
LINE
8
BLACK
6
CONTINUOUS
10
-1.6565196062992125
20
0.3371375984251969
11
-1.656587716535433
21
0.3370590551181102
0
LINE
8
BLACK
6
CONTINUOUS
10
-1.656587716535433
20
0.3370590551181102
11
-1.6567061417322835
21
0.3369845275590551
0
LINE
8
BLACK
6
CONTINUOUS
10
-1.6567061417322835
20
0.3369845275590551
11
-1.6568142519685038
21
0.3368957874015748
0
LINE
8
BLACK
6
CONTINUOUS
10
-1.6568142519685038
20
0.3368957874015748
11
-1.6569103149606299
21
0.3368560236220473
0
LINE
8
BLACK
6
CONTINUOUS
10
-1.6569103149606299
20
0.3368560236220473
11
-1.6572408661417322
21
0.3366479133858268
0
LINE
8
BLACK
6
CONTINUOUS
10
-1.6572408661417322
20
0.3366479133858268
11
-1.6621152362204723
21
0.334210748031496
0
LINE
8
BLACK
6
CONTINUOUS
10
-1.6621152362204723
20
0.334210748031496
11
-1.6628360236220472
21
0.3339349212598425
0
LINE
8
BLACK
6
CONTINUOUS
10
-1.6628360236220472
20
0.3339349212598425
11
-1.6629771259842518
21
0.3339249212598425
0
LINE
8
BLACK
6
CONTINUOUS
10
-1.6629771259842518
20
0.3339249212598425
11
-1.6631078346456694
21
0.3338707480314961
0
LINE
8
BLACK
6
CONTINUOUS
10
-1.6631078346456694
20
0.3338707480314961
11
-1.6638759055118111
21
0.3337951181102362
0
LINE
8
BLACK
6
CONTINUOUS
10
-1.6638759055118111
20
0.3337951181102362
11
-1.66875031496063
21
0.3337951181102362
0
LINE
8
BLACK
6
CONTINUOUS
10
-1.66875031496063
20
0.3337951181102362
11
-1.6695183858267717
21
0.3338707480314961
0
LINE
8
BLACK
6
CONTINUOUS
10
-1.6695183858267717
20
0.3338707480314961
11
-1.6696491338582677
21
0.3339249212598425
0
LINE
8
BLACK
6
CONTINUOUS
10
-1.6696491338582677
20
0.3339249212598425
11
-1.6697901968503936
21
0.3339349212598425
0
LINE
8
BLACK
6
CONTINUOUS
10
-1.6697901968503936
20
0.3339349212598425
11
-1.6705109842519685
21
0.334210748031496
0
LINE
8
BLACK
6
CONTINUOUS
10
-1.6705109842519685
20
0.334210748031496
11
-1.6753853543307087
21
0.3366479133858268
0
LINE
8
BLACK
6
CONTINUOUS
10
-1.6753853543307087
20
0.3366479133858268
11
-1.6757159448818897
21
0.3368560236220473
0
LINE
8
BLACK
6
CONTINUOUS
10
-1.6757159448818897
20
0.3368560236220473
11
-1.675811968503937
21
0.3368957874015748
0
LINE
8
BLACK
6
CONTINUOUS
10
-1.675811968503937
20
0.3368957874015748
11
-1.6759201181102361
21
0.3369845275590551
0
LINE
8
BLACK
6
CONTINUOUS
10
-1.6759201181102361
20
0.3369845275590551
11
-1.6760385039370078
21
0.3370590551181102
0
LINE
8
BLACK
6
CONTINUOUS
10
-1.6760385039370078
20
0.3370590551181102
11
-1.6761066141732284
21
0.3371375984251969
0
LINE
8
BLACK
6
CONTINUOUS
10
-1.6761066141732284
20
0.3371375984251969
11
-1.6764085826771653
21
0.3373853937007874
0
LINE
8
BLACK
6
CONTINUOUS
10
-1.6764085826771653
20
0.3373853937007874
11
-1.6788457874015748
21
0.3398225984251969
0
LINE
8
BLACK
6
CONTINUOUS
10
-1.6788457874015748
20
0.3398225984251969
11
-1.6790935039370078
21
0.3401244488188976
0
LINE
8
BLACK
6
CONTINUOUS
10
-1.6790935039370078
20
0.3401244488188976
11
-1.679172125984252
21
0.3401926377952756
0
LINE
8
BLACK
6
CONTINUOUS
10
-1.679172125984252
20
0.3401926377952756
11
-1.6792467716535433
21
0.3403112204724409
0
LINE
8
BLACK
6
CONTINUOUS
10
-1.6792467716535433
20
0.3403112204724409
11
-1.6793353937007873
21
0.3404192125984252
0
LINE
8
BLACK
6
CONTINUOUS
10
-1.6793353937007873
20
0.3404192125984252
11
-1.6793751574803149
21
0.340515157480315
0
LINE
8
BLACK
6
CONTINUOUS
10
-1.6793751574803149
20
0.340515157480315
11
-1.6795832677165354
21
0.3408457874015748
0
LINE
8
BLACK
6
CONTINUOUS
10
-1.6795832677165354
20
0.3408457874015748
11
-1.6820204724409449
21
0.3457202362204724
0
LINE
8
BLACK
6
CONTINUOUS
10
-1.6820204724409449
20
0.3457202362204724
11
-1.6820419685039369
21
0.3457764173228347
0
LINE
8
BLACK
6
CONTINUOUS
10
-1.6820419685039369
20
0.3457764173228347
11
-1.6820588976377953
21
0.3457992519685039
0
LINE
8
BLACK
6
CONTINUOUS
10
-1.6820588976377953
20
0.3457992519685039
11
-1.6821740157480314
21
0.3461214173228346
0
LINE
8
BLACK
6
CONTINUOUS
10
-1.6821740157480314
20
0.3461214173228346
11
-1.6822962992125985
21
0.3464410236220473
0
LINE
8
BLACK
6
CONTINUOUS
10
-1.6822962992125985
20
0.3464410236220473
11
-1.682298346456693
21
0.3464694094488189
0
LINE
8
BLACK
6
CONTINUOUS
10
-1.682298346456693
20
0.3464694094488189
11
-1.6823185433070866
21
0.3465260236220473
0
LINE
8
BLACK
6
CONTINUOUS
10
-1.6823185433070866
20
0.3465260236220473
11
-1.6847557086614173
21
0.3562748425196851
0
LINE
8
BLACK
6
CONTINUOUS
10
-1.6847557086614173
20
0.3562748425196851
11
-1.6847753937007874
21
0.3564079133858268
0
LINE
8
BLACK
6
CONTINUOUS
10
-1.6847753937007874
20
0.3564079133858268
11
-1.6847976377952756
21
0.3564616141732284
0
LINE
8
BLACK
6
CONTINUOUS
10
-1.6847976377952756
20
0.3564616141732284
11
-1.6848261417322834
21
0.356751062992126
0
LINE
8
BLACK
6
CONTINUOUS
10
-1.6848261417322834
20
0.356751062992126
11
-1.684868622047244
21
0.3570383070866142
0
LINE
8
BLACK
6
CONTINUOUS
10
-1.684868622047244
20
0.3570383070866142
11
-1.6848600787401575
21
0.3570957480314961
0
LINE
8
BLACK
6
CONTINUOUS
10
-1.6848600787401575
20
0.3570957480314961
11
-1.6848732677165354
21
0.3572296850393701
0
LINE
8
BLACK
6
CONTINUOUS
10
-1.6848732677165354
20
0.3572296850393701
11
-1.6848732677165354
21
0.3694156692913386
0
LINE
8
BLACK
6
CONTINUOUS
10
-1.6848732677165354
20
0.3694156692913386
11
-1.6848600787401575
21
0.3695496456692913
0
LINE
8
BLACK
6
CONTINUOUS
10
-1.6848600787401575
20
0.3695496456692913
11
-1.684868622047244
21
0.3696070472440945
0
LINE
8
BLACK
6
CONTINUOUS
10
-1.684868622047244
20
0.3696070472440945
11
-1.6848261417322834
21
0.3698943307086614
0
LINE
8
BLACK
6
CONTINUOUS
10
-1.6848261417322834
20
0.3698943307086614
11
-1.6847976377952756
21
0.3701837401574803
0
LINE
8
BLACK
6
CONTINUOUS
10
-1.6847976377952756
20
0.3701837401574803
11
-1.6847753937007874
21
0.3702374803149606
0
LINE
8
BLACK
6
CONTINUOUS
10
-1.6847753937007874
20
0.3702374803149606
11
-1.6847557086614173
21
0.3703705118110236
0
LINE
8
BLACK
6
CONTINUOUS
10
-1.6847557086614173
20
0.3703705118110236
11
-1.6823185433070866
21
0.3801193307086614
0
LINE
8
BLACK
6
CONTINUOUS
10
-1.6823185433070866
20
0.3801193307086614
11
-1.682298346456693
21
0.3801759842519685
0
LINE
8
BLACK
6
CONTINUOUS
10
-1.682298346456693
20
0.3801759842519685
11
-1.6822962992125985
21
0.3802043307086614
0
LINE
8
BLACK
6
CONTINUOUS
10
-1.6822962992125985
20
0.3802043307086614
11
-1.6821739370078739
21
0.3805242125984252
0
LINE
8
BLACK
6
CONTINUOUS
10
-1.6821739370078739
20
0.3805242125984252
11
-1.6820588976377953
21
0.3808461023622047
0
LINE
8
BLACK
6
CONTINUOUS
10
-1.6820588976377953
20
0.3808461023622047
11
-1.6820420078740157
21
0.380868937007874
0
LINE
8
BLACK
6
CONTINUOUS
10
-1.6820420078740157
20
0.380868937007874
11
-1.6820204724409449
21
0.380925157480315
0
LINE
8
BLACK
6
CONTINUOUS
10
-1.6820204724409449
20
0.380925157480315
11
-1.6795832677165354
21
0.3857995275590551
0
LINE
8
BLACK
6
CONTINUOUS
10
-1.6795832677165354
20
0.3857995275590551
11
-1.6793751574803149
21
0.3861301968503937
0
LINE
8
BLACK
6
CONTINUOUS
10
-1.6793751574803149
20
0.3861301968503937
11
-1.6793353937007873
21
0.3862261023622047
0
LINE
8
BLACK
6
CONTINUOUS
10
-1.6793353937007873
20
0.3862261023622047
11
-1.6792467716535433
21
0.3863341338582677
0
LINE
8
BLACK
6
CONTINUOUS
10
-1.6792467716535433
20
0.3863341338582677
11
-1.679172125984252
21
0.3864526771653543
0
LINE
8
BLACK
6
CONTINUOUS
10
-1.679172125984252
20
0.3864526771653543
11
-1.6790935039370078
21
0.386520905511811
0
LINE
8
BLACK
6
CONTINUOUS
10
-1.6790935039370078
20
0.386520905511811
11
-1.6788457874015748
21
0.386822716535433
0
LINE
8
BLACK
6
CONTINUOUS
10
-1.6788457874015748
20
0.386822716535433
11
-1.6764085826771653
21
0.3892599212598425
0
LINE
8
BLACK
6
CONTINUOUS
10
-1.6764085826771653
20
0.3892599212598425
11
-1.6761067716535432
21
0.3895076377952756
0
LINE
8
BLACK
6
CONTINUOUS
10
-1.6761067716535432
20
0.3895076377952756
11
-1.6760385433070866
21
0.3895862598425197
0
LINE
8
BLACK
6
CONTINUOUS
10
-1.6760385433070866
20
0.3895862598425197
11
-1.6759199999999999
21
0.389660905511811
0
LINE
8
BLACK
6
CONTINUOUS
10
-1.6759199999999999
20
0.389660905511811
11
-1.675811968503937
21
0.3897495275590551
0
LINE
8
BLACK
6
CONTINUOUS
10
-1.675811968503937
20
0.3897495275590551
11
-1.6757160629921259
21
0.3897892913385826
0
LINE
8
BLACK
6
CONTINUOUS
10
-1.6757160629921259
20
0.3897892913385826
11
-1.6753853937007874
21
0.3899974015748031
0
LINE
8
BLACK
6
CONTINUOUS
10
-1.6753853937007874
20
0.3899974015748031
11
-1.6705110236220473
21
0.3924346062992126
0
LINE
8
BLACK
6
CONTINUOUS
10
-1.6705110236220473
20
0.3924346062992126
11
-1.6697901968503936
21
0.3927104330708661
0
LINE
8
BLACK
6
CONTINUOUS
10
-1.6697901968503936
20
0.3927104330708661
11
-1.6696491338582677
21
0.3927204724409449
0
LINE
8
BLACK
6
CONTINUOUS
10
-1.6696491338582677
20
0.3927204724409449
11
-1.6695183858267717
21
0.3927746062992126
0
LINE
8
BLACK
6
CONTINUOUS
10
-1.6695183858267717
20
0.3927746062992126
11
-1.66875031496063
21
0.3928502362204724
0
LINE
8
BLACK
6
CONTINUOUS
10
-1.66875031496063
20
0.3928502362204724
11
-1.6638759055118111
21
0.3928502362204724
0
LINE
8
BLACK
6
CONTINUOUS
10
-1.6638759055118111
20
0.3928502362204724
11
-1.6631078346456694
21
0.3927746062992126
0
LINE
8
BLACK
6
CONTINUOUS
10
-1.671292559055118
20
0.3832403937007874
11
-1.6728262598425196
21
0.3817066929133858
0
LINE
8
BLACK
6
CONTINUOUS
10
-1.6728262598425196
20
0.3817066929133858
11
-1.6747845275590552
21
0.377790157480315
0
LINE
8
BLACK
6
CONTINUOUS
10
-1.6747845275590552
20
0.377790157480315
11
-1.676999251968504
21
0.3689311023622047
0
LINE
8
BLACK
6
CONTINUOUS
10
-1.676999251968504
20
0.3689311023622047
11
-1.676999251968504
21
0.3577142913385827
0
LINE
8
BLACK
6
CONTINUOUS
10
-1.676999251968504
20
0.3577142913385827
11
-1.6747844881889764
21
0.3488551181102362
0
LINE
8
BLACK
6
CONTINUOUS
10
-1.6747844881889764
20
0.3488551181102362
11
-1.6728262598425196
21
0.3449386614173228
0
LINE
8
BLACK
6
CONTINUOUS
10
-1.6728262598425196
20
0.3449386614173228
11
-1.671292559055118
21
0.3434049606299213
0
LINE
8
BLACK
6
CONTINUOUS
10
-1.671292559055118
20
0.3434049606299213
11
-1.6678209055118109
21
0.3416691338582677
0
LINE
8
BLACK
6
CONTINUOUS
10
-1.6678209055118109
20
0.3416691338582677
11
-1.6648053149606299
21
0.3416691338582677
0
LINE
8
BLACK
6
CONTINUOUS
10
-1.6648053149606299
20
0.3416691338582677
11
-1.6613337007874016
21
0.3434049606299213
0
LINE
8
BLACK
6
CONTINUOUS
10
-1.6613337007874016
20
0.3434049606299213
11
-1.6597999999999999
21
0.3449386614173228
0
LINE
8
BLACK
6
CONTINUOUS
10
-1.6597999999999999
20
0.3449386614173228
11
-1.6578417716535432
21
0.3488551574803149
0
LINE
8
BLACK
6
CONTINUOUS
10
-1.6578417716535432
20
0.3488551574803149
11
-1.6556269291338583
21
0.3577143700787401
0
LINE
8
BLACK
6
CONTINUOUS
10
-1.6556269291338583
20
0.3577143700787401
11
-1.6556269291338583
21
0.3689310236220472
0
LINE
8
BLACK
6
CONTINUOUS
10
-1.6556269291338583
20
0.3689310236220472
11
-1.6578417322834644
21
0.3777901968503937
0
LINE
8
BLACK
6
CONTINUOUS
10
-1.6578417322834644
20
0.3777901968503937
11
-1.6597999999999999
21
0.3817066929133858
0
LINE
8
BLACK
6
CONTINUOUS
10
-1.6597999999999999
20
0.3817066929133858
11
-1.6613337007874016
21
0.3832403937007874
0
LINE
8
BLACK
6
CONTINUOUS
10
-1.6613337007874016
20
0.3832403937007874
11
-1.6648053543307086
21
0.384976220472441
0
LINE
8
BLACK
6
CONTINUOUS
10
-1.6648053543307086
20
0.384976220472441
11
-1.6678208661417322
21
0.384976220472441
0
LINE
8
BLACK
6
CONTINUOUS
10
-1.6678208661417322
20
0.384976220472441
11
-1.671292559055118
21
0.3832403937007874
0
LINE
8
BLACK
6
CONTINUOUS
10
-1.6119267322834645
20
0.3927746062992126
11
-1.6117960236220472
21
0.3927204724409449
0
LINE
8
BLACK
6
CONTINUOUS
10
-1.6117960236220472
20
0.3927204724409449
11
-1.6116549212598426
21
0.3927104330708661
0
LINE
8
BLACK
6
CONTINUOUS
10
-1.6116549212598426
20
0.3927104330708661
11
-1.6109340944881889
21
0.3924346062992126
0
LINE
8
BLACK
6
CONTINUOUS
10
-1.6109340944881889
20
0.3924346062992126
11
-1.6060597244094488
21
0.3899974015748031
0
LINE
8
BLACK
6
CONTINUOUS
10
-1.6060597244094488
20
0.3899974015748031
11
-1.605729094488189
21
0.3897892913385826
0
LINE
8
BLACK
6
CONTINUOUS
10
-1.605729094488189
20
0.3897892913385826
11
-1.6056331496062992
21
0.3897495275590551
0
LINE
8
BLACK
6
CONTINUOUS
10
-1.6056331496062992
20
0.3897495275590551
11
-1.6055251574803149
21
0.389660905511811
0
LINE
8
BLACK
6
CONTINUOUS
10
-1.6055251574803149
20
0.389660905511811
11
-1.6054065748031496
21
0.3895862598425197
0
LINE
8
BLACK
6
CONTINUOUS
10
-1.6054065748031496
20
0.3895862598425197
11
-1.6053383858267716
21
0.3895076377952756
0
LINE
8
BLACK
6
CONTINUOUS
10
-1.6053383858267716
20
0.3895076377952756
11
-1.6050365354330709
21
0.3892599212598425
0
LINE
8
BLACK
6
CONTINUOUS
10
-1.6050365354330709
20
0.3892599212598425
11
-1.6025993307086615
21
0.386822716535433
0
LINE
8
BLACK
6
CONTINUOUS
10
-1.6025993307086615
20
0.386822716535433
11
-1.6023516535433071
21
0.386520905511811
0
LINE
8
BLACK
6
CONTINUOUS
10
-1.6023516535433071
20
0.386520905511811
11
-1.6022729921259842
21
0.3864526771653543
0
LINE
8
BLACK
6
CONTINUOUS
10
-1.6022729921259842
20
0.3864526771653543
11
-1.6021983858267717
21
0.3863341338582677
0
LINE
8
BLACK
6
CONTINUOUS
10
-1.6021983858267717
20
0.3863341338582677
11
-1.6021097244094489
21
0.3862261023622047
0
LINE
8
BLACK
6
CONTINUOUS
10
-1.6021097244094489
20
0.3862261023622047
11
-1.6020699999999999
21
0.3861301968503937
0
LINE
8
BLACK
6
CONTINUOUS
10
-1.6020699999999999
20
0.3861301968503937
11
-1.6018618503937008
21
0.3857995275590551
0
LINE
8
BLACK
6
CONTINUOUS
10
-1.6018618503937008
20
0.3857995275590551
11
-1.5994246456692913
21
0.380925157480315
0
LINE
8
BLACK
6
CONTINUOUS
10
-1.5994246456692913
20
0.380925157480315
11
-1.5991488188976377
21
0.3802043307086614
0
LINE
8
BLACK
6
CONTINUOUS
10
-1.5991488188976377
20
0.3802043307086614
11
-1.5991388188976376
21
0.3800632677165354
0
LINE
8
BLACK
6
CONTINUOUS
10
-1.5991388188976376
20
0.3800632677165354
11
-1.5990846456692913
21
0.3799325196850394
0
LINE
8
BLACK
6
CONTINUOUS
10
-1.5990846456692913
20
0.3799325196850394
11
-1.5990090157480314
21
0.3791644488188976
0
LINE
8
BLACK
6
CONTINUOUS
10
-1.5990090157480314
20
0.3791644488188976
11
-1.5990090157480314
21
0.3742900393700787
0
LINE
8
BLACK
6
CONTINUOUS
10
-1.5990090157480314
20
0.3742900393700787
11
-1.5990473228346456
21
0.3739013385826772
0
LINE
8
BLACK
6
CONTINUOUS
10
-1.5990473228346456
20
0.3739013385826772
11
-1.5990399212598425
21
0.3737976377952756
0
LINE
8
BLACK
6
CONTINUOUS
10
-1.5990399212598425
20
0.3737976377952756
11
-1.5990709448818898
21
0.3736612992125984
0
LINE
8
BLACK
6
CONTINUOUS
10
-1.5990709448818898
20
0.3736612992125984
11
-1.5990846456692913
21
0.373521968503937
0
LINE
8
BLACK
6
CONTINUOUS
10
-1.5990846456692913
20
0.373521968503937
11
-1.5991244881889763
21
0.3734258267716535
0
LINE
8
BLACK
6
CONTINUOUS
10
-1.5991244881889763
20
0.3734258267716535
11
-1.5992110629921259
21
0.3730450393700787
0
LINE
8
BLACK
6
CONTINUOUS
10
-1.5992110629921259
20
0.3730450393700787
11
-1.6016482677165353
21
0.3657334645669291
0
LINE
8
BLACK
6
CONTINUOUS
10
-1.6016482677165353
20
0.3657334645669291
11
-1.6019628740157479
21
0.3650287401574803
0
LINE
8
BLACK
6
CONTINUOUS
10
-1.6019628740157479
20
0.3650287401574803
11
-1.6020555905511811
21
0.3649218503937008
0
LINE
8
BLACK
6
CONTINUOUS
10
-1.6020555905511811
20
0.3649218503937008
11
-1.6021097244094489
21
0.3647911417322834
0
LINE
8
BLACK
6
CONTINUOUS
10
-1.6021097244094489
20
0.3647911417322834
11
-1.6025993700787402
21
0.3641945669291338
0
LINE
8
BLACK
6
CONTINUOUS
10
-1.6025993700787402
20
0.3641945669291338
11
-1.6251247637795274
21
0.3416691338582677
0
LINE
8
BLACK
6
CONTINUOUS
10
-1.6251247637795274
20
0.3416691338582677
11
-1.6029460236220472
21
0.3416691338582677
0
LINE
8
BLACK
6
CONTINUOUS
10
-1.6029460236220472
20
0.3416691338582677
11
-1.6021779527559055
21
0.3415935039370079
0
LINE
8
BLACK
6
CONTINUOUS
10
-1.6021779527559055
20
0.3415935039370079
11
-1.6007587401574803
21
0.3410056299212598
0
LINE
8
BLACK
6
CONTINUOUS
10
-1.6007587401574803
20
0.3410056299212598
11
-1.5996725196850394
21
0.3399194094488189
0
LINE
8
BLACK
6
CONTINUOUS
10
-1.5996725196850394
20
0.3399194094488189
11
-1.5990846456692913
21
0.3385001968503937
0
LINE
8
BLACK
6
CONTINUOUS
10
-1.5990846456692913
20
0.3385001968503937
11
-1.5990846456692913
21
0.3369640551181102
0
LINE
8
BLACK
6
CONTINUOUS
10
-1.5990846456692913
20
0.3369640551181102
11
-1.5996725196850394
21
0.335544842519685
0
LINE
8
BLACK
6
CONTINUOUS
10
-1.5996725196850394
20
0.335544842519685
11
-1.6007587401574803
21
0.3344586220472441
0
LINE
8
BLACK
6
CONTINUOUS
10
-1.6007587401574803
20
0.3344586220472441
11
-1.6021779527559055
21
0.3338707480314961
0
LINE
8
BLACK
6
CONTINUOUS
10
-1.6021779527559055
20
0.3338707480314961
11
-1.6029460236220472
21
0.3337951181102362
0
LINE
8
BLACK
6
CONTINUOUS
10
-1.6029460236220472
20
0.3337951181102362
11
-1.6346295669291337
21
0.3337951181102362
0
LINE
8
BLACK
6
CONTINUOUS
10
-1.6346295669291337
20
0.3337951181102362
11
-1.6353976377952755
21
0.3338707480314961
0
LINE
8
BLACK
6
CONTINUOUS
10
-1.6353976377952755
20
0.3338707480314961
11
-1.6368168503937008
21
0.3344586220472441
0
LINE
8
BLACK
6
CONTINUOUS
10
-1.6368168503937008
20
0.3344586220472441
11
-1.6379030708661417
21
0.335544842519685
0
LINE
8
BLACK
6
CONTINUOUS
10
-1.6379030708661417
20
0.335544842519685
11
-1.6384909448818896
21
0.3369640551181102
0
LINE
8
BLACK
6
CONTINUOUS
10
-1.6384909448818896
20
0.3369640551181102
11
-1.6384909448818896
21
0.3385001968503937
0
LINE
8
BLACK
6
CONTINUOUS
10
-1.6384909448818896
20
0.3385001968503937
11
-1.6379030708661417
21
0.3399194094488189
0
LINE
8
BLACK
6
CONTINUOUS
10
-1.6379030708661417
20
0.3399194094488189
11
-1.637903031496063
21
0.3399194488188976
0
LINE
8
BLACK
6
CONTINUOUS
10
-1.637903031496063
20
0.3399194488188976
11
-1.6374134645669292
21
0.3405160236220472
0
LINE
8
BLACK
6
CONTINUOUS
10
-1.6374134645669292
20
0.3405160236220472
11
-1.6088242913385826
21
0.3691051968503937
0
LINE
8
BLACK
6
CONTINUOUS
10
-1.6088242913385826
20
0.3691051968503937
11
-1.6068830314960629
21
0.374928937007874
0
LINE
8
BLACK
6
CONTINUOUS
10
-1.6068830314960629
20
0.374928937007874
11
-1.6068830314960629
21
0.378235
0
LINE
8
BLACK
6
CONTINUOUS
10
-1.6068830314960629
20
0.378235
11
-1.6086188976377953
21
0.3817066929133858
0
LINE
8
BLACK
6
CONTINUOUS
10
-1.6086188976377953
20
0.3817066929133858
11
-1.6101525984251968
21
0.3832403937007874
0
LINE
8
BLACK
6
CONTINUOUS
10
-1.6101525984251968
20
0.3832403937007874
11
-1.613624251968504
21
0.384976220472441
0
LINE
8
BLACK
6
CONTINUOUS
10
-1.613624251968504
20
0.384976220472441
11
-1.6239513385826772
21
0.384976220472441
0
LINE
8
BLACK
6
CONTINUOUS
10
-1.6239513385826772
20
0.384976220472441
11
-1.6274231102362204
21
0.3832403937007874
0
LINE
8
BLACK
6
CONTINUOUS
10
-1.6274231102362204
20
0.3832403937007874
11
-1.6294084645669291
21
0.3812549606299213
0
LINE
8
BLACK
6
CONTINUOUS
10
-1.6294084645669291
20
0.3812549606299213
11
-1.6300050393700787
21
0.3807653149606299
0
LINE
8
BLACK
6
CONTINUOUS
10
-1.6300050393700787
20
0.3807653149606299
11
-1.6314242519685038
21
0.3801774803149606
0
LINE
8
BLACK
6
CONTINUOUS
10
-1.6314242519685038
20
0.3801774803149606
11
-1.6329603937007873
21
0.3801774409448819
0
LINE
8
BLACK
6
CONTINUOUS
10
-1.6329603937007873
20
0.3801774409448819
11
-1.6343796456692914
21
0.3807652755905512
0
LINE
8
BLACK
6
CONTINUOUS
10
-1.6343796456692914
20
0.3807652755905512
11
-1.6354658661417323
21
0.3818514960629921
0
LINE
8
BLACK
6
CONTINUOUS
10
-1.6354658661417323
20
0.3818514960629921
11
-1.6360537007874016
21
0.3832707086614173
0
LINE
8
BLACK
6
CONTINUOUS
10
-1.6360537007874016
20
0.3832707086614173
11
-1.6360537401574802
21
0.3848068503937008
0
LINE
8
BLACK
6
CONTINUOUS
10
-1.6360537401574802
20
0.3848068503937008
11
-1.635465905511811
21
0.3862261023622047
0
LINE
8
BLACK
6
CONTINUOUS
10
-1.635465905511811
20
0.3862261023622047
11
-1.6349762598425197
21
0.3868226771653543
0
LINE
8
BLACK
6
CONTINUOUS
10
-1.6349762598425197
20
0.3868226771653543
11
-1.632539094488189
21
0.3892598818897638
0
LINE
8
BLACK
6
CONTINUOUS
10
-1.632539094488189
20
0.3892598818897638
11
-1.6322372834645669
21
0.3895076377952756
0
LINE
8
BLACK
6
CONTINUOUS
10
-1.6322372834645669
20
0.3895076377952756
11
-1.6321690551181103
21
0.3895862598425197
0
LINE
8
BLACK
6
CONTINUOUS
10
-1.6321690551181103
20
0.3895862598425197
11
-1.6320506299212598
21
0.3896608267716535
0
LINE
8
BLACK
6
CONTINUOUS
10
-1.6320506299212598
20
0.3896608267716535
11
-1.6319425196850392
21
0.3897495275590551
0
LINE
8
BLACK
6
CONTINUOUS
10
-1.6319425196850392
20
0.3897495275590551
11
-1.6318464566929134
21
0.3897893307086614
0
LINE
8
BLACK
6
CONTINUOUS
10
-1.6318464566929134
20
0.3897893307086614
11
-1.6315158661417322
21
0.3899974015748031
0
LINE
8
BLACK
6
CONTINUOUS
10
-1.6315158661417322
20
0.3899974015748031
11
-1.6266414566929133
21
0.3924346062992126
0
LINE
8
BLACK
6
CONTINUOUS
10
-1.6266414566929133
20
0.3924346062992126
11
-1.6259206692913386
21
0.3927104330708661
0
LINE
8
BLACK
6
CONTINUOUS
10
-1.6259206692913386
20
0.3927104330708661
11
-1.6257796062992125
21
0.3927204724409449
0
LINE
8
BLACK
6
CONTINUOUS
10
-1.6257796062992125
20
0.3927204724409449
11
-1.6256488582677164
21
0.3927746062992126
0
LINE
8
BLACK
6
CONTINUOUS
10
-1.6256488582677164
20
0.3927746062992126
11
-1.6248807874015747
21
0.3928502362204724
0
LINE
8
BLACK
6
CONTINUOUS
10
-1.6248807874015747
20
0.3928502362204724
11
-1.6126948031496062
21
0.3928502362204724
0
LINE
8
BLACK
6
CONTINUOUS
10
-1.6126948031496062
20
0.3928502362204724
11
-1.6119267322834645
21
0.3927746062992126
0
LINE
8
BLACK
6
CONTINUOUS
10
-1.5558712598425197
20
0.3927746062992126
11
-1.5544520472440944
21
0.3921867322834646
0
LINE
8
BLACK
6
CONTINUOUS
10
-1.5544520472440944
20
0.3921867322834646
11
-1.5533658267716535
21
0.3911005118110236
0
LINE
8
BLACK
6
CONTINUOUS
10
-1.5533658267716535
20
0.3911005118110236
11
-1.5527779527559056
21
0.3896812992125984
0
LINE
8
BLACK
6
CONTINUOUS
10
-1.5527779527559056
20
0.3896812992125984
11
-1.5527779527559056
21
0.388145157480315
0
LINE
8
BLACK
6
CONTINUOUS
10
-1.5527779527559056
20
0.388145157480315
11
-1.5533658267716535
21
0.3867259448818898
0
LINE
8
BLACK
6
CONTINUOUS
10
-1.5533658267716535
20
0.3867259448818898
11
-1.5544520472440944
21
0.3856397244094488
0
LINE
8
BLACK
6
CONTINUOUS
10
-1.5544520472440944
20
0.3856397244094488
11
-1.5558712598425197
21
0.3850518503937008
0
LINE
8
BLACK
6
CONTINUOUS
10
-1.5558712598425197
20
0.3850518503937008
11
-1.5566393307086615
21
0.384976220472441
0
LINE
8
BLACK
6
CONTINUOUS
10
-1.5566393307086615
20
0.384976220472441
11
-1.5774483464566929
21
0.384976220472441
0
LINE
8
BLACK
6
CONTINUOUS
10
-1.5774483464566929
20
0.384976220472441
11
-1.5786919685039369
21
0.3725398818897638
0
LINE
8
BLACK
6
CONTINUOUS
10
-1.5786919685039369
20
0.3725398818897638
11
-1.5778975590551181
21
0.3729370472440945
0
LINE
8
BLACK
6
CONTINUOUS
10
-1.5778975590551181
20
0.3729370472440945
11
-1.5771767716535432
21
0.373212874015748
0
LINE
8
BLACK
6
CONTINUOUS
10
-1.5771767716535432
20
0.373212874015748
11
-1.5770357086614173
21
0.3732229133858267
0
LINE
8
BLACK
6
CONTINUOUS
10
-1.5770357086614173
20
0.3732229133858267
11
-1.5769049606299212
21
0.3732770472440945
0
LINE
8
BLACK
6
CONTINUOUS
10
-1.5769049606299212
20
0.3732770472440945
11
-1.5761368897637795
21
0.3733526771653543
0
LINE
8
BLACK
6
CONTINUOUS
10
-1.5761368897637795
20
0.3733526771653543
11
-1.563950905511811
21
0.3733526771653543
0
LINE
8
BLACK
6
CONTINUOUS
10
-1.563950905511811
20
0.3733526771653543
11
-1.5631828346456693
21
0.3732770472440945
0
LINE
8
BLACK
6
CONTINUOUS
10
-1.5631828346456693
20
0.3732770472440945
11
-1.563052125984252
21
0.3732229133858267
0
LINE
8
BLACK
6
CONTINUOUS
10
-1.563052125984252
20
0.3732229133858267
11
-1.5629110236220471
21
0.373212874015748
0
LINE
8
BLACK
6
CONTINUOUS
10
-1.5629110236220471
20
0.373212874015748
11
-1.5621901968503937
21
0.3729370472440945
0
LINE
8
BLACK
6
CONTINUOUS
10
-1.5621901968503937
20
0.3729370472440945
11
-1.5573158267716536
21
0.370499842519685
0
LINE
8
BLACK
6
CONTINUOUS
10
-1.5573158267716536
20
0.370499842519685
11
-1.5569851968503936
21
0.3702917322834646
0
LINE
8
BLACK
6
CONTINUOUS
10
-1.5569851968503936
20
0.3702917322834646
11
-1.5568892519685038
21
0.370251968503937
0
LINE
8
BLACK
6
CONTINUOUS
10
-1.5568892519685038
20
0.370251968503937
11
-1.5567812598425197
21
0.3701633464566929
0
LINE
8
BLACK
6
CONTINUOUS
10
-1.5567812598425197
20
0.3701633464566929
11
-1.5566626771653542
21
0.3700887007874016
0
LINE
8
BLACK
6
CONTINUOUS
10
-1.5566626771653542
20
0.3700887007874016
11
-1.5565944881889764
21
0.3700100787401575
0
LINE
8
BLACK
6
CONTINUOUS
10
-1.5565944881889764
20
0.3700100787401575
11
-1.5562926377952755
21
0.3697623622047244
0
LINE
8
BLACK
6
CONTINUOUS
10
-1.5562926377952755
20
0.3697623622047244
11
-1.553855433070866
21
0.367325157480315
0
LINE
8
BLACK
6
CONTINUOUS
10
-1.553855433070866
20
0.367325157480315
11
-1.5536077559055117
21
0.3670233464566929
0
LINE
8
BLACK
6
CONTINUOUS
10
-1.5536077559055117
20
0.3670233464566929
11
-1.553529094488189
21
0.3669551181102362
0
LINE
8
BLACK
6
CONTINUOUS
10
-1.553529094488189
20
0.3669551181102362
11
-1.5534544881889762
21
0.3668365748031496
0
LINE
8
BLACK
6
CONTINUOUS
10
-1.5534544881889762
20
0.3668365748031496
11
-1.5533658267716535
21
0.3667285433070866
0
LINE
8
BLACK
6
CONTINUOUS
10
-1.5533658267716535
20
0.3667285433070866
11
-1.5533261023622047
21
0.3666326377952756
0
LINE
8
BLACK
6
CONTINUOUS
10
-1.5533261023622047
20
0.3666326377952756
11
-1.5531179527559056
21
0.366301968503937
0
LINE
8
BLACK
6
CONTINUOUS
10
-1.5531179527559056
20
0.366301968503937
11
-1.5506807480314961
21
0.3614275984251968
0
LINE
8
BLACK
6
CONTINUOUS
10
-1.5506807480314961
20
0.3614275984251968
11
-1.5504049212598425
21
0.3607067716535433
0
LINE
8
BLACK
6
CONTINUOUS
10
-1.5504049212598425
20
0.3607067716535433
11
-1.5503949212598425
21
0.3605657086614173
0
LINE
8
BLACK
6
CONTINUOUS
10
-1.5503949212598425
20
0.3605657086614173
11
-1.5503407480314961
21
0.3604349606299213
0
LINE
8
BLACK
6
CONTINUOUS
10
-1.5503407480314961
20
0.3604349606299213
11
-1.5502651181102363
21
0.3596668897637795
0
LINE
8
BLACK
6
CONTINUOUS
10
-1.5502651181102363
20
0.3596668897637795
11
-1.5502651181102363
21
0.347480905511811
0
LINE
8
BLACK
6
CONTINUOUS
10
-1.5502651181102363
20
0.347480905511811
11
-1.5503407480314961
21
0.3467128346456693
0
LINE
8
BLACK
6
CONTINUOUS
10
-1.5503407480314961
20
0.3467128346456693
11
-1.5503949212598425
21
0.346582125984252
0
LINE
8
BLACK
6
CONTINUOUS
10
-1.5503949212598425
20
0.346582125984252
11
-1.5504049212598425
21
0.3464410236220473
0
LINE
8
BLACK
6
CONTINUOUS
10
-1.5504049212598425
20
0.3464410236220473
11
-1.5506807480314961
21
0.3457202362204724
0
LINE
8
BLACK
6
CONTINUOUS
10
-1.5506807480314961
20
0.3457202362204724
11
-1.5531179527559056
21
0.3408458267716535
0
LINE
8
BLACK
6
CONTINUOUS
10
-1.5531179527559056
20
0.3408458267716535
11
-1.5533261023622047
21
0.3405151968503937
0
LINE
8
BLACK
6
CONTINUOUS
10
-1.5533261023622047
20
0.3405151968503937
11
-1.5533658267716535
21
0.3404192125984252
0
LINE
8
BLACK
6
CONTINUOUS
10
-1.5533658267716535
20
0.3404192125984252
11
-1.5534544881889762
21
0.3403112204724409
0
LINE
8
BLACK
6
CONTINUOUS
10
-1.5534544881889762
20
0.3403112204724409
11
-1.553529094488189
21
0.3401926377952756
0
LINE
8
BLACK
6
CONTINUOUS
10
-1.553529094488189
20
0.3401926377952756
11
-1.5536077559055117
21
0.3401244488188976
0
LINE
8
BLACK
6
CONTINUOUS
10
-1.5536077559055117
20
0.3401244488188976
11
-1.553855433070866
21
0.3398225984251969
0
LINE
8
BLACK
6
CONTINUOUS
10
-1.553855433070866
20
0.3398225984251969
11
-1.5562926377952755
21
0.3373853937007874
0
LINE
8
BLACK
6
CONTINUOUS
10
-1.5562926377952755
20
0.3373853937007874
11
-1.5565946062992126
21
0.3371375984251969
0
LINE
8
BLACK
6
CONTINUOUS
10
-1.5565946062992126
20
0.3371375984251969
11
-1.556662716535433
21
0.3370590551181102
0
LINE
8
BLACK
6
CONTINUOUS
10
-1.556662716535433
20
0.3370590551181102
11
-1.5567811417322834
21
0.3369845275590551
0
LINE
8
BLACK
6
CONTINUOUS
10
-1.5567811417322834
20
0.3369845275590551
11
-1.5568892519685038
21
0.3368957874015748
0
LINE
8
BLACK
6
CONTINUOUS
10
-1.5568892519685038
20
0.3368957874015748
11
-1.5569853149606299
21
0.3368560236220473
0
LINE
8
BLACK
6
CONTINUOUS
10
-1.5569853149606299
20
0.3368560236220473
11
-1.5573158661417323
21
0.3366479133858268
0
LINE
8
BLACK
6
CONTINUOUS
10
-1.5573158661417323
20
0.3366479133858268
11
-1.5621902362204725
21
0.334210748031496
0
LINE
8
BLACK
6
CONTINUOUS
10
-1.5621902362204725
20
0.334210748031496
11
-1.5629110236220471
21
0.3339349212598425
0
LINE
8
BLACK
6
CONTINUOUS
10
-1.5629110236220471
20
0.3339349212598425
11
-1.563052125984252
21
0.3339249212598425
0
LINE
8
BLACK
6
CONTINUOUS
10
-1.563052125984252
20
0.3339249212598425
11
-1.5631828346456693
21
0.3338707480314961
0
LINE
8
BLACK
6
CONTINUOUS
10
-1.5631828346456693
20
0.3338707480314961
11
-1.563950905511811
21
0.3337951181102362
0
LINE
8
BLACK
6
CONTINUOUS
10
-1.563950905511811
20
0.3337951181102362
11
-1.5761368897637795
21
0.3337951181102362
0
LINE
8
BLACK
6
CONTINUOUS
10
-1.5761368897637795
20
0.3337951181102362
11
-1.5769049606299212
21
0.3338707480314961
0
LINE
8
BLACK
6
CONTINUOUS
10
-1.5769049606299212
20
0.3338707480314961
11
-1.5770357086614173
21
0.3339249212598425
0
LINE
8
BLACK
6
CONTINUOUS
10
-1.5770357086614173
20
0.3339249212598425
11
-1.5771767716535432
21
0.3339349212598425
0
LINE
8
BLACK
6
CONTINUOUS
10
-1.5771767716535432
20
0.3339349212598425
11
-1.5778975590551181
21
0.334210748031496
0
LINE
8
BLACK
6
CONTINUOUS
10
-1.5778975590551181
20
0.334210748031496
11
-1.582771968503937
21
0.3366479133858268
0
LINE
8
BLACK
6
CONTINUOUS
10
-1.582771968503937
20
0.3366479133858268
11
-1.5831025196850392
21
0.3368559842519685
0
LINE
8
BLACK
6
CONTINUOUS
10
-1.5831025196850392
20
0.3368559842519685
11
-1.583198622047244
21
0.3368957874015748
0
LINE
8
BLACK
6
CONTINUOUS
10
-1.583198622047244
20
0.3368957874015748
11
-1.5833068110236219
21
0.3369846062992126
0
LINE
8
BLACK
6
CONTINUOUS
10
-1.5833068110236219
20
0.3369846062992126
11
-1.5834251181102361
21
0.3370590551181102
0
LINE
8
BLACK
6
CONTINUOUS
10
-1.5834251181102361
20
0.3370590551181102
11
-1.5834932677165354
21
0.3371376377952756
0
LINE
8
BLACK
6
CONTINUOUS
10
-1.5834932677165354
20
0.3371376377952756
11
-1.5837951968503936
21
0.3373854330708662
0
LINE
8
BLACK
6
CONTINUOUS
10
-1.5837951968503936
20
0.3373854330708662
11
-1.5862323622047243
21
0.3398226377952756
0
LINE
8
BLACK
6
CONTINUOUS
10
-1.5862323622047243
20
0.3398226377952756
11
-1.5867220078740156
21
0.3404192125984252
0
LINE
8
BLACK
6
CONTINUOUS
10
-1.5867220078740156
20
0.3404192125984252
11
-1.587309842519685
21
0.3418384645669291
0
LINE
8
BLACK
6
CONTINUOUS
10
-1.587309842519685
20
0.3418384645669291
11
-1.5873098031496062
21
0.3433746062992126
0
LINE
8
BLACK
6
CONTINUOUS
10
-1.5873098031496062
20
0.3433746062992126
11
-1.5867219685039369
21
0.3447938188976378
0
LINE
8
BLACK
6
CONTINUOUS
10
-1.5867219685039369
20
0.3447938188976378
11
-1.585635748031496
21
0.3458800393700787
0
LINE
8
BLACK
6
CONTINUOUS
10
-1.585635748031496
20
0.3458800393700787
11
-1.5842164960629921
21
0.346467874015748
0
LINE
8
BLACK
6
CONTINUOUS
10
-1.5842164960629921
20
0.346467874015748
11
-1.5826803543307086
21
0.3464678346456693
0
LINE
8
BLACK
6
CONTINUOUS
10
-1.5826803543307086
20
0.3464678346456693
11
-1.5812611417322835
21
0.34588
0
LINE
8
BLACK
6
CONTINUOUS
10
-1.5812611417322835
20
0.34588
11
-1.5806645669291339
21
0.3453903543307086
0
LINE
8
BLACK
6
CONTINUOUS
10
-1.5806645669291339
20
0.3453903543307086
11
-1.5786792125984253
21
0.3434049606299213
0
LINE
8
BLACK
6
CONTINUOUS
10
-1.5786792125984253
20
0.3434049606299213
11
-1.5752075196850392
21
0.3416691338582677
0
LINE
8
BLACK
6
CONTINUOUS
10
-1.5752075196850392
20
0.3416691338582677
11
-1.5648803149606298
21
0.3416691338582677
0
LINE
8
BLACK
6
CONTINUOUS
10
-1.5648803149606298
20
0.3416691338582677
11
-1.5614087007874016
21
0.3434049606299213
0
LINE
8
BLACK
6
CONTINUOUS
10
-1.5614087007874016
20
0.3434049606299213
11
-1.5598749999999999
21
0.3449386614173228
0
LINE
8
BLACK
6
CONTINUOUS
10
-1.5598749999999999
20
0.3449386614173228
11
-1.5581391338582677
21
0.3484103543307087
0
LINE
8
BLACK
6
CONTINUOUS
10
-1.5581391338582677
20
0.3484103543307087
11
-1.5581391338582677
21
0.3587374409448819
0
LINE
8
BLACK
6
CONTINUOUS
10
-1.5581391338582677
20
0.3587374409448819
11
-1.5598749999999999
21
0.3622091338582677
0
LINE
8
BLACK
6
CONTINUOUS
10
-1.5598749999999999
20
0.3622091338582677
11
-1.5614087007874016
21
0.3637428346456693
0
LINE
8
BLACK
6
CONTINUOUS
10
-1.5614087007874016
20
0.3637428346456693
11
-1.5648803543307086
21
0.3654786614173228
0
LINE
8
BLACK
6
CONTINUOUS
10
-1.5648803543307086
20
0.3654786614173228
11
-1.575207440944882
21
0.3654786614173228
0
LINE
8
BLACK
6
CONTINUOUS
10
-1.575207440944882
20
0.3654786614173228
11
-1.5786792125984253
21
0.3637428346456693
0
LINE
8
BLACK
6
CONTINUOUS
10
-1.5786792125984253
20
0.3637428346456693
11
-1.5806645669291339
21
0.3617574015748031
0
LINE
8
BLACK
6
CONTINUOUS
10
-1.5806645669291339
20
0.3617574015748031
11
-1.5812611417322835
21
0.3612677559055118
0
LINE
8
BLACK
6
CONTINUOUS
10
-1.5812611417322835
20
0.3612677559055118
11
-1.5814444094488189
21
0.3611918897637795
0
LINE
8
BLACK
6
CONTINUOUS
10
-1.5814444094488189
20
0.3611918897637795
11
-1.5815977559055119
21
0.3610663779527559
0
LINE
8
BLACK
6
CONTINUOUS
10
-1.5815977559055119
20
0.3610663779527559
11
-1.582148622047244
21
0.3609001968503937
0
LINE
8
BLACK
6
CONTINUOUS
10
-1.582148622047244
20
0.3609001968503937
11
-1.5826803543307086
21
0.3606799212598425
0
LINE
8
BLACK
6
CONTINUOUS
10
-1.5826803543307086
20
0.3606799212598425
11
-1.5828786220472442
21
0.3606799212598425
0
LINE
8
BLACK
6
CONTINUOUS
10
-1.5828786220472442
20
0.3606799212598425
11
-1.5830684251968503
21
0.3606226377952756
0
LINE
8
BLACK
6
CONTINUOUS
10
-1.5830684251968503
20
0.3606226377952756
11
-1.5836411023622048
21
0.3606799212598425
0
LINE
8
BLACK
6
CONTINUOUS
10
-1.5836411023622048
20
0.3606799212598425
11
-1.5842164960629921
21
0.3606798818897638
0
LINE
8
BLACK
6
CONTINUOUS
10
-1.5842164960629921
20
0.3606798818897638
11
-1.58439968503937
21
0.3607557874015748
0
LINE
8
BLACK
6
CONTINUOUS
10
-1.58439968503937
20
0.3607557874015748
11
-1.5845969291338582
21
0.3607754724409449
0
LINE
8
BLACK
6
CONTINUOUS
10
-1.5845969291338582
20
0.3607754724409449
11
-1.5851039370078739
21
0.3610474409448819
0
LINE
8
BLACK
6
CONTINUOUS
10
-1.5851039370078739
20
0.3610474409448819
11
-1.585635748031496
21
0.361267716535433
0
LINE
8
BLACK
6
CONTINUOUS
10
-1.585635748031496
20
0.361267716535433
11
-1.5857760236220473
21
0.3614079921259842
0
LINE
8
BLACK
6
CONTINUOUS
10
-1.5857760236220473
20
0.3614079921259842
11
-1.5859506299212598
21
0.3615016535433071
0
LINE
8
BLACK
6
CONTINUOUS
10
-1.5859506299212598
20
0.3615016535433071
11
-1.5863148818897637
21
0.3619468503937008
0
LINE
8
BLACK
6
CONTINUOUS
10
-1.5863148818897637
20
0.3619468503937008
11
-1.5867219685039369
21
0.362353937007874
0
LINE
8
BLACK
6
CONTINUOUS
10
-1.5867219685039369
20
0.362353937007874
11
-1.586797874015748
21
0.3625372047244094
0
LINE
8
BLACK
6
CONTINUOUS
10
-1.586797874015748
20
0.3625372047244094
11
-1.586923346456693
21
0.3626905511811023
0
LINE
8
BLACK
6
CONTINUOUS
10
-1.586923346456693
20
0.3626905511811023
11
-1.5870895669291338
21
0.3632414173228347
0
LINE
8
BLACK
6
CONTINUOUS
10
-1.5870895669291338
20
0.3632414173228347
11
-1.5873098031496062
21
0.3637731496062992
0
LINE
8
BLACK
6
CONTINUOUS
10
-1.5873098031496062
20
0.3637731496062992
11
-1.587309842519685
21
0.3639714173228346
0
LINE
8
BLACK
6
CONTINUOUS
10
-1.587309842519685
20
0.3639714173228346
11
-1.5873670866141731
21
0.3641612204724409
0
LINE
8
BLACK
6
CONTINUOUS
10
-1.5873670866141731
20
0.3641612204724409
11
-1.5873659448818898
21
0.3649329921259842
0
LINE
8
BLACK
6
CONTINUOUS
10
-1.5873659448818898
20
0.3649329921259842
11
-1.5849287795275591
21
0.3893049606299213
0
LINE
8
BLACK
6
CONTINUOUS
10
-1.5849287795275591
20
0.3893049606299213
11
-1.5848726771653543
21
0.389584842519685
0
LINE
8
BLACK
6
CONTINUOUS
10
-1.5848726771653543
20
0.389584842519685
11
-1.5848726771653543
21
0.3896812992125984
0
LINE
8
BLACK
6
CONTINUOUS
10
-1.5848726771653543
20
0.3896812992125984
11
-1.5848352362204725
21
0.3897717716535433
0
LINE
8
BLACK
6
CONTINUOUS
10
-1.5848352362204725
20
0.3897717716535433
11
-1.5847770866141733
21
0.3900616929133858
0
LINE
8
BLACK
6
CONTINUOUS
10
-1.5847770866141733
20
0.3900616929133858
11
-1.5845050787401573
21
0.390568779527559
0
LINE
8
BLACK
6
CONTINUOUS
10
-1.5845050787401573
20
0.390568779527559
11
-1.5842848031496062
21
0.3911005118110236
0
LINE
8
BLACK
6
CONTINUOUS
10
-1.5842848031496062
20
0.3911005118110236
11
-1.5841446062992126
21
0.3912407480314961
0
LINE
8
BLACK
6
CONTINUOUS
10
-1.5841446062992126
20
0.3912407480314961
11
-1.584050905511811
21
0.3914153543307087
0
LINE
8
BLACK
6
CONTINUOUS
10
-1.584050905511811
20
0.3914153543307087
11
-1.5836056692913385
21
0.3917796850393701
0
LINE
8
BLACK
6
CONTINUOUS
10
-1.5836056692913385
20
0.3917796850393701
11
-1.5831985826771653
21
0.3921867322834646
0
LINE
8
BLACK
6
CONTINUOUS
10
-1.5831985826771653
20
0.3921867322834646
11
-1.5830153937007874
21
0.3922626377952756
0
LINE
8
BLACK
6
CONTINUOUS
10
-1.5830153937007874
20
0.3922626377952756
11
-1.5828620078740157
21
0.3923881102362204
0
LINE
8
BLACK
6
CONTINUOUS
10
-1.5828620078740157
20
0.3923881102362204
11
-1.5823112598425197
21
0.3925542913385827
0
LINE
8
BLACK
6
CONTINUOUS
10
-1.5823112598425197
20
0.3925542913385827
11
-1.5817793700787401
21
0.3927746062992126
0
LINE
8
BLACK
6
CONTINUOUS
10
-1.5817793700787401
20
0.3927746062992126
11
-1.581485
21
0.3928036220472441
0
LINE
8
BLACK
6
CONTINUOUS
10
-1.581485
20
0.3928036220472441
11
-1.5813913385826772
21
0.3928318503937008
0
LINE
8
BLACK
6
CONTINUOUS
10
-1.5813913385826772
20
0.3928318503937008
11
-1.5812954330708662
21
0.3928222834645669
0
LINE
8
BLACK
6
CONTINUOUS
10
-1.5812954330708662
20
0.3928222834645669
11
-1.5810112992125984
21
0.3928502362204724
0
LINE
8
BLACK
6
CONTINUOUS
10
-1.5810112992125984
20
0.3928502362204724
11
-1.5566393307086615
21
0.3928502362204724
0
LINE
8
BLACK
6
CONTINUOUS
10
-1.5566393307086615
20
0.3928502362204724
11
-1.5558712598425197
21
0.3927746062992126
0
LINE
8
BLACK
6
CONTINUOUS
10
-1.9395288976377951
20
0.3921867322834646
11
-1.9384426771653542
21
0.3911005118110236
0
LINE
8
BLACK
6
CONTINUOUS
10
-1.9384426771653542
20
0.3911005118110236
11
-1.9378548031496063
21
0.3896812992125984
0
LINE
8
BLACK
6
CONTINUOUS
10
-1.9378548031496063
20
0.3896812992125984
11
-1.9377791732283465
21
0.3889132283464567
0
LINE
8
BLACK
6
CONTINUOUS
10
-1.9377791732283465
20
0.3889132283464567
11
-1.9377791732283465
21
0.3459731102362205
0
LINE
8
BLACK
6
CONTINUOUS
10
-1.9377791732283465
20
0.3459731102362205
11
-1.9363445275590552
21
0.343103779527559
0
LINE
8
BLACK
6
CONTINUOUS
10
-1.9363445275590552
20
0.343103779527559
11
-1.9326439370078741
21
0.3412535039370079
0
LINE
8
BLACK
6
CONTINUOUS
10
-1.9326439370078741
20
0.3412535039370079
11
-1.931990748031496
21
0.3408423622047244
0
LINE
8
BLACK
6
CONTINUOUS
10
-1.931990748031496
20
0.3408423622047244
11
-1.9309842519685039
21
0.3396818897637795
0
LINE
8
BLACK
6
CONTINUOUS
10
-1.9309842519685039
20
0.3396818897637795
11
-1.9304985039370077
21
0.3382245669291338
0
LINE
8
BLACK
6
CONTINUOUS
10
-1.9304985039370077
20
0.3382245669291338
11
-1.9306073622047244
21
0.3366922834645669
0
LINE
8
BLACK
6
CONTINUOUS
10
-1.9306073622047244
20
0.3366922834645669
11
-1.9312943307086614
21
0.3353183070866141
0
LINE
8
BLACK
6
CONTINUOUS
10
-1.9312943307086614
20
0.3353183070866141
11
-1.932454842519685
21
0.3343118110236221
0
LINE
8
BLACK
6
CONTINUOUS
10
-1.932454842519685
20
0.3343118110236221
11
-1.933912125984252
21
0.3338260236220472
0
LINE
8
BLACK
6
CONTINUOUS
10
-1.933912125984252
20
0.3338260236220472
11
-1.9354444488188975
21
0.3339349212598425
0
LINE
8
BLACK
6
CONTINUOUS
10
-1.9354444488188975
20
0.3339349212598425
11
-1.9361652362204724
21
0.334210748031496
0
LINE
8
BLACK
6
CONTINUOUS
10
-1.9361652362204724
20
0.334210748031496
11
-1.9410396456692913
21
0.3366479133858268
0
LINE
8
BLACK
6
CONTINUOUS
10
-1.9410396456692913
20
0.3366479133858268
11
-1.9411681496062991
21
0.336728779527559
0
LINE
8
BLACK
6
CONTINUOUS
10
-1.9411681496062991
20
0.336728779527559
11
-1.9412287007874016
21
0.3367489763779528
0
LINE
8
BLACK
6
CONTINUOUS
10
-1.9412287007874016
20
0.3367489763779528
11
-1.9413041732283465
21
0.3368144488188976
0
LINE
8
BLACK
6
CONTINUOUS
10
-1.9413041732283465
20
0.3368144488188976
11
-1.9416927952755905
21
0.3370590551181102
0
LINE
8
BLACK
6
CONTINUOUS
10
-1.9416927952755905
20
0.3370590551181102
11
-1.9420162204724409
21
0.337431968503937
0
LINE
8
BLACK
6
CONTINUOUS
10
-1.9420162204724409
20
0.337431968503937
11
-1.9423892125984252
21
0.3377554330708661
0
LINE
8
BLACK
6
CONTINUOUS
10
-1.9423892125984252
20
0.3377554330708661
11
-1.9426338976377953
21
0.338144094488189
0
LINE
8
BLACK
6
CONTINUOUS
10
-1.9426338976377953
20
0.338144094488189
11
-1.9426992913385825
21
0.3382195275590551
0
LINE
8
BLACK
6
CONTINUOUS
10
-1.9426992913385825
20
0.3382195275590551
11
-1.942719527559055
21
0.3382801181102362
0
LINE
8
BLACK
6
CONTINUOUS
10
-1.942719527559055
20
0.3382801181102362
11
-1.9428003543307086
21
0.3384085826771653
0
LINE
8
BLACK
6
CONTINUOUS
10
-1.9428003543307086
20
0.3384085826771653
11
-1.9452375590551181
21
0.343283031496063
0
LINE
8
BLACK
6
CONTINUOUS
10
-1.9452375590551181
20
0.343283031496063
11
-1.9455133858267717
21
0.3440038188976378
0
LINE
8
BLACK
6
CONTINUOUS
10
-1.9455133858267717
20
0.3440038188976378
11
-1.9455234251968503
21
0.3441449212598425
0
LINE
8
BLACK
6
CONTINUOUS
10
-1.9455234251968503
20
0.3441449212598425
11
-1.9455775590551181
21
0.3442756299212598
0
LINE
8
BLACK
6
CONTINUOUS
10
-1.9455775590551181
20
0.3442756299212598
11
-1.945653188976378
21
0.3450437007874015
0
LINE
8
BLACK
6
CONTINUOUS
10
-1.945653188976378
20
0.3450437007874015
11
-1.945653188976378
21
0.3889132283464567
0
LINE
8
BLACK
6
CONTINUOUS
10
-1.945653188976378
20
0.3889132283464567
11
-1.9455775590551181
21
0.3896812992125984
0
LINE
8
BLACK
6
CONTINUOUS
10
-1.9455775590551181
20
0.3896812992125984
11
-1.94498968503937
21
0.3911005118110236
0
LINE
8
BLACK
6
CONTINUOUS
10
-1.94498968503937
20
0.3911005118110236
11
-1.9439034645669291
21
0.3921867322834646
0
LINE
8
BLACK
6
CONTINUOUS
10
-1.9439034645669291
20
0.3921867322834646
11
-1.9424842519685039
21
0.3927746062992126
0
LINE
8
BLACK
6
CONTINUOUS
10
-1.9424842519685039
20
0.3927746062992126
11
-1.9409481102362205
21
0.3927746062992126
0
LINE
8
BLACK
6
CONTINUOUS
10
-1.9409481102362205
20
0.3927746062992126
11
-1.9395288976377951
21
0.3921867322834646
0
LINE
8
BLACK
6
CONTINUOUS
10
-2.2626578346456694
20
0.3927746062992126
11
-2.261238622047244
21
0.3921867322834646
0
LINE
8
BLACK
6
CONTINUOUS
10
-2.261238622047244
20
0.3921867322834646
11
-2.2601524015748029
21
0.3911005118110236
0
LINE
8
BLACK
6
CONTINUOUS
10
-2.2601524015748029
20
0.3911005118110236
11
-2.2595645275590552
21
0.3896812992125984
0
LINE
8
BLACK
6
CONTINUOUS
10
-2.2595645275590552
20
0.3896812992125984
11
-2.2595645275590552
21
0.388145157480315
0
LINE
8
BLACK
6
CONTINUOUS
10
-2.2595645275590552
20
0.388145157480315
11
-2.2601524015748029
21
0.3867259448818898
0
LINE
8
BLACK
6
CONTINUOUS
10
-2.2601524015748029
20
0.3867259448818898
11
-2.261238622047244
21
0.3856397244094488
0
LINE
8
BLACK
6
CONTINUOUS
10
-2.261238622047244
20
0.3856397244094488
11
-2.2626578346456694
21
0.3850518503937008
0
LINE
8
BLACK
6
CONTINUOUS
10
-2.2626578346456694
20
0.3850518503937008
11
-2.2634259055118111
21
0.384976220472441
0
LINE
8
BLACK
6
CONTINUOUS
10
-2.2634259055118111
20
0.384976220472441
11
-2.2741120472440945
21
0.384976220472441
0
LINE
8
BLACK
6
CONTINUOUS
10
-2.2741120472440945
20
0.384976220472441
11
-2.2741120472440945
21
0.337732125984252
0
LINE
8
BLACK
6
CONTINUOUS
10
-2.2741120472440945
20
0.337732125984252
11
-2.2741876771653544
21
0.3369640551181102
0
LINE
8
BLACK
6
CONTINUOUS
10
-2.2741876771653544
20
0.3369640551181102
11
-2.2747755511811025
21
0.335544842519685
0
LINE
8
BLACK
6
CONTINUOUS
10
-2.2747755511811025
20
0.335544842519685
11
-2.2758617716535432
21
0.3344586220472441
0
LINE
8
BLACK
6
CONTINUOUS
10
-2.2758617716535432
20
0.3344586220472441
11
-2.2772809842519686
21
0.3338707480314961
0
LINE
8
BLACK
6
CONTINUOUS
10
-2.2772809842519686
20
0.3338707480314961
11
-2.278817125984252
21
0.3338707480314961
0
LINE
8
BLACK
6
CONTINUOUS
10
-2.278817125984252
20
0.3338707480314961
11
-2.2802363385826769
21
0.3344586220472441
0
LINE
8
BLACK
6
CONTINUOUS
10
-2.2802363385826769
20
0.3344586220472441
11
-2.281322559055118
21
0.335544842519685
0
LINE
8
BLACK
6
CONTINUOUS
10
-2.281322559055118
20
0.335544842519685
11
-2.2819104330708662
21
0.3369640551181102
0
LINE
8
BLACK
6
CONTINUOUS
10
-2.2819104330708662
20
0.3369640551181102
11
-2.281986062992126
21
0.337732125984252
0
LINE
8
BLACK
6
CONTINUOUS
10
-2.281986062992126
20
0.337732125984252
11
-2.281986062992126
21
0.384976220472441
0
LINE
8
BLACK
6
CONTINUOUS
10
-2.281986062992126
20
0.384976220472441
11
-2.2926722440944882
21
0.384976220472441
0
LINE
8
BLACK
6
CONTINUOUS
10
-2.2926722440944882
20
0.384976220472441
11
-2.2934403149606299
21
0.3850518503937008
0
LINE
8
BLACK
6
CONTINUOUS
10
-2.2934403149606299
20
0.3850518503937008
11
-2.2948595275590549
21
0.3856397244094488
0
LINE
8
BLACK
6
CONTINUOUS
10
-2.2948595275590549
20
0.3856397244094488
11
-2.295945748031496
21
0.3867259448818898
0
LINE
8
BLACK
6
CONTINUOUS
10
-2.295945748031496
20
0.3867259448818898
11
-2.2965336220472441
21
0.388145157480315
0
LINE
8
BLACK
6
CONTINUOUS
10
-2.2965336220472441
20
0.388145157480315
11
-2.2965336220472441
21
0.3896812992125984
0
LINE
8
BLACK
6
CONTINUOUS
10
-2.2965336220472441
20
0.3896812992125984
11
-2.295945748031496
21
0.3911005118110236
0
LINE
8
BLACK
6
CONTINUOUS
10
-2.295945748031496
20
0.3911005118110236
11
-2.2948595275590549
21
0.3921867322834646
0
LINE
8
BLACK
6
CONTINUOUS
10
-2.2948595275590549
20
0.3921867322834646
11
-2.2934403149606299
21
0.3927746062992126
0
LINE
8
BLACK
6
CONTINUOUS
10
-2.2934403149606299
20
0.3927746062992126
11
-2.2926722440944882
21
0.3928502362204724
0
LINE
8
BLACK
6
CONTINUOUS
10
-2.2926722440944882
20
0.3928502362204724
11
-2.2634259055118111
21
0.3928502362204724
0
LINE
8
BLACK
6
CONTINUOUS
10
-2.2634259055118111
20
0.3928502362204724
11
-2.2626578346456694
21
0.3927746062992126
0
LINE
8
BLACK
6
CONTINUOUS
10
-2.2441782677165354
20
0.3921867322834646
11
-2.2430920472440943
21
0.3911005118110236
0
LINE
8
BLACK
6
CONTINUOUS
10
-2.2430920472440943
20
0.3911005118110236
11
-2.2425041732283466
21
0.3896812992125984
0
LINE
8
BLACK
6
CONTINUOUS
10
-2.2425041732283466
20
0.3896812992125984
11
-2.2424285433070867
21
0.3889132283464567
0
LINE
8
BLACK
6
CONTINUOUS
10
-2.2424285433070867
20
0.3889132283464567
11
-2.2424285433070867
21
0.3745672834645669
0
LINE
8
BLACK
6
CONTINUOUS
10
-2.2424285433070867
20
0.3745672834645669
11
-2.2408146062992125
21
0.3753742125984252
0
LINE
8
BLACK
6
CONTINUOUS
10
-2.2408146062992125
20
0.3753742125984252
11
-2.2400938188976376
21
0.3756500393700787
0
LINE
8
BLACK
6
CONTINUOUS
10
-2.2400938188976376
20
0.3756500393700787
11
-2.2399527559055117
21
0.3756600787401575
0
LINE
8
BLACK
6
CONTINUOUS
10
-2.2399527559055117
20
0.3756600787401575
11
-2.2398220078740159
21
0.3757142125984252
0
LINE
8
BLACK
6
CONTINUOUS
10
-2.2398220078740159
20
0.3757142125984252
11
-2.2390539370078741
21
0.3757898425196851
0
LINE
8
BLACK
6
CONTINUOUS
10
-2.2390539370078741
20
0.3757898425196851
11
-2.2317423622047246
21
0.3757898425196851
0
LINE
8
BLACK
6
CONTINUOUS
10
-2.2317423622047246
20
0.3757898425196851
11
-2.2309742913385828
21
0.3757142125984252
0
LINE
8
BLACK
6
CONTINUOUS
10
-2.2309742913385828
20
0.3757142125984252
11
-2.2308435826771653
21
0.3756600787401575
0
LINE
8
BLACK
6
CONTINUOUS
10
-2.2308435826771653
20
0.3756600787401575
11
-2.2307024803149607
21
0.3756500393700787
0
LINE
8
BLACK
6
CONTINUOUS
10
-2.2307024803149607
20
0.3756500393700787
11
-2.2299816929133858
21
0.3753742125984252
0
LINE
8
BLACK
6
CONTINUOUS
10
-2.2299816929133858
20
0.3753742125984252
11
-2.2251073228346456
21
0.3729370472440945
0
LINE
8
BLACK
6
CONTINUOUS
10
-2.2251073228346456
20
0.3729370472440945
11
-2.2249788582677166
21
0.3728562204724409
0
LINE
8
BLACK
6
CONTINUOUS
10
-2.2249788582677166
20
0.3728562204724409
11
-2.2249182677165353
21
0.3728359842519685
0
LINE
8
BLACK
6
CONTINUOUS
10
-2.2249182677165353
20
0.3728359842519685
11
-2.2248428346456692
21
0.3727705511811024
0
LINE
8
BLACK
6
CONTINUOUS
10
-2.2248428346456692
20
0.3727705511811024
11
-2.2244541732283465
21
0.372525905511811
0
LINE
8
BLACK
6
CONTINUOUS
10
-2.2244541732283465
20
0.372525905511811
11
-2.2241307874015748
21
0.372153031496063
0
LINE
8
BLACK
6
CONTINUOUS
10
-2.2241307874015748
20
0.372153031496063
11
-2.2237577559055119
21
0.3718295275590551
0
LINE
8
BLACK
6
CONTINUOUS
10
-2.2237577559055119
20
0.3718295275590551
11
-2.2235131889763777
21
0.3714409448818898
0
LINE
8
BLACK
6
CONTINUOUS
10
-2.2235131889763777
20
0.3714409448818898
11
-2.2234476771653542
21
0.3713654330708661
0
LINE
8
BLACK
6
CONTINUOUS
10
-2.2234476771653542
20
0.3713654330708661
11
-2.2234274803149607
21
0.3713048031496063
0
LINE
8
BLACK
6
CONTINUOUS
10
-2.2234274803149607
20
0.3713048031496063
11
-2.2233466141732281
21
0.3711763385826772
0
LINE
8
BLACK
6
CONTINUOUS
10
-2.2233466141732281
20
0.3711763385826772
11
-2.2209094094488186
21
0.3663019291338583
0
LINE
8
BLACK
6
CONTINUOUS
10
-2.2209094094488186
20
0.3663019291338583
11
-2.2206335826771655
21
0.3655811417322835
0
LINE
8
BLACK
6
CONTINUOUS
10
-2.2206335826771655
20
0.3655811417322835
11
-2.2206235826771654
21
0.3654400787401575
0
LINE
8
BLACK
6
CONTINUOUS
10
-2.2206235826771654
20
0.3654400787401575
11
-2.2205694094488186
21
0.3653093307086614
0
LINE
8
BLACK
6
CONTINUOUS
10
-2.2205694094488186
20
0.3653093307086614
11
-2.2204937795275592
21
0.3645412598425197
0
LINE
8
BLACK
6
CONTINUOUS
10
-2.2204937795275592
20
0.3645412598425197
11
-2.2204937795275592
21
0.337732125984252
0
LINE
8
BLACK
6
CONTINUOUS
10
-2.2204937795275592
20
0.337732125984252
11
-2.2205694094488186
21
0.3369640551181102
0
LINE
8
BLACK
6
CONTINUOUS
10
-2.2205694094488186
20
0.3369640551181102
11
-2.2211572834645668
21
0.335544842519685
0
LINE
8
BLACK
6
CONTINUOUS
10
-2.2211572834645668
20
0.335544842519685
11
-2.2222435039370079
21
0.3344586220472441
0
LINE
8
BLACK
6
CONTINUOUS
10
-2.2222435039370079
20
0.3344586220472441
11
-2.2236627165354332
21
0.3338707480314961
0
LINE
8
BLACK
6
CONTINUOUS
10
-2.2236627165354332
20
0.3338707480314961
11
-2.2251988582677167
21
0.3338707480314961
0
LINE
8
BLACK
6
CONTINUOUS
10
-2.2251988582677167
20
0.3338707480314961
11
-2.2266180708661416
21
0.3344586220472441
0
LINE
8
BLACK
6
CONTINUOUS
10
-2.2266180708661416
20
0.3344586220472441
11
-2.2277042913385827
21
0.335544842519685
0
LINE
8
BLACK
6
CONTINUOUS
10
-2.2277042913385827
20
0.335544842519685
11
-2.2282921653543308
21
0.3369640551181102
0
LINE
8
BLACK
6
CONTINUOUS
10
-2.2282921653543308
20
0.3369640551181102
11
-2.2283677952755907
21
0.337732125984252
0
LINE
8
BLACK
6
CONTINUOUS
10
-2.2283677952755907
20
0.337732125984252
11
-2.2283677952755907
21
0.3636118503937008
0
LINE
8
BLACK
6
CONTINUOUS
10
-2.2283677952755907
20
0.3636118503937008
11
-2.2298024803149605
21
0.3664812204724409
0
LINE
8
BLACK
6
CONTINUOUS
10
-2.2298024803149605
20
0.3664812204724409
11
-2.2326717716535431
21
0.3679158267716535
0
LINE
8
BLACK
6
CONTINUOUS
10
-2.2326717716535431
20
0.3679158267716535
11
-2.2381245669291339
21
0.3679158267716535
0
LINE
8
BLACK
6
CONTINUOUS
10
-2.2381245669291339
20
0.3679158267716535
11
-2.2415962204724411
21
0.3661800393700788
0
LINE
8
BLACK
6
CONTINUOUS
10
-2.2415962204724411
20
0.3661800393700788
11
-2.2424285433070867
21
0.3653476771653543
0
LINE
8
BLACK
6
CONTINUOUS
10
-2.2424285433070867
20
0.3653476771653543
11
-2.2424285433070867
21
0.337732125984252
0
LINE
8
BLACK
6
CONTINUOUS
10
-2.2424285433070867
20
0.337732125984252
11
-2.2425041732283466
21
0.3369640551181102
0
LINE
8
BLACK
6
CONTINUOUS
10
-2.2425041732283466
20
0.3369640551181102
11
-2.2430920472440943
21
0.335544842519685
0
LINE
8
BLACK
6
CONTINUOUS
10
-2.2430920472440943
20
0.335544842519685
11
-2.2441782677165354
21
0.3344586220472441
0
LINE
8
BLACK
6
CONTINUOUS
10
-2.2441782677165354
20
0.3344586220472441
11
-2.2455974803149608
21
0.3338707480314961
0
LINE
8
BLACK
6
CONTINUOUS
10
-2.2455974803149608
20
0.3338707480314961
11
-2.2471336220472442
21
0.3338707480314961
0
LINE
8
BLACK
6
CONTINUOUS
10
-2.2471336220472442
20
0.3338707480314961
11
-2.2485528346456691
21
0.3344586220472441
0
LINE
8
BLACK
6
CONTINUOUS
10
-2.2485528346456691
20
0.3344586220472441
11
-2.2496390551181102
21
0.335544842519685
0
LINE
8
BLACK
6
CONTINUOUS
10
-2.2496390551181102
20
0.335544842519685
11
-2.2502269291338584
21
0.3369640551181102
0
LINE
8
BLACK
6
CONTINUOUS
10
-2.2502269291338584
20
0.3369640551181102
11
-2.2503025590551182
21
0.337732125984252
0
LINE
8
BLACK
6
CONTINUOUS
10
-2.2503025590551182
20
0.337732125984252
11
-2.2503025590551182
21
0.3889132283464567
0
LINE
8
BLACK
6
CONTINUOUS
10
-2.2503025590551182
20
0.3889132283464567
11
-2.2502269291338584
21
0.3896812992125984
0
LINE
8
BLACK
6
CONTINUOUS
10
-2.2502269291338584
20
0.3896812992125984
11
-2.2496390551181102
21
0.3911005118110236
0
LINE
8
BLACK
6
CONTINUOUS
10
-2.2496390551181102
20
0.3911005118110236
11
-2.2485528346456691
21
0.3921867322834646
0
LINE
8
BLACK
6
CONTINUOUS
10
-2.2485528346456691
20
0.3921867322834646
11
-2.2471336220472442
21
0.3927746062992126
0
LINE
8
BLACK
6
CONTINUOUS
10
-2.2471336220472442
20
0.3927746062992126
11
-2.2455974803149608
21
0.3927746062992126
0
LINE
8
BLACK
6
CONTINUOUS
10
-2.2455974803149608
20
0.3927746062992126
11
-2.2441782677165354
21
0.3921867322834646
0
LINE
8
BLACK
6
CONTINUOUS
10
-2.1383609055118109
20
0.3757142125984252
11
-2.1382301968503938
21
0.3756600787401575
0
LINE
8
BLACK
6
CONTINUOUS
10
-2.1382301968503938
20
0.3756600787401575
11
-2.1380890944881887
21
0.3756500393700787
0
LINE
8
BLACK
6
CONTINUOUS
10
-2.1380890944881887
20
0.3756500393700787
11
-2.1373683070866143
21
0.3753742125984252
0
LINE
8
BLACK
6
CONTINUOUS
10
-2.1373683070866143
20
0.3753742125984252
11
-2.1324939370078742
21
0.3729370472440945
0
LINE
8
BLACK
6
CONTINUOUS
10
-2.1324939370078742
20
0.3729370472440945
11
-2.1323654724409447
21
0.3728562204724409
0
LINE
8
BLACK
6
CONTINUOUS
10
-2.1323654724409447
20
0.3728562204724409
11
-2.1323048818897639
21
0.3728359842519685
0
LINE
8
BLACK
6
CONTINUOUS
10
-2.1323048818897639
20
0.3728359842519685
11
-2.1322294488188978
21
0.3727705511811024
0
LINE
8
BLACK
6
CONTINUOUS
10
-2.1322294488188978
20
0.3727705511811024
11
-2.1318407874015746
21
0.372525905511811
0
LINE
8
BLACK
6
CONTINUOUS
10
-2.1318407874015746
20
0.372525905511811
11
-2.1315174015748033
21
0.372153031496063
0
LINE
8
BLACK
6
CONTINUOUS
10
-2.1315174015748033
20
0.372153031496063
11
-2.13114437007874
21
0.3718295275590551
0
LINE
8
BLACK
6
CONTINUOUS
10
-2.13114437007874
20
0.3718295275590551
11
-2.1308998031496063
21
0.3714409448818898
0
LINE
8
BLACK
6
CONTINUOUS
10
-2.1308998031496063
20
0.3714409448818898
11
-2.1308342913385827
21
0.3713654330708661
0
LINE
8
BLACK
6
CONTINUOUS
10
-2.1308342913385827
20
0.3713654330708661
11
-2.1308140944881888
21
0.3713048031496063
0
LINE
8
BLACK
6
CONTINUOUS
10
-2.1308140944881888
20
0.3713048031496063
11
-2.1307332283464566
21
0.3711763385826772
0
LINE
8
BLACK
6
CONTINUOUS
10
-2.1307332283464566
20
0.3711763385826772
11
-2.1282960236220472
21
0.3663019291338583
0
LINE
8
BLACK
6
CONTINUOUS
10
-2.1282960236220472
20
0.3663019291338583
11
-2.1280201968503936
21
0.3655811417322835
0
LINE
8
BLACK
6
CONTINUOUS
10
-2.1280201968503936
20
0.3655811417322835
11
-2.1280101968503935
21
0.3654400787401575
0
LINE
8
BLACK
6
CONTINUOUS
10
-2.1280101968503935
20
0.3654400787401575
11
-2.1279560236220472
21
0.3653093307086614
0
LINE
8
BLACK
6
CONTINUOUS
10
-2.1279560236220472
20
0.3653093307086614
11
-2.1278803937007873
21
0.3645412598425197
0
LINE
8
BLACK
6
CONTINUOUS
10
-2.1278803937007873
20
0.3645412598425197
11
-2.1278803937007873
21
0.337732125984252
0
LINE
8
BLACK
6
CONTINUOUS
10
-2.1278803937007873
20
0.337732125984252
11
-2.1279560236220472
21
0.3369640551181102
0
LINE
8
BLACK
6
CONTINUOUS
10
-2.1279560236220472
20
0.3369640551181102
11
-2.1285438976377953
21
0.335544842519685
0
LINE
8
BLACK
6
CONTINUOUS
10
-2.1285438976377953
20
0.335544842519685
11
-2.1296301181102364
21
0.3344586220472441
0
LINE
8
BLACK
6
CONTINUOUS
10
-2.1296301181102364
20
0.3344586220472441
11
-2.1310493307086613
21
0.3338707480314961
0
LINE
8
BLACK
6
CONTINUOUS
10
-2.1310493307086613
20
0.3338707480314961
11
-2.1325854724409448
21
0.3338707480314961
0
LINE
8
BLACK
6
CONTINUOUS
10
-2.1325854724409448
20
0.3338707480314961
11
-2.1340046850393701
21
0.3344586220472441
0
LINE
8
BLACK
6
CONTINUOUS
10
-2.1340046850393701
20
0.3344586220472441
11
-2.1350909055118108
21
0.335544842519685
0
LINE
8
BLACK
6
CONTINUOUS
10
-2.1350909055118108
20
0.335544842519685
11
-2.1356787795275589
21
0.3369640551181102
0
LINE
8
BLACK
6
CONTINUOUS
10
-2.1356787795275589
20
0.3369640551181102
11
-2.1357544094488188
21
0.337732125984252
0
LINE
8
BLACK
6
CONTINUOUS
10
-2.1357544094488188
20
0.337732125984252
11
-2.1357544094488188
21
0.3636118503937008
0
LINE
8
BLACK
6
CONTINUOUS
10
-2.1357544094488188
20
0.3636118503937008
11
-2.1371890944881891
21
0.3664812204724409
0
LINE
8
BLACK
6
CONTINUOUS
10
-2.1371890944881891
20
0.3664812204724409
11
-2.1400583858267717
21
0.3679158267716535
0
LINE
8
BLACK
6
CONTINUOUS
10
-2.1400583858267717
20
0.3679158267716535
11
-2.1455111811023619
21
0.3679158267716535
0
LINE
8
BLACK
6
CONTINUOUS
10
-2.1455111811023619
20
0.3679158267716535
11
-2.1489828346456692
21
0.3661800393700788
0
LINE
8
BLACK
6
CONTINUOUS
10
-2.1489828346456692
20
0.3661800393700788
11
-2.1498151574803148
21
0.3653476771653543
0
LINE
8
BLACK
6
CONTINUOUS
10
-2.1498151574803148
20
0.3653476771653543
11
-2.1498151574803148
21
0.337732125984252
0
LINE
8
BLACK
6
CONTINUOUS
10
-2.1498151574803148
20
0.337732125984252
11
-2.1498907874015747
21
0.3369640551181102
0
LINE
8
BLACK
6
CONTINUOUS
10
-2.1498907874015747
20
0.3369640551181102
11
-2.1504786614173228
21
0.335544842519685
0
LINE
8
BLACK
6
CONTINUOUS
10
-2.1504786614173228
20
0.335544842519685
11
-2.1515648818897639
21
0.3344586220472441
0
LINE
8
BLACK
6
CONTINUOUS
10
-2.1515648818897639
20
0.3344586220472441
11
-2.1529840944881888
21
0.3338707480314961
0
LINE
8
BLACK
6
CONTINUOUS
10
-2.1529840944881888
20
0.3338707480314961
11
-2.1545202362204723
21
0.3338707480314961
0
LINE
8
BLACK
6
CONTINUOUS
10
-2.1545202362204723
20
0.3338707480314961
11
-2.1559394488188977
21
0.3344586220472441
0
LINE
8
BLACK
6
CONTINUOUS
10
-2.1559394488188977
20
0.3344586220472441
11
-2.1570256692913383
21
0.335544842519685
0
LINE
8
BLACK
6
CONTINUOUS
10
-2.1570256692913383
20
0.335544842519685
11
-2.1576135433070864
21
0.3369640551181102
0
LINE
8
BLACK
6
CONTINUOUS
10
-2.1576135433070864
20
0.3369640551181102
11
-2.1576891732283463
21
0.337732125984252
0
LINE
8
BLACK
6
CONTINUOUS
10
-2.1576891732283463
20
0.337732125984252
11
-2.1576891732283463
21
0.3718528346456693
0
LINE
8
BLACK
6
CONTINUOUS
10
-2.1576891732283463
20
0.3718528346456693
11
-2.1576135433070864
21
0.372620905511811
0
LINE
8
BLACK
6
CONTINUOUS
10
-2.1576135433070864
20
0.372620905511811
11
-2.1570256692913383
21
0.3740401181102362
0
LINE
8
BLACK
6
CONTINUOUS
10
-2.1570256692913383
20
0.3740401181102362
11
-2.1559394488188977
21
0.3751263385826771
0
LINE
8
BLACK
6
CONTINUOUS
10
-2.1559394488188977
20
0.3751263385826771
11
-2.1545202362204723
21
0.3757142125984252
0
LINE
8
BLACK
6
CONTINUOUS
10
-2.1545202362204723
20
0.3757142125984252
11
-2.1529840944881888
21
0.3757142125984252
0
LINE
8
BLACK
6
CONTINUOUS
10
-2.1529840944881888
20
0.3757142125984252
11
-2.1515648818897639
21
0.3751263385826771
0
LINE
8
BLACK
6
CONTINUOUS
10
-2.1515648818897639
20
0.3751263385826771
11
-2.150608937007874
21
0.3741703937007874
0
LINE
8
BLACK
6
CONTINUOUS
10
-2.150608937007874
20
0.3741703937007874
11
-2.148201220472441
21
0.3753742125984252
0
LINE
8
BLACK
6
CONTINUOUS
10
-2.148201220472441
20
0.3753742125984252
11
-2.1474804330708661
21
0.3756500393700787
0
LINE
8
BLACK
6
CONTINUOUS
10
-2.1474804330708661
20
0.3756500393700787
11
-2.1473393700787402
21
0.3756600787401575
0
LINE
8
BLACK
6
CONTINUOUS
10
-2.1473393700787402
20
0.3756600787401575
11
-2.1472086220472439
21
0.3757142125984252
0
LINE
8
BLACK
6
CONTINUOUS
10
-2.1472086220472439
20
0.3757142125984252
11
-2.1464405511811022
21
0.3757898425196851
0
LINE
8
BLACK
6
CONTINUOUS
10
-2.1464405511811022
20
0.3757898425196851
11
-2.1391289763779526
21
0.3757898425196851
0
LINE
8
BLACK
6
CONTINUOUS
10
-2.1391289763779526
20
0.3757898425196851
11
-2.1383609055118109
21
0.3757142125984252
0
LINE
8
BLACK
6
CONTINUOUS
10
-2.0018779921259844
20
0.3757142125984252
11
-2.000458779527559
21
0.3751263385826771
0
LINE
8
BLACK
6
CONTINUOUS
10
-2.000458779527559
20
0.3751263385826771
11
-1.9993725590551181
21
0.3740401181102362
0
LINE
8
BLACK
6
CONTINUOUS
10
-1.9993725590551181
20
0.3740401181102362
11
-1.99878468503937
21
0.372620905511811
0
LINE
8
BLACK
6
CONTINUOUS
10
-1.99878468503937
20
0.372620905511811
11
-1.99878468503937
21
0.3710847637795275
0
LINE
8
BLACK
6
CONTINUOUS
10
-1.99878468503937
20
0.3710847637795275
11
-1.9993725590551181
21
0.3696655511811023
0
LINE
8
BLACK
6
CONTINUOUS
10
-1.9993725590551181
20
0.3696655511811023
11
-2.000458779527559
21
0.3685793307086614
0
LINE
8
BLACK
6
CONTINUOUS
10
-2.000458779527559
20
0.3685793307086614
11
-2.0018779921259844
21
0.3679914566929134
0
LINE
8
BLACK
6
CONTINUOUS
10
-2.0018779921259844
20
0.3679914566929134
11
-2.0026460629921261
21
0.3679158267716535
0
LINE
8
BLACK
6
CONTINUOUS
10
-2.0026460629921261
20
0.3679158267716535
11
-2.006591062992126
21
0.3679158267716535
0
LINE
8
BLACK
6
CONTINUOUS
10
-2.006591062992126
20
0.3679158267716535
11
-2.0100627165354332
21
0.3661800393700788
0
LINE
8
BLACK
6
CONTINUOUS
10
-2.0100627165354332
20
0.3661800393700788
11
-2.0115964173228345
21
0.3646462992125984
0
LINE
8
BLACK
6
CONTINUOUS
10
-2.0115964173228345
20
0.3646462992125984
11
-2.0133322440944883
21
0.3611746456692913
0
LINE
8
BLACK
6
CONTINUOUS
10
-2.0133322440944883
20
0.3611746456692913
11
-2.0133322440944883
21
0.337732125984252
0
LINE
8
BLACK
6
CONTINUOUS
10
-2.0133322440944883
20
0.337732125984252
11
-2.0134078740157482
21
0.3369640551181102
0
LINE
8
BLACK
6
CONTINUOUS
10
-2.0134078740157482
20
0.3369640551181102
11
-2.0139957480314958
21
0.335544842519685
0
LINE
8
BLACK
6
CONTINUOUS
10
-2.0139957480314958
20
0.335544842519685
11
-2.0150819685039369
21
0.3344586220472441
0
LINE
8
BLACK
6
CONTINUOUS
10
-2.0150819685039369
20
0.3344586220472441
11
-2.0165011811023623
21
0.3338707480314961
0
LINE
8
BLACK
6
CONTINUOUS
10
-2.0165011811023623
20
0.3338707480314961
11
-2.0180373228346458
21
0.3338707480314961
0
LINE
8
BLACK
6
CONTINUOUS
10
-2.0180373228346458
20
0.3338707480314961
11
-2.0194565354330707
21
0.3344586220472441
0
LINE
8
BLACK
6
CONTINUOUS
10
-2.0194565354330707
20
0.3344586220472441
11
-2.0205427559055118
21
0.335544842519685
0
LINE
8
BLACK
6
CONTINUOUS
10
-2.0205427559055118
20
0.335544842519685
11
-2.0211306299212599
21
0.3369640551181102
0
LINE
8
BLACK
6
CONTINUOUS
10
-2.0211306299212599
20
0.3369640551181102
11
-2.0212062598425198
21
0.337732125984252
0
LINE
8
BLACK
6
CONTINUOUS
10
-2.0212062598425198
20
0.337732125984252
11
-2.0212062598425198
21
0.3718528346456693
0
LINE
8
BLACK
6
CONTINUOUS
10
-2.0212062598425198
20
0.3718528346456693
11
-2.0211306299212599
21
0.372620905511811
0
LINE
8
BLACK
6
CONTINUOUS
10
-2.0211306299212599
20
0.372620905511811
11
-2.0205427559055118
21
0.3740401181102362
0
LINE
8
BLACK
6
CONTINUOUS
10
-2.0205427559055118
20
0.3740401181102362
11
-2.0194565354330707
21
0.3751263385826771
0
LINE
8
BLACK
6
CONTINUOUS
10
-2.0194565354330707
20
0.3751263385826771
11
-2.0180373228346458
21
0.3757142125984252
0
LINE
8
BLACK
6
CONTINUOUS
10
-2.0180373228346458
20
0.3757142125984252
11
-2.0165011811023623
21
0.3757142125984252
0
LINE
8
BLACK
6
CONTINUOUS
10
-2.0165011811023623
20
0.3757142125984252
11
-2.0150819685039369
21
0.3751263385826771
0
LINE
8
BLACK
6
CONTINUOUS
10
-2.0150819685039369
20
0.3751263385826771
11
-2.0139957480314958
21
0.3740401181102362
0
LINE
8
BLACK
6
CONTINUOUS
10
-2.0139957480314958
20
0.3740401181102362
11
-2.0136446456692911
21
0.3731925196850394
0
LINE
8
BLACK
6
CONTINUOUS
10
-2.0136446456692911
20
0.3731925196850394
11
-2.0092811417322833
21
0.3753742125984252
0
LINE
8
BLACK
6
CONTINUOUS
10
-2.0092811417322833
20
0.3753742125984252
11
-2.0085603543307085
21
0.3756500393700787
0
LINE
8
BLACK
6
CONTINUOUS
10
-2.0085603543307085
20
0.3756500393700787
11
-2.0084192913385825
21
0.3756600787401575
0
LINE
8
BLACK
6
CONTINUOUS
10
-2.0084192913385825
20
0.3756600787401575
11
-2.0082885433070867
21
0.3757142125984252
0
LINE
8
BLACK
6
CONTINUOUS
10
-2.0082885433070867
20
0.3757142125984252
11
-2.007520472440945
21
0.3757898425196851
0
LINE
8
BLACK
6
CONTINUOUS
10
-2.007520472440945
20
0.3757898425196851
11
-2.0026460629921261
21
0.3757898425196851
0
LINE
8
BLACK
6
CONTINUOUS
10
-2.0026460629921261
20
0.3757898425196851
11
-2.0018779921259844
21
0.3757142125984252
0
LINE
8
BLACK
6
CONTINUOUS
10
-1.9604456692913386
20
0.3927746062992126
11
-1.9590264566929134
21
0.3921867322834646
0
LINE
8
BLACK
6
CONTINUOUS
10
-1.9590264566929134
20
0.3921867322834646
11
-1.9579402362204723
21
0.3911005118110236
0
LINE
8
BLACK
6
CONTINUOUS
10
-1.9579402362204723
20
0.3911005118110236
11
-1.9573523622047244
21
0.3896812992125984
0
LINE
8
BLACK
6
CONTINUOUS
10
-1.9573523622047244
20
0.3896812992125984
11
-1.9573523622047244
21
0.388145157480315
0
LINE
8
BLACK
6
CONTINUOUS
10
-1.9573523622047244
20
0.388145157480315
11
-1.9579402362204723
21
0.3867259448818898
0
LINE
8
BLACK
6
CONTINUOUS
10
-1.9579402362204723
20
0.3867259448818898
11
-1.9590264566929134
21
0.3856397244094488
0
LINE
8
BLACK
6
CONTINUOUS
10
-1.9590264566929134
20
0.3856397244094488
11
-1.9604456692913386
21
0.3850518503937008
0
LINE
8
BLACK
6
CONTINUOUS
10
-1.9604456692913386
20
0.3850518503937008
11
-1.9612137401574803
21
0.384976220472441
0
LINE
8
BLACK
6
CONTINUOUS
10
-1.9612137401574803
20
0.384976220472441
11
-1.9816487007874015
21
0.384976220472441
0
LINE
8
BLACK
6
CONTINUOUS
10
-1.9816487007874015
20
0.384976220472441
11
-1.9816487007874015
21
0.3684782677165354
0
LINE
8
BLACK
6
CONTINUOUS
10
-1.9816487007874015
20
0.3684782677165354
11
-1.9685253149606299
21
0.3684782677165354
0
LINE
8
BLACK
6
CONTINUOUS
10
-1.9685253149606299
20
0.3684782677165354
11
-1.9677572440944882
21
0.3684026377952756
0
LINE
8
BLACK
6
CONTINUOUS
10
-1.9677572440944882
20
0.3684026377952756
11
-1.966338031496063
21
0.3678147637795275
0
LINE
8
BLACK
6
CONTINUOUS
10
-1.966338031496063
20
0.3678147637795275
11
-1.9652518110236219
21
0.3667285433070866
0
LINE
8
BLACK
6
CONTINUOUS
10
-1.9652518110236219
20
0.3667285433070866
11
-1.964663937007874
21
0.3653093307086614
0
LINE
8
BLACK
6
CONTINUOUS
10
-1.964663937007874
20
0.3653093307086614
11
-1.964663937007874
21
0.3637731889763779
0
LINE
8
BLACK
6
CONTINUOUS
10
-1.964663937007874
20
0.3637731889763779
11
-1.9652518110236219
21
0.3623539763779527
0
LINE
8
BLACK
6
CONTINUOUS
10
-1.9652518110236219
20
0.3623539763779527
11
-1.966338031496063
21
0.3612677559055118
0
LINE
8
BLACK
6
CONTINUOUS
10
-1.966338031496063
20
0.3612677559055118
11
-1.9677572440944882
21
0.3606798818897638
0
LINE
8
BLACK
6
CONTINUOUS
10
-1.9677572440944882
20
0.3606798818897638
11
-1.9685253149606299
21
0.3606042519685039
0
LINE
8
BLACK
6
CONTINUOUS
10
-1.9685253149606299
20
0.3606042519685039
11
-1.9816487007874015
21
0.3606042519685039
0
LINE
8
BLACK
6
CONTINUOUS
10
-1.9816487007874015
20
0.3606042519685039
11
-1.9816487007874015
21
0.337732125984252
0
LINE
8
BLACK
6
CONTINUOUS
10
-1.9816487007874015
20
0.337732125984252
11
-1.9817243307086614
21
0.3369640551181102
0
LINE
8
BLACK
6
CONTINUOUS
10
-1.9817243307086614
20
0.3369640551181102
11
-1.9823122047244095
21
0.335544842519685
0
LINE
8
BLACK
6
CONTINUOUS
10
-1.9823122047244095
20
0.335544842519685
11
-1.9833984251968504
21
0.3344586220472441
0
LINE
8
BLACK
6
CONTINUOUS
10
-1.9833984251968504
20
0.3344586220472441
11
-1.9848176377952755
21
0.3338707480314961
0
LINE
8
BLACK
6
CONTINUOUS
10
-1.9848176377952755
20
0.3338707480314961
11
-1.986353779527559
21
0.3338707480314961
0
LINE
8
BLACK
6
CONTINUOUS
10
-1.986353779527559
20
0.3338707480314961
11
-1.9877729921259841
21
0.3344586220472441
0
LINE
8
BLACK
6
CONTINUOUS
10
-1.9877729921259841
20
0.3344586220472441
11
-1.9888592125984252
21
0.335544842519685
0
LINE
8
BLACK
6
CONTINUOUS
10
-1.9888592125984252
20
0.335544842519685
11
-1.9894470866141731
21
0.3369640551181102
0
LINE
8
BLACK
6
CONTINUOUS
10
-1.9894470866141731
20
0.3369640551181102
11
-1.989522716535433
21
0.337732125984252
0
LINE
8
BLACK
6
CONTINUOUS
10
-1.989522716535433
20
0.337732125984252
11
-1.989522716535433
21
0.3889132283464567
0
LINE
8
BLACK
6
CONTINUOUS
10
-1.989522716535433
20
0.3889132283464567
11
-1.9894470866141731
21
0.3896812992125984
0
LINE
8
BLACK
6
CONTINUOUS
10
-1.9894470866141731
20
0.3896812992125984
11
-1.9888592125984252
21
0.3911005118110236
0
LINE
8
BLACK
6
CONTINUOUS
10
-1.9888592125984252
20
0.3911005118110236
11
-1.9877729921259841
21
0.3921867322834646
0
LINE
8
BLACK
6
CONTINUOUS
10
-1.9877729921259841
20
0.3921867322834646
11
-1.986353779527559
21
0.3927746062992126
0
LINE
8
BLACK
6
CONTINUOUS
10
-1.986353779527559
20
0.3927746062992126
11
-1.9855857086614173
21
0.3928502362204724
0
LINE
8
BLACK
6
CONTINUOUS
10
-1.9855857086614173
20
0.3928502362204724
11
-1.9612137401574803
21
0.3928502362204724
0
LINE
8
BLACK
6
CONTINUOUS
10
-1.9612137401574803
20
0.3928502362204724
11
-1.9604456692913386
21
0.3927746062992126
0
LINE
8
BLACK
6
CONTINUOUS
10
-1.8750790551181102
20
0.3464410236220473
11
-1.8737246456692913
21
0.3458800393700787
0
LINE
8
BLACK
6
CONTINUOUS
10
-1.8737246456692913
20
0.3458800393700787
11
-1.8737244488188975
21
0.345879842519685
0
LINE
8
BLACK
6
CONTINUOUS
10
-1.8737244488188975
20
0.345879842519685
11
-1.873128031496063
21
0.3453903937007874
0
LINE
8
BLACK
6
CONTINUOUS
10
-1.873128031496063
20
0.3453903937007874
11
-1.8706908267716535
21
0.3429531889763779
0
LINE
8
BLACK
6
CONTINUOUS
10
-1.8706908267716535
20
0.3429531889763779
11
-1.8702014173228345
21
0.342356811023622
0
LINE
8
BLACK
6
CONTINUOUS
10
-1.8702014173228345
20
0.342356811023622
11
-1.8702011811023622
21
0.3423565748031496
0
LINE
8
BLACK
6
CONTINUOUS
10
-1.8702011811023622
20
0.3423565748031496
11
-1.8699164566929134
21
0.3416691338582677
0
LINE
8
BLACK
6
CONTINUOUS
10
-1.8699164566929134
20
0.3416691338582677
11
-1.8696133464566929
21
0.3409373622047244
0
LINE
8
BLACK
6
CONTINUOUS
10
-1.8696133464566929
20
0.3409373622047244
11
-1.8696133464566929
21
0.3394012204724409
0
LINE
8
BLACK
6
CONTINUOUS
10
-1.8696133464566929
20
0.3394012204724409
11
-1.8697562204724409
21
0.3390562992125984
0
LINE
8
BLACK
6
CONTINUOUS
10
-1.8697562204724409
20
0.3390562992125984
11
-1.870201220472441
21
0.337981968503937
0
LINE
8
BLACK
6
CONTINUOUS
10
-1.870201220472441
20
0.337981968503937
11
-1.8706908661417323
21
0.3373853937007874
0
LINE
8
BLACK
6
CONTINUOUS
10
-1.8706908661417323
20
0.3373853937007874
11
-1.8731280708661417
21
0.3349482283464567
0
LINE
8
BLACK
6
CONTINUOUS
10
-1.8731280708661417
20
0.3349482283464567
11
-1.8737246456692913
21
0.3344585826771653
0
LINE
8
BLACK
6
CONTINUOUS
10
-1.8737246456692913
20
0.3344585826771653
11
-1.8747282283464566
21
0.3340429527559055
0
LINE
8
BLACK
6
CONTINUOUS
10
-1.8747282283464566
20
0.3340429527559055
11
-1.8751438582677165
21
0.3338707480314961
0
LINE
8
BLACK
6
CONTINUOUS
10
-1.8751438582677165
20
0.3338707480314961
11
-1.8751438976377952
21
0.3338707480314961
0
LINE
8
BLACK
6
CONTINUOUS
10
-1.8751438976377952
20
0.3338707480314961
11
-1.8766799999999999
21
0.3338707480314961
0
LINE
8
BLACK
6
CONTINUOUS
10
-1.8766799999999999
20
0.3338707480314961
11
-1.8778466929133857
21
0.3343540157480315
0
LINE
8
BLACK
6
CONTINUOUS
10
-1.8778466929133857
20
0.3343540157480315
11
-1.8780992519685038
21
0.3344586220472441
0
LINE
8
BLACK
6
CONTINUOUS
10
-1.8780992519685038
20
0.3344586220472441
11
-1.8786958267716536
21
0.3349482677165354
0
LINE
8
BLACK
6
CONTINUOUS
10
-1.8786958267716536
20
0.3349482677165354
11
-1.8811329921259843
21
0.3373853937007874
0
LINE
8
BLACK
6
CONTINUOUS
10
-1.8811329921259843
20
0.3373853937007874
11
-1.8816224409448818
21
0.337981811023622
0
LINE
8
BLACK
6
CONTINUOUS
10
-1.8816224409448818
20
0.337981811023622
11
-1.8816225984251969
21
0.337981968503937
0
LINE
8
BLACK
6
CONTINUOUS
10
-1.8816225984251969
20
0.337981968503937
11
-1.8820675984251969
21
0.3390562992125984
0
LINE
8
BLACK
6
CONTINUOUS
10
-1.8820675984251969
20
0.3390562992125984
11
-1.8822104724409447
21
0.3394012204724409
0
LINE
8
BLACK
6
CONTINUOUS
10
-1.8822104724409447
20
0.3394012204724409
11
-1.8822104724409447
21
0.3409373622047244
0
LINE
8
BLACK
6
CONTINUOUS
10
-1.8822104724409447
20
0.3409373622047244
11
-1.8819073622047244
21
0.3416691338582677
0
LINE
8
BLACK
6
CONTINUOUS
10
-1.8819073622047244
20
0.3416691338582677
11
-1.8816226377952756
21
0.3423565748031496
0
LINE
8
BLACK
6
CONTINUOUS
10
-1.8816226377952756
20
0.3423565748031496
11
-1.8811329921259843
21
0.3429531496062992
0
LINE
8
BLACK
6
CONTINUOUS
10
-1.8811329921259843
20
0.3429531496062992
11
-1.8786958267716536
21
0.3453903543307086
0
LINE
8
BLACK
6
CONTINUOUS
10
-1.8786958267716536
20
0.3453903543307086
11
-1.8780992519685038
21
0.34588
0
LINE
8
BLACK
6
CONTINUOUS
10
-1.8780992519685038
20
0.34588
11
-1.8774405511811023
21
0.3461528346456693
0
LINE
8
BLACK
6
CONTINUOUS
10
-1.8774405511811023
20
0.3461528346456693
11
-1.8766799999999999
21
0.346467874015748
0
LINE
8
BLACK
6
CONTINUOUS
10
-1.8766799999999999
20
0.346467874015748
11
-1.8751438582677165
21
0.346467874015748
0
LINE
8
BLACK
6
CONTINUOUS
10
-1.8751438582677165
20
0.346467874015748
11
-1.8750790551181102
21
0.3464410236220473
0
LINE
8
BLACK
6
CONTINUOUS
10
-2.0029905511811021
20
1.1314908267716535
11
-2.0013612598425197
21
1.1298615354330708
0
LINE
8
BLACK
6
CONTINUOUS
10
-2.0013612598425197
20
1.1298615354330708
11
-2.0004794488188975
21
1.1277327165354329
0
LINE
8
BLACK
6
CONTINUOUS
10
-2.0004794488188975
20
1.1277327165354329
11
-2.0003659842519683
21
1.126580590551181
0
LINE
8
BLACK
6
CONTINUOUS
10
-2.0003659842519683
20
1.126580590551181
11
-2.0003659842519683
21
1.0737940157480315
0
LINE
8
BLACK
6
CONTINUOUS
10
-2.0003659842519683
20
1.0737940157480315
11
-1.998230905511811
21
1.0695238582677165
0
LINE
8
BLACK
6
CONTINUOUS
10
-1.998230905511811
20
1.0695238582677165
11
-1.9963990944881889
21
1.0676920078740157
0
LINE
8
BLACK
6
CONTINUOUS
10
-1.9963990944881889
20
1.0676920078740157
11
-1.9921289763779526
21
1.065556968503937
0
LINE
8
BLACK
6
CONTINUOUS
10
-1.9921289763779526
20
1.065556968503937
11
-1.9821687795275591
21
1.065556968503937
0
LINE
8
BLACK
6
CONTINUOUS
10
-1.9821687795275591
20
1.065556968503937
11
-1.9778986614173228
21
1.0676920472440945
0
LINE
8
BLACK
6
CONTINUOUS
10
-1.9778986614173228
20
1.0676920472440945
11
-1.9760668503937007
21
1.0695238582677165
0
LINE
8
BLACK
6
CONTINUOUS
10
-1.9760668503937007
20
1.0695238582677165
11
-1.9739317716535432
21
1.0737939763779527
0
LINE
8
BLACK
6
CONTINUOUS
10
-1.9739317716535432
20
1.0737939763779527
11
-1.9739317716535432
21
1.126580590551181
0
LINE
8
BLACK
6
CONTINUOUS
10
-1.9739317716535432
20
1.126580590551181
11
-1.9738183070866142
21
1.1277327165354329
0
LINE
8
BLACK
6
CONTINUOUS
10
-1.9738183070866142
20
1.1277327165354329
11
-1.972936496062992
21
1.1298615354330708
0
LINE
8
BLACK
6
CONTINUOUS
10
-1.972936496062992
20
1.1298615354330708
11
-1.9713072047244093
21
1.1314908267716535
0
LINE
8
BLACK
6
CONTINUOUS
10
-1.9713072047244093
20
1.1314908267716535
11
-1.9691783858267715
21
1.1323726377952756
0
LINE
8
BLACK
6
CONTINUOUS
10
-1.9691783858267715
20
1.1323726377952756
11
-1.9668741338582676
21
1.1323726377952756
0
LINE
8
BLACK
6
CONTINUOUS
10
-1.9668741338582676
20
1.1323726377952756
11
-1.96474531496063
21
1.1314908267716535
0
LINE
8
BLACK
6
CONTINUOUS
10
-1.96474531496063
20
1.1314908267716535
11
-1.9631160236220473
21
1.1298615354330708
0
LINE
8
BLACK
6
CONTINUOUS
10
-1.9631160236220473
20
1.1298615354330708
11
-1.9622342125984251
21
1.1277327165354329
0
LINE
8
BLACK
6
CONTINUOUS
10
-1.9622342125984251
20
1.1277327165354329
11
-1.9621207480314959
21
1.126580590551181
0
LINE
8
BLACK
6
CONTINUOUS
10
-1.9621207480314959
20
1.126580590551181
11
-1.9621207480314959
21
1.0723998818897638
0
LINE
8
BLACK
6
CONTINUOUS
10
-1.9621207480314959
20
1.0723998818897638
11
-1.9622342125984251
21
1.0712477559055118
0
LINE
8
BLACK
6
CONTINUOUS
10
-1.9622342125984251
20
1.0712477559055118
11
-1.9623154330708661
21
1.0710517716535433
0
LINE
8
BLACK
6
CONTINUOUS
10
-1.9623154330708661
20
1.0710517716535433
11
-1.9623304330708662
21
1.0708401181102363
0
LINE
8
BLACK
6
CONTINUOUS
10
-1.9623304330708662
20
1.0708401181102363
11
-1.9627442125984251
21
1.0697588582677164
0
LINE
8
BLACK
6
CONTINUOUS
10
-1.9627442125984251
20
1.0697588582677164
11
-1.9659312992125983
21
1.0633846456692913
0
LINE
8
BLACK
6
CONTINUOUS
10
-1.9659312992125983
20
1.0633846456692913
11
-1.9662433858267716
21
1.062888937007874
0
LINE
8
BLACK
6
CONTINUOUS
10
-1.9662433858267716
20
1.062888937007874
11
-1.9663030708661418
21
1.0627447637795275
0
LINE
8
BLACK
6
CONTINUOUS
10
-1.9663030708661418
20
1.0627447637795275
11
-1.9664362992125983
21
1.0625824803149606
0
LINE
8
BLACK
6
CONTINUOUS
10
-1.9664362992125983
20
1.0625824803149606
11
-1.9665480314960631
21
1.0624049212598425
0
LINE
8
BLACK
6
CONTINUOUS
10
-1.9665480314960631
20
1.0624049212598425
11
-1.9666658267716535
21
1.0623027952755906
0
LINE
8
BLACK
6
CONTINUOUS
10
-1.9666658267716535
20
1.0623027952755906
11
-1.9670375196850394
21
1.0618498425196849
0
LINE
8
BLACK
6
CONTINUOUS
10
-1.9670375196850394
20
1.0618498425196849
11
-1.9702246456692913
21
1.058662716535433
0
LINE
8
BLACK
6
CONTINUOUS
10
-1.9702246456692913
20
1.058662716535433
11
-1.9706775984251967
21
1.0582910236220473
0
LINE
8
BLACK
6
CONTINUOUS
10
-1.9706775984251967
20
1.0582910236220473
11
-1.9707797244094487
21
1.0581732283464567
0
LINE
8
BLACK
6
CONTINUOUS
10
-1.9707797244094487
20
1.0581732283464567
11
-1.9709572834645668
21
1.0580614960629922
0
LINE
8
BLACK
6
CONTINUOUS
10
-1.9709572834645668
20
1.0580614960629922
11
-1.9711195669291337
21
1.0579282677165354
0
LINE
8
BLACK
6
CONTINUOUS
10
-1.9711195669291337
20
1.0579282677165354
11
-1.9712637401574802
21
1.0578685826771654
0
LINE
8
BLACK
6
CONTINUOUS
10
-1.9712637401574802
20
1.0578685826771654
11
-1.9717594488188976
21
1.0575564960629922
0
LINE
8
BLACK
6
CONTINUOUS
10
-1.9717594488188976
20
1.0575564960629922
11
-1.9781336614173228
21
1.054369409448819
0
LINE
8
BLACK
6
CONTINUOUS
10
-1.9781336614173228
20
1.054369409448819
11
-1.9792149212598424
21
1.0539556299212598
0
LINE
8
BLACK
6
CONTINUOUS
10
-1.9792149212598424
20
1.0539556299212598
11
-1.9794265748031497
21
1.0539406299212599
0
LINE
8
BLACK
6
CONTINUOUS
10
-1.9794265748031497
20
1.0539406299212599
11
-1.979622559055118
21
1.053859409448819
0
LINE
8
BLACK
6
CONTINUOUS
10
-1.979622559055118
20
1.053859409448819
11
-1.9807746850393699
21
1.0537459448818898
0
LINE
8
BLACK
6
CONTINUOUS
10
-1.9807746850393699
20
1.0537459448818898
11
-1.9935230708661418
21
1.0537459448818898
0
LINE
8
BLACK
6
CONTINUOUS
10
-1.9935230708661418
20
1.0537459448818898
11
-1.9946751968503937
21
1.053859409448819
0
LINE
8
BLACK
6
CONTINUOUS
10
-1.9946751968503937
20
1.053859409448819
11
-1.9948712204724408
21
1.0539406299212599
0
LINE
8
BLACK
6
CONTINUOUS
10
-1.9948712204724408
20
1.0539406299212599
11
-1.9950828346456693
21
1.0539556299212598
0
LINE
8
BLACK
6
CONTINUOUS
10
-1.9950828346456693
20
1.0539556299212598
11
-1.9961640944881889
21
1.054369409448819
0
LINE
8
BLACK
6
CONTINUOUS
10
-1.9961640944881889
20
1.054369409448819
11
-2.0025383070866143
21
1.0575564960629922
0
LINE
8
BLACK
6
CONTINUOUS
10
-2.0025383070866143
20
1.0575564960629922
11
-2.0030341732283463
21
1.0578686614173227
0
LINE
8
BLACK
6
CONTINUOUS
10
-2.0030341732283463
20
1.0578686614173227
11
-2.0031782283464565
21
1.0579283070866141
0
LINE
8
BLACK
6
CONTINUOUS
10
-2.0031782283464565
20
1.0579283070866141
11
-2.0033404724409447
21
1.0580614566929134
0
LINE
8
BLACK
6
CONTINUOUS
10
-2.0033404724409447
20
1.0580614566929134
11
-2.0035180314960628
21
1.0581732283464567
0
LINE
8
BLACK
6
CONTINUOUS
10
-2.0035180314960628
20
1.0581732283464567
11
-2.0036201968503935
21
1.0582910236220473
0
LINE
8
BLACK
6
CONTINUOUS
10
-2.0036201968503935
20
1.0582910236220473
11
-2.0040731496062993
21
1.0586627559055117
0
LINE
8
BLACK
6
CONTINUOUS
10
-2.0040731496062993
20
1.0586627559055117
11
-2.0072602362204726
21
1.0618498818897637
0
LINE
8
BLACK
6
CONTINUOUS
10
-2.0072602362204726
20
1.0618498818897637
11
-2.0076318503937007
21
1.0623026771653543
0
LINE
8
BLACK
6
CONTINUOUS
10
-2.0076318503937007
20
1.0623026771653543
11
-2.0077496850393701
21
1.0624048818897638
0
LINE
8
BLACK
6
CONTINUOUS
10
-2.0077496850393701
20
1.0624048818897638
11
-2.0078615748031496
21
1.0625825984251969
0
LINE
8
BLACK
6
CONTINUOUS
10
-2.0078615748031496
20
1.0625825984251969
11
-2.0079946456692914
21
1.0627447637795275
0
LINE
8
BLACK
6
CONTINUOUS
10
-2.0079946456692914
20
1.0627447637795275
11
-2.0080543307086614
21
1.0628888188976378
0
LINE
8
BLACK
6
CONTINUOUS
10
-2.0080543307086614
20
1.0628888188976378
11
-2.0083664173228346
21
1.0633846062992125
0
LINE
8
BLACK
6
CONTINUOUS
10
-2.0083664173228346
20
1.0633846062992125
11
-2.0115535433070866
21
1.0697588582677164
0
LINE
8
BLACK
6
CONTINUOUS
10
-2.0115535433070866
20
1.0697588582677164
11
-2.0119673228346455
21
1.0708400787401575
0
LINE
8
BLACK
6
CONTINUOUS
10
-2.0119673228346455
20
1.0708400787401575
11
-2.0119824015748029
21
1.071051811023622
0
LINE
8
BLACK
6
CONTINUOUS
10
-2.0119824015748029
20
1.071051811023622
11
-2.0120635433070864
21
1.0712477559055118
0
LINE
8
BLACK
6
CONTINUOUS
10
-2.0120635433070864
20
1.0712477559055118
11
-2.0121770078740155
21
1.0723998818897638
0
LINE
8
BLACK
6
CONTINUOUS
10
-2.0121770078740155
20
1.0723998818897638
11
-2.0121770078740155
21
1.126580590551181
0
LINE
8
BLACK
6
CONTINUOUS
10
-2.0121770078740155
20
1.126580590551181
11
-2.0120635433070864
21
1.1277327165354329
0
LINE
8
BLACK
6
CONTINUOUS
10
-2.0120635433070864
20
1.1277327165354329
11
-2.0111817322834646
21
1.1298615354330708
0
LINE
8
BLACK
6
CONTINUOUS
10
-2.0111817322834646
20
1.1298615354330708
11
-2.0095524409448817
21
1.1314908267716535
0
LINE
8
BLACK
6
CONTINUOUS
10
-2.0095524409448817
20
1.1314908267716535
11
-2.0074236220472441
21
1.1323726377952756
0
LINE
8
BLACK
6
CONTINUOUS
10
-2.0074236220472441
20
1.1323726377952756
11
-2.0051193700787402
21
1.1323726377952756
0
LINE
8
BLACK
6
CONTINUOUS
10
-2.0051193700787402
20
1.1323726377952756
11
-2.0029905511811021
21
1.1314908267716535
0
LINE
8
BLACK
6
CONTINUOUS
10
-1.6492222834645669
20
1.1314908267716535
11
-1.6475929921259842
21
1.1298615354330708
0
LINE
8
BLACK
6
CONTINUOUS
10
-1.6475929921259842
20
1.1298615354330708
11
-1.6467111811023623
21
1.1277327165354329
0
LINE
8
BLACK
6
CONTINUOUS
10
-1.6467111811023623
20
1.1277327165354329
11
-1.6465977165354331
21
1.126580590551181
0
LINE
8
BLACK
6
CONTINUOUS
10
-1.6465977165354331
20
1.126580590551181
11
-1.6465977165354331
21
1.065556968503937
0
LINE
8
BLACK
6
CONTINUOUS
10
-1.6465977165354331
20
1.065556968503937
11
-1.6206322047244095
21
1.065556968503937
0
LINE
8
BLACK
6
CONTINUOUS
10
-1.6206322047244095
20
1.065556968503937
11
-1.6194800787401575
21
1.0654435039370078
0
LINE
8
BLACK
6
CONTINUOUS
10
-1.6194800787401575
20
1.0654435039370078
11
-1.6173512598425197
21
1.0645616929133859
0
LINE
8
BLACK
6
CONTINUOUS
10
-1.6173512598425197
20
1.0645616929133859
11
-1.615721968503937
21
1.0629324015748032
0
LINE
8
BLACK
6
CONTINUOUS
10
-1.615721968503937
20
1.0629324015748032
11
-1.6148401574803148
21
1.0608035826771653
0
LINE
8
BLACK
6
CONTINUOUS
10
-1.6148401574803148
20
1.0608035826771653
11
-1.6148401574803148
21
1.0584993307086614
0
LINE
8
BLACK
6
CONTINUOUS
10
-1.6148401574803148
20
1.0584993307086614
11
-1.615721968503937
21
1.0563705118110236
0
LINE
8
BLACK
6
CONTINUOUS
10
-1.615721968503937
20
1.0563705118110236
11
-1.6173512598425197
21
1.0547412204724409
0
LINE
8
BLACK
6
CONTINUOUS
10
-1.6173512598425197
20
1.0547412204724409
11
-1.6194800787401575
21
1.053859409448819
0
LINE
8
BLACK
6
CONTINUOUS
10
-1.6194800787401575
20
1.053859409448819
11
-1.6206322047244095
21
1.0537459448818898
0
LINE
8
BLACK
6
CONTINUOUS
10
-1.6206322047244095
20
1.0537459448818898
11
-1.6525032283464567
21
1.0537459448818898
0
LINE
8
BLACK
6
CONTINUOUS
10
-1.6525032283464567
20
1.0537459448818898
11
-1.6536553543307086
21
1.053859409448819
0
LINE
8
BLACK
6
CONTINUOUS
10
-1.6536553543307086
20
1.053859409448819
11
-1.6557841732283465
21
1.0547412204724409
0
LINE
8
BLACK
6
CONTINUOUS
10
-1.6557841732283465
20
1.0547412204724409
11
-1.6574134645669292
21
1.0563705118110236
0
LINE
8
BLACK
6
CONTINUOUS
10
-1.6574134645669292
20
1.0563705118110236
11
-1.6582952755905511
21
1.0584993307086614
0
LINE
8
BLACK
6
CONTINUOUS
10
-1.6582952755905511
20
1.0584993307086614
11
-1.6584087401574803
21
1.0596514566929134
0
LINE
8
BLACK
6
CONTINUOUS
10
-1.6584087401574803
20
1.0596514566929134
11
-1.6584087401574803
21
1.126580590551181
0
LINE
8
BLACK
6
CONTINUOUS
10
-1.6584087401574803
20
1.126580590551181
11
-1.6582952755905511
21
1.1277327165354329
0
LINE
8
BLACK
6
CONTINUOUS
10
-1.6582952755905511
20
1.1277327165354329
11
-1.6574134645669292
21
1.1298615354330708
0
LINE
8
BLACK
6
CONTINUOUS
10
-1.6574134645669292
20
1.1298615354330708
11
-1.6557841732283465
21
1.1314908267716535
0
LINE
8
BLACK
6
CONTINUOUS
10
-1.6557841732283465
20
1.1314908267716535
11
-1.6536553543307086
21
1.1323726377952756
0
LINE
8
BLACK
6
CONTINUOUS
10
-1.6536553543307086
20
1.1323726377952756
11
-1.6513511023622047
21
1.1323726377952756
0
LINE
8
BLACK
6
CONTINUOUS
10
-1.6513511023622047
20
1.1323726377952756
11
-1.6492222834645669
21
1.1314908267716535
0
LINE
8
BLACK
6
CONTINUOUS
10
-1.5716735826771653
20
1.1323726377952756
11
-1.5714775984251967
21
1.1322914566929134
0
LINE
8
BLACK
6
CONTINUOUS
10
-1.5714775984251967
20
1.1322914566929134
11
-1.5712659448818898
21
1.1322764173228346
0
LINE
8
BLACK
6
CONTINUOUS
10
-1.5712659448818898
20
1.1322764173228346
11
-1.5701846850393701
21
1.1318626377952756
0
LINE
8
BLACK
6
CONTINUOUS
10
-1.5701846850393701
20
1.1318626377952756
11
-1.563810472440945
21
1.1286755511811024
0
LINE
8
BLACK
6
CONTINUOUS
10
-1.563810472440945
20
1.1286755511811024
11
-1.5633147637795275
21
1.1283635039370079
0
LINE
8
BLACK
6
CONTINUOUS
10
-1.5633147637795275
20
1.1283635039370079
11
-1.563170590551181
21
1.128303779527559
0
LINE
8
BLACK
6
CONTINUOUS
10
-1.563170590551181
20
1.128303779527559
11
-1.5630083070866141
21
1.1281705905511812
0
LINE
8
BLACK
6
CONTINUOUS
10
-1.5630083070866141
20
1.1281705905511812
11
-1.562830748031496
21
1.1280588188976377
0
LINE
8
BLACK
6
CONTINUOUS
10
-1.562830748031496
20
1.1280588188976377
11
-1.5627286220472441
21
1.127941062992126
0
LINE
8
BLACK
6
CONTINUOUS
10
-1.5627286220472441
20
1.127941062992126
11
-1.5622756692913387
21
1.1275693307086614
0
LINE
8
BLACK
6
CONTINUOUS
10
-1.5622756692913387
20
1.1275693307086614
11
-1.5559014566929132
21
1.1211951181102362
0
LINE
8
BLACK
6
CONTINUOUS
10
-1.5559014566929132
20
1.1211951181102362
11
-1.5551670078740156
21
1.1203002362204724
0
LINE
8
BLACK
6
CONTINUOUS
10
-1.5551670078740156
20
1.1203002362204724
11
-1.5549989763779528
21
1.1198945275590551
0
LINE
8
BLACK
6
CONTINUOUS
10
-1.5549989763779528
20
1.1198945275590551
11
-1.5547375984251968
21
1.1195417716535432
0
LINE
8
BLACK
6
CONTINUOUS
10
-1.5547375984251968
20
1.1195417716535432
11
-1.5543481102362204
21
1.1184515748031496
0
LINE
8
BLACK
6
CONTINUOUS
10
-1.5543481102362204
20
1.1184515748031496
11
-1.5511609842519685
21
1.1057031496062992
0
LINE
8
BLACK
6
CONTINUOUS
10
-1.5511609842519685
20
1.1057031496062992
11
-1.5511314566929133
21
1.1055033858267715
0
LINE
8
BLACK
6
CONTINUOUS
10
-1.5511314566929133
20
1.1055033858267715
11
-1.5510981496062992
21
1.1054229921259842
0
LINE
8
BLACK
6
CONTINUOUS
10
-1.5510981496062992
20
1.1054229921259842
11
-1.5510554724409449
21
1.1049892913385826
0
LINE
8
BLACK
6
CONTINUOUS
10
-1.5510554724409449
20
1.1049892913385826
11
-1.550991653543307
21
1.104557874015748
0
LINE
8
BLACK
6
CONTINUOUS
10
-1.550991653543307
20
1.104557874015748
11
-1.5510044881889764
21
1.1044717716535433
0
LINE
8
BLACK
6
CONTINUOUS
10
-1.5510044881889764
20
1.1044717716535433
11
-1.55098468503937
21
1.1042708661417322
0
LINE
8
BLACK
6
CONTINUOUS
10
-1.55098468503937
20
1.1042708661417322
11
-1.55098468503937
21
1.0819611811023622
0
LINE
8
BLACK
6
CONTINUOUS
10
-1.55098468503937
20
1.0819611811023622
11
-1.5510044881889764
21
1.0817603149606299
0
LINE
8
BLACK
6
CONTINUOUS
10
-1.5510044881889764
20
1.0817603149606299
11
-1.550991653543307
21
1.0816741732283464
0
LINE
8
BLACK
6
CONTINUOUS
10
-1.550991653543307
20
1.0816741732283464
11
-1.5510554724409449
21
1.0812427952755905
0
LINE
8
BLACK
6
CONTINUOUS
10
-1.5510554724409449
20
1.0812427952755905
11
-1.5510981496062992
21
1.0808090551181102
0
LINE
8
BLACK
6
CONTINUOUS
10
-1.5510981496062992
20
1.0808090551181102
11
-1.5511314566929133
21
1.0807287007874016
0
LINE
8
BLACK
6
CONTINUOUS
10
-1.5511314566929133
20
1.0807287007874016
11
-1.5511609842519685
21
1.0805288976377954
0
LINE
8
BLACK
6
CONTINUOUS
10
-1.5511609842519685
20
1.0805288976377954
11
-1.5543481102362204
21
1.0677804724409448
0
LINE
8
BLACK
6
CONTINUOUS
10
-1.5543481102362204
20
1.0677804724409448
11
-1.5547375984251968
21
1.0666902755905512
0
LINE
8
BLACK
6
CONTINUOUS
10
-1.5547375984251968
20
1.0666902755905512
11
-1.5549989763779528
21
1.0663375590551181
0
LINE
8
BLACK
6
CONTINUOUS
10
-1.5549989763779528
20
1.0663375590551181
11
-1.5551670078740156
21
1.065931811023622
0
LINE
8
BLACK
6
CONTINUOUS
10
-1.5551670078740156
20
1.065931811023622
11
-1.5559014566929132
21
1.0650369291338582
0
LINE
8
BLACK
6
CONTINUOUS
10
-1.5559014566929132
20
1.0650369291338582
11
-1.5622756692913387
21
1.058662716535433
0
LINE
8
BLACK
6
CONTINUOUS
10
-1.5622756692913387
20
1.058662716535433
11
-1.5627286220472441
21
1.0582910236220473
0
LINE
8
BLACK
6
CONTINUOUS
10
-1.5627286220472441
20
1.0582910236220473
11
-1.562830748031496
21
1.0581732283464567
0
LINE
8
BLACK
6
CONTINUOUS
10
-1.562830748031496
20
1.0581732283464567
11
-1.5630083070866141
21
1.0580614960629922
0
LINE
8
BLACK
6
CONTINUOUS
10
-1.5630083070866141
20
1.0580614960629922
11
-1.563170590551181
21
1.0579282677165354
0
LINE
8
BLACK
6
CONTINUOUS
10
-1.563170590551181
20
1.0579282677165354
11
-1.5633147637795275
21
1.0578685826771654
0
LINE
8
BLACK
6
CONTINUOUS
10
-1.5633147637795275
20
1.0578685826771654
11
-1.563810472440945
21
1.0575564960629922
0
LINE
8
BLACK
6
CONTINUOUS
10
-1.563810472440945
20
1.0575564960629922
11
-1.5701846850393701
21
1.054369409448819
0
LINE
8
BLACK
6
CONTINUOUS
10
-1.5701846850393701
20
1.054369409448819
11
-1.5712659448818898
21
1.0539556299212598
0
LINE
8
BLACK
6
CONTINUOUS
10
-1.5712659448818898
20
1.0539556299212598
11
-1.5714775984251967
21
1.0539406299212599
0
LINE
8
BLACK
6
CONTINUOUS
10
-1.5714775984251967
20
1.0539406299212599
11
-1.5716735826771653
21
1.053859409448819
0
LINE
8
BLACK
6
CONTINUOUS
10
-1.5716735826771653
20
1.053859409448819
11
-1.5728257086614172
21
1.0537459448818898
0
LINE
8
BLACK
6
CONTINUOUS
10
-1.5728257086614172
20
1.0537459448818898
11
-1.5855740944881889
21
1.0537459448818898
0
LINE
8
BLACK
6
CONTINUOUS
10
-1.5855740944881889
20
1.0537459448818898
11
-1.5867262204724408
21
1.053859409448819
0
LINE
8
BLACK
6
CONTINUOUS
10
-1.5867262204724408
20
1.053859409448819
11
-1.5869222440944881
21
1.0539406299212599
0
LINE
8
BLACK
6
CONTINUOUS
10
-1.5869222440944881
20
1.0539406299212599
11
-1.5871338582677166
21
1.0539556299212598
0
LINE
8
BLACK
6
CONTINUOUS
10
-1.5871338582677166
20
1.0539556299212598
11
-1.5882151181102362
21
1.054369409448819
0
LINE
8
BLACK
6
CONTINUOUS
10
-1.5882151181102362
20
1.054369409448819
11
-1.5945893307086614
21
1.0575564960629922
0
LINE
8
BLACK
6
CONTINUOUS
10
-1.5945893307086614
20
1.0575564960629922
11
-1.5950850393700786
21
1.0578685433070867
0
LINE
8
BLACK
6
CONTINUOUS
10
-1.5950850393700786
20
1.0578685433070867
11
-1.5952292519685038
21
1.0579282677165354
0
LINE
8
BLACK
6
CONTINUOUS
10
-1.5952292519685038
20
1.0579282677165354
11
-1.5953916929133858
21
1.0580615748031497
0
LINE
8
BLACK
6
CONTINUOUS
10
-1.5953916929133858
20
1.0580615748031497
11
-1.5955690551181101
21
1.0581732283464567
0
LINE
8
BLACK
6
CONTINUOUS
10
-1.5955690551181101
20
1.0581732283464567
11
-1.5956711417322835
21
1.0582909448818898
0
LINE
8
BLACK
6
CONTINUOUS
10
-1.5956711417322835
20
1.0582909448818898
11
-1.5961241338582677
21
1.058662716535433
0
LINE
8
BLACK
6
CONTINUOUS
10
-1.5961241338582677
20
1.058662716535433
11
-1.6024983464566929
21
1.0650369291338582
0
LINE
8
BLACK
6
CONTINUOUS
10
-1.6024983464566929
20
1.0650369291338582
11
-1.6032327952755905
21
1.0659318503937008
0
LINE
8
BLACK
6
CONTINUOUS
10
-1.6032327952755905
20
1.0659318503937008
11
-1.6034008267716535
21
1.0663374409448818
0
LINE
8
BLACK
6
CONTINUOUS
10
-1.6034008267716535
20
1.0663374409448818
11
-1.6036622047244093
21
1.0666902362204724
0
LINE
8
BLACK
6
CONTINUOUS
10
-1.6036622047244093
20
1.0666902362204724
11
-1.6040516929133859
21
1.067780433070866
0
LINE
8
BLACK
6
CONTINUOUS
10
-1.6040516929133859
20
1.067780433070866
11
-1.6072387795275591
21
1.0805288976377954
0
LINE
8
BLACK
6
CONTINUOUS
10
-1.6072387795275591
20
1.0805288976377954
11
-1.6072683070866141
21
1.0807285826771653
0
LINE
8
BLACK
6
CONTINUOUS
10
-1.6072683070866141
20
1.0807285826771653
11
-1.6073016535433071
21
1.0808090551181102
0
LINE
8
BLACK
6
CONTINUOUS
10
-1.6073016535433071
20
1.0808090551181102
11
-1.607344409448819
21
1.081243031496063
0
LINE
8
BLACK
6
CONTINUOUS
10
-1.607344409448819
20
1.081243031496063
11
-1.6074081496062991
21
1.0816741338582676
0
LINE
8
BLACK
6
CONTINUOUS
10
-1.6074081496062991
20
1.0816741338582676
11
-1.6073953543307087
21
1.0817602755905511
0
LINE
8
BLACK
6
CONTINUOUS
10
-1.6073953543307087
20
1.0817602755905511
11
-1.6074151181102361
21
1.0819611811023622
0
LINE
8
BLACK
6
CONTINUOUS
10
-1.6074151181102361
20
1.0819611811023622
11
-1.6074151181102361
21
1.1042708661417322
0
LINE
8
BLACK
6
CONTINUOUS
10
-1.6074151181102361
20
1.1042708661417322
11
-1.6073953543307087
21
1.104471811023622
0
LINE
8
BLACK
6
CONTINUOUS
10
-1.6073953543307087
20
1.104471811023622
11
-1.6074081496062991
21
1.1045579133858268
0
LINE
8
BLACK
6
CONTINUOUS
10
-1.6074081496062991
20
1.1045579133858268
11
-1.607344409448819
21
1.1049890551181103
0
LINE
8
BLACK
6
CONTINUOUS
10
-1.607344409448819
20
1.1049890551181103
11
-1.6073016535433071
21
1.1054229921259842
0
LINE
8
BLACK
6
CONTINUOUS
10
-1.6073016535433071
20
1.1054229921259842
11
-1.6072683070866141
21
1.1055035039370078
0
LINE
8
BLACK
6
CONTINUOUS
10
-1.6072683070866141
20
1.1055035039370078
11
-1.6072387795275591
21
1.1057031496062992
0
LINE
8
BLACK
6
CONTINUOUS
10
-1.6072387795275591
20
1.1057031496062992
11
-1.6040516929133859
21
1.1184516141732284
0
LINE
8
BLACK
6
CONTINUOUS
10
-1.6040516929133859
20
1.1184516141732284
11
-1.6036622047244093
21
1.1195418110236219
0
LINE
8
BLACK
6
CONTINUOUS
10
-1.6036622047244093
20
1.1195418110236219
11
-1.6034008267716535
21
1.1198946456692913
0
LINE
8
BLACK
6
CONTINUOUS
10
-1.6034008267716535
20
1.1198946456692913
11
-1.6032327952755905
21
1.1203001968503936
0
LINE
8
BLACK
6
CONTINUOUS
10
-1.6032327952755905
20
1.1203001968503936
11
-1.6024983464566929
21
1.1211951181102362
0
LINE
8
BLACK
6
CONTINUOUS
10
-1.6024983464566929
20
1.1211951181102362
11
-1.5961241338582677
21
1.1275693307086614
0
LINE
8
BLACK
6
CONTINUOUS
10
-1.5961241338582677
20
1.1275693307086614
11
-1.5956711417322835
21
1.1279411417322835
0
LINE
8
BLACK
6
CONTINUOUS
10
-1.5956711417322835
20
1.1279411417322835
11
-1.5955690551181101
21
1.1280588188976377
0
LINE
8
BLACK
6
CONTINUOUS
10
-1.5955690551181101
20
1.1280588188976377
11
-1.5953916929133858
21
1.1281705118110237
0
LINE
8
BLACK
6
CONTINUOUS
10
-1.5953916929133858
20
1.1281705118110237
11
-1.5952292519685038
21
1.128303779527559
0
LINE
8
BLACK
6
CONTINUOUS
10
-1.5952292519685038
20
1.128303779527559
11
-1.5950850393700786
21
1.1283635433070867
0
LINE
8
BLACK
6
CONTINUOUS
10
-1.5950850393700786
20
1.1283635433070867
11
-1.5945893307086614
21
1.1286755511811024
0
LINE
8
BLACK
6
CONTINUOUS
10
-1.5945893307086614
20
1.1286755511811024
11
-1.5882151181102362
21
1.1318626377952756
0
LINE
8
BLACK
6
CONTINUOUS
10
-1.5882151181102362
20
1.1318626377952756
11
-1.5871338582677166
21
1.1322764173228346
0
LINE
8
BLACK
6
CONTINUOUS
10
-1.5871338582677166
20
1.1322764173228346
11
-1.5869222440944881
21
1.1322914566929134
0
LINE
8
BLACK
6
CONTINUOUS
10
-1.5869222440944881
20
1.1322914566929134
11
-1.5867262204724408
21
1.1323726377952756
0
LINE
8
BLACK
6
CONTINUOUS
10
-1.5867262204724408
20
1.1323726377952756
11
-1.5855740944881889
21
1.1324861023622046
0
LINE
8
BLACK
6
CONTINUOUS
10
-1.5855740944881889
20
1.1324861023622046
11
-1.5728257086614172
21
1.1324861023622046
0
LINE
8
BLACK
6
CONTINUOUS
10
-1.5728257086614172
20
1.1324861023622046
11
-1.5716735826771653
21
1.1323726377952756
0
LINE
8
BLACK
6
CONTINUOUS
10
-1.5884501574803149
20
1.1185400393700786
11
-1.5929900393700787
21
1.1140001574803149
0
LINE
8
BLACK
6
CONTINUOUS
10
-1.5929900393700787
20
1.1140001574803149
11
-1.5956040944881889
21
1.1035439370078739
0
LINE
8
BLACK
6
CONTINUOUS
10
-1.5956040944881889
20
1.1035439370078739
11
-1.5956040944881889
21
1.0826881496062992
0
LINE
8
BLACK
6
CONTINUOUS
10
-1.5956040944881889
20
1.0826881496062992
11
-1.5929900393700787
21
1.0722319291338582
0
LINE
8
BLACK
6
CONTINUOUS
10
-1.5929900393700787
20
1.0722319291338582
11
-1.5884501574803149
21
1.0676920472440945
0
LINE
8
BLACK
6
CONTINUOUS
10
-1.5884501574803149
20
1.0676920472440945
11
-1.5841799999999999
21
1.065556968503937
0
LINE
8
BLACK
6
CONTINUOUS
10
-1.5841799999999999
20
1.065556968503937
11
-1.5742198031496062
21
1.065556968503937
0
LINE
8
BLACK
6
CONTINUOUS
10
-1.5742198031496062
20
1.065556968503937
11
-1.5699496850393699
21
1.0676920472440945
0
LINE
8
BLACK
6
CONTINUOUS
10
-1.5699496850393699
20
1.0676920472440945
11
-1.5654097637795275
21
1.072231968503937
0
LINE
8
BLACK
6
CONTINUOUS
10
-1.5654097637795275
20
1.072231968503937
11
-1.5627957086614173
21
1.0826881496062992
0
LINE
8
BLACK
6
CONTINUOUS
10
-1.5627957086614173
20
1.0826881496062992
11
-1.5627957086614173
21
1.1035439370078739
0
LINE
8
BLACK
6
CONTINUOUS
10
-1.5627957086614173
20
1.1035439370078739
11
-1.5654097637795275
21
1.1140001181102361
0
LINE
8
BLACK
6
CONTINUOUS
10
-1.5654097637795275
20
1.1140001181102361
11
-1.5699496850393699
21
1.1185400393700786
0
LINE
8
BLACK
6
CONTINUOUS
10
-1.5699496850393699
20
1.1185400393700786
11
-1.5742198031496062
21
1.1206750787401574
0
LINE
8
BLACK
6
CONTINUOUS
10
-1.5742198031496062
20
1.1206750787401574
11
-1.5841799999999999
21
1.1206750787401574
0
LINE
8
BLACK
6
CONTINUOUS
10
-1.5841799999999999
20
1.1206750787401574
11
-1.5884501574803149
21
1.1185400393700786
0
LINE
8
BLACK
6
CONTINUOUS
10
-1.4543200787401573
20
1.1324287007874017
11
-1.4541643700787401
21
1.1324397637795276
0
LINE
8
BLACK
6
CONTINUOUS
10
-1.4541643700787401
20
1.1324397637795276
11
-1.4539596062992126
21
1.1323932283464566
0
LINE
8
BLACK
6
CONTINUOUS
10
-1.4539596062992126
20
1.1323932283464566
11
-1.4537508267716535
21
1.1323726377952756
0
LINE
8
BLACK
6
CONTINUOUS
10
-1.4537508267716535
20
1.1323726377952756
11
-1.4536068503937007
21
1.1323129921259842
0
LINE
8
BLACK
6
CONTINUOUS
10
-1.4536068503937007
20
1.1323129921259842
11
-1.4530354724409449
21
1.1321830708661418
0
LINE
8
BLACK
6
CONTINUOUS
10
-1.4530354724409449
20
1.1321830708661418
11
-1.4434741732283465
21
1.1289959448818898
0
LINE
8
BLACK
6
CONTINUOUS
10
-1.4434741732283465
20
1.1289959448818898
11
-1.4424170472440945
21
1.1285239763779527
0
LINE
8
BLACK
6
CONTINUOUS
10
-1.4424170472440945
20
1.1285239763779527
11
-1.442256811023622
21
1.128385
0
LINE
8
BLACK
6
CONTINUOUS
10
-1.442256811023622
20
1.128385
11
-1.442060748031496
21
1.128303779527559
0
LINE
8
BLACK
6
CONTINUOUS
10
-1.442060748031496
20
1.128303779527559
11
-1.4411658267716536
21
1.1275693307086614
0
LINE
8
BLACK
6
CONTINUOUS
10
-1.4411658267716536
20
1.1275693307086614
11
-1.4347916141732284
21
1.1211951181102362
0
LINE
8
BLACK
6
CONTINUOUS
10
-1.4347916141732284
20
1.1211951181102362
11
-1.4344199606299213
21
1.1207422834645668
0
LINE
8
BLACK
6
CONTINUOUS
10
-1.4344199606299213
20
1.1207422834645668
11
-1.4343021259842519
21
1.1206400787401574
0
LINE
8
BLACK
6
CONTINUOUS
10
-1.4343021259842519
20
1.1206400787401574
11
-1.4341903937007874
21
1.120462559055118
0
LINE
8
BLACK
6
CONTINUOUS
10
-1.4341903937007874
20
1.120462559055118
11
-1.4340571653543306
21
1.1203002362204724
0
LINE
8
BLACK
6
CONTINUOUS
10
-1.4340571653543306
20
1.1203002362204724
11
-1.4339974803149607
21
1.1201560629921259
0
LINE
8
BLACK
6
CONTINUOUS
10
-1.4339974803149607
20
1.1201560629921259
11
-1.4336853937007874
21
1.1196603149606299
0
LINE
8
BLACK
6
CONTINUOUS
10
-1.4336853937007874
20
1.1196603149606299
11
-1.4304982677165354
21
1.1132861023622047
0
LINE
8
BLACK
6
CONTINUOUS
10
-1.4304982677165354
20
1.1132861023622047
11
-1.430466062992126
21
1.1132019291338582
0
LINE
8
BLACK
6
CONTINUOUS
10
-1.430466062992126
20
1.1132019291338582
11
-1.4304406299212598
21
1.1131675984251967
0
LINE
8
BLACK
6
CONTINUOUS
10
-1.4304406299212598
20
1.1131675984251967
11
-1.4302681496062992
21
1.1126847637795276
0
LINE
8
BLACK
6
CONTINUOUS
10
-1.4302681496062992
20
1.1126847637795276
11
-1.4300844881889763
21
1.1122048818897639
0
LINE
8
BLACK
6
CONTINUOUS
10
-1.4300844881889763
20
1.1122048818897639
11
-1.4300814960629922
21
1.1121622440944883
0
LINE
8
BLACK
6
CONTINUOUS
10
-1.4300814960629922
20
1.1121622440944883
11
-1.4300511417322834
21
1.1120773622047244
0
LINE
8
BLACK
6
CONTINUOUS
10
-1.4300511417322834
20
1.1120773622047244
11
-1.4268640551181102
21
1.0993289763779528
0
LINE
8
BLACK
6
CONTINUOUS
10
-1.4268640551181102
20
1.0993289763779528
11
-1.4268345669291338
21
1.0991293307086614
0
LINE
8
BLACK
6
CONTINUOUS
10
-1.4268345669291338
20
1.0991293307086614
11
-1.4268011811023622
21
1.0990488188976377
0
LINE
8
BLACK
6
CONTINUOUS
10
-1.4268011811023622
20
1.0990488188976377
11
-1.4267584645669291
21
1.0986148818897639
0
LINE
8
BLACK
6
CONTINUOUS
10
-1.4267584645669291
20
1.0986148818897639
11
-1.42669468503937
21
1.0981837401574803
0
LINE
8
BLACK
6
CONTINUOUS
10
-1.42669468503937
20
1.0981837401574803
11
-1.4267075196850394
21
1.0980976377952756
0
LINE
8
BLACK
6
CONTINUOUS
10
-1.4267075196850394
20
1.0980976377952756
11
-1.426687716535433
21
1.0978966929133858
0
LINE
8
BLACK
6
CONTINUOUS
10
-1.426687716535433
20
1.0978966929133858
11
-1.426687716535433
21
1.0883353937007874
0
LINE
8
BLACK
6
CONTINUOUS
10
-1.426687716535433
20
1.0883353937007874
11
-1.4267075196850394
21
1.088134527559055
0
LINE
8
BLACK
6
CONTINUOUS
10
-1.4267075196850394
20
1.088134527559055
11
-1.42669468503937
21
1.0880483858267715
0
LINE
8
BLACK
6
CONTINUOUS
10
-1.42669468503937
20
1.0880483858267715
11
-1.4267585039370079
21
1.0876170078740157
0
LINE
8
BLACK
6
CONTINUOUS
10
-1.4267585039370079
20
1.0876170078740157
11
-1.4268011811023622
21
1.0871832677165354
0
LINE
8
BLACK
6
CONTINUOUS
10
-1.4268011811023622
20
1.0871832677165354
11
-1.4268344881889763
21
1.0871029133858268
0
LINE
8
BLACK
6
CONTINUOUS
10
-1.4268344881889763
20
1.0871029133858268
11
-1.4268640157480315
21
1.0869031102362205
0
LINE
8
BLACK
6
CONTINUOUS
10
-1.4268640157480315
20
1.0869031102362205
11
-1.4300511417322834
21
1.0741546850393699
0
LINE
8
BLACK
6
CONTINUOUS
10
-1.4300511417322834
20
1.0741546850393699
11
-1.4300814960629922
21
1.0740698425196851
0
LINE
8
BLACK
6
CONTINUOUS
10
-1.4300814960629922
20
1.0740698425196851
11
-1.4300844881889763
21
1.0740271653543307
0
LINE
8
BLACK
6
CONTINUOUS
10
-1.4300844881889763
20
1.0740271653543307
11
-1.4302682677165355
21
1.0735470078740157
0
LINE
8
BLACK
6
CONTINUOUS
10
-1.4302682677165355
20
1.0735470078740157
11
-1.4304406299212598
21
1.0730644881889764
0
LINE
8
BLACK
6
CONTINUOUS
10
-1.4304406299212598
20
1.0730644881889764
11
-1.4304660236220472
21
1.0730302362204724
0
LINE
8
BLACK
6
CONTINUOUS
10
-1.4304660236220472
20
1.0730302362204724
11
-1.4304982677165354
21
1.0729459448818897
0
LINE
8
BLACK
6
CONTINUOUS
10
-1.4304982677165354
20
1.0729459448818897
11
-1.4336853937007874
21
1.0665717322834645
0
LINE
8
BLACK
6
CONTINUOUS
10
-1.4336853937007874
20
1.0665717322834645
11
-1.4339974803149607
21
1.0660760236220472
0
LINE
8
BLACK
6
CONTINUOUS
10
-1.4339974803149607
20
1.0660760236220472
11
-1.4340571653543306
21
1.065931811023622
0
LINE
8
BLACK
6
CONTINUOUS
10
-1.4340571653543306
20
1.065931811023622
11
-1.4341903937007874
21
1.0657695275590551
0
LINE
8
BLACK
6
CONTINUOUS
10
-1.4341903937007874
20
1.0657695275590551
11
-1.4343021259842519
21
1.065591968503937
0
LINE
8
BLACK
6
CONTINUOUS
10
-1.4343021259842519
20
1.065591968503937
11
-1.4344199606299213
21
1.0654898031496063
0
LINE
8
BLACK
6
CONTINUOUS
10
-1.4344199606299213
20
1.0654898031496063
11
-1.4347916141732284
21
1.0650369291338582
0
LINE
8
BLACK
6
CONTINUOUS
10
-1.4347916141732284
20
1.0650369291338582
11
-1.4411658267716536
21
1.058662716535433
0
LINE
8
BLACK
6
CONTINUOUS
10
-1.4411658267716536
20
1.058662716535433
11
-1.442060748031496
21
1.0579282677165354
0
LINE
8
BLACK
6
CONTINUOUS
10
-1.442060748031496
20
1.0579282677165354
11
-1.442256811023622
21
1.0578470866141731
0
LINE
8
BLACK
6
CONTINUOUS
10
-1.442256811023622
20
1.0578470866141731
11
-1.4424170472440945
21
1.0577080708661417
0
LINE
8
BLACK
6
CONTINUOUS
10
-1.4424170472440945
20
1.0577080708661417
11
-1.4434741732283465
21
1.0572361023622048
0
LINE
8
BLACK
6
CONTINUOUS
10
-1.4434741732283465
20
1.0572361023622048
11
-1.4530354724409449
21
1.0540489763779528
0
LINE
8
BLACK
6
CONTINUOUS
10
-1.4530354724409449
20
1.0540489763779528
11
-1.4536068503937007
21
1.0539190944881889
0
LINE
8
BLACK
6
CONTINUOUS
10
-1.4536068503937007
20
1.0539190944881889
11
-1.4537508267716535
21
1.053859409448819
0
LINE
8
BLACK
6
CONTINUOUS
10
-1.4537508267716535
20
1.053859409448819
11
-1.4539596062992126
21
1.0538388582677165
0
LINE
8
BLACK
6
CONTINUOUS
10
-1.4539596062992126
20
1.0538388582677165
11
-1.4541643700787401
21
1.053792283464567
0
LINE
8
BLACK
6
CONTINUOUS
10
-1.4541643700787401
20
1.053792283464567
11
-1.4543200787401573
21
1.0538033858267717
0
LINE
8
BLACK
6
CONTINUOUS
10
-1.4543200787401573
20
1.0538033858267717
11
-1.4549029527559054
21
1.0537459448818898
0
LINE
8
BLACK
6
CONTINUOUS
10
-1.4549029527559054
20
1.0537459448818898
11
-1.470838464566929
21
1.0537459448818898
0
LINE
8
BLACK
6
CONTINUOUS
10
-1.470838464566929
20
1.0537459448818898
11
-1.471990590551181
21
1.053859409448819
0
LINE
8
BLACK
6
CONTINUOUS
10
-1.471990590551181
20
1.053859409448819
11
-1.4741194094488188
21
1.0547412204724409
0
LINE
8
BLACK
6
CONTINUOUS
10
-1.4741194094488188
20
1.0547412204724409
11
-1.4757487007874015
21
1.0563705118110236
0
LINE
8
BLACK
6
CONTINUOUS
10
-1.4757487007874015
20
1.0563705118110236
11
-1.4766305118110237
21
1.0584993307086614
0
LINE
8
BLACK
6
CONTINUOUS
10
-1.4766305118110237
20
1.0584993307086614
11
-1.4767439763779526
21
1.0596514566929134
0
LINE
8
BLACK
6
CONTINUOUS
10
-1.4767439763779526
20
1.0596514566929134
11
-1.4767439763779526
21
1.126580590551181
0
LINE
8
BLACK
6
CONTINUOUS
10
-1.4767439763779526
20
1.126580590551181
11
-1.4766305118110237
21
1.1277327165354329
0
LINE
8
BLACK
6
CONTINUOUS
10
-1.4766305118110237
20
1.1277327165354329
11
-1.4757487007874015
21
1.1298615354330708
0
LINE
8
BLACK
6
CONTINUOUS
10
-1.4757487007874015
20
1.1298615354330708
11
-1.4741194094488188
21
1.1314908267716535
0
LINE
8
BLACK
6
CONTINUOUS
10
-1.4741194094488188
20
1.1314908267716535
11
-1.471990590551181
21
1.1323726377952756
0
LINE
8
BLACK
6
CONTINUOUS
10
-1.471990590551181
20
1.1323726377952756
11
-1.470838464566929
21
1.1324861023622046
0
LINE
8
BLACK
6
CONTINUOUS
10
-1.470838464566929
20
1.1324861023622046
11
-1.4549029527559054
21
1.1324861023622046
0
LINE
8
BLACK
6
CONTINUOUS
10
-1.4549029527559054
20
1.1324861023622046
11
-1.4543200787401573
21
1.1324287007874017
0
LINE
8
BLACK
6
CONTINUOUS
10
-1.4649329527559054
20
1.065556968503937
11
-1.4558613385826771
21
1.065556968503937
0
LINE
8
BLACK
6
CONTINUOUS
10
-1.4558613385826771
20
1.065556968503937
11
-1.4485316929133858
21
1.0680001968503936
0
LINE
8
BLACK
6
CONTINUOUS
10
-1.4485316929133858
20
1.0680001968503936
11
-1.443820905511811
21
1.0727109448818897
0
LINE
8
BLACK
6
CONTINUOUS
10
-1.443820905511811
20
1.0727109448818897
11
-1.4413522440944881
21
1.0776483070866141
0
LINE
8
BLACK
6
CONTINUOUS
10
-1.4413522440944881
20
1.0776483070866141
11
-1.4384987401574802
21
1.0890623622047244
0
LINE
8
BLACK
6
CONTINUOUS
10
-1.4384987401574802
20
1.0890623622047244
11
-1.4384987401574802
21
1.0971697637795275
0
LINE
8
BLACK
6
CONTINUOUS
10
-1.4384987401574802
20
1.0971697637795275
11
-1.4413522440944881
21
1.108583779527559
0
LINE
8
BLACK
6
CONTINUOUS
10
-1.4413522440944881
20
1.108583779527559
11
-1.443820905511811
21
1.1135211023622047
0
LINE
8
BLACK
6
CONTINUOUS
10
-1.443820905511811
20
1.1135211023622047
11
-1.4485316929133858
21
1.1182318897637795
0
LINE
8
BLACK
6
CONTINUOUS
10
-1.4485316929133858
20
1.1182318897637795
11
-1.4558613385826771
21
1.1206750787401574
0
LINE
8
BLACK
6
CONTINUOUS
10
-1.4558613385826771
20
1.1206750787401574
11
-1.4649329527559054
21
1.1206750787401574
0
LINE
8
BLACK
6
CONTINUOUS
10
-1.4649329527559054
20
1.1206750787401574
11
-1.4649329527559054
21
1.065556968503937
0
LINE
8
BLACK
6
CONTINUOUS
10
-1.3836345669291339
20
1.1323726377952756
11
-1.3834386220472441
21
1.1322914960629922
0
LINE
8
BLACK
6
CONTINUOUS
10
-1.3834386220472441
20
1.1322914960629922
11
-1.3832268897637794
21
1.1322764173228346
0
LINE
8
BLACK
6
CONTINUOUS
10
-1.3832268897637794
20
1.1322764173228346
11
-1.3821456692913385
21
1.1318626377952756
0
LINE
8
BLACK
6
CONTINUOUS
10
-1.3821456692913385
20
1.1318626377952756
11
-1.3757714960629921
21
1.1286755511811024
0
LINE
8
BLACK
6
CONTINUOUS
10
-1.3757714960629921
20
1.1286755511811024
11
-1.3752757086614174
21
1.1283634645669292
0
LINE
8
BLACK
6
CONTINUOUS
10
-1.3752757086614174
20
1.1283634645669292
11
-1.3751316141732284
21
1.128303779527559
0
LINE
8
BLACK
6
CONTINUOUS
10
-1.3751316141732284
20
1.128303779527559
11
-1.3749694488188977
21
1.1281706692913385
0
LINE
8
BLACK
6
CONTINUOUS
10
-1.3749694488188977
20
1.1281706692913385
11
-1.3747917322834646
21
1.1280588188976377
0
LINE
8
BLACK
6
CONTINUOUS
10
-1.3747917322834646
20
1.1280588188976377
11
-1.3746895275590552
21
1.1279409842519685
0
LINE
8
BLACK
6
CONTINUOUS
10
-1.3746895275590552
20
1.1279409842519685
11
-1.3742366929133858
21
1.1275693307086614
0
LINE
8
BLACK
6
CONTINUOUS
10
-1.3742366929133858
20
1.1275693307086614
11
-1.3710495669291338
21
1.1243822047244094
0
LINE
8
BLACK
6
CONTINUOUS
10
-1.3710495669291338
20
1.1243822047244094
11
-1.3706779527559054
21
1.1239294094488188
0
LINE
8
BLACK
6
CONTINUOUS
10
-1.3706779527559054
20
1.1239294094488188
11
-1.3705600787401575
21
1.1238271653543306
0
LINE
8
BLACK
6
CONTINUOUS
10
-1.3705600787401575
20
1.1238271653543306
11
-1.3704482677165355
21
1.1236494881889763
0
LINE
8
BLACK
6
CONTINUOUS
10
-1.3704482677165355
20
1.1236494881889763
11
-1.3703151181102362
21
1.1234872834645668
0
LINE
8
BLACK
6
CONTINUOUS
10
-1.3703151181102362
20
1.1234872834645668
11
-1.3702554724409448
21
1.1233432283464566
0
LINE
8
BLACK
6
CONTINUOUS
10
-1.3702554724409448
20
1.1233432283464566
11
-1.3699433464566928
21
1.1228474015748031
0
LINE
8
BLACK
6
CONTINUOUS
10
-1.3699433464566928
20
1.1228474015748031
11
-1.3667562598425196
21
1.1164732283464567
0
LINE
8
BLACK
6
CONTINUOUS
10
-1.3667562598425196
20
1.1164732283464567
11
-1.3667240551181101
21
1.1163890551181102
0
LINE
8
BLACK
6
CONTINUOUS
10
-1.3667240551181101
20
1.1163890551181102
11
-1.3666986220472441
21
1.1163547244094487
0
LINE
8
BLACK
6
CONTINUOUS
10
-1.3666986220472441
20
1.1163547244094487
11
-1.3665260629921259
21
1.1158716535433071
0
LINE
8
BLACK
6
CONTINUOUS
10
-1.3665260629921259
20
1.1158716535433071
11
-1.3663424803149606
21
1.1153920078740158
0
LINE
8
BLACK
6
CONTINUOUS
10
-1.3663424803149606
20
1.1153920078740158
11
-1.3663394881889763
21
1.1153494094488188
0
LINE
8
BLACK
6
CONTINUOUS
10
-1.3663394881889763
20
1.1153494094488188
11
-1.3663091338582676
21
1.1152645275590551
0
LINE
8
BLACK
6
CONTINUOUS
10
-1.3663091338582676
20
1.1152645275590551
11
-1.3631220078740156
21
1.102516062992126
0
LINE
8
BLACK
6
CONTINUOUS
10
-1.3631220078740156
20
1.102516062992126
11
-1.3630925196850394
21
1.1023164173228346
0
LINE
8
BLACK
6
CONTINUOUS
10
-1.3630925196850394
20
1.1023164173228346
11
-1.3630591338582676
21
1.1022359055118109
0
LINE
8
BLACK
6
CONTINUOUS
10
-1.3630591338582676
20
1.1022359055118109
11
-1.3630164173228345
21
1.1018019685039371
0
LINE
8
BLACK
6
CONTINUOUS
10
-1.3630164173228345
20
1.1018019685039371
11
-1.3629526377952756
21
1.1013708267716535
0
LINE
8
BLACK
6
CONTINUOUS
10
-1.3629526377952756
20
1.1013708267716535
11
-1.3629654724409448
21
1.1012847244094488
0
LINE
8
BLACK
6
CONTINUOUS
10
-1.3629654724409448
20
1.1012847244094488
11
-1.3629456692913386
21
1.101083779527559
0
LINE
8
BLACK
6
CONTINUOUS
10
-1.3629456692913386
20
1.101083779527559
11
-1.3629456692913386
21
1.0851482677165354
0
LINE
8
BLACK
6
CONTINUOUS
10
-1.3629456692913386
20
1.0851482677165354
11
-1.3629654724409448
21
1.0849473622047243
0
LINE
8
BLACK
6
CONTINUOUS
10
-1.3629654724409448
20
1.0849473622047243
11
-1.3629526377952756
21
1.0848612204724408
0
LINE
8
BLACK
6
CONTINUOUS
10
-1.3629526377952756
20
1.0848612204724408
11
-1.3630164173228345
21
1.0844300787401575
0
LINE
8
BLACK
6
CONTINUOUS
10
-1.3630164173228345
20
1.0844300787401575
11
-1.3630591338582676
21
1.0839961417322834
0
LINE
8
BLACK
6
CONTINUOUS
10
-1.3630591338582676
20
1.0839961417322834
11
-1.3630924803149607
21
1.0839156692913385
0
LINE
8
BLACK
6
CONTINUOUS
10
-1.3630924803149607
20
1.0839156692913385
11
-1.3631220078740156
21
1.0837159448818898
0
LINE
8
BLACK
6
CONTINUOUS
10
-1.3631220078740156
20
1.0837159448818898
11
-1.3663091338582676
21
1.070967559055118
0
LINE
8
BLACK
6
CONTINUOUS
10
-1.3663091338582676
20
1.070967559055118
11
-1.3663394881889763
21
1.0708827165354331
0
LINE
8
BLACK
6
CONTINUOUS
10
-1.3663394881889763
20
1.0708827165354331
11
-1.3663424803149606
21
1.0708401181102363
0
LINE
8
BLACK
6
CONTINUOUS
10
-1.3663424803149606
20
1.0708401181102363
11
-1.3665259448818898
21
1.0703608267716536
0
LINE
8
BLACK
6
CONTINUOUS
10
-1.3665259448818898
20
1.0703608267716536
11
-1.3666986220472441
21
1.0698773622047244
0
LINE
8
BLACK
6
CONTINUOUS
10
-1.3666986220472441
20
1.0698773622047244
11
-1.3667240551181101
21
1.0698430708661417
0
LINE
8
BLACK
6
CONTINUOUS
10
-1.3667240551181101
20
1.0698430708661417
11
-1.3667562598425196
21
1.0697588582677164
0
LINE
8
BLACK
6
CONTINUOUS
10
-1.3667562598425196
20
1.0697588582677164
11
-1.3699433464566928
21
1.0633846456692913
0
LINE
8
BLACK
6
CONTINUOUS
10
-1.3699433464566928
20
1.0633846456692913
11
-1.3702554330708661
21
1.062888937007874
0
LINE
8
BLACK
6
CONTINUOUS
10
-1.3702554330708661
20
1.062888937007874
11
-1.3703151181102362
21
1.0627447637795275
0
LINE
8
BLACK
6
CONTINUOUS
10
-1.3703151181102362
20
1.0627447637795275
11
-1.3704483464566928
21
1.0625824803149606
0
LINE
8
BLACK
6
CONTINUOUS
10
-1.3704483464566928
20
1.0625824803149606
11
-1.3705600787401575
21
1.0624049212598425
0
LINE
8
BLACK
6
CONTINUOUS
10
-1.3705600787401575
20
1.0624049212598425
11
-1.3706778740157479
21
1.0623027952755906
0
LINE
8
BLACK
6
CONTINUOUS
10
-1.3706778740157479
20
1.0623027952755906
11
-1.3710495669291338
21
1.0618498425196849
0
LINE
8
BLACK
6
CONTINUOUS
10
-1.3710495669291338
20
1.0618498425196849
11
-1.3742366929133858
21
1.058662716535433
0
LINE
8
BLACK
6
CONTINUOUS
10
-1.3742366929133858
20
1.058662716535433
11
-1.3746895275590552
21
1.0582911023622048
0
LINE
8
BLACK
6
CONTINUOUS
10
-1.3746895275590552
20
1.0582911023622048
11
-1.3747917322834646
21
1.0581732283464567
0
LINE
8
BLACK
6
CONTINUOUS
10
-1.3747917322834646
20
1.0581732283464567
11
-1.3749694488188977
21
1.0580614173228347
0
LINE
8
BLACK
6
CONTINUOUS
10
-1.3749694488188977
20
1.0580614173228347
11
-1.3751316141732284
21
1.0579282677165354
0
LINE
8
BLACK
6
CONTINUOUS
10
-1.3751316141732284
20
1.0579282677165354
11
-1.3752757086614174
21
1.057868622047244
0
LINE
8
BLACK
6
CONTINUOUS
10
-1.3752757086614174
20
1.057868622047244
11
-1.3757714960629921
21
1.0575564960629922
0
LINE
8
BLACK
6
CONTINUOUS
10
-1.3757714960629921
20
1.0575564960629922
11
-1.3821456692913385
21
1.054369409448819
0
LINE
8
BLACK
6
CONTINUOUS
10
-1.3821456692913385
20
1.054369409448819
11
-1.3832268897637794
21
1.0539556299212598
0
LINE
8
BLACK
6
CONTINUOUS
10
-1.3832268897637794
20
1.0539556299212598
11
-1.3834386220472441
21
1.0539405905511812
0
LINE
8
BLACK
6
CONTINUOUS
10
-1.3834386220472441
20
1.0539405905511812
11
-1.3836345669291339
21
1.053859409448819
0
LINE
8
BLACK
6
CONTINUOUS
10
-1.3836345669291339
20
1.053859409448819
11
-1.3847866929133859
21
1.0537459448818898
0
LINE
8
BLACK
6
CONTINUOUS
10
-1.3847866929133859
20
1.0537459448818898
11
-1.391160905511811
21
1.0537459448818898
0
LINE
8
BLACK
6
CONTINUOUS
10
-1.391160905511811
20
1.0537459448818898
11
-1.392313031496063
21
1.053859409448819
0
LINE
8
BLACK
6
CONTINUOUS
10
-1.392313031496063
20
1.053859409448819
11
-1.3925090551181103
21
1.0539406299212599
0
LINE
8
BLACK
6
CONTINUOUS
10
-1.3925090551181103
20
1.0539406299212599
11
-1.3927206692913385
21
1.0539556299212598
0
LINE
8
BLACK
6
CONTINUOUS
10
-1.3927206692913385
20
1.0539556299212598
11
-1.3938019291338581
21
1.054369409448819
0
LINE
8
BLACK
6
CONTINUOUS
10
-1.3938019291338581
20
1.054369409448819
11
-1.4001761417322833
21
1.0575564960629922
0
LINE
8
BLACK
6
CONTINUOUS
10
-1.4001761417322833
20
1.0575564960629922
11
-1.4006720078740158
21
1.0578686614173227
0
LINE
8
BLACK
6
CONTINUOUS
10
-1.4006720078740158
20
1.0578686614173227
11
-1.400816062992126
21
1.0579283070866141
0
LINE
8
BLACK
6
CONTINUOUS
10
-1.400816062992126
20
1.0579283070866141
11
-1.4009783070866142
21
1.0580614566929134
0
LINE
8
BLACK
6
CONTINUOUS
10
-1.4009783070866142
20
1.0580614566929134
11
-1.4011558661417323
21
1.0581732283464567
0
LINE
8
BLACK
6
CONTINUOUS
10
-1.4011558661417323
20
1.0581732283464567
11
-1.401258031496063
21
1.0582910236220473
0
LINE
8
BLACK
6
CONTINUOUS
10
-1.401258031496063
20
1.0582910236220473
11
-1.4017109842519684
21
1.0586627559055117
0
LINE
8
BLACK
6
CONTINUOUS
10
-1.4017109842519684
20
1.0586627559055117
11
-1.4048980708661416
21
1.0618498818897637
0
LINE
8
BLACK
6
CONTINUOUS
10
-1.4048980708661416
20
1.0618498818897637
11
-1.40526968503937
21
1.0623026771653543
0
LINE
8
BLACK
6
CONTINUOUS
10
-1.40526968503937
20
1.0623026771653543
11
-1.4053875196850394
21
1.0624048818897638
0
LINE
8
BLACK
6
CONTINUOUS
10
-1.4053875196850394
20
1.0624048818897638
11
-1.4054994094488189
21
1.0625825984251969
0
LINE
8
BLACK
6
CONTINUOUS
10
-1.4054994094488189
20
1.0625825984251969
11
-1.4056324803149607
21
1.0627447637795275
0
LINE
8
BLACK
6
CONTINUOUS
10
-1.4056324803149607
20
1.0627447637795275
11
-1.4056921653543306
21
1.0628888188976378
0
LINE
8
BLACK
6
CONTINUOUS
10
-1.4056921653543306
20
1.0628888188976378
11
-1.4060042519685039
21
1.0633846062992125
0
LINE
8
BLACK
6
CONTINUOUS
10
-1.4060042519685039
20
1.0633846062992125
11
-1.4091913779527558
21
1.0697588582677164
0
LINE
8
BLACK
6
CONTINUOUS
10
-1.4091913779527558
20
1.0697588582677164
11
-1.4092236220472441
21
1.0698430708661417
0
LINE
8
BLACK
6
CONTINUOUS
10
-1.4092236220472441
20
1.0698430708661417
11
-1.4092490157480315
21
1.0698773622047244
0
LINE
8
BLACK
6
CONTINUOUS
10
-1.4092490157480315
20
1.0698773622047244
11
-1.4094216141732283
21
1.0703604724409448
0
LINE
8
BLACK
6
CONTINUOUS
10
-1.4094216141732283
20
1.0703604724409448
11
-1.409605157480315
21
1.0708400787401575
0
LINE
8
BLACK
6
CONTINUOUS
10
-1.409605157480315
20
1.0708400787401575
11
-1.4096081889763779
21
1.0708827165354331
0
LINE
8
BLACK
6
CONTINUOUS
10
-1.4096081889763779
20
1.0708827165354331
11
-1.4096385039370078
21
1.070967559055118
0
LINE
8
BLACK
6
CONTINUOUS
10
-1.4096385039370078
20
1.070967559055118
11
-1.4128255905511811
21
1.0837159842519686
0
LINE
8
BLACK
6
CONTINUOUS
10
-1.4128255905511811
20
1.0837159842519686
11
-1.4128551181102362
21
1.0839156692913385
0
LINE
8
BLACK
6
CONTINUOUS
10
-1.4128551181102362
20
1.0839156692913385
11
-1.4128884645669291
21
1.0839961417322834
0
LINE
8
BLACK
6
CONTINUOUS
10
-1.4128884645669291
20
1.0839961417322834
11
-1.4129312204724409
21
1.0844301181102363
0
LINE
8
BLACK
6
CONTINUOUS
10
-1.4129312204724409
20
1.0844301181102363
11
-1.4129949606299212
21
1.0848612204724408
0
LINE
8
BLACK
6
CONTINUOUS
10
-1.4129949606299212
20
1.0848612204724408
11
-1.4129821653543306
21
1.0849473622047243
0
LINE
8
BLACK
6
CONTINUOUS
10
-1.4129821653543306
20
1.0849473622047243
11
-1.4130019291338582
21
1.0851482677165354
0
LINE
8
BLACK
6
CONTINUOUS
10
-1.4130019291338582
20
1.0851482677165354
11
-1.4130019291338582
21
1.101083779527559
0
LINE
8
BLACK
6
CONTINUOUS
10
-1.4130019291338582
20
1.101083779527559
11
-1.4129821653543306
21
1.1012847244094488
0
LINE
8
BLACK
6
CONTINUOUS
10
-1.4129821653543306
20
1.1012847244094488
11
-1.4129949606299212
21
1.1013708267716535
0
LINE
8
BLACK
6
CONTINUOUS
10
-1.4129949606299212
20
1.1013708267716535
11
-1.4129312204724409
21
1.1018019685039371
0
LINE
8
BLACK
6
CONTINUOUS
10
-1.4129312204724409
20
1.1018019685039371
11
-1.4128884645669291
21
1.1022359055118109
0
LINE
8
BLACK
6
CONTINUOUS
10
-1.4128884645669291
20
1.1022359055118109
11
-1.4128551181102362
21
1.1023164173228346
0
LINE
8
BLACK
6
CONTINUOUS
10
-1.4128551181102362
20
1.1023164173228346
11
-1.4128255905511811
21
1.102516062992126
0
LINE
8
BLACK
6
CONTINUOUS
10
-1.4128255905511811
20
1.102516062992126
11
-1.4096385039370078
21
1.1152645275590551
0
LINE
8
BLACK
6
CONTINUOUS
10
-1.4096385039370078
20
1.1152645275590551
11
-1.4096081496062991
21
1.115349527559055
0
LINE
8
BLACK
6
CONTINUOUS
10
-1.4096081496062991
20
1.115349527559055
11
-1.4096051181102363
21
1.1153920078740158
0
LINE
8
BLACK
6
CONTINUOUS
10
-1.4096051181102363
20
1.1153920078740158
11
-1.4094218503937008
21
1.1158710236220473
0
LINE
8
BLACK
6
CONTINUOUS
10
-1.4094218503937008
20
1.1158710236220473
11
-1.4092490157480315
21
1.1163547244094487
0
LINE
8
BLACK
6
CONTINUOUS
10
-1.4092490157480315
20
1.1163547244094487
11
-1.4092236614173228
21
1.1163890157480314
0
LINE
8
BLACK
6
CONTINUOUS
10
-1.4092236614173228
20
1.1163890157480314
11
-1.4091913779527558
21
1.1164732677165354
0
LINE
8
BLACK
6
CONTINUOUS
10
-1.4091913779527558
20
1.1164732677165354
11
-1.4060042519685039
21
1.1228474409448819
0
LINE
8
BLACK
6
CONTINUOUS
10
-1.4060042519685039
20
1.1228474409448819
11
-1.4056921653543306
21
1.1233432677165354
0
LINE
8
BLACK
6
CONTINUOUS
10
-1.4056921653543306
20
1.1233432677165354
11
-1.4056324803149607
21
1.1234872834645668
0
LINE
8
BLACK
6
CONTINUOUS
10
-1.4056324803149607
20
1.1234872834645668
11
-1.4054993307086614
21
1.1236495669291338
0
LINE
8
BLACK
6
CONTINUOUS
10
-1.4054993307086614
20
1.1236495669291338
11
-1.4053874803149606
21
1.1238272047244093
0
LINE
8
BLACK
6
CONTINUOUS
10
-1.4053874803149606
20
1.1238272047244093
11
-1.40526968503937
21
1.1239294094488188
0
LINE
8
BLACK
6
CONTINUOUS
10
-1.40526968503937
20
1.1239294094488188
11
-1.4048980708661416
21
1.1243821653543307
0
LINE
8
BLACK
6
CONTINUOUS
10
-1.4048980708661416
20
1.1243821653543307
11
-1.4017109842519684
21
1.1275692913385826
0
LINE
8
BLACK
6
CONTINUOUS
10
-1.4017109842519684
20
1.1275692913385826
11
-1.401258031496063
21
1.127941062992126
0
LINE
8
BLACK
6
CONTINUOUS
10
-1.401258031496063
20
1.127941062992126
11
-1.4011558661417323
21
1.1280588188976377
0
LINE
8
BLACK
6
CONTINUOUS
10
-1.4011558661417323
20
1.1280588188976377
11
-1.4009783070866142
21
1.1281706299212597
0
LINE
8
BLACK
6
CONTINUOUS
10
-1.4009783070866142
20
1.1281706299212597
11
-1.400816062992126
21
1.1283037401574803
0
LINE
8
BLACK
6
CONTINUOUS
10
-1.400816062992126
20
1.1283037401574803
11
-1.4006720078740158
21
1.1283634251968504
0
LINE
8
BLACK
6
CONTINUOUS
10
-1.4006720078740158
20
1.1283634251968504
11
-1.4001761417322833
21
1.1286755511811024
0
LINE
8
BLACK
6
CONTINUOUS
10
-1.4001761417322833
20
1.1286755511811024
11
-1.3938019291338581
21
1.1318626377952756
0
LINE
8
BLACK
6
CONTINUOUS
10
-1.3938019291338581
20
1.1318626377952756
11
-1.3927206692913385
21
1.1322764173228346
0
LINE
8
BLACK
6
CONTINUOUS
10
-1.3927206692913385
20
1.1322764173228346
11
-1.3925090551181103
21
1.1322914566929134
0
LINE
8
BLACK
6
CONTINUOUS
10
-1.3925090551181103
20
1.1322914566929134
11
-1.392313031496063
21
1.1323726377952756
0
LINE
8
BLACK
6
CONTINUOUS
10
-1.392313031496063
20
1.1323726377952756
11
-1.391160905511811
21
1.1324861023622046
0
LINE
8
BLACK
6
CONTINUOUS
10
-1.391160905511811
20
1.1324861023622046
11
-1.3847866929133859
21
1.1324861023622046
0
LINE
8
BLACK
6
CONTINUOUS
10
-1.3847866929133859
20
1.1324861023622046
11
-1.3836345669291339
21
1.1323726377952756
0
LINE
8
BLACK
6
CONTINUOUS
10
-1.3940369291338581
20
1.1185400787401574
11
-1.3958687401574803
21
1.1167082283464567
0
LINE
8
BLACK
6
CONTINUOUS
10
-1.3958687401574803
20
1.1167082283464567
11
-1.3983373622047244
21
1.1117710236220473
0
LINE
8
BLACK
6
CONTINUOUS
10
-1.3983373622047244
20
1.1117710236220473
11
-1.401190905511811
21
1.1003568503937007
0
LINE
8
BLACK
6
CONTINUOUS
10
-1.401190905511811
20
1.1003568503937007
11
-1.401190905511811
21
1.0858751968503937
0
LINE
8
BLACK
6
CONTINUOUS
10
-1.401190905511811
20
1.0858751968503937
11
-1.3983374409448819
21
1.0744611811023621
0
LINE
8
BLACK
6
CONTINUOUS
10
-1.3983374409448819
20
1.0744611811023621
11
-1.3958687401574803
21
1.0695238582677165
0
LINE
8
BLACK
6
CONTINUOUS
10
-1.3958687401574803
20
1.0695238582677165
11
-1.3940369291338581
21
1.0676920078740157
0
LINE
8
BLACK
6
CONTINUOUS
10
-1.3940369291338581
20
1.0676920078740157
11
-1.3897668110236221
21
1.065556968503937
0
LINE
8
BLACK
6
CONTINUOUS
10
-1.3897668110236221
20
1.065556968503937
11
-1.3861807874015748
21
1.065556968503937
0
LINE
8
BLACK
6
CONTINUOUS
10
-1.3861807874015748
20
1.065556968503937
11
-1.3819107086614173
21
1.0676920078740157
0
LINE
8
BLACK
6
CONTINUOUS
10
-1.3819107086614173
20
1.0676920078740157
11
-1.3800788976377953
21
1.0695238582677165
0
LINE
8
BLACK
6
CONTINUOUS
10
-1.3800788976377953
20
1.0695238582677165
11
-1.377610275590551
21
1.0744611023622046
0
LINE
8
BLACK
6
CONTINUOUS
10
-1.377610275590551
20
1.0744611023622046
11
-1.3747566929133859
21
1.0858752755905512
0
LINE
8
BLACK
6
CONTINUOUS
10
-1.3747566929133859
20
1.0858752755905512
11
-1.3747566929133859
21
1.1003568110236219
0
LINE
8
BLACK
6
CONTINUOUS
10
-1.3747566929133859
20
1.1003568110236219
11
-1.377610275590551
21
1.1117709842519685
0
LINE
8
BLACK
6
CONTINUOUS
10
-1.377610275590551
20
1.1117709842519685
11
-1.3800788582677166
21
1.1167081889763779
0
LINE
8
BLACK
6
CONTINUOUS
10
-1.3800788582677166
20
1.1167081889763779
11
-1.3819107086614173
21
1.1185400393700786
0
LINE
8
BLACK
6
CONTINUOUS
10
-1.3819107086614173
20
1.1185400393700786
11
-1.3861807874015748
21
1.1206750787401574
0
LINE
8
BLACK
6
CONTINUOUS
10
-1.3861807874015748
20
1.1206750787401574
11
-1.3897668110236221
21
1.1206750787401574
0
LINE
8
BLACK
6
CONTINUOUS
10
-1.3897668110236221
20
1.1206750787401574
11
-1.3940369291338581
21
1.1185400787401574
0
LINE
8
BLACK
6
CONTINUOUS
10
-1.3236645669291338
20
1.1323726377952756
11
-1.3230796456692913
21
1.1323726377952756
0
LINE
8
BLACK
6
CONTINUOUS
10
-1.3230796456692913
20
1.1323726377952756
11
-1.3225450393700786
21
1.1321512204724409
0
LINE
8
BLACK
6
CONTINUOUS
10
-1.3225450393700786
20
1.1321512204724409
11
-1.3219775590551182
21
1.1320389370078741
0
LINE
8
BLACK
6
CONTINUOUS
10
-1.3219775590551182
20
1.1320389370078741
11
-1.3214910629921259
21
1.1317146062992125
0
LINE
8
BLACK
6
CONTINUOUS
10
-1.3214910629921259
20
1.1317146062992125
11
-1.3209508267716534
21
1.1314908267716535
0
LINE
8
BLACK
6
CONTINUOUS
10
-1.3209508267716534
20
1.1314908267716535
11
-1.3205417322834645
21
1.1310817322834645
0
LINE
8
BLACK
6
CONTINUOUS
10
-1.3205417322834645
20
1.1310817322834645
11
-1.3200603149606298
21
1.1307607874015748
0
LINE
8
BLACK
6
CONTINUOUS
10
-1.3200603149606298
20
1.1307607874015748
11
-1.3197349999999999
21
1.1302749999999999
0
LINE
8
BLACK
6
CONTINUOUS
10
-1.3197349999999999
20
1.1302749999999999
11
-1.3193215354330707
21
1.1298615354330708
0
LINE
8
BLACK
6
CONTINUOUS
10
-1.3193215354330707
20
1.1298615354330708
11
-1.3191001181102362
21
1.1293270078740156
0
LINE
8
BLACK
6
CONTINUOUS
10
-1.3191001181102362
20
1.1293270078740156
11
-1.3187781496062991
21
1.128846220472441
0
LINE
8
BLACK
6
CONTINUOUS
10
-1.3187781496062991
20
1.128846220472441
11
-1.3186635039370078
21
1.1282729527559054
0
LINE
8
BLACK
6
CONTINUOUS
10
-1.3186635039370078
20
1.1282729527559054
11
-1.3184397244094488
21
1.1277327165354329
0
LINE
8
BLACK
6
CONTINUOUS
10
-1.3184397244094488
20
1.1277327165354329
11
-1.3183274803149605
21
1.1265927952755905
0
LINE
8
BLACK
6
CONTINUOUS
10
-1.3183274803149605
20
1.1265927952755905
11
-1.3183262598425196
21
1.1265867716535434
0
LINE
8
BLACK
6
CONTINUOUS
10
-1.3183262598425196
20
1.1265867716535434
11
-1.3183266929133859
21
1.1265847244094489
0
LINE
8
BLACK
6
CONTINUOUS
10
-1.3183266929133859
20
1.1265847244094489
11
-1.3183262598425196
21
1.126580590551181
0
LINE
8
BLACK
6
CONTINUOUS
10
-1.3183262598425196
20
1.126580590551181
11
-1.3183262598425196
21
1.065556968503937
0
LINE
8
BLACK
6
CONTINUOUS
10
-1.3183262598425196
20
1.065556968503937
11
-1.3051091338582677
21
1.065556968503937
0
LINE
8
BLACK
6
CONTINUOUS
10
-1.3051091338582677
20
1.065556968503937
11
-1.3039570078740157
21
1.0654435039370078
0
LINE
8
BLACK
6
CONTINUOUS
10
-1.3039570078740157
20
1.0654435039370078
11
-1.3018281889763779
21
1.0645616929133859
0
LINE
8
BLACK
6
CONTINUOUS
10
-1.3018281889763779
20
1.0645616929133859
11
-1.3001988976377952
21
1.0629324015748032
0
LINE
8
BLACK
6
CONTINUOUS
10
-1.3001988976377952
20
1.0629324015748032
11
-1.2993170866141732
21
1.0608035826771653
0
LINE
8
BLACK
6
CONTINUOUS
10
-1.2993170866141732
20
1.0608035826771653
11
-1.2993170866141732
21
1.0584993307086614
0
LINE
8
BLACK
6
CONTINUOUS
10
-1.2993170866141732
20
1.0584993307086614
11
-1.3001988976377952
21
1.0563705118110236
0
LINE
8
BLACK
6
CONTINUOUS
10
-1.3001988976377952
20
1.0563705118110236
11
-1.3018281889763779
21
1.0547412204724409
0
LINE
8
BLACK
6
CONTINUOUS
10
-1.3018281889763779
20
1.0547412204724409
11
-1.3039570078740157
21
1.053859409448819
0
LINE
8
BLACK
6
CONTINUOUS
10
-1.3039570078740157
20
1.053859409448819
11
-1.3051091338582677
21
1.0537459448818898
0
LINE
8
BLACK
6
CONTINUOUS
10
-1.3051091338582677
20
1.0537459448818898
11
-1.34335437007874
21
1.0537459448818898
0
LINE
8
BLACK
6
CONTINUOUS
10
-1.34335437007874
20
1.0537459448818898
11
-1.344506496062992
21
1.053859409448819
0
LINE
8
BLACK
6
CONTINUOUS
10
-1.344506496062992
20
1.053859409448819
11
-1.3466353149606298
21
1.0547412204724409
0
LINE
8
BLACK
6
CONTINUOUS
10
-1.3466353149606298
20
1.0547412204724409
11
-1.3482646062992125
21
1.0563705118110236
0
LINE
8
BLACK
6
CONTINUOUS
10
-1.3482646062992125
20
1.0563705118110236
11
-1.3491464173228347
21
1.0584993307086614
0
LINE
8
BLACK
6
CONTINUOUS
10
-1.3491464173228347
20
1.0584993307086614
11
-1.3491464173228347
21
1.0608035826771653
0
LINE
8
BLACK
6
CONTINUOUS
10
-1.3491464173228347
20
1.0608035826771653
11
-1.3482646062992125
21
1.0629324015748032
0
LINE
8
BLACK
6
CONTINUOUS
10
-1.3482646062992125
20
1.0629324015748032
11
-1.3466353149606298
21
1.0645616929133859
0
LINE
8
BLACK
6
CONTINUOUS
10
-1.3466353149606298
20
1.0645616929133859
11
-1.344506496062992
21
1.0654435039370078
0
LINE
8
BLACK
6
CONTINUOUS
10
-1.344506496062992
20
1.0654435039370078
11
-1.34335437007874
21
1.065556968503937
0
LINE
8
BLACK
6
CONTINUOUS
10
-1.34335437007874
20
1.065556968503937
11
-1.3301372834645668
21
1.065556968503937
0
LINE
8
BLACK
6
CONTINUOUS
10
-1.3301372834645668
20
1.065556968503937
11
-1.3301372834645668
21
1.1091362992125984
0
LINE
8
BLACK
6
CONTINUOUS
10
-1.3301372834645668
20
1.1091362992125984
11
-1.3328043307086614
21
1.106469251968504
0
LINE
8
BLACK
6
CONTINUOUS
10
-1.3328043307086614
20
1.106469251968504
11
-1.3332572834645668
21
1.1060975590551181
0
LINE
8
BLACK
6
CONTINUOUS
10
-1.3332572834645668
20
1.1060975590551181
11
-1.3333594094488188
21
1.1059797637795274
0
LINE
8
BLACK
6
CONTINUOUS
10
-1.3333594094488188
20
1.1059797637795274
11
-1.3335369685039369
21
1.1058680314960629
0
LINE
8
BLACK
6
CONTINUOUS
10
-1.3335369685039369
20
1.1058680314960629
11
-1.3336992519685038
21
1.1057348031496064
0
LINE
8
BLACK
6
CONTINUOUS
10
-1.3336992519685038
20
1.1057348031496064
11
-1.3338434251968503
21
1.1056751181102362
0
LINE
8
BLACK
6
CONTINUOUS
10
-1.3338434251968503
20
1.1056751181102362
11
-1.3343391338582677
21
1.105363031496063
0
LINE
8
BLACK
6
CONTINUOUS
10
-1.3343391338582677
20
1.105363031496063
11
-1.3407133464566929
21
1.1021759448818897
0
LINE
8
BLACK
6
CONTINUOUS
10
-1.3407133464566929
20
1.1021759448818897
11
-1.3417946062992125
21
1.1017621653543306
0
LINE
8
BLACK
6
CONTINUOUS
10
-1.3417946062992125
20
1.1017621653543306
11
-1.3440930314960629
21
1.1015988582677165
0
LINE
8
BLACK
6
CONTINUOUS
10
-1.3440930314960629
20
1.1015988582677165
11
-1.346278937007874
21
1.1023275196850393
0
LINE
8
BLACK
6
CONTINUOUS
10
-1.346278937007874
20
1.1023275196850393
11
-1.34801968503937
21
1.1038372440944881
0
LINE
8
BLACK
6
CONTINUOUS
10
-1.34801968503937
20
1.1038372440944881
11
-1.3490501968503936
21
1.1058982283464567
0
LINE
8
BLACK
6
CONTINUOUS
10
-1.3490501968503936
20
1.1058982283464567
11
-1.3492135039370079
21
1.108196653543307
0
LINE
8
BLACK
6
CONTINUOUS
10
-1.3492135039370079
20
1.108196653543307
11
-1.3484848425196849
21
1.1103825590551182
0
LINE
8
BLACK
6
CONTINUOUS
10
-1.3484848425196849
20
1.1103825590551182
11
-1.3469751181102363
21
1.1121233070866141
0
LINE
8
BLACK
6
CONTINUOUS
10
-1.3469751181102363
20
1.1121233070866141
11
-1.3459953937007874
21
1.1127400393700788
0
LINE
8
BLACK
6
CONTINUOUS
10
-1.3459953937007874
20
1.1127400393700788
11
-1.3404783464566929
21
1.1154985826771653
0
LINE
8
BLACK
6
CONTINUOUS
10
-1.3404783464566929
20
1.1154985826771653
11
-1.3351953149606299
21
1.1207815748031495
0
LINE
8
BLACK
6
CONTINUOUS
10
-1.3351953149606299
20
1.1207815748031495
11
-1.3291454724409448
21
1.1298563385826772
0
LINE
8
BLACK
6
CONTINUOUS
10
-1.3291454724409448
20
1.1298563385826772
11
-1.3291428346456693
21
1.1298596062992126
0
LINE
8
BLACK
6
CONTINUOUS
10
-1.3291428346456693
20
1.1298596062992126
11
-1.3291420078740157
21
1.1298615354330708
0
LINE
8
BLACK
6
CONTINUOUS
10
-1.3291420078740157
20
1.1298615354330708
11
-1.3291376771653542
21
1.129865905511811
0
LINE
8
BLACK
6
CONTINUOUS
10
-1.3291376771653542
20
1.129865905511811
11
-1.3284119685039371
21
1.1307520472440944
0
LINE
8
BLACK
6
CONTINUOUS
10
-1.3284119685039371
20
1.1307520472440944
11
-1.3279261811023622
21
1.1310774015748031
0
LINE
8
BLACK
6
CONTINUOUS
10
-1.3279261811023622
20
1.1310774015748031
11
-1.327512716535433
21
1.1314908267716535
0
LINE
8
BLACK
6
CONTINUOUS
10
-1.327512716535433
20
1.1314908267716535
11
-1.3269780708661416
21
1.1317123228346457
0
LINE
8
BLACK
6
CONTINUOUS
10
-1.3269780708661416
20
1.1317123228346457
11
-1.3264974015748032
21
1.1320341732283465
0
LINE
8
BLACK
6
CONTINUOUS
10
-1.3264974015748032
20
1.1320341732283465
11
-1.3259242913385827
21
1.1321488188976379
0
LINE
8
BLACK
6
CONTINUOUS
10
-1.3259242913385827
20
1.1321488188976379
11
-1.3253838976377952
21
1.1323726377952756
0
LINE
8
BLACK
6
CONTINUOUS
10
-1.3253838976377952
20
1.1323726377952756
11
-1.3248051181102363
21
1.1323726377952756
0
LINE
8
BLACK
6
CONTINUOUS
10
-1.3248051181102363
20
1.1323726377952756
11
-1.3242379921259841
21
1.1324860629921261
0
LINE
8
BLACK
6
CONTINUOUS
10
-1.3242379921259841
20
1.1324860629921261
11
-1.3236645669291338
21
1.1323726377952756
0
LINE
8
BLACK
6
CONTINUOUS
10
-1.2529633858267717
20
1.1323726377952756
11
-1.2527674015748032
21
1.1322914566929134
0
LINE
8
BLACK
6
CONTINUOUS
10
-1.2527674015748032
20
1.1322914566929134
11
-1.2525557480314959
21
1.1322764173228346
0
LINE
8
BLACK
6
CONTINUOUS
10
-1.2525557480314959
20
1.1322764173228346
11
-1.2514744881889763
21
1.1318626377952756
0
LINE
8
BLACK
6
CONTINUOUS
10
-1.2514744881889763
20
1.1318626377952756
11
-1.2451002755905511
21
1.1286755511811024
0
LINE
8
BLACK
6
CONTINUOUS
10
-1.2451002755905511
20
1.1286755511811024
11
-1.2446044488188976
21
1.1283634251968504
0
LINE
8
BLACK
6
CONTINUOUS
10
-1.2446044488188976
20
1.1283634251968504
11
-1.2444603543307087
21
1.1283037401574803
0
LINE
8
BLACK
6
CONTINUOUS
10
-1.2444603543307087
20
1.1283037401574803
11
-1.2442981496062993
21
1.1281706299212597
0
LINE
8
BLACK
6
CONTINUOUS
10
-1.2442981496062993
20
1.1281706299212597
11
-1.2441205511811024
21
1.1280588188976377
0
LINE
8
BLACK
6
CONTINUOUS
10
-1.2441205511811024
20
1.1280588188976377
11
-1.2440184251968505
21
1.127941062992126
0
LINE
8
BLACK
6
CONTINUOUS
10
-1.2440184251968505
20
1.127941062992126
11
-1.2435654330708661
21
1.1275692913385826
0
LINE
8
BLACK
6
CONTINUOUS
10
-1.2435654330708661
20
1.1275692913385826
11
-1.2403783464566929
21
1.1243821653543307
0
LINE
8
BLACK
6
CONTINUOUS
10
-1.2403783464566929
20
1.1243821653543307
11
-1.2400067716535432
21
1.1239294094488188
0
LINE
8
BLACK
6
CONTINUOUS
10
-1.2400067716535432
20
1.1239294094488188
11
-1.2398888976377953
21
1.1238271653543306
0
LINE
8
BLACK
6
CONTINUOUS
10
-1.2398888976377953
20
1.1238271653543306
11
-1.2397770472440945
21
1.1236494881889763
0
LINE
8
BLACK
6
CONTINUOUS
10
-1.2397770472440945
20
1.1236494881889763
11
-1.239643937007874
21
1.1234872834645668
0
LINE
8
BLACK
6
CONTINUOUS
10
-1.239643937007874
20
1.1234872834645668
11
-1.2395842913385826
21
1.1233432677165354
0
LINE
8
BLACK
6
CONTINUOUS
10
-1.2395842913385826
20
1.1233432677165354
11
-1.2392721653543306
21
1.1228474409448819
0
LINE
8
BLACK
6
CONTINUOUS
10
-1.2392721653543306
20
1.1228474409448819
11
-1.2360850393700786
21
1.1164732283464567
0
LINE
8
BLACK
6
CONTINUOUS
10
-1.2360850393700786
20
1.1164732283464567
11
-1.2356712598425197
21
1.1153920078740158
0
LINE
8
BLACK
6
CONTINUOUS
10
-1.2356712598425197
20
1.1153920078740158
11
-1.2356562204724408
21
1.1151803149606299
0
LINE
8
BLACK
6
CONTINUOUS
10
-1.2356562204724408
20
1.1151803149606299
11
-1.2355750393700786
21
1.1149843307086613
0
LINE
8
BLACK
6
CONTINUOUS
10
-1.2355750393700786
20
1.1149843307086613
11
-1.2354615748031497
21
1.1138322047244094
0
LINE
8
BLACK
6
CONTINUOUS
10
-1.2354615748031497
20
1.1138322047244094
11
-1.2354615748031497
21
1.1074579921259842
0
LINE
8
BLACK
6
CONTINUOUS
10
-1.2354615748031497
20
1.1074579921259842
11
-1.2355750393700786
21
1.1063058661417322
0
LINE
8
BLACK
6
CONTINUOUS
10
-1.2355750393700786
20
1.1063058661417322
11
-1.2356562204724408
21
1.1061099212598424
0
LINE
8
BLACK
6
CONTINUOUS
10
-1.2356562204724408
20
1.1061099212598424
11
-1.2356712598425197
21
1.1058981889763779
0
LINE
8
BLACK
6
CONTINUOUS
10
-1.2356712598425197
20
1.1058981889763779
11
-1.2360850393700786
21
1.1048169685039371
0
LINE
8
BLACK
6
CONTINUOUS
10
-1.2360850393700786
20
1.1048169685039371
11
-1.2392721653543306
21
1.0984427559055119
0
LINE
8
BLACK
6
CONTINUOUS
10
-1.2392721653543306
20
1.0984427559055119
11
-1.2395842519685039
21
1.0979470472440944
0
LINE
8
BLACK
6
CONTINUOUS
10
-1.2395842519685039
20
1.0979470472440944
11
-1.239643937007874
21
1.0978028346456692
0
LINE
8
BLACK
6
CONTINUOUS
10
-1.239643937007874
20
1.0978028346456692
11
-1.2397771653543306
21
1.0976405511811023
0
LINE
8
BLACK
6
CONTINUOUS
10
-1.2397771653543306
20
1.0976405511811023
11
-1.2398888976377953
21
1.0974629921259842
0
LINE
8
BLACK
6
CONTINUOUS
10
-1.2398888976377953
20
1.0974629921259842
11
-1.2400067322834645
21
1.0973608267716535
0
LINE
8
BLACK
6
CONTINUOUS
10
-1.2400067322834645
20
1.0973608267716535
11
-1.2403783858267716
21
1.0969079527559056
0
LINE
8
BLACK
6
CONTINUOUS
10
-1.2403783858267716
20
1.0969079527559056
11
-1.2410427952755905
21
1.0962435826771653
0
LINE
8
BLACK
6
CONTINUOUS
10
-1.2410427952755905
20
1.0962435826771653
11
-1.2403784251968504
21
1.095698346456693
0
LINE
8
BLACK
6
CONTINUOUS
10
-1.2403784251968504
20
1.095698346456693
11
-1.2371912992125984
21
1.0925112598425197
0
LINE
8
BLACK
6
CONTINUOUS
10
-1.2371912992125984
20
1.0925112598425197
11
-1.2368195669291338
21
1.0920583070866141
0
LINE
8
BLACK
6
CONTINUOUS
10
-1.2368195669291338
20
1.0920583070866141
11
-1.2367017716535433
21
1.0919561417322834
0
LINE
8
BLACK
6
CONTINUOUS
10
-1.2367017716535433
20
1.0919561417322834
11
-1.2365900000000001
21
1.0917785826771653
0
LINE
8
BLACK
6
CONTINUOUS
10
-1.2365900000000001
20
1.0917785826771653
11
-1.2364568503937008
21
1.0916163385826771
0
LINE
8
BLACK
6
CONTINUOUS
10
-1.2364568503937008
20
1.0916163385826771
11
-1.2363972047244094
21
1.0914722834645669
0
LINE
8
BLACK
6
CONTINUOUS
10
-1.2363972047244094
20
1.0914722834645669
11
-1.2360850393700786
21
1.0909764173228347
0
LINE
8
BLACK
6
CONTINUOUS
10
-1.2360850393700786
20
1.0909764173228347
11
-1.2328979527559054
21
1.0846022047244095
0
LINE
8
BLACK
6
CONTINUOUS
10
-1.2328979527559054
20
1.0846022047244095
11
-1.2324841732283465
21
1.0835209448818897
0
LINE
8
BLACK
6
CONTINUOUS
10
-1.2324841732283465
20
1.0835209448818897
11
-1.2324691732283464
21
1.0833093307086614
0
LINE
8
BLACK
6
CONTINUOUS
10
-1.2324691732283464
20
1.0833093307086614
11
-1.2323879527559054
21
1.0831133070866141
0
LINE
8
BLACK
6
CONTINUOUS
10
-1.2323879527559054
20
1.0831133070866141
11
-1.2322744881889764
21
1.0819611811023622
0
LINE
8
BLACK
6
CONTINUOUS
10
-1.2322744881889764
20
1.0819611811023622
11
-1.2322744881889764
21
1.0723998818897638
0
LINE
8
BLACK
6
CONTINUOUS
10
-1.2322744881889764
20
1.0723998818897638
11
-1.2323879527559054
21
1.0712477559055118
0
LINE
8
BLACK
6
CONTINUOUS
10
-1.2323879527559054
20
1.0712477559055118
11
-1.2324691732283464
21
1.0710517716535433
0
LINE
8
BLACK
6
CONTINUOUS
10
-1.2324691732283464
20
1.0710517716535433
11
-1.2324841732283465
21
1.0708401181102363
0
LINE
8
BLACK
6
CONTINUOUS
10
-1.2324841732283465
20
1.0708401181102363
11
-1.2328979527559054
21
1.0697588582677164
0
LINE
8
BLACK
6
CONTINUOUS
10
-1.2328979527559054
20
1.0697588582677164
11
-1.2360850393700786
21
1.0633846456692913
0
LINE
8
BLACK
6
CONTINUOUS
10
-1.2360850393700786
20
1.0633846456692913
11
-1.2363971259842519
21
1.062888937007874
0
LINE
8
BLACK
6
CONTINUOUS
10
-1.2363971259842519
20
1.062888937007874
11
-1.236456811023622
21
1.0627447637795275
0
LINE
8
BLACK
6
CONTINUOUS
10
-1.236456811023622
20
1.0627447637795275
11
-1.2365900393700786
21
1.0625824803149606
0
LINE
8
BLACK
6
CONTINUOUS
10
-1.2365900393700786
20
1.0625824803149606
11
-1.2367017716535433
21
1.0624049212598425
0
LINE
8
BLACK
6
CONTINUOUS
10
-1.2367017716535433
20
1.0624049212598425
11
-1.2368195669291338
21
1.0623027952755906
0
LINE
8
BLACK
6
CONTINUOUS
10
-1.2368195669291338
20
1.0623027952755906
11
-1.2371912598425197
21
1.0618498425196849
0
LINE
8
BLACK
6
CONTINUOUS
10
-1.2371912598425197
20
1.0618498425196849
11
-1.2403783858267716
21
1.058662716535433
0
LINE
8
BLACK
6
CONTINUOUS
10
-1.2403783858267716
20
1.058662716535433
11
-1.2408313385826772
21
1.0582910236220473
0
LINE
8
BLACK
6
CONTINUOUS
10
-1.2408313385826772
20
1.0582910236220473
11
-1.2409334645669292
21
1.0581732283464567
0
LINE
8
BLACK
6
CONTINUOUS
10
-1.2409334645669292
20
1.0581732283464567
11
-1.2411110236220473
21
1.0580614960629922
0
LINE
8
BLACK
6
CONTINUOUS
10
-1.2411110236220473
20
1.0580614960629922
11
-1.2412733070866142
21
1.0579282677165354
0
LINE
8
BLACK
6
CONTINUOUS
10
-1.2412733070866142
20
1.0579282677165354
11
-1.2414174803149607
21
1.0578685826771654
0
LINE
8
BLACK
6
CONTINUOUS
10
-1.2414174803149607
20
1.0578685826771654
11
-1.2419131889763779
21
1.0575564960629922
0
LINE
8
BLACK
6
CONTINUOUS
10
-1.2419131889763779
20
1.0575564960629922
11
-1.2482874015748031
21
1.054369409448819
0
LINE
8
BLACK
6
CONTINUOUS
10
-1.2482874015748031
20
1.054369409448819
11
-1.2493686614173227
21
1.0539556299212598
0
LINE
8
BLACK
6
CONTINUOUS
10
-1.2493686614173227
20
1.0539556299212598
11
-1.2495803149606299
21
1.0539406299212599
0
LINE
8
BLACK
6
CONTINUOUS
10
-1.2495803149606299
20
1.0539406299212599
11
-1.2497762992125985
21
1.053859409448819
0
LINE
8
BLACK
6
CONTINUOUS
10
-1.2497762992125985
20
1.053859409448819
11
-1.2509284251968504
21
1.0537459448818898
0
LINE
8
BLACK
6
CONTINUOUS
10
-1.2509284251968504
20
1.0537459448818898
11
-1.2764252362204724
21
1.0537459448818898
0
LINE
8
BLACK
6
CONTINUOUS
10
-1.2764252362204724
20
1.0537459448818898
11
-1.2775773622047244
21
1.053859409448819
0
LINE
8
BLACK
6
CONTINUOUS
10
-1.2775773622047244
20
1.053859409448819
11
-1.2797061811023622
21
1.0547412204724409
0
LINE
8
BLACK
6
CONTINUOUS
10
-1.2797061811023622
20
1.0547412204724409
11
-1.2813354724409449
21
1.0563705118110236
0
LINE
8
BLACK
6
CONTINUOUS
10
-1.2813354724409449
20
1.0563705118110236
11
-1.2822172834645669
21
1.0584993307086614
0
LINE
8
BLACK
6
CONTINUOUS
10
-1.2822172834645669
20
1.0584993307086614
11
-1.282330748031496
21
1.0596514566929134
0
LINE
8
BLACK
6
CONTINUOUS
10
-1.282330748031496
20
1.0596514566929134
11
-1.282330748031496
21
1.126580590551181
0
LINE
8
BLACK
6
CONTINUOUS
10
-1.282330748031496
20
1.126580590551181
11
-1.2822172834645669
21
1.1277327165354329
0
LINE
8
BLACK
6
CONTINUOUS
10
-1.2822172834645669
20
1.1277327165354329
11
-1.2813354724409449
21
1.1298615354330708
0
LINE
8
BLACK
6
CONTINUOUS
10
-1.2813354724409449
20
1.1298615354330708
11
-1.2797061811023622
21
1.1314908267716535
0
LINE
8
BLACK
6
CONTINUOUS
10
-1.2797061811023622
20
1.1314908267716535
11
-1.2775773622047244
21
1.1323726377952756
0
LINE
8
BLACK
6
CONTINUOUS
10
-1.2775773622047244
20
1.1323726377952756
11
-1.2764252362204724
21
1.1324861023622046
0
LINE
8
BLACK
6
CONTINUOUS
10
-1.2764252362204724
20
1.1324861023622046
11
-1.2541155118110237
21
1.1324861023622046
0
LINE
8
BLACK
6
CONTINUOUS
10
-1.2541155118110237
20
1.1324861023622046
11
-1.2529633858267717
21
1.1323726377952756
0
LINE
8
BLACK
6
CONTINUOUS
10
-1.2705197244094488
20
1.065556968503937
11
-1.2523225196850394
21
1.065556968503937
0
LINE
8
BLACK
6
CONTINUOUS
10
-1.2523225196850394
20
1.065556968503937
11
-1.2480524015748031
21
1.0676920472440945
0
LINE
8
BLACK
6
CONTINUOUS
10
-1.2480524015748031
20
1.0676920472440945
11
-1.2462205905511812
21
1.0695238582677165
0
LINE
8
BLACK
6
CONTINUOUS
10
-1.2462205905511812
20
1.0695238582677165
11
-1.2440855118110237
21
1.0737939763779527
0
LINE
8
BLACK
6
CONTINUOUS
10
-1.2440855118110237
20
1.0737939763779527
11
-1.2440855118110237
21
1.080567125984252
0
LINE
8
BLACK
6
CONTINUOUS
10
-1.2440855118110237
20
1.080567125984252
11
-1.2462205511811024
21
1.0848372047244095
0
LINE
8
BLACK
6
CONTINUOUS
10
-1.2462205511811024
20
1.0848372047244095
11
-1.2477442125984253
21
1.0863608661417323
0
LINE
8
BLACK
6
CONTINUOUS
10
-1.2477442125984253
20
1.0863608661417323
11
-1.2550738976377953
21
1.0888040551181102
0
LINE
8
BLACK
6
CONTINUOUS
10
-1.2550738976377953
20
1.0888040551181102
11
-1.2705197244094488
21
1.0888040551181102
0
LINE
8
BLACK
6
CONTINUOUS
10
-1.2705197244094488
20
1.0888040551181102
11
-1.2705197244094488
21
1.065556968503937
0
LINE
8
BLACK
6
CONTINUOUS
10
-1.2705197244094488
20
1.1006150787401574
11
-1.2555096062992126
21
1.1006150787401574
0
LINE
8
BLACK
6
CONTINUOUS
10
-1.2555096062992126
20
1.1006150787401574
11
-1.2512395275590551
21
1.1027501574803149
0
LINE
8
BLACK
6
CONTINUOUS
10
-1.2512395275590551
20
1.1027501574803149
11
-1.2494076771653544
21
1.1045819685039371
0
LINE
8
BLACK
6
CONTINUOUS
10
-1.2494076771653544
20
1.1045819685039371
11
-1.2472725984251969
21
1.1088521259842519
0
LINE
8
BLACK
6
CONTINUOUS
10
-1.2472725984251969
20
1.1088521259842519
11
-1.2472725984251969
21
1.1124380708661417
0
LINE
8
BLACK
6
CONTINUOUS
10
-1.2472725984251969
20
1.1124380708661417
11
-1.2494077165354331
21
1.1167082677165354
0
LINE
8
BLACK
6
CONTINUOUS
10
-1.2494077165354331
20
1.1167082677165354
11
-1.2512395275590551
21
1.1185400787401574
0
LINE
8
BLACK
6
CONTINUOUS
10
-1.2512395275590551
20
1.1185400787401574
11
-1.2555096062992126
21
1.1206750787401574
0
LINE
8
BLACK
6
CONTINUOUS
10
-1.2555096062992126
20
1.1206750787401574
11
-1.2705197244094488
21
1.1206750787401574
0
LINE
8
BLACK
6
CONTINUOUS
10
-1.2705197244094488
20
1.1206750787401574
11
-1.2705197244094488
21
1.1006150787401574
0
LINE
8
BLACK
6
CONTINUOUS
10
-1.9353796062992126
20
1.1323726377952756
11
-1.9350031496062992
21
1.1323726377952756
0
LINE
8
BLACK
6
CONTINUOUS
10
-1.9350031496062992
20
1.1323726377952756
11
-1.9342774803149605
21
1.1320720472440944
0
LINE
8
BLACK
6
CONTINUOUS
10
-1.9342774803149605
20
1.1320720472440944
11
-1.9335198031496064
21
1.1318653937007874
0
LINE
8
BLACK
6
CONTINUOUS
10
-1.9335198031496064
20
1.1318653937007874
11
-1.9332222047244094
21
1.1316349212598424
0
LINE
8
BLACK
6
CONTINUOUS
10
-1.9332222047244094
20
1.1316349212598424
11
-1.9328743307086613
21
1.1314908267716535
0
LINE
8
BLACK
6
CONTINUOUS
10
-1.9328743307086613
20
1.1314908267716535
11
-1.9323189370078739
21
1.1309354330708661
0
LINE
8
BLACK
6
CONTINUOUS
10
-1.9323189370078739
20
1.1309354330708661
11
-1.9316979921259843
21
1.1304545669291339
0
LINE
8
BLACK
6
CONTINUOUS
10
-1.9316979921259843
20
1.1304545669291339
11
-1.9313552755905512
21
1.1299717716535433
0
LINE
8
BLACK
6
CONTINUOUS
10
-1.9313552755905512
20
1.1299717716535433
11
-1.9312450393700786
21
1.1298615354330708
0
LINE
8
BLACK
6
CONTINUOUS
10
-1.9312450393700786
20
1.1298615354330708
11
-1.9312002362204723
21
1.1297533858267717
0
LINE
8
BLACK
6
CONTINUOUS
10
-1.9312002362204723
20
1.1297533858267717
11
-1.931027874015748
21
1.1295105511811023
0
LINE
8
BLACK
6
CONTINUOUS
10
-1.931027874015748
20
1.1295105511811023
11
-1.9038155511811024
21
1.0818890157480314
0
LINE
8
BLACK
6
CONTINUOUS
10
-1.9038155511811024
20
1.0818890157480314
11
-1.9038155511811024
21
1.126580590551181
0
LINE
8
BLACK
6
CONTINUOUS
10
-1.9038155511811024
20
1.126580590551181
11
-1.9037020866141732
21
1.1277327165354329
0
LINE
8
BLACK
6
CONTINUOUS
10
-1.9037020866141732
20
1.1277327165354329
11
-1.9028202755905512
21
1.1298615354330708
0
LINE
8
BLACK
6
CONTINUOUS
10
-1.9028202755905512
20
1.1298615354330708
11
-1.9011909842519685
21
1.1314908267716535
0
LINE
8
BLACK
6
CONTINUOUS
10
-1.9011909842519685
20
1.1314908267716535
11
-1.8990621653543307
21
1.1323726377952756
0
LINE
8
BLACK
6
CONTINUOUS
10
-1.8990621653543307
20
1.1323726377952756
11
-1.8967579133858268
21
1.1323726377952756
0
LINE
8
BLACK
6
CONTINUOUS
10
-1.8967579133858268
20
1.1323726377952756
11
-1.8946290944881889
21
1.1314908267716535
0
LINE
8
BLACK
6
CONTINUOUS
10
-1.8946290944881889
20
1.1314908267716535
11
-1.8929998031496063
21
1.1298615354330708
0
LINE
8
BLACK
6
CONTINUOUS
10
-1.8929998031496063
20
1.1298615354330708
11
-1.8921179921259843
21
1.1277327165354329
0
LINE
8
BLACK
6
CONTINUOUS
10
-1.8921179921259843
20
1.1277327165354329
11
-1.8920045275590551
21
1.126580590551181
0
LINE
8
BLACK
6
CONTINUOUS
10
-1.8920045275590551
20
1.126580590551181
11
-1.8920045275590551
21
1.0596514566929134
0
LINE
8
BLACK
6
CONTINUOUS
10
-1.8920045275590551
20
1.0596514566929134
11
-1.8920337401574803
21
1.059355
0
LINE
8
BLACK
6
CONTINUOUS
10
-1.8920337401574803
20
1.059355
11
-1.8920189763779527
21
1.0592389763779528
0
LINE
8
BLACK
6
CONTINUOUS
10
-1.8920189763779527
20
1.0592389763779528
11
-1.8920599606299213
21
1.059088779527559
0
LINE
8
BLACK
6
CONTINUOUS
10
-1.8920599606299213
20
1.059088779527559
11
-1.8921179921259843
21
1.0584993307086614
0
LINE
8
BLACK
6
CONTINUOUS
10
-1.8921179921259843
20
1.0584993307086614
11
-1.8924186614173228
21
1.0577735433070865
0
LINE
8
BLACK
6
CONTINUOUS
10
-1.8924186614173228
20
1.0577735433070865
11
-1.8926252362204723
21
1.0570159842519684
0
LINE
8
BLACK
6
CONTINUOUS
10
-1.8926252362204723
20
1.0570159842519684
11
-1.892855748031496
21
1.0567183858267717
0
LINE
8
BLACK
6
CONTINUOUS
10
-1.892855748031496
20
1.0567183858267717
11
-1.8929998031496063
21
1.0563705118110236
0
LINE
8
BLACK
6
CONTINUOUS
10
-1.8929998031496063
20
1.0563705118110236
11
-1.8935552362204724
21
1.0558151181102362
0
LINE
8
BLACK
6
CONTINUOUS
10
-1.8935552362204724
20
1.0558151181102362
11
-1.894036062992126
21
1.0551941732283465
0
LINE
8
BLACK
6
CONTINUOUS
10
-1.894036062992126
20
1.0551941732283465
11
-1.8943629527559054
21
1.0550074015748032
0
LINE
8
BLACK
6
CONTINUOUS
10
-1.8943629527559054
20
1.0550074015748032
11
-1.8946290944881889
21
1.0547412204724409
0
LINE
8
BLACK
6
CONTINUOUS
10
-1.8946290944881889
20
1.0547412204724409
11
-1.8953547244094489
21
1.0544406692913386
0
LINE
8
BLACK
6
CONTINUOUS
10
-1.8953547244094489
20
1.0544406692913386
11
-1.8960366929133858
21
1.0540509448818898
0
LINE
8
BLACK
6
CONTINUOUS
10
-1.8960366929133858
20
1.0540509448818898
11
-1.8964101181102362
21
1.0540035039370079
0
LINE
8
BLACK
6
CONTINUOUS
10
-1.8964101181102362
20
1.0540035039370079
11
-1.8967579133858268
21
1.053859409448819
0
LINE
8
BLACK
6
CONTINUOUS
10
-1.8967579133858268
20
1.053859409448819
11
-1.8975435433070866
21
1.053859409448819
0
LINE
8
BLACK
6
CONTINUOUS
10
-1.8975435433070866
20
1.053859409448819
11
-1.8983225196850393
21
1.0537603937007873
0
LINE
8
BLACK
6
CONTINUOUS
10
-1.8983225196850393
20
1.0537603937007873
11
-1.898685590551181
21
1.053859409448819
0
LINE
8
BLACK
6
CONTINUOUS
10
-1.898685590551181
20
1.053859409448819
11
-1.8990621653543307
21
1.053859409448819
0
LINE
8
BLACK
6
CONTINUOUS
10
-1.8990621653543307
20
1.053859409448819
11
-1.8997879921259841
21
1.0541600787401575
0
LINE
8
BLACK
6
CONTINUOUS
10
-1.8997879921259841
20
1.0541600787401575
11
-1.9005455118110235
21
1.0543666535433072
0
LINE
8
BLACK
6
CONTINUOUS
10
-1.9005455118110235
20
1.0543666535433072
11
-1.9008431496062992
21
1.0545971653543307
0
LINE
8
BLACK
6
CONTINUOUS
10
-1.9008431496062992
20
1.0545971653543307
11
-1.9011909842519685
21
1.0547412204724409
0
LINE
8
BLACK
6
CONTINUOUS
10
-1.9011909842519685
20
1.0547412204724409
11
-1.9017464173228347
21
1.055296653543307
0
LINE
8
BLACK
6
CONTINUOUS
10
-1.9017464173228347
20
1.055296653543307
11
-1.9023673228346456
21
1.0557774803149607
0
LINE
8
BLACK
6
CONTINUOUS
10
-1.9023673228346456
20
1.0557774803149607
11
-1.9027101181102362
21
1.0562603543307085
0
LINE
8
BLACK
6
CONTINUOUS
10
-1.9027101181102362
20
1.0562603543307085
11
-1.9028202755905512
21
1.0563705118110236
0
LINE
8
BLACK
6
CONTINUOUS
10
-1.9028202755905512
20
1.0563705118110236
11
-1.9028650787401575
21
1.056478622047244
0
LINE
8
BLACK
6
CONTINUOUS
10
-1.9028650787401575
20
1.056478622047244
11
-1.9030374803149606
21
1.056721496062992
0
LINE
8
BLACK
6
CONTINUOUS
10
-1.9030374803149606
20
1.056721496062992
11
-1.9302497637795275
21
1.1043430314960629
0
LINE
8
BLACK
6
CONTINUOUS
10
-1.9302497637795275
20
1.1043430314960629
11
-1.9302497637795275
21
1.0596514566929134
0
LINE
8
BLACK
6
CONTINUOUS
10
-1.9302497637795275
20
1.0596514566929134
11
-1.9303632283464567
21
1.0584993307086614
0
LINE
8
BLACK
6
CONTINUOUS
10
-1.9303632283464567
20
1.0584993307086614
11
-1.9312450393700786
21
1.0563705118110236
0
LINE
8
BLACK
6
CONTINUOUS
10
-1.9312450393700786
20
1.0563705118110236
11
-1.9328743307086613
21
1.0547412204724409
0
LINE
8
BLACK
6
CONTINUOUS
10
-1.9328743307086613
20
1.0547412204724409
11
-1.9350031496062992
21
1.053859409448819
0
LINE
8
BLACK
6
CONTINUOUS
10
-1.9350031496062992
20
1.053859409448819
11
-1.9373074015748031
21
1.053859409448819
0
LINE
8
BLACK
6
CONTINUOUS
10
-1.9373074015748031
20
1.053859409448819
11
-1.9394362204724409
21
1.0547412204724409
0
LINE
8
BLACK
6
CONTINUOUS
10
-1.9394362204724409
20
1.0547412204724409
11
-1.9410655118110236
21
1.0563705118110236
0
LINE
8
BLACK
6
CONTINUOUS
10
-1.9410655118110236
20
1.0563705118110236
11
-1.9419473228346456
21
1.0584993307086614
0
LINE
8
BLACK
6
CONTINUOUS
10
-1.9419473228346456
20
1.0584993307086614
11
-1.9420607874015747
21
1.0596514566929134
0
LINE
8
BLACK
6
CONTINUOUS
10
-1.9420607874015747
20
1.0596514566929134
11
-1.9420607874015747
21
1.126580590551181
0
LINE
8
BLACK
6
CONTINUOUS
10
-1.9420607874015747
20
1.126580590551181
11
-1.9420316141732283
21
1.1268768897637795
0
LINE
8
BLACK
6
CONTINUOUS
10
-1.9420316141732283
20
1.1268768897637795
11
-1.9420463779527559
21
1.1269930708661418
0
LINE
8
BLACK
6
CONTINUOUS
10
-1.9420463779527559
20
1.1269930708661418
11
-1.9420053543307085
21
1.1271435039370079
0
LINE
8
BLACK
6
CONTINUOUS
10
-1.9420053543307085
20
1.1271435039370079
11
-1.9419473228346456
21
1.1277327165354329
0
LINE
8
BLACK
6
CONTINUOUS
10
-1.9419473228346456
20
1.1277327165354329
11
-1.9416467322834645
21
1.1284584251968504
0
LINE
8
BLACK
6
CONTINUOUS
10
-1.9416467322834645
20
1.1284584251968504
11
-1.9414400787401573
21
1.129216062992126
0
LINE
8
BLACK
6
CONTINUOUS
10
-1.9414400787401573
20
1.129216062992126
11
-1.9412096062992126
21
1.1295137007874017
0
LINE
8
BLACK
6
CONTINUOUS
10
-1.9412096062992126
20
1.1295137007874017
11
-1.9410655118110236
21
1.1298615354330708
0
LINE
8
BLACK
6
CONTINUOUS
10
-1.9410655118110236
20
1.1298615354330708
11
-1.9405101181102362
21
1.1304169685039369
0
LINE
8
BLACK
6
CONTINUOUS
10
-1.9405101181102362
20
1.1304169685039369
11
-1.9400292519685038
21
1.1310378740157481
0
LINE
8
BLACK
6
CONTINUOUS
10
-1.9400292519685038
20
1.1310378740157481
11
-1.939702401574803
21
1.1312246850393701
0
LINE
8
BLACK
6
CONTINUOUS
10
-1.939702401574803
20
1.1312246850393701
11
-1.9394362204724409
21
1.1314908267716535
0
LINE
8
BLACK
6
CONTINUOUS
10
-1.9394362204724409
20
1.1314908267716535
11
-1.9387106299212598
21
1.1317914173228347
0
LINE
8
BLACK
6
CONTINUOUS
10
-1.9387106299212598
20
1.1317914173228347
11
-1.938028622047244
21
1.1321811023622046
0
LINE
8
BLACK
6
CONTINUOUS
10
-1.938028622047244
20
1.1321811023622046
11
-1.9376551968503937
21
1.1322285826771654
0
LINE
8
BLACK
6
CONTINUOUS
10
-1.9376551968503937
20
1.1322285826771654
11
-1.9373074015748031
21
1.1323726377952756
0
LINE
8
BLACK
6
CONTINUOUS
10
-1.9373074015748031
20
1.1323726377952756
11
-1.936521968503937
21
1.1323726377952756
0
LINE
8
BLACK
6
CONTINUOUS
10
-1.936521968503937
20
1.1323726377952756
11
-1.9357427952755906
21
1.1324716929133858
0
LINE
8
BLACK
6
CONTINUOUS
10
-1.9357427952755906
20
1.1324716929133858
11
-1.9353796062992126
21
1.1323726377952756
0
LINE
8
BLACK
6
CONTINUOUS
10
-1.7533516141732284
20
1.1323062992125985
11
-1.7529306299212597
21
1.1322763779527558
0
LINE
8
BLACK
6
CONTINUOUS
10
-1.7529306299212597
20
1.1322763779527558
11
-1.7522683070866141
21
1.1319452362204725
0
LINE
8
BLACK
6
CONTINUOUS
10
-1.7522683070866141
20
1.1319452362204725
11
-1.7515658661417322
21
1.1317110629921259
0
LINE
8
BLACK
6
CONTINUOUS
10
-1.7515658661417322
20
1.1317110629921259
11
-1.7512471259842519
21
1.1314346456692914
0
LINE
8
BLACK
6
CONTINUOUS
10
-1.7512471259842519
20
1.1314346456692914
11
-1.7508697244094489
21
1.1312459055118109
0
LINE
8
BLACK
6
CONTINUOUS
10
-1.7508697244094489
20
1.1312459055118109
11
-1.7503844881889763
21
1.1306864173228346
0
LINE
8
BLACK
6
CONTINUOUS
10
-1.7503844881889763
20
1.1306864173228346
11
-1.749825157480315
21
1.1302012992125985
0
LINE
8
BLACK
6
CONTINUOUS
10
-1.749825157480315
20
1.1302012992125985
11
-1.7496365354330707
21
1.1298240157480315
0
LINE
8
BLACK
6
CONTINUOUS
10
-1.7496365354330707
20
1.1298240157480315
11
-1.74936
21
1.1295051968503937
0
LINE
8
BLACK
6
CONTINUOUS
10
-1.74936
20
1.1295051968503937
11
-1.7488880314960629
21
1.1284480708661417
0
LINE
8
BLACK
6
CONTINUOUS
10
-1.7488880314960629
20
1.1284480708661417
11
-1.7265783070866141
21
1.0615189763779527
0
LINE
8
BLACK
6
CONTINUOUS
10
-1.7265783070866141
20
1.0615189763779527
11
-1.7263216141732283
21
1.0603900787401574
0
LINE
8
BLACK
6
CONTINUOUS
10
-1.7263216141732283
20
1.0603900787401574
11
-1.7264849606299213
21
1.0580916535433071
0
LINE
8
BLACK
6
CONTINUOUS
10
-1.7264849606299213
20
1.0580916535433071
11
-1.7275154330708662
21
1.0560307480314961
0
LINE
8
BLACK
6
CONTINUOUS
10
-1.7275154330708662
20
1.0560307480314961
11
-1.7292561417322834
21
1.0545209842519685
0
LINE
8
BLACK
6
CONTINUOUS
10
-1.7292561417322834
20
1.0545209842519685
11
-1.7314421653543306
21
1.0537923228346457
0
LINE
8
BLACK
6
CONTINUOUS
10
-1.7314421653543306
20
1.0537923228346457
11
-1.7337405905511811
21
1.0539556692913385
0
LINE
8
BLACK
6
CONTINUOUS
10
-1.7337405905511811
20
1.0539556692913385
11
-1.7358014960629922
21
1.0549861417322834
0
LINE
8
BLACK
6
CONTINUOUS
10
-1.7358014960629922
20
1.0549861417322834
11
-1.7373112204724408
21
1.0567268503937008
0
LINE
8
BLACK
6
CONTINUOUS
10
-1.7373112204724408
20
1.0567268503937008
11
-1.7377832283464567
21
1.0577839763779526
0
LINE
8
BLACK
6
CONTINUOUS
10
-1.7377832283464567
20
1.0577839763779526
11
-1.7428114173228346
21
1.0728685433070866
0
LINE
8
BLACK
6
CONTINUOUS
10
-1.7428114173228346
20
1.0728685433070866
11
-1.7661695669291337
21
1.0728685433070866
0
LINE
8
BLACK
6
CONTINUOUS
10
-1.7661695669291337
20
1.0728685433070866
11
-1.7711977559055119
21
1.0577839763779526
0
LINE
8
BLACK
6
CONTINUOUS
10
-1.7711977559055119
20
1.0577839763779526
11
-1.7716697244094488
21
1.0567268503937008
0
LINE
8
BLACK
6
CONTINUOUS
10
-1.7716697244094488
20
1.0567268503937008
11
-1.7731794488188977
21
1.0549861417322834
0
LINE
8
BLACK
6
CONTINUOUS
10
-1.7731794488188977
20
1.0549861417322834
11
-1.7752403543307087
21
1.0539556692913385
0
LINE
8
BLACK
6
CONTINUOUS
10
-1.7752403543307087
20
1.0539556692913385
11
-1.7775388188976378
21
1.0537923228346457
0
LINE
8
BLACK
6
CONTINUOUS
10
-1.7775388188976378
20
1.0537923228346457
11
-1.7797248031496062
21
1.0545209842519685
0
LINE
8
BLACK
6
CONTINUOUS
10
-1.7797248031496062
20
1.0545209842519685
11
-1.7814655118110236
21
1.0560307086614173
0
LINE
8
BLACK
6
CONTINUOUS
10
-1.7814655118110236
20
1.0560307086614173
11
-1.7824959842519685
21
1.0580916141732284
0
LINE
8
BLACK
6
CONTINUOUS
10
-1.7824959842519685
20
1.0580916141732284
11
-1.7826593307086613
21
1.0603900787401574
0
LINE
8
BLACK
6
CONTINUOUS
10
-1.7826593307086613
20
1.0603900787401574
11
-1.7824026377952755
21
1.0615189370078739
0
LINE
8
BLACK
6
CONTINUOUS
10
-1.7824026377952755
20
1.0615189370078739
11
-1.7600929527559055
21
1.1284480708661417
0
LINE
8
BLACK
6
CONTINUOUS
10
-1.7600929527559055
20
1.1284480708661417
11
-1.7596209448818898
21
1.1295051968503937
0
LINE
8
BLACK
6
CONTINUOUS
10
-1.7596209448818898
20
1.1295051968503937
11
-1.7593444881889764
21
1.1298239763779527
0
LINE
8
BLACK
6
CONTINUOUS
10
-1.7593444881889764
20
1.1298239763779527
11
-1.7591557874015749
21
1.1302013385826772
0
LINE
8
BLACK
6
CONTINUOUS
10
-1.7591557874015749
20
1.1302013385826772
11
-1.7585964173228346
21
1.1306865354330708
0
LINE
8
BLACK
6
CONTINUOUS
10
-1.7585964173228346
20
1.1306865354330708
11
-1.7581112204724409
21
1.1312459055118109
0
LINE
8
BLACK
6
CONTINUOUS
10
-1.7581112204724409
20
1.1312459055118109
11
-1.7577338582677164
21
1.1314346062992127
0
LINE
8
BLACK
6
CONTINUOUS
10
-1.7577338582677164
20
1.1314346062992127
11
-1.7574150787401575
21
1.1317110629921259
0
LINE
8
BLACK
6
CONTINUOUS
10
-1.7574150787401575
20
1.1317110629921259
11
-1.7567126771653543
21
1.1319452362204725
0
LINE
8
BLACK
6
CONTINUOUS
10
-1.7567126771653543
20
1.1319452362204725
11
-1.7560503149606299
21
1.1322763779527558
0
LINE
8
BLACK
6
CONTINUOUS
10
-1.7560503149606299
20
1.1322763779527558
11
-1.755629409448819
21
1.1323062992125985
0
LINE
8
BLACK
6
CONTINUOUS
10
-1.755629409448819
20
1.1323062992125985
11
-1.755229094488189
21
1.1324397244094488
0
LINE
8
BLACK
6
CONTINUOUS
10
-1.755229094488189
20
1.1324397244094488
11
-1.7544905118110237
21
1.1323872440944882
0
LINE
8
BLACK
6
CONTINUOUS
10
-1.7544905118110237
20
1.1323872440944882
11
-1.7537518897637794
21
1.1324397244094488
0
LINE
8
BLACK
6
CONTINUOUS
10
-1.7537518897637794
20
1.1324397244094488
11
-1.7533516141732284
21
1.1323062992125985
0
LINE
8
BLACK
6
CONTINUOUS
10
-1.762232559055118
20
1.0846795669291338
11
-1.7467484251968504
21
1.0846795669291338
0
LINE
8
BLACK
6
CONTINUOUS
10
-1.7467484251968504
20
1.0846795669291338
11
-1.7544905118110237
21
1.1079057874015747
0
LINE
8
BLACK
6
CONTINUOUS
10
-1.7544905118110237
20
1.1079057874015747
11
-1.762232559055118
21
1.0846795669291338
0
LINE
8
BLACK
6
CONTINUOUS
10
-1.5143190157480315
20
1.1323062992125985
11
-1.5138980314960631
21
1.1322763779527558
0
LINE
8
BLACK
6
CONTINUOUS
10
-1.5138980314960631
20
1.1322763779527558
11
-1.5132357086614172
21
1.1319452362204725
0
LINE
8
BLACK
6
CONTINUOUS
10
-1.5132357086614172
20
1.1319452362204725
11
-1.5125332677165353
21
1.1317110629921259
0
LINE
8
BLACK
6
CONTINUOUS
10
-1.5125332677165353
20
1.1317110629921259
11
-1.5122145275590551
21
1.1314346456692914
0
LINE
8
BLACK
6
CONTINUOUS
10
-1.5122145275590551
20
1.1314346456692914
11
-1.511837125984252
21
1.1312459055118109
0
LINE
8
BLACK
6
CONTINUOUS
10
-1.511837125984252
20
1.1312459055118109
11
-1.5113518897637794
21
1.1306864173228346
0
LINE
8
BLACK
6
CONTINUOUS
10
-1.5113518897637794
20
1.1306864173228346
11
-1.5107925590551181
21
1.1302012992125985
0
LINE
8
BLACK
6
CONTINUOUS
10
-1.5107925590551181
20
1.1302012992125985
11
-1.5106039370078739
21
1.1298240157480315
0
LINE
8
BLACK
6
CONTINUOUS
10
-1.5106039370078739
20
1.1298240157480315
11
-1.5103274015748032
21
1.1295051968503937
0
LINE
8
BLACK
6
CONTINUOUS
10
-1.5103274015748032
20
1.1295051968503937
11
-1.509855433070866
21
1.1284480708661417
0
LINE
8
BLACK
6
CONTINUOUS
10
-1.509855433070866
20
1.1284480708661417
11
-1.4875457086614172
21
1.0615189763779527
0
LINE
8
BLACK
6
CONTINUOUS
10
-1.4875457086614172
20
1.0615189763779527
11
-1.4872890157480314
21
1.0603900787401574
0
LINE
8
BLACK
6
CONTINUOUS
10
-1.4872890157480314
20
1.0603900787401574
11
-1.4874523622047244
21
1.0580916535433071
0
LINE
8
BLACK
6
CONTINUOUS
10
-1.4874523622047244
20
1.0580916535433071
11
-1.4884828346456693
21
1.0560307480314961
0
LINE
8
BLACK
6
CONTINUOUS
10
-1.4884828346456693
20
1.0560307480314961
11
-1.4902235433070865
21
1.0545209842519685
0
LINE
8
BLACK
6
CONTINUOUS
10
-1.4902235433070865
20
1.0545209842519685
11
-1.4924095669291337
21
1.0537923228346457
0
LINE
8
BLACK
6
CONTINUOUS
10
-1.4924095669291337
20
1.0537923228346457
11
-1.4947079921259843
21
1.0539556692913385
0
LINE
8
BLACK
6
CONTINUOUS
10
-1.4947079921259843
20
1.0539556692913385
11
-1.4967688976377953
21
1.0549861417322834
0
LINE
8
BLACK
6
CONTINUOUS
10
-1.4967688976377953
20
1.0549861417322834
11
-1.4982786220472442
21
1.0567268503937008
0
LINE
8
BLACK
6
CONTINUOUS
10
-1.4982786220472442
20
1.0567268503937008
11
-1.4987506299212598
21
1.0577839763779526
0
LINE
8
BLACK
6
CONTINUOUS
10
-1.4987506299212598
20
1.0577839763779526
11
-1.5037788188976378
21
1.0728685433070866
0
LINE
8
BLACK
6
CONTINUOUS
10
-1.5037788188976378
20
1.0728685433070866
11
-1.5271369685039369
21
1.0728685433070866
0
LINE
8
BLACK
6
CONTINUOUS
10
-1.5271369685039369
20
1.0728685433070866
11
-1.532165157480315
21
1.0577839763779526
0
LINE
8
BLACK
6
CONTINUOUS
10
-1.532165157480315
20
1.0577839763779526
11
-1.5326371259842519
21
1.0567268503937008
0
LINE
8
BLACK
6
CONTINUOUS
10
-1.5326371259842519
20
1.0567268503937008
11
-1.5341468503937008
21
1.0549861417322834
0
LINE
8
BLACK
6
CONTINUOUS
10
-1.5341468503937008
20
1.0549861417322834
11
-1.5362077559055118
21
1.0539556692913385
0
LINE
8
BLACK
6
CONTINUOUS
10
-1.5362077559055118
20
1.0539556692913385
11
-1.5385062204724409
21
1.0537923228346457
0
LINE
8
BLACK
6
CONTINUOUS
10
-1.5385062204724409
20
1.0537923228346457
11
-1.5406922047244094
21
1.0545209842519685
0
LINE
8
BLACK
6
CONTINUOUS
10
-1.5406922047244094
20
1.0545209842519685
11
-1.5424329133858268
21
1.0560307086614173
0
LINE
8
BLACK
6
CONTINUOUS
10
-1.5424329133858268
20
1.0560307086614173
11
-1.5434633858267717
21
1.0580916141732284
0
LINE
8
BLACK
6
CONTINUOUS
10
-1.5434633858267717
20
1.0580916141732284
11
-1.5436267322834645
21
1.0603900787401574
0
LINE
8
BLACK
6
CONTINUOUS
10
-1.5436267322834645
20
1.0603900787401574
11
-1.5433700393700787
21
1.0615189370078739
0
LINE
8
BLACK
6
CONTINUOUS
10
-1.5433700393700787
20
1.0615189370078739
11
-1.5210603543307086
21
1.1284480708661417
0
LINE
8
BLACK
6
CONTINUOUS
10
-1.5210603543307086
20
1.1284480708661417
11
-1.5205883464566929
21
1.1295051968503937
0
LINE
8
BLACK
6
CONTINUOUS
10
-1.5205883464566929
20
1.1295051968503937
11
-1.5203118897637795
21
1.1298239763779527
0
LINE
8
BLACK
6
CONTINUOUS
10
-1.5203118897637795
20
1.1298239763779527
11
-1.520123188976378
21
1.1302013385826772
0
LINE
8
BLACK
6
CONTINUOUS
10
-1.520123188976378
20
1.1302013385826772
11
-1.5195638188976377
21
1.1306865354330708
0
LINE
8
BLACK
6
CONTINUOUS
10
-1.5195638188976377
20
1.1306865354330708
11
-1.5190786220472441
21
1.1312459055118109
0
LINE
8
BLACK
6
CONTINUOUS
10
-1.5190786220472441
20
1.1312459055118109
11
-1.5187012598425196
21
1.1314346062992127
0
LINE
8
BLACK
6
CONTINUOUS
10
-1.5187012598425196
20
1.1314346062992127
11
-1.5183824803149606
21
1.1317110629921259
0
LINE
8
BLACK
6
CONTINUOUS
10
-1.5183824803149606
20
1.1317110629921259
11
-1.5176800787401574
21
1.1319452362204725
0
LINE
8
BLACK
6
CONTINUOUS
10
-1.5176800787401574
20
1.1319452362204725
11
-1.517017716535433
21
1.1322763779527558
0
LINE
8
BLACK
6
CONTINUOUS
10
-1.517017716535433
20
1.1322763779527558
11
-1.5165968110236221
21
1.1323062992125985
0
LINE
8
BLACK
6
CONTINUOUS
10
-1.5165968110236221
20
1.1323062992125985
11
-1.5161964960629921
21
1.1324397244094488
0
LINE
8
BLACK
6
CONTINUOUS
10
-1.5161964960629921
20
1.1324397244094488
11
-1.5154579133858268
21
1.1323872440944882
0
LINE
8
BLACK
6
CONTINUOUS
10
-1.5154579133858268
20
1.1323872440944882
11
-1.5147192913385827
21
1.1324397244094488
0
LINE
8
BLACK
6
CONTINUOUS
10
-1.5147192913385827
20
1.1324397244094488
11
-1.5143190157480315
21
1.1323062992125985
0
LINE
8
BLACK
6
CONTINUOUS
10
-1.5231999606299211
20
1.0846795669291338
11
-1.5077158267716535
21
1.0846795669291338
0
LINE
8
BLACK
6
CONTINUOUS
10
-1.5077158267716535
20
1.0846795669291338
11
-1.5154579133858268
21
1.1079057874015747
0
LINE
8
BLACK
6
CONTINUOUS
10
-1.5154579133858268
20
1.1079057874015747
11
-1.5231999606299211
21
1.0846795669291338
0
LINE
8
BLACK
6
CONTINUOUS
10
-2.0847968897637794
20
1.1323726377952756
11
-2.0826680708661418
21
1.1314908267716535
0
LINE
8
BLACK
6
CONTINUOUS
10
-2.0826680708661418
20
1.1314908267716535
11
-2.0810387795275589
21
1.1298615354330708
0
LINE
8
BLACK
6
CONTINUOUS
10
-2.0810387795275589
20
1.1298615354330708
11
-2.0801569685039372
21
1.1277327165354329
0
LINE
8
BLACK
6
CONTINUOUS
10
-2.0801569685039372
20
1.1277327165354329
11
-2.0801569685039372
21
1.125428464566929
0
LINE
8
BLACK
6
CONTINUOUS
10
-2.0801569685039372
20
1.125428464566929
11
-2.0810387795275589
21
1.1232996456692914
0
LINE
8
BLACK
6
CONTINUOUS
10
-2.0810387795275589
20
1.1232996456692914
11
-2.0826680708661418
21
1.1216703543307087
0
LINE
8
BLACK
6
CONTINUOUS
10
-2.0826680708661418
20
1.1216703543307087
11
-2.0847968897637794
21
1.1207885433070865
0
LINE
8
BLACK
6
CONTINUOUS
10
-2.0847968897637794
20
1.1207885433070865
11
-2.0859490157480316
21
1.1206750787401574
0
LINE
8
BLACK
6
CONTINUOUS
10
-2.0859490157480316
20
1.1206750787401574
11
-2.0991661023622048
21
1.1206750787401574
0
LINE
8
BLACK
6
CONTINUOUS
10
-2.0991661023622048
20
1.1206750787401574
11
-2.0991661023622048
21
1.0596514566929134
0
LINE
8
BLACK
6
CONTINUOUS
10
-2.0991661023622048
20
1.0596514566929134
11
-2.099279566929134
21
1.0584993307086614
0
LINE
8
BLACK
6
CONTINUOUS
10
-2.099279566929134
20
1.0584993307086614
11
-2.1001613779527557
21
1.0563705118110236
0
LINE
8
BLACK
6
CONTINUOUS
10
-2.1001613779527557
20
1.0563705118110236
11
-2.1017906692913386
21
1.0547412204724409
0
LINE
8
BLACK
6
CONTINUOUS
10
-2.1017906692913386
20
1.0547412204724409
11
-2.1039194881889762
21
1.053859409448819
0
LINE
8
BLACK
6
CONTINUOUS
10
-2.1039194881889762
20
1.053859409448819
11
-2.1062237401574802
21
1.053859409448819
0
LINE
8
BLACK
6
CONTINUOUS
10
-2.1062237401574802
20
1.053859409448819
11
-2.1083525590551182
21
1.0547412204724409
0
LINE
8
BLACK
6
CONTINUOUS
10
-2.1083525590551182
20
1.0547412204724409
11
-2.1099818503937007
21
1.0563705118110236
0
LINE
8
BLACK
6
CONTINUOUS
10
-2.1099818503937007
20
1.0563705118110236
11
-2.1108636614173228
21
1.0584993307086614
0
LINE
8
BLACK
6
CONTINUOUS
10
-2.1108636614173228
20
1.0584993307086614
11
-2.110977125984252
21
1.0596514566929134
0
LINE
8
BLACK
6
CONTINUOUS
10
-2.110977125984252
20
1.0596514566929134
11
-2.110977125984252
21
1.1206750787401574
0
LINE
8
BLACK
6
CONTINUOUS
10
-2.110977125984252
20
1.1206750787401574
11
-2.124194251968504
21
1.1206750787401574
0
LINE
8
BLACK
6
CONTINUOUS
10
-2.124194251968504
20
1.1206750787401574
11
-2.1253463779527557
21
1.1207885433070865
0
LINE
8
BLACK
6
CONTINUOUS
10
-2.1253463779527557
20
1.1207885433070865
11
-2.1274751968503938
21
1.1216703543307087
0
LINE
8
BLACK
6
CONTINUOUS
10
-2.1274751968503938
20
1.1216703543307087
11
-2.1291044881889762
21
1.1232996456692914
0
LINE
8
BLACK
6
CONTINUOUS
10
-2.1291044881889762
20
1.1232996456692914
11
-2.1299862992125984
21
1.125428464566929
0
LINE
8
BLACK
6
CONTINUOUS
10
-2.1299862992125984
20
1.125428464566929
11
-2.1299862992125984
21
1.1277327165354329
0
LINE
8
BLACK
6
CONTINUOUS
10
-2.1299862992125984
20
1.1277327165354329
11
-2.1291044881889762
21
1.1298615354330708
0
LINE
8
BLACK
6
CONTINUOUS
10
-2.1291044881889762
20
1.1298615354330708
11
-2.1274751968503938
21
1.1314908267716535
0
LINE
8
BLACK
6
CONTINUOUS
10
-2.1274751968503938
20
1.1314908267716535
11
-2.1253463779527557
21
1.1323726377952756
0
LINE
8
BLACK
6
CONTINUOUS
10
-2.1253463779527557
20
1.1323726377952756
11
-2.124194251968504
21
1.1324861023622046
0
LINE
8
BLACK
6
CONTINUOUS
10
-2.124194251968504
20
1.1324861023622046
11
-2.0859490157480316
21
1.1324861023622046
0
LINE
8
BLACK
6
CONTINUOUS
10
-2.0859490157480316
20
1.1324861023622046
11
-2.0847968897637794
21
1.1323726377952756
0
LINE
8
BLACK
6
CONTINUOUS
10
-2.0306161811023622
20
1.1323726377952756
11
-2.0284873622047241
21
1.1314908267716535
0
LINE
8
BLACK
6
CONTINUOUS
10
-2.0284873622047241
20
1.1314908267716535
11
-2.0268580708661417
21
1.1298615354330708
0
LINE
8
BLACK
6
CONTINUOUS
10
-2.0268580708661417
20
1.1298615354330708
11
-2.0259762598425195
21
1.1277327165354329
0
LINE
8
BLACK
6
CONTINUOUS
10
-2.0259762598425195
20
1.1277327165354329
11
-2.0259762598425195
21
1.125428464566929
0
LINE
8
BLACK
6
CONTINUOUS
10
-2.0259762598425195
20
1.125428464566929
11
-2.0268580708661417
21
1.1232996456692914
0
LINE
8
BLACK
6
CONTINUOUS
10
-2.0268580708661417
20
1.1232996456692914
11
-2.0284873622047241
21
1.1216703543307087
0
LINE
8
BLACK
6
CONTINUOUS
10
-2.0284873622047241
20
1.1216703543307087
11
-2.0306161811023622
21
1.1207885433070865
0
LINE
8
BLACK
6
CONTINUOUS
10
-2.0306161811023622
20
1.1207885433070865
11
-2.0317683070866139
21
1.1206750787401574
0
LINE
8
BLACK
6
CONTINUOUS
10
-2.0317683070866139
20
1.1206750787401574
11
-2.057733818897638
21
1.1206750787401574
0
LINE
8
BLACK
6
CONTINUOUS
10
-2.057733818897638
20
1.1206750787401574
11
-2.057733818897638
21
1.1006150787401574
0
LINE
8
BLACK
6
CONTINUOUS
10
-2.057733818897638
20
1.1006150787401574
11
-2.0413296062992123
21
1.1006150787401574
0
LINE
8
BLACK
6
CONTINUOUS
10
-2.0413296062992123
20
1.1006150787401574
11
-2.0401774803149606
21
1.1005016141732282
0
LINE
8
BLACK
6
CONTINUOUS
10
-2.0401774803149606
20
1.1005016141732282
11
-2.038048661417323
21
1.0996198031496063
0
LINE
8
BLACK
6
CONTINUOUS
10
-2.038048661417323
20
1.0996198031496063
11
-2.0364193700787401
21
1.0979905118110236
0
LINE
8
BLACK
6
CONTINUOUS
10
-2.0364193700787401
20
1.0979905118110236
11
-2.0355375590551179
21
1.0958616929133858
0
LINE
8
BLACK
6
CONTINUOUS
10
-2.0355375590551179
20
1.0958616929133858
11
-2.0355375590551179
21
1.0935574409448818
0
LINE
8
BLACK
6
CONTINUOUS
10
-2.0355375590551179
20
1.0935574409448818
11
-2.0364193700787401
21
1.091428622047244
0
LINE
8
BLACK
6
CONTINUOUS
10
-2.0364193700787401
20
1.091428622047244
11
-2.038048661417323
21
1.0897993307086613
0
LINE
8
BLACK
6
CONTINUOUS
10
-2.038048661417323
20
1.0897993307086613
11
-2.0401774803149606
21
1.0889175196850394
0
LINE
8
BLACK
6
CONTINUOUS
10
-2.0401774803149606
20
1.0889175196850394
11
-2.0413296062992123
21
1.0888040551181102
0
LINE
8
BLACK
6
CONTINUOUS
10
-2.0413296062992123
20
1.0888040551181102
11
-2.057733818897638
21
1.0888040551181102
0
LINE
8
BLACK
6
CONTINUOUS
10
-2.057733818897638
20
1.0888040551181102
11
-2.057733818897638
21
1.0596514566929134
0
LINE
8
BLACK
6
CONTINUOUS
10
-2.057733818897638
20
1.0596514566929134
11
-2.0578472834645667
21
1.0584993307086614
0
LINE
8
BLACK
6
CONTINUOUS
10
-2.0578472834645667
20
1.0584993307086614
11
-2.0587290944881889
21
1.0563705118110236
0
LINE
8
BLACK
6
CONTINUOUS
10
-2.0587290944881889
20
1.0563705118110236
11
-2.0603583858267718
21
1.0547412204724409
0
LINE
8
BLACK
6
CONTINUOUS
10
-2.0603583858267718
20
1.0547412204724409
11
-2.0624872047244094
21
1.053859409448819
0
LINE
8
BLACK
6
CONTINUOUS
10
-2.0624872047244094
20
1.053859409448819
11
-2.0647914566929133
21
1.053859409448819
0
LINE
8
BLACK
6
CONTINUOUS
10
-2.0647914566929133
20
1.053859409448819
11
-2.0669202755905509
21
1.0547412204724409
0
LINE
8
BLACK
6
CONTINUOUS
10
-2.0669202755905509
20
1.0547412204724409
11
-2.0685495669291338
21
1.0563705118110236
0
LINE
8
BLACK
6
CONTINUOUS
10
-2.0685495669291338
20
1.0563705118110236
11
-2.069431377952756
21
1.0584993307086614
0
LINE
8
BLACK
6
CONTINUOUS
10
-2.069431377952756
20
1.0584993307086614
11
-2.0695448425196852
21
1.0596514566929134
0
LINE
8
BLACK
6
CONTINUOUS
10
-2.0695448425196852
20
1.0596514566929134
11
-2.0695448425196852
21
1.126580590551181
0
LINE
8
BLACK
6
CONTINUOUS
10
-2.0695448425196852
20
1.126580590551181
11
-2.069431377952756
21
1.1277327165354329
0
LINE
8
BLACK
6
CONTINUOUS
10
-2.069431377952756
20
1.1277327165354329
11
-2.0685495669291338
21
1.1298615354330708
0
LINE
8
BLACK
6
CONTINUOUS
10
-2.0685495669291338
20
1.1298615354330708
11
-2.0669202755905509
21
1.1314908267716535
0
LINE
8
BLACK
6
CONTINUOUS
10
-2.0669202755905509
20
1.1314908267716535
11
-2.0647914566929133
21
1.1323726377952756
0
LINE
8
BLACK
6
CONTINUOUS
10
-2.0647914566929133
20
1.1323726377952756
11
-2.0636393307086616
21
1.1324861023622046
0
LINE
8
BLACK
6
CONTINUOUS
10
-2.0636393307086616
20
1.1324861023622046
11
-2.0317683070866139
21
1.1324861023622046
0
LINE
8
BLACK
6
CONTINUOUS
10
-2.0317683070866139
20
1.1324861023622046
11
-2.0306161811023622
21
1.1323726377952756
0
LINE
8
BLACK
6
CONTINUOUS
10
-1.8627581102362205
20
1.1314908267716535
11
-1.8611288188976378
21
1.1298615354330708
0
LINE
8
BLACK
6
CONTINUOUS
10
-1.8611288188976378
20
1.1298615354330708
11
-1.8602470078740156
21
1.1277327165354329
0
LINE
8
BLACK
6
CONTINUOUS
10
-1.8602470078740156
20
1.1277327165354329
11
-1.8601335433070865
21
1.126580590551181
0
LINE
8
BLACK
6
CONTINUOUS
10
-1.8601335433070865
20
1.126580590551181
11
-1.8601335433070865
21
1.0596514566929134
0
LINE
8
BLACK
6
CONTINUOUS
10
-1.8601335433070865
20
1.0596514566929134
11
-1.8602470078740156
21
1.0584993307086614
0
LINE
8
BLACK
6
CONTINUOUS
10
-1.8602470078740156
20
1.0584993307086614
11
-1.8611288188976378
21
1.0563705118110236
0
LINE
8
BLACK
6
CONTINUOUS
10
-1.8611288188976378
20
1.0563705118110236
11
-1.8627581102362205
21
1.0547412204724409
0
LINE
8
BLACK
6
CONTINUOUS
10
-1.8627581102362205
20
1.0547412204724409
11
-1.8648869291338581
21
1.053859409448819
0
LINE
8
BLACK
6
CONTINUOUS
10
-1.8648869291338581
20
1.053859409448819
11
-1.8671911811023623
21
1.053859409448819
0
LINE
8
BLACK
6
CONTINUOUS
10
-1.8671911811023623
20
1.053859409448819
11
-1.8693199999999999
21
1.0547412204724409
0
LINE
8
BLACK
6
CONTINUOUS
10
-1.8693199999999999
20
1.0547412204724409
11
-1.8709492913385826
21
1.0563705118110236
0
LINE
8
BLACK
6
CONTINUOUS
10
-1.8709492913385826
20
1.0563705118110236
11
-1.8718311023622047
21
1.0584993307086614
0
LINE
8
BLACK
6
CONTINUOUS
10
-1.8718311023622047
20
1.0584993307086614
11
-1.8719445669291339
21
1.0596514566929134
0
LINE
8
BLACK
6
CONTINUOUS
10
-1.8719445669291339
20
1.0596514566929134
11
-1.8719445669291339
21
1.126580590551181
0
LINE
8
BLACK
6
CONTINUOUS
10
-1.8719445669291339
20
1.126580590551181
11
-1.8718311023622047
21
1.1277327165354329
0
LINE
8
BLACK
6
CONTINUOUS
10
-1.8718311023622047
20
1.1277327165354329
11
-1.8709492913385826
21
1.1298615354330708
0
LINE
8
BLACK
6
CONTINUOUS
10
-1.8709492913385826
20
1.1298615354330708
11
-1.8693199999999999
21
1.1314908267716535
0
LINE
8
BLACK
6
CONTINUOUS
10
-1.8693199999999999
20
1.1314908267716535
11
-1.8671911811023623
21
1.1323726377952756
0
LINE
8
BLACK
6
CONTINUOUS
10
-1.8671911811023623
20
1.1323726377952756
11
-1.8648869291338581
21
1.1323726377952756
0
LINE
8
BLACK
6
CONTINUOUS
10
-1.8648869291338581
20
1.1323726377952756
11
-1.8627581102362205
21
1.1314908267716535
0
LINE
8
BLACK
6
CONTINUOUS
10
-1.8075190944881889
20
1.1323726377952756
11
-1.8073231102362204
21
1.1322914566929134
0
LINE
8
BLACK
6
CONTINUOUS
10
-1.8073231102362204
20
1.1322914566929134
11
-1.8071114566929134
21
1.1322764173228346
0
LINE
8
BLACK
6
CONTINUOUS
10
-1.8071114566929134
20
1.1322764173228346
11
-1.8060301968503936
21
1.1318626377952756
0
LINE
8
BLACK
6
CONTINUOUS
10
-1.8060301968503936
20
1.1318626377952756
11
-1.7996559842519684
21
1.1286755511811024
0
LINE
8
BLACK
6
CONTINUOUS
10
-1.7996559842519684
20
1.1286755511811024
11
-1.7991602755905511
21
1.1283635039370079
0
LINE
8
BLACK
6
CONTINUOUS
10
-1.7991602755905511
20
1.1283635039370079
11
-1.7990161023622047
21
1.128303779527559
0
LINE
8
BLACK
6
CONTINUOUS
10
-1.7990161023622047
20
1.128303779527559
11
-1.7988538188976377
21
1.1281705905511812
0
LINE
8
BLACK
6
CONTINUOUS
10
-1.7988538188976377
20
1.1281705905511812
11
-1.7986762598425197
21
1.1280588188976377
0
LINE
8
BLACK
6
CONTINUOUS
10
-1.7986762598425197
20
1.1280588188976377
11
-1.7985741338582677
21
1.127941062992126
0
LINE
8
BLACK
6
CONTINUOUS
10
-1.7985741338582677
20
1.127941062992126
11
-1.7981211811023621
21
1.1275693307086614
0
LINE
8
BLACK
6
CONTINUOUS
10
-1.7981211811023621
20
1.1275693307086614
11
-1.7949340551181101
21
1.1243822047244094
0
LINE
8
BLACK
6
CONTINUOUS
10
-1.7949340551181101
20
1.1243822047244094
11
-1.7945624409448819
21
1.1239294094488188
0
LINE
8
BLACK
6
CONTINUOUS
10
-1.7945624409448819
20
1.1239294094488188
11
-1.7944445669291338
21
1.1238271653543306
0
LINE
8
BLACK
6
CONTINUOUS
10
-1.7944445669291338
20
1.1238271653543306
11
-1.7943327559055118
21
1.1236494881889763
0
LINE
8
BLACK
6
CONTINUOUS
10
-1.7943327559055118
20
1.1236494881889763
11
-1.7941996062992125
21
1.1234872834645668
0
LINE
8
BLACK
6
CONTINUOUS
10
-1.7941996062992125
20
1.1234872834645668
11
-1.7941399606299213
21
1.1233432283464566
0
LINE
8
BLACK
6
CONTINUOUS
10
-1.7941399606299213
20
1.1233432283464566
11
-1.7938278346456693
21
1.1228474015748031
0
LINE
8
BLACK
6
CONTINUOUS
10
-1.7938278346456693
20
1.1228474015748031
11
-1.7906407480314961
21
1.1164732283464567
0
LINE
8
BLACK
6
CONTINUOUS
10
-1.7906407480314961
20
1.1164732283464567
11
-1.7902269685039369
21
1.1153920078740158
0
LINE
8
BLACK
6
CONTINUOUS
10
-1.7902269685039369
20
1.1153920078740158
11
-1.7902119291338583
21
1.1151803149606299
0
LINE
8
BLACK
6
CONTINUOUS
10
-1.7902119291338583
20
1.1151803149606299
11
-1.7901307480314961
21
1.1149843307086613
0
LINE
8
BLACK
6
CONTINUOUS
10
-1.7901307480314961
20
1.1149843307086613
11
-1.7900172834645669
21
1.1138322047244094
0
LINE
8
BLACK
6
CONTINUOUS
10
-1.7900172834645669
20
1.1138322047244094
11
-1.7900172834645669
21
1.1042708661417322
0
LINE
8
BLACK
6
CONTINUOUS
10
-1.7900172834645669
20
1.1042708661417322
11
-1.7901307480314961
21
1.1031187401574802
0
LINE
8
BLACK
6
CONTINUOUS
10
-1.7901307480314961
20
1.1031187401574802
11
-1.7902119291338583
21
1.1029227952755905
0
LINE
8
BLACK
6
CONTINUOUS
10
-1.7902119291338583
20
1.1029227952755905
11
-1.7902269685039369
21
1.102711062992126
0
LINE
8
BLACK
6
CONTINUOUS
10
-1.7902269685039369
20
1.102711062992126
11
-1.7906407480314961
21
1.1016298425196851
0
LINE
8
BLACK
6
CONTINUOUS
10
-1.7906407480314961
20
1.1016298425196851
11
-1.7938278346456693
21
1.0952556692913387
0
LINE
8
BLACK
6
CONTINUOUS
10
-1.7938278346456693
20
1.0952556692913387
11
-1.7941399606299213
21
1.0947598818897637
0
LINE
8
BLACK
6
CONTINUOUS
10
-1.7941399606299213
20
1.0947598818897637
11
-1.7941996062992125
21
1.0946157874015747
0
LINE
8
BLACK
6
CONTINUOUS
10
-1.7941996062992125
20
1.0946157874015747
11
-1.7943327559055118
21
1.0944536220472441
0
LINE
8
BLACK
6
CONTINUOUS
10
-1.7943327559055118
20
1.0944536220472441
11
-1.7944445669291338
21
1.094275905511811
0
LINE
8
BLACK
6
CONTINUOUS
10
-1.7944445669291338
20
1.094275905511811
11
-1.7945624409448819
21
1.0941737007874015
0
LINE
8
BLACK
6
CONTINUOUS
10
-1.7945624409448819
20
1.0941737007874015
11
-1.7949340551181101
21
1.0937208661417324
0
LINE
8
BLACK
6
CONTINUOUS
10
-1.7949340551181101
20
1.0937208661417324
11
-1.7981211811023621
21
1.0905337401574804
0
LINE
8
BLACK
6
CONTINUOUS
10
-1.7981211811023621
20
1.0905337401574804
11
-1.7985741338582677
21
1.0901620472440945
0
LINE
8
BLACK
6
CONTINUOUS
10
-1.7985741338582677
20
1.0901620472440945
11
-1.7986762598425197
21
1.0900442519685039
0
LINE
8
BLACK
6
CONTINUOUS
10
-1.7986762598425197
20
1.0900442519685039
11
-1.7988538188976377
21
1.0899325196850393
0
LINE
8
BLACK
6
CONTINUOUS
10
-1.7988538188976377
20
1.0899325196850393
11
-1.7990161023622047
21
1.0897992913385826
0
LINE
8
BLACK
6
CONTINUOUS
10
-1.7990161023622047
20
1.0897992913385826
11
-1.7991602755905511
21
1.0897396062992126
0
LINE
8
BLACK
6
CONTINUOUS
10
-1.7991602755905511
20
1.0897396062992126
11
-1.7996559842519684
21
1.0894275196850394
0
LINE
8
BLACK
6
CONTINUOUS
10
-1.7996559842519684
20
1.0894275196850394
11
-1.8060301968503936
21
1.0862404330708662
0
LINE
8
BLACK
6
CONTINUOUS
10
-1.8060301968503936
20
1.0862404330708662
11
-1.8071114566929134
21
1.085826653543307
0
LINE
8
BLACK
6
CONTINUOUS
10
-1.8071114566929134
20
1.085826653543307
11
-1.8073231102362204
21
1.0858116535433071
0
LINE
8
BLACK
6
CONTINUOUS
10
-1.8073231102362204
20
1.0858116535433071
11
-1.8075190944881889
21
1.0857304330708661
0
LINE
8
BLACK
6
CONTINUOUS
10
-1.8075190944881889
20
1.0857304330708661
11
-1.8086712204724409
21
1.085616968503937
0
LINE
8
BLACK
6
CONTINUOUS
10
-1.8086712204724409
20
1.085616968503937
11
-1.8282625196850393
21
1.085616968503937
0
LINE
8
BLACK
6
CONTINUOUS
10
-1.8282625196850393
20
1.085616968503937
11
-1.8282625196850393
21
1.0596514566929134
0
LINE
8
BLACK
6
CONTINUOUS
10
-1.8282625196850393
20
1.0596514566929134
11
-1.8283759842519685
21
1.0584993307086614
0
LINE
8
BLACK
6
CONTINUOUS
10
-1.8283759842519685
20
1.0584993307086614
11
-1.8292577952755904
21
1.0563705118110236
0
LINE
8
BLACK
6
CONTINUOUS
10
-1.8292577952755904
20
1.0563705118110236
11
-1.8308870866141731
21
1.0547412204724409
0
LINE
8
BLACK
6
CONTINUOUS
10
-1.8308870866141731
20
1.0547412204724409
11
-1.8330159055118109
21
1.053859409448819
0
LINE
8
BLACK
6
CONTINUOUS
10
-1.8330159055118109
20
1.053859409448819
11
-1.8353201574803149
21
1.053859409448819
0
LINE
8
BLACK
6
CONTINUOUS
10
-1.8353201574803149
20
1.053859409448819
11
-1.8374489763779527
21
1.0547412204724409
0
LINE
8
BLACK
6
CONTINUOUS
10
-1.8374489763779527
20
1.0547412204724409
11
-1.8390782677165354
21
1.0563705118110236
0
LINE
8
BLACK
6
CONTINUOUS
10
-1.8390782677165354
20
1.0563705118110236
11
-1.8399600787401575
21
1.0584993307086614
0
LINE
8
BLACK
6
CONTINUOUS
10
-1.8399600787401575
20
1.0584993307086614
11
-1.8400735433070865
21
1.0596514566929134
0
LINE
8
BLACK
6
CONTINUOUS
10
-1.8400735433070865
20
1.0596514566929134
11
-1.8400735433070865
21
1.126580590551181
0
LINE
8
BLACK
6
CONTINUOUS
10
-1.8400735433070865
20
1.126580590551181
11
-1.8399600787401575
21
1.1277327165354329
0
LINE
8
BLACK
6
CONTINUOUS
10
-1.8399600787401575
20
1.1277327165354329
11
-1.8390782677165354
21
1.1298615354330708
0
LINE
8
BLACK
6
CONTINUOUS
10
-1.8390782677165354
20
1.1298615354330708
11
-1.8374489763779527
21
1.1314908267716535
0
LINE
8
BLACK
6
CONTINUOUS
10
-1.8374489763779527
20
1.1314908267716535
11
-1.8353201574803149
21
1.1323726377952756
0
LINE
8
BLACK
6
CONTINUOUS
10
-1.8353201574803149
20
1.1323726377952756
11
-1.8341680314960629
21
1.1324861023622046
0
LINE
8
BLACK
6
CONTINUOUS
10
-1.8341680314960629
20
1.1324861023622046
11
-1.8086712204724409
21
1.1324861023622046
0
LINE
8
BLACK
6
CONTINUOUS
10
-1.8086712204724409
20
1.1324861023622046
11
-1.8075190944881889
21
1.1323726377952756
0
LINE
8
BLACK
6
CONTINUOUS
10
-1.8282625196850393
20
1.0974279921259842
11
-1.8100653149606298
21
1.0974279921259842
0
LINE
8
BLACK
6
CONTINUOUS
10
-1.8100653149606298
20
1.0974279921259842
11
-1.8057951968503936
21
1.0995630708661417
0
LINE
8
BLACK
6
CONTINUOUS
10
-1.8057951968503936
20
1.0995630708661417
11
-1.8039633464566929
21
1.1013948818897636
0
LINE
8
BLACK
6
CONTINUOUS
10
-1.8039633464566929
20
1.1013948818897636
11
-1.8018283070866141
21
1.1056649606299211
0
LINE
8
BLACK
6
CONTINUOUS
10
-1.8018283070866141
20
1.1056649606299211
11
-1.8018283070866141
21
1.1124381102362204
0
LINE
8
BLACK
6
CONTINUOUS
10
-1.8018283070866141
20
1.1124381102362204
11
-1.8039633464566929
21
1.1167081889763779
0
LINE
8
BLACK
6
CONTINUOUS
10
-1.8039633464566929
20
1.1167081889763779
11
-1.8057951968503936
21
1.1185400393700786
0
LINE
8
BLACK
6
CONTINUOUS
10
-1.8057951968503936
20
1.1185400393700786
11
-1.8100653149606298
21
1.1206750787401574
0
LINE
8
BLACK
6
CONTINUOUS
10
-1.8100653149606298
20
1.1206750787401574
11
-1.8282625196850393
21
1.1206750787401574
0
LINE
8
BLACK
6
CONTINUOUS
10
-1.8282625196850393
20
1.1206750787401574
11
-1.8282625196850393
21
1.0974279921259842
0
LINE
8
BLACK
6
CONTINUOUS
10
-1.6726753149606299
20
1.1320856692913386
11
-1.6707312992125984
21
1.1308485826771653
0
LINE
8
BLACK
6
CONTINUOUS
10
-1.6707312992125984
20
1.1308485826771653
11
-1.6694087007874014
21
1.1289616929133859
0
LINE
8
BLACK
6
CONTINUOUS
10
-1.6694087007874014
20
1.1289616929133859
11
-1.6689088582677165
21
1.1267124015748031
0
LINE
8
BLACK
6
CONTINUOUS
10
-1.6689088582677165
20
1.1267124015748031
11
-1.6693078346456693
21
1.1244429921259842
0
LINE
8
BLACK
6
CONTINUOUS
10
-1.6693078346456693
20
1.1244429921259842
11
-1.6698306692913385
21
1.1234100787401575
0
LINE
8
BLACK
6
CONTINUOUS
10
-1.6698306692913385
20
1.1234100787401575
11
-1.6912171259842519
21
1.0898028346456692
0
LINE
8
BLACK
6
CONTINUOUS
10
-1.6912171259842519
20
1.0898028346456692
11
-1.6912171259842519
21
1.0596514566929134
0
LINE
8
BLACK
6
CONTINUOUS
10
-1.6912171259842519
20
1.0596514566929134
11
-1.6913305905511811
21
1.0584993307086614
0
LINE
8
BLACK
6
CONTINUOUS
10
-1.6913305905511811
20
1.0584993307086614
11
-1.692212401574803
21
1.0563705118110236
0
LINE
8
BLACK
6
CONTINUOUS
10
-1.692212401574803
20
1.0563705118110236
11
-1.6938416929133857
21
1.0547412204724409
0
LINE
8
BLACK
6
CONTINUOUS
10
-1.6938416929133857
20
1.0547412204724409
11
-1.6959705118110235
21
1.053859409448819
0
LINE
8
BLACK
6
CONTINUOUS
10
-1.6959705118110235
20
1.053859409448819
11
-1.6982747637795275
21
1.053859409448819
0
LINE
8
BLACK
6
CONTINUOUS
10
-1.6982747637795275
20
1.053859409448819
11
-1.7004035826771653
21
1.0547412204724409
0
LINE
8
BLACK
6
CONTINUOUS
10
-1.7004035826771653
20
1.0547412204724409
11
-1.702032874015748
21
1.0563705118110236
0
LINE
8
BLACK
6
CONTINUOUS
10
-1.702032874015748
20
1.0563705118110236
11
-1.7029146850393699
21
1.0584993307086614
0
LINE
8
BLACK
6
CONTINUOUS
10
-1.7029146850393699
20
1.0584993307086614
11
-1.7030281496062991
21
1.0596514566929134
0
LINE
8
BLACK
6
CONTINUOUS
10
-1.7030281496062991
20
1.0596514566929134
11
-1.7030281496062991
21
1.0898028346456692
0
LINE
8
BLACK
6
CONTINUOUS
10
-1.7030281496062991
20
1.0898028346456692
11
-1.7244146062992125
21
1.1234100787401575
0
LINE
8
BLACK
6
CONTINUOUS
10
-1.7244146062992125
20
1.1234100787401575
11
-1.7249374409448819
21
1.1244429921259842
0
LINE
8
BLACK
6
CONTINUOUS
10
-1.7249374409448819
20
1.1244429921259842
11
-1.7253364173228347
21
1.1267124015748031
0
LINE
8
BLACK
6
CONTINUOUS
10
-1.7253364173228347
20
1.1267124015748031
11
-1.7248365748031496
21
1.1289616929133859
0
LINE
8
BLACK
6
CONTINUOUS
10
-1.7248365748031496
20
1.1289616929133859
11
-1.7235139763779528
21
1.1308485826771653
0
LINE
8
BLACK
6
CONTINUOUS
10
-1.7235139763779528
20
1.1308485826771653
11
-1.7215699606299213
21
1.1320856692913386
0
LINE
8
BLACK
6
CONTINUOUS
10
-1.7215699606299213
20
1.1320856692913386
11
-1.7193005511811024
21
1.1324846456692914
0
LINE
8
BLACK
6
CONTINUOUS
10
-1.7193005511811024
20
1.1324846456692914
11
-1.7170512598425196
21
1.1319848031496063
0
LINE
8
BLACK
6
CONTINUOUS
10
-1.7170512598425196
20
1.1319848031496063
11
-1.71516437007874
21
1.1306622047244095
0
LINE
8
BLACK
6
CONTINUOUS
10
-1.71516437007874
20
1.1306622047244095
11
-1.7144501181102363
21
1.1297511023622047
0
LINE
8
BLACK
6
CONTINUOUS
10
-1.7144501181102363
20
1.1297511023622047
11
-1.6971226377952755
21
1.1025222440944882
0
LINE
8
BLACK
6
CONTINUOUS
10
-1.6971226377952755
20
1.1025222440944882
11
-1.6797951574803149
21
1.1297511023622047
0
LINE
8
BLACK
6
CONTINUOUS
10
-1.6797951574803149
20
1.1297511023622047
11
-1.679080905511811
21
1.1306622047244095
0
LINE
8
BLACK
6
CONTINUOUS
10
-1.679080905511811
20
1.1306622047244095
11
-1.6771940157480314
21
1.1319848031496063
0
LINE
8
BLACK
6
CONTINUOUS
10
-1.6771940157480314
20
1.1319848031496063
11
-1.6749447244094489
21
1.1324846456692914
0
LINE
8
BLACK
6
CONTINUOUS
10
-1.6749447244094489
20
1.1324846456692914
11
-1.6726753149606299
21
1.1320856692913386
0
LINE
8
BLACK
6
CONTINUOUS
10
3.0408836220472439
20
1.247862874015748
11
3.0428663385826771
21
1.2466888976377952
0
LINE
8
BLACK
6
CONTINUOUS
10
3.0428663385826771
20
1.2466888976377952
11
3.0442488976377953
21
1.2448455118110235
0
LINE
8
BLACK
6
CONTINUOUS
10
3.0442488976377953
20
1.2448455118110235
11
3.0448207480314959
21
1.2426133464566929
0
LINE
8
BLACK
6
CONTINUOUS
10
3.0448207480314959
20
1.2426133464566929
11
3.0444948818897637
21
1.2403323622047244
0
LINE
8
BLACK
6
CONTINUOUS
10
3.0444948818897637
20
1.2403323622047244
11
3.0433209055118109
21
1.2383496062992125
0
LINE
8
BLACK
6
CONTINUOUS
10
3.0433209055118109
20
1.2383496062992125
11
3.0424672834645667
21
1.2375675590551181
0
LINE
8
BLACK
6
CONTINUOUS
10
3.0424672834645667
20
1.2375675590551181
11
3.0141687795275591
21
1.2163437007874016
0
LINE
8
BLACK
6
CONTINUOUS
10
3.0141687795275591
20
1.2163437007874016
11
3.0160607874015746
21
1.2144516929133857
0
LINE
8
BLACK
6
CONTINUOUS
10
3.0160607874015746
20
1.2144516929133857
11
3.0389239763779528
21
1.2144516929133857
0
LINE
8
BLACK
6
CONTINUOUS
10
3.0389239763779528
20
1.2144516929133857
11
3.0400761023622045
21
1.2143382283464568
0
LINE
8
BLACK
6
CONTINUOUS
10
3.0400761023622045
20
1.2143382283464568
11
3.0422049212598425
21
1.2134564173228346
0
LINE
8
BLACK
6
CONTINUOUS
10
3.0422049212598425
20
1.2134564173228346
11
3.043834212598425
21
1.2118271259842519
0
LINE
8
BLACK
6
CONTINUOUS
10
3.043834212598425
20
1.2118271259842519
11
3.0447160236220472
21
1.2096983070866141
0
LINE
8
BLACK
6
CONTINUOUS
10
3.0447160236220472
20
1.2096983070866141
11
3.0447160236220472
21
1.2073940551181102
0
LINE
8
BLACK
6
CONTINUOUS
10
3.0447160236220472
20
1.2073940551181102
11
3.043834212598425
21
1.2052652362204723
0
LINE
8
BLACK
6
CONTINUOUS
10
3.043834212598425
20
1.2052652362204723
11
3.0422049212598425
21
1.2036359448818896
0
LINE
8
BLACK
6
CONTINUOUS
10
3.0422049212598425
20
1.2036359448818896
11
3.0400761023622045
21
1.2027541338582677
0
LINE
8
BLACK
6
CONTINUOUS
10
3.0400761023622045
20
1.2027541338582677
11
3.0389239763779528
21
1.2026406692913385
0
LINE
8
BLACK
6
CONTINUOUS
10
3.0389239763779528
20
1.2026406692913385
11
2.9798688582677166
21
1.2026406692913385
0
LINE
8
BLACK
6
CONTINUOUS
10
2.9798688582677166
20
1.2026406692913385
11
2.9787167322834645
21
1.2027541338582677
0
LINE
8
BLACK
6
CONTINUOUS
10
2.9787167322834645
20
1.2027541338582677
11
2.9765879133858268
21
1.2036359448818896
0
LINE
8
BLACK
6
CONTINUOUS
10
2.9765879133858268
20
1.2036359448818896
11
2.9749586220472439
21
1.2052652362204723
0
LINE
8
BLACK
6
CONTINUOUS
10
2.9749586220472439
20
1.2052652362204723
11
2.9740768110236218
21
1.2073940551181102
0
LINE
8
BLACK
6
CONTINUOUS
10
2.9740768110236218
20
1.2073940551181102
11
2.9740768110236218
21
1.2096983070866141
0
LINE
8
BLACK
6
CONTINUOUS
10
2.9740768110236218
20
1.2096983070866141
11
2.9749586220472439
21
1.2118271259842519
0
LINE
8
BLACK
6
CONTINUOUS
10
2.9749586220472439
20
1.2118271259842519
11
2.9765879133858268
21
1.2134564173228346
0
LINE
8
BLACK
6
CONTINUOUS
10
2.9765879133858268
20
1.2134564173228346
11
2.9787167322834645
21
1.2143382283464568
0
LINE
8
BLACK
6
CONTINUOUS
10
2.9787167322834645
20
1.2143382283464568
11
2.9798688582677166
21
1.2144516929133857
0
LINE
8
BLACK
6
CONTINUOUS
10
2.9798688582677166
20
1.2144516929133857
11
2.9993574803149605
21
1.2144516929133857
0
LINE
8
BLACK
6
CONTINUOUS
10
2.9993574803149605
20
1.2144516929133857
11
2.9756930314960628
21
1.2381161417322835
0
LINE
8
BLACK
6
CONTINUOUS
10
2.9756930314960628
20
1.2381161417322835
11
2.9749585826771652
21
1.239011062992126
0
LINE
8
BLACK
6
CONTINUOUS
10
2.9749585826771652
20
1.239011062992126
11
2.9740768110236218
21
1.2411398818897637
0
LINE
8
BLACK
6
CONTINUOUS
10
2.9740768110236218
20
1.2411398818897637
11
2.9740768110236218
21
1.2434440551181103
0
LINE
8
BLACK
6
CONTINUOUS
10
2.9740768110236218
20
1.2434440551181103
11
2.9749585826771652
21
1.2455728740157479
0
LINE
8
BLACK
6
CONTINUOUS
10
2.9749585826771652
20
1.2455728740157479
11
2.9765879527559056
21
1.2472022440944881
0
LINE
8
BLACK
6
CONTINUOUS
10
2.9765879527559056
20
1.2472022440944881
11
2.9787167716535432
21
1.2480840157480315
0
LINE
8
BLACK
6
CONTINUOUS
10
2.9787167716535432
20
1.2480840157480315
11
2.9810209448818896
21
1.2480840157480315
0
LINE
8
BLACK
6
CONTINUOUS
10
2.9810209448818896
20
1.2480840157480315
11
2.9831497637795277
21
1.2472022440944881
0
LINE
8
BLACK
6
CONTINUOUS
10
2.9831497637795277
20
1.2472022440944881
11
2.98404468503937
21
1.2464677952755905
0
LINE
8
BLACK
6
CONTINUOUS
10
2.98404468503937
20
1.2464677952755905
11
3.0057323228346458
21
1.224780157480315
0
LINE
8
BLACK
6
CONTINUOUS
10
3.0057323228346458
20
1.224780157480315
11
3.0353806692913383
21
1.2470163779527559
0
LINE
8
BLACK
6
CONTINUOUS
10
3.0353806692913383
20
1.2470163779527559
11
3.0363704724409448
21
1.2476168897637796
0
LINE
8
BLACK
6
CONTINUOUS
10
3.0363704724409448
20
1.2476168897637796
11
3.038602598425197
21
1.2481887401574803
0
LINE
8
BLACK
6
CONTINUOUS
10
3.038602598425197
20
1.2481887401574803
11
3.0408836220472439
21
1.247862874015748
0
LINE
8
BLACK
6
CONTINUOUS
10
3.0973248818897638
20
1.2946980708661417
11
3.0974803937007875
21
1.2947090944881889
0
LINE
8
BLACK
6
CONTINUOUS
10
3.0974803937007875
20
1.2947090944881889
11
3.0976848818897635
21
1.2946625984251969
0
LINE
8
BLACK
6
CONTINUOUS
10
3.0976848818897635
20
1.2946625984251969
11
3.0978938976377952
21
1.2946420078740157
0
LINE
8
BLACK
6
CONTINUOUS
10
3.0978938976377952
20
1.2946420078740157
11
3.0980380314960629
21
1.2945823228346456
0
LINE
8
BLACK
6
CONTINUOUS
10
3.0980380314960629
20
1.2945823228346456
11
3.0986092913385828
21
1.2944524015748031
0
LINE
8
BLACK
6
CONTINUOUS
10
3.0986092913385828
20
1.2944524015748031
11
3.1070456692913386
21
1.2916402362204724
0
LINE
8
BLACK
6
CONTINUOUS
10
3.1070456692913386
20
1.2916402362204724
11
3.1081027952755904
21
1.2911682677165355
0
LINE
8
BLACK
6
CONTINUOUS
10
3.1081027952755904
20
1.2911682677165355
11
3.1082630314960631
21
1.2910292913385826
0
LINE
8
BLACK
6
CONTINUOUS
10
3.1082630314960631
20
1.2910292913385826
11
3.1084590944881887
21
1.2909480708661416
0
LINE
8
BLACK
6
CONTINUOUS
10
3.1084590944881887
20
1.2909480708661416
11
3.1093540157480315
21
1.290213622047244
0
LINE
8
BLACK
6
CONTINUOUS
10
3.1093540157480315
20
1.290213622047244
11
3.1330184645669292
21
1.2665491732283465
0
LINE
8
BLACK
6
CONTINUOUS
10
3.1330184645669292
20
1.2665491732283465
11
3.1330184645669292
21
1.2888499606299213
0
LINE
8
BLACK
6
CONTINUOUS
10
3.1330184645669292
20
1.2888499606299213
11
3.1331319291338584
21
1.2900020866141733
0
LINE
8
BLACK
6
CONTINUOUS
10
3.1331319291338584
20
1.2900020866141733
11
3.1340137401574801
21
1.2921309055118111
0
LINE
8
BLACK
6
CONTINUOUS
10
3.1340137401574801
20
1.2921309055118111
11
3.135643031496063
21
1.2937601968503936
0
LINE
8
BLACK
6
CONTINUOUS
10
3.135643031496063
20
1.2937601968503936
11
3.1377718503937007
21
1.2946420078740157
0
LINE
8
BLACK
6
CONTINUOUS
10
3.1377718503937007
20
1.2946420078740157
11
3.1400761023622046
21
1.2946420078740157
0
LINE
8
BLACK
6
CONTINUOUS
10
3.1400761023622046
20
1.2946420078740157
11
3.1422049212598426
21
1.2937601968503936
0
LINE
8
BLACK
6
CONTINUOUS
10
3.1422049212598426
20
1.2937601968503936
11
3.1438342125984251
21
1.2921309055118111
0
LINE
8
BLACK
6
CONTINUOUS
10
3.1438342125984251
20
1.2921309055118111
11
3.1447160236220473
21
1.2900020866141733
0
LINE
8
BLACK
6
CONTINUOUS
10
3.1447160236220473
20
1.2900020866141733
11
3.1448294881889765
21
1.2888499606299213
0
LINE
8
BLACK
6
CONTINUOUS
10
3.1448294881889765
20
1.2888499606299213
11
3.1448294881889765
21
1.2522920078740156
0
LINE
8
BLACK
6
CONTINUOUS
10
3.1448294881889765
20
1.2522920078740156
11
3.1447160236220473
21
1.2511399212598424
0
LINE
8
BLACK
6
CONTINUOUS
10
3.1447160236220473
20
1.2511399212598424
11
3.1438342519685039
21
1.2490111023622048
0
LINE
8
BLACK
6
CONTINUOUS
10
3.1438342519685039
20
1.2490111023622048
11
3.1422048818897639
21
1.2473817322834646
0
LINE
8
BLACK
6
CONTINUOUS
10
3.1422048818897639
20
1.2473817322834646
11
3.140957874015748
21
1.2468652362204724
0
LINE
8
BLACK
6
CONTINUOUS
10
3.140957874015748
20
1.2468652362204724
11
3.1400761023622046
21
1.2464999606299212
0
LINE
8
BLACK
6
CONTINUOUS
10
3.1400761023622046
20
1.2464999606299212
11
3.1400760629921258
21
1.2464999606299212
0
LINE
8
BLACK
6
CONTINUOUS
10
3.1400760629921258
20
1.2464999606299212
11
3.1377718897637794
21
1.2464999606299212
0
LINE
8
BLACK
6
CONTINUOUS
10
3.1377718897637794
20
1.2464999606299212
11
3.1377718503937007
21
1.2464999606299212
0
LINE
8
BLACK
6
CONTINUOUS
10
3.1377718503937007
20
1.2464999606299212
11
3.1371483464566929
21
1.2467582677165354
0
LINE
8
BLACK
6
CONTINUOUS
10
3.1371483464566929
20
1.2467582677165354
11
3.135643031496063
21
1.2473817322834646
0
LINE
8
BLACK
6
CONTINUOUS
10
3.135643031496063
20
1.2473817322834646
11
3.134748149606299
21
1.2481161811023622
0
LINE
8
BLACK
6
CONTINUOUS
10
3.134748149606299
20
1.2481161811023622
11
3.1019881102362206
21
1.2808762204724409
0
LINE
8
BLACK
6
CONTINUOUS
10
3.1019881102362206
20
1.2808762204724409
11
3.0957834645669289
21
1.2829444488188977
0
LINE
8
BLACK
6
CONTINUOUS
10
3.0957834645669289
20
1.2829444488188977
11
3.0925115354330708
21
1.2829444488188977
0
LINE
8
BLACK
6
CONTINUOUS
10
3.0925115354330708
20
1.2829444488188977
11
3.088991338582677
21
1.2811843700787402
0
LINE
8
BLACK
6
CONTINUOUS
10
3.088991338582677
20
1.2811843700787402
11
3.0875344881889761
21
1.2797275196850393
0
LINE
8
BLACK
6
CONTINUOUS
10
3.0875344881889761
20
1.2797275196850393
11
3.0857743700787399
21
1.2762072440944883
0
LINE
8
BLACK
6
CONTINUOUS
10
3.0857743700787399
20
1.2762072440944883
11
3.0857743700787399
21
1.2649347244094489
0
LINE
8
BLACK
6
CONTINUOUS
10
3.0857743700787399
20
1.2649347244094489
11
3.0875344881889761
21
1.2614144881889764
0
LINE
8
BLACK
6
CONTINUOUS
10
3.0875344881889761
20
1.2614144881889764
11
3.0896689763779528
21
1.25928
0
LINE
8
BLACK
6
CONTINUOUS
10
3.0896689763779528
20
1.25928
11
3.0904034251968504
21
1.2583851181102361
0
LINE
8
BLACK
6
CONTINUOUS
10
3.0904034251968504
20
1.2583851181102361
11
3.0912851574803151
21
1.2562562598425198
0
LINE
8
BLACK
6
CONTINUOUS
10
3.0912851574803151
20
1.2562562598425198
11
3.0912851574803151
21
1.2539520866141731
0
LINE
8
BLACK
6
CONTINUOUS
10
3.0912851574803151
20
1.2539520866141731
11
3.0904034251968504
21
1.2518232677165355
0
LINE
8
BLACK
6
CONTINUOUS
10
3.0904034251968504
20
1.2518232677165355
11
3.08877405511811
21
1.2501938976377953
0
LINE
8
BLACK
6
CONTINUOUS
10
3.08877405511811
20
1.2501938976377953
11
3.0866452362204724
21
1.2493121653543307
0
LINE
8
BLACK
6
CONTINUOUS
10
3.0866452362204724
20
1.2493121653543307
11
3.084341062992126
21
1.2493121653543307
0
LINE
8
BLACK
6
CONTINUOUS
10
3.084341062992126
20
1.2493121653543307
11
3.0822122047244096
21
1.2501938976377953
0
LINE
8
BLACK
6
CONTINUOUS
10
3.0822122047244096
20
1.2501938976377953
11
3.0813173228346455
21
1.2509283464566929
0
LINE
8
BLACK
6
CONTINUOUS
10
3.0813173228346455
20
1.2509283464566929
11
3.0785051968503936
21
1.2537404724409449
0
LINE
8
BLACK
6
CONTINUOUS
10
3.0785051968503936
20
1.2537404724409449
11
3.0781335433070867
21
1.2541933070866143
0
LINE
8
BLACK
6
CONTINUOUS
10
3.0781335433070867
20
1.2541933070866143
11
3.0780157086614173
21
1.2542955118110235
0
LINE
8
BLACK
6
CONTINUOUS
10
3.0780157086614173
20
1.2542955118110235
11
3.0779038582677165
21
1.2544732283464566
0
LINE
8
BLACK
6
CONTINUOUS
10
3.0779038582677165
20
1.2544732283464566
11
3.077770748031496
21
1.2546353937007875
0
LINE
8
BLACK
6
CONTINUOUS
10
3.077770748031496
20
1.2546353937007875
11
3.077711062992126
21
1.2547794881889764
0
LINE
8
BLACK
6
CONTINUOUS
10
3.077711062992126
20
1.2547794881889764
11
3.0773989763779528
21
1.2552752755905512
0
LINE
8
BLACK
6
CONTINUOUS
10
3.0773989763779528
20
1.2552752755905512
11
3.0745868110236221
21
1.2608995669291339
0
LINE
8
BLACK
6
CONTINUOUS
10
3.0745868110236221
20
1.2608995669291339
11
3.0741730708661414
21
1.2619807874015747
0
LINE
8
BLACK
6
CONTINUOUS
10
3.0741730708661414
20
1.2619807874015747
11
3.0741580314960628
21
1.2621924015748032
0
LINE
8
BLACK
6
CONTINUOUS
10
3.0741580314960628
20
1.2621924015748032
11
3.0740768110236218
21
1.2623884645669292
0
LINE
8
BLACK
6
CONTINUOUS
10
3.0740768110236218
20
1.2623884645669292
11
3.0739633464566927
21
1.2635405905511812
0
LINE
8
BLACK
6
CONTINUOUS
10
3.0739633464566927
20
1.2635405905511812
11
3.0739633464566927
21
1.2776013385826772
0
LINE
8
BLACK
6
CONTINUOUS
10
3.0739633464566927
20
1.2776013385826772
11
3.0740768110236218
21
1.2787534645669292
0
LINE
8
BLACK
6
CONTINUOUS
10
3.0740768110236218
20
1.2787534645669292
11
3.0741580314960628
21
1.2789495669291338
0
LINE
8
BLACK
6
CONTINUOUS
10
3.0741580314960628
20
1.2789495669291338
11
3.0741730708661414
21
1.2791611417322835
0
LINE
8
BLACK
6
CONTINUOUS
10
3.0741730708661414
20
1.2791611417322835
11
3.0745868110236221
21
1.2802423622047243
0
LINE
8
BLACK
6
CONTINUOUS
10
3.0745868110236221
20
1.2802423622047243
11
3.0773989763779528
21
1.285866653543307
0
LINE
8
BLACK
6
CONTINUOUS
10
3.0773989763779528
20
1.285866653543307
11
3.0777111023622048
21
1.286362559055118
0
LINE
8
BLACK
6
CONTINUOUS
10
3.0777111023622048
20
1.286362559055118
11
3.077770748031496
21
1.2865064960629922
0
LINE
8
BLACK
6
CONTINUOUS
10
3.077770748031496
20
1.2865064960629922
11
3.077903779527559
21
1.2866686220472441
0
LINE
8
BLACK
6
CONTINUOUS
10
3.077903779527559
20
1.2866686220472441
11
3.0780157086614173
21
1.2868464173228347
0
LINE
8
BLACK
6
CONTINUOUS
10
3.0780157086614173
20
1.2868464173228347
11
3.0781335826771654
21
1.2869487007874016
0
LINE
8
BLACK
6
CONTINUOUS
10
3.0781335826771654
20
1.2869487007874016
11
3.0785051574803148
21
1.2874014173228345
0
LINE
8
BLACK
6
CONTINUOUS
10
3.0785051574803148
20
1.2874014173228345
11
3.0813172834645668
21
1.2902135826771652
0
LINE
8
BLACK
6
CONTINUOUS
10
3.0813172834645668
20
1.2902135826771652
11
3.0817700787401576
21
1.2905852362204724
0
LINE
8
BLACK
6
CONTINUOUS
10
3.0817700787401576
20
1.2905852362204724
11
3.0818723622047242
21
1.2907031102362205
0
LINE
8
BLACK
6
CONTINUOUS
10
3.0818723622047242
20
1.2907031102362205
11
3.0820500787401572
21
1.290815
0
LINE
8
BLACK
6
CONTINUOUS
10
3.0820500787401572
20
1.290815
11
3.0822122047244096
21
1.2909480314960629
0
LINE
8
BLACK
6
CONTINUOUS
10
3.0822122047244096
20
1.2909480314960629
11
3.0823561811023623
21
1.291007716535433
0
LINE
8
BLACK
6
CONTINUOUS
10
3.0823561811023623
20
1.291007716535433
11
3.0828521259842518
21
1.291319842519685
0
LINE
8
BLACK
6
CONTINUOUS
10
3.0828521259842518
20
1.291319842519685
11
3.0884763779527558
21
1.2941320078740157
0
LINE
8
BLACK
6
CONTINUOUS
10
3.0884763779527558
20
1.2941320078740157
11
3.0895576377952754
21
1.2945457480314961
0
LINE
8
BLACK
6
CONTINUOUS
10
3.0895576377952754
20
1.2945457480314961
11
3.0897692125984251
21
1.2945607874015748
0
LINE
8
BLACK
6
CONTINUOUS
10
3.0897692125984251
20
1.2945607874015748
11
3.0899653149606299
21
1.2946420078740157
0
LINE
8
BLACK
6
CONTINUOUS
10
3.0899653149606299
20
1.2946420078740157
11
3.0911174409448816
21
1.2947554724409449
0
LINE
8
BLACK
6
CONTINUOUS
10
3.0911174409448816
20
1.2947554724409449
11
3.096741771653543
21
1.2947554724409449
0
LINE
8
BLACK
6
CONTINUOUS
10
3.096741771653543
20
1.2947554724409449
11
3.0973248818897638
21
1.2946980708661417
0
LINE
8
BLACK
6
CONTINUOUS
10
3.0404838188976377
20
1.3042307480314961
11
3.0425447244094488
21
1.3032002755905512
0
LINE
8
BLACK
6
CONTINUOUS
10
3.0425447244094488
20
1.3032002755905512
11
3.0440544488188976
21
1.3014595669291338
0
LINE
8
BLACK
6
CONTINUOUS
10
3.0440544488188976
20
1.3014595669291338
11
3.0447831496062991
21
1.2992735826771653
0
LINE
8
BLACK
6
CONTINUOUS
10
3.0447831496062991
20
1.2992735826771653
11
3.0446197637795276
21
1.296975157480315
0
LINE
8
BLACK
6
CONTINUOUS
10
3.0446197637795276
20
1.296975157480315
11
3.0435893307086612
21
1.2949142125984252
0
LINE
8
BLACK
6
CONTINUOUS
10
3.0435893307086612
20
1.2949142125984252
11
3.0418485826771651
21
1.2934044881889764
0
LINE
8
BLACK
6
CONTINUOUS
10
3.0418485826771651
20
1.2934044881889764
11
3.0407914566929133
21
1.2929325196850394
0
LINE
8
BLACK
6
CONTINUOUS
10
3.0407914566929133
20
1.2929325196850394
11
3.0279566141732284
21
1.2886542519685038
0
LINE
8
BLACK
6
CONTINUOUS
10
3.0279566141732284
20
1.2886542519685038
11
3.0279566141732284
21
1.2690456299212598
0
LINE
8
BLACK
6
CONTINUOUS
10
3.0279566141732284
20
1.2690456299212598
11
3.0407914566929133
21
1.2647673228346457
0
LINE
8
BLACK
6
CONTINUOUS
10
3.0407914566929133
20
1.2647673228346457
11
3.0418485826771651
21
1.2642953543307087
0
LINE
8
BLACK
6
CONTINUOUS
10
3.0418485826771651
20
1.2642953543307087
11
3.0435893307086612
21
1.2627856299212599
0
LINE
8
BLACK
6
CONTINUOUS
10
3.0435893307086612
20
1.2627856299212599
11
3.0446197637795276
21
1.2607246850393701
0
LINE
8
BLACK
6
CONTINUOUS
10
3.0446197637795276
20
1.2607246850393701
11
3.0447831496062991
21
1.2584262598425195
0
LINE
8
BLACK
6
CONTINUOUS
10
3.0447831496062991
20
1.2584262598425195
11
3.0440544488188976
21
1.2562402755905511
0
LINE
8
BLACK
6
CONTINUOUS
10
3.0440544488188976
20
1.2562402755905511
11
3.0425447244094488
21
1.2544995669291339
0
LINE
8
BLACK
6
CONTINUOUS
10
3.0425447244094488
20
1.2544995669291339
11
3.0404838188976377
21
1.253469094488189
0
LINE
8
BLACK
6
CONTINUOUS
10
3.0404838188976377
20
1.253469094488189
11
3.0381853937007874
21
1.2533057086614172
0
LINE
8
BLACK
6
CONTINUOUS
10
3.0381853937007874
20
1.2533057086614172
11
3.0370564960629922
21
1.253562401574803
0
LINE
8
BLACK
6
CONTINUOUS
10
3.0370564960629922
20
1.253562401574803
11
2.9780013779527557
21
1.2732474803149607
0
LINE
8
BLACK
6
CONTINUOUS
10
2.9780013779527557
20
1.2732474803149607
11
2.9769442519685039
21
1.2737194488188976
0
LINE
8
BLACK
6
CONTINUOUS
10
2.9769442519685039
20
1.2737194488188976
11
2.9766254724409449
21
1.2739959448818898
0
LINE
8
BLACK
6
CONTINUOUS
10
2.9766254724409449
20
1.2739959448818898
11
2.9762481102362206
21
1.2741846062992126
0
LINE
8
BLACK
6
CONTINUOUS
10
2.9762481102362206
20
1.2741846062992126
11
2.9757629133858265
21
1.2747440157480314
0
LINE
8
BLACK
6
CONTINUOUS
10
2.9757629133858265
20
1.2747440157480314
11
2.9752035433070865
21
1.2752291732283465
0
LINE
8
BLACK
6
CONTINUOUS
10
2.9752035433070865
20
1.2752291732283465
11
2.975014842519685
21
1.2756065748031495
0
LINE
8
BLACK
6
CONTINUOUS
10
2.975014842519685
20
1.2756065748031495
11
2.9747383858267717
21
1.27592531496063
0
LINE
8
BLACK
6
CONTINUOUS
10
2.9747383858267717
20
1.27592531496063
11
2.9745042125984251
21
1.2766277559055117
0
LINE
8
BLACK
6
CONTINUOUS
10
2.9745042125984251
20
1.2766277559055117
11
2.9741730708661418
21
1.2772900787401575
0
LINE
8
BLACK
6
CONTINUOUS
10
2.9741730708661418
20
1.2772900787401575
11
2.9741431496062991
21
1.2777110236220472
0
LINE
8
BLACK
6
CONTINUOUS
10
2.9741431496062991
20
1.2777110236220472
11
2.9740097244094486
21
1.2781112992125985
0
LINE
8
BLACK
6
CONTINUOUS
10
2.9740097244094486
20
1.2781112992125985
11
2.9740622047244094
21
1.2788499212598425
0
LINE
8
BLACK
6
CONTINUOUS
10
2.9740622047244094
20
1.2788499212598425
11
2.9740097244094486
21
1.2795885433070866
0
LINE
8
BLACK
6
CONTINUOUS
10
2.9740097244094486
20
1.2795885433070866
11
2.9741431496062991
21
1.2799888582677166
0
LINE
8
BLACK
6
CONTINUOUS
10
2.9741431496062991
20
1.2799888582677166
11
2.9741730708661418
21
1.2804097637795275
0
LINE
8
BLACK
6
CONTINUOUS
10
2.9741730708661418
20
1.2804097637795275
11
2.9745042125984251
21
1.2810721259842519
0
LINE
8
BLACK
6
CONTINUOUS
10
2.9745042125984251
20
1.2810721259842519
11
2.9747383858267717
21
1.2817745275590551
0
LINE
8
BLACK
6
CONTINUOUS
10
2.9747383858267717
20
1.2817745275590551
11
2.975014842519685
21
1.2820933070866141
0
LINE
8
BLACK
6
CONTINUOUS
10
2.975014842519685
20
1.2820933070866141
11
2.9752035433070865
21
1.2824706692913386
0
LINE
8
BLACK
6
CONTINUOUS
10
2.9752035433070865
20
1.2824706692913386
11
2.9757629133858265
21
1.2829558661417322
0
LINE
8
BLACK
6
CONTINUOUS
10
2.9757629133858265
20
1.2829558661417322
11
2.9762481102362206
21
1.2835152362204725
0
LINE
8
BLACK
6
CONTINUOUS
10
2.9762481102362206
20
1.2835152362204725
11
2.9766254724409449
21
1.283703937007874
0
LINE
8
BLACK
6
CONTINUOUS
10
2.9766254724409449
20
1.283703937007874
11
2.9769442519685039
21
1.2839803937007874
0
LINE
8
BLACK
6
CONTINUOUS
10
2.9769442519685039
20
1.2839803937007874
11
2.9780013779527557
21
1.2844523622047244
0
LINE
8
BLACK
6
CONTINUOUS
10
2.9780013779527557
20
1.2844523622047244
11
3.0370564960629922
21
1.3041374409448818
0
LINE
8
BLACK
6
CONTINUOUS
10
3.0370564960629922
20
1.3041374409448818
11
3.0381853937007874
21
1.3043941338582676
0
LINE
8
BLACK
6
CONTINUOUS
10
3.0381853937007874
20
1.3043941338582676
11
3.0404838188976377
21
1.3042307480314961
0
LINE
8
BLACK
6
CONTINUOUS
10
2.9985436614173229
20
1.2788499212598425
11
3.0161455905511811
21
1.2729826377952755
0
LINE
8
BLACK
6
CONTINUOUS
10
3.0161455905511811
20
1.2729826377952755
11
3.0161455905511811
21
1.2847172440944881
0
LINE
8
BLACK
6
CONTINUOUS
10
3.0161455905511811
20
1.2847172440944881
11
2.9985436614173229
21
1.2788499212598425
0
LINE
8
BLACK
6
CONTINUOUS
10
3.116627716535433
20
1.3509786614173227
11
3.1167138582677163
21
1.3509914566929133
0
LINE
8
BLACK
6
CONTINUOUS
10
3.1167138582677163
20
1.3509914566929133
11
3.1171449999999998
21
1.350927716535433
0
LINE
8
BLACK
6
CONTINUOUS
10
3.1171449999999998
20
1.350927716535433
11
3.1175789370078739
21
1.3508849606299211
0
LINE
8
BLACK
6
CONTINUOUS
10
3.1175789370078739
20
1.3508849606299211
11
3.117659409448819
21
1.3508516535433071
0
LINE
8
BLACK
6
CONTINUOUS
10
3.117659409448819
20
1.3508516535433071
11
3.1178591338582677
21
1.3508220866141731
0
LINE
8
BLACK
6
CONTINUOUS
10
3.1178591338582677
20
1.3508220866141731
11
3.1291076771653543
21
1.3480099212598424
0
LINE
8
BLACK
6
CONTINUOUS
10
3.1291076771653543
20
1.3480099212598424
11
3.1291926377952755
21
1.3479795669291339
0
LINE
8
BLACK
6
CONTINUOUS
10
3.1291926377952755
20
1.3479795669291339
11
3.1292351968503938
21
1.3479765354330708
0
LINE
8
BLACK
6
CONTINUOUS
10
3.1292351968503938
20
1.3479765354330708
11
3.1297144881889762
21
1.3477931496062991
0
LINE
8
BLACK
6
CONTINUOUS
10
3.1297144881889762
20
1.3477931496062991
11
3.1301978740157481
21
1.3476204330708661
0
LINE
8
BLACK
6
CONTINUOUS
10
3.1301978740157481
20
1.3476204330708661
11
3.1302321259842518
21
1.3475950787401574
0
LINE
8
BLACK
6
CONTINUOUS
10
3.1302321259842518
20
1.3475950787401574
11
3.1303164173228346
21
1.3475627952755904
0
LINE
8
BLACK
6
CONTINUOUS
10
3.1303164173228346
20
1.3475627952755904
11
3.1359407086614173
21
1.3447506299212597
0
LINE
8
BLACK
6
CONTINUOUS
10
3.1359407086614173
20
1.3447506299212597
11
3.1364365748031497
21
1.3444385039370079
0
LINE
8
BLACK
6
CONTINUOUS
10
3.1364365748031497
20
1.3444385039370079
11
3.1365805511811025
21
1.3443788582677165
0
LINE
8
BLACK
6
CONTINUOUS
10
3.1365805511811025
20
1.3443788582677165
11
3.1367426377952756
21
1.3442458267716535
0
LINE
8
BLACK
6
CONTINUOUS
10
3.1367426377952756
20
1.3442458267716535
11
3.136920472440945
21
1.3441338976377952
0
LINE
8
BLACK
6
CONTINUOUS
10
3.136920472440945
20
1.3441338976377952
11
3.1370227165354332
21
1.3440160236220473
0
LINE
8
BLACK
6
CONTINUOUS
10
3.1370227165354332
20
1.3440160236220473
11
3.1374754724409448
21
1.3436444488188977
0
LINE
8
BLACK
6
CONTINUOUS
10
3.1374754724409448
20
1.3436444488188977
11
3.1402876377952755
21
1.3408323228346457
0
LINE
8
BLACK
6
CONTINUOUS
10
3.1402876377952755
20
1.3408323228346457
11
3.14065937007874
21
1.3403793700787401
0
LINE
8
BLACK
6
CONTINUOUS
10
3.14065937007874
20
1.3403793700787401
11
3.1407771653543306
21
1.3402772047244094
0
LINE
8
BLACK
6
CONTINUOUS
10
3.1407771653543306
20
1.3402772047244094
11
3.1408889370078739
21
1.3400996456692913
0
LINE
8
BLACK
6
CONTINUOUS
10
3.1408889370078739
20
1.3400996456692913
11
3.1410220866141731
21
1.3399374015748031
0
LINE
8
BLACK
6
CONTINUOUS
10
3.1410220866141731
20
1.3399374015748031
11
3.1410817322834643
21
1.3397933464566929
0
LINE
8
BLACK
6
CONTINUOUS
10
3.1410817322834643
20
1.3397933464566929
11
3.1413938976377951
21
1.3392974803149607
0
LINE
8
BLACK
6
CONTINUOUS
10
3.1413938976377951
20
1.3392974803149607
11
3.144206023622047
21
1.3336731496062992
0
LINE
8
BLACK
6
CONTINUOUS
10
3.144206023622047
20
1.3336731496062992
11
3.1446198031496064
21
1.3325919291338582
0
LINE
8
BLACK
6
CONTINUOUS
10
3.1446198031496064
20
1.3325919291338582
11
3.1446348031496063
21
1.3323803149606299
0
LINE
8
BLACK
6
CONTINUOUS
10
3.1446348031496063
20
1.3323803149606299
11
3.1447160236220473
21
1.3321842913385826
0
LINE
8
BLACK
6
CONTINUOUS
10
3.1447160236220473
20
1.3321842913385826
11
3.1448294881889765
21
1.3310321653543307
0
LINE
8
BLACK
6
CONTINUOUS
10
3.1448294881889765
20
1.3310321653543307
11
3.1448294881889765
21
1.325407874015748
0
LINE
8
BLACK
6
CONTINUOUS
10
3.1448294881889765
20
1.325407874015748
11
3.1447160236220473
21
1.324255748031496
0
LINE
8
BLACK
6
CONTINUOUS
10
3.1447160236220473
20
1.324255748031496
11
3.1446348031496063
21
1.3240597637795275
0
LINE
8
BLACK
6
CONTINUOUS
10
3.1446348031496063
20
1.3240597637795275
11
3.1446198031496064
21
1.3238481102362205
0
LINE
8
BLACK
6
CONTINUOUS
10
3.1446198031496064
20
1.3238481102362205
11
3.1442060629921258
21
1.3227668897637794
0
LINE
8
BLACK
6
CONTINUOUS
10
3.1442060629921258
20
1.3227668897637794
11
3.1413938976377951
21
1.317142559055118
0
LINE
8
BLACK
6
CONTINUOUS
10
3.1413938976377951
20
1.317142559055118
11
3.1410817322834643
21
1.316646653543307
0
LINE
8
BLACK
6
CONTINUOUS
10
3.1410817322834643
20
1.316646653543307
11
3.1410220866141731
21
1.3165025984251968
0
LINE
8
BLACK
6
CONTINUOUS
10
3.1410220866141731
20
1.3165025984251968
11
3.1408890551181101
21
1.3163405511811024
0
LINE
8
BLACK
6
CONTINUOUS
10
3.1408890551181101
20
1.3163405511811024
11
3.1407772047244094
21
1.3161627952755905
0
LINE
8
BLACK
6
CONTINUOUS
10
3.1407772047244094
20
1.3161627952755905
11
3.1406592519685037
21
1.3160605511811023
0
LINE
8
BLACK
6
CONTINUOUS
10
3.1406592519685037
20
1.3160605511811023
11
3.1402876377952755
21
1.3156076771653542
0
LINE
8
BLACK
6
CONTINUOUS
10
3.1402876377952755
20
1.3156076771653542
11
3.1374754724409448
21
1.3127955511811022
0
LINE
8
BLACK
6
CONTINUOUS
10
3.1374754724409448
20
1.3127955511811022
11
3.1370227165354332
21
1.3124240157480314
0
LINE
8
BLACK
6
CONTINUOUS
10
3.1370227165354332
20
1.3124240157480314
11
3.136920472440945
21
1.3123061023622047
0
LINE
8
BLACK
6
CONTINUOUS
10
3.136920472440945
20
1.3123061023622047
11
3.1367426377952756
21
1.3121942125984252
0
LINE
8
BLACK
6
CONTINUOUS
10
3.1367426377952756
20
1.3121942125984252
11
3.1365805511811025
21
1.3120611417322834
0
LINE
8
BLACK
6
CONTINUOUS
10
3.1365805511811025
20
1.3120611417322834
11
3.1364365748031497
21
1.3120015354330707
0
LINE
8
BLACK
6
CONTINUOUS
10
3.1364365748031497
20
1.3120015354330707
11
3.1359407086614173
21
1.3116893700787402
0
LINE
8
BLACK
6
CONTINUOUS
10
3.1359407086614173
20
1.3116893700787402
11
3.1303164173228346
21
1.3088772047244095
0
LINE
8
BLACK
6
CONTINUOUS
10
3.1303164173228346
20
1.3088772047244095
11
3.1302321259842518
21
1.3088449606299213
0
LINE
8
BLACK
6
CONTINUOUS
10
3.1302321259842518
20
1.3088449606299213
11
3.1301978740157481
21
1.3088195669291338
0
LINE
8
BLACK
6
CONTINUOUS
10
3.1301978740157481
20
1.3088195669291338
11
3.1297144881889762
21
1.3086468897637795
0
LINE
8
BLACK
6
CONTINUOUS
10
3.1297144881889762
20
1.3086468897637795
11
3.1292351968503938
21
1.3084634645669291
0
LINE
8
BLACK
6
CONTINUOUS
10
3.1292351968503938
20
1.3084634645669291
11
3.1291926377952755
21
1.3084604724409448
0
LINE
8
BLACK
6
CONTINUOUS
10
3.1291926377952755
20
1.3084604724409448
11
3.1291076771653543
21
1.3084300787401575
0
LINE
8
BLACK
6
CONTINUOUS
10
3.1291076771653543
20
1.3084300787401575
11
3.117859094488189
21
1.3056179527559055
0
LINE
8
BLACK
6
CONTINUOUS
10
3.117859094488189
20
1.3056179527559055
11
3.117659409448819
21
1.3055884645669291
0
LINE
8
BLACK
6
CONTINUOUS
10
3.117659409448819
20
1.3055884645669291
11
3.1175789370078739
21
1.3055550787401575
0
LINE
8
BLACK
6
CONTINUOUS
10
3.1175789370078739
20
1.3055550787401575
11
3.1171449606299211
21
1.3055123622047244
0
LINE
8
BLACK
6
CONTINUOUS
10
3.1171449606299211
20
1.3055123622047244
11
3.1167138582677163
21
1.3054485826771653
0
LINE
8
BLACK
6
CONTINUOUS
10
3.1167138582677163
20
1.3054485826771653
11
3.116627716535433
21
1.3054614173228347
0
LINE
8
BLACK
6
CONTINUOUS
10
3.116627716535433
20
1.3054614173228347
11
3.1164268110236222
21
1.3054416141732283
0
LINE
8
BLACK
6
CONTINUOUS
10
3.1164268110236222
20
1.3054416141732283
11
3.1023660629921257
21
1.3054416141732283
0
LINE
8
BLACK
6
CONTINUOUS
10
3.1023660629921257
20
1.3054416141732283
11
3.1021651181102361
21
1.3054614173228347
0
LINE
8
BLACK
6
CONTINUOUS
10
3.1021651181102361
20
1.3054614173228347
11
3.1020790157480316
21
1.3054485826771653
0
LINE
8
BLACK
6
CONTINUOUS
10
3.1020790157480316
20
1.3054485826771653
11
3.101647874015748
21
1.3055123622047244
0
LINE
8
BLACK
6
CONTINUOUS
10
3.101647874015748
20
1.3055123622047244
11
3.101213937007874
21
1.3055550787401575
0
LINE
8
BLACK
6
CONTINUOUS
10
3.101213937007874
20
1.3055550787401575
11
3.1011334251968505
21
1.3055884645669291
0
LINE
8
BLACK
6
CONTINUOUS
10
3.1011334251968505
20
1.3055884645669291
11
3.1009337795275589
21
1.3056179527559055
0
LINE
8
BLACK
6
CONTINUOUS
10
3.1009337795275589
20
1.3056179527559055
11
3.0896851574803148
21
1.3084300787401575
0
LINE
8
BLACK
6
CONTINUOUS
10
3.0896851574803148
20
1.3084300787401575
11
3.0896001574803149
21
1.3084604724409448
0
LINE
8
BLACK
6
CONTINUOUS
10
3.0896001574803149
20
1.3084604724409448
11
3.0895576377952754
21
1.3084634645669291
0
LINE
8
BLACK
6
CONTINUOUS
10
3.0895576377952754
20
1.3084634645669291
11
3.0890780708661416
21
1.308646968503937
0
LINE
8
BLACK
6
CONTINUOUS
10
3.0890780708661416
20
1.308646968503937
11
3.088594960629921
21
1.3088195669291338
0
LINE
8
BLACK
6
CONTINUOUS
10
3.088594960629921
20
1.3088195669291338
11
3.0885607086614173
21
1.3088449606299213
0
LINE
8
BLACK
6
CONTINUOUS
10
3.0885607086614173
20
1.3088449606299213
11
3.0884763779527558
21
1.3088772047244095
0
LINE
8
BLACK
6
CONTINUOUS
10
3.0884763779527558
20
1.3088772047244095
11
3.0828521259842518
21
1.3116893700787402
0
LINE
8
BLACK
6
CONTINUOUS
10
3.0828521259842518
20
1.3116893700787402
11
3.0823563779527556
21
1.3120014566929135
0
LINE
8
BLACK
6
CONTINUOUS
10
3.0823563779527556
20
1.3120014566929135
11
3.0822122047244096
21
1.3120611417322834
0
LINE
8
BLACK
6
CONTINUOUS
10
3.0822122047244096
20
1.3120611417322834
11
3.0820498818897639
21
1.3121943700787402
0
LINE
8
BLACK
6
CONTINUOUS
10
3.0820498818897639
20
1.3121943700787402
11
3.0818723622047242
21
1.3123061023622047
0
LINE
8
BLACK
6
CONTINUOUS
10
3.0818723622047242
20
1.3123061023622047
11
3.0817701574803147
21
1.3124239370078741
0
LINE
8
BLACK
6
CONTINUOUS
10
3.0817701574803147
20
1.3124239370078741
11
3.0813173228346455
21
1.312795590551181
0
LINE
8
BLACK
6
CONTINUOUS
10
3.0813173228346455
20
1.312795590551181
11
3.0785051968503936
21
1.315607716535433
0
LINE
8
BLACK
6
CONTINUOUS
10
3.0785051968503936
20
1.315607716535433
11
3.0781335433070867
21
1.3160605511811023
0
LINE
8
BLACK
6
CONTINUOUS
10
3.0781335433070867
20
1.3160605511811023
11
3.0780157086614173
21
1.3161627559055118
0
LINE
8
BLACK
6
CONTINUOUS
10
3.0780157086614173
20
1.3161627559055118
11
3.0779038582677165
21
1.3163404724409449
0
LINE
8
BLACK
6
CONTINUOUS
10
3.0779038582677165
20
1.3163404724409449
11
3.077770748031496
21
1.3165026377952755
0
LINE
8
BLACK
6
CONTINUOUS
10
3.077770748031496
20
1.3165026377952755
11
3.077711062992126
21
1.3166467322834645
0
LINE
8
BLACK
6
CONTINUOUS
10
3.077711062992126
20
1.3166467322834645
11
3.0773989763779528
21
1.3171425196850393
0
LINE
8
BLACK
6
CONTINUOUS
10
3.0773989763779528
20
1.3171425196850393
11
3.0745868110236221
21
1.3227668503937007
0
LINE
8
BLACK
6
CONTINUOUS
10
3.0745868110236221
20
1.3227668503937007
11
3.0741730314960631
21
1.3238480708661418
0
LINE
8
BLACK
6
CONTINUOUS
10
3.0741730314960631
20
1.3238480708661418
11
3.0741579527559053
21
1.3240598031496063
0
LINE
8
BLACK
6
CONTINUOUS
10
3.0741579527559053
20
1.3240598031496063
11
3.0740768110236218
21
1.324255748031496
0
LINE
8
BLACK
6
CONTINUOUS
10
3.0740768110236218
20
1.324255748031496
11
3.0739633464566927
21
1.325407874015748
0
LINE
8
BLACK
6
CONTINUOUS
10
3.0739633464566927
20
1.325407874015748
11
3.0739633464566927
21
1.3310321653543307
0
LINE
8
BLACK
6
CONTINUOUS
10
3.0739633464566927
20
1.3310321653543307
11
3.0740768110236218
21
1.3321842913385826
0
LINE
8
BLACK
6
CONTINUOUS
10
3.0740768110236218
20
1.3321842913385826
11
3.0741580314960628
21
1.3323803937007874
0
LINE
8
BLACK
6
CONTINUOUS
10
3.0741580314960628
20
1.3323803937007874
11
3.0741730708661414
21
1.3325919685039369
0
LINE
8
BLACK
6
CONTINUOUS
10
3.0741730708661414
20
1.3325919685039369
11
3.0745868110236221
21
1.333673188976378
0
LINE
8
BLACK
6
CONTINUOUS
10
3.0745868110236221
20
1.333673188976378
11
3.0773989763779528
21
1.3392974803149607
0
LINE
8
BLACK
6
CONTINUOUS
10
3.0773989763779528
20
1.3392974803149607
11
3.077711062992126
21
1.3397933070866141
0
LINE
8
BLACK
6
CONTINUOUS
10
3.077711062992126
20
1.3397933070866141
11
3.077770748031496
21
1.3399373622047244
0
LINE
8
BLACK
6
CONTINUOUS
10
3.077770748031496
20
1.3399373622047244
11
3.0779038582677165
21
1.3400995669291338
0
LINE
8
BLACK
6
CONTINUOUS
10
3.0779038582677165
20
1.3400995669291338
11
3.0780157086614173
21
1.3402772440944881
0
LINE
8
BLACK
6
CONTINUOUS
10
3.0780157086614173
20
1.3402772440944881
11
3.0781335433070867
21
1.3403794881889763
0
LINE
8
BLACK
6
CONTINUOUS
10
3.0781335433070867
20
1.3403794881889763
11
3.0785051968503936
21
1.340832283464567
0
LINE
8
BLACK
6
CONTINUOUS
10
3.0785051968503936
20
1.340832283464567
11
3.0813173228346455
21
1.3436444094488189
0
LINE
8
BLACK
6
CONTINUOUS
10
3.0813173228346455
20
1.3436444094488189
11
3.0817701574803147
21
1.3440161023622046
0
LINE
8
BLACK
6
CONTINUOUS
10
3.0817701574803147
20
1.3440161023622046
11
3.0818723622047242
21
1.3441338976377952
0
LINE
8
BLACK
6
CONTINUOUS
10
3.0818723622047242
20
1.3441338976377952
11
3.0820498818897639
21
1.3442456692913385
0
LINE
8
BLACK
6
CONTINUOUS
10
3.0820498818897639
20
1.3442456692913385
11
3.0822122047244096
21
1.3443788582677165
0
LINE
8
BLACK
6
CONTINUOUS
10
3.0822122047244096
20
1.3443788582677165
11
3.0823563779527556
21
1.3444385826771654
0
LINE
8
BLACK
6
CONTINUOUS
10
3.0823563779527556
20
1.3444385826771654
11
3.0828521259842518
21
1.3447506299212597
0
LINE
8
BLACK
6
CONTINUOUS
10
3.0828521259842518
20
1.3447506299212597
11
3.0884763779527558
21
1.3475627952755904
0
LINE
8
BLACK
6
CONTINUOUS
10
3.0884763779527558
20
1.3475627952755904
11
3.0885606299212598
21
1.3475950787401574
0
LINE
8
BLACK
6
CONTINUOUS
10
3.0885606299212598
20
1.3475950787401574
11
3.0885949212598423
21
1.3476204330708661
0
LINE
8
BLACK
6
CONTINUOUS
10
3.0885949212598423
20
1.3476204330708661
11
3.0890783464566929
21
1.3477931889763779
0
LINE
8
BLACK
6
CONTINUOUS
10
3.0890783464566929
20
1.3477931889763779
11
3.0895576377952754
21
1.3479765354330708
0
LINE
8
BLACK
6
CONTINUOUS
10
3.0895576377952754
20
1.3479765354330708
11
3.0896001574803149
21
1.3479795669291339
0
LINE
8
BLACK
6
CONTINUOUS
10
3.0896001574803149
20
1.3479795669291339
11
3.0896851574803148
21
1.3480099212598424
0
LINE
8
BLACK
6
CONTINUOUS
10
3.0896851574803148
20
1.3480099212598424
11
3.1009337401574801
21
1.3508220866141731
0
LINE
8
BLACK
6
CONTINUOUS
10
3.1009337401574801
20
1.3508220866141731
11
3.1011334251968505
21
1.3508516535433071
0
LINE
8
BLACK
6
CONTINUOUS
10
3.1011334251968505
20
1.3508516535433071
11
3.101213937007874
21
1.3508849606299211
0
LINE
8
BLACK
6
CONTINUOUS
10
3.101213937007874
20
1.3508849606299211
11
3.1016477559055118
21
1.350927716535433
0
LINE
8
BLACK
6
CONTINUOUS
10
3.1016477559055118
20
1.350927716535433
11
3.1020789763779528
21
1.3509914566929133
0
LINE
8
BLACK
6
CONTINUOUS
10
3.1020789763779528
20
1.3509914566929133
11
3.1021651181102361
21
1.3509786614173227
0
LINE
8
BLACK
6
CONTINUOUS
10
3.1021651181102361
20
1.3509786614173227
11
3.1023660629921257
21
1.3509984251968503
0
LINE
8
BLACK
6
CONTINUOUS
10
3.1023660629921257
20
1.3509984251968503
11
3.1164268110236222
21
1.3509984251968503
0
LINE
8
BLACK
6
CONTINUOUS
10
3.1164268110236222
20
1.3509984251968503
11
3.116627716535433
21
1.3509786614173227
0
LINE
8
BLACK
6
CONTINUOUS
10
3.0931787007874014
20
1.3367088582677165
11
3.088991338582677
21
1.3346151574803149
0
LINE
8
BLACK
6
CONTINUOUS
10
3.088991338582677
20
1.3346151574803149
11
3.0875344881889761
21
1.3331583070866142
0
LINE
8
BLACK
6
CONTINUOUS
10
3.0875344881889761
20
1.3331583070866142
11
3.0857743700787399
21
1.3296380708661417
0
LINE
8
BLACK
6
CONTINUOUS
10
3.0857743700787399
20
1.3296380708661417
11
3.0857743700787399
21
1.3268019685039369
0
LINE
8
BLACK
6
CONTINUOUS
10
3.0857743700787399
20
1.3268019685039369
11
3.0875344881889761
21
1.3232817322834645
0
LINE
8
BLACK
6
CONTINUOUS
10
3.0875344881889761
20
1.3232817322834645
11
3.088991338582677
21
1.3218248818897638
0
LINE
8
BLACK
6
CONTINUOUS
10
3.088991338582677
20
1.3218248818897638
11
3.0931787007874014
21
1.319731220472441
0
LINE
8
BLACK
6
CONTINUOUS
10
3.0931787007874014
20
1.319731220472441
11
3.1030929921259842
21
1.3172526377952756
0
LINE
8
BLACK
6
CONTINUOUS
10
3.1030929921259842
20
1.3172526377952756
11
3.1156998818897637
21
1.3172526377952756
0
LINE
8
BLACK
6
CONTINUOUS
10
3.1156998818897637
20
1.3172526377952756
11
3.1256140944881889
21
1.3197311811023622
0
LINE
8
BLACK
6
CONTINUOUS
10
3.1256140944881889
20
1.3197311811023622
11
3.1298015354330708
21
1.3218249212598425
0
LINE
8
BLACK
6
CONTINUOUS
10
3.1298015354330708
20
1.3218249212598425
11
3.1312583858267717
21
1.323281811023622
0
LINE
8
BLACK
6
CONTINUOUS
10
3.1312583858267717
20
1.323281811023622
11
3.1330184645669292
21
1.3268019685039369
0
LINE
8
BLACK
6
CONTINUOUS
10
3.1330184645669292
20
1.3268019685039369
11
3.1330184645669292
21
1.3296381102362205
0
LINE
8
BLACK
6
CONTINUOUS
10
3.1330184645669292
20
1.3296381102362205
11
3.1312583858267717
21
1.3331582677165355
0
LINE
8
BLACK
6
CONTINUOUS
10
3.1312583858267717
20
1.3331582677165355
11
3.1298015354330708
21
1.3346151181102361
0
LINE
8
BLACK
6
CONTINUOUS
10
3.1298015354330708
20
1.3346151181102361
11
3.1256141338582677
21
1.3367088188976377
0
LINE
8
BLACK
6
CONTINUOUS
10
3.1256141338582677
20
1.3367088188976377
11
3.1156998425196849
21
1.3391874015748031
0
LINE
8
BLACK
6
CONTINUOUS
10
3.1156998425196849
20
1.3391874015748031
11
3.1030929921259842
21
1.3391874015748031
0
LINE
8
BLACK
6
CONTINUOUS
10
3.1030929921259842
20
1.3391874015748031
11
3.0931787007874014
21
1.3367088582677165
0
LINE
8
BLACK
6
CONTINUOUS
10
3.0408836220472439
20
1.3575366535433071
11
3.0428663385826771
21
1.3563626771653543
0
LINE
8
BLACK
6
CONTINUOUS
10
3.0428663385826771
20
1.3563626771653543
11
3.0442488976377953
21
1.3545192913385826
0
LINE
8
BLACK
6
CONTINUOUS
10
3.0442488976377953
20
1.3545192913385826
11
3.0448207480314959
21
1.3522871259842519
0
LINE
8
BLACK
6
CONTINUOUS
10
3.0448207480314959
20
1.3522871259842519
11
3.0444948818897637
21
1.3500061417322835
0
LINE
8
BLACK
6
CONTINUOUS
10
3.0444948818897637
20
1.3500061417322835
11
3.0433209055118109
21
1.3480233858267716
0
LINE
8
BLACK
6
CONTINUOUS
10
3.0433209055118109
20
1.3480233858267716
11
3.0424672834645667
21
1.3472413385826771
0
LINE
8
BLACK
6
CONTINUOUS
10
3.0424672834645667
20
1.3472413385826771
11
3.0141687795275591
21
1.3260174803149607
0
LINE
8
BLACK
6
CONTINUOUS
10
3.0141687795275591
20
1.3260174803149607
11
3.0160607874015746
21
1.3241254724409448
0
LINE
8
BLACK
6
CONTINUOUS
10
3.0160607874015746
20
1.3241254724409448
11
3.0389239763779528
21
1.3241254724409448
0
LINE
8
BLACK
6
CONTINUOUS
10
3.0389239763779528
20
1.3241254724409448
11
3.0400761023622045
21
1.3240120078740156
0
LINE
8
BLACK
6
CONTINUOUS
10
3.0400761023622045
20
1.3240120078740156
11
3.0422049212598425
21
1.3231301968503937
0
LINE
8
BLACK
6
CONTINUOUS
10
3.0422049212598425
20
1.3231301968503937
11
3.043834212598425
21
1.321500905511811
0
LINE
8
BLACK
6
CONTINUOUS
10
3.043834212598425
20
1.321500905511811
11
3.0447160236220472
21
1.3193720866141732
0
LINE
8
BLACK
6
CONTINUOUS
10
3.0447160236220472
20
1.3193720866141732
11
3.0447160236220472
21
1.3170678346456692
0
LINE
8
BLACK
6
CONTINUOUS
10
3.0447160236220472
20
1.3170678346456692
11
3.043834212598425
21
1.3149390157480314
0
LINE
8
BLACK
6
CONTINUOUS
10
3.043834212598425
20
1.3149390157480314
11
3.0422049212598425
21
1.3133097244094487
0
LINE
8
BLACK
6
CONTINUOUS
10
3.0422049212598425
20
1.3133097244094487
11
3.0400761023622045
21
1.3124279133858268
0
LINE
8
BLACK
6
CONTINUOUS
10
3.0400761023622045
20
1.3124279133858268
11
3.0389239763779528
21
1.3123144488188976
0
LINE
8
BLACK
6
CONTINUOUS
10
3.0389239763779528
20
1.3123144488188976
11
2.9798688582677166
21
1.3123144488188976
0
LINE
8
BLACK
6
CONTINUOUS
10
2.9798688582677166
20
1.3123144488188976
11
2.9787167322834645
21
1.3124279133858268
0
LINE
8
BLACK
6
CONTINUOUS
10
2.9787167322834645
20
1.3124279133858268
11
2.9765879133858268
21
1.3133097244094487
0
LINE
8
BLACK
6
CONTINUOUS
10
2.9765879133858268
20
1.3133097244094487
11
2.9749586220472439
21
1.3149390157480314
0
LINE
8
BLACK
6
CONTINUOUS
10
2.9749586220472439
20
1.3149390157480314
11
2.9740768110236218
21
1.3170678346456692
0
LINE
8
BLACK
6
CONTINUOUS
10
2.9740768110236218
20
1.3170678346456692
11
2.9740768110236218
21
1.3193720866141732
0
LINE
8
BLACK
6
CONTINUOUS
10
2.9740768110236218
20
1.3193720866141732
11
2.9749586220472439
21
1.321500905511811
0
LINE
8
BLACK
6
CONTINUOUS
10
2.9749586220472439
20
1.321500905511811
11
2.9765879133858268
21
1.3231301968503937
0
LINE
8
BLACK
6
CONTINUOUS
10
2.9765879133858268
20
1.3231301968503937
11
2.9787167322834645
21
1.3240120078740156
0
LINE
8
BLACK
6
CONTINUOUS
10
2.9787167322834645
20
1.3240120078740156
11
2.9798688582677166
21
1.3241254724409448
0
LINE
8
BLACK
6
CONTINUOUS
10
2.9798688582677166
20
1.3241254724409448
11
2.9993574803149605
21
1.3241254724409448
0
LINE
8
BLACK
6
CONTINUOUS
10
2.9993574803149605
20
1.3241254724409448
11
2.9756930314960628
21
1.3477899212598425
0
LINE
8
BLACK
6
CONTINUOUS
10
2.9756930314960628
20
1.3477899212598425
11
2.9749585826771652
21
1.3486848425196849
0
LINE
8
BLACK
6
CONTINUOUS
10
2.9749585826771652
20
1.3486848425196849
11
2.9740768110236218
21
1.3508136614173227
0
LINE
8
BLACK
6
CONTINUOUS
10
2.9740768110236218
20
1.3508136614173227
11
2.9740768110236218
21
1.3531178346456694
0
LINE
8
BLACK
6
CONTINUOUS
10
2.9740768110236218
20
1.3531178346456694
11
2.9749585826771652
21
1.355246653543307
0
LINE
8
BLACK
6
CONTINUOUS
10
2.9749585826771652
20
1.355246653543307
11
2.9765879527559056
21
1.3568760236220472
0
LINE
8
BLACK
6
CONTINUOUS
10
2.9765879527559056
20
1.3568760236220472
11
2.9787167716535432
21
1.3577577952755906
0
LINE
8
BLACK
6
CONTINUOUS
10
2.9787167716535432
20
1.3577577952755906
11
2.9810209448818896
21
1.3577577952755906
0
LINE
8
BLACK
6
CONTINUOUS
10
2.9810209448818896
20
1.3577577952755906
11
2.9831497637795277
21
1.3568760236220472
0
LINE
8
BLACK
6
CONTINUOUS
10
2.9831497637795277
20
1.3568760236220472
11
2.98404468503937
21
1.3561415748031496
0
LINE
8
BLACK
6
CONTINUOUS
10
2.98404468503937
20
1.3561415748031496
11
3.0057323228346458
21
1.3344539370078741
0
LINE
8
BLACK
6
CONTINUOUS
10
3.0057323228346458
20
1.3344539370078741
11
3.0353806692913383
21
1.356690157480315
0
LINE
8
BLACK
6
CONTINUOUS
10
3.0353806692913383
20
1.356690157480315
11
3.0363704724409448
21
1.3572906692913385
0
LINE
8
BLACK
6
CONTINUOUS
10
3.0363704724409448
20
1.3572906692913385
11
3.038602598425197
21
1.3578625196850393
0
LINE
8
BLACK
6
CONTINUOUS
10
3.038602598425197
20
1.3578625196850393
11
3.0408836220472439
21
1.3575366535433071
0
LINE
8
BLACK
6
CONTINUOUS
10
3.0973248818897638
20
1.4071839763779528
11
3.0974803937007875
21
1.407195
0
LINE
8
BLACK
6
CONTINUOUS
10
3.0974803937007875
20
1.407195
11
3.0976848818897635
21
1.4071485039370077
0
LINE
8
BLACK
6
CONTINUOUS
10
3.0976848818897635
20
1.4071485039370077
11
3.0978938976377952
21
1.4071279133858268
0
LINE
8
BLACK
6
CONTINUOUS
10
3.0978938976377952
20
1.4071279133858268
11
3.0980380314960629
21
1.4070682283464566
0
LINE
8
BLACK
6
CONTINUOUS
10
3.0980380314960629
20
1.4070682283464566
11
3.0986092913385828
21
1.4069383070866142
0
LINE
8
BLACK
6
CONTINUOUS
10
3.0986092913385828
20
1.4069383070866142
11
3.1070456692913386
21
1.4041261417322835
0
LINE
8
BLACK
6
CONTINUOUS
10
3.1070456692913386
20
1.4041261417322835
11
3.1081027952755904
21
1.4036541732283465
0
LINE
8
BLACK
6
CONTINUOUS
10
3.1081027952755904
20
1.4036541732283465
11
3.1082630314960631
21
1.4035151968503936
0
LINE
8
BLACK
6
CONTINUOUS
10
3.1082630314960631
20
1.4035151968503936
11
3.1084590944881887
21
1.4034339763779526
0
LINE
8
BLACK
6
CONTINUOUS
10
3.1084590944881887
20
1.4034339763779526
11
3.1093540157480315
21
1.402699527559055
0
LINE
8
BLACK
6
CONTINUOUS
10
3.1093540157480315
20
1.402699527559055
11
3.1330184645669292
21
1.3790350787401575
0
LINE
8
BLACK
6
CONTINUOUS
10
3.1330184645669292
20
1.3790350787401575
11
3.1330184645669292
21
1.4013358661417323
0
LINE
8
BLACK
6
CONTINUOUS
10
3.1330184645669292
20
1.4013358661417323
11
3.1331319291338584
21
1.4024879921259843
0
LINE
8
BLACK
6
CONTINUOUS
10
3.1331319291338584
20
1.4024879921259843
11
3.1340137401574801
21
1.4046168110236221
0
LINE
8
BLACK
6
CONTINUOUS
10
3.1340137401574801
20
1.4046168110236221
11
3.135643031496063
21
1.4062461023622046
0
LINE
8
BLACK
6
CONTINUOUS
10
3.135643031496063
20
1.4062461023622046
11
3.1377718503937007
21
1.4071279133858268
0
LINE
8
BLACK
6
CONTINUOUS
10
3.1377718503937007
20
1.4071279133858268
11
3.1400761023622046
21
1.4071279133858268
0
LINE
8
BLACK
6
CONTINUOUS
10
3.1400761023622046
20
1.4071279133858268
11
3.1422049212598426
21
1.4062461023622046
0
LINE
8
BLACK
6
CONTINUOUS
10
3.1422049212598426
20
1.4062461023622046
11
3.1438342125984251
21
1.4046168110236221
0
LINE
8
BLACK
6
CONTINUOUS
10
3.1438342125984251
20
1.4046168110236221
11
3.1447160236220473
21
1.4024879921259843
0
LINE
8
BLACK
6
CONTINUOUS
10
3.1447160236220473
20
1.4024879921259843
11
3.1448294881889765
21
1.4013358661417323
0
LINE
8
BLACK
6
CONTINUOUS
10
3.1448294881889765
20
1.4013358661417323
11
3.1448294881889765
21
1.3647779133858267
0
LINE
8
BLACK
6
CONTINUOUS
10
3.1448294881889765
20
1.3647779133858267
11
3.1447160236220473
21
1.3636258267716534
0
LINE
8
BLACK
6
CONTINUOUS
10
3.1447160236220473
20
1.3636258267716534
11
3.1438342519685039
21
1.3614970078740156
0
LINE
8
BLACK
6
CONTINUOUS
10
3.1438342519685039
20
1.3614970078740156
11
3.1422048818897639
21
1.3598676377952756
0
LINE
8
BLACK
6
CONTINUOUS
10
3.1422048818897639
20
1.3598676377952756
11
3.140957874015748
21
1.3593511417322834
0
LINE
8
BLACK
6
CONTINUOUS
10
3.140957874015748
20
1.3593511417322834
11
3.1400761023622046
21
1.3589858661417322
0
LINE
8
BLACK
6
CONTINUOUS
10
3.1400761023622046
20
1.3589858661417322
11
3.1400760629921258
21
1.3589858661417322
0
LINE
8
BLACK
6
CONTINUOUS
10
3.1400760629921258
20
1.3589858661417322
11
3.1377718897637794
21
1.3589858661417322
0
LINE
8
BLACK
6
CONTINUOUS
10
3.1377718897637794
20
1.3589858661417322
11
3.1377718503937007
21
1.3589858661417322
0
LINE
8
BLACK
6
CONTINUOUS
10
3.1377718503937007
20
1.3589858661417322
11
3.1371483464566929
21
1.3592441732283465
0
LINE
8
BLACK
6
CONTINUOUS
10
3.1371483464566929
20
1.3592441732283465
11
3.135643031496063
21
1.3598676377952756
0
LINE
8
BLACK
6
CONTINUOUS
10
3.135643031496063
20
1.3598676377952756
11
3.134748149606299
21
1.3606020866141733
0
LINE
8
BLACK
6
CONTINUOUS
10
3.134748149606299
20
1.3606020866141733
11
3.1019881102362206
21
1.3933621259842519
0
LINE
8
BLACK
6
CONTINUOUS
10
3.1019881102362206
20
1.3933621259842519
11
3.0957834645669289
21
1.3954303543307087
0
LINE
8
BLACK
6
CONTINUOUS
10
3.0957834645669289
20
1.3954303543307087
11
3.0925115354330708
21
1.3954303543307087
0
LINE
8
BLACK
6
CONTINUOUS
10
3.0925115354330708
20
1.3954303543307087
11
3.088991338582677
21
1.3936702755905512
0
LINE
8
BLACK
6
CONTINUOUS
10
3.088991338582677
20
1.3936702755905512
11
3.0875344881889761
21
1.3922134251968503
0
LINE
8
BLACK
6
CONTINUOUS
10
3.0875344881889761
20
1.3922134251968503
11
3.0857743700787399
21
1.3886931496062991
0
LINE
8
BLACK
6
CONTINUOUS
10
3.0857743700787399
20
1.3886931496062991
11
3.0857743700787399
21
1.3774206299212599
0
LINE
8
BLACK
6
CONTINUOUS
10
3.0857743700787399
20
1.3774206299212599
11
3.0875344881889761
21
1.3739003937007874
0
LINE
8
BLACK
6
CONTINUOUS
10
3.0875344881889761
20
1.3739003937007874
11
3.0896689763779528
21
1.371765905511811
0
LINE
8
BLACK
6
CONTINUOUS
10
3.0896689763779528
20
1.371765905511811
11
3.0904034251968504
21
1.3708710236220472
0
LINE
8
BLACK
6
CONTINUOUS
10
3.0904034251968504
20
1.3708710236220472
11
3.0912851574803151
21
1.3687421653543306
0
LINE
8
BLACK
6
CONTINUOUS
10
3.0912851574803151
20
1.3687421653543306
11
3.0912851574803151
21
1.3664379921259842
0
LINE
8
BLACK
6
CONTINUOUS
10
3.0912851574803151
20
1.3664379921259842
11
3.0904034251968504
21
1.3643091732283463
0
LINE
8
BLACK
6
CONTINUOUS
10
3.0904034251968504
20
1.3643091732283463
11
3.08877405511811
21
1.3626798031496064
0
LINE
8
BLACK
6
CONTINUOUS
10
3.08877405511811
20
1.3626798031496064
11
3.0866452362204724
21
1.3617980708661417
0
LINE
8
BLACK
6
CONTINUOUS
10
3.0866452362204724
20
1.3617980708661417
11
3.084341062992126
21
1.3617980708661417
0
LINE
8
BLACK
6
CONTINUOUS
10
3.084341062992126
20
1.3617980708661417
11
3.0822122047244096
21
1.3626798031496064
0
LINE
8
BLACK
6
CONTINUOUS
10
3.0822122047244096
20
1.3626798031496064
11
3.0813173228346455
21
1.363414251968504
0
LINE
8
BLACK
6
CONTINUOUS
10
3.0813173228346455
20
1.363414251968504
11
3.0785051968503936
21
1.3662263779527559
0
LINE
8
BLACK
6
CONTINUOUS
10
3.0785051968503936
20
1.3662263779527559
11
3.0781335433070867
21
1.3666792125984251
0
LINE
8
BLACK
6
CONTINUOUS
10
3.0781335433070867
20
1.3666792125984251
11
3.0780157086614173
21
1.3667814173228345
0
LINE
8
BLACK
6
CONTINUOUS
10
3.0780157086614173
20
1.3667814173228345
11
3.0779038582677165
21
1.3669591338582676
0
LINE
8
BLACK
6
CONTINUOUS
10
3.0779038582677165
20
1.3669591338582676
11
3.077770748031496
21
1.3671212992125983
0
LINE
8
BLACK
6
CONTINUOUS
10
3.077770748031496
20
1.3671212992125983
11
3.077711062992126
21
1.3672653937007875
0
LINE
8
BLACK
6
CONTINUOUS
10
3.077711062992126
20
1.3672653937007875
11
3.0773989763779528
21
1.3677611811023622
0
LINE
8
BLACK
6
CONTINUOUS
10
3.0773989763779528
20
1.3677611811023622
11
3.0745868110236221
21
1.3733854724409449
0
LINE
8
BLACK
6
CONTINUOUS
10
3.0745868110236221
20
1.3733854724409449
11
3.0741730708661414
21
1.3744666929133857
0
LINE
8
BLACK
6
CONTINUOUS
10
3.0741730708661414
20
1.3744666929133857
11
3.0741580314960628
21
1.3746783070866142
0
LINE
8
BLACK
6
CONTINUOUS
10
3.0741580314960628
20
1.3746783070866142
11
3.0740768110236218
21
1.37487437007874
0
LINE
8
BLACK
6
CONTINUOUS
10
3.0740768110236218
20
1.37487437007874
11
3.0739633464566927
21
1.376026496062992
0
LINE
8
BLACK
6
CONTINUOUS
10
3.0739633464566927
20
1.376026496062992
11
3.0739633464566927
21
1.3900872440944883
0
LINE
8
BLACK
6
CONTINUOUS
10
3.0739633464566927
20
1.3900872440944883
11
3.0740768110236218
21
1.3912393700787402
0
LINE
8
BLACK
6
CONTINUOUS
10
3.0740768110236218
20
1.3912393700787402
11
3.0741580314960628
21
1.3914354724409448
0
LINE
8
BLACK
6
CONTINUOUS
10
3.0741580314960628
20
1.3914354724409448
11
3.0741730708661414
21
1.3916470472440945
0
LINE
8
BLACK
6
CONTINUOUS
10
3.0741730708661414
20
1.3916470472440945
11
3.0745868110236221
21
1.3927282677165354
0
LINE
8
BLACK
6
CONTINUOUS
10
3.0745868110236221
20
1.3927282677165354
11
3.0773989763779528
21
1.398352559055118
0
LINE
8
BLACK
6
CONTINUOUS
10
3.0773989763779528
20
1.398352559055118
11
3.0777111023622048
21
1.398848464566929
0
LINE
8
BLACK
6
CONTINUOUS
10
3.0777111023622048
20
1.398848464566929
11
3.077770748031496
21
1.3989924015748032
0
LINE
8
BLACK
6
CONTINUOUS
10
3.077770748031496
20
1.3989924015748032
11
3.077903779527559
21
1.3991545275590551
0
LINE
8
BLACK
6
CONTINUOUS
10
3.077903779527559
20
1.3991545275590551
11
3.0780157086614173
21
1.3993323228346457
0
LINE
8
BLACK
6
CONTINUOUS
10
3.0780157086614173
20
1.3993323228346457
11
3.0781335826771654
21
1.3994346062992125
0
LINE
8
BLACK
6
CONTINUOUS
10
3.0781335826771654
20
1.3994346062992125
11
3.0785051574803148
21
1.3998873228346456
0
LINE
8
BLACK
6
CONTINUOUS
10
3.0785051574803148
20
1.3998873228346456
11
3.0813172834645668
21
1.4026994881889763
0
LINE
8
BLACK
6
CONTINUOUS
10
3.0813172834645668
20
1.4026994881889763
11
3.0817700787401576
21
1.4030711417322834
0
LINE
8
BLACK
6
CONTINUOUS
10
3.0817700787401576
20
1.4030711417322834
11
3.0818723622047242
21
1.4031890157480316
0
LINE
8
BLACK
6
CONTINUOUS
10
3.0818723622047242
20
1.4031890157480316
11
3.0820500787401572
21
1.4033009055118111
0
LINE
8
BLACK
6
CONTINUOUS
10
3.0820500787401572
20
1.4033009055118111
11
3.0822122047244096
21
1.4034339370078739
0
LINE
8
BLACK
6
CONTINUOUS
10
3.0822122047244096
20
1.4034339370078739
11
3.0823561811023623
21
1.403493622047244
0
LINE
8
BLACK
6
CONTINUOUS
10
3.0823561811023623
20
1.403493622047244
11
3.0828521259842518
21
1.403805748031496
0
LINE
8
BLACK
6
CONTINUOUS
10
3.0828521259842518
20
1.403805748031496
11
3.0884763779527558
21
1.4066179133858268
0
LINE
8
BLACK
6
CONTINUOUS
10
3.0884763779527558
20
1.4066179133858268
11
3.0895576377952754
21
1.4070316535433069
0
LINE
8
BLACK
6
CONTINUOUS
10
3.0895576377952754
20
1.4070316535433069
11
3.0897692125984251
21
1.4070466929133858
0
LINE
8
BLACK
6
CONTINUOUS
10
3.0897692125984251
20
1.4070466929133858
11
3.0899653149606299
21
1.4071279133858268
0
LINE
8
BLACK
6
CONTINUOUS
10
3.0899653149606299
20
1.4071279133858268
11
3.0911174409448816
21
1.4072413779527559
0
LINE
8
BLACK
6
CONTINUOUS
10
3.0911174409448816
20
1.4072413779527559
11
3.096741771653543
21
1.4072413779527559
0
LINE
8
BLACK
6
CONTINUOUS
10
3.096741771653543
20
1.4072413779527559
11
3.0973248818897638
21
1.4071839763779528
0
LINE
8
BLACK
6
CONTINUOUS
10
3.0422049212598425
20
1.4103068110236221
11
3.043834212598425
21
1.4086775196850394
0
LINE
8
BLACK
6
CONTINUOUS
10
3.043834212598425
20
1.4086775196850394
11
3.0447160236220472
21
1.4065487007874016
0
LINE
8
BLACK
6
CONTINUOUS
10
3.0447160236220472
20
1.4065487007874016
11
3.0448294881889764
21
1.4053965748031496
0
LINE
8
BLACK
6
CONTINUOUS
10
3.0448294881889764
20
1.4053965748031496
11
3.0448294881889764
21
1.3772750787401575
0
LINE
8
BLACK
6
CONTINUOUS
10
3.0448294881889764
20
1.3772750787401575
11
3.0447160236220472
21
1.3761229527559056
0
LINE
8
BLACK
6
CONTINUOUS
10
3.0447160236220472
20
1.3761229527559056
11
3.043834212598425
21
1.3739941338582677
0
LINE
8
BLACK
6
CONTINUOUS
10
3.043834212598425
20
1.3739941338582677
11
3.0422049212598425
21
1.372364842519685
0
LINE
8
BLACK
6
CONTINUOUS
10
3.0422049212598425
20
1.372364842519685
11
3.0400761023622045
21
1.3714830314960629
0
LINE
8
BLACK
6
CONTINUOUS
10
3.0400761023622045
20
1.3714830314960629
11
3.0389239763779528
21
1.3713695669291339
0
LINE
8
BLACK
6
CONTINUOUS
10
3.0389239763779528
20
1.3713695669291339
11
2.9798688582677166
21
1.3713695669291339
0
LINE
8
BLACK
6
CONTINUOUS
10
2.9798688582677166
20
1.3713695669291339
11
2.9787167322834645
21
1.3714830314960629
0
LINE
8
BLACK
6
CONTINUOUS
10
2.9787167322834645
20
1.3714830314960629
11
2.9765879133858268
21
1.372364842519685
0
LINE
8
BLACK
6
CONTINUOUS
10
2.9765879133858268
20
1.372364842519685
11
2.9749586220472439
21
1.3739941338582677
0
LINE
8
BLACK
6
CONTINUOUS
10
2.9749586220472439
20
1.3739941338582677
11
2.9740768110236218
21
1.3761229527559056
0
LINE
8
BLACK
6
CONTINUOUS
10
2.9740768110236218
20
1.3761229527559056
11
2.9740768110236218
21
1.3784272047244095
0
LINE
8
BLACK
6
CONTINUOUS
10
2.9740768110236218
20
1.3784272047244095
11
2.9749586220472439
21
1.3805560236220473
0
LINE
8
BLACK
6
CONTINUOUS
10
2.9749586220472439
20
1.3805560236220473
11
2.9765879133858268
21
1.3821853149606298
0
LINE
8
BLACK
6
CONTINUOUS
10
2.9765879133858268
20
1.3821853149606298
11
2.9787167322834645
21
1.383067125984252
0
LINE
8
BLACK
6
CONTINUOUS
10
2.9787167322834645
20
1.383067125984252
11
2.9798688582677166
21
1.3831805905511811
0
LINE
8
BLACK
6
CONTINUOUS
10
2.9798688582677166
20
1.3831805905511811
11
3.0330184645669291
21
1.3831805905511811
0
LINE
8
BLACK
6
CONTINUOUS
10
3.0330184645669291
20
1.3831805905511811
11
3.0330184645669291
21
1.4053965748031496
0
LINE
8
BLACK
6
CONTINUOUS
10
3.0330184645669291
20
1.4053965748031496
11
3.0331319291338583
21
1.4065487007874016
0
LINE
8
BLACK
6
CONTINUOUS
10
3.0331319291338583
20
1.4065487007874016
11
3.03401374015748
21
1.4086775196850394
0
LINE
8
BLACK
6
CONTINUOUS
10
3.03401374015748
20
1.4086775196850394
11
3.035643031496063
21
1.4103068110236221
0
LINE
8
BLACK
6
CONTINUOUS
10
3.035643031496063
20
1.4103068110236221
11
3.0377718503937006
21
1.411188622047244
0
LINE
8
BLACK
6
CONTINUOUS
10
3.0377718503937006
20
1.411188622047244
11
3.0400761023622045
21
1.411188622047244
0
LINE
8
BLACK
6
CONTINUOUS
10
3.0400761023622045
20
1.411188622047244
11
3.0422049212598425
21
1.4103068110236221
0
LINE
8
BLACK
6
CONTINUOUS
10
3.1288275196850392
20
1.4633708661417322
11
3.1290235826771653
21
1.4632896456692912
0
LINE
8
BLACK
6
CONTINUOUS
10
3.1290235826771653
20
1.4632896456692912
11
3.1292351968503938
21
1.4632746062992126
0
LINE
8
BLACK
6
CONTINUOUS
10
3.1292351968503938
20
1.4632746062992126
11
3.1303164173228346
21
1.4628608661417322
0
LINE
8
BLACK
6
CONTINUOUS
10
3.1303164173228346
20
1.4628608661417322
11
3.1359407086614173
21
1.4600487007874015
0
LINE
8
BLACK
6
CONTINUOUS
10
3.1359407086614173
20
1.4600487007874015
11
3.1364364960629922
21
1.4597366141732284
0
LINE
8
BLACK
6
CONTINUOUS
10
3.1364364960629922
20
1.4597366141732284
11
3.1365805905511812
21
1.4596769291338583
0
LINE
8
BLACK
6
CONTINUOUS
10
3.1365805905511812
20
1.4596769291338583
11
3.1367427559055119
21
1.4595438188976377
0
LINE
8
BLACK
6
CONTINUOUS
10
3.1367427559055119
20
1.4595438188976377
11
3.136920472440945
21
1.459431968503937
0
LINE
8
BLACK
6
CONTINUOUS
10
3.136920472440945
20
1.459431968503937
11
3.1370226771653544
21
1.4593141338582676
0
LINE
8
BLACK
6
CONTINUOUS
10
3.1370226771653544
20
1.4593141338582676
11
3.1374755118110236
21
1.4589424803149607
0
LINE
8
BLACK
6
CONTINUOUS
10
3.1374755118110236
20
1.4589424803149607
11
3.1402876771653543
21
1.4561303149606299
0
LINE
8
BLACK
6
CONTINUOUS
10
3.1402876771653543
20
1.4561303149606299
11
3.14065937007874
21
1.4556774015748031
0
LINE
8
BLACK
6
CONTINUOUS
10
3.14065937007874
20
1.4556774015748031
11
3.1407771653543306
21
1.4555752362204724
0
LINE
8
BLACK
6
CONTINUOUS
10
3.1407771653543306
20
1.4555752362204724
11
3.1408888976377951
21
1.455397716535433
0
LINE
8
BLACK
6
CONTINUOUS
10
3.1408888976377951
20
1.455397716535433
11
3.1410221259842519
21
1.4552353937007874
0
LINE
8
BLACK
6
CONTINUOUS
10
3.1410221259842519
20
1.4552353937007874
11
3.1410818110236218
21
1.4550912598425196
0
LINE
8
BLACK
6
CONTINUOUS
10
3.1410818110236218
20
1.4550912598425196
11
3.1413938976377951
21
1.4545955118110236
0
LINE
8
BLACK
6
CONTINUOUS
10
3.1413938976377951
20
1.4545955118110236
11
3.144206023622047
21
1.4489711811023622
0
LINE
8
BLACK
6
CONTINUOUS
10
3.144206023622047
20
1.4489711811023622
11
3.1446198031496064
21
1.4478899606299211
0
LINE
8
BLACK
6
CONTINUOUS
10
3.1446198031496064
20
1.4478899606299211
11
3.1446348031496063
21
1.4476783464566929
0
LINE
8
BLACK
6
CONTINUOUS
10
3.1446348031496063
20
1.4476783464566929
11
3.1447160236220473
21
1.4474823228346456
0
LINE
8
BLACK
6
CONTINUOUS
10
3.1447160236220473
20
1.4474823228346456
11
3.1448294881889765
21
1.4463301968503937
0
LINE
8
BLACK
6
CONTINUOUS
10
3.1448294881889765
20
1.4463301968503937
11
3.1448294881889765
21
1.4294573228346457
0
LINE
8
BLACK
6
CONTINUOUS
10
3.1448294881889765
20
1.4294573228346457
11
3.1447160236220473
21
1.4283051968503937
0
LINE
8
BLACK
6
CONTINUOUS
10
3.1447160236220473
20
1.4283051968503937
11
3.1446348031496063
21
1.4281092125984252
0
LINE
8
BLACK
6
CONTINUOUS
10
3.1446348031496063
20
1.4281092125984252
11
3.1446198031496064
21
1.4278975590551182
0
LINE
8
BLACK
6
CONTINUOUS
10
3.1446198031496064
20
1.4278975590551182
11
3.144206023622047
21
1.4268163385826771
0
LINE
8
BLACK
6
CONTINUOUS
10
3.144206023622047
20
1.4268163385826771
11
3.1413938976377951
21
1.4211920078740157
0
LINE
8
BLACK
6
CONTINUOUS
10
3.1413938976377951
20
1.4211920078740157
11
3.1410818110236218
21
1.4206962992125984
0
LINE
8
BLACK
6
CONTINUOUS
10
3.1410818110236218
20
1.4206962992125984
11
3.1410221259842519
21
1.420552125984252
0
LINE
8
BLACK
6
CONTINUOUS
10
3.1410221259842519
20
1.420552125984252
11
3.1408888976377951
21
1.420389842519685
0
LINE
8
BLACK
6
CONTINUOUS
10
3.1408888976377951
20
1.420389842519685
11
3.1407771653543306
21
1.420212283464567
0
LINE
8
BLACK
6
CONTINUOUS
10
3.1407771653543306
20
1.420212283464567
11
3.14065937007874
21
1.420110157480315
0
LINE
8
BLACK
6
CONTINUOUS
10
3.14065937007874
20
1.420110157480315
11
3.1402876771653543
21
1.4196572047244094
0
LINE
8
BLACK
6
CONTINUOUS
10
3.1402876771653543
20
1.4196572047244094
11
3.1374755118110236
21
1.4168450393700787
0
LINE
8
BLACK
6
CONTINUOUS
10
3.1374755118110236
20
1.4168450393700787
11
3.1365805905511812
21
1.416110590551181
0
LINE
8
BLACK
6
CONTINUOUS
10
3.1365805905511812
20
1.416110590551181
11
3.1344517716535432
21
1.4152288188976379
0
LINE
8
BLACK
6
CONTINUOUS
10
3.1344517716535432
20
1.4152288188976379
11
3.1321475984251967
21
1.4152288188976379
0
LINE
8
BLACK
6
CONTINUOUS
10
3.1321475984251967
20
1.4152288188976379
11
3.1300187795275591
21
1.416110590551181
0
LINE
8
BLACK
6
CONTINUOUS
10
3.1300187795275591
20
1.416110590551181
11
3.1283894094488187
21
1.4177399606299212
0
LINE
8
BLACK
6
CONTINUOUS
10
3.1283894094488187
20
1.4177399606299212
11
3.1275076377952757
21
1.4198687795275591
0
LINE
8
BLACK
6
CONTINUOUS
10
3.1275076377952757
20
1.4198687795275591
11
3.1275076377952757
21
1.4221729527559055
0
LINE
8
BLACK
6
CONTINUOUS
10
3.1275076377952757
20
1.4221729527559055
11
3.1283894094488187
21
1.4243017716535433
0
LINE
8
BLACK
6
CONTINUOUS
10
3.1283894094488187
20
1.4243017716535433
11
3.1291238582677163
21
1.4251966929133857
0
LINE
8
BLACK
6
CONTINUOUS
10
3.1291238582677163
20
1.4251966929133857
11
3.131258346456693
21
1.4273312204724409
0
LINE
8
BLACK
6
CONTINUOUS
10
3.131258346456693
20
1.4273312204724409
11
3.1330184645669292
21
1.4308514173228346
0
LINE
8
BLACK
6
CONTINUOUS
10
3.1330184645669292
20
1.4308514173228346
11
3.1330184645669292
21
1.4449361417322835
0
LINE
8
BLACK
6
CONTINUOUS
10
3.1330184645669292
20
1.4449361417322835
11
3.131258346456693
21
1.4484563385826772
0
LINE
8
BLACK
6
CONTINUOUS
10
3.131258346456693
20
1.4484563385826772
11
3.1298014960629921
21
1.4499131889763779
0
LINE
8
BLACK
6
CONTINUOUS
10
3.1298014960629921
20
1.4499131889763779
11
3.1262812992125983
21
1.4516733070866141
0
LINE
8
BLACK
6
CONTINUOUS
10
3.1262812992125983
20
1.4516733070866141
11
3.1150087401574802
21
1.4516733070866141
0
LINE
8
BLACK
6
CONTINUOUS
10
3.1150087401574802
20
1.4516733070866141
11
3.1114885433070865
21
1.4499132283464566
0
LINE
8
BLACK
6
CONTINUOUS
10
3.1114885433070865
20
1.4499132283464566
11
3.1100316141732285
21
1.4484562992125984
0
LINE
8
BLACK
6
CONTINUOUS
10
3.1100316141732285
20
1.4484562992125984
11
3.1082715748031498
21
1.4449361417322835
0
LINE
8
BLACK
6
CONTINUOUS
10
3.1082715748031498
20
1.4449361417322835
11
3.1082715748031498
21
1.437893779527559
0
LINE
8
BLACK
6
CONTINUOUS
10
3.1082715748031498
20
1.437893779527559
11
3.1082115354330706
21
1.4372844488188976
0
LINE
8
BLACK
6
CONTINUOUS
10
3.1082115354330706
20
1.4372844488188976
11
3.1082218897637794
21
1.437129527559055
0
LINE
8
BLACK
6
CONTINUOUS
10
3.1082218897637794
20
1.437129527559055
11
3.1081857874015748
21
1.4370228346456693
0
LINE
8
BLACK
6
CONTINUOUS
10
3.1081857874015748
20
1.4370228346456693
11
3.1081581102362206
21
1.4367416535433071
0
LINE
8
BLACK
6
CONTINUOUS
10
3.1081581102362206
20
1.4367416535433071
11
3.1077909055118109
21
1.4358552755905511
0
LINE
8
BLACK
6
CONTINUOUS
10
3.1077909055118109
20
1.4358552755905511
11
3.1074837007874017
21
1.4349467716535433
0
LINE
8
BLACK
6
CONTINUOUS
10
3.1074837007874017
20
1.4349467716535433
11
3.1073525196850391
21
1.4347968897637795
0
LINE
8
BLACK
6
CONTINUOUS
10
3.1073525196850391
20
1.4347968897637795
11
3.1072762992125984
21
1.4346128346456692
0
LINE
8
BLACK
6
CONTINUOUS
10
3.1072762992125984
20
1.4346128346456692
11
3.1065979527559056
21
1.4339345275590551
0
LINE
8
BLACK
6
CONTINUOUS
10
3.1065979527559056
20
1.4339345275590551
11
3.105966338582677
21
1.4332126377952756
0
LINE
8
BLACK
6
CONTINUOUS
10
3.105966338582677
20
1.4332126377952756
11
3.1057877952755906
21
1.4331243700787402
0
LINE
8
BLACK
6
CONTINUOUS
10
3.1057877952755906
20
1.4331243700787402
11
3.1056470078740155
21
1.4329835433070865
0
LINE
8
BLACK
6
CONTINUOUS
10
3.1056470078740155
20
1.4329835433070865
11
3.1047605118110235
21
1.4326163779527559
0
LINE
8
BLACK
6
CONTINUOUS
10
3.1047605118110235
20
1.4326163779527559
11
3.103900866141732
21
1.432191220472441
0
LINE
8
BLACK
6
CONTINUOUS
10
3.103900866141732
20
1.432191220472441
11
3.1037022440944879
21
1.4321779921259843
0
LINE
8
BLACK
6
CONTINUOUS
10
3.1037022440944879
20
1.4321779921259843
11
3.1035181889763779
21
1.4321017322834646
0
LINE
8
BLACK
6
CONTINUOUS
10
3.1035181889763779
20
1.4321017322834646
11
3.1025585039370078
21
1.4321017322834646
0
LINE
8
BLACK
6
CONTINUOUS
10
3.1025585039370078
20
1.4321017322834646
11
3.1016018110236221
21
1.4320379527559055
0
LINE
8
BLACK
6
CONTINUOUS
10
3.1016018110236221
20
1.4320379527559055
11
3.1014132283464568
21
1.4321017322834646
0
LINE
8
BLACK
6
CONTINUOUS
10
3.1014132283464568
20
1.4321017322834646
11
3.101213937007874
21
1.4321017322834646
0
LINE
8
BLACK
6
CONTINUOUS
10
3.101213937007874
20
1.4321017322834646
11
3.1003276377952753
21
1.4324688582677165
0
LINE
8
BLACK
6
CONTINUOUS
10
3.1003276377952753
20
1.4324688582677165
11
3.0994190157480315
21
1.4327761417322835
0
LINE
8
BLACK
6
CONTINUOUS
10
3.0994190157480315
20
1.4327761417322835
11
3.0991892125984251
21
1.4329404330708662
0
LINE
8
BLACK
6
CONTINUOUS
10
3.0991892125984251
20
1.4329404330708662
11
3.0990851181102363
21
1.4329835433070865
0
LINE
8
BLACK
6
CONTINUOUS
10
3.0990851181102363
20
1.4329835433070865
11
3.0989752362204723
21
1.4330934251968503
0
LINE
8
BLACK
6
CONTINUOUS
10
3.0989752362204723
20
1.4330934251968503
11
3.0984772440944881
21
1.4334494488188976
0
LINE
8
BLACK
6
CONTINUOUS
10
3.0984772440944881
20
1.4334494488188976
11
3.0857743700787399
21
1.4445644488188976
0
LINE
8
BLACK
6
CONTINUOUS
10
3.0857743700787399
20
1.4445644488188976
11
3.0857743700787399
21
1.4210208661417323
0
LINE
8
BLACK
6
CONTINUOUS
10
3.0857743700787399
20
1.4210208661417323
11
3.0856609055118112
21
1.4198687401574803
0
LINE
8
BLACK
6
CONTINUOUS
10
3.0856609055118112
20
1.4198687401574803
11
3.084779094488189
21
1.4177399212598425
0
LINE
8
BLACK
6
CONTINUOUS
10
3.084779094488189
20
1.4177399212598425
11
3.0831498031496061
21
1.4161106299212598
0
LINE
8
BLACK
6
CONTINUOUS
10
3.0831498031496061
20
1.4161106299212598
11
3.0810209842519685
21
1.4152288188976379
0
LINE
8
BLACK
6
CONTINUOUS
10
3.0810209842519685
20
1.4152288188976379
11
3.0787167322834645
21
1.4152288188976379
0
LINE
8
BLACK
6
CONTINUOUS
10
3.0787167322834645
20
1.4152288188976379
11
3.0765879133858265
21
1.4161106299212598
0
LINE
8
BLACK
6
CONTINUOUS
10
3.0765879133858265
20
1.4161106299212598
11
3.074958622047244
21
1.4177399212598425
0
LINE
8
BLACK
6
CONTINUOUS
10
3.074958622047244
20
1.4177399212598425
11
3.0740768110236218
21
1.4198687401574803
0
LINE
8
BLACK
6
CONTINUOUS
10
3.0740768110236218
20
1.4198687401574803
11
3.0739633464566927
21
1.4210208661417323
0
LINE
8
BLACK
6
CONTINUOUS
10
3.0739633464566927
20
1.4210208661417323
11
3.0739633464566927
21
1.4575788188976377
0
LINE
8
BLACK
6
CONTINUOUS
10
3.0739633464566927
20
1.4575788188976377
11
3.0740233070866143
21
1.4581879921259842
0
LINE
8
BLACK
6
CONTINUOUS
10
3.0740233070866143
20
1.4581879921259842
11
3.0740129921259842
21
1.4583430708661418
0
LINE
8
BLACK
6
CONTINUOUS
10
3.0740129921259842
20
1.4583430708661418
11
3.0740491338582676
21
1.4584499606299213
0
LINE
8
BLACK
6
CONTINUOUS
10
3.0740491338582676
20
1.4584499606299213
11
3.0740768110236218
21
1.4587309448818897
0
LINE
8
BLACK
6
CONTINUOUS
10
3.0740768110236218
20
1.4587309448818897
11
3.0744438582677165
21
1.4596171259842519
0
LINE
8
BLACK
6
CONTINUOUS
10
3.0744438582677165
20
1.4596171259842519
11
3.0747512204724408
21
1.4605258267716534
0
LINE
8
BLACK
6
CONTINUOUS
10
3.0747512204724408
20
1.4605258267716534
11
3.0748823622047246
21
1.460675748031496
0
LINE
8
BLACK
6
CONTINUOUS
10
3.0748823622047246
20
1.460675748031496
11
3.074958622047244
21
1.4608597637795275
0
LINE
8
BLACK
6
CONTINUOUS
10
3.074958622047244
20
1.4608597637795275
11
3.0756369291338581
21
1.4615381102362204
0
LINE
8
BLACK
6
CONTINUOUS
10
3.0756369291338581
20
1.4615381102362204
11
3.0762685826771654
21
1.4622599606299211
0
LINE
8
BLACK
6
CONTINUOUS
10
3.0762685826771654
20
1.4622599606299211
11
3.0764470866141731
21
1.4623482677165354
0
LINE
8
BLACK
6
CONTINUOUS
10
3.0764470866141731
20
1.4623482677165354
11
3.0765879133858265
21
1.4624890551181102
0
LINE
8
BLACK
6
CONTINUOUS
10
3.0765879133858265
20
1.4624890551181102
11
3.0774743700787401
21
1.4628562598425197
0
LINE
8
BLACK
6
CONTINUOUS
10
3.0774743700787401
20
1.4628562598425197
11
3.07833405511811
21
1.4632813779527558
0
LINE
8
BLACK
6
CONTINUOUS
10
3.07833405511811
20
1.4632813779527558
11
3.0785326377952753
21
1.4632946456692912
0
LINE
8
BLACK
6
CONTINUOUS
10
3.0785326377952753
20
1.4632946456692912
11
3.0787167322834645
21
1.4633708661417322
0
LINE
8
BLACK
6
CONTINUOUS
10
3.0787167322834645
20
1.4633708661417322
11
3.0796760629921258
21
1.4633708661417322
0
LINE
8
BLACK
6
CONTINUOUS
10
3.0796760629921258
20
1.4633708661417322
11
3.0806331102362203
21
1.46343468503937
0
LINE
8
BLACK
6
CONTINUOUS
10
3.0806331102362203
20
1.46343468503937
11
3.0808218110236218
21
1.4633708661417322
0
LINE
8
BLACK
6
CONTINUOUS
10
3.0808218110236218
20
1.4633708661417322
11
3.0810209842519685
21
1.4633708661417322
0
LINE
8
BLACK
6
CONTINUOUS
10
3.0810209842519685
20
1.4633708661417322
11
3.0819071259842521
21
1.4630038188976378
0
LINE
8
BLACK
6
CONTINUOUS
10
3.0819071259842521
20
1.4630038188976378
11
3.0828158661417322
21
1.4626964566929133
0
LINE
8
BLACK
6
CONTINUOUS
10
3.0828158661417322
20
1.4626964566929133
11
3.0830456299212599
21
1.4625322440944881
0
LINE
8
BLACK
6
CONTINUOUS
10
3.0830456299212599
20
1.4625322440944881
11
3.0831498031496061
21
1.4624890551181102
0
LINE
8
BLACK
6
CONTINUOUS
10
3.0831498031496061
20
1.4624890551181102
11
3.0832596062992126
21
1.4623792519685039
0
LINE
8
BLACK
6
CONTINUOUS
10
3.0832596062992126
20
1.4623792519685039
11
3.0837576771653543
21
1.462023188976378
0
LINE
8
BLACK
6
CONTINUOUS
10
3.0837576771653543
20
1.462023188976378
11
3.0975679527559055
21
1.4499391732283464
0
LINE
8
BLACK
6
CONTINUOUS
10
3.0975679527559055
20
1.4499391732283464
11
3.0998961417322834
21
1.4545955118110236
0
LINE
8
BLACK
6
CONTINUOUS
10
3.0998961417322834
20
1.4545955118110236
11
3.1002082283464567
21
1.4550913385826771
0
LINE
8
BLACK
6
CONTINUOUS
10
3.1002082283464567
20
1.4550913385826771
11
3.1002679133858266
21
1.4552353937007874
0
LINE
8
BLACK
6
CONTINUOUS
10
3.1002679133858266
20
1.4552353937007874
11
3.1004010236220472
21
1.4553975984251968
0
LINE
8
BLACK
6
CONTINUOUS
10
3.1004010236220472
20
1.4553975984251968
11
3.1005128740157479
21
1.4555752755905511
0
LINE
8
BLACK
6
CONTINUOUS
10
3.1005128740157479
20
1.4555752755905511
11
3.1006307086614173
21
1.4556775196850393
0
LINE
8
BLACK
6
CONTINUOUS
10
3.1006307086614173
20
1.4556775196850393
11
3.1010023622047242
21
1.4561303149606299
0
LINE
8
BLACK
6
CONTINUOUS
10
3.1010023622047242
20
1.4561303149606299
11
3.103814527559055
21
1.4589424803149607
0
LINE
8
BLACK
6
CONTINUOUS
10
3.103814527559055
20
1.4589424803149607
11
3.1042673228346458
21
1.4593140944881891
0
LINE
8
BLACK
6
CONTINUOUS
10
3.1042673228346458
20
1.4593140944881891
11
3.1043695669291336
21
1.459431968503937
0
LINE
8
BLACK
6
CONTINUOUS
10
3.1043695669291336
20
1.459431968503937
11
3.1045472440944879
21
1.4595438188976377
0
LINE
8
BLACK
6
CONTINUOUS
10
3.1045472440944879
20
1.4595438188976377
11
3.1047094488188978
21
1.4596769291338583
0
LINE
8
BLACK
6
CONTINUOUS
10
3.1047094488188978
20
1.4596769291338583
11
3.104853503937008
21
1.4597366141732284
0
LINE
8
BLACK
6
CONTINUOUS
10
3.104853503937008
20
1.4597366141732284
11
3.1053493307086613
21
1.4600487007874015
0
LINE
8
BLACK
6
CONTINUOUS
10
3.1053493307086613
20
1.4600487007874015
11
3.1109735826771652
21
1.4628608661417322
0
LINE
8
BLACK
6
CONTINUOUS
10
3.1109735826771652
20
1.4628608661417322
11
3.1120548425196848
21
1.4632746062992126
0
LINE
8
BLACK
6
CONTINUOUS
10
3.1120548425196848
20
1.4632746062992126
11
3.1122664173228345
21
1.4632896456692912
0
LINE
8
BLACK
6
CONTINUOUS
10
3.1122664173228345
20
1.4632896456692912
11
3.1124625196850393
21
1.4633708661417322
0
LINE
8
BLACK
6
CONTINUOUS
10
3.1124625196850393
20
1.4633708661417322
11
3.1136146456692915
21
1.4634843307086614
0
LINE
8
BLACK
6
CONTINUOUS
10
3.1136146456692915
20
1.4634843307086614
11
3.1276753937007875
21
1.4634843307086614
0
LINE
8
BLACK
6
CONTINUOUS
10
3.1276753937007875
20
1.4634843307086614
11
3.1288275196850392
21
1.4633708661417322
0
LINE
8
BLACK
6
CONTINUOUS
10
3.0400761023622045
20
1.4308736614173228
11
3.0422049212598425
21
1.4299918503937008
0
LINE
8
BLACK
6
CONTINUOUS
10
3.0422049212598425
20
1.4299918503937008
11
3.043834212598425
21
1.4283625590551181
0
LINE
8
BLACK
6
CONTINUOUS
10
3.043834212598425
20
1.4283625590551181
11
3.0447160236220472
21
1.4262337401574803
0
LINE
8
BLACK
6
CONTINUOUS
10
3.0447160236220472
20
1.4262337401574803
11
3.0447160236220472
21
1.4239294881889764
0
LINE
8
BLACK
6
CONTINUOUS
10
3.0447160236220472
20
1.4239294881889764
11
3.043834212598425
21
1.4218006692913385
0
LINE
8
BLACK
6
CONTINUOUS
10
3.043834212598425
20
1.4218006692913385
11
3.0422049212598425
21
1.4201713779527558
0
LINE
8
BLACK
6
CONTINUOUS
10
3.0422049212598425
20
1.4201713779527558
11
3.0400761023622045
21
1.4192895669291339
0
LINE
8
BLACK
6
CONTINUOUS
10
3.0400761023622045
20
1.4192895669291339
11
3.0389239763779528
21
1.4191761023622047
0
LINE
8
BLACK
6
CONTINUOUS
10
3.0389239763779528
20
1.4191761023622047
11
2.9798688582677166
21
1.4191761023622047
0
LINE
8
BLACK
6
CONTINUOUS
10
2.9798688582677166
20
1.4191761023622047
11
2.9787167322834645
21
1.4192895669291339
0
LINE
8
BLACK
6
CONTINUOUS
10
2.9787167322834645
20
1.4192895669291339
11
2.9765879133858268
21
1.4201713779527558
0
LINE
8
BLACK
6
CONTINUOUS
10
2.9765879133858268
20
1.4201713779527558
11
2.9749586220472439
21
1.4218006692913385
0
LINE
8
BLACK
6
CONTINUOUS
10
2.9749586220472439
20
1.4218006692913385
11
2.9740768110236218
21
1.4239294881889764
0
LINE
8
BLACK
6
CONTINUOUS
10
2.9740768110236218
20
1.4239294881889764
11
2.9740768110236218
21
1.4262337401574803
0
LINE
8
BLACK
6
CONTINUOUS
10
2.9740768110236218
20
1.4262337401574803
11
2.9749586220472439
21
1.4283625590551181
0
LINE
8
BLACK
6
CONTINUOUS
10
2.9749586220472439
20
1.4283625590551181
11
2.9765879133858268
21
1.4299918503937008
0
LINE
8
BLACK
6
CONTINUOUS
10
2.9765879133858268
20
1.4299918503937008
11
2.9787167322834645
21
1.4308736614173228
0
LINE
8
BLACK
6
CONTINUOUS
10
2.9787167322834645
20
1.4308736614173228
11
2.9798688582677166
21
1.4309871259842519
0
LINE
8
BLACK
6
CONTINUOUS
10
2.9798688582677166
20
1.4309871259842519
11
3.0389239763779528
21
1.4309871259842519
0
LINE
8
BLACK
6
CONTINUOUS
10
3.0389239763779528
20
1.4309871259842519
11
3.0400761023622045
21
1.4308736614173228
0
LINE
8
BLACK
6
CONTINUOUS
10
3.0408836220472439
20
1.4925198031496063
11
3.0428663385826771
21
1.4913458267716535
0
LINE
8
BLACK
6
CONTINUOUS
10
3.0428663385826771
20
1.4913458267716535
11
3.0442488976377953
21
1.4895024409448818
0
LINE
8
BLACK
6
CONTINUOUS
10
3.0442488976377953
20
1.4895024409448818
11
3.0448207480314959
21
1.4872702755905511
0
LINE
8
BLACK
6
CONTINUOUS
10
3.0448207480314959
20
1.4872702755905511
11
3.0444948818897637
21
1.4849892913385827
0
LINE
8
BLACK
6
CONTINUOUS
10
3.0444948818897637
20
1.4849892913385827
11
3.0433209055118109
21
1.4830065354330708
0
LINE
8
BLACK
6
CONTINUOUS
10
3.0433209055118109
20
1.4830065354330708
11
3.0424672834645667
21
1.4822244881889763
0
LINE
8
BLACK
6
CONTINUOUS
10
3.0424672834645667
20
1.4822244881889763
11
3.0141687795275591
21
1.4610006299212599
0
LINE
8
BLACK
6
CONTINUOUS
10
3.0141687795275591
20
1.4610006299212599
11
3.0160607874015746
21
1.459108622047244
0
LINE
8
BLACK
6
CONTINUOUS
10
3.0160607874015746
20
1.459108622047244
11
3.0389239763779528
21
1.459108622047244
0
LINE
8
BLACK
6
CONTINUOUS
10
3.0389239763779528
20
1.459108622047244
11
3.0400761023622045
21
1.4589951574803148
0
LINE
8
BLACK
6
CONTINUOUS
10
3.0400761023622045
20
1.4589951574803148
11
3.0422049212598425
21
1.4581133464566929
0
LINE
8
BLACK
6
CONTINUOUS
10
3.0422049212598425
20
1.4581133464566929
11
3.043834212598425
21
1.4564840551181102
0
LINE
8
BLACK
6
CONTINUOUS
10
3.043834212598425
20
1.4564840551181102
11
3.0447160236220472
21
1.4543552362204724
0
LINE
8
BLACK
6
CONTINUOUS
10
3.0447160236220472
20
1.4543552362204724
11
3.0447160236220472
21
1.4520509842519684
0
LINE
8
BLACK
6
CONTINUOUS
10
3.0447160236220472
20
1.4520509842519684
11
3.043834212598425
21
1.4499221653543306
0
LINE
8
BLACK
6
CONTINUOUS
10
3.043834212598425
20
1.4499221653543306
11
3.0422049212598425
21
1.4482928740157479
0
LINE
8
BLACK
6
CONTINUOUS
10
3.0422049212598425
20
1.4482928740157479
11
3.0400761023622045
21
1.447411062992126
0
LINE
8
BLACK
6
CONTINUOUS
10
3.0400761023622045
20
1.447411062992126
11
3.0389239763779528
21
1.4472975984251968
0
LINE
8
BLACK
6
CONTINUOUS
10
3.0389239763779528
20
1.4472975984251968
11
2.9798688582677166
21
1.4472975984251968
0
LINE
8
BLACK
6
CONTINUOUS
10
2.9798688582677166
20
1.4472975984251968
11
2.9787167322834645
21
1.447411062992126
0
LINE
8
BLACK
6
CONTINUOUS
10
2.9787167322834645
20
1.447411062992126
11
2.9765879133858268
21
1.4482928740157479
0
LINE
8
BLACK
6
CONTINUOUS
10
2.9765879133858268
20
1.4482928740157479
11
2.9749586220472439
21
1.4499221653543306
0
LINE
8
BLACK
6
CONTINUOUS
10
2.9749586220472439
20
1.4499221653543306
11
2.9740768110236218
21
1.4520509842519684
0
LINE
8
BLACK
6
CONTINUOUS
10
2.9740768110236218
20
1.4520509842519684
11
2.9740768110236218
21
1.4543552362204724
0
LINE
8
BLACK
6
CONTINUOUS
10
2.9740768110236218
20
1.4543552362204724
11
2.9749586220472439
21
1.4564840551181102
0
LINE
8
BLACK
6
CONTINUOUS
10
2.9749586220472439
20
1.4564840551181102
11
2.9765879133858268
21
1.4581133464566929
0
LINE
8
BLACK
6
CONTINUOUS
10
2.9765879133858268
20
1.4581133464566929
11
2.9787167322834645
21
1.4589951574803148
0
LINE
8
BLACK
6
CONTINUOUS
10
2.9787167322834645
20
1.4589951574803148
11
2.9798688582677166
21
1.459108622047244
0
LINE
8
BLACK
6
CONTINUOUS
10
2.9798688582677166
20
1.459108622047244
11
2.9993574803149605
21
1.459108622047244
0
LINE
8
BLACK
6
CONTINUOUS
10
2.9993574803149605
20
1.459108622047244
11
2.9756930314960628
21
1.4827730708661417
0
LINE
8
BLACK
6
CONTINUOUS
10
2.9756930314960628
20
1.4827730708661417
11
2.9749585826771652
21
1.4836679921259843
0
LINE
8
BLACK
6
CONTINUOUS
10
2.9749585826771652
20
1.4836679921259843
11
2.9740768110236218
21
1.4857968110236219
0
LINE
8
BLACK
6
CONTINUOUS
10
2.9740768110236218
20
1.4857968110236219
11
2.9740768110236218
21
1.4881009842519686
0
LINE
8
BLACK
6
CONTINUOUS
10
2.9740768110236218
20
1.4881009842519686
11
2.9749585826771652
21
1.4902298031496062
0
LINE
8
BLACK
6
CONTINUOUS
10
2.9749585826771652
20
1.4902298031496062
11
2.9765879527559056
21
1.4918591732283464
0
LINE
8
BLACK
6
CONTINUOUS
10
2.9765879527559056
20
1.4918591732283464
11
2.9787167716535432
21
1.4927409448818898
0
LINE
8
BLACK
6
CONTINUOUS
10
2.9787167716535432
20
1.4927409448818898
11
2.9810209448818896
21
1.4927409448818898
0
LINE
8
BLACK
6
CONTINUOUS
10
2.9810209448818896
20
1.4927409448818898
11
2.9831497637795277
21
1.4918591732283464
0
LINE
8
BLACK
6
CONTINUOUS
10
2.9831497637795277
20
1.4918591732283464
11
2.98404468503937
21
1.4911247244094488
0
LINE
8
BLACK
6
CONTINUOUS
10
2.98404468503937
20
1.4911247244094488
11
3.0057323228346458
21
1.4694370866141733
0
LINE
8
BLACK
6
CONTINUOUS
10
3.0057323228346458
20
1.4694370866141733
11
3.0353806692913383
21
1.4916733070866142
0
LINE
8
BLACK
6
CONTINUOUS
10
3.0353806692913383
20
1.4916733070866142
11
3.0363704724409448
21
1.4922738188976377
0
LINE
8
BLACK
6
CONTINUOUS
10
3.0363704724409448
20
1.4922738188976377
11
3.038602598425197
21
1.4928456692913386
0
LINE
8
BLACK
6
CONTINUOUS
10
3.038602598425197
20
1.4928456692913386
11
3.0408836220472439
21
1.4925198031496063
0
LINE
8
BLACK
6
CONTINUOUS
10
2.3644472834645667
20
2.1273320078740157
11
2.3657257086614174
21
2.1260535826771654
0
LINE
8
BLACK
6
CONTINUOUS
10
2.3657257086614174
20
2.1260535826771654
11
2.3659055118110235
21
2.1251496062992126
0
LINE
8
BLACK
6
CONTINUOUS
10
2.3659055118110235
20
2.1251496062992126
11
2.3659055118110235
21
1.9204251968503936
0
LINE
8
BLACK
6
CONTINUOUS
10
2.3659055118110235
20
1.9204251968503936
11
2.3657257086614174
21
1.919521220472441
0
LINE
8
BLACK
6
CONTINUOUS
10
2.3657257086614174
20
1.919521220472441
11
2.3644472834645667
21
1.9182427952755905
0
LINE
8
BLACK
6
CONTINUOUS
10
2.3644472834645667
20
1.9182427952755905
11
2.3635433070866143
21
1.9180629921259842
0
LINE
8
BLACK
6
CONTINUOUS
10
2.3635433070866143
20
1.9180629921259842
11
0.8588188976377953
21
1.9180629921259842
0
LINE
8
BLACK
6
CONTINUOUS
10
0.8588188976377953
20
1.9180629921259842
11
0.8579149212598425
21
1.9182427952755905
0
LINE
8
BLACK
6
CONTINUOUS
10
0.8579149212598425
20
1.9182427952755905
11
0.8566364960629921
21
1.919521220472441
0
LINE
8
BLACK
6
CONTINUOUS
10
0.8566364960629921
20
1.919521220472441
11
0.8564566929133858
21
1.9204251968503936
0
LINE
8
BLACK
6
CONTINUOUS
10
0.8564566929133858
20
1.9204251968503936
11
0.8564566929133858
21
2.0227874015748033
0
LINE
8
BLACK
6
CONTINUOUS
10
0.8564566929133858
20
2.0227874015748033
11
0.8566364960629921
21
2.0236913779527557
0
LINE
8
BLACK
6
CONTINUOUS
10
0.8566364960629921
20
2.0236913779527557
11
0.8579149212598425
21
2.0249698031496064
0
LINE
8
BLACK
6
CONTINUOUS
10
0.8579149212598425
20
2.0249698031496064
11
0.8588188976377953
21
2.0251496062992125
0
LINE
8
BLACK
6
CONTINUOUS
10
0.8588188976377953
20
2.0251496062992125
11
0.9588188976377953
21
2.0251496062992125
0
LINE
8
BLACK
6
CONTINUOUS
10
0.9588188976377953
20
2.0251496062992125
11
0.9588188976377953
21
2.1251496062992126
0
LINE
8
BLACK
6
CONTINUOUS
10
0.9588188976377953
20
2.1251496062992126
11
0.9589987007874016
21
2.1260535826771654
0
LINE
8
BLACK
6
CONTINUOUS
10
0.9589987007874016
20
2.1260535826771654
11
0.960277125984252
21
2.1273320078740157
0
LINE
8
BLACK
6
CONTINUOUS
10
0.960277125984252
20
2.1273320078740157
11
0.9611811023622047
21
2.1275118110236222
0
LINE
8
BLACK
6
CONTINUOUS
10
0.9611811023622047
20
2.1275118110236222
11
2.3635433070866143
21
2.1275118110236222
0
LINE
8
BLACK
6
CONTINUOUS
10
2.3635433070866143
20
2.1275118110236222
11
2.3644472834645667
21
2.1273320078740157
0
LINE
8
BLACK
6
CONTINUOUS
10
0.9635433070866142
20
2.1227874015748029
11
0.9635433070866142
21
2.0227874015748033
0
LINE
8
BLACK
6
CONTINUOUS
10
0.9635433070866142
20
2.0227874015748033
11
0.9633635039370079
21
2.0218834251968505
0
LINE
8
BLACK
6
CONTINUOUS
10
0.9633635039370079
20
2.0218834251968505
11
0.9620850787401575
21
2.0206049999999998
0
LINE
8
BLACK
6
CONTINUOUS
10
0.9620850787401575
20
2.0206049999999998
11
0.9611811023622047
21
2.0204251968503937
0
LINE
8
BLACK
6
CONTINUOUS
10
0.9611811023622047
20
2.0204251968503937
11
0.8611811023622047
21
2.0204251968503937
0
LINE
8
BLACK
6
CONTINUOUS
10
0.8611811023622047
20
2.0204251968503937
11
0.8611811023622047
21
1.9227874015748032
0
LINE
8
BLACK
6
CONTINUOUS
10
0.8611811023622047
20
1.9227874015748032
11
2.3611811023622047
21
1.9227874015748032
0
LINE
8
BLACK
6
CONTINUOUS
10
2.3611811023622047
20
1.9227874015748032
11
2.3611811023622047
21
2.1227874015748029
0
LINE
8
BLACK
6
CONTINUOUS
10
2.3611811023622047
20
2.1227874015748029
11
0.9635433070866142
21
2.1227874015748029
0
LINE
8
BLACK
6
CONTINUOUS
10
0.8090751574803149
20
2.0125881102362206
11
0.8091529133858267
21
2.0125936220472442
0
LINE
8
BLACK
6
CONTINUOUS
10
0.8091529133858267
20
2.0125936220472442
11
0.809255157480315
21
2.0125703937007873
0
LINE
8
BLACK
6
CONTINUOUS
10
0.809255157480315
20
2.0125703937007873
11
0.8093596850393701
21
2.0125600787401576
0
LINE
8
BLACK
6
CONTINUOUS
10
0.8093596850393701
20
2.0125600787401576
11
0.8094317716535433
21
2.0125302362204724
0
LINE
8
BLACK
6
CONTINUOUS
10
0.8094317716535433
20
2.0125302362204724
11
0.8097173622047243
21
2.012465275590551
0
LINE
8
BLACK
6
CONTINUOUS
10
0.8097173622047243
20
2.012465275590551
11
0.8153416535433071
21
2.0105905118110234
0
LINE
8
BLACK
6
CONTINUOUS
10
0.8153416535433071
20
2.0105905118110234
11
0.8158701968503936
21
2.0103545275590551
0
LINE
8
BLACK
6
CONTINUOUS
10
0.8158701968503936
20
2.0103545275590551
11
0.8159502755905511
21
2.0102850787401576
0
LINE
8
BLACK
6
CONTINUOUS
10
0.8159502755905511
20
2.0102850787401576
11
0.8160483464566929
21
2.0102444488188977
0
LINE
8
BLACK
6
CONTINUOUS
10
0.8160483464566929
20
2.0102444488188977
11
0.8164958267716536
21
2.0098772047244093
0
LINE
8
BLACK
6
CONTINUOUS
10
0.8164958267716536
20
2.0098772047244093
11
0.8202453937007874
21
2.0061276771653542
0
LINE
8
BLACK
6
CONTINUOUS
10
0.8202453937007874
20
2.0061276771653542
11
0.8206126377952756
21
2.0056802362204724
0
LINE
8
BLACK
6
CONTINUOUS
10
0.8206126377952756
20
2.0056802362204724
11
0.8206532283464567
21
2.0055822047244094
0
LINE
8
BLACK
6
CONTINUOUS
10
0.8206532283464567
20
2.0055822047244094
11
0.8207227165354331
21
2.0055020866141731
0
LINE
8
BLACK
6
CONTINUOUS
10
0.8207227165354331
20
2.0055020866141731
11
0.8209587007874015
21
2.0049735039370078
0
LINE
8
BLACK
6
CONTINUOUS
10
0.8209587007874015
20
2.0049735039370078
11
0.8228334645669291
21
1.9993492519685039
0
LINE
8
BLACK
6
CONTINUOUS
10
0.8228334645669291
20
1.9993492519685039
11
0.8228983858267717
21
1.999063622047244
0
LINE
8
BLACK
6
CONTINUOUS
10
0.8228983858267717
20
1.999063622047244
11
0.8229282677165354
21
1.9989915354330707
0
LINE
8
BLACK
6
CONTINUOUS
10
0.8229282677165354
20
1.9989915354330707
11
0.8229385433070866
21
1.9988870866141732
0
LINE
8
BLACK
6
CONTINUOUS
10
0.8229385433070866
20
1.9988870866141732
11
0.822961811023622
21
1.9987848031496063
0
LINE
8
BLACK
6
CONTINUOUS
10
0.822961811023622
20
1.9987848031496063
11
0.8229562598425196
21
1.9987070866141732
0
LINE
8
BLACK
6
CONTINUOUS
10
0.8229562598425196
20
1.9987070866141732
11
0.822985
21
1.9984154724409449
0
LINE
8
BLACK
6
CONTINUOUS
10
0.822985
20
1.9984154724409449
11
0.822985
21
1.9946659448818898
0
LINE
8
BLACK
6
CONTINUOUS
10
0.822985
20
1.9946659448818898
11
0.8229282677165354
21
1.9940898818897637
0
LINE
8
BLACK
6
CONTINUOUS
10
0.8229282677165354
20
1.9940898818897637
11
0.8224873622047244
21
1.9930254724409449
0
LINE
8
BLACK
6
CONTINUOUS
10
0.8224873622047244
20
1.9930254724409449
11
0.8216727165354331
21
1.9922108267716534
0
LINE
8
BLACK
6
CONTINUOUS
10
0.8216727165354331
20
1.9922108267716534
11
0.8206083070866141
21
1.9917699212598425
0
LINE
8
BLACK
6
CONTINUOUS
10
0.8206083070866141
20
1.9917699212598425
11
0.8194561811023622
21
1.9917699212598425
0
LINE
8
BLACK
6
CONTINUOUS
10
0.8194561811023622
20
1.9917699212598425
11
0.8183917716535433
21
1.9922108267716534
0
LINE
8
BLACK
6
CONTINUOUS
10
0.8183917716535433
20
1.9922108267716534
11
0.8175771259842519
21
1.9930254724409449
0
LINE
8
BLACK
6
CONTINUOUS
10
0.8175771259842519
20
1.9930254724409449
11
0.8171362204724409
21
1.9940898818897637
0
LINE
8
BLACK
6
CONTINUOUS
10
0.8171362204724409
20
1.9940898818897637
11
0.8170794881889764
21
1.9946659448818898
0
LINE
8
BLACK
6
CONTINUOUS
10
0.8170794881889764
20
1.9946659448818898
11
0.8170794881889764
21
1.9979363385826772
0
LINE
8
BLACK
6
CONTINUOUS
10
0.8170794881889764
20
1.9979363385826772
11
0.8155766929133859
21
2.002444724409449
0
LINE
8
BLACK
6
CONTINUOUS
10
0.8155766929133859
20
2.002444724409449
11
0.812812874015748
21
2.0052085039370078
0
LINE
8
BLACK
6
CONTINUOUS
10
0.812812874015748
20
2.0052085039370078
11
0.8083044881889764
21
2.0067112992125984
0
LINE
8
BLACK
6
CONTINUOUS
10
0.8083044881889764
20
2.0067112992125984
11
0.7806621653543306
21
2.0067112992125984
0
LINE
8
BLACK
6
CONTINUOUS
10
0.7806621653543306
20
2.0067112992125984
11
0.7800861023622047
21
2.0067680314960628
0
LINE
8
BLACK
6
CONTINUOUS
10
0.7800861023622047
20
2.0067680314960628
11
0.7790216929133859
21
2.0072089370078738
0
LINE
8
BLACK
6
CONTINUOUS
10
0.7790216929133859
20
2.0072089370078738
11
0.7782070472440945
21
2.0080235826771653
0
LINE
8
BLACK
6
CONTINUOUS
10
0.7782070472440945
20
2.0080235826771653
11
0.7777661417322834
21
2.0090879921259841
0
LINE
8
BLACK
6
CONTINUOUS
10
0.7777661417322834
20
2.0090879921259841
11
0.7777661417322834
21
2.0102401181102363
0
LINE
8
BLACK
6
CONTINUOUS
10
0.7777661417322834
20
2.0102401181102363
11
0.7782070472440945
21
2.0113045275590551
0
LINE
8
BLACK
6
CONTINUOUS
10
0.7782070472440945
20
2.0113045275590551
11
0.7790216929133859
21
2.0121191732283465
0
LINE
8
BLACK
6
CONTINUOUS
10
0.7790216929133859
20
2.0121191732283465
11
0.7800861023622047
21
2.0125600787401576
0
LINE
8
BLACK
6
CONTINUOUS
10
0.7800861023622047
20
2.0125600787401576
11
0.7806621653543306
21
2.012616811023622
0
LINE
8
BLACK
6
CONTINUOUS
10
0.7806621653543306
20
2.012616811023622
11
0.8087836220472441
21
2.012616811023622
0
LINE
8
BLACK
6
CONTINUOUS
10
0.8087836220472441
20
2.012616811023622
11
0.8090751574803149
21
2.0125881102362206
0
LINE
8
BLACK
6
CONTINUOUS
10
0.8131092125984252
20
2.051930157480315
11
0.8132072047244094
21
2.0518895669291339
0
LINE
8
BLACK
6
CONTINUOUS
10
0.8132072047244094
20
2.0518895669291339
11
0.8133130314960629
21
2.0518820472440944
0
LINE
8
BLACK
6
CONTINUOUS
10
0.8133130314960629
20
2.0518820472440944
11
0.8138536614173228
21
2.0516751574803149
0
LINE
8
BLACK
6
CONTINUOUS
10
0.8138536614173228
20
2.0516751574803149
11
0.817603188976378
21
2.0498003937007874
0
LINE
8
BLACK
6
CONTINUOUS
10
0.817603188976378
20
2.0498003937007874
11
0.817851062992126
21
2.0496443700787399
0
LINE
8
BLACK
6
CONTINUOUS
10
0.817851062992126
20
2.0496443700787399
11
0.8179231102362204
21
2.0496145275590552
0
LINE
8
BLACK
6
CONTINUOUS
10
0.8179231102362204
20
2.0496145275590552
11
0.8180041338582676
21
2.0495480314960628
0
LINE
8
BLACK
6
CONTINUOUS
10
0.8180041338582676
20
2.0495480314960628
11
0.8180930708661417
21
2.0494920472440943
0
LINE
8
BLACK
6
CONTINUOUS
10
0.8180930708661417
20
2.0494920472440943
11
0.8181442125984252
21
2.0494330708661419
0
LINE
8
BLACK
6
CONTINUOUS
10
0.8181442125984252
20
2.0494330708661419
11
0.8183705511811024
21
2.0492473228346455
0
LINE
8
BLACK
6
CONTINUOUS
10
0.8183705511811024
20
2.0492473228346455
11
0.8202453543307087
21
2.0473725590551179
0
LINE
8
BLACK
6
CONTINUOUS
10
0.8202453543307087
20
2.0473725590551179
11
0.8204311023622047
21
2.0471462204724409
0
LINE
8
BLACK
6
CONTINUOUS
10
0.8204311023622047
20
2.0471462204724409
11
0.820490157480315
21
2.0470950000000001
0
LINE
8
BLACK
6
CONTINUOUS
10
0.820490157480315
20
2.0470950000000001
11
0.8205461417322835
21
2.0470060629921258
0
LINE
8
BLACK
6
CONTINUOUS
10
0.8205461417322835
20
2.0470060629921258
11
0.8206125984251968
21
2.0469250787401574
0
LINE
8
BLACK
6
CONTINUOUS
10
0.8206125984251968
20
2.0469250787401574
11
0.8206424015748032
21
2.0468531496062994
0
LINE
8
BLACK
6
CONTINUOUS
10
0.8206424015748032
20
2.0468531496062994
11
0.8207985039370078
21
2.0466051181102363
0
LINE
8
BLACK
6
CONTINUOUS
10
0.8207985039370078
20
2.0466051181102363
11
0.8226732677165354
21
2.0428555905511812
0
LINE
8
BLACK
6
CONTINUOUS
10
0.8226732677165354
20
2.0428555905511812
11
0.822880157480315
21
2.0423149999999999
0
LINE
8
BLACK
6
CONTINUOUS
10
0.822880157480315
20
2.0423149999999999
11
0.8228876771653543
21
2.0422091338582677
0
LINE
8
BLACK
6
CONTINUOUS
10
0.8228876771653543
20
2.0422091338582677
11
0.8229282677165354
21
2.0421111417322835
0
LINE
8
BLACK
6
CONTINUOUS
10
0.8229282677165354
20
2.0421111417322835
11
0.822985
21
2.0415350787401576
0
LINE
8
BLACK
6
CONTINUOUS
10
0.822985
20
2.0415350787401576
11
0.822985
21
2.0321612598425198
0
LINE
8
BLACK
6
CONTINUOUS
10
0.822985
20
2.0321612598425198
11
0.8229282677165354
21
2.0315851968503935
0
LINE
8
BLACK
6
CONTINUOUS
10
0.8229282677165354
20
2.0315851968503935
11
0.8228876771653543
21
2.031487244094488
0
LINE
8
BLACK
6
CONTINUOUS
10
0.8228876771653543
20
2.031487244094488
11
0.822880157480315
21
2.0313813385826771
0
LINE
8
BLACK
6
CONTINUOUS
10
0.822880157480315
20
2.0313813385826771
11
0.8226732677165354
21
2.0308407480314958
0
LINE
8
BLACK
6
CONTINUOUS
10
0.8226732677165354
20
2.0308407480314958
11
0.8207985039370078
21
2.0270912204724407
0
LINE
8
BLACK
6
CONTINUOUS
10
0.8207985039370078
20
2.0270912204724407
11
0.8206424015748032
21
2.0268432283464568
0
LINE
8
BLACK
6
CONTINUOUS
10
0.8206424015748032
20
2.0268432283464568
11
0.8206125984251968
21
2.0267712598425196
0
LINE
8
BLACK
6
CONTINUOUS
10
0.8206125984251968
20
2.0267712598425196
11
0.8205461417322835
21
2.0266903149606299
0
LINE
8
BLACK
6
CONTINUOUS
10
0.8205461417322835
20
2.0266903149606299
11
0.820490157480315
21
2.0266013385826773
0
LINE
8
BLACK
6
CONTINUOUS
10
0.820490157480315
20
2.0266013385826773
11
0.8204311023622047
21
2.0265501574803149
0
LINE
8
BLACK
6
CONTINUOUS
10
0.8204311023622047
20
2.0265501574803149
11
0.8202453543307087
21
2.026323779527559
0
LINE
8
BLACK
6
CONTINUOUS
10
0.8202453543307087
20
2.026323779527559
11
0.8183705511811024
21
2.0244490157480315
0
LINE
8
BLACK
6
CONTINUOUS
10
0.8183705511811024
20
2.0244490157480315
11
0.8179231102362204
21
2.0240818110236218
0
LINE
8
BLACK
6
CONTINUOUS
10
0.8179231102362204
20
2.0240818110236218
11
0.8168587007874015
21
2.0236409448818895
0
LINE
8
BLACK
6
CONTINUOUS
10
0.8168587007874015
20
2.0236409448818895
11
0.8157066141732283
21
2.0236409448818895
0
LINE
8
BLACK
6
CONTINUOUS
10
0.8157066141732283
20
2.0236409448818895
11
0.8146422047244094
21
2.0240818503937006
0
LINE
8
BLACK
6
CONTINUOUS
10
0.8146422047244094
20
2.0240818503937006
11
0.8138275196850393
21
2.0248965354330708
0
LINE
8
BLACK
6
CONTINUOUS
10
0.8138275196850393
20
2.0248965354330708
11
0.8133866535433071
21
2.0259609448818896
0
LINE
8
BLACK
6
CONTINUOUS
10
0.8133866535433071
20
2.0259609448818896
11
0.8133866535433071
21
2.027113031496063
0
LINE
8
BLACK
6
CONTINUOUS
10
0.8133866535433071
20
2.027113031496063
11
0.8138275590551181
21
2.0281774409448818
0
LINE
8
BLACK
6
CONTINUOUS
10
0.8138275590551181
20
2.0281774409448818
11
0.8141948031496062
21
2.0286249212598424
0
LINE
8
BLACK
6
CONTINUOUS
10
0.8141948031496062
20
2.0286249212598424
11
0.815730748031496
21
2.0301608661417321
0
LINE
8
BLACK
6
CONTINUOUS
10
0.815730748031496
20
2.0301608661417321
11
0.8170794881889764
21
2.032858307086614
0
LINE
8
BLACK
6
CONTINUOUS
10
0.8170794881889764
20
2.032858307086614
11
0.8170794881889764
21
2.040838031496063
0
LINE
8
BLACK
6
CONTINUOUS
10
0.8170794881889764
20
2.040838031496063
11
0.815730748031496
21
2.0435355118110237
0
LINE
8
BLACK
6
CONTINUOUS
10
0.815730748031496
20
2.0435355118110237
11
0.8145335826771654
21
2.0447326377952755
0
LINE
8
BLACK
6
CONTINUOUS
10
0.8145335826771654
20
2.0447326377952755
11
0.8118361023622047
21
2.0460813779527558
0
LINE
8
BLACK
6
CONTINUOUS
10
0.8118361023622047
20
2.0460813779527558
11
0.8038563779527559
21
2.0460813779527558
0
LINE
8
BLACK
6
CONTINUOUS
10
0.8038563779527559
20
2.0460813779527558
11
0.8011588976377952
21
2.0447326377952755
0
LINE
8
BLACK
6
CONTINUOUS
10
0.8011588976377952
20
2.0447326377952755
11
0.7999617716535433
21
2.0435355118110237
0
LINE
8
BLACK
6
CONTINUOUS
10
0.7999617716535433
20
2.0435355118110237
11
0.798613031496063
21
2.040838031496063
0
LINE
8
BLACK
6
CONTINUOUS
10
0.798613031496063
20
2.040838031496063
11
0.798613031496063
21
2.032858307086614
0
LINE
8
BLACK
6
CONTINUOUS
10
0.798613031496063
20
2.032858307086614
11
0.7999617716535433
21
2.0301608267716533
0
LINE
8
BLACK
6
CONTINUOUS
10
0.7999617716535433
20
2.0301608267716533
11
0.801497716535433
21
2.0286248818897636
0
LINE
8
BLACK
6
CONTINUOUS
10
0.801497716535433
20
2.0286248818897636
11
0.8018649212598425
21
2.0281774409448818
0
LINE
8
BLACK
6
CONTINUOUS
10
0.8018649212598425
20
2.0281774409448818
11
0.801921811023622
21
2.0280401181102361
0
LINE
8
BLACK
6
CONTINUOUS
10
0.801921811023622
20
2.0280401181102361
11
0.8020159842519685
21
2.0279249999999998
0
LINE
8
BLACK
6
CONTINUOUS
10
0.8020159842519685
20
2.0279249999999998
11
0.8021406692913385
21
2.0275117322834646
0
LINE
8
BLACK
6
CONTINUOUS
10
0.8021406692913385
20
2.0275117322834646
11
0.8023058267716535
21
2.027113031496063
0
LINE
8
BLACK
6
CONTINUOUS
10
0.8023058267716535
20
2.027113031496063
11
0.8023058267716535
21
2.0269643700787401
0
LINE
8
BLACK
6
CONTINUOUS
10
0.8023058267716535
20
2.0269643700787401
11
0.802348779527559
21
2.0268220078740158
0
LINE
8
BLACK
6
CONTINUOUS
10
0.802348779527559
20
2.0268220078740158
11
0.8023058267716535
21
2.0263925196850394
0
LINE
8
BLACK
6
CONTINUOUS
10
0.8023058267716535
20
2.0263925196850394
11
0.8023058267716535
21
2.0259609448818896
0
LINE
8
BLACK
6
CONTINUOUS
10
0.8023058267716535
20
2.0259609448818896
11
0.8022488976377953
21
2.0258236220472439
0
LINE
8
BLACK
6
CONTINUOUS
10
0.8022488976377953
20
2.0258236220472439
11
0.8022341338582677
21
2.025675590551181
0
LINE
8
BLACK
6
CONTINUOUS
10
0.8022341338582677
20
2.025675590551181
11
0.80203
21
2.0252951574803149
0
LINE
8
BLACK
6
CONTINUOUS
10
0.80203
20
2.0252951574803149
11
0.8018649212598425
21
2.0248965354330708
0
LINE
8
BLACK
6
CONTINUOUS
10
0.8018649212598425
20
2.0248965354330708
11
0.8017597637795275
21
2.0247914173228345
0
LINE
8
BLACK
6
CONTINUOUS
10
0.8017597637795275
20
2.0247914173228345
11
0.8016894881889763
21
2.0246603543307087
0
LINE
8
BLACK
6
CONTINUOUS
10
0.8016894881889763
20
2.0246603543307087
11
0.8013552755905512
21
2.0243869291338581
0
LINE
8
BLACK
6
CONTINUOUS
10
0.8013552755905512
20
2.0243869291338581
11
0.8010502362204724
21
2.0240818503937006
0
LINE
8
BLACK
6
CONTINUOUS
10
0.8010502362204724
20
2.0240818503937006
11
0.8009129527559055
21
2.024025
0
LINE
8
BLACK
6
CONTINUOUS
10
0.8009129527559055
20
2.024025
11
0.8007978346456692
21
2.0239307874015746
0
LINE
8
BLACK
6
CONTINUOUS
10
0.8007978346456692
20
2.0239307874015746
11
0.8003844094488188
21
2.0238060629921257
0
LINE
8
BLACK
6
CONTINUOUS
10
0.8003844094488188
20
2.0238060629921257
11
0.7999858267716535
21
2.0236409448818895
0
LINE
8
BLACK
6
CONTINUOUS
10
0.7999858267716535
20
2.0236409448818895
11
0.7998372047244094
21
2.0236409448818895
0
LINE
8
BLACK
6
CONTINUOUS
10
0.7998372047244094
20
2.0236409448818895
11
0.799694842519685
21
2.0235979921259841
0
LINE
8
BLACK
6
CONTINUOUS
10
0.799694842519685
20
2.0235979921259841
11
0.7991159842519685
21
2.0235988582677167
0
LINE
8
BLACK
6
CONTINUOUS
10
0.7991159842519685
20
2.0235988582677167
11
0.7803683464566928
21
2.0254736220472442
0
LINE
8
BLACK
6
CONTINUOUS
10
0.7803683464566928
20
2.0254736220472442
11
0.7801584251968504
21
2.0255157086614171
0
LINE
8
BLACK
6
CONTINUOUS
10
0.7801584251968504
20
2.0255157086614171
11
0.7800861023622047
21
2.0255157086614171
0
LINE
8
BLACK
6
CONTINUOUS
10
0.7800861023622047
20
2.0255157086614171
11
0.7800182677165354
21
2.0255438188976376
0
LINE
8
BLACK
6
CONTINUOUS
10
0.7800182677165354
20
2.0255438188976376
11
0.7798007874015748
21
2.025587401574803
0
LINE
8
BLACK
6
CONTINUOUS
10
0.7798007874015748
20
2.025587401574803
11
0.7794204724409448
21
2.0257914566929132
0
LINE
8
BLACK
6
CONTINUOUS
10
0.7794204724409448
20
2.0257914566929132
11
0.7790216929133859
21
2.0259566141732281
0
LINE
8
BLACK
6
CONTINUOUS
10
0.7790216929133859
20
2.0259566141732281
11
0.7789164960629921
21
2.0260618110236219
0
LINE
8
BLACK
6
CONTINUOUS
10
0.7789164960629921
20
2.0260618110236219
11
0.7787855511811024
21
2.0261320472440945
0
LINE
8
BLACK
6
CONTINUOUS
10
0.7787855511811024
20
2.0261320472440945
11
0.7785122834645669
21
2.0264660236220471
0
LINE
8
BLACK
6
CONTINUOUS
10
0.7785122834645669
20
2.0264660236220471
11
0.7782070472440945
21
2.0267712598425196
0
LINE
8
BLACK
6
CONTINUOUS
10
0.7782070472440945
20
2.0267712598425196
11
0.7781501181102362
21
2.0269086220472441
0
LINE
8
BLACK
6
CONTINUOUS
10
0.7781501181102362
20
2.0269086220472441
11
0.7780559842519685
21
2.0270237007874017
0
LINE
8
BLACK
6
CONTINUOUS
10
0.7780559842519685
20
2.0270237007874017
11
0.7779312598425197
21
2.0274370078740156
0
LINE
8
BLACK
6
CONTINUOUS
10
0.7779312598425197
20
2.0274370078740156
11
0.7777661417322834
21
2.0278356692913384
0
LINE
8
BLACK
6
CONTINUOUS
10
0.7777661417322834
20
2.0278356692913384
11
0.7777443700787401
21
2.0280563779527561
0
LINE
8
BLACK
6
CONTINUOUS
10
0.7777443700787401
20
2.0280563779527561
11
0.7777231889763779
21
2.0281266929133857
0
LINE
8
BLACK
6
CONTINUOUS
10
0.7777231889763779
20
2.0281266929133857
11
0.7777303543307087
21
2.0281987007874016
0
LINE
8
BLACK
6
CONTINUOUS
10
0.7777303543307087
20
2.0281987007874016
11
0.7777094094488188
21
2.0284117322834647
0
LINE
8
BLACK
6
CONTINUOUS
10
0.7777094094488188
20
2.0284117322834647
11
0.7777094094488188
21
2.0471593700787403
0
LINE
8
BLACK
6
CONTINUOUS
10
0.7777094094488188
20
2.0471593700787403
11
0.7777661417322834
21
2.0477354330708661
0
LINE
8
BLACK
6
CONTINUOUS
10
0.7777661417322834
20
2.0477354330708661
11
0.7782070472440945
21
2.0487998425196849
0
LINE
8
BLACK
6
CONTINUOUS
10
0.7782070472440945
20
2.0487998425196849
11
0.7790216929133859
21
2.0496144881889764
0
LINE
8
BLACK
6
CONTINUOUS
10
0.7790216929133859
20
2.0496144881889764
11
0.7800861023622047
21
2.0500553937007875
0
LINE
8
BLACK
6
CONTINUOUS
10
0.7800861023622047
20
2.0500553937007875
11
0.7812382283464566
21
2.0500553937007875
0
LINE
8
BLACK
6
CONTINUOUS
10
0.7812382283464566
20
2.0500553937007875
11
0.7823026377952755
21
2.0496144881889764
0
LINE
8
BLACK
6
CONTINUOUS
10
0.7823026377952755
20
2.0496144881889764
11
0.7831172834645669
21
2.0487998425196849
0
LINE
8
BLACK
6
CONTINUOUS
10
0.7831172834645669
20
2.0487998425196849
11
0.783558188976378
21
2.0477354330708661
0
LINE
8
BLACK
6
CONTINUOUS
10
0.783558188976378
20
2.0477354330708661
11
0.7836149212598426
21
2.0471593700787403
0
LINE
8
BLACK
6
CONTINUOUS
10
0.7836149212598426
20
2.0471593700787403
11
0.7836149212598426
21
2.0310839763779529
0
LINE
8
BLACK
6
CONTINUOUS
10
0.7836149212598426
20
2.0310839763779529
11
0.7933861811023621
21
2.0301068503937008
0
LINE
8
BLACK
6
CONTINUOUS
10
0.7933861811023621
20
2.0301068503937008
11
0.7930192519685039
21
2.0308407480314958
0
LINE
8
BLACK
6
CONTINUOUS
10
0.7930192519685039
20
2.0308407480314958
11
0.7928123622047244
21
2.0313813779527559
0
LINE
8
BLACK
6
CONTINUOUS
10
0.7928123622047244
20
2.0313813779527559
11
0.792804842519685
21
2.0314872047244092
0
LINE
8
BLACK
6
CONTINUOUS
10
0.792804842519685
20
2.0314872047244092
11
0.7927642519685039
21
2.0315851968503935
0
LINE
8
BLACK
6
CONTINUOUS
10
0.7927642519685039
20
2.0315851968503935
11
0.7927075196850394
21
2.0321612598425198
0
LINE
8
BLACK
6
CONTINUOUS
10
0.7927075196850394
20
2.0321612598425198
11
0.7927075196850394
21
2.0415350787401576
0
LINE
8
BLACK
6
CONTINUOUS
10
0.7927075196850394
20
2.0415350787401576
11
0.7927642519685039
21
2.0421111417322835
0
LINE
8
BLACK
6
CONTINUOUS
10
0.7927642519685039
20
2.0421111417322835
11
0.792804842519685
21
2.0422091732283465
0
LINE
8
BLACK
6
CONTINUOUS
10
0.792804842519685
20
2.0422091732283465
11
0.7928123622047244
21
2.0423149606299211
0
LINE
8
BLACK
6
CONTINUOUS
10
0.7928123622047244
20
2.0423149606299211
11
0.7930192519685039
21
2.0428555905511812
0
LINE
8
BLACK
6
CONTINUOUS
10
0.7930192519685039
20
2.0428555905511812
11
0.7948940157480314
21
2.0466051181102363
0
LINE
8
BLACK
6
CONTINUOUS
10
0.7948940157480314
20
2.0466051181102363
11
0.7950500787401574
21
2.0468531496062994
0
LINE
8
BLACK
6
CONTINUOUS
10
0.7950500787401574
20
2.0468531496062994
11
0.7950799212598425
21
2.0469250787401574
0
LINE
8
BLACK
6
CONTINUOUS
10
0.7950799212598425
20
2.0469250787401574
11
0.7951463779527559
21
2.0470060629921258
0
LINE
8
BLACK
6
CONTINUOUS
10
0.7951463779527559
20
2.0470060629921258
11
0.7952023622047244
21
2.0470950000000001
0
LINE
8
BLACK
6
CONTINUOUS
10
0.7952023622047244
20
2.0470950000000001
11
0.7952613385826771
21
2.0471461811023621
0
LINE
8
BLACK
6
CONTINUOUS
10
0.7952613385826771
20
2.0471461811023621
11
0.7954471259842519
21
2.0473725196850392
0
LINE
8
BLACK
6
CONTINUOUS
10
0.7954471259842519
20
2.0473725196850392
11
0.7973218897637795
21
2.0492472834645667
0
LINE
8
BLACK
6
CONTINUOUS
10
0.7973218897637795
20
2.0492472834645667
11
0.7975482283464567
21
2.0494330708661419
0
LINE
8
BLACK
6
CONTINUOUS
10
0.7975482283464567
20
2.0494330708661419
11
0.7975994094488189
21
2.0494920472440943
0
LINE
8
BLACK
6
CONTINUOUS
10
0.7975994094488189
20
2.0494920472440943
11
0.7976883464566928
21
2.0495480314960628
0
LINE
8
BLACK
6
CONTINUOUS
10
0.7976883464566928
20
2.0495480314960628
11
0.7977693307086614
21
2.0496144881889764
0
LINE
8
BLACK
6
CONTINUOUS
10
0.7977693307086614
20
2.0496144881889764
11
0.7978412598425196
21
2.0496443307086616
0
LINE
8
BLACK
6
CONTINUOUS
10
0.7978412598425196
20
2.0496443307086616
11
0.7980892913385826
21
2.0498003937007874
0
LINE
8
BLACK
6
CONTINUOUS
10
0.7980892913385826
20
2.0498003937007874
11
0.8018388188976378
21
2.0516751574803149
0
LINE
8
BLACK
6
CONTINUOUS
10
0.8018388188976378
20
2.0516751574803149
11
0.8023794094488189
21
2.0518820472440944
0
LINE
8
BLACK
6
CONTINUOUS
10
0.8023794094488189
20
2.0518820472440944
11
0.8024852755905512
21
2.0518896062992127
0
LINE
8
BLACK
6
CONTINUOUS
10
0.8024852755905512
20
2.0518896062992127
11
0.8025832677165354
21
2.051930157480315
0
LINE
8
BLACK
6
CONTINUOUS
10
0.8025832677165354
20
2.051930157480315
11
0.8031593307086614
21
2.0519868897637794
0
LINE
8
BLACK
6
CONTINUOUS
10
0.8031593307086614
20
2.0519868897637794
11
0.8125331496062992
21
2.0519868897637794
0
LINE
8
BLACK
6
CONTINUOUS
10
0.8125331496062992
20
2.0519868897637794
11
0.8131092125984252
21
2.051930157480315
0
LINE
8
BLACK
6
CONTINUOUS
10
0.9120850787401574
20
2.1273320078740157
11
0.9133635039370078
21
2.1260535826771654
0
LINE
8
BLACK
6
CONTINUOUS
10
0.9133635039370078
20
2.1260535826771654
11
0.9133635039370078
21
2.1242456299212598
0
LINE
8
BLACK
6
CONTINUOUS
10
0.9133635039370078
20
2.1242456299212598
11
0.9120850787401574
21
2.1229672047244095
0
LINE
8
BLACK
6
CONTINUOUS
10
0.9120850787401574
20
2.1229672047244095
11
0.9111811023622047
21
2.1227874015748029
0
LINE
8
BLACK
6
CONTINUOUS
10
0.9111811023622047
20
2.1227874015748029
11
0.8611811023622047
21
2.1227874015748029
0
LINE
8
BLACK
6
CONTINUOUS
10
0.8611811023622047
20
2.1227874015748029
11
0.8611811023622047
21
2.0727874015748031
0
LINE
8
BLACK
6
CONTINUOUS
10
0.8611811023622047
20
2.0727874015748031
11
0.8610012992125984
21
2.0718834251968503
0
LINE
8
BLACK
6
CONTINUOUS
10
0.8610012992125984
20
2.0718834251968503
11
0.859722874015748
21
2.070605
0
LINE
8
BLACK
6
CONTINUOUS
10
0.859722874015748
20
2.070605
11
0.8579149212598425
21
2.070605
0
LINE
8
BLACK
6
CONTINUOUS
10
0.8579149212598425
20
2.070605
11
0.8566364960629921
21
2.0718834251968503
0
LINE
8
BLACK
6
CONTINUOUS
10
0.8566364960629921
20
2.0718834251968503
11
0.8564566929133858
21
2.0727874015748031
0
LINE
8
BLACK
6
CONTINUOUS
10
0.8564566929133858
20
2.0727874015748031
11
0.8564566929133858
21
2.1251496062992126
0
LINE
8
BLACK
6
CONTINUOUS
10
0.8564566929133858
20
2.1251496062992126
11
0.8566364960629921
21
2.1260535826771654
0
LINE
8
BLACK
6
CONTINUOUS
10
0.8566364960629921
20
2.1260535826771654
11
0.8579149212598425
21
2.1273320078740157
0
LINE
8
BLACK
6
CONTINUOUS
10
0.8579149212598425
20
2.1273320078740157
11
0.8588188976377953
21
2.1275118110236222
0
LINE
8
BLACK
6
CONTINUOUS
10
0.8588188976377953
20
2.1275118110236222
11
0.9111811023622047
21
2.1275118110236222
0
LINE
8
BLACK
6
CONTINUOUS
10
0.9111811023622047
20
2.1275118110236222
11
0.9120850787401574
21
2.1273320078740157
0
LINE
8
BLACK
6
CONTINUOUS
10
2.2720546456692912
20
2.2212939763779529
11
2.2721279921259843
21
2.2212636220472439
0
LINE
8
BLACK
6
CONTINUOUS
10
2.2721279921259843
20
2.2212636220472439
11
2.2722073622047243
21
2.2212604330708663
0
LINE
8
BLACK
6
CONTINUOUS
10
2.2722073622047243
20
2.2212604330708663
11
2.2729364173228346
21
2.2210072440944884
0
LINE
8
BLACK
6
CONTINUOUS
10
2.2729364173228346
20
2.2210072440944884
11
2.2778107874015747
21
2.2187575196850395
0
LINE
8
BLACK
6
CONTINUOUS
10
2.2778107874015747
20
2.2187575196850395
11
2.2781187007874015
21
2.2185768897637796
0
LINE
8
BLACK
6
CONTINUOUS
10
2.2781187007874015
20
2.2185768897637796
11
2.2782156692913387
21
2.2185411811023621
0
LINE
8
BLACK
6
CONTINUOUS
10
2.2782156692913387
20
2.2185411811023621
11
2.2783408661417321
21
2.2184465354330709
0
LINE
8
BLACK
6
CONTINUOUS
10
2.2783408661417321
20
2.2184465354330709
11
2.278476496062992
21
2.2183669685039371
0
LINE
8
BLACK
6
CONTINUOUS
10
2.278476496062992
20
2.2183669685039371
11
2.2785466929133857
21
2.2182909842519685
0
LINE
8
BLACK
6
CONTINUOUS
10
2.2785466929133857
20
2.2182909842519685
11
2.2788313385826773
21
2.2180757874015748
0
LINE
8
BLACK
6
CONTINUOUS
10
2.2788313385826773
20
2.2180757874015748
11
2.2812685433070867
21
2.215826062992126
0
LINE
8
BLACK
6
CONTINUOUS
10
2.2812685433070867
20
2.215826062992126
11
2.281547401574803
21
2.2155127165354331
0
LINE
8
BLACK
6
CONTINUOUS
10
2.281547401574803
20
2.2155127165354331
11
2.2816275984251968
21
2.2154476377952754
0
LINE
8
BLACK
6
CONTINUOUS
10
2.2816275984251968
20
2.2154476377952754
11
2.2816981102362206
21
2.2153433858267717
0
LINE
8
BLACK
6
CONTINUOUS
10
2.2816981102362206
20
2.2153433858267717
11
2.2817816141732283
21
2.2152495275590551
0
LINE
8
BLACK
6
CONTINUOUS
10
2.2817816141732283
20
2.2152495275590551
11
2.2818248031496062
21
2.2151559842519686
0
LINE
8
BLACK
6
CONTINUOUS
10
2.2818248031496062
20
2.2151559842519686
11
2.2820599212598425
21
2.214808307086614
0
LINE
8
BLACK
6
CONTINUOUS
10
2.2820599212598425
20
2.214808307086614
11
2.2844971259842519
21
2.2103088976377951
0
LINE
8
BLACK
6
CONTINUOUS
10
2.2844971259842519
20
2.2103088976377951
11
2.2847964566929133
21
2.2095975196850395
0
LINE
8
BLACK
6
CONTINUOUS
10
2.2847964566929133
20
2.2095975196850395
11
2.2848177952755906
21
2.2093923622047242
0
LINE
8
BLACK
6
CONTINUOUS
10
2.2848177952755906
20
2.2093923622047242
11
2.2848967322834643
21
2.2092018110236218
0
LINE
8
BLACK
6
CONTINUOUS
10
2.2848967322834643
20
2.2092018110236218
11
2.2849723622047242
21
2.2084337401574801
0
LINE
8
BLACK
6
CONTINUOUS
10
2.2849723622047242
20
2.2084337401574801
11
2.2849723622047242
21
2.194372992125984
0
LINE
8
BLACK
6
CONTINUOUS
10
2.2849723622047242
20
2.194372992125984
11
2.3054072834645667
21
2.194372992125984
0
LINE
8
BLACK
6
CONTINUOUS
10
2.3054072834645667
20
2.194372992125984
11
2.3061753543307084
21
2.1942973622047242
0
LINE
8
BLACK
6
CONTINUOUS
10
2.3061753543307084
20
2.1942973622047242
11
2.3075945669291338
21
2.1937094881889765
0
LINE
8
BLACK
6
CONTINUOUS
10
2.3075945669291338
20
2.1937094881889765
11
2.3086807874015749
21
2.1926232677165354
0
LINE
8
BLACK
6
CONTINUOUS
10
2.3086807874015749
20
2.1926232677165354
11
2.3092686614173226
21
2.19120405511811
0
LINE
8
BLACK
6
CONTINUOUS
10
2.3092686614173226
20
2.19120405511811
11
2.3092686614173226
21
2.1896679133858266
0
LINE
8
BLACK
6
CONTINUOUS
10
2.3092686614173226
20
2.1896679133858266
11
2.3086807874015749
21
2.1882487007874016
0
LINE
8
BLACK
6
CONTINUOUS
10
2.3086807874015749
20
2.1882487007874016
11
2.3075945669291338
21
2.1871624803149605
0
LINE
8
BLACK
6
CONTINUOUS
10
2.3075945669291338
20
2.1871624803149605
11
2.3061753543307084
21
2.1865746062992124
0
LINE
8
BLACK
6
CONTINUOUS
10
2.3061753543307084
20
2.1865746062992124
11
2.3054072834645667
21
2.1864989763779525
0
LINE
8
BLACK
6
CONTINUOUS
10
2.3054072834645667
20
2.1864989763779525
11
2.2542261811023621
21
2.1864989763779525
0
LINE
8
BLACK
6
CONTINUOUS
10
2.2542261811023621
20
2.1864989763779525
11
2.2534581102362203
21
2.1865746062992124
0
LINE
8
BLACK
6
CONTINUOUS
10
2.2534581102362203
20
2.1865746062992124
11
2.2520388976377954
21
2.1871624803149605
0
LINE
8
BLACK
6
CONTINUOUS
10
2.2520388976377954
20
2.1871624803149605
11
2.2509526771653543
21
2.1882487007874016
0
LINE
8
BLACK
6
CONTINUOUS
10
2.2509526771653543
20
2.1882487007874016
11
2.2503648031496062
21
2.1896679133858266
0
LINE
8
BLACK
6
CONTINUOUS
10
2.2503648031496062
20
2.1896679133858266
11
2.2502891732283463
21
2.1904359842519683
0
LINE
8
BLACK
6
CONTINUOUS
10
2.2502891732283463
20
2.1904359842519683
11
2.2502891732283463
21
2.2084337401574801
0
LINE
8
BLACK
6
CONTINUOUS
10
2.2502891732283463
20
2.2084337401574801
11
2.2503648031496062
21
2.2092018110236218
0
LINE
8
BLACK
6
CONTINUOUS
10
2.2503648031496062
20
2.2092018110236218
11
2.2504437007874016
21
2.2093923622047242
0
LINE
8
BLACK
6
CONTINUOUS
10
2.2504437007874016
20
2.2093923622047242
11
2.2504650787401572
21
2.2095975196850395
0
LINE
8
BLACK
6
CONTINUOUS
10
2.2504650787401572
20
2.2095975196850395
11
2.2507644094488191
21
2.2103088976377951
0
LINE
8
BLACK
6
CONTINUOUS
10
2.2507644094488191
20
2.2103088976377951
11
2.2532016141732285
21
2.214808307086614
0
LINE
8
BLACK
6
CONTINUOUS
10
2.2532016141732285
20
2.214808307086614
11
2.253436692913386
21
2.2151559842519686
0
LINE
8
BLACK
6
CONTINUOUS
10
2.253436692913386
20
2.2151559842519686
11
2.2534799212598426
21
2.2152495275590551
0
LINE
8
BLACK
6
CONTINUOUS
10
2.2534799212598426
20
2.2152495275590551
11
2.2535633858267716
21
2.2153433858267717
0
LINE
8
BLACK
6
CONTINUOUS
10
2.2535633858267716
20
2.2153433858267717
11
2.2536339370078742
21
2.2154476377952754
0
LINE
8
BLACK
6
CONTINUOUS
10
2.2536339370078742
20
2.2154476377952754
11
2.2537140944881888
21
2.2155127165354331
0
LINE
8
BLACK
6
CONTINUOUS
10
2.2537140944881888
20
2.2155127165354331
11
2.2539929921259843
21
2.215826062992126
0
LINE
8
BLACK
6
CONTINUOUS
10
2.2539929921259843
20
2.215826062992126
11
2.2564301968503937
21
2.2180757874015748
0
LINE
8
BLACK
6
CONTINUOUS
10
2.2564301968503937
20
2.2180757874015748
11
2.2567149212598423
21
2.218291062992126
0
LINE
8
BLACK
6
CONTINUOUS
10
2.2567149212598423
20
2.218291062992126
11
2.2567850787401573
21
2.2183669685039371
0
LINE
8
BLACK
6
CONTINUOUS
10
2.2567850787401573
20
2.2183669685039371
11
2.2569205118110234
21
2.2184464566929134
0
LINE
8
BLACK
6
CONTINUOUS
10
2.2569205118110234
20
2.2184464566929134
11
2.2570458661417323
21
2.2185411811023621
0
LINE
8
BLACK
6
CONTINUOUS
10
2.2570458661417323
20
2.2185411811023621
11
2.2571428740157482
21
2.2185769291338584
0
LINE
8
BLACK
6
CONTINUOUS
10
2.2571428740157482
20
2.2185769291338584
11
2.2574507480314958
21
2.2187575196850395
0
LINE
8
BLACK
6
CONTINUOUS
10
2.2574507480314958
20
2.2187575196850395
11
2.262325118110236
21
2.2210072440944884
0
LINE
8
BLACK
6
CONTINUOUS
10
2.262325118110236
20
2.2210072440944884
11
2.263054212598425
21
2.2212604330708663
0
LINE
8
BLACK
6
CONTINUOUS
10
2.263054212598425
20
2.2212604330708663
11
2.263133503937008
21
2.2212636220472439
0
LINE
8
BLACK
6
CONTINUOUS
10
2.263133503937008
20
2.2212636220472439
11
2.2632068897637794
21
2.2212939763779529
0
LINE
8
BLACK
6
CONTINUOUS
10
2.2632068897637794
20
2.2212939763779529
11
2.2639749606299211
21
2.2213696062992128
0
LINE
8
BLACK
6
CONTINUOUS
10
2.2639749606299211
20
2.2213696062992128
11
2.2712865748031494
21
2.2213696062992128
0
LINE
8
BLACK
6
CONTINUOUS
10
2.2712865748031494
20
2.2213696062992128
11
2.2720546456692912
21
2.2212939763779529
0
LINE
8
BLACK
6
CONTINUOUS
10
2.2613144488188976
20
2.2118685826771651
11
2.2598139370078738
21
2.2104835039370077
0
LINE
8
BLACK
6
CONTINUOUS
10
2.2598139370078738
20
2.2104835039370077
11
2.2581631889763778
21
2.2074359448818899
0
LINE
8
BLACK
6
CONTINUOUS
10
2.2581631889763778
20
2.2074359448818899
11
2.2581631889763778
21
2.194372992125984
0
LINE
8
BLACK
6
CONTINUOUS
10
2.2581631889763778
20
2.194372992125984
11
2.2770983464566927
21
2.194372992125984
0
LINE
8
BLACK
6
CONTINUOUS
10
2.2770983464566927
20
2.194372992125984
11
2.2770983464566927
21
2.2074359448818899
0
LINE
8
BLACK
6
CONTINUOUS
10
2.2770983464566927
20
2.2074359448818899
11
2.275447559055118
21
2.2104835039370077
0
LINE
8
BLACK
6
CONTINUOUS
10
2.275447559055118
20
2.2104835039370077
11
2.2739470472440946
21
2.2118685826771651
0
LINE
8
BLACK
6
CONTINUOUS
10
2.2739470472440946
20
2.2118685826771651
11
2.2704218503937006
21
2.2134955905511808
0
LINE
8
BLACK
6
CONTINUOUS
10
2.2704218503937006
20
2.2134955905511808
11
2.2648396850393699
21
2.2134955905511808
0
LINE
8
BLACK
6
CONTINUOUS
10
2.2648396850393699
20
2.2134955905511808
11
2.2613144488188976
21
2.2118685826771651
0
LINE
8
BLACK
6
CONTINUOUS
10
2.2550712992125983
20
2.2775207874015746
11
2.3062524015748029
21
2.2662722047244093
0
LINE
8
BLACK
6
CONTINUOUS
10
2.3062524015748029
20
2.2662722047244093
11
2.3066466535433072
21
2.2661439763779527
0
LINE
8
BLACK
6
CONTINUOUS
10
2.3066466535433072
20
2.2661439763779527
11
2.3067487401574804
21
2.2661283858267716
0
LINE
8
BLACK
6
CONTINUOUS
10
2.3067487401574804
20
2.2661283858267716
11
2.3068117716535435
21
2.266090275590551
0
LINE
8
BLACK
6
CONTINUOUS
10
2.3068117716535435
20
2.266090275590551
11
2.3069863385826772
21
2.2660334645669291
0
LINE
8
BLACK
6
CONTINUOUS
10
2.3069863385826772
20
2.2660334645669291
11
2.3075135826771653
21
2.2656657086614174
0
LINE
8
BLACK
6
CONTINUOUS
10
2.3075135826771653
20
2.2656657086614174
11
2.3080631102362203
21
2.2653332677165352
0
LINE
8
BLACK
6
CONTINUOUS
10
2.3080631102362203
20
2.2653332677165352
11
2.3081398818897636
21
2.2652288582677165
0
LINE
8
BLACK
6
CONTINUOUS
10
2.3081398818897636
20
2.2652288582677165
11
2.3082462598425195
21
2.2651546456692913
0
LINE
8
BLACK
6
CONTINUOUS
10
2.3082462598425195
20
2.2651546456692913
11
2.3085925196850394
21
2.2646133464566929
0
LINE
8
BLACK
6
CONTINUOUS
10
2.3085925196850394
20
2.2646133464566929
11
2.3089731496062993
21
2.2640957086614173
0
LINE
8
BLACK
6
CONTINUOUS
10
2.3089731496062993
20
2.2640957086614173
11
2.3090040944881891
21
2.263969842519685
0
LINE
8
BLACK
6
CONTINUOUS
10
2.3090040944881891
20
2.263969842519685
11
2.3090740157480316
21
2.2638605905511811
0
LINE
8
BLACK
6
CONTINUOUS
10
2.3090740157480316
20
2.2638605905511811
11
2.3091867716535432
21
2.2632277559055116
0
LINE
8
BLACK
6
CONTINUOUS
10
2.3091867716535432
20
2.2632277559055116
11
2.3093403149606297
21
2.2626040944881889
0
LINE
8
BLACK
6
CONTINUOUS
10
2.3093403149606297
20
2.2626040944881889
11
2.3093207480314959
21
2.2624760236220474
0
LINE
8
BLACK
6
CONTINUOUS
10
2.3093207480314959
20
2.2624760236220474
11
2.3093435433070866
21
2.2623482677165354
0
LINE
8
BLACK
6
CONTINUOUS
10
2.3093435433070866
20
2.2623482677165354
11
2.309205472440945
21
2.2617202755905512
0
LINE
8
BLACK
6
CONTINUOUS
10
2.309205472440945
20
2.2617202755905512
11
2.3091087007874016
21
2.2610855118110234
0
LINE
8
BLACK
6
CONTINUOUS
10
2.3091087007874016
20
2.2610855118110234
11
2.3090416141732284
21
2.2609746850393702
0
LINE
8
BLACK
6
CONTINUOUS
10
2.3090416141732284
20
2.2609746850393702
11
2.3090137795275592
21
2.2608479133858266
0
LINE
8
BLACK
6
CONTINUOUS
10
2.3090137795275592
20
2.2608479133858266
11
2.3086459842519687
21
2.2603206692913385
0
LINE
8
BLACK
6
CONTINUOUS
10
2.3086459842519687
20
2.2603206692913385
11
2.3083135826771652
21
2.2597711417322834
0
LINE
8
BLACK
6
CONTINUOUS
10
2.3083135826771652
20
2.2597711417322834
11
2.3082091338582678
21
2.2596943700787402
0
LINE
8
BLACK
6
CONTINUOUS
10
2.3082091338582678
20
2.2596943700787402
11
2.3081349606299213
21
2.2595879921259843
0
LINE
8
BLACK
6
CONTINUOUS
10
2.3081349606299213
20
2.2595879921259843
11
2.3075936220472442
21
2.2592417322834644
0
LINE
8
BLACK
6
CONTINUOUS
10
2.3075936220472442
20
2.2592417322834644
11
2.3070760236220473
21
2.2588611023622045
0
LINE
8
BLACK
6
CONTINUOUS
10
2.3070760236220473
20
2.2588611023622045
11
2.3069030708661415
21
2.2588000393700787
0
LINE
8
BLACK
6
CONTINUOUS
10
2.3069030708661415
20
2.2588000393700787
11
2.3068409055118111
21
2.2587602362204722
0
LINE
8
BLACK
6
CONTINUOUS
10
2.3068409055118111
20
2.2587602362204722
11
2.3067390944881891
21
2.2587421259842517
0
LINE
8
BLACK
6
CONTINUOUS
10
2.3067390944881891
20
2.2587421259842517
11
2.3063483070866142
21
2.2586040551181101
0
LINE
8
BLACK
6
CONTINUOUS
10
2.3063483070866142
20
2.2586040551181101
11
2.2853208661417321
21
2.2534281102362206
0
LINE
8
BLACK
6
CONTINUOUS
10
2.2853208661417321
20
2.2534281102362206
11
2.3063483070866142
21
2.2482521259842518
0
LINE
8
BLACK
6
CONTINUOUS
10
2.3063483070866142
20
2.2482521259842518
11
2.3067390944881891
21
2.248114094488189
0
LINE
8
BLACK
6
CONTINUOUS
10
2.3067390944881891
20
2.248114094488189
11
2.3068409055118111
21
2.2480959448818898
0
LINE
8
BLACK
6
CONTINUOUS
10
2.3068409055118111
20
2.2480959448818898
11
2.3069030708661415
21
2.248056181102362
0
LINE
8
BLACK
6
CONTINUOUS
10
2.3069030708661415
20
2.248056181102362
11
2.3070760236220473
21
2.2479950787401575
0
LINE
8
BLACK
6
CONTINUOUS
10
2.3070760236220473
20
2.2479950787401575
11
2.3075936220472442
21
2.2476144881889764
0
LINE
8
BLACK
6
CONTINUOUS
10
2.3075936220472442
20
2.2476144881889764
11
2.3081349606299213
21
2.2472681889763777
0
LINE
8
BLACK
6
CONTINUOUS
10
2.3081349606299213
20
2.2472681889763777
11
2.3082091338582678
21
2.2471618503937005
0
LINE
8
BLACK
6
CONTINUOUS
10
2.3082091338582678
20
2.2471618503937005
11
2.3083135826771652
21
2.2470850393700785
0
LINE
8
BLACK
6
CONTINUOUS
10
2.3083135826771652
20
2.2470850393700785
11
2.3086459842519687
21
2.2465355511811023
0
LINE
8
BLACK
6
CONTINUOUS
10
2.3086459842519687
20
2.2465355511811023
11
2.3090137795275592
21
2.2460082677165354
0
LINE
8
BLACK
6
CONTINUOUS
10
2.3090137795275592
20
2.2460082677165354
11
2.3090416141732284
21
2.245881535433071
0
LINE
8
BLACK
6
CONTINUOUS
10
2.3090416141732284
20
2.245881535433071
11
2.3091087007874016
21
2.2457706692913386
0
LINE
8
BLACK
6
CONTINUOUS
10
2.3091087007874016
20
2.2457706692913386
11
2.309205472440945
21
2.2451359448818895
0
LINE
8
BLACK
6
CONTINUOUS
10
2.309205472440945
20
2.2451359448818895
11
2.3093435433070866
21
2.2445079133858266
0
LINE
8
BLACK
6
CONTINUOUS
10
2.3093435433070866
20
2.2445079133858266
11
2.3093207480314959
21
2.2443801968503938
0
LINE
8
BLACK
6
CONTINUOUS
10
2.3093207480314959
20
2.2443801968503938
11
2.3093403149606297
21
2.2442520866141731
0
LINE
8
BLACK
6
CONTINUOUS
10
2.3093403149606297
20
2.2442520866141731
11
2.3091867716535432
21
2.2436284645669291
0
LINE
8
BLACK
6
CONTINUOUS
10
2.3091867716535432
20
2.2436284645669291
11
2.3090740157480316
21
2.2429955905511809
0
LINE
8
BLACK
6
CONTINUOUS
10
2.3090740157480316
20
2.2429955905511809
11
2.3090040944881891
21
2.2428863779527557
0
LINE
8
BLACK
6
CONTINUOUS
10
2.3090040944881891
20
2.2428863779527557
11
2.3089731496062993
21
2.2427604724409447
0
LINE
8
BLACK
6
CONTINUOUS
10
2.3089731496062993
20
2.2427604724409447
11
2.3085926377952757
21
2.2422430708661416
0
LINE
8
BLACK
6
CONTINUOUS
10
2.3085926377952757
20
2.2422430708661416
11
2.3082462598425195
21
2.2417015354330707
0
LINE
8
BLACK
6
CONTINUOUS
10
2.3082462598425195
20
2.2417015354330707
11
2.3081398031496061
21
2.2416273228346455
0
LINE
8
BLACK
6
CONTINUOUS
10
2.3081398031496061
20
2.2416273228346455
11
2.3080630708661416
21
2.2415229133858268
0
LINE
8
BLACK
6
CONTINUOUS
10
2.3080630708661416
20
2.2415229133858268
11
2.3075137401574803
21
2.2411906299212596
0
LINE
8
BLACK
6
CONTINUOUS
10
2.3075137401574803
20
2.2411906299212596
11
2.3069863385826772
21
2.2408227165354329
0
LINE
8
BLACK
6
CONTINUOUS
10
2.3069863385826772
20
2.2408227165354329
11
2.3068117716535435
21
2.2407659448818897
0
LINE
8
BLACK
6
CONTINUOUS
10
2.3068117716535435
20
2.2407659448818897
11
2.3067487401574804
21
2.2407277952755904
0
LINE
8
BLACK
6
CONTINUOUS
10
2.3067487401574804
20
2.2407277952755904
11
2.3066466535433072
21
2.240712244094488
0
LINE
8
BLACK
6
CONTINUOUS
10
2.3066466535433072
20
2.240712244094488
11
2.3062524015748029
21
2.2405839763779527
0
LINE
8
BLACK
6
CONTINUOUS
10
2.3062524015748029
20
2.2405839763779527
11
2.2550712992125983
21
2.2293353937007874
0
LINE
8
BLACK
6
CONTINUOUS
10
2.2550712992125983
20
2.2293353937007874
11
2.2543048818897637
21
2.2292444094488189
0
LINE
8
BLACK
6
CONTINUOUS
10
2.2543048818897637
20
2.2292444094488189
11
2.2527925590551181
21
2.2295139370078738
0
LINE
8
BLACK
6
CONTINUOUS
10
2.2527925590551181
20
2.2295139370078738
11
2.2514985039370079
21
2.2303416535433072
0
LINE
8
BLACK
6
CONTINUOUS
10
2.2514985039370079
20
2.2303416535433072
11
2.25061968503937
21
2.2316015748031495
0
LINE
8
BLACK
6
CONTINUOUS
10
2.25061968503937
20
2.2316015748031495
11
2.2502899606299214
21
2.2331019291338583
0
LINE
8
BLACK
6
CONTINUOUS
10
2.2502899606299214
20
2.2331019291338583
11
2.2505594881889763
21
2.2346142519685039
0
LINE
8
BLACK
6
CONTINUOUS
10
2.2505594881889763
20
2.2346142519685039
11
2.2513872047244092
21
2.2359083070866141
0
LINE
8
BLACK
6
CONTINUOUS
10
2.2513872047244092
20
2.2359083070866141
11
2.252647125984252
21
2.236787125984252
0
LINE
8
BLACK
6
CONTINUOUS
10
2.252647125984252
20
2.236787125984252
11
2.2533810629921258
21
2.2370258661417322
0
LINE
8
BLACK
6
CONTINUOUS
10
2.2533810629921258
20
2.2370258661417322
11
2.2880539763779528
21
2.2446462992125982
0
LINE
8
BLACK
6
CONTINUOUS
10
2.2880539763779528
20
2.2446462992125982
11
2.2679083464566929
21
2.2496052362204724
0
LINE
8
BLACK
6
CONTINUOUS
10
2.2679083464566929
20
2.2496052362204724
11
2.2676074015748031
21
2.2497115354330708
0
LINE
8
BLACK
6
CONTINUOUS
10
2.2676074015748031
20
2.2497115354330708
11
2.2675079133858267
21
2.2497266929133857
0
LINE
8
BLACK
6
CONTINUOUS
10
2.2675079133858267
20
2.2497266929133857
11
2.2674285826771654
21
2.2497746850393701
0
LINE
8
BLACK
6
CONTINUOUS
10
2.2674285826771654
20
2.2497746850393701
11
2.2671806299212598
21
2.249862244094488
0
LINE
8
BLACK
6
CONTINUOUS
10
2.2671806299212598
20
2.249862244094488
11
2.2667018503937006
21
2.2502143307086615
0
LINE
8
BLACK
6
CONTINUOUS
10
2.2667018503937006
20
2.2502143307086615
11
2.2661935433070868
21
2.250521811023622
0
LINE
8
BLACK
6
CONTINUOUS
10
2.2661935433070868
20
2.250521811023622
11
2.2660874015748029
21
2.2506661811023623
0
LINE
8
BLACK
6
CONTINUOUS
10
2.2660874015748029
20
2.2506661811023623
11
2.2659430708661419
21
2.2507722834645669
0
LINE
8
BLACK
6
CONTINUOUS
10
2.2659430708661419
20
2.2507722834645669
11
2.2656355511811022
21
2.25128062992126
0
LINE
8
BLACK
6
CONTINUOUS
10
2.2656355511811022
20
2.25128062992126
11
2.2652835039370078
21
2.2517593700787399
0
LINE
8
BLACK
6
CONTINUOUS
10
2.2652835039370078
20
2.2517593700787399
11
2.26524062992126
21
2.2519334251968504
0
LINE
8
BLACK
6
CONTINUOUS
10
2.26524062992126
20
2.2519334251968504
11
2.2651479527559055
21
2.2520866535433068
0
LINE
8
BLACK
6
CONTINUOUS
10
2.2651479527559055
20
2.2520866535433068
11
2.2650583464566929
21
2.2526739763779529
0
LINE
8
BLACK
6
CONTINUOUS
10
2.2650583464566929
20
2.2526739763779529
11
2.2649163385826769
21
2.2532509842519683
0
LINE
8
BLACK
6
CONTINUOUS
10
2.2649163385826769
20
2.2532509842519683
11
2.2649433464566928
21
2.2534281102362206
0
LINE
8
BLACK
6
CONTINUOUS
10
2.2649433464566928
20
2.2534281102362206
11
2.2649163385826769
21
2.2536052362204724
0
LINE
8
BLACK
6
CONTINUOUS
10
2.2649163385826769
20
2.2536052362204724
11
2.2650583464566929
21
2.2541822834645671
0
LINE
8
BLACK
6
CONTINUOUS
10
2.2650583464566929
20
2.2541822834645671
11
2.2651479527559055
21
2.2547695669291339
0
LINE
8
BLACK
6
CONTINUOUS
10
2.2651479527559055
20
2.2547695669291339
11
2.26524062992126
21
2.2549228346456691
0
LINE
8
BLACK
6
CONTINUOUS
10
2.26524062992126
20
2.2549228346456691
11
2.2652835039370078
21
2.2550968503937008
0
LINE
8
BLACK
6
CONTINUOUS
10
2.2652835039370078
20
2.2550968503937008
11
2.2656355511811022
21
2.2555756299212599
0
LINE
8
BLACK
6
CONTINUOUS
10
2.2656355511811022
20
2.2555756299212599
11
2.2659430708661419
21
2.2560839370078738
0
LINE
8
BLACK
6
CONTINUOUS
10
2.2659430708661419
20
2.2560839370078738
11
2.2660874015748029
21
2.2561900787401576
0
LINE
8
BLACK
6
CONTINUOUS
10
2.2660874015748029
20
2.2561900787401576
11
2.2661935433070868
21
2.2563344094488187
0
LINE
8
BLACK
6
CONTINUOUS
10
2.2661935433070868
20
2.2563344094488187
11
2.2667018503937006
21
2.2566419291338584
0
LINE
8
BLACK
6
CONTINUOUS
10
2.2667018503937006
20
2.2566419291338584
11
2.2671806299212598
21
2.2569939763779527
0
LINE
8
BLACK
6
CONTINUOUS
10
2.2671806299212598
20
2.2569939763779527
11
2.2674285826771654
21
2.2570815748031494
0
LINE
8
BLACK
6
CONTINUOUS
10
2.2674285826771654
20
2.2570815748031494
11
2.2675079133858267
21
2.257129527559055
0
LINE
8
BLACK
6
CONTINUOUS
10
2.2675079133858267
20
2.257129527559055
11
2.2676074015748031
21
2.2571447244094487
0
LINE
8
BLACK
6
CONTINUOUS
10
2.2676074015748031
20
2.2571447244094487
11
2.2679083464566929
21
2.2572509842519684
0
LINE
8
BLACK
6
CONTINUOUS
10
2.2679083464566929
20
2.2572509842519684
11
2.2880539763779528
21
2.2622099212598425
0
LINE
8
BLACK
6
CONTINUOUS
10
2.2880539763779528
20
2.2622099212598425
11
2.2533810629921258
21
2.2698303149606298
0
LINE
8
BLACK
6
CONTINUOUS
10
2.2533810629921258
20
2.2698303149606298
11
2.252647125984252
21
2.27006905511811
0
LINE
8
BLACK
6
CONTINUOUS
10
2.252647125984252
20
2.27006905511811
11
2.2513872047244092
21
2.2709478740157478
0
LINE
8
BLACK
6
CONTINUOUS
10
2.2513872047244092
20
2.2709478740157478
11
2.2505594881889763
21
2.272241929133858
0
LINE
8
BLACK
6
CONTINUOUS
10
2.2505594881889763
20
2.272241929133858
11
2.2502899606299214
21
2.2737542519685037
0
LINE
8
BLACK
6
CONTINUOUS
10
2.2502899606299214
20
2.2737542519685037
11
2.25061968503937
21
2.2752546062992125
0
LINE
8
BLACK
6
CONTINUOUS
10
2.25061968503937
20
2.2752546062992125
11
2.2514985039370079
21
2.2765145275590553
0
LINE
8
BLACK
6
CONTINUOUS
10
2.2514985039370079
20
2.2765145275590553
11
2.2527925590551181
21
2.2773422440944882
0
LINE
8
BLACK
6
CONTINUOUS
10
2.2527925590551181
20
2.2773422440944882
11
2.2543048818897637
21
2.2776117716535431
0
LINE
8
BLACK
6
CONTINUOUS
10
2.2543048818897637
20
2.2776117716535431
11
2.2550712992125983
21
2.2775207874015746
0
LINE
8
BLACK
6
CONTINUOUS
10
2.2720546456692912
20
2.3225313385826771
11
2.2721279921259843
21
2.3225009842519686
0
LINE
8
BLACK
6
CONTINUOUS
10
2.2721279921259843
20
2.3225009842519686
11
2.2722073622047243
21
2.3224977952755905
0
LINE
8
BLACK
6
CONTINUOUS
10
2.2722073622047243
20
2.3224977952755905
11
2.2729364173228346
21
2.3222446062992126
0
LINE
8
BLACK
6
CONTINUOUS
10
2.2729364173228346
20
2.3222446062992126
11
2.2778107874015747
21
2.3199948818897638
0
LINE
8
BLACK
6
CONTINUOUS
10
2.2778107874015747
20
2.3199948818897638
11
2.2781187007874015
21
2.3198142519685039
0
LINE
8
BLACK
6
CONTINUOUS
10
2.2781187007874015
20
2.3198142519685039
11
2.2782156692913387
21
2.3197785433070868
0
LINE
8
BLACK
6
CONTINUOUS
10
2.2782156692913387
20
2.3197785433070868
11
2.2783408661417321
21
2.3196838976377951
0
LINE
8
BLACK
6
CONTINUOUS
10
2.2783408661417321
20
2.3196838976377951
11
2.278476496062992
21
2.3196043307086613
0
LINE
8
BLACK
6
CONTINUOUS
10
2.278476496062992
20
2.3196043307086613
11
2.2785466929133857
21
2.3195283464566927
0
LINE
8
BLACK
6
CONTINUOUS
10
2.2785466929133857
20
2.3195283464566927
11
2.2788313385826773
21
2.3193131496062991
0
LINE
8
BLACK
6
CONTINUOUS
10
2.2788313385826773
20
2.3193131496062991
11
2.2812685433070867
21
2.3170634251968503
0
LINE
8
BLACK
6
CONTINUOUS
10
2.2812685433070867
20
2.3170634251968503
11
2.281547401574803
21
2.3167500787401574
0
LINE
8
BLACK
6
CONTINUOUS
10
2.281547401574803
20
2.3167500787401574
11
2.2816275984251968
21
2.3166850000000001
0
LINE
8
BLACK
6
CONTINUOUS
10
2.2816275984251968
20
2.3166850000000001
11
2.2816981102362206
21
2.3165807480314959
0
LINE
8
BLACK
6
CONTINUOUS
10
2.2816981102362206
20
2.3165807480314959
11
2.2817816141732283
21
2.3164868897637794
0
LINE
8
BLACK
6
CONTINUOUS
10
2.2817816141732283
20
2.3164868897637794
11
2.2818248031496062
21
2.3163933464566928
0
LINE
8
BLACK
6
CONTINUOUS
10
2.2818248031496062
20
2.3163933464566928
11
2.2820599212598425
21
2.3160456692913387
0
LINE
8
BLACK
6
CONTINUOUS
10
2.2820599212598425
20
2.3160456692913387
11
2.2844971259842519
21
2.3115462598425198
0
LINE
8
BLACK
6
CONTINUOUS
10
2.2844971259842519
20
2.3115462598425198
11
2.2847964566929133
21
2.3108348818897637
0
LINE
8
BLACK
6
CONTINUOUS
10
2.2847964566929133
20
2.3108348818897637
11
2.2848177952755906
21
2.3106297244094489
0
LINE
8
BLACK
6
CONTINUOUS
10
2.2848177952755906
20
2.3106297244094489
11
2.2848967322834643
21
2.3104391732283465
0
LINE
8
BLACK
6
CONTINUOUS
10
2.2848967322834643
20
2.3104391732283465
11
2.2849277165354329
21
2.3101244094488189
0
LINE
8
BLACK
6
CONTINUOUS
10
2.2849277165354329
20
2.3101244094488189
11
2.3032705905511812
21
2.3219767322834644
0
LINE
8
BLACK
6
CONTINUOUS
10
2.3032705905511812
20
2.3219767322834644
11
2.3039567716535432
21
2.3223300393700788
0
LINE
8
BLACK
6
CONTINUOUS
10
2.3039567716535432
20
2.3223300393700788
11
2.3054678346456692
21
2.322606496062992
0
LINE
8
BLACK
6
CONTINUOUS
10
2.3054678346456692
20
2.322606496062992
11
2.3069696850393702
21
2.3222836614173228
0
LINE
8
BLACK
6
CONTINUOUS
10
2.3069696850393702
20
2.3222836614173228
11
2.3082336614173227
21
2.3214107086614173
0
LINE
8
BLACK
6
CONTINUOUS
10
2.3082336614173227
20
2.3214107086614173
11
2.3090673622047242
21
2.3201204724409448
0
LINE
8
BLACK
6
CONTINUOUS
10
2.3090673622047242
20
2.3201204724409448
11
2.3093438188976378
21
2.3186094094488188
0
LINE
8
BLACK
6
CONTINUOUS
10
2.3093438188976378
20
2.3186094094488188
11
2.3090209842519687
21
2.3171075590551182
0
LINE
8
BLACK
6
CONTINUOUS
10
2.3090209842519687
20
2.3171075590551182
11
2.3081480314960627
21
2.3158435826771653
0
LINE
8
BLACK
6
CONTINUOUS
10
2.3081480314960627
20
2.3158435826771653
11
2.3075439763779526
21
2.3153631889763777
0
LINE
8
BLACK
6
CONTINUOUS
10
2.3075439763779526
20
2.3153631889763777
11
2.2849723622047242
21
2.3007784645669291
0
LINE
8
BLACK
6
CONTINUOUS
10
2.2849723622047242
20
2.3007784645669291
11
2.2849723622047242
21
2.2956103543307087
0
LINE
8
BLACK
6
CONTINUOUS
10
2.2849723622047242
20
2.2956103543307087
11
2.3054072834645667
21
2.2956103543307087
0
LINE
8
BLACK
6
CONTINUOUS
10
2.3054072834645667
20
2.2956103543307087
11
2.3061753543307084
21
2.2955347244094488
0
LINE
8
BLACK
6
CONTINUOUS
10
2.3061753543307084
20
2.2955347244094488
11
2.3075945669291338
21
2.2949468503937007
0
LINE
8
BLACK
6
CONTINUOUS
10
2.3075945669291338
20
2.2949468503937007
11
2.3086807874015749
21
2.2938606299212596
0
LINE
8
BLACK
6
CONTINUOUS
10
2.3086807874015749
20
2.2938606299212596
11
2.3092686614173226
21
2.2924414173228347
0
LINE
8
BLACK
6
CONTINUOUS
10
2.3092686614173226
20
2.2924414173228347
11
2.3092686614173226
21
2.2909052755905512
0
LINE
8
BLACK
6
CONTINUOUS
10
2.3092686614173226
20
2.2909052755905512
11
2.3086807874015749
21
2.2894860629921259
0
LINE
8
BLACK
6
CONTINUOUS
10
2.3086807874015749
20
2.2894860629921259
11
2.3075945669291338
21
2.2883998425196852
0
LINE
8
BLACK
6
CONTINUOUS
10
2.3075945669291338
20
2.2883998425196852
11
2.3061753543307084
21
2.2878119685039371
0
LINE
8
BLACK
6
CONTINUOUS
10
2.3061753543307084
20
2.2878119685039371
11
2.3054072834645667
21
2.2877363385826772
0
LINE
8
BLACK
6
CONTINUOUS
10
2.3054072834645667
20
2.2877363385826772
11
2.2542261811023621
21
2.2877363385826772
0
LINE
8
BLACK
6
CONTINUOUS
10
2.2542261811023621
20
2.2877363385826772
11
2.2534581102362203
21
2.2878119685039371
0
LINE
8
BLACK
6
CONTINUOUS
10
2.2534581102362203
20
2.2878119685039371
11
2.2520388976377954
21
2.2883998425196852
0
LINE
8
BLACK
6
CONTINUOUS
10
2.2520388976377954
20
2.2883998425196852
11
2.2509526771653543
21
2.2894860629921259
0
LINE
8
BLACK
6
CONTINUOUS
10
2.2509526771653543
20
2.2894860629921259
11
2.2503648031496062
21
2.2909052755905512
0
LINE
8
BLACK
6
CONTINUOUS
10
2.2503648031496062
20
2.2909052755905512
11
2.2502891732283463
21
2.291673346456693
0
LINE
8
BLACK
6
CONTINUOUS
10
2.2502891732283463
20
2.291673346456693
11
2.2502891732283463
21
2.3096711023622047
0
LINE
8
BLACK
6
CONTINUOUS
10
2.2502891732283463
20
2.3096711023622047
11
2.2503648031496062
21
2.3104391732283465
0
LINE
8
BLACK
6
CONTINUOUS
10
2.2503648031496062
20
2.3104391732283465
11
2.2504437007874016
21
2.3106297244094489
0
LINE
8
BLACK
6
CONTINUOUS
10
2.2504437007874016
20
2.3106297244094489
11
2.2504650787401572
21
2.3108348818897637
0
LINE
8
BLACK
6
CONTINUOUS
10
2.2504650787401572
20
2.3108348818897637
11
2.2507644094488191
21
2.3115462598425198
0
LINE
8
BLACK
6
CONTINUOUS
10
2.2507644094488191
20
2.3115462598425198
11
2.2532016141732285
21
2.3160456692913387
0
LINE
8
BLACK
6
CONTINUOUS
10
2.2532016141732285
20
2.3160456692913387
11
2.253436692913386
21
2.3163933464566928
0
LINE
8
BLACK
6
CONTINUOUS
10
2.253436692913386
20
2.3163933464566928
11
2.2534799212598426
21
2.3164868897637794
0
LINE
8
BLACK
6
CONTINUOUS
10
2.2534799212598426
20
2.3164868897637794
11
2.2535633858267716
21
2.3165807480314959
0
LINE
8
BLACK
6
CONTINUOUS
10
2.2535633858267716
20
2.3165807480314959
11
2.2536339370078742
21
2.3166850000000001
0
LINE
8
BLACK
6
CONTINUOUS
10
2.2536339370078742
20
2.3166850000000001
11
2.2537140944881888
21
2.3167500787401574
0
LINE
8
BLACK
6
CONTINUOUS
10
2.2537140944881888
20
2.3167500787401574
11
2.2539929921259843
21
2.3170634251968503
0
LINE
8
BLACK
6
CONTINUOUS
10
2.2539929921259843
20
2.3170634251968503
11
2.2564301968503937
21
2.3193131496062991
0
LINE
8
BLACK
6
CONTINUOUS
10
2.2564301968503937
20
2.3193131496062991
11
2.2567149212598423
21
2.3195284251968502
0
LINE
8
BLACK
6
CONTINUOUS
10
2.2567149212598423
20
2.3195284251968502
11
2.2567850787401573
21
2.3196043307086613
0
LINE
8
BLACK
6
CONTINUOUS
10
2.2567850787401573
20
2.3196043307086613
11
2.2569205118110234
21
2.3196838188976376
0
LINE
8
BLACK
6
CONTINUOUS
10
2.2569205118110234
20
2.3196838188976376
11
2.2570458661417323
21
2.3197785433070868
0
LINE
8
BLACK
6
CONTINUOUS
10
2.2570458661417323
20
2.3197785433070868
11
2.2571428740157482
21
2.3198142913385826
0
LINE
8
BLACK
6
CONTINUOUS
10
2.2571428740157482
20
2.3198142913385826
11
2.2574507480314958
21
2.3199948818897638
0
LINE
8
BLACK
6
CONTINUOUS
10
2.2574507480314958
20
2.3199948818897638
11
2.262325118110236
21
2.3222446062992126
0
LINE
8
BLACK
6
CONTINUOUS
10
2.262325118110236
20
2.3222446062992126
11
2.263054212598425
21
2.3224977952755905
0
LINE
8
BLACK
6
CONTINUOUS
10
2.263054212598425
20
2.3224977952755905
11
2.263133503937008
21
2.3225009842519686
0
LINE
8
BLACK
6
CONTINUOUS
10
2.263133503937008
20
2.3225009842519686
11
2.2632068897637794
21
2.3225313385826771
0
LINE
8
BLACK
6
CONTINUOUS
10
2.2632068897637794
20
2.3225313385826771
11
2.2639749606299211
21
2.322606968503937
0
LINE
8
BLACK
6
CONTINUOUS
10
2.2639749606299211
20
2.322606968503937
11
2.2712865748031494
21
2.322606968503937
0
LINE
8
BLACK
6
CONTINUOUS
10
2.2712865748031494
20
2.322606968503937
11
2.2720546456692912
21
2.3225313385826771
0
LINE
8
BLACK
6
CONTINUOUS
10
2.2613144488188976
20
2.3131059448818898
11
2.2598139370078738
21
2.3117208661417323
0
LINE
8
BLACK
6
CONTINUOUS
10
2.2598139370078738
20
2.3117208661417323
11
2.2581631889763778
21
2.3086733070866141
0
LINE
8
BLACK
6
CONTINUOUS
10
2.2581631889763778
20
2.3086733070866141
11
2.2581631889763778
21
2.2956103543307087
0
LINE
8
BLACK
6
CONTINUOUS
10
2.2581631889763778
20
2.2956103543307087
11
2.2770983464566927
21
2.2956103543307087
0
LINE
8
BLACK
6
CONTINUOUS
10
2.2770983464566927
20
2.2956103543307087
11
2.2770983464566927
21
2.3086733070866141
0
LINE
8
BLACK
6
CONTINUOUS
10
2.2770983464566927
20
2.3086733070866141
11
2.275447559055118
21
2.3117208661417323
0
LINE
8
BLACK
6
CONTINUOUS
10
2.275447559055118
20
2.3117208661417323
11
2.2739470472440946
21
2.3131059448818898
0
LINE
8
BLACK
6
CONTINUOUS
10
2.2739470472440946
20
2.3131059448818898
11
2.2704218503937006
21
2.3147329527559055
0
LINE
8
BLACK
6
CONTINUOUS
10
2.2704218503937006
20
2.3147329527559055
11
2.2648396850393699
21
2.3147329527559055
0
LINE
8
BLACK
6
CONTINUOUS
10
2.2648396850393699
20
2.3147329527559055
11
2.2613144488188976
21
2.3131059448818898
0
CIRCLE
8
BLACK
10
2.7999999999999998
20
2.
40
0.0068897637795276
0
CIRCLE
8
BLACK
10
0.4
20
0.4
40
0.0068897637795276
0
CIRCLE
8
BLACK
10
2.7999999999999998
20
0.4
40
0.0068897637795276
0
CIRCLE
8
BLACK
10
0.4
20
2.
40
0.0068897637795276
0
CIRCLE
8
BLACK
10
0.9111811023622047
20
2.0727874015748031
40
0.0068897637795276
0
CIRCLE
8
BLACK
10
0.9111811023622047
20
1.972787401574803
40
0.0068897637795276
0
CIRCLE
8
BLACK
10
1.0111811023622046
20
2.0727874015748031
40
0.0068897637795276
0
CIRCLE
8
BLACK
10
1.0111811023622046
20
1.972787401574803
40
0.0068897637795276
0
CIRCLE
8
BLACK
10
1.1111811023622047
20
2.0727874015748031
40
0.0068897637795276
0
CIRCLE
8
BLACK
10
1.1111811023622047
20
1.972787401574803
40
0.0068897637795276
0
CIRCLE
8
BLACK
10
1.2111811023622048
20
2.0727874015748031
40
0.0068897637795276
0
CIRCLE
8
BLACK
10
1.2111811023622048
20
1.972787401574803
40
0.0068897637795276
0
CIRCLE
8
BLACK
10
1.3111811023622046
20
2.0727874015748031
40
0.0068897637795276
0
CIRCLE
8
BLACK
10
1.3111811023622046
20
1.972787401574803
40
0.0068897637795276
0
CIRCLE
8
BLACK
10
1.4111811023622047
20
2.0727874015748031
40
0.0068897637795276
0
CIRCLE
8
BLACK
10
1.4111811023622047
20
1.972787401574803
40
0.0068897637795276
0
CIRCLE
8
BLACK
10
1.5111811023622046
20
2.0727874015748031
40
0.0068897637795276
0
CIRCLE
8
BLACK
10
1.5111811023622046
20
1.972787401574803
40
0.0068897637795276
0
CIRCLE
8
BLACK
10
1.6111811023622047
20
2.0727874015748031
40
0.0068897637795276
0
CIRCLE
8
BLACK
10
1.6111811023622047
20
1.972787401574803
40
0.0068897637795276
0
CIRCLE
8
BLACK
10
1.7111811023622048
20
2.0727874015748031
40
0.0068897637795276
0
CIRCLE
8
BLACK
10
1.7111811023622048
20
1.972787401574803
40
0.0068897637795276
0
CIRCLE
8
BLACK
10
1.8111811023622046
20
2.0727874015748031
40
0.0068897637795276
0
CIRCLE
8
BLACK
10
1.8111811023622046
20
1.972787401574803
40
0.0068897637795276
0
CIRCLE
8
BLACK
10
1.9111811023622047
20
2.0727874015748031
40
0.0068897637795276
0
CIRCLE
8
BLACK
10
1.9111811023622047
20
1.972787401574803
40
0.0068897637795276
0
CIRCLE
8
BLACK
10
2.0111811023622046
20
2.0727874015748031
40
0.0068897637795276
0
CIRCLE
8
BLACK
10
2.0111811023622046
20
1.972787401574803
40
0.0068897637795276
0
CIRCLE
8
BLACK
10
2.1111811023622047
20
2.0727874015748031
40
0.0068897637795276
0
CIRCLE
8
BLACK
10
2.1111811023622047
20
1.972787401574803
40
0.0068897637795276
0
CIRCLE
8
BLACK
10
2.2111811023622048
20
2.0727874015748031
40
0.0068897637795276
0
CIRCLE
8
BLACK
10
2.2111811023622048
20
1.972787401574803
40
0.0068897637795276
0
CIRCLE
8
BLACK
10
2.3111811023622049
20
2.0727874015748031
40
0.0068897637795276
0
CIRCLE
8
BLACK
10
2.3111811023622049
20
1.972787401574803
40
0.0068897637795276
0
CIRCLE
8
BLACK
10
2.7999999999999998
20
2.
40
0.0068897637795276
0
CIRCLE
8
BLACK
10
0.4
20
0.4
40
0.0068897637795276
0
CIRCLE
8
BLACK
10
2.7999999999999998
20
0.4
40
0.0068897637795276
0
CIRCLE
8
BLACK
10
0.4
20
2.
40
0.0068897637795276
0
CIRCLE
8
BLACK
10
0.9111811023622047
20
2.0727874015748031
40
0.0068897637795276
0
CIRCLE
8
BLACK
10
0.9111811023622047
20
1.972787401574803
40
0.0068897637795276
0
CIRCLE
8
BLACK
10
1.0111811023622046
20
2.0727874015748031
40
0.0068897637795276
0
CIRCLE
8
BLACK
10
1.0111811023622046
20
1.972787401574803
40
0.0068897637795276
0
CIRCLE
8
BLACK
10
1.1111811023622047
20
2.0727874015748031
40
0.0068897637795276
0
CIRCLE
8
BLACK
10
1.1111811023622047
20
1.972787401574803
40
0.0068897637795276
0
CIRCLE
8
BLACK
10
1.2111811023622048
20
2.0727874015748031
40
0.0068897637795276
0
CIRCLE
8
BLACK
10
1.2111811023622048
20
1.972787401574803
40
0.0068897637795276
0
CIRCLE
8
BLACK
10
1.3111811023622046
20
2.0727874015748031
40
0.0068897637795276
0
CIRCLE
8
BLACK
10
1.3111811023622046
20
1.972787401574803
40
0.0068897637795276
0
CIRCLE
8
BLACK
10
1.4111811023622047
20
2.0727874015748031
40
0.0068897637795276
0
CIRCLE
8
BLACK
10
1.4111811023622047
20
1.972787401574803
40
0.0068897637795276
0
CIRCLE
8
BLACK
10
1.5111811023622046
20
2.0727874015748031
40
0.0068897637795276
0
CIRCLE
8
BLACK
10
1.5111811023622046
20
1.972787401574803
40
0.0068897637795276
0
CIRCLE
8
BLACK
10
1.6111811023622047
20
2.0727874015748031
40
0.0068897637795276
0
CIRCLE
8
BLACK
10
1.6111811023622047
20
1.972787401574803
40
0.0068897637795276
0
CIRCLE
8
BLACK
10
1.7111811023622048
20
2.0727874015748031
40
0.0068897637795276
0
CIRCLE
8
BLACK
10
1.7111811023622048
20
1.972787401574803
40
0.0068897637795276
0
CIRCLE
8
BLACK
10
1.8111811023622046
20
2.0727874015748031
40
0.0068897637795276
0
CIRCLE
8
BLACK
10
1.8111811023622046
20
1.972787401574803
40
0.0068897637795276
0
CIRCLE
8
BLACK
10
1.9111811023622047
20
2.0727874015748031
40
0.0068897637795276
0
CIRCLE
8
BLACK
10
1.9111811023622047
20
1.972787401574803
40
0.0068897637795276
0
CIRCLE
8
BLACK
10
2.0111811023622046
20
2.0727874015748031
40
0.0068897637795276
0
CIRCLE
8
BLACK
10
2.0111811023622046
20
1.972787401574803
40
0.0068897637795276
0
CIRCLE
8
BLACK
10
2.1111811023622047
20
2.0727874015748031
40
0.0068897637795276
0
CIRCLE
8
BLACK
10
2.1111811023622047
20
1.972787401574803
40
0.0068897637795276
0
CIRCLE
8
BLACK
10
2.2111811023622048
20
2.0727874015748031
40
0.0068897637795276
0
CIRCLE
8
BLACK
10
2.2111811023622048
20
1.972787401574803
40
0.0068897637795276
0
CIRCLE
8
BLACK
10
2.3111811023622049
20
2.0727874015748031
40
0.0068897637795276
0
CIRCLE
8
BLACK
10
2.3111811023622049
20
1.972787401574803
40
0.0068897637795276
  0
ENDSEC
  0
EOF
