  0
SECTION
  2
HEADER
  9
$ANGBASE
  50
0.0
  9
$ANGDIR
  70
1
  9
$MEASUREMENT
  70
0
  0
ENDSEC
  0
SECTION
  2
TABLES
  0
TABLE
  2
LTYPE
  70
4
  0
LTYPE
  5
40F
  2
CONTINUOUS
  70
0
  3
Solid line
  72
65
  73
0
  40
0.0
  0
LTYPE
  5
410
  2
DASHDOT
 70
0
  3
Dash Dot ____ _ ____ _
 72
65
 73
4
 40
2.0
 49
1.25
 49
-0.25
 49
0.25
 49
-0.25
  0
LTYPE
  5
411
  2
DASHED
 70
0
  3
Dashed __ __ __ __ __
 72
65
 73
2
 40
0.75
 49
0.5
 49
-0.25
  0
LTYPE
  5
43B
  2
DOTTED
 70
0
  3
Dotted .  .  .  .
 72
65
 73
2
 40
0.2
 49
0.0
 49
-0.2
  0
ENDTAB
  0
TABLE
  2
STYLE
  70
4
  0
STYLE
  2
KICAD
  70
0
  40
0
  41
1
  42
1
  50
0
  71
0
  3
isocp.shx
  0
STYLE
  2
KICADB
  70
0
  40
0
  41
1
  42
1
  50
0
  71
0
  3
isocp.shx
  0
STYLE
  2
KICADI
  70
0
  40
0
  41
1
  42
1
  50
15
  71
0
  3
isocp.shx
  0
STYLE
  2
KICADBI
  70
0
  40
0
  41
1
  42
1
  50
15
  71
0
  3
isocp.shx
  0
ENDTAB
  0
TABLE
  2
LAYER
  70
1
  0
LAYER
  2
BLACK
  70
0
  62
7
  6
CONTINUOUS
  0
ENDTAB
  0
ENDSEC
  0
SECTION
  2
ENTITIES
0
LINE
8
BLACK
6
CONTINUOUS
10
0.0831451181102362
20
-0.3788212204724409
11
0.0839597637795276
21
-0.3796358661417323
0
LINE
8
BLACK
6
CONTINUOUS
10
0.0839597637795276
20
-0.3796358661417323
11
0.0844006692913386
21
-0.3807002755905512
0
LINE
8
BLACK
6
CONTINUOUS
10
0.0844006692913386
20
-0.3807002755905512
11
0.0844574015748032
21
-0.3812763385826772
0
LINE
8
BLACK
6
CONTINUOUS
10
0.0844574015748032
20
-0.3812763385826772
11
0.0844574015748032
21
-0.4206464173228346
0
LINE
8
BLACK
6
CONTINUOUS
10
0.0844574015748032
20
-0.4206464173228346
11
0.0844006692913386
21
-0.4212224803149606
0
LINE
8
BLACK
6
CONTINUOUS
10
0.0844006692913386
20
-0.4212224803149606
11
0.0839597637795276
21
-0.4222868897637795
0
LINE
8
BLACK
6
CONTINUOUS
10
0.0839597637795276
20
-0.4222868897637795
11
0.0831451181102362
21
-0.4231015354330708
0
LINE
8
BLACK
6
CONTINUOUS
10
0.0831451181102362
20
-0.4231015354330708
11
0.0820807086614173
21
-0.4235424409448819
0
LINE
8
BLACK
6
CONTINUOUS
10
0.0820807086614173
20
-0.4235424409448819
11
0.0809285826771654
21
-0.4235424409448819
0
LINE
8
BLACK
6
CONTINUOUS
10
0.0809285826771654
20
-0.4235424409448819
11
0.0798641732283464
21
-0.4231015354330708
0
LINE
8
BLACK
6
CONTINUOUS
10
0.0798641732283464
20
-0.4231015354330708
11
0.0797252362204724
21
-0.4229625984251968
0
LINE
8
BLACK
6
CONTINUOUS
10
0.0797252362204724
20
-0.4229625984251968
11
0.0790756299212598
21
-0.4232874409448819
0
LINE
8
BLACK
6
CONTINUOUS
10
0.0790756299212598
20
-0.4232874409448819
11
0.078535
21
-0.4234943307086614
0
LINE
8
BLACK
6
CONTINUOUS
10
0.078535
20
-0.4234943307086614
11
0.0784291732283465
21
-0.4235018110236221
0
LINE
8
BLACK
6
CONTINUOUS
10
0.0784291732283465
20
-0.4235018110236221
11
0.0783311811023622
21
-0.4235424409448819
0
LINE
8
BLACK
6
CONTINUOUS
10
0.0783311811023622
20
-0.4235424409448819
11
0.0777551181102362
21
-0.4235991732283464
0
LINE
8
BLACK
6
CONTINUOUS
10
0.0777551181102362
20
-0.4235991732283464
11
0.070256062992126
21
-0.4235991732283464
0
LINE
8
BLACK
6
CONTINUOUS
10
0.070256062992126
20
-0.4235991732283464
11
0.06968
21
-0.4235424409448819
0
LINE
8
BLACK
6
CONTINUOUS
10
0.06968
20
-0.4235424409448819
11
0.0695820078740157
21
-0.4235018503937008
0
LINE
8
BLACK
6
CONTINUOUS
10
0.0695820078740157
20
-0.4235018503937008
11
0.0694761417322835
21
-0.4234943307086614
0
LINE
8
BLACK
6
CONTINUOUS
10
0.0694761417322835
20
-0.4234943307086614
11
0.0689355511811024
21
-0.4232874409448819
0
LINE
8
BLACK
6
CONTINUOUS
10
0.0689355511811024
20
-0.4232874409448819
11
0.0651860236220472
21
-0.4214126771653543
0
LINE
8
BLACK
6
CONTINUOUS
10
0.0651860236220472
20
-0.4214126771653543
11
0.0649379921259843
21
-0.4212565748031496
0
LINE
8
BLACK
6
CONTINUOUS
10
0.0649379921259843
20
-0.4212565748031496
11
0.064866062992126
21
-0.4212267716535433
0
LINE
8
BLACK
6
CONTINUOUS
10
0.064866062992126
20
-0.4212267716535433
11
0.0647850787401575
21
-0.4211603149606299
0
LINE
8
BLACK
6
CONTINUOUS
10
0.0647850787401575
20
-0.4211603149606299
11
0.0646961417322835
21
-0.4211043307086614
0
LINE
8
BLACK
6
CONTINUOUS
10
0.0646961417322835
20
-0.4211043307086614
11
0.0646449212598425
21
-0.4210452755905512
0
LINE
8
BLACK
6
CONTINUOUS
10
0.0646449212598425
20
-0.4210452755905512
11
0.0644185826771654
21
-0.4208595275590551
0
LINE
8
BLACK
6
CONTINUOUS
10
0.0644185826771654
20
-0.4208595275590551
11
0.0625438188976378
21
-0.4189847244094488
0
LINE
8
BLACK
6
CONTINUOUS
10
0.0625438188976378
20
-0.4189847244094488
11
0.0623580708661417
21
-0.4187583858267717
0
LINE
8
BLACK
6
CONTINUOUS
10
0.0623580708661417
20
-0.4187583858267717
11
0.062299094488189
21
-0.4187072440944882
0
LINE
8
BLACK
6
CONTINUOUS
10
0.062299094488189
20
-0.4187072440944882
11
0.0622431102362205
21
-0.4186183070866142
0
LINE
8
BLACK
6
CONTINUOUS
10
0.0622431102362205
20
-0.4186183070866142
11
0.0621766141732283
21
-0.4185372834645669
0
LINE
8
BLACK
6
CONTINUOUS
10
0.0621766141732283
20
-0.4185372834645669
11
0.0621467716535433
21
-0.4184652362204724
0
LINE
8
BLACK
6
CONTINUOUS
10
0.0621467716535433
20
-0.4184652362204724
11
0.0619907480314961
21
-0.4182173622047244
0
LINE
8
BLACK
6
CONTINUOUS
10
0.0619907480314961
20
-0.4182173622047244
11
0.0601159842519685
21
-0.4144678346456693
0
LINE
8
BLACK
6
CONTINUOUS
10
0.0601159842519685
20
-0.4144678346456693
11
0.059909094488189
21
-0.4139272047244094
0
LINE
8
BLACK
6
CONTINUOUS
10
0.059909094488189
20
-0.4139272047244094
11
0.0599015748031496
21
-0.4138213779527559
0
LINE
8
BLACK
6
CONTINUOUS
10
0.0599015748031496
20
-0.4138213779527559
11
0.0598609842519685
21
-0.4137233858267717
0
LINE
8
BLACK
6
CONTINUOUS
10
0.0598609842519685
20
-0.4137233858267717
11
0.0598042519685039
21
-0.4131473228346457
0
LINE
8
BLACK
6
CONTINUOUS
10
0.0598042519685039
20
-0.4131473228346457
11
0.0598042519685039
21
-0.4018987401574803
0
LINE
8
BLACK
6
CONTINUOUS
10
0.0598042519685039
20
-0.4018987401574803
11
0.0598609842519685
21
-0.4013226771653543
0
LINE
8
BLACK
6
CONTINUOUS
10
0.0598609842519685
20
-0.4013226771653543
11
0.0599015748031496
21
-0.4012246456692913
0
LINE
8
BLACK
6
CONTINUOUS
10
0.0599015748031496
20
-0.4012246456692913
11
0.059909094488189
21
-0.4011188582677165
0
LINE
8
BLACK
6
CONTINUOUS
10
0.059909094488189
20
-0.4011188582677165
11
0.0601159842519685
21
-0.4005782283464567
0
LINE
8
BLACK
6
CONTINUOUS
10
0.0601159842519685
20
-0.4005782283464567
11
0.0619907480314961
21
-0.3968287007874016
0
LINE
8
BLACK
6
CONTINUOUS
10
0.0619907480314961
20
-0.3968287007874016
11
0.062146811023622
21
-0.3965806692913386
0
LINE
8
BLACK
6
CONTINUOUS
10
0.062146811023622
20
-0.3965806692913386
11
0.0621766535433071
21
-0.3965087401574803
0
LINE
8
BLACK
6
CONTINUOUS
10
0.0621766535433071
20
-0.3965087401574803
11
0.0622431102362205
21
-0.3964277559055118
0
LINE
8
BLACK
6
CONTINUOUS
10
0.0622431102362205
20
-0.3964277559055118
11
0.062299094488189
21
-0.3963388188976378
0
LINE
8
BLACK
6
CONTINUOUS
10
0.062299094488189
20
-0.3963388188976378
11
0.0623580708661417
21
-0.3962876377952756
0
LINE
8
BLACK
6
CONTINUOUS
10
0.0623580708661417
20
-0.3962876377952756
11
0.0625438582677165
21
-0.3960612992125984
0
LINE
8
BLACK
6
CONTINUOUS
10
0.0625438582677165
20
-0.3960612992125984
11
0.0644186220472441
21
-0.3941865354330709
0
LINE
8
BLACK
6
CONTINUOUS
10
0.0644186220472441
20
-0.3941865354330709
11
0.0646449606299213
21
-0.394000748031496
0
LINE
8
BLACK
6
CONTINUOUS
10
0.0646449606299213
20
-0.394000748031496
11
0.0646961417322835
21
-0.3939417716535433
0
LINE
8
BLACK
6
CONTINUOUS
10
0.0646961417322835
20
-0.3939417716535433
11
0.0647850787401575
21
-0.3938857874015748
0
LINE
8
BLACK
6
CONTINUOUS
10
0.0647850787401575
20
-0.3938857874015748
11
0.064866062992126
21
-0.3938193307086614
0
LINE
8
BLACK
6
CONTINUOUS
10
0.064866062992126
20
-0.3938193307086614
11
0.0649379921259843
21
-0.3937894881889764
0
LINE
8
BLACK
6
CONTINUOUS
10
0.0649379921259843
20
-0.3937894881889764
11
0.0651860236220472
21
-0.3936334251968504
0
LINE
8
BLACK
6
CONTINUOUS
10
0.0651860236220472
20
-0.3936334251968504
11
0.0689355511811024
21
-0.3917586614173229
0
LINE
8
BLACK
6
CONTINUOUS
10
0.0689355511811024
20
-0.3917586614173229
11
0.0694761417322835
21
-0.3915517716535433
0
LINE
8
BLACK
6
CONTINUOUS
10
0.0694761417322835
20
-0.3915517716535433
11
0.0695820078740157
21
-0.3915442125984252
0
LINE
8
BLACK
6
CONTINUOUS
10
0.0695820078740157
20
-0.3915442125984252
11
0.06968
21
-0.3915036614173228
0
LINE
8
BLACK
6
CONTINUOUS
10
0.06968
20
-0.3915036614173228
11
0.070256062992126
21
-0.3914469291338583
0
LINE
8
BLACK
6
CONTINUOUS
10
0.070256062992126
20
-0.3914469291338583
11
0.0777551181102362
21
-0.3914469291338583
0
LINE
8
BLACK
6
CONTINUOUS
10
0.0777551181102362
20
-0.3914469291338583
11
0.0783311811023622
21
-0.3915036614173228
0
LINE
8
BLACK
6
CONTINUOUS
10
0.0783311811023622
20
-0.3915036614173228
11
0.0784291732283465
21
-0.391544251968504
0
LINE
8
BLACK
6
CONTINUOUS
10
0.0784291732283465
20
-0.391544251968504
11
0.078535
21
-0.3915517716535433
0
LINE
8
BLACK
6
CONTINUOUS
10
0.078535
20
-0.3915517716535433
11
0.0785518897637795
21
-0.3915582283464567
0
LINE
8
BLACK
6
CONTINUOUS
10
0.0785518897637795
20
-0.3915582283464567
11
0.0785518897637795
21
-0.3812763385826772
0
LINE
8
BLACK
6
CONTINUOUS
10
0.0785518897637795
20
-0.3812763385826772
11
0.0786086220472441
21
-0.3807002755905512
0
LINE
8
BLACK
6
CONTINUOUS
10
0.0786086220472441
20
-0.3807002755905512
11
0.0790495275590551
21
-0.3796358661417323
0
LINE
8
BLACK
6
CONTINUOUS
10
0.0790495275590551
20
-0.3796358661417323
11
0.0798641732283464
21
-0.3788212204724409
0
LINE
8
BLACK
6
CONTINUOUS
10
0.0798641732283464
20
-0.3788212204724409
11
0.0809285826771654
21
-0.3783803149606299
0
LINE
8
BLACK
6
CONTINUOUS
10
0.0809285826771654
20
-0.3783803149606299
11
0.0820807086614173
21
-0.3783803149606299
0
LINE
8
BLACK
6
CONTINUOUS
10
0.0820807086614173
20
-0.3783803149606299
11
0.0831451181102362
21
-0.3788212204724409
0
LINE
8
BLACK
6
CONTINUOUS
10
0.0682556299212598
20
-0.3987011811023622
11
0.0670585039370079
21
-0.3998983070866142
0
LINE
8
BLACK
6
CONTINUOUS
10
0.0670585039370079
20
-0.3998983070866142
11
0.0657097637795276
21
-0.4025957874015748
0
LINE
8
BLACK
6
CONTINUOUS
10
0.0657097637795276
20
-0.4025957874015748
11
0.0657097637795276
21
-0.4124502755905512
0
LINE
8
BLACK
6
CONTINUOUS
10
0.0657097637795276
20
-0.4124502755905512
11
0.0670585039370079
21
-0.4151477559055118
0
LINE
8
BLACK
6
CONTINUOUS
10
0.0670585039370079
20
-0.4151477559055118
11
0.0682556299212598
21
-0.4163449212598425
0
LINE
8
BLACK
6
CONTINUOUS
10
0.0682556299212598
20
-0.4163449212598425
11
0.0709531102362205
21
-0.4176936614173228
0
LINE
8
BLACK
6
CONTINUOUS
10
0.0709531102362205
20
-0.4176936614173228
11
0.0770580708661417
21
-0.4176936614173228
0
LINE
8
BLACK
6
CONTINUOUS
10
0.0770580708661417
20
-0.4176936614173228
11
0.0785518897637795
21
-0.4169467322834646
0
LINE
8
BLACK
6
CONTINUOUS
10
0.0785518897637795
20
-0.4169467322834646
11
0.0785518897637795
21
-0.3980993307086614
0
LINE
8
BLACK
6
CONTINUOUS
10
0.0785518897637795
20
-0.3980993307086614
11
0.0770580708661417
21
-0.3973524409448819
0
LINE
8
BLACK
6
CONTINUOUS
10
0.0770580708661417
20
-0.3973524409448819
11
0.0709531102362205
21
-0.3973524409448819
0
LINE
8
BLACK
6
CONTINUOUS
10
0.0709531102362205
20
-0.3973524409448819
11
0.0682556299212598
21
-0.3987011811023622
0
LINE
8
BLACK
6
CONTINUOUS
10
0.1018927952755905
20
-0.3919445669291339
11
0.1027074409448819
21
-0.3927592125984252
0
LINE
8
BLACK
6
CONTINUOUS
10
0.1027074409448819
20
-0.3927592125984252
11
0.1031483464566929
21
-0.3938236220472441
0
LINE
8
BLACK
6
CONTINUOUS
10
0.1031483464566929
20
-0.3938236220472441
11
0.1032050787401575
21
-0.3943996850393701
0
LINE
8
BLACK
6
CONTINUOUS
10
0.1032050787401575
20
-0.3943996850393701
11
0.1032050787401575
21
-0.4143250393700788
0
LINE
8
BLACK
6
CONTINUOUS
10
0.1032050787401575
20
-0.4143250393700788
11
0.1043279133858268
21
-0.4165707874015748
0
LINE
8
BLACK
6
CONTINUOUS
10
0.1043279133858268
20
-0.4165707874015748
11
0.1065736614173228
21
-0.4176936614173228
0
LINE
8
BLACK
6
CONTINUOUS
10
0.1065736614173228
20
-0.4176936614173228
11
0.1108038582677165
21
-0.4176936614173228
0
LINE
8
BLACK
6
CONTINUOUS
10
0.1108038582677165
20
-0.4176936614173228
11
0.1135012992125984
21
-0.4163449212598425
0
LINE
8
BLACK
6
CONTINUOUS
10
0.1135012992125984
20
-0.4163449212598425
11
0.1141724409448819
21
-0.4156737795275591
0
LINE
8
BLACK
6
CONTINUOUS
10
0.1141724409448819
20
-0.4156737795275591
11
0.1141724409448819
21
-0.3943996850393701
0
LINE
8
BLACK
6
CONTINUOUS
10
0.1141724409448819
20
-0.3943996850393701
11
0.1142291732283465
21
-0.3938236220472441
0
LINE
8
BLACK
6
CONTINUOUS
10
0.1142291732283465
20
-0.3938236220472441
11
0.1146700787401575
21
-0.3927592125984252
0
LINE
8
BLACK
6
CONTINUOUS
10
0.1146700787401575
20
-0.3927592125984252
11
0.1154847244094488
21
-0.3919445669291339
0
LINE
8
BLACK
6
CONTINUOUS
10
0.1154847244094488
20
-0.3919445669291339
11
0.1165491338582677
21
-0.3915036614173228
0
LINE
8
BLACK
6
CONTINUOUS
10
0.1165491338582677
20
-0.3915036614173228
11
0.1177012598425197
21
-0.3915036614173228
0
LINE
8
BLACK
6
CONTINUOUS
10
0.1177012598425197
20
-0.3915036614173228
11
0.1187656692913386
21
-0.3919445669291339
0
LINE
8
BLACK
6
CONTINUOUS
10
0.1187656692913386
20
-0.3919445669291339
11
0.1195803149606299
21
-0.3927592125984252
0
LINE
8
BLACK
6
CONTINUOUS
10
0.1195803149606299
20
-0.3927592125984252
11
0.1200212204724409
21
-0.3938236220472441
0
LINE
8
BLACK
6
CONTINUOUS
10
0.1200212204724409
20
-0.3938236220472441
11
0.1200779527559055
21
-0.3943996850393701
0
LINE
8
BLACK
6
CONTINUOUS
10
0.1200779527559055
20
-0.3943996850393701
11
0.1200779527559055
21
-0.4206464173228346
0
LINE
8
BLACK
6
CONTINUOUS
10
0.1200779527559055
20
-0.4206464173228346
11
0.1200212204724409
21
-0.4212224803149606
0
LINE
8
BLACK
6
CONTINUOUS
10
0.1200212204724409
20
-0.4212224803149606
11
0.1195803149606299
21
-0.4222868897637795
0
LINE
8
BLACK
6
CONTINUOUS
10
0.1195803149606299
20
-0.4222868897637795
11
0.1187656692913386
21
-0.4231015354330708
0
LINE
8
BLACK
6
CONTINUOUS
10
0.1187656692913386
20
-0.4231015354330708
11
0.1177012598425197
21
-0.4235424409448819
0
LINE
8
BLACK
6
CONTINUOUS
10
0.1177012598425197
20
-0.4235424409448819
11
0.1165491338582677
21
-0.4235424409448819
0
LINE
8
BLACK
6
CONTINUOUS
10
0.1165491338582677
20
-0.4235424409448819
11
0.1154847244094488
21
-0.4231015354330708
0
LINE
8
BLACK
6
CONTINUOUS
10
0.1154847244094488
20
-0.4231015354330708
11
0.1147208661417323
21
-0.4223376771653543
0
LINE
8
BLACK
6
CONTINUOUS
10
0.1147208661417323
20
-0.4223376771653543
11
0.1128214173228346
21
-0.4232874409448819
0
LINE
8
BLACK
6
CONTINUOUS
10
0.1128214173228346
20
-0.4232874409448819
11
0.1122807874015748
21
-0.4234943307086614
0
LINE
8
BLACK
6
CONTINUOUS
10
0.1122807874015748
20
-0.4234943307086614
11
0.1121749606299213
21
-0.4235018110236221
0
LINE
8
BLACK
6
CONTINUOUS
10
0.1121749606299213
20
-0.4235018110236221
11
0.112076968503937
21
-0.4235424409448819
0
LINE
8
BLACK
6
CONTINUOUS
10
0.112076968503937
20
-0.4235424409448819
11
0.111500905511811
21
-0.4235991732283464
0
LINE
8
BLACK
6
CONTINUOUS
10
0.111500905511811
20
-0.4235991732283464
11
0.1058766141732283
21
-0.4235991732283464
0
LINE
8
BLACK
6
CONTINUOUS
10
0.1058766141732283
20
-0.4235991732283464
11
0.1053005511811024
21
-0.4235424409448819
0
LINE
8
BLACK
6
CONTINUOUS
10
0.1053005511811024
20
-0.4235424409448819
11
0.1052025590551181
21
-0.4235018503937008
0
LINE
8
BLACK
6
CONTINUOUS
10
0.1052025590551181
20
-0.4235018503937008
11
0.1050966929133858
21
-0.4234943307086614
0
LINE
8
BLACK
6
CONTINUOUS
10
0.1050966929133858
20
-0.4234943307086614
11
0.1045561023622047
21
-0.4232874409448819
0
LINE
8
BLACK
6
CONTINUOUS
10
0.1045561023622047
20
-0.4232874409448819
11
0.1008065748031496
21
-0.4214126771653543
0
LINE
8
BLACK
6
CONTINUOUS
10
0.1008065748031496
20
-0.4214126771653543
11
0.1007101968503937
21
-0.4213520078740157
0
LINE
8
BLACK
6
CONTINUOUS
10
0.1007101968503937
20
-0.4213520078740157
11
0.1006648031496063
21
-0.4213368897637795
0
LINE
8
BLACK
6
CONTINUOUS
10
0.1006648031496063
20
-0.4213368897637795
11
0.1006082283464567
21
-0.4212878346456693
0
LINE
8
BLACK
6
CONTINUOUS
10
0.1006082283464567
20
-0.4212878346456693
11
0.1003166929133858
21
-0.4211043307086614
0
LINE
8
BLACK
6
CONTINUOUS
10
0.1003166929133858
20
-0.4211043307086614
11
0.1000740157480315
21
-0.4208244881889764
0
LINE
8
BLACK
6
CONTINUOUS
10
0.1000740157480315
20
-0.4208244881889764
11
0.0997944094488189
21
-0.4205820078740157
0
LINE
8
BLACK
6
CONTINUOUS
10
0.0997944094488189
20
-0.4205820078740157
11
0.099610905511811
21
-0.4202905118110236
0
LINE
8
BLACK
6
CONTINUOUS
10
0.099610905511811
20
-0.4202905118110236
11
0.0995618503937008
21
-0.420233937007874
0
LINE
8
BLACK
6
CONTINUOUS
10
0.0995618503937008
20
-0.420233937007874
11
0.0995466929133858
21
-0.4201884645669291
0
LINE
8
BLACK
6
CONTINUOUS
10
0.0995466929133858
20
-0.4201884645669291
11
0.099486062992126
21
-0.4200921653543307
0
LINE
8
BLACK
6
CONTINUOUS
10
0.099486062992126
20
-0.4200921653543307
11
0.0976112992125984
21
-0.4163425984251968
0
LINE
8
BLACK
6
CONTINUOUS
10
0.0976112992125984
20
-0.4163425984251968
11
0.0974044094488189
21
-0.415801968503937
0
LINE
8
BLACK
6
CONTINUOUS
10
0.0974044094488189
20
-0.415801968503937
11
0.0973968897637795
21
-0.4156961417322835
0
LINE
8
BLACK
6
CONTINUOUS
10
0.0973968897637795
20
-0.4156961417322835
11
0.0973562992125984
21
-0.4155981496062992
0
LINE
8
BLACK
6
CONTINUOUS
10
0.0973562992125984
20
-0.4155981496062992
11
0.0972995669291339
21
-0.4150220866141732
0
LINE
8
BLACK
6
CONTINUOUS
10
0.0972995669291339
20
-0.4150220866141732
11
0.0972995669291339
21
-0.3943996850393701
0
LINE
8
BLACK
6
CONTINUOUS
10
0.0972995669291339
20
-0.3943996850393701
11
0.0973562992125984
21
-0.3938236220472441
0
LINE
8
BLACK
6
CONTINUOUS
10
0.0973562992125984
20
-0.3938236220472441
11
0.0977972047244094
21
-0.3927592125984252
0
LINE
8
BLACK
6
CONTINUOUS
10
0.0977972047244094
20
-0.3927592125984252
11
0.0986118503937008
21
-0.3919445669291339
0
LINE
8
BLACK
6
CONTINUOUS
10
0.0986118503937008
20
-0.3919445669291339
11
0.0996762598425197
21
-0.3915036614173228
0
LINE
8
BLACK
6
CONTINUOUS
10
0.0996762598425197
20
-0.3915036614173228
11
0.1008283858267717
21
-0.3915036614173228
0
LINE
8
BLACK
6
CONTINUOUS
10
0.1008283858267717
20
-0.3915036614173228
11
0.1018927952755905
21
-0.3919445669291339
0
LINE
8
BLACK
6
CONTINUOUS
10
0.1495722834645669
20
-0.3915036614173228
11
0.1496702755905512
21
-0.391544251968504
0
LINE
8
BLACK
6
CONTINUOUS
10
0.1496702755905512
20
-0.391544251968504
11
0.1497761023622047
21
-0.3915517716535433
0
LINE
8
BLACK
6
CONTINUOUS
10
0.1497761023622047
20
-0.3915517716535433
11
0.1503167322834646
21
-0.3917586614173229
0
LINE
8
BLACK
6
CONTINUOUS
10
0.1503167322834646
20
-0.3917586614173229
11
0.1540662598425197
21
-0.3936334251968504
0
LINE
8
BLACK
6
CONTINUOUS
10
0.1540662598425197
20
-0.3936334251968504
11
0.1545561417322835
21
-0.3939417716535433
0
LINE
8
BLACK
6
CONTINUOUS
10
0.1545561417322835
20
-0.3939417716535433
11
0.1553109842519685
21
-0.3948121653543307
0
LINE
8
BLACK
6
CONTINUOUS
10
0.1553109842519685
20
-0.3948121653543307
11
0.1556753149606299
21
-0.3959051181102362
0
LINE
8
BLACK
6
CONTINUOUS
10
0.1556753149606299
20
-0.3959051181102362
11
0.1555936614173228
21
-0.3970543307086614
0
LINE
8
BLACK
6
CONTINUOUS
10
0.1555936614173228
20
-0.3970543307086614
11
0.1550783858267716
21
-0.398084842519685
0
LINE
8
BLACK
6
CONTINUOUS
10
0.1550783858267716
20
-0.398084842519685
11
0.154208031496063
21
-0.3988396850393701
0
LINE
8
BLACK
6
CONTINUOUS
10
0.154208031496063
20
-0.3988396850393701
11
0.1531150393700787
21
-0.3992040157480315
0
LINE
8
BLACK
6
CONTINUOUS
10
0.1531150393700787
20
-0.3992040157480315
11
0.1519658267716535
21
-0.3991223622047244
0
LINE
8
BLACK
6
CONTINUOUS
10
0.1519658267716535
20
-0.3991223622047244
11
0.1514252362204724
21
-0.3989154724409449
0
LINE
8
BLACK
6
CONTINUOUS
10
0.1514252362204724
20
-0.3989154724409449
11
0.1482991732283465
21
-0.3973524409448819
0
LINE
8
BLACK
6
CONTINUOUS
10
0.1482991732283465
20
-0.3973524409448819
11
0.1421942125984252
21
-0.3973524409448819
0
LINE
8
BLACK
6
CONTINUOUS
10
0.1421942125984252
20
-0.3973524409448819
11
0.1394967322834646
21
-0.3987011811023622
0
LINE
8
BLACK
6
CONTINUOUS
10
0.1394967322834646
20
-0.3987011811023622
11
0.1382996062992126
21
-0.3998983070866142
0
LINE
8
BLACK
6
CONTINUOUS
10
0.1382996062992126
20
-0.3998983070866142
11
0.1369508661417323
21
-0.4025957874015748
0
LINE
8
BLACK
6
CONTINUOUS
10
0.1369508661417323
20
-0.4025957874015748
11
0.1369508661417323
21
-0.4124502755905512
0
LINE
8
BLACK
6
CONTINUOUS
10
0.1369508661417323
20
-0.4124502755905512
11
0.1382996062992126
21
-0.4151477559055118
0
LINE
8
BLACK
6
CONTINUOUS
10
0.1382996062992126
20
-0.4151477559055118
11
0.1394967322834646
21
-0.4163449212598425
0
LINE
8
BLACK
6
CONTINUOUS
10
0.1394967322834646
20
-0.4163449212598425
11
0.1421942125984252
21
-0.4176936614173228
0
LINE
8
BLACK
6
CONTINUOUS
10
0.1421942125984252
20
-0.4176936614173228
11
0.1482991732283465
21
-0.4176936614173228
0
LINE
8
BLACK
6
CONTINUOUS
10
0.1482991732283465
20
-0.4176936614173228
11
0.1514252362204724
21
-0.4161306299212598
0
LINE
8
BLACK
6
CONTINUOUS
10
0.1514252362204724
20
-0.4161306299212598
11
0.1519658267716535
21
-0.4159237401574803
0
LINE
8
BLACK
6
CONTINUOUS
10
0.1519658267716535
20
-0.4159237401574803
11
0.1531150393700787
21
-0.4158420866141732
0
LINE
8
BLACK
6
CONTINUOUS
10
0.1531150393700787
20
-0.4158420866141732
11
0.154208031496063
21
-0.4162064173228346
0
LINE
8
BLACK
6
CONTINUOUS
10
0.154208031496063
20
-0.4162064173228346
11
0.1550783858267716
21
-0.4169612598425197
0
LINE
8
BLACK
6
CONTINUOUS
10
0.1550783858267716
20
-0.4169612598425197
11
0.1555936614173228
21
-0.4179917716535433
0
LINE
8
BLACK
6
CONTINUOUS
10
0.1555936614173228
20
-0.4179917716535433
11
0.1556753149606299
21
-0.4191409842519685
0
LINE
8
BLACK
6
CONTINUOUS
10
0.1556753149606299
20
-0.4191409842519685
11
0.1553109842519685
21
-0.420233937007874
0
LINE
8
BLACK
6
CONTINUOUS
10
0.1553109842519685
20
-0.420233937007874
11
0.1545561417322835
21
-0.4211043307086614
0
LINE
8
BLACK
6
CONTINUOUS
10
0.1545561417322835
20
-0.4211043307086614
11
0.1540662598425197
21
-0.4214126771653543
0
LINE
8
BLACK
6
CONTINUOUS
10
0.1540662598425197
20
-0.4214126771653543
11
0.1503167322834646
21
-0.4232874409448819
0
LINE
8
BLACK
6
CONTINUOUS
10
0.1503167322834646
20
-0.4232874409448819
11
0.1497761023622047
21
-0.4234943307086614
0
LINE
8
BLACK
6
CONTINUOUS
10
0.1497761023622047
20
-0.4234943307086614
11
0.1496702755905512
21
-0.4235018110236221
0
LINE
8
BLACK
6
CONTINUOUS
10
0.1496702755905512
20
-0.4235018110236221
11
0.1495722834645669
21
-0.4235424409448819
0
LINE
8
BLACK
6
CONTINUOUS
10
0.1495722834645669
20
-0.4235424409448819
11
0.1489962204724409
21
-0.4235991732283464
0
LINE
8
BLACK
6
CONTINUOUS
10
0.1489962204724409
20
-0.4235991732283464
11
0.1414971653543307
21
-0.4235991732283464
0
LINE
8
BLACK
6
CONTINUOUS
10
0.1414971653543307
20
-0.4235991732283464
11
0.1409211023622047
21
-0.4235424409448819
0
LINE
8
BLACK
6
CONTINUOUS
10
0.1409211023622047
20
-0.4235424409448819
11
0.1408231102362205
21
-0.4235018503937008
0
LINE
8
BLACK
6
CONTINUOUS
10
0.1408231102362205
20
-0.4235018503937008
11
0.1407172440944882
21
-0.4234943307086614
0
LINE
8
BLACK
6
CONTINUOUS
10
0.1407172440944882
20
-0.4234943307086614
11
0.1401766535433071
21
-0.4232874409448819
0
LINE
8
BLACK
6
CONTINUOUS
10
0.1401766535433071
20
-0.4232874409448819
11
0.136427125984252
21
-0.4214126771653543
0
LINE
8
BLACK
6
CONTINUOUS
10
0.136427125984252
20
-0.4214126771653543
11
0.136179094488189
21
-0.4212565748031496
0
LINE
8
BLACK
6
CONTINUOUS
10
0.136179094488189
20
-0.4212565748031496
11
0.1361071653543307
21
-0.4212267716535433
0
LINE
8
BLACK
6
CONTINUOUS
10
0.1361071653543307
20
-0.4212267716535433
11
0.1360261811023622
21
-0.4211603149606299
0
LINE
8
BLACK
6
CONTINUOUS
10
0.1360261811023622
20
-0.4211603149606299
11
0.1359372440944882
21
-0.4211043307086614
0
LINE
8
BLACK
6
CONTINUOUS
10
0.1359372440944882
20
-0.4211043307086614
11
0.1358860236220472
21
-0.4210452755905512
0
LINE
8
BLACK
6
CONTINUOUS
10
0.1358860236220472
20
-0.4210452755905512
11
0.1356596850393701
21
-0.4208595275590551
0
LINE
8
BLACK
6
CONTINUOUS
10
0.1356596850393701
20
-0.4208595275590551
11
0.1337849212598425
21
-0.4189847244094488
0
LINE
8
BLACK
6
CONTINUOUS
10
0.1337849212598425
20
-0.4189847244094488
11
0.1335991732283464
21
-0.4187583858267717
0
LINE
8
BLACK
6
CONTINUOUS
10
0.1335991732283464
20
-0.4187583858267717
11
0.1335401968503937
21
-0.4187072440944882
0
LINE
8
BLACK
6
CONTINUOUS
10
0.1335401968503937
20
-0.4187072440944882
11
0.1334842125984252
21
-0.4186183070866142
0
LINE
8
BLACK
6
CONTINUOUS
10
0.1334842125984252
20
-0.4186183070866142
11
0.1334177165354331
21
-0.4185372834645669
0
LINE
8
BLACK
6
CONTINUOUS
10
0.1334177165354331
20
-0.4185372834645669
11
0.133387874015748
21
-0.4184652362204724
0
LINE
8
BLACK
6
CONTINUOUS
10
0.133387874015748
20
-0.4184652362204724
11
0.1332318503937008
21
-0.4182173622047244
0
LINE
8
BLACK
6
CONTINUOUS
10
0.1332318503937008
20
-0.4182173622047244
11
0.1313570866141732
21
-0.4144678346456693
0
LINE
8
BLACK
6
CONTINUOUS
10
0.1313570866141732
20
-0.4144678346456693
11
0.1311501968503937
21
-0.4139272047244094
0
LINE
8
BLACK
6
CONTINUOUS
10
0.1311501968503937
20
-0.4139272047244094
11
0.1311426771653543
21
-0.4138213779527559
0
LINE
8
BLACK
6
CONTINUOUS
10
0.1311426771653543
20
-0.4138213779527559
11
0.1311020866141732
21
-0.4137233858267717
0
LINE
8
BLACK
6
CONTINUOUS
10
0.1311020866141732
20
-0.4137233858267717
11
0.1310453543307087
21
-0.4131473228346457
0
LINE
8
BLACK
6
CONTINUOUS
10
0.1310453543307087
20
-0.4131473228346457
11
0.1310453543307087
21
-0.4018987401574803
0
LINE
8
BLACK
6
CONTINUOUS
10
0.1310453543307087
20
-0.4018987401574803
11
0.1311020866141732
21
-0.4013226771653543
0
LINE
8
BLACK
6
CONTINUOUS
10
0.1311020866141732
20
-0.4013226771653543
11
0.1311426771653543
21
-0.4012246456692913
0
LINE
8
BLACK
6
CONTINUOUS
10
0.1311426771653543
20
-0.4012246456692913
11
0.1311501968503937
21
-0.4011188582677165
0
LINE
8
BLACK
6
CONTINUOUS
10
0.1311501968503937
20
-0.4011188582677165
11
0.1313570866141732
21
-0.4005782283464567
0
LINE
8
BLACK
6
CONTINUOUS
10
0.1313570866141732
20
-0.4005782283464567
11
0.1332318503937008
21
-0.3968287007874016
0
LINE
8
BLACK
6
CONTINUOUS
10
0.1332318503937008
20
-0.3968287007874016
11
0.1333879133858268
21
-0.3965806692913386
0
LINE
8
BLACK
6
CONTINUOUS
10
0.1333879133858268
20
-0.3965806692913386
11
0.1334177559055118
21
-0.3965087401574803
0
LINE
8
BLACK
6
CONTINUOUS
10
0.1334177559055118
20
-0.3965087401574803
11
0.1334842125984252
21
-0.3964277559055118
0
LINE
8
BLACK
6
CONTINUOUS
10
0.1334842125984252
20
-0.3964277559055118
11
0.1335401968503937
21
-0.3963388188976378
0
LINE
8
BLACK
6
CONTINUOUS
10
0.1335401968503937
20
-0.3963388188976378
11
0.1335991732283464
21
-0.3962876377952756
0
LINE
8
BLACK
6
CONTINUOUS
10
0.1335991732283464
20
-0.3962876377952756
11
0.1337849606299213
21
-0.3960612992125984
0
LINE
8
BLACK
6
CONTINUOUS
10
0.1337849606299213
20
-0.3960612992125984
11
0.1356597244094488
21
-0.3941865354330709
0
LINE
8
BLACK
6
CONTINUOUS
10
0.1356597244094488
20
-0.3941865354330709
11
0.135886062992126
21
-0.394000748031496
0
LINE
8
BLACK
6
CONTINUOUS
10
0.135886062992126
20
-0.394000748031496
11
0.1359372440944882
21
-0.3939417716535433
0
LINE
8
BLACK
6
CONTINUOUS
10
0.1359372440944882
20
-0.3939417716535433
11
0.1360261811023622
21
-0.3938857874015748
0
LINE
8
BLACK
6
CONTINUOUS
10
0.1360261811023622
20
-0.3938857874015748
11
0.1361071653543307
21
-0.3938193307086614
0
LINE
8
BLACK
6
CONTINUOUS
10
0.1361071653543307
20
-0.3938193307086614
11
0.136179094488189
21
-0.3937894881889764
0
LINE
8
BLACK
6
CONTINUOUS
10
0.136179094488189
20
-0.3937894881889764
11
0.136427125984252
21
-0.3936334251968504
0
LINE
8
BLACK
6
CONTINUOUS
10
0.136427125984252
20
-0.3936334251968504
11
0.1401766535433071
21
-0.3917586614173229
0
LINE
8
BLACK
6
CONTINUOUS
10
0.1401766535433071
20
-0.3917586614173229
11
0.1407172440944882
21
-0.3915517716535433
0
LINE
8
BLACK
6
CONTINUOUS
10
0.1407172440944882
20
-0.3915517716535433
11
0.1408231102362205
21
-0.3915442125984252
0
LINE
8
BLACK
6
CONTINUOUS
10
0.1408231102362205
20
-0.3915442125984252
11
0.1409211023622047
21
-0.3915036614173228
0
LINE
8
BLACK
6
CONTINUOUS
10
0.1409211023622047
20
-0.3915036614173228
11
0.1414971653543307
21
-0.3914469291338583
0
LINE
8
BLACK
6
CONTINUOUS
10
0.1414971653543307
20
-0.3914469291338583
11
0.1489962204724409
21
-0.3914469291338583
0
LINE
8
BLACK
6
CONTINUOUS
10
0.1489962204724409
20
-0.3914469291338583
11
0.1495722834645669
21
-0.3915036614173228
0
LINE
8
BLACK
6
CONTINUOUS
10
0.2001909448818898
20
-0.3915036614173228
11
0.200288937007874
21
-0.391544251968504
0
LINE
8
BLACK
6
CONTINUOUS
10
0.200288937007874
20
-0.391544251968504
11
0.2003947637795276
21
-0.3915517716535433
0
LINE
8
BLACK
6
CONTINUOUS
10
0.2003947637795276
20
-0.3915517716535433
11
0.2009353937007874
21
-0.3917586614173229
0
LINE
8
BLACK
6
CONTINUOUS
10
0.2009353937007874
20
-0.3917586614173229
11
0.2046849212598425
21
-0.3936334251968504
0
LINE
8
BLACK
6
CONTINUOUS
10
0.2046849212598425
20
-0.3936334251968504
11
0.2047812598425197
21
-0.3936940551181102
0
LINE
8
BLACK
6
CONTINUOUS
10
0.2047812598425197
20
-0.3936940551181102
11
0.2048266929133858
21
-0.3937092125984252
0
LINE
8
BLACK
6
CONTINUOUS
10
0.2048266929133858
20
-0.3937092125984252
11
0.2048832283464567
21
-0.3937582283464567
0
LINE
8
BLACK
6
CONTINUOUS
10
0.2048832283464567
20
-0.3937582283464567
11
0.2051748031496063
21
-0.3939417716535433
0
LINE
8
BLACK
6
CONTINUOUS
10
0.2051748031496063
20
-0.3939417716535433
11
0.2054173622047244
21
-0.3942214566929134
0
LINE
8
BLACK
6
CONTINUOUS
10
0.2054173622047244
20
-0.3942214566929134
11
0.2056970866141732
21
-0.3944640551181102
0
LINE
8
BLACK
6
CONTINUOUS
10
0.2056970866141732
20
-0.3944640551181102
11
0.2058805905511811
21
-0.3947555905511811
0
LINE
8
BLACK
6
CONTINUOUS
10
0.2058805905511811
20
-0.3947555905511811
11
0.2059296456692913
21
-0.3948121653543307
0
LINE
8
BLACK
6
CONTINUOUS
10
0.2059296456692913
20
-0.3948121653543307
11
0.2059447637795276
21
-0.3948575590551181
0
LINE
8
BLACK
6
CONTINUOUS
10
0.2059447637795276
20
-0.3948575590551181
11
0.2060054330708661
21
-0.394953937007874
0
LINE
8
BLACK
6
CONTINUOUS
10
0.2060054330708661
20
-0.394953937007874
11
0.2078801968503937
21
-0.3987034645669291
0
LINE
8
BLACK
6
CONTINUOUS
10
0.2078801968503937
20
-0.3987034645669291
11
0.2080870866141732
21
-0.3992440551181102
0
LINE
8
BLACK
6
CONTINUOUS
10
0.2080870866141732
20
-0.3992440551181102
11
0.2080946062992126
21
-0.3993499212598425
0
LINE
8
BLACK
6
CONTINUOUS
10
0.2080946062992126
20
-0.3993499212598425
11
0.2081351968503937
21
-0.3994479133858267
0
LINE
8
BLACK
6
CONTINUOUS
10
0.2081351968503937
20
-0.3994479133858267
11
0.2081919291338583
21
-0.4000239763779527
0
LINE
8
BLACK
6
CONTINUOUS
10
0.2081919291338583
20
-0.4000239763779527
11
0.2081919291338583
21
-0.4206464173228346
0
LINE
8
BLACK
6
CONTINUOUS
10
0.2081919291338583
20
-0.4206464173228346
11
0.2081351968503937
21
-0.4212224803149606
0
LINE
8
BLACK
6
CONTINUOUS
10
0.2081351968503937
20
-0.4212224803149606
11
0.2076942913385827
21
-0.4222868897637795
0
LINE
8
BLACK
6
CONTINUOUS
10
0.2076942913385827
20
-0.4222868897637795
11
0.2068796456692913
21
-0.4231015354330708
0
LINE
8
BLACK
6
CONTINUOUS
10
0.2068796456692913
20
-0.4231015354330708
11
0.2058152362204724
21
-0.4235424409448819
0
LINE
8
BLACK
6
CONTINUOUS
10
0.2058152362204724
20
-0.4235424409448819
11
0.2046631102362205
21
-0.4235424409448819
0
LINE
8
BLACK
6
CONTINUOUS
10
0.2046631102362205
20
-0.4235424409448819
11
0.2035987007874016
21
-0.4231015354330708
0
LINE
8
BLACK
6
CONTINUOUS
10
0.2035987007874016
20
-0.4231015354330708
11
0.2034597637795275
21
-0.4229625984251968
0
LINE
8
BLACK
6
CONTINUOUS
10
0.2034597637795275
20
-0.4229625984251968
11
0.2028101574803149
21
-0.4232874409448819
0
LINE
8
BLACK
6
CONTINUOUS
10
0.2028101574803149
20
-0.4232874409448819
11
0.2022695275590551
21
-0.4234943307086614
0
LINE
8
BLACK
6
CONTINUOUS
10
0.2022695275590551
20
-0.4234943307086614
11
0.2021637007874016
21
-0.4235018110236221
0
LINE
8
BLACK
6
CONTINUOUS
10
0.2021637007874016
20
-0.4235018110236221
11
0.2020657086614173
21
-0.4235424409448819
0
LINE
8
BLACK
6
CONTINUOUS
10
0.2020657086614173
20
-0.4235424409448819
11
0.2014896456692913
21
-0.4235991732283464
0
LINE
8
BLACK
6
CONTINUOUS
10
0.2014896456692913
20
-0.4235991732283464
11
0.1921158267716535
21
-0.4235991732283464
0
LINE
8
BLACK
6
CONTINUOUS
10
0.1921158267716535
20
-0.4235991732283464
11
0.1915397637795276
21
-0.4235424409448819
0
LINE
8
BLACK
6
CONTINUOUS
10
0.1915397637795276
20
-0.4235424409448819
11
0.1914417716535433
21
-0.4235018503937008
0
LINE
8
BLACK
6
CONTINUOUS
10
0.1914417716535433
20
-0.4235018503937008
11
0.191335905511811
21
-0.4234943307086614
0
LINE
8
BLACK
6
CONTINUOUS
10
0.191335905511811
20
-0.4234943307086614
11
0.1907953149606299
21
-0.4232874409448819
0
LINE
8
BLACK
6
CONTINUOUS
10
0.1907953149606299
20
-0.4232874409448819
11
0.1870457874015748
21
-0.4214126771653543
0
LINE
8
BLACK
6
CONTINUOUS
10
0.1870457874015748
20
-0.4214126771653543
11
0.1869494094488189
21
-0.4213520078740157
0
LINE
8
BLACK
6
CONTINUOUS
10
0.1869494094488189
20
-0.4213520078740157
11
0.1869040157480315
21
-0.4213368897637795
0
LINE
8
BLACK
6
CONTINUOUS
10
0.1869040157480315
20
-0.4213368897637795
11
0.1868474409448819
21
-0.4212878346456693
0
LINE
8
BLACK
6
CONTINUOUS
10
0.1868474409448819
20
-0.4212878346456693
11
0.186555905511811
21
-0.4211043307086614
0
LINE
8
BLACK
6
CONTINUOUS
10
0.186555905511811
20
-0.4211043307086614
11
0.1863132283464567
21
-0.4208244881889764
0
LINE
8
BLACK
6
CONTINUOUS
10
0.1863132283464567
20
-0.4208244881889764
11
0.1860336220472441
21
-0.4205820078740157
0
LINE
8
BLACK
6
CONTINUOUS
10
0.1860336220472441
20
-0.4205820078740157
11
0.1858501181102362
21
-0.4202905118110236
0
LINE
8
BLACK
6
CONTINUOUS
10
0.1858501181102362
20
-0.4202905118110236
11
0.185801062992126
21
-0.420233937007874
0
LINE
8
BLACK
6
CONTINUOUS
10
0.185801062992126
20
-0.420233937007874
11
0.185785905511811
21
-0.4201884645669291
0
LINE
8
BLACK
6
CONTINUOUS
10
0.185785905511811
20
-0.4201884645669291
11
0.1857252755905512
21
-0.4200921653543307
0
LINE
8
BLACK
6
CONTINUOUS
10
0.1857252755905512
20
-0.4200921653543307
11
0.1838505118110236
21
-0.4163425984251968
0
LINE
8
BLACK
6
CONTINUOUS
10
0.1838505118110236
20
-0.4163425984251968
11
0.1836436220472441
21
-0.415801968503937
0
LINE
8
BLACK
6
CONTINUOUS
10
0.1836436220472441
20
-0.415801968503937
11
0.1836361023622047
21
-0.4156961417322835
0
LINE
8
BLACK
6
CONTINUOUS
10
0.1836361023622047
20
-0.4156961417322835
11
0.1835955118110236
21
-0.4155981496062992
0
LINE
8
BLACK
6
CONTINUOUS
10
0.1835955118110236
20
-0.4155981496062992
11
0.183538779527559
21
-0.4150220866141732
0
LINE
8
BLACK
6
CONTINUOUS
10
0.183538779527559
20
-0.4150220866141732
11
0.183538779527559
21
-0.4112725590551181
0
LINE
8
BLACK
6
CONTINUOUS
10
0.183538779527559
20
-0.4112725590551181
11
0.1835955118110236
21
-0.4106964960629921
0
LINE
8
BLACK
6
CONTINUOUS
10
0.1835955118110236
20
-0.4106964960629921
11
0.1836361023622047
21
-0.4105984645669291
0
LINE
8
BLACK
6
CONTINUOUS
10
0.1836361023622047
20
-0.4105984645669291
11
0.1836436220472441
21
-0.4104926771653543
0
LINE
8
BLACK
6
CONTINUOUS
10
0.1836436220472441
20
-0.4104926771653543
11
0.1838505118110236
21
-0.4099520472440945
0
LINE
8
BLACK
6
CONTINUOUS
10
0.1838505118110236
20
-0.4099520472440945
11
0.1857252755905512
21
-0.4062025196850393
0
LINE
8
BLACK
6
CONTINUOUS
10
0.1857252755905512
20
-0.4062025196850393
11
0.185785905511811
21
-0.4061061417322834
0
LINE
8
BLACK
6
CONTINUOUS
10
0.185785905511811
20
-0.4061061417322834
11
0.185801062992126
21
-0.4060607480314961
0
LINE
8
BLACK
6
CONTINUOUS
10
0.185801062992126
20
-0.4060607480314961
11
0.1858500787401575
21
-0.4060041732283464
0
LINE
8
BLACK
6
CONTINUOUS
10
0.1858500787401575
20
-0.4060041732283464
11
0.1860336220472441
21
-0.4057126377952756
0
LINE
8
BLACK
6
CONTINUOUS
10
0.1860336220472441
20
-0.4057126377952756
11
0.1863133070866142
21
-0.4054700393700787
0
LINE
8
BLACK
6
CONTINUOUS
10
0.1863133070866142
20
-0.4054700393700787
11
0.186555905511811
21
-0.4051903543307087
0
LINE
8
BLACK
6
CONTINUOUS
10
0.186555905511811
20
-0.4051903543307087
11
0.1868474409448819
21
-0.405006811023622
0
LINE
8
BLACK
6
CONTINUOUS
10
0.1868474409448819
20
-0.405006811023622
11
0.1869040157480315
21
-0.4049577952755906
0
LINE
8
BLACK
6
CONTINUOUS
10
0.1869040157480315
20
-0.4049577952755906
11
0.1869494094488189
21
-0.4049426377952756
0
LINE
8
BLACK
6
CONTINUOUS
10
0.1869494094488189
20
-0.4049426377952756
11
0.1870457874015748
21
-0.4048820078740157
0
LINE
8
BLACK
6
CONTINUOUS
10
0.1870457874015748
20
-0.4048820078740157
11
0.1907953149606299
21
-0.4030072440944882
0
LINE
8
BLACK
6
CONTINUOUS
10
0.1907953149606299
20
-0.4030072440944882
11
0.191335905511811
21
-0.4028003543307087
0
LINE
8
BLACK
6
CONTINUOUS
10
0.191335905511811
20
-0.4028003543307087
11
0.1914417716535433
21
-0.4027927952755905
0
LINE
8
BLACK
6
CONTINUOUS
10
0.1914417716535433
20
-0.4027927952755905
11
0.1915397637795276
21
-0.4027522440944882
0
LINE
8
BLACK
6
CONTINUOUS
10
0.1915397637795276
20
-0.4027522440944882
11
0.1921158267716535
21
-0.4026955118110236
0
LINE
8
BLACK
6
CONTINUOUS
10
0.1921158267716535
20
-0.4026955118110236
11
0.2007925984251968
21
-0.4026955118110236
0
LINE
8
BLACK
6
CONTINUOUS
10
0.2007925984251968
20
-0.4026955118110236
11
0.2022864173228346
21
-0.4019485826771653
0
LINE
8
BLACK
6
CONTINUOUS
10
0.2022864173228346
20
-0.4019485826771653
11
0.2022864173228346
21
-0.4007210236220473
0
LINE
8
BLACK
6
CONTINUOUS
10
0.2022864173228346
20
-0.4007210236220473
11
0.2011635433070866
21
-0.3984752755905512
0
LINE
8
BLACK
6
CONTINUOUS
10
0.2011635433070866
20
-0.3984752755905512
11
0.1989178346456693
21
-0.3973524409448819
0
LINE
8
BLACK
6
CONTINUOUS
10
0.1989178346456693
20
-0.3973524409448819
11
0.192812874015748
21
-0.3973524409448819
0
LINE
8
BLACK
6
CONTINUOUS
10
0.192812874015748
20
-0.3973524409448819
11
0.189686811023622
21
-0.3989154724409449
0
LINE
8
BLACK
6
CONTINUOUS
10
0.189686811023622
20
-0.3989154724409449
11
0.1891461811023622
21
-0.3991223622047244
0
LINE
8
BLACK
6
CONTINUOUS
10
0.1891461811023622
20
-0.3991223622047244
11
0.187996968503937
21
-0.3992040157480315
0
LINE
8
BLACK
6
CONTINUOUS
10
0.187996968503937
20
-0.3992040157480315
11
0.1869040157480315
21
-0.3988396850393701
0
LINE
8
BLACK
6
CONTINUOUS
10
0.1869040157480315
20
-0.3988396850393701
11
0.1860336220472441
21
-0.398084842519685
0
LINE
8
BLACK
6
CONTINUOUS
10
0.1860336220472441
20
-0.398084842519685
11
0.1855183858267717
21
-0.3970543307086614
0
LINE
8
BLACK
6
CONTINUOUS
10
0.1855183858267717
20
-0.3970543307086614
11
0.1854367322834646
21
-0.3959051181102362
0
LINE
8
BLACK
6
CONTINUOUS
10
0.1854367322834646
20
-0.3959051181102362
11
0.185801062992126
21
-0.3948121653543307
0
LINE
8
BLACK
6
CONTINUOUS
10
0.185801062992126
20
-0.3948121653543307
11
0.186555905511811
21
-0.3939417716535433
0
LINE
8
BLACK
6
CONTINUOUS
10
0.186555905511811
20
-0.3939417716535433
11
0.1870457874015748
21
-0.3936334251968504
0
LINE
8
BLACK
6
CONTINUOUS
10
0.1870457874015748
20
-0.3936334251968504
11
0.1907953149606299
21
-0.3917586614173229
0
LINE
8
BLACK
6
CONTINUOUS
10
0.1907953149606299
20
-0.3917586614173229
11
0.191335905511811
21
-0.3915517716535433
0
LINE
8
BLACK
6
CONTINUOUS
10
0.191335905511811
20
-0.3915517716535433
11
0.1914417716535433
21
-0.3915442125984252
0
LINE
8
BLACK
6
CONTINUOUS
10
0.1914417716535433
20
-0.3915442125984252
11
0.1915397637795276
21
-0.3915036614173228
0
LINE
8
BLACK
6
CONTINUOUS
10
0.1915397637795276
20
-0.3915036614173228
11
0.1921158267716535
21
-0.3914469291338583
0
LINE
8
BLACK
6
CONTINUOUS
10
0.1921158267716535
20
-0.3914469291338583
11
0.1996148818897638
21
-0.3914469291338583
0
LINE
8
BLACK
6
CONTINUOUS
10
0.1996148818897638
20
-0.3914469291338583
11
0.2001909448818898
21
-0.3915036614173228
0
LINE
8
BLACK
6
CONTINUOUS
10
0.2022695275590551
20
-0.4084961811023622
11
0.2021637007874016
21
-0.4085036614173228
0
LINE
8
BLACK
6
CONTINUOUS
10
0.2021637007874016
20
-0.4085036614173228
11
0.2020657086614173
21
-0.4085442913385827
0
LINE
8
BLACK
6
CONTINUOUS
10
0.2020657086614173
20
-0.4085442913385827
11
0.2014896456692913
21
-0.4086010236220473
0
LINE
8
BLACK
6
CONTINUOUS
10
0.2014896456692913
20
-0.4086010236220473
11
0.192812874015748
21
-0.4086010236220473
0
LINE
8
BLACK
6
CONTINUOUS
10
0.192812874015748
20
-0.4086010236220473
11
0.190567125984252
21
-0.4097238582677165
0
LINE
8
BLACK
6
CONTINUOUS
10
0.190567125984252
20
-0.4097238582677165
11
0.1894442913385827
21
-0.4119696062992126
0
LINE
8
BLACK
6
CONTINUOUS
10
0.1894442913385827
20
-0.4119696062992126
11
0.1894442913385827
21
-0.4143250393700788
0
LINE
8
BLACK
6
CONTINUOUS
10
0.1894442913385827
20
-0.4143250393700788
11
0.190567125984252
21
-0.4165707874015748
0
LINE
8
BLACK
6
CONTINUOUS
10
0.190567125984252
20
-0.4165707874015748
11
0.192812874015748
21
-0.4176936614173228
0
LINE
8
BLACK
6
CONTINUOUS
10
0.192812874015748
20
-0.4176936614173228
11
0.2007925984251968
21
-0.4176936614173228
0
LINE
8
BLACK
6
CONTINUOUS
10
0.2007925984251968
20
-0.4176936614173228
11
0.2022864173228346
21
-0.4169467322834646
0
LINE
8
BLACK
6
CONTINUOUS
10
0.2022864173228346
20
-0.4169467322834646
11
0.2022864173228346
21
-0.4084896850393701
0
LINE
8
BLACK
6
CONTINUOUS
10
0.2022864173228346
20
-0.4084896850393701
11
0.2022695275590551
21
-0.4084961811023622
0
LINE
8
BLACK
6
CONTINUOUS
10
0.2256273228346457
20
-0.3788212204724409
11
0.226441968503937
21
-0.3796358661417323
0
LINE
8
BLACK
6
CONTINUOUS
10
0.226441968503937
20
-0.3796358661417323
11
0.226882874015748
21
-0.3807002755905512
0
LINE
8
BLACK
6
CONTINUOUS
10
0.226882874015748
20
-0.3807002755905512
11
0.2269396062992126
21
-0.3812763385826772
0
LINE
8
BLACK
6
CONTINUOUS
10
0.2269396062992126
20
-0.3812763385826772
11
0.2269396062992126
21
-0.4143250393700788
0
LINE
8
BLACK
6
CONTINUOUS
10
0.2269396062992126
20
-0.4143250393700788
11
0.2280624409448819
21
-0.4165707874015748
0
LINE
8
BLACK
6
CONTINUOUS
10
0.2280624409448819
20
-0.4165707874015748
11
0.2309316535433071
21
-0.4180053937007874
0
LINE
8
BLACK
6
CONTINUOUS
10
0.2309316535433071
20
-0.4180053937007874
11
0.2314215354330709
21
-0.4183137401574803
0
LINE
8
BLACK
6
CONTINUOUS
10
0.2314215354330709
20
-0.4183137401574803
11
0.2321763779527559
21
-0.4191841338582677
0
LINE
8
BLACK
6
CONTINUOUS
10
0.2321763779527559
20
-0.4191841338582677
11
0.2325407086614173
21
-0.4202770866141732
0
LINE
8
BLACK
6
CONTINUOUS
10
0.2325407086614173
20
-0.4202770866141732
11
0.2324590551181102
21
-0.4214262992125984
0
LINE
8
BLACK
6
CONTINUOUS
10
0.2324590551181102
20
-0.4214262992125984
11
0.231943779527559
21
-0.422456811023622
0
LINE
8
BLACK
6
CONTINUOUS
10
0.231943779527559
20
-0.422456811023622
11
0.2310734251968504
21
-0.4232116535433071
0
LINE
8
BLACK
6
CONTINUOUS
10
0.2310734251968504
20
-0.4232116535433071
11
0.2299804330708661
21
-0.4235759842519685
0
LINE
8
BLACK
6
CONTINUOUS
10
0.2299804330708661
20
-0.4235759842519685
11
0.2288312204724409
21
-0.4234943307086614
0
LINE
8
BLACK
6
CONTINUOUS
10
0.2288312204724409
20
-0.4234943307086614
11
0.2282906299212598
21
-0.4232874409448819
0
LINE
8
BLACK
6
CONTINUOUS
10
0.2282906299212598
20
-0.4232874409448819
11
0.2245411023622047
21
-0.4214126771653543
0
LINE
8
BLACK
6
CONTINUOUS
10
0.2245411023622047
20
-0.4214126771653543
11
0.2244447244094488
21
-0.4213520078740157
0
LINE
8
BLACK
6
CONTINUOUS
10
0.2244447244094488
20
-0.4213520078740157
11
0.2243993307086614
21
-0.4213368897637795
0
LINE
8
BLACK
6
CONTINUOUS
10
0.2243993307086614
20
-0.4213368897637795
11
0.2243427559055118
21
-0.4212878346456693
0
LINE
8
BLACK
6
CONTINUOUS
10
0.2243427559055118
20
-0.4212878346456693
11
0.2240512204724409
21
-0.4211043307086614
0
LINE
8
BLACK
6
CONTINUOUS
10
0.2240512204724409
20
-0.4211043307086614
11
0.2238085433070866
21
-0.4208244881889764
0
LINE
8
BLACK
6
CONTINUOUS
10
0.2238085433070866
20
-0.4208244881889764
11
0.223528937007874
21
-0.4205820078740157
0
LINE
8
BLACK
6
CONTINUOUS
10
0.223528937007874
20
-0.4205820078740157
11
0.2233454330708661
21
-0.4202905118110236
0
LINE
8
BLACK
6
CONTINUOUS
10
0.2233454330708661
20
-0.4202905118110236
11
0.2232963779527559
21
-0.420233937007874
0
LINE
8
BLACK
6
CONTINUOUS
10
0.2232963779527559
20
-0.420233937007874
11
0.2232812204724409
21
-0.4201884645669291
0
LINE
8
BLACK
6
CONTINUOUS
10
0.2232812204724409
20
-0.4201884645669291
11
0.2232205905511811
21
-0.4200921653543307
0
LINE
8
BLACK
6
CONTINUOUS
10
0.2232205905511811
20
-0.4200921653543307
11
0.2213458267716535
21
-0.4163425984251968
0
LINE
8
BLACK
6
CONTINUOUS
10
0.2213458267716535
20
-0.4163425984251968
11
0.221138937007874
21
-0.415801968503937
0
LINE
8
BLACK
6
CONTINUOUS
10
0.221138937007874
20
-0.415801968503937
11
0.2211314173228346
21
-0.4156961417322835
0
LINE
8
BLACK
6
CONTINUOUS
10
0.2211314173228346
20
-0.4156961417322835
11
0.2210908267716535
21
-0.4155981496062992
0
LINE
8
BLACK
6
CONTINUOUS
10
0.2210908267716535
20
-0.4155981496062992
11
0.221034094488189
21
-0.4150220866141732
0
LINE
8
BLACK
6
CONTINUOUS
10
0.221034094488189
20
-0.4150220866141732
11
0.221034094488189
21
-0.3812763385826772
0
LINE
8
BLACK
6
CONTINUOUS
10
0.221034094488189
20
-0.3812763385826772
11
0.2210908267716535
21
-0.3807002755905512
0
LINE
8
BLACK
6
CONTINUOUS
10
0.2210908267716535
20
-0.3807002755905512
11
0.2215317322834646
21
-0.3796358661417323
0
LINE
8
BLACK
6
CONTINUOUS
10
0.2215317322834646
20
-0.3796358661417323
11
0.2223463779527559
21
-0.3788212204724409
0
LINE
8
BLACK
6
CONTINUOUS
10
0.2223463779527559
20
-0.3788212204724409
11
0.2234107874015748
21
-0.3783803149606299
0
LINE
8
BLACK
6
CONTINUOUS
10
0.2234107874015748
20
-0.3783803149606299
11
0.2245629133858268
21
-0.3783803149606299
0
LINE
8
BLACK
6
CONTINUOUS
10
0.2245629133858268
20
-0.3783803149606299
11
0.2256273228346457
21
-0.3788212204724409
0
LINE
8
BLACK
6
CONTINUOUS
10
0.0314620472440945
20
-0.3783803149606299
11
0.0325264566929134
21
-0.3788212204724409
0
LINE
8
BLACK
6
CONTINUOUS
10
0.0325264566929134
20
-0.3788212204724409
11
0.0333411023622047
21
-0.3796358661417323
0
LINE
8
BLACK
6
CONTINUOUS
10
0.0333411023622047
20
-0.3796358661417323
11
0.0337820078740157
21
-0.3807002755905512
0
LINE
8
BLACK
6
CONTINUOUS
10
0.0337820078740157
20
-0.3807002755905512
11
0.0337820078740157
21
-0.3818524015748032
0
LINE
8
BLACK
6
CONTINUOUS
10
0.0337820078740157
20
-0.3818524015748032
11
0.0333411023622047
21
-0.382916811023622
0
LINE
8
BLACK
6
CONTINUOUS
10
0.0333411023622047
20
-0.382916811023622
11
0.0325264566929134
21
-0.3837314566929134
0
LINE
8
BLACK
6
CONTINUOUS
10
0.0325264566929134
20
-0.3837314566929134
11
0.0314620472440945
21
-0.3841723622047244
0
LINE
8
BLACK
6
CONTINUOUS
10
0.0314620472440945
20
-0.3841723622047244
11
0.0308859842519685
21
-0.384229094488189
0
LINE
8
BLACK
6
CONTINUOUS
10
0.0308859842519685
20
-0.384229094488189
11
0.0150911023622047
21
-0.384229094488189
0
LINE
8
BLACK
6
CONTINUOUS
10
0.0150911023622047
20
-0.384229094488189
11
0.0150911023622047
21
-0.3970712204724409
0
LINE
8
BLACK
6
CONTINUOUS
10
0.0150911023622047
20
-0.3970712204724409
11
0.0252616929133858
21
-0.3970712204724409
0
LINE
8
BLACK
6
CONTINUOUS
10
0.0252616929133858
20
-0.3970712204724409
11
0.0258377559055118
21
-0.3971279527559055
0
LINE
8
BLACK
6
CONTINUOUS
10
0.0258377559055118
20
-0.3971279527559055
11
0.0269021653543307
21
-0.3975688582677165
0
LINE
8
BLACK
6
CONTINUOUS
10
0.0269021653543307
20
-0.3975688582677165
11
0.027716811023622
21
-0.3983835039370079
0
LINE
8
BLACK
6
CONTINUOUS
10
0.027716811023622
20
-0.3983835039370079
11
0.0281577165354331
21
-0.3994479133858267
0
LINE
8
BLACK
6
CONTINUOUS
10
0.0281577165354331
20
-0.3994479133858267
11
0.0281577165354331
21
-0.4006000393700787
0
LINE
8
BLACK
6
CONTINUOUS
10
0.0281577165354331
20
-0.4006000393700787
11
0.027716811023622
21
-0.4016644488188976
0
LINE
8
BLACK
6
CONTINUOUS
10
0.027716811023622
20
-0.4016644488188976
11
0.0269021653543307
21
-0.402479094488189
0
LINE
8
BLACK
6
CONTINUOUS
10
0.0269021653543307
20
-0.402479094488189
11
0.0258377559055118
21
-0.40292
0
LINE
8
BLACK
6
CONTINUOUS
10
0.0258377559055118
20
-0.40292
11
0.0252616929133858
21
-0.4029767322834645
0
LINE
8
BLACK
6
CONTINUOUS
10
0.0252616929133858
20
-0.4029767322834645
11
0.0150911023622047
21
-0.4029767322834645
0
LINE
8
BLACK
6
CONTINUOUS
10
0.0150911023622047
20
-0.4029767322834645
11
0.0150911023622047
21
-0.4206464173228346
0
LINE
8
BLACK
6
CONTINUOUS
10
0.0150911023622047
20
-0.4206464173228346
11
0.0150343700787402
21
-0.4212224803149606
0
LINE
8
BLACK
6
CONTINUOUS
10
0.0150343700787402
20
-0.4212224803149606
11
0.0145934645669291
21
-0.4222868897637795
0
LINE
8
BLACK
6
CONTINUOUS
10
0.0145934645669291
20
-0.4222868897637795
11
0.0137788188976378
21
-0.4231015354330708
0
LINE
8
BLACK
6
CONTINUOUS
10
0.0137788188976378
20
-0.4231015354330708
11
0.0127144094488189
21
-0.4235424409448819
0
LINE
8
BLACK
6
CONTINUOUS
10
0.0127144094488189
20
-0.4235424409448819
11
0.0115622834645669
21
-0.4235424409448819
0
LINE
8
BLACK
6
CONTINUOUS
10
0.0115622834645669
20
-0.4235424409448819
11
0.010497874015748
21
-0.4231015354330708
0
LINE
8
BLACK
6
CONTINUOUS
10
0.010497874015748
20
-0.4231015354330708
11
0.0096832283464567
21
-0.4222868897637795
0
LINE
8
BLACK
6
CONTINUOUS
10
0.0096832283464567
20
-0.4222868897637795
11
0.0092423228346457
21
-0.4212224803149606
0
LINE
8
BLACK
6
CONTINUOUS
10
0.0092423228346457
20
-0.4212224803149606
11
0.0091855905511811
21
-0.4206464173228346
0
LINE
8
BLACK
6
CONTINUOUS
10
0.0091855905511811
20
-0.4206464173228346
11
0.0091855905511811
21
-0.3812763385826772
0
LINE
8
BLACK
6
CONTINUOUS
10
0.0091855905511811
20
-0.3812763385826772
11
0.0092423228346457
21
-0.3807002755905512
0
LINE
8
BLACK
6
CONTINUOUS
10
0.0092423228346457
20
-0.3807002755905512
11
0.0096832283464567
21
-0.3796358661417323
0
LINE
8
BLACK
6
CONTINUOUS
10
0.0096832283464567
20
-0.3796358661417323
11
0.010497874015748
21
-0.3788212204724409
0
LINE
8
BLACK
6
CONTINUOUS
10
0.010497874015748
20
-0.3788212204724409
11
0.0115622834645669
21
-0.3783803149606299
0
LINE
8
BLACK
6
CONTINUOUS
10
0.0115622834645669
20
-0.3783803149606299
11
0.0121383464566929
21
-0.3783235826771654
0
LINE
8
BLACK
6
CONTINUOUS
10
0.0121383464566929
20
-0.3783235826771654
11
0.0308859842519685
21
-0.3783235826771654
0
LINE
8
BLACK
6
CONTINUOUS
10
0.0308859842519685
20
-0.3783235826771654
11
0.0314620472440945
21
-0.3783803149606299
0
LINE
8
BLACK
6
CONTINUOUS
10
0.0475246062992126
20
-0.3919445669291339
11
0.0483392519685039
21
-0.3927592125984252
0
LINE
8
BLACK
6
CONTINUOUS
10
0.0483392519685039
20
-0.3927592125984252
11
0.048780157480315
21
-0.3938236220472441
0
LINE
8
BLACK
6
CONTINUOUS
10
0.048780157480315
20
-0.3938236220472441
11
0.0488368897637795
21
-0.3943996850393701
0
LINE
8
BLACK
6
CONTINUOUS
10
0.0488368897637795
20
-0.3943996850393701
11
0.0488368897637795
21
-0.4206464173228346
0
LINE
8
BLACK
6
CONTINUOUS
10
0.0488368897637795
20
-0.4206464173228346
11
0.048780157480315
21
-0.4212224803149606
0
LINE
8
BLACK
6
CONTINUOUS
10
0.048780157480315
20
-0.4212224803149606
11
0.0483392519685039
21
-0.4222868897637795
0
LINE
8
BLACK
6
CONTINUOUS
10
0.0483392519685039
20
-0.4222868897637795
11
0.0475246062992126
21
-0.4231015354330708
0
LINE
8
BLACK
6
CONTINUOUS
10
0.0475246062992126
20
-0.4231015354330708
11
0.0464601968503937
21
-0.4235424409448819
0
LINE
8
BLACK
6
CONTINUOUS
10
0.0464601968503937
20
-0.4235424409448819
11
0.0453080708661417
21
-0.4235424409448819
0
LINE
8
BLACK
6
CONTINUOUS
10
0.0453080708661417
20
-0.4235424409448819
11
0.0442436614173228
21
-0.4231015354330708
0
LINE
8
BLACK
6
CONTINUOUS
10
0.0442436614173228
20
-0.4231015354330708
11
0.0434290157480315
21
-0.4222868897637795
0
LINE
8
BLACK
6
CONTINUOUS
10
0.0434290157480315
20
-0.4222868897637795
11
0.0429881102362205
21
-0.4212224803149606
0
LINE
8
BLACK
6
CONTINUOUS
10
0.0429881102362205
20
-0.4212224803149606
11
0.0429313779527559
21
-0.4206464173228346
0
LINE
8
BLACK
6
CONTINUOUS
10
0.0429313779527559
20
-0.4206464173228346
11
0.0429313779527559
21
-0.3943996850393701
0
LINE
8
BLACK
6
CONTINUOUS
10
0.0429313779527559
20
-0.3943996850393701
11
0.0429881102362205
21
-0.3938236220472441
0
LINE
8
BLACK
6
CONTINUOUS
10
0.0429881102362205
20
-0.3938236220472441
11
0.0434290157480315
21
-0.3927592125984252
0
LINE
8
BLACK
6
CONTINUOUS
10
0.0434290157480315
20
-0.3927592125984252
11
0.0442436614173228
21
-0.3919445669291339
0
LINE
8
BLACK
6
CONTINUOUS
10
0.0442436614173228
20
-0.3919445669291339
11
0.0453080708661417
21
-0.3915036614173228
0
LINE
8
BLACK
6
CONTINUOUS
10
0.0453080708661417
20
-0.3915036614173228
11
0.0464601968503937
21
-0.3915036614173228
0
LINE
8
BLACK
6
CONTINUOUS
10
0.0464601968503937
20
-0.3915036614173228
11
0.0475246062992126
21
-0.3919445669291339
0
LINE
8
BLACK
6
CONTINUOUS
10
0.1712591338582677
20
-0.3919445669291339
11
0.1720737795275591
21
-0.3927592125984252
0
LINE
8
BLACK
6
CONTINUOUS
10
0.1720737795275591
20
-0.3927592125984252
11
0.1725146850393701
21
-0.3938236220472441
0
LINE
8
BLACK
6
CONTINUOUS
10
0.1725146850393701
20
-0.3938236220472441
11
0.1725714173228347
21
-0.3943996850393701
0
LINE
8
BLACK
6
CONTINUOUS
10
0.1725714173228347
20
-0.3943996850393701
11
0.1725714173228347
21
-0.4206464173228346
0
LINE
8
BLACK
6
CONTINUOUS
10
0.1725714173228347
20
-0.4206464173228346
11
0.1725146850393701
21
-0.4212224803149606
0
LINE
8
BLACK
6
CONTINUOUS
10
0.1725146850393701
20
-0.4212224803149606
11
0.1720737795275591
21
-0.4222868897637795
0
LINE
8
BLACK
6
CONTINUOUS
10
0.1720737795275591
20
-0.4222868897637795
11
0.1712591338582677
21
-0.4231015354330708
0
LINE
8
BLACK
6
CONTINUOUS
10
0.1712591338582677
20
-0.4231015354330708
11
0.1701947244094488
21
-0.4235424409448819
0
LINE
8
BLACK
6
CONTINUOUS
10
0.1701947244094488
20
-0.4235424409448819
11
0.1690425984251968
21
-0.4235424409448819
0
LINE
8
BLACK
6
CONTINUOUS
10
0.1690425984251968
20
-0.4235424409448819
11
0.167978188976378
21
-0.4231015354330708
0
LINE
8
BLACK
6
CONTINUOUS
10
0.167978188976378
20
-0.4231015354330708
11
0.1671635433070866
21
-0.4222868897637795
0
LINE
8
BLACK
6
CONTINUOUS
10
0.1671635433070866
20
-0.4222868897637795
11
0.1667226377952756
21
-0.4212224803149606
0
LINE
8
BLACK
6
CONTINUOUS
10
0.1667226377952756
20
-0.4212224803149606
11
0.166665905511811
21
-0.4206464173228346
0
LINE
8
BLACK
6
CONTINUOUS
10
0.166665905511811
20
-0.4206464173228346
11
0.166665905511811
21
-0.3943996850393701
0
LINE
8
BLACK
6
CONTINUOUS
10
0.166665905511811
20
-0.3943996850393701
11
0.1667226377952756
21
-0.3938236220472441
0
LINE
8
BLACK
6
CONTINUOUS
10
0.1667226377952756
20
-0.3938236220472441
11
0.1671635433070866
21
-0.3927592125984252
0
LINE
8
BLACK
6
CONTINUOUS
10
0.1671635433070866
20
-0.3927592125984252
11
0.167978188976378
21
-0.3919445669291339
0
LINE
8
BLACK
6
CONTINUOUS
10
0.167978188976378
20
-0.3919445669291339
11
0.1690425984251968
21
-0.3915036614173228
0
LINE
8
BLACK
6
CONTINUOUS
10
0.1690425984251968
20
-0.3915036614173228
11
0.1701947244094488
21
-0.3915036614173228
0
LINE
8
BLACK
6
CONTINUOUS
10
0.1701947244094488
20
-0.3915036614173228
11
0.1712591338582677
21
-0.3919445669291339
0
LINE
8
BLACK
6
CONTINUOUS
10
0.0475246062992126
20
-0.3788212204724409
11
0.0479720472440945
21
-0.3791884251968504
0
LINE
8
BLACK
6
CONTINUOUS
10
0.0479720472440945
20
-0.3791884251968504
11
0.049846811023622
21
-0.3810631889763779
0
LINE
8
BLACK
6
CONTINUOUS
10
0.049846811023622
20
-0.3810631889763779
11
0.0502140157480315
21
-0.3815106299212598
0
LINE
8
BLACK
6
CONTINUOUS
10
0.0502140157480315
20
-0.3815106299212598
11
0.0503555905511811
21
-0.3818524015748032
0
LINE
8
BLACK
6
CONTINUOUS
10
0.0503555905511811
20
-0.3818524015748032
11
0.0506549212598425
21
-0.3825750787401574
0
LINE
8
BLACK
6
CONTINUOUS
10
0.0506549212598425
20
-0.3825750787401574
11
0.0506549212598425
21
-0.3837271653543307
0
LINE
8
BLACK
6
CONTINUOUS
10
0.0506549212598425
20
-0.3837271653543307
11
0.0502140157480315
21
-0.3847915748031496
0
LINE
8
BLACK
6
CONTINUOUS
10
0.0502140157480315
20
-0.3847915748031496
11
0.049846811023622
21
-0.3852390157480315
0
LINE
8
BLACK
6
CONTINUOUS
10
0.049846811023622
20
-0.3852390157480315
11
0.0479720472440945
21
-0.387113779527559
0
LINE
8
BLACK
6
CONTINUOUS
10
0.0479720472440945
20
-0.387113779527559
11
0.0475246062992126
21
-0.3874809842519685
0
LINE
8
BLACK
6
CONTINUOUS
10
0.0475246062992126
20
-0.3874809842519685
11
0.0464601968503937
21
-0.3879218897637795
0
LINE
8
BLACK
6
CONTINUOUS
10
0.0464601968503937
20
-0.3879218897637795
11
0.046460157480315
21
-0.3879218897637795
0
LINE
8
BLACK
6
CONTINUOUS
10
0.046460157480315
20
-0.3879218897637795
11
0.0453081102362205
21
-0.3879218897637795
0
LINE
8
BLACK
6
CONTINUOUS
10
0.0453081102362205
20
-0.3879218897637795
11
0.0453080708661417
21
-0.3879218897637795
0
LINE
8
BLACK
6
CONTINUOUS
10
0.0453080708661417
20
-0.3879218897637795
11
0.0442436614173228
21
-0.3874809842519685
0
LINE
8
BLACK
6
CONTINUOUS
10
0.0442436614173228
20
-0.3874809842519685
11
0.0437962204724409
21
-0.387113779527559
0
LINE
8
BLACK
6
CONTINUOUS
10
0.0437962204724409
20
-0.387113779527559
11
0.0419214566929134
21
-0.3852390157480315
0
LINE
8
BLACK
6
CONTINUOUS
10
0.0419214566929134
20
-0.3852390157480315
11
0.0415542519685039
21
-0.3847915748031496
0
LINE
8
BLACK
6
CONTINUOUS
10
0.0415542519685039
20
-0.3847915748031496
11
0.0411133464566929
21
-0.383727125984252
0
LINE
8
BLACK
6
CONTINUOUS
10
0.0411133464566929
20
-0.383727125984252
11
0.0411133464566929
21
-0.3825750787401574
0
LINE
8
BLACK
6
CONTINUOUS
10
0.0411133464566929
20
-0.3825750787401574
11
0.0415542519685039
21
-0.3815106299212598
0
LINE
8
BLACK
6
CONTINUOUS
10
0.0415542519685039
20
-0.3815106299212598
11
0.0419214566929134
21
-0.3810631889763779
0
LINE
8
BLACK
6
CONTINUOUS
10
0.0419214566929134
20
-0.3810631889763779
11
0.0437962204724409
21
-0.3791884251968504
0
LINE
8
BLACK
6
CONTINUOUS
10
0.0437962204724409
20
-0.3791884251968504
11
0.0442436614173228
21
-0.3788212204724409
0
LINE
8
BLACK
6
CONTINUOUS
10
0.0442436614173228
20
-0.3788212204724409
11
0.0453080708661417
21
-0.3783803149606299
0
LINE
8
BLACK
6
CONTINUOUS
10
0.0453080708661417
20
-0.3783803149606299
11
0.046460157480315
21
-0.3783803149606299
0
LINE
8
BLACK
6
CONTINUOUS
10
0.046460157480315
20
-0.3783803149606299
11
0.0464601968503937
21
-0.3783803149606299
0
LINE
8
BLACK
6
CONTINUOUS
10
0.0464601968503937
20
-0.3783803149606299
11
0.0475246062992126
21
-0.3788212204724409
0
LINE
8
BLACK
6
CONTINUOUS
10
0.1712591338582677
20
-0.3788212204724409
11
0.1717065748031496
21
-0.3791884251968504
0
LINE
8
BLACK
6
CONTINUOUS
10
0.1717065748031496
20
-0.3791884251968504
11
0.1735813385826772
21
-0.3810631889763779
0
LINE
8
BLACK
6
CONTINUOUS
10
0.1735813385826772
20
-0.3810631889763779
11
0.1739485433070866
21
-0.3815106299212598
0
LINE
8
BLACK
6
CONTINUOUS
10
0.1739485433070866
20
-0.3815106299212598
11
0.1740901181102362
21
-0.3818524015748032
0
LINE
8
BLACK
6
CONTINUOUS
10
0.1740901181102362
20
-0.3818524015748032
11
0.1743894488188976
21
-0.3825750787401574
0
LINE
8
BLACK
6
CONTINUOUS
10
0.1743894488188976
20
-0.3825750787401574
11
0.1743894488188976
21
-0.3837271653543307
0
LINE
8
BLACK
6
CONTINUOUS
10
0.1743894488188976
20
-0.3837271653543307
11
0.1739485433070866
21
-0.3847915748031496
0
LINE
8
BLACK
6
CONTINUOUS
10
0.1739485433070866
20
-0.3847915748031496
11
0.1735813385826772
21
-0.3852390157480315
0
LINE
8
BLACK
6
CONTINUOUS
10
0.1735813385826772
20
-0.3852390157480315
11
0.1717065748031496
21
-0.387113779527559
0
LINE
8
BLACK
6
CONTINUOUS
10
0.1717065748031496
20
-0.387113779527559
11
0.1712591338582677
21
-0.3874809842519685
0
LINE
8
BLACK
6
CONTINUOUS
10
0.1712591338582677
20
-0.3874809842519685
11
0.1701947244094488
21
-0.3879218897637795
0
LINE
8
BLACK
6
CONTINUOUS
10
0.1701947244094488
20
-0.3879218897637795
11
0.1701946850393701
21
-0.3879218897637795
0
LINE
8
BLACK
6
CONTINUOUS
10
0.1701946850393701
20
-0.3879218897637795
11
0.1690426377952756
21
-0.3879218897637795
0
LINE
8
BLACK
6
CONTINUOUS
10
0.1690426377952756
20
-0.3879218897637795
11
0.1690425984251968
21
-0.3879218897637795
0
LINE
8
BLACK
6
CONTINUOUS
10
0.1690425984251968
20
-0.3879218897637795
11
0.167978188976378
21
-0.3874809842519685
0
LINE
8
BLACK
6
CONTINUOUS
10
0.167978188976378
20
-0.3874809842519685
11
0.1675307480314961
21
-0.387113779527559
0
LINE
8
BLACK
6
CONTINUOUS
10
0.1675307480314961
20
-0.387113779527559
11
0.1656559842519685
21
-0.3852390157480315
0
LINE
8
BLACK
6
CONTINUOUS
10
0.1656559842519685
20
-0.3852390157480315
11
0.165288779527559
21
-0.3847915748031496
0
LINE
8
BLACK
6
CONTINUOUS
10
0.165288779527559
20
-0.3847915748031496
11
0.164847874015748
21
-0.383727125984252
0
LINE
8
BLACK
6
CONTINUOUS
10
0.164847874015748
20
-0.383727125984252
11
0.164847874015748
21
-0.3825750787401574
0
LINE
8
BLACK
6
CONTINUOUS
10
0.164847874015748
20
-0.3825750787401574
11
0.165288779527559
21
-0.3815106299212598
0
LINE
8
BLACK
6
CONTINUOUS
10
0.165288779527559
20
-0.3815106299212598
11
0.1656559842519685
21
-0.3810631889763779
0
LINE
8
BLACK
6
CONTINUOUS
10
0.1656559842519685
20
-0.3810631889763779
11
0.1675307480314961
21
-0.3791884251968504
0
LINE
8
BLACK
6
CONTINUOUS
10
0.1675307480314961
20
-0.3791884251968504
11
0.167978188976378
21
-0.3788212204724409
0
LINE
8
BLACK
6
CONTINUOUS
10
0.167978188976378
20
-0.3788212204724409
11
0.1690425984251968
21
-0.3783803149606299
0
LINE
8
BLACK
6
CONTINUOUS
10
0.1690425984251968
20
-0.3783803149606299
11
0.1701946850393701
21
-0.3783803149606299
0
LINE
8
BLACK
6
CONTINUOUS
10
0.1701946850393701
20
-0.3783803149606299
11
0.1701947244094488
21
-0.3783803149606299
0
LINE
8
BLACK
6
CONTINUOUS
10
0.1701947244094488
20
-0.3783803149606299
11
0.1712591338582677
21
-0.3788212204724409
0
LINE
8
BLACK
6
CONTINUOUS
10
0.1218105511811024
20
-0.3142703149606299
11
0.1219981889763779
21
-0.3142939763779528
0
LINE
8
BLACK
6
CONTINUOUS
10
0.1219981889763779
20
-0.3142939763779528
11
0.1242479133858268
21
-0.3150438976377953
0
LINE
8
BLACK
6
CONTINUOUS
10
0.1242479133858268
20
-0.3150438976377953
11
0.1242992913385827
21
-0.3150731889763779
0
LINE
8
BLACK
6
CONTINUOUS
10
0.1242992913385827
20
-0.3150731889763779
11
0.1243263779527559
21
-0.3150731889763779
0
LINE
8
BLACK
6
CONTINUOUS
10
0.1243263779527559
20
-0.3150731889763779
11
0.1244837795275591
21
-0.3151783464566929
0
LINE
8
BLACK
6
CONTINUOUS
10
0.1244837795275591
20
-0.3151783464566929
11
0.1246482677165354
21
-0.315272125984252
0
LINE
8
BLACK
6
CONTINUOUS
10
0.1246482677165354
20
-0.315272125984252
11
0.1246603543307087
21
-0.3152963385826771
0
LINE
8
BLACK
6
CONTINUOUS
10
0.1246603543307087
20
-0.3152963385826771
11
0.1247095669291339
21
-0.3153292125984252
0
LINE
8
BLACK
6
CONTINUOUS
10
0.1247095669291339
20
-0.3153292125984252
11
0.1262093700787402
21
-0.3168289763779528
0
LINE
8
BLACK
6
CONTINUOUS
10
0.1262093700787402
20
-0.3168289763779528
11
0.1263144881889764
21
-0.3169863385826772
0
LINE
8
BLACK
6
CONTINUOUS
10
0.1263144881889764
20
-0.3169863385826772
11
0.1264306299212598
21
-0.3171359842519685
0
LINE
8
BLACK
6
CONTINUOUS
10
0.1264306299212598
20
-0.3171359842519685
11
0.1271805118110236
21
-0.3186357874015748
0
LINE
8
BLACK
6
CONTINUOUS
10
0.1271805118110236
20
-0.3186357874015748
11
0.1272146456692913
21
-0.3187605511811024
0
LINE
8
BLACK
6
CONTINUOUS
10
0.1272146456692913
20
-0.3187605511811024
11
0.1272699212598425
21
-0.3188775196850394
0
LINE
8
BLACK
6
CONTINUOUS
10
0.1272699212598425
20
-0.3188775196850394
11
0.128019842519685
21
-0.3218771653543307
0
LINE
8
BLACK
6
CONTINUOUS
10
0.128019842519685
20
-0.3218771653543307
11
0.1280268503937008
21
-0.3220216141732283
0
LINE
8
BLACK
6
CONTINUOUS
10
0.1280268503937008
20
-0.3220216141732283
11
0.1280551181102362
21
-0.3221636220472441
0
LINE
8
BLACK
6
CONTINUOUS
10
0.1280551181102362
20
-0.3221636220472441
11
0.1280551181102362
21
-0.3244133464566929
0
LINE
8
BLACK
6
CONTINUOUS
10
0.1280551181102362
20
-0.3244133464566929
11
0.1280268503937008
21
-0.3245553149606299
0
LINE
8
BLACK
6
CONTINUOUS
10
0.1280268503937008
20
-0.3245553149606299
11
0.128019842519685
21
-0.3246998031496063
0
LINE
8
BLACK
6
CONTINUOUS
10
0.128019842519685
20
-0.3246998031496063
11
0.1272699212598425
21
-0.3276994094488189
0
LINE
8
BLACK
6
CONTINUOUS
10
0.1272699212598425
20
-0.3276994094488189
11
0.1272146456692913
21
-0.3278163385826772
0
LINE
8
BLACK
6
CONTINUOUS
10
0.1272146456692913
20
-0.3278163385826772
11
0.1271805118110236
21
-0.3279411417322834
0
LINE
8
BLACK
6
CONTINUOUS
10
0.1271805118110236
20
-0.3279411417322834
11
0.1264306299212598
21
-0.3294409448818897
0
LINE
8
BLACK
6
CONTINUOUS
10
0.1264306299212598
20
-0.3294409448818897
11
0.1263143700787402
21
-0.3295906692913386
0
LINE
8
BLACK
6
CONTINUOUS
10
0.1263143700787402
20
-0.3295906692913386
11
0.1262093700787402
21
-0.3297479133858268
0
LINE
8
BLACK
6
CONTINUOUS
10
0.1262093700787402
20
-0.3297479133858268
11
0.1247095669291339
21
-0.3312477559055118
0
LINE
8
BLACK
6
CONTINUOUS
10
0.1247095669291339
20
-0.3312477559055118
11
0.1246603543307087
21
-0.3312805905511811
0
LINE
8
BLACK
6
CONTINUOUS
10
0.1246603543307087
20
-0.3312805905511811
11
0.1246482677165354
21
-0.331304842519685
0
LINE
8
BLACK
6
CONTINUOUS
10
0.1246482677165354
20
-0.331304842519685
11
0.1244836220472441
21
-0.3313987007874016
0
LINE
8
BLACK
6
CONTINUOUS
10
0.1244836220472441
20
-0.3313987007874016
11
0.1243263779527559
21
-0.3315037795275591
0
LINE
8
BLACK
6
CONTINUOUS
10
0.1243263779527559
20
-0.3315037795275591
11
0.1242993307086614
21
-0.3315037795275591
0
LINE
8
BLACK
6
CONTINUOUS
10
0.1242993307086614
20
-0.3315037795275591
11
0.1242479133858268
21
-0.3315331102362205
0
LINE
8
BLACK
6
CONTINUOUS
10
0.1242479133858268
20
-0.3315331102362205
11
0.1219981889763779
21
-0.3322829921259842
0
LINE
8
BLACK
6
CONTINUOUS
10
0.1219981889763779
20
-0.3322829921259842
11
0.1218102755905512
21
-0.3323066535433071
0
LINE
8
BLACK
6
CONTINUOUS
10
0.1218102755905512
20
-0.3323066535433071
11
0.1216246850393701
21
-0.3323435826771654
0
LINE
8
BLACK
6
CONTINUOUS
10
0.1216246850393701
20
-0.3323435826771654
11
0.117875157480315
21
-0.3323435826771654
0
LINE
8
BLACK
6
CONTINUOUS
10
0.117875157480315
20
-0.3323435826771654
11
0.1174231496062992
21
-0.3322536614173228
0
LINE
8
BLACK
6
CONTINUOUS
10
0.1174231496062992
20
-0.3322536614173228
11
0.1167839763779528
21
-0.3316144881889764
0
LINE
8
BLACK
6
CONTINUOUS
10
0.1167839763779528
20
-0.3316144881889764
11
0.1166940551181102
21
-0.3311624803149606
0
LINE
8
BLACK
6
CONTINUOUS
10
0.1166940551181102
20
-0.3311624803149606
11
0.1166940551181102
21
-0.3154144488188976
0
LINE
8
BLACK
6
CONTINUOUS
10
0.1166940551181102
20
-0.3154144488188976
11
0.1167839763779528
21
-0.3149624409448819
0
LINE
8
BLACK
6
CONTINUOUS
10
0.1167839763779528
20
-0.3149624409448819
11
0.1174231496062992
21
-0.3143232677165354
0
LINE
8
BLACK
6
CONTINUOUS
10
0.1174231496062992
20
-0.3143232677165354
11
0.117875157480315
21
-0.3142333464566929
0
LINE
8
BLACK
6
CONTINUOUS
10
0.117875157480315
20
-0.3142333464566929
11
0.1216246850393701
21
-0.3142333464566929
0
LINE
8
BLACK
6
CONTINUOUS
10
0.1216246850393701
20
-0.3142333464566929
11
0.1218105511811024
21
-0.3142703149606299
0
LINE
8
BLACK
6
CONTINUOUS
10
0.1190562598425197
20
-0.3299813779527559
11
0.1214329527559055
21
-0.3299813779527559
0
LINE
8
BLACK
6
CONTINUOUS
10
0.1214329527559055
20
-0.3299813779527559
11
0.1232364173228346
21
-0.3293802362204724
0
LINE
8
BLACK
6
CONTINUOUS
10
0.1232364173228346
20
-0.3293802362204724
11
0.1244035039370079
21
-0.3282130708661417
0
LINE
8
BLACK
6
CONTINUOUS
10
0.1244035039370079
20
-0.3282130708661417
11
0.1250097244094488
21
-0.3270006692913386
0
LINE
8
BLACK
6
CONTINUOUS
10
0.1250097244094488
20
-0.3270006692913386
11
0.1256929133858268
21
-0.3242679527559055
0
LINE
8
BLACK
6
CONTINUOUS
10
0.1256929133858268
20
-0.3242679527559055
11
0.1256929133858268
21
-0.3223089763779527
0
LINE
8
BLACK
6
CONTINUOUS
10
0.1256929133858268
20
-0.3223089763779527
11
0.1250096850393701
21
-0.3195762204724409
0
LINE
8
BLACK
6
CONTINUOUS
10
0.1250096850393701
20
-0.3195762204724409
11
0.1244035039370079
21
-0.3183638188976378
0
LINE
8
BLACK
6
CONTINUOUS
10
0.1244035039370079
20
-0.3183638188976378
11
0.1232363779527559
21
-0.3171966535433071
0
LINE
8
BLACK
6
CONTINUOUS
10
0.1232363779527559
20
-0.3171966535433071
11
0.1214330708661417
21
-0.3165955511811023
0
LINE
8
BLACK
6
CONTINUOUS
10
0.1214330708661417
20
-0.3165955511811023
11
0.1190562598425197
21
-0.3165955511811023
0
LINE
8
BLACK
6
CONTINUOUS
10
0.1190562598425197
20
-0.3165955511811023
11
0.1190562598425197
21
-0.3299813779527559
0
LINE
8
BLACK
6
CONTINUOUS
10
0.1377031496062992
20
-0.3143232677165354
11
0.1378247244094488
21
-0.3143232677165354
0
LINE
8
BLACK
6
CONTINUOUS
10
0.1378247244094488
20
-0.3143232677165354
11
0.138067874015748
21
-0.3145664173228346
0
LINE
8
BLACK
6
CONTINUOUS
10
0.138067874015748
20
-0.3145664173228346
11
0.138354094488189
21
-0.3147572440944882
0
LINE
8
BLACK
6
CONTINUOUS
10
0.138354094488189
20
-0.3147572440944882
11
0.1383779133858268
21
-0.3148764566929134
0
LINE
8
BLACK
6
CONTINUOUS
10
0.1383779133858268
20
-0.3148764566929134
11
0.1384638976377953
21
-0.3149624409448819
0
LINE
8
BLACK
6
CONTINUOUS
10
0.1384638976377953
20
-0.3149624409448819
11
0.1385538188976378
21
-0.3154144488188976
0
LINE
8
BLACK
6
CONTINUOUS
10
0.1385538188976378
20
-0.3154144488188976
11
0.1385538188976378
21
-0.3299813779527559
0
LINE
8
BLACK
6
CONTINUOUS
10
0.1385538188976378
20
-0.3299813779527559
11
0.141872125984252
21
-0.3299813779527559
0
LINE
8
BLACK
6
CONTINUOUS
10
0.141872125984252
20
-0.3299813779527559
11
0.1423241338582677
21
-0.3300712992125984
0
LINE
8
BLACK
6
CONTINUOUS
10
0.1423241338582677
20
-0.3300712992125984
11
0.1429633070866142
21
-0.3307104724409449
0
LINE
8
BLACK
6
CONTINUOUS
10
0.1429633070866142
20
-0.3307104724409449
11
0.1429633070866142
21
-0.3316144881889764
0
LINE
8
BLACK
6
CONTINUOUS
10
0.1429633070866142
20
-0.3316144881889764
11
0.1423241338582677
21
-0.3322536614173228
0
LINE
8
BLACK
6
CONTINUOUS
10
0.1423241338582677
20
-0.3322536614173228
11
0.141872125984252
21
-0.3323435826771654
0
LINE
8
BLACK
6
CONTINUOUS
10
0.141872125984252
20
-0.3323435826771654
11
0.1328732677165354
21
-0.3323435826771654
0
LINE
8
BLACK
6
CONTINUOUS
10
0.1328732677165354
20
-0.3323435826771654
11
0.1324212598425197
21
-0.3322536614173228
0
LINE
8
BLACK
6
CONTINUOUS
10
0.1324212598425197
20
-0.3322536614173228
11
0.1317820866141732
21
-0.3316144881889764
0
LINE
8
BLACK
6
CONTINUOUS
10
0.1317820866141732
20
-0.3316144881889764
11
0.1317820866141732
21
-0.3307104724409449
0
LINE
8
BLACK
6
CONTINUOUS
10
0.1317820866141732
20
-0.3307104724409449
11
0.1324212598425197
21
-0.3300712992125984
0
LINE
8
BLACK
6
CONTINUOUS
10
0.1324212598425197
20
-0.3300712992125984
11
0.1328732677165354
21
-0.3299813779527559
0
LINE
8
BLACK
6
CONTINUOUS
10
0.1328732677165354
20
-0.3299813779527559
11
0.1361916141732283
21
-0.3299813779527559
0
LINE
8
BLACK
6
CONTINUOUS
10
0.1361916141732283
20
-0.3299813779527559
11
0.1361916141732283
21
-0.3190157480314961
0
LINE
8
BLACK
6
CONTINUOUS
10
0.1361916141732283
20
-0.3190157480314961
11
0.1352082283464567
21
-0.3199991338582677
0
LINE
8
BLACK
6
CONTINUOUS
10
0.1352082283464567
20
-0.3199991338582677
11
0.1350510236220472
21
-0.3201041338582677
0
LINE
8
BLACK
6
CONTINUOUS
10
0.1350510236220472
20
-0.3201041338582677
11
0.1349012992125984
21
-0.3202203937007874
0
LINE
8
BLACK
6
CONTINUOUS
10
0.1349012992125984
20
-0.3202203937007874
11
0.1334014960629921
21
-0.3209703149606299
0
LINE
8
BLACK
6
CONTINUOUS
10
0.1334014960629921
20
-0.3209703149606299
11
0.132956968503937
21
-0.3210920078740158
0
LINE
8
BLACK
6
CONTINUOUS
10
0.132956968503937
20
-0.3210920078740158
11
0.1320994488188976
21
-0.3208061811023622
0
LINE
8
BLACK
6
CONTINUOUS
10
0.1320994488188976
20
-0.3208061811023622
11
0.131695157480315
21
-0.3199975984251968
0
LINE
8
BLACK
6
CONTINUOUS
10
0.131695157480315
20
-0.3199975984251968
11
0.1319809842519685
21
-0.3191400787401575
0
LINE
8
BLACK
6
CONTINUOUS
10
0.1319809842519685
20
-0.3191400787401575
11
0.1323450393700787
21
-0.3188574803149606
0
LINE
8
BLACK
6
CONTINUOUS
10
0.1323450393700787
20
-0.3188574803149606
11
0.1336734251968504
21
-0.3181932677165354
0
LINE
8
BLACK
6
CONTINUOUS
10
0.1336734251968504
20
-0.3181932677165354
11
0.1349550787401575
21
-0.3169115748031496
0
LINE
8
BLACK
6
CONTINUOUS
10
0.1349550787401575
20
-0.3169115748031496
11
0.13639
21
-0.3147592913385827
0
LINE
8
BLACK
6
CONTINUOUS
10
0.13639
20
-0.3147592913385827
11
0.1367155511811023
21
-0.3144330708661418
0
LINE
8
BLACK
6
CONTINUOUS
10
0.1367155511811023
20
-0.3144330708661418
11
0.1368347244094488
21
-0.3144092125984252
0
LINE
8
BLACK
6
CONTINUOUS
10
0.1368347244094488
20
-0.3144092125984252
11
0.1369207086614173
21
-0.3143232677165354
0
LINE
8
BLACK
6
CONTINUOUS
10
0.1369207086614173
20
-0.3143232677165354
11
0.1372645275590551
21
-0.3143232677165354
0
LINE
8
BLACK
6
CONTINUOUS
10
0.1372645275590551
20
-0.3143232677165354
11
0.1376019291338583
21
-0.3142557874015748
0
LINE
8
BLACK
6
CONTINUOUS
10
0.1376019291338583
20
-0.3142557874015748
11
0.1377031496062992
21
-0.3143232677165354
0
LINE
8
BLACK
6
CONTINUOUS
10
0.1048288582677165
20
-0.3143232677165354
11
0.105468031496063
21
-0.3149624409448819
0
LINE
8
BLACK
6
CONTINUOUS
10
0.105468031496063
20
-0.3149624409448819
11
0.105468031496063
21
-0.3158664566929134
0
LINE
8
BLACK
6
CONTINUOUS
10
0.105468031496063
20
-0.3158664566929134
11
0.1048288582677165
21
-0.3165056299212599
0
LINE
8
BLACK
6
CONTINUOUS
10
0.1048288582677165
20
-0.3165056299212599
11
0.1043768503937008
21
-0.3165955511811023
0
LINE
8
BLACK
6
CONTINUOUS
10
0.1043768503937008
20
-0.3165955511811023
11
0.0980588976377953
21
-0.3165955511811023
0
LINE
8
BLACK
6
CONTINUOUS
10
0.0980588976377953
20
-0.3165955511811023
11
0.0980588976377953
21
-0.3217324015748032
0
LINE
8
BLACK
6
CONTINUOUS
10
0.0980588976377953
20
-0.3217324015748032
11
0.102127125984252
21
-0.3217324015748032
0
LINE
8
BLACK
6
CONTINUOUS
10
0.102127125984252
20
-0.3217324015748032
11
0.1025791338582677
21
-0.3218223228346457
0
LINE
8
BLACK
6
CONTINUOUS
10
0.1025791338582677
20
-0.3218223228346457
11
0.1032183070866142
21
-0.3224614960629921
0
LINE
8
BLACK
6
CONTINUOUS
10
0.1032183070866142
20
-0.3224614960629921
11
0.1032183070866142
21
-0.3233655118110236
0
LINE
8
BLACK
6
CONTINUOUS
10
0.1032183070866142
20
-0.3233655118110236
11
0.1025791338582677
21
-0.3240046850393701
0
LINE
8
BLACK
6
CONTINUOUS
10
0.1025791338582677
20
-0.3240046850393701
11
0.102127125984252
21
-0.3240946062992126
0
LINE
8
BLACK
6
CONTINUOUS
10
0.102127125984252
20
-0.3240946062992126
11
0.0980588976377953
21
-0.3240946062992126
0
LINE
8
BLACK
6
CONTINUOUS
10
0.0980588976377953
20
-0.3240946062992126
11
0.0980588976377953
21
-0.3311624803149606
0
LINE
8
BLACK
6
CONTINUOUS
10
0.0980588976377953
20
-0.3311624803149606
11
0.0979689763779528
21
-0.3316144881889764
0
LINE
8
BLACK
6
CONTINUOUS
10
0.0979689763779528
20
-0.3316144881889764
11
0.0973298031496063
21
-0.3322536614173228
0
LINE
8
BLACK
6
CONTINUOUS
10
0.0973298031496063
20
-0.3322536614173228
11
0.0964257874015748
21
-0.3322536614173228
0
LINE
8
BLACK
6
CONTINUOUS
10
0.0964257874015748
20
-0.3322536614173228
11
0.0957866141732283
21
-0.3316144881889764
0
LINE
8
BLACK
6
CONTINUOUS
10
0.0957866141732283
20
-0.3316144881889764
11
0.0956966929133858
21
-0.3311624803149606
0
LINE
8
BLACK
6
CONTINUOUS
10
0.0956966929133858
20
-0.3311624803149606
11
0.0956966929133858
21
-0.3154144488188976
0
LINE
8
BLACK
6
CONTINUOUS
10
0.0956966929133858
20
-0.3154144488188976
11
0.0957866141732283
21
-0.3149624409448819
0
LINE
8
BLACK
6
CONTINUOUS
10
0.0957866141732283
20
-0.3149624409448819
11
0.0964257874015748
21
-0.3143232677165354
0
LINE
8
BLACK
6
CONTINUOUS
10
0.0964257874015748
20
-0.3143232677165354
11
0.0968777952755906
21
-0.3142333464566929
0
LINE
8
BLACK
6
CONTINUOUS
10
0.0968777952755906
20
-0.3142333464566929
11
0.1043768503937008
21
-0.3142333464566929
0
LINE
8
BLACK
6
CONTINUOUS
10
0.1043768503937008
20
-0.3142333464566929
11
0.1048288582677165
21
-0.3143232677165354
0
LINE
8
BLACK
6
CONTINUOUS
10
0.1114672834645669
20
-0.3149624409448819
11
0.1115572047244094
21
-0.3154144488188976
0
LINE
8
BLACK
6
CONTINUOUS
10
0.1115572047244094
20
-0.3154144488188976
11
0.1115572047244094
21
-0.3311624803149606
0
LINE
8
BLACK
6
CONTINUOUS
10
0.1115572047244094
20
-0.3311624803149606
11
0.1114672834645669
21
-0.3316144881889764
0
LINE
8
BLACK
6
CONTINUOUS
10
0.1114672834645669
20
-0.3316144881889764
11
0.1108281102362205
21
-0.3322536614173228
0
LINE
8
BLACK
6
CONTINUOUS
10
0.1108281102362205
20
-0.3322536614173228
11
0.109924094488189
21
-0.3322536614173228
0
LINE
8
BLACK
6
CONTINUOUS
10
0.109924094488189
20
-0.3322536614173228
11
0.1092849212598425
21
-0.3316144881889764
0
LINE
8
BLACK
6
CONTINUOUS
10
0.1092849212598425
20
-0.3316144881889764
11
0.109195
21
-0.3311624803149606
0
LINE
8
BLACK
6
CONTINUOUS
10
0.109195
20
-0.3311624803149606
11
0.109195
21
-0.3154144488188976
0
LINE
8
BLACK
6
CONTINUOUS
10
0.109195
20
-0.3154144488188976
11
0.1092849212598425
21
-0.3149624409448819
0
LINE
8
BLACK
6
CONTINUOUS
10
0.1092849212598425
20
-0.3149624409448819
11
0.109924094488189
21
-0.3143232677165354
0
LINE
8
BLACK
6
CONTINUOUS
10
0.109924094488189
20
-0.3143232677165354
11
0.1108281102362205
21
-0.3143232677165354
0
LINE
8
BLACK
6
CONTINUOUS
10
0.1108281102362205
20
-0.3143232677165354
11
0.1114672834645669
21
-0.3149624409448819
0
LINE
8
BLACK
6
CONTINUOUS
10
0.1309999606299213
20
-0.2844414566929134
11
0.1384868897637795
21
-0.2875426377952756
0
LINE
8
BLACK
6
CONTINUOUS
10
0.1384868897637795
20
-0.2875426377952756
11
0.1452249212598425
21
-0.292044842519685
0
LINE
8
BLACK
6
CONTINUOUS
10
0.1452249212598425
20
-0.292044842519685
11
0.150955157480315
21
-0.2977750787401575
0
LINE
8
BLACK
6
CONTINUOUS
10
0.150955157480315
20
-0.2977750787401575
11
0.1554573622047244
21
-0.3045131102362205
0
LINE
8
BLACK
6
CONTINUOUS
10
0.1554573622047244
20
-0.3045131102362205
11
0.1585585433070866
21
-0.3120000393700788
0
LINE
8
BLACK
6
CONTINUOUS
10
0.1585585433070866
20
-0.3120000393700788
11
0.1601395275590551
21
-0.3199481102362204
0
LINE
8
BLACK
6
CONTINUOUS
10
0.1601395275590551
20
-0.3199481102362204
11
0.1601395275590551
21
-0.3280518897637795
0
LINE
8
BLACK
6
CONTINUOUS
10
0.1601395275590551
20
-0.3280518897637795
11
0.1585585433070866
21
-0.3359999606299213
0
LINE
8
BLACK
6
CONTINUOUS
10
0.1585585433070866
20
-0.3359999606299213
11
0.1554573622047244
21
-0.3434868897637795
0
LINE
8
BLACK
6
CONTINUOUS
10
0.1554573622047244
20
-0.3434868897637795
11
0.150955157480315
21
-0.3502249212598425
0
LINE
8
BLACK
6
CONTINUOUS
10
0.150955157480315
20
-0.3502249212598425
11
0.1452249212598425
21
-0.355955157480315
0
LINE
8
BLACK
6
CONTINUOUS
10
0.1452249212598425
20
-0.355955157480315
11
0.1384868897637795
21
-0.3604573622047244
0
LINE
8
BLACK
6
CONTINUOUS
10
0.1384868897637795
20
-0.3604573622047244
11
0.1309999606299213
21
-0.3635585433070866
0
LINE
8
BLACK
6
CONTINUOUS
10
0.1309999606299213
20
-0.3635585433070866
11
0.1230518897637795
21
-0.3651395275590551
0
LINE
8
BLACK
6
CONTINUOUS
10
0.1230518897637795
20
-0.3651395275590551
11
0.1149481102362205
21
-0.3651395275590551
0
LINE
8
BLACK
6
CONTINUOUS
10
0.1149481102362205
20
-0.3651395275590551
11
0.1070000393700787
21
-0.3635585433070866
0
LINE
8
BLACK
6
CONTINUOUS
10
0.1070000393700787
20
-0.3635585433070866
11
0.0995131102362205
21
-0.3604573622047244
0
LINE
8
BLACK
6
CONTINUOUS
10
0.0995131102362205
20
-0.3604573622047244
11
0.0927750787401575
21
-0.355955157480315
0
LINE
8
BLACK
6
CONTINUOUS
10
0.0927750787401575
20
-0.355955157480315
11
0.087044842519685
21
-0.3502249212598425
0
LINE
8
BLACK
6
CONTINUOUS
10
0.087044842519685
20
-0.3502249212598425
11
0.0825426377952756
21
-0.3434868897637795
0
LINE
8
BLACK
6
CONTINUOUS
10
0.0825426377952756
20
-0.3434868897637795
11
0.0794414566929134
21
-0.3359999606299213
0
LINE
8
BLACK
6
CONTINUOUS
10
0.0794414566929134
20
-0.3359999606299213
11
0.0778604724409449
21
-0.3280518897637795
0
LINE
8
BLACK
6
CONTINUOUS
10
0.0778604724409449
20
-0.3280518897637795
11
0.0778604724409449
21
-0.3203162598425197
0
LINE
8
BLACK
6
CONTINUOUS
10
0.0778604724409449
20
-0.3203162598425197
11
0.0778604724409449
21
-0.3199481102362204
0
LINE
8
BLACK
6
CONTINUOUS
10
0.0778604724409449
20
-0.3199481102362204
11
0.0794414566929134
21
-0.3120000393700788
0
LINE
8
BLACK
6
CONTINUOUS
10
0.0794414566929134
20
-0.3120000393700788
11
0.0825426377952756
21
-0.3045131102362205
0
LINE
8
BLACK
6
CONTINUOUS
10
0.0825426377952756
20
-0.3045131102362205
11
0.087044842519685
21
-0.2977750787401575
0
LINE
8
BLACK
6
CONTINUOUS
10
0.087044842519685
20
-0.2977750787401575
11
0.0927750787401575
21
-0.292044842519685
0
LINE
8
BLACK
6
CONTINUOUS
10
0.0927750787401575
20
-0.292044842519685
11
0.0995131102362205
21
-0.2875426377952756
0
LINE
8
BLACK
6
CONTINUOUS
10
0.0995131102362205
20
-0.2875426377952756
11
0.1070000393700787
21
-0.2844414566929134
0
LINE
8
BLACK
6
CONTINUOUS
10
0.1070000393700787
20
-0.2844414566929134
11
0.1149481102362205
21
-0.2828604724409449
0
LINE
8
BLACK
6
CONTINUOUS
10
0.1149481102362205
20
-0.2828604724409449
11
0.1230518897637795
21
-0.2828604724409449
0
LINE
8
BLACK
6
CONTINUOUS
10
0.1230518897637795
20
-0.2828604724409449
11
0.1309999606299213
21
-0.2844414566929134
0
LINE
8
BLACK
6
CONTINUOUS
10
0.0815984251968504
20
-0.3276837401574803
11
0.0830357480314961
21
-0.3349096456692913
0
LINE
8
BLACK
6
CONTINUOUS
10
0.0830357480314961
20
-0.3349096456692913
11
0.085855157480315
21
-0.3417162992125984
0
LINE
8
BLACK
6
CONTINUOUS
10
0.085855157480315
20
-0.3417162992125984
11
0.0899483070866142
21
-0.347842125984252
0
LINE
8
BLACK
6
CONTINUOUS
10
0.0899483070866142
20
-0.347842125984252
11
0.095157874015748
21
-0.3530516929133858
0
LINE
8
BLACK
6
CONTINUOUS
10
0.095157874015748
20
-0.3530516929133858
11
0.1012837007874016
21
-0.357144842519685
0
LINE
8
BLACK
6
CONTINUOUS
10
0.1012837007874016
20
-0.357144842519685
11
0.1080903543307087
21
-0.359964251968504
0
LINE
8
BLACK
6
CONTINUOUS
10
0.1080903543307087
20
-0.359964251968504
11
0.1153162598425197
21
-0.3614015748031496
0
LINE
8
BLACK
6
CONTINUOUS
10
0.1153162598425197
20
-0.3614015748031496
11
0.1226837401574803
21
-0.3614015748031496
0
LINE
8
BLACK
6
CONTINUOUS
10
0.1226837401574803
20
-0.3614015748031496
11
0.1299096456692913
21
-0.359964251968504
0
LINE
8
BLACK
6
CONTINUOUS
10
0.1299096456692913
20
-0.359964251968504
11
0.1367162992125984
21
-0.357144842519685
0
LINE
8
BLACK
6
CONTINUOUS
10
0.1367162992125984
20
-0.357144842519685
11
0.142842125984252
21
-0.3530516929133858
0
LINE
8
BLACK
6
CONTINUOUS
10
0.142842125984252
20
-0.3530516929133858
11
0.1480516929133858
21
-0.347842125984252
0
LINE
8
BLACK
6
CONTINUOUS
10
0.1480516929133858
20
-0.347842125984252
11
0.152144842519685
21
-0.3417162992125984
0
LINE
8
BLACK
6
CONTINUOUS
10
0.152144842519685
20
-0.3417162992125984
11
0.1549642519685039
21
-0.3349096456692913
0
LINE
8
BLACK
6
CONTINUOUS
10
0.1549642519685039
20
-0.3349096456692913
11
0.1564015748031496
21
-0.3276837401574803
0
LINE
8
BLACK
6
CONTINUOUS
10
0.1564015748031496
20
-0.3276837401574803
11
0.1564015748031496
21
-0.3203162598425197
0
LINE
8
BLACK
6
CONTINUOUS
10
0.1564015748031496
20
-0.3203162598425197
11
0.1549642519685039
21
-0.3130903543307086
0
LINE
8
BLACK
6
CONTINUOUS
10
0.1549642519685039
20
-0.3130903543307086
11
0.152144842519685
21
-0.3062837007874016
0
LINE
8
BLACK
6
CONTINUOUS
10
0.152144842519685
20
-0.3062837007874016
11
0.1480516929133858
21
-0.300157874015748
0
LINE
8
BLACK
6
CONTINUOUS
10
0.1480516929133858
20
-0.300157874015748
11
0.142842125984252
21
-0.2949483070866142
0
LINE
8
BLACK
6
CONTINUOUS
10
0.142842125984252
20
-0.2949483070866142
11
0.1367162992125984
21
-0.2908551574803149
0
LINE
8
BLACK
6
CONTINUOUS
10
0.1367162992125984
20
-0.2908551574803149
11
0.1299096456692913
21
-0.2880357480314961
0
LINE
8
BLACK
6
CONTINUOUS
10
0.1299096456692913
20
-0.2880357480314961
11
0.1226837401574803
21
-0.2865984251968504
0
LINE
8
BLACK
6
CONTINUOUS
10
0.1226837401574803
20
-0.2865984251968504
11
0.1153162598425197
21
-0.2865984251968504
0
LINE
8
BLACK
6
CONTINUOUS
10
0.1153162598425197
20
-0.2865984251968504
11
0.1080903543307087
21
-0.2880357480314961
0
LINE
8
BLACK
6
CONTINUOUS
10
0.1080903543307087
20
-0.2880357480314961
11
0.1012837007874016
21
-0.2908551574803149
0
LINE
8
BLACK
6
CONTINUOUS
10
0.1012837007874016
20
-0.2908551574803149
11
0.095157874015748
21
-0.2949483070866142
0
LINE
8
BLACK
6
CONTINUOUS
10
0.095157874015748
20
-0.2949483070866142
11
0.0899483070866142
21
-0.300157874015748
0
LINE
8
BLACK
6
CONTINUOUS
10
0.0899483070866142
20
-0.300157874015748
11
0.085855157480315
21
-0.3062837007874016
0
LINE
8
BLACK
6
CONTINUOUS
10
0.085855157480315
20
-0.3062837007874016
11
0.0830357480314961
21
-0.3130903543307086
0
LINE
8
BLACK
6
CONTINUOUS
10
0.0830357480314961
20
-0.3130903543307086
11
0.0815984251968504
21
-0.3203162598425197
0
LINE
8
BLACK
6
CONTINUOUS
10
0.0815984251968504
20
-0.3203162598425197
11
0.0815984251968504
21
-0.3276837401574803
0
LINE
8
BLACK
6
CONTINUOUS
10
0.421038779527559
20
0.5238253937007874
11
0.4347705511811024
21
0.520691220472441
0
LINE
8
BLACK
6
CONTINUOUS
10
0.4347705511811024
20
0.520691220472441
11
0.4480650393700787
21
0.516039251968504
0
LINE
8
BLACK
6
CONTINUOUS
10
0.4480650393700787
20
0.516039251968504
11
0.4607550787401575
21
0.5099280708661417
0
LINE
8
BLACK
6
CONTINUOUS
10
0.4607550787401575
20
0.5099280708661417
11
0.4726811023622047
21
0.5024344488188976
0
LINE
8
BLACK
6
CONTINUOUS
10
0.4726811023622047
20
0.5024344488188976
11
0.4836931496062992
21
0.4936526377952756
0
LINE
8
BLACK
6
CONTINUOUS
10
0.4836931496062992
20
0.4936526377952756
11
0.4936526377952756
21
0.4836931496062992
0
LINE
8
BLACK
6
CONTINUOUS
10
0.4936526377952756
20
0.4836931496062992
11
0.5024344488188976
21
0.4726811023622047
0
LINE
8
BLACK
6
CONTINUOUS
10
0.5024344488188976
20
0.4726811023622047
11
0.5099280708661417
21
0.4607550787401575
0
LINE
8
BLACK
6
CONTINUOUS
10
0.5099280708661417
20
0.4607550787401575
11
0.516039251968504
21
0.4480650393700787
0
LINE
8
BLACK
6
CONTINUOUS
10
0.516039251968504
20
0.4480650393700787
11
0.520691220472441
21
0.4347705511811024
0
LINE
8
BLACK
6
CONTINUOUS
10
0.520691220472441
20
0.4347705511811024
11
0.5238253937007874
21
0.421038779527559
0
LINE
8
BLACK
6
CONTINUOUS
10
0.5238253937007874
20
0.421038779527559
11
0.5254024015748031
21
0.4070424409448819
0
LINE
8
BLACK
6
CONTINUOUS
10
0.5254024015748031
20
0.4070424409448819
11
0.5254024015748031
21
0.3929575590551181
0
LINE
8
BLACK
6
CONTINUOUS
10
0.5254024015748031
20
0.3929575590551181
11
0.5238253937007874
21
0.378961220472441
0
LINE
8
BLACK
6
CONTINUOUS
10
0.5238253937007874
20
0.378961220472441
11
0.520691220472441
21
0.3652294488188976
0
LINE
8
BLACK
6
CONTINUOUS
10
0.520691220472441
20
0.3652294488188976
11
0.516039251968504
21
0.3519349606299212
0
LINE
8
BLACK
6
CONTINUOUS
10
0.516039251968504
20
0.3519349606299212
11
0.5099280708661417
21
0.3392449212598425
0
LINE
8
BLACK
6
CONTINUOUS
10
0.5099280708661417
20
0.3392449212598425
11
0.5024344488188976
21
0.3273188976377953
0
LINE
8
BLACK
6
CONTINUOUS
10
0.5024344488188976
20
0.3273188976377953
11
0.4936526377952756
21
0.3163068503937008
0
LINE
8
BLACK
6
CONTINUOUS
10
0.4936526377952756
20
0.3163068503937008
11
0.4836931496062992
21
0.3063473622047244
0
LINE
8
BLACK
6
CONTINUOUS
10
0.4836931496062992
20
0.3063473622047244
11
0.4726811023622047
21
0.2975655511811023
0
LINE
8
BLACK
6
CONTINUOUS
10
0.4726811023622047
20
0.2975655511811023
11
0.4607550787401575
21
0.2900719291338583
0
LINE
8
BLACK
6
CONTINUOUS
10
0.4607550787401575
20
0.2900719291338583
11
0.4480650393700787
21
0.2839607480314961
0
LINE
8
BLACK
6
CONTINUOUS
10
0.4480650393700787
20
0.2839607480314961
11
0.4347705511811024
21
0.2793087795275591
0
LINE
8
BLACK
6
CONTINUOUS
10
0.4347705511811024
20
0.2793087795275591
11
0.421038779527559
21
0.2761746062992126
0
LINE
8
BLACK
6
CONTINUOUS
10
0.421038779527559
20
0.2761746062992126
11
0.4070424409448819
21
0.2745975984251968
0
LINE
8
BLACK
6
CONTINUOUS
10
0.4070424409448819
20
0.2745975984251968
11
0.3929575590551181
21
0.2745975984251968
0
LINE
8
BLACK
6
CONTINUOUS
10
0.3929575590551181
20
0.2745975984251968
11
0.378961220472441
21
0.2761746062992126
0
LINE
8
BLACK
6
CONTINUOUS
10
0.378961220472441
20
0.2761746062992126
11
0.3652294488188976
21
0.2793087795275591
0
LINE
8
BLACK
6
CONTINUOUS
10
0.3652294488188976
20
0.2793087795275591
11
0.3519349606299212
21
0.2839607480314961
0
LINE
8
BLACK
6
CONTINUOUS
10
0.3519349606299212
20
0.2839607480314961
11
0.3392449212598425
21
0.2900719291338583
0
LINE
8
BLACK
6
CONTINUOUS
10
0.3392449212598425
20
0.2900719291338583
11
0.3273188976377953
21
0.2975655511811023
0
LINE
8
BLACK
6
CONTINUOUS
10
0.3273188976377953
20
0.2975655511811023
11
0.3163068503937008
21
0.3063473622047244
0
LINE
8
BLACK
6
CONTINUOUS
10
0.3163068503937008
20
0.3063473622047244
11
0.3063473622047244
21
0.3163068503937008
0
LINE
8
BLACK
6
CONTINUOUS
10
0.3063473622047244
20
0.3163068503937008
11
0.2975655511811023
21
0.3273188976377953
0
LINE
8
BLACK
6
CONTINUOUS
10
0.2975655511811023
20
0.3273188976377953
11
0.2900719291338583
21
0.3392449212598425
0
LINE
8
BLACK
6
CONTINUOUS
10
0.2900719291338583
20
0.3392449212598425
11
0.2839607480314961
21
0.3519349606299212
0
LINE
8
BLACK
6
CONTINUOUS
10
0.2839607480314961
20
0.3519349606299212
11
0.2793087795275591
21
0.3652294488188976
0
LINE
8
BLACK
6
CONTINUOUS
10
0.2793087795275591
20
0.3652294488188976
11
0.2761746062992126
21
0.378961220472441
0
LINE
8
BLACK
6
CONTINUOUS
10
0.2761746062992126
20
0.378961220472441
11
0.2745975984251968
21
0.3929575590551181
0
LINE
8
BLACK
6
CONTINUOUS
10
0.2745975984251968
20
0.3929575590551181
11
0.2745975984251968
21
0.4062111811023622
0
LINE
8
BLACK
6
CONTINUOUS
10
0.2745975984251968
20
0.4062111811023622
11
0.2745975984251968
21
0.4070424409448819
0
LINE
8
BLACK
6
CONTINUOUS
10
0.2745975984251968
20
0.4070424409448819
11
0.2761746062992126
21
0.421038779527559
0
LINE
8
BLACK
6
CONTINUOUS
10
0.2761746062992126
20
0.421038779527559
11
0.2793087795275591
21
0.4347705511811024
0
LINE
8
BLACK
6
CONTINUOUS
10
0.2793087795275591
20
0.4347705511811024
11
0.2839607480314961
21
0.4480650393700787
0
LINE
8
BLACK
6
CONTINUOUS
10
0.2839607480314961
20
0.4480650393700787
11
0.2900719291338583
21
0.4607550787401575
0
LINE
8
BLACK
6
CONTINUOUS
10
0.2900719291338583
20
0.4607550787401575
11
0.2975655511811023
21
0.4726811023622047
0
LINE
8
BLACK
6
CONTINUOUS
10
0.2975655511811023
20
0.4726811023622047
11
0.3063473622047244
21
0.4836931496062992
0
LINE
8
BLACK
6
CONTINUOUS
10
0.3063473622047244
20
0.4836931496062992
11
0.3163068503937008
21
0.4936526377952756
0
LINE
8
BLACK
6
CONTINUOUS
10
0.3163068503937008
20
0.4936526377952756
11
0.3273188976377953
21
0.5024344488188976
0
LINE
8
BLACK
6
CONTINUOUS
10
0.3273188976377953
20
0.5024344488188976
11
0.3392449212598425
21
0.5099280708661417
0
LINE
8
BLACK
6
CONTINUOUS
10
0.3392449212598425
20
0.5099280708661417
11
0.3519349606299212
21
0.516039251968504
0
LINE
8
BLACK
6
CONTINUOUS
10
0.3519349606299212
20
0.516039251968504
11
0.3652294488188976
21
0.520691220472441
0
LINE
8
BLACK
6
CONTINUOUS
10
0.3652294488188976
20
0.520691220472441
11
0.378961220472441
21
0.5238253937007874
0
LINE
8
BLACK
6
CONTINUOUS
10
0.378961220472441
20
0.5238253937007874
11
0.3929575590551181
21
0.5254024015748031
0
LINE
8
BLACK
6
CONTINUOUS
10
0.3929575590551181
20
0.5254024015748031
11
0.4070424409448819
21
0.5254024015748031
0
LINE
8
BLACK
6
CONTINUOUS
10
0.4070424409448819
20
0.5254024015748031
11
0.421038779527559
21
0.5238253937007874
0
LINE
8
BLACK
6
CONTINUOUS
10
0.2894
20
0.3937888188976378
11
0.2907908661417323
21
0.3814446062992126
0
LINE
8
BLACK
6
CONTINUOUS
10
0.2907908661417323
20
0.3814446062992126
11
0.2935551181102362
21
0.3693337401574803
0
LINE
8
BLACK
6
CONTINUOUS
10
0.2935551181102362
20
0.3693337401574803
11
0.2976579527559055
21
0.3576085433070866
0
LINE
8
BLACK
6
CONTINUOUS
10
0.2976579527559055
20
0.3576085433070866
11
0.3030477952755906
21
0.3464164173228346
0
LINE
8
BLACK
6
CONTINUOUS
10
0.3030477952755906
20
0.3464164173228346
11
0.3096568503937008
21
0.3358981102362205
0
LINE
8
BLACK
6
CONTINUOUS
10
0.3096568503937008
20
0.3358981102362205
11
0.3174020472440945
21
0.3261859448818897
0
LINE
8
BLACK
6
CONTINUOUS
10
0.3174020472440945
20
0.3261859448818897
11
0.3261859448818897
21
0.3174020472440945
0
LINE
8
BLACK
6
CONTINUOUS
10
0.3261859448818897
20
0.3174020472440945
11
0.3358981102362205
21
0.3096568503937008
0
LINE
8
BLACK
6
CONTINUOUS
10
0.3358981102362205
20
0.3096568503937008
11
0.3464164173228346
21
0.3030477952755906
0
LINE
8
BLACK
6
CONTINUOUS
10
0.3464164173228346
20
0.3030477952755906
11
0.3576085433070866
21
0.2976579527559055
0
LINE
8
BLACK
6
CONTINUOUS
10
0.3576085433070866
20
0.2976579527559055
11
0.3693337401574803
21
0.2935551181102362
0
LINE
8
BLACK
6
CONTINUOUS
10
0.3693337401574803
20
0.2935551181102362
11
0.3814446062992126
21
0.2907908661417323
0
LINE
8
BLACK
6
CONTINUOUS
10
0.3814446062992126
20
0.2907908661417323
11
0.3937888188976378
21
0.2894
0
LINE
8
BLACK
6
CONTINUOUS
10
0.3937888188976378
20
0.2894
11
0.4062111811023622
21
0.2894
0
LINE
8
BLACK
6
CONTINUOUS
10
0.4062111811023622
20
0.2894
11
0.4185553937007874
21
0.2907908661417323
0
LINE
8
BLACK
6
CONTINUOUS
10
0.4185553937007874
20
0.2907908661417323
11
0.4306662598425197
21
0.2935551181102362
0
LINE
8
BLACK
6
CONTINUOUS
10
0.4306662598425197
20
0.2935551181102362
11
0.4423914566929134
21
0.2976579527559055
0
LINE
8
BLACK
6
CONTINUOUS
10
0.4423914566929134
20
0.2976579527559055
11
0.4535835826771654
21
0.3030477952755906
0
LINE
8
BLACK
6
CONTINUOUS
10
0.4535835826771654
20
0.3030477952755906
11
0.4641018897637795
21
0.3096568503937008
0
LINE
8
BLACK
6
CONTINUOUS
10
0.4641018897637795
20
0.3096568503937008
11
0.4738140551181102
21
0.3174020472440945
0
LINE
8
BLACK
6
CONTINUOUS
10
0.4738140551181102
20
0.3174020472440945
11
0.4825979527559055
21
0.3261859448818897
0
LINE
8
BLACK
6
CONTINUOUS
10
0.4825979527559055
20
0.3261859448818897
11
0.4903431496062992
21
0.3358981102362205
0
LINE
8
BLACK
6
CONTINUOUS
10
0.4903431496062992
20
0.3358981102362205
11
0.4969522047244094
21
0.3464164173228346
0
LINE
8
BLACK
6
CONTINUOUS
10
0.4969522047244094
20
0.3464164173228346
11
0.5023420472440945
21
0.3576085433070866
0
LINE
8
BLACK
6
CONTINUOUS
10
0.5023420472440945
20
0.3576085433070866
11
0.5064448818897638
21
0.3693337401574803
0
LINE
8
BLACK
6
CONTINUOUS
10
0.5064448818897638
20
0.3693337401574803
11
0.5092091338582677
21
0.3814446062992126
0
LINE
8
BLACK
6
CONTINUOUS
10
0.5092091338582677
20
0.3814446062992126
11
0.5105999999999999
21
0.3937888188976378
0
LINE
8
BLACK
6
CONTINUOUS
10
0.5105999999999999
20
0.3937888188976378
11
0.5105999999999999
21
0.4062111811023622
0
LINE
8
BLACK
6
CONTINUOUS
10
0.5105999999999999
20
0.4062111811023622
11
0.5092091338582677
21
0.4185553937007874
0
LINE
8
BLACK
6
CONTINUOUS
10
0.5092091338582677
20
0.4185553937007874
11
0.5064448818897638
21
0.4306662598425197
0
LINE
8
BLACK
6
CONTINUOUS
10
0.5064448818897638
20
0.4306662598425197
11
0.5023420472440945
21
0.4423914566929134
0
LINE
8
BLACK
6
CONTINUOUS
10
0.5023420472440945
20
0.4423914566929134
11
0.4969522047244094
21
0.4535835826771654
0
LINE
8
BLACK
6
CONTINUOUS
10
0.4969522047244094
20
0.4535835826771654
11
0.4903431496062992
21
0.4641018897637795
0
LINE
8
BLACK
6
CONTINUOUS
10
0.4903431496062992
20
0.4641018897637795
11
0.4825979527559055
21
0.4738140551181102
0
LINE
8
BLACK
6
CONTINUOUS
10
0.4825979527559055
20
0.4738140551181102
11
0.4738140551181102
21
0.4825979527559055
0
LINE
8
BLACK
6
CONTINUOUS
10
0.4738140551181102
20
0.4825979527559055
11
0.4641018897637795
21
0.4903431496062992
0
LINE
8
BLACK
6
CONTINUOUS
10
0.4641018897637795
20
0.4903431496062992
11
0.4535835826771654
21
0.4969522047244094
0
LINE
8
BLACK
6
CONTINUOUS
10
0.4535835826771654
20
0.4969522047244094
11
0.4423914566929134
21
0.5023420472440945
0
LINE
8
BLACK
6
CONTINUOUS
10
0.4423914566929134
20
0.5023420472440945
11
0.4306662598425197
21
0.5064448818897638
0
LINE
8
BLACK
6
CONTINUOUS
10
0.4306662598425197
20
0.5064448818897638
11
0.4185553937007874
21
0.5092091338582677
0
LINE
8
BLACK
6
CONTINUOUS
10
0.4185553937007874
20
0.5092091338582677
11
0.4062111811023622
21
0.5105999999999999
0
LINE
8
BLACK
6
CONTINUOUS
10
0.4062111811023622
20
0.5105999999999999
11
0.3937888188976378
21
0.5105999999999999
0
LINE
8
BLACK
6
CONTINUOUS
10
0.3937888188976378
20
0.5105999999999999
11
0.3814446062992126
21
0.5092091338582677
0
LINE
8
BLACK
6
CONTINUOUS
10
0.3814446062992126
20
0.5092091338582677
11
0.3693337401574803
21
0.5064448818897638
0
LINE
8
BLACK
6
CONTINUOUS
10
0.3693337401574803
20
0.5064448818897638
11
0.3576085433070866
21
0.5023420472440945
0
LINE
8
BLACK
6
CONTINUOUS
10
0.3576085433070866
20
0.5023420472440945
11
0.3464164173228346
21
0.4969522047244094
0
LINE
8
BLACK
6
CONTINUOUS
10
0.3464164173228346
20
0.4969522047244094
11
0.3358981102362205
21
0.4903431496062992
0
LINE
8
BLACK
6
CONTINUOUS
10
0.3358981102362205
20
0.4903431496062992
11
0.3261859448818897
21
0.4825979527559055
0
LINE
8
BLACK
6
CONTINUOUS
10
0.3261859448818897
20
0.4825979527559055
11
0.3174020472440945
21
0.4738140551181102
0
LINE
8
BLACK
6
CONTINUOUS
10
0.3174020472440945
20
0.4738140551181102
11
0.3096568503937008
21
0.4641018897637795
0
LINE
8
BLACK
6
CONTINUOUS
10
0.3096568503937008
20
0.4641018897637795
11
0.3030477952755906
21
0.4535835826771654
0
LINE
8
BLACK
6
CONTINUOUS
10
0.3030477952755906
20
0.4535835826771654
11
0.2976579527559055
21
0.4423914566929134
0
LINE
8
BLACK
6
CONTINUOUS
10
0.2976579527559055
20
0.4423914566929134
11
0.2935551181102362
21
0.4306662598425197
0
LINE
8
BLACK
6
CONTINUOUS
10
0.2935551181102362
20
0.4306662598425197
11
0.2907908661417323
21
0.4185553937007874
0
LINE
8
BLACK
6
CONTINUOUS
10
0.2907908661417323
20
0.4185553937007874
11
0.2894
21
0.4062111811023622
0
LINE
8
BLACK
6
CONTINUOUS
10
0.2894
20
0.4062111811023622
11
0.2894
21
0.3937888188976378
0
LINE
8
BLACK
6
CONTINUOUS
10
2.8210387795275591
20
0.5238253937007874
11
2.8347705511811023
21
0.520691220472441
0
LINE
8
BLACK
6
CONTINUOUS
10
2.8347705511811023
20
0.520691220472441
11
2.8480650393700788
21
0.516039251968504
0
LINE
8
BLACK
6
CONTINUOUS
10
2.8480650393700788
20
0.516039251968504
11
2.8607550787401572
21
0.5099280708661417
0
LINE
8
BLACK
6
CONTINUOUS
10
2.8607550787401572
20
0.5099280708661417
11
2.8726811023622045
21
0.5024344488188976
0
LINE
8
BLACK
6
CONTINUOUS
10
2.8726811023622045
20
0.5024344488188976
11
2.883693149606299
21
0.4936526377952756
0
LINE
8
BLACK
6
CONTINUOUS
10
2.883693149606299
20
0.4936526377952756
11
2.8936526377952756
21
0.4836931496062992
0
LINE
8
BLACK
6
CONTINUOUS
10
2.8936526377952756
20
0.4836931496062992
11
2.9024344488188976
21
0.4726811023622047
0
LINE
8
BLACK
6
CONTINUOUS
10
2.9024344488188976
20
0.4726811023622047
11
2.9099280708661417
21
0.4607550787401575
0
LINE
8
BLACK
6
CONTINUOUS
10
2.9099280708661417
20
0.4607550787401575
11
2.9160392519685039
21
0.4480650393700787
0
LINE
8
BLACK
6
CONTINUOUS
10
2.9160392519685039
20
0.4480650393700787
11
2.9206912204724409
21
0.4347705511811024
0
LINE
8
BLACK
6
CONTINUOUS
10
2.9206912204724409
20
0.4347705511811024
11
2.9238253937007874
21
0.421038779527559
0
LINE
8
BLACK
6
CONTINUOUS
10
2.9238253937007874
20
0.421038779527559
11
2.9254024015748032
21
0.4070424409448819
0
LINE
8
BLACK
6
CONTINUOUS
10
2.9254024015748032
20
0.4070424409448819
11
2.9254024015748032
21
0.3929575590551181
0
LINE
8
BLACK
6
CONTINUOUS
10
2.9254024015748032
20
0.3929575590551181
11
2.9238253937007874
21
0.378961220472441
0
LINE
8
BLACK
6
CONTINUOUS
10
2.9238253937007874
20
0.378961220472441
11
2.9206912204724409
21
0.3652294488188976
0
LINE
8
BLACK
6
CONTINUOUS
10
2.9206912204724409
20
0.3652294488188976
11
2.9160392519685039
21
0.3519349606299212
0
LINE
8
BLACK
6
CONTINUOUS
10
2.9160392519685039
20
0.3519349606299212
11
2.9099280708661417
21
0.3392449212598425
0
LINE
8
BLACK
6
CONTINUOUS
10
2.9099280708661417
20
0.3392449212598425
11
2.9024344488188976
21
0.3273188976377953
0
LINE
8
BLACK
6
CONTINUOUS
10
2.9024344488188976
20
0.3273188976377953
11
2.8936526377952756
21
0.3163068503937008
0
LINE
8
BLACK
6
CONTINUOUS
10
2.8936526377952756
20
0.3163068503937008
11
2.883693149606299
21
0.3063473622047244
0
LINE
8
BLACK
6
CONTINUOUS
10
2.883693149606299
20
0.3063473622047244
11
2.8726811023622045
21
0.2975655511811023
0
LINE
8
BLACK
6
CONTINUOUS
10
2.8726811023622045
20
0.2975655511811023
11
2.8607550787401572
21
0.2900719291338583
0
LINE
8
BLACK
6
CONTINUOUS
10
2.8607550787401572
20
0.2900719291338583
11
2.8480650393700788
21
0.2839607480314961
0
LINE
8
BLACK
6
CONTINUOUS
10
2.8480650393700788
20
0.2839607480314961
11
2.8347705511811023
21
0.2793087795275591
0
LINE
8
BLACK
6
CONTINUOUS
10
2.8347705511811023
20
0.2793087795275591
11
2.8210387795275591
21
0.2761746062992126
0
LINE
8
BLACK
6
CONTINUOUS
10
2.8210387795275591
20
0.2761746062992126
11
2.807042440944882
21
0.2745975984251968
0
LINE
8
BLACK
6
CONTINUOUS
10
2.807042440944882
20
0.2745975984251968
11
2.7929575590551181
21
0.2745975984251968
0
LINE
8
BLACK
6
CONTINUOUS
10
2.7929575590551181
20
0.2745975984251968
11
2.778961220472441
21
0.2761746062992126
0
LINE
8
BLACK
6
CONTINUOUS
10
2.778961220472441
20
0.2761746062992126
11
2.7652294488188978
21
0.2793087795275591
0
LINE
8
BLACK
6
CONTINUOUS
10
2.7652294488188978
20
0.2793087795275591
11
2.7519349606299213
21
0.2839607480314961
0
LINE
8
BLACK
6
CONTINUOUS
10
2.7519349606299213
20
0.2839607480314961
11
2.7392449212598424
21
0.2900719291338583
0
LINE
8
BLACK
6
CONTINUOUS
10
2.7392449212598424
20
0.2900719291338583
11
2.7273188976377951
21
0.2975655511811023
0
LINE
8
BLACK
6
CONTINUOUS
10
2.7273188976377951
20
0.2975655511811023
11
2.7163068503937007
21
0.3063473622047244
0
LINE
8
BLACK
6
CONTINUOUS
10
2.7163068503937007
20
0.3063473622047244
11
2.7063473622047245
21
0.3163068503937008
0
LINE
8
BLACK
6
CONTINUOUS
10
2.7063473622047245
20
0.3163068503937008
11
2.6975655511811021
21
0.3273188976377953
0
LINE
8
BLACK
6
CONTINUOUS
10
2.6975655511811021
20
0.3273188976377953
11
2.6900719291338584
21
0.3392449212598425
0
LINE
8
BLACK
6
CONTINUOUS
10
2.6900719291338584
20
0.3392449212598425
11
2.6839607480314962
21
0.3519349606299212
0
LINE
8
BLACK
6
CONTINUOUS
10
2.6839607480314962
20
0.3519349606299212
11
2.6793087795275592
21
0.3652294488188976
0
LINE
8
BLACK
6
CONTINUOUS
10
2.6793087795275592
20
0.3652294488188976
11
2.6761746062992127
21
0.378961220472441
0
LINE
8
BLACK
6
CONTINUOUS
10
2.6761746062992127
20
0.378961220472441
11
2.6745975984251968
21
0.3929575590551181
0
LINE
8
BLACK
6
CONTINUOUS
10
2.6745975984251968
20
0.3929575590551181
11
2.6745975984251968
21
0.4062111811023622
0
LINE
8
BLACK
6
CONTINUOUS
10
2.6745975984251968
20
0.4062111811023622
11
2.6745975984251968
21
0.4070424409448819
0
LINE
8
BLACK
6
CONTINUOUS
10
2.6745975984251968
20
0.4070424409448819
11
2.6761746062992127
21
0.421038779527559
0
LINE
8
BLACK
6
CONTINUOUS
10
2.6761746062992127
20
0.421038779527559
11
2.6793087795275592
21
0.4347705511811024
0
LINE
8
BLACK
6
CONTINUOUS
10
2.6793087795275592
20
0.4347705511811024
11
2.6839607480314962
21
0.4480650393700787
0
LINE
8
BLACK
6
CONTINUOUS
10
2.6839607480314962
20
0.4480650393700787
11
2.6900719291338584
21
0.4607550787401575
0
LINE
8
BLACK
6
CONTINUOUS
10
2.6900719291338584
20
0.4607550787401575
11
2.6975655511811021
21
0.4726811023622047
0
LINE
8
BLACK
6
CONTINUOUS
10
2.6975655511811021
20
0.4726811023622047
11
2.7063473622047245
21
0.4836931496062992
0
LINE
8
BLACK
6
CONTINUOUS
10
2.7063473622047245
20
0.4836931496062992
11
2.7163068503937007
21
0.4936526377952756
0
LINE
8
BLACK
6
CONTINUOUS
10
2.7163068503937007
20
0.4936526377952756
11
2.7273188976377951
21
0.5024344488188976
0
LINE
8
BLACK
6
CONTINUOUS
10
2.7273188976377951
20
0.5024344488188976
11
2.7392449212598424
21
0.5099280708661417
0
LINE
8
BLACK
6
CONTINUOUS
10
2.7392449212598424
20
0.5099280708661417
11
2.7519349606299213
21
0.516039251968504
0
LINE
8
BLACK
6
CONTINUOUS
10
2.7519349606299213
20
0.516039251968504
11
2.7652294488188978
21
0.520691220472441
0
LINE
8
BLACK
6
CONTINUOUS
10
2.7652294488188978
20
0.520691220472441
11
2.778961220472441
21
0.5238253937007874
0
LINE
8
BLACK
6
CONTINUOUS
10
2.778961220472441
20
0.5238253937007874
11
2.7929575590551181
21
0.5254024015748031
0
LINE
8
BLACK
6
CONTINUOUS
10
2.7929575590551181
20
0.5254024015748031
11
2.807042440944882
21
0.5254024015748031
0
LINE
8
BLACK
6
CONTINUOUS
10
2.807042440944882
20
0.5254024015748031
11
2.8210387795275591
21
0.5238253937007874
0
LINE
8
BLACK
6
CONTINUOUS
10
2.6894
20
0.3937888188976378
11
2.6907908661417324
21
0.3814446062992126
0
LINE
8
BLACK
6
CONTINUOUS
10
2.6907908661417324
20
0.3814446062992126
11
2.6935551181102362
21
0.3693337401574803
0
LINE
8
BLACK
6
CONTINUOUS
10
2.6935551181102362
20
0.3693337401574803
11
2.6976579527559053
21
0.3576085433070866
0
LINE
8
BLACK
6
CONTINUOUS
10
2.6976579527559053
20
0.3576085433070866
11
2.7030477952755905
21
0.3464164173228346
0
LINE
8
BLACK
6
CONTINUOUS
10
2.7030477952755905
20
0.3464164173228346
11
2.7096568503937006
21
0.3358981102362205
0
LINE
8
BLACK
6
CONTINUOUS
10
2.7096568503937006
20
0.3358981102362205
11
2.7174020472440943
21
0.3261859448818897
0
LINE
8
BLACK
6
CONTINUOUS
10
2.7174020472440943
20
0.3261859448818897
11
2.7261859448818897
21
0.3174020472440945
0
LINE
8
BLACK
6
CONTINUOUS
10
2.7261859448818897
20
0.3174020472440945
11
2.7358981102362203
21
0.3096568503937008
0
LINE
8
BLACK
6
CONTINUOUS
10
2.7358981102362203
20
0.3096568503937008
11
2.7464164173228345
21
0.3030477952755906
0
LINE
8
BLACK
6
CONTINUOUS
10
2.7464164173228345
20
0.3030477952755906
11
2.7576085433070867
21
0.2976579527559055
0
LINE
8
BLACK
6
CONTINUOUS
10
2.7576085433070867
20
0.2976579527559055
11
2.7693337401574802
21
0.2935551181102362
0
LINE
8
BLACK
6
CONTINUOUS
10
2.7693337401574802
20
0.2935551181102362
11
2.7814446062992126
21
0.2907908661417323
0
LINE
8
BLACK
6
CONTINUOUS
10
2.7814446062992126
20
0.2907908661417323
11
2.7937888188976379
21
0.2894
0
LINE
8
BLACK
6
CONTINUOUS
10
2.7937888188976379
20
0.2894
11
2.8062111811023622
21
0.2894
0
LINE
8
BLACK
6
CONTINUOUS
10
2.8062111811023622
20
0.2894
11
2.8185553937007874
21
0.2907908661417323
0
LINE
8
BLACK
6
CONTINUOUS
10
2.8185553937007874
20
0.2907908661417323
11
2.8306662598425194
21
0.2935551181102362
0
LINE
8
BLACK
6
CONTINUOUS
10
2.8306662598425194
20
0.2935551181102362
11
2.8423914566929134
21
0.2976579527559055
0
LINE
8
BLACK
6
CONTINUOUS
10
2.8423914566929134
20
0.2976579527559055
11
2.8535835826771652
21
0.3030477952755906
0
LINE
8
BLACK
6
CONTINUOUS
10
2.8535835826771652
20
0.3030477952755906
11
2.8641018897637793
21
0.3096568503937008
0
LINE
8
BLACK
6
CONTINUOUS
10
2.8641018897637793
20
0.3096568503937008
11
2.8738140551181104
21
0.3174020472440945
0
LINE
8
BLACK
6
CONTINUOUS
10
2.8738140551181104
20
0.3174020472440945
11
2.8825979527559054
21
0.3261859448818897
0
LINE
8
BLACK
6
CONTINUOUS
10
2.8825979527559054
20
0.3261859448818897
11
2.890343149606299
21
0.3358981102362205
0
LINE
8
BLACK
6
CONTINUOUS
10
2.890343149606299
20
0.3358981102362205
11
2.8969522047244092
21
0.3464164173228346
0
LINE
8
BLACK
6
CONTINUOUS
10
2.8969522047244092
20
0.3464164173228346
11
2.9023420472440944
21
0.3576085433070866
0
LINE
8
BLACK
6
CONTINUOUS
10
2.9023420472440944
20
0.3576085433070866
11
2.9064448818897639
21
0.3693337401574803
0
LINE
8
BLACK
6
CONTINUOUS
10
2.9064448818897639
20
0.3693337401574803
11
2.9092091338582677
21
0.3814446062992126
0
LINE
8
BLACK
6
CONTINUOUS
10
2.9092091338582677
20
0.3814446062992126
11
2.9106000000000001
21
0.3937888188976378
0
LINE
8
BLACK
6
CONTINUOUS
10
2.9106000000000001
20
0.3937888188976378
11
2.9106000000000001
21
0.4062111811023622
0
LINE
8
BLACK
6
CONTINUOUS
10
2.9106000000000001
20
0.4062111811023622
11
2.9092091338582677
21
0.4185553937007874
0
LINE
8
BLACK
6
CONTINUOUS
10
2.9092091338582677
20
0.4185553937007874
11
2.9064448818897639
21
0.4306662598425197
0
LINE
8
BLACK
6
CONTINUOUS
10
2.9064448818897639
20
0.4306662598425197
11
2.9023420472440944
21
0.4423914566929134
0
LINE
8
BLACK
6
CONTINUOUS
10
2.9023420472440944
20
0.4423914566929134
11
2.8969522047244092
21
0.4535835826771654
0
LINE
8
BLACK
6
CONTINUOUS
10
2.8969522047244092
20
0.4535835826771654
11
2.890343149606299
21
0.4641018897637795
0
LINE
8
BLACK
6
CONTINUOUS
10
2.890343149606299
20
0.4641018897637795
11
2.8825979527559054
21
0.4738140551181102
0
LINE
8
BLACK
6
CONTINUOUS
10
2.8825979527559054
20
0.4738140551181102
11
2.8738140551181104
21
0.4825979527559055
0
LINE
8
BLACK
6
CONTINUOUS
10
2.8738140551181104
20
0.4825979527559055
11
2.8641018897637793
21
0.4903431496062992
0
LINE
8
BLACK
6
CONTINUOUS
10
2.8641018897637793
20
0.4903431496062992
11
2.8535835826771652
21
0.4969522047244094
0
LINE
8
BLACK
6
CONTINUOUS
10
2.8535835826771652
20
0.4969522047244094
11
2.8423914566929134
21
0.5023420472440945
0
LINE
8
BLACK
6
CONTINUOUS
10
2.8423914566929134
20
0.5023420472440945
11
2.8306662598425194
21
0.5064448818897638
0
LINE
8
BLACK
6
CONTINUOUS
10
2.8306662598425194
20
0.5064448818897638
11
2.8185553937007874
21
0.5092091338582677
0
LINE
8
BLACK
6
CONTINUOUS
10
2.8185553937007874
20
0.5092091338582677
11
2.8062111811023622
21
0.5105999999999999
0
LINE
8
BLACK
6
CONTINUOUS
10
2.8062111811023622
20
0.5105999999999999
11
2.7937888188976379
21
0.5105999999999999
0
LINE
8
BLACK
6
CONTINUOUS
10
2.7937888188976379
20
0.5105999999999999
11
2.7814446062992126
21
0.5092091338582677
0
LINE
8
BLACK
6
CONTINUOUS
10
2.7814446062992126
20
0.5092091338582677
11
2.7693337401574802
21
0.5064448818897638
0
LINE
8
BLACK
6
CONTINUOUS
10
2.7693337401574802
20
0.5064448818897638
11
2.7576085433070867
21
0.5023420472440945
0
LINE
8
BLACK
6
CONTINUOUS
10
2.7576085433070867
20
0.5023420472440945
11
2.7464164173228345
21
0.4969522047244094
0
LINE
8
BLACK
6
CONTINUOUS
10
2.7464164173228345
20
0.4969522047244094
11
2.7358981102362203
21
0.4903431496062992
0
LINE
8
BLACK
6
CONTINUOUS
10
2.7358981102362203
20
0.4903431496062992
11
2.7261859448818897
21
0.4825979527559055
0
LINE
8
BLACK
6
CONTINUOUS
10
2.7261859448818897
20
0.4825979527559055
11
2.7174020472440943
21
0.4738140551181102
0
LINE
8
BLACK
6
CONTINUOUS
10
2.7174020472440943
20
0.4738140551181102
11
2.7096568503937006
21
0.4641018897637795
0
LINE
8
BLACK
6
CONTINUOUS
10
2.7096568503937006
20
0.4641018897637795
11
2.7030477952755905
21
0.4535835826771654
0
LINE
8
BLACK
6
CONTINUOUS
10
2.7030477952755905
20
0.4535835826771654
11
2.6976579527559053
21
0.4423914566929134
0
LINE
8
BLACK
6
CONTINUOUS
10
2.6976579527559053
20
0.4423914566929134
11
2.6935551181102362
21
0.4306662598425197
0
LINE
8
BLACK
6
CONTINUOUS
10
2.6935551181102362
20
0.4306662598425197
11
2.6907908661417324
21
0.4185553937007874
0
LINE
8
BLACK
6
CONTINUOUS
10
2.6907908661417324
20
0.4185553937007874
11
2.6894
21
0.4062111811023622
0
LINE
8
BLACK
6
CONTINUOUS
10
2.6894
20
0.4062111811023622
11
2.6894
21
0.3937888188976378
0
LINE
8
BLACK
6
CONTINUOUS
10
0.8954364960629921
20
0.4503411417322835
11
0.8962511417322835
21
0.4495264960629921
0
LINE
8
BLACK
6
CONTINUOUS
10
0.8962511417322835
20
0.4495264960629921
11
0.8966920472440945
21
0.4484620866141732
0
LINE
8
BLACK
6
CONTINUOUS
10
0.8966920472440945
20
0.4484620866141732
11
0.896748779527559
21
0.4478860236220472
0
LINE
8
BLACK
6
CONTINUOUS
10
0.896748779527559
20
0.4478860236220472
11
0.896748779527559
21
0.4320911417322835
0
LINE
8
BLACK
6
CONTINUOUS
10
0.896748779527559
20
0.4320911417322835
11
0.909590905511811
21
0.4320911417322835
0
LINE
8
BLACK
6
CONTINUOUS
10
0.909590905511811
20
0.4320911417322835
11
0.909590905511811
21
0.4422617322834645
0
LINE
8
BLACK
6
CONTINUOUS
10
0.909590905511811
20
0.4422617322834645
11
0.9096476377952756
21
0.4428377952755905
0
LINE
8
BLACK
6
CONTINUOUS
10
0.9096476377952756
20
0.4428377952755905
11
0.9100885433070866
21
0.4439022047244094
0
LINE
8
BLACK
6
CONTINUOUS
10
0.9100885433070866
20
0.4439022047244094
11
0.9109031889763779
21
0.4447168503937008
0
LINE
8
BLACK
6
CONTINUOUS
10
0.9109031889763779
20
0.4447168503937008
11
0.9119675984251968
21
0.4451577559055118
0
LINE
8
BLACK
6
CONTINUOUS
10
0.9119675984251968
20
0.4451577559055118
11
0.9131197244094488
21
0.4451577559055118
0
LINE
8
BLACK
6
CONTINUOUS
10
0.9131197244094488
20
0.4451577559055118
11
0.9141841338582677
21
0.4447168503937008
0
LINE
8
BLACK
6
CONTINUOUS
10
0.9141841338582677
20
0.4447168503937008
11
0.914998779527559
21
0.4439022047244094
0
LINE
8
BLACK
6
CONTINUOUS
10
0.914998779527559
20
0.4439022047244094
11
0.91543968503937
21
0.4428377952755905
0
LINE
8
BLACK
6
CONTINUOUS
10
0.91543968503937
20
0.4428377952755905
11
0.9154964173228346
21
0.4422617322834645
0
LINE
8
BLACK
6
CONTINUOUS
10
0.9154964173228346
20
0.4422617322834645
11
0.9154964173228346
21
0.4320911417322835
0
LINE
8
BLACK
6
CONTINUOUS
10
0.9154964173228346
20
0.4320911417322835
11
0.9331661023622047
21
0.4320911417322835
0
LINE
8
BLACK
6
CONTINUOUS
10
0.9331661023622047
20
0.4320911417322835
11
0.9337421653543306
21
0.4320344094488189
0
LINE
8
BLACK
6
CONTINUOUS
10
0.9337421653543306
20
0.4320344094488189
11
0.9348065748031495
21
0.4315935039370078
0
LINE
8
BLACK
6
CONTINUOUS
10
0.9348065748031495
20
0.4315935039370078
11
0.9356212204724409
21
0.4307788582677165
0
LINE
8
BLACK
6
CONTINUOUS
10
0.9356212204724409
20
0.4307788582677165
11
0.936062125984252
21
0.4297144488188976
0
LINE
8
BLACK
6
CONTINUOUS
10
0.936062125984252
20
0.4297144488188976
11
0.936062125984252
21
0.4285623228346457
0
LINE
8
BLACK
6
CONTINUOUS
10
0.936062125984252
20
0.4285623228346457
11
0.9356212204724409
21
0.4274979133858268
0
LINE
8
BLACK
6
CONTINUOUS
10
0.9356212204724409
20
0.4274979133858268
11
0.9348065748031495
21
0.4266832677165354
0
LINE
8
BLACK
6
CONTINUOUS
10
0.9348065748031495
20
0.4266832677165354
11
0.9337421653543306
21
0.4262423622047244
0
LINE
8
BLACK
6
CONTINUOUS
10
0.9337421653543306
20
0.4262423622047244
11
0.9331661023622047
21
0.4261856299212599
0
LINE
8
BLACK
6
CONTINUOUS
10
0.9331661023622047
20
0.4261856299212599
11
0.8937960236220472
21
0.4261856299212599
0
LINE
8
BLACK
6
CONTINUOUS
10
0.8937960236220472
20
0.4261856299212599
11
0.8932199606299213
21
0.4262423622047244
0
LINE
8
BLACK
6
CONTINUOUS
10
0.8932199606299213
20
0.4262423622047244
11
0.8921555511811023
21
0.4266832677165354
0
LINE
8
BLACK
6
CONTINUOUS
10
0.8921555511811023
20
0.4266832677165354
11
0.891340905511811
21
0.4274979133858268
0
LINE
8
BLACK
6
CONTINUOUS
10
0.891340905511811
20
0.4274979133858268
11
0.8909
21
0.4285623228346457
0
LINE
8
BLACK
6
CONTINUOUS
10
0.8909
20
0.4285623228346457
11
0.8908432677165354
21
0.4291383858267717
0
LINE
8
BLACK
6
CONTINUOUS
10
0.8908432677165354
20
0.4291383858267717
11
0.8908432677165354
21
0.4478860236220472
0
LINE
8
BLACK
6
CONTINUOUS
10
0.8908432677165354
20
0.4478860236220472
11
0.8909
21
0.4484620866141732
0
LINE
8
BLACK
6
CONTINUOUS
10
0.8909
20
0.4484620866141732
11
0.891340905511811
21
0.4495264960629921
0
LINE
8
BLACK
6
CONTINUOUS
10
0.891340905511811
20
0.4495264960629921
11
0.8921555511811023
21
0.4503411417322835
0
LINE
8
BLACK
6
CONTINUOUS
10
0.8921555511811023
20
0.4503411417322835
11
0.8932199606299213
21
0.4507820472440945
0
LINE
8
BLACK
6
CONTINUOUS
10
0.8932199606299213
20
0.4507820472440945
11
0.8943720866141732
21
0.4507820472440945
0
LINE
8
BLACK
6
CONTINUOUS
10
0.8943720866141732
20
0.4507820472440945
11
0.8954364960629921
21
0.4503411417322835
0
LINE
8
BLACK
6
CONTINUOUS
10
0.8973112598425197
20
0.4672140551181102
11
0.8977587007874016
21
0.4668468503937008
0
LINE
8
BLACK
6
CONTINUOUS
10
0.8977587007874016
20
0.4668468503937008
11
0.8996334645669292
21
0.4649720866141732
0
LINE
8
BLACK
6
CONTINUOUS
10
0.8996334645669292
20
0.4649720866141732
11
0.9000006692913386
21
0.4645246456692913
0
LINE
8
BLACK
6
CONTINUOUS
10
0.9000006692913386
20
0.4645246456692913
11
0.9001422440944882
21
0.464182874015748
0
LINE
8
BLACK
6
CONTINUOUS
10
0.9001422440944882
20
0.464182874015748
11
0.9004415748031496
21
0.4634601968503937
0
LINE
8
BLACK
6
CONTINUOUS
10
0.9004415748031496
20
0.4634601968503937
11
0.9004415748031496
21
0.4623081102362205
0
LINE
8
BLACK
6
CONTINUOUS
10
0.9004415748031496
20
0.4623081102362205
11
0.9000006692913386
21
0.4612437007874016
0
LINE
8
BLACK
6
CONTINUOUS
10
0.9000006692913386
20
0.4612437007874016
11
0.8996334645669292
21
0.4607962598425197
0
LINE
8
BLACK
6
CONTINUOUS
10
0.8996334645669292
20
0.4607962598425197
11
0.8977587007874016
21
0.4589214960629921
0
LINE
8
BLACK
6
CONTINUOUS
10
0.8977587007874016
20
0.4589214960629921
11
0.8973112598425197
21
0.4585542913385827
0
LINE
8
BLACK
6
CONTINUOUS
10
0.8973112598425197
20
0.4585542913385827
11
0.896246811023622
21
0.4581133858267716
0
LINE
8
BLACK
6
CONTINUOUS
10
0.896246811023622
20
0.4581133858267716
11
0.8950947637795276
21
0.4581133858267716
0
LINE
8
BLACK
6
CONTINUOUS
10
0.8950947637795276
20
0.4581133858267716
11
0.8950947244094488
21
0.4581133858267716
0
LINE
8
BLACK
6
CONTINUOUS
10
0.8950947244094488
20
0.4581133858267716
11
0.8940303149606299
21
0.4585542913385827
0
LINE
8
BLACK
6
CONTINUOUS
10
0.8940303149606299
20
0.4585542913385827
11
0.893582874015748
21
0.4589214960629921
0
LINE
8
BLACK
6
CONTINUOUS
10
0.893582874015748
20
0.4589214960629921
11
0.8917081102362204
21
0.4607962598425197
0
LINE
8
BLACK
6
CONTINUOUS
10
0.8917081102362204
20
0.4607962598425197
11
0.891340905511811
21
0.4612437007874016
0
LINE
8
BLACK
6
CONTINUOUS
10
0.891340905511811
20
0.4612437007874016
11
0.8909
21
0.4623081496062992
0
LINE
8
BLACK
6
CONTINUOUS
10
0.8909
20
0.4623081496062992
11
0.8909
21
0.4634601968503937
0
LINE
8
BLACK
6
CONTINUOUS
10
0.8909
20
0.4634601968503937
11
0.891340905511811
21
0.4645246456692913
0
LINE
8
BLACK
6
CONTINUOUS
10
0.891340905511811
20
0.4645246456692913
11
0.8917081102362204
21
0.4649720866141732
0
LINE
8
BLACK
6
CONTINUOUS
10
0.8917081102362204
20
0.4649720866141732
11
0.893582874015748
21
0.4668468503937008
0
LINE
8
BLACK
6
CONTINUOUS
10
0.893582874015748
20
0.4668468503937008
11
0.8940303149606299
21
0.4672140551181102
0
LINE
8
BLACK
6
CONTINUOUS
10
0.8940303149606299
20
0.4672140551181102
11
0.8950947244094488
21
0.4676549606299212
0
LINE
8
BLACK
6
CONTINUOUS
10
0.8950947244094488
20
0.4676549606299212
11
0.896246811023622
21
0.4676549606299212
0
LINE
8
BLACK
6
CONTINUOUS
10
0.896246811023622
20
0.4676549606299212
11
0.8973112598425197
21
0.4672140551181102
0
LINE
8
BLACK
6
CONTINUOUS
10
0.9337421653543306
20
0.4657801968503937
11
0.9348065748031495
21
0.4653392913385827
0
LINE
8
BLACK
6
CONTINUOUS
10
0.9348065748031495
20
0.4653392913385827
11
0.9356212204724409
21
0.4645246456692913
0
LINE
8
BLACK
6
CONTINUOUS
10
0.9356212204724409
20
0.4645246456692913
11
0.936062125984252
21
0.4634602362204724
0
LINE
8
BLACK
6
CONTINUOUS
10
0.936062125984252
20
0.4634602362204724
11
0.936062125984252
21
0.4623081102362205
0
LINE
8
BLACK
6
CONTINUOUS
10
0.936062125984252
20
0.4623081102362205
11
0.9356212204724409
21
0.4612437007874016
0
LINE
8
BLACK
6
CONTINUOUS
10
0.9356212204724409
20
0.4612437007874016
11
0.9348065748031495
21
0.4604290551181102
0
LINE
8
BLACK
6
CONTINUOUS
10
0.9348065748031495
20
0.4604290551181102
11
0.9337421653543306
21
0.4599881496062992
0
LINE
8
BLACK
6
CONTINUOUS
10
0.9337421653543306
20
0.4599881496062992
11
0.9331661023622047
21
0.4599314173228347
0
LINE
8
BLACK
6
CONTINUOUS
10
0.9331661023622047
20
0.4599314173228347
11
0.9069193700787401
21
0.4599314173228347
0
LINE
8
BLACK
6
CONTINUOUS
10
0.9069193700787401
20
0.4599314173228347
11
0.9063433070866141
21
0.4599881496062992
0
LINE
8
BLACK
6
CONTINUOUS
10
0.9063433070866141
20
0.4599881496062992
11
0.9052788976377952
21
0.4604290551181102
0
LINE
8
BLACK
6
CONTINUOUS
10
0.9052788976377952
20
0.4604290551181102
11
0.9044642519685039
21
0.4612437007874016
0
LINE
8
BLACK
6
CONTINUOUS
10
0.9044642519685039
20
0.4612437007874016
11
0.9040233464566929
21
0.4623081102362205
0
LINE
8
BLACK
6
CONTINUOUS
10
0.9040233464566929
20
0.4623081102362205
11
0.9040233464566929
21
0.4634602362204724
0
LINE
8
BLACK
6
CONTINUOUS
10
0.9040233464566929
20
0.4634602362204724
11
0.9044642519685039
21
0.4645246456692913
0
LINE
8
BLACK
6
CONTINUOUS
10
0.9044642519685039
20
0.4645246456692913
11
0.9052788976377952
21
0.4653392913385827
0
LINE
8
BLACK
6
CONTINUOUS
10
0.9052788976377952
20
0.4653392913385827
11
0.9063433070866141
21
0.4657801968503937
0
LINE
8
BLACK
6
CONTINUOUS
10
0.9063433070866141
20
0.4657801968503937
11
0.9069193700787401
21
0.4658369291338583
0
LINE
8
BLACK
6
CONTINUOUS
10
0.9069193700787401
20
0.4658369291338583
11
0.9331661023622047
21
0.4658369291338583
0
LINE
8
BLACK
6
CONTINUOUS
10
0.9331661023622047
20
0.4658369291338583
11
0.9337421653543306
21
0.4657801968503937
0
LINE
8
BLACK
6
CONTINUOUS
10
0.9337421653543306
20
0.5014007086614173
11
0.9348065748031495
21
0.5009598031496063
0
LINE
8
BLACK
6
CONTINUOUS
10
0.9348065748031495
20
0.5009598031496063
11
0.9356212204724409
21
0.500145157480315
0
LINE
8
BLACK
6
CONTINUOUS
10
0.9356212204724409
20
0.500145157480315
11
0.936062125984252
21
0.499080748031496
0
LINE
8
BLACK
6
CONTINUOUS
10
0.936062125984252
20
0.499080748031496
11
0.936062125984252
21
0.4979286220472441
0
LINE
8
BLACK
6
CONTINUOUS
10
0.936062125984252
20
0.4979286220472441
11
0.9356212204724409
21
0.4968642125984252
0
LINE
8
BLACK
6
CONTINUOUS
10
0.9356212204724409
20
0.4968642125984252
11
0.9354822834645669
21
0.4967253149606299
0
LINE
8
BLACK
6
CONTINUOUS
10
0.9354822834645669
20
0.4967253149606299
11
0.935807125984252
21
0.4960756692913386
0
LINE
8
BLACK
6
CONTINUOUS
10
0.935807125984252
20
0.4960756692913386
11
0.9360140157480314
21
0.4955350787401575
0
LINE
8
BLACK
6
CONTINUOUS
10
0.9360140157480314
20
0.4955350787401575
11
0.9360215354330709
21
0.4954292125984252
0
LINE
8
BLACK
6
CONTINUOUS
10
0.9360215354330709
20
0.4954292125984252
11
0.936062125984252
21
0.4953312204724409
0
LINE
8
BLACK
6
CONTINUOUS
10
0.936062125984252
20
0.4953312204724409
11
0.9361188582677166
21
0.494755157480315
0
LINE
8
BLACK
6
CONTINUOUS
10
0.9361188582677166
20
0.494755157480315
11
0.9361188582677166
21
0.4872561023622047
0
LINE
8
BLACK
6
CONTINUOUS
10
0.9361188582677166
20
0.4872561023622047
11
0.936062125984252
21
0.4866800393700788
0
LINE
8
BLACK
6
CONTINUOUS
10
0.936062125984252
20
0.4866800393700788
11
0.9360215354330709
21
0.4865820866141732
0
LINE
8
BLACK
6
CONTINUOUS
10
0.9360215354330709
20
0.4865820866141732
11
0.9360140157480314
21
0.4864761811023622
0
LINE
8
BLACK
6
CONTINUOUS
10
0.9360140157480314
20
0.4864761811023622
11
0.935807125984252
21
0.4859355905511811
0
LINE
8
BLACK
6
CONTINUOUS
10
0.935807125984252
20
0.4859355905511811
11
0.9339323622047244
21
0.482186062992126
0
LINE
8
BLACK
6
CONTINUOUS
10
0.9339323622047244
20
0.482186062992126
11
0.9337762598425197
21
0.4819380708661417
0
LINE
8
BLACK
6
CONTINUOUS
10
0.9337762598425197
20
0.4819380708661417
11
0.9337464566929133
21
0.4818661023622047
0
LINE
8
BLACK
6
CONTINUOUS
10
0.9337464566929133
20
0.4818661023622047
11
0.93368
21
0.481785157480315
0
LINE
8
BLACK
6
CONTINUOUS
10
0.93368
20
0.481785157480315
11
0.9336240157480314
21
0.4816961811023622
0
LINE
8
BLACK
6
CONTINUOUS
10
0.9336240157480314
20
0.4816961811023622
11
0.9335649606299212
21
0.481645
0
LINE
8
BLACK
6
CONTINUOUS
10
0.9335649606299212
20
0.481645
11
0.9333792125984252
21
0.4814186220472441
0
LINE
8
BLACK
6
CONTINUOUS
10
0.9333792125984252
20
0.4814186220472441
11
0.9315044094488188
21
0.4795438582677165
0
LINE
8
BLACK
6
CONTINUOUS
10
0.9315044094488188
20
0.4795438582677165
11
0.9312780708661417
21
0.4793581496062992
0
LINE
8
BLACK
6
CONTINUOUS
10
0.9312780708661417
20
0.4793581496062992
11
0.9312269291338583
21
0.4792991338582677
0
LINE
8
BLACK
6
CONTINUOUS
10
0.9312269291338583
20
0.4792991338582677
11
0.9311379921259842
21
0.479243188976378
0
LINE
8
BLACK
6
CONTINUOUS
10
0.9311379921259842
20
0.479243188976378
11
0.9310569685039369
21
0.4791766535433071
0
LINE
8
BLACK
6
CONTINUOUS
10
0.9310569685039369
20
0.4791766535433071
11
0.9309849212598424
21
0.4791468503937008
0
LINE
8
BLACK
6
CONTINUOUS
10
0.9309849212598424
20
0.4791468503937008
11
0.9307370472440945
21
0.4789907874015748
0
LINE
8
BLACK
6
CONTINUOUS
10
0.9307370472440945
20
0.4789907874015748
11
0.9269875196850393
21
0.4771160236220472
0
LINE
8
BLACK
6
CONTINUOUS
10
0.9269875196850393
20
0.4771160236220472
11
0.9264468897637795
21
0.4769091338582677
0
LINE
8
BLACK
6
CONTINUOUS
10
0.9264468897637795
20
0.4769091338582677
11
0.9263410629921259
21
0.4769016535433071
0
LINE
8
BLACK
6
CONTINUOUS
10
0.9263410629921259
20
0.4769016535433071
11
0.9262430708661417
21
0.4768610236220472
0
LINE
8
BLACK
6
CONTINUOUS
10
0.9262430708661417
20
0.4768610236220472
11
0.9256670078740157
21
0.4768042913385827
0
LINE
8
BLACK
6
CONTINUOUS
10
0.9256670078740157
20
0.4768042913385827
11
0.9144184251968503
21
0.4768042913385827
0
LINE
8
BLACK
6
CONTINUOUS
10
0.9144184251968503
20
0.4768042913385827
11
0.9138423622047244
21
0.4768610236220472
0
LINE
8
BLACK
6
CONTINUOUS
10
0.9138423622047244
20
0.4768610236220472
11
0.9137443700787401
21
0.4769016141732283
0
LINE
8
BLACK
6
CONTINUOUS
10
0.9137443700787401
20
0.4769016141732283
11
0.9136385039370079
21
0.4769091338582677
0
LINE
8
BLACK
6
CONTINUOUS
10
0.9136385039370079
20
0.4769091338582677
11
0.9130979133858268
21
0.4771160236220472
0
LINE
8
BLACK
6
CONTINUOUS
10
0.9130979133858268
20
0.4771160236220472
11
0.9093483858267717
21
0.4789907874015748
0
LINE
8
BLACK
6
CONTINUOUS
10
0.9093483858267717
20
0.4789907874015748
11
0.9091003543307087
21
0.4791468897637795
0
LINE
8
BLACK
6
CONTINUOUS
10
0.9091003543307087
20
0.4791468897637795
11
0.9090284251968503
21
0.4791766929133858
0
LINE
8
BLACK
6
CONTINUOUS
10
0.9090284251968503
20
0.4791766929133858
11
0.9089474409448819
21
0.479243188976378
0
LINE
8
BLACK
6
CONTINUOUS
10
0.9089474409448819
20
0.479243188976378
11
0.9088585039370078
21
0.4792991338582677
0
LINE
8
BLACK
6
CONTINUOUS
10
0.9088585039370078
20
0.4792991338582677
11
0.9088073228346456
21
0.4793581496062992
0
LINE
8
BLACK
6
CONTINUOUS
10
0.9088073228346456
20
0.4793581496062992
11
0.9085809842519685
21
0.4795438976377953
0
LINE
8
BLACK
6
CONTINUOUS
10
0.9085809842519685
20
0.4795438976377953
11
0.9067062204724409
21
0.4814186614173228
0
LINE
8
BLACK
6
CONTINUOUS
10
0.9067062204724409
20
0.4814186614173228
11
0.9065204330708662
21
0.4816450393700787
0
LINE
8
BLACK
6
CONTINUOUS
10
0.9065204330708662
20
0.4816450393700787
11
0.9064614566929133
21
0.4816961811023622
0
LINE
8
BLACK
6
CONTINUOUS
10
0.9064614566929133
20
0.4816961811023622
11
0.9064054724409448
21
0.481785157480315
0
LINE
8
BLACK
6
CONTINUOUS
10
0.9064054724409448
20
0.481785157480315
11
0.9063390157480314
21
0.4818661023622047
0
LINE
8
BLACK
6
CONTINUOUS
10
0.9063390157480314
20
0.4818661023622047
11
0.9063091732283465
21
0.4819380708661417
0
LINE
8
BLACK
6
CONTINUOUS
10
0.9063091732283465
20
0.4819380708661417
11
0.9061531102362205
21
0.482186062992126
0
LINE
8
BLACK
6
CONTINUOUS
10
0.9061531102362205
20
0.482186062992126
11
0.9042783464566929
21
0.4859355905511811
0
LINE
8
BLACK
6
CONTINUOUS
10
0.9042783464566929
20
0.4859355905511811
11
0.9040714566929133
21
0.4864762204724409
0
LINE
8
BLACK
6
CONTINUOUS
10
0.9040714566929133
20
0.4864762204724409
11
0.904063937007874
21
0.4865820472440945
0
LINE
8
BLACK
6
CONTINUOUS
10
0.904063937007874
20
0.4865820472440945
11
0.9040233464566929
21
0.4866800393700788
0
LINE
8
BLACK
6
CONTINUOUS
10
0.9040233464566929
20
0.4866800393700788
11
0.9039666141732283
21
0.4872561023622047
0
LINE
8
BLACK
6
CONTINUOUS
10
0.9039666141732283
20
0.4872561023622047
11
0.9039666141732283
21
0.494755157480315
0
LINE
8
BLACK
6
CONTINUOUS
10
0.9039666141732283
20
0.494755157480315
11
0.9040233464566929
21
0.4953312204724409
0
LINE
8
BLACK
6
CONTINUOUS
10
0.9040233464566929
20
0.4953312204724409
11
0.904063937007874
21
0.4954292519685039
0
LINE
8
BLACK
6
CONTINUOUS
10
0.904063937007874
20
0.4954292519685039
11
0.9040714566929133
21
0.4955350393700788
0
LINE
8
BLACK
6
CONTINUOUS
10
0.9040714566929133
20
0.4955350393700788
11
0.9040779133858268
21
0.4955519291338583
0
LINE
8
BLACK
6
CONTINUOUS
10
0.9040779133858268
20
0.4955519291338583
11
0.8937960236220472
21
0.4955519291338583
0
LINE
8
BLACK
6
CONTINUOUS
10
0.8937960236220472
20
0.4955519291338583
11
0.8932199606299213
21
0.4956086614173228
0
LINE
8
BLACK
6
CONTINUOUS
10
0.8932199606299213
20
0.4956086614173228
11
0.8921555511811023
21
0.4960495669291338
0
LINE
8
BLACK
6
CONTINUOUS
10
0.8921555511811023
20
0.4960495669291338
11
0.891340905511811
21
0.4968642125984252
0
LINE
8
BLACK
6
CONTINUOUS
10
0.891340905511811
20
0.4968642125984252
11
0.8909
21
0.4979286220472441
0
LINE
8
BLACK
6
CONTINUOUS
10
0.8909
20
0.4979286220472441
11
0.8909
21
0.499080748031496
0
LINE
8
BLACK
6
CONTINUOUS
10
0.8909
20
0.499080748031496
11
0.891340905511811
21
0.500145157480315
0
LINE
8
BLACK
6
CONTINUOUS
10
0.891340905511811
20
0.500145157480315
11
0.8921555511811023
21
0.5009598031496063
0
LINE
8
BLACK
6
CONTINUOUS
10
0.8921555511811023
20
0.5009598031496063
11
0.8932199606299213
21
0.5014007086614173
0
LINE
8
BLACK
6
CONTINUOUS
10
0.8932199606299213
20
0.5014007086614173
11
0.8937960236220472
21
0.5014574409448819
0
LINE
8
BLACK
6
CONTINUOUS
10
0.8937960236220472
20
0.5014574409448819
11
0.9331661023622047
21
0.5014574409448819
0
LINE
8
BLACK
6
CONTINUOUS
10
0.9331661023622047
20
0.5014574409448819
11
0.9337421653543306
21
0.5014007086614173
0
LINE
8
BLACK
6
CONTINUOUS
10
0.9098721259842519
20
0.4940581102362205
11
0.9098721259842519
21
0.4879531496062992
0
LINE
8
BLACK
6
CONTINUOUS
10
0.9098721259842519
20
0.4879531496062992
11
0.9112208661417323
21
0.4852556692913386
0
LINE
8
BLACK
6
CONTINUOUS
10
0.9112208661417323
20
0.4852556692913386
11
0.9124179921259842
21
0.4840585433070866
0
LINE
8
BLACK
6
CONTINUOUS
10
0.9124179921259842
20
0.4840585433070866
11
0.9151154724409448
21
0.4827098031496063
0
LINE
8
BLACK
6
CONTINUOUS
10
0.9151154724409448
20
0.4827098031496063
11
0.9249699606299212
21
0.4827098031496063
0
LINE
8
BLACK
6
CONTINUOUS
10
0.9249699606299212
20
0.4827098031496063
11
0.9276674409448818
21
0.4840585826771653
0
LINE
8
BLACK
6
CONTINUOUS
10
0.9276674409448818
20
0.4840585826771653
11
0.9288646062992125
21
0.4852557086614173
0
LINE
8
BLACK
6
CONTINUOUS
10
0.9288646062992125
20
0.4852557086614173
11
0.9302133464566928
21
0.4879531496062992
0
LINE
8
BLACK
6
CONTINUOUS
10
0.9302133464566928
20
0.4879531496062992
11
0.9302133464566928
21
0.4940581102362205
0
LINE
8
BLACK
6
CONTINUOUS
10
0.9302133464566928
20
0.4940581102362205
11
0.9294664173228346
21
0.4955519291338583
0
LINE
8
BLACK
6
CONTINUOUS
10
0.9294664173228346
20
0.4955519291338583
11
0.9106190551181103
21
0.4955519291338583
0
LINE
8
BLACK
6
CONTINUOUS
10
0.9106190551181103
20
0.4955519291338583
11
0.9098721259842519
21
0.4940581102362205
0
LINE
8
BLACK
6
CONTINUOUS
10
0.9865056299212598
20
0.5218288976377953
11
0.9865955511811023
21
0.5213768897637795
0
LINE
8
BLACK
6
CONTINUOUS
10
0.9865955511811023
20
0.5213768897637795
11
0.9865955511811023
21
0.515058937007874
0
LINE
8
BLACK
6
CONTINUOUS
10
0.9865955511811023
20
0.515058937007874
11
0.9917324015748031
21
0.515058937007874
0
LINE
8
BLACK
6
CONTINUOUS
10
0.9917324015748031
20
0.515058937007874
11
0.9917324015748031
21
0.5191271653543307
0
LINE
8
BLACK
6
CONTINUOUS
10
0.9917324015748031
20
0.5191271653543307
11
0.9918223228346457
21
0.5195791732283465
0
LINE
8
BLACK
6
CONTINUOUS
10
0.9918223228346457
20
0.5195791732283465
11
0.9924614960629921
21
0.5202183464566928
0
LINE
8
BLACK
6
CONTINUOUS
10
0.9924614960629921
20
0.5202183464566928
11
0.9933655118110236
21
0.5202183464566928
0
LINE
8
BLACK
6
CONTINUOUS
10
0.9933655118110236
20
0.5202183464566928
11
0.99400468503937
21
0.5195791732283465
0
LINE
8
BLACK
6
CONTINUOUS
10
0.99400468503937
20
0.5195791732283465
11
0.9940946062992125
21
0.5191271653543307
0
LINE
8
BLACK
6
CONTINUOUS
10
0.9940946062992125
20
0.5191271653543307
11
0.9940946062992125
21
0.515058937007874
0
LINE
8
BLACK
6
CONTINUOUS
10
0.9940946062992125
20
0.515058937007874
11
1.0011624803149606
21
0.515058937007874
0
LINE
8
BLACK
6
CONTINUOUS
10
1.0011624803149606
20
0.515058937007874
11
1.0016144881889764
21
0.5149690157480314
0
LINE
8
BLACK
6
CONTINUOUS
10
1.0016144881889764
20
0.5149690157480314
11
1.0022536614173227
21
0.5143298425196851
0
LINE
8
BLACK
6
CONTINUOUS
10
1.0022536614173227
20
0.5143298425196851
11
1.0022536614173227
21
0.5134258267716535
0
LINE
8
BLACK
6
CONTINUOUS
10
1.0022536614173227
20
0.5134258267716535
11
1.0016144881889764
21
0.5127866535433071
0
LINE
8
BLACK
6
CONTINUOUS
10
1.0016144881889764
20
0.5127866535433071
11
1.0011624803149606
21
0.5126967322834646
0
LINE
8
BLACK
6
CONTINUOUS
10
1.0011624803149606
20
0.5126967322834646
11
0.9854144488188976
21
0.5126967322834646
0
LINE
8
BLACK
6
CONTINUOUS
10
0.9854144488188976
20
0.5126967322834646
11
0.9849624409448818
21
0.5127866535433071
0
LINE
8
BLACK
6
CONTINUOUS
10
0.9849624409448818
20
0.5127866535433071
11
0.9843232677165354
21
0.5134258267716535
0
LINE
8
BLACK
6
CONTINUOUS
10
0.9843232677165354
20
0.5134258267716535
11
0.9842333464566929
21
0.5138778346456693
0
LINE
8
BLACK
6
CONTINUOUS
10
0.9842333464566929
20
0.5138778346456693
11
0.9842333464566929
21
0.5213768897637795
0
LINE
8
BLACK
6
CONTINUOUS
10
0.9842333464566929
20
0.5213768897637795
11
0.9843232677165354
21
0.5218288976377953
0
LINE
8
BLACK
6
CONTINUOUS
10
0.9843232677165354
20
0.5218288976377953
11
0.9849624409448818
21
0.5224680708661417
0
LINE
8
BLACK
6
CONTINUOUS
10
0.9849624409448818
20
0.5224680708661417
11
0.9858664566929134
21
0.5224680708661417
0
LINE
8
BLACK
6
CONTINUOUS
10
0.9858664566929134
20
0.5224680708661417
11
0.9865056299212598
21
0.5218288976377953
0
LINE
8
BLACK
6
CONTINUOUS
10
1.0016144881889764
20
0.5284673228346457
11
1.0022536614173227
21
0.5278281496062992
0
LINE
8
BLACK
6
CONTINUOUS
10
1.0022536614173227
20
0.5278281496062992
11
1.0022536614173227
21
0.5269241338582678
0
LINE
8
BLACK
6
CONTINUOUS
10
1.0022536614173227
20
0.5269241338582678
11
1.0016144881889764
21
0.5262849606299213
0
LINE
8
BLACK
6
CONTINUOUS
10
1.0016144881889764
20
0.5262849606299213
11
1.0011624803149606
21
0.5261950393700787
0
LINE
8
BLACK
6
CONTINUOUS
10
1.0011624803149606
20
0.5261950393700787
11
0.9854144488188976
21
0.5261950393700787
0
LINE
8
BLACK
6
CONTINUOUS
10
0.9854144488188976
20
0.5261950393700787
11
0.9849624409448818
21
0.5262849606299213
0
LINE
8
BLACK
6
CONTINUOUS
10
0.9849624409448818
20
0.5262849606299213
11
0.9843232677165354
21
0.5269241338582678
0
LINE
8
BLACK
6
CONTINUOUS
10
0.9843232677165354
20
0.5269241338582678
11
0.9843232677165354
21
0.5278281496062992
0
LINE
8
BLACK
6
CONTINUOUS
10
0.9843232677165354
20
0.5278281496062992
11
0.9849624409448818
21
0.5284673228346457
0
LINE
8
BLACK
6
CONTINUOUS
10
0.9849624409448818
20
0.5284673228346457
11
0.9854144488188976
21
0.5285572440944882
0
LINE
8
BLACK
6
CONTINUOUS
10
0.9854144488188976
20
0.5285572440944882
11
1.0011624803149606
21
0.5285572440944882
0
LINE
8
BLACK
6
CONTINUOUS
10
1.0011624803149606
20
0.5285572440944882
11
1.0016144881889764
21
0.5284673228346457
0
LINE
8
BLACK
6
CONTINUOUS
10
0.9945553149606299
20
0.5450269291338583
11
0.9946998031496063
21
0.5450198818897638
0
LINE
8
BLACK
6
CONTINUOUS
10
0.9946998031496063
20
0.5450198818897638
11
0.9976994094488189
21
0.5442699606299213
0
LINE
8
BLACK
6
CONTINUOUS
10
0.9976994094488189
20
0.5442699606299213
11
0.9978163385826772
21
0.5442147244094488
0
LINE
8
BLACK
6
CONTINUOUS
10
0.9978163385826772
20
0.5442147244094488
11
0.9979411417322834
21
0.5441805511811023
0
LINE
8
BLACK
6
CONTINUOUS
10
0.9979411417322834
20
0.5441805511811023
11
0.9994409448818897
21
0.5434306692913385
0
LINE
8
BLACK
6
CONTINUOUS
10
0.9994409448818897
20
0.5434306692913385
11
0.9995904330708661
21
0.5433146456692913
0
LINE
8
BLACK
6
CONTINUOUS
10
0.9995904330708661
20
0.5433146456692913
11
0.9997479133858268
21
0.5432094094488189
0
LINE
8
BLACK
6
CONTINUOUS
10
0.9997479133858268
20
0.5432094094488189
11
1.0012477559055117
21
0.5417096456692914
0
LINE
8
BLACK
6
CONTINUOUS
10
1.0012477559055117
20
0.5417096456692914
11
1.0012806299212598
21
0.5416604330708661
0
LINE
8
BLACK
6
CONTINUOUS
10
1.0012806299212598
20
0.5416604330708661
11
1.0013048425196851
21
0.5416483070866142
0
LINE
8
BLACK
6
CONTINUOUS
10
1.0013048425196851
20
0.5416483070866142
11
1.0013986220472442
21
0.5414838188976377
0
LINE
8
BLACK
6
CONTINUOUS
10
1.0013986220472442
20
0.5414838188976377
11
1.001503779527559
21
0.5413264173228346
0
LINE
8
BLACK
6
CONTINUOUS
10
1.001503779527559
20
0.5413264173228346
11
1.001503779527559
21
0.5412994094488189
0
LINE
8
BLACK
6
CONTINUOUS
10
1.001503779527559
20
0.5412994094488189
11
1.0015331102362204
21
0.5412479527559055
0
LINE
8
BLACK
6
CONTINUOUS
10
1.0015331102362204
20
0.5412479527559055
11
1.0022829921259842
21
0.538998188976378
0
LINE
8
BLACK
6
CONTINUOUS
10
1.0022829921259842
20
0.538998188976378
11
1.0023066141732284
21
0.5388103937007874
0
LINE
8
BLACK
6
CONTINUOUS
10
1.0023066141732284
20
0.5388103937007874
11
1.0023435826771654
21
0.5386247244094488
0
LINE
8
BLACK
6
CONTINUOUS
10
1.0023435826771654
20
0.5386247244094488
11
1.0023435826771654
21
0.5348751968503936
0
LINE
8
BLACK
6
CONTINUOUS
10
1.0023435826771654
20
0.5348751968503936
11
1.0022536614173227
21
0.534423188976378
0
LINE
8
BLACK
6
CONTINUOUS
10
1.0022536614173227
20
0.534423188976378
11
1.0016144881889764
21
0.5337840157480315
0
LINE
8
BLACK
6
CONTINUOUS
10
1.0016144881889764
20
0.5337840157480315
11
1.0011624803149606
21
0.5336940944881889
0
LINE
8
BLACK
6
CONTINUOUS
10
1.0011624803149606
20
0.5336940944881889
11
0.9854144488188976
21
0.5336940944881889
0
LINE
8
BLACK
6
CONTINUOUS
10
0.9854144488188976
20
0.5336940944881889
11
0.9849624409448818
21
0.5337840157480315
0
LINE
8
BLACK
6
CONTINUOUS
10
0.9849624409448818
20
0.5337840157480315
11
0.9843232677165354
21
0.534423188976378
0
LINE
8
BLACK
6
CONTINUOUS
10
0.9843232677165354
20
0.534423188976378
11
0.9842333464566929
21
0.5348751968503936
0
LINE
8
BLACK
6
CONTINUOUS
10
0.9842333464566929
20
0.5348751968503936
11
0.9842333464566929
21
0.5386247244094488
0
LINE
8
BLACK
6
CONTINUOUS
10
0.9842333464566929
20
0.5386247244094488
11
0.9842703149606299
21
0.5388106299212598
0
LINE
8
BLACK
6
CONTINUOUS
10
0.9842703149606299
20
0.5388106299212598
11
0.9842939763779527
21
0.5389982283464567
0
LINE
8
BLACK
6
CONTINUOUS
10
0.9842939763779527
20
0.5389982283464567
11
0.9850438976377952
21
0.5412479527559055
0
LINE
8
BLACK
6
CONTINUOUS
10
0.9850438976377952
20
0.5412479527559055
11
0.985073188976378
21
0.5412993700787402
0
LINE
8
BLACK
6
CONTINUOUS
10
0.985073188976378
20
0.5412993700787402
11
0.985073188976378
21
0.5413264173228346
0
LINE
8
BLACK
6
CONTINUOUS
10
0.985073188976378
20
0.5413264173228346
11
0.9851783464566929
21
0.5414838582677165
0
LINE
8
BLACK
6
CONTINUOUS
10
0.9851783464566929
20
0.5414838582677165
11
0.985272125984252
21
0.5416483070866142
0
LINE
8
BLACK
6
CONTINUOUS
10
0.985272125984252
20
0.5416483070866142
11
0.9852963385826772
21
0.5416604330708661
0
LINE
8
BLACK
6
CONTINUOUS
10
0.9852963385826772
20
0.5416604330708661
11
0.9853292125984252
21
0.5417096062992126
0
LINE
8
BLACK
6
CONTINUOUS
10
0.9853292125984252
20
0.5417096062992126
11
0.9868289763779527
21
0.5432094094488189
0
LINE
8
BLACK
6
CONTINUOUS
10
0.9868289763779527
20
0.5432094094488189
11
0.9869863385826771
21
0.5433145669291338
0
LINE
8
BLACK
6
CONTINUOUS
10
0.9869863385826771
20
0.5433145669291338
11
0.9871359842519685
21
0.5434306692913385
0
LINE
8
BLACK
6
CONTINUOUS
10
0.9871359842519685
20
0.5434306692913385
11
0.9886357874015748
21
0.5441805511811023
0
LINE
8
BLACK
6
CONTINUOUS
10
0.9886357874015748
20
0.5441805511811023
11
0.9887605511811023
21
0.5442147244094488
0
LINE
8
BLACK
6
CONTINUOUS
10
0.9887605511811023
20
0.5442147244094488
11
0.9888775196850393
21
0.5442699606299213
0
LINE
8
BLACK
6
CONTINUOUS
10
0.9888775196850393
20
0.5442699606299213
11
0.9918771653543307
21
0.5450198818897638
0
LINE
8
BLACK
6
CONTINUOUS
10
0.9918771653543307
20
0.5450198818897638
11
0.9920216141732283
21
0.5450269291338583
0
LINE
8
BLACK
6
CONTINUOUS
10
0.9920216141732283
20
0.5450269291338583
11
0.9921636220472441
21
0.545055157480315
0
LINE
8
BLACK
6
CONTINUOUS
10
0.9921636220472441
20
0.545055157480315
11
0.9944133464566929
21
0.545055157480315
0
LINE
8
BLACK
6
CONTINUOUS
10
0.9944133464566929
20
0.545055157480315
11
0.9945553149606299
21
0.5450269291338583
0
LINE
8
BLACK
6
CONTINUOUS
10
0.9895762204724409
20
0.5420097637795276
11
0.9883638188976378
21
0.5414035826771654
0
LINE
8
BLACK
6
CONTINUOUS
10
0.9883638188976378
20
0.5414035826771654
11
0.9871966535433071
21
0.5402364566929134
0
LINE
8
BLACK
6
CONTINUOUS
10
0.9871966535433071
20
0.5402364566929134
11
0.9865955511811023
21
0.5384331102362204
0
LINE
8
BLACK
6
CONTINUOUS
10
0.9865955511811023
20
0.5384331102362204
11
0.9865955511811023
21
0.5360562992125985
0
LINE
8
BLACK
6
CONTINUOUS
10
0.9865955511811023
20
0.5360562992125985
11
0.9999813779527559
21
0.5360562992125985
0
LINE
8
BLACK
6
CONTINUOUS
10
0.9999813779527559
20
0.5360562992125985
11
0.9999813779527559
21
0.538433031496063
0
LINE
8
BLACK
6
CONTINUOUS
10
0.9999813779527559
20
0.538433031496063
11
0.9993801968503937
21
0.5402364960629921
0
LINE
8
BLACK
6
CONTINUOUS
10
0.9993801968503937
20
0.5402364960629921
11
0.9982131496062991
21
0.5414035433070866
0
LINE
8
BLACK
6
CONTINUOUS
10
0.9982131496062991
20
0.5414035433070866
11
0.9970006692913386
21
0.5420098031496063
0
LINE
8
BLACK
6
CONTINUOUS
10
0.9970006692913386
20
0.5420098031496063
11
0.9942679921259843
21
0.5426929527559055
0
LINE
8
BLACK
6
CONTINUOUS
10
0.9942679921259843
20
0.5426929527559055
11
0.9923089763779527
21
0.5426929527559055
0
LINE
8
BLACK
6
CONTINUOUS
10
0.9923089763779527
20
0.5426929527559055
11
0.9895762204724409
21
0.5420097637795276
0
LINE
8
BLACK
6
CONTINUOUS
10
0.9900994881889763
20
0.5600163779527559
11
0.9902874015748031
21
0.5599926771653543
0
LINE
8
BLACK
6
CONTINUOUS
10
0.9902874015748031
20
0.5599926771653543
11
0.9925371259842519
21
0.5592427952755905
0
LINE
8
BLACK
6
CONTINUOUS
10
0.9925371259842519
20
0.5592427952755905
11
0.9925885826771653
21
0.5592134645669291
0
LINE
8
BLACK
6
CONTINUOUS
10
0.9925885826771653
20
0.5592134645669291
11
0.9926155905511811
21
0.5592134645669291
0
LINE
8
BLACK
6
CONTINUOUS
10
0.9926155905511811
20
0.5592134645669291
11
0.9927728346456692
21
0.5591084251968503
0
LINE
8
BLACK
6
CONTINUOUS
10
0.9927728346456692
20
0.5591084251968503
11
0.9929374803149607
21
0.5590145275590551
0
LINE
8
BLACK
6
CONTINUOUS
10
0.9929374803149607
20
0.5590145275590551
11
0.9929495669291338
21
0.5589903149606299
0
LINE
8
BLACK
6
CONTINUOUS
10
0.9929495669291338
20
0.5589903149606299
11
0.992998779527559
21
0.5589574409448819
0
LINE
8
BLACK
6
CONTINUOUS
10
0.992998779527559
20
0.5589574409448819
11
0.9999813779527559
21
0.551974842519685
0
LINE
8
BLACK
6
CONTINUOUS
10
0.9999813779527559
20
0.551974842519685
11
0.9999813779527559
21
0.5588721653543307
0
LINE
8
BLACK
6
CONTINUOUS
10
0.9999813779527559
20
0.5588721653543307
11
1.0000712992125984
21
0.5593241732283465
0
LINE
8
BLACK
6
CONTINUOUS
10
1.0000712992125984
20
0.5593241732283465
11
1.0007104724409448
21
0.5599633464566929
0
LINE
8
BLACK
6
CONTINUOUS
10
1.0007104724409448
20
0.5599633464566929
11
1.0016144881889764
21
0.5599633464566929
0
LINE
8
BLACK
6
CONTINUOUS
10
1.0016144881889764
20
0.5599633464566929
11
1.0022536614173227
21
0.5593241732283465
0
LINE
8
BLACK
6
CONTINUOUS
10
1.0022536614173227
20
0.5593241732283465
11
1.0023435826771654
21
0.5588721653543307
0
LINE
8
BLACK
6
CONTINUOUS
10
1.0023435826771654
20
0.5588721653543307
11
1.0023435826771654
21
0.5491233858267717
0
LINE
8
BLACK
6
CONTINUOUS
10
1.0023435826771654
20
0.5491233858267717
11
1.0022536614173227
21
0.5486713779527559
0
LINE
8
BLACK
6
CONTINUOUS
10
1.0022536614173227
20
0.5486713779527559
11
1.0016144881889764
21
0.5480322047244094
0
LINE
8
BLACK
6
CONTINUOUS
10
1.0016144881889764
20
0.5480322047244094
11
1.0016144488188976
21
0.5480321653543307
0
LINE
8
BLACK
6
CONTINUOUS
10
1.0016144488188976
20
0.5480321653543307
11
1.0007105118110236
21
0.5480322047244094
0
LINE
8
BLACK
6
CONTINUOUS
10
1.0007105118110236
20
0.5480322047244094
11
1.0007104724409448
21
0.5480322047244094
0
LINE
8
BLACK
6
CONTINUOUS
10
1.0007104724409448
20
0.5480322047244094
11
1.0007103543307085
21
0.5480323228346456
0
LINE
8
BLACK
6
CONTINUOUS
10
1.0007103543307085
20
0.5480323228346456
11
1.0003273228346456
21
0.5482882283464566
0
LINE
8
BLACK
6
CONTINUOUS
10
1.0003273228346456
20
0.5482882283464566
11
0.9915256299212598
21
0.5570899606299212
0
LINE
8
BLACK
6
CONTINUOUS
10
0.9915256299212598
20
0.5570899606299212
11
0.9897221653543307
21
0.557691062992126
0
LINE
8
BLACK
6
CONTINUOUS
10
0.9897221653543307
20
0.557691062992126
11
0.9886929133858268
21
0.557691062992126
0
LINE
8
BLACK
6
CONTINUOUS
10
0.9886929133858268
20
0.557691062992126
11
0.987613937007874
21
0.5571516141732283
0
LINE
8
BLACK
6
CONTINUOUS
10
0.987613937007874
20
0.5571516141732283
11
0.9871350393700787
21
0.556672716535433
0
LINE
8
BLACK
6
CONTINUOUS
10
0.9871350393700787
20
0.556672716535433
11
0.9865955511811023
21
0.5555937007874016
0
LINE
8
BLACK
6
CONTINUOUS
10
0.9865955511811023
20
0.5555937007874016
11
0.9865955511811023
21
0.5524018897637795
0
LINE
8
BLACK
6
CONTINUOUS
10
0.9865955511811023
20
0.5524018897637795
11
0.9871350393700787
21
0.5513229133858267
0
LINE
8
BLACK
6
CONTINUOUS
10
0.9871350393700787
20
0.5513229133858267
11
0.9877494488188976
21
0.5507084645669291
0
LINE
8
BLACK
6
CONTINUOUS
10
0.9877494488188976
20
0.5507084645669291
11
0.9880054724409448
21
0.5503252362204725
0
LINE
8
BLACK
6
CONTINUOUS
10
0.9880054724409448
20
0.5503252362204725
11
0.9880054330708661
21
0.5494213385826772
0
LINE
8
BLACK
6
CONTINUOUS
10
0.9880054330708661
20
0.5494213385826772
11
0.9873661811023622
21
0.5487820866141733
0
LINE
8
BLACK
6
CONTINUOUS
10
0.9873661811023622
20
0.5487820866141733
11
0.9864622440944881
21
0.5487821259842519
0
LINE
8
BLACK
6
CONTINUOUS
10
0.9864622440944881
20
0.5487821259842519
11
0.9860790551181102
21
0.5490381889763779
0
LINE
8
BLACK
6
CONTINUOUS
10
0.9860790551181102
20
0.5490381889763779
11
0.9853291732283465
21
0.5497880708661417
0
LINE
8
BLACK
6
CONTINUOUS
10
0.9853291732283465
20
0.5497880708661417
11
0.9852239763779528
21
0.5499455511811023
0
LINE
8
BLACK
6
CONTINUOUS
10
0.9852239763779528
20
0.5499455511811023
11
0.9851079527559055
21
0.550095
0
LINE
8
BLACK
6
CONTINUOUS
10
0.9851079527559055
20
0.550095
11
0.9843580314960629
21
0.5515948031496063
0
LINE
8
BLACK
6
CONTINUOUS
10
0.9843580314960629
20
0.5515948031496063
11
0.9843424015748031
21
0.5516518897637795
0
LINE
8
BLACK
6
CONTINUOUS
10
0.9843424015748031
20
0.5516518897637795
11
0.9843232677165354
21
0.5516710236220472
0
LINE
8
BLACK
6
CONTINUOUS
10
0.9843232677165354
20
0.5516710236220472
11
0.9842862992125984
21
0.5518568110236221
0
LINE
8
BLACK
6
CONTINUOUS
10
0.9842862992125984
20
0.5518568110236221
11
0.9842363385826771
21
0.5520393307086614
0
LINE
8
BLACK
6
CONTINUOUS
10
0.9842363385826771
20
0.5520393307086614
11
0.9842448818897638
21
0.552065
0
LINE
8
BLACK
6
CONTINUOUS
10
0.9842448818897638
20
0.552065
11
0.9842333464566929
21
0.552123031496063
0
LINE
8
BLACK
6
CONTINUOUS
10
0.9842333464566929
20
0.552123031496063
11
0.9842333464566929
21
0.5558725590551181
0
LINE
8
BLACK
6
CONTINUOUS
10
0.9842333464566929
20
0.5558725590551181
11
0.9842448818897638
21
0.5559306299212599
0
LINE
8
BLACK
6
CONTINUOUS
10
0.9842448818897638
20
0.5559306299212599
11
0.9842363385826771
21
0.5559562598425196
0
LINE
8
BLACK
6
CONTINUOUS
10
0.9842363385826771
20
0.5559562598425196
11
0.9842862992125984
21
0.5561388188976378
0
LINE
8
BLACK
6
CONTINUOUS
10
0.9842862992125984
20
0.5561388188976378
11
0.9843232677165354
21
0.5563245669291338
0
LINE
8
BLACK
6
CONTINUOUS
10
0.9843232677165354
20
0.5563245669291338
11
0.9843424015748031
21
0.5563437401574803
0
LINE
8
BLACK
6
CONTINUOUS
10
0.9843424015748031
20
0.5563437401574803
11
0.9843580314960629
21
0.5564007874015748
0
LINE
8
BLACK
6
CONTINUOUS
10
0.9843580314960629
20
0.5564007874015748
11
0.9851079527559055
21
0.5579005905511811
0
LINE
8
BLACK
6
CONTINUOUS
10
0.9851079527559055
20
0.5579005905511811
11
0.9852239763779528
21
0.5580500787401574
0
LINE
8
BLACK
6
CONTINUOUS
10
0.9852239763779528
20
0.5580500787401574
11
0.9853291732283465
21
0.5582075196850393
0
LINE
8
BLACK
6
CONTINUOUS
10
0.9853291732283465
20
0.5582075196850393
11
0.9860790551181102
21
0.5589574015748031
0
LINE
8
BLACK
6
CONTINUOUS
10
0.9860790551181102
20
0.5589574015748031
11
0.9862364173228346
21
0.5590625984251968
0
LINE
8
BLACK
6
CONTINUOUS
10
0.9862364173228346
20
0.5590625984251968
11
0.9863860629921259
21
0.5591787007874016
0
LINE
8
BLACK
6
CONTINUOUS
10
0.9863860629921259
20
0.5591787007874016
11
0.987885905511811
21
0.5599285826771654
0
LINE
8
BLACK
6
CONTINUOUS
10
0.987885905511811
20
0.5599285826771654
11
0.9879429133858267
21
0.5599442125984252
0
LINE
8
BLACK
6
CONTINUOUS
10
0.9879429133858267
20
0.5599442125984252
11
0.9879620866141732
21
0.5599633464566929
0
LINE
8
BLACK
6
CONTINUOUS
10
0.9879620866141732
20
0.5599633464566929
11
0.988147874015748
21
0.56000031496063
0
LINE
8
BLACK
6
CONTINUOUS
10
0.988147874015748
20
0.56000031496063
11
0.9883303937007873
21
0.5600502755905512
0
LINE
8
BLACK
6
CONTINUOUS
10
0.9883303937007873
20
0.5600502755905512
11
0.9883560236220472
21
0.5600417322834645
0
LINE
8
BLACK
6
CONTINUOUS
10
0.9883560236220472
20
0.5600417322834645
11
0.988414094488189
21
0.5600532677165354
0
LINE
8
BLACK
6
CONTINUOUS
10
0.988414094488189
20
0.5600532677165354
11
0.9899138976377952
21
0.5600532677165354
0
LINE
8
BLACK
6
CONTINUOUS
10
0.9899138976377952
20
0.5600532677165354
11
0.9900994881889763
21
0.5600163779527559
0
LINE
8
BLACK
6
CONTINUOUS
10
1.0059999606299213
20
0.5755585433070866
11
1.0134868897637794
21
0.5724573622047244
0
LINE
8
BLACK
6
CONTINUOUS
10
1.0134868897637794
20
0.5724573622047244
11
1.0202249212598424
21
0.567955157480315
0
LINE
8
BLACK
6
CONTINUOUS
10
1.0202249212598424
20
0.567955157480315
11
1.025955157480315
21
0.5622249212598425
0
LINE
8
BLACK
6
CONTINUOUS
10
1.025955157480315
20
0.5622249212598425
11
1.0304573622047244
21
0.5554868897637795
0
LINE
8
BLACK
6
CONTINUOUS
10
1.0304573622047244
20
0.5554868897637795
11
1.0335585433070866
21
0.5479999606299213
0
LINE
8
BLACK
6
CONTINUOUS
10
1.0335585433070866
20
0.5479999606299213
11
1.0351395275590551
21
0.5400518897637795
0
LINE
8
BLACK
6
CONTINUOUS
10
1.0351395275590551
20
0.5400518897637795
11
1.0351395275590551
21
0.5319481102362205
0
LINE
8
BLACK
6
CONTINUOUS
10
1.0351395275590551
20
0.5319481102362205
11
1.0335585433070866
21
0.5240000393700788
0
LINE
8
BLACK
6
CONTINUOUS
10
1.0335585433070866
20
0.5240000393700788
11
1.0304573622047244
21
0.5165131102362205
0
LINE
8
BLACK
6
CONTINUOUS
10
1.0304573622047244
20
0.5165131102362205
11
1.025955157480315
21
0.5097750787401575
0
LINE
8
BLACK
6
CONTINUOUS
10
1.025955157480315
20
0.5097750787401575
11
1.0202249212598424
21
0.5040448425196851
0
LINE
8
BLACK
6
CONTINUOUS
10
1.0202249212598424
20
0.5040448425196851
11
1.0134868897637794
21
0.4995426377952756
0
LINE
8
BLACK
6
CONTINUOUS
10
1.0134868897637794
20
0.4995426377952756
11
1.0059999606299213
21
0.4964414566929134
0
LINE
8
BLACK
6
CONTINUOUS
10
1.0059999606299213
20
0.4964414566929134
11
0.9980518897637795
21
0.4948604724409449
0
LINE
8
BLACK
6
CONTINUOUS
10
0.9980518897637795
20
0.4948604724409449
11
0.9899481102362204
21
0.4948604724409449
0
LINE
8
BLACK
6
CONTINUOUS
10
0.9899481102362204
20
0.4948604724409449
11
0.9820000393700787
21
0.4964414566929134
0
LINE
8
BLACK
6
CONTINUOUS
10
0.9820000393700787
20
0.4964414566929134
11
0.9745131102362204
21
0.4995426377952756
0
LINE
8
BLACK
6
CONTINUOUS
10
0.9745131102362204
20
0.4995426377952756
11
0.9677750787401574
21
0.5040448425196851
0
LINE
8
BLACK
6
CONTINUOUS
10
0.9677750787401574
20
0.5040448425196851
11
0.962044842519685
21
0.5097750787401575
0
LINE
8
BLACK
6
CONTINUOUS
10
0.962044842519685
20
0.5097750787401575
11
0.9575426377952756
21
0.5165131102362205
0
LINE
8
BLACK
6
CONTINUOUS
10
0.9575426377952756
20
0.5165131102362205
11
0.9544414566929134
21
0.5240000393700788
0
LINE
8
BLACK
6
CONTINUOUS
10
0.9544414566929134
20
0.5240000393700788
11
0.9528604724409449
21
0.5319481102362205
0
LINE
8
BLACK
6
CONTINUOUS
10
0.9528604724409449
20
0.5319481102362205
11
0.9528604724409449
21
0.5396837401574803
0
LINE
8
BLACK
6
CONTINUOUS
10
0.9528604724409449
20
0.5396837401574803
11
0.9528604724409449
21
0.5400518897637795
0
LINE
8
BLACK
6
CONTINUOUS
10
0.9528604724409449
20
0.5400518897637795
11
0.9544414566929134
21
0.5479999606299213
0
LINE
8
BLACK
6
CONTINUOUS
10
0.9544414566929134
20
0.5479999606299213
11
0.9575426377952756
21
0.5554868897637795
0
LINE
8
BLACK
6
CONTINUOUS
10
0.9575426377952756
20
0.5554868897637795
11
0.962044842519685
21
0.5622249212598425
0
LINE
8
BLACK
6
CONTINUOUS
10
0.962044842519685
20
0.5622249212598425
11
0.9677750787401574
21
0.567955157480315
0
LINE
8
BLACK
6
CONTINUOUS
10
0.9677750787401574
20
0.567955157480315
11
0.9745131102362204
21
0.5724573622047244
0
LINE
8
BLACK
6
CONTINUOUS
10
0.9745131102362204
20
0.5724573622047244
11
0.9820000393700787
21
0.5755585433070866
0
LINE
8
BLACK
6
CONTINUOUS
10
0.9820000393700787
20
0.5755585433070866
11
0.9899481102362204
21
0.5771395275590551
0
LINE
8
BLACK
6
CONTINUOUS
10
0.9899481102362204
20
0.5771395275590551
11
0.9980518897637795
21
0.5771395275590551
0
LINE
8
BLACK
6
CONTINUOUS
10
0.9980518897637795
20
0.5771395275590551
11
1.0059999606299213
21
0.5755585433070866
0
LINE
8
BLACK
6
CONTINUOUS
10
0.9565984251968503
20
0.5323162598425196
11
0.958035748031496
21
0.5250903543307086
0
LINE
8
BLACK
6
CONTINUOUS
10
0.958035748031496
20
0.5250903543307086
11
0.9608551574803149
21
0.5182837007874016
0
LINE
8
BLACK
6
CONTINUOUS
10
0.9608551574803149
20
0.5182837007874016
11
0.9649483070866142
21
0.512157874015748
0
LINE
8
BLACK
6
CONTINUOUS
10
0.9649483070866142
20
0.512157874015748
11
0.970157874015748
21
0.5069483070866142
0
LINE
8
BLACK
6
CONTINUOUS
10
0.970157874015748
20
0.5069483070866142
11
0.9762837007874016
21
0.502855157480315
0
LINE
8
BLACK
6
CONTINUOUS
10
0.9762837007874016
20
0.502855157480315
11
0.9830903543307087
21
0.5000357480314961
0
LINE
8
BLACK
6
CONTINUOUS
10
0.9830903543307087
20
0.5000357480314961
11
0.9903162598425197
21
0.4985984251968504
0
LINE
8
BLACK
6
CONTINUOUS
10
0.9903162598425197
20
0.4985984251968504
11
0.9976837401574803
21
0.4985984251968504
0
LINE
8
BLACK
6
CONTINUOUS
10
0.9976837401574803
20
0.4985984251968504
11
1.0049096456692914
21
0.5000357480314961
0
LINE
8
BLACK
6
CONTINUOUS
10
1.0049096456692914
20
0.5000357480314961
11
1.0117162992125983
21
0.502855157480315
0
LINE
8
BLACK
6
CONTINUOUS
10
1.0117162992125983
20
0.502855157480315
11
1.0178421259842521
21
0.5069483070866142
0
LINE
8
BLACK
6
CONTINUOUS
10
1.0178421259842521
20
0.5069483070866142
11
1.0230516929133857
21
0.512157874015748
0
LINE
8
BLACK
6
CONTINUOUS
10
1.0230516929133857
20
0.512157874015748
11
1.027144842519685
21
0.5182837007874016
0
LINE
8
BLACK
6
CONTINUOUS
10
1.027144842519685
20
0.5182837007874016
11
1.0299642519685039
21
0.5250903543307086
0
LINE
8
BLACK
6
CONTINUOUS
10
1.0299642519685039
20
0.5250903543307086
11
1.0314015748031495
21
0.5323162598425196
0
LINE
8
BLACK
6
CONTINUOUS
10
1.0314015748031495
20
0.5323162598425196
11
1.0314015748031495
21
0.5396837401574803
0
LINE
8
BLACK
6
CONTINUOUS
10
1.0314015748031495
20
0.5396837401574803
11
1.0299642519685039
21
0.5469096456692913
0
LINE
8
BLACK
6
CONTINUOUS
10
1.0299642519685039
20
0.5469096456692913
11
1.027144842519685
21
0.5537162992125985
0
LINE
8
BLACK
6
CONTINUOUS
10
1.027144842519685
20
0.5537162992125985
11
1.0230516929133857
21
0.559842125984252
0
LINE
8
BLACK
6
CONTINUOUS
10
1.0230516929133857
20
0.559842125984252
11
1.0178421259842521
21
0.5650516929133859
0
LINE
8
BLACK
6
CONTINUOUS
10
1.0178421259842521
20
0.5650516929133859
11
1.0117162992125983
21
0.569144842519685
0
LINE
8
BLACK
6
CONTINUOUS
10
1.0117162992125983
20
0.569144842519685
11
1.0049096456692914
21
0.571964251968504
0
LINE
8
BLACK
6
CONTINUOUS
10
1.0049096456692914
20
0.571964251968504
11
0.9976837401574803
21
0.5734015748031496
0
LINE
8
BLACK
6
CONTINUOUS
10
0.9976837401574803
20
0.5734015748031496
11
0.9903162598425197
21
0.5734015748031496
0
LINE
8
BLACK
6
CONTINUOUS
10
0.9903162598425197
20
0.5734015748031496
11
0.9830903543307087
21
0.571964251968504
0
LINE
8
BLACK
6
CONTINUOUS
10
0.9830903543307087
20
0.571964251968504
11
0.9762837007874016
21
0.569144842519685
0
LINE
8
BLACK
6
CONTINUOUS
10
0.9762837007874016
20
0.569144842519685
11
0.970157874015748
21
0.5650516929133859
0
LINE
8
BLACK
6
CONTINUOUS
10
0.970157874015748
20
0.5650516929133859
11
0.9649483070866142
21
0.559842125984252
0
LINE
8
BLACK
6
CONTINUOUS
10
0.9649483070866142
20
0.559842125984252
11
0.9608551574803149
21
0.5537162992125985
0
LINE
8
BLACK
6
CONTINUOUS
10
0.9608551574803149
20
0.5537162992125985
11
0.958035748031496
21
0.5469096456692913
0
LINE
8
BLACK
6
CONTINUOUS
10
0.958035748031496
20
0.5469096456692913
11
0.9565984251968503
21
0.5396837401574803
0
LINE
8
BLACK
6
CONTINUOUS
10
0.9565984251968503
20
0.5396837401574803
11
0.9565984251968503
21
0.5323162598425196
0
LINE
8
BLACK
6
CONTINUOUS
10
0.9337421653543306
20
0.5370212598425197
11
0.9348065748031495
21
0.5365803543307086
0
LINE
8
BLACK
6
CONTINUOUS
10
0.9348065748031495
20
0.5365803543307086
11
0.9356212204724409
21
0.5357657086614173
0
LINE
8
BLACK
6
CONTINUOUS
10
0.9356212204724409
20
0.5357657086614173
11
0.936062125984252
21
0.5347012992125985
0
LINE
8
BLACK
6
CONTINUOUS
10
0.936062125984252
20
0.5347012992125985
11
0.936062125984252
21
0.5335491732283465
0
LINE
8
BLACK
6
CONTINUOUS
10
0.936062125984252
20
0.5335491732283465
11
0.9356212204724409
21
0.5324847637795276
0
LINE
8
BLACK
6
CONTINUOUS
10
0.9356212204724409
20
0.5324847637795276
11
0.9348573622047244
21
0.5317209448818897
0
LINE
8
BLACK
6
CONTINUOUS
10
0.9348573622047244
20
0.5317209448818897
11
0.935807125984252
21
0.5298214566929134
0
LINE
8
BLACK
6
CONTINUOUS
10
0.935807125984252
20
0.5298214566929134
11
0.9360140157480314
21
0.5292808661417323
0
LINE
8
BLACK
6
CONTINUOUS
10
0.9360140157480314
20
0.5292808661417323
11
0.9360215354330709
21
0.529175
0
LINE
8
BLACK
6
CONTINUOUS
10
0.9360215354330709
20
0.529175
11
0.936062125984252
21
0.5290770078740157
0
LINE
8
BLACK
6
CONTINUOUS
10
0.936062125984252
20
0.5290770078740157
11
0.9361188582677166
21
0.5285009448818897
0
LINE
8
BLACK
6
CONTINUOUS
10
0.9361188582677166
20
0.5285009448818897
11
0.9361188582677166
21
0.522876653543307
0
LINE
8
BLACK
6
CONTINUOUS
10
0.9361188582677166
20
0.522876653543307
11
0.936062125984252
21
0.5223005905511811
0
LINE
8
BLACK
6
CONTINUOUS
10
0.936062125984252
20
0.5223005905511811
11
0.9360215354330709
21
0.5222026377952755
0
LINE
8
BLACK
6
CONTINUOUS
10
0.9360215354330709
20
0.5222026377952755
11
0.9360140157480314
21
0.5220967322834645
0
LINE
8
BLACK
6
CONTINUOUS
10
0.9360140157480314
20
0.5220967322834645
11
0.935807125984252
21
0.5215561417322835
0
LINE
8
BLACK
6
CONTINUOUS
10
0.935807125984252
20
0.5215561417322835
11
0.9339323622047244
21
0.5178066141732284
0
LINE
8
BLACK
6
CONTINUOUS
10
0.9339323622047244
20
0.5178066141732284
11
0.9338716929133858
21
0.5177102755905512
0
LINE
8
BLACK
6
CONTINUOUS
10
0.9338716929133858
20
0.5177102755905512
11
0.9338565748031495
21
0.517664842519685
0
LINE
8
BLACK
6
CONTINUOUS
10
0.9338565748031495
20
0.517664842519685
11
0.9338075196850394
21
0.5176083070866142
0
LINE
8
BLACK
6
CONTINUOUS
10
0.9338075196850394
20
0.5176083070866142
11
0.9336240157480314
21
0.5173167322834645
0
LINE
8
BLACK
6
CONTINUOUS
10
0.9336240157480314
20
0.5173167322834645
11
0.9333441732283464
21
0.517074094488189
0
LINE
8
BLACK
6
CONTINUOUS
10
0.9333441732283464
20
0.517074094488189
11
0.9331016929133858
21
0.5167944488188976
0
LINE
8
BLACK
6
CONTINUOUS
10
0.9331016929133858
20
0.5167944488188976
11
0.9328101968503937
21
0.5166109842519685
0
LINE
8
BLACK
6
CONTINUOUS
10
0.9328101968503937
20
0.5166109842519685
11
0.9327536220472441
21
0.5165618897637795
0
LINE
8
BLACK
6
CONTINUOUS
10
0.9327536220472441
20
0.5165618897637795
11
0.9327081496062992
21
0.5165467716535433
0
LINE
8
BLACK
6
CONTINUOUS
10
0.9327081496062992
20
0.5165467716535433
11
0.9326118503937008
21
0.5164861023622047
0
LINE
8
BLACK
6
CONTINUOUS
10
0.9326118503937008
20
0.5164861023622047
11
0.9288622834645669
21
0.5146113385826772
0
LINE
8
BLACK
6
CONTINUOUS
10
0.9288622834645669
20
0.5146113385826772
11
0.9283216535433071
21
0.5144044488188976
0
LINE
8
BLACK
6
CONTINUOUS
10
0.9283216535433071
20
0.5144044488188976
11
0.9282158267716535
21
0.514396968503937
0
LINE
8
BLACK
6
CONTINUOUS
10
0.9282158267716535
20
0.514396968503937
11
0.9281178346456692
21
0.5143563385826772
0
LINE
8
BLACK
6
CONTINUOUS
10
0.9281178346456692
20
0.5143563385826772
11
0.9275417716535432
21
0.5142996062992126
0
LINE
8
BLACK
6
CONTINUOUS
10
0.9275417716535432
20
0.5142996062992126
11
0.9069193700787401
21
0.5142996062992126
0
LINE
8
BLACK
6
CONTINUOUS
10
0.9069193700787401
20
0.5142996062992126
11
0.9063433070866141
21
0.5143563385826772
0
LINE
8
BLACK
6
CONTINUOUS
10
0.9063433070866141
20
0.5143563385826772
11
0.9052788976377952
21
0.5147972440944881
0
LINE
8
BLACK
6
CONTINUOUS
10
0.9052788976377952
20
0.5147972440944881
11
0.9044642519685039
21
0.5156118897637795
0
LINE
8
BLACK
6
CONTINUOUS
10
0.9044642519685039
20
0.5156118897637795
11
0.9040233464566929
21
0.5166762992125984
0
LINE
8
BLACK
6
CONTINUOUS
10
0.9040233464566929
20
0.5166762992125984
11
0.9040233464566929
21
0.5178284251968504
0
LINE
8
BLACK
6
CONTINUOUS
10
0.9040233464566929
20
0.5178284251968504
11
0.9044642519685039
21
0.5188928346456693
0
LINE
8
BLACK
6
CONTINUOUS
10
0.9044642519685039
20
0.5188928346456693
11
0.9052788976377952
21
0.5197074803149606
0
LINE
8
BLACK
6
CONTINUOUS
10
0.9052788976377952
20
0.5197074803149606
11
0.9063433070866141
21
0.5201483858267716
0
LINE
8
BLACK
6
CONTINUOUS
10
0.9063433070866141
20
0.5201483858267716
11
0.9069193700787401
21
0.5202051181102362
0
LINE
8
BLACK
6
CONTINUOUS
10
0.9069193700787401
20
0.5202051181102362
11
0.9268447244094488
21
0.5202051181102362
0
LINE
8
BLACK
6
CONTINUOUS
10
0.9268447244094488
20
0.5202051181102362
11
0.9290904724409449
21
0.5213279921259842
0
LINE
8
BLACK
6
CONTINUOUS
10
0.9290904724409449
20
0.5213279921259842
11
0.9302133464566928
21
0.5235737007874015
0
LINE
8
BLACK
6
CONTINUOUS
10
0.9302133464566928
20
0.5235737007874015
11
0.9302133464566928
21
0.5278038976377952
0
LINE
8
BLACK
6
CONTINUOUS
10
0.9302133464566928
20
0.5278038976377952
11
0.9288646062992125
21
0.5305013779527559
0
LINE
8
BLACK
6
CONTINUOUS
10
0.9288646062992125
20
0.5305013779527559
11
0.9281934645669291
21
0.5311724803149607
0
LINE
8
BLACK
6
CONTINUOUS
10
0.9281934645669291
20
0.5311724803149607
11
0.9069193700787401
21
0.5311724803149607
0
LINE
8
BLACK
6
CONTINUOUS
10
0.9069193700787401
20
0.5311724803149607
11
0.9063433070866141
21
0.5312292125984251
0
LINE
8
BLACK
6
CONTINUOUS
10
0.9063433070866141
20
0.5312292125984251
11
0.9052788976377952
21
0.5316701181102362
0
LINE
8
BLACK
6
CONTINUOUS
10
0.9052788976377952
20
0.5316701181102362
11
0.9044642519685039
21
0.5324847637795276
0
LINE
8
BLACK
6
CONTINUOUS
10
0.9044642519685039
20
0.5324847637795276
11
0.9040233464566929
21
0.5335491732283465
0
LINE
8
BLACK
6
CONTINUOUS
10
0.9040233464566929
20
0.5335491732283465
11
0.9040233464566929
21
0.5347012992125985
0
LINE
8
BLACK
6
CONTINUOUS
10
0.9040233464566929
20
0.5347012992125985
11
0.9044642519685039
21
0.5357657086614173
0
LINE
8
BLACK
6
CONTINUOUS
10
0.9044642519685039
20
0.5357657086614173
11
0.9052788976377952
21
0.5365803543307086
0
LINE
8
BLACK
6
CONTINUOUS
10
0.9052788976377952
20
0.5365803543307086
11
0.9063433070866141
21
0.5370212598425197
0
LINE
8
BLACK
6
CONTINUOUS
10
0.9063433070866141
20
0.5370212598425197
11
0.9069193700787401
21
0.5370779921259843
0
LINE
8
BLACK
6
CONTINUOUS
10
0.9069193700787401
20
0.5370779921259843
11
0.9331661023622047
21
0.5370779921259843
0
LINE
8
BLACK
6
CONTINUOUS
10
0.9331661023622047
20
0.5370779921259843
11
0.9337421653543306
21
0.5370212598425197
0
LINE
8
BLACK
6
CONTINUOUS
10
0.9327536220472441
20
0.5723110236220472
11
0.9336240157480314
21
0.5715561811023622
0
LINE
8
BLACK
6
CONTINUOUS
10
0.9336240157480314
20
0.5715561811023622
11
0.9339323622047244
21
0.5710662992125984
0
LINE
8
BLACK
6
CONTINUOUS
10
0.9339323622047244
20
0.5710662992125984
11
0.935807125984252
21
0.5673167716535433
0
LINE
8
BLACK
6
CONTINUOUS
10
0.935807125984252
20
0.5673167716535433
11
0.9360140157480314
21
0.5667761811023622
0
LINE
8
BLACK
6
CONTINUOUS
10
0.9360140157480314
20
0.5667761811023622
11
0.9360215354330709
21
0.5666703149606299
0
LINE
8
BLACK
6
CONTINUOUS
10
0.9360215354330709
20
0.5666703149606299
11
0.936062125984252
21
0.5665723228346456
0
LINE
8
BLACK
6
CONTINUOUS
10
0.936062125984252
20
0.5665723228346456
11
0.9361188582677166
21
0.5659962598425197
0
LINE
8
BLACK
6
CONTINUOUS
10
0.9361188582677166
20
0.5659962598425197
11
0.9361188582677166
21
0.5584972047244094
0
LINE
8
BLACK
6
CONTINUOUS
10
0.9361188582677166
20
0.5584972047244094
11
0.936062125984252
21
0.5579211417322835
0
LINE
8
BLACK
6
CONTINUOUS
10
0.936062125984252
20
0.5579211417322835
11
0.9360215354330709
21
0.5578231889763779
0
LINE
8
BLACK
6
CONTINUOUS
10
0.9360215354330709
20
0.5578231889763779
11
0.9360140157480314
21
0.5577172834645669
0
LINE
8
BLACK
6
CONTINUOUS
10
0.9360140157480314
20
0.5577172834645669
11
0.935807125984252
21
0.5571766929133858
0
LINE
8
BLACK
6
CONTINUOUS
10
0.935807125984252
20
0.5571766929133858
11
0.9339323622047244
21
0.5534271653543307
0
LINE
8
BLACK
6
CONTINUOUS
10
0.9339323622047244
20
0.5534271653543307
11
0.9337762598425197
21
0.5531791732283464
0
LINE
8
BLACK
6
CONTINUOUS
10
0.9337762598425197
20
0.5531791732283464
11
0.9337464566929133
21
0.5531072047244094
0
LINE
8
BLACK
6
CONTINUOUS
10
0.9337464566929133
20
0.5531072047244094
11
0.93368
21
0.5530262598425196
0
LINE
8
BLACK
6
CONTINUOUS
10
0.93368
20
0.5530262598425196
11
0.9336240157480314
21
0.5529372834645669
0
LINE
8
BLACK
6
CONTINUOUS
10
0.9336240157480314
20
0.5529372834645669
11
0.9335649606299212
21
0.5528861023622047
0
LINE
8
BLACK
6
CONTINUOUS
10
0.9335649606299212
20
0.5528861023622047
11
0.9333792125984252
21
0.5526597244094488
0
LINE
8
BLACK
6
CONTINUOUS
10
0.9333792125984252
20
0.5526597244094488
11
0.9315044094488188
21
0.5507849606299212
0
LINE
8
BLACK
6
CONTINUOUS
10
0.9315044094488188
20
0.5507849606299212
11
0.9312780708661417
21
0.5505992519685039
0
LINE
8
BLACK
6
CONTINUOUS
10
0.9312780708661417
20
0.5505992519685039
11
0.9312269291338583
21
0.5505402362204724
0
LINE
8
BLACK
6
CONTINUOUS
10
0.9312269291338583
20
0.5505402362204724
11
0.9311379921259842
21
0.5504842913385827
0
LINE
8
BLACK
6
CONTINUOUS
10
0.9311379921259842
20
0.5504842913385827
11
0.9310569685039369
21
0.5504177559055118
0
LINE
8
BLACK
6
CONTINUOUS
10
0.9310569685039369
20
0.5504177559055118
11
0.9309849212598424
21
0.5503879527559055
0
LINE
8
BLACK
6
CONTINUOUS
10
0.9309849212598424
20
0.5503879527559055
11
0.9307370472440945
21
0.5502318897637796
0
LINE
8
BLACK
6
CONTINUOUS
10
0.9307370472440945
20
0.5502318897637796
11
0.9269875196850393
21
0.5483571259842519
0
LINE
8
BLACK
6
CONTINUOUS
10
0.9269875196850393
20
0.5483571259842519
11
0.9264468897637795
21
0.5481502362204724
0
LINE
8
BLACK
6
CONTINUOUS
10
0.9264468897637795
20
0.5481502362204724
11
0.9263410629921259
21
0.5481427559055118
0
LINE
8
BLACK
6
CONTINUOUS
10
0.9263410629921259
20
0.5481427559055118
11
0.9262430708661417
21
0.548102125984252
0
LINE
8
BLACK
6
CONTINUOUS
10
0.9262430708661417
20
0.548102125984252
11
0.9256670078740157
21
0.5480453937007874
0
LINE
8
BLACK
6
CONTINUOUS
10
0.9256670078740157
20
0.5480453937007874
11
0.9144184251968503
21
0.5480453937007874
0
LINE
8
BLACK
6
CONTINUOUS
10
0.9144184251968503
20
0.5480453937007874
11
0.9138423622047244
21
0.548102125984252
0
LINE
8
BLACK
6
CONTINUOUS
10
0.9138423622047244
20
0.548102125984252
11
0.9137443700787401
21
0.548142716535433
0
LINE
8
BLACK
6
CONTINUOUS
10
0.9137443700787401
20
0.548142716535433
11
0.9136385039370079
21
0.5481502362204724
0
LINE
8
BLACK
6
CONTINUOUS
10
0.9136385039370079
20
0.5481502362204724
11
0.9130979133858268
21
0.5483571259842519
0
LINE
8
BLACK
6
CONTINUOUS
10
0.9130979133858268
20
0.5483571259842519
11
0.9093483858267717
21
0.5502318897637796
0
LINE
8
BLACK
6
CONTINUOUS
10
0.9093483858267717
20
0.5502318897637796
11
0.9091003543307087
21
0.5503879921259842
0
LINE
8
BLACK
6
CONTINUOUS
10
0.9091003543307087
20
0.5503879921259842
11
0.9090284251968503
21
0.5504177952755905
0
LINE
8
BLACK
6
CONTINUOUS
10
0.9090284251968503
20
0.5504177952755905
11
0.9089474409448819
21
0.5504842913385827
0
LINE
8
BLACK
6
CONTINUOUS
10
0.9089474409448819
20
0.5504842913385827
11
0.9088585039370078
21
0.5505402362204724
0
LINE
8
BLACK
6
CONTINUOUS
10
0.9088585039370078
20
0.5505402362204724
11
0.9088073228346456
21
0.5505992519685039
0
LINE
8
BLACK
6
CONTINUOUS
10
0.9088073228346456
20
0.5505992519685039
11
0.9085809842519685
21
0.550785
0
LINE
8
BLACK
6
CONTINUOUS
10
0.9085809842519685
20
0.550785
11
0.9067062204724409
21
0.5526597637795275
0
LINE
8
BLACK
6
CONTINUOUS
10
0.9067062204724409
20
0.5526597637795275
11
0.9065204330708662
21
0.5528861417322835
0
LINE
8
BLACK
6
CONTINUOUS
10
0.9065204330708662
20
0.5528861417322835
11
0.9064614566929133
21
0.5529372834645669
0
LINE
8
BLACK
6
CONTINUOUS
10
0.9064614566929133
20
0.5529372834645669
11
0.9064054724409448
21
0.5530262598425196
0
LINE
8
BLACK
6
CONTINUOUS
10
0.9064054724409448
20
0.5530262598425196
11
0.9063390157480314
21
0.5531072047244094
0
LINE
8
BLACK
6
CONTINUOUS
10
0.9063390157480314
20
0.5531072047244094
11
0.9063091732283465
21
0.5531791732283464
0
LINE
8
BLACK
6
CONTINUOUS
10
0.9063091732283465
20
0.5531791732283464
11
0.9061531102362205
21
0.5534271653543307
0
LINE
8
BLACK
6
CONTINUOUS
10
0.9061531102362205
20
0.5534271653543307
11
0.9042783464566929
21
0.5571766929133858
0
LINE
8
BLACK
6
CONTINUOUS
10
0.9042783464566929
20
0.5571766929133858
11
0.9040714566929133
21
0.5577173228346457
0
LINE
8
BLACK
6
CONTINUOUS
10
0.9040714566929133
20
0.5577173228346457
11
0.904063937007874
21
0.5578231496062992
0
LINE
8
BLACK
6
CONTINUOUS
10
0.904063937007874
20
0.5578231496062992
11
0.9040233464566929
21
0.5579211417322835
0
LINE
8
BLACK
6
CONTINUOUS
10
0.9040233464566929
20
0.5579211417322835
11
0.9039666141732283
21
0.5584972047244094
0
LINE
8
BLACK
6
CONTINUOUS
10
0.9039666141732283
20
0.5584972047244094
11
0.9039666141732283
21
0.5659962598425197
0
LINE
8
BLACK
6
CONTINUOUS
10
0.9039666141732283
20
0.5659962598425197
11
0.9040233464566929
21
0.5665723228346456
0
LINE
8
BLACK
6
CONTINUOUS
10
0.9040233464566929
20
0.5665723228346456
11
0.904063937007874
21
0.5666703543307087
0
LINE
8
BLACK
6
CONTINUOUS
10
0.904063937007874
20
0.5666703543307087
11
0.9040714566929133
21
0.5667761417322834
0
LINE
8
BLACK
6
CONTINUOUS
10
0.9040714566929133
20
0.5667761417322834
11
0.9042783464566929
21
0.5673167716535433
0
LINE
8
BLACK
6
CONTINUOUS
10
0.9042783464566929
20
0.5673167716535433
11
0.9061531102362205
21
0.5710662992125984
0
LINE
8
BLACK
6
CONTINUOUS
10
0.9061531102362205
20
0.5710662992125984
11
0.9064614566929133
21
0.5715561811023622
0
LINE
8
BLACK
6
CONTINUOUS
10
0.9064614566929133
20
0.5715561811023622
11
0.9073318503937008
21
0.5723110236220472
0
LINE
8
BLACK
6
CONTINUOUS
10
0.9073318503937008
20
0.5723110236220472
11
0.9084248031496063
21
0.5726753543307086
0
LINE
8
BLACK
6
CONTINUOUS
10
0.9084248031496063
20
0.5726753543307086
11
0.9095740157480314
21
0.5725937007874016
0
LINE
8
BLACK
6
CONTINUOUS
10
0.9095740157480314
20
0.5725937007874016
11
0.9106045275590551
21
0.5720784251968504
0
LINE
8
BLACK
6
CONTINUOUS
10
0.9106045275590551
20
0.5720784251968504
11
0.9113593700787401
21
0.5712080708661417
0
LINE
8
BLACK
6
CONTINUOUS
10
0.9113593700787401
20
0.5712080708661417
11
0.9117237007874015
21
0.5701150787401574
0
LINE
8
BLACK
6
CONTINUOUS
10
0.9117237007874015
20
0.5701150787401574
11
0.9116420472440945
21
0.5689658661417323
0
LINE
8
BLACK
6
CONTINUOUS
10
0.9116420472440945
20
0.5689658661417323
11
0.9114351574803149
21
0.5684252755905511
0
LINE
8
BLACK
6
CONTINUOUS
10
0.9114351574803149
20
0.5684252755905511
11
0.9098721259842519
21
0.5652992125984252
0
LINE
8
BLACK
6
CONTINUOUS
10
0.9098721259842519
20
0.5652992125984252
11
0.9098721259842519
21
0.5591942519685039
0
LINE
8
BLACK
6
CONTINUOUS
10
0.9098721259842519
20
0.5591942519685039
11
0.9112208661417323
21
0.5564967716535433
0
LINE
8
BLACK
6
CONTINUOUS
10
0.9112208661417323
20
0.5564967716535433
11
0.9124179921259842
21
0.5552996456692914
0
LINE
8
BLACK
6
CONTINUOUS
10
0.9124179921259842
20
0.5552996456692914
11
0.9151154724409448
21
0.553950905511811
0
LINE
8
BLACK
6
CONTINUOUS
10
0.9151154724409448
20
0.553950905511811
11
0.9249699606299212
21
0.553950905511811
0
LINE
8
BLACK
6
CONTINUOUS
10
0.9249699606299212
20
0.553950905511811
11
0.9276674409448818
21
0.5552996850393701
0
LINE
8
BLACK
6
CONTINUOUS
10
0.9276674409448818
20
0.5552996850393701
11
0.9288646062992125
21
0.556496811023622
0
LINE
8
BLACK
6
CONTINUOUS
10
0.9288646062992125
20
0.556496811023622
11
0.9302133464566928
21
0.5591942519685039
0
LINE
8
BLACK
6
CONTINUOUS
10
0.9302133464566928
20
0.5591942519685039
11
0.9302133464566928
21
0.5652992125984252
0
LINE
8
BLACK
6
CONTINUOUS
10
0.9302133464566928
20
0.5652992125984252
11
0.9286503149606299
21
0.5684252755905511
0
LINE
8
BLACK
6
CONTINUOUS
10
0.9286503149606299
20
0.5684252755905511
11
0.9284434251968504
21
0.568965905511811
0
LINE
8
BLACK
6
CONTINUOUS
10
0.9284434251968504
20
0.568965905511811
11
0.9283617716535433
21
0.5701151181102362
0
LINE
8
BLACK
6
CONTINUOUS
10
0.9283617716535433
20
0.5701151181102362
11
0.9287261023622047
21
0.5712080708661417
0
LINE
8
BLACK
6
CONTINUOUS
10
0.9287261023622047
20
0.5712080708661417
11
0.9294809448818897
21
0.5720784645669291
0
LINE
8
BLACK
6
CONTINUOUS
10
0.9294809448818897
20
0.5720784645669291
11
0.9305114566929134
21
0.5725937007874016
0
LINE
8
BLACK
6
CONTINUOUS
10
0.9305114566929134
20
0.5725937007874016
11
0.9316606692913386
21
0.5726753543307086
0
LINE
8
BLACK
6
CONTINUOUS
10
0.9316606692913386
20
0.5726753543307086
11
0.9327536220472441
21
0.5723110236220472
0
LINE
8
BLACK
6
CONTINUOUS
10
0.8973112598425197
20
0.5909485826771653
11
0.8977587007874016
21
0.5905813779527559
0
LINE
8
BLACK
6
CONTINUOUS
10
0.8977587007874016
20
0.5905813779527559
11
0.8996334645669292
21
0.5887066141732283
0
LINE
8
BLACK
6
CONTINUOUS
10
0.8996334645669292
20
0.5887066141732283
11
0.9000006692913386
21
0.5882591732283464
0
LINE
8
BLACK
6
CONTINUOUS
10
0.9000006692913386
20
0.5882591732283464
11
0.9001422440944882
21
0.5879174015748031
0
LINE
8
BLACK
6
CONTINUOUS
10
0.9001422440944882
20
0.5879174015748031
11
0.9004415748031496
21
0.5871947244094488
0
LINE
8
BLACK
6
CONTINUOUS
10
0.9004415748031496
20
0.5871947244094488
11
0.9004415748031496
21
0.5860426377952755
0
LINE
8
BLACK
6
CONTINUOUS
10
0.9004415748031496
20
0.5860426377952755
11
0.9000006692913386
21
0.5849782283464566
0
LINE
8
BLACK
6
CONTINUOUS
10
0.9000006692913386
20
0.5849782283464566
11
0.8996334645669292
21
0.5845307874015748
0
LINE
8
BLACK
6
CONTINUOUS
10
0.8996334645669292
20
0.5845307874015748
11
0.8977587007874016
21
0.5826560236220473
0
LINE
8
BLACK
6
CONTINUOUS
10
0.8977587007874016
20
0.5826560236220473
11
0.8973112598425197
21
0.5822888188976377
0
LINE
8
BLACK
6
CONTINUOUS
10
0.8973112598425197
20
0.5822888188976377
11
0.896246811023622
21
0.5818479133858268
0
LINE
8
BLACK
6
CONTINUOUS
10
0.896246811023622
20
0.5818479133858268
11
0.8950947637795276
21
0.5818479133858268
0
LINE
8
BLACK
6
CONTINUOUS
10
0.8950947637795276
20
0.5818479133858268
11
0.8950947244094488
21
0.5818479133858268
0
LINE
8
BLACK
6
CONTINUOUS
10
0.8950947244094488
20
0.5818479133858268
11
0.8940303149606299
21
0.5822888188976377
0
LINE
8
BLACK
6
CONTINUOUS
10
0.8940303149606299
20
0.5822888188976377
11
0.893582874015748
21
0.5826560236220473
0
LINE
8
BLACK
6
CONTINUOUS
10
0.893582874015748
20
0.5826560236220473
11
0.8917081102362204
21
0.5845307874015748
0
LINE
8
BLACK
6
CONTINUOUS
10
0.8917081102362204
20
0.5845307874015748
11
0.891340905511811
21
0.5849782283464566
0
LINE
8
BLACK
6
CONTINUOUS
10
0.891340905511811
20
0.5849782283464566
11
0.8909
21
0.5860426771653543
0
LINE
8
BLACK
6
CONTINUOUS
10
0.8909
20
0.5860426771653543
11
0.8909
21
0.5871947244094488
0
LINE
8
BLACK
6
CONTINUOUS
10
0.8909
20
0.5871947244094488
11
0.891340905511811
21
0.5882591732283464
0
LINE
8
BLACK
6
CONTINUOUS
10
0.891340905511811
20
0.5882591732283464
11
0.8917081102362204
21
0.5887066141732283
0
LINE
8
BLACK
6
CONTINUOUS
10
0.8917081102362204
20
0.5887066141732283
11
0.893582874015748
21
0.5905813779527559
0
LINE
8
BLACK
6
CONTINUOUS
10
0.893582874015748
20
0.5905813779527559
11
0.8940303149606299
21
0.5909485826771653
0
LINE
8
BLACK
6
CONTINUOUS
10
0.8940303149606299
20
0.5909485826771653
11
0.8950947244094488
21
0.5913894881889764
0
LINE
8
BLACK
6
CONTINUOUS
10
0.8950947244094488
20
0.5913894881889764
11
0.896246811023622
21
0.5913894881889764
0
LINE
8
BLACK
6
CONTINUOUS
10
0.896246811023622
20
0.5913894881889764
11
0.8973112598425197
21
0.5909485826771653
0
LINE
8
BLACK
6
CONTINUOUS
10
0.9337421653543306
20
0.5895147244094489
11
0.9348065748031495
21
0.5890738188976378
0
LINE
8
BLACK
6
CONTINUOUS
10
0.9348065748031495
20
0.5890738188976378
11
0.9356212204724409
21
0.5882591732283464
0
LINE
8
BLACK
6
CONTINUOUS
10
0.9356212204724409
20
0.5882591732283464
11
0.936062125984252
21
0.5871947637795275
0
LINE
8
BLACK
6
CONTINUOUS
10
0.936062125984252
20
0.5871947637795275
11
0.936062125984252
21
0.5860426377952755
0
LINE
8
BLACK
6
CONTINUOUS
10
0.936062125984252
20
0.5860426377952755
11
0.9356212204724409
21
0.5849782283464566
0
LINE
8
BLACK
6
CONTINUOUS
10
0.9356212204724409
20
0.5849782283464566
11
0.9348065748031495
21
0.5841635826771654
0
LINE
8
BLACK
6
CONTINUOUS
10
0.9348065748031495
20
0.5841635826771654
11
0.9337421653543306
21
0.5837226771653543
0
LINE
8
BLACK
6
CONTINUOUS
10
0.9337421653543306
20
0.5837226771653543
11
0.9331661023622047
21
0.5836659448818897
0
LINE
8
BLACK
6
CONTINUOUS
10
0.9331661023622047
20
0.5836659448818897
11
0.9069193700787401
21
0.5836659448818897
0
LINE
8
BLACK
6
CONTINUOUS
10
0.9069193700787401
20
0.5836659448818897
11
0.9063433070866141
21
0.5837226771653543
0
LINE
8
BLACK
6
CONTINUOUS
10
0.9063433070866141
20
0.5837226771653543
11
0.9052788976377952
21
0.5841635826771654
0
LINE
8
BLACK
6
CONTINUOUS
10
0.9052788976377952
20
0.5841635826771654
11
0.9044642519685039
21
0.5849782283464566
0
LINE
8
BLACK
6
CONTINUOUS
10
0.9044642519685039
20
0.5849782283464566
11
0.9040233464566929
21
0.5860426377952755
0
LINE
8
BLACK
6
CONTINUOUS
10
0.9040233464566929
20
0.5860426377952755
11
0.9040233464566929
21
0.5871947637795275
0
LINE
8
BLACK
6
CONTINUOUS
10
0.9040233464566929
20
0.5871947637795275
11
0.9044642519685039
21
0.5882591732283464
0
LINE
8
BLACK
6
CONTINUOUS
10
0.9044642519685039
20
0.5882591732283464
11
0.9052788976377952
21
0.5890738188976378
0
LINE
8
BLACK
6
CONTINUOUS
10
0.9052788976377952
20
0.5890738188976378
11
0.9063433070866141
21
0.5895147244094489
0
LINE
8
BLACK
6
CONTINUOUS
10
0.9063433070866141
20
0.5895147244094489
11
0.9069193700787401
21
0.5895714566929133
0
LINE
8
BLACK
6
CONTINUOUS
10
0.9069193700787401
20
0.5895714566929133
11
0.9331661023622047
21
0.5895714566929133
0
LINE
8
BLACK
6
CONTINUOUS
10
0.9331661023622047
20
0.5895714566929133
11
0.9337421653543306
21
0.5895147244094489
0
LINE
8
BLACK
6
CONTINUOUS
10
0.9337421653543306
20
0.6251352362204724
11
0.9348065748031495
21
0.6246943307086614
0
LINE
8
BLACK
6
CONTINUOUS
10
0.9348065748031495
20
0.6246943307086614
11
0.9356212204724409
21
0.6238796850393701
0
LINE
8
BLACK
6
CONTINUOUS
10
0.9356212204724409
20
0.6238796850393701
11
0.936062125984252
21
0.6228152755905512
0
LINE
8
BLACK
6
CONTINUOUS
10
0.936062125984252
20
0.6228152755905512
11
0.936062125984252
21
0.6216631496062992
0
LINE
8
BLACK
6
CONTINUOUS
10
0.936062125984252
20
0.6216631496062992
11
0.9356212204724409
21
0.6205987401574803
0
LINE
8
BLACK
6
CONTINUOUS
10
0.9356212204724409
20
0.6205987401574803
11
0.9354822834645669
21
0.620459842519685
0
LINE
8
BLACK
6
CONTINUOUS
10
0.9354822834645669
20
0.620459842519685
11
0.935807125984252
21
0.6198101968503937
0
LINE
8
BLACK
6
CONTINUOUS
10
0.935807125984252
20
0.6198101968503937
11
0.9360140157480314
21
0.6192696062992126
0
LINE
8
BLACK
6
CONTINUOUS
10
0.9360140157480314
20
0.6192696062992126
11
0.9360215354330709
21
0.6191637401574803
0
LINE
8
BLACK
6
CONTINUOUS
10
0.9360215354330709
20
0.6191637401574803
11
0.936062125984252
21
0.6190657480314961
0
LINE
8
BLACK
6
CONTINUOUS
10
0.936062125984252
20
0.6190657480314961
11
0.9361188582677166
21
0.6184896850393701
0
LINE
8
BLACK
6
CONTINUOUS
10
0.9361188582677166
20
0.6184896850393701
11
0.9361188582677166
21
0.6091158661417323
0
LINE
8
BLACK
6
CONTINUOUS
10
0.9361188582677166
20
0.6091158661417323
11
0.936062125984252
21
0.6085398031496063
0
LINE
8
BLACK
6
CONTINUOUS
10
0.936062125984252
20
0.6085398031496063
11
0.9360215354330709
21
0.6084418503937008
0
LINE
8
BLACK
6
CONTINUOUS
10
0.9360215354330709
20
0.6084418503937008
11
0.9360140157480314
21
0.6083359448818898
0
LINE
8
BLACK
6
CONTINUOUS
10
0.9360140157480314
20
0.6083359448818898
11
0.935807125984252
21
0.6077953543307086
0
LINE
8
BLACK
6
CONTINUOUS
10
0.935807125984252
20
0.6077953543307086
11
0.9339323622047244
21
0.6040458267716535
0
LINE
8
BLACK
6
CONTINUOUS
10
0.9339323622047244
20
0.6040458267716535
11
0.9338716929133858
21
0.6039494881889763
0
LINE
8
BLACK
6
CONTINUOUS
10
0.9338716929133858
20
0.6039494881889763
11
0.9338565748031495
21
0.6039040551181102
0
LINE
8
BLACK
6
CONTINUOUS
10
0.9338565748031495
20
0.6039040551181102
11
0.9338075196850394
21
0.6038475196850394
0
LINE
8
BLACK
6
CONTINUOUS
10
0.9338075196850394
20
0.6038475196850394
11
0.9336240157480314
21
0.6035559448818898
0
LINE
8
BLACK
6
CONTINUOUS
10
0.9336240157480314
20
0.6035559448818898
11
0.9333441732283464
21
0.6033133070866141
0
LINE
8
BLACK
6
CONTINUOUS
10
0.9333441732283464
20
0.6033133070866141
11
0.9331016929133858
21
0.6030336614173228
0
LINE
8
BLACK
6
CONTINUOUS
10
0.9331016929133858
20
0.6030336614173228
11
0.9328101968503937
21
0.6028501968503936
0
LINE
8
BLACK
6
CONTINUOUS
10
0.9328101968503937
20
0.6028501968503936
11
0.9327536220472441
21
0.6028011023622047
0
LINE
8
BLACK
6
CONTINUOUS
10
0.9327536220472441
20
0.6028011023622047
11
0.9327081496062992
21
0.6027859842519685
0
LINE
8
BLACK
6
CONTINUOUS
10
0.9327081496062992
20
0.6027859842519685
11
0.9326118503937008
21
0.6027253149606299
0
LINE
8
BLACK
6
CONTINUOUS
10
0.9326118503937008
20
0.6027253149606299
11
0.9288622834645669
21
0.6008505511811023
0
LINE
8
BLACK
6
CONTINUOUS
10
0.9288622834645669
20
0.6008505511811023
11
0.9283216535433071
21
0.6006436614173228
0
LINE
8
BLACK
6
CONTINUOUS
10
0.9283216535433071
20
0.6006436614173228
11
0.9282158267716535
21
0.6006361811023622
0
LINE
8
BLACK
6
CONTINUOUS
10
0.9282158267716535
20
0.6006361811023622
11
0.9281178346456692
21
0.6005955511811023
0
LINE
8
BLACK
6
CONTINUOUS
10
0.9281178346456692
20
0.6005955511811023
11
0.9275417716535432
21
0.6005388188976378
0
LINE
8
BLACK
6
CONTINUOUS
10
0.9275417716535432
20
0.6005388188976378
11
0.9237922440944881
21
0.6005388188976378
0
LINE
8
BLACK
6
CONTINUOUS
10
0.9237922440944881
20
0.6005388188976378
11
0.9232161811023621
21
0.6005955511811023
0
LINE
8
BLACK
6
CONTINUOUS
10
0.9232161811023621
20
0.6005955511811023
11
0.923118188976378
21
0.6006361417322834
0
LINE
8
BLACK
6
CONTINUOUS
10
0.923118188976378
20
0.6006361417322834
11
0.9230123228346456
21
0.6006436614173228
0
LINE
8
BLACK
6
CONTINUOUS
10
0.9230123228346456
20
0.6006436614173228
11
0.9224717322834646
21
0.6008505511811023
0
LINE
8
BLACK
6
CONTINUOUS
10
0.9224717322834646
20
0.6008505511811023
11
0.9187222047244095
21
0.6027253149606299
0
LINE
8
BLACK
6
CONTINUOUS
10
0.9187222047244095
20
0.6027253149606299
11
0.9186258267716535
21
0.6027859842519685
0
LINE
8
BLACK
6
CONTINUOUS
10
0.9186258267716535
20
0.6027859842519685
11
0.9185804330708661
21
0.6028011023622047
0
LINE
8
BLACK
6
CONTINUOUS
10
0.9185804330708661
20
0.6028011023622047
11
0.9185238582677165
21
0.6028501574803149
0
LINE
8
BLACK
6
CONTINUOUS
10
0.9185238582677165
20
0.6028501574803149
11
0.9182323228346456
21
0.6030336614173228
0
LINE
8
BLACK
6
CONTINUOUS
10
0.9182323228346456
20
0.6030336614173228
11
0.9179897244094488
21
0.6033133858267716
0
LINE
8
BLACK
6
CONTINUOUS
10
0.9179897244094488
20
0.6033133858267716
11
0.9177100393700787
21
0.6035559448818898
0
LINE
8
BLACK
6
CONTINUOUS
10
0.9177100393700787
20
0.6035559448818898
11
0.9175264960629921
21
0.6038475196850394
0
LINE
8
BLACK
6
CONTINUOUS
10
0.9175264960629921
20
0.6038475196850394
11
0.9174774803149606
21
0.6039040551181102
0
LINE
8
BLACK
6
CONTINUOUS
10
0.9174774803149606
20
0.6039040551181102
11
0.9174623228346457
21
0.6039494881889763
0
LINE
8
BLACK
6
CONTINUOUS
10
0.9174623228346457
20
0.6039494881889763
11
0.9174016929133858
21
0.6040458267716535
0
LINE
8
BLACK
6
CONTINUOUS
10
0.9174016929133858
20
0.6040458267716535
11
0.9155269291338582
21
0.6077953543307086
0
LINE
8
BLACK
6
CONTINUOUS
10
0.9155269291338582
20
0.6077953543307086
11
0.9153200393700787
21
0.6083359842519684
0
LINE
8
BLACK
6
CONTINUOUS
10
0.9153200393700787
20
0.6083359842519684
11
0.9153125196850393
21
0.608441811023622
0
LINE
8
BLACK
6
CONTINUOUS
10
0.9153125196850393
20
0.608441811023622
11
0.9152719291338582
21
0.6085398031496063
0
LINE
8
BLACK
6
CONTINUOUS
10
0.9152719291338582
20
0.6085398031496063
11
0.9152151968503937
21
0.6091158661417323
0
LINE
8
BLACK
6
CONTINUOUS
10
0.9152151968503937
20
0.6091158661417323
11
0.9152151968503937
21
0.6177926377952756
0
LINE
8
BLACK
6
CONTINUOUS
10
0.9152151968503937
20
0.6177926377952756
11
0.9144682677165354
21
0.6192864566929134
0
LINE
8
BLACK
6
CONTINUOUS
10
0.9144682677165354
20
0.6192864566929134
11
0.9132407086614173
21
0.6192864566929134
0
LINE
8
BLACK
6
CONTINUOUS
10
0.9132407086614173
20
0.6192864566929134
11
0.9109949606299212
21
0.6181636220472441
0
LINE
8
BLACK
6
CONTINUOUS
10
0.9109949606299212
20
0.6181636220472441
11
0.9098721259842519
21
0.615917874015748
0
LINE
8
BLACK
6
CONTINUOUS
10
0.9098721259842519
20
0.615917874015748
11
0.9098721259842519
21
0.6098129133858268
0
LINE
8
BLACK
6
CONTINUOUS
10
0.9098721259842519
20
0.6098129133858268
11
0.9114351574803149
21
0.6066868503937007
0
LINE
8
BLACK
6
CONTINUOUS
10
0.9114351574803149
20
0.6066868503937007
11
0.9116420472440945
21
0.6061462598425197
0
LINE
8
BLACK
6
CONTINUOUS
10
0.9116420472440945
20
0.6061462598425197
11
0.9117237007874015
21
0.6049970472440944
0
LINE
8
BLACK
6
CONTINUOUS
10
0.9117237007874015
20
0.6049970472440944
11
0.9113593700787401
21
0.6039040551181102
0
LINE
8
BLACK
6
CONTINUOUS
10
0.9113593700787401
20
0.6039040551181102
11
0.9106045275590551
21
0.6030337007874016
0
LINE
8
BLACK
6
CONTINUOUS
10
0.9106045275590551
20
0.6030337007874016
11
0.9095740157480314
21
0.6025184251968504
0
LINE
8
BLACK
6
CONTINUOUS
10
0.9095740157480314
20
0.6025184251968504
11
0.9084248031496063
21
0.6024367716535433
0
LINE
8
BLACK
6
CONTINUOUS
10
0.9084248031496063
20
0.6024367716535433
11
0.9073318503937008
21
0.6028011023622047
0
LINE
8
BLACK
6
CONTINUOUS
10
0.9073318503937008
20
0.6028011023622047
11
0.9064614566929133
21
0.6035559448818898
0
LINE
8
BLACK
6
CONTINUOUS
10
0.9064614566929133
20
0.6035559448818898
11
0.9061531102362205
21
0.6040458267716535
0
LINE
8
BLACK
6
CONTINUOUS
10
0.9061531102362205
20
0.6040458267716535
11
0.9042783464566929
21
0.6077953543307086
0
LINE
8
BLACK
6
CONTINUOUS
10
0.9042783464566929
20
0.6077953543307086
11
0.9040714566929133
21
0.6083359842519684
0
LINE
8
BLACK
6
CONTINUOUS
10
0.9040714566929133
20
0.6083359842519684
11
0.904063937007874
21
0.608441811023622
0
LINE
8
BLACK
6
CONTINUOUS
10
0.904063937007874
20
0.608441811023622
11
0.9040233464566929
21
0.6085398031496063
0
LINE
8
BLACK
6
CONTINUOUS
10
0.9040233464566929
20
0.6085398031496063
11
0.9039666141732283
21
0.6091158661417323
0
LINE
8
BLACK
6
CONTINUOUS
10
0.9039666141732283
20
0.6091158661417323
11
0.9039666141732283
21
0.6166149212598425
0
LINE
8
BLACK
6
CONTINUOUS
10
0.9039666141732283
20
0.6166149212598425
11
0.9040233464566929
21
0.6171909842519685
0
LINE
8
BLACK
6
CONTINUOUS
10
0.9040233464566929
20
0.6171909842519685
11
0.904063937007874
21
0.6172890157480315
0
LINE
8
BLACK
6
CONTINUOUS
10
0.904063937007874
20
0.6172890157480315
11
0.9040714566929133
21
0.6173948031496063
0
LINE
8
BLACK
6
CONTINUOUS
10
0.9040714566929133
20
0.6173948031496063
11
0.9042783464566929
21
0.6179354330708662
0
LINE
8
BLACK
6
CONTINUOUS
10
0.9042783464566929
20
0.6179354330708662
11
0.9061531102362205
21
0.6216849606299213
0
LINE
8
BLACK
6
CONTINUOUS
10
0.9061531102362205
20
0.6216849606299213
11
0.9062137401574802
21
0.6217813385826771
0
LINE
8
BLACK
6
CONTINUOUS
10
0.9062137401574802
20
0.6217813385826771
11
0.9062288976377952
21
0.6218267322834645
0
LINE
8
BLACK
6
CONTINUOUS
10
0.9062288976377952
20
0.6218267322834645
11
0.9062779133858267
21
0.6218833070866142
0
LINE
8
BLACK
6
CONTINUOUS
10
0.9062779133858267
20
0.6218833070866142
11
0.9064614566929133
21
0.622174842519685
0
LINE
8
BLACK
6
CONTINUOUS
10
0.9064614566929133
20
0.622174842519685
11
0.9067411417322835
21
0.6224174409448818
0
LINE
8
BLACK
6
CONTINUOUS
10
0.9067411417322835
20
0.6224174409448818
11
0.9069837401574803
21
0.622697125984252
0
LINE
8
BLACK
6
CONTINUOUS
10
0.9069837401574803
20
0.622697125984252
11
0.9072752755905512
21
0.6228806692913386
0
LINE
8
BLACK
6
CONTINUOUS
10
0.9072752755905512
20
0.6228806692913386
11
0.9073318503937008
21
0.6229296850393701
0
LINE
8
BLACK
6
CONTINUOUS
10
0.9073318503937008
20
0.6229296850393701
11
0.9073772440944882
21
0.6229448425196851
0
LINE
8
BLACK
6
CONTINUOUS
10
0.9073772440944882
20
0.6229448425196851
11
0.907473622047244
21
0.6230054724409448
0
LINE
8
BLACK
6
CONTINUOUS
10
0.907473622047244
20
0.6230054724409448
11
0.9112231496062992
21
0.6248802362204724
0
LINE
8
BLACK
6
CONTINUOUS
10
0.9112231496062992
20
0.6248802362204724
11
0.9117637401574803
21
0.625087125984252
0
LINE
8
BLACK
6
CONTINUOUS
10
0.9117637401574803
20
0.625087125984252
11
0.9118696062992125
21
0.62509468503937
0
LINE
8
BLACK
6
CONTINUOUS
10
0.9118696062992125
20
0.62509468503937
11
0.9119675984251968
21
0.6251352362204724
0
LINE
8
BLACK
6
CONTINUOUS
10
0.9119675984251968
20
0.6251352362204724
11
0.9125436614173228
21
0.625191968503937
0
LINE
8
BLACK
6
CONTINUOUS
10
0.9125436614173228
20
0.625191968503937
11
0.9331661023622047
21
0.625191968503937
0
LINE
8
BLACK
6
CONTINUOUS
10
0.9331661023622047
20
0.625191968503937
11
0.9337421653543306
21
0.6251352362204724
0
LINE
8
BLACK
6
CONTINUOUS
10
0.9210158661417323
20
0.6192696062992126
11
0.9210233858267717
21
0.6191637401574803
0
LINE
8
BLACK
6
CONTINUOUS
10
0.9210233858267717
20
0.6191637401574803
11
0.9210639763779528
21
0.6190657480314961
0
LINE
8
BLACK
6
CONTINUOUS
10
0.9210639763779528
20
0.6190657480314961
11
0.9211207086614173
21
0.6184896850393701
0
LINE
8
BLACK
6
CONTINUOUS
10
0.9211207086614173
20
0.6184896850393701
11
0.9211207086614173
21
0.6098129133858268
0
LINE
8
BLACK
6
CONTINUOUS
10
0.9211207086614173
20
0.6098129133858268
11
0.9222435433070866
21
0.6075672047244094
0
LINE
8
BLACK
6
CONTINUOUS
10
0.9222435433070866
20
0.6075672047244094
11
0.9244892913385827
21
0.6064443307086614
0
LINE
8
BLACK
6
CONTINUOUS
10
0.9244892913385827
20
0.6064443307086614
11
0.9268447244094488
21
0.6064443307086614
0
LINE
8
BLACK
6
CONTINUOUS
10
0.9268447244094488
20
0.6064443307086614
11
0.9290904724409449
21
0.6075672047244094
0
LINE
8
BLACK
6
CONTINUOUS
10
0.9290904724409449
20
0.6075672047244094
11
0.9302133464566928
21
0.6098129133858268
0
LINE
8
BLACK
6
CONTINUOUS
10
0.9302133464566928
20
0.6098129133858268
11
0.9302133464566928
21
0.6177926377952756
0
LINE
8
BLACK
6
CONTINUOUS
10
0.9302133464566928
20
0.6177926377952756
11
0.9294664173228346
21
0.6192864566929134
0
LINE
8
BLACK
6
CONTINUOUS
10
0.9294664173228346
20
0.6192864566929134
11
0.9210094094488189
21
0.6192864566929134
0
LINE
8
BLACK
6
CONTINUOUS
10
0.9210094094488189
20
0.6192864566929134
11
0.9210158661417323
21
0.6192696062992126
0
LINE
8
BLACK
6
CONTINUOUS
10
0.9339459842519685
20
0.6494590944881889
11
0.9349764960629922
21
0.6489438188976377
0
LINE
8
BLACK
6
CONTINUOUS
10
0.9349764960629922
20
0.6489438188976377
11
0.9357313385826771
21
0.6480734645669292
0
LINE
8
BLACK
6
CONTINUOUS
10
0.9357313385826771
20
0.6480734645669292
11
0.9360956692913386
21
0.6469804724409449
0
LINE
8
BLACK
6
CONTINUOUS
10
0.9360956692913386
20
0.6469804724409449
11
0.9360140157480314
21
0.6458312598425197
0
LINE
8
BLACK
6
CONTINUOUS
10
0.9360140157480314
20
0.6458312598425197
11
0.935807125984252
21
0.6452906692913386
0
LINE
8
BLACK
6
CONTINUOUS
10
0.935807125984252
20
0.6452906692913386
11
0.9339323622047244
21
0.6415411417322835
0
LINE
8
BLACK
6
CONTINUOUS
10
0.9339323622047244
20
0.6415411417322835
11
0.9338716929133858
21
0.6414448031496063
0
LINE
8
BLACK
6
CONTINUOUS
10
0.9338716929133858
20
0.6414448031496063
11
0.9338565748031495
21
0.6413993700787401
0
LINE
8
BLACK
6
CONTINUOUS
10
0.9338565748031495
20
0.6413993700787401
11
0.9338075196850394
21
0.6413428346456693
0
LINE
8
BLACK
6
CONTINUOUS
10
0.9338075196850394
20
0.6413428346456693
11
0.9336240157480314
21
0.6410512598425196
0
LINE
8
BLACK
6
CONTINUOUS
10
0.9336240157480314
20
0.6410512598425196
11
0.9333441732283464
21
0.6408086220472441
0
LINE
8
BLACK
6
CONTINUOUS
10
0.9333441732283464
20
0.6408086220472441
11
0.9331016929133858
21
0.6405289763779527
0
LINE
8
BLACK
6
CONTINUOUS
10
0.9331016929133858
20
0.6405289763779527
11
0.9328101968503937
21
0.6403455118110236
0
LINE
8
BLACK
6
CONTINUOUS
10
0.9328101968503937
20
0.6403455118110236
11
0.9327536220472441
21
0.6402964173228346
0
LINE
8
BLACK
6
CONTINUOUS
10
0.9327536220472441
20
0.6402964173228346
11
0.9327081496062992
21
0.6402812992125985
0
LINE
8
BLACK
6
CONTINUOUS
10
0.9327081496062992
20
0.6402812992125985
11
0.9326118503937008
21
0.6402206299212598
0
LINE
8
BLACK
6
CONTINUOUS
10
0.9326118503937008
20
0.6402206299212598
11
0.9288622834645669
21
0.6383458661417323
0
LINE
8
BLACK
6
CONTINUOUS
10
0.9288622834645669
20
0.6383458661417323
11
0.9283216535433071
21
0.6381389763779527
0
LINE
8
BLACK
6
CONTINUOUS
10
0.9283216535433071
20
0.6381389763779527
11
0.9282158267716535
21
0.6381314960629921
0
LINE
8
BLACK
6
CONTINUOUS
10
0.9282158267716535
20
0.6381314960629921
11
0.9281178346456692
21
0.6380908661417323
0
LINE
8
BLACK
6
CONTINUOUS
10
0.9281178346456692
20
0.6380908661417323
11
0.9275417716535432
21
0.6380341338582677
0
LINE
8
BLACK
6
CONTINUOUS
10
0.9275417716535432
20
0.6380341338582677
11
0.8937960236220472
21
0.6380341338582677
0
LINE
8
BLACK
6
CONTINUOUS
10
0.8937960236220472
20
0.6380341338582677
11
0.8932199606299213
21
0.6380908661417323
0
LINE
8
BLACK
6
CONTINUOUS
10
0.8932199606299213
20
0.6380908661417323
11
0.8921555511811023
21
0.6385317716535432
0
LINE
8
BLACK
6
CONTINUOUS
10
0.8921555511811023
20
0.6385317716535432
11
0.891340905511811
21
0.6393464173228346
0
LINE
8
BLACK
6
CONTINUOUS
10
0.891340905511811
20
0.6393464173228346
11
0.8909
21
0.6404108267716535
0
LINE
8
BLACK
6
CONTINUOUS
10
0.8909
20
0.6404108267716535
11
0.8909
21
0.6415629527559055
0
LINE
8
BLACK
6
CONTINUOUS
10
0.8909
20
0.6415629527559055
11
0.891340905511811
21
0.6426273622047244
0
LINE
8
BLACK
6
CONTINUOUS
10
0.891340905511811
20
0.6426273622047244
11
0.8921555511811023
21
0.6434420078740157
0
LINE
8
BLACK
6
CONTINUOUS
10
0.8921555511811023
20
0.6434420078740157
11
0.8932199606299213
21
0.6438829133858267
0
LINE
8
BLACK
6
CONTINUOUS
10
0.8932199606299213
20
0.6438829133858267
11
0.8937960236220472
21
0.6439396456692913
0
LINE
8
BLACK
6
CONTINUOUS
10
0.8937960236220472
20
0.6439396456692913
11
0.9268447244094488
21
0.6439396456692913
0
LINE
8
BLACK
6
CONTINUOUS
10
0.9268447244094488
20
0.6439396456692913
11
0.9290904724409449
21
0.6450625196850394
0
LINE
8
BLACK
6
CONTINUOUS
10
0.9290904724409449
20
0.6450625196850394
11
0.9305250787401574
21
0.6479316929133858
0
LINE
8
BLACK
6
CONTINUOUS
10
0.9305250787401574
20
0.6479316929133858
11
0.9308334251968504
21
0.6484215748031495
0
LINE
8
BLACK
6
CONTINUOUS
10
0.9308334251968504
20
0.6484215748031495
11
0.9317038188976378
21
0.6491764173228346
0
LINE
8
BLACK
6
CONTINUOUS
10
0.9317038188976378
20
0.6491764173228346
11
0.9327967716535432
21
0.6495407480314961
0
LINE
8
BLACK
6
CONTINUOUS
10
0.9327967716535432
20
0.6495407480314961
11
0.9339459842519685
21
0.6494590944881889
0
LINE
8
BLACK
6
CONTINUOUS
10
2.4387185433070866
20
1.8578918897637795
11
2.4397829527559054
21
1.8574509842519684
0
LINE
8
BLACK
6
CONTINUOUS
10
2.4397829527559054
20
1.8574509842519684
11
2.4405975984251969
21
1.8566363385826772
0
LINE
8
BLACK
6
CONTINUOUS
10
2.4405975984251969
20
1.8566363385826772
11
2.4410385039370079
21
1.8555719291338582
0
LINE
8
BLACK
6
CONTINUOUS
10
2.4410385039370079
20
1.8555719291338582
11
2.4410385039370079
21
1.8544198031496062
0
LINE
8
BLACK
6
CONTINUOUS
10
2.4410385039370079
20
1.8544198031496062
11
2.4405975984251969
21
1.8533553937007874
0
LINE
8
BLACK
6
CONTINUOUS
10
2.4405975984251969
20
1.8533553937007874
11
2.4397829527559054
21
1.8525407480314959
0
LINE
8
BLACK
6
CONTINUOUS
10
2.4397829527559054
20
1.8525407480314959
11
2.4387185433070866
21
1.8520998425196851
0
LINE
8
BLACK
6
CONTINUOUS
10
2.4387185433070866
20
1.8520998425196851
11
2.4381424803149607
21
1.8520431102362205
0
LINE
8
BLACK
6
CONTINUOUS
10
2.4381424803149607
20
1.8520431102362205
11
2.4204727952755904
21
1.8520431102362205
0
LINE
8
BLACK
6
CONTINUOUS
10
2.4204727952755904
20
1.8520431102362205
11
2.4204727952755904
21
1.8354514566929134
0
LINE
8
BLACK
6
CONTINUOUS
10
2.4204727952755904
20
1.8354514566929134
11
2.4381424803149607
21
1.8354514566929134
0
LINE
8
BLACK
6
CONTINUOUS
10
2.4381424803149607
20
1.8354514566929134
11
2.4387185433070866
21
1.8353947244094488
0
LINE
8
BLACK
6
CONTINUOUS
10
2.4387185433070866
20
1.8353947244094488
11
2.4397829527559054
21
1.8349538188976378
0
LINE
8
BLACK
6
CONTINUOUS
10
2.4397829527559054
20
1.8349538188976378
11
2.4405975984251969
21
1.8341391732283465
0
LINE
8
BLACK
6
CONTINUOUS
10
2.4405975984251969
20
1.8341391732283465
11
2.4410385039370079
21
1.8330747637795275
0
LINE
8
BLACK
6
CONTINUOUS
10
2.4410385039370079
20
1.8330747637795275
11
2.4410385039370079
21
1.8319226377952755
0
LINE
8
BLACK
6
CONTINUOUS
10
2.4410385039370079
20
1.8319226377952755
11
2.4405975984251969
21
1.8308582283464567
0
LINE
8
BLACK
6
CONTINUOUS
10
2.4405975984251969
20
1.8308582283464567
11
2.4397829527559054
21
1.8300435826771653
0
LINE
8
BLACK
6
CONTINUOUS
10
2.4397829527559054
20
1.8300435826771653
11
2.4387185433070866
21
1.8296026771653542
0
LINE
8
BLACK
6
CONTINUOUS
10
2.4387185433070866
20
1.8296026771653542
11
2.4381424803149607
21
1.8295459448818898
0
LINE
8
BLACK
6
CONTINUOUS
10
2.4381424803149607
20
1.8295459448818898
11
2.3987724015748033
21
1.8295459448818898
0
LINE
8
BLACK
6
CONTINUOUS
10
2.3987724015748033
20
1.8295459448818898
11
2.398196338582677
21
1.8296026771653542
0
LINE
8
BLACK
6
CONTINUOUS
10
2.398196338582677
20
1.8296026771653542
11
2.3971319291338582
21
1.8300435826771653
0
LINE
8
BLACK
6
CONTINUOUS
10
2.3971319291338582
20
1.8300435826771653
11
2.3963172834645667
21
1.8308582283464567
0
LINE
8
BLACK
6
CONTINUOUS
10
2.3963172834645667
20
1.8308582283464567
11
2.3958763779527557
21
1.8319226377952755
0
LINE
8
BLACK
6
CONTINUOUS
10
2.3958763779527557
20
1.8319226377952755
11
2.3958763779527557
21
1.8330747637795275
0
LINE
8
BLACK
6
CONTINUOUS
10
2.3958763779527557
20
1.8330747637795275
11
2.3963172834645667
21
1.8341391732283465
0
LINE
8
BLACK
6
CONTINUOUS
10
2.3963172834645667
20
1.8341391732283465
11
2.3971319291338582
21
1.8349538188976378
0
LINE
8
BLACK
6
CONTINUOUS
10
2.3971319291338582
20
1.8349538188976378
11
2.398196338582677
21
1.8353947244094488
0
LINE
8
BLACK
6
CONTINUOUS
10
2.398196338582677
20
1.8353947244094488
11
2.3987724015748033
21
1.8354514566929134
0
LINE
8
BLACK
6
CONTINUOUS
10
2.3987724015748033
20
1.8354514566929134
11
2.4145672834645668
21
1.8354514566929134
0
LINE
8
BLACK
6
CONTINUOUS
10
2.4145672834645668
20
1.8354514566929134
11
2.4145672834645668
21
1.8520431102362205
0
LINE
8
BLACK
6
CONTINUOUS
10
2.4145672834645668
20
1.8520431102362205
11
2.3987724015748033
21
1.8520431102362205
0
LINE
8
BLACK
6
CONTINUOUS
10
2.3987724015748033
20
1.8520431102362205
11
2.398196338582677
21
1.8520998425196851
0
LINE
8
BLACK
6
CONTINUOUS
10
2.398196338582677
20
1.8520998425196851
11
2.3971319291338582
21
1.8525407480314959
0
LINE
8
BLACK
6
CONTINUOUS
10
2.3971319291338582
20
1.8525407480314959
11
2.3963172834645667
21
1.8533553937007874
0
LINE
8
BLACK
6
CONTINUOUS
10
2.3963172834645667
20
1.8533553937007874
11
2.3958763779527557
21
1.8544198031496062
0
LINE
8
BLACK
6
CONTINUOUS
10
2.3958763779527557
20
1.8544198031496062
11
2.3958763779527557
21
1.8555719291338582
0
LINE
8
BLACK
6
CONTINUOUS
10
2.3958763779527557
20
1.8555719291338582
11
2.3963172834645667
21
1.8566363385826772
0
LINE
8
BLACK
6
CONTINUOUS
10
2.3963172834645667
20
1.8566363385826772
11
2.3971319291338582
21
1.8574509842519684
0
LINE
8
BLACK
6
CONTINUOUS
10
2.3971319291338582
20
1.8574509842519684
11
2.398196338582677
21
1.8578918897637795
0
LINE
8
BLACK
6
CONTINUOUS
10
2.398196338582677
20
1.8578918897637795
11
2.3987724015748033
21
1.8579486220472441
0
LINE
8
BLACK
6
CONTINUOUS
10
2.3987724015748033
20
1.8579486220472441
11
2.4381424803149607
21
1.8579486220472441
0
LINE
8
BLACK
6
CONTINUOUS
10
2.4381424803149607
20
1.8579486220472441
11
2.4387185433070866
21
1.8578918897637795
0
LINE
8
BLACK
6
CONTINUOUS
10
2.400412874015748
20
1.8949462992125983
11
2.4012275196850394
21
1.894131653543307
0
LINE
8
BLACK
6
CONTINUOUS
10
2.4012275196850394
20
1.894131653543307
11
2.4016684251968505
21
1.8930672440944882
0
LINE
8
BLACK
6
CONTINUOUS
10
2.4016684251968505
20
1.8930672440944882
11
2.4017251574803149
21
1.8924911811023621
0
LINE
8
BLACK
6
CONTINUOUS
10
2.4017251574803149
20
1.8924911811023621
11
2.4017251574803149
21
1.8766962992125984
0
LINE
8
BLACK
6
CONTINUOUS
10
2.4017251574803149
20
1.8766962992125984
11
2.4145672834645668
21
1.8766962992125984
0
LINE
8
BLACK
6
CONTINUOUS
10
2.4145672834645668
20
1.8766962992125984
11
2.4145672834645668
21
1.8868668897637795
0
LINE
8
BLACK
6
CONTINUOUS
10
2.4145672834645668
20
1.8868668897637795
11
2.4146240157480316
21
1.8874429527559056
0
LINE
8
BLACK
6
CONTINUOUS
10
2.4146240157480316
20
1.8874429527559056
11
2.4150649212598423
21
1.8885073622047244
0
LINE
8
BLACK
6
CONTINUOUS
10
2.4150649212598423
20
1.8885073622047244
11
2.4158795669291337
21
1.8893220078740156
0
LINE
8
BLACK
6
CONTINUOUS
10
2.4158795669291337
20
1.8893220078740156
11
2.4169439763779526
21
1.8897629133858267
0
LINE
8
BLACK
6
CONTINUOUS
10
2.4169439763779526
20
1.8897629133858267
11
2.4180961023622047
21
1.8897629133858267
0
LINE
8
BLACK
6
CONTINUOUS
10
2.4180961023622047
20
1.8897629133858267
11
2.4191605118110235
21
1.8893220078740156
0
LINE
8
BLACK
6
CONTINUOUS
10
2.4191605118110235
20
1.8893220078740156
11
2.419975157480315
21
1.8885073622047244
0
LINE
8
BLACK
6
CONTINUOUS
10
2.419975157480315
20
1.8885073622047244
11
2.4204160629921261
21
1.8874429527559056
0
LINE
8
BLACK
6
CONTINUOUS
10
2.4204160629921261
20
1.8874429527559056
11
2.4204727952755904
21
1.8868668897637795
0
LINE
8
BLACK
6
CONTINUOUS
10
2.4204727952755904
20
1.8868668897637795
11
2.4204727952755904
21
1.8766962992125984
0
LINE
8
BLACK
6
CONTINUOUS
10
2.4204727952755904
20
1.8766962992125984
11
2.4351897244094487
21
1.8766962992125984
0
LINE
8
BLACK
6
CONTINUOUS
10
2.4351897244094487
20
1.8766962992125984
11
2.4351897244094487
21
1.8924911811023621
0
LINE
8
BLACK
6
CONTINUOUS
10
2.4351897244094487
20
1.8924911811023621
11
2.4352464566929135
21
1.8930672440944882
0
LINE
8
BLACK
6
CONTINUOUS
10
2.4352464566929135
20
1.8930672440944882
11
2.4356873622047241
21
1.894131653543307
0
LINE
8
BLACK
6
CONTINUOUS
10
2.4356873622047241
20
1.894131653543307
11
2.4365020078740156
21
1.8949462992125983
0
LINE
8
BLACK
6
CONTINUOUS
10
2.4365020078740156
20
1.8949462992125983
11
2.4375664173228344
21
1.8953872047244094
0
LINE
8
BLACK
6
CONTINUOUS
10
2.4375664173228344
20
1.8953872047244094
11
2.4387185433070866
21
1.8953872047244094
0
LINE
8
BLACK
6
CONTINUOUS
10
2.4387185433070866
20
1.8953872047244094
11
2.4397829527559054
21
1.8949462992125983
0
LINE
8
BLACK
6
CONTINUOUS
10
2.4397829527559054
20
1.8949462992125983
11
2.4405975984251969
21
1.894131653543307
0
LINE
8
BLACK
6
CONTINUOUS
10
2.4405975984251969
20
1.894131653543307
11
2.4410385039370079
21
1.8930672440944882
0
LINE
8
BLACK
6
CONTINUOUS
10
2.4410385039370079
20
1.8930672440944882
11
2.4410952362204723
21
1.8924911811023621
0
LINE
8
BLACK
6
CONTINUOUS
10
2.4410952362204723
20
1.8924911811023621
11
2.4410952362204723
21
1.8737435433070866
0
LINE
8
BLACK
6
CONTINUOUS
10
2.4410952362204723
20
1.8737435433070866
11
2.4410385039370079
21
1.8731674803149605
0
LINE
8
BLACK
6
CONTINUOUS
10
2.4410385039370079
20
1.8731674803149605
11
2.4405975984251969
21
1.8721030708661417
0
LINE
8
BLACK
6
CONTINUOUS
10
2.4405975984251969
20
1.8721030708661417
11
2.4397829527559054
21
1.8712884251968505
0
LINE
8
BLACK
6
CONTINUOUS
10
2.4397829527559054
20
1.8712884251968505
11
2.4387185433070866
21
1.8708475196850394
0
LINE
8
BLACK
6
CONTINUOUS
10
2.4387185433070866
20
1.8708475196850394
11
2.4381424803149607
21
1.8707907874015748
0
LINE
8
BLACK
6
CONTINUOUS
10
2.4381424803149607
20
1.8707907874015748
11
2.3987724015748033
21
1.8707907874015748
0
LINE
8
BLACK
6
CONTINUOUS
10
2.3987724015748033
20
1.8707907874015748
11
2.398196338582677
21
1.8708475196850394
0
LINE
8
BLACK
6
CONTINUOUS
10
2.398196338582677
20
1.8708475196850394
11
2.3971319291338582
21
1.8712884251968505
0
LINE
8
BLACK
6
CONTINUOUS
10
2.3971319291338582
20
1.8712884251968505
11
2.3963172834645667
21
1.8721030708661417
0
LINE
8
BLACK
6
CONTINUOUS
10
2.3963172834645667
20
1.8721030708661417
11
2.3958763779527557
21
1.8731674803149605
0
LINE
8
BLACK
6
CONTINUOUS
10
2.3958763779527557
20
1.8731674803149605
11
2.3958196456692913
21
1.8737435433070866
0
LINE
8
BLACK
6
CONTINUOUS
10
2.3958196456692913
20
1.8737435433070866
11
2.3958196456692913
21
1.8924911811023621
0
LINE
8
BLACK
6
CONTINUOUS
10
2.3958196456692913
20
1.8924911811023621
11
2.3958763779527557
21
1.8930672440944882
0
LINE
8
BLACK
6
CONTINUOUS
10
2.3958763779527557
20
1.8930672440944882
11
2.3963172834645667
21
1.894131653543307
0
LINE
8
BLACK
6
CONTINUOUS
10
2.3963172834645667
20
1.894131653543307
11
2.3971319291338582
21
1.8949462992125983
0
LINE
8
BLACK
6
CONTINUOUS
10
2.3971319291338582
20
1.8949462992125983
11
2.398196338582677
21
1.8953872047244094
0
LINE
8
BLACK
6
CONTINUOUS
10
2.398196338582677
20
1.8953872047244094
11
2.3993484645669292
21
1.8953872047244094
0
LINE
8
BLACK
6
CONTINUOUS
10
2.3993484645669292
20
1.8953872047244094
11
2.400412874015748
21
1.8949462992125983
0
LINE
8
BLACK
6
CONTINUOUS
10
0.421038779527559
20
2.1238253937007872
11
0.4347705511811024
21
2.1206912204724411
0
LINE
8
BLACK
6
CONTINUOUS
10
0.4347705511811024
20
2.1206912204724411
11
0.4480650393700787
21
2.1160392519685041
0
LINE
8
BLACK
6
CONTINUOUS
10
0.4480650393700787
20
2.1160392519685041
11
0.4607550787401575
21
2.1099280708661419
0
LINE
8
BLACK
6
CONTINUOUS
10
0.4607550787401575
20
2.1099280708661419
11
0.4726811023622047
21
2.1024344488188977
0
LINE
8
BLACK
6
CONTINUOUS
10
0.4726811023622047
20
2.1024344488188977
11
0.4836931496062992
21
2.0936526377952753
0
LINE
8
BLACK
6
CONTINUOUS
10
0.4836931496062992
20
2.0936526377952753
11
0.4936526377952756
21
2.0836931496062991
0
LINE
8
BLACK
6
CONTINUOUS
10
0.4936526377952756
20
2.0836931496062991
11
0.5024344488188976
21
2.0726811023622047
0
LINE
8
BLACK
6
CONTINUOUS
10
0.5024344488188976
20
2.0726811023622047
11
0.5099280708661417
21
2.0607550787401574
0
LINE
8
BLACK
6
CONTINUOUS
10
0.5099280708661417
20
2.0607550787401574
11
0.516039251968504
21
2.0480650393700786
0
LINE
8
BLACK
6
CONTINUOUS
10
0.516039251968504
20
2.0480650393700786
11
0.520691220472441
21
2.0347705511811025
0
LINE
8
BLACK
6
CONTINUOUS
10
0.520691220472441
20
2.0347705511811025
11
0.5238253937007874
21
2.0210387795275588
0
LINE
8
BLACK
6
CONTINUOUS
10
0.5238253937007874
20
2.0210387795275588
11
0.5254024015748031
21
2.0070424409448817
0
LINE
8
BLACK
6
CONTINUOUS
10
0.5254024015748031
20
2.0070424409448817
11
0.5254024015748031
21
1.9929575590551181
0
LINE
8
BLACK
6
CONTINUOUS
10
0.5254024015748031
20
1.9929575590551181
11
0.5238253937007874
21
1.9789612204724409
0
LINE
8
BLACK
6
CONTINUOUS
10
0.5238253937007874
20
1.9789612204724409
11
0.520691220472441
21
1.9652294488188975
0
LINE
8
BLACK
6
CONTINUOUS
10
0.520691220472441
20
1.9652294488188975
11
0.516039251968504
21
1.9519349606299212
0
LINE
8
BLACK
6
CONTINUOUS
10
0.516039251968504
20
1.9519349606299212
11
0.5099280708661417
21
1.9392449212598424
0
LINE
8
BLACK
6
CONTINUOUS
10
0.5099280708661417
20
1.9392449212598424
11
0.5024344488188976
21
1.9273188976377953
0
LINE
8
BLACK
6
CONTINUOUS
10
0.5024344488188976
20
1.9273188976377953
11
0.4936526377952756
21
1.9163068503937006
0
LINE
8
BLACK
6
CONTINUOUS
10
0.4936526377952756
20
1.9163068503937006
11
0.4836931496062992
21
1.9063473622047244
0
LINE
8
BLACK
6
CONTINUOUS
10
0.4836931496062992
20
1.9063473622047244
11
0.4726811023622047
21
1.8975655511811023
0
LINE
8
BLACK
6
CONTINUOUS
10
0.4726811023622047
20
1.8975655511811023
11
0.4607550787401575
21
1.8900719291338581
0
LINE
8
BLACK
6
CONTINUOUS
10
0.4607550787401575
20
1.8900719291338581
11
0.4480650393700787
21
1.8839607480314959
0
LINE
8
BLACK
6
CONTINUOUS
10
0.4480650393700787
20
1.8839607480314959
11
0.4347705511811024
21
1.8793087795275589
0
LINE
8
BLACK
6
CONTINUOUS
10
0.4347705511811024
20
1.8793087795275589
11
0.421038779527559
21
1.8761746062992126
0
LINE
8
BLACK
6
CONTINUOUS
10
0.421038779527559
20
1.8761746062992126
11
0.4070424409448819
21
1.8745975984251968
0
LINE
8
BLACK
6
CONTINUOUS
10
0.4070424409448819
20
1.8745975984251968
11
0.3929575590551181
21
1.8745975984251968
0
LINE
8
BLACK
6
CONTINUOUS
10
0.3929575590551181
20
1.8745975984251968
11
0.378961220472441
21
1.8761746062992126
0
LINE
8
BLACK
6
CONTINUOUS
10
0.378961220472441
20
1.8761746062992126
11
0.3652294488188976
21
1.8793087795275589
0
LINE
8
BLACK
6
CONTINUOUS
10
0.3652294488188976
20
1.8793087795275589
11
0.3519349606299212
21
1.8839607480314959
0
LINE
8
BLACK
6
CONTINUOUS
10
0.3519349606299212
20
1.8839607480314959
11
0.3392449212598425
21
1.8900719291338581
0
LINE
8
BLACK
6
CONTINUOUS
10
0.3392449212598425
20
1.8900719291338581
11
0.3273188976377953
21
1.8975655511811023
0
LINE
8
BLACK
6
CONTINUOUS
10
0.3273188976377953
20
1.8975655511811023
11
0.3163068503937008
21
1.9063473622047244
0
LINE
8
BLACK
6
CONTINUOUS
10
0.3163068503937008
20
1.9063473622047244
11
0.3063473622047244
21
1.9163068503937006
0
LINE
8
BLACK
6
CONTINUOUS
10
0.3063473622047244
20
1.9163068503937006
11
0.2975655511811023
21
1.9273188976377953
0
LINE
8
BLACK
6
CONTINUOUS
10
0.2975655511811023
20
1.9273188976377953
11
0.2900719291338583
21
1.9392449212598424
0
LINE
8
BLACK
6
CONTINUOUS
10
0.2900719291338583
20
1.9392449212598424
11
0.2839607480314961
21
1.9519349606299212
0
LINE
8
BLACK
6
CONTINUOUS
10
0.2839607480314961
20
1.9519349606299212
11
0.2793087795275591
21
1.9652294488188975
0
LINE
8
BLACK
6
CONTINUOUS
10
0.2793087795275591
20
1.9652294488188975
11
0.2761746062992126
21
1.9789612204724409
0
LINE
8
BLACK
6
CONTINUOUS
10
0.2761746062992126
20
1.9789612204724409
11
0.2745975984251968
21
1.9929575590551181
0
LINE
8
BLACK
6
CONTINUOUS
10
0.2745975984251968
20
1.9929575590551181
11
0.2745975984251968
21
2.006211181102362
0
LINE
8
BLACK
6
CONTINUOUS
10
0.2745975984251968
20
2.006211181102362
11
0.2745975984251968
21
2.0070424409448817
0
LINE
8
BLACK
6
CONTINUOUS
10
0.2745975984251968
20
2.0070424409448817
11
0.2761746062992126
21
2.0210387795275588
0
LINE
8
BLACK
6
CONTINUOUS
10
0.2761746062992126
20
2.0210387795275588
11
0.2793087795275591
21
2.0347705511811025
0
LINE
8
BLACK
6
CONTINUOUS
10
0.2793087795275591
20
2.0347705511811025
11
0.2839607480314961
21
2.0480650393700786
0
LINE
8
BLACK
6
CONTINUOUS
10
0.2839607480314961
20
2.0480650393700786
11
0.2900719291338583
21
2.0607550787401574
0
LINE
8
BLACK
6
CONTINUOUS
10
0.2900719291338583
20
2.0607550787401574
11
0.2975655511811023
21
2.0726811023622047
0
LINE
8
BLACK
6
CONTINUOUS
10
0.2975655511811023
20
2.0726811023622047
11
0.3063473622047244
21
2.0836931496062991
0
LINE
8
BLACK
6
CONTINUOUS
10
0.3063473622047244
20
2.0836931496062991
11
0.3163068503937008
21
2.0936526377952753
0
LINE
8
BLACK
6
CONTINUOUS
10
0.3163068503937008
20
2.0936526377952753
11
0.3273188976377953
21
2.1024344488188977
0
LINE
8
BLACK
6
CONTINUOUS
10
0.3273188976377953
20
2.1024344488188977
11
0.3392449212598425
21
2.1099280708661419
0
LINE
8
BLACK
6
CONTINUOUS
10
0.3392449212598425
20
2.1099280708661419
11
0.3519349606299212
21
2.1160392519685041
0
LINE
8
BLACK
6
CONTINUOUS
10
0.3519349606299212
20
2.1160392519685041
11
0.3652294488188976
21
2.1206912204724411
0
LINE
8
BLACK
6
CONTINUOUS
10
0.3652294488188976
20
2.1206912204724411
11
0.378961220472441
21
2.1238253937007872
0
LINE
8
BLACK
6
CONTINUOUS
10
0.378961220472441
20
2.1238253937007872
11
0.3929575590551181
21
2.125402401574803
0
LINE
8
BLACK
6
CONTINUOUS
10
0.3929575590551181
20
2.125402401574803
11
0.4070424409448819
21
2.125402401574803
0
LINE
8
BLACK
6
CONTINUOUS
10
0.4070424409448819
20
2.125402401574803
11
0.421038779527559
21
2.1238253937007872
0
LINE
8
BLACK
6
CONTINUOUS
10
0.2894
20
1.9937888188976378
11
0.2907908661417323
21
1.9814446062992126
0
LINE
8
BLACK
6
CONTINUOUS
10
0.2907908661417323
20
1.9814446062992126
11
0.2935551181102362
21
1.9693337401574802
0
LINE
8
BLACK
6
CONTINUOUS
10
0.2935551181102362
20
1.9693337401574802
11
0.2976579527559055
21
1.9576085433070867
0
LINE
8
BLACK
6
CONTINUOUS
10
0.2976579527559055
20
1.9576085433070867
11
0.3030477952755906
21
1.9464164173228347
0
LINE
8
BLACK
6
CONTINUOUS
10
0.3030477952755906
20
1.9464164173228347
11
0.3096568503937008
21
1.9358981102362205
0
LINE
8
BLACK
6
CONTINUOUS
10
0.3096568503937008
20
1.9358981102362205
11
0.3174020472440945
21
1.9261859448818897
0
LINE
8
BLACK
6
CONTINUOUS
10
0.3174020472440945
20
1.9261859448818897
11
0.3261859448818897
21
1.9174020472440945
0
LINE
8
BLACK
6
CONTINUOUS
10
0.3261859448818897
20
1.9174020472440945
11
0.3358981102362205
21
1.9096568503937008
0
LINE
8
BLACK
6
CONTINUOUS
10
0.3358981102362205
20
1.9096568503937008
11
0.3464164173228346
21
1.9030477952755904
0
LINE
8
BLACK
6
CONTINUOUS
10
0.3464164173228346
20
1.9030477952755904
11
0.3576085433070866
21
1.8976579527559054
0
LINE
8
BLACK
6
CONTINUOUS
10
0.3576085433070866
20
1.8976579527559054
11
0.3693337401574803
21
1.8935551181102361
0
LINE
8
BLACK
6
CONTINUOUS
10
0.3693337401574803
20
1.8935551181102361
11
0.3814446062992126
21
1.8907908661417323
0
LINE
8
BLACK
6
CONTINUOUS
10
0.3814446062992126
20
1.8907908661417323
11
0.3937888188976378
21
1.8894
0
LINE
8
BLACK
6
CONTINUOUS
10
0.3937888188976378
20
1.8894
11
0.4062111811023622
21
1.8894
0
LINE
8
BLACK
6
CONTINUOUS
10
0.4062111811023622
20
1.8894
11
0.4185553937007874
21
1.8907908661417323
0
LINE
8
BLACK
6
CONTINUOUS
10
0.4185553937007874
20
1.8907908661417323
11
0.4306662598425197
21
1.8935551181102361
0
LINE
8
BLACK
6
CONTINUOUS
10
0.4306662598425197
20
1.8935551181102361
11
0.4423914566929134
21
1.8976579527559054
0
LINE
8
BLACK
6
CONTINUOUS
10
0.4423914566929134
20
1.8976579527559054
11
0.4535835826771654
21
1.9030477952755904
0
LINE
8
BLACK
6
CONTINUOUS
10
0.4535835826771654
20
1.9030477952755904
11
0.4641018897637795
21
1.9096568503937008
0
LINE
8
BLACK
6
CONTINUOUS
10
0.4641018897637795
20
1.9096568503937008
11
0.4738140551181102
21
1.9174020472440945
0
LINE
8
BLACK
6
CONTINUOUS
10
0.4738140551181102
20
1.9174020472440945
11
0.4825979527559055
21
1.9261859448818897
0
LINE
8
BLACK
6
CONTINUOUS
10
0.4825979527559055
20
1.9261859448818897
11
0.4903431496062992
21
1.9358981102362205
0
LINE
8
BLACK
6
CONTINUOUS
10
0.4903431496062992
20
1.9358981102362205
11
0.4969522047244094
21
1.9464164173228347
0
LINE
8
BLACK
6
CONTINUOUS
10
0.4969522047244094
20
1.9464164173228347
11
0.5023420472440945
21
1.9576085433070867
0
LINE
8
BLACK
6
CONTINUOUS
10
0.5023420472440945
20
1.9576085433070867
11
0.5064448818897638
21
1.9693337401574802
0
LINE
8
BLACK
6
CONTINUOUS
10
0.5064448818897638
20
1.9693337401574802
11
0.5092091338582677
21
1.9814446062992126
0
LINE
8
BLACK
6
CONTINUOUS
10
0.5092091338582677
20
1.9814446062992126
11
0.5105999999999999
21
1.9937888188976378
0
LINE
8
BLACK
6
CONTINUOUS
10
0.5105999999999999
20
1.9937888188976378
11
0.5105999999999999
21
2.006211181102362
0
LINE
8
BLACK
6
CONTINUOUS
10
0.5105999999999999
20
2.006211181102362
11
0.5092091338582677
21
2.0185553937007872
0
LINE
8
BLACK
6
CONTINUOUS
10
0.5092091338582677
20
2.0185553937007872
11
0.5064448818897638
21
2.0306662598425196
0
LINE
8
BLACK
6
CONTINUOUS
10
0.5064448818897638
20
2.0306662598425196
11
0.5023420472440945
21
2.0423914566929136
0
LINE
8
BLACK
6
CONTINUOUS
10
0.5023420472440945
20
2.0423914566929136
11
0.4969522047244094
21
2.0535835826771653
0
LINE
8
BLACK
6
CONTINUOUS
10
0.4969522047244094
20
2.0535835826771653
11
0.4903431496062992
21
2.0641018897637795
0
LINE
8
BLACK
6
CONTINUOUS
10
0.4903431496062992
20
2.0641018897637795
11
0.4825979527559055
21
2.0738140551181101
0
LINE
8
BLACK
6
CONTINUOUS
10
0.4825979527559055
20
2.0738140551181101
11
0.4738140551181102
21
2.0825979527559055
0
LINE
8
BLACK
6
CONTINUOUS
10
0.4738140551181102
20
2.0825979527559055
11
0.4641018897637795
21
2.0903431496062992
0
LINE
8
BLACK
6
CONTINUOUS
10
0.4641018897637795
20
2.0903431496062992
11
0.4535835826771654
21
2.0969522047244094
0
LINE
8
BLACK
6
CONTINUOUS
10
0.4535835826771654
20
2.0969522047244094
11
0.4423914566929134
21
2.1023420472440946
0
LINE
8
BLACK
6
CONTINUOUS
10
0.4423914566929134
20
2.1023420472440946
11
0.4306662598425197
21
2.1064448818897636
0
LINE
8
BLACK
6
CONTINUOUS
10
0.4306662598425197
20
2.1064448818897636
11
0.4185553937007874
21
2.1092091338582675
0
LINE
8
BLACK
6
CONTINUOUS
10
0.4185553937007874
20
2.1092091338582675
11
0.4062111811023622
21
2.1105999999999998
0
LINE
8
BLACK
6
CONTINUOUS
10
0.4062111811023622
20
2.1105999999999998
11
0.3937888188976378
21
2.1105999999999998
0
LINE
8
BLACK
6
CONTINUOUS
10
0.3937888188976378
20
2.1105999999999998
11
0.3814446062992126
21
2.1092091338582675
0
LINE
8
BLACK
6
CONTINUOUS
10
0.3814446062992126
20
2.1092091338582675
11
0.3693337401574803
21
2.1064448818897636
0
LINE
8
BLACK
6
CONTINUOUS
10
0.3693337401574803
20
2.1064448818897636
11
0.3576085433070866
21
2.1023420472440946
0
LINE
8
BLACK
6
CONTINUOUS
10
0.3576085433070866
20
2.1023420472440946
11
0.3464164173228346
21
2.0969522047244094
0
LINE
8
BLACK
6
CONTINUOUS
10
0.3464164173228346
20
2.0969522047244094
11
0.3358981102362205
21
2.0903431496062992
0
LINE
8
BLACK
6
CONTINUOUS
10
0.3358981102362205
20
2.0903431496062992
11
0.3261859448818897
21
2.0825979527559055
0
LINE
8
BLACK
6
CONTINUOUS
10
0.3261859448818897
20
2.0825979527559055
11
0.3174020472440945
21
2.0738140551181101
0
LINE
8
BLACK
6
CONTINUOUS
10
0.3174020472440945
20
2.0738140551181101
11
0.3096568503937008
21
2.0641018897637795
0
LINE
8
BLACK
6
CONTINUOUS
10
0.3096568503937008
20
2.0641018897637795
11
0.3030477952755906
21
2.0535835826771653
0
LINE
8
BLACK
6
CONTINUOUS
10
0.3030477952755906
20
2.0535835826771653
11
0.2976579527559055
21
2.0423914566929136
0
LINE
8
BLACK
6
CONTINUOUS
10
0.2976579527559055
20
2.0423914566929136
11
0.2935551181102362
21
2.0306662598425196
0
LINE
8
BLACK
6
CONTINUOUS
10
0.2935551181102362
20
2.0306662598425196
11
0.2907908661417323
21
2.0185553937007872
0
LINE
8
BLACK
6
CONTINUOUS
10
0.2907908661417323
20
2.0185553937007872
11
0.2894
21
2.006211181102362
0
LINE
8
BLACK
6
CONTINUOUS
10
0.2894
20
2.006211181102362
11
0.2894
21
1.9937888188976378
0
LINE
8
BLACK
6
CONTINUOUS
10
2.8210387795275591
20
2.1238253937007872
11
2.8347705511811023
21
2.1206912204724411
0
LINE
8
BLACK
6
CONTINUOUS
10
2.8347705511811023
20
2.1206912204724411
11
2.8480650393700788
21
2.1160392519685041
0
LINE
8
BLACK
6
CONTINUOUS
10
2.8480650393700788
20
2.1160392519685041
11
2.8607550787401572
21
2.1099280708661419
0
LINE
8
BLACK
6
CONTINUOUS
10
2.8607550787401572
20
2.1099280708661419
11
2.8726811023622045
21
2.1024344488188977
0
LINE
8
BLACK
6
CONTINUOUS
10
2.8726811023622045
20
2.1024344488188977
11
2.883693149606299
21
2.0936526377952753
0
LINE
8
BLACK
6
CONTINUOUS
10
2.883693149606299
20
2.0936526377952753
11
2.8936526377952756
21
2.0836931496062991
0
LINE
8
BLACK
6
CONTINUOUS
10
2.8936526377952756
20
2.0836931496062991
11
2.9024344488188976
21
2.0726811023622047
0
LINE
8
BLACK
6
CONTINUOUS
10
2.9024344488188976
20
2.0726811023622047
11
2.9099280708661417
21
2.0607550787401574
0
LINE
8
BLACK
6
CONTINUOUS
10
2.9099280708661417
20
2.0607550787401574
11
2.9160392519685039
21
2.0480650393700786
0
LINE
8
BLACK
6
CONTINUOUS
10
2.9160392519685039
20
2.0480650393700786
11
2.9206912204724409
21
2.0347705511811025
0
LINE
8
BLACK
6
CONTINUOUS
10
2.9206912204724409
20
2.0347705511811025
11
2.9238253937007874
21
2.0210387795275588
0
LINE
8
BLACK
6
CONTINUOUS
10
2.9238253937007874
20
2.0210387795275588
11
2.9254024015748032
21
2.0070424409448817
0
LINE
8
BLACK
6
CONTINUOUS
10
2.9254024015748032
20
2.0070424409448817
11
2.9254024015748032
21
1.9929575590551181
0
LINE
8
BLACK
6
CONTINUOUS
10
2.9254024015748032
20
1.9929575590551181
11
2.9238253937007874
21
1.9789612204724409
0
LINE
8
BLACK
6
CONTINUOUS
10
2.9238253937007874
20
1.9789612204724409
11
2.9206912204724409
21
1.9652294488188975
0
LINE
8
BLACK
6
CONTINUOUS
10
2.9206912204724409
20
1.9652294488188975
11
2.9160392519685039
21
1.9519349606299212
0
LINE
8
BLACK
6
CONTINUOUS
10
2.9160392519685039
20
1.9519349606299212
11
2.9099280708661417
21
1.9392449212598424
0
LINE
8
BLACK
6
CONTINUOUS
10
2.9099280708661417
20
1.9392449212598424
11
2.9024344488188976
21
1.9273188976377953
0
LINE
8
BLACK
6
CONTINUOUS
10
2.9024344488188976
20
1.9273188976377953
11
2.8936526377952756
21
1.9163068503937006
0
LINE
8
BLACK
6
CONTINUOUS
10
2.8936526377952756
20
1.9163068503937006
11
2.883693149606299
21
1.9063473622047244
0
LINE
8
BLACK
6
CONTINUOUS
10
2.883693149606299
20
1.9063473622047244
11
2.8726811023622045
21
1.8975655511811023
0
LINE
8
BLACK
6
CONTINUOUS
10
2.8726811023622045
20
1.8975655511811023
11
2.8607550787401572
21
1.8900719291338581
0
LINE
8
BLACK
6
CONTINUOUS
10
2.8607550787401572
20
1.8900719291338581
11
2.8480650393700788
21
1.8839607480314959
0
LINE
8
BLACK
6
CONTINUOUS
10
2.8480650393700788
20
1.8839607480314959
11
2.8347705511811023
21
1.8793087795275589
0
LINE
8
BLACK
6
CONTINUOUS
10
2.8347705511811023
20
1.8793087795275589
11
2.8210387795275591
21
1.8761746062992126
0
LINE
8
BLACK
6
CONTINUOUS
10
2.8210387795275591
20
1.8761746062992126
11
2.807042440944882
21
1.8745975984251968
0
LINE
8
BLACK
6
CONTINUOUS
10
2.807042440944882
20
1.8745975984251968
11
2.7929575590551181
21
1.8745975984251968
0
LINE
8
BLACK
6
CONTINUOUS
10
2.7929575590551181
20
1.8745975984251968
11
2.778961220472441
21
1.8761746062992126
0
LINE
8
BLACK
6
CONTINUOUS
10
2.778961220472441
20
1.8761746062992126
11
2.7652294488188978
21
1.8793087795275589
0
LINE
8
BLACK
6
CONTINUOUS
10
2.7652294488188978
20
1.8793087795275589
11
2.7519349606299213
21
1.8839607480314959
0
LINE
8
BLACK
6
CONTINUOUS
10
2.7519349606299213
20
1.8839607480314959
11
2.7392449212598424
21
1.8900719291338581
0
LINE
8
BLACK
6
CONTINUOUS
10
2.7392449212598424
20
1.8900719291338581
11
2.7273188976377951
21
1.8975655511811023
0
LINE
8
BLACK
6
CONTINUOUS
10
2.7273188976377951
20
1.8975655511811023
11
2.7163068503937007
21
1.9063473622047244
0
LINE
8
BLACK
6
CONTINUOUS
10
2.7163068503937007
20
1.9063473622047244
11
2.7063473622047245
21
1.9163068503937006
0
LINE
8
BLACK
6
CONTINUOUS
10
2.7063473622047245
20
1.9163068503937006
11
2.6975655511811021
21
1.9273188976377953
0
LINE
8
BLACK
6
CONTINUOUS
10
2.6975655511811021
20
1.9273188976377953
11
2.6900719291338584
21
1.9392449212598424
0
LINE
8
BLACK
6
CONTINUOUS
10
2.6900719291338584
20
1.9392449212598424
11
2.6839607480314962
21
1.9519349606299212
0
LINE
8
BLACK
6
CONTINUOUS
10
2.6839607480314962
20
1.9519349606299212
11
2.6793087795275592
21
1.9652294488188975
0
LINE
8
BLACK
6
CONTINUOUS
10
2.6793087795275592
20
1.9652294488188975
11
2.6761746062992127
21
1.9789612204724409
0
LINE
8
BLACK
6
CONTINUOUS
10
2.6761746062992127
20
1.9789612204724409
11
2.6745975984251968
21
1.9929575590551181
0
LINE
8
BLACK
6
CONTINUOUS
10
2.6745975984251968
20
1.9929575590551181
11
2.6745975984251968
21
2.006211181102362
0
LINE
8
BLACK
6
CONTINUOUS
10
2.6745975984251968
20
2.006211181102362
11
2.6745975984251968
21
2.0070424409448817
0
LINE
8
BLACK
6
CONTINUOUS
10
2.6745975984251968
20
2.0070424409448817
11
2.6761746062992127
21
2.0210387795275588
0
LINE
8
BLACK
6
CONTINUOUS
10
2.6761746062992127
20
2.0210387795275588
11
2.6793087795275592
21
2.0347705511811025
0
LINE
8
BLACK
6
CONTINUOUS
10
2.6793087795275592
20
2.0347705511811025
11
2.6839607480314962
21
2.0480650393700786
0
LINE
8
BLACK
6
CONTINUOUS
10
2.6839607480314962
20
2.0480650393700786
11
2.6900719291338584
21
2.0607550787401574
0
LINE
8
BLACK
6
CONTINUOUS
10
2.6900719291338584
20
2.0607550787401574
11
2.6975655511811021
21
2.0726811023622047
0
LINE
8
BLACK
6
CONTINUOUS
10
2.6975655511811021
20
2.0726811023622047
11
2.7063473622047245
21
2.0836931496062991
0
LINE
8
BLACK
6
CONTINUOUS
10
2.7063473622047245
20
2.0836931496062991
11
2.7163068503937007
21
2.0936526377952753
0
LINE
8
BLACK
6
CONTINUOUS
10
2.7163068503937007
20
2.0936526377952753
11
2.7273188976377951
21
2.1024344488188977
0
LINE
8
BLACK
6
CONTINUOUS
10
2.7273188976377951
20
2.1024344488188977
11
2.7392449212598424
21
2.1099280708661419
0
LINE
8
BLACK
6
CONTINUOUS
10
2.7392449212598424
20
2.1099280708661419
11
2.7519349606299213
21
2.1160392519685041
0
LINE
8
BLACK
6
CONTINUOUS
10
2.7519349606299213
20
2.1160392519685041
11
2.7652294488188978
21
2.1206912204724411
0
LINE
8
BLACK
6
CONTINUOUS
10
2.7652294488188978
20
2.1206912204724411
11
2.778961220472441
21
2.1238253937007872
0
LINE
8
BLACK
6
CONTINUOUS
10
2.778961220472441
20
2.1238253937007872
11
2.7929575590551181
21
2.125402401574803
0
LINE
8
BLACK
6
CONTINUOUS
10
2.7929575590551181
20
2.125402401574803
11
2.807042440944882
21
2.125402401574803
0
LINE
8
BLACK
6
CONTINUOUS
10
2.807042440944882
20
2.125402401574803
11
2.8210387795275591
21
2.1238253937007872
0
LINE
8
BLACK
6
CONTINUOUS
10
2.6894
20
1.9937888188976378
11
2.6907908661417324
21
1.9814446062992126
0
LINE
8
BLACK
6
CONTINUOUS
10
2.6907908661417324
20
1.9814446062992126
11
2.6935551181102362
21
1.9693337401574802
0
LINE
8
BLACK
6
CONTINUOUS
10
2.6935551181102362
20
1.9693337401574802
11
2.6976579527559053
21
1.9576085433070867
0
LINE
8
BLACK
6
CONTINUOUS
10
2.6976579527559053
20
1.9576085433070867
11
2.7030477952755905
21
1.9464164173228347
0
LINE
8
BLACK
6
CONTINUOUS
10
2.7030477952755905
20
1.9464164173228347
11
2.7096568503937006
21
1.9358981102362205
0
LINE
8
BLACK
6
CONTINUOUS
10
2.7096568503937006
20
1.9358981102362205
11
2.7174020472440943
21
1.9261859448818897
0
LINE
8
BLACK
6
CONTINUOUS
10
2.7174020472440943
20
1.9261859448818897
11
2.7261859448818897
21
1.9174020472440945
0
LINE
8
BLACK
6
CONTINUOUS
10
2.7261859448818897
20
1.9174020472440945
11
2.7358981102362203
21
1.9096568503937008
0
LINE
8
BLACK
6
CONTINUOUS
10
2.7358981102362203
20
1.9096568503937008
11
2.7464164173228345
21
1.9030477952755904
0
LINE
8
BLACK
6
CONTINUOUS
10
2.7464164173228345
20
1.9030477952755904
11
2.7576085433070867
21
1.8976579527559054
0
LINE
8
BLACK
6
CONTINUOUS
10
2.7576085433070867
20
1.8976579527559054
11
2.7693337401574802
21
1.8935551181102361
0
LINE
8
BLACK
6
CONTINUOUS
10
2.7693337401574802
20
1.8935551181102361
11
2.7814446062992126
21
1.8907908661417323
0
LINE
8
BLACK
6
CONTINUOUS
10
2.7814446062992126
20
1.8907908661417323
11
2.7937888188976379
21
1.8894
0
LINE
8
BLACK
6
CONTINUOUS
10
2.7937888188976379
20
1.8894
11
2.8062111811023622
21
1.8894
0
LINE
8
BLACK
6
CONTINUOUS
10
2.8062111811023622
20
1.8894
11
2.8185553937007874
21
1.8907908661417323
0
LINE
8
BLACK
6
CONTINUOUS
10
2.8185553937007874
20
1.8907908661417323
11
2.8306662598425194
21
1.8935551181102361
0
LINE
8
BLACK
6
CONTINUOUS
10
2.8306662598425194
20
1.8935551181102361
11
2.8423914566929134
21
1.8976579527559054
0
LINE
8
BLACK
6
CONTINUOUS
10
2.8423914566929134
20
1.8976579527559054
11
2.8535835826771652
21
1.9030477952755904
0
LINE
8
BLACK
6
CONTINUOUS
10
2.8535835826771652
20
1.9030477952755904
11
2.8641018897637793
21
1.9096568503937008
0
LINE
8
BLACK
6
CONTINUOUS
10
2.8641018897637793
20
1.9096568503937008
11
2.8738140551181104
21
1.9174020472440945
0
LINE
8
BLACK
6
CONTINUOUS
10
2.8738140551181104
20
1.9174020472440945
11
2.8825979527559054
21
1.9261859448818897
0
LINE
8
BLACK
6
CONTINUOUS
10
2.8825979527559054
20
1.9261859448818897
11
2.890343149606299
21
1.9358981102362205
0
LINE
8
BLACK
6
CONTINUOUS
10
2.890343149606299
20
1.9358981102362205
11
2.8969522047244092
21
1.9464164173228347
0
LINE
8
BLACK
6
CONTINUOUS
10
2.8969522047244092
20
1.9464164173228347
11
2.9023420472440944
21
1.9576085433070867
0
LINE
8
BLACK
6
CONTINUOUS
10
2.9023420472440944
20
1.9576085433070867
11
2.9064448818897639
21
1.9693337401574802
0
LINE
8
BLACK
6
CONTINUOUS
10
2.9064448818897639
20
1.9693337401574802
11
2.9092091338582677
21
1.9814446062992126
0
LINE
8
BLACK
6
CONTINUOUS
10
2.9092091338582677
20
1.9814446062992126
11
2.9106000000000001
21
1.9937888188976378
0
LINE
8
BLACK
6
CONTINUOUS
10
2.9106000000000001
20
1.9937888188976378
11
2.9106000000000001
21
2.006211181102362
0
LINE
8
BLACK
6
CONTINUOUS
10
2.9106000000000001
20
2.006211181102362
11
2.9092091338582677
21
2.0185553937007872
0
LINE
8
BLACK
6
CONTINUOUS
10
2.9092091338582677
20
2.0185553937007872
11
2.9064448818897639
21
2.0306662598425196
0
LINE
8
BLACK
6
CONTINUOUS
10
2.9064448818897639
20
2.0306662598425196
11
2.9023420472440944
21
2.0423914566929136
0
LINE
8
BLACK
6
CONTINUOUS
10
2.9023420472440944
20
2.0423914566929136
11
2.8969522047244092
21
2.0535835826771653
0
LINE
8
BLACK
6
CONTINUOUS
10
2.8969522047244092
20
2.0535835826771653
11
2.890343149606299
21
2.0641018897637795
0
LINE
8
BLACK
6
CONTINUOUS
10
2.890343149606299
20
2.0641018897637795
11
2.8825979527559054
21
2.0738140551181101
0
LINE
8
BLACK
6
CONTINUOUS
10
2.8825979527559054
20
2.0738140551181101
11
2.8738140551181104
21
2.0825979527559055
0
LINE
8
BLACK
6
CONTINUOUS
10
2.8738140551181104
20
2.0825979527559055
11
2.8641018897637793
21
2.0903431496062992
0
LINE
8
BLACK
6
CONTINUOUS
10
2.8641018897637793
20
2.0903431496062992
11
2.8535835826771652
21
2.0969522047244094
0
LINE
8
BLACK
6
CONTINUOUS
10
2.8535835826771652
20
2.0969522047244094
11
2.8423914566929134
21
2.1023420472440946
0
LINE
8
BLACK
6
CONTINUOUS
10
2.8423914566929134
20
2.1023420472440946
11
2.8306662598425194
21
2.1064448818897636
0
LINE
8
BLACK
6
CONTINUOUS
10
2.8306662598425194
20
2.1064448818897636
11
2.8185553937007874
21
2.1092091338582675
0
LINE
8
BLACK
6
CONTINUOUS
10
2.8185553937007874
20
2.1092091338582675
11
2.8062111811023622
21
2.1105999999999998
0
LINE
8
BLACK
6
CONTINUOUS
10
2.8062111811023622
20
2.1105999999999998
11
2.7937888188976379
21
2.1105999999999998
0
LINE
8
BLACK
6
CONTINUOUS
10
2.7937888188976379
20
2.1105999999999998
11
2.7814446062992126
21
2.1092091338582675
0
LINE
8
BLACK
6
CONTINUOUS
10
2.7814446062992126
20
2.1092091338582675
11
2.7693337401574802
21
2.1064448818897636
0
LINE
8
BLACK
6
CONTINUOUS
10
2.7693337401574802
20
2.1064448818897636
11
2.7576085433070867
21
2.1023420472440946
0
LINE
8
BLACK
6
CONTINUOUS
10
2.7576085433070867
20
2.1023420472440946
11
2.7464164173228345
21
2.0969522047244094
0
LINE
8
BLACK
6
CONTINUOUS
10
2.7464164173228345
20
2.0969522047244094
11
2.7358981102362203
21
2.0903431496062992
0
LINE
8
BLACK
6
CONTINUOUS
10
2.7358981102362203
20
2.0903431496062992
11
2.7261859448818897
21
2.0825979527559055
0
LINE
8
BLACK
6
CONTINUOUS
10
2.7261859448818897
20
2.0825979527559055
11
2.7174020472440943
21
2.0738140551181101
0
LINE
8
BLACK
6
CONTINUOUS
10
2.7174020472440943
20
2.0738140551181101
11
2.7096568503937006
21
2.0641018897637795
0
LINE
8
BLACK
6
CONTINUOUS
10
2.7096568503937006
20
2.0641018897637795
11
2.7030477952755905
21
2.0535835826771653
0
LINE
8
BLACK
6
CONTINUOUS
10
2.7030477952755905
20
2.0535835826771653
11
2.6976579527559053
21
2.0423914566929136
0
LINE
8
BLACK
6
CONTINUOUS
10
2.6976579527559053
20
2.0423914566929136
11
2.6935551181102362
21
2.0306662598425196
0
LINE
8
BLACK
6
CONTINUOUS
10
2.6935551181102362
20
2.0306662598425196
11
2.6907908661417324
21
2.0185553937007872
0
LINE
8
BLACK
6
CONTINUOUS
10
2.6907908661417324
20
2.0185553937007872
11
2.6894
21
2.006211181102362
0
LINE
8
BLACK
6
CONTINUOUS
10
2.6894
20
2.006211181102362
11
2.6894
21
1.9937888188976378
0
LINE
8
BLACK
6
CONTINUOUS
10
2.4389223622047242
20
1.93283437007874
11
2.4399528346456694
21
1.9323191732283465
0
LINE
8
BLACK
6
CONTINUOUS
10
2.4399528346456694
20
1.9323191732283465
11
2.4407077165354329
21
1.931448779527559
0
LINE
8
BLACK
6
CONTINUOUS
10
2.4407077165354329
20
1.931448779527559
11
2.4410720472440945
21
1.9303557874015747
0
LINE
8
BLACK
6
CONTINUOUS
10
2.4410720472440945
20
1.9303557874015747
11
2.4409903543307085
21
1.9292065748031495
0
LINE
8
BLACK
6
CONTINUOUS
10
2.4409903543307085
20
1.9292065748031495
11
2.440475118110236
21
1.9281761417322834
0
LINE
8
BLACK
6
CONTINUOUS
10
2.440475118110236
20
1.9281761417322834
11
2.4396047637795273
21
1.9274212598425196
0
LINE
8
BLACK
6
CONTINUOUS
10
2.4396047637795273
20
1.9274212598425196
11
2.4390762204724408
21
1.9271852755905512
0
LINE
8
BLACK
6
CONTINUOUS
10
2.4390762204724408
20
1.9271852755905512
11
2.4298466141732282
21
1.9241087795275591
0
LINE
8
BLACK
6
CONTINUOUS
10
2.4298466141732282
20
1.9241087795275591
11
2.4298466141732282
21
1.9096175590551181
0
LINE
8
BLACK
6
CONTINUOUS
10
2.4298466141732282
20
1.9096175590551181
11
2.4390762204724408
21
1.9065410236220472
0
LINE
8
BLACK
6
CONTINUOUS
10
2.4390762204724408
20
1.9065410236220472
11
2.4396047637795273
21
1.9063050393700787
0
LINE
8
BLACK
6
CONTINUOUS
10
2.4396047637795273
20
1.9063050393700787
11
2.440475118110236
21
1.9055501574803149
0
LINE
8
BLACK
6
CONTINUOUS
10
2.440475118110236
20
1.9055501574803149
11
2.4409903543307085
21
1.9045197244094487
0
LINE
8
BLACK
6
CONTINUOUS
10
2.4409903543307085
20
1.9045197244094487
11
2.4410720472440945
21
1.9033705118110236
0
LINE
8
BLACK
6
CONTINUOUS
10
2.4410720472440945
20
1.9033705118110236
11
2.4407077165354329
21
1.9022775196850392
0
LINE
8
BLACK
6
CONTINUOUS
10
2.4407077165354329
20
1.9022775196850392
11
2.4399528346456694
21
1.901407125984252
0
LINE
8
BLACK
6
CONTINUOUS
10
2.4399528346456694
20
1.901407125984252
11
2.4389223622047242
21
1.9008919291338582
0
LINE
8
BLACK
6
CONTINUOUS
10
2.4389223622047242
20
1.9008919291338582
11
2.4377731496062993
21
1.9008102362204724
0
LINE
8
BLACK
6
CONTINUOUS
10
2.4377731496062993
20
1.9008102362204724
11
2.4372087401574802
21
1.9009385826771652
0
LINE
8
BLACK
6
CONTINUOUS
10
2.4372087401574802
20
1.9009385826771652
11
2.3978386614173228
21
1.9140619291338583
0
LINE
8
BLACK
6
CONTINUOUS
10
2.3978386614173228
20
1.9140619291338583
11
2.3973100787401576
21
1.9142979133858267
0
LINE
8
BLACK
6
CONTINUOUS
10
2.3973100787401576
20
1.9142979133858267
11
2.3971506692913387
21
1.9144361811023622
0
LINE
8
BLACK
6
CONTINUOUS
10
2.3971506692913387
20
1.9144361811023622
11
2.3969620472440942
21
1.9145304724409449
0
LINE
8
BLACK
6
CONTINUOUS
10
2.3969620472440942
20
1.9145304724409449
11
2.3967194094488189
21
1.9148101968503937
0
LINE
8
BLACK
6
CONTINUOUS
10
2.3967194094488189
20
1.9148101968503937
11
2.3964397244094489
21
1.9150527952755905
0
LINE
8
BLACK
6
CONTINUOUS
10
2.3964397244094489
20
1.9150527952755905
11
2.3963453937007873
21
1.9152414566929132
0
LINE
8
BLACK
6
CONTINUOUS
10
2.3963453937007873
20
1.9152414566929132
11
2.3962071653543306
21
1.9154008267716536
0
LINE
8
BLACK
6
CONTINUOUS
10
2.3962071653543306
20
1.9154008267716536
11
2.3960900393700788
21
1.9157521653543306
0
LINE
8
BLACK
6
CONTINUOUS
10
2.3960900393700788
20
1.9157521653543306
11
2.3959245275590551
21
1.9160832283464566
0
LINE
8
BLACK
6
CONTINUOUS
10
2.3959245275590551
20
1.9160832283464566
11
2.3959095669291339
21
1.9162936614173227
0
LINE
8
BLACK
6
CONTINUOUS
10
2.3959095669291339
20
1.9162936614173227
11
2.3958428346456691
21
1.9164938582677165
0
LINE
8
BLACK
6
CONTINUOUS
10
2.3958428346456691
20
1.9164938582677165
11
2.3958690551181103
21
1.9168631496062991
0
LINE
8
BLACK
6
CONTINUOUS
10
2.3958690551181103
20
1.9168631496062991
11
2.3958428346456691
21
1.9172324409448818
0
LINE
8
BLACK
6
CONTINUOUS
10
2.3958428346456691
20
1.9172324409448818
11
2.3959095669291339
21
1.9174326771653543
0
LINE
8
BLACK
6
CONTINUOUS
10
2.3959095669291339
20
1.9174326771653543
11
2.3959245275590551
21
1.9176430708661416
0
LINE
8
BLACK
6
CONTINUOUS
10
2.3959245275590551
20
1.9176430708661416
11
2.3960900393700788
21
1.9179741732283464
0
LINE
8
BLACK
6
CONTINUOUS
10
2.3960900393700788
20
1.9179741732283464
11
2.3962071653543306
21
1.9183254724409449
0
LINE
8
BLACK
6
CONTINUOUS
10
2.3962071653543306
20
1.9183254724409449
11
2.3963453937007873
21
1.9184848818897637
0
LINE
8
BLACK
6
CONTINUOUS
10
2.3963453937007873
20
1.9184848818897637
11
2.3964397244094489
21
1.9186735039370078
0
LINE
8
BLACK
6
CONTINUOUS
10
2.3964397244094489
20
1.9186735039370078
11
2.3967194094488189
21
1.9189161417322835
0
LINE
8
BLACK
6
CONTINUOUS
10
2.3967194094488189
20
1.9189161417322835
11
2.3969620472440942
21
1.9191958267716536
0
LINE
8
BLACK
6
CONTINUOUS
10
2.3969620472440942
20
1.9191958267716536
11
2.3971506692913387
21
1.919290157480315
0
LINE
8
BLACK
6
CONTINUOUS
10
2.3971506692913387
20
1.919290157480315
11
2.3973100787401576
21
1.9194283858267716
0
LINE
8
BLACK
6
CONTINUOUS
10
2.3973100787401576
20
1.9194283858267716
11
2.3978386614173228
21
1.9196643700787401
0
LINE
8
BLACK
6
CONTINUOUS
10
2.3978386614173228
20
1.9196643700787401
11
2.4372087401574802
21
1.932787716535433
0
LINE
8
BLACK
6
CONTINUOUS
10
2.4372087401574802
20
1.932787716535433
11
2.4377731496062993
21
1.932916062992126
0
LINE
8
BLACK
6
CONTINUOUS
10
2.4377731496062993
20
1.932916062992126
11
2.4389223622047242
21
1.93283437007874
0
LINE
8
BLACK
6
CONTINUOUS
10
2.4081098031496064
20
1.9168631496062991
11
2.4239411023622046
21
1.911586062992126
0
LINE
8
BLACK
6
CONTINUOUS
10
2.4239411023622046
20
1.911586062992126
11
2.4239411023622046
21
1.9221402755905512
0
LINE
8
BLACK
6
CONTINUOUS
10
2.4239411023622046
20
1.9221402755905512
11
2.4081098031496064
21
1.9168631496062991
0
LINE
8
BLACK
6
CONTINUOUS
10
1.5996981889763779
20
2.0467063385826769
11
1.6005128346456692
21
2.0458916929133859
0
LINE
8
BLACK
6
CONTINUOUS
10
1.6005128346456692
20
2.0458916929133859
11
1.6009537401574803
21
2.0448272834645671
0
LINE
8
BLACK
6
CONTINUOUS
10
1.6009537401574803
20
2.0448272834645671
11
1.6010104724409449
21
2.0442512204724408
0
LINE
8
BLACK
6
CONTINUOUS
10
1.6010104724409449
20
2.0442512204724408
11
1.6010104724409449
21
2.0161297637795275
0
LINE
8
BLACK
6
CONTINUOUS
10
1.6010104724409449
20
2.0161297637795275
11
1.6009817322834645
21
2.0158381889763781
0
LINE
8
BLACK
6
CONTINUOUS
10
1.6009817322834645
20
2.0158381889763781
11
1.6009872834645669
21
2.0157604330708661
0
LINE
8
BLACK
6
CONTINUOUS
10
1.6009872834645669
20
2.0157604330708661
11
1.6009640157480314
21
2.0156581889763778
0
LINE
8
BLACK
6
CONTINUOUS
10
1.6009640157480314
20
2.0156581889763778
11
1.6009537401574803
21
2.0155537007874016
0
LINE
8
BLACK
6
CONTINUOUS
10
1.6009537401574803
20
2.0155537007874016
11
1.6009238582677165
21
2.0154816535433069
0
LINE
8
BLACK
6
CONTINUOUS
10
1.6009238582677165
20
2.0154816535433069
11
1.6008589370078741
21
2.0151959842519687
0
LINE
8
BLACK
6
CONTINUOUS
10
1.6008589370078741
20
2.0151959842519687
11
1.5989841732283465
21
2.0095717322834643
0
LINE
8
BLACK
6
CONTINUOUS
10
1.5989841732283465
20
2.0095717322834643
11
1.5987481889763779
21
2.009043149606299
0
LINE
8
BLACK
6
CONTINUOUS
10
1.5987481889763779
20
2.009043149606299
11
1.5986786614173227
21
2.0089630314960631
0
LINE
8
BLACK
6
CONTINUOUS
10
1.5986786614173227
20
2.0089630314960631
11
1.5986381102362204
21
2.0088650393700789
0
LINE
8
BLACK
6
CONTINUOUS
10
1.5986381102362204
20
2.0088650393700789
11
1.5982709055118109
21
2.0084175984251966
0
LINE
8
BLACK
6
CONTINUOUS
10
1.5982709055118109
20
2.0084175984251966
11
1.5945213385826771
21
2.004667992125984
0
LINE
8
BLACK
6
CONTINUOUS
10
1.5945213385826771
20
2.004667992125984
11
1.5940738976377953
21
2.0043007874015748
0
LINE
8
BLACK
6
CONTINUOUS
10
1.5940738976377953
20
2.0043007874015748
11
1.5939758267716535
21
2.0042601968503937
0
LINE
8
BLACK
6
CONTINUOUS
10
1.5939758267716535
20
2.0042601968503937
11
1.5938957086614174
21
2.0041906692913387
0
LINE
8
BLACK
6
CONTINUOUS
10
1.5938957086614174
20
2.0041906692913387
11
1.5933671653543307
21
2.0039546850393699
0
LINE
8
BLACK
6
CONTINUOUS
10
1.5933671653543307
20
2.0039546850393699
11
1.587742874015748
21
2.0020799212598424
0
LINE
8
BLACK
6
CONTINUOUS
10
1.587742874015748
20
2.0020799212598424
11
1.5874572834645668
21
2.0020150000000001
0
LINE
8
BLACK
6
CONTINUOUS
10
1.5874572834645668
20
2.0020150000000001
11
1.5873851968503936
21
2.0019851181102362
0
LINE
8
BLACK
6
CONTINUOUS
10
1.5873851968503936
20
2.0019851181102362
11
1.5872806692913386
21
2.0019748425196848
0
LINE
8
BLACK
6
CONTINUOUS
10
1.5872806692913386
20
2.0019748425196848
11
1.5871784251968504
21
2.0019515748031496
0
LINE
8
BLACK
6
CONTINUOUS
10
1.5871784251968504
20
2.0019515748031496
11
1.5871006692913385
21
2.0019571259842519
0
LINE
8
BLACK
6
CONTINUOUS
10
1.5871006692913385
20
2.0019571259842519
11
1.5868091338582677
21
2.0019283858267718
0
LINE
8
BLACK
6
CONTINUOUS
10
1.5868091338582677
20
2.0019283858267718
11
1.5830596062992126
21
2.0019283858267718
0
LINE
8
BLACK
6
CONTINUOUS
10
1.5830596062992126
20
2.0019283858267718
11
1.5824835433070865
21
2.0019851181102362
0
LINE
8
BLACK
6
CONTINUOUS
10
1.5824835433070865
20
2.0019851181102362
11
1.5814191338582677
21
2.0024260236220472
0
LINE
8
BLACK
6
CONTINUOUS
10
1.5814191338582677
20
2.0024260236220472
11
1.5806044881889763
21
2.0032406692913387
0
LINE
8
BLACK
6
CONTINUOUS
10
1.5806044881889763
20
2.0032406692913387
11
1.5801635826771654
21
2.0043050787401575
0
LINE
8
BLACK
6
CONTINUOUS
10
1.5801635826771654
20
2.0043050787401575
11
1.5801635826771654
21
2.0054572047244092
0
LINE
8
BLACK
6
CONTINUOUS
10
1.5801635826771654
20
2.0054572047244092
11
1.5806044881889763
21
2.0065216141732285
0
LINE
8
BLACK
6
CONTINUOUS
10
1.5806044881889763
20
2.0065216141732285
11
1.5814191338582677
21
2.0073362598425195
0
LINE
8
BLACK
6
CONTINUOUS
10
1.5814191338582677
20
2.0073362598425195
11
1.5824835433070865
21
2.0077771653543306
0
LINE
8
BLACK
6
CONTINUOUS
10
1.5824835433070865
20
2.0077771653543306
11
1.5830596062992126
21
2.0078338976377954
0
LINE
8
BLACK
6
CONTINUOUS
10
1.5830596062992126
20
2.0078338976377954
11
1.58633
21
2.0078338976377954
0
LINE
8
BLACK
6
CONTINUOUS
10
1.58633
20
2.0078338976377954
11
1.5908383858267716
21
2.0093367322834643
0
LINE
8
BLACK
6
CONTINUOUS
10
1.5908383858267716
20
2.0093367322834643
11
1.5936021259842519
21
2.0121005118110236
0
LINE
8
BLACK
6
CONTINUOUS
10
1.5936021259842519
20
2.0121005118110236
11
1.5951049606299212
21
2.0166088976377954
0
LINE
8
BLACK
6
CONTINUOUS
10
1.5951049606299212
20
2.0166088976377954
11
1.5951049606299212
21
2.0442512204724408
0
LINE
8
BLACK
6
CONTINUOUS
10
1.5951049606299212
20
2.0442512204724408
11
1.5951616929133858
21
2.0448272834645671
0
LINE
8
BLACK
6
CONTINUOUS
10
1.5951616929133858
20
2.0448272834645671
11
1.5956025984251969
21
2.0458916929133859
0
LINE
8
BLACK
6
CONTINUOUS
10
1.5956025984251969
20
2.0458916929133859
11
1.5964172440944882
21
2.0467063385826769
0
LINE
8
BLACK
6
CONTINUOUS
10
1.5964172440944882
20
2.0467063385826769
11
1.597481653543307
21
2.047147244094488
0
LINE
8
BLACK
6
CONTINUOUS
10
1.597481653543307
20
2.047147244094488
11
1.5986337795275589
21
2.047147244094488
0
LINE
8
BLACK
6
CONTINUOUS
10
1.5986337795275589
20
2.047147244094488
11
1.5996981889763779
21
2.0467063385826769
0
LINE
8
BLACK
6
CONTINUOUS
10
1.636129094488189
20
2.047147244094488
11
1.6371935039370078
21
2.0467063385826769
0
LINE
8
BLACK
6
CONTINUOUS
10
1.6371935039370078
20
2.0467063385826769
11
1.6380081496062993
21
2.0458916929133859
0
LINE
8
BLACK
6
CONTINUOUS
10
1.6380081496062993
20
2.0458916929133859
11
1.6384490551181101
21
2.0448272834645671
0
LINE
8
BLACK
6
CONTINUOUS
10
1.6384490551181101
20
2.0448272834645671
11
1.6384490551181101
21
2.0436751574803149
0
LINE
8
BLACK
6
CONTINUOUS
10
1.6384490551181101
20
2.0436751574803149
11
1.6380081496062993
21
2.0426107480314961
0
LINE
8
BLACK
6
CONTINUOUS
10
1.6380081496062993
20
2.0426107480314961
11
1.6371935039370078
21
2.0417961023622047
0
LINE
8
BLACK
6
CONTINUOUS
10
1.6371935039370078
20
2.0417961023622047
11
1.636129094488189
21
2.0413551968503936
0
LINE
8
BLACK
6
CONTINUOUS
10
1.636129094488189
20
2.0413551968503936
11
1.6355530314960629
21
2.0412984645669292
0
LINE
8
BLACK
6
CONTINUOUS
10
1.6355530314960629
20
2.0412984645669292
11
1.6194775984251968
21
2.0412984645669292
0
LINE
8
BLACK
6
CONTINUOUS
10
1.6194775984251968
20
2.0412984645669292
11
1.6185004724409449
21
2.0315272047244095
0
LINE
8
BLACK
6
CONTINUOUS
10
1.6185004724409449
20
2.0315272047244095
11
1.6192344094488189
21
2.0318941338582674
0
LINE
8
BLACK
6
CONTINUOUS
10
1.6192344094488189
20
2.0318941338582674
11
1.619775
21
2.0321010236220474
0
LINE
8
BLACK
6
CONTINUOUS
10
1.619775
20
2.0321010236220474
11
1.6198808661417323
21
2.0321085826771652
0
LINE
8
BLACK
6
CONTINUOUS
10
1.6198808661417323
20
2.0321085826771652
11
1.6199788582677166
21
2.0321491338582676
0
LINE
8
BLACK
6
CONTINUOUS
10
1.6199788582677166
20
2.0321491338582676
11
1.6205549212598425
21
2.0322058661417324
0
LINE
8
BLACK
6
CONTINUOUS
10
1.6205549212598425
20
2.0322058661417324
11
1.6299287401574802
21
2.0322058661417324
0
LINE
8
BLACK
6
CONTINUOUS
10
1.6299287401574802
20
2.0322058661417324
11
1.6305048031496063
21
2.0321491338582676
0
LINE
8
BLACK
6
CONTINUOUS
10
1.6305048031496063
20
2.0321491338582676
11
1.6306027952755906
21
2.0321085433070865
0
LINE
8
BLACK
6
CONTINUOUS
10
1.6306027952755906
20
2.0321085433070865
11
1.630708622047244
21
2.0321010236220474
0
LINE
8
BLACK
6
CONTINUOUS
10
1.630708622047244
20
2.0321010236220474
11
1.631249251968504
21
2.0318941338582674
0
LINE
8
BLACK
6
CONTINUOUS
10
1.631249251968504
20
2.0318941338582674
11
1.6349987795275591
21
2.0300193700787399
0
LINE
8
BLACK
6
CONTINUOUS
10
1.6349987795275591
20
2.0300193700787399
11
1.6352467716535433
21
2.0298633070866141
0
LINE
8
BLACK
6
CONTINUOUS
10
1.6352467716535433
20
2.0298633070866141
11
1.6353187401574802
21
2.0298334645669289
0
LINE
8
BLACK
6
CONTINUOUS
10
1.6353187401574802
20
2.0298334645669289
11
1.6353996850393699
21
2.0297670078740158
0
LINE
8
BLACK
6
CONTINUOUS
10
1.6353996850393699
20
2.0297670078740158
11
1.6354886614173227
21
2.0297110236220473
0
LINE
8
BLACK
6
CONTINUOUS
10
1.6354886614173227
20
2.0297110236220473
11
1.6355398031496062
21
2.0296520472440944
0
LINE
8
BLACK
6
CONTINUOUS
10
1.6355398031496062
20
2.0296520472440944
11
1.6357661811023623
21
2.0294662598425197
0
LINE
8
BLACK
6
CONTINUOUS
10
1.6357661811023623
20
2.0294662598425197
11
1.6376409448818898
21
2.0275914960629922
0
LINE
8
BLACK
6
CONTINUOUS
10
1.6376409448818898
20
2.0275914960629922
11
1.6378266929133858
21
2.0273651574803151
0
LINE
8
BLACK
6
CONTINUOUS
10
1.6378266929133858
20
2.0273651574803151
11
1.6378857086614174
21
2.0273139763779526
0
LINE
8
BLACK
6
CONTINUOUS
10
1.6378857086614174
20
2.0273139763779526
11
1.6379416535433071
21
2.0272250393700788
0
LINE
8
BLACK
6
CONTINUOUS
10
1.6379416535433071
20
2.0272250393700788
11
1.6380081496062993
21
2.0271440551181104
0
LINE
8
BLACK
6
CONTINUOUS
10
1.6380081496062993
20
2.0271440551181104
11
1.6380379527559055
21
2.0270721259842519
0
LINE
8
BLACK
6
CONTINUOUS
10
1.6380379527559055
20
2.0270721259842519
11
1.6381940551181102
21
2.0268240944881888
0
LINE
8
BLACK
6
CONTINUOUS
10
1.6381940551181102
20
2.0268240944881888
11
1.6400688188976378
21
2.0230745669291337
0
LINE
8
BLACK
6
CONTINUOUS
10
1.6400688188976378
20
2.0230745669291337
11
1.6402757086614173
21
2.0225339763779528
0
LINE
8
BLACK
6
CONTINUOUS
10
1.6402757086614173
20
2.0225339763779528
11
1.6402832283464566
21
2.0224281102362203
0
LINE
8
BLACK
6
CONTINUOUS
10
1.6402832283464566
20
2.0224281102362203
11
1.6403238188976377
21
2.022330118110236
0
LINE
8
BLACK
6
CONTINUOUS
10
1.6403238188976377
20
2.022330118110236
11
1.6403805511811023
21
2.0217540551181101
0
LINE
8
BLACK
6
CONTINUOUS
10
1.6403805511811023
20
2.0217540551181101
11
1.6403805511811023
21
2.0123802362204724
0
LINE
8
BLACK
6
CONTINUOUS
10
1.6403805511811023
20
2.0123802362204724
11
1.6403238188976377
21
2.0118041732283465
0
LINE
8
BLACK
6
CONTINUOUS
10
1.6403238188976377
20
2.0118041732283465
11
1.6402832283464566
21
2.011706220472441
0
LINE
8
BLACK
6
CONTINUOUS
10
1.6402832283464566
20
2.011706220472441
11
1.6402757086614173
21
2.0116003149606301
0
LINE
8
BLACK
6
CONTINUOUS
10
1.6402757086614173
20
2.0116003149606301
11
1.6400688188976378
21
2.0110597244094488
0
LINE
8
BLACK
6
CONTINUOUS
10
1.6400688188976378
20
2.0110597244094488
11
1.6381940551181102
21
2.0073101968503937
0
LINE
8
BLACK
6
CONTINUOUS
10
1.6381940551181102
20
2.0073101968503937
11
1.6380379921259842
21
2.0070623228346456
0
LINE
8
BLACK
6
CONTINUOUS
10
1.6380379921259842
20
2.0070623228346456
11
1.638008188976378
21
2.0069902755905513
0
LINE
8
BLACK
6
CONTINUOUS
10
1.638008188976378
20
2.0069902755905513
11
1.6379416535433071
21
2.0069092519685037
0
LINE
8
BLACK
6
CONTINUOUS
10
1.6379416535433071
20
2.0069092519685037
11
1.6378857086614174
21
2.0068203149606298
0
LINE
8
BLACK
6
CONTINUOUS
10
1.6378857086614174
20
2.0068203149606298
11
1.6378266929133858
21
2.0067691732283466
0
LINE
8
BLACK
6
CONTINUOUS
10
1.6378266929133858
20
2.0067691732283466
11
1.6376409448818898
21
2.0065427952755903
0
LINE
8
BLACK
6
CONTINUOUS
10
1.6376409448818898
20
2.0065427952755903
11
1.6357662204724408
21
2.0046680314960628
0
LINE
8
BLACK
6
CONTINUOUS
10
1.6357662204724408
20
2.0046680314960628
11
1.635539842519685
21
2.0044822834645668
0
LINE
8
BLACK
6
CONTINUOUS
10
1.635539842519685
20
2.0044822834645668
11
1.6354886614173227
21
2.0044232283464565
0
LINE
8
BLACK
6
CONTINUOUS
10
1.6354886614173227
20
2.0044232283464565
11
1.6353996850393699
21
2.004367244094488
0
LINE
8
BLACK
6
CONTINUOUS
10
1.6353996850393699
20
2.004367244094488
11
1.6353187401574802
21
2.0043007874015748
0
LINE
8
BLACK
6
CONTINUOUS
10
1.6353187401574802
20
2.0043007874015748
11
1.6352467716535433
21
2.0042709842519684
0
LINE
8
BLACK
6
CONTINUOUS
10
1.6352467716535433
20
2.0042709842519684
11
1.6349987795275591
21
2.0041148818897638
0
LINE
8
BLACK
6
CONTINUOUS
10
1.6349987795275591
20
2.0041148818897638
11
1.631249251968504
21
2.0022401181102363
0
LINE
8
BLACK
6
CONTINUOUS
10
1.631249251968504
20
2.0022401181102363
11
1.630708622047244
21
2.0020332283464568
0
LINE
8
BLACK
6
CONTINUOUS
10
1.630708622047244
20
2.0020332283464568
11
1.6306027952755906
21
2.002025748031496
0
LINE
8
BLACK
6
CONTINUOUS
10
1.6306027952755906
20
2.002025748031496
11
1.6305048031496063
21
2.0019851181102362
0
LINE
8
BLACK
6
CONTINUOUS
10
1.6305048031496063
20
2.0019851181102362
11
1.6299287401574802
21
2.0019283858267718
0
LINE
8
BLACK
6
CONTINUOUS
10
1.6299287401574802
20
2.0019283858267718
11
1.6205549212598425
21
2.0019283858267718
0
LINE
8
BLACK
6
CONTINUOUS
10
1.6205549212598425
20
2.0019283858267718
11
1.6199788582677166
21
2.0019851181102362
0
LINE
8
BLACK
6
CONTINUOUS
10
1.6199788582677166
20
2.0019851181102362
11
1.6198808661417323
21
2.0020257086614173
0
LINE
8
BLACK
6
CONTINUOUS
10
1.6198808661417323
20
2.0020257086614173
11
1.619775
21
2.0020332283464568
0
LINE
8
BLACK
6
CONTINUOUS
10
1.619775
20
2.0020332283464568
11
1.6192344094488189
21
2.0022401181102363
0
LINE
8
BLACK
6
CONTINUOUS
10
1.6192344094488189
20
2.0022401181102363
11
1.6154848818897638
21
2.0041148818897638
0
LINE
8
BLACK
6
CONTINUOUS
10
1.6154848818897638
20
2.0041148818897638
11
1.6152368503937007
21
2.0042709842519684
0
LINE
8
BLACK
6
CONTINUOUS
10
1.6152368503937007
20
2.0042709842519684
11
1.6151649212598425
21
2.0043007874015748
0
LINE
8
BLACK
6
CONTINUOUS
10
1.6151649212598425
20
2.0043007874015748
11
1.615083937007874
21
2.004367244094488
0
LINE
8
BLACK
6
CONTINUOUS
10
1.615083937007874
20
2.004367244094488
11
1.614995
21
2.0044232283464565
0
LINE
8
BLACK
6
CONTINUOUS
10
1.614995
20
2.0044232283464565
11
1.614943779527559
21
2.0044822834645668
0
LINE
8
BLACK
6
CONTINUOUS
10
1.614943779527559
20
2.0044822834645668
11
1.6147174409448819
21
2.0046680314960628
0
LINE
8
BLACK
6
CONTINUOUS
10
1.6147174409448819
20
2.0046680314960628
11
1.6128426771653543
21
2.0065428346456691
0
LINE
8
BLACK
6
CONTINUOUS
10
1.6128426771653543
20
2.0065428346456691
11
1.6124754724409449
21
2.0069902755905513
0
LINE
8
BLACK
6
CONTINUOUS
10
1.6124754724409449
20
2.0069902755905513
11
1.6120346062992126
21
2.0080546850393701
0
LINE
8
BLACK
6
CONTINUOUS
10
1.6120346062992126
20
2.0080546850393701
11
1.6120346062992126
21
2.0092067716535431
0
LINE
8
BLACK
6
CONTINUOUS
10
1.6120346062992126
20
2.0092067716535431
11
1.6124755118110237
21
2.0102711811023624
0
LINE
8
BLACK
6
CONTINUOUS
10
1.6124755118110237
20
2.0102711811023624
11
1.6132901968503937
21
2.0110858661417321
0
LINE
8
BLACK
6
CONTINUOUS
10
1.6132901968503937
20
2.0110858661417321
11
1.6143546062992125
21
2.0115267322834645
0
LINE
8
BLACK
6
CONTINUOUS
10
1.6143546062992125
20
2.0115267322834645
11
1.6155066929133859
21
2.0115267322834645
0
LINE
8
BLACK
6
CONTINUOUS
10
1.6155066929133859
20
2.0115267322834645
11
1.6165711023622047
21
2.0110858267716534
0
LINE
8
BLACK
6
CONTINUOUS
10
1.6165711023622047
20
2.0110858267716534
11
1.6170185826771653
21
2.0107185826771654
0
LINE
8
BLACK
6
CONTINUOUS
10
1.6170185826771653
20
2.0107185826771654
11
1.6185544881889764
21
2.0091826377952757
0
LINE
8
BLACK
6
CONTINUOUS
10
1.6185544881889764
20
2.0091826377952757
11
1.621251968503937
21
2.0078338976377954
0
LINE
8
BLACK
6
CONTINUOUS
10
1.621251968503937
20
2.0078338976377954
11
1.6292316929133859
21
2.0078338976377954
0
LINE
8
BLACK
6
CONTINUOUS
10
1.6292316929133859
20
2.0078338976377954
11
1.6319291338582678
21
2.0091826377952757
0
LINE
8
BLACK
6
CONTINUOUS
10
1.6319291338582678
20
2.0091826377952757
11
1.6331262598425196
21
2.0103798031496063
0
LINE
8
BLACK
6
CONTINUOUS
10
1.6331262598425196
20
2.0103798031496063
11
1.6344750393700787
21
2.0130772834645669
0
LINE
8
BLACK
6
CONTINUOUS
10
1.6344750393700787
20
2.0130772834645669
11
1.6344750393700787
21
2.0210570078740155
0
LINE
8
BLACK
6
CONTINUOUS
10
1.6344750393700787
20
2.0210570078740155
11
1.6331262992125983
21
2.0237544881889762
0
LINE
8
BLACK
6
CONTINUOUS
10
1.6331262992125983
20
2.0237544881889762
11
1.6319291732283465
21
2.0249516141732284
0
LINE
8
BLACK
6
CONTINUOUS
10
1.6319291732283465
20
2.0249516141732284
11
1.6292316929133859
21
2.0263003543307088
0
LINE
8
BLACK
6
CONTINUOUS
10
1.6292316929133859
20
2.0263003543307088
11
1.621251968503937
21
2.0263003543307088
0
LINE
8
BLACK
6
CONTINUOUS
10
1.621251968503937
20
2.0263003543307088
11
1.6185544881889764
21
2.0249516141732284
0
LINE
8
BLACK
6
CONTINUOUS
10
1.6185544881889764
20
2.0249516141732284
11
1.6170185433070865
21
2.0234156692913383
0
LINE
8
BLACK
6
CONTINUOUS
10
1.6170185433070865
20
2.0234156692913383
11
1.6165711023622047
21
2.0230484645669291
0
LINE
8
BLACK
6
CONTINUOUS
10
1.6165711023622047
20
2.0230484645669291
11
1.6164337401574802
21
2.0229915748031497
0
LINE
8
BLACK
6
CONTINUOUS
10
1.6164337401574802
20
2.0229915748031497
11
1.6163186614173228
21
2.0228974015748031
0
LINE
8
BLACK
6
CONTINUOUS
10
1.6163186614173228
20
2.0228974015748031
11
1.6159052755905512
21
2.022772716535433
0
LINE
8
BLACK
6
CONTINUOUS
10
1.6159052755905512
20
2.022772716535433
11
1.6155066535433071
21
2.022607559055118
0
LINE
8
BLACK
6
CONTINUOUS
10
1.6155066535433071
20
2.022607559055118
11
1.6153580314960629
21
2.022607559055118
0
LINE
8
BLACK
6
CONTINUOUS
10
1.6153580314960629
20
2.022607559055118
11
1.6152156692913386
21
2.0225646062992126
0
LINE
8
BLACK
6
CONTINUOUS
10
1.6152156692913386
20
2.0225646062992126
11
1.6147861417322835
21
2.022607559055118
0
LINE
8
BLACK
6
CONTINUOUS
10
1.6147861417322835
20
2.022607559055118
11
1.6143546062992125
21
2.022607559055118
0
LINE
8
BLACK
6
CONTINUOUS
10
1.6143546062992125
20
2.022607559055118
11
1.6142172440944882
21
2.0226644881889762
0
LINE
8
BLACK
6
CONTINUOUS
10
1.6142172440944882
20
2.0226644881889762
11
1.6140692519685038
21
2.022679251968504
0
LINE
8
BLACK
6
CONTINUOUS
10
1.6140692519685038
20
2.022679251968504
11
1.6136888582677165
21
2.0228833070866141
0
LINE
8
BLACK
6
CONTINUOUS
10
1.6136888582677165
20
2.0228833070866141
11
1.6132901574803149
21
2.0230484645669291
0
LINE
8
BLACK
6
CONTINUOUS
10
1.6132901574803149
20
2.0230484645669291
11
1.6131849606299211
21
2.0231536614173229
0
LINE
8
BLACK
6
CONTINUOUS
10
1.6131849606299211
20
2.0231536614173229
11
1.6130540157480315
21
2.0232238976377954
0
LINE
8
BLACK
6
CONTINUOUS
10
1.6130540157480315
20
2.0232238976377954
11
1.612780748031496
21
2.023557874015748
0
LINE
8
BLACK
6
CONTINUOUS
10
1.612780748031496
20
2.023557874015748
11
1.6124755118110237
21
2.0238631102362206
0
LINE
8
BLACK
6
CONTINUOUS
10
1.6124755118110237
20
2.0238631102362206
11
1.6124185826771653
21
2.0240004724409451
0
LINE
8
BLACK
6
CONTINUOUS
10
1.6124185826771653
20
2.0240004724409451
11
1.6123244488188977
21
2.0241155511811022
0
LINE
8
BLACK
6
CONTINUOUS
10
1.6123244488188977
20
2.0241155511811022
11
1.6121997244094488
21
2.0245289370078741
0
LINE
8
BLACK
6
CONTINUOUS
10
1.6121997244094488
20
2.0245289370078741
11
1.6120346062992126
21
2.0249275590551181
0
LINE
8
BLACK
6
CONTINUOUS
10
1.6120346062992126
20
2.0249275590551181
11
1.6120346062992126
21
2.0250762204724411
0
LINE
8
BLACK
6
CONTINUOUS
10
1.6120346062992126
20
2.0250762204724411
11
1.611991653543307
21
2.0252185433070866
0
LINE
8
BLACK
6
CONTINUOUS
10
1.611991653543307
20
2.0252185433070866
11
1.6119925196850393
21
2.025797401574803
0
LINE
8
BLACK
6
CONTINUOUS
10
1.6119925196850393
20
2.025797401574803
11
1.6138672834645669
21
2.0445450393700786
0
LINE
8
BLACK
6
CONTINUOUS
10
1.6138672834645669
20
2.0445450393700786
11
1.6139093700787401
21
2.0447549999999999
0
LINE
8
BLACK
6
CONTINUOUS
10
1.6139093700787401
20
2.0447549999999999
11
1.6139093700787401
21
2.0448272834645671
0
LINE
8
BLACK
6
CONTINUOUS
10
1.6139093700787401
20
2.0448272834645671
11
1.6139374409448819
21
2.0448951181102362
0
LINE
8
BLACK
6
CONTINUOUS
10
1.6139374409448819
20
2.0448951181102362
11
1.6139810629921258
21
2.045112598425197
0
LINE
8
BLACK
6
CONTINUOUS
10
1.6139810629921258
20
2.045112598425197
11
1.6141850787401575
21
2.0454929133858268
0
LINE
8
BLACK
6
CONTINUOUS
10
1.6141850787401575
20
2.0454929133858268
11
1.6143502755905512
21
2.0458916929133859
0
LINE
8
BLACK
6
CONTINUOUS
10
1.6143502755905512
20
2.0458916929133859
11
1.614455433070866
21
2.0459968897637797
0
LINE
8
BLACK
6
CONTINUOUS
10
1.614455433070866
20
2.0459968897637797
11
1.6145257086614173
21
2.0461278346456693
0
LINE
8
BLACK
6
CONTINUOUS
10
1.6145257086614173
20
2.0461278346456693
11
1.6148596456692914
21
2.0464011023622048
0
LINE
8
BLACK
6
CONTINUOUS
10
1.6148596456692914
20
2.0464011023622048
11
1.6151649212598425
21
2.0467063385826769
0
LINE
8
BLACK
6
CONTINUOUS
10
1.6151649212598425
20
2.0467063385826769
11
1.6153022440944882
21
2.0467632677165355
0
LINE
8
BLACK
6
CONTINUOUS
10
1.6153022440944882
20
2.0467632677165355
11
1.6154173622047243
21
2.0468574015748029
0
LINE
8
BLACK
6
CONTINUOUS
10
1.6154173622047243
20
2.0468574015748029
11
1.6158306299212597
21
2.0469821259842518
0
LINE
8
BLACK
6
CONTINUOUS
10
1.6158306299212597
20
2.0469821259842518
11
1.6162293307086615
21
2.047147244094488
0
LINE
8
BLACK
6
CONTINUOUS
10
1.6162293307086615
20
2.047147244094488
11
1.6164499999999999
21
2.0471690157480316
0
LINE
8
BLACK
6
CONTINUOUS
10
1.6164499999999999
20
2.0471690157480316
11
1.6165203543307087
21
2.0471901968503938
0
LINE
8
BLACK
6
CONTINUOUS
10
1.6165203543307087
20
2.0471901968503938
11
1.6165923228346457
21
2.0471830314960631
0
LINE
8
BLACK
6
CONTINUOUS
10
1.6165923228346457
20
2.0471830314960631
11
1.6168053937007874
21
2.0472039763779528
0
LINE
8
BLACK
6
CONTINUOUS
10
1.6168053937007874
20
2.0472039763779528
11
1.6355530314960629
21
2.0472039763779528
0
LINE
8
BLACK
6
CONTINUOUS
10
1.6355530314960629
20
2.0472039763779528
11
1.636129094488189
21
2.047147244094488
0
LINE
8
BLACK
6
CONTINUOUS
10
2.361934409448819
20
2.1246060629921257
11
2.3629997637795275
21
2.1235407086614173
0
LINE
8
BLACK
6
CONTINUOUS
10
2.3629997637795275
20
2.1235407086614173
11
2.3631496062992126
21
2.1227874015748029
0
LINE
8
BLACK
6
CONTINUOUS
10
2.3631496062992126
20
2.1227874015748029
11
2.3631496062992126
21
1.9227874015748032
0
LINE
8
BLACK
6
CONTINUOUS
10
2.3631496062992126
20
1.9227874015748032
11
2.3629997637795275
21
1.9220340944881888
0
LINE
8
BLACK
6
CONTINUOUS
10
2.3629997637795275
20
1.9220340944881888
11
2.361934409448819
21
1.9209687401574802
0
LINE
8
BLACK
6
CONTINUOUS
10
2.361934409448819
20
1.9209687401574802
11
2.3611811023622047
21
1.9208188976377953
0
LINE
8
BLACK
6
CONTINUOUS
10
2.3611811023622047
20
1.9208188976377953
11
0.8611811023622047
21
1.9208188976377953
0
LINE
8
BLACK
6
CONTINUOUS
10
0.8611811023622047
20
1.9208188976377953
11
0.8604277952755905
21
1.9209687401574802
0
LINE
8
BLACK
6
CONTINUOUS
10
0.8604277952755905
20
1.9209687401574802
11
0.8593624409448819
21
1.9220340944881888
0
LINE
8
BLACK
6
CONTINUOUS
10
0.8593624409448819
20
1.9220340944881888
11
0.8592125984251968
21
1.9227874015748032
0
LINE
8
BLACK
6
CONTINUOUS
10
0.8592125984251968
20
1.9227874015748032
11
0.8592125984251968
21
2.0834173228346455
0
LINE
8
BLACK
6
CONTINUOUS
10
0.8592125984251968
20
2.0834173228346455
11
0.8593624409448819
21
2.0841706299212599
0
LINE
8
BLACK
6
CONTINUOUS
10
0.8593624409448819
20
2.0841706299212599
11
0.8597891732283465
21
2.0848092519685038
0
LINE
8
BLACK
6
CONTINUOUS
10
0.8597891732283465
20
2.0848092519685038
11
0.8991592519685039
21
2.1241793700787399
0
LINE
8
BLACK
6
CONTINUOUS
10
0.8991592519685039
20
2.1241793700787399
11
0.899797874015748
21
2.1246060629921257
0
LINE
8
BLACK
6
CONTINUOUS
10
0.899797874015748
20
2.1246060629921257
11
0.9005511811023622
21
2.1247559055118108
0
LINE
8
BLACK
6
CONTINUOUS
10
0.9005511811023622
20
2.1247559055118108
11
2.3611811023622047
21
2.1247559055118108
0
LINE
8
BLACK
6
CONTINUOUS
10
2.3611811023622047
20
2.1247559055118108
11
2.361934409448819
21
2.1246060629921257
0
LINE
8
BLACK
6
CONTINUOUS
10
0.9013665748031496
20
2.1208188976377951
11
0.8631496062992126
21
2.082601968503937
0
LINE
8
BLACK
6
CONTINUOUS
10
0.8631496062992126
20
2.082601968503937
11
0.8631496062992126
21
1.9247559055118111
0
LINE
8
BLACK
6
CONTINUOUS
10
0.8631496062992126
20
1.9247559055118111
11
2.3592125984251968
21
1.9247559055118111
0
LINE
8
BLACK
6
CONTINUOUS
10
2.3592125984251968
20
1.9247559055118111
11
2.3592125984251968
21
2.1208188976377951
0
LINE
8
BLACK
6
CONTINUOUS
10
2.3592125984251968
20
2.1208188976377951
11
0.9013665748031496
21
2.1208188976377951
0
LINE
8
BLACK
6
CONTINUOUS
10
2.4213700787401575
20
1.9685499212598425
11
2.4214131102362204
21
1.9685562992125984
0
LINE
8
BLACK
6
CONTINUOUS
10
2.4214131102362204
20
1.9685562992125984
11
2.4216285826771653
21
1.9685244488188975
0
LINE
8
BLACK
6
CONTINUOUS
10
2.4216285826771653
20
1.9685244488188975
11
2.4218456299212598
21
1.9685030708661417
0
LINE
8
BLACK
6
CONTINUOUS
10
2.4218456299212598
20
1.9685030708661417
11
2.4218858267716534
21
1.9684864566929134
0
LINE
8
BLACK
6
CONTINUOUS
10
2.4218858267716534
20
1.9684864566929134
11
2.4219857086614174
21
1.9684716535433071
0
LINE
8
BLACK
6
CONTINUOUS
10
2.4219857086614174
20
1.9684716535433071
11
2.4294847637795276
21
1.9665968897637796
0
LINE
8
BLACK
6
CONTINUOUS
10
2.4294847637795276
20
1.9665968897637796
11
2.4295272440944879
21
1.9665817322834644
0
LINE
8
BLACK
6
CONTINUOUS
10
2.4295272440944879
20
1.9665817322834644
11
2.4295485039370077
21
1.9665801968503938
0
LINE
8
BLACK
6
CONTINUOUS
10
2.4295485039370077
20
1.9665801968503938
11
2.4297879133858267
21
1.9664885826771654
0
LINE
8
BLACK
6
CONTINUOUS
10
2.4297879133858267
20
1.9664885826771654
11
2.4300298818897637
21
1.9664021259842519
0
LINE
8
BLACK
6
CONTINUOUS
10
2.4300298818897637
20
1.9664021259842519
11
2.4300470078740157
21
1.9663894488188975
0
LINE
8
BLACK
6
CONTINUOUS
10
2.4300470078740157
20
1.9663894488188975
11
2.4300891338582677
21
1.9663733070866141
0
LINE
8
BLACK
6
CONTINUOUS
10
2.4300891338582677
20
1.9663733070866141
11
2.4338386614173229
21
1.9644985433070865
0
LINE
8
BLACK
6
CONTINUOUS
10
2.4338386614173229
20
1.9644985433070865
11
2.434086535433071
21
1.9643425196850393
0
LINE
8
BLACK
6
CONTINUOUS
10
2.434086535433071
20
1.9643425196850393
11
2.4341585826771652
21
1.9643126771653543
0
LINE
8
BLACK
6
CONTINUOUS
10
2.4341585826771652
20
1.9643126771653543
11
2.4342396062992124
21
1.9642461811023622
0
LINE
8
BLACK
6
CONTINUOUS
10
2.4342396062992124
20
1.9642461811023622
11
2.4343285433070867
21
1.9641901968503936
0
LINE
8
BLACK
6
CONTINUOUS
10
2.4343285433070867
20
1.9641901968503936
11
2.43437968503937
21
1.9641312204724408
0
LINE
8
BLACK
6
CONTINUOUS
10
2.43437968503937
20
1.9641312204724408
11
2.4346060629921258
21
1.9639454330708661
0
LINE
8
BLACK
6
CONTINUOUS
10
2.4346060629921258
20
1.9639454330708661
11
2.4383556299212596
21
1.960195905511811
0
LINE
8
BLACK
6
CONTINUOUS
10
2.4383556299212596
20
1.960195905511811
11
2.4387228740157481
21
1.9597484645669292
0
LINE
8
BLACK
6
CONTINUOUS
10
2.4387228740157481
20
1.9597484645669292
11
2.4387634645669292
21
1.9596504330708662
0
LINE
8
BLACK
6
CONTINUOUS
10
2.4387634645669292
20
1.9596504330708662
11
2.4388329527559054
21
1.9595703149606298
0
LINE
8
BLACK
6
CONTINUOUS
10
2.4388329527559054
20
1.9595703149606298
11
2.4390689370078737
21
1.9590417322834646
0
LINE
8
BLACK
6
CONTINUOUS
10
2.4390689370078737
20
1.9590417322834646
11
2.4409437007874013
21
1.9534174803149607
0
LINE
8
BLACK
6
CONTINUOUS
10
2.4409437007874013
20
1.9534174803149607
11
2.441008622047244
21
1.9531318503937007
0
LINE
8
BLACK
6
CONTINUOUS
10
2.441008622047244
20
1.9531318503937007
11
2.4410385039370079
21
1.9530597637795275
0
LINE
8
BLACK
6
CONTINUOUS
10
2.4410385039370079
20
1.9530597637795275
11
2.4410487795275588
21
1.9529553149606298
0
LINE
8
BLACK
6
CONTINUOUS
10
2.4410487795275588
20
1.9529553149606298
11
2.4410720472440945
21
1.952853031496063
0
LINE
8
BLACK
6
CONTINUOUS
10
2.4410720472440945
20
1.952853031496063
11
2.4410664960629922
21
1.9527753149606299
0
LINE
8
BLACK
6
CONTINUOUS
10
2.4410664960629922
20
1.9527753149606299
11
2.4410952362204723
21
1.9524837007874016
0
LINE
8
BLACK
6
CONTINUOUS
10
2.4410952362204723
20
1.9524837007874016
11
2.4410952362204723
21
1.9431098818897636
0
LINE
8
BLACK
6
CONTINUOUS
10
2.4410952362204723
20
1.9431098818897636
11
2.4410385039370079
21
1.9425338188976378
0
LINE
8
BLACK
6
CONTINUOUS
10
2.4410385039370079
20
1.9425338188976378
11
2.4405975984251969
21
1.941469409448819
0
LINE
8
BLACK
6
CONTINUOUS
10
2.4405975984251969
20
1.941469409448819
11
2.4397829527559054
21
1.9406547637795275
0
LINE
8
BLACK
6
CONTINUOUS
10
2.4397829527559054
20
1.9406547637795275
11
2.4387185433070866
21
1.9402138582677164
0
LINE
8
BLACK
6
CONTINUOUS
10
2.4387185433070866
20
1.9402138582677164
11
2.4381424803149607
21
1.9401571259842518
0
LINE
8
BLACK
6
CONTINUOUS
10
2.4381424803149607
20
1.9401571259842518
11
2.3987724015748033
21
1.9401571259842518
0
LINE
8
BLACK
6
CONTINUOUS
10
2.3987724015748033
20
1.9401571259842518
11
2.398196338582677
21
1.9402138582677164
0
LINE
8
BLACK
6
CONTINUOUS
10
2.398196338582677
20
1.9402138582677164
11
2.3971319291338582
21
1.9406547637795275
0
LINE
8
BLACK
6
CONTINUOUS
10
2.3971319291338582
20
1.9406547637795275
11
2.3963172834645667
21
1.941469409448819
0
LINE
8
BLACK
6
CONTINUOUS
10
2.3963172834645667
20
1.941469409448819
11
2.3958763779527557
21
1.9425338188976378
0
LINE
8
BLACK
6
CONTINUOUS
10
2.3958763779527557
20
1.9425338188976378
11
2.3958196456692913
21
1.9431098818897636
0
LINE
8
BLACK
6
CONTINUOUS
10
2.3958196456692913
20
1.9431098818897636
11
2.3958196456692913
21
1.9524837007874016
0
LINE
8
BLACK
6
CONTINUOUS
10
2.3958196456692913
20
1.9524837007874016
11
2.3958483464566926
21
1.9527752755905512
0
LINE
8
BLACK
6
CONTINUOUS
10
2.3958483464566926
20
1.9527752755905512
11
2.3958428346456691
21
1.9528529921259843
0
LINE
8
BLACK
6
CONTINUOUS
10
2.3958428346456691
20
1.9528529921259843
11
2.395866062992126
21
1.952955275590551
0
LINE
8
BLACK
6
CONTINUOUS
10
2.395866062992126
20
1.952955275590551
11
2.3958763779527557
21
1.9530597637795275
0
LINE
8
BLACK
6
CONTINUOUS
10
2.3958763779527557
20
1.9530597637795275
11
2.3959062204724408
21
1.9531318897637795
0
LINE
8
BLACK
6
CONTINUOUS
10
2.3959062204724408
20
1.9531318897637795
11
2.3959711811023623
21
1.9534174409448819
0
LINE
8
BLACK
6
CONTINUOUS
10
2.3959711811023623
20
1.9534174409448819
11
2.3978459448818898
21
1.9590417322834646
0
LINE
8
BLACK
6
CONTINUOUS
10
2.3978459448818898
20
1.9590417322834646
11
2.3980819291338582
21
1.9595702755905511
0
LINE
8
BLACK
6
CONTINUOUS
10
2.3980819291338582
20
1.9595702755905511
11
2.3981514173228344
21
1.9596504330708662
0
LINE
8
BLACK
6
CONTINUOUS
10
2.3981514173228344
20
1.9596504330708662
11
2.3981920472440943
21
1.9597484645669292
0
LINE
8
BLACK
6
CONTINUOUS
10
2.3981920472440943
20
1.9597484645669292
11
2.3985592519685039
21
1.960195905511811
0
LINE
8
BLACK
6
CONTINUOUS
10
2.3985592519685039
20
1.960195905511811
11
2.4023087795275591
21
1.9639454330708661
0
LINE
8
BLACK
6
CONTINUOUS
10
2.4023087795275591
20
1.9639454330708661
11
2.4025351574803149
21
1.9641312992125983
0
LINE
8
BLACK
6
CONTINUOUS
10
2.4025351574803149
20
1.9641312992125983
11
2.4025862992125986
21
1.9641901968503936
0
LINE
8
BLACK
6
CONTINUOUS
10
2.4025862992125986
20
1.9641901968503936
11
2.4026750393700786
21
1.9642461023622046
0
LINE
8
BLACK
6
CONTINUOUS
10
2.4026750393700786
20
1.9642461023622046
11
2.4027562204724409
21
1.9643126771653543
0
LINE
8
BLACK
6
CONTINUOUS
10
2.4027562204724409
20
1.9643126771653543
11
2.4028283464566931
21
1.964342559055118
0
LINE
8
BLACK
6
CONTINUOUS
10
2.4028283464566931
20
1.964342559055118
11
2.403076181102362
21
1.9644985433070865
0
LINE
8
BLACK
6
CONTINUOUS
10
2.403076181102362
20
1.9644985433070865
11
2.4068257086614171
21
1.9663733070866141
0
LINE
8
BLACK
6
CONTINUOUS
10
2.4068257086614171
20
1.9663733070866141
11
2.4068677952755904
21
1.9663894488188975
0
LINE
8
BLACK
6
CONTINUOUS
10
2.4068677952755904
20
1.9663894488188975
11
2.4068849606299212
21
1.9664021259842519
0
LINE
8
BLACK
6
CONTINUOUS
10
2.4068849606299212
20
1.9664021259842519
11
2.4071265354330706
21
1.9664884645669292
0
LINE
8
BLACK
6
CONTINUOUS
10
2.4071265354330706
20
1.9664884645669292
11
2.4073662992125984
21
1.9665801968503938
0
LINE
8
BLACK
6
CONTINUOUS
10
2.4073662992125984
20
1.9665801968503938
11
2.4073875590551181
21
1.9665817322834644
0
LINE
8
BLACK
6
CONTINUOUS
10
2.4073875590551181
20
1.9665817322834644
11
2.4074300787401572
21
1.9665968897637796
0
LINE
8
BLACK
6
CONTINUOUS
10
2.4074300787401572
20
1.9665968897637796
11
2.4149291338582675
21
1.9684716535433071
0
LINE
8
BLACK
6
CONTINUOUS
10
2.4149291338582675
20
1.9684716535433071
11
2.4150289763779527
21
1.9684864566929134
0
LINE
8
BLACK
6
CONTINUOUS
10
2.4150289763779527
20
1.9684864566929134
11
2.415069212598425
21
1.9685030708661417
0
LINE
8
BLACK
6
CONTINUOUS
10
2.415069212598425
20
1.9685030708661417
11
2.4152862204724408
21
1.9685244488188975
0
LINE
8
BLACK
6
CONTINUOUS
10
2.4152862204724408
20
1.9685244488188975
11
2.4155017322834644
21
1.9685562992125984
0
LINE
8
BLACK
6
CONTINUOUS
10
2.4155017322834644
20
1.9685562992125984
11
2.4155447244094486
21
1.9685499212598425
0
LINE
8
BLACK
6
CONTINUOUS
10
2.4155447244094486
20
1.9685499212598425
11
2.4156452755905513
21
1.9685598031496063
0
LINE
8
BLACK
6
CONTINUOUS
10
2.4156452755905513
20
1.9685598031496063
11
2.421269566929134
21
1.9685598031496063
0
LINE
8
BLACK
6
CONTINUOUS
10
2.421269566929134
20
1.9685598031496063
11
2.4213700787401575
21
1.9685499212598425
0
LINE
8
BLACK
6
CONTINUOUS
10
2.4091767716535433
20
1.9609462992125983
11
2.4061457874015746
21
1.9594307874015748
0
LINE
8
BLACK
6
CONTINUOUS
10
2.4061457874015746
20
1.9594307874015748
11
2.4032279527559055
21
1.9565129921259843
0
LINE
8
BLACK
6
CONTINUOUS
10
2.4032279527559055
20
1.9565129921259843
11
2.4017251574803149
21
1.9520045669291337
0
LINE
8
BLACK
6
CONTINUOUS
10
2.4017251574803149
20
1.9520045669291337
11
2.4017251574803149
21
1.9460626377952754
0
LINE
8
BLACK
6
CONTINUOUS
10
2.4017251574803149
20
1.9460626377952754
11
2.4351897244094487
21
1.9460626377952754
0
LINE
8
BLACK
6
CONTINUOUS
10
2.4351897244094487
20
1.9460626377952754
11
2.4351897244094487
21
1.9520045669291337
0
LINE
8
BLACK
6
CONTINUOUS
10
2.4351897244094487
20
1.9520045669291337
11
2.4336869291338581
21
1.9565129527559055
0
LINE
8
BLACK
6
CONTINUOUS
10
2.4336869291338581
20
1.9565129527559055
11
2.4307690551181103
21
1.9594307874015748
0
LINE
8
BLACK
6
CONTINUOUS
10
2.4307690551181103
20
1.9594307874015748
11
2.4277380708661416
21
1.9609462992125983
0
LINE
8
BLACK
6
CONTINUOUS
10
2.4277380708661416
20
1.9609462992125983
11
2.420906023622047
21
1.9626542913385827
0
LINE
8
BLACK
6
CONTINUOUS
10
2.420906023622047
20
1.9626542913385827
11
2.4160088188976379
21
1.9626542913385827
0
LINE
8
BLACK
6
CONTINUOUS
10
2.4160088188976379
20
1.9626542913385827
11
2.4091767716535433
21
1.9609462992125983
0
LINE
8
BLACK
6
CONTINUOUS
10
2.400412874015748
20
2.0036827165354332
11
2.4012275196850394
21
2.0028680708661417
0
LINE
8
BLACK
6
CONTINUOUS
10
2.4012275196850394
20
2.0028680708661417
11
2.4016684251968505
21
2.0018036614173229
0
LINE
8
BLACK
6
CONTINUOUS
10
2.4016684251968505
20
2.0018036614173229
11
2.4017251574803149
21
2.0012275984251966
0
LINE
8
BLACK
6
CONTINUOUS
10
2.4017251574803149
20
2.0012275984251966
11
2.4017251574803149
21
1.9854327165354331
0
LINE
8
BLACK
6
CONTINUOUS
10
2.4017251574803149
20
1.9854327165354331
11
2.4145672834645668
21
1.9854327165354331
0
LINE
8
BLACK
6
CONTINUOUS
10
2.4145672834645668
20
1.9854327165354331
11
2.4145672834645668
21
1.9956033070866142
0
LINE
8
BLACK
6
CONTINUOUS
10
2.4145672834645668
20
1.9956033070866142
11
2.4146240157480316
21
1.99617937007874
0
LINE
8
BLACK
6
CONTINUOUS
10
2.4146240157480316
20
1.99617937007874
11
2.4150649212598423
21
1.997243779527559
0
LINE
8
BLACK
6
CONTINUOUS
10
2.4150649212598423
20
1.997243779527559
11
2.4158795669291337
21
1.9980584251968503
0
LINE
8
BLACK
6
CONTINUOUS
10
2.4158795669291337
20
1.9980584251968503
11
2.4169439763779526
21
1.9984993307086614
0
LINE
8
BLACK
6
CONTINUOUS
10
2.4169439763779526
20
1.9984993307086614
11
2.4180961023622047
21
1.9984993307086614
0
LINE
8
BLACK
6
CONTINUOUS
10
2.4180961023622047
20
1.9984993307086614
11
2.4191605118110235
21
1.9980584251968503
0
LINE
8
BLACK
6
CONTINUOUS
10
2.4191605118110235
20
1.9980584251968503
11
2.419975157480315
21
1.997243779527559
0
LINE
8
BLACK
6
CONTINUOUS
10
2.419975157480315
20
1.997243779527559
11
2.4204160629921261
21
1.99617937007874
0
LINE
8
BLACK
6
CONTINUOUS
10
2.4204160629921261
20
1.99617937007874
11
2.4204727952755904
21
1.9956033070866142
0
LINE
8
BLACK
6
CONTINUOUS
10
2.4204727952755904
20
1.9956033070866142
11
2.4204727952755904
21
1.9854327165354331
0
LINE
8
BLACK
6
CONTINUOUS
10
2.4204727952755904
20
1.9854327165354331
11
2.4351897244094487
21
1.9854327165354331
0
LINE
8
BLACK
6
CONTINUOUS
10
2.4351897244094487
20
1.9854327165354331
11
2.4351897244094487
21
2.0012275984251966
0
LINE
8
BLACK
6
CONTINUOUS
10
2.4351897244094487
20
2.0012275984251966
11
2.4352464566929135
21
2.0018036614173229
0
LINE
8
BLACK
6
CONTINUOUS
10
2.4352464566929135
20
2.0018036614173229
11
2.4356873622047241
21
2.0028680708661417
0
LINE
8
BLACK
6
CONTINUOUS
10
2.4356873622047241
20
2.0028680708661417
11
2.4365020078740156
21
2.0036827165354332
0
LINE
8
BLACK
6
CONTINUOUS
10
2.4365020078740156
20
2.0036827165354332
11
2.4375664173228344
21
2.0041236220472443
0
LINE
8
BLACK
6
CONTINUOUS
10
2.4375664173228344
20
2.0041236220472443
11
2.4387185433070866
21
2.0041236220472443
0
LINE
8
BLACK
6
CONTINUOUS
10
2.4387185433070866
20
2.0041236220472443
11
2.4397829527559054
21
2.0036827165354332
0
LINE
8
BLACK
6
CONTINUOUS
10
2.4397829527559054
20
2.0036827165354332
11
2.4405975984251969
21
2.0028680708661417
0
LINE
8
BLACK
6
CONTINUOUS
10
2.4405975984251969
20
2.0028680708661417
11
2.4410385039370079
21
2.0018036614173229
0
LINE
8
BLACK
6
CONTINUOUS
10
2.4410385039370079
20
2.0018036614173229
11
2.4410952362204723
21
2.0012275984251966
0
LINE
8
BLACK
6
CONTINUOUS
10
2.4410952362204723
20
2.0012275984251966
11
2.4410952362204723
21
1.9824799606299213
0
LINE
8
BLACK
6
CONTINUOUS
10
2.4410952362204723
20
1.9824799606299213
11
2.4410385039370079
21
1.9819038976377952
0
LINE
8
BLACK
6
CONTINUOUS
10
2.4410385039370079
20
1.9819038976377952
11
2.4405975984251969
21
1.9808394881889764
0
LINE
8
BLACK
6
CONTINUOUS
10
2.4405975984251969
20
1.9808394881889764
11
2.4397829527559054
21
1.9800248425196849
0
LINE
8
BLACK
6
CONTINUOUS
10
2.4397829527559054
20
1.9800248425196849
11
2.4387185433070866
21
1.9795839370078741
0
LINE
8
BLACK
6
CONTINUOUS
10
2.4387185433070866
20
1.9795839370078741
11
2.4381424803149607
21
1.9795272047244095
0
LINE
8
BLACK
6
CONTINUOUS
10
2.4381424803149607
20
1.9795272047244095
11
2.3987724015748033
21
1.9795272047244095
0
LINE
8
BLACK
6
CONTINUOUS
10
2.3987724015748033
20
1.9795272047244095
11
2.398196338582677
21
1.9795839370078741
0
LINE
8
BLACK
6
CONTINUOUS
10
2.398196338582677
20
1.9795839370078741
11
2.3971319291338582
21
1.9800248425196849
0
LINE
8
BLACK
6
CONTINUOUS
10
2.3971319291338582
20
1.9800248425196849
11
2.3963172834645667
21
1.9808394881889764
0
LINE
8
BLACK
6
CONTINUOUS
10
2.3963172834645667
20
1.9808394881889764
11
2.3958763779527557
21
1.9819038976377952
0
LINE
8
BLACK
6
CONTINUOUS
10
2.3958763779527557
20
1.9819038976377952
11
2.3958196456692913
21
1.9824799606299213
0
LINE
8
BLACK
6
CONTINUOUS
10
2.3958196456692913
20
1.9824799606299213
11
2.3958196456692913
21
2.0012275984251966
0
LINE
8
BLACK
6
CONTINUOUS
10
2.3958196456692913
20
2.0012275984251966
11
2.3958763779527557
21
2.0018036614173229
0
LINE
8
BLACK
6
CONTINUOUS
10
2.3958763779527557
20
2.0018036614173229
11
2.3963172834645667
21
2.0028680708661417
0
LINE
8
BLACK
6
CONTINUOUS
10
2.3963172834645667
20
2.0028680708661417
11
2.3971319291338582
21
2.0036827165354332
0
LINE
8
BLACK
6
CONTINUOUS
10
2.3971319291338582
20
2.0036827165354332
11
2.398196338582677
21
2.0041236220472443
0
LINE
8
BLACK
6
CONTINUOUS
10
2.398196338582677
20
2.0041236220472443
11
2.3993484645669292
21
2.0041236220472443
0
LINE
8
BLACK
6
CONTINUOUS
10
2.3993484645669292
20
2.0041236220472443
11
2.400412874015748
21
2.0036827165354332
0
LINE
8
BLACK
6
CONTINUOUS
10
2.4124718110236221
20
2.0434937007874017
11
2.4125698031496063
21
2.0434531102362206
0
LINE
8
BLACK
6
CONTINUOUS
10
2.4125698031496063
20
2.0434531102362206
11
2.4126756299212597
21
2.043445590551181
0
LINE
8
BLACK
6
CONTINUOUS
10
2.4126756299212597
20
2.043445590551181
11
2.4132162598425198
21
2.0432387007874016
0
LINE
8
BLACK
6
CONTINUOUS
10
2.4132162598425198
20
2.0432387007874016
11
2.4169657874015749
21
2.041363937007874
0
LINE
8
BLACK
6
CONTINUOUS
10
2.4169657874015749
20
2.041363937007874
11
2.4172137795275588
21
2.0412078740157478
0
LINE
8
BLACK
6
CONTINUOUS
10
2.4172137795275588
20
2.0412078740157478
11
2.417285748031496
21
2.041178031496063
0
LINE
8
BLACK
6
CONTINUOUS
10
2.417285748031496
20
2.041178031496063
11
2.4173666929133857
21
2.0411115748031494
0
LINE
8
BLACK
6
CONTINUOUS
10
2.4173666929133857
20
2.0411115748031494
11
2.4174556692913387
21
2.0410555905511809
0
LINE
8
BLACK
6
CONTINUOUS
10
2.4174556692913387
20
2.0410555905511809
11
2.417506811023622
21
2.0409966141732281
0
LINE
8
BLACK
6
CONTINUOUS
10
2.417506811023622
20
2.0409966141732281
11
2.4177331889763778
21
2.0408108267716534
0
LINE
8
BLACK
6
CONTINUOUS
10
2.4177331889763778
20
2.0408108267716534
11
2.4196079527559053
21
2.0389360629921258
0
LINE
8
BLACK
6
CONTINUOUS
10
2.4196079527559053
20
2.0389360629921258
11
2.4197937007874013
21
2.0387097244094488
0
LINE
8
BLACK
6
CONTINUOUS
10
2.4197937007874013
20
2.0387097244094488
11
2.4198527165354329
21
2.0386585433070867
0
LINE
8
BLACK
6
CONTINUOUS
10
2.4198527165354329
20
2.0386585433070867
11
2.4199086614173226
21
2.0385696062992125
0
LINE
8
BLACK
6
CONTINUOUS
10
2.4199086614173226
20
2.0385696062992125
11
2.419975157480315
21
2.038488622047244
0
LINE
8
BLACK
6
CONTINUOUS
10
2.419975157480315
20
2.038488622047244
11
2.420004960629921
21
2.0384166929133856
0
LINE
8
BLACK
6
CONTINUOUS
10
2.420004960629921
20
2.0384166929133856
11
2.420161062992126
21
2.0381686614173229
0
LINE
8
BLACK
6
CONTINUOUS
10
2.420161062992126
20
2.0381686614173229
11
2.4220358267716535
21
2.0344191338582678
0
LINE
8
BLACK
6
CONTINUOUS
10
2.4220358267716535
20
2.0344191338582678
11
2.422242716535433
21
2.0338785433070865
0
LINE
8
BLACK
6
CONTINUOUS
10
2.422242716535433
20
2.0338785433070865
11
2.4222502362204725
21
2.0337726771653544
0
LINE
8
BLACK
6
CONTINUOUS
10
2.4222502362204725
20
2.0337726771653544
11
2.4222908267716536
21
2.0336746850393701
0
LINE
8
BLACK
6
CONTINUOUS
10
2.4222908267716536
20
2.0336746850393701
11
2.4223432283464565
21
2.033142559055118
0
LINE
8
BLACK
6
CONTINUOUS
10
2.4223432283464565
20
2.033142559055118
11
2.4364492125984252
21
2.0430166929133859
0
LINE
8
BLACK
6
CONTINUOUS
10
2.4364492125984252
20
2.0430166929133859
11
2.4369536614173226
21
2.0433005511811024
0
LINE
8
BLACK
6
CONTINUOUS
10
2.4369536614173226
20
2.0433005511811024
11
2.4380785039370076
21
2.0435497244094489
0
LINE
8
BLACK
6
CONTINUOUS
10
2.4380785039370076
20
2.0435497244094489
11
2.4392130708661415
21
2.0433495275590552
0
LINE
8
BLACK
6
CONTINUOUS
10
2.4392130708661415
20
2.0433495275590552
11
2.4401846456692913
21
2.0427303543307085
0
LINE
8
BLACK
6
CONTINUOUS
10
2.4401846456692913
20
2.0427303543307085
11
2.4408453543307087
21
2.0417864960629921
0
LINE
8
BLACK
6
CONTINUOUS
10
2.4408453543307087
20
2.0417864960629921
11
2.441094566929134
21
2.0406616535433071
0
LINE
8
BLACK
6
CONTINUOUS
10
2.441094566929134
20
2.0406616535433071
11
2.4408943307086615
21
2.039527125984252
0
LINE
8
BLACK
6
CONTINUOUS
10
2.4408943307086615
20
2.039527125984252
11
2.4402751574803148
21
2.0385555118110235
0
LINE
8
BLACK
6
CONTINUOUS
10
2.4402751574803148
20
2.0385555118110235
11
2.4398357874015746
21
2.0381787007874017
0
LINE
8
BLACK
6
CONTINUOUS
10
2.4398357874015746
20
2.0381787007874017
11
2.422347559055118
21
2.0259369685039368
0
LINE
8
BLACK
6
CONTINUOUS
10
2.422347559055118
20
2.0259369685039368
11
2.422347559055118
21
2.0210532677165354
0
LINE
8
BLACK
6
CONTINUOUS
10
2.422347559055118
20
2.0210532677165354
11
2.4381424803149607
21
2.0210532677165354
0
LINE
8
BLACK
6
CONTINUOUS
10
2.4381424803149607
20
2.0210532677165354
11
2.4387185433070866
21
2.020996535433071
0
LINE
8
BLACK
6
CONTINUOUS
10
2.4387185433070866
20
2.020996535433071
11
2.4397829527559054
21
2.0205556299212599
0
LINE
8
BLACK
6
CONTINUOUS
10
2.4397829527559054
20
2.0205556299212599
11
2.4405975984251969
21
2.0197409842519685
0
LINE
8
BLACK
6
CONTINUOUS
10
2.4405975984251969
20
2.0197409842519685
11
2.4410385039370079
21
2.0186765748031497
0
LINE
8
BLACK
6
CONTINUOUS
10
2.4410385039370079
20
2.0186765748031497
11
2.4410385039370079
21
2.0175244488188975
0
LINE
8
BLACK
6
CONTINUOUS
10
2.4410385039370079
20
2.0175244488188975
11
2.4405975984251969
21
2.0164600393700787
0
LINE
8
BLACK
6
CONTINUOUS
10
2.4405975984251969
20
2.0164600393700787
11
2.4397829527559054
21
2.0156453937007872
0
LINE
8
BLACK
6
CONTINUOUS
10
2.4397829527559054
20
2.0156453937007872
11
2.4387185433070866
21
2.0152044881889761
0
LINE
8
BLACK
6
CONTINUOUS
10
2.4387185433070866
20
2.0152044881889761
11
2.4381424803149607
21
2.0151477559055118
0
LINE
8
BLACK
6
CONTINUOUS
10
2.4381424803149607
20
2.0151477559055118
11
2.3987724015748033
21
2.0151477559055118
0
LINE
8
BLACK
6
CONTINUOUS
10
2.3987724015748033
20
2.0151477559055118
11
2.398196338582677
21
2.0152044881889761
0
LINE
8
BLACK
6
CONTINUOUS
10
2.398196338582677
20
2.0152044881889761
11
2.3971319291338582
21
2.0156453937007872
0
LINE
8
BLACK
6
CONTINUOUS
10
2.3971319291338582
20
2.0156453937007872
11
2.3963172834645667
21
2.0164600393700787
0
LINE
8
BLACK
6
CONTINUOUS
10
2.3963172834645667
20
2.0164600393700787
11
2.3958763779527557
21
2.0175244488188975
0
LINE
8
BLACK
6
CONTINUOUS
10
2.3958763779527557
20
2.0175244488188975
11
2.3958196456692913
21
2.0181005118110238
0
LINE
8
BLACK
6
CONTINUOUS
10
2.3958196456692913
20
2.0181005118110238
11
2.3958196456692913
21
2.0330986220472442
0
LINE
8
BLACK
6
CONTINUOUS
10
2.3958196456692913
20
2.0330986220472442
11
2.3958763779527557
21
2.0336746850393701
0
LINE
8
BLACK
6
CONTINUOUS
10
2.3958763779527557
20
2.0336746850393701
11
2.3959169685039368
21
2.0337727165354331
0
LINE
8
BLACK
6
CONTINUOUS
10
2.3959169685039368
20
2.0337727165354331
11
2.3959244881889763
21
2.0338785039370078
0
LINE
8
BLACK
6
CONTINUOUS
10
2.3959244881889763
20
2.0338785039370078
11
2.3961313779527558
21
2.0344191338582678
0
LINE
8
BLACK
6
CONTINUOUS
10
2.3961313779527558
20
2.0344191338582678
11
2.3980061417322833
21
2.0381686614173229
0
LINE
8
BLACK
6
CONTINUOUS
10
2.3980061417322833
20
2.0381686614173229
11
2.3981622047244096
21
2.0384166929133856
0
LINE
8
BLACK
6
CONTINUOUS
10
2.3981622047244096
20
2.0384166929133856
11
2.3981920472440943
21
2.038488622047244
0
LINE
8
BLACK
6
CONTINUOUS
10
2.3981920472440943
20
2.038488622047244
11
2.3982585039370079
21
2.0385696062992125
0
LINE
8
BLACK
6
CONTINUOUS
10
2.3982585039370079
20
2.0385696062992125
11
2.3983144881889764
21
2.0386585433070867
0
LINE
8
BLACK
6
CONTINUOUS
10
2.3983144881889764
20
2.0386585433070867
11
2.3983734645669292
21
2.0387097244094488
0
LINE
8
BLACK
6
CONTINUOUS
10
2.3983734645669292
20
2.0387097244094488
11
2.3985592519685039
21
2.0389360629921258
0
LINE
8
BLACK
6
CONTINUOUS
10
2.3985592519685039
20
2.0389360629921258
11
2.4004340157480315
21
2.0408108267716534
0
LINE
8
BLACK
6
CONTINUOUS
10
2.4004340157480315
20
2.0408108267716534
11
2.4006603543307086
21
2.0409966141732281
0
LINE
8
BLACK
6
CONTINUOUS
10
2.4006603543307086
20
2.0409966141732281
11
2.400711535433071
21
2.0410555905511809
0
LINE
8
BLACK
6
CONTINUOUS
10
2.400711535433071
20
2.0410555905511809
11
2.4008004724409449
21
2.0411115748031494
0
LINE
8
BLACK
6
CONTINUOUS
10
2.4008004724409449
20
2.0411115748031494
11
2.4008814566929133
21
2.041178031496063
0
LINE
8
BLACK
6
CONTINUOUS
10
2.4008814566929133
20
2.041178031496063
11
2.4009533858267718
21
2.0412078740157478
0
LINE
8
BLACK
6
CONTINUOUS
10
2.4009533858267718
20
2.0412078740157478
11
2.4012014173228344
21
2.041363937007874
0
LINE
8
BLACK
6
CONTINUOUS
10
2.4012014173228344
20
2.041363937007874
11
2.4049509448818895
21
2.0432387007874016
0
LINE
8
BLACK
6
CONTINUOUS
10
2.4049509448818895
20
2.0432387007874016
11
2.4054915354330708
21
2.043445590551181
0
LINE
8
BLACK
6
CONTINUOUS
10
2.4054915354330708
20
2.043445590551181
11
2.405597401574803
21
2.0434531496062993
0
LINE
8
BLACK
6
CONTINUOUS
10
2.405597401574803
20
2.0434531496062993
11
2.4056953937007872
21
2.0434937007874017
0
LINE
8
BLACK
6
CONTINUOUS
10
2.4056953937007872
20
2.0434937007874017
11
2.4062714566929135
21
2.043550433070866
0
LINE
8
BLACK
6
CONTINUOUS
10
2.4062714566929135
20
2.043550433070866
11
2.4118957480314962
21
2.043550433070866
0
LINE
8
BLACK
6
CONTINUOUS
10
2.4118957480314962
20
2.043550433070866
11
2.4124718110236221
21
2.0434937007874017
0
LINE
8
BLACK
6
CONTINUOUS
10
2.404271023622047
20
2.0362961811023621
11
2.4030738976377952
21
2.0350990551181103
0
LINE
8
BLACK
6
CONTINUOUS
10
2.4030738976377952
20
2.0350990551181103
11
2.4017251574803149
21
2.0324015748031496
0
LINE
8
BLACK
6
CONTINUOUS
10
2.4017251574803149
20
2.0324015748031496
11
2.4017251574803149
21
2.0210532677165354
0
LINE
8
BLACK
6
CONTINUOUS
10
2.4017251574803149
20
2.0210532677165354
11
2.4164420472440944
21
2.0210532677165354
0
LINE
8
BLACK
6
CONTINUOUS
10
2.4164420472440944
20
2.0210532677165354
11
2.4164420472440944
21
2.0324015748031496
0
LINE
8
BLACK
6
CONTINUOUS
10
2.4164420472440944
20
2.0324015748031496
11
2.4150933070866141
21
2.0350990551181103
0
LINE
8
BLACK
6
CONTINUOUS
10
2.4150933070866141
20
2.0350990551181103
11
2.4138961811023623
21
2.0362961811023621
0
LINE
8
BLACK
6
CONTINUOUS
10
2.4138961811023623
20
2.0362961811023621
11
2.4111987007874016
21
2.0376449212598424
0
LINE
8
BLACK
6
CONTINUOUS
10
2.4111987007874016
20
2.0376449212598424
11
2.4069685039370077
21
2.0376449212598424
0
LINE
8
BLACK
6
CONTINUOUS
10
2.4069685039370077
20
2.0376449212598424
11
2.404271023622047
21
2.0362961811023621
0
LINE
8
BLACK
6
CONTINUOUS
10
2.4435324803149605
20
2.0805481102362204
11
2.444347125984252
21
2.079733464566929
0
LINE
8
BLACK
6
CONTINUOUS
10
2.444347125984252
20
2.079733464566929
11
2.4447880314960631
21
2.0786690551181102
0
LINE
8
BLACK
6
CONTINUOUS
10
2.4447880314960631
20
2.0786690551181102
11
2.4448447637795274
21
2.0780929921259843
0
LINE
8
BLACK
6
CONTINUOUS
10
2.4448447637795274
20
2.0780929921259843
11
2.4448447637795274
21
2.0480967322834647
0
LINE
8
BLACK
6
CONTINUOUS
10
2.4448447637795274
20
2.0480967322834647
11
2.4447880314960631
21
2.0475206692913384
0
LINE
8
BLACK
6
CONTINUOUS
10
2.4447880314960631
20
2.0475206692913384
11
2.444347125984252
21
2.0464562598425196
0
LINE
8
BLACK
6
CONTINUOUS
10
2.444347125984252
20
2.0464562598425196
11
2.4435324803149605
21
2.0456416141732281
0
LINE
8
BLACK
6
CONTINUOUS
10
2.4435324803149605
20
2.0456416141732281
11
2.4424680708661417
21
2.0452007086614175
0
LINE
8
BLACK
6
CONTINUOUS
10
2.4424680708661417
20
2.0452007086614175
11
2.4413159448818895
21
2.0452007086614175
0
LINE
8
BLACK
6
CONTINUOUS
10
2.4413159448818895
20
2.0452007086614175
11
2.4402515354330707
21
2.0456416141732281
0
LINE
8
BLACK
6
CONTINUOUS
10
2.4402515354330707
20
2.0456416141732281
11
2.4394368897637793
21
2.0464562598425196
0
LINE
8
BLACK
6
CONTINUOUS
10
2.4394368897637793
20
2.0464562598425196
11
2.4389959842519686
21
2.0475206692913384
0
LINE
8
BLACK
6
CONTINUOUS
10
2.4389959842519686
20
2.0475206692913384
11
2.4389392519685038
21
2.0480967322834647
0
LINE
8
BLACK
6
CONTINUOUS
10
2.4389392519685038
20
2.0480967322834647
11
2.4389392519685038
21
2.0780929921259843
0
LINE
8
BLACK
6
CONTINUOUS
10
2.4389392519685038
20
2.0780929921259843
11
2.4389959842519686
21
2.0786690551181102
0
LINE
8
BLACK
6
CONTINUOUS
10
2.4389959842519686
20
2.0786690551181102
11
2.4394368897637793
21
2.079733464566929
0
LINE
8
BLACK
6
CONTINUOUS
10
2.4394368897637793
20
2.079733464566929
11
2.4402515354330707
21
2.0805481102362204
0
LINE
8
BLACK
6
CONTINUOUS
10
2.4402515354330707
20
2.0805481102362204
11
2.4413159448818895
21
2.0809890157480315
0
LINE
8
BLACK
6
CONTINUOUS
10
2.4413159448818895
20
2.0809890157480315
11
2.4424680708661417
21
2.0809890157480315
0
LINE
8
BLACK
6
CONTINUOUS
10
2.4424680708661417
20
2.0809890157480315
11
2.4435324803149605
21
2.0805481102362204
0
LINE
8
BLACK
6
CONTINUOUS
10
2.4103125196850392
20
2.1110133070866142
11
2.4103902755905513
21
2.1110188188976378
0
LINE
8
BLACK
6
CONTINUOUS
10
2.4103902755905513
20
2.1110188188976378
11
2.4104925196850395
21
2.1109955905511812
0
LINE
8
BLACK
6
CONTINUOUS
10
2.4104925196850395
20
2.1109955905511812
11
2.4105970472440945
21
2.1109852755905512
0
LINE
8
BLACK
6
CONTINUOUS
10
2.4105970472440945
20
2.1109852755905512
11
2.4106691338582675
21
2.110955433070866
0
LINE
8
BLACK
6
CONTINUOUS
10
2.4106691338582675
20
2.110955433070866
11
2.4109547244094487
21
2.110890472440945
0
LINE
8
BLACK
6
CONTINUOUS
10
2.4109547244094487
20
2.110890472440945
11
2.4165790157480314
21
2.1090157086614174
0
LINE
8
BLACK
6
CONTINUOUS
10
2.4165790157480314
20
2.1090157086614174
11
2.4171075590551179
21
2.1087797244094486
0
LINE
8
BLACK
6
CONTINUOUS
10
2.4171075590551179
20
2.1087797244094486
11
2.4171876771653542
21
2.1087102362204724
0
LINE
8
BLACK
6
CONTINUOUS
10
2.4171876771653542
20
2.1087102362204724
11
2.417285748031496
21
2.1086696062992125
0
LINE
8
BLACK
6
CONTINUOUS
10
2.417285748031496
20
2.1086696062992125
11
2.4177331889763778
21
2.1083024015748033
0
LINE
8
BLACK
6
CONTINUOUS
10
2.4177331889763778
20
2.1083024015748033
11
2.4351897244094487
21
2.0908459055118112
0
LINE
8
BLACK
6
CONTINUOUS
10
2.4351897244094487
20
2.0908459055118112
11
2.4351897244094487
21
2.1080892519685039
0
LINE
8
BLACK
6
CONTINUOUS
10
2.4351897244094487
20
2.1080892519685039
11
2.4352464566929135
21
2.1086653149606298
0
LINE
8
BLACK
6
CONTINUOUS
10
2.4352464566929135
20
2.1086653149606298
11
2.4356873622047241
21
2.1097297244094486
0
LINE
8
BLACK
6
CONTINUOUS
10
2.4356873622047241
20
2.1097297244094486
11
2.4365020078740156
21
2.1105443700787401
0
LINE
8
BLACK
6
CONTINUOUS
10
2.4365020078740156
20
2.1105443700787401
11
2.4375664173228344
21
2.1109852755905512
0
LINE
8
BLACK
6
CONTINUOUS
10
2.4375664173228344
20
2.1109852755905512
11
2.4387185433070866
21
2.1109852755905512
0
LINE
8
BLACK
6
CONTINUOUS
10
2.4387185433070866
20
2.1109852755905512
11
2.4397829527559054
21
2.1105443700787401
0
LINE
8
BLACK
6
CONTINUOUS
10
2.4397829527559054
20
2.1105443700787401
11
2.4405975984251969
21
2.1097297244094486
0
LINE
8
BLACK
6
CONTINUOUS
10
2.4405975984251969
20
2.1097297244094486
11
2.4410385039370079
21
2.1086653149606298
0
LINE
8
BLACK
6
CONTINUOUS
10
2.4410385039370079
20
2.1086653149606298
11
2.4410952362204723
21
2.1080892519685039
0
LINE
8
BLACK
6
CONTINUOUS
10
2.4410952362204723
20
2.1080892519685039
11
2.4410952362204723
21
2.0837173228346457
0
LINE
8
BLACK
6
CONTINUOUS
10
2.4410952362204723
20
2.0837173228346457
11
2.4410385039370079
21
2.0831412598425199
0
LINE
8
BLACK
6
CONTINUOUS
10
2.4410385039370079
20
2.0831412598425199
11
2.4409093700787401
21
2.0828295275590549
0
LINE
8
BLACK
6
CONTINUOUS
10
2.4409093700787401
20
2.0828295275590549
11
2.4405976377952756
21
2.0820768503937006
0
LINE
8
BLACK
6
CONTINUOUS
10
2.4405976377952756
20
2.0820768503937006
11
2.4397829527559054
21
2.0812622047244096
0
LINE
8
BLACK
6
CONTINUOUS
10
2.4397829527559054
20
2.0812622047244096
11
2.4387185433070866
21
2.0808212992125985
0
LINE
8
BLACK
6
CONTINUOUS
10
2.4387185433070866
20
2.0808212992125985
11
2.4375664566929132
21
2.0808212992125985
0
LINE
8
BLACK
6
CONTINUOUS
10
2.4375664566929132
20
2.0808212992125985
11
2.4375664173228344
21
2.0808212992125985
0
LINE
8
BLACK
6
CONTINUOUS
10
2.4375664173228344
20
2.0808212992125985
11
2.4372546456692912
21
2.0809504330708659
0
LINE
8
BLACK
6
CONTINUOUS
10
2.4372546456692912
20
2.0809504330708659
11
2.4365020078740156
21
2.0812621653543308
0
LINE
8
BLACK
6
CONTINUOUS
10
2.4365020078740156
20
2.0812621653543308
11
2.4360545669291338
21
2.0816294094488188
0
LINE
8
BLACK
6
CONTINUOUS
10
2.4360545669291338
20
2.0816294094488188
11
2.4140502362204725
21
2.1036337007874013
0
LINE
8
BLACK
6
CONTINUOUS
10
2.4140502362204725
20
2.1036337007874013
11
2.4095418503937007
21
2.1051364960629919
0
LINE
8
BLACK
6
CONTINUOUS
10
2.4095418503937007
20
2.1051364960629919
11
2.4069685039370077
21
2.1051364960629919
0
LINE
8
BLACK
6
CONTINUOUS
10
2.4069685039370077
20
2.1051364960629919
11
2.404271023622047
21
2.1037877559055116
0
LINE
8
BLACK
6
CONTINUOUS
10
2.404271023622047
20
2.1037877559055116
11
2.4030738976377952
21
2.1025906299212598
0
LINE
8
BLACK
6
CONTINUOUS
10
2.4030738976377952
20
2.1025906299212598
11
2.4017251574803149
21
2.0998931496062991
0
LINE
8
BLACK
6
CONTINUOUS
10
2.4017251574803149
20
2.0998931496062991
11
2.4017251574803149
21
2.0919134251968505
0
LINE
8
BLACK
6
CONTINUOUS
10
2.4017251574803149
20
2.0919134251968505
11
2.4030738976377952
21
2.0892159448818899
0
LINE
8
BLACK
6
CONTINUOUS
10
2.4030738976377952
20
2.0892159448818899
11
2.4046098425196849
21
2.0876799999999998
0
LINE
8
BLACK
6
CONTINUOUS
10
2.4046098425196849
20
2.0876799999999998
11
2.4049770472440946
21
2.087232559055118
0
LINE
8
BLACK
6
CONTINUOUS
10
2.4049770472440946
20
2.087232559055118
11
2.4054179527559056
21
2.0861681496062991
0
LINE
8
BLACK
6
CONTINUOUS
10
2.4054179527559056
20
2.0861681496062991
11
2.4054179527559056
21
2.0850160629921257
0
LINE
8
BLACK
6
CONTINUOUS
10
2.4054179527559056
20
2.0850160629921257
11
2.4049770472440946
21
2.0839516535433069
0
LINE
8
BLACK
6
CONTINUOUS
10
2.4049770472440946
20
2.0839516535433069
11
2.4041623622047243
21
2.0831369685039371
0
LINE
8
BLACK
6
CONTINUOUS
10
2.4041623622047243
20
2.0831369685039371
11
2.4030979527559055
21
2.0826960629921261
0
LINE
8
BLACK
6
CONTINUOUS
10
2.4030979527559055
20
2.0826960629921261
11
2.4019458661417321
21
2.0826960629921261
0
LINE
8
BLACK
6
CONTINUOUS
10
2.4019458661417321
20
2.0826960629921261
11
2.4008814566929133
21
2.0831369685039371
0
LINE
8
BLACK
6
CONTINUOUS
10
2.4008814566929133
20
2.0831369685039371
11
2.4004340157480315
21
2.0835041732283464
0
LINE
8
BLACK
6
CONTINUOUS
10
2.4004340157480315
20
2.0835041732283464
11
2.3985592519685039
21
2.0853789370078739
0
LINE
8
BLACK
6
CONTINUOUS
10
2.3985592519685039
20
2.0853789370078739
11
2.3983734645669292
21
2.0856053149606297
0
LINE
8
BLACK
6
CONTINUOUS
10
2.3983734645669292
20
2.0856053149606297
11
2.3983144881889764
21
2.0856564566929134
0
LINE
8
BLACK
6
CONTINUOUS
10
2.3983144881889764
20
2.0856564566929134
11
2.3982585039370079
21
2.085745433070866
0
LINE
8
BLACK
6
CONTINUOUS
10
2.3982585039370079
20
2.085745433070866
11
2.3981920472440943
21
2.0858263779527557
0
LINE
8
BLACK
6
CONTINUOUS
10
2.3981920472440943
20
2.0858263779527557
11
2.3981622047244096
21
2.0858983464566929
0
LINE
8
BLACK
6
CONTINUOUS
10
2.3981622047244096
20
2.0858983464566929
11
2.3980061417322833
21
2.0861463385826773
0
LINE
8
BLACK
6
CONTINUOUS
10
2.3980061417322833
20
2.0861463385826773
11
2.3961313779527558
21
2.0898958661417324
0
LINE
8
BLACK
6
CONTINUOUS
10
2.3961313779527558
20
2.0898958661417324
11
2.3959244881889763
21
2.090436496062992
0
LINE
8
BLACK
6
CONTINUOUS
10
2.3959244881889763
20
2.090436496062992
11
2.3959169685039368
21
2.0905423228346458
0
LINE
8
BLACK
6
CONTINUOUS
10
2.3959169685039368
20
2.0905423228346458
11
2.3958763779527557
21
2.0906403149606301
0
LINE
8
BLACK
6
CONTINUOUS
10
2.3958763779527557
20
2.0906403149606301
11
2.3958196456692913
21
2.0912163779527559
0
LINE
8
BLACK
6
CONTINUOUS
10
2.3958196456692913
20
2.0912163779527559
11
2.3958196456692913
21
2.1005901968503937
0
LINE
8
BLACK
6
CONTINUOUS
10
2.3958196456692913
20
2.1005901968503937
11
2.3958763779527557
21
2.1011662598425196
0
LINE
8
BLACK
6
CONTINUOUS
10
2.3958763779527557
20
2.1011662598425196
11
2.3959169685039368
21
2.1012642913385826
0
LINE
8
BLACK
6
CONTINUOUS
10
2.3959169685039368
20
2.1012642913385826
11
2.3959244881889763
21
2.1013700787401572
0
LINE
8
BLACK
6
CONTINUOUS
10
2.3959244881889763
20
2.1013700787401572
11
2.3961313779527558
21
2.1019107086614173
0
LINE
8
BLACK
6
CONTINUOUS
10
2.3961313779527558
20
2.1019107086614173
11
2.3980061417322833
21
2.1056602362204724
0
LINE
8
BLACK
6
CONTINUOUS
10
2.3980061417322833
20
2.1056602362204724
11
2.3981622047244096
21
2.1059082677165355
0
LINE
8
BLACK
6
CONTINUOUS
10
2.3981622047244096
20
2.1059082677165355
11
2.3981920472440943
21
2.1059801968503935
0
LINE
8
BLACK
6
CONTINUOUS
10
2.3981920472440943
20
2.1059801968503935
11
2.3982585039370079
21
2.106061181102362
0
LINE
8
BLACK
6
CONTINUOUS
10
2.3982585039370079
20
2.106061181102362
11
2.3983144881889764
21
2.1061501181102362
0
LINE
8
BLACK
6
CONTINUOUS
10
2.3983144881889764
20
2.1061501181102362
11
2.3983734645669292
21
2.1062012992125982
0
LINE
8
BLACK
6
CONTINUOUS
10
2.3983734645669292
20
2.1062012992125982
11
2.3985592519685039
21
2.1064276377952758
0
LINE
8
BLACK
6
CONTINUOUS
10
2.3985592519685039
20
2.1064276377952758
11
2.4004340157480315
21
2.1083024015748033
0
LINE
8
BLACK
6
CONTINUOUS
10
2.4004340157480315
20
2.1083024015748033
11
2.4006603543307086
21
2.108488188976378
0
LINE
8
BLACK
6
CONTINUOUS
10
2.4006603543307086
20
2.108488188976378
11
2.400711535433071
21
2.1085471653543308
0
LINE
8
BLACK
6
CONTINUOUS
10
2.400711535433071
20
2.1085471653543308
11
2.4008004724409449
21
2.1086031496062994
0
LINE
8
BLACK
6
CONTINUOUS
10
2.4008004724409449
20
2.1086031496062994
11
2.4008814566929133
21
2.1086696062992125
0
LINE
8
BLACK
6
CONTINUOUS
10
2.4008814566929133
20
2.1086696062992125
11
2.4009533858267718
21
2.1086994488188977
0
LINE
8
BLACK
6
CONTINUOUS
10
2.4009533858267718
20
2.1086994488188977
11
2.4012014173228344
21
2.1088555118110235
0
LINE
8
BLACK
6
CONTINUOUS
10
2.4012014173228344
20
2.1088555118110235
11
2.4049509448818895
21
2.110730275590551
0
LINE
8
BLACK
6
CONTINUOUS
10
2.4049509448818895
20
2.110730275590551
11
2.4054915354330708
21
2.1109371653543305
0
LINE
8
BLACK
6
CONTINUOUS
10
2.4054915354330708
20
2.1109371653543305
11
2.405597401574803
21
2.1109447244094488
0
LINE
8
BLACK
6
CONTINUOUS
10
2.405597401574803
20
2.1109447244094488
11
2.4056953937007872
21
2.1109852755905512
0
LINE
8
BLACK
6
CONTINUOUS
10
2.4056953937007872
20
2.1109852755905512
11
2.4062714566929135
21
2.1110420078740155
0
LINE
8
BLACK
6
CONTINUOUS
10
2.4062714566929135
20
2.1110420078740155
11
2.4100209842519686
21
2.1110420078740155
0
LINE
8
BLACK
6
CONTINUOUS
10
2.4100209842519686
20
2.1110420078740155
11
2.4103125196850392
21
2.1110133070866142
0
LINE
8
BLACK
6
CONTINUOUS
10
2.4390594488188975
20
2.1446418110236221
11
2.4400637795275588
21
2.144077244094488
0
LINE
8
BLACK
6
CONTINUOUS
10
2.4400637795275588
20
2.144077244094488
11
2.4407755905511812
21
2.1431712992125984
0
LINE
8
BLACK
6
CONTINUOUS
10
2.4407755905511812
20
2.1431712992125984
11
2.4410864960629919
21
2.1420619291338583
0
LINE
8
BLACK
6
CONTINUOUS
10
2.4410864960629919
20
2.1420619291338583
11
2.4409492519685041
21
2.1409180708661415
0
LINE
8
BLACK
6
CONTINUOUS
10
2.4409492519685041
20
2.1409180708661415
11
2.44038468503937
21
2.1399137401574801
0
LINE
8
BLACK
6
CONTINUOUS
10
2.44038468503937
20
2.1399137401574801
11
2.4399667716535434
21
2.1395132283464569
0
LINE
8
BLACK
6
CONTINUOUS
10
2.4399667716535434
20
2.1395132283464569
11
2.4297984251968505
21
2.1315238582677165
0
LINE
8
BLACK
6
CONTINUOUS
10
2.4297984251968505
20
2.1315238582677165
11
2.4399667716535434
21
2.1235344488188974
0
LINE
8
BLACK
6
CONTINUOUS
10
2.4399667716535434
20
2.1235344488188974
11
2.44038468503937
21
2.1231339370078741
0
LINE
8
BLACK
6
CONTINUOUS
10
2.44038468503937
20
2.1231339370078741
11
2.4409492519685041
21
2.1221296062992128
0
LINE
8
BLACK
6
CONTINUOUS
10
2.4409492519685041
20
2.1221296062992128
11
2.4410864960629919
21
2.120985748031496
0
LINE
8
BLACK
6
CONTINUOUS
10
2.4410864960629919
20
2.120985748031496
11
2.4407755905511812
21
2.1198763779527559
0
LINE
8
BLACK
6
CONTINUOUS
10
2.4407755905511812
20
2.1198763779527559
11
2.4400637795275588
21
2.1189704330708663
0
LINE
8
BLACK
6
CONTINUOUS
10
2.4400637795275588
20
2.1189704330708663
11
2.4390594488188975
21
2.1184058661417322
0
LINE
8
BLACK
6
CONTINUOUS
10
2.4390594488188975
20
2.1184058661417322
11
2.4379155905511811
21
2.118268622047244
0
LINE
8
BLACK
6
CONTINUOUS
10
2.4379155905511811
20
2.118268622047244
11
2.436806220472441
21
2.1185795275590551
0
LINE
8
BLACK
6
CONTINUOUS
10
2.436806220472441
20
2.1185795275590551
11
2.4363181889763781
21
2.1188908267716533
0
LINE
8
BLACK
6
CONTINUOUS
10
2.4363181889763781
20
2.1188908267716533
11
2.4250190944881891
21
2.1277686614173228
0
LINE
8
BLACK
6
CONTINUOUS
10
2.4250190944881891
20
2.1277686614173228
11
2.4137200393700788
21
2.1188908267716533
0
LINE
8
BLACK
6
CONTINUOUS
10
2.4137200393700788
20
2.1188908267716533
11
2.4132320078740155
21
2.1185795275590551
0
LINE
8
BLACK
6
CONTINUOUS
10
2.4132320078740155
20
2.1185795275590551
11
2.4121226377952754
21
2.118268622047244
0
LINE
8
BLACK
6
CONTINUOUS
10
2.4121226377952754
20
2.118268622047244
11
2.410978779527559
21
2.1184058661417322
0
LINE
8
BLACK
6
CONTINUOUS
10
2.410978779527559
20
2.1184058661417322
11
2.4099744488188977
21
2.1189704330708663
0
LINE
8
BLACK
6
CONTINUOUS
10
2.4099744488188977
20
2.1189704330708663
11
2.4092626377952757
21
2.1198763779527559
0
LINE
8
BLACK
6
CONTINUOUS
10
2.4092626377952757
20
2.1198763779527559
11
2.4089517322834646
21
2.120985748031496
0
LINE
8
BLACK
6
CONTINUOUS
10
2.4089517322834646
20
2.120985748031496
11
2.4090889763779528
21
2.1221296062992128
0
LINE
8
BLACK
6
CONTINUOUS
10
2.4090889763779528
20
2.1221296062992128
11
2.4096535433070865
21
2.1231339370078741
0
LINE
8
BLACK
6
CONTINUOUS
10
2.4096535433070865
20
2.1231339370078741
11
2.4100714566929131
21
2.1235344488188974
0
LINE
8
BLACK
6
CONTINUOUS
10
2.4100714566929131
20
2.1235344488188974
11
2.4202397637795277
21
2.1315238582677165
0
LINE
8
BLACK
6
CONTINUOUS
10
2.4202397637795277
20
2.1315238582677165
11
2.4100714566929131
21
2.1395132283464569
0
LINE
8
BLACK
6
CONTINUOUS
10
2.4100714566929131
20
2.1395132283464569
11
2.4096535433070865
21
2.1399137401574801
0
LINE
8
BLACK
6
CONTINUOUS
10
2.4096535433070865
20
2.1399137401574801
11
2.4090889763779528
21
2.1409180708661415
0
LINE
8
BLACK
6
CONTINUOUS
10
2.4090889763779528
20
2.1409180708661415
11
2.4089517322834646
21
2.1420619291338583
0
LINE
8
BLACK
6
CONTINUOUS
10
2.4089517322834646
20
2.1420619291338583
11
2.4092626377952757
21
2.1431712992125984
0
LINE
8
BLACK
6
CONTINUOUS
10
2.4092626377952757
20
2.1431712992125984
11
2.4099744488188977
21
2.144077244094488
0
LINE
8
BLACK
6
CONTINUOUS
10
2.4099744488188977
20
2.144077244094488
11
2.410978779527559
21
2.1446418110236221
0
LINE
8
BLACK
6
CONTINUOUS
10
2.410978779527559
20
2.1446418110236221
11
2.4121226377952754
21
2.1447790551181103
0
LINE
8
BLACK
6
CONTINUOUS
10
2.4121226377952754
20
2.1447790551181103
11
2.4132320078740155
21
2.1444681496062992
0
LINE
8
BLACK
6
CONTINUOUS
10
2.4132320078740155
20
2.1444681496062992
11
2.4137200393700788
21
2.1441568503937005
0
LINE
8
BLACK
6
CONTINUOUS
10
2.4137200393700788
20
2.1441568503937005
11
2.4250190944881891
21
2.1352790551181102
0
LINE
8
BLACK
6
CONTINUOUS
10
2.4250190944881891
20
2.1352790551181102
11
2.4363181889763781
21
2.1441568503937005
0
LINE
8
BLACK
6
CONTINUOUS
10
2.4363181889763781
20
2.1441568503937005
11
2.436806220472441
21
2.1444681496062992
0
LINE
8
BLACK
6
CONTINUOUS
10
2.436806220472441
20
2.1444681496062992
11
2.4379155905511811
21
2.1447790551181103
0
LINE
8
BLACK
6
CONTINUOUS
10
2.4379155905511811
20
2.1447790551181103
11
2.4390594488188975
21
2.1446418110236221
0
LINE
8
BLACK
6
CONTINUOUS
10
2.4397829527559054
20
2.1799107086614171
11
2.4405975984251969
21
2.1790960629921261
0
LINE
8
BLACK
6
CONTINUOUS
10
2.4405975984251969
20
2.1790960629921261
11
2.4410385039370079
21
2.1780316535433069
0
LINE
8
BLACK
6
CONTINUOUS
10
2.4410385039370079
20
2.1780316535433069
11
2.4410952362204723
21
2.177455590551181
0
LINE
8
BLACK
6
CONTINUOUS
10
2.4410952362204723
20
2.177455590551181
11
2.4410952362204723
21
2.1549584251968503
0
LINE
8
BLACK
6
CONTINUOUS
10
2.4410952362204723
20
2.1549584251968503
11
2.4410385039370079
21
2.1543823622047245
0
LINE
8
BLACK
6
CONTINUOUS
10
2.4410385039370079
20
2.1543823622047245
11
2.4405975984251969
21
2.1533179527559057
0
LINE
8
BLACK
6
CONTINUOUS
10
2.4405975984251969
20
2.1533179527559057
11
2.4397829527559054
21
2.1525033070866142
0
LINE
8
BLACK
6
CONTINUOUS
10
2.4397829527559054
20
2.1525033070866142
11
2.4387185433070866
21
2.1520624015748031
0
LINE
8
BLACK
6
CONTINUOUS
10
2.4387185433070866
20
2.1520624015748031
11
2.4375664173228344
21
2.1520624015748031
0
LINE
8
BLACK
6
CONTINUOUS
10
2.4375664173228344
20
2.1520624015748031
11
2.4365020078740156
21
2.1525033070866142
0
LINE
8
BLACK
6
CONTINUOUS
10
2.4365020078740156
20
2.1525033070866142
11
2.4356873622047241
21
2.1533179527559057
0
LINE
8
BLACK
6
CONTINUOUS
10
2.4356873622047241
20
2.1533179527559057
11
2.4352464566929135
21
2.1543823622047245
0
LINE
8
BLACK
6
CONTINUOUS
10
2.4352464566929135
20
2.1543823622047245
11
2.4351897244094487
21
2.1549584251968503
0
LINE
8
BLACK
6
CONTINUOUS
10
2.4351897244094487
20
2.1549584251968503
11
2.4351897244094487
21
2.1632542519685041
0
LINE
8
BLACK
6
CONTINUOUS
10
2.4351897244094487
20
2.1632542519685041
11
2.4077757480314959
21
2.1632542519685041
0
LINE
8
BLACK
6
CONTINUOUS
10
2.4077757480314959
20
2.1632542519685041
11
2.4102341338582676
21
2.1607958661417324
0
LINE
8
BLACK
6
CONTINUOUS
10
2.4102341338582676
20
2.1607958661417324
11
2.410419960629921
21
2.1605694881889765
0
LINE
8
BLACK
6
CONTINUOUS
10
2.410419960629921
20
2.1605694881889765
11
2.4104788976377951
21
2.1605183464566928
0
LINE
8
BLACK
6
CONTINUOUS
10
2.4104788976377951
20
2.1605183464566928
11
2.4105347637795274
21
2.1604296062992128
0
LINE
8
BLACK
6
CONTINUOUS
10
2.4105347637795274
20
2.1604296062992128
11
2.410601377952756
21
2.1603484251968506
0
LINE
8
BLACK
6
CONTINUOUS
10
2.410601377952756
20
2.1603484251968506
11
2.4106312204724407
21
2.1602762992125983
0
LINE
8
BLACK
6
CONTINUOUS
10
2.4106312204724407
20
2.1602762992125983
11
2.4107872440944882
21
2.160028464566929
0
LINE
8
BLACK
6
CONTINUOUS
10
2.4107872440944882
20
2.160028464566929
11
2.4126620078740157
21
2.1562789370078739
0
LINE
8
BLACK
6
CONTINUOUS
10
2.4126620078740157
20
2.1562789370078739
11
2.4128688976377952
21
2.155738346456693
0
LINE
8
BLACK
6
CONTINUOUS
10
2.4128688976377952
20
2.155738346456693
11
2.4129505511811025
21
2.1545891338582677
0
LINE
8
BLACK
6
CONTINUOUS
10
2.4129505511811025
20
2.1545891338582677
11
2.4125862204724409
21
2.1534961417322833
0
LINE
8
BLACK
6
CONTINUOUS
10
2.4125862204724409
20
2.1534961417322833
11
2.411831377952756
21
2.1526257874015746
0
LINE
8
BLACK
6
CONTINUOUS
10
2.411831377952756
20
2.1526257874015746
11
2.4108008661417322
21
2.1521105118110238
0
LINE
8
BLACK
6
CONTINUOUS
10
2.4108008661417322
20
2.1521105118110238
11
2.4096516535433072
21
2.1520288582677165
0
LINE
8
BLACK
6
CONTINUOUS
10
2.4096516535433072
20
2.1520288582677165
11
2.4085587007874016
21
2.1523931889763781
0
LINE
8
BLACK
6
CONTINUOUS
10
2.4085587007874016
20
2.1523931889763781
11
2.4076883070866142
21
2.1531480314960629
0
LINE
8
BLACK
6
CONTINUOUS
10
2.4076883070866142
20
2.1531480314960629
11
2.4073799606299211
21
2.1536379133858268
0
LINE
8
BLACK
6
CONTINUOUS
10
2.4073799606299211
20
2.1536379133858268
11
2.4057194881889763
21
2.1569588582677164
0
LINE
8
BLACK
6
CONTINUOUS
10
2.4057194881889763
20
2.1569588582677164
11
2.4025155118110235
21
2.1601628346456692
0
LINE
8
BLACK
6
CONTINUOUS
10
2.4025155118110235
20
2.1601628346456692
11
2.3971344881889762
21
2.1637501574803149
0
LINE
8
BLACK
6
CONTINUOUS
10
2.3971344881889762
20
2.1637501574803149
11
2.3971327952755903
21
2.1637515354330707
0
LINE
8
BLACK
6
CONTINUOUS
10
2.3971327952755903
20
2.1637515354330707
11
2.3971319291338582
21
2.1637518897637795
0
LINE
8
BLACK
6
CONTINUOUS
10
2.3971319291338582
20
2.1637518897637795
11
2.3971298818897635
21
2.1637539370078738
0
LINE
8
BLACK
6
CONTINUOUS
10
2.3971298818897635
20
2.1637539370078738
11
2.3966866535433069
21
2.1641169291338582
0
LINE
8
BLACK
6
CONTINUOUS
10
2.3966866535433069
20
2.1641169291338582
11
2.3965239763779529
21
2.1643598425196848
0
LINE
8
BLACK
6
CONTINUOUS
10
2.3965239763779529
20
2.1643598425196848
11
2.3963172834645667
21
2.164566535433071
0
LINE
8
BLACK
6
CONTINUOUS
10
2.3963172834645667
20
2.164566535433071
11
2.3962065354330706
21
2.1648338582677167
0
LINE
8
BLACK
6
CONTINUOUS
10
2.3962065354330706
20
2.1648338582677167
11
2.3960455905511808
21
2.1650742125984253
0
LINE
8
BLACK
6
CONTINUOUS
10
2.3960455905511808
20
2.1650742125984253
11
2.3959882283464564
21
2.1653608661417323
0
LINE
8
BLACK
6
CONTINUOUS
10
2.3959882283464564
20
2.1653608661417323
11
2.3958763779527557
21
2.1656309448818898
0
LINE
8
BLACK
6
CONTINUOUS
10
2.3958763779527557
20
2.1656309448818898
11
2.3958763779527557
21
2.1659202755905511
0
LINE
8
BLACK
6
CONTINUOUS
10
2.3958763779527557
20
2.1659202755905511
11
2.3958196456692913
21
2.1662038976377951
0
LINE
8
BLACK
6
CONTINUOUS
10
2.3958196456692913
20
2.1662038976377951
11
2.3958763779527557
21
2.1664907086614171
0
LINE
8
BLACK
6
CONTINUOUS
10
2.3958763779527557
20
2.1664907086614171
11
2.3958763779527557
21
2.1667830708661415
0
LINE
8
BLACK
6
CONTINUOUS
10
2.3958763779527557
20
2.1667830708661415
11
2.395987086614173
21
2.1670503543307085
0
LINE
8
BLACK
6
CONTINUOUS
10
2.395987086614173
20
2.1670503543307085
11
2.3960432283464566
21
2.1673341338582675
0
LINE
8
BLACK
6
CONTINUOUS
10
2.3960432283464566
20
2.1673341338582675
11
2.3962053937007872
21
2.1675774015748033
0
LINE
8
BLACK
6
CONTINUOUS
10
2.3962053937007872
20
2.1675774015748033
11
2.3963172834645667
21
2.1678474803149608
0
LINE
8
BLACK
6
CONTINUOUS
10
2.3963172834645667
20
2.1678474803149608
11
2.3965218110236219
21
2.1680520472440943
0
LINE
8
BLACK
6
CONTINUOUS
10
2.3965218110236219
20
2.1680520472440943
11
2.3966823228346454
21
2.1682927559055116
0
LINE
8
BLACK
6
CONTINUOUS
10
2.3966823228346454
20
2.1682927559055116
11
2.3969251968503937
21
2.1684554330708661
0
LINE
8
BLACK
6
CONTINUOUS
10
2.3969251968503937
20
2.1684554330708661
11
2.3971319291338582
21
2.1686621259842518
0
LINE
8
BLACK
6
CONTINUOUS
10
2.3971319291338582
20
2.1686621259842518
11
2.3973992125984251
21
2.1687728740157479
0
LINE
8
BLACK
6
CONTINUOUS
10
2.3973992125984251
20
2.1687728740157479
11
2.3976396062992125
21
2.1689338188976377
0
LINE
8
BLACK
6
CONTINUOUS
10
2.3976396062992125
20
2.1689338188976377
11
2.3979262204724408
21
2.1689911811023621
0
LINE
8
BLACK
6
CONTINUOUS
10
2.3979262204724408
20
2.1689911811023621
11
2.398196338582677
21
2.1691030314960629
0
LINE
8
BLACK
6
CONTINUOUS
10
2.398196338582677
20
2.1691030314960629
11
2.3987662598425197
21
2.1691591732283464
0
LINE
8
BLACK
6
CONTINUOUS
10
2.3987662598425197
20
2.1691591732283464
11
2.3987692913385827
21
2.1691597637795277
0
LINE
8
BLACK
6
CONTINUOUS
10
2.3987692913385827
20
2.1691597637795277
11
2.3987703149606299
21
2.1691595669291339
0
LINE
8
BLACK
6
CONTINUOUS
10
2.3987703149606299
20
2.1691595669291339
11
2.3987724015748033
21
2.1691597637795277
0
LINE
8
BLACK
6
CONTINUOUS
10
2.3987724015748033
20
2.1691597637795277
11
2.4351897244094487
21
2.1691597637795277
0
LINE
8
BLACK
6
CONTINUOUS
10
2.4351897244094487
20
2.1691597637795277
11
2.4351897244094487
21
2.177455590551181
0
LINE
8
BLACK
6
CONTINUOUS
10
2.4351897244094487
20
2.177455590551181
11
2.4352464566929135
21
2.1780316535433069
0
LINE
8
BLACK
6
CONTINUOUS
10
2.4352464566929135
20
2.1780316535433069
11
2.4356873622047241
21
2.1790960629921261
0
LINE
8
BLACK
6
CONTINUOUS
10
2.4356873622047241
20
2.1790960629921261
11
2.4365020078740156
21
2.1799107086614171
0
LINE
8
BLACK
6
CONTINUOUS
10
2.4365020078740156
20
2.1799107086614171
11
2.4375664173228344
21
2.1803516141732282
0
LINE
8
BLACK
6
CONTINUOUS
10
2.4375664173228344
20
2.1803516141732282
11
2.4387185433070866
21
2.1803516141732282
0
LINE
8
BLACK
6
CONTINUOUS
10
2.4387185433070866
20
2.1803516141732282
11
2.4397829527559054
21
2.1799107086614171
0
LINE
8
BLACK
6
CONTINUOUS
10
2.4312194488188976
20
2.2178469291338581
11
2.4313174409448819
21
2.217806338582677
0
LINE
8
BLACK
6
CONTINUOUS
10
2.4313174409448819
20
2.217806338582677
11
2.4314232677165353
21
2.2177988188976379
0
LINE
8
BLACK
6
CONTINUOUS
10
2.4314232677165353
20
2.2177988188976379
11
2.4319638976377953
21
2.2175919291338584
0
LINE
8
BLACK
6
CONTINUOUS
10
2.4319638976377953
20
2.2175919291338584
11
2.4357134251968504
21
2.2157171653543308
0
LINE
8
BLACK
6
CONTINUOUS
10
2.4357134251968504
20
2.2157171653543308
11
2.4359612992125985
21
2.2155611417322834
0
LINE
8
BLACK
6
CONTINUOUS
10
2.4359612992125985
20
2.2155611417322834
11
2.4360333464566928
21
2.2155312992125982
0
LINE
8
BLACK
6
CONTINUOUS
10
2.4360333464566928
20
2.2155312992125982
11
2.43611437007874
21
2.2154648031496063
0
LINE
8
BLACK
6
CONTINUOUS
10
2.43611437007874
20
2.2154648031496063
11
2.4362033070866143
21
2.2154088188976377
0
LINE
8
BLACK
6
CONTINUOUS
10
2.4362033070866143
20
2.2154088188976377
11
2.4362544488188975
21
2.2153498425196849
0
LINE
8
BLACK
6
CONTINUOUS
10
2.4362544488188975
20
2.2153498425196849
11
2.4364807874015746
21
2.215164094488189
0
LINE
8
BLACK
6
CONTINUOUS
10
2.4364807874015746
20
2.215164094488189
11
2.4383555905511809
21
2.2132893307086614
0
LINE
8
BLACK
6
CONTINUOUS
10
2.4383555905511809
20
2.2132893307086614
11
2.4385413385826773
21
2.2130629921259843
0
LINE
8
BLACK
6
CONTINUOUS
10
2.4385413385826773
20
2.2130629921259843
11
2.4386003937007872
21
2.2130117716535431
0
LINE
8
BLACK
6
CONTINUOUS
10
2.4386003937007872
20
2.2130117716535431
11
2.4386563779527557
21
2.2129228346456693
0
LINE
8
BLACK
6
CONTINUOUS
10
2.4386563779527557
20
2.2129228346456693
11
2.4387228346456693
21
2.2128418503937008
0
LINE
8
BLACK
6
CONTINUOUS
10
2.4387228346456693
20
2.2128418503937008
11
2.4387526377952757
21
2.2127699212598424
0
LINE
8
BLACK
6
CONTINUOUS
10
2.4387526377952757
20
2.2127699212598424
11
2.4389087401574803
21
2.2125218897637793
0
LINE
8
BLACK
6
CONTINUOUS
10
2.4389087401574803
20
2.2125218897637793
11
2.4407835039370078
21
2.2087723622047242
0
LINE
8
BLACK
6
CONTINUOUS
10
2.4407835039370078
20
2.2087723622047242
11
2.4409903937007873
21
2.2082317716535433
0
LINE
8
BLACK
6
CONTINUOUS
10
2.4409903937007873
20
2.2082317716535433
11
2.4409979133858268
21
2.2081259055118108
0
LINE
8
BLACK
6
CONTINUOUS
10
2.4409979133858268
20
2.2081259055118108
11
2.4410385039370079
21
2.2080279133858269
0
LINE
8
BLACK
6
CONTINUOUS
10
2.4410385039370079
20
2.2080279133858269
11
2.4410952362204723
21
2.2074518503937006
0
LINE
8
BLACK
6
CONTINUOUS
10
2.4410952362204723
20
2.2074518503937006
11
2.4410952362204723
21
2.1980780314960628
0
LINE
8
BLACK
6
CONTINUOUS
10
2.4410952362204723
20
2.1980780314960628
11
2.4410385039370079
21
2.197501968503937
0
LINE
8
BLACK
6
CONTINUOUS
10
2.4410385039370079
20
2.197501968503937
11
2.4409979133858268
21
2.1974040157480315
0
LINE
8
BLACK
6
CONTINUOUS
10
2.4409979133858268
20
2.1974040157480315
11
2.4409903937007873
21
2.1972981102362206
0
LINE
8
BLACK
6
CONTINUOUS
10
2.4409903937007873
20
2.1972981102362206
11
2.4407835039370078
21
2.1967575196850393
0
LINE
8
BLACK
6
CONTINUOUS
10
2.4407835039370078
20
2.1967575196850393
11
2.4389087401574803
21
2.1930079921259842
0
LINE
8
BLACK
6
CONTINUOUS
10
2.4389087401574803
20
2.1930079921259842
11
2.4387526377952757
21
2.1927599999999998
0
LINE
8
BLACK
6
CONTINUOUS
10
2.4387526377952757
20
2.1927599999999998
11
2.4387228346456693
21
2.1926880314960631
0
LINE
8
BLACK
6
CONTINUOUS
10
2.4387228346456693
20
2.1926880314960631
11
2.4386563779527557
21
2.1926070866141734
0
LINE
8
BLACK
6
CONTINUOUS
10
2.4386563779527557
20
2.1926070866141734
11
2.4386003937007872
21
2.1925181102362203
0
LINE
8
BLACK
6
CONTINUOUS
10
2.4386003937007872
20
2.1925181102362203
11
2.4385413385826773
21
2.1924669291338583
0
LINE
8
BLACK
6
CONTINUOUS
10
2.4385413385826773
20
2.1924669291338583
11
2.4383555905511809
21
2.1922405511811025
0
LINE
8
BLACK
6
CONTINUOUS
10
2.4383555905511809
20
2.1922405511811025
11
2.4364807874015746
21
2.1903657874015749
0
LINE
8
BLACK
6
CONTINUOUS
10
2.4364807874015746
20
2.1903657874015749
11
2.4360333464566928
21
2.1899985826771653
0
LINE
8
BLACK
6
CONTINUOUS
10
2.4360333464566928
20
2.1899985826771653
11
2.434968937007874
21
2.189557716535433
0
LINE
8
BLACK
6
CONTINUOUS
10
2.434968937007874
20
2.189557716535433
11
2.4338168503937005
21
2.189557716535433
0
LINE
8
BLACK
6
CONTINUOUS
10
2.4338168503937005
20
2.189557716535433
11
2.4327524409448817
21
2.189998622047244
0
LINE
8
BLACK
6
CONTINUOUS
10
2.4327524409448817
20
2.189998622047244
11
2.431937755905512
21
2.1908133070866143
0
LINE
8
BLACK
6
CONTINUOUS
10
2.431937755905512
20
2.1908133070866143
11
2.4314968897637796
21
2.1918777165354331
0
LINE
8
BLACK
6
CONTINUOUS
10
2.4314968897637796
20
2.1918777165354331
11
2.4314968897637796
21
2.193029803149606
0
LINE
8
BLACK
6
CONTINUOUS
10
2.4314968897637796
20
2.193029803149606
11
2.4319377952755903
21
2.1940942125984253
0
LINE
8
BLACK
6
CONTINUOUS
10
2.4319377952755903
20
2.1940942125984253
11
2.4323050393700787
21
2.1945416929133859
0
LINE
8
BLACK
6
CONTINUOUS
10
2.4323050393700787
20
2.1945416929133859
11
2.4338409842519684
21
2.1960776377952755
0
LINE
8
BLACK
6
CONTINUOUS
10
2.4338409842519684
20
2.1960776377952755
11
2.4351897244094487
21
2.1987750787401574
0
LINE
8
BLACK
6
CONTINUOUS
10
2.4351897244094487
20
2.1987750787401574
11
2.4351897244094487
21
2.206754803149606
0
LINE
8
BLACK
6
CONTINUOUS
10
2.4351897244094487
20
2.206754803149606
11
2.4338409842519684
21
2.2094522834645667
0
LINE
8
BLACK
6
CONTINUOUS
10
2.4338409842519684
20
2.2094522834645667
11
2.4326438188976378
21
2.2106494094488189
0
LINE
8
BLACK
6
CONTINUOUS
10
2.4326438188976378
20
2.2106494094488189
11
2.4299463385826772
21
2.2119981496062993
0
LINE
8
BLACK
6
CONTINUOUS
10
2.4299463385826772
20
2.2119981496062993
11
2.4219666141732281
21
2.2119981496062993
0
LINE
8
BLACK
6
CONTINUOUS
10
2.4219666141732281
20
2.2119981496062993
11
2.4192691338582675
21
2.2106494094488189
0
LINE
8
BLACK
6
CONTINUOUS
10
2.4192691338582675
20
2.2106494094488189
11
2.4180720078740157
21
2.2094522834645667
0
LINE
8
BLACK
6
CONTINUOUS
10
2.4180720078740157
20
2.2094522834645667
11
2.4167232677165353
21
2.206754803149606
0
LINE
8
BLACK
6
CONTINUOUS
10
2.4167232677165353
20
2.206754803149606
11
2.4167232677165353
21
2.1987750787401574
0
LINE
8
BLACK
6
CONTINUOUS
10
2.4167232677165353
20
2.1987750787401574
11
2.4180720078740157
21
2.1960775984251968
0
LINE
8
BLACK
6
CONTINUOUS
10
2.4180720078740157
20
2.1960775984251968
11
2.4196079527559053
21
2.1945416535433071
0
LINE
8
BLACK
6
CONTINUOUS
10
2.4196079527559053
20
2.1945416535433071
11
2.419975157480315
21
2.1940942125984253
0
LINE
8
BLACK
6
CONTINUOUS
10
2.419975157480315
20
2.1940942125984253
11
2.4200320472440944
21
2.1939568897637796
0
LINE
8
BLACK
6
CONTINUOUS
10
2.4200320472440944
20
2.1939568897637796
11
2.420126220472441
21
2.1938417716535432
0
LINE
8
BLACK
6
CONTINUOUS
10
2.420126220472441
20
2.1938417716535432
11
2.4202509055118111
21
2.1934285039370076
0
LINE
8
BLACK
6
CONTINUOUS
10
2.4202509055118111
20
2.1934285039370076
11
2.4204160629921261
21
2.193029803149606
0
LINE
8
BLACK
6
CONTINUOUS
10
2.4204160629921261
20
2.193029803149606
11
2.4204160629921261
21
2.1928811417322835
0
LINE
8
BLACK
6
CONTINUOUS
10
2.4204160629921261
20
2.1928811417322835
11
2.4204590157480315
21
2.1927387795275588
0
LINE
8
BLACK
6
CONTINUOUS
10
2.4204590157480315
20
2.1927387795275588
11
2.4204160629921261
21
2.1923092913385824
0
LINE
8
BLACK
6
CONTINUOUS
10
2.4204160629921261
20
2.1923092913385824
11
2.4204160629921261
21
2.1918777165354331
0
LINE
8
BLACK
6
CONTINUOUS
10
2.4204160629921261
20
2.1918777165354331
11
2.4203591338582675
21
2.1917403937007873
0
LINE
8
BLACK
6
CONTINUOUS
10
2.4203591338582675
20
2.1917403937007873
11
2.4203443700787401
21
2.1915923622047244
0
LINE
8
BLACK
6
CONTINUOUS
10
2.4203443700787401
20
2.1915923622047244
11
2.4201402362204725
21
2.1912119291338583
0
LINE
8
BLACK
6
CONTINUOUS
10
2.4201402362204725
20
2.1912119291338583
11
2.419975157480315
21
2.1908133070866143
0
LINE
8
BLACK
6
CONTINUOUS
10
2.419975157480315
20
2.1908133070866143
11
2.41987
21
2.190708188976378
0
LINE
8
BLACK
6
CONTINUOUS
10
2.41987
20
2.190708188976378
11
2.4197997244094487
21
2.1905771259842521
0
LINE
8
BLACK
6
CONTINUOUS
10
2.4197997244094487
20
2.1905771259842521
11
2.4194655118110235
21
2.1903037007874016
0
LINE
8
BLACK
6
CONTINUOUS
10
2.4194655118110235
20
2.1903037007874016
11
2.4191604724409448
21
2.189998622047244
0
LINE
8
BLACK
6
CONTINUOUS
10
2.4191604724409448
20
2.189998622047244
11
2.4190231889763778
21
2.1899417716535434
0
LINE
8
BLACK
6
CONTINUOUS
10
2.4190231889763778
20
2.1899417716535434
11
2.4189080708661415
21
2.1898475590551181
0
LINE
8
BLACK
6
CONTINUOUS
10
2.4189080708661415
20
2.1898475590551181
11
2.4184946456692913
21
2.1897228346456692
0
LINE
8
BLACK
6
CONTINUOUS
10
2.4184946456692913
20
2.1897228346456692
11
2.418096062992126
21
2.189557716535433
0
LINE
8
BLACK
6
CONTINUOUS
10
2.418096062992126
20
2.189557716535433
11
2.4179474409448818
21
2.189557716535433
0
LINE
8
BLACK
6
CONTINUOUS
10
2.4179474409448818
20
2.189557716535433
11
2.4178050787401575
21
2.1895147637795276
0
LINE
8
BLACK
6
CONTINUOUS
10
2.4178050787401575
20
2.1895147637795276
11
2.4172262204724411
21
2.1895156299212597
0
LINE
8
BLACK
6
CONTINUOUS
10
2.4172262204724411
20
2.1895156299212597
11
2.3984785826771655
21
2.1913903937007873
0
LINE
8
BLACK
6
CONTINUOUS
10
2.3984785826771655
20
2.1913903937007873
11
2.398268661417323
21
2.1914324803149605
0
LINE
8
BLACK
6
CONTINUOUS
10
2.398268661417323
20
2.1914324803149605
11
2.398196338582677
21
2.1914324803149605
0
LINE
8
BLACK
6
CONTINUOUS
10
2.398196338582677
20
2.1914324803149605
11
2.3981285039370079
21
2.191460590551181
0
LINE
8
BLACK
6
CONTINUOUS
10
2.3981285039370079
20
2.191460590551181
11
2.3979110236220471
21
2.1915041732283465
0
LINE
8
BLACK
6
CONTINUOUS
10
2.3979110236220471
20
2.1915041732283465
11
2.3975307086614173
21
2.1917082283464566
0
LINE
8
BLACK
6
CONTINUOUS
10
2.3975307086614173
20
2.1917082283464566
11
2.3971319291338582
21
2.1918733858267716
0
LINE
8
BLACK
6
CONTINUOUS
10
2.3971319291338582
20
2.1918733858267716
11
2.3970267322834644
21
2.1919785826771654
0
LINE
8
BLACK
6
CONTINUOUS
10
2.3970267322834644
20
2.1919785826771654
11
2.3968957874015748
21
2.1920488188976379
0
LINE
8
BLACK
6
CONTINUOUS
10
2.3968957874015748
20
2.1920488188976379
11
2.3966225196850393
21
2.1923827952755905
0
LINE
8
BLACK
6
CONTINUOUS
10
2.3966225196850393
20
2.1923827952755905
11
2.3963172834645667
21
2.1926880314960631
0
LINE
8
BLACK
6
CONTINUOUS
10
2.3963172834645667
20
2.1926880314960631
11
2.3962603543307086
21
2.1928253937007876
0
LINE
8
BLACK
6
CONTINUOUS
10
2.3962603543307086
20
2.1928253937007876
11
2.3961662204724408
21
2.1929404724409447
0
LINE
8
BLACK
6
CONTINUOUS
10
2.3961662204724408
20
2.1929404724409447
11
2.3960414960629919
21
2.1933537795275591
0
LINE
8
BLACK
6
CONTINUOUS
10
2.3960414960629919
20
2.1933537795275591
11
2.3958763779527557
21
2.1937524409448819
0
LINE
8
BLACK
6
CONTINUOUS
10
2.3958763779527557
20
2.1937524409448819
11
2.3958546062992125
21
2.1939731496062991
0
LINE
8
BLACK
6
CONTINUOUS
10
2.3958546062992125
20
2.1939731496062991
11
2.3958334251968503
21
2.1940434645669291
0
LINE
8
BLACK
6
CONTINUOUS
10
2.3958334251968503
20
2.1940434645669291
11
2.395840590551181
21
2.1941154724409446
0
LINE
8
BLACK
6
CONTINUOUS
10
2.395840590551181
20
2.1941154724409446
11
2.3958196456692913
21
2.1943285039370077
0
LINE
8
BLACK
6
CONTINUOUS
10
2.3958196456692913
20
2.1943285039370077
11
2.3958196456692913
21
2.2130761417322833
0
LINE
8
BLACK
6
CONTINUOUS
10
2.3958196456692913
20
2.2130761417322833
11
2.3958763779527557
21
2.2136522047244096
0
LINE
8
BLACK
6
CONTINUOUS
10
2.3958763779527557
20
2.2136522047244096
11
2.3963172834645667
21
2.2147166141732284
0
LINE
8
BLACK
6
CONTINUOUS
10
2.3963172834645667
20
2.2147166141732284
11
2.3971319291338582
21
2.2155312598425194
0
LINE
8
BLACK
6
CONTINUOUS
10
2.3971319291338582
20
2.2155312598425194
11
2.398196338582677
21
2.2159721653543305
0
LINE
8
BLACK
6
CONTINUOUS
10
2.398196338582677
20
2.2159721653543305
11
2.3993484645669292
21
2.2159721653543305
0
LINE
8
BLACK
6
CONTINUOUS
10
2.3993484645669292
20
2.2159721653543305
11
2.400412874015748
21
2.2155312598425194
0
LINE
8
BLACK
6
CONTINUOUS
10
2.400412874015748
20
2.2155312598425194
11
2.4012275196850394
21
2.2147166141732284
0
LINE
8
BLACK
6
CONTINUOUS
10
2.4012275196850394
20
2.2147166141732284
11
2.4016684251968505
21
2.2136522047244096
0
LINE
8
BLACK
6
CONTINUOUS
10
2.4016684251968505
20
2.2136522047244096
11
2.4017251574803149
21
2.2130761417322833
0
LINE
8
BLACK
6
CONTINUOUS
10
2.4017251574803149
20
2.2130761417322833
11
2.4017251574803149
21
2.1970007480314959
0
LINE
8
BLACK
6
CONTINUOUS
10
2.4017251574803149
20
2.1970007480314959
11
2.4114964173228346
21
2.1960236220472442
0
LINE
8
BLACK
6
CONTINUOUS
10
2.4114964173228346
20
2.1960236220472442
11
2.4111294881889762
21
2.1967575196850393
0
LINE
8
BLACK
6
CONTINUOUS
10
2.4111294881889762
20
2.1967575196850393
11
2.4109225984251967
21
2.1972981496062993
0
LINE
8
BLACK
6
CONTINUOUS
10
2.4109225984251967
20
2.1972981496062993
11
2.4109150787401576
21
2.1974039763779527
0
LINE
8
BLACK
6
CONTINUOUS
10
2.4109150787401576
20
2.1974039763779527
11
2.4108744881889765
21
2.197501968503937
0
LINE
8
BLACK
6
CONTINUOUS
10
2.4108744881889765
20
2.197501968503937
11
2.4108177559055117
21
2.1980780314960628
0
LINE
8
BLACK
6
CONTINUOUS
10
2.4108177559055117
20
2.1980780314960628
11
2.4108177559055117
21
2.2074518503937006
0
LINE
8
BLACK
6
CONTINUOUS
10
2.4108177559055117
20
2.2074518503937006
11
2.4108744881889765
21
2.2080279133858269
0
LINE
8
BLACK
6
CONTINUOUS
10
2.4108744881889765
20
2.2080279133858269
11
2.4109150787401576
21
2.2081259448818895
0
LINE
8
BLACK
6
CONTINUOUS
10
2.4109150787401576
20
2.2081259448818895
11
2.4109225984251967
21
2.2082317322834646
0
LINE
8
BLACK
6
CONTINUOUS
10
2.4109225984251967
20
2.2082317322834646
11
2.4111294881889762
21
2.2087723622047242
0
LINE
8
BLACK
6
CONTINUOUS
10
2.4111294881889762
20
2.2087723622047242
11
2.4130042519685038
21
2.2125218897637793
0
LINE
8
BLACK
6
CONTINUOUS
10
2.4130042519685038
20
2.2125218897637793
11
2.41316031496063
21
2.2127699212598424
0
LINE
8
BLACK
6
CONTINUOUS
10
2.41316031496063
20
2.2127699212598424
11
2.4131901574803147
21
2.2128418503937008
0
LINE
8
BLACK
6
CONTINUOUS
10
2.4131901574803147
20
2.2128418503937008
11
2.4132566141732283
21
2.2129228346456693
0
LINE
8
BLACK
6
CONTINUOUS
10
2.4132566141732283
20
2.2129228346456693
11
2.4133125984251969
21
2.2130117716535431
0
LINE
8
BLACK
6
CONTINUOUS
10
2.4133125984251969
20
2.2130117716535431
11
2.4133715748031497
21
2.2130629527559056
0
LINE
8
BLACK
6
CONTINUOUS
10
2.4133715748031497
20
2.2130629527559056
11
2.4135573622047244
21
2.2132892913385827
0
LINE
8
BLACK
6
CONTINUOUS
10
2.4135573622047244
20
2.2132892913385827
11
2.4154321259842519
21
2.2151640551181102
0
LINE
8
BLACK
6
CONTINUOUS
10
2.4154321259842519
20
2.2151640551181102
11
2.415658464566929
21
2.2153498425196849
0
LINE
8
BLACK
6
CONTINUOUS
10
2.415658464566929
20
2.2153498425196849
11
2.4157096456692915
21
2.2154088188976377
0
LINE
8
BLACK
6
CONTINUOUS
10
2.4157096456692915
20
2.2154088188976377
11
2.4157985826771653
21
2.2154648031496063
0
LINE
8
BLACK
6
CONTINUOUS
10
2.4157985826771653
20
2.2154648031496063
11
2.4158795669291337
21
2.2155312598425194
0
LINE
8
BLACK
6
CONTINUOUS
10
2.4158795669291337
20
2.2155312598425194
11
2.4159514960629922
21
2.2155611023622046
0
LINE
8
BLACK
6
CONTINUOUS
10
2.4159514960629922
20
2.2155611023622046
11
2.4161995275590549
21
2.2157171653543308
0
LINE
8
BLACK
6
CONTINUOUS
10
2.4161995275590549
20
2.2157171653543308
11
2.41994905511811
21
2.2175919291338584
0
LINE
8
BLACK
6
CONTINUOUS
10
2.41994905511811
20
2.2175919291338584
11
2.4204896456692913
21
2.2177988188976379
0
LINE
8
BLACK
6
CONTINUOUS
10
2.4204896456692913
20
2.2177988188976379
11
2.4205955118110234
21
2.2178063779527557
0
LINE
8
BLACK
6
CONTINUOUS
10
2.4205955118110234
20
2.2178063779527557
11
2.4206935039370077
21
2.2178469291338581
0
LINE
8
BLACK
6
CONTINUOUS
10
2.4206935039370077
20
2.2178469291338581
11
2.421269566929134
21
2.2179036614173229
0
LINE
8
BLACK
6
CONTINUOUS
10
2.421269566929134
20
2.2179036614173229
11
2.4306433858267718
21
2.2179036614173229
0
LINE
8
BLACK
6
CONTINUOUS
10
2.4306433858267718
20
2.2179036614173229
11
2.4312194488188976
21
2.2178469291338581
0
LINE
8
BLACK
6
CONTINUOUS
10
0.7213632677165354
20
2.6105202362204722
11
0.7221779133858267
21
2.6097055905511812
0
LINE
8
BLACK
6
CONTINUOUS
10
0.7221779133858267
20
2.6097055905511812
11
0.7226188188976378
21
2.608641181102362
0
LINE
8
BLACK
6
CONTINUOUS
10
0.7226188188976378
20
2.608641181102362
11
0.7226755511811024
21
2.6080651181102361
0
LINE
8
BLACK
6
CONTINUOUS
10
0.7226755511811024
20
2.6080651181102361
11
0.7226755511811024
21
2.5686950393700787
0
LINE
8
BLACK
6
CONTINUOUS
10
0.7226755511811024
20
2.5686950393700787
11
0.7226188188976378
21
2.5681189763779528
0
LINE
8
BLACK
6
CONTINUOUS
10
0.7226188188976378
20
2.5681189763779528
11
0.7221779133858267
21
2.5670545669291336
0
LINE
8
BLACK
6
CONTINUOUS
10
0.7221779133858267
20
2.5670545669291336
11
0.7213632677165354
21
2.5662399212598426
0
LINE
8
BLACK
6
CONTINUOUS
10
0.7213632677165354
20
2.5662399212598426
11
0.7202988582677166
21
2.5657990157480315
0
LINE
8
BLACK
6
CONTINUOUS
10
0.7202988582677166
20
2.5657990157480315
11
0.7191467322834646
21
2.5657990157480315
0
LINE
8
BLACK
6
CONTINUOUS
10
0.7191467322834646
20
2.5657990157480315
11
0.7180823228346457
21
2.5662399212598426
0
LINE
8
BLACK
6
CONTINUOUS
10
0.7180823228346457
20
2.5662399212598426
11
0.7179433858267716
21
2.5663788582677163
0
LINE
8
BLACK
6
CONTINUOUS
10
0.7179433858267716
20
2.5663788582677163
11
0.717293779527559
21
2.5660540157480316
0
LINE
8
BLACK
6
CONTINUOUS
10
0.717293779527559
20
2.5660540157480316
11
0.7167531496062992
21
2.5658471259842521
0
LINE
8
BLACK
6
CONTINUOUS
10
0.7167531496062992
20
2.5658471259842521
11
0.7166473228346456
21
2.5658396456692913
0
LINE
8
BLACK
6
CONTINUOUS
10
0.7166473228346456
20
2.5658396456692913
11
0.7165493307086614
21
2.5657990157480315
0
LINE
8
BLACK
6
CONTINUOUS
10
0.7165493307086614
20
2.5657990157480315
11
0.7159732677165355
21
2.5657422834645667
0
LINE
8
BLACK
6
CONTINUOUS
10
0.7159732677165355
20
2.5657422834645667
11
0.7084742125984251
21
2.5657422834645667
0
LINE
8
BLACK
6
CONTINUOUS
10
0.7084742125984251
20
2.5657422834645667
11
0.7078981496062992
21
2.5657990157480315
0
LINE
8
BLACK
6
CONTINUOUS
10
0.7078981496062992
20
2.5657990157480315
11
0.707800157480315
21
2.5658396062992126
0
LINE
8
BLACK
6
CONTINUOUS
10
0.707800157480315
20
2.5658396062992126
11
0.7076942913385826
21
2.5658471259842521
0
LINE
8
BLACK
6
CONTINUOUS
10
0.7076942913385826
20
2.5658471259842521
11
0.7071537007874016
21
2.5660540157480316
0
LINE
8
BLACK
6
CONTINUOUS
10
0.7071537007874016
20
2.5660540157480316
11
0.7034041732283465
21
2.5679287795275592
0
LINE
8
BLACK
6
CONTINUOUS
10
0.7034041732283465
20
2.5679287795275592
11
0.7031561417322835
21
2.5680848818897637
0
LINE
8
BLACK
6
CONTINUOUS
10
0.7031561417322835
20
2.5680848818897637
11
0.7030842125984251
21
2.5681146850393701
0
LINE
8
BLACK
6
CONTINUOUS
10
0.7030842125984251
20
2.5681146850393701
11
0.7030032283464567
21
2.5681811417322833
0
LINE
8
BLACK
6
CONTINUOUS
10
0.7030032283464567
20
2.5681811417322833
11
0.7029142913385826
21
2.5682371259842518
0
LINE
8
BLACK
6
CONTINUOUS
10
0.7029142913385826
20
2.5682371259842518
11
0.7028630708661417
21
2.5682961811023621
0
LINE
8
BLACK
6
CONTINUOUS
10
0.7028630708661417
20
2.5682961811023621
11
0.7026367322834646
21
2.5684819291338581
0
LINE
8
BLACK
6
CONTINUOUS
10
0.7026367322834646
20
2.5684819291338581
11
0.700761968503937
21
2.5703567322834644
0
LINE
8
BLACK
6
CONTINUOUS
10
0.700761968503937
20
2.5703567322834644
11
0.7005762204724409
21
2.5705830708661415
0
LINE
8
BLACK
6
CONTINUOUS
10
0.7005762204724409
20
2.5705830708661415
11
0.7005172440944881
21
2.5706342125984252
0
LINE
8
BLACK
6
CONTINUOUS
10
0.7005172440944881
20
2.5706342125984252
11
0.7004612598425197
21
2.570723149606299
0
LINE
8
BLACK
6
CONTINUOUS
10
0.7004612598425197
20
2.570723149606299
11
0.7003947637795276
21
2.5708041732283462
0
LINE
8
BLACK
6
CONTINUOUS
10
0.7003947637795276
20
2.5708041732283462
11
0.7003649212598425
21
2.5708762204724409
0
LINE
8
BLACK
6
CONTINUOUS
10
0.7003649212598425
20
2.5708762204724409
11
0.7002088976377953
21
2.571124094488189
0
LINE
8
BLACK
6
CONTINUOUS
10
0.7002088976377953
20
2.571124094488189
11
0.6983341338582677
21
2.5748736220472441
0
LINE
8
BLACK
6
CONTINUOUS
10
0.6983341338582677
20
2.5748736220472441
11
0.6981272440944881
21
2.5754142519685037
0
LINE
8
BLACK
6
CONTINUOUS
10
0.6981272440944881
20
2.5754142519685037
11
0.6981197244094488
21
2.5755200787401575
0
LINE
8
BLACK
6
CONTINUOUS
10
0.6981197244094488
20
2.5755200787401575
11
0.6980791338582677
21
2.5756180708661418
0
LINE
8
BLACK
6
CONTINUOUS
10
0.6980791338582677
20
2.5756180708661418
11
0.6980224015748031
21
2.5761941338582677
0
LINE
8
BLACK
6
CONTINUOUS
10
0.6980224015748031
20
2.5761941338582677
11
0.6980224015748031
21
2.587442716535433
0
LINE
8
BLACK
6
CONTINUOUS
10
0.6980224015748031
20
2.587442716535433
11
0.6980791338582677
21
2.5880187795275589
0
LINE
8
BLACK
6
CONTINUOUS
10
0.6980791338582677
20
2.5880187795275589
11
0.6981197244094488
21
2.5881168110236219
0
LINE
8
BLACK
6
CONTINUOUS
10
0.6981197244094488
20
2.5881168110236219
11
0.6981272440944881
21
2.588222598425197
0
LINE
8
BLACK
6
CONTINUOUS
10
0.6981272440944881
20
2.588222598425197
11
0.6983341338582677
21
2.5887632283464566
0
LINE
8
BLACK
6
CONTINUOUS
10
0.6983341338582677
20
2.5887632283464566
11
0.7002088976377953
21
2.5925127559055117
0
LINE
8
BLACK
6
CONTINUOUS
10
0.7002088976377953
20
2.5925127559055117
11
0.7003649606299213
21
2.5927607874015748
0
LINE
8
BLACK
6
CONTINUOUS
10
0.7003649606299213
20
2.5927607874015748
11
0.7003948031496063
21
2.5928327165354328
0
LINE
8
BLACK
6
CONTINUOUS
10
0.7003948031496063
20
2.5928327165354328
11
0.7004612598425197
21
2.5929137007874017
0
LINE
8
BLACK
6
CONTINUOUS
10
0.7004612598425197
20
2.5929137007874017
11
0.7005172440944881
21
2.5930026377952755
0
LINE
8
BLACK
6
CONTINUOUS
10
0.7005172440944881
20
2.5930026377952755
11
0.7005762204724409
21
2.5930538188976375
0
LINE
8
BLACK
6
CONTINUOUS
10
0.7005762204724409
20
2.5930538188976375
11
0.7007620078740158
21
2.593280157480315
0
LINE
8
BLACK
6
CONTINUOUS
10
0.7007620078740158
20
2.593280157480315
11
0.7026367716535433
21
2.5951549212598426
0
LINE
8
BLACK
6
CONTINUOUS
10
0.7026367716535433
20
2.5951549212598426
11
0.7028631102362205
21
2.5953407086614173
0
LINE
8
BLACK
6
CONTINUOUS
10
0.7028631102362205
20
2.5953407086614173
11
0.7029142913385826
21
2.5953996850393701
0
LINE
8
BLACK
6
CONTINUOUS
10
0.7029142913385826
20
2.5953996850393701
11
0.7030032283464567
21
2.5954556692913386
0
LINE
8
BLACK
6
CONTINUOUS
10
0.7030032283464567
20
2.5954556692913386
11
0.7030842125984251
21
2.5955221259842518
0
LINE
8
BLACK
6
CONTINUOUS
10
0.7030842125984251
20
2.5955221259842518
11
0.7031561417322835
21
2.595551968503937
0
LINE
8
BLACK
6
CONTINUOUS
10
0.7031561417322835
20
2.595551968503937
11
0.7034041732283465
21
2.5957080314960628
0
LINE
8
BLACK
6
CONTINUOUS
10
0.7034041732283465
20
2.5957080314960628
11
0.7071537007874016
21
2.5975827952755903
0
LINE
8
BLACK
6
CONTINUOUS
10
0.7071537007874016
20
2.5975827952755903
11
0.7076942913385826
21
2.5977896850393698
0
LINE
8
BLACK
6
CONTINUOUS
10
0.7076942913385826
20
2.5977896850393698
11
0.707800157480315
21
2.5977972440944881
0
LINE
8
BLACK
6
CONTINUOUS
10
0.707800157480315
20
2.5977972440944881
11
0.7078981496062992
21
2.5978377952755904
0
LINE
8
BLACK
6
CONTINUOUS
10
0.7078981496062992
20
2.5978377952755904
11
0.7084742125984251
21
2.5978945275590553
0
LINE
8
BLACK
6
CONTINUOUS
10
0.7084742125984251
20
2.5978945275590553
11
0.7159732677165355
21
2.5978945275590553
0
LINE
8
BLACK
6
CONTINUOUS
10
0.7159732677165355
20
2.5978945275590553
11
0.7165493307086614
21
2.5978377952755904
0
LINE
8
BLACK
6
CONTINUOUS
10
0.7165493307086614
20
2.5978377952755904
11
0.7166473228346456
21
2.5977972047244093
0
LINE
8
BLACK
6
CONTINUOUS
10
0.7166473228346456
20
2.5977972047244093
11
0.7167531496062992
21
2.5977896850393698
0
LINE
8
BLACK
6
CONTINUOUS
10
0.7167531496062992
20
2.5977896850393698
11
0.7167700393700788
21
2.5977832283464566
0
LINE
8
BLACK
6
CONTINUOUS
10
0.7167700393700788
20
2.5977832283464566
11
0.7167700393700788
21
2.6080651181102361
0
LINE
8
BLACK
6
CONTINUOUS
10
0.7167700393700788
20
2.6080651181102361
11
0.7168267716535432
21
2.608641181102362
0
LINE
8
BLACK
6
CONTINUOUS
10
0.7168267716535432
20
2.608641181102362
11
0.7172676771653543
21
2.6097055905511812
0
LINE
8
BLACK
6
CONTINUOUS
10
0.7172676771653543
20
2.6097055905511812
11
0.7180823228346457
21
2.6105202362204722
0
LINE
8
BLACK
6
CONTINUOUS
10
0.7180823228346457
20
2.6105202362204722
11
0.7191467322834646
21
2.6109611417322833
0
LINE
8
BLACK
6
CONTINUOUS
10
0.7191467322834646
20
2.6109611417322833
11
0.7202988582677166
21
2.6109611417322833
0
LINE
8
BLACK
6
CONTINUOUS
10
0.7202988582677166
20
2.6109611417322833
11
0.7213632677165354
21
2.6105202362204722
0
LINE
8
BLACK
6
CONTINUOUS
10
0.7064737795275591
20
2.5906402755905513
11
0.705276653543307
21
2.5894431496062991
0
LINE
8
BLACK
6
CONTINUOUS
10
0.705276653543307
20
2.5894431496062991
11
0.7039279133858267
21
2.5867456692913384
0
LINE
8
BLACK
6
CONTINUOUS
10
0.7039279133858267
20
2.5867456692913384
11
0.7039279133858267
21
2.5768911811023623
0
LINE
8
BLACK
6
CONTINUOUS
10
0.7039279133858267
20
2.5768911811023623
11
0.705276653543307
21
2.5741937007874016
0
LINE
8
BLACK
6
CONTINUOUS
10
0.705276653543307
20
2.5741937007874016
11
0.7064737795275591
21
2.5729965354330706
0
LINE
8
BLACK
6
CONTINUOUS
10
0.7064737795275591
20
2.5729965354330706
11
0.7091712598425197
21
2.5716477952755903
0
LINE
8
BLACK
6
CONTINUOUS
10
0.7091712598425197
20
2.5716477952755903
11
0.7152762204724409
21
2.5716477952755903
0
LINE
8
BLACK
6
CONTINUOUS
10
0.7152762204724409
20
2.5716477952755903
11
0.7167700393700788
21
2.5723947244094489
0
LINE
8
BLACK
6
CONTINUOUS
10
0.7167700393700788
20
2.5723947244094489
11
0.7167700393700788
21
2.5912421259842517
0
LINE
8
BLACK
6
CONTINUOUS
10
0.7167700393700788
20
2.5912421259842517
11
0.7152762204724409
21
2.5919890157480316
0
LINE
8
BLACK
6
CONTINUOUS
10
0.7152762204724409
20
2.5919890157480316
11
0.7091712598425197
21
2.5919890157480316
0
LINE
8
BLACK
6
CONTINUOUS
10
0.7091712598425197
20
2.5919890157480316
11
0.7064737795275591
21
2.5906402755905513
0
LINE
8
BLACK
6
CONTINUOUS
10
0.7401109448818898
20
2.5973968897637794
11
0.7409255905511811
21
2.5965822440944883
0
LINE
8
BLACK
6
CONTINUOUS
10
0.7409255905511811
20
2.5965822440944883
11
0.7413664960629921
21
2.5955178346456691
0
LINE
8
BLACK
6
CONTINUOUS
10
0.7413664960629921
20
2.5955178346456691
11
0.7414232283464567
21
2.5949417716535432
0
LINE
8
BLACK
6
CONTINUOUS
10
0.7414232283464567
20
2.5949417716535432
11
0.7414232283464567
21
2.5750164173228347
0
LINE
8
BLACK
6
CONTINUOUS
10
0.7414232283464567
20
2.5750164173228347
11
0.742546062992126
21
2.5727706692913386
0
LINE
8
BLACK
6
CONTINUOUS
10
0.742546062992126
20
2.5727706692913386
11
0.744791811023622
21
2.5716477952755903
0
LINE
8
BLACK
6
CONTINUOUS
10
0.744791811023622
20
2.5716477952755903
11
0.7490220078740157
21
2.5716477952755903
0
LINE
8
BLACK
6
CONTINUOUS
10
0.7490220078740157
20
2.5716477952755903
11
0.7517194488188976
21
2.5729965354330706
0
LINE
8
BLACK
6
CONTINUOUS
10
0.7517194488188976
20
2.5729965354330706
11
0.7523905905511811
21
2.5736676771653544
0
LINE
8
BLACK
6
CONTINUOUS
10
0.7523905905511811
20
2.5736676771653544
11
0.7523905905511811
21
2.5949417716535432
0
LINE
8
BLACK
6
CONTINUOUS
10
0.7523905905511811
20
2.5949417716535432
11
0.7524473228346457
21
2.5955178346456691
0
LINE
8
BLACK
6
CONTINUOUS
10
0.7524473228346457
20
2.5955178346456691
11
0.7528882283464566
21
2.5965822440944883
0
LINE
8
BLACK
6
CONTINUOUS
10
0.7528882283464566
20
2.5965822440944883
11
0.753702874015748
21
2.5973968897637794
0
LINE
8
BLACK
6
CONTINUOUS
10
0.753702874015748
20
2.5973968897637794
11
0.7547672834645669
21
2.5978377952755904
0
LINE
8
BLACK
6
CONTINUOUS
10
0.7547672834645669
20
2.5978377952755904
11
0.7559194094488189
21
2.5978377952755904
0
LINE
8
BLACK
6
CONTINUOUS
10
0.7559194094488189
20
2.5978377952755904
11
0.7569838188976378
21
2.5973968897637794
0
LINE
8
BLACK
6
CONTINUOUS
10
0.7569838188976378
20
2.5973968897637794
11
0.7577984645669291
21
2.5965822440944883
0
LINE
8
BLACK
6
CONTINUOUS
10
0.7577984645669291
20
2.5965822440944883
11
0.7582393700787401
21
2.5955178346456691
0
LINE
8
BLACK
6
CONTINUOUS
10
0.7582393700787401
20
2.5955178346456691
11
0.7582961023622047
21
2.5949417716535432
0
LINE
8
BLACK
6
CONTINUOUS
10
0.7582961023622047
20
2.5949417716535432
11
0.7582961023622047
21
2.5686950393700787
0
LINE
8
BLACK
6
CONTINUOUS
10
0.7582961023622047
20
2.5686950393700787
11
0.7582393700787401
21
2.5681189763779528
0
LINE
8
BLACK
6
CONTINUOUS
10
0.7582393700787401
20
2.5681189763779528
11
0.7577984645669291
21
2.5670545669291336
0
LINE
8
BLACK
6
CONTINUOUS
10
0.7577984645669291
20
2.5670545669291336
11
0.7569838188976378
21
2.5662399212598426
0
LINE
8
BLACK
6
CONTINUOUS
10
0.7569838188976378
20
2.5662399212598426
11
0.7559194094488189
21
2.5657990157480315
0
LINE
8
BLACK
6
CONTINUOUS
10
0.7559194094488189
20
2.5657990157480315
11
0.7547672834645669
21
2.5657990157480315
0
LINE
8
BLACK
6
CONTINUOUS
10
0.7547672834645669
20
2.5657990157480315
11
0.753702874015748
21
2.5662399212598426
0
LINE
8
BLACK
6
CONTINUOUS
10
0.753702874015748
20
2.5662399212598426
11
0.7529390157480315
21
2.5670037795275591
0
LINE
8
BLACK
6
CONTINUOUS
10
0.7529390157480315
20
2.5670037795275591
11
0.7510395669291339
21
2.5660540157480316
0
LINE
8
BLACK
6
CONTINUOUS
10
0.7510395669291339
20
2.5660540157480316
11
0.750498937007874
21
2.5658471259842521
0
LINE
8
BLACK
6
CONTINUOUS
10
0.750498937007874
20
2.5658471259842521
11
0.7503931102362205
21
2.5658396456692913
0
LINE
8
BLACK
6
CONTINUOUS
10
0.7503931102362205
20
2.5658396456692913
11
0.7502951181102362
21
2.5657990157480315
0
LINE
8
BLACK
6
CONTINUOUS
10
0.7502951181102362
20
2.5657990157480315
11
0.7497190551181102
21
2.5657422834645667
0
LINE
8
BLACK
6
CONTINUOUS
10
0.7497190551181102
20
2.5657422834645667
11
0.7440947637795275
21
2.5657422834645667
0
LINE
8
BLACK
6
CONTINUOUS
10
0.7440947637795275
20
2.5657422834645667
11
0.7435187007874016
21
2.5657990157480315
0
LINE
8
BLACK
6
CONTINUOUS
10
0.7435187007874016
20
2.5657990157480315
11
0.7434207086614173
21
2.5658396062992126
0
LINE
8
BLACK
6
CONTINUOUS
10
0.7434207086614173
20
2.5658396062992126
11
0.743314842519685
21
2.5658471259842521
0
LINE
8
BLACK
6
CONTINUOUS
10
0.743314842519685
20
2.5658471259842521
11
0.7427742519685039
21
2.5660540157480316
0
LINE
8
BLACK
6
CONTINUOUS
10
0.7427742519685039
20
2.5660540157480316
11
0.7390247244094488
21
2.5679287795275592
0
LINE
8
BLACK
6
CONTINUOUS
10
0.7390247244094488
20
2.5679287795275592
11
0.7389283464566929
21
2.5679894488188975
0
LINE
8
BLACK
6
CONTINUOUS
10
0.7389283464566929
20
2.5679894488188975
11
0.7388829527559055
21
2.5680045669291336
0
LINE
8
BLACK
6
CONTINUOUS
10
0.7388829527559055
20
2.5680045669291336
11
0.7388263779527559
21
2.5680536220472439
0
LINE
8
BLACK
6
CONTINUOUS
10
0.7388263779527559
20
2.5680536220472439
11
0.738534842519685
21
2.5682371259842518
0
LINE
8
BLACK
6
CONTINUOUS
10
0.738534842519685
20
2.5682371259842518
11
0.7382921653543307
21
2.5685169685039368
0
LINE
8
BLACK
6
CONTINUOUS
10
0.7382921653543307
20
2.5685169685039368
11
0.7380125590551181
21
2.5687594488188976
0
LINE
8
BLACK
6
CONTINUOUS
10
0.7380125590551181
20
2.5687594488188976
11
0.7378290551181103
21
2.5690509448818899
0
LINE
8
BLACK
6
CONTINUOUS
10
0.7378290551181103
20
2.5690509448818899
11
0.73778
21
2.5691075196850393
0
LINE
8
BLACK
6
CONTINUOUS
10
0.73778
20
2.5691075196850393
11
0.737764842519685
21
2.5691529921259844
0
LINE
8
BLACK
6
CONTINUOUS
10
0.737764842519685
20
2.5691529921259844
11
0.7377042125984252
21
2.5692492913385827
0
LINE
8
BLACK
6
CONTINUOUS
10
0.7377042125984252
20
2.5692492913385827
11
0.7358294488188977
21
2.5729988582677166
0
LINE
8
BLACK
6
CONTINUOUS
10
0.7358294488188977
20
2.5729988582677166
11
0.7356225590551181
21
2.5735394881889762
0
LINE
8
BLACK
6
CONTINUOUS
10
0.7356225590551181
20
2.5735394881889762
11
0.7356150393700788
21
2.57364531496063
0
LINE
8
BLACK
6
CONTINUOUS
10
0.7356150393700788
20
2.57364531496063
11
0.7355744488188977
21
2.5737433070866143
0
LINE
8
BLACK
6
CONTINUOUS
10
0.7355744488188977
20
2.5737433070866143
11
0.7355177165354331
21
2.5743193700787401
0
LINE
8
BLACK
6
CONTINUOUS
10
0.7355177165354331
20
2.5743193700787401
11
0.7355177165354331
21
2.5949417716535432
0
LINE
8
BLACK
6
CONTINUOUS
10
0.7355177165354331
20
2.5949417716535432
11
0.7355744488188977
21
2.5955178346456691
0
LINE
8
BLACK
6
CONTINUOUS
10
0.7355744488188977
20
2.5955178346456691
11
0.7360153543307086
21
2.5965822440944883
0
LINE
8
BLACK
6
CONTINUOUS
10
0.7360153543307086
20
2.5965822440944883
11
0.73683
21
2.5973968897637794
0
LINE
8
BLACK
6
CONTINUOUS
10
0.73683
20
2.5973968897637794
11
0.7378944094488189
21
2.5978377952755904
0
LINE
8
BLACK
6
CONTINUOUS
10
0.7378944094488189
20
2.5978377952755904
11
0.7390465354330709
21
2.5978377952755904
0
LINE
8
BLACK
6
CONTINUOUS
10
0.7390465354330709
20
2.5978377952755904
11
0.7401109448818898
21
2.5973968897637794
0
LINE
8
BLACK
6
CONTINUOUS
10
0.7877904330708662
20
2.5978377952755904
11
0.7878884251968504
21
2.5977972047244093
0
LINE
8
BLACK
6
CONTINUOUS
10
0.7878884251968504
20
2.5977972047244093
11
0.7879942519685039
21
2.5977896850393698
0
LINE
8
BLACK
6
CONTINUOUS
10
0.7879942519685039
20
2.5977896850393698
11
0.7885348818897637
21
2.5975827952755903
0
LINE
8
BLACK
6
CONTINUOUS
10
0.7885348818897637
20
2.5975827952755903
11
0.7922844094488188
21
2.5957080314960628
0
LINE
8
BLACK
6
CONTINUOUS
10
0.7922844094488188
20
2.5957080314960628
11
0.7927742913385827
21
2.5953996850393701
0
LINE
8
BLACK
6
CONTINUOUS
10
0.7927742913385827
20
2.5953996850393701
11
0.7935291338582677
21
2.5945292913385827
0
LINE
8
BLACK
6
CONTINUOUS
10
0.7935291338582677
20
2.5945292913385827
11
0.7938934645669291
21
2.5934363385826771
0
LINE
8
BLACK
6
CONTINUOUS
10
0.7938934645669291
20
2.5934363385826771
11
0.7938118110236221
21
2.5922871259842517
0
LINE
8
BLACK
6
CONTINUOUS
10
0.7938118110236221
20
2.5922871259842517
11
0.7932965354330709
21
2.5912566141732283
0
LINE
8
BLACK
6
CONTINUOUS
10
0.7932965354330709
20
2.5912566141732283
11
0.7924261811023622
21
2.5905017716535435
0
LINE
8
BLACK
6
CONTINUOUS
10
0.7924261811023622
20
2.5905017716535435
11
0.7913331889763779
21
2.5901374409448819
0
LINE
8
BLACK
6
CONTINUOUS
10
0.7913331889763779
20
2.5901374409448819
11
0.7901839763779528
21
2.5902190944881891
0
LINE
8
BLACK
6
CONTINUOUS
10
0.7901839763779528
20
2.5902190944881891
11
0.7896433858267716
21
2.5904259842519686
0
LINE
8
BLACK
6
CONTINUOUS
10
0.7896433858267716
20
2.5904259842519686
11
0.7865173228346457
21
2.5919890157480316
0
LINE
8
BLACK
6
CONTINUOUS
10
0.7865173228346457
20
2.5919890157480316
11
0.7804123622047244
21
2.5919890157480316
0
LINE
8
BLACK
6
CONTINUOUS
10
0.7804123622047244
20
2.5919890157480316
11
0.7777148818897638
21
2.5906402755905513
0
LINE
8
BLACK
6
CONTINUOUS
10
0.7777148818897638
20
2.5906402755905513
11
0.7765177559055118
21
2.5894431496062991
0
LINE
8
BLACK
6
CONTINUOUS
10
0.7765177559055118
20
2.5894431496062991
11
0.7751690157480314
21
2.5867456692913384
0
LINE
8
BLACK
6
CONTINUOUS
10
0.7751690157480314
20
2.5867456692913384
11
0.7751690157480314
21
2.5768911811023623
0
LINE
8
BLACK
6
CONTINUOUS
10
0.7751690157480314
20
2.5768911811023623
11
0.7765177559055118
21
2.5741937007874016
0
LINE
8
BLACK
6
CONTINUOUS
10
0.7765177559055118
20
2.5741937007874016
11
0.7777148818897638
21
2.5729965354330706
0
LINE
8
BLACK
6
CONTINUOUS
10
0.7777148818897638
20
2.5729965354330706
11
0.7804123622047244
21
2.5716477952755903
0
LINE
8
BLACK
6
CONTINUOUS
10
0.7804123622047244
20
2.5716477952755903
11
0.7865173228346457
21
2.5716477952755903
0
LINE
8
BLACK
6
CONTINUOUS
10
0.7865173228346457
20
2.5716477952755903
11
0.7896433858267716
21
2.5732108267716534
0
LINE
8
BLACK
6
CONTINUOUS
10
0.7896433858267716
20
2.5732108267716534
11
0.7901839763779528
21
2.5734177165354328
0
LINE
8
BLACK
6
CONTINUOUS
10
0.7901839763779528
20
2.5734177165354328
11
0.7913331889763779
21
2.5734993700787401
0
LINE
8
BLACK
6
CONTINUOUS
10
0.7913331889763779
20
2.5734993700787401
11
0.7924261811023622
21
2.5731350393700785
0
LINE
8
BLACK
6
CONTINUOUS
10
0.7924261811023622
20
2.5731350393700785
11
0.7932965354330709
21
2.5723801968503937
0
LINE
8
BLACK
6
CONTINUOUS
10
0.7932965354330709
20
2.5723801968503937
11
0.7938118110236221
21
2.5713496850393702
0
LINE
8
BLACK
6
CONTINUOUS
10
0.7938118110236221
20
2.5713496850393702
11
0.7938934645669291
21
2.5702004724409448
0
LINE
8
BLACK
6
CONTINUOUS
10
0.7938934645669291
20
2.5702004724409448
11
0.7935291338582677
21
2.5691075196850393
0
LINE
8
BLACK
6
CONTINUOUS
10
0.7935291338582677
20
2.5691075196850393
11
0.7927742913385827
21
2.5682371259842518
0
LINE
8
BLACK
6
CONTINUOUS
10
0.7927742913385827
20
2.5682371259842518
11
0.7922844094488188
21
2.5679287795275592
0
LINE
8
BLACK
6
CONTINUOUS
10
0.7922844094488188
20
2.5679287795275592
11
0.7885348818897637
21
2.5660540157480316
0
LINE
8
BLACK
6
CONTINUOUS
10
0.7885348818897637
20
2.5660540157480316
11
0.7879942519685039
21
2.5658471259842521
0
LINE
8
BLACK
6
CONTINUOUS
10
0.7879942519685039
20
2.5658471259842521
11
0.7878884251968504
21
2.5658396456692913
0
LINE
8
BLACK
6
CONTINUOUS
10
0.7878884251968504
20
2.5658396456692913
11
0.7877904330708662
21
2.5657990157480315
0
LINE
8
BLACK
6
CONTINUOUS
10
0.7877904330708662
20
2.5657990157480315
11
0.7872143700787402
21
2.5657422834645667
0
LINE
8
BLACK
6
CONTINUOUS
10
0.7872143700787402
20
2.5657422834645667
11
0.77971531496063
21
2.5657422834645667
0
LINE
8
BLACK
6
CONTINUOUS
10
0.77971531496063
20
2.5657422834645667
11
0.7791392519685039
21
2.5657990157480315
0
LINE
8
BLACK
6
CONTINUOUS
10
0.7791392519685039
20
2.5657990157480315
11
0.7790412598425197
21
2.5658396062992126
0
LINE
8
BLACK
6
CONTINUOUS
10
0.7790412598425197
20
2.5658396062992126
11
0.7789353937007873
21
2.5658471259842521
0
LINE
8
BLACK
6
CONTINUOUS
10
0.7789353937007873
20
2.5658471259842521
11
0.7783948031496063
21
2.5660540157480316
0
LINE
8
BLACK
6
CONTINUOUS
10
0.7783948031496063
20
2.5660540157480316
11
0.7746452755905512
21
2.5679287795275592
0
LINE
8
BLACK
6
CONTINUOUS
10
0.7746452755905512
20
2.5679287795275592
11
0.7743972440944882
21
2.5680848818897637
0
LINE
8
BLACK
6
CONTINUOUS
10
0.7743972440944882
20
2.5680848818897637
11
0.77432531496063
21
2.5681146850393701
0
LINE
8
BLACK
6
CONTINUOUS
10
0.77432531496063
20
2.5681146850393701
11
0.7742443307086614
21
2.5681811417322833
0
LINE
8
BLACK
6
CONTINUOUS
10
0.7742443307086614
20
2.5681811417322833
11
0.7741553937007873
21
2.5682371259842518
0
LINE
8
BLACK
6
CONTINUOUS
10
0.7741553937007873
20
2.5682371259842518
11
0.7741041732283465
21
2.5682961811023621
0
LINE
8
BLACK
6
CONTINUOUS
10
0.7741041732283465
20
2.5682961811023621
11
0.7738778346456693
21
2.5684819291338581
0
LINE
8
BLACK
6
CONTINUOUS
10
0.7738778346456693
20
2.5684819291338581
11
0.7720030708661417
21
2.5703567322834644
0
LINE
8
BLACK
6
CONTINUOUS
10
0.7720030708661417
20
2.5703567322834644
11
0.7718173228346457
21
2.5705830708661415
0
LINE
8
BLACK
6
CONTINUOUS
10
0.7718173228346457
20
2.5705830708661415
11
0.7717583464566929
21
2.5706342125984252
0
LINE
8
BLACK
6
CONTINUOUS
10
0.7717583464566929
20
2.5706342125984252
11
0.7717023622047244
21
2.570723149606299
0
LINE
8
BLACK
6
CONTINUOUS
10
0.7717023622047244
20
2.570723149606299
11
0.7716358661417323
21
2.5708041732283462
0
LINE
8
BLACK
6
CONTINUOUS
10
0.7716358661417323
20
2.5708041732283462
11
0.7716060236220472
21
2.5708762204724409
0
LINE
8
BLACK
6
CONTINUOUS
10
0.7716060236220472
20
2.5708762204724409
11
0.77145
21
2.571124094488189
0
LINE
8
BLACK
6
CONTINUOUS
10
0.77145
20
2.571124094488189
11
0.7695752362204724
21
2.5748736220472441
0
LINE
8
BLACK
6
CONTINUOUS
10
0.7695752362204724
20
2.5748736220472441
11
0.7693683464566929
21
2.5754142519685037
0
LINE
8
BLACK
6
CONTINUOUS
10
0.7693683464566929
20
2.5754142519685037
11
0.7693608267716535
21
2.5755200787401575
0
LINE
8
BLACK
6
CONTINUOUS
10
0.7693608267716535
20
2.5755200787401575
11
0.7693202362204724
21
2.5756180708661418
0
LINE
8
BLACK
6
CONTINUOUS
10
0.7693202362204724
20
2.5756180708661418
11
0.7692635039370078
21
2.5761941338582677
0
LINE
8
BLACK
6
CONTINUOUS
10
0.7692635039370078
20
2.5761941338582677
11
0.7692635039370078
21
2.587442716535433
0
LINE
8
BLACK
6
CONTINUOUS
10
0.7692635039370078
20
2.587442716535433
11
0.7693202362204724
21
2.5880187795275589
0
LINE
8
BLACK
6
CONTINUOUS
10
0.7693202362204724
20
2.5880187795275589
11
0.7693608267716535
21
2.5881168110236219
0
LINE
8
BLACK
6
CONTINUOUS
10
0.7693608267716535
20
2.5881168110236219
11
0.7693683464566929
21
2.588222598425197
0
LINE
8
BLACK
6
CONTINUOUS
10
0.7693683464566929
20
2.588222598425197
11
0.7695752362204724
21
2.5887632283464566
0
LINE
8
BLACK
6
CONTINUOUS
10
0.7695752362204724
20
2.5887632283464566
11
0.77145
21
2.5925127559055117
0
LINE
8
BLACK
6
CONTINUOUS
10
0.77145
20
2.5925127559055117
11
0.771606062992126
21
2.5927607874015748
0
LINE
8
BLACK
6
CONTINUOUS
10
0.771606062992126
20
2.5927607874015748
11
0.771635905511811
21
2.5928327165354328
0
LINE
8
BLACK
6
CONTINUOUS
10
0.771635905511811
20
2.5928327165354328
11
0.7717023622047244
21
2.5929137007874017
0
LINE
8
BLACK
6
CONTINUOUS
10
0.7717023622047244
20
2.5929137007874017
11
0.7717583464566929
21
2.5930026377952755
0
LINE
8
BLACK
6
CONTINUOUS
10
0.7717583464566929
20
2.5930026377952755
11
0.7718173228346457
21
2.5930538188976375
0
LINE
8
BLACK
6
CONTINUOUS
10
0.7718173228346457
20
2.5930538188976375
11
0.7720031102362205
21
2.593280157480315
0
LINE
8
BLACK
6
CONTINUOUS
10
0.7720031102362205
20
2.593280157480315
11
0.773877874015748
21
2.5951549212598426
0
LINE
8
BLACK
6
CONTINUOUS
10
0.773877874015748
20
2.5951549212598426
11
0.7741042125984252
21
2.5953407086614173
0
LINE
8
BLACK
6
CONTINUOUS
10
0.7741042125984252
20
2.5953407086614173
11
0.7741553937007873
21
2.5953996850393701
0
LINE
8
BLACK
6
CONTINUOUS
10
0.7741553937007873
20
2.5953996850393701
11
0.7742443307086614
21
2.5954556692913386
0
LINE
8
BLACK
6
CONTINUOUS
10
0.7742443307086614
20
2.5954556692913386
11
0.77432531496063
21
2.5955221259842518
0
LINE
8
BLACK
6
CONTINUOUS
10
0.77432531496063
20
2.5955221259842518
11
0.7743972440944882
21
2.595551968503937
0
LINE
8
BLACK
6
CONTINUOUS
10
0.7743972440944882
20
2.595551968503937
11
0.7746452755905512
21
2.5957080314960628
0
LINE
8
BLACK
6
CONTINUOUS
10
0.7746452755905512
20
2.5957080314960628
11
0.7783948031496063
21
2.5975827952755903
0
LINE
8
BLACK
6
CONTINUOUS
10
0.7783948031496063
20
2.5975827952755903
11
0.7789353937007873
21
2.5977896850393698
0
LINE
8
BLACK
6
CONTINUOUS
10
0.7789353937007873
20
2.5977896850393698
11
0.7790412598425197
21
2.5977972440944881
0
LINE
8
BLACK
6
CONTINUOUS
10
0.7790412598425197
20
2.5977972440944881
11
0.7791392519685039
21
2.5978377952755904
0
LINE
8
BLACK
6
CONTINUOUS
10
0.7791392519685039
20
2.5978377952755904
11
0.77971531496063
21
2.5978945275590553
0
LINE
8
BLACK
6
CONTINUOUS
10
0.77971531496063
20
2.5978945275590553
11
0.7872143700787402
21
2.5978945275590553
0
LINE
8
BLACK
6
CONTINUOUS
10
0.7872143700787402
20
2.5978945275590553
11
0.7877904330708662
21
2.5978377952755904
0
LINE
8
BLACK
6
CONTINUOUS
10
0.838409094488189
20
2.5978377952755904
11
0.8385070866141732
21
2.5977972047244093
0
LINE
8
BLACK
6
CONTINUOUS
10
0.8385070866141732
20
2.5977972047244093
11
0.8386129133858268
21
2.5977896850393698
0
LINE
8
BLACK
6
CONTINUOUS
10
0.8386129133858268
20
2.5977896850393698
11
0.8391535433070866
21
2.5975827952755903
0
LINE
8
BLACK
6
CONTINUOUS
10
0.8391535433070866
20
2.5975827952755903
11
0.8429030708661417
21
2.5957080314960628
0
LINE
8
BLACK
6
CONTINUOUS
10
0.8429030708661417
20
2.5957080314960628
11
0.8429994094488189
21
2.5956474015748032
0
LINE
8
BLACK
6
CONTINUOUS
10
0.8429994094488189
20
2.5956474015748032
11
0.843044842519685
21
2.5956322440944883
0
LINE
8
BLACK
6
CONTINUOUS
10
0.843044842519685
20
2.5956322440944883
11
0.8431013779527559
21
2.5955832283464568
0
LINE
8
BLACK
6
CONTINUOUS
10
0.8431013779527559
20
2.5955832283464568
11
0.8433929527559055
21
2.5953996850393701
0
LINE
8
BLACK
6
CONTINUOUS
10
0.8433929527559055
20
2.5953996850393701
11
0.8436355118110236
21
2.5951200000000001
0
LINE
8
BLACK
6
CONTINUOUS
10
0.8436355118110236
20
2.5951200000000001
11
0.8439152362204724
21
2.5948774015748031
0
LINE
8
BLACK
6
CONTINUOUS
10
0.8439152362204724
20
2.5948774015748031
11
0.8440987401574803
21
2.594585866141732
0
LINE
8
BLACK
6
CONTINUOUS
10
0.8440987401574803
20
2.594585866141732
11
0.8441477952755906
21
2.5945292913385827
0
LINE
8
BLACK
6
CONTINUOUS
10
0.8441477952755906
20
2.5945292913385827
11
0.8441629133858267
21
2.5944838976377951
0
LINE
8
BLACK
6
CONTINUOUS
10
0.8441629133858267
20
2.5944838976377951
11
0.8442235826771654
21
2.5943875196850392
0
LINE
8
BLACK
6
CONTINUOUS
10
0.8442235826771654
20
2.5943875196850392
11
0.8460983464566929
21
2.5906379921259841
0
LINE
8
BLACK
6
CONTINUOUS
10
0.8460983464566929
20
2.5906379921259841
11
0.8463052362204724
21
2.5900974015748033
0
LINE
8
BLACK
6
CONTINUOUS
10
0.8463052362204724
20
2.5900974015748033
11
0.8463127559055118
21
2.5899915354330707
0
LINE
8
BLACK
6
CONTINUOUS
10
0.8463127559055118
20
2.5899915354330707
11
0.8463533464566929
21
2.5898935433070864
0
LINE
8
BLACK
6
CONTINUOUS
10
0.8463533464566929
20
2.5898935433070864
11
0.8464100787401575
21
2.5893174803149606
0
LINE
8
BLACK
6
CONTINUOUS
10
0.8464100787401575
20
2.5893174803149606
11
0.8464100787401575
21
2.5686950393700787
0
LINE
8
BLACK
6
CONTINUOUS
10
0.8464100787401575
20
2.5686950393700787
11
0.8463533464566929
21
2.5681189763779528
0
LINE
8
BLACK
6
CONTINUOUS
10
0.8463533464566929
20
2.5681189763779528
11
0.8459124409448818
21
2.5670545669291336
0
LINE
8
BLACK
6
CONTINUOUS
10
0.8459124409448818
20
2.5670545669291336
11
0.8450977952755905
21
2.5662399212598426
0
LINE
8
BLACK
6
CONTINUOUS
10
0.8450977952755905
20
2.5662399212598426
11
0.8440333858267717
21
2.5657990157480315
0
LINE
8
BLACK
6
CONTINUOUS
10
0.8440333858267717
20
2.5657990157480315
11
0.8428812598425197
21
2.5657990157480315
0
LINE
8
BLACK
6
CONTINUOUS
10
0.8428812598425197
20
2.5657990157480315
11
0.8418168503937008
21
2.5662399212598426
0
LINE
8
BLACK
6
CONTINUOUS
10
0.8418168503937008
20
2.5662399212598426
11
0.8416779133858268
21
2.5663788582677163
0
LINE
8
BLACK
6
CONTINUOUS
10
0.8416779133858268
20
2.5663788582677163
11
0.8410283070866141
21
2.5660540157480316
0
LINE
8
BLACK
6
CONTINUOUS
10
0.8410283070866141
20
2.5660540157480316
11
0.8404876771653543
21
2.5658471259842521
0
LINE
8
BLACK
6
CONTINUOUS
10
0.8404876771653543
20
2.5658471259842521
11
0.8403818503937007
21
2.5658396456692913
0
LINE
8
BLACK
6
CONTINUOUS
10
0.8403818503937007
20
2.5658396456692913
11
0.8402838582677166
21
2.5657990157480315
0
LINE
8
BLACK
6
CONTINUOUS
10
0.8402838582677166
20
2.5657990157480315
11
0.8397077952755906
21
2.5657422834645667
0
LINE
8
BLACK
6
CONTINUOUS
10
0.8397077952755906
20
2.5657422834645667
11
0.8303339763779527
21
2.5657422834645667
0
LINE
8
BLACK
6
CONTINUOUS
10
0.8303339763779527
20
2.5657422834645667
11
0.8297579133858267
21
2.5657990157480315
0
LINE
8
BLACK
6
CONTINUOUS
10
0.8297579133858267
20
2.5657990157480315
11
0.8296599212598424
21
2.5658396062992126
0
LINE
8
BLACK
6
CONTINUOUS
10
0.8296599212598424
20
2.5658396062992126
11
0.8295540551181102
21
2.5658471259842521
0
LINE
8
BLACK
6
CONTINUOUS
10
0.8295540551181102
20
2.5658471259842521
11
0.8290134645669291
21
2.5660540157480316
0
LINE
8
BLACK
6
CONTINUOUS
10
0.8290134645669291
20
2.5660540157480316
11
0.825263937007874
21
2.5679287795275592
0
LINE
8
BLACK
6
CONTINUOUS
10
0.825263937007874
20
2.5679287795275592
11
0.8251675590551181
21
2.5679894488188975
0
LINE
8
BLACK
6
CONTINUOUS
10
0.8251675590551181
20
2.5679894488188975
11
0.8251221653543307
21
2.5680045669291336
0
LINE
8
BLACK
6
CONTINUOUS
10
0.8251221653543307
20
2.5680045669291336
11
0.8250655905511811
21
2.5680536220472439
0
LINE
8
BLACK
6
CONTINUOUS
10
0.8250655905511811
20
2.5680536220472439
11
0.8247740551181102
21
2.5682371259842518
0
LINE
8
BLACK
6
CONTINUOUS
10
0.8247740551181102
20
2.5682371259842518
11
0.8245313779527559
21
2.5685169685039368
0
LINE
8
BLACK
6
CONTINUOUS
10
0.8245313779527559
20
2.5685169685039368
11
0.8242517716535432
21
2.5687594488188976
0
LINE
8
BLACK
6
CONTINUOUS
10
0.8242517716535432
20
2.5687594488188976
11
0.8240682677165354
21
2.5690509448818899
0
LINE
8
BLACK
6
CONTINUOUS
10
0.8240682677165354
20
2.5690509448818899
11
0.8240192125984251
21
2.5691075196850393
0
LINE
8
BLACK
6
CONTINUOUS
10
0.8240192125984251
20
2.5691075196850393
11
0.8240040551181103
21
2.5691529921259844
0
LINE
8
BLACK
6
CONTINUOUS
10
0.8240040551181103
20
2.5691529921259844
11
0.8239434251968504
21
2.5692492913385827
0
LINE
8
BLACK
6
CONTINUOUS
10
0.8239434251968504
20
2.5692492913385827
11
0.8220686614173228
21
2.5729988582677166
0
LINE
8
BLACK
6
CONTINUOUS
10
0.8220686614173228
20
2.5729988582677166
11
0.8218617716535432
21
2.5735394881889762
0
LINE
8
BLACK
6
CONTINUOUS
10
0.8218617716535432
20
2.5735394881889762
11
0.8218542519685039
21
2.57364531496063
0
LINE
8
BLACK
6
CONTINUOUS
10
0.8218542519685039
20
2.57364531496063
11
0.8218136614173228
21
2.5737433070866143
0
LINE
8
BLACK
6
CONTINUOUS
10
0.8218136614173228
20
2.5737433070866143
11
0.8217569291338582
21
2.5743193700787401
0
LINE
8
BLACK
6
CONTINUOUS
10
0.8217569291338582
20
2.5743193700787401
11
0.8217569291338582
21
2.5780688976377952
0
LINE
8
BLACK
6
CONTINUOUS
10
0.8217569291338582
20
2.5780688976377952
11
0.8218136614173228
21
2.5786449606299211
0
LINE
8
BLACK
6
CONTINUOUS
10
0.8218136614173228
20
2.5786449606299211
11
0.8218542519685039
21
2.5787429921259841
0
LINE
8
BLACK
6
CONTINUOUS
10
0.8218542519685039
20
2.5787429921259841
11
0.8218617716535432
21
2.5788487795275592
0
LINE
8
BLACK
6
CONTINUOUS
10
0.8218617716535432
20
2.5788487795275592
11
0.8220686614173228
21
2.5793894094488188
0
LINE
8
BLACK
6
CONTINUOUS
10
0.8220686614173228
20
2.5793894094488188
11
0.8239434251968504
21
2.5831389370078739
0
LINE
8
BLACK
6
CONTINUOUS
10
0.8239434251968504
20
2.5831389370078739
11
0.8240040551181103
21
2.5832353149606297
0
LINE
8
BLACK
6
CONTINUOUS
10
0.8240040551181103
20
2.5832353149606297
11
0.8240192125984251
21
2.5832807086614173
0
LINE
8
BLACK
6
CONTINUOUS
10
0.8240192125984251
20
2.5832807086614173
11
0.8240682283464567
21
2.5833372834645667
0
LINE
8
BLACK
6
CONTINUOUS
10
0.8240682283464567
20
2.5833372834645667
11
0.8242517716535432
21
2.5836288188976377
0
LINE
8
BLACK
6
CONTINUOUS
10
0.8242517716535432
20
2.5836288188976377
11
0.8245314566929134
21
2.5838714173228348
0
LINE
8
BLACK
6
CONTINUOUS
10
0.8245314566929134
20
2.5838714173228348
11
0.8247740551181102
21
2.5841511023622048
0
LINE
8
BLACK
6
CONTINUOUS
10
0.8247740551181102
20
2.5841511023622048
11
0.8250655905511811
21
2.5843346456692915
0
LINE
8
BLACK
6
CONTINUOUS
10
0.8250655905511811
20
2.5843346456692915
11
0.8251221653543307
21
2.5843836614173226
0
LINE
8
BLACK
6
CONTINUOUS
10
0.8251221653543307
20
2.5843836614173226
11
0.8251675590551181
21
2.5843988188976379
0
LINE
8
BLACK
6
CONTINUOUS
10
0.8251675590551181
20
2.5843988188976379
11
0.825263937007874
21
2.5844594488188974
0
LINE
8
BLACK
6
CONTINUOUS
10
0.825263937007874
20
2.5844594488188974
11
0.8290134645669291
21
2.586334212598425
0
LINE
8
BLACK
6
CONTINUOUS
10
0.8290134645669291
20
2.586334212598425
11
0.8295540551181102
21
2.5865411023622045
0
LINE
8
BLACK
6
CONTINUOUS
10
0.8295540551181102
20
2.5865411023622045
11
0.8296599212598424
21
2.5865486614173228
0
LINE
8
BLACK
6
CONTINUOUS
10
0.8296599212598424
20
2.5865486614173228
11
0.8297579133858267
21
2.5865892125984251
0
LINE
8
BLACK
6
CONTINUOUS
10
0.8297579133858267
20
2.5865892125984251
11
0.8303339763779527
21
2.5866459448818899
0
LINE
8
BLACK
6
CONTINUOUS
10
0.8303339763779527
20
2.5866459448818899
11
0.839010748031496
21
2.5866459448818899
0
LINE
8
BLACK
6
CONTINUOUS
10
0.839010748031496
20
2.5866459448818899
11
0.8405045669291339
21
2.5873928740157481
0
LINE
8
BLACK
6
CONTINUOUS
10
0.8405045669291339
20
2.5873928740157481
11
0.8405045669291339
21
2.588620433070866
0
LINE
8
BLACK
6
CONTINUOUS
10
0.8405045669291339
20
2.588620433070866
11
0.8393816929133858
21
2.5908661811023621
0
LINE
8
BLACK
6
CONTINUOUS
10
0.8393816929133858
20
2.5908661811023621
11
0.8371359842519684
21
2.5919890157480316
0
LINE
8
BLACK
6
CONTINUOUS
10
0.8371359842519684
20
2.5919890157480316
11
0.8310310236220472
21
2.5919890157480316
0
LINE
8
BLACK
6
CONTINUOUS
10
0.8310310236220472
20
2.5919890157480316
11
0.8279049606299212
21
2.5904259842519686
0
LINE
8
BLACK
6
CONTINUOUS
10
0.8279049606299212
20
2.5904259842519686
11
0.8273643307086614
21
2.5902190944881891
0
LINE
8
BLACK
6
CONTINUOUS
10
0.8273643307086614
20
2.5902190944881891
11
0.8262151181102362
21
2.5901374409448819
0
LINE
8
BLACK
6
CONTINUOUS
10
0.8262151181102362
20
2.5901374409448819
11
0.8251221653543307
21
2.5905017716535435
0
LINE
8
BLACK
6
CONTINUOUS
10
0.8251221653543307
20
2.5905017716535435
11
0.8242517716535432
21
2.5912566141732283
0
LINE
8
BLACK
6
CONTINUOUS
10
0.8242517716535432
20
2.5912566141732283
11
0.8237365354330708
21
2.5922871259842517
0
LINE
8
BLACK
6
CONTINUOUS
10
0.8237365354330708
20
2.5922871259842517
11
0.8236548818897638
21
2.5934363385826771
0
LINE
8
BLACK
6
CONTINUOUS
10
0.8236548818897638
20
2.5934363385826771
11
0.8240192125984251
21
2.5945292913385827
0
LINE
8
BLACK
6
CONTINUOUS
10
0.8240192125984251
20
2.5945292913385827
11
0.8247740551181102
21
2.5953996850393701
0
LINE
8
BLACK
6
CONTINUOUS
10
0.8247740551181102
20
2.5953996850393701
11
0.825263937007874
21
2.5957080314960628
0
LINE
8
BLACK
6
CONTINUOUS
10
0.825263937007874
20
2.5957080314960628
11
0.8290134645669291
21
2.5975827952755903
0
LINE
8
BLACK
6
CONTINUOUS
10
0.8290134645669291
20
2.5975827952755903
11
0.8295540551181102
21
2.5977896850393698
0
LINE
8
BLACK
6
CONTINUOUS
10
0.8295540551181102
20
2.5977896850393698
11
0.8296599212598424
21
2.5977972440944881
0
LINE
8
BLACK
6
CONTINUOUS
10
0.8296599212598424
20
2.5977972440944881
11
0.8297579133858267
21
2.5978377952755904
0
LINE
8
BLACK
6
CONTINUOUS
10
0.8297579133858267
20
2.5978377952755904
11
0.8303339763779527
21
2.5978945275590553
0
LINE
8
BLACK
6
CONTINUOUS
10
0.8303339763779527
20
2.5978945275590553
11
0.8378330314960629
21
2.5978945275590553
0
LINE
8
BLACK
6
CONTINUOUS
10
0.8378330314960629
20
2.5978945275590553
11
0.838409094488189
21
2.5978377952755904
0
LINE
8
BLACK
6
CONTINUOUS
10
0.8404876771653543
20
2.5808452755905513
11
0.8403818503937007
21
2.5808377952755905
0
LINE
8
BLACK
6
CONTINUOUS
10
0.8403818503937007
20
2.5808377952755905
11
0.8402838582677166
21
2.5807971653543307
0
LINE
8
BLACK
6
CONTINUOUS
10
0.8402838582677166
20
2.5807971653543307
11
0.8397077952755906
21
2.5807404330708659
0
LINE
8
BLACK
6
CONTINUOUS
10
0.8397077952755906
20
2.5807404330708659
11
0.8310310236220472
21
2.5807404330708659
0
LINE
8
BLACK
6
CONTINUOUS
10
0.8310310236220472
20
2.5807404330708659
11
0.8287852755905512
21
2.5796175984251968
0
LINE
8
BLACK
6
CONTINUOUS
10
0.8287852755905512
20
2.5796175984251968
11
0.8276624409448818
21
2.5773718503937006
0
LINE
8
BLACK
6
CONTINUOUS
10
0.8276624409448818
20
2.5773718503937006
11
0.8276624409448818
21
2.5750164173228347
0
LINE
8
BLACK
6
CONTINUOUS
10
0.8276624409448818
20
2.5750164173228347
11
0.8287852755905512
21
2.5727706692913386
0
LINE
8
BLACK
6
CONTINUOUS
10
0.8287852755905512
20
2.5727706692913386
11
0.8310310236220472
21
2.5716477952755903
0
LINE
8
BLACK
6
CONTINUOUS
10
0.8310310236220472
20
2.5716477952755903
11
0.839010748031496
21
2.5716477952755903
0
LINE
8
BLACK
6
CONTINUOUS
10
0.839010748031496
20
2.5716477952755903
11
0.8405045669291339
21
2.5723947244094489
0
LINE
8
BLACK
6
CONTINUOUS
10
0.8405045669291339
20
2.5723947244094489
11
0.8405045669291339
21
2.5808517716535433
0
LINE
8
BLACK
6
CONTINUOUS
10
0.8405045669291339
20
2.5808517716535433
11
0.8404876771653543
21
2.5808452755905513
0
LINE
8
BLACK
6
CONTINUOUS
10
0.8638454724409449
20
2.6105202362204722
11
0.8646601181102362
21
2.6097055905511812
0
LINE
8
BLACK
6
CONTINUOUS
10
0.8646601181102362
20
2.6097055905511812
11
0.8651010236220472
21
2.608641181102362
0
LINE
8
BLACK
6
CONTINUOUS
10
0.8651010236220472
20
2.608641181102362
11
0.8651577559055118
21
2.6080651181102361
0
LINE
8
BLACK
6
CONTINUOUS
10
0.8651577559055118
20
2.6080651181102361
11
0.8651577559055118
21
2.5750164173228347
0
LINE
8
BLACK
6
CONTINUOUS
10
0.8651577559055118
20
2.5750164173228347
11
0.8662805905511811
21
2.5727706692913386
0
LINE
8
BLACK
6
CONTINUOUS
10
0.8662805905511811
20
2.5727706692913386
11
0.8691498031496063
21
2.5713360629921258
0
LINE
8
BLACK
6
CONTINUOUS
10
0.8691498031496063
20
2.5713360629921258
11
0.8696396850393701
21
2.5710277165354332
0
LINE
8
BLACK
6
CONTINUOUS
10
0.8696396850393701
20
2.5710277165354332
11
0.8703945275590551
21
2.5701573228346457
0
LINE
8
BLACK
6
CONTINUOUS
10
0.8703945275590551
20
2.5701573228346457
11
0.8707588582677165
21
2.5690643700787401
0
LINE
8
BLACK
6
CONTINUOUS
10
0.8707588582677165
20
2.5690643700787401
11
0.8706772047244095
21
2.5679151574803147
0
LINE
8
BLACK
6
CONTINUOUS
10
0.8706772047244095
20
2.5679151574803147
11
0.8701619291338583
21
2.5668846456692913
0
LINE
8
BLACK
6
CONTINUOUS
10
0.8701619291338583
20
2.5668846456692913
11
0.8692915748031496
21
2.566129803149606
0
LINE
8
BLACK
6
CONTINUOUS
10
0.8692915748031496
20
2.566129803149606
11
0.8681985826771653
21
2.5657654724409449
0
LINE
8
BLACK
6
CONTINUOUS
10
0.8681985826771653
20
2.5657654724409449
11
0.8670493700787402
21
2.5658471259842521
0
LINE
8
BLACK
6
CONTINUOUS
10
0.8670493700787402
20
2.5658471259842521
11
0.866508779527559
21
2.5660540157480316
0
LINE
8
BLACK
6
CONTINUOUS
10
0.866508779527559
20
2.5660540157480316
11
0.8627592519685039
21
2.5679287795275592
0
LINE
8
BLACK
6
CONTINUOUS
10
0.8627592519685039
20
2.5679287795275592
11
0.862662874015748
21
2.5679894488188975
0
LINE
8
BLACK
6
CONTINUOUS
10
0.862662874015748
20
2.5679894488188975
11
0.8626174803149607
21
2.5680045669291336
0
LINE
8
BLACK
6
CONTINUOUS
10
0.8626174803149607
20
2.5680045669291336
11
0.862560905511811
21
2.5680536220472439
0
LINE
8
BLACK
6
CONTINUOUS
10
0.862560905511811
20
2.5680536220472439
11
0.8622693700787402
21
2.5682371259842518
0
LINE
8
BLACK
6
CONTINUOUS
10
0.8622693700787402
20
2.5682371259842518
11
0.8620266929133859
21
2.5685169685039368
0
LINE
8
BLACK
6
CONTINUOUS
10
0.8620266929133859
20
2.5685169685039368
11
0.8617470866141732
21
2.5687594488188976
0
LINE
8
BLACK
6
CONTINUOUS
10
0.8617470866141732
20
2.5687594488188976
11
0.8615635826771654
21
2.5690509448818899
0
LINE
8
BLACK
6
CONTINUOUS
10
0.8615635826771654
20
2.5690509448818899
11
0.8615145275590551
21
2.5691075196850393
0
LINE
8
BLACK
6
CONTINUOUS
10
0.8615145275590551
20
2.5691075196850393
11
0.8614993700787401
21
2.5691529921259844
0
LINE
8
BLACK
6
CONTINUOUS
10
0.8614993700787401
20
2.5691529921259844
11
0.8614387401574803
21
2.5692492913385827
0
LINE
8
BLACK
6
CONTINUOUS
10
0.8614387401574803
20
2.5692492913385827
11
0.8595639763779528
21
2.5729988582677166
0
LINE
8
BLACK
6
CONTINUOUS
10
0.8595639763779528
20
2.5729988582677166
11
0.8593570866141732
21
2.5735394881889762
0
LINE
8
BLACK
6
CONTINUOUS
10
0.8593570866141732
20
2.5735394881889762
11
0.8593495669291339
21
2.57364531496063
0
LINE
8
BLACK
6
CONTINUOUS
10
0.8593495669291339
20
2.57364531496063
11
0.8593089763779528
21
2.5737433070866143
0
LINE
8
BLACK
6
CONTINUOUS
10
0.8593089763779528
20
2.5737433070866143
11
0.8592522440944882
21
2.5743193700787401
0
LINE
8
BLACK
6
CONTINUOUS
10
0.8592522440944882
20
2.5743193700787401
11
0.8592522440944882
21
2.6080651181102361
0
LINE
8
BLACK
6
CONTINUOUS
10
0.8592522440944882
20
2.6080651181102361
11
0.8593089763779528
21
2.608641181102362
0
LINE
8
BLACK
6
CONTINUOUS
10
0.8593089763779528
20
2.608641181102362
11
0.8597498818897638
21
2.6097055905511812
0
LINE
8
BLACK
6
CONTINUOUS
10
0.8597498818897638
20
2.6097055905511812
11
0.8605645275590551
21
2.6105202362204722
0
LINE
8
BLACK
6
CONTINUOUS
10
0.8605645275590551
20
2.6105202362204722
11
0.861628937007874
21
2.6109611417322833
0
LINE
8
BLACK
6
CONTINUOUS
10
0.861628937007874
20
2.6109611417322833
11
0.862781062992126
21
2.6109611417322833
0
LINE
8
BLACK
6
CONTINUOUS
10
0.862781062992126
20
2.6109611417322833
11
0.8638454724409449
21
2.6105202362204722
0
LINE
8
BLACK
6
CONTINUOUS
10
0.6696801968503937
20
2.6109611417322833
11
0.6707446062992126
21
2.6105202362204722
0
LINE
8
BLACK
6
CONTINUOUS
10
0.6707446062992126
20
2.6105202362204722
11
0.671559251968504
21
2.6097055905511812
0
LINE
8
BLACK
6
CONTINUOUS
10
0.671559251968504
20
2.6097055905511812
11
0.6720001574803149
21
2.608641181102362
0
LINE
8
BLACK
6
CONTINUOUS
10
0.6720001574803149
20
2.608641181102362
11
0.6720001574803149
21
2.6074890551181102
0
LINE
8
BLACK
6
CONTINUOUS
10
0.6720001574803149
20
2.6074890551181102
11
0.671559251968504
21
2.6064246456692914
0
LINE
8
BLACK
6
CONTINUOUS
10
0.671559251968504
20
2.6064246456692914
11
0.6707446062992126
21
2.60561
0
LINE
8
BLACK
6
CONTINUOUS
10
0.6707446062992126
20
2.60561
11
0.6696801968503937
21
2.6051690944881889
0
LINE
8
BLACK
6
CONTINUOUS
10
0.6696801968503937
20
2.6051690944881889
11
0.6691041338582677
21
2.6051123622047245
0
LINE
8
BLACK
6
CONTINUOUS
10
0.6691041338582677
20
2.6051123622047245
11
0.6533092519685039
21
2.6051123622047245
0
LINE
8
BLACK
6
CONTINUOUS
10
0.6533092519685039
20
2.6051123622047245
11
0.6533092519685039
21
2.5922702362204726
0
LINE
8
BLACK
6
CONTINUOUS
10
0.6533092519685039
20
2.5922702362204726
11
0.6634798425196851
21
2.5922702362204726
0
LINE
8
BLACK
6
CONTINUOUS
10
0.6634798425196851
20
2.5922702362204726
11
0.664055905511811
21
2.5922135039370078
0
LINE
8
BLACK
6
CONTINUOUS
10
0.664055905511811
20
2.5922135039370078
11
0.66512031496063
21
2.5917725984251967
0
LINE
8
BLACK
6
CONTINUOUS
10
0.66512031496063
20
2.5917725984251967
11
0.6659349606299212
21
2.5909579527559052
0
LINE
8
BLACK
6
CONTINUOUS
10
0.6659349606299212
20
2.5909579527559052
11
0.6663758661417323
21
2.5898935433070864
0
LINE
8
BLACK
6
CONTINUOUS
10
0.6663758661417323
20
2.5898935433070864
11
0.6663758661417323
21
2.5887414173228347
0
LINE
8
BLACK
6
CONTINUOUS
10
0.6663758661417323
20
2.5887414173228347
11
0.6659349606299212
21
2.5876770078740159
0
LINE
8
BLACK
6
CONTINUOUS
10
0.6659349606299212
20
2.5876770078740159
11
0.66512031496063
21
2.5868623622047244
0
LINE
8
BLACK
6
CONTINUOUS
10
0.66512031496063
20
2.5868623622047244
11
0.664055905511811
21
2.5864214566929133
0
LINE
8
BLACK
6
CONTINUOUS
10
0.664055905511811
20
2.5864214566929133
11
0.6634798425196851
21
2.586364724409449
0
LINE
8
BLACK
6
CONTINUOUS
10
0.6634798425196851
20
2.586364724409449
11
0.6533092519685039
21
2.586364724409449
0
LINE
8
BLACK
6
CONTINUOUS
10
0.6533092519685039
20
2.586364724409449
11
0.6533092519685039
21
2.5686950393700787
0
LINE
8
BLACK
6
CONTINUOUS
10
0.6533092519685039
20
2.5686950393700787
11
0.6532525196850394
21
2.5681189763779528
0
LINE
8
BLACK
6
CONTINUOUS
10
0.6532525196850394
20
2.5681189763779528
11
0.6528116141732283
21
2.5670545669291336
0
LINE
8
BLACK
6
CONTINUOUS
10
0.6528116141732283
20
2.5670545669291336
11
0.651996968503937
21
2.5662399212598426
0
LINE
8
BLACK
6
CONTINUOUS
10
0.651996968503937
20
2.5662399212598426
11
0.650932559055118
21
2.5657990157480315
0
LINE
8
BLACK
6
CONTINUOUS
10
0.650932559055118
20
2.5657990157480315
11
0.6497804330708661
21
2.5657990157480315
0
LINE
8
BLACK
6
CONTINUOUS
10
0.6497804330708661
20
2.5657990157480315
11
0.6487160236220473
21
2.5662399212598426
0
LINE
8
BLACK
6
CONTINUOUS
10
0.6487160236220473
20
2.5662399212598426
11
0.6479013779527559
21
2.5670545669291336
0
LINE
8
BLACK
6
CONTINUOUS
10
0.6479013779527559
20
2.5670545669291336
11
0.6474604724409448
21
2.5681189763779528
0
LINE
8
BLACK
6
CONTINUOUS
10
0.6474604724409448
20
2.5681189763779528
11
0.6474037401574803
21
2.5686950393700787
0
LINE
8
BLACK
6
CONTINUOUS
10
0.6474037401574803
20
2.5686950393700787
11
0.6474037401574803
21
2.6080651181102361
0
LINE
8
BLACK
6
CONTINUOUS
10
0.6474037401574803
20
2.6080651181102361
11
0.6474604724409448
21
2.608641181102362
0
LINE
8
BLACK
6
CONTINUOUS
10
0.6474604724409448
20
2.608641181102362
11
0.6479013779527559
21
2.6097055905511812
0
LINE
8
BLACK
6
CONTINUOUS
10
0.6479013779527559
20
2.6097055905511812
11
0.6487160236220473
21
2.6105202362204722
0
LINE
8
BLACK
6
CONTINUOUS
10
0.6487160236220473
20
2.6105202362204722
11
0.6497804330708661
21
2.6109611417322833
0
LINE
8
BLACK
6
CONTINUOUS
10
0.6497804330708661
20
2.6109611417322833
11
0.6503564960629921
21
2.6110178740157481
0
LINE
8
BLACK
6
CONTINUOUS
10
0.6503564960629921
20
2.6110178740157481
11
0.6691041338582677
21
2.6110178740157481
0
LINE
8
BLACK
6
CONTINUOUS
10
0.6691041338582677
20
2.6110178740157481
11
0.6696801968503937
21
2.6109611417322833
0
LINE
8
BLACK
6
CONTINUOUS
10
0.6857427559055118
20
2.5973968897637794
11
0.6865574015748032
21
2.5965822440944883
0
LINE
8
BLACK
6
CONTINUOUS
10
0.6865574015748032
20
2.5965822440944883
11
0.6869983070866141
21
2.5955178346456691
0
LINE
8
BLACK
6
CONTINUOUS
10
0.6869983070866141
20
2.5955178346456691
11
0.6870550393700787
21
2.5949417716535432
0
LINE
8
BLACK
6
CONTINUOUS
10
0.6870550393700787
20
2.5949417716535432
11
0.6870550393700787
21
2.5686950393700787
0
LINE
8
BLACK
6
CONTINUOUS
10
0.6870550393700787
20
2.5686950393700787
11
0.6869983070866141
21
2.5681189763779528
0
LINE
8
BLACK
6
CONTINUOUS
10
0.6869983070866141
20
2.5681189763779528
11
0.6865574015748032
21
2.5670545669291336
0
LINE
8
BLACK
6
CONTINUOUS
10
0.6865574015748032
20
2.5670545669291336
11
0.6857427559055118
21
2.5662399212598426
0
LINE
8
BLACK
6
CONTINUOUS
10
0.6857427559055118
20
2.5662399212598426
11
0.6846783464566929
21
2.5657990157480315
0
LINE
8
BLACK
6
CONTINUOUS
10
0.6846783464566929
20
2.5657990157480315
11
0.6835262204724409
21
2.5657990157480315
0
LINE
8
BLACK
6
CONTINUOUS
10
0.6835262204724409
20
2.5657990157480315
11
0.682461811023622
21
2.5662399212598426
0
LINE
8
BLACK
6
CONTINUOUS
10
0.682461811023622
20
2.5662399212598426
11
0.6816471653543307
21
2.5670545669291336
0
LINE
8
BLACK
6
CONTINUOUS
10
0.6816471653543307
20
2.5670545669291336
11
0.6812062598425197
21
2.5681189763779528
0
LINE
8
BLACK
6
CONTINUOUS
10
0.6812062598425197
20
2.5681189763779528
11
0.6811495275590551
21
2.5686950393700787
0
LINE
8
BLACK
6
CONTINUOUS
10
0.6811495275590551
20
2.5686950393700787
11
0.6811495275590551
21
2.5949417716535432
0
LINE
8
BLACK
6
CONTINUOUS
10
0.6811495275590551
20
2.5949417716535432
11
0.6812062598425197
21
2.5955178346456691
0
LINE
8
BLACK
6
CONTINUOUS
10
0.6812062598425197
20
2.5955178346456691
11
0.6816471653543307
21
2.5965822440944883
0
LINE
8
BLACK
6
CONTINUOUS
10
0.6816471653543307
20
2.5965822440944883
11
0.682461811023622
21
2.5973968897637794
0
LINE
8
BLACK
6
CONTINUOUS
10
0.682461811023622
20
2.5973968897637794
11
0.6835262204724409
21
2.5978377952755904
0
LINE
8
BLACK
6
CONTINUOUS
10
0.6835262204724409
20
2.5978377952755904
11
0.6846783464566929
21
2.5978377952755904
0
LINE
8
BLACK
6
CONTINUOUS
10
0.6846783464566929
20
2.5978377952755904
11
0.6857427559055118
21
2.5973968897637794
0
LINE
8
BLACK
6
CONTINUOUS
10
0.8094772834645669
20
2.5973968897637794
11
0.8102919291338583
21
2.5965822440944883
0
LINE
8
BLACK
6
CONTINUOUS
10
0.8102919291338583
20
2.5965822440944883
11
0.8107328346456693
21
2.5955178346456691
0
LINE
8
BLACK
6
CONTINUOUS
10
0.8107328346456693
20
2.5955178346456691
11
0.8107895669291338
21
2.5949417716535432
0
LINE
8
BLACK
6
CONTINUOUS
10
0.8107895669291338
20
2.5949417716535432
11
0.8107895669291338
21
2.5686950393700787
0
LINE
8
BLACK
6
CONTINUOUS
10
0.8107895669291338
20
2.5686950393700787
11
0.8107328346456693
21
2.5681189763779528
0
LINE
8
BLACK
6
CONTINUOUS
10
0.8107328346456693
20
2.5681189763779528
11
0.8102919291338583
21
2.5670545669291336
0
LINE
8
BLACK
6
CONTINUOUS
10
0.8102919291338583
20
2.5670545669291336
11
0.8094772834645669
21
2.5662399212598426
0
LINE
8
BLACK
6
CONTINUOUS
10
0.8094772834645669
20
2.5662399212598426
11
0.808412874015748
21
2.5657990157480315
0
LINE
8
BLACK
6
CONTINUOUS
10
0.808412874015748
20
2.5657990157480315
11
0.8072607480314961
21
2.5657990157480315
0
LINE
8
BLACK
6
CONTINUOUS
10
0.8072607480314961
20
2.5657990157480315
11
0.8061963385826771
21
2.5662399212598426
0
LINE
8
BLACK
6
CONTINUOUS
10
0.8061963385826771
20
2.5662399212598426
11
0.8053816929133858
21
2.5670545669291336
0
LINE
8
BLACK
6
CONTINUOUS
10
0.8053816929133858
20
2.5670545669291336
11
0.8049407874015748
21
2.5681189763779528
0
LINE
8
BLACK
6
CONTINUOUS
10
0.8049407874015748
20
2.5681189763779528
11
0.8048840551181102
21
2.5686950393700787
0
LINE
8
BLACK
6
CONTINUOUS
10
0.8048840551181102
20
2.5686950393700787
11
0.8048840551181102
21
2.5949417716535432
0
LINE
8
BLACK
6
CONTINUOUS
10
0.8048840551181102
20
2.5949417716535432
11
0.8049407874015748
21
2.5955178346456691
0
LINE
8
BLACK
6
CONTINUOUS
10
0.8049407874015748
20
2.5955178346456691
11
0.8053816929133858
21
2.5965822440944883
0
LINE
8
BLACK
6
CONTINUOUS
10
0.8053816929133858
20
2.5965822440944883
11
0.8061963385826771
21
2.5973968897637794
0
LINE
8
BLACK
6
CONTINUOUS
10
0.8061963385826771
20
2.5973968897637794
11
0.8072607480314961
21
2.5978377952755904
0
LINE
8
BLACK
6
CONTINUOUS
10
0.8072607480314961
20
2.5978377952755904
11
0.808412874015748
21
2.5978377952755904
0
LINE
8
BLACK
6
CONTINUOUS
10
0.808412874015748
20
2.5978377952755904
11
0.8094772834645669
21
2.5973968897637794
0
LINE
8
BLACK
6
CONTINUOUS
10
0.6857427559055118
20
2.6105202362204722
11
0.6861901968503937
21
2.610153031496063
0
LINE
8
BLACK
6
CONTINUOUS
10
0.6861901968503937
20
2.610153031496063
11
0.6880649606299213
21
2.6082782677165355
0
LINE
8
BLACK
6
CONTINUOUS
10
0.6880649606299213
20
2.6082782677165355
11
0.6884321653543307
21
2.6078308267716537
0
LINE
8
BLACK
6
CONTINUOUS
10
0.6884321653543307
20
2.6078308267716537
11
0.6885737401574803
21
2.6074890551181102
0
LINE
8
BLACK
6
CONTINUOUS
10
0.6885737401574803
20
2.6074890551181102
11
0.6888730708661417
21
2.6067663779527557
0
LINE
8
BLACK
6
CONTINUOUS
10
0.6888730708661417
20
2.6067663779527557
11
0.6888730708661417
21
2.6056142913385827
0
LINE
8
BLACK
6
CONTINUOUS
10
0.6888730708661417
20
2.6056142913385827
11
0.6884321653543307
21
2.6045498818897639
0
LINE
8
BLACK
6
CONTINUOUS
10
0.6884321653543307
20
2.6045498818897639
11
0.6880649606299213
21
2.6041024409448816
0
LINE
8
BLACK
6
CONTINUOUS
10
0.6880649606299213
20
2.6041024409448816
11
0.6861901968503937
21
2.6022276771653541
0
LINE
8
BLACK
6
CONTINUOUS
10
0.6861901968503937
20
2.6022276771653541
11
0.6857427559055118
21
2.6018604724409449
0
LINE
8
BLACK
6
CONTINUOUS
10
0.6857427559055118
20
2.6018604724409449
11
0.6846783464566929
21
2.6014195669291338
0
LINE
8
BLACK
6
CONTINUOUS
10
0.6846783464566929
20
2.6014195669291338
11
0.6846783070866141
21
2.6014195669291338
0
LINE
8
BLACK
6
CONTINUOUS
10
0.6846783070866141
20
2.6014195669291338
11
0.6835262598425197
21
2.6014195669291338
0
LINE
8
BLACK
6
CONTINUOUS
10
0.6835262598425197
20
2.6014195669291338
11
0.6835262204724409
21
2.6014195669291338
0
LINE
8
BLACK
6
CONTINUOUS
10
0.6835262204724409
20
2.6014195669291338
11
0.682461811023622
21
2.6018604724409449
0
LINE
8
BLACK
6
CONTINUOUS
10
0.682461811023622
20
2.6018604724409449
11
0.6820143700787401
21
2.6022276771653541
0
LINE
8
BLACK
6
CONTINUOUS
10
0.6820143700787401
20
2.6022276771653541
11
0.6801396062992126
21
2.6041024409448816
0
LINE
8
BLACK
6
CONTINUOUS
10
0.6801396062992126
20
2.6041024409448816
11
0.6797724015748031
21
2.6045498818897639
0
LINE
8
BLACK
6
CONTINUOUS
10
0.6797724015748031
20
2.6045498818897639
11
0.6793314960629921
21
2.6056143307086614
0
LINE
8
BLACK
6
CONTINUOUS
10
0.6793314960629921
20
2.6056143307086614
11
0.6793314960629921
21
2.6067663779527557
0
LINE
8
BLACK
6
CONTINUOUS
10
0.6793314960629921
20
2.6067663779527557
11
0.6797724015748031
21
2.6078308267716537
0
LINE
8
BLACK
6
CONTINUOUS
10
0.6797724015748031
20
2.6078308267716537
11
0.6801396062992126
21
2.6082782677165355
0
LINE
8
BLACK
6
CONTINUOUS
10
0.6801396062992126
20
2.6082782677165355
11
0.6820143700787401
21
2.610153031496063
0
LINE
8
BLACK
6
CONTINUOUS
10
0.6820143700787401
20
2.610153031496063
11
0.682461811023622
21
2.6105202362204722
0
LINE
8
BLACK
6
CONTINUOUS
10
0.682461811023622
20
2.6105202362204722
11
0.6835262204724409
21
2.6109611417322833
0
LINE
8
BLACK
6
CONTINUOUS
10
0.6835262204724409
20
2.6109611417322833
11
0.6846783070866141
21
2.6109611417322833
0
LINE
8
BLACK
6
CONTINUOUS
10
0.6846783070866141
20
2.6109611417322833
11
0.6846783464566929
21
2.6109611417322833
0
LINE
8
BLACK
6
CONTINUOUS
10
0.6846783464566929
20
2.6109611417322833
11
0.6857427559055118
21
2.6105202362204722
0
LINE
8
BLACK
6
CONTINUOUS
10
0.8094772834645669
20
2.6105202362204722
11
0.8099247244094488
21
2.610153031496063
0
LINE
8
BLACK
6
CONTINUOUS
10
0.8099247244094488
20
2.610153031496063
11
0.8117994881889764
21
2.6082782677165355
0
LINE
8
BLACK
6
CONTINUOUS
10
0.8117994881889764
20
2.6082782677165355
11
0.8121666929133858
21
2.6078308267716537
0
LINE
8
BLACK
6
CONTINUOUS
10
0.8121666929133858
20
2.6078308267716537
11
0.8123082677165354
21
2.6074890551181102
0
LINE
8
BLACK
6
CONTINUOUS
10
0.8123082677165354
20
2.6074890551181102
11
0.8126075984251968
21
2.6067663779527557
0
LINE
8
BLACK
6
CONTINUOUS
10
0.8126075984251968
20
2.6067663779527557
11
0.8126075984251968
21
2.6056142913385827
0
LINE
8
BLACK
6
CONTINUOUS
10
0.8126075984251968
20
2.6056142913385827
11
0.8121666929133858
21
2.6045498818897639
0
LINE
8
BLACK
6
CONTINUOUS
10
0.8121666929133858
20
2.6045498818897639
11
0.8117994881889764
21
2.6041024409448816
0
LINE
8
BLACK
6
CONTINUOUS
10
0.8117994881889764
20
2.6041024409448816
11
0.8099247244094488
21
2.6022276771653541
0
LINE
8
BLACK
6
CONTINUOUS
10
0.8099247244094488
20
2.6022276771653541
11
0.8094772834645669
21
2.6018604724409449
0
LINE
8
BLACK
6
CONTINUOUS
10
0.8094772834645669
20
2.6018604724409449
11
0.808412874015748
21
2.6014195669291338
0
LINE
8
BLACK
6
CONTINUOUS
10
0.808412874015748
20
2.6014195669291338
11
0.8084128346456693
21
2.6014195669291338
0
LINE
8
BLACK
6
CONTINUOUS
10
0.8084128346456693
20
2.6014195669291338
11
0.8072607874015748
21
2.6014195669291338
0
LINE
8
BLACK
6
CONTINUOUS
10
0.8072607874015748
20
2.6014195669291338
11
0.8072607480314961
21
2.6014195669291338
0
LINE
8
BLACK
6
CONTINUOUS
10
0.8072607480314961
20
2.6014195669291338
11
0.8061963385826771
21
2.6018604724409449
0
LINE
8
BLACK
6
CONTINUOUS
10
0.8061963385826771
20
2.6018604724409449
11
0.8057488976377952
21
2.6022276771653541
0
LINE
8
BLACK
6
CONTINUOUS
10
0.8057488976377952
20
2.6022276771653541
11
0.8038741338582677
21
2.6041024409448816
0
LINE
8
BLACK
6
CONTINUOUS
10
0.8038741338582677
20
2.6041024409448816
11
0.8035069291338582
21
2.6045498818897639
0
LINE
8
BLACK
6
CONTINUOUS
10
0.8035069291338582
20
2.6045498818897639
11
0.8030660236220473
21
2.6056143307086614
0
LINE
8
BLACK
6
CONTINUOUS
10
0.8030660236220473
20
2.6056143307086614
11
0.8030660236220473
21
2.6067663779527557
0
LINE
8
BLACK
6
CONTINUOUS
10
0.8030660236220473
20
2.6067663779527557
11
0.8035069291338582
21
2.6078308267716537
0
LINE
8
BLACK
6
CONTINUOUS
10
0.8035069291338582
20
2.6078308267716537
11
0.8038741338582677
21
2.6082782677165355
0
LINE
8
BLACK
6
CONTINUOUS
10
0.8038741338582677
20
2.6082782677165355
11
0.8057488976377952
21
2.610153031496063
0
LINE
8
BLACK
6
CONTINUOUS
10
0.8057488976377952
20
2.610153031496063
11
0.8061963385826771
21
2.6105202362204722
0
LINE
8
BLACK
6
CONTINUOUS
10
0.8061963385826771
20
2.6105202362204722
11
0.8072607480314961
21
2.6109611417322833
0
LINE
8
BLACK
6
CONTINUOUS
10
0.8072607480314961
20
2.6109611417322833
11
0.8084128346456693
21
2.6109611417322833
0
LINE
8
BLACK
6
CONTINUOUS
10
0.8084128346456693
20
2.6109611417322833
11
0.808412874015748
21
2.6109611417322833
0
LINE
8
BLACK
6
CONTINUOUS
10
0.808412874015748
20
2.6109611417322833
11
0.8094772834645669
21
2.6105202362204722
0
LINE
8
BLACK
6
CONTINUOUS
10
0.7600287007874016
20
2.6750711417322832
11
0.7602163385826771
21
2.6750474803149604
0
LINE
8
BLACK
6
CONTINUOUS
10
0.7602163385826771
20
2.6750474803149604
11
0.7624660629921259
21
2.6742975590551179
0
LINE
8
BLACK
6
CONTINUOUS
10
0.7624660629921259
20
2.6742975590551179
11
0.7625174409448818
21
2.6742682677165353
0
LINE
8
BLACK
6
CONTINUOUS
10
0.7625174409448818
20
2.6742682677165353
11
0.7625445275590551
21
2.6742682677165353
0
LINE
8
BLACK
6
CONTINUOUS
10
0.7625445275590551
20
2.6742682677165353
11
0.7627019291338583
21
2.6741631102362202
0
LINE
8
BLACK
6
CONTINUOUS
10
0.7627019291338583
20
2.6741631102362202
11
0.7628664173228347
21
2.6740693307086612
0
LINE
8
BLACK
6
CONTINUOUS
10
0.7628664173228347
20
2.6740693307086612
11
0.7628785039370078
21
2.6740451181102363
0
LINE
8
BLACK
6
CONTINUOUS
10
0.7628785039370078
20
2.6740451181102363
11
0.762927716535433
21
2.674012244094488
0
LINE
8
BLACK
6
CONTINUOUS
10
0.762927716535433
20
2.674012244094488
11
0.7644275196850393
21
2.6725124803149605
0
LINE
8
BLACK
6
CONTINUOUS
10
0.7644275196850393
20
2.6725124803149605
11
0.7645326377952756
21
2.6723551181102363
0
LINE
8
BLACK
6
CONTINUOUS
10
0.7645326377952756
20
2.6723551181102363
11
0.7646487795275591
21
2.672205472440945
0
LINE
8
BLACK
6
CONTINUOUS
10
0.7646487795275591
20
2.672205472440945
11
0.7653986614173228
21
2.6707056692913387
0
LINE
8
BLACK
6
CONTINUOUS
10
0.7653986614173228
20
2.6707056692913387
11
0.7654327952755905
21
2.670580905511811
0
LINE
8
BLACK
6
CONTINUOUS
10
0.7654327952755905
20
2.670580905511811
11
0.7654880708661417
21
2.6704639370078738
0
LINE
8
BLACK
6
CONTINUOUS
10
0.7654880708661417
20
2.6704639370078738
11
0.7662379921259842
21
2.6674642913385824
0
LINE
8
BLACK
6
CONTINUOUS
10
0.7662379921259842
20
2.6674642913385824
11
0.766245
21
2.6673198425196851
0
LINE
8
BLACK
6
CONTINUOUS
10
0.766245
20
2.6673198425196851
11
0.7662732677165354
21
2.6671778346456692
0
LINE
8
BLACK
6
CONTINUOUS
10
0.7662732677165354
20
2.6671778346456692
11
0.7662732677165354
21
2.6649281102362203
0
LINE
8
BLACK
6
CONTINUOUS
10
0.7662732677165354
20
2.6649281102362203
11
0.766245
21
2.6647861417322836
0
LINE
8
BLACK
6
CONTINUOUS
10
0.766245
20
2.6647861417322836
11
0.7662379921259842
21
2.6646416535433071
0
LINE
8
BLACK
6
CONTINUOUS
10
0.7662379921259842
20
2.6646416535433071
11
0.7654880708661417
21
2.6616420472440945
0
LINE
8
BLACK
6
CONTINUOUS
10
0.7654880708661417
20
2.6616420472440945
11
0.7654327952755905
21
2.661525118110236
0
LINE
8
BLACK
6
CONTINUOUS
10
0.7654327952755905
20
2.661525118110236
11
0.7653986614173228
21
2.66140031496063
0
LINE
8
BLACK
6
CONTINUOUS
10
0.7653986614173228
20
2.66140031496063
11
0.7646487795275591
21
2.6599005118110237
0
LINE
8
BLACK
6
CONTINUOUS
10
0.7646487795275591
20
2.6599005118110237
11
0.7645325196850393
21
2.6597507874015749
0
LINE
8
BLACK
6
CONTINUOUS
10
0.7645325196850393
20
2.6597507874015749
11
0.7644275196850393
21
2.6595935433070865
0
LINE
8
BLACK
6
CONTINUOUS
10
0.7644275196850393
20
2.6595935433070865
11
0.762927716535433
21
2.6580937007874015
0
LINE
8
BLACK
6
CONTINUOUS
10
0.762927716535433
20
2.6580937007874015
11
0.7628785039370078
21
2.6580608661417324
0
LINE
8
BLACK
6
CONTINUOUS
10
0.7628785039370078
20
2.6580608661417324
11
0.7628664173228347
21
2.6580366141732283
0
LINE
8
BLACK
6
CONTINUOUS
10
0.7628664173228347
20
2.6580366141732283
11
0.7627017716535432
21
2.6579427559055118
0
LINE
8
BLACK
6
CONTINUOUS
10
0.7627017716535432
20
2.6579427559055118
11
0.7625445275590551
21
2.6578376771653542
0
LINE
8
BLACK
6
CONTINUOUS
10
0.7625445275590551
20
2.6578376771653542
11
0.7625174803149606
21
2.6578376771653542
0
LINE
8
BLACK
6
CONTINUOUS
10
0.7625174803149606
20
2.6578376771653542
11
0.7624660629921259
21
2.6578083464566928
0
LINE
8
BLACK
6
CONTINUOUS
10
0.7624660629921259
20
2.6578083464566928
11
0.7602163385826771
21
2.6570584645669291
0
LINE
8
BLACK
6
CONTINUOUS
10
0.7602163385826771
20
2.6570584645669291
11
0.7600284251968503
21
2.6570348031496063
0
LINE
8
BLACK
6
CONTINUOUS
10
0.7600284251968503
20
2.6570348031496063
11
0.7598428346456693
21
2.6569978740157478
0
LINE
8
BLACK
6
CONTINUOUS
10
0.7598428346456693
20
2.6569978740157478
11
0.7560933070866142
21
2.6569978740157478
0
LINE
8
BLACK
6
CONTINUOUS
10
0.7560933070866142
20
2.6569978740157478
11
0.7556412992125984
21
2.6570877952755905
0
LINE
8
BLACK
6
CONTINUOUS
10
0.7556412992125984
20
2.6570877952755905
11
0.755002125984252
21
2.6577269685039369
0
LINE
8
BLACK
6
CONTINUOUS
10
0.755002125984252
20
2.6577269685039369
11
0.7549122047244095
21
2.6581789763779526
0
LINE
8
BLACK
6
CONTINUOUS
10
0.7549122047244095
20
2.6581789763779526
11
0.7549122047244095
21
2.6739270078740156
0
LINE
8
BLACK
6
CONTINUOUS
10
0.7549122047244095
20
2.6739270078740156
11
0.755002125984252
21
2.6743790157480314
0
LINE
8
BLACK
6
CONTINUOUS
10
0.755002125984252
20
2.6743790157480314
11
0.7556412992125984
21
2.6750181889763778
0
LINE
8
BLACK
6
CONTINUOUS
10
0.7556412992125984
20
2.6750181889763778
11
0.7560933070866142
21
2.6751081102362204
0
LINE
8
BLACK
6
CONTINUOUS
10
0.7560933070866142
20
2.6751081102362204
11
0.7598428346456693
21
2.6751081102362204
0
LINE
8
BLACK
6
CONTINUOUS
10
0.7598428346456693
20
2.6751081102362204
11
0.7600287007874016
21
2.6750711417322832
0
LINE
8
BLACK
6
CONTINUOUS
10
0.7572744094488189
20
2.6593600787401575
11
0.7596511023622047
21
2.6593600787401575
0
LINE
8
BLACK
6
CONTINUOUS
10
0.7596511023622047
20
2.6593600787401575
11
0.7614545669291338
21
2.6599612204724408
0
LINE
8
BLACK
6
CONTINUOUS
10
0.7614545669291338
20
2.6599612204724408
11
0.762621653543307
21
2.6611283858267716
0
LINE
8
BLACK
6
CONTINUOUS
10
0.762621653543307
20
2.6611283858267716
11
0.763227874015748
21
2.6623407874015745
0
LINE
8
BLACK
6
CONTINUOUS
10
0.763227874015748
20
2.6623407874015745
11
0.763911062992126
21
2.6650735039370077
0
LINE
8
BLACK
6
CONTINUOUS
10
0.763911062992126
20
2.6650735039370077
11
0.763911062992126
21
2.6670324803149605
0
LINE
8
BLACK
6
CONTINUOUS
10
0.763911062992126
20
2.6670324803149605
11
0.7632278346456692
21
2.6697652362204725
0
LINE
8
BLACK
6
CONTINUOUS
10
0.7632278346456692
20
2.6697652362204725
11
0.762621653543307
21
2.6709776377952754
0
LINE
8
BLACK
6
CONTINUOUS
10
0.762621653543307
20
2.6709776377952754
11
0.7614545275590551
21
2.6721448031496062
0
LINE
8
BLACK
6
CONTINUOUS
10
0.7614545275590551
20
2.6721448031496062
11
0.7596512204724409
21
2.6727459055118108
0
LINE
8
BLACK
6
CONTINUOUS
10
0.7596512204724409
20
2.6727459055118108
11
0.7572744094488189
21
2.6727459055118108
0
LINE
8
BLACK
6
CONTINUOUS
10
0.7572744094488189
20
2.6727459055118108
11
0.7572744094488189
21
2.6593600787401575
0
LINE
8
BLACK
6
CONTINUOUS
10
0.7790424803149606
20
2.6750181889763778
11
0.7796816535433071
21
2.6743790157480314
0
LINE
8
BLACK
6
CONTINUOUS
10
0.7796816535433071
20
2.6743790157480314
11
0.7796816535433071
21
2.6734749999999998
0
LINE
8
BLACK
6
CONTINUOUS
10
0.7796816535433071
20
2.6734749999999998
11
0.7790424803149606
21
2.6728358267716534
0
LINE
8
BLACK
6
CONTINUOUS
10
0.7790424803149606
20
2.6728358267716534
11
0.7785904724409448
21
2.6727459055118108
0
LINE
8
BLACK
6
CONTINUOUS
10
0.7785904724409448
20
2.6727459055118108
11
0.7758697244094488
21
2.6727459055118108
0
LINE
8
BLACK
6
CONTINUOUS
10
0.7758697244094488
20
2.6727459055118108
11
0.7747906692913386
21
2.6722064173228346
0
LINE
8
BLACK
6
CONTINUOUS
10
0.7747906692913386
20
2.6722064173228346
11
0.774258937007874
21
2.6716747244094488
0
LINE
8
BLACK
6
CONTINUOUS
10
0.774258937007874
20
2.6716747244094488
11
0.7729375196850393
21
2.6696925196850394
0
LINE
8
BLACK
6
CONTINUOUS
10
0.7729375196850393
20
2.6696925196850394
11
0.7726457874015747
21
2.6685256692913386
0
LINE
8
BLACK
6
CONTINUOUS
10
0.7726457874015747
20
2.6685256692913386
11
0.7735628346456693
21
2.6689841732283464
0
LINE
8
BLACK
6
CONTINUOUS
10
0.7735628346456693
20
2.6689841732283464
11
0.7736198425196851
21
2.6689998031496063
0
LINE
8
BLACK
6
CONTINUOUS
10
0.7736198425196851
20
2.6689998031496063
11
0.7736390157480315
21
2.6690189370078738
0
LINE
8
BLACK
6
CONTINUOUS
10
0.7736390157480315
20
2.6690189370078738
11
0.7738244881889763
21
2.6690558661417323
0
LINE
8
BLACK
6
CONTINUOUS
10
0.7738244881889763
20
2.6690558661417323
11
0.7740073228346457
21
2.6691059055118109
0
LINE
8
BLACK
6
CONTINUOUS
10
0.7740073228346457
20
2.6691059055118109
11
0.774033031496063
21
2.6690973622047243
0
LINE
8
BLACK
6
CONTINUOUS
10
0.774033031496063
20
2.6690973622047243
11
0.7740910236220472
21
2.6691088582677165
0
LINE
8
BLACK
6
CONTINUOUS
10
0.7740910236220472
20
2.6691088582677165
11
0.7770906692913385
21
2.6691088582677165
0
LINE
8
BLACK
6
CONTINUOUS
10
0.7770906692913385
20
2.6691088582677165
11
0.7771487007874015
21
2.6690973228346455
0
LINE
8
BLACK
6
CONTINUOUS
10
0.7771487007874015
20
2.6690973228346455
11
0.7771743700787401
21
2.6691058661417322
0
LINE
8
BLACK
6
CONTINUOUS
10
0.7771743700787401
20
2.6691058661417322
11
0.7773568897637795
21
2.669055905511811
0
LINE
8
BLACK
6
CONTINUOUS
10
0.7773568897637795
20
2.669055905511811
11
0.7775426771653543
21
2.6690189370078738
0
LINE
8
BLACK
6
CONTINUOUS
10
0.7775426771653543
20
2.6690189370078738
11
0.777561811023622
21
2.6689998031496063
0
LINE
8
BLACK
6
CONTINUOUS
10
0.777561811023622
20
2.6689998031496063
11
0.7776188976377952
21
2.6689841732283464
0
LINE
8
BLACK
6
CONTINUOUS
10
0.7776188976377952
20
2.6689841732283464
11
0.7791187007874015
21
2.6682342519685038
0
LINE
8
BLACK
6
CONTINUOUS
10
0.7791187007874015
20
2.6682342519685038
11
0.7792681496062992
21
2.6681182283464566
0
LINE
8
BLACK
6
CONTINUOUS
10
0.7792681496062992
20
2.6681182283464566
11
0.7794256299212599
21
2.6680130314960628
0
LINE
8
BLACK
6
CONTINUOUS
10
0.7794256299212599
20
2.6680130314960628
11
0.7801755118110236
21
2.6672631496062991
0
LINE
8
BLACK
6
CONTINUOUS
10
0.7801755118110236
20
2.6672631496062991
11
0.7802806692913385
21
2.6671057874015749
0
LINE
8
BLACK
6
CONTINUOUS
10
0.7802806692913385
20
2.6671057874015749
11
0.780396811023622
21
2.6669561417322836
0
LINE
8
BLACK
6
CONTINUOUS
10
0.780396811023622
20
2.6669561417322836
11
0.7811466929133858
21
2.6654562992125985
0
LINE
8
BLACK
6
CONTINUOUS
10
0.7811466929133858
20
2.6654562992125985
11
0.781162283464567
21
2.6653992913385824
0
LINE
8
BLACK
6
CONTINUOUS
10
0.781162283464567
20
2.6653992913385824
11
0.7811814566929134
21
2.6653801181102361
0
LINE
8
BLACK
6
CONTINUOUS
10
0.7811814566929134
20
2.6653801181102361
11
0.7812183858267716
21
2.6651943307086614
0
LINE
8
BLACK
6
CONTINUOUS
10
0.7812183858267716
20
2.6651943307086614
11
0.7812683858267716
21
2.6650118110236218
0
LINE
8
BLACK
6
CONTINUOUS
10
0.7812683858267716
20
2.6650118110236218
11
0.7812598031496063
21
2.6649861811023623
0
LINE
8
BLACK
6
CONTINUOUS
10
0.7812598031496063
20
2.6649861811023623
11
0.7812713779527559
21
2.6649281102362203
0
LINE
8
BLACK
6
CONTINUOUS
10
0.7812713779527559
20
2.6649281102362203
11
0.7812713779527559
21
2.6611785826771652
0
LINE
8
BLACK
6
CONTINUOUS
10
0.7812713779527559
20
2.6611785826771652
11
0.7812598031496063
21
2.6611205511811025
0
LINE
8
BLACK
6
CONTINUOUS
10
0.7812598031496063
20
2.6611205511811025
11
0.7812683858267716
21
2.6610948818897637
0
LINE
8
BLACK
6
CONTINUOUS
10
0.7812683858267716
20
2.6610948818897637
11
0.7812183858267716
21
2.6609124015748029
0
LINE
8
BLACK
6
CONTINUOUS
10
0.7812183858267716
20
2.6609124015748029
11
0.7811814566929134
21
2.6607265748031494
0
LINE
8
BLACK
6
CONTINUOUS
10
0.7811814566929134
20
2.6607265748031494
11
0.781162283464567
21
2.6607074409448819
0
LINE
8
BLACK
6
CONTINUOUS
10
0.781162283464567
20
2.6607074409448819
11
0.7811466929133858
21
2.6606503937007875
0
LINE
8
BLACK
6
CONTINUOUS
10
0.7811466929133858
20
2.6606503937007875
11
0.780396811023622
21
2.6591505905511812
0
LINE
8
BLACK
6
CONTINUOUS
10
0.780396811023622
20
2.6591505905511812
11
0.7802806692913385
21
2.6590009842519686
0
LINE
8
BLACK
6
CONTINUOUS
10
0.7802806692913385
20
2.6590009842519686
11
0.7801755511811024
21
2.658843622047244
0
LINE
8
BLACK
6
CONTINUOUS
10
0.7801755511811024
20
2.658843622047244
11
0.7794256299212599
21
2.6580937007874015
0
LINE
8
BLACK
6
CONTINUOUS
10
0.7794256299212599
20
2.6580937007874015
11
0.7792682677165355
21
2.657988622047244
0
LINE
8
BLACK
6
CONTINUOUS
10
0.7792682677165355
20
2.657988622047244
11
0.7791186614173228
21
2.6578724409448817
0
LINE
8
BLACK
6
CONTINUOUS
10
0.7791186614173228
20
2.6578724409448817
11
0.7776188582677165
21
2.657122559055118
0
LINE
8
BLACK
6
CONTINUOUS
10
0.7776188582677165
20
2.657122559055118
11
0.777561811023622
21
2.6571069685039368
0
LINE
8
BLACK
6
CONTINUOUS
10
0.777561811023622
20
2.6571069685039368
11
0.7775426771653543
21
2.6570877952755905
0
LINE
8
BLACK
6
CONTINUOUS
10
0.7775426771653543
20
2.6570877952755905
11
0.7773568503937007
21
2.657050866141732
0
LINE
8
BLACK
6
CONTINUOUS
10
0.7773568503937007
20
2.657050866141732
11
0.7771743700787401
21
2.6570008661417321
0
LINE
8
BLACK
6
CONTINUOUS
10
0.7771743700787401
20
2.6570008661417321
11
0.7771487007874015
21
2.6570094488188976
0
LINE
8
BLACK
6
CONTINUOUS
10
0.7771487007874015
20
2.6570094488188976
11
0.7770906692913385
21
2.6569978740157478
0
LINE
8
BLACK
6
CONTINUOUS
10
0.7770906692913385
20
2.6569978740157478
11
0.7740910236220472
21
2.6569978740157478
0
LINE
8
BLACK
6
CONTINUOUS
10
0.7740910236220472
20
2.6569978740157478
11
0.7740329527559054
21
2.6570094488188976
0
LINE
8
BLACK
6
CONTINUOUS
10
0.7740329527559054
20
2.6570094488188976
11
0.7740073228346457
21
2.6570008661417321
0
LINE
8
BLACK
6
CONTINUOUS
10
0.7740073228346457
20
2.6570008661417321
11
0.7738248031496063
21
2.657050866141732
0
LINE
8
BLACK
6
CONTINUOUS
10
0.7738248031496063
20
2.657050866141732
11
0.7736390157480315
21
2.6570877952755905
0
LINE
8
BLACK
6
CONTINUOUS
10
0.7736390157480315
20
2.6570877952755905
11
0.7736198425196851
21
2.6571069685039368
0
LINE
8
BLACK
6
CONTINUOUS
10
0.7736198425196851
20
2.6571069685039368
11
0.7735628346456693
21
2.657122559055118
0
LINE
8
BLACK
6
CONTINUOUS
10
0.7735628346456693
20
2.657122559055118
11
0.7720630314960629
21
2.6578724409448817
0
LINE
8
BLACK
6
CONTINUOUS
10
0.7720630314960629
20
2.6578724409448817
11
0.7719132677165355
21
2.6579886614173227
0
LINE
8
BLACK
6
CONTINUOUS
10
0.7719132677165355
20
2.6579886614173227
11
0.7717560236220472
21
2.6580937401574802
0
LINE
8
BLACK
6
CONTINUOUS
10
0.7717560236220472
20
2.6580937401574802
11
0.7710061417322834
21
2.658843622047244
0
LINE
8
BLACK
6
CONTINUOUS
10
0.7710061417322834
20
2.658843622047244
11
0.7709009448818898
21
2.6590011023622049
0
LINE
8
BLACK
6
CONTINUOUS
10
0.7709009448818898
20
2.6590011023622049
11
0.7707849212598425
21
2.6591505511811024
0
LINE
8
BLACK
6
CONTINUOUS
10
0.7707849212598425
20
2.6591505511811024
11
0.770035
21
2.6606503543307087
0
LINE
8
BLACK
6
CONTINUOUS
10
0.770035
20
2.6606503543307087
11
0.7700193700787401
21
2.6607074409448819
0
LINE
8
BLACK
6
CONTINUOUS
10
0.7700193700787401
20
2.6607074409448819
11
0.7700002362204724
21
2.6607265748031494
0
LINE
8
BLACK
6
CONTINUOUS
10
0.7700002362204724
20
2.6607265748031494
11
0.7699632677165354
21
2.6609123622047242
0
LINE
8
BLACK
6
CONTINUOUS
10
0.7699632677165354
20
2.6609123622047242
11
0.7699133070866142
21
2.6610948818897637
0
LINE
8
BLACK
6
CONTINUOUS
10
0.7699133070866142
20
2.6610948818897637
11
0.7699218503937008
21
2.6611205511811025
0
LINE
8
BLACK
6
CONTINUOUS
10
0.7699218503937008
20
2.6611205511811025
11
0.7699103149606299
21
2.6611785826771652
0
LINE
8
BLACK
6
CONTINUOUS
10
0.7699103149606299
20
2.6611785826771652
11
0.7699103149606299
21
2.6671778346456692
0
LINE
8
BLACK
6
CONTINUOUS
10
0.7699103149606299
20
2.6671778346456692
11
0.7699385433070866
21
2.6673198425196851
0
LINE
8
BLACK
6
CONTINUOUS
10
0.7699385433070866
20
2.6673198425196851
11
0.7699455905511811
21
2.6674642913385824
0
LINE
8
BLACK
6
CONTINUOUS
10
0.7699455905511811
20
2.6674642913385824
11
0.7706955118110236
21
2.6704639370078738
0
LINE
8
BLACK
6
CONTINUOUS
10
0.7706955118110236
20
2.6704639370078738
11
0.7707814566929133
21
2.6706459055118108
0
LINE
8
BLACK
6
CONTINUOUS
10
0.7707814566929133
20
2.6706459055118108
11
0.7708585826771653
21
2.6708326377952756
0
LINE
8
BLACK
6
CONTINUOUS
10
0.7708585826771653
20
2.6708326377952756
11
0.7723583858267716
21
2.6730823622047244
0
LINE
8
BLACK
6
CONTINUOUS
10
0.7723583858267716
20
2.6730823622047244
11
0.772441062992126
21
2.6731652755905513
0
LINE
8
BLACK
6
CONTINUOUS
10
0.772441062992126
20
2.6731652755905513
11
0.7725059842519685
21
2.6732623622047242
0
LINE
8
BLACK
6
CONTINUOUS
10
0.7725059842519685
20
2.6732623622047242
11
0.7732558661417323
21
2.6740122834645668
0
LINE
8
BLACK
6
CONTINUOUS
10
0.7732558661417323
20
2.6740122834645668
11
0.7734135826771653
21
2.6741176771653543
0
LINE
8
BLACK
6
CONTINUOUS
10
0.7734135826771653
20
2.6741176771653543
11
0.7735628346456693
21
2.6742335039370078
0
LINE
8
BLACK
6
CONTINUOUS
10
0.7735628346456693
20
2.6742335039370078
11
0.7750626771653543
21
2.6749834251968503
0
LINE
8
BLACK
6
CONTINUOUS
10
0.7750626771653543
20
2.6749834251968503
11
0.77511968503937
21
2.6749990551181102
0
LINE
8
BLACK
6
CONTINUOUS
10
0.77511968503937
20
2.6749990551181102
11
0.7751388582677166
21
2.6750181889763778
0
LINE
8
BLACK
6
CONTINUOUS
10
0.7751388582677166
20
2.6750181889763778
11
0.7753243307086614
21
2.6750551181102362
0
LINE
8
BLACK
6
CONTINUOUS
10
0.7753243307086614
20
2.6750551181102362
11
0.7755071653543307
21
2.6751051574803149
0
LINE
8
BLACK
6
CONTINUOUS
10
0.7755071653543307
20
2.6751051574803149
11
0.775532874015748
21
2.6750966141732282
0
LINE
8
BLACK
6
CONTINUOUS
10
0.775532874015748
20
2.6750966141732282
11
0.7755908661417322
21
2.6751081102362204
0
LINE
8
BLACK
6
CONTINUOUS
10
0.7755908661417322
20
2.6751081102362204
11
0.7785904724409448
21
2.6751081102362204
0
LINE
8
BLACK
6
CONTINUOUS
10
0.7785904724409448
20
2.6751081102362204
11
0.7790424803149606
21
2.6750181889763778
0
LINE
8
BLACK
6
CONTINUOUS
10
0.7732908267716535
20
2.6662071259842519
11
0.7728120078740157
21
2.6657283464566928
0
LINE
8
BLACK
6
CONTINUOUS
10
0.7728120078740157
20
2.6657283464566928
11
0.7722725196850394
21
2.6646492913385824
0
LINE
8
BLACK
6
CONTINUOUS
10
0.7722725196850394
20
2.6646492913385824
11
0.7722725196850394
21
2.6614574409448819
0
LINE
8
BLACK
6
CONTINUOUS
10
0.7722725196850394
20
2.6614574409448819
11
0.7728120078740157
21
2.6603784645669291
0
LINE
8
BLACK
6
CONTINUOUS
10
0.7728120078740157
20
2.6603784645669291
11
0.773290905511811
21
2.6598995275590549
0
LINE
8
BLACK
6
CONTINUOUS
10
0.773290905511811
20
2.6598995275590549
11
0.774369842519685
21
2.6593600787401575
0
LINE
8
BLACK
6
CONTINUOUS
10
0.774369842519685
20
2.6593600787401575
11
0.7768118503937008
21
2.6593600787401575
0
LINE
8
BLACK
6
CONTINUOUS
10
0.7768118503937008
20
2.6593600787401575
11
0.7778908661417323
21
2.6598996062992124
0
LINE
8
BLACK
6
CONTINUOUS
10
0.7778908661417323
20
2.6598996062992124
11
0.7783696456692913
21
2.6603783858267716
0
LINE
8
BLACK
6
CONTINUOUS
10
0.7783696456692913
20
2.6603783858267716
11
0.7789091732283464
21
2.6614574015748031
0
LINE
8
BLACK
6
CONTINUOUS
10
0.7789091732283464
20
2.6614574015748031
11
0.7789091732283464
21
2.6646493307086612
0
LINE
8
BLACK
6
CONTINUOUS
10
0.7789091732283464
20
2.6646493307086612
11
0.7783696850393701
21
2.6657282677165353
0
LINE
8
BLACK
6
CONTINUOUS
10
0.7783696850393701
20
2.6657282677165353
11
0.7778907874015748
21
2.6662071653543307
0
LINE
8
BLACK
6
CONTINUOUS
10
0.7778907874015748
20
2.6662071653543307
11
0.7768118110236221
21
2.6667466535433069
0
LINE
8
BLACK
6
CONTINUOUS
10
0.7768118110236221
20
2.6667466535433069
11
0.7743698818897637
21
2.6667466535433069
0
LINE
8
BLACK
6
CONTINUOUS
10
0.7743698818897637
20
2.6667466535433069
11
0.7732908267716535
21
2.6662071259842519
0
LINE
8
BLACK
6
CONTINUOUS
10
0.7430470078740158
20
2.6750181889763778
11
0.7436861811023622
21
2.6743790157480314
0
LINE
8
BLACK
6
CONTINUOUS
10
0.7436861811023622
20
2.6743790157480314
11
0.7436861811023622
21
2.6734749999999998
0
LINE
8
BLACK
6
CONTINUOUS
10
0.7436861811023622
20
2.6734749999999998
11
0.7430470078740158
21
2.6728358267716534
0
LINE
8
BLACK
6
CONTINUOUS
10
0.7430470078740158
20
2.6728358267716534
11
0.742595
21
2.6727459055118108
0
LINE
8
BLACK
6
CONTINUOUS
10
0.742595
20
2.6727459055118108
11
0.7362770472440945
21
2.6727459055118108
0
LINE
8
BLACK
6
CONTINUOUS
10
0.7362770472440945
20
2.6727459055118108
11
0.7362770472440945
21
2.6676090551181102
0
LINE
8
BLACK
6
CONTINUOUS
10
0.7362770472440945
20
2.6676090551181102
11
0.7403452755905512
21
2.6676090551181102
0
LINE
8
BLACK
6
CONTINUOUS
10
0.7403452755905512
20
2.6676090551181102
11
0.7407972834645669
21
2.6675191338582676
0
LINE
8
BLACK
6
CONTINUOUS
10
0.7407972834645669
20
2.6675191338582676
11
0.7414364566929134
21
2.6668799606299212
0
LINE
8
BLACK
6
CONTINUOUS
10
0.7414364566929134
20
2.6668799606299212
11
0.7414364566929134
21
2.6659759448818896
0
LINE
8
BLACK
6
CONTINUOUS
10
0.7414364566929134
20
2.6659759448818896
11
0.7407972834645669
21
2.6653367716535432
0
LINE
8
BLACK
6
CONTINUOUS
10
0.7407972834645669
20
2.6653367716535432
11
0.7403452755905512
21
2.6652468503937006
0
LINE
8
BLACK
6
CONTINUOUS
10
0.7403452755905512
20
2.6652468503937006
11
0.7362770472440945
21
2.6652468503937006
0
LINE
8
BLACK
6
CONTINUOUS
10
0.7362770472440945
20
2.6652468503937006
11
0.7362770472440945
21
2.6581789763779526
0
LINE
8
BLACK
6
CONTINUOUS
10
0.7362770472440945
20
2.6581789763779526
11
0.736187125984252
21
2.6577269685039369
0
LINE
8
BLACK
6
CONTINUOUS
10
0.736187125984252
20
2.6577269685039369
11
0.7355479527559055
21
2.6570877952755905
0
LINE
8
BLACK
6
CONTINUOUS
10
0.7355479527559055
20
2.6570877952755905
11
0.734643937007874
21
2.6570877952755905
0
LINE
8
BLACK
6
CONTINUOUS
10
0.734643937007874
20
2.6570877952755905
11
0.7340047637795275
21
2.6577269685039369
0
LINE
8
BLACK
6
CONTINUOUS
10
0.7340047637795275
20
2.6577269685039369
11
0.733914842519685
21
2.6581789763779526
0
LINE
8
BLACK
6
CONTINUOUS
10
0.733914842519685
20
2.6581789763779526
11
0.733914842519685
21
2.6739270078740156
0
LINE
8
BLACK
6
CONTINUOUS
10
0.733914842519685
20
2.6739270078740156
11
0.7340047637795275
21
2.6743790157480314
0
LINE
8
BLACK
6
CONTINUOUS
10
0.7340047637795275
20
2.6743790157480314
11
0.734643937007874
21
2.6750181889763778
0
LINE
8
BLACK
6
CONTINUOUS
10
0.734643937007874
20
2.6750181889763778
11
0.7350959448818898
21
2.6751081102362204
0
LINE
8
BLACK
6
CONTINUOUS
10
0.7350959448818898
20
2.6751081102362204
11
0.742595
21
2.6751081102362204
0
LINE
8
BLACK
6
CONTINUOUS
10
0.742595
20
2.6751081102362204
11
0.7430470078740158
21
2.6750181889763778
0
LINE
8
BLACK
6
CONTINUOUS
10
0.7496854330708661
20
2.6743790157480314
11
0.7497753543307086
21
2.6739270078740156
0
LINE
8
BLACK
6
CONTINUOUS
10
0.7497753543307086
20
2.6739270078740156
11
0.7497753543307086
21
2.6581789763779526
0
LINE
8
BLACK
6
CONTINUOUS
10
0.7497753543307086
20
2.6581789763779526
11
0.7496854330708661
21
2.6577269685039369
0
LINE
8
BLACK
6
CONTINUOUS
10
0.7496854330708661
20
2.6577269685039369
11
0.7490462598425197
21
2.6570877952755905
0
LINE
8
BLACK
6
CONTINUOUS
10
0.7490462598425197
20
2.6570877952755905
11
0.7481422440944882
21
2.6570877952755905
0
LINE
8
BLACK
6
CONTINUOUS
10
0.7481422440944882
20
2.6570877952755905
11
0.7475030708661418
21
2.6577269685039369
0
LINE
8
BLACK
6
CONTINUOUS
10
0.7475030708661418
20
2.6577269685039369
11
0.7474131496062992
21
2.6581789763779526
0
LINE
8
BLACK
6
CONTINUOUS
10
0.7474131496062992
20
2.6581789763779526
11
0.7474131496062992
21
2.6739270078740156
0
LINE
8
BLACK
6
CONTINUOUS
10
0.7474131496062992
20
2.6739270078740156
11
0.7475030708661418
21
2.6743790157480314
0
LINE
8
BLACK
6
CONTINUOUS
10
0.7475030708661418
20
2.6743790157480314
11
0.7481422440944882
21
2.6750181889763778
0
LINE
8
BLACK
6
CONTINUOUS
10
0.7481422440944882
20
2.6750181889763778
11
0.7490462598425197
21
2.6750181889763778
0
LINE
8
BLACK
6
CONTINUOUS
10
0.7490462598425197
20
2.6750181889763778
11
0.7496854330708661
21
2.6743790157480314
0
LINE
8
BLACK
6
CONTINUOUS
10
0.7692181102362204
20
2.7048999999999999
11
0.7767050393700787
21
2.7017988188976378
0
LINE
8
BLACK
6
CONTINUOUS
10
0.7767050393700787
20
2.7017988188976378
11
0.7834430708661417
21
2.6972966141732284
0
LINE
8
BLACK
6
CONTINUOUS
10
0.7834430708661417
20
2.6972966141732284
11
0.7891733070866142
21
2.6915663779527557
0
LINE
8
BLACK
6
CONTINUOUS
10
0.7891733070866142
20
2.6915663779527557
11
0.7936755118110236
21
2.6848283464566927
0
LINE
8
BLACK
6
CONTINUOUS
10
0.7936755118110236
20
2.6848283464566927
11
0.7967766929133858
21
2.6773414173228347
0
LINE
8
BLACK
6
CONTINUOUS
10
0.7967766929133858
20
2.6773414173228347
11
0.7983576771653543
21
2.669393346456693
0
LINE
8
BLACK
6
CONTINUOUS
10
0.7983576771653543
20
2.669393346456693
11
0.7983576771653543
21
2.6612895669291339
0
LINE
8
BLACK
6
CONTINUOUS
10
0.7983576771653543
20
2.6612895669291339
11
0.7967766929133858
21
2.6533414960629922
0
LINE
8
BLACK
6
CONTINUOUS
10
0.7967766929133858
20
2.6533414960629922
11
0.7936755118110236
21
2.6458545669291338
0
LINE
8
BLACK
6
CONTINUOUS
10
0.7936755118110236
20
2.6458545669291338
11
0.7891733070866142
21
2.6391165354330708
0
LINE
8
BLACK
6
CONTINUOUS
10
0.7891733070866142
20
2.6391165354330708
11
0.7834430708661417
21
2.6333862992125985
0
LINE
8
BLACK
6
CONTINUOUS
10
0.7834430708661417
20
2.6333862992125985
11
0.7767050393700787
21
2.628884094488189
0
LINE
8
BLACK
6
CONTINUOUS
10
0.7767050393700787
20
2.628884094488189
11
0.7692181102362204
21
2.6257829133858266
0
LINE
8
BLACK
6
CONTINUOUS
10
0.7692181102362204
20
2.6257829133858266
11
0.7612700393700788
21
2.6242019291338581
0
LINE
8
BLACK
6
CONTINUOUS
10
0.7612700393700788
20
2.6242019291338581
11
0.7531662598425196
21
2.6242019291338581
0
LINE
8
BLACK
6
CONTINUOUS
10
0.7531662598425196
20
2.6242019291338581
11
0.7452181889763779
21
2.6257829133858266
0
LINE
8
BLACK
6
CONTINUOUS
10
0.7452181889763779
20
2.6257829133858266
11
0.7377312598425196
21
2.628884094488189
0
LINE
8
BLACK
6
CONTINUOUS
10
0.7377312598425196
20
2.628884094488189
11
0.7309932283464566
21
2.6333862992125985
0
LINE
8
BLACK
6
CONTINUOUS
10
0.7309932283464566
20
2.6333862992125985
11
0.7252629921259842
21
2.6391165354330708
0
LINE
8
BLACK
6
CONTINUOUS
10
0.7252629921259842
20
2.6391165354330708
11
0.7207607874015748
21
2.6458545669291338
0
LINE
8
BLACK
6
CONTINUOUS
10
0.7207607874015748
20
2.6458545669291338
11
0.7176596062992125
21
2.6533414960629922
0
LINE
8
BLACK
6
CONTINUOUS
10
0.7176596062992125
20
2.6533414960629922
11
0.716078622047244
21
2.6612895669291339
0
LINE
8
BLACK
6
CONTINUOUS
10
0.716078622047244
20
2.6612895669291339
11
0.716078622047244
21
2.6690251968503937
0
LINE
8
BLACK
6
CONTINUOUS
10
0.716078622047244
20
2.6690251968503937
11
0.716078622047244
21
2.669393346456693
0
LINE
8
BLACK
6
CONTINUOUS
10
0.716078622047244
20
2.669393346456693
11
0.7176596062992125
21
2.6773414173228347
0
LINE
8
BLACK
6
CONTINUOUS
10
0.7176596062992125
20
2.6773414173228347
11
0.7207607874015748
21
2.6848283464566927
0
LINE
8
BLACK
6
CONTINUOUS
10
0.7207607874015748
20
2.6848283464566927
11
0.7252629921259842
21
2.6915663779527557
0
LINE
8
BLACK
6
CONTINUOUS
10
0.7252629921259842
20
2.6915663779527557
11
0.7309932283464566
21
2.6972966141732284
0
LINE
8
BLACK
6
CONTINUOUS
10
0.7309932283464566
20
2.6972966141732284
11
0.7377312598425196
21
2.7017988188976378
0
LINE
8
BLACK
6
CONTINUOUS
10
0.7377312598425196
20
2.7017988188976378
11
0.7452181889763779
21
2.7048999999999999
0
LINE
8
BLACK
6
CONTINUOUS
10
0.7452181889763779
20
2.7048999999999999
11
0.7531662598425196
21
2.7064809842519684
0
LINE
8
BLACK
6
CONTINUOUS
10
0.7531662598425196
20
2.7064809842519684
11
0.7612700393700788
21
2.7064809842519684
0
LINE
8
BLACK
6
CONTINUOUS
10
0.7612700393700788
20
2.7064809842519684
11
0.7692181102362204
21
2.7048999999999999
0
LINE
8
BLACK
6
CONTINUOUS
10
0.7198165748031496
20
2.6616577165354331
11
0.7212538976377952
21
2.6544318110236218
0
LINE
8
BLACK
6
CONTINUOUS
10
0.7212538976377952
20
2.6544318110236218
11
0.7240733070866141
21
2.6476251574803147
0
LINE
8
BLACK
6
CONTINUOUS
10
0.7240733070866141
20
2.6476251574803147
11
0.7281664566929134
21
2.6414993307086614
0
LINE
8
BLACK
6
CONTINUOUS
10
0.7281664566929134
20
2.6414993307086614
11
0.7333760236220472
21
2.6362897637795273
0
LINE
8
BLACK
6
CONTINUOUS
10
0.7333760236220472
20
2.6362897637795273
11
0.7395018503937008
21
2.6321966141732283
0
LINE
8
BLACK
6
CONTINUOUS
10
0.7395018503937008
20
2.6321966141732283
11
0.7463085039370079
21
2.6293772047244093
0
LINE
8
BLACK
6
CONTINUOUS
10
0.7463085039370079
20
2.6293772047244093
11
0.7535344094488189
21
2.6279398818897639
0
LINE
8
BLACK
6
CONTINUOUS
10
0.7535344094488189
20
2.6279398818897639
11
0.7609018897637795
21
2.6279398818897639
0
LINE
8
BLACK
6
CONTINUOUS
10
0.7609018897637795
20
2.6279398818897639
11
0.7681277952755905
21
2.6293772047244093
0
LINE
8
BLACK
6
CONTINUOUS
10
0.7681277952755905
20
2.6293772047244093
11
0.7749344488188976
21
2.6321966141732283
0
LINE
8
BLACK
6
CONTINUOUS
10
0.7749344488188976
20
2.6321966141732283
11
0.7810602755905511
21
2.6362897637795273
0
LINE
8
BLACK
6
CONTINUOUS
10
0.7810602755905511
20
2.6362897637795273
11
0.786269842519685
21
2.6414993307086614
0
LINE
8
BLACK
6
CONTINUOUS
10
0.786269842519685
20
2.6414993307086614
11
0.7903629921259843
21
2.6476251574803147
0
LINE
8
BLACK
6
CONTINUOUS
10
0.7903629921259843
20
2.6476251574803147
11
0.7931824015748031
21
2.6544318110236218
0
LINE
8
BLACK
6
CONTINUOUS
10
0.7931824015748031
20
2.6544318110236218
11
0.7946197244094488
21
2.6616577165354331
0
LINE
8
BLACK
6
CONTINUOUS
10
0.7946197244094488
20
2.6616577165354331
11
0.7946197244094488
21
2.6690251968503937
0
LINE
8
BLACK
6
CONTINUOUS
10
0.7946197244094488
20
2.6690251968503937
11
0.7931824015748031
21
2.6762511023622046
0
LINE
8
BLACK
6
CONTINUOUS
10
0.7931824015748031
20
2.6762511023622046
11
0.7903629921259843
21
2.6830577559055118
0
LINE
8
BLACK
6
CONTINUOUS
10
0.7903629921259843
20
2.6830577559055118
11
0.786269842519685
21
2.6891835826771655
0
LINE
8
BLACK
6
CONTINUOUS
10
0.786269842519685
20
2.6891835826771655
11
0.7810602755905511
21
2.6943931496062992
0
LINE
8
BLACK
6
CONTINUOUS
10
0.7810602755905511
20
2.6943931496062992
11
0.7749344488188976
21
2.6984862992125982
0
LINE
8
BLACK
6
CONTINUOUS
10
0.7749344488188976
20
2.6984862992125982
11
0.7681277952755905
21
2.7013057086614172
0
LINE
8
BLACK
6
CONTINUOUS
10
0.7681277952755905
20
2.7013057086614172
11
0.7609018897637795
21
2.702743031496063
0
LINE
8
BLACK
6
CONTINUOUS
10
0.7609018897637795
20
2.702743031496063
11
0.7535344094488189
21
2.702743031496063
0
LINE
8
BLACK
6
CONTINUOUS
10
0.7535344094488189
20
2.702743031496063
11
0.7463085039370079
21
2.7013057086614172
0
LINE
8
BLACK
6
CONTINUOUS
10
0.7463085039370079
20
2.7013057086614172
11
0.7395018503937008
21
2.6984862992125982
0
LINE
8
BLACK
6
CONTINUOUS
10
0.7395018503937008
20
2.6984862992125982
11
0.7333760236220472
21
2.6943931496062992
0
LINE
8
BLACK
6
CONTINUOUS
10
0.7333760236220472
20
2.6943931496062992
11
0.7281664566929134
21
2.6891835826771655
0
LINE
8
BLACK
6
CONTINUOUS
10
0.7281664566929134
20
2.6891835826771655
11
0.7240733070866141
21
2.6830577559055118
0
LINE
8
BLACK
6
CONTINUOUS
10
0.7240733070866141
20
2.6830577559055118
11
0.7212538976377952
21
2.6762511023622046
0
LINE
8
BLACK
6
CONTINUOUS
10
0.7212538976377952
20
2.6762511023622046
11
0.7198165748031496
21
2.6690251968503937
0
LINE
8
BLACK
6
CONTINUOUS
10
0.7198165748031496
20
2.6690251968503937
11
0.7198165748031496
21
2.6616577165354331
0
CIRCLE
8
BLACK
10
2.7999999999999998
20
2.
40
0.0068897637795276
0
CIRCLE
8
BLACK
10
0.4
20
0.4
40
0.0068897637795276
0
CIRCLE
8
BLACK
10
2.7999999999999998
20
0.4
40
0.0068897637795276
0
CIRCLE
8
BLACK
10
0.4
20
2.
40
0.0068897637795276
0
CIRCLE
8
BLACK
10
0.9111811023622047
20
2.0727874015748031
40
0.0068897637795276
0
CIRCLE
8
BLACK
10
0.9111811023622047
20
1.972787401574803
40
0.0068897637795276
0
CIRCLE
8
BLACK
10
1.0111811023622046
20
2.0727874015748031
40
0.0068897637795276
0
CIRCLE
8
BLACK
10
1.0111811023622046
20
1.972787401574803
40
0.0068897637795276
0
CIRCLE
8
BLACK
10
1.1111811023622047
20
2.0727874015748031
40
0.0068897637795276
0
CIRCLE
8
BLACK
10
1.1111811023622047
20
1.972787401574803
40
0.0068897637795276
0
CIRCLE
8
BLACK
10
1.2111811023622048
20
2.0727874015748031
40
0.0068897637795276
0
CIRCLE
8
BLACK
10
1.2111811023622048
20
1.972787401574803
40
0.0068897637795276
0
CIRCLE
8
BLACK
10
1.3111811023622046
20
2.0727874015748031
40
0.0068897637795276
0
CIRCLE
8
BLACK
10
1.3111811023622046
20
1.972787401574803
40
0.0068897637795276
0
CIRCLE
8
BLACK
10
1.4111811023622047
20
2.0727874015748031
40
0.0068897637795276
0
CIRCLE
8
BLACK
10
1.4111811023622047
20
1.972787401574803
40
0.0068897637795276
0
CIRCLE
8
BLACK
10
1.5111811023622046
20
2.0727874015748031
40
0.0068897637795276
0
CIRCLE
8
BLACK
10
1.5111811023622046
20
1.972787401574803
40
0.0068897637795276
0
CIRCLE
8
BLACK
10
1.6111811023622047
20
2.0727874015748031
40
0.0068897637795276
0
CIRCLE
8
BLACK
10
1.6111811023622047
20
1.972787401574803
40
0.0068897637795276
0
CIRCLE
8
BLACK
10
1.7111811023622048
20
2.0727874015748031
40
0.0068897637795276
0
CIRCLE
8
BLACK
10
1.7111811023622048
20
1.972787401574803
40
0.0068897637795276
0
CIRCLE
8
BLACK
10
1.8111811023622046
20
2.0727874015748031
40
0.0068897637795276
0
CIRCLE
8
BLACK
10
1.8111811023622046
20
1.972787401574803
40
0.0068897637795276
0
CIRCLE
8
BLACK
10
1.9111811023622047
20
2.0727874015748031
40
0.0068897637795276
0
CIRCLE
8
BLACK
10
1.9111811023622047
20
1.972787401574803
40
0.0068897637795276
0
CIRCLE
8
BLACK
10
2.0111811023622046
20
2.0727874015748031
40
0.0068897637795276
0
CIRCLE
8
BLACK
10
2.0111811023622046
20
1.972787401574803
40
0.0068897637795276
0
CIRCLE
8
BLACK
10
2.1111811023622047
20
2.0727874015748031
40
0.0068897637795276
0
CIRCLE
8
BLACK
10
2.1111811023622047
20
1.972787401574803
40
0.0068897637795276
0
CIRCLE
8
BLACK
10
2.2111811023622048
20
2.0727874015748031
40
0.0068897637795276
0
CIRCLE
8
BLACK
10
2.2111811023622048
20
1.972787401574803
40
0.0068897637795276
0
CIRCLE
8
BLACK
10
2.3111811023622049
20
2.0727874015748031
40
0.0068897637795276
0
CIRCLE
8
BLACK
10
2.3111811023622049
20
1.972787401574803
40
0.0068897637795276
0
CIRCLE
8
BLACK
10
2.7999999999999998
20
2.
40
0.0068897637795276
0
CIRCLE
8
BLACK
10
0.4
20
0.4
40
0.0068897637795276
0
CIRCLE
8
BLACK
10
2.7999999999999998
20
0.4
40
0.0068897637795276
0
CIRCLE
8
BLACK
10
0.4
20
2.
40
0.0068897637795276
0
CIRCLE
8
BLACK
10
0.9111811023622047
20
2.0727874015748031
40
0.0068897637795276
0
CIRCLE
8
BLACK
10
0.9111811023622047
20
1.972787401574803
40
0.0068897637795276
0
CIRCLE
8
BLACK
10
1.0111811023622046
20
2.0727874015748031
40
0.0068897637795276
0
CIRCLE
8
BLACK
10
1.0111811023622046
20
1.972787401574803
40
0.0068897637795276
0
CIRCLE
8
BLACK
10
1.1111811023622047
20
2.0727874015748031
40
0.0068897637795276
0
CIRCLE
8
BLACK
10
1.1111811023622047
20
1.972787401574803
40
0.0068897637795276
0
CIRCLE
8
BLACK
10
1.2111811023622048
20
2.0727874015748031
40
0.0068897637795276
0
CIRCLE
8
BLACK
10
1.2111811023622048
20
1.972787401574803
40
0.0068897637795276
0
CIRCLE
8
BLACK
10
1.3111811023622046
20
2.0727874015748031
40
0.0068897637795276
0
CIRCLE
8
BLACK
10
1.3111811023622046
20
1.972787401574803
40
0.0068897637795276
0
CIRCLE
8
BLACK
10
1.4111811023622047
20
2.0727874015748031
40
0.0068897637795276
0
CIRCLE
8
BLACK
10
1.4111811023622047
20
1.972787401574803
40
0.0068897637795276
0
CIRCLE
8
BLACK
10
1.5111811023622046
20
2.0727874015748031
40
0.0068897637795276
0
CIRCLE
8
BLACK
10
1.5111811023622046
20
1.972787401574803
40
0.0068897637795276
0
CIRCLE
8
BLACK
10
1.6111811023622047
20
2.0727874015748031
40
0.0068897637795276
0
CIRCLE
8
BLACK
10
1.6111811023622047
20
1.972787401574803
40
0.0068897637795276
0
CIRCLE
8
BLACK
10
1.7111811023622048
20
2.0727874015748031
40
0.0068897637795276
0
CIRCLE
8
BLACK
10
1.7111811023622048
20
1.972787401574803
40
0.0068897637795276
0
CIRCLE
8
BLACK
10
1.8111811023622046
20
2.0727874015748031
40
0.0068897637795276
0
CIRCLE
8
BLACK
10
1.8111811023622046
20
1.972787401574803
40
0.0068897637795276
0
CIRCLE
8
BLACK
10
1.9111811023622047
20
2.0727874015748031
40
0.0068897637795276
0
CIRCLE
8
BLACK
10
1.9111811023622047
20
1.972787401574803
40
0.0068897637795276
0
CIRCLE
8
BLACK
10
2.0111811023622046
20
2.0727874015748031
40
0.0068897637795276
0
CIRCLE
8
BLACK
10
2.0111811023622046
20
1.972787401574803
40
0.0068897637795276
0
CIRCLE
8
BLACK
10
2.1111811023622047
20
2.0727874015748031
40
0.0068897637795276
0
CIRCLE
8
BLACK
10
2.1111811023622047
20
1.972787401574803
40
0.0068897637795276
0
CIRCLE
8
BLACK
10
2.2111811023622048
20
2.0727874015748031
40
0.0068897637795276
0
CIRCLE
8
BLACK
10
2.2111811023622048
20
1.972787401574803
40
0.0068897637795276
0
CIRCLE
8
BLACK
10
2.3111811023622049
20
2.0727874015748031
40
0.0068897637795276
0
CIRCLE
8
BLACK
10
2.3111811023622049
20
1.972787401574803
40
0.0068897637795276
  0
ENDSEC
  0
EOF
