  0
SECTION
  2
HEADER
  9
$ANGBASE
  50
0.0
  9
$ANGDIR
  70
1
  9
$MEASUREMENT
  70
0
  0
ENDSEC
  0
SECTION
  2
TABLES
  0
TABLE
  2
LTYPE
  70
4
  0
LTYPE
  5
40F
  2
CONTINUOUS
  70
0
  3
Solid line
  72
65
  73
0
  40
0.0
  0
LTYPE
  5
410
  2
DASHDOT
 70
0
  3
Dash Dot ____ _ ____ _
 72
65
 73
4
 40
2.0
 49
1.25
 49
-0.25
 49
0.25
 49
-0.25
  0
LTYPE
  5
411
  2
DASHED
 70
0
  3
Dashed __ __ __ __ __
 72
65
 73
2
 40
0.75
 49
0.5
 49
-0.25
  0
LTYPE
  5
43B
  2
DOTTED
 70
0
  3
Dotted .  .  .  .
 72
65
 73
2
 40
0.2
 49
0.0
 49
-0.2
  0
ENDTAB
  0
TABLE
  2
STYLE
  70
4
  0
STYLE
  2
KICAD
  70
0
  40
0
  41
1
  42
1
  50
0
  71
0
  3
isocp.shx
  0
STYLE
  2
KICADB
  70
0
  40
0
  41
1
  42
1
  50
0
  71
0
  3
isocp.shx
  0
STYLE
  2
KICADI
  70
0
  40
0
  41
1
  42
1
  50
15
  71
0
  3
isocp.shx
  0
STYLE
  2
KICADBI
  70
0
  40
0
  41
1
  42
1
  50
15
  71
0
  3
isocp.shx
  0
ENDTAB
  0
TABLE
  2
LAYER
  70
1
  0
LAYER
  2
BLACK
  70
0
  62
7
  6
CONTINUOUS
  0
ENDTAB
  0
ENDSEC
  0
SECTION
  2
ENTITIES
0
LINE
8
BLACK
6
CONTINUOUS
10
3.2856634645669289
20
2.1928960236220472
11
3.2867278740157482
21
2.1924551181102361
0
LINE
8
BLACK
6
CONTINUOUS
10
3.2867278740157482
20
2.1924551181102361
11
3.2875425196850392
21
2.1916404724409446
0
LINE
8
BLACK
6
CONTINUOUS
10
3.2875425196850392
20
2.1916404724409446
11
3.2879834251968503
21
2.1905760629921258
0
LINE
8
BLACK
6
CONTINUOUS
10
3.2879834251968503
20
2.1905760629921258
11
3.2879834251968503
21
2.1894239370078741
0
LINE
8
BLACK
6
CONTINUOUS
10
3.2879834251968503
20
2.1894239370078741
11
3.2875425196850392
21
2.1883595275590553
0
LINE
8
BLACK
6
CONTINUOUS
10
3.2875425196850392
20
2.1883595275590553
11
3.2867278740157482
21
2.1875448818897638
0
LINE
8
BLACK
6
CONTINUOUS
10
3.2867278740157482
20
2.1875448818897638
11
3.2856634645669289
21
2.1871039763779527
0
LINE
8
BLACK
6
CONTINUOUS
10
3.2856634645669289
20
2.1871039763779527
11
3.2850874015748031
21
2.1870472440944879
0
LINE
8
BLACK
6
CONTINUOUS
10
3.2850874015748031
20
2.1870472440944879
11
3.2668659842519685
21
2.1870472440944879
0
LINE
8
BLACK
6
CONTINUOUS
10
3.2668659842519685
20
2.1870472440944879
11
3.2877065748031495
21
2.1470128740157479
0
LINE
8
BLACK
6
CONTINUOUS
10
3.2877065748031495
20
2.1470128740157479
11
3.2879222440944882
21
2.1464757086614172
0
LINE
8
BLACK
6
CONTINUOUS
10
3.2879222440944882
20
2.1464757086614172
11
3.2880226377952755
21
2.145327992125984
0
LINE
8
BLACK
6
CONTINUOUS
10
3.2880226377952755
20
2.145327992125984
11
3.2876761811023623
21
2.1442292125984252
0
LINE
8
BLACK
6
CONTINUOUS
10
3.2876761811023623
20
2.1442292125984252
11
3.2869356299212598
21
2.1433466535433072
0
LINE
8
BLACK
6
CONTINUOUS
10
3.2869356299212598
20
2.1433466535433072
11
3.2859137007874013
21
2.1428146456692914
0
LINE
8
BLACK
6
CONTINUOUS
10
3.2859137007874013
20
2.1428146456692914
11
3.2847659842519685
21
2.1427142519685041
0
LINE
8
BLACK
6
CONTINUOUS
10
3.2847659842519685
20
2.1427142519685041
11
3.2836672047244093
21
2.1430607086614173
0
LINE
8
BLACK
6
CONTINUOUS
10
3.2836672047244093
20
2.1430607086614173
11
3.2827846456692913
21
2.1438012598425198
0
LINE
8
BLACK
6
CONTINUOUS
10
3.2827846456692913
20
2.1438012598425198
11
3.2824683070866141
21
2.1442860236220471
0
LINE
8
BLACK
6
CONTINUOUS
10
3.2824683070866141
20
2.1442860236220471
11
3.2649527559055116
21
2.1779331102362205
0
LINE
8
BLACK
6
CONTINUOUS
10
3.2649527559055116
20
2.1779331102362205
11
3.2649527559055116
21
0.222066968503937
0
LINE
8
BLACK
6
CONTINUOUS
10
3.2649527559055116
20
0.222066968503937
11
3.2824683070866141
21
0.2557140157480315
0
LINE
8
BLACK
6
CONTINUOUS
10
3.2824683070866141
20
0.2557140157480315
11
3.2827846456692913
21
0.256198779527559
0
LINE
8
BLACK
6
CONTINUOUS
10
3.2827846456692913
20
0.256198779527559
11
3.2836672047244093
21
0.2569393307086614
0
LINE
8
BLACK
6
CONTINUOUS
10
3.2836672047244093
20
0.2569393307086614
11
3.2847659842519685
21
0.2572857874015748
0
LINE
8
BLACK
6
CONTINUOUS
10
3.2847659842519685
20
0.2572857874015748
11
3.2859137007874013
21
0.2571853937007874
0
LINE
8
BLACK
6
CONTINUOUS
10
3.2859137007874013
20
0.2571853937007874
11
3.2869356299212598
21
0.2566533858267717
0
LINE
8
BLACK
6
CONTINUOUS
10
3.2869356299212598
20
0.2566533858267717
11
3.2876761811023623
21
0.2557708267716535
0
LINE
8
BLACK
6
CONTINUOUS
10
3.2876761811023623
20
0.2557708267716535
11
3.2880226377952755
21
0.2546720472440945
0
LINE
8
BLACK
6
CONTINUOUS
10
3.2880226377952755
20
0.2546720472440945
11
3.2879222440944882
21
0.2535243307086614
0
LINE
8
BLACK
6
CONTINUOUS
10
3.2879222440944882
20
0.2535243307086614
11
3.2877065748031495
21
0.2529871653543307
0
LINE
8
BLACK
6
CONTINUOUS
10
3.2877065748031495
20
0.2529871653543307
11
3.2668659842519685
21
0.2129527952755906
0
LINE
8
BLACK
6
CONTINUOUS
10
3.2668659842519685
20
0.2129527952755906
11
3.2850874015748031
21
0.2129527952755906
0
LINE
8
BLACK
6
CONTINUOUS
10
3.2850874015748031
20
0.2129527952755906
11
3.2856634645669289
21
0.212896062992126
0
LINE
8
BLACK
6
CONTINUOUS
10
3.2856634645669289
20
0.212896062992126
11
3.2867278740157482
21
0.212455157480315
0
LINE
8
BLACK
6
CONTINUOUS
10
3.2867278740157482
20
0.212455157480315
11
3.2875425196850392
21
0.2116405118110236
0
LINE
8
BLACK
6
CONTINUOUS
10
3.2875425196850392
20
0.2116405118110236
11
3.2879834251968503
21
0.2105761023622047
0
LINE
8
BLACK
6
CONTINUOUS
10
3.2879834251968503
20
0.2105761023622047
11
3.2879834251968503
21
0.2094239763779528
0
LINE
8
BLACK
6
CONTINUOUS
10
3.2879834251968503
20
0.2094239763779528
11
3.2875425196850392
21
0.2083595669291338
0
LINE
8
BLACK
6
CONTINUOUS
10
3.2875425196850392
20
0.2083595669291338
11
3.2867278740157482
21
0.2075449212598425
0
LINE
8
BLACK
6
CONTINUOUS
10
3.2867278740157482
20
0.2075449212598425
11
3.2856634645669289
21
0.2071040157480315
0
LINE
8
BLACK
6
CONTINUOUS
10
3.2856634645669289
20
0.2071040157480315
11
3.2850874015748031
21
0.2070472834645669
0
LINE
8
BLACK
6
CONTINUOUS
10
3.2850874015748031
20
0.2070472834645669
11
3.0096850393700785
21
0.2070472834645669
0
LINE
8
BLACK
6
CONTINUOUS
10
3.0096850393700785
20
0.2070472834645669
11
3.0091089763779526
21
0.2071040157480315
0
LINE
8
BLACK
6
CONTINUOUS
10
3.0091089763779526
20
0.2071040157480315
11
3.0080445669291338
21
0.2075449212598425
0
LINE
8
BLACK
6
CONTINUOUS
10
3.0080445669291338
20
0.2075449212598425
11
3.0072299212598423
21
0.2083595669291338
0
LINE
8
BLACK
6
CONTINUOUS
10
3.0072299212598423
20
0.2083595669291338
11
3.0067890157480313
21
0.2094239763779528
0
LINE
8
BLACK
6
CONTINUOUS
10
3.0067890157480313
20
0.2094239763779528
11
3.0067890157480313
21
0.2105761023622047
0
LINE
8
BLACK
6
CONTINUOUS
10
3.0067890157480313
20
0.2105761023622047
11
3.0072299212598423
21
0.2116405118110236
0
LINE
8
BLACK
6
CONTINUOUS
10
3.0072299212598423
20
0.2116405118110236
11
3.0080445669291338
21
0.212455157480315
0
LINE
8
BLACK
6
CONTINUOUS
10
3.0080445669291338
20
0.212455157480315
11
3.0091089763779526
21
0.212896062992126
0
LINE
8
BLACK
6
CONTINUOUS
10
3.0091089763779526
20
0.212896062992126
11
3.0096850393700785
21
0.2129527952755906
0
LINE
8
BLACK
6
CONTINUOUS
10
3.0096850393700785
20
0.2129527952755906
11
3.2571340157480315
21
0.2129527952755906
0
LINE
8
BLACK
6
CONTINUOUS
10
3.2571340157480315
20
0.2129527952755906
11
3.2362934251968505
21
0.2529871653543307
0
LINE
8
BLACK
6
CONTINUOUS
10
3.2362934251968505
20
0.2529871653543307
11
3.2360777559055118
21
0.2535243307086614
0
LINE
8
BLACK
6
CONTINUOUS
10
3.2360777559055118
20
0.2535243307086614
11
3.2359773622047245
21
0.2546720472440945
0
LINE
8
BLACK
6
CONTINUOUS
10
3.2359773622047245
20
0.2546720472440945
11
3.236323779527559
21
0.2557708267716535
0
LINE
8
BLACK
6
CONTINUOUS
10
3.236323779527559
20
0.2557708267716535
11
3.2370643307086615
21
0.2566533858267717
0
LINE
8
BLACK
6
CONTINUOUS
10
3.2370643307086615
20
0.2566533858267717
11
3.2380862992125983
21
0.2571853937007874
0
LINE
8
BLACK
6
CONTINUOUS
10
3.2380862992125983
20
0.2571853937007874
11
3.2392340157480315
21
0.2572857874015748
0
LINE
8
BLACK
6
CONTINUOUS
10
3.2392340157480315
20
0.2572857874015748
11
3.2403327952755903
21
0.2569393700787401
0
LINE
8
BLACK
6
CONTINUOUS
10
3.2403327952755903
20
0.2569393700787401
11
3.2412153543307087
21
0.2561988188976378
0
LINE
8
BLACK
6
CONTINUOUS
10
3.2412153543307087
20
0.2561988188976378
11
3.2415316929133859
21
0.2557140157480315
0
LINE
8
BLACK
6
CONTINUOUS
10
3.2415316929133859
20
0.2557140157480315
11
3.259047244094488
21
0.222066968503937
0
LINE
8
BLACK
6
CONTINUOUS
10
3.259047244094488
20
0.222066968503937
11
3.259047244094488
21
2.1779331102362205
0
LINE
8
BLACK
6
CONTINUOUS
10
3.259047244094488
20
2.1779331102362205
11
3.2415316929133859
21
2.1442860236220471
0
LINE
8
BLACK
6
CONTINUOUS
10
3.2415316929133859
20
2.1442860236220471
11
3.2412153543307087
21
2.143801220472441
0
LINE
8
BLACK
6
CONTINUOUS
10
3.2412153543307087
20
2.143801220472441
11
3.2403327952755903
21
2.1430606692913385
0
LINE
8
BLACK
6
CONTINUOUS
10
3.2403327952755903
20
2.1430606692913385
11
3.2392340157480315
21
2.1427142519685041
0
LINE
8
BLACK
6
CONTINUOUS
10
3.2392340157480315
20
2.1427142519685041
11
3.2380862992125983
21
2.1428146456692914
0
LINE
8
BLACK
6
CONTINUOUS
10
3.2380862992125983
20
2.1428146456692914
11
3.2370643307086615
21
2.1433466535433072
0
LINE
8
BLACK
6
CONTINUOUS
10
3.2370643307086615
20
2.1433466535433072
11
3.236323779527559
21
2.1442292125984252
0
LINE
8
BLACK
6
CONTINUOUS
10
3.236323779527559
20
2.1442292125984252
11
3.2359773622047245
21
2.145327992125984
0
LINE
8
BLACK
6
CONTINUOUS
10
3.2359773622047245
20
2.145327992125984
11
3.2360777559055118
21
2.1464757086614172
0
LINE
8
BLACK
6
CONTINUOUS
10
3.2360777559055118
20
2.1464757086614172
11
3.2362934251968505
21
2.1470128740157479
0
LINE
8
BLACK
6
CONTINUOUS
10
3.2362934251968505
20
2.1470128740157479
11
3.2571340157480315
21
2.1870472440944879
0
LINE
8
BLACK
6
CONTINUOUS
10
3.2571340157480315
20
2.1870472440944879
11
3.0096850393700785
21
2.1870472440944879
0
LINE
8
BLACK
6
CONTINUOUS
10
3.0096850393700785
20
2.1870472440944879
11
3.0091089763779526
21
2.1871039763779527
0
LINE
8
BLACK
6
CONTINUOUS
10
3.0091089763779526
20
2.1871039763779527
11
3.0080445669291338
21
2.1875448818897638
0
LINE
8
BLACK
6
CONTINUOUS
10
3.0080445669291338
20
2.1875448818897638
11
3.0072299212598423
21
2.1883595275590553
0
LINE
8
BLACK
6
CONTINUOUS
10
3.0072299212598423
20
2.1883595275590553
11
3.0067890157480313
21
2.1894239370078741
0
LINE
8
BLACK
6
CONTINUOUS
10
3.0067890157480313
20
2.1894239370078741
11
3.0067890157480313
21
2.1905760629921258
0
LINE
8
BLACK
6
CONTINUOUS
10
3.0067890157480313
20
2.1905760629921258
11
3.0072299212598423
21
2.1916404724409446
0
LINE
8
BLACK
6
CONTINUOUS
10
3.0072299212598423
20
2.1916404724409446
11
3.0080445669291338
21
2.1924551181102361
0
LINE
8
BLACK
6
CONTINUOUS
10
3.0080445669291338
20
2.1924551181102361
11
3.0091089763779526
21
2.1928960236220472
0
LINE
8
BLACK
6
CONTINUOUS
10
3.0091089763779526
20
2.1928960236220472
11
3.0096850393700785
21
2.192952755905512
0
LINE
8
BLACK
6
CONTINUOUS
10
3.0096850393700785
20
2.192952755905512
11
3.2850874015748031
21
2.192952755905512
0
LINE
8
BLACK
6
CONTINUOUS
10
3.2850874015748031
20
2.192952755905512
11
3.2856634645669289
21
2.1928960236220472
0
LINE
8
BLACK
6
CONTINUOUS
10
3.2277076377952754
20
1.0435410236220473
11
3.2278056299212596
21
1.0435004330708662
0
LINE
8
BLACK
6
CONTINUOUS
10
3.2278056299212596
20
1.0435004330708662
11
3.2279114566929135
21
1.0434929133858268
0
LINE
8
BLACK
6
CONTINUOUS
10
3.2279114566929135
20
1.0434929133858268
11
3.228452086614173
21
1.0432860236220471
0
LINE
8
BLACK
6
CONTINUOUS
10
3.228452086614173
20
1.0432860236220471
11
3.2322016141732282
21
1.0414112598425196
0
LINE
8
BLACK
6
CONTINUOUS
10
3.2322016141732282
20
1.0414112598425196
11
3.2324494881889763
21
1.0412552362204723
0
LINE
8
BLACK
6
CONTINUOUS
10
3.2324494881889763
20
1.0412552362204723
11
3.232521535433071
21
1.0412253937007874
0
LINE
8
BLACK
6
CONTINUOUS
10
3.232521535433071
20
1.0412253937007874
11
3.2326025590551182
21
1.0411588976377952
0
LINE
8
BLACK
6
CONTINUOUS
10
3.2326025590551182
20
1.0411588976377952
11
3.232691496062992
21
1.0411029133858267
0
LINE
8
BLACK
6
CONTINUOUS
10
3.232691496062992
20
1.0411029133858267
11
3.2327426377952757
21
1.0410439370078739
0
LINE
8
BLACK
6
CONTINUOUS
10
3.2327426377952757
20
1.0410439370078739
11
3.2329689763779528
21
1.0408581889763779
0
LINE
8
BLACK
6
CONTINUOUS
10
3.2329689763779528
20
1.0408581889763779
11
3.2348437795275591
21
1.0389834251968504
0
LINE
8
BLACK
6
CONTINUOUS
10
3.2348437795275591
20
1.0389834251968504
11
3.235029527559055
21
1.0387570866141731
0
LINE
8
BLACK
6
CONTINUOUS
10
3.235029527559055
20
1.0387570866141731
11
3.2350885826771654
21
1.0387058661417323
0
LINE
8
BLACK
6
CONTINUOUS
10
3.2350885826771654
20
1.0387058661417323
11
3.2351445669291339
21
1.0386169291338583
0
LINE
8
BLACK
6
CONTINUOUS
10
3.2351445669291339
20
1.0386169291338583
11
3.235211023622047
21
1.0385359448818898
0
LINE
8
BLACK
6
CONTINUOUS
10
3.235211023622047
20
1.0385359448818898
11
3.2352408267716535
21
1.0384640157480314
0
LINE
8
BLACK
6
CONTINUOUS
10
3.2352408267716535
20
1.0384640157480314
11
3.235396929133858
21
1.0382159842519685
0
LINE
8
BLACK
6
CONTINUOUS
10
3.235396929133858
20
1.0382159842519685
11
3.2372716929133856
21
1.0344664566929134
0
LINE
8
BLACK
6
CONTINUOUS
10
3.2372716929133856
20
1.0344664566929134
11
3.2374785826771655
21
1.0339258661417323
0
LINE
8
BLACK
6
CONTINUOUS
10
3.2374785826771655
20
1.0339258661417323
11
3.2374861023622046
21
1.03382
0
LINE
8
BLACK
6
CONTINUOUS
10
3.2374861023622046
20
1.03382
11
3.2375266929133857
21
1.0337220078740157
0
LINE
8
BLACK
6
CONTINUOUS
10
3.2375266929133857
20
1.0337220078740157
11
3.2375834251968505
21
1.0331459448818898
0
LINE
8
BLACK
6
CONTINUOUS
10
3.2375834251968505
20
1.0331459448818898
11
3.2375834251968505
21
1.023772125984252
0
LINE
8
BLACK
6
CONTINUOUS
10
3.2375834251968505
20
1.023772125984252
11
3.2375266929133857
21
1.023196062992126
0
LINE
8
BLACK
6
CONTINUOUS
10
3.2375266929133857
20
1.023196062992126
11
3.2374861023622046
21
1.0230981102362204
0
LINE
8
BLACK
6
CONTINUOUS
10
3.2374861023622046
20
1.0230981102362204
11
3.2374785826771655
21
1.0229922047244093
0
LINE
8
BLACK
6
CONTINUOUS
10
3.2374785826771655
20
1.0229922047244093
11
3.2372716929133856
21
1.0224516141732283
0
LINE
8
BLACK
6
CONTINUOUS
10
3.2372716929133856
20
1.0224516141732283
11
3.235396929133858
21
1.0187020866141732
0
LINE
8
BLACK
6
CONTINUOUS
10
3.235396929133858
20
1.0187020866141732
11
3.2352408267716535
21
1.018454094488189
0
LINE
8
BLACK
6
CONTINUOUS
10
3.2352408267716535
20
1.018454094488189
11
3.235211023622047
21
1.018382125984252
0
LINE
8
BLACK
6
CONTINUOUS
10
3.235211023622047
20
1.018382125984252
11
3.2351445669291339
21
1.0183011811023621
0
LINE
8
BLACK
6
CONTINUOUS
10
3.2351445669291339
20
1.0183011811023621
11
3.2350885826771654
21
1.0182122047244093
0
LINE
8
BLACK
6
CONTINUOUS
10
3.2350885826771654
20
1.0182122047244093
11
3.235029527559055
21
1.0181610236220473
0
LINE
8
BLACK
6
CONTINUOUS
10
3.235029527559055
20
1.0181610236220473
11
3.2348437795275591
21
1.0179346456692913
0
LINE
8
BLACK
6
CONTINUOUS
10
3.2348437795275591
20
1.0179346456692913
11
3.2329689763779528
21
1.0160598818897637
0
LINE
8
BLACK
6
CONTINUOUS
10
3.2329689763779528
20
1.0160598818897637
11
3.232521535433071
21
1.0156926771653543
0
LINE
8
BLACK
6
CONTINUOUS
10
3.232521535433071
20
1.0156926771653543
11
3.2314571259842517
21
1.0152518110236219
0
LINE
8
BLACK
6
CONTINUOUS
10
3.2314571259842517
20
1.0152518110236219
11
3.2303050393700787
21
1.0152518110236219
0
LINE
8
BLACK
6
CONTINUOUS
10
3.2303050393700787
20
1.0152518110236219
11
3.2292406299212599
21
1.015692716535433
0
LINE
8
BLACK
6
CONTINUOUS
10
3.2292406299212599
20
1.015692716535433
11
3.2284259448818897
21
1.016507401574803
0
LINE
8
BLACK
6
CONTINUOUS
10
3.2284259448818897
20
1.016507401574803
11
3.2279850787401574
21
1.017571811023622
0
LINE
8
BLACK
6
CONTINUOUS
10
3.2279850787401574
20
1.017571811023622
11
3.2279850787401574
21
1.0187238976377953
0
LINE
8
BLACK
6
CONTINUOUS
10
3.2279850787401574
20
1.0187238976377953
11
3.2284259842519685
21
1.0197883070866141
0
LINE
8
BLACK
6
CONTINUOUS
10
3.2284259842519685
20
1.0197883070866141
11
3.2287932283464564
21
1.0202357874015748
0
LINE
8
BLACK
6
CONTINUOUS
10
3.2287932283464564
20
1.0202357874015748
11
3.2303291732283466
21
1.0217717322834645
0
LINE
8
BLACK
6
CONTINUOUS
10
3.2303291732283466
20
1.0217717322834645
11
3.2316779133858269
21
1.0244691732283464
0
LINE
8
BLACK
6
CONTINUOUS
10
3.2316779133858269
20
1.0244691732283464
11
3.2316779133858269
21
1.0324488976377952
0
LINE
8
BLACK
6
CONTINUOUS
10
3.2316779133858269
20
1.0324488976377952
11
3.2303291732283466
21
1.0351463779527559
0
LINE
8
BLACK
6
CONTINUOUS
10
3.2303291732283466
20
1.0351463779527559
11
3.2291320078740156
21
1.0363435039370079
0
LINE
8
BLACK
6
CONTINUOUS
10
3.2291320078740156
20
1.0363435039370079
11
3.2264345275590549
21
1.0376922440944882
0
LINE
8
BLACK
6
CONTINUOUS
10
3.2264345275590549
20
1.0376922440944882
11
3.2184548031496063
21
1.0376922440944882
0
LINE
8
BLACK
6
CONTINUOUS
10
3.2184548031496063
20
1.0376922440944882
11
3.2157573228346457
21
1.0363435039370079
0
LINE
8
BLACK
6
CONTINUOUS
10
3.2157573228346457
20
1.0363435039370079
11
3.2145601968503938
21
1.0351463779527559
0
LINE
8
BLACK
6
CONTINUOUS
10
3.2145601968503938
20
1.0351463779527559
11
3.2132114566929135
21
1.0324488976377952
0
LINE
8
BLACK
6
CONTINUOUS
10
3.2132114566929135
20
1.0324488976377952
11
3.2132114566929135
21
1.0244691732283464
0
LINE
8
BLACK
6
CONTINUOUS
10
3.2132114566929135
20
1.0244691732283464
11
3.2145601968503938
21
1.0217716929133858
0
LINE
8
BLACK
6
CONTINUOUS
10
3.2145601968503938
20
1.0217716929133858
11
3.2160961417322835
21
1.0202357480314961
0
LINE
8
BLACK
6
CONTINUOUS
10
3.2160961417322835
20
1.0202357480314961
11
3.2164633464566927
21
1.0197883070866141
0
LINE
8
BLACK
6
CONTINUOUS
10
3.2164633464566927
20
1.0197883070866141
11
3.2165202362204726
21
1.0196509842519685
0
LINE
8
BLACK
6
CONTINUOUS
10
3.2165202362204726
20
1.0196509842519685
11
3.2166144094488187
21
1.0195358661417322
0
LINE
8
BLACK
6
CONTINUOUS
10
3.2166144094488187
20
1.0195358661417322
11
3.2167390944881888
21
1.0191225984251968
0
LINE
8
BLACK
6
CONTINUOUS
10
3.2167390944881888
20
1.0191225984251968
11
3.2169042519685038
21
1.0187238976377953
0
LINE
8
BLACK
6
CONTINUOUS
10
3.2169042519685038
20
1.0187238976377953
11
3.2169042519685038
21
1.0185752362204725
0
LINE
8
BLACK
6
CONTINUOUS
10
3.2169042519685038
20
1.0185752362204725
11
3.2169472047244092
21
1.018432874015748
0
LINE
8
BLACK
6
CONTINUOUS
10
3.2169472047244092
20
1.018432874015748
11
3.2169042519685038
21
1.0180033858267716
0
LINE
8
BLACK
6
CONTINUOUS
10
3.2169042519685038
20
1.0180033858267716
11
3.2169042519685038
21
1.017571811023622
0
LINE
8
BLACK
6
CONTINUOUS
10
3.2169042519685038
20
1.017571811023622
11
3.2168473228346457
21
1.0174344881889763
0
LINE
8
BLACK
6
CONTINUOUS
10
3.2168473228346457
20
1.0174344881889763
11
3.2168325590551179
21
1.0172864566929134
0
LINE
8
BLACK
6
CONTINUOUS
10
3.2168325590551179
20
1.0172864566929134
11
3.2166284251968502
21
1.0169060236220473
0
LINE
8
BLACK
6
CONTINUOUS
10
3.2166284251968502
20
1.0169060236220473
11
3.2164633464566927
21
1.016507401574803
0
LINE
8
BLACK
6
CONTINUOUS
10
3.2164633464566927
20
1.016507401574803
11
3.2163581889763777
21
1.016402283464567
0
LINE
8
BLACK
6
CONTINUOUS
10
3.2163581889763777
20
1.016402283464567
11
3.2162879133858269
21
1.0162712204724409
0
LINE
8
BLACK
6
CONTINUOUS
10
3.2162879133858269
20
1.0162712204724409
11
3.2159537007874013
21
1.0159977952755905
0
LINE
8
BLACK
6
CONTINUOUS
10
3.2159537007874013
20
1.0159977952755905
11
3.215648661417323
21
1.015692716535433
0
LINE
8
BLACK
6
CONTINUOUS
10
3.215648661417323
20
1.015692716535433
11
3.215511377952756
21
1.0156358661417322
0
LINE
8
BLACK
6
CONTINUOUS
10
3.215511377952756
20
1.0156358661417322
11
3.2153962598425196
21
1.0155416535433071
0
LINE
8
BLACK
6
CONTINUOUS
10
3.2153962598425196
20
1.0155416535433071
11
3.214982834645669
21
1.0154169291338582
0
LINE
8
BLACK
6
CONTINUOUS
10
3.214982834645669
20
1.0154169291338582
11
3.2145842519685037
21
1.0152518110236219
0
LINE
8
BLACK
6
CONTINUOUS
10
3.2145842519685037
20
1.0152518110236219
11
3.21443562992126
21
1.0152518110236219
0
LINE
8
BLACK
6
CONTINUOUS
10
3.21443562992126
20
1.0152518110236219
11
3.2142932677165352
21
1.0152088582677166
0
LINE
8
BLACK
6
CONTINUOUS
10
3.2142932677165352
20
1.0152088582677166
11
3.2137144094488188
21
1.0152097244094489
0
LINE
8
BLACK
6
CONTINUOUS
10
3.2137144094488188
20
1.0152097244094489
11
3.1949667716535433
21
1.0170844881889765
0
LINE
8
BLACK
6
CONTINUOUS
10
3.1949667716535433
20
1.0170844881889765
11
3.1947568503937007
21
1.0171265748031495
0
LINE
8
BLACK
6
CONTINUOUS
10
3.1947568503937007
20
1.0171265748031495
11
3.1946845275590552
21
1.0171265748031495
0
LINE
8
BLACK
6
CONTINUOUS
10
3.1946845275590552
20
1.0171265748031495
11
3.1946166929133857
21
1.01715468503937
0
LINE
8
BLACK
6
CONTINUOUS
10
3.1946166929133857
20
1.01715468503937
11
3.1943992125984253
21
1.0171982677165354
0
LINE
8
BLACK
6
CONTINUOUS
10
3.1943992125984253
20
1.0171982677165354
11
3.194018897637795
21
1.0174023228346456
0
LINE
8
BLACK
6
CONTINUOUS
10
3.194018897637795
20
1.0174023228346456
11
3.1936201181102359
21
1.0175674803149606
0
LINE
8
BLACK
6
CONTINUOUS
10
3.1936201181102359
20
1.0175674803149606
11
3.1935149212598426
21
1.0176726771653544
0
LINE
8
BLACK
6
CONTINUOUS
10
3.1935149212598426
20
1.0176726771653544
11
3.1933839763779526
21
1.0177429133858267
0
LINE
8
BLACK
6
CONTINUOUS
10
3.1933839763779526
20
1.0177429133858267
11
3.1931107086614174
21
1.0180768897637795
0
LINE
8
BLACK
6
CONTINUOUS
10
3.1931107086614174
20
1.0180768897637795
11
3.1928054724409449
21
1.018382125984252
0
LINE
8
BLACK
6
CONTINUOUS
10
3.1928054724409449
20
1.018382125984252
11
3.1927485433070864
21
1.0185194881889763
0
LINE
8
BLACK
6
CONTINUOUS
10
3.1927485433070864
20
1.0185194881889763
11
3.192654409448819
21
1.0186345669291339
0
LINE
8
BLACK
6
CONTINUOUS
10
3.192654409448819
20
1.0186345669291339
11
3.1925296850393701
21
1.019047874015748
0
LINE
8
BLACK
6
CONTINUOUS
10
3.1925296850393701
20
1.019047874015748
11
3.1923645669291338
21
1.0194465354330708
0
LINE
8
BLACK
6
CONTINUOUS
10
3.1923645669291338
20
1.0194465354330708
11
3.1923427952755903
21
1.0196672440944881
0
LINE
8
BLACK
6
CONTINUOUS
10
3.1923427952755903
20
1.0196672440944881
11
3.1923216141732285
21
1.0197375590551181
0
LINE
8
BLACK
6
CONTINUOUS
10
3.1923216141732285
20
1.0197375590551181
11
3.1923287795275588
21
1.0198095669291338
0
LINE
8
BLACK
6
CONTINUOUS
10
3.1923287795275588
20
1.0198095669291338
11
3.192307834645669
21
1.0200225984251969
0
LINE
8
BLACK
6
CONTINUOUS
10
3.192307834645669
20
1.0200225984251969
11
3.192307834645669
21
1.0387702362204725
0
LINE
8
BLACK
6
CONTINUOUS
10
3.192307834645669
20
1.0387702362204725
11
3.1923645669291338
21
1.0393462992125984
0
LINE
8
BLACK
6
CONTINUOUS
10
3.1923645669291338
20
1.0393462992125984
11
3.1928054724409449
21
1.0404107086614174
0
LINE
8
BLACK
6
CONTINUOUS
10
3.1928054724409449
20
1.0404107086614174
11
3.1936201181102359
21
1.0412253543307086
0
LINE
8
BLACK
6
CONTINUOUS
10
3.1936201181102359
20
1.0412253543307086
11
3.1946845275590552
21
1.0416662598425197
0
LINE
8
BLACK
6
CONTINUOUS
10
3.1946845275590552
20
1.0416662598425197
11
3.1958366535433069
21
1.0416662598425197
0
LINE
8
BLACK
6
CONTINUOUS
10
3.1958366535433069
20
1.0416662598425197
11
3.1969010629921257
21
1.0412253543307086
0
LINE
8
BLACK
6
CONTINUOUS
10
3.1969010629921257
20
1.0412253543307086
11
3.1977157086614172
21
1.0404107086614174
0
LINE
8
BLACK
6
CONTINUOUS
10
3.1977157086614172
20
1.0404107086614174
11
3.1981566141732283
21
1.0393462992125984
0
LINE
8
BLACK
6
CONTINUOUS
10
3.1981566141732283
20
1.0393462992125984
11
3.1982133464566926
21
1.0387702362204725
0
LINE
8
BLACK
6
CONTINUOUS
10
3.1982133464566926
20
1.0387702362204725
11
3.1982133464566926
21
1.0226948425196851
0
LINE
8
BLACK
6
CONTINUOUS
10
3.1982133464566926
20
1.0226948425196851
11
3.2079846062992123
21
1.021717716535433
0
LINE
8
BLACK
6
CONTINUOUS
10
3.2079846062992123
20
1.021717716535433
11
3.2076176771653544
21
1.0224516141732283
0
LINE
8
BLACK
6
CONTINUOUS
10
3.2076176771653544
20
1.0224516141732283
11
3.2074107874015749
21
1.0229922440944881
0
LINE
8
BLACK
6
CONTINUOUS
10
3.2074107874015749
20
1.0229922440944881
11
3.2074032677165354
21
1.0230980708661417
0
LINE
8
BLACK
6
CONTINUOUS
10
3.2074032677165354
20
1.0230980708661417
11
3.2073626771653543
21
1.023196062992126
0
LINE
8
BLACK
6
CONTINUOUS
10
3.2073626771653543
20
1.023196062992126
11
3.2073059448818895
21
1.023772125984252
0
LINE
8
BLACK
6
CONTINUOUS
10
3.2073059448818895
20
1.023772125984252
11
3.2073059448818895
21
1.0331459448818898
0
LINE
8
BLACK
6
CONTINUOUS
10
3.2073059448818895
20
1.0331459448818898
11
3.2073626771653543
21
1.0337220078740157
0
LINE
8
BLACK
6
CONTINUOUS
10
3.2073626771653543
20
1.0337220078740157
11
3.2074032677165354
21
1.0338200393700787
0
LINE
8
BLACK
6
CONTINUOUS
10
3.2074032677165354
20
1.0338200393700787
11
3.2074107874015749
21
1.0339258267716536
0
LINE
8
BLACK
6
CONTINUOUS
10
3.2074107874015749
20
1.0339258267716536
11
3.2076176771653544
21
1.0344664566929134
0
LINE
8
BLACK
6
CONTINUOUS
10
3.2076176771653544
20
1.0344664566929134
11
3.209492440944882
21
1.0382159842519685
0
LINE
8
BLACK
6
CONTINUOUS
10
3.209492440944882
20
1.0382159842519685
11
3.2096485039370077
21
1.0384640157480314
0
LINE
8
BLACK
6
CONTINUOUS
10
3.2096485039370077
20
1.0384640157480314
11
3.2096783464566929
21
1.0385359448818898
0
LINE
8
BLACK
6
CONTINUOUS
10
3.2096783464566929
20
1.0385359448818898
11
3.2097448031496061
21
1.0386169291338583
0
LINE
8
BLACK
6
CONTINUOUS
10
3.2097448031496061
20
1.0386169291338583
11
3.2098007874015746
21
1.0387058661417323
0
LINE
8
BLACK
6
CONTINUOUS
10
3.2098007874015746
20
1.0387058661417323
11
3.2098597637795274
21
1.0387570472440946
0
LINE
8
BLACK
6
CONTINUOUS
10
3.2098597637795274
20
1.0387570472440946
11
3.2100455511811021
21
1.0389833858267716
0
LINE
8
BLACK
6
CONTINUOUS
10
3.2100455511811021
20
1.0389833858267716
11
3.2119203149606297
21
1.0408581496062992
0
LINE
8
BLACK
6
CONTINUOUS
10
3.2119203149606297
20
1.0408581496062992
11
3.2121466535433072
21
1.0410439370078739
0
LINE
8
BLACK
6
CONTINUOUS
10
3.2121466535433072
20
1.0410439370078739
11
3.2121978346456692
21
1.0411029133858267
0
LINE
8
BLACK
6
CONTINUOUS
10
3.2121978346456692
20
1.0411029133858267
11
3.212286771653543
21
1.0411588976377952
0
LINE
8
BLACK
6
CONTINUOUS
10
3.212286771653543
20
1.0411588976377952
11
3.2123677559055119
21
1.0412253543307086
0
LINE
8
BLACK
6
CONTINUOUS
10
3.2123677559055119
20
1.0412253543307086
11
3.2124396850393699
21
1.0412551968503936
0
LINE
8
BLACK
6
CONTINUOUS
10
3.2124396850393699
20
1.0412551968503936
11
3.2126877165354331
21
1.0414112598425196
0
LINE
8
BLACK
6
CONTINUOUS
10
3.2126877165354331
20
1.0414112598425196
11
3.2164372440944882
21
1.0432860236220471
0
LINE
8
BLACK
6
CONTINUOUS
10
3.2164372440944882
20
1.0432860236220471
11
3.216977834645669
21
1.0434929133858268
0
LINE
8
BLACK
6
CONTINUOUS
10
3.216977834645669
20
1.0434929133858268
11
3.2170837007874016
21
1.0435004724409449
0
LINE
8
BLACK
6
CONTINUOUS
10
3.2170837007874016
20
1.0435004724409449
11
3.2171816929133858
21
1.0435410236220473
0
LINE
8
BLACK
6
CONTINUOUS
10
3.2171816929133858
20
1.0435410236220473
11
3.2177577559055117
21
1.0435977559055118
0
LINE
8
BLACK
6
CONTINUOUS
10
3.2177577559055117
20
1.0435977559055118
11
3.2271315748031495
21
1.0435977559055118
0
LINE
8
BLACK
6
CONTINUOUS
10
3.2271315748031495
20
1.0435977559055118
11
3.2277076377952754
21
1.0435410236220473
0
LINE
8
BLACK
6
CONTINUOUS
10
3.2197330314960628
20
1.0810831889763779
11
3.2197760629921257
21
1.0810895669291338
0
LINE
8
BLACK
6
CONTINUOUS
10
3.2197760629921257
20
1.0810895669291338
11
3.2199915354330706
21
1.0810577165354331
0
LINE
8
BLACK
6
CONTINUOUS
10
3.2199915354330706
20
1.0810577165354331
11
3.2202085826771651
21
1.0810363385826771
0
LINE
8
BLACK
6
CONTINUOUS
10
3.2202085826771651
20
1.0810363385826771
11
3.2202487795275592
21
1.0810197244094488
0
LINE
8
BLACK
6
CONTINUOUS
10
3.2202487795275592
20
1.0810197244094488
11
3.2203486614173227
21
1.0810049212598425
0
LINE
8
BLACK
6
CONTINUOUS
10
3.2203486614173227
20
1.0810049212598425
11
3.2278477165354329
21
1.0791301574803149
0
LINE
8
BLACK
6
CONTINUOUS
10
3.2278477165354329
20
1.0791301574803149
11
3.2278901968503937
21
1.079115
0
LINE
8
BLACK
6
CONTINUOUS
10
3.2278901968503937
20
1.079115
11
3.2279114566929135
21
1.0791134645669291
0
LINE
8
BLACK
6
CONTINUOUS
10
3.2279114566929135
20
1.0791134645669291
11
3.2281508661417324
21
1.0790218503937008
0
LINE
8
BLACK
6
CONTINUOUS
10
3.2281508661417324
20
1.0790218503937008
11
3.2283928346456694
21
1.0789353937007873
0
LINE
8
BLACK
6
CONTINUOUS
10
3.2283928346456694
20
1.0789353937007873
11
3.228409960629921
21
1.0789227165354331
0
LINE
8
BLACK
6
CONTINUOUS
10
3.228409960629921
20
1.0789227165354331
11
3.228452086614173
21
1.0789065748031497
0
LINE
8
BLACK
6
CONTINUOUS
10
3.228452086614173
20
1.0789065748031497
11
3.2322016141732282
21
1.0770318110236221
0
LINE
8
BLACK
6
CONTINUOUS
10
3.2322016141732282
20
1.0770318110236221
11
3.2324494881889763
21
1.0768757874015749
0
LINE
8
BLACK
6
CONTINUOUS
10
3.2324494881889763
20
1.0768757874015749
11
3.232521535433071
21
1.0768459448818897
0
LINE
8
BLACK
6
CONTINUOUS
10
3.232521535433071
20
1.0768459448818897
11
3.2326025590551182
21
1.0767794488188975
0
LINE
8
BLACK
6
CONTINUOUS
10
3.2326025590551182
20
1.0767794488188975
11
3.232691496062992
21
1.076723464566929
0
LINE
8
BLACK
6
CONTINUOUS
10
3.232691496062992
20
1.076723464566929
11
3.2327426377952757
21
1.0766644881889764
0
LINE
8
BLACK
6
CONTINUOUS
10
3.2327426377952757
20
1.0766644881889764
11
3.2329689763779528
21
1.0764787401574802
0
LINE
8
BLACK
6
CONTINUOUS
10
3.2329689763779528
20
1.0764787401574802
11
3.2348437795275591
21
1.0746039763779527
0
LINE
8
BLACK
6
CONTINUOUS
10
3.2348437795275591
20
1.0746039763779527
11
3.235029527559055
21
1.0743776377952756
0
LINE
8
BLACK
6
CONTINUOUS
10
3.235029527559055
20
1.0743776377952756
11
3.2350885826771654
21
1.0743264173228346
0
LINE
8
BLACK
6
CONTINUOUS
10
3.2350885826771654
20
1.0743264173228346
11
3.2351445669291339
21
1.0742374803149606
0
LINE
8
BLACK
6
CONTINUOUS
10
3.2351445669291339
20
1.0742374803149606
11
3.235211023622047
21
1.0741564960629921
0
LINE
8
BLACK
6
CONTINUOUS
10
3.235211023622047
20
1.0741564960629921
11
3.2352408267716535
21
1.0740845669291339
0
LINE
8
BLACK
6
CONTINUOUS
10
3.2352408267716535
20
1.0740845669291339
11
3.235396929133858
21
1.0738365354330708
0
LINE
8
BLACK
6
CONTINUOUS
10
3.235396929133858
20
1.0738365354330708
11
3.2372716929133856
21
1.0700870078740157
0
LINE
8
BLACK
6
CONTINUOUS
10
3.2372716929133856
20
1.0700870078740157
11
3.2374785826771655
21
1.0695464173228346
0
LINE
8
BLACK
6
CONTINUOUS
10
3.2374785826771655
20
1.0695464173228346
11
3.2374861023622046
21
1.0694405511811023
0
LINE
8
BLACK
6
CONTINUOUS
10
3.2374861023622046
20
1.0694405511811023
11
3.2375266929133857
21
1.069342559055118
0
LINE
8
BLACK
6
CONTINUOUS
10
3.2375266929133857
20
1.069342559055118
11
3.2375834251968505
21
1.0687664960629921
0
LINE
8
BLACK
6
CONTINUOUS
10
3.2375834251968505
20
1.0687664960629921
11
3.2375834251968505
21
1.065016968503937
0
LINE
8
BLACK
6
CONTINUOUS
10
3.2375834251968505
20
1.065016968503937
11
3.2375266929133857
21
1.0644409055118109
0
LINE
8
BLACK
6
CONTINUOUS
10
3.2375266929133857
20
1.0644409055118109
11
3.2374861023622046
21
1.0643429527559054
0
LINE
8
BLACK
6
CONTINUOUS
10
3.2374861023622046
20
1.0643429527559054
11
3.2374785826771655
21
1.0642370472440945
0
LINE
8
BLACK
6
CONTINUOUS
10
3.2374785826771655
20
1.0642370472440945
11
3.2372716929133856
21
1.0636964566929135
0
LINE
8
BLACK
6
CONTINUOUS
10
3.2372716929133856
20
1.0636964566929135
11
3.235396929133858
21
1.0599469291338584
0
LINE
8
BLACK
6
CONTINUOUS
10
3.235396929133858
20
1.0599469291338584
11
3.2352408267716535
21
1.059698937007874
0
LINE
8
BLACK
6
CONTINUOUS
10
3.2352408267716535
20
1.059698937007874
11
3.235211023622047
21
1.059626968503937
0
LINE
8
BLACK
6
CONTINUOUS
10
3.235211023622047
20
1.059626968503937
11
3.2351445669291339
21
1.0595460236220473
0
LINE
8
BLACK
6
CONTINUOUS
10
3.2351445669291339
20
1.0595460236220473
11
3.2350885826771654
21
1.0594570472440945
0
LINE
8
BLACK
6
CONTINUOUS
10
3.2350885826771654
20
1.0594570472440945
11
3.235029527559055
21
1.0594058661417323
0
LINE
8
BLACK
6
CONTINUOUS
10
3.235029527559055
20
1.0594058661417323
11
3.2348437795275591
21
1.0591794881889764
0
LINE
8
BLACK
6
CONTINUOUS
10
3.2348437795275591
20
1.0591794881889764
11
3.2329689763779528
21
1.0573047244094489
0
LINE
8
BLACK
6
CONTINUOUS
10
3.2329689763779528
20
1.0573047244094489
11
3.2327426377952757
21
1.0571190157480315
0
LINE
8
BLACK
6
CONTINUOUS
10
3.2327426377952757
20
1.0571190157480315
11
3.232691496062992
21
1.0570599999999999
0
LINE
8
BLACK
6
CONTINUOUS
10
3.232691496062992
20
1.0570599999999999
11
3.2326025590551182
21
1.0570040551181101
0
LINE
8
BLACK
6
CONTINUOUS
10
3.2326025590551182
20
1.0570040551181101
11
3.232521535433071
21
1.0569375196850392
0
LINE
8
BLACK
6
CONTINUOUS
10
3.232521535433071
20
1.0569375196850392
11
3.2324494881889763
21
1.056907716535433
0
LINE
8
BLACK
6
CONTINUOUS
10
3.2324494881889763
20
1.056907716535433
11
3.2322016141732282
21
1.056751653543307
0
LINE
8
BLACK
6
CONTINUOUS
10
3.2322016141732282
20
1.056751653543307
11
3.228452086614173
21
1.0548768897637795
0
LINE
8
BLACK
6
CONTINUOUS
10
3.228452086614173
20
1.0548768897637795
11
3.228409960629921
21
1.0548607874015747
0
LINE
8
BLACK
6
CONTINUOUS
10
3.228409960629921
20
1.0548607874015747
11
3.2283928346456694
21
1.0548480708661416
0
LINE
8
BLACK
6
CONTINUOUS
10
3.2283928346456694
20
1.0548480708661416
11
3.2281508661417324
21
1.0547616535433071
0
LINE
8
BLACK
6
CONTINUOUS
10
3.2281508661417324
20
1.0547616535433071
11
3.2279114566929135
21
1.05467
0
LINE
8
BLACK
6
CONTINUOUS
10
3.2279114566929135
20
1.05467
11
3.2278901968503937
21
1.0546685039370078
0
LINE
8
BLACK
6
CONTINUOUS
10
3.2278901968503937
20
1.0546685039370078
11
3.2278477165354329
21
1.0546533070866142
0
LINE
8
BLACK
6
CONTINUOUS
10
3.2278477165354329
20
1.0546533070866142
11
3.2203486614173227
21
1.0527785433070866
0
LINE
8
BLACK
6
CONTINUOUS
10
3.2203486614173227
20
1.0527785433070866
11
3.2202487795275592
21
1.0527637795275591
0
LINE
8
BLACK
6
CONTINUOUS
10
3.2202487795275592
20
1.0527637795275591
11
3.2202085826771651
21
1.052747125984252
0
LINE
8
BLACK
6
CONTINUOUS
10
3.2202085826771651
20
1.052747125984252
11
3.2199915354330706
21
1.0527257874015747
0
LINE
8
BLACK
6
CONTINUOUS
10
3.2199915354330706
20
1.0527257874015747
11
3.2197760629921257
21
1.0526938976377953
0
LINE
8
BLACK
6
CONTINUOUS
10
3.2197760629921257
20
1.0526938976377953
11
3.2197330314960628
21
1.05270031496063
0
LINE
8
BLACK
6
CONTINUOUS
10
3.2197330314960628
20
1.05270031496063
11
3.2196325196850393
21
1.0526903937007874
0
LINE
8
BLACK
6
CONTINUOUS
10
3.2196325196850393
20
1.0526903937007874
11
3.2102587007874015
21
1.0526903937007874
0
LINE
8
BLACK
6
CONTINUOUS
10
3.2102587007874015
20
1.0526903937007874
11
3.2101581496062992
21
1.05270031496063
0
LINE
8
BLACK
6
CONTINUOUS
10
3.2101581496062992
20
1.05270031496063
11
3.2101151574803151
21
1.0526938976377953
0
LINE
8
BLACK
6
CONTINUOUS
10
3.2101151574803151
20
1.0526938976377953
11
3.2098996456692914
21
1.0527257874015747
0
LINE
8
BLACK
6
CONTINUOUS
10
3.2098996456692914
20
1.0527257874015747
11
3.2096826377952756
21
1.052747125984252
0
LINE
8
BLACK
6
CONTINUOUS
10
3.2096826377952756
20
1.052747125984252
11
3.2096424015748033
21
1.0527637795275591
0
LINE
8
BLACK
6
CONTINUOUS
10
3.2096424015748033
20
1.0527637795275591
11
3.2095425590551181
21
1.0527785433070866
0
LINE
8
BLACK
6
CONTINUOUS
10
3.2095425590551181
20
1.0527785433070866
11
3.2020435039370079
21
1.0546533070866142
0
LINE
8
BLACK
6
CONTINUOUS
10
3.2020435039370079
20
1.0546533070866142
11
3.2020009842519683
21
1.0546685039370078
0
LINE
8
BLACK
6
CONTINUOUS
10
3.2020009842519683
20
1.0546685039370078
11
3.2019797244094486
21
1.05467
0
LINE
8
BLACK
6
CONTINUOUS
10
3.2019797244094486
20
1.05467
11
3.2017399606299213
21
1.0547617716535433
0
LINE
8
BLACK
6
CONTINUOUS
10
3.2017399606299213
20
1.0547617716535433
11
3.2014983858267714
21
1.0548480708661416
0
LINE
8
BLACK
6
CONTINUOUS
10
3.2014983858267714
20
1.0548480708661416
11
3.201481220472441
21
1.0548607874015747
0
LINE
8
BLACK
6
CONTINUOUS
10
3.201481220472441
20
1.0548607874015747
11
3.2014391338582677
21
1.0548768897637795
0
LINE
8
BLACK
6
CONTINUOUS
10
3.2014391338582677
20
1.0548768897637795
11
3.1976896062992126
21
1.056751653543307
0
LINE
8
BLACK
6
CONTINUOUS
10
3.1976896062992126
20
1.056751653543307
11
3.1974415748031495
21
1.0569077559055118
0
LINE
8
BLACK
6
CONTINUOUS
10
3.1974415748031495
20
1.0569077559055118
11
3.197369645669291
21
1.056937559055118
0
LINE
8
BLACK
6
CONTINUOUS
10
3.197369645669291
20
1.056937559055118
11
3.1972886614173226
21
1.0570040551181101
0
LINE
8
BLACK
6
CONTINUOUS
10
3.1972886614173226
20
1.0570040551181101
11
3.1971997244094488
21
1.0570599999999999
0
LINE
8
BLACK
6
CONTINUOUS
10
3.1971997244094488
20
1.0570599999999999
11
3.1971485433070868
21
1.0571190157480315
0
LINE
8
BLACK
6
CONTINUOUS
10
3.1971485433070868
20
1.0571190157480315
11
3.1969222047244092
21
1.0573047637795276
0
LINE
8
BLACK
6
CONTINUOUS
10
3.1969222047244092
20
1.0573047637795276
11
3.1950474409448817
21
1.0591795275590552
0
LINE
8
BLACK
6
CONTINUOUS
10
3.1950474409448817
20
1.0591795275590552
11
3.194861653543307
21
1.059405905511811
0
LINE
8
BLACK
6
CONTINUOUS
10
3.194861653543307
20
1.059405905511811
11
3.1948026771653542
21
1.0594570472440945
0
LINE
8
BLACK
6
CONTINUOUS
10
3.1948026771653542
20
1.0594570472440945
11
3.1947466929133856
21
1.0595460236220473
0
LINE
8
BLACK
6
CONTINUOUS
10
3.1947466929133856
20
1.0595460236220473
11
3.1946802362204725
21
1.059626968503937
0
LINE
8
BLACK
6
CONTINUOUS
10
3.1946802362204725
20
1.059626968503937
11
3.1946503937007873
21
1.059698937007874
0
LINE
8
BLACK
6
CONTINUOUS
10
3.1946503937007873
20
1.059698937007874
11
3.1944943307086615
21
1.0599469291338584
0
LINE
8
BLACK
6
CONTINUOUS
10
3.1944943307086615
20
1.0599469291338584
11
3.192619566929134
21
1.0636964566929135
0
LINE
8
BLACK
6
CONTINUOUS
10
3.192619566929134
20
1.0636964566929135
11
3.192412677165354
21
1.0642370866141733
0
LINE
8
BLACK
6
CONTINUOUS
10
3.192412677165354
20
1.0642370866141733
11
3.1924051574803149
21
1.0643429133858266
0
LINE
8
BLACK
6
CONTINUOUS
10
3.1924051574803149
20
1.0643429133858266
11
3.1923645669291338
21
1.0644409055118109
0
LINE
8
BLACK
6
CONTINUOUS
10
3.1923645669291338
20
1.0644409055118109
11
3.192307834645669
21
1.065016968503937
0
LINE
8
BLACK
6
CONTINUOUS
10
3.192307834645669
20
1.065016968503937
11
3.192307834645669
21
1.0687664960629921
0
LINE
8
BLACK
6
CONTINUOUS
10
3.192307834645669
20
1.0687664960629921
11
3.1923645669291338
21
1.069342559055118
0
LINE
8
BLACK
6
CONTINUOUS
10
3.1923645669291338
20
1.069342559055118
11
3.1924051574803149
21
1.069440590551181
0
LINE
8
BLACK
6
CONTINUOUS
10
3.1924051574803149
20
1.069440590551181
11
3.192412677165354
21
1.0695463779527559
0
LINE
8
BLACK
6
CONTINUOUS
10
3.192412677165354
20
1.0695463779527559
11
3.192619566929134
21
1.0700870078740157
0
LINE
8
BLACK
6
CONTINUOUS
10
3.192619566929134
20
1.0700870078740157
11
3.1944943307086615
21
1.0738365354330708
0
LINE
8
BLACK
6
CONTINUOUS
10
3.1944943307086615
20
1.0738365354330708
11
3.1946503937007873
21
1.0740845669291339
0
LINE
8
BLACK
6
CONTINUOUS
10
3.1946503937007873
20
1.0740845669291339
11
3.1946802362204725
21
1.0741564960629921
0
LINE
8
BLACK
6
CONTINUOUS
10
3.1946802362204725
20
1.0741564960629921
11
3.1947466929133856
21
1.0742374803149606
0
LINE
8
BLACK
6
CONTINUOUS
10
3.1947466929133856
20
1.0742374803149606
11
3.1948026771653542
21
1.0743264173228346
0
LINE
8
BLACK
6
CONTINUOUS
10
3.1948026771653542
20
1.0743264173228346
11
3.194861653543307
21
1.0743775984251969
0
LINE
8
BLACK
6
CONTINUOUS
10
3.194861653543307
20
1.0743775984251969
11
3.1950474409448817
21
1.0746039370078739
0
LINE
8
BLACK
6
CONTINUOUS
10
3.1950474409448817
20
1.0746039370078739
11
3.1969222047244092
21
1.0764787007874015
0
LINE
8
BLACK
6
CONTINUOUS
10
3.1969222047244092
20
1.0764787007874015
11
3.1971485433070868
21
1.0766644881889764
0
LINE
8
BLACK
6
CONTINUOUS
10
3.1971485433070868
20
1.0766644881889764
11
3.1971997244094488
21
1.076723464566929
0
LINE
8
BLACK
6
CONTINUOUS
10
3.1971997244094488
20
1.076723464566929
11
3.1972886614173226
21
1.0767794488188975
0
LINE
8
BLACK
6
CONTINUOUS
10
3.1972886614173226
20
1.0767794488188975
11
3.197369645669291
21
1.0768459055118109
0
LINE
8
BLACK
6
CONTINUOUS
10
3.197369645669291
20
1.0768459055118109
11
3.1974415748031495
21
1.0768757480314961
0
LINE
8
BLACK
6
CONTINUOUS
10
3.1974415748031495
20
1.0768757480314961
11
3.1976896062992126
21
1.0770318110236221
0
LINE
8
BLACK
6
CONTINUOUS
10
3.1976896062992126
20
1.0770318110236221
11
3.2014391338582677
21
1.0789065748031497
0
LINE
8
BLACK
6
CONTINUOUS
10
3.2014391338582677
20
1.0789065748031497
11
3.201481220472441
21
1.0789227165354331
0
LINE
8
BLACK
6
CONTINUOUS
10
3.201481220472441
20
1.0789227165354331
11
3.2014983858267714
21
1.0789353937007873
0
LINE
8
BLACK
6
CONTINUOUS
10
3.2014983858267714
20
1.0789353937007873
11
3.2017399606299213
21
1.0790217322834645
0
LINE
8
BLACK
6
CONTINUOUS
10
3.2017399606299213
20
1.0790217322834645
11
3.2019797244094486
21
1.0791134645669291
0
LINE
8
BLACK
6
CONTINUOUS
10
3.2019797244094486
20
1.0791134645669291
11
3.2020009842519683
21
1.079115
0
LINE
8
BLACK
6
CONTINUOUS
10
3.2020009842519683
20
1.079115
11
3.2020435039370079
21
1.0791301574803149
0
LINE
8
BLACK
6
CONTINUOUS
10
3.2020435039370079
20
1.0791301574803149
11
3.2095425590551181
21
1.0810049212598425
0
LINE
8
BLACK
6
CONTINUOUS
10
3.2095425590551181
20
1.0810049212598425
11
3.2096424015748033
21
1.0810197244094488
0
LINE
8
BLACK
6
CONTINUOUS
10
3.2096424015748033
20
1.0810197244094488
11
3.2096826377952756
21
1.0810363385826771
0
LINE
8
BLACK
6
CONTINUOUS
10
3.2096826377952756
20
1.0810363385826771
11
3.2098996456692914
21
1.0810577165354331
0
LINE
8
BLACK
6
CONTINUOUS
10
3.2098996456692914
20
1.0810577165354331
11
3.2101151574803151
21
1.0810895669291338
0
LINE
8
BLACK
6
CONTINUOUS
10
3.2101151574803151
20
1.0810895669291338
11
3.2101581496062992
21
1.0810831889763779
0
LINE
8
BLACK
6
CONTINUOUS
10
3.2101581496062992
20
1.0810831889763779
11
3.2102587007874015
21
1.0810930708661417
0
LINE
8
BLACK
6
CONTINUOUS
10
3.2102587007874015
20
1.0810930708661417
11
3.2196325196850393
21
1.0810930708661417
0
LINE
8
BLACK
6
CONTINUOUS
10
3.2196325196850393
20
1.0810930708661417
11
3.2197330314960628
21
1.0810831889763779
0
LINE
8
BLACK
6
CONTINUOUS
10
3.2037901968503935
20
1.0734795669291339
11
3.2007592125984252
21
1.0719640551181102
0
LINE
8
BLACK
6
CONTINUOUS
10
3.2007592125984252
20
1.0719640551181102
11
3.199562086614173
21
1.0707669291338582
0
LINE
8
BLACK
6
CONTINUOUS
10
3.199562086614173
20
1.0707669291338582
11
3.1982133464566926
21
1.0680694488188975
0
LINE
8
BLACK
6
CONTINUOUS
10
3.1982133464566926
20
1.0680694488188975
11
3.1982133464566926
21
1.0657140157480314
0
LINE
8
BLACK
6
CONTINUOUS
10
3.1982133464566926
20
1.0657140157480314
11
3.199562086614173
21
1.063016535433071
0
LINE
8
BLACK
6
CONTINUOUS
10
3.199562086614173
20
1.063016535433071
11
3.2007592125984252
21
1.0618194094488189
0
LINE
8
BLACK
6
CONTINUOUS
10
3.2007592125984252
20
1.0618194094488189
11
3.2037901968503935
21
1.060303937007874
0
LINE
8
BLACK
6
CONTINUOUS
10
3.2037901968503935
20
1.060303937007874
11
3.210622244094488
21
1.058595905511811
0
LINE
8
BLACK
6
CONTINUOUS
10
3.210622244094488
20
1.058595905511811
11
3.2192689763779527
21
1.058595905511811
0
LINE
8
BLACK
6
CONTINUOUS
10
3.2192689763779527
20
1.058595905511811
11
3.2261010236220473
21
1.060303937007874
0
LINE
8
BLACK
6
CONTINUOUS
10
3.2261010236220473
20
1.060303937007874
11
3.2291320078740156
21
1.0618194488188977
0
LINE
8
BLACK
6
CONTINUOUS
10
3.2291320078740156
20
1.0618194488188977
11
3.2303291732283466
21
1.0630165748031495
0
LINE
8
BLACK
6
CONTINUOUS
10
3.2303291732283466
20
1.0630165748031495
11
3.2316779133858269
21
1.0657140157480314
0
LINE
8
BLACK
6
CONTINUOUS
10
3.2316779133858269
20
1.0657140157480314
11
3.2316779133858269
21
1.0680694488188975
0
LINE
8
BLACK
6
CONTINUOUS
10
3.2316779133858269
20
1.0680694488188975
11
3.2303291732283466
21
1.0707669291338582
0
LINE
8
BLACK
6
CONTINUOUS
10
3.2303291732283466
20
1.0707669291338582
11
3.2291320078740156
21
1.0719640551181102
0
LINE
8
BLACK
6
CONTINUOUS
10
3.2291320078740156
20
1.0719640551181102
11
3.2261010236220473
21
1.0734795669291339
0
LINE
8
BLACK
6
CONTINUOUS
10
3.2261010236220473
20
1.0734795669291339
11
3.2192689763779527
21
1.0751875590551181
0
LINE
8
BLACK
6
CONTINUOUS
10
3.2192689763779527
20
1.0751875590551181
11
3.210622244094488
21
1.0751875590551181
0
LINE
8
BLACK
6
CONTINUOUS
10
3.210622244094488
20
1.0751875590551181
11
3.2037901968503935
21
1.0734795669291339
0
LINE
8
BLACK
6
CONTINUOUS
10
3.2343962992125985
20
1.0993431496062991
11
3.234396377952756
21
1.0993431102362206
0
LINE
8
BLACK
6
CONTINUOUS
10
3.234396377952756
20
1.0993431102362206
11
3.2348438188976378
21
1.0989759055118109
0
LINE
8
BLACK
6
CONTINUOUS
10
3.2348438188976378
20
1.0989759055118109
11
3.2367185826771654
21
1.0971011417322833
0
LINE
8
BLACK
6
CONTINUOUS
10
3.2367185826771654
20
1.0971011417322833
11
3.2370857874015746
21
1.0966537007874015
0
LINE
8
BLACK
6
CONTINUOUS
10
3.2370857874015746
20
1.0966537007874015
11
3.2372273622047243
21
1.0963119291338583
0
LINE
8
BLACK
6
CONTINUOUS
10
3.2372273622047243
20
1.0963119291338583
11
3.2375266929133857
21
1.095589251968504
0
LINE
8
BLACK
6
CONTINUOUS
10
3.2375266929133857
20
1.095589251968504
11
3.2375266929133857
21
1.0944371653543308
0
LINE
8
BLACK
6
CONTINUOUS
10
3.2375266929133857
20
1.0944371653543308
11
3.2370857874015746
21
1.0933727559055118
0
LINE
8
BLACK
6
CONTINUOUS
10
3.2370857874015746
20
1.0933727559055118
11
3.2367185826771654
21
1.0929253149606299
0
LINE
8
BLACK
6
CONTINUOUS
10
3.2367185826771654
20
1.0929253149606299
11
3.2348438188976378
21
1.0910505511811024
0
LINE
8
BLACK
6
CONTINUOUS
10
3.2348438188976378
20
1.0910505511811024
11
3.234396377952756
21
1.090683346456693
0
LINE
8
BLACK
6
CONTINUOUS
10
3.234396377952756
20
1.090683346456693
11
3.2333319685039368
21
1.0902424409448819
0
LINE
8
BLACK
6
CONTINUOUS
10
3.2333319685039368
20
1.0902424409448819
11
3.2321798818897638
21
1.0902424409448819
0
LINE
8
BLACK
6
CONTINUOUS
10
3.2321798818897638
20
1.0902424409448819
11
3.231115472440945
21
1.0906833070866142
0
LINE
8
BLACK
6
CONTINUOUS
10
3.231115472440945
20
1.0906833070866142
11
3.230667992125984
21
1.0910505511811024
0
LINE
8
BLACK
6
CONTINUOUS
10
3.230667992125984
20
1.0910505511811024
11
3.2287932283464564
21
1.0929252755905512
0
LINE
8
BLACK
6
CONTINUOUS
10
3.2287932283464564
20
1.0929252755905512
11
3.2284259842519685
21
1.0933727559055118
0
LINE
8
BLACK
6
CONTINUOUS
10
3.2284259842519685
20
1.0933727559055118
11
3.2284259448818897
21
1.0933727952755905
0
LINE
8
BLACK
6
CONTINUOUS
10
3.2284259448818897
20
1.0933727952755905
11
3.2279850787401574
21
1.0944372047244095
0
LINE
8
BLACK
6
CONTINUOUS
10
3.2279850787401574
20
1.0944372047244095
11
3.2279850787401574
21
1.0955892913385827
0
LINE
8
BLACK
6
CONTINUOUS
10
3.2279850787401574
20
1.0955892913385827
11
3.2282844094488188
21
1.0963119291338583
0
LINE
8
BLACK
6
CONTINUOUS
10
3.2282844094488188
20
1.0963119291338583
11
3.2284259448818897
21
1.0966536614173228
0
LINE
8
BLACK
6
CONTINUOUS
10
3.2284259448818897
20
1.0966536614173228
11
3.2284259842519685
21
1.0966537007874015
0
LINE
8
BLACK
6
CONTINUOUS
10
3.2284259842519685
20
1.0966537007874015
11
3.2287932283464564
21
1.0971011811023621
0
LINE
8
BLACK
6
CONTINUOUS
10
3.2287932283464564
20
1.0971011811023621
11
3.230667992125984
21
1.0989759055118109
0
LINE
8
BLACK
6
CONTINUOUS
10
3.230667992125984
20
1.0989759055118109
11
3.231115472440945
21
1.0993431496062991
0
LINE
8
BLACK
6
CONTINUOUS
10
3.231115472440945
20
1.0993431496062991
11
3.2321798818897638
21
1.0997840157480314
0
LINE
8
BLACK
6
CONTINUOUS
10
3.2321798818897638
20
1.0997840157480314
11
3.2333319685039368
21
1.0997840157480314
0
LINE
8
BLACK
6
CONTINUOUS
10
3.2333319685039368
20
1.0997840157480314
11
3.2343962992125985
21
1.0993431496062991
0
LINE
8
BLACK
6
CONTINUOUS
10
3.2068007086614174
20
1.1373073228346458
11
3.206878464566929
21
1.1373128346456693
0
LINE
8
BLACK
6
CONTINUOUS
10
3.206878464566929
20
1.1373128346456693
11
3.2069807086614173
21
1.1372896062992126
0
LINE
8
BLACK
6
CONTINUOUS
10
3.2069807086614173
20
1.1372896062992126
11
3.2070852362204723
21
1.1372792913385827
0
LINE
8
BLACK
6
CONTINUOUS
10
3.2070852362204723
20
1.1372792913385827
11
3.2071573228346457
21
1.1372494488188976
0
LINE
8
BLACK
6
CONTINUOUS
10
3.2071573228346457
20
1.1372494488188976
11
3.2074429133858269
21
1.1371844881889763
0
LINE
8
BLACK
6
CONTINUOUS
10
3.2074429133858269
20
1.1371844881889763
11
3.2130672047244095
21
1.1353097244094488
0
LINE
8
BLACK
6
CONTINUOUS
10
3.2130672047244095
20
1.1353097244094488
11
3.2135957480314961
21
1.1350737401574802
0
LINE
8
BLACK
6
CONTINUOUS
10
3.2135957480314961
20
1.1350737401574802
11
3.2136758661417324
21
1.135004251968504
0
LINE
8
BLACK
6
CONTINUOUS
10
3.2136758661417324
20
1.135004251968504
11
3.2137739370078737
21
1.1349636220472441
0
LINE
8
BLACK
6
CONTINUOUS
10
3.2137739370078737
20
1.1349636220472441
11
3.214221377952756
21
1.1345964173228347
0
LINE
8
BLACK
6
CONTINUOUS
10
3.214221377952756
20
1.1345964173228347
11
3.2316779133858269
21
1.1171399212598425
0
LINE
8
BLACK
6
CONTINUOUS
10
3.2316779133858269
20
1.1171399212598425
11
3.2316779133858269
21
1.1343832677165353
0
LINE
8
BLACK
6
CONTINUOUS
10
3.2316779133858269
20
1.1343832677165353
11
3.2317346456692913
21
1.1349593307086614
0
LINE
8
BLACK
6
CONTINUOUS
10
3.2317346456692913
20
1.1349593307086614
11
3.2321755511811023
21
1.1360237401574802
0
LINE
8
BLACK
6
CONTINUOUS
10
3.2321755511811023
20
1.1360237401574802
11
3.2329901968503938
21
1.1368383858267717
0
LINE
8
BLACK
6
CONTINUOUS
10
3.2329901968503938
20
1.1368383858267717
11
3.2340546062992126
21
1.1372792913385827
0
LINE
8
BLACK
6
CONTINUOUS
10
3.2340546062992126
20
1.1372792913385827
11
3.2352067322834643
21
1.1372792913385827
0
LINE
8
BLACK
6
CONTINUOUS
10
3.2352067322834643
20
1.1372792913385827
11
3.2362711417322836
21
1.1368383858267717
0
LINE
8
BLACK
6
CONTINUOUS
10
3.2362711417322836
20
1.1368383858267717
11
3.2370857874015746
21
1.1360237401574802
0
LINE
8
BLACK
6
CONTINUOUS
10
3.2370857874015746
20
1.1360237401574802
11
3.2375266929133857
21
1.1349593307086614
0
LINE
8
BLACK
6
CONTINUOUS
10
3.2375266929133857
20
1.1349593307086614
11
3.2375834251968505
21
1.1343832677165353
0
LINE
8
BLACK
6
CONTINUOUS
10
3.2375834251968505
20
1.1343832677165353
11
3.2375834251968505
21
1.1100113385826771
0
LINE
8
BLACK
6
CONTINUOUS
10
3.2375834251968505
20
1.1100113385826771
11
3.2375266929133857
21
1.1094352755905512
0
LINE
8
BLACK
6
CONTINUOUS
10
3.2375266929133857
20
1.1094352755905512
11
3.2373975590551178
21
1.1091235433070865
0
LINE
8
BLACK
6
CONTINUOUS
10
3.2373975590551178
20
1.1091235433070865
11
3.2370858267716534
21
1.1083708661417322
0
LINE
8
BLACK
6
CONTINUOUS
10
3.2370858267716534
20
1.1083708661417322
11
3.2362711417322836
21
1.107556220472441
0
LINE
8
BLACK
6
CONTINUOUS
10
3.2362711417322836
20
1.107556220472441
11
3.2352067322834643
21
1.1071153149606299
0
LINE
8
BLACK
6
CONTINUOUS
10
3.2352067322834643
20
1.1071153149606299
11
3.2340546456692914
21
1.1071153149606299
0
LINE
8
BLACK
6
CONTINUOUS
10
3.2340546456692914
20
1.1071153149606299
11
3.2340546062992126
21
1.1071153149606299
0
LINE
8
BLACK
6
CONTINUOUS
10
3.2340546062992126
20
1.1071153149606299
11
3.2337428346456694
21
1.1072444488188977
0
LINE
8
BLACK
6
CONTINUOUS
10
3.2337428346456694
20
1.1072444488188977
11
3.2329901968503938
21
1.1075561811023622
0
LINE
8
BLACK
6
CONTINUOUS
10
3.2329901968503938
20
1.1075561811023622
11
3.2325427559055115
21
1.1079234251968504
0
LINE
8
BLACK
6
CONTINUOUS
10
3.2325427559055115
20
1.1079234251968504
11
3.2105384251968503
21
1.1299277165354331
0
LINE
8
BLACK
6
CONTINUOUS
10
3.2105384251968503
20
1.1299277165354331
11
3.2060300393700785
21
1.1314305118110235
0
LINE
8
BLACK
6
CONTINUOUS
10
3.2060300393700785
20
1.1314305118110235
11
3.2034566929133859
21
1.1314305118110235
0
LINE
8
BLACK
6
CONTINUOUS
10
3.2034566929133859
20
1.1314305118110235
11
3.2007592125984252
21
1.1300817716535432
0
LINE
8
BLACK
6
CONTINUOUS
10
3.2007592125984252
20
1.1300817716535432
11
3.199562086614173
21
1.1288846456692914
0
LINE
8
BLACK
6
CONTINUOUS
10
3.199562086614173
20
1.1288846456692914
11
3.1982133464566926
21
1.1261871653543307
0
LINE
8
BLACK
6
CONTINUOUS
10
3.1982133464566926
20
1.1261871653543307
11
3.1982133464566926
21
1.1182074409448819
0
LINE
8
BLACK
6
CONTINUOUS
10
3.1982133464566926
20
1.1182074409448819
11
3.199562086614173
21
1.1155099606299212
0
LINE
8
BLACK
6
CONTINUOUS
10
3.199562086614173
20
1.1155099606299212
11
3.2010980314960631
21
1.1139740157480316
0
LINE
8
BLACK
6
CONTINUOUS
10
3.2010980314960631
20
1.1139740157480316
11
3.2014652362204723
21
1.1135265748031495
0
LINE
8
BLACK
6
CONTINUOUS
10
3.2014652362204723
20
1.1135265748031495
11
3.2019061417322834
21
1.1124621653543307
0
LINE
8
BLACK
6
CONTINUOUS
10
3.2019061417322834
20
1.1124621653543307
11
3.2019061417322834
21
1.1113100787401575
0
LINE
8
BLACK
6
CONTINUOUS
10
3.2019061417322834
20
1.1113100787401575
11
3.2014652362204723
21
1.1102456692913385
0
LINE
8
BLACK
6
CONTINUOUS
10
3.2014652362204723
20
1.1102456692913385
11
3.2006505511811021
21
1.1094309842519685
0
LINE
8
BLACK
6
CONTINUOUS
10
3.2006505511811021
20
1.1094309842519685
11
3.1995861417322833
21
1.1089900787401574
0
LINE
8
BLACK
6
CONTINUOUS
10
3.1995861417322833
20
1.1089900787401574
11
3.1984340551181103
21
1.1089900787401574
0
LINE
8
BLACK
6
CONTINUOUS
10
3.1984340551181103
20
1.1089900787401574
11
3.197369645669291
21
1.1094309842519685
0
LINE
8
BLACK
6
CONTINUOUS
10
3.197369645669291
20
1.1094309842519685
11
3.1969222047244092
21
1.1097981889763779
0
LINE
8
BLACK
6
CONTINUOUS
10
3.1969222047244092
20
1.1097981889763779
11
3.1950474409448817
21
1.1116729527559055
0
LINE
8
BLACK
6
CONTINUOUS
10
3.1950474409448817
20
1.1116729527559055
11
3.194861653543307
21
1.1118993307086613
0
LINE
8
BLACK
6
CONTINUOUS
10
3.194861653543307
20
1.1118993307086613
11
3.1948026771653542
21
1.1119504724409448
0
LINE
8
BLACK
6
CONTINUOUS
10
3.1948026771653542
20
1.1119504724409448
11
3.1947466929133856
21
1.1120394488188976
0
LINE
8
BLACK
6
CONTINUOUS
10
3.1947466929133856
20
1.1120394488188976
11
3.1946802362204725
21
1.1121203937007873
0
LINE
8
BLACK
6
CONTINUOUS
10
3.1946802362204725
20
1.1121203937007873
11
3.1946503937007873
21
1.1121923622047243
0
LINE
8
BLACK
6
CONTINUOUS
10
3.1946503937007873
20
1.1121923622047243
11
3.1944943307086615
21
1.1124403543307086
0
LINE
8
BLACK
6
CONTINUOUS
10
3.1944943307086615
20
1.1124403543307086
11
3.192619566929134
21
1.1161898818897638
0
LINE
8
BLACK
6
CONTINUOUS
10
3.192619566929134
20
1.1161898818897638
11
3.192412677165354
21
1.1167305118110236
0
LINE
8
BLACK
6
CONTINUOUS
10
3.192412677165354
20
1.1167305118110236
11
3.1924051574803149
21
1.1168363385826772
0
LINE
8
BLACK
6
CONTINUOUS
10
3.1924051574803149
20
1.1168363385826772
11
3.1923645669291338
21
1.1169343307086614
0
LINE
8
BLACK
6
CONTINUOUS
10
3.1923645669291338
20
1.1169343307086614
11
3.192307834645669
21
1.1175103937007873
0
LINE
8
BLACK
6
CONTINUOUS
10
3.192307834645669
20
1.1175103937007873
11
3.192307834645669
21
1.1268842125984251
0
LINE
8
BLACK
6
CONTINUOUS
10
3.192307834645669
20
1.1268842125984251
11
3.1923645669291338
21
1.1274602755905512
0
LINE
8
BLACK
6
CONTINUOUS
10
3.1923645669291338
20
1.1274602755905512
11
3.1924051574803149
21
1.1275583070866142
0
LINE
8
BLACK
6
CONTINUOUS
10
3.1924051574803149
20
1.1275583070866142
11
3.192412677165354
21
1.1276640944881891
0
LINE
8
BLACK
6
CONTINUOUS
10
3.192412677165354
20
1.1276640944881891
11
3.192619566929134
21
1.1282047244094489
0
LINE
8
BLACK
6
CONTINUOUS
10
3.192619566929134
20
1.1282047244094489
11
3.1944943307086615
21
1.131954251968504
0
LINE
8
BLACK
6
CONTINUOUS
10
3.1944943307086615
20
1.131954251968504
11
3.1946503937007873
21
1.1322022834645669
0
LINE
8
BLACK
6
CONTINUOUS
10
3.1946503937007873
20
1.1322022834645669
11
3.1946802362204725
21
1.1322742125984251
0
LINE
8
BLACK
6
CONTINUOUS
10
3.1946802362204725
20
1.1322742125984251
11
3.1947466929133856
21
1.1323551968503938
0
LINE
8
BLACK
6
CONTINUOUS
10
3.1947466929133856
20
1.1323551968503938
11
3.1948026771653542
21
1.1324441338582676
0
LINE
8
BLACK
6
CONTINUOUS
10
3.1948026771653542
20
1.1324441338582676
11
3.194861653543307
21
1.1324953149606298
0
LINE
8
BLACK
6
CONTINUOUS
10
3.194861653543307
20
1.1324953149606298
11
3.1950474409448817
21
1.1327216535433071
0
LINE
8
BLACK
6
CONTINUOUS
10
3.1950474409448817
20
1.1327216535433071
11
3.1969222047244092
21
1.1345964173228347
0
LINE
8
BLACK
6
CONTINUOUS
10
3.1969222047244092
20
1.1345964173228347
11
3.1971485433070868
21
1.1347822047244094
0
LINE
8
BLACK
6
CONTINUOUS
10
3.1971485433070868
20
1.1347822047244094
11
3.1971997244094488
21
1.1348411811023622
0
LINE
8
BLACK
6
CONTINUOUS
10
3.1971997244094488
20
1.1348411811023622
11
3.1972886614173226
21
1.1348971653543307
0
LINE
8
BLACK
6
CONTINUOUS
10
3.1972886614173226
20
1.1348971653543307
11
3.197369645669291
21
1.1349636220472441
0
LINE
8
BLACK
6
CONTINUOUS
10
3.197369645669291
20
1.1349636220472441
11
3.1974415748031495
21
1.1349934645669291
0
LINE
8
BLACK
6
CONTINUOUS
10
3.1974415748031495
20
1.1349934645669291
11
3.1976896062992126
21
1.1351495275590551
0
LINE
8
BLACK
6
CONTINUOUS
10
3.1976896062992126
20
1.1351495275590551
11
3.2014391338582677
21
1.1370242913385826
0
LINE
8
BLACK
6
CONTINUOUS
10
3.2014391338582677
20
1.1370242913385826
11
3.2019797244094486
21
1.1372311811023621
0
LINE
8
BLACK
6
CONTINUOUS
10
3.2019797244094486
20
1.1372311811023621
11
3.2020855905511811
21
1.1372387401574804
0
LINE
8
BLACK
6
CONTINUOUS
10
3.2020855905511811
20
1.1372387401574804
11
3.2021835826771654
21
1.1372792913385827
0
LINE
8
BLACK
6
CONTINUOUS
10
3.2021835826771654
20
1.1372792913385827
11
3.2027596456692913
21
1.1373360236220471
0
LINE
8
BLACK
6
CONTINUOUS
10
3.2027596456692913
20
1.1373360236220471
11
3.2065091732283464
21
1.1373360236220471
0
LINE
8
BLACK
6
CONTINUOUS
10
3.2065091732283464
20
1.1373360236220471
11
3.2068007086614174
21
1.1373073228346458
0
LINE
8
BLACK
6
CONTINUOUS
10
3.2178582677165353
20
1.1748214566929134
11
3.2179012992125982
21
1.1748278346456693
0
LINE
8
BLACK
6
CONTINUOUS
10
3.2179012992125982
20
1.1748278346456693
11
3.218116771653543
21
1.1747959842519684
0
LINE
8
BLACK
6
CONTINUOUS
10
3.218116771653543
20
1.1747959842519684
11
3.2183338188976376
21
1.1747746062992126
0
LINE
8
BLACK
6
CONTINUOUS
10
3.2183338188976376
20
1.1747746062992126
11
3.2183740157480316
21
1.1747579921259843
0
LINE
8
BLACK
6
CONTINUOUS
10
3.2183740157480316
20
1.1747579921259843
11
3.2184738976377951
21
1.174743188976378
0
LINE
8
BLACK
6
CONTINUOUS
10
3.2184738976377951
20
1.174743188976378
11
3.2259729527559053
21
1.1728684251968504
0
LINE
8
BLACK
6
CONTINUOUS
10
3.2259729527559053
20
1.1728684251968504
11
3.2263124015748033
21
1.1727471653543307
0
LINE
8
BLACK
6
CONTINUOUS
10
3.2263124015748033
20
1.1727471653543307
11
3.2263839370078737
21
1.1727329921259841
0
LINE
8
BLACK
6
CONTINUOUS
10
3.2263839370078737
20
1.1727329921259841
11
3.2264487795275589
21
1.1726984251968504
0
LINE
8
BLACK
6
CONTINUOUS
10
3.2264487795275589
20
1.1726984251968504
11
3.2265180708661418
21
1.1726736614173228
0
LINE
8
BLACK
6
CONTINUOUS
10
3.2265180708661418
20
1.1726736614173228
11
3.2265766535433071
21
1.1726302362204724
0
LINE
8
BLACK
6
CONTINUOUS
10
3.2265766535433071
20
1.1726302362204724
11
3.2268947244094486
21
1.1724606692913386
0
LINE
8
BLACK
6
CONTINUOUS
10
3.2268947244094486
20
1.1724606692913386
11
3.2325190157480312
21
1.1687111417322835
0
LINE
8
BLACK
6
CONTINUOUS
10
3.2325190157480312
20
1.1687111417322835
11
3.2325205905511809
21
1.1687098425196849
0
LINE
8
BLACK
6
CONTINUOUS
10
3.2325205905511809
20
1.1687098425196849
11
3.232521535433071
21
1.1687094488188976
0
LINE
8
BLACK
6
CONTINUOUS
10
3.232521535433071
20
1.1687094488188976
11
3.232741062992126
21
1.1685292913385827
0
LINE
8
BLACK
6
CONTINUOUS
10
3.232741062992126
20
1.1685292913385827
11
3.2329668503937006
21
1.1683443700787401
0
LINE
8
BLACK
6
CONTINUOUS
10
3.2329668503937006
20
1.1683443700787401
11
3.2329674015748031
21
1.1683435433070866
0
LINE
8
BLACK
6
CONTINUOUS
10
3.2329674015748031
20
1.1683435433070866
11
3.2329689763779528
21
1.1683422440944882
0
LINE
8
BLACK
6
CONTINUOUS
10
3.2329689763779528
20
1.1683422440944882
11
3.2348437795275591
21
1.1664674803149606
0
LINE
8
BLACK
6
CONTINUOUS
10
3.2348437795275591
20
1.1664674803149606
11
3.235029527559055
21
1.1662411417322835
0
LINE
8
BLACK
6
CONTINUOUS
10
3.235029527559055
20
1.1662411417322835
11
3.2350885826771654
21
1.1661899212598426
0
LINE
8
BLACK
6
CONTINUOUS
10
3.2350885826771654
20
1.1661899212598426
11
3.2351445669291339
21
1.1661009842519685
0
LINE
8
BLACK
6
CONTINUOUS
10
3.2351445669291339
20
1.1661009842519685
11
3.235211023622047
21
1.1660200000000001
0
LINE
8
BLACK
6
CONTINUOUS
10
3.235211023622047
20
1.1660200000000001
11
3.2352408267716535
21
1.1659480708661416
0
LINE
8
BLACK
6
CONTINUOUS
10
3.2352408267716535
20
1.1659480708661416
11
3.235396929133858
21
1.1657000393700787
0
LINE
8
BLACK
6
CONTINUOUS
10
3.235396929133858
20
1.1657000393700787
11
3.2372716929133856
21
1.1619505118110236
0
LINE
8
BLACK
6
CONTINUOUS
10
3.2372716929133856
20
1.1619505118110236
11
3.2374785826771655
21
1.1614099212598425
0
LINE
8
BLACK
6
CONTINUOUS
10
3.2374785826771655
20
1.1614099212598425
11
3.2374861023622046
21
1.1613040551181102
0
LINE
8
BLACK
6
CONTINUOUS
10
3.2374861023622046
20
1.1613040551181102
11
3.2375266929133857
21
1.1612060629921259
0
LINE
8
BLACK
6
CONTINUOUS
10
3.2375266929133857
20
1.1612060629921259
11
3.2375834251968505
21
1.1606300000000001
0
LINE
8
BLACK
6
CONTINUOUS
10
3.2375834251968505
20
1.1606300000000001
11
3.2375834251968505
21
1.1531309448818898
0
LINE
8
BLACK
6
CONTINUOUS
10
3.2375834251968505
20
1.1531309448818898
11
3.2375266929133857
21
1.1525548818897637
0
LINE
8
BLACK
6
CONTINUOUS
10
3.2375266929133857
20
1.1525548818897637
11
3.2370857874015746
21
1.1514904724409449
0
LINE
8
BLACK
6
CONTINUOUS
10
3.2370857874015746
20
1.1514904724409449
11
3.2362711417322836
21
1.1506758267716535
0
LINE
8
BLACK
6
CONTINUOUS
10
3.2362711417322836
20
1.1506758267716535
11
3.2352067322834643
21
1.1502349212598424
0
LINE
8
BLACK
6
CONTINUOUS
10
3.2352067322834643
20
1.1502349212598424
11
3.2340546062992126
21
1.1502349212598424
0
LINE
8
BLACK
6
CONTINUOUS
10
3.2340546062992126
20
1.1502349212598424
11
3.2329901968503938
21
1.1506758267716535
0
LINE
8
BLACK
6
CONTINUOUS
10
3.2329901968503938
20
1.1506758267716535
11
3.2321755511811023
21
1.1514904724409449
0
LINE
8
BLACK
6
CONTINUOUS
10
3.2321755511811023
20
1.1514904724409449
11
3.2317346456692913
21
1.1525548818897637
0
LINE
8
BLACK
6
CONTINUOUS
10
3.2317346456692913
20
1.1525548818897637
11
3.2316779133858269
21
1.1531309448818898
0
LINE
8
BLACK
6
CONTINUOUS
10
3.2316779133858269
20
1.1531309448818898
11
3.2316779133858269
21
1.1599329527559055
0
LINE
8
BLACK
6
CONTINUOUS
10
3.2316779133858269
20
1.1599329527559055
11
3.2303291732283466
21
1.1626304330708661
0
LINE
8
BLACK
6
CONTINUOUS
10
3.2303291732283466
20
1.1626304330708661
11
3.2289999212598426
21
1.1639596456692913
0
LINE
8
BLACK
6
CONTINUOUS
10
3.2289999212598426
20
1.1639596456692913
11
3.2240444488188977
21
1.1672632677165353
0
LINE
8
BLACK
6
CONTINUOUS
10
3.2240444488188977
20
1.1672632677165353
11
3.221127283464567
21
1.1679925590551181
0
LINE
8
BLACK
6
CONTINUOUS
10
3.221127283464567
20
1.1679925590551181
11
3.2222735433070864
21
1.1657000393700787
0
LINE
8
BLACK
6
CONTINUOUS
10
3.2222735433070864
20
1.1657000393700787
11
3.2224804330708663
21
1.1651594488188977
0
LINE
8
BLACK
6
CONTINUOUS
10
3.2224804330708663
20
1.1651594488188977
11
3.2224879527559054
21
1.1650535826771653
0
LINE
8
BLACK
6
CONTINUOUS
10
3.2224879527559054
20
1.1650535826771653
11
3.2225285433070865
21
1.164955590551181
0
LINE
8
BLACK
6
CONTINUOUS
10
3.2225285433070865
20
1.164955590551181
11
3.2225852755905513
21
1.1643795275590552
0
LINE
8
BLACK
6
CONTINUOUS
10
3.2225852755905513
20
1.1643795275590552
11
3.2225852755905513
21
1.1568804724409449
0
LINE
8
BLACK
6
CONTINUOUS
10
3.2225852755905513
20
1.1568804724409449
11
3.2225285433070865
21
1.1563044094488188
0
LINE
8
BLACK
6
CONTINUOUS
10
3.2225285433070865
20
1.1563044094488188
11
3.2224879527559054
21
1.1562064566929133
0
LINE
8
BLACK
6
CONTINUOUS
10
3.2224879527559054
20
1.1562064566929133
11
3.2224804330708663
21
1.1561005511811024
0
LINE
8
BLACK
6
CONTINUOUS
10
3.2224804330708663
20
1.1561005511811024
11
3.2222735433070864
21
1.1555599606299212
0
LINE
8
BLACK
6
CONTINUOUS
10
3.2222735433070864
20
1.1555599606299212
11
3.2203987795275588
21
1.1518104330708661
0
LINE
8
BLACK
6
CONTINUOUS
10
3.2203987795275588
20
1.1518104330708661
11
3.2202426771653543
21
1.1515624409448819
0
LINE
8
BLACK
6
CONTINUOUS
10
3.2202426771653543
20
1.1515624409448819
11
3.2202128740157479
21
1.1514904724409449
0
LINE
8
BLACK
6
CONTINUOUS
10
3.2202128740157479
20
1.1514904724409449
11
3.2201463779527559
21
1.151409527559055
0
LINE
8
BLACK
6
CONTINUOUS
10
3.2201463779527559
20
1.151409527559055
11
3.2200904330708662
21
1.1513205511811024
0
LINE
8
BLACK
6
CONTINUOUS
10
3.2200904330708662
20
1.1513205511811024
11
3.2200314173228346
21
1.1512694094488189
0
LINE
8
BLACK
6
CONTINUOUS
10
3.2200314173228346
20
1.1512694094488189
11
3.2198456692913386
21
1.1510430314960629
0
LINE
8
BLACK
6
CONTINUOUS
10
3.2198456692913386
20
1.1510430314960629
11
3.2179709055118111
21
1.1491682677165354
0
LINE
8
BLACK
6
CONTINUOUS
10
3.2179709055118111
20
1.1491682677165354
11
3.2177445275590548
21
1.1489825196850394
0
LINE
8
BLACK
6
CONTINUOUS
10
3.2177445275590548
20
1.1489825196850394
11
3.2176933858267716
21
1.1489235039370078
0
LINE
8
BLACK
6
CONTINUOUS
10
3.2176933858267716
20
1.1489235039370078
11
3.217604409448819
21
1.1488675590551181
0
LINE
8
BLACK
6
CONTINUOUS
10
3.217604409448819
20
1.1488675590551181
11
3.2175234645669293
21
1.1488010629921259
0
LINE
8
BLACK
6
CONTINUOUS
10
3.2175234645669293
20
1.1488010629921259
11
3.2174514960629921
21
1.1487712598425197
0
LINE
8
BLACK
6
CONTINUOUS
10
3.2174514960629921
20
1.1487712598425197
11
3.2172035039370077
21
1.148615157480315
0
LINE
8
BLACK
6
CONTINUOUS
10
3.2172035039370077
20
1.148615157480315
11
3.2134539763779526
21
1.1467403937007874
0
LINE
8
BLACK
6
CONTINUOUS
10
3.2134539763779526
20
1.1467403937007874
11
3.212913346456693
21
1.1465335039370079
0
LINE
8
BLACK
6
CONTINUOUS
10
3.212913346456693
20
1.1465335039370079
11
3.2128075196850392
21
1.1465260236220471
0
LINE
8
BLACK
6
CONTINUOUS
10
3.2128075196850392
20
1.1465260236220471
11
3.2127095275590549
21
1.1464853937007873
0
LINE
8
BLACK
6
CONTINUOUS
10
3.2127095275590549
20
1.1464853937007873
11
3.2121334645669291
21
1.1464286614173229
0
LINE
8
BLACK
6
CONTINUOUS
10
3.2121334645669291
20
1.1464286614173229
11
3.2027596456692913
21
1.1464286614173229
0
LINE
8
BLACK
6
CONTINUOUS
10
3.2027596456692913
20
1.1464286614173229
11
3.2021835826771654
21
1.1464853937007873
0
LINE
8
BLACK
6
CONTINUOUS
10
3.2021835826771654
20
1.1464853937007873
11
3.2020855905511811
21
1.1465259842519684
0
LINE
8
BLACK
6
CONTINUOUS
10
3.2020855905511811
20
1.1465259842519684
11
3.2019797244094486
21
1.1465335039370079
0
LINE
8
BLACK
6
CONTINUOUS
10
3.2019797244094486
20
1.1465335039370079
11
3.2014391338582677
21
1.1467403937007874
0
LINE
8
BLACK
6
CONTINUOUS
10
3.2014391338582677
20
1.1467403937007874
11
3.1976896062992126
21
1.148615157480315
0
LINE
8
BLACK
6
CONTINUOUS
10
3.1976896062992126
20
1.148615157480315
11
3.1974415748031495
21
1.1487712598425197
0
LINE
8
BLACK
6
CONTINUOUS
10
3.1974415748031495
20
1.1487712598425197
11
3.197369645669291
21
1.1488010629921259
0
LINE
8
BLACK
6
CONTINUOUS
10
3.197369645669291
20
1.1488010629921259
11
3.1972886614173226
21
1.1488675590551181
0
LINE
8
BLACK
6
CONTINUOUS
10
3.1972886614173226
20
1.1488675590551181
11
3.1971997244094488
21
1.1489235039370078
0
LINE
8
BLACK
6
CONTINUOUS
10
3.1971997244094488
20
1.1489235039370078
11
3.1971485433070868
21
1.1489825196850394
0
LINE
8
BLACK
6
CONTINUOUS
10
3.1971485433070868
20
1.1489825196850394
11
3.1969222047244092
21
1.1491682677165354
0
LINE
8
BLACK
6
CONTINUOUS
10
3.1969222047244092
20
1.1491682677165354
11
3.1950474409448817
21
1.1510430314960629
0
LINE
8
BLACK
6
CONTINUOUS
10
3.1950474409448817
20
1.1510430314960629
11
3.194861653543307
21
1.1512694094488189
0
LINE
8
BLACK
6
CONTINUOUS
10
3.194861653543307
20
1.1512694094488189
11
3.1948026771653542
21
1.1513205511811024
0
LINE
8
BLACK
6
CONTINUOUS
10
3.1948026771653542
20
1.1513205511811024
11
3.1947466929133856
21
1.151409527559055
0
LINE
8
BLACK
6
CONTINUOUS
10
3.1947466929133856
20
1.151409527559055
11
3.1946802362204725
21
1.1514904724409449
0
LINE
8
BLACK
6
CONTINUOUS
10
3.1946802362204725
20
1.1514904724409449
11
3.1946503937007873
21
1.1515624409448819
0
LINE
8
BLACK
6
CONTINUOUS
10
3.1946503937007873
20
1.1515624409448819
11
3.1944943307086615
21
1.1518104330708661
0
LINE
8
BLACK
6
CONTINUOUS
10
3.1944943307086615
20
1.1518104330708661
11
3.192619566929134
21
1.1555599606299212
0
LINE
8
BLACK
6
CONTINUOUS
10
3.192619566929134
20
1.1555599606299212
11
3.192412677165354
21
1.156100590551181
0
LINE
8
BLACK
6
CONTINUOUS
10
3.192412677165354
20
1.156100590551181
11
3.1924051574803149
21
1.1562064173228346
0
LINE
8
BLACK
6
CONTINUOUS
10
3.1924051574803149
20
1.1562064173228346
11
3.1923645669291338
21
1.1563044094488188
0
LINE
8
BLACK
6
CONTINUOUS
10
3.1923645669291338
20
1.1563044094488188
11
3.192307834645669
21
1.1568804724409449
0
LINE
8
BLACK
6
CONTINUOUS
10
3.192307834645669
20
1.1568804724409449
11
3.192307834645669
21
1.1643795275590552
0
LINE
8
BLACK
6
CONTINUOUS
10
3.192307834645669
20
1.1643795275590552
11
3.1923645669291338
21
1.164955590551181
0
LINE
8
BLACK
6
CONTINUOUS
10
3.1923645669291338
20
1.164955590551181
11
3.1924051574803149
21
1.1650536220472441
0
LINE
8
BLACK
6
CONTINUOUS
10
3.1924051574803149
20
1.1650536220472441
11
3.192412677165354
21
1.1651594094488189
0
LINE
8
BLACK
6
CONTINUOUS
10
3.192412677165354
20
1.1651594094488189
11
3.192619566929134
21
1.1657000393700787
0
LINE
8
BLACK
6
CONTINUOUS
10
3.192619566929134
20
1.1657000393700787
11
3.1944943307086615
21
1.1694495669291338
0
LINE
8
BLACK
6
CONTINUOUS
10
3.1944943307086615
20
1.1694495669291338
11
3.1946503937007873
21
1.1696975984251967
0
LINE
8
BLACK
6
CONTINUOUS
10
3.1946503937007873
20
1.1696975984251967
11
3.1946802362204725
21
1.1697695275590552
0
LINE
8
BLACK
6
CONTINUOUS
10
3.1946802362204725
20
1.1697695275590552
11
3.1947466929133856
21
1.1698505118110236
0
LINE
8
BLACK
6
CONTINUOUS
10
3.1947466929133856
20
1.1698505118110236
11
3.1948026771653542
21
1.1699394488188977
0
LINE
8
BLACK
6
CONTINUOUS
10
3.1948026771653542
20
1.1699394488188977
11
3.194861653543307
21
1.1699906299212599
0
LINE
8
BLACK
6
CONTINUOUS
10
3.194861653543307
20
1.1699906299212599
11
3.1950474409448817
21
1.170216968503937
0
LINE
8
BLACK
6
CONTINUOUS
10
3.1950474409448817
20
1.170216968503937
11
3.1969222047244092
21
1.1720917322834645
0
LINE
8
BLACK
6
CONTINUOUS
10
3.1969222047244092
20
1.1720917322834645
11
3.1971485433070868
21
1.1722775196850392
0
LINE
8
BLACK
6
CONTINUOUS
10
3.1971485433070868
20
1.1722775196850392
11
3.1971997244094488
21
1.1723364960629921
0
LINE
8
BLACK
6
CONTINUOUS
10
3.1971997244094488
20
1.1723364960629921
11
3.1972886614173226
21
1.1723924803149606
0
LINE
8
BLACK
6
CONTINUOUS
10
3.1972886614173226
20
1.1723924803149606
11
3.197369645669291
21
1.172458937007874
0
LINE
8
BLACK
6
CONTINUOUS
10
3.197369645669291
20
1.172458937007874
11
3.1974415748031495
21
1.1724887795275589
0
LINE
8
BLACK
6
CONTINUOUS
10
3.1974415748031495
20
1.1724887795275589
11
3.1976896062992126
21
1.1726448425196849
0
LINE
8
BLACK
6
CONTINUOUS
10
3.1976896062992126
20
1.1726448425196849
11
3.2014391338582677
21
1.1745196062992125
0
LINE
8
BLACK
6
CONTINUOUS
10
3.2014391338582677
20
1.1745196062992125
11
3.2019797244094486
21
1.1747264960629922
0
LINE
8
BLACK
6
CONTINUOUS
10
3.2019797244094486
20
1.1747264960629922
11
3.2020855905511811
21
1.1747340551181102
0
LINE
8
BLACK
6
CONTINUOUS
10
3.2020855905511811
20
1.1747340551181102
11
3.2021835826771654
21
1.1747746062992126
0
LINE
8
BLACK
6
CONTINUOUS
10
3.2021835826771654
20
1.1747746062992126
11
3.2027596456692913
21
1.1748313385826772
0
LINE
8
BLACK
6
CONTINUOUS
10
3.2027596456692913
20
1.1748313385826772
11
3.2177577559055117
21
1.1748313385826772
0
LINE
8
BLACK
6
CONTINUOUS
10
3.2177577559055117
20
1.1748313385826772
11
3.2178582677165353
21
1.1748214566929134
0
LINE
8
BLACK
6
CONTINUOUS
10
3.2007592125984252
20
1.1675770866141733
11
3.199562086614173
21
1.1663799606299212
0
LINE
8
BLACK
6
CONTINUOUS
10
3.199562086614173
20
1.1663799606299212
11
3.1982133464566926
21
1.1636824803149606
0
LINE
8
BLACK
6
CONTINUOUS
10
3.1982133464566926
20
1.1636824803149606
11
3.1982133464566926
21
1.1575775196850393
0
LINE
8
BLACK
6
CONTINUOUS
10
3.1982133464566926
20
1.1575775196850393
11
3.199562086614173
21
1.1548800393700787
0
LINE
8
BLACK
6
CONTINUOUS
10
3.199562086614173
20
1.1548800393700787
11
3.2007592125984252
21
1.1536829133858268
0
LINE
8
BLACK
6
CONTINUOUS
10
3.2007592125984252
20
1.1536829133858268
11
3.2034566929133859
21
1.1523341732283465
0
LINE
8
BLACK
6
CONTINUOUS
10
3.2034566929133859
20
1.1523341732283465
11
3.2114364173228345
21
1.1523341732283465
0
LINE
8
BLACK
6
CONTINUOUS
10
3.2114364173228345
20
1.1523341732283465
11
3.2141338976377951
21
1.1536829133858268
0
LINE
8
BLACK
6
CONTINUOUS
10
3.2141338976377951
20
1.1536829133858268
11
3.2153310236220474
21
1.1548800393700787
0
LINE
8
BLACK
6
CONTINUOUS
10
3.2153310236220474
20
1.1548800393700787
11
3.2166797637795277
21
1.1575775196850393
0
LINE
8
BLACK
6
CONTINUOUS
10
3.2166797637795277
20
1.1575775196850393
11
3.2166797637795277
21
1.1636824803149606
0
LINE
8
BLACK
6
CONTINUOUS
10
3.2166797637795277
20
1.1636824803149606
11
3.2153310236220474
21
1.1663799606299212
0
LINE
8
BLACK
6
CONTINUOUS
10
3.2153310236220474
20
1.1663799606299212
11
3.2141338976377951
21
1.1675770866141733
0
LINE
8
BLACK
6
CONTINUOUS
10
3.2141338976377951
20
1.1675770866141733
11
3.2114364173228345
21
1.1689258267716536
0
LINE
8
BLACK
6
CONTINUOUS
10
3.2114364173228345
20
1.1689258267716536
11
3.2034566929133859
21
1.1689258267716536
0
LINE
8
BLACK
6
CONTINUOUS
10
3.2034566929133859
20
1.1689258267716536
11
3.2007592125984252
21
1.1675770866141733
0
LINE
8
BLACK
6
CONTINUOUS
10
3.2068007086614174
20
1.2122979527559055
11
3.206878464566929
21
1.2123034645669291
0
LINE
8
BLACK
6
CONTINUOUS
10
3.206878464566929
20
1.2123034645669291
11
3.2069807086614173
21
1.2122802362204723
0
LINE
8
BLACK
6
CONTINUOUS
10
3.2069807086614173
20
1.2122802362204723
11
3.2070852362204723
21
1.2122699212598425
0
LINE
8
BLACK
6
CONTINUOUS
10
3.2070852362204723
20
1.2122699212598425
11
3.2071573228346457
21
1.2122400787401575
0
LINE
8
BLACK
6
CONTINUOUS
10
3.2071573228346457
20
1.2122400787401575
11
3.2074429133858269
21
1.2121751181102363
0
LINE
8
BLACK
6
CONTINUOUS
10
3.2074429133858269
20
1.2121751181102363
11
3.2130672047244095
21
1.2103003543307087
0
LINE
8
BLACK
6
CONTINUOUS
10
3.2130672047244095
20
1.2103003543307087
11
3.2135957480314961
21
1.2100643700787401
0
LINE
8
BLACK
6
CONTINUOUS
10
3.2135957480314961
20
1.2100643700787401
11
3.2136758661417324
21
1.2099948818897637
0
LINE
8
BLACK
6
CONTINUOUS
10
3.2136758661417324
20
1.2099948818897637
11
3.2137739370078737
21
1.2099542519685038
0
LINE
8
BLACK
6
CONTINUOUS
10
3.2137739370078737
20
1.2099542519685038
11
3.214221377952756
21
1.2095870472440944
0
LINE
8
BLACK
6
CONTINUOUS
10
3.214221377952756
20
1.2095870472440944
11
3.2316779133858269
21
1.1921305511811022
0
LINE
8
BLACK
6
CONTINUOUS
10
3.2316779133858269
20
1.1921305511811022
11
3.2316779133858269
21
1.2093738976377952
0
LINE
8
BLACK
6
CONTINUOUS
10
3.2316779133858269
20
1.2093738976377952
11
3.2317346456692913
21
1.2099499606299213
0
LINE
8
BLACK
6
CONTINUOUS
10
3.2317346456692913
20
1.2099499606299213
11
3.2321755511811023
21
1.2110143700787401
0
LINE
8
BLACK
6
CONTINUOUS
10
3.2321755511811023
20
1.2110143700787401
11
3.2329901968503938
21
1.2118290157480314
0
LINE
8
BLACK
6
CONTINUOUS
10
3.2329901968503938
20
1.2118290157480314
11
3.2340546062992126
21
1.2122699212598425
0
LINE
8
BLACK
6
CONTINUOUS
10
3.2340546062992126
20
1.2122699212598425
11
3.2352067322834643
21
1.2122699212598425
0
LINE
8
BLACK
6
CONTINUOUS
10
3.2352067322834643
20
1.2122699212598425
11
3.2362711417322836
21
1.2118290157480314
0
LINE
8
BLACK
6
CONTINUOUS
10
3.2362711417322836
20
1.2118290157480314
11
3.2370857874015746
21
1.2110143700787401
0
LINE
8
BLACK
6
CONTINUOUS
10
3.2370857874015746
20
1.2110143700787401
11
3.2375266929133857
21
1.2099499606299213
0
LINE
8
BLACK
6
CONTINUOUS
10
3.2375266929133857
20
1.2099499606299213
11
3.2375834251968505
21
1.2093738976377952
0
LINE
8
BLACK
6
CONTINUOUS
10
3.2375834251968505
20
1.2093738976377952
11
3.2375834251968505
21
1.185001968503937
0
LINE
8
BLACK
6
CONTINUOUS
10
3.2375834251968505
20
1.185001968503937
11
3.2375266929133857
21
1.1844259055118109
0
LINE
8
BLACK
6
CONTINUOUS
10
3.2375266929133857
20
1.1844259055118109
11
3.2373975590551178
21
1.1841141732283464
0
LINE
8
BLACK
6
CONTINUOUS
10
3.2373975590551178
20
1.1841141732283464
11
3.2370858267716534
21
1.1833614960629921
0
LINE
8
BLACK
6
CONTINUOUS
10
3.2370858267716534
20
1.1833614960629921
11
3.2362711417322836
21
1.1825468503937007
0
LINE
8
BLACK
6
CONTINUOUS
10
3.2362711417322836
20
1.1825468503937007
11
3.2352067322834643
21
1.1821059448818898
0
LINE
8
BLACK
6
CONTINUOUS
10
3.2352067322834643
20
1.1821059448818898
11
3.2340546456692914
21
1.1821059448818898
0
LINE
8
BLACK
6
CONTINUOUS
10
3.2340546456692914
20
1.1821059448818898
11
3.2340546062992126
21
1.1821059448818898
0
LINE
8
BLACK
6
CONTINUOUS
10
3.2340546062992126
20
1.1821059448818898
11
3.2337428346456694
21
1.1822350787401574
0
LINE
8
BLACK
6
CONTINUOUS
10
3.2337428346456694
20
1.1822350787401574
11
3.2329901968503938
21
1.1825468110236219
0
LINE
8
BLACK
6
CONTINUOUS
10
3.2329901968503938
20
1.1825468110236219
11
3.2325427559055115
21
1.1829140551181103
0
LINE
8
BLACK
6
CONTINUOUS
10
3.2325427559055115
20
1.1829140551181103
11
3.2105384251968503
21
1.2049183464566928
0
LINE
8
BLACK
6
CONTINUOUS
10
3.2105384251968503
20
1.2049183464566928
11
3.2060300393700785
21
1.2064211417322834
0
LINE
8
BLACK
6
CONTINUOUS
10
3.2060300393700785
20
1.2064211417322834
11
3.2034566929133859
21
1.2064211417322834
0
LINE
8
BLACK
6
CONTINUOUS
10
3.2034566929133859
20
1.2064211417322834
11
3.2007592125984252
21
1.2050724015748031
0
LINE
8
BLACK
6
CONTINUOUS
10
3.2007592125984252
20
1.2050724015748031
11
3.199562086614173
21
1.2038752755905511
0
LINE
8
BLACK
6
CONTINUOUS
10
3.199562086614173
20
1.2038752755905511
11
3.1982133464566926
21
1.2011777952755904
0
LINE
8
BLACK
6
CONTINUOUS
10
3.1982133464566926
20
1.2011777952755904
11
3.1982133464566926
21
1.1931980708661416
0
LINE
8
BLACK
6
CONTINUOUS
10
3.1982133464566926
20
1.1931980708661416
11
3.199562086614173
21
1.1905005905511812
0
LINE
8
BLACK
6
CONTINUOUS
10
3.199562086614173
20
1.1905005905511812
11
3.2010980314960631
21
1.1889646456692913
0
LINE
8
BLACK
6
CONTINUOUS
10
3.2010980314960631
20
1.1889646456692913
11
3.2014652362204723
21
1.1885172047244095
0
LINE
8
BLACK
6
CONTINUOUS
10
3.2014652362204723
20
1.1885172047244095
11
3.2019061417322834
21
1.1874527952755904
0
LINE
8
BLACK
6
CONTINUOUS
10
3.2019061417322834
20
1.1874527952755904
11
3.2019061417322834
21
1.1863007086614172
0
LINE
8
BLACK
6
CONTINUOUS
10
3.2019061417322834
20
1.1863007086614172
11
3.2014652362204723
21
1.1852362992125984
0
LINE
8
BLACK
6
CONTINUOUS
10
3.2014652362204723
20
1.1852362992125984
11
3.2006505511811021
21
1.1844216141732282
0
LINE
8
BLACK
6
CONTINUOUS
10
3.2006505511811021
20
1.1844216141732282
11
3.1995861417322833
21
1.1839807086614174
0
LINE
8
BLACK
6
CONTINUOUS
10
3.1995861417322833
20
1.1839807086614174
11
3.1984340551181103
21
1.1839807086614174
0
LINE
8
BLACK
6
CONTINUOUS
10
3.1984340551181103
20
1.1839807086614174
11
3.197369645669291
21
1.1844216141732282
0
LINE
8
BLACK
6
CONTINUOUS
10
3.197369645669291
20
1.1844216141732282
11
3.1969222047244092
21
1.1847888188976379
0
LINE
8
BLACK
6
CONTINUOUS
10
3.1969222047244092
20
1.1847888188976379
11
3.1950474409448817
21
1.1866635826771654
0
LINE
8
BLACK
6
CONTINUOUS
10
3.1950474409448817
20
1.1866635826771654
11
3.194861653543307
21
1.1868899606299212
0
LINE
8
BLACK
6
CONTINUOUS
10
3.194861653543307
20
1.1868899606299212
11
3.1948026771653542
21
1.1869411023622047
0
LINE
8
BLACK
6
CONTINUOUS
10
3.1948026771653542
20
1.1869411023622047
11
3.1947466929133856
21
1.1870300787401575
0
LINE
8
BLACK
6
CONTINUOUS
10
3.1947466929133856
20
1.1870300787401575
11
3.1946802362204725
21
1.1871110236220472
0
LINE
8
BLACK
6
CONTINUOUS
10
3.1946802362204725
20
1.1871110236220472
11
3.1946503937007873
21
1.1871829921259842
0
LINE
8
BLACK
6
CONTINUOUS
10
3.1946503937007873
20
1.1871829921259842
11
3.1944943307086615
21
1.1874309842519686
0
LINE
8
BLACK
6
CONTINUOUS
10
3.1944943307086615
20
1.1874309842519686
11
3.192619566929134
21
1.1911805118110237
0
LINE
8
BLACK
6
CONTINUOUS
10
3.192619566929134
20
1.1911805118110237
11
3.192412677165354
21
1.1917211417322835
0
LINE
8
BLACK
6
CONTINUOUS
10
3.192412677165354
20
1.1917211417322835
11
3.1924051574803149
21
1.1918269685039369
0
LINE
8
BLACK
6
CONTINUOUS
10
3.1924051574803149
20
1.1918269685039369
11
3.1923645669291338
21
1.1919249606299211
0
LINE
8
BLACK
6
CONTINUOUS
10
3.1923645669291338
20
1.1919249606299211
11
3.192307834645669
21
1.1925010236220472
0
LINE
8
BLACK
6
CONTINUOUS
10
3.192307834645669
20
1.1925010236220472
11
3.192307834645669
21
1.201874842519685
0
LINE
8
BLACK
6
CONTINUOUS
10
3.192307834645669
20
1.201874842519685
11
3.1923645669291338
21
1.2024509055118109
0
LINE
8
BLACK
6
CONTINUOUS
10
3.1923645669291338
20
1.2024509055118109
11
3.1924051574803149
21
1.2025489370078739
0
LINE
8
BLACK
6
CONTINUOUS
10
3.1924051574803149
20
1.2025489370078739
11
3.192412677165354
21
1.2026547244094488
0
LINE
8
BLACK
6
CONTINUOUS
10
3.192412677165354
20
1.2026547244094488
11
3.192619566929134
21
1.2031953543307086
0
LINE
8
BLACK
6
CONTINUOUS
10
3.192619566929134
20
1.2031953543307086
11
3.1944943307086615
21
1.2069448818897637
0
LINE
8
BLACK
6
CONTINUOUS
10
3.1944943307086615
20
1.2069448818897637
11
3.1946503937007873
21
1.2071929133858268
0
LINE
8
BLACK
6
CONTINUOUS
10
3.1946503937007873
20
1.2071929133858268
11
3.1946802362204725
21
1.207264842519685
0
LINE
8
BLACK
6
CONTINUOUS
10
3.1946802362204725
20
1.207264842519685
11
3.1947466929133856
21
1.2073458267716535
0
LINE
8
BLACK
6
CONTINUOUS
10
3.1947466929133856
20
1.2073458267716535
11
3.1948026771653542
21
1.2074347637795275
0
LINE
8
BLACK
6
CONTINUOUS
10
3.1948026771653542
20
1.2074347637795275
11
3.194861653543307
21
1.2074859448818898
0
LINE
8
BLACK
6
CONTINUOUS
10
3.194861653543307
20
1.2074859448818898
11
3.1950474409448817
21
1.2077122834645668
0
LINE
8
BLACK
6
CONTINUOUS
10
3.1950474409448817
20
1.2077122834645668
11
3.1969222047244092
21
1.2095870472440944
0
LINE
8
BLACK
6
CONTINUOUS
10
3.1969222047244092
20
1.2095870472440944
11
3.1971485433070868
21
1.2097728346456693
0
LINE
8
BLACK
6
CONTINUOUS
10
3.1971485433070868
20
1.2097728346456693
11
3.1971997244094488
21
1.2098318110236219
0
LINE
8
BLACK
6
CONTINUOUS
10
3.1971997244094488
20
1.2098318110236219
11
3.1972886614173226
21
1.2098877952755904
0
LINE
8
BLACK
6
CONTINUOUS
10
3.1972886614173226
20
1.2098877952755904
11
3.197369645669291
21
1.2099542519685038
0
LINE
8
BLACK
6
CONTINUOUS
10
3.197369645669291
20
1.2099542519685038
11
3.1974415748031495
21
1.209984094488189
0
LINE
8
BLACK
6
CONTINUOUS
10
3.1974415748031495
20
1.209984094488189
11
3.1976896062992126
21
1.210140157480315
0
LINE
8
BLACK
6
CONTINUOUS
10
3.1976896062992126
20
1.210140157480315
11
3.2014391338582677
21
1.2120149212598426
0
LINE
8
BLACK
6
CONTINUOUS
10
3.2014391338582677
20
1.2120149212598426
11
3.2019797244094486
21
1.212221811023622
0
LINE
8
BLACK
6
CONTINUOUS
10
3.2019797244094486
20
1.212221811023622
11
3.2020855905511811
21
1.2122293700787401
0
LINE
8
BLACK
6
CONTINUOUS
10
3.2020855905511811
20
1.2122293700787401
11
3.2021835826771654
21
1.2122699212598425
0
LINE
8
BLACK
6
CONTINUOUS
10
3.2021835826771654
20
1.2122699212598425
11
3.2027596456692913
21
1.212326653543307
0
LINE
8
BLACK
6
CONTINUOUS
10
3.2027596456692913
20
1.212326653543307
11
3.2065091732283464
21
1.212326653543307
0
LINE
8
BLACK
6
CONTINUOUS
10
3.2065091732283464
20
1.212326653543307
11
3.2068007086614174
21
1.2122979527559055
0
LINE
8
BLACK
6
CONTINUOUS
10
3.2197330314960628
20
1.2498120866141731
11
3.2197760629921257
21
1.249818464566929
0
LINE
8
BLACK
6
CONTINUOUS
10
3.2197760629921257
20
1.249818464566929
11
3.2199915354330706
21
1.2497866141732283
0
LINE
8
BLACK
6
CONTINUOUS
10
3.2199915354330706
20
1.2497866141732283
11
3.2202085826771651
21
1.2497652362204723
0
LINE
8
BLACK
6
CONTINUOUS
10
3.2202085826771651
20
1.2497652362204723
11
3.2202487795275592
21
1.249748622047244
0
LINE
8
BLACK
6
CONTINUOUS
10
3.2202487795275592
20
1.249748622047244
11
3.2203486614173227
21
1.2497338188976377
0
LINE
8
BLACK
6
CONTINUOUS
10
3.2203486614173227
20
1.2497338188976377
11
3.2278477165354329
21
1.2478590551181101
0
LINE
8
BLACK
6
CONTINUOUS
10
3.2278477165354329
20
1.2478590551181101
11
3.2278901968503937
21
1.2478438976377952
0
LINE
8
BLACK
6
CONTINUOUS
10
3.2278901968503937
20
1.2478438976377952
11
3.2279114566929135
21
1.2478423622047243
0
LINE
8
BLACK
6
CONTINUOUS
10
3.2279114566929135
20
1.2478423622047243
11
3.2281508661417324
21
1.247750748031496
0
LINE
8
BLACK
6
CONTINUOUS
10
3.2281508661417324
20
1.247750748031496
11
3.2283928346456694
21
1.2476642913385827
0
LINE
8
BLACK
6
CONTINUOUS
10
3.2283928346456694
20
1.2476642913385827
11
3.228409960629921
21
1.2476516141732283
0
LINE
8
BLACK
6
CONTINUOUS
10
3.228409960629921
20
1.2476516141732283
11
3.228452086614173
21
1.2476354724409449
0
LINE
8
BLACK
6
CONTINUOUS
10
3.228452086614173
20
1.2476354724409449
11
3.2322016141732282
21
1.2457607086614173
0
LINE
8
BLACK
6
CONTINUOUS
10
3.2322016141732282
20
1.2457607086614173
11
3.2324494881889763
21
1.2456046850393701
0
LINE
8
BLACK
6
CONTINUOUS
10
3.2324494881889763
20
1.2456046850393701
11
3.232521535433071
21
1.2455748425196851
0
LINE
8
BLACK
6
CONTINUOUS
10
3.232521535433071
20
1.2455748425196851
11
3.2326025590551182
21
1.2455083464566929
0
LINE
8
BLACK
6
CONTINUOUS
10
3.2326025590551182
20
1.2455083464566929
11
3.232691496062992
21
1.2454523622047244
0
LINE
8
BLACK
6
CONTINUOUS
10
3.232691496062992
20
1.2454523622047244
11
3.2327426377952757
21
1.2453933858267716
0
LINE
8
BLACK
6
CONTINUOUS
10
3.2327426377952757
20
1.2453933858267716
11
3.2329689763779528
21
1.2452076377952757
0
LINE
8
BLACK
6
CONTINUOUS
10
3.2329689763779528
20
1.2452076377952757
11
3.2348437795275591
21
1.2433328740157481
0
LINE
8
BLACK
6
CONTINUOUS
10
3.2348437795275591
20
1.2433328740157481
11
3.235029527559055
21
1.2431065354330708
0
LINE
8
BLACK
6
CONTINUOUS
10
3.235029527559055
20
1.2431065354330708
11
3.2350885826771654
21
1.2430553149606298
0
LINE
8
BLACK
6
CONTINUOUS
10
3.2350885826771654
20
1.2430553149606298
11
3.2351445669291339
21
1.2429663779527558
0
LINE
8
BLACK
6
CONTINUOUS
10
3.2351445669291339
20
1.2429663779527558
11
3.235211023622047
21
1.2428853937007873
0
LINE
8
BLACK
6
CONTINUOUS
10
3.235211023622047
20
1.2428853937007873
11
3.2352408267716535
21
1.2428134645669291
0
LINE
8
BLACK
6
CONTINUOUS
10
3.2352408267716535
20
1.2428134645669291
11
3.235396929133858
21
1.2425654330708662
0
LINE
8
BLACK
6
CONTINUOUS
10
3.235396929133858
20
1.2425654330708662
11
3.2372716929133856
21
1.2388159055118111
0
LINE
8
BLACK
6
CONTINUOUS
10
3.2372716929133856
20
1.2388159055118111
11
3.2374785826771655
21
1.2382753149606298
0
LINE
8
BLACK
6
CONTINUOUS
10
3.2374785826771655
20
1.2382753149606298
11
3.2374861023622046
21
1.2381694488188977
0
LINE
8
BLACK
6
CONTINUOUS
10
3.2374861023622046
20
1.2381694488188977
11
3.2375266929133857
21
1.2380714566929134
0
LINE
8
BLACK
6
CONTINUOUS
10
3.2375266929133857
20
1.2380714566929134
11
3.2375834251968505
21
1.2374953937007873
0
LINE
8
BLACK
6
CONTINUOUS
10
3.2375834251968505
20
1.2374953937007873
11
3.2375834251968505
21
1.2337458661417322
0
LINE
8
BLACK
6
CONTINUOUS
10
3.2375834251968505
20
1.2337458661417322
11
3.2375266929133857
21
1.2331698031496063
0
LINE
8
BLACK
6
CONTINUOUS
10
3.2375266929133857
20
1.2331698031496063
11
3.2374861023622046
21
1.2330718503937008
0
LINE
8
BLACK
6
CONTINUOUS
10
3.2374861023622046
20
1.2330718503937008
11
3.2374785826771655
21
1.2329659448818897
0
LINE
8
BLACK
6
CONTINUOUS
10
3.2374785826771655
20
1.2329659448818897
11
3.2372716929133856
21
1.2324253543307087
0
LINE
8
BLACK
6
CONTINUOUS
10
3.2372716929133856
20
1.2324253543307087
11
3.235396929133858
21
1.2286758267716535
0
LINE
8
BLACK
6
CONTINUOUS
10
3.235396929133858
20
1.2286758267716535
11
3.2352408267716535
21
1.2284278346456692
0
LINE
8
BLACK
6
CONTINUOUS
10
3.2352408267716535
20
1.2284278346456692
11
3.235211023622047
21
1.2283558661417322
0
LINE
8
BLACK
6
CONTINUOUS
10
3.235211023622047
20
1.2283558661417322
11
3.2351445669291339
21
1.2282749212598425
0
LINE
8
BLACK
6
CONTINUOUS
10
3.2351445669291339
20
1.2282749212598425
11
3.2350885826771654
21
1.2281859448818897
0
LINE
8
BLACK
6
CONTINUOUS
10
3.2350885826771654
20
1.2281859448818897
11
3.235029527559055
21
1.2281347637795275
0
LINE
8
BLACK
6
CONTINUOUS
10
3.235029527559055
20
1.2281347637795275
11
3.2348437795275591
21
1.2279083858267716
0
LINE
8
BLACK
6
CONTINUOUS
10
3.2348437795275591
20
1.2279083858267716
11
3.2329689763779528
21
1.2260336220472441
0
LINE
8
BLACK
6
CONTINUOUS
10
3.2329689763779528
20
1.2260336220472441
11
3.2327426377952757
21
1.2258479133858267
0
LINE
8
BLACK
6
CONTINUOUS
10
3.2327426377952757
20
1.2258479133858267
11
3.232691496062992
21
1.2257888976377953
0
LINE
8
BLACK
6
CONTINUOUS
10
3.232691496062992
20
1.2257888976377953
11
3.2326025590551182
21
1.2257329527559055
0
LINE
8
BLACK
6
CONTINUOUS
10
3.2326025590551182
20
1.2257329527559055
11
3.232521535433071
21
1.2256664173228347
0
LINE
8
BLACK
6
CONTINUOUS
10
3.232521535433071
20
1.2256664173228347
11
3.2324494881889763
21
1.2256366141732282
0
LINE
8
BLACK
6
CONTINUOUS
10
3.2324494881889763
20
1.2256366141732282
11
3.2322016141732282
21
1.2254805511811024
0
LINE
8
BLACK
6
CONTINUOUS
10
3.2322016141732282
20
1.2254805511811024
11
3.228452086614173
21
1.2236057874015749
0
LINE
8
BLACK
6
CONTINUOUS
10
3.228452086614173
20
1.2236057874015749
11
3.228409960629921
21
1.2235896850393702
0
LINE
8
BLACK
6
CONTINUOUS
10
3.228409960629921
20
1.2235896850393702
11
3.2283928346456694
21
1.223576968503937
0
LINE
8
BLACK
6
CONTINUOUS
10
3.2283928346456694
20
1.223576968503937
11
3.2281508661417324
21
1.2234905511811023
0
LINE
8
BLACK
6
CONTINUOUS
10
3.2281508661417324
20
1.2234905511811023
11
3.2279114566929135
21
1.2233988976377952
0
LINE
8
BLACK
6
CONTINUOUS
10
3.2279114566929135
20
1.2233988976377952
11
3.2278901968503937
21
1.223397401574803
0
LINE
8
BLACK
6
CONTINUOUS
10
3.2278901968503937
20
1.223397401574803
11
3.2278477165354329
21
1.2233822047244094
0
LINE
8
BLACK
6
CONTINUOUS
10
3.2278477165354329
20
1.2233822047244094
11
3.2203486614173227
21
1.2215074409448818
0
LINE
8
BLACK
6
CONTINUOUS
10
3.2203486614173227
20
1.2215074409448818
11
3.2202487795275592
21
1.2214926771653543
0
LINE
8
BLACK
6
CONTINUOUS
10
3.2202487795275592
20
1.2214926771653543
11
3.2202085826771651
21
1.2214760236220472
0
LINE
8
BLACK
6
CONTINUOUS
10
3.2202085826771651
20
1.2214760236220472
11
3.2199915354330706
21
1.2214546850393702
0
LINE
8
BLACK
6
CONTINUOUS
10
3.2199915354330706
20
1.2214546850393702
11
3.2197760629921257
21
1.2214227952755905
0
LINE
8
BLACK
6
CONTINUOUS
10
3.2197760629921257
20
1.2214227952755905
11
3.2197330314960628
21
1.2214292125984252
0
LINE
8
BLACK
6
CONTINUOUS
10
3.2197330314960628
20
1.2214292125984252
11
3.2196325196850393
21
1.2214192913385826
0
LINE
8
BLACK
6
CONTINUOUS
10
3.2196325196850393
20
1.2214192913385826
11
3.2102587007874015
21
1.2214192913385826
0
LINE
8
BLACK
6
CONTINUOUS
10
3.2102587007874015
20
1.2214192913385826
11
3.2101581496062992
21
1.2214292125984252
0
LINE
8
BLACK
6
CONTINUOUS
10
3.2101581496062992
20
1.2214292125984252
11
3.2101151574803151
21
1.2214227952755905
0
LINE
8
BLACK
6
CONTINUOUS
10
3.2101151574803151
20
1.2214227952755905
11
3.2098996456692914
21
1.2214546850393702
0
LINE
8
BLACK
6
CONTINUOUS
10
3.2098996456692914
20
1.2214546850393702
11
3.2096826377952756
21
1.2214760236220472
0
LINE
8
BLACK
6
CONTINUOUS
10
3.2096826377952756
20
1.2214760236220472
11
3.2096424015748033
21
1.2214926771653543
0
LINE
8
BLACK
6
CONTINUOUS
10
3.2096424015748033
20
1.2214926771653543
11
3.2095425590551181
21
1.2215074409448818
0
LINE
8
BLACK
6
CONTINUOUS
10
3.2095425590551181
20
1.2215074409448818
11
3.2020435039370079
21
1.2233822047244094
0
LINE
8
BLACK
6
CONTINUOUS
10
3.2020435039370079
20
1.2233822047244094
11
3.2020009842519683
21
1.223397401574803
0
LINE
8
BLACK
6
CONTINUOUS
10
3.2020009842519683
20
1.223397401574803
11
3.2019797244094486
21
1.2233988976377952
0
LINE
8
BLACK
6
CONTINUOUS
10
3.2019797244094486
20
1.2233988976377952
11
3.2017399606299213
21
1.2234906692913385
0
LINE
8
BLACK
6
CONTINUOUS
10
3.2017399606299213
20
1.2234906692913385
11
3.2014983858267714
21
1.223576968503937
0
LINE
8
BLACK
6
CONTINUOUS
10
3.2014983858267714
20
1.223576968503937
11
3.201481220472441
21
1.2235896850393702
0
LINE
8
BLACK
6
CONTINUOUS
10
3.201481220472441
20
1.2235896850393702
11
3.2014391338582677
21
1.2236057874015749
0
LINE
8
BLACK
6
CONTINUOUS
10
3.2014391338582677
20
1.2236057874015749
11
3.1976896062992126
21
1.2254805511811024
0
LINE
8
BLACK
6
CONTINUOUS
10
3.1976896062992126
20
1.2254805511811024
11
3.1974415748031495
21
1.225636653543307
0
LINE
8
BLACK
6
CONTINUOUS
10
3.1974415748031495
20
1.225636653543307
11
3.197369645669291
21
1.2256664566929134
0
LINE
8
BLACK
6
CONTINUOUS
10
3.197369645669291
20
1.2256664566929134
11
3.1972886614173226
21
1.2257329527559055
0
LINE
8
BLACK
6
CONTINUOUS
10
3.1972886614173226
20
1.2257329527559055
11
3.1971997244094488
21
1.2257888976377953
0
LINE
8
BLACK
6
CONTINUOUS
10
3.1971997244094488
20
1.2257888976377953
11
3.1971485433070868
21
1.2258479133858267
0
LINE
8
BLACK
6
CONTINUOUS
10
3.1971485433070868
20
1.2258479133858267
11
3.1969222047244092
21
1.2260336614173228
0
LINE
8
BLACK
6
CONTINUOUS
10
3.1969222047244092
20
1.2260336614173228
11
3.1950474409448817
21
1.2279084251968504
0
LINE
8
BLACK
6
CONTINUOUS
10
3.1950474409448817
20
1.2279084251968504
11
3.194861653543307
21
1.2281348031496062
0
LINE
8
BLACK
6
CONTINUOUS
10
3.194861653543307
20
1.2281348031496062
11
3.1948026771653542
21
1.2281859448818897
0
LINE
8
BLACK
6
CONTINUOUS
10
3.1948026771653542
20
1.2281859448818897
11
3.1947466929133856
21
1.2282749212598425
0
LINE
8
BLACK
6
CONTINUOUS
10
3.1947466929133856
20
1.2282749212598425
11
3.1946802362204725
21
1.2283558661417322
0
LINE
8
BLACK
6
CONTINUOUS
10
3.1946802362204725
20
1.2283558661417322
11
3.1946503937007873
21
1.2284278346456692
0
LINE
8
BLACK
6
CONTINUOUS
10
3.1946503937007873
20
1.2284278346456692
11
3.1944943307086615
21
1.2286758267716535
0
LINE
8
BLACK
6
CONTINUOUS
10
3.1944943307086615
20
1.2286758267716535
11
3.192619566929134
21
1.2324253543307087
0
LINE
8
BLACK
6
CONTINUOUS
10
3.192619566929134
20
1.2324253543307087
11
3.192412677165354
21
1.2329659842519685
0
LINE
8
BLACK
6
CONTINUOUS
10
3.192412677165354
20
1.2329659842519685
11
3.1924051574803149
21
1.2330718110236221
0
LINE
8
BLACK
6
CONTINUOUS
10
3.1924051574803149
20
1.2330718110236221
11
3.1923645669291338
21
1.2331698031496063
0
LINE
8
BLACK
6
CONTINUOUS
10
3.1923645669291338
20
1.2331698031496063
11
3.192307834645669
21
1.2337458661417322
0
LINE
8
BLACK
6
CONTINUOUS
10
3.192307834645669
20
1.2337458661417322
11
3.192307834645669
21
1.2374953937007873
0
LINE
8
BLACK
6
CONTINUOUS
10
3.192307834645669
20
1.2374953937007873
11
3.1923645669291338
21
1.2380714566929134
0
LINE
8
BLACK
6
CONTINUOUS
10
3.1923645669291338
20
1.2380714566929134
11
3.1924051574803149
21
1.2381694881889764
0
LINE
8
BLACK
6
CONTINUOUS
10
3.1924051574803149
20
1.2381694881889764
11
3.192412677165354
21
1.2382752755905511
0
LINE
8
BLACK
6
CONTINUOUS
10
3.192412677165354
20
1.2382752755905511
11
3.192619566929134
21
1.2388159055118111
0
LINE
8
BLACK
6
CONTINUOUS
10
3.192619566929134
20
1.2388159055118111
11
3.1944943307086615
21
1.2425654330708662
0
LINE
8
BLACK
6
CONTINUOUS
10
3.1944943307086615
20
1.2425654330708662
11
3.1946503937007873
21
1.2428134645669291
0
LINE
8
BLACK
6
CONTINUOUS
10
3.1946503937007873
20
1.2428134645669291
11
3.1946802362204725
21
1.2428853937007873
0
LINE
8
BLACK
6
CONTINUOUS
10
3.1946802362204725
20
1.2428853937007873
11
3.1947466929133856
21
1.2429663779527558
0
LINE
8
BLACK
6
CONTINUOUS
10
3.1947466929133856
20
1.2429663779527558
11
3.1948026771653542
21
1.2430553149606298
0
LINE
8
BLACK
6
CONTINUOUS
10
3.1948026771653542
20
1.2430553149606298
11
3.194861653543307
21
1.2431064960629921
0
LINE
8
BLACK
6
CONTINUOUS
10
3.194861653543307
20
1.2431064960629921
11
3.1950474409448817
21
1.2433328346456693
0
LINE
8
BLACK
6
CONTINUOUS
10
3.1950474409448817
20
1.2433328346456693
11
3.1969222047244092
21
1.2452075984251969
0
LINE
8
BLACK
6
CONTINUOUS
10
3.1969222047244092
20
1.2452075984251969
11
3.1971485433070868
21
1.2453933858267716
0
LINE
8
BLACK
6
CONTINUOUS
10
3.1971485433070868
20
1.2453933858267716
11
3.1971997244094488
21
1.2454523622047244
0
LINE
8
BLACK
6
CONTINUOUS
10
3.1971997244094488
20
1.2454523622047244
11
3.1972886614173226
21
1.2455083464566929
0
LINE
8
BLACK
6
CONTINUOUS
10
3.1972886614173226
20
1.2455083464566929
11
3.197369645669291
21
1.2455748031496063
0
LINE
8
BLACK
6
CONTINUOUS
10
3.197369645669291
20
1.2455748031496063
11
3.1974415748031495
21
1.2456046456692913
0
LINE
8
BLACK
6
CONTINUOUS
10
3.1974415748031495
20
1.2456046456692913
11
3.1976896062992126
21
1.2457607086614173
0
LINE
8
BLACK
6
CONTINUOUS
10
3.1976896062992126
20
1.2457607086614173
11
3.2014391338582677
21
1.2476354724409449
0
LINE
8
BLACK
6
CONTINUOUS
10
3.2014391338582677
20
1.2476354724409449
11
3.201481220472441
21
1.2476516141732283
0
LINE
8
BLACK
6
CONTINUOUS
10
3.201481220472441
20
1.2476516141732283
11
3.2014983858267714
21
1.2476642913385827
0
LINE
8
BLACK
6
CONTINUOUS
10
3.2014983858267714
20
1.2476642913385827
11
3.2017399606299213
21
1.2477506299212597
0
LINE
8
BLACK
6
CONTINUOUS
10
3.2017399606299213
20
1.2477506299212597
11
3.2019797244094486
21
1.2478423622047243
0
LINE
8
BLACK
6
CONTINUOUS
10
3.2019797244094486
20
1.2478423622047243
11
3.2020009842519683
21
1.2478438976377952
0
LINE
8
BLACK
6
CONTINUOUS
10
3.2020009842519683
20
1.2478438976377952
11
3.2020435039370079
21
1.2478590551181101
0
LINE
8
BLACK
6
CONTINUOUS
10
3.2020435039370079
20
1.2478590551181101
11
3.2095425590551181
21
1.2497338188976377
0
LINE
8
BLACK
6
CONTINUOUS
10
3.2095425590551181
20
1.2497338188976377
11
3.2096424015748033
21
1.249748622047244
0
LINE
8
BLACK
6
CONTINUOUS
10
3.2096424015748033
20
1.249748622047244
11
3.2096826377952756
21
1.2497652362204723
0
LINE
8
BLACK
6
CONTINUOUS
10
3.2096826377952756
20
1.2497652362204723
11
3.2098996456692914
21
1.2497866141732283
0
LINE
8
BLACK
6
CONTINUOUS
10
3.2098996456692914
20
1.2497866141732283
11
3.2101151574803151
21
1.249818464566929
0
LINE
8
BLACK
6
CONTINUOUS
10
3.2101151574803151
20
1.249818464566929
11
3.2101581496062992
21
1.2498120866141731
0
LINE
8
BLACK
6
CONTINUOUS
10
3.2101581496062992
20
1.2498120866141731
11
3.2102587007874015
21
1.2498219685039369
0
LINE
8
BLACK
6
CONTINUOUS
10
3.2102587007874015
20
1.2498219685039369
11
3.2196325196850393
21
1.2498219685039369
0
LINE
8
BLACK
6
CONTINUOUS
10
3.2196325196850393
20
1.2498219685039369
11
3.2197330314960628
21
1.2498120866141731
0
LINE
8
BLACK
6
CONTINUOUS
10
3.2037901968503935
20
1.2422084645669291
11
3.2007592125984252
21
1.2406929527559054
0
LINE
8
BLACK
6
CONTINUOUS
10
3.2007592125984252
20
1.2406929527559054
11
3.199562086614173
21
1.2394958267716536
0
LINE
8
BLACK
6
CONTINUOUS
10
3.199562086614173
20
1.2394958267716536
11
3.1982133464566926
21
1.236798346456693
0
LINE
8
BLACK
6
CONTINUOUS
10
3.1982133464566926
20
1.236798346456693
11
3.1982133464566926
21
1.2344429133858268
0
LINE
8
BLACK
6
CONTINUOUS
10
3.1982133464566926
20
1.2344429133858268
11
3.199562086614173
21
1.2317454330708661
0
LINE
8
BLACK
6
CONTINUOUS
10
3.199562086614173
20
1.2317454330708661
11
3.2007592125984252
21
1.2305483070866141
0
LINE
8
BLACK
6
CONTINUOUS
10
3.2007592125984252
20
1.2305483070866141
11
3.2037901968503935
21
1.2290328346456694
0
LINE
8
BLACK
6
CONTINUOUS
10
3.2037901968503935
20
1.2290328346456694
11
3.210622244094488
21
1.2273248031496062
0
LINE
8
BLACK
6
CONTINUOUS
10
3.210622244094488
20
1.2273248031496062
11
3.2192689763779527
21
1.2273248031496062
0
LINE
8
BLACK
6
CONTINUOUS
10
3.2192689763779527
20
1.2273248031496062
11
3.2261010236220473
21
1.2290328346456694
0
LINE
8
BLACK
6
CONTINUOUS
10
3.2261010236220473
20
1.2290328346456694
11
3.2291320078740156
21
1.2305483464566929
0
LINE
8
BLACK
6
CONTINUOUS
10
3.2291320078740156
20
1.2305483464566929
11
3.2303291732283466
21
1.2317454724409449
0
LINE
8
BLACK
6
CONTINUOUS
10
3.2303291732283466
20
1.2317454724409449
11
3.2316779133858269
21
1.2344429133858268
0
LINE
8
BLACK
6
CONTINUOUS
10
3.2316779133858269
20
1.2344429133858268
11
3.2316779133858269
21
1.236798346456693
0
LINE
8
BLACK
6
CONTINUOUS
10
3.2316779133858269
20
1.236798346456693
11
3.2303291732283466
21
1.2394958267716536
0
LINE
8
BLACK
6
CONTINUOUS
10
3.2303291732283466
20
1.2394958267716536
11
3.2291320078740156
21
1.2406929527559054
0
LINE
8
BLACK
6
CONTINUOUS
10
3.2291320078740156
20
1.2406929527559054
11
3.2261010236220473
21
1.2422084645669291
0
LINE
8
BLACK
6
CONTINUOUS
10
3.2261010236220473
20
1.2422084645669291
11
3.2192689763779527
21
1.2439164566929133
0
LINE
8
BLACK
6
CONTINUOUS
10
3.2192689763779527
20
1.2439164566929133
11
3.210622244094488
21
1.2439164566929133
0
LINE
8
BLACK
6
CONTINUOUS
10
3.210622244094488
20
1.2439164566929133
11
3.2037901968503935
21
1.2422084645669291
0
LINE
8
BLACK
6
CONTINUOUS
10
3.2352067322834643
20
1.3303801968503937
11
3.2362711417322836
21
1.3299392913385826
0
LINE
8
BLACK
6
CONTINUOUS
10
3.2362711417322836
20
1.3299392913385826
11
3.2370857874015746
21
1.3291246456692913
0
LINE
8
BLACK
6
CONTINUOUS
10
3.2370857874015746
20
1.3291246456692913
11
3.2375266929133857
21
1.3280602362204723
0
LINE
8
BLACK
6
CONTINUOUS
10
3.2375266929133857
20
1.3280602362204723
11
3.2375266929133857
21
1.3269081102362204
0
LINE
8
BLACK
6
CONTINUOUS
10
3.2375266929133857
20
1.3269081102362204
11
3.2370857874015746
21
1.3258437007874015
0
LINE
8
BLACK
6
CONTINUOUS
10
3.2370857874015746
20
1.3258437007874015
11
3.2362711417322836
21
1.3250290551181103
0
LINE
8
BLACK
6
CONTINUOUS
10
3.2362711417322836
20
1.3250290551181103
11
3.2352067322834643
21
1.3245881496062992
0
LINE
8
BLACK
6
CONTINUOUS
10
3.2352067322834643
20
1.3245881496062992
11
3.2346306692913385
21
1.3245314173228346
0
LINE
8
BLACK
6
CONTINUOUS
10
3.2346306692913385
20
1.3245314173228346
11
3.2147052755905512
21
1.3245314173228346
0
LINE
8
BLACK
6
CONTINUOUS
10
3.2147052755905512
20
1.3245314173228346
11
3.2124595275590551
21
1.3234085826771653
0
LINE
8
BLACK
6
CONTINUOUS
10
3.2124595275590551
20
1.3234085826771653
11
3.211336692913386
21
1.3211628346456692
0
LINE
8
BLACK
6
CONTINUOUS
10
3.211336692913386
20
1.3211628346456692
11
3.211336692913386
21
1.3169325984251967
0
LINE
8
BLACK
6
CONTINUOUS
10
3.211336692913386
20
1.3169325984251967
11
3.2124595275590551
21
1.3146868897637796
0
LINE
8
BLACK
6
CONTINUOUS
10
3.2124595275590551
20
1.3146868897637796
11
3.2147052755905512
21
1.3135640157480315
0
LINE
8
BLACK
6
CONTINUOUS
10
3.2147052755905512
20
1.3135640157480315
11
3.2346306692913385
21
1.3135640157480315
0
LINE
8
BLACK
6
CONTINUOUS
10
3.2346306692913385
20
1.3135640157480315
11
3.2352067322834643
21
1.3135072834645669
0
LINE
8
BLACK
6
CONTINUOUS
10
3.2352067322834643
20
1.3135072834645669
11
3.2362711417322836
21
1.3130663779527558
0
LINE
8
BLACK
6
CONTINUOUS
10
3.2362711417322836
20
1.3130663779527558
11
3.2370857874015746
21
1.3122517322834646
0
LINE
8
BLACK
6
CONTINUOUS
10
3.2370857874015746
20
1.3122517322834646
11
3.2375266929133857
21
1.3111873228346456
0
LINE
8
BLACK
6
CONTINUOUS
10
3.2375266929133857
20
1.3111873228346456
11
3.2375266929133857
21
1.3100351968503936
0
LINE
8
BLACK
6
CONTINUOUS
10
3.2375266929133857
20
1.3100351968503936
11
3.2370857874015746
21
1.3089707874015748
0
LINE
8
BLACK
6
CONTINUOUS
10
3.2370857874015746
20
1.3089707874015748
11
3.2362711417322836
21
1.3081561417322833
0
LINE
8
BLACK
6
CONTINUOUS
10
3.2362711417322836
20
1.3081561417322833
11
3.2352067322834643
21
1.3077152362204725
0
LINE
8
BLACK
6
CONTINUOUS
10
3.2352067322834643
20
1.3077152362204725
11
3.2346306692913385
21
1.3076585039370079
0
LINE
8
BLACK
6
CONTINUOUS
10
3.2346306692913385
20
1.3076585039370079
11
3.2147052755905512
21
1.3076585039370079
0
LINE
8
BLACK
6
CONTINUOUS
10
3.2147052755905512
20
1.3076585039370079
11
3.2124595275590551
21
1.3065356692913386
0
LINE
8
BLACK
6
CONTINUOUS
10
3.2124595275590551
20
1.3065356692913386
11
3.211336692913386
21
1.3042899212598424
0
LINE
8
BLACK
6
CONTINUOUS
10
3.211336692913386
20
1.3042899212598424
11
3.211336692913386
21
1.3000597244094487
0
LINE
8
BLACK
6
CONTINUOUS
10
3.211336692913386
20
1.3000597244094487
11
3.2126854330708658
21
1.2973622440944881
0
LINE
8
BLACK
6
CONTINUOUS
10
3.2126854330708658
20
1.2973622440944881
11
3.2133565354330709
21
1.2966911417322835
0
LINE
8
BLACK
6
CONTINUOUS
10
3.2133565354330709
20
1.2966911417322835
11
3.2346306692913385
21
1.2966911417322835
0
LINE
8
BLACK
6
CONTINUOUS
10
3.2346306692913385
20
1.2966911417322835
11
3.2352067322834643
21
1.2966344094488189
0
LINE
8
BLACK
6
CONTINUOUS
10
3.2352067322834643
20
1.2966344094488189
11
3.2362711417322836
21
1.2961935039370078
0
LINE
8
BLACK
6
CONTINUOUS
10
3.2362711417322836
20
1.2961935039370078
11
3.2370857874015746
21
1.2953788582677166
0
LINE
8
BLACK
6
CONTINUOUS
10
3.2370857874015746
20
1.2953788582677166
11
3.2375266929133857
21
1.2943144488188976
0
LINE
8
BLACK
6
CONTINUOUS
10
3.2375266929133857
20
1.2943144488188976
11
3.2375266929133857
21
1.2931623228346456
0
LINE
8
BLACK
6
CONTINUOUS
10
3.2375266929133857
20
1.2931623228346456
11
3.2370857874015746
21
1.2920979133858268
0
LINE
8
BLACK
6
CONTINUOUS
10
3.2370857874015746
20
1.2920979133858268
11
3.2362711417322836
21
1.2912832677165353
0
LINE
8
BLACK
6
CONTINUOUS
10
3.2362711417322836
20
1.2912832677165353
11
3.2352067322834643
21
1.2908423622047245
0
LINE
8
BLACK
6
CONTINUOUS
10
3.2352067322834643
20
1.2908423622047245
11
3.2346306692913385
21
1.2907856299212599
0
LINE
8
BLACK
6
CONTINUOUS
10
3.2346306692913385
20
1.2907856299212599
11
3.2083839370078739
21
1.2907856299212599
0
LINE
8
BLACK
6
CONTINUOUS
10
3.2083839370078739
20
1.2907856299212599
11
3.2078078740157481
21
1.2908423622047245
0
LINE
8
BLACK
6
CONTINUOUS
10
3.2078078740157481
20
1.2908423622047245
11
3.2067434645669293
21
1.2912832677165353
0
LINE
8
BLACK
6
CONTINUOUS
10
3.2067434645669293
20
1.2912832677165353
11
3.2059288188976378
21
1.2920979133858268
0
LINE
8
BLACK
6
CONTINUOUS
10
3.2059288188976378
20
1.2920979133858268
11
3.2054879133858267
21
1.2931623228346456
0
LINE
8
BLACK
6
CONTINUOUS
10
3.2054879133858267
20
1.2931623228346456
11
3.2054879133858267
21
1.2943144488188976
0
LINE
8
BLACK
6
CONTINUOUS
10
3.2054879133858267
20
1.2943144488188976
11
3.2059288188976378
21
1.2953788582677166
0
LINE
8
BLACK
6
CONTINUOUS
10
3.2059288188976378
20
1.2953788582677166
11
3.2066926377952756
21
1.2961427165354331
0
LINE
8
BLACK
6
CONTINUOUS
10
3.2066926377952756
20
1.2961427165354331
11
3.2057429133858268
21
1.2980421653543306
0
LINE
8
BLACK
6
CONTINUOUS
10
3.2057429133858268
20
1.2980421653543306
11
3.2055360236220474
21
1.2985827952755906
0
LINE
8
BLACK
6
CONTINUOUS
10
3.2055360236220474
20
1.2985827952755906
11
3.2055285039370078
21
1.298688622047244
0
LINE
8
BLACK
6
CONTINUOUS
10
3.2055285039370078
20
1.298688622047244
11
3.2054879133858267
21
1.2987866141732283
0
LINE
8
BLACK
6
CONTINUOUS
10
3.2054879133858267
20
1.2987866141732283
11
3.2054311811023619
21
1.2993626771653544
0
LINE
8
BLACK
6
CONTINUOUS
10
3.2054311811023619
20
1.2993626771653544
11
3.2054311811023619
21
1.304986968503937
0
LINE
8
BLACK
6
CONTINUOUS
10
3.2054311811023619
20
1.304986968503937
11
3.2054879133858267
21
1.3055630314960629
0
LINE
8
BLACK
6
CONTINUOUS
10
3.2054879133858267
20
1.3055630314960629
11
3.2055285039370078
21
1.3056610629921259
0
LINE
8
BLACK
6
CONTINUOUS
10
3.2055285039370078
20
1.3056610629921259
11
3.2055360236220474
21
1.3057668503937008
0
LINE
8
BLACK
6
CONTINUOUS
10
3.2055360236220474
20
1.3057668503937008
11
3.2057429133858268
21
1.3063074803149606
0
LINE
8
BLACK
6
CONTINUOUS
10
3.2057429133858268
20
1.3063074803149606
11
3.2076176771653544
21
1.3100570078740157
0
LINE
8
BLACK
6
CONTINUOUS
10
3.2076176771653544
20
1.3100570078740157
11
3.2076783070866139
21
1.3101533858267715
0
LINE
8
BLACK
6
CONTINUOUS
10
3.2076783070866139
20
1.3101533858267715
11
3.2076934645669293
21
1.3101987795275589
0
LINE
8
BLACK
6
CONTINUOUS
10
3.2076934645669293
20
1.3101987795275589
11
3.2077424803149603
21
1.3102553543307087
0
LINE
8
BLACK
6
CONTINUOUS
10
3.2077424803149603
20
1.3102553543307087
11
3.207926023622047
21
1.3105468897637795
0
LINE
8
BLACK
6
CONTINUOUS
10
3.207926023622047
20
1.3105468897637795
11
3.2080002362204723
21
1.3106112598425197
0
LINE
8
BLACK
6
CONTINUOUS
10
3.2080002362204723
20
1.3106112598425197
11
3.207926023622047
21
1.3106756299212599
0
LINE
8
BLACK
6
CONTINUOUS
10
3.207926023622047
20
1.3106756299212599
11
3.2077424803149603
21
1.3109672047244094
0
LINE
8
BLACK
6
CONTINUOUS
10
3.2077424803149603
20
1.3109672047244094
11
3.2076934645669293
21
1.3110237401574802
0
LINE
8
BLACK
6
CONTINUOUS
10
3.2076934645669293
20
1.3110237401574802
11
3.2076783070866139
21
1.3110691732283464
0
LINE
8
BLACK
6
CONTINUOUS
10
3.2076783070866139
20
1.3110691732283464
11
3.2076176771653544
21
1.3111655118110237
0
LINE
8
BLACK
6
CONTINUOUS
10
3.2076176771653544
20
1.3111655118110237
11
3.2057429133858268
21
1.3149150393700788
0
LINE
8
BLACK
6
CONTINUOUS
10
3.2057429133858268
20
1.3149150393700788
11
3.2055360236220474
21
1.3154556692913386
0
LINE
8
BLACK
6
CONTINUOUS
10
3.2055360236220474
20
1.3154556692913386
11
3.2055285039370078
21
1.315561496062992
0
LINE
8
BLACK
6
CONTINUOUS
10
3.2055285039370078
20
1.315561496062992
11
3.2054879133858267
21
1.3156594881889763
0
LINE
8
BLACK
6
CONTINUOUS
10
3.2054879133858267
20
1.3156594881889763
11
3.2054311811023619
21
1.3162355511811024
0
LINE
8
BLACK
6
CONTINUOUS
10
3.2054311811023619
20
1.3162355511811024
11
3.2054311811023619
21
1.321859842519685
0
LINE
8
BLACK
6
CONTINUOUS
10
3.2054311811023619
20
1.321859842519685
11
3.2054879133858267
21
1.3224359055118109
0
LINE
8
BLACK
6
CONTINUOUS
10
3.2054879133858267
20
1.3224359055118109
11
3.2055285039370078
21
1.3225339370078739
0
LINE
8
BLACK
6
CONTINUOUS
10
3.2055285039370078
20
1.3225339370078739
11
3.2055360236220474
21
1.3226397244094488
0
LINE
8
BLACK
6
CONTINUOUS
10
3.2055360236220474
20
1.3226397244094488
11
3.2057429133858268
21
1.3231803543307086
0
LINE
8
BLACK
6
CONTINUOUS
10
3.2057429133858268
20
1.3231803543307086
11
3.2076176771653544
21
1.3269299212598424
0
LINE
8
BLACK
6
CONTINUOUS
10
3.2076176771653544
20
1.3269299212598424
11
3.2076783070866139
21
1.3270262598425198
0
LINE
8
BLACK
6
CONTINUOUS
10
3.2076783070866139
20
1.3270262598425198
11
3.2076934645669293
21
1.3270716929133859
0
LINE
8
BLACK
6
CONTINUOUS
10
3.2076934645669293
20
1.3270716929133859
11
3.2077425196850391
21
1.3271283070866142
0
LINE
8
BLACK
6
CONTINUOUS
10
3.2077425196850391
20
1.3271283070866142
11
3.207926023622047
21
1.3274197637795275
0
LINE
8
BLACK
6
CONTINUOUS
10
3.207926023622047
20
1.3274197637795275
11
3.2082056299212596
21
1.3276622834645668
0
LINE
8
BLACK
6
CONTINUOUS
10
3.2082056299212596
20
1.3276622834645668
11
3.2084483070866141
21
1.3279420866141731
0
LINE
8
BLACK
6
CONTINUOUS
10
3.2084483070866141
20
1.3279420866141731
11
3.2087398425196851
21
1.3281256299212598
0
LINE
8
BLACK
6
CONTINUOUS
10
3.2087398425196851
20
1.3281256299212598
11
3.2087964173228345
21
1.3281746456692913
0
LINE
8
BLACK
6
CONTINUOUS
10
3.2087964173228345
20
1.3281746456692913
11
3.2088418110236221
21
1.3281898031496062
0
LINE
8
BLACK
6
CONTINUOUS
10
3.2088418110236221
20
1.3281898031496062
11
3.2089381889763779
21
1.3282504330708662
0
LINE
8
BLACK
6
CONTINUOUS
10
3.2089381889763779
20
1.3282504330708662
11
3.2126877165354331
21
1.3301251968503938
0
LINE
8
BLACK
6
CONTINUOUS
10
3.2126877165354331
20
1.3301251968503938
11
3.2132283070866139
21
1.3303320866141732
0
LINE
8
BLACK
6
CONTINUOUS
10
3.2132283070866139
20
1.3303320866141732
11
3.2133341732283465
21
1.3303396456692913
0
LINE
8
BLACK
6
CONTINUOUS
10
3.2133341732283465
20
1.3303396456692913
11
3.2134321653543307
21
1.3303801968503937
0
LINE
8
BLACK
6
CONTINUOUS
10
3.2134321653543307
20
1.3303801968503937
11
3.2140082283464566
21
1.3304369291338582
0
LINE
8
BLACK
6
CONTINUOUS
10
3.2140082283464566
20
1.3304369291338582
11
3.2346306692913385
21
1.3304369291338582
0
LINE
8
BLACK
6
CONTINUOUS
10
3.2346306692913385
20
1.3304369291338582
11
3.2352067322834643
21
1.3303801968503937
0
LINE
8
BLACK
6
CONTINUOUS
10
3.2352067322834643
20
1.382873622047244
11
3.2362711417322836
21
1.3824327165354331
0
LINE
8
BLACK
6
CONTINUOUS
10
3.2362711417322836
20
1.3824327165354331
11
3.2370857874015746
21
1.3816180708661416
0
LINE
8
BLACK
6
CONTINUOUS
10
3.2370857874015746
20
1.3816180708661416
11
3.2375266929133857
21
1.3805536614173228
0
LINE
8
BLACK
6
CONTINUOUS
10
3.2375266929133857
20
1.3805536614173228
11
3.2375266929133857
21
1.3794015354330709
0
LINE
8
BLACK
6
CONTINUOUS
10
3.2375266929133857
20
1.3794015354330709
11
3.2370857874015746
21
1.3783371259842518
0
LINE
8
BLACK
6
CONTINUOUS
10
3.2370857874015746
20
1.3783371259842518
11
3.2362711417322836
21
1.3775224803149606
0
LINE
8
BLACK
6
CONTINUOUS
10
3.2362711417322836
20
1.3775224803149606
11
3.2352067322834643
21
1.3770815748031495
0
LINE
8
BLACK
6
CONTINUOUS
10
3.2352067322834643
20
1.3770815748031495
11
3.2346306692913385
21
1.3770248425196849
0
LINE
8
BLACK
6
CONTINUOUS
10
3.2346306692913385
20
1.3770248425196849
11
3.2147052755905512
21
1.3770248425196849
0
LINE
8
BLACK
6
CONTINUOUS
10
3.2147052755905512
20
1.3770248425196849
11
3.2124595275590551
21
1.3759020078740156
0
LINE
8
BLACK
6
CONTINUOUS
10
3.2124595275590551
20
1.3759020078740156
11
3.211336692913386
21
1.3736562598425197
0
LINE
8
BLACK
6
CONTINUOUS
10
3.211336692913386
20
1.3736562598425197
11
3.211336692913386
21
1.3694260236220472
0
LINE
8
BLACK
6
CONTINUOUS
10
3.211336692913386
20
1.3694260236220472
11
3.2124595275590551
21
1.3671803149606299
0
LINE
8
BLACK
6
CONTINUOUS
10
3.2124595275590551
20
1.3671803149606299
11
3.2147052755905512
21
1.3660574409448818
0
LINE
8
BLACK
6
CONTINUOUS
10
3.2147052755905512
20
1.3660574409448818
11
3.2346306692913385
21
1.3660574409448818
0
LINE
8
BLACK
6
CONTINUOUS
10
3.2346306692913385
20
1.3660574409448818
11
3.2352067322834643
21
1.3660007086614172
0
LINE
8
BLACK
6
CONTINUOUS
10
3.2352067322834643
20
1.3660007086614172
11
3.2362711417322836
21
1.3655598031496063
0
LINE
8
BLACK
6
CONTINUOUS
10
3.2362711417322836
20
1.3655598031496063
11
3.2370857874015746
21
1.3647451574803149
0
LINE
8
BLACK
6
CONTINUOUS
10
3.2370857874015746
20
1.3647451574803149
11
3.2375266929133857
21
1.3636807480314961
0
LINE
8
BLACK
6
CONTINUOUS
10
3.2375266929133857
20
1.3636807480314961
11
3.2375266929133857
21
1.3625286220472441
0
LINE
8
BLACK
6
CONTINUOUS
10
3.2375266929133857
20
1.3625286220472441
11
3.2370857874015746
21
1.3614642125984251
0
LINE
8
BLACK
6
CONTINUOUS
10
3.2370857874015746
20
1.3614642125984251
11
3.2362711417322836
21
1.3606495669291339
0
LINE
8
BLACK
6
CONTINUOUS
10
3.2362711417322836
20
1.3606495669291339
11
3.2352067322834643
21
1.3602086614173228
0
LINE
8
BLACK
6
CONTINUOUS
10
3.2352067322834643
20
1.3602086614173228
11
3.2346306692913385
21
1.3601519291338582
0
LINE
8
BLACK
6
CONTINUOUS
10
3.2346306692913385
20
1.3601519291338582
11
3.2147052755905512
21
1.3601519291338582
0
LINE
8
BLACK
6
CONTINUOUS
10
3.2147052755905512
20
1.3601519291338582
11
3.2124595275590551
21
1.3590290944881889
0
LINE
8
BLACK
6
CONTINUOUS
10
3.2124595275590551
20
1.3590290944881889
11
3.211336692913386
21
1.356783346456693
0
LINE
8
BLACK
6
CONTINUOUS
10
3.211336692913386
20
1.356783346456693
11
3.211336692913386
21
1.3525531496062992
0
LINE
8
BLACK
6
CONTINUOUS
10
3.211336692913386
20
1.3525531496062992
11
3.2126854330708658
21
1.3498556692913386
0
LINE
8
BLACK
6
CONTINUOUS
10
3.2126854330708658
20
1.3498556692913386
11
3.2133565354330709
21
1.3491845669291338
0
LINE
8
BLACK
6
CONTINUOUS
10
3.2133565354330709
20
1.3491845669291338
11
3.2346306692913385
21
1.3491845669291338
0
LINE
8
BLACK
6
CONTINUOUS
10
3.2346306692913385
20
1.3491845669291338
11
3.2352067322834643
21
1.3491278346456692
0
LINE
8
BLACK
6
CONTINUOUS
10
3.2352067322834643
20
1.3491278346456692
11
3.2362711417322836
21
1.3486869291338583
0
LINE
8
BLACK
6
CONTINUOUS
10
3.2362711417322836
20
1.3486869291338583
11
3.2370857874015746
21
1.3478722834645669
0
LINE
8
BLACK
6
CONTINUOUS
10
3.2370857874015746
20
1.3478722834645669
11
3.2375266929133857
21
1.3468078740157481
0
LINE
8
BLACK
6
CONTINUOUS
10
3.2375266929133857
20
1.3468078740157481
11
3.2375266929133857
21
1.3456557480314961
0
LINE
8
BLACK
6
CONTINUOUS
10
3.2375266929133857
20
1.3456557480314961
11
3.2370857874015746
21
1.3445913385826771
0
LINE
8
BLACK
6
CONTINUOUS
10
3.2370857874015746
20
1.3445913385826771
11
3.2362711417322836
21
1.3437766929133859
0
LINE
8
BLACK
6
CONTINUOUS
10
3.2362711417322836
20
1.3437766929133859
11
3.2352067322834643
21
1.3433357874015748
0
LINE
8
BLACK
6
CONTINUOUS
10
3.2352067322834643
20
1.3433357874015748
11
3.2346306692913385
21
1.3432790551181102
0
LINE
8
BLACK
6
CONTINUOUS
10
3.2346306692913385
20
1.3432790551181102
11
3.2083839370078739
21
1.3432790551181102
0
LINE
8
BLACK
6
CONTINUOUS
10
3.2083839370078739
20
1.3432790551181102
11
3.2078078740157481
21
1.3433357874015748
0
LINE
8
BLACK
6
CONTINUOUS
10
3.2078078740157481
20
1.3433357874015748
11
3.2067434645669293
21
1.3437766929133859
0
LINE
8
BLACK
6
CONTINUOUS
10
3.2067434645669293
20
1.3437766929133859
11
3.2059288188976378
21
1.3445913385826771
0
LINE
8
BLACK
6
CONTINUOUS
10
3.2059288188976378
20
1.3445913385826771
11
3.2054879133858267
21
1.3456557480314961
0
LINE
8
BLACK
6
CONTINUOUS
10
3.2054879133858267
20
1.3456557480314961
11
3.2054879133858267
21
1.3468078740157481
0
LINE
8
BLACK
6
CONTINUOUS
10
3.2054879133858267
20
1.3468078740157481
11
3.2059288188976378
21
1.3478722834645669
0
LINE
8
BLACK
6
CONTINUOUS
10
3.2059288188976378
20
1.3478722834645669
11
3.2066926377952756
21
1.3486361417322834
0
LINE
8
BLACK
6
CONTINUOUS
10
3.2066926377952756
20
1.3486361417322834
11
3.2057429133858268
21
1.3505355905511811
0
LINE
8
BLACK
6
CONTINUOUS
10
3.2057429133858268
20
1.3505355905511811
11
3.2055360236220474
21
1.3510762204724409
0
LINE
8
BLACK
6
CONTINUOUS
10
3.2055360236220474
20
1.3510762204724409
11
3.2055285039370078
21
1.3511820472440945
0
LINE
8
BLACK
6
CONTINUOUS
10
3.2055285039370078
20
1.3511820472440945
11
3.2054879133858267
21
1.3512800393700788
0
LINE
8
BLACK
6
CONTINUOUS
10
3.2054879133858267
20
1.3512800393700788
11
3.2054311811023619
21
1.3518561023622047
0
LINE
8
BLACK
6
CONTINUOUS
10
3.2054311811023619
20
1.3518561023622047
11
3.2054311811023619
21
1.3574803937007873
0
LINE
8
BLACK
6
CONTINUOUS
10
3.2054311811023619
20
1.3574803937007873
11
3.2054879133858267
21
1.3580564566929134
0
LINE
8
BLACK
6
CONTINUOUS
10
3.2054879133858267
20
1.3580564566929134
11
3.2055285039370078
21
1.3581544881889764
0
LINE
8
BLACK
6
CONTINUOUS
10
3.2055285039370078
20
1.3581544881889764
11
3.2055360236220474
21
1.3582602755905511
0
LINE
8
BLACK
6
CONTINUOUS
10
3.2055360236220474
20
1.3582602755905511
11
3.2057429133858268
21
1.3588009055118111
0
LINE
8
BLACK
6
CONTINUOUS
10
3.2057429133858268
20
1.3588009055118111
11
3.2076176771653544
21
1.3625504330708662
0
LINE
8
BLACK
6
CONTINUOUS
10
3.2076176771653544
20
1.3625504330708662
11
3.2076783070866139
21
1.3626468110236221
0
LINE
8
BLACK
6
CONTINUOUS
10
3.2076783070866139
20
1.3626468110236221
11
3.2076934645669293
21
1.3626922047244094
0
LINE
8
BLACK
6
CONTINUOUS
10
3.2076934645669293
20
1.3626922047244094
11
3.2077424803149603
21
1.362748779527559
0
LINE
8
BLACK
6
CONTINUOUS
10
3.2077424803149603
20
1.362748779527559
11
3.207926023622047
21
1.3630403149606298
0
LINE
8
BLACK
6
CONTINUOUS
10
3.207926023622047
20
1.3630403149606298
11
3.2080002362204723
21
1.36310468503937
0
LINE
8
BLACK
6
CONTINUOUS
10
3.2080002362204723
20
1.36310468503937
11
3.207926023622047
21
1.3631690551181102
0
LINE
8
BLACK
6
CONTINUOUS
10
3.207926023622047
20
1.3631690551181102
11
3.2077424803149603
21
1.3634606299212597
0
LINE
8
BLACK
6
CONTINUOUS
10
3.2077424803149603
20
1.3634606299212597
11
3.2076934645669293
21
1.3635171653543308
0
LINE
8
BLACK
6
CONTINUOUS
10
3.2076934645669293
20
1.3635171653543308
11
3.2076783070866139
21
1.3635625984251969
0
LINE
8
BLACK
6
CONTINUOUS
10
3.2076783070866139
20
1.3635625984251969
11
3.2076176771653544
21
1.363658937007874
0
LINE
8
BLACK
6
CONTINUOUS
10
3.2076176771653544
20
1.363658937007874
11
3.2057429133858268
21
1.3674084645669291
0
LINE
8
BLACK
6
CONTINUOUS
10
3.2057429133858268
20
1.3674084645669291
11
3.2055360236220474
21
1.3679490944881889
0
LINE
8
BLACK
6
CONTINUOUS
10
3.2055360236220474
20
1.3679490944881889
11
3.2055285039370078
21
1.3680549212598425
0
LINE
8
BLACK
6
CONTINUOUS
10
3.2055285039370078
20
1.3680549212598425
11
3.2054879133858267
21
1.3681529133858268
0
LINE
8
BLACK
6
CONTINUOUS
10
3.2054879133858267
20
1.3681529133858268
11
3.2054311811023619
21
1.3687289763779527
0
LINE
8
BLACK
6
CONTINUOUS
10
3.2054311811023619
20
1.3687289763779527
11
3.2054311811023619
21
1.3743532677165353
0
LINE
8
BLACK
6
CONTINUOUS
10
3.2054311811023619
20
1.3743532677165353
11
3.2054879133858267
21
1.3749293307086614
0
LINE
8
BLACK
6
CONTINUOUS
10
3.2054879133858267
20
1.3749293307086614
11
3.2055285039370078
21
1.3750273622047244
0
LINE
8
BLACK
6
CONTINUOUS
10
3.2055285039370078
20
1.3750273622047244
11
3.2055360236220474
21
1.3751331496062993
0
LINE
8
BLACK
6
CONTINUOUS
10
3.2055360236220474
20
1.3751331496062993
11
3.2057429133858268
21
1.3756737795275591
0
LINE
8
BLACK
6
CONTINUOUS
10
3.2057429133858268
20
1.3756737795275591
11
3.2076176771653544
21
1.379423346456693
0
LINE
8
BLACK
6
CONTINUOUS
10
3.2076176771653544
20
1.379423346456693
11
3.2076783070866139
21
1.3795196850393701
0
LINE
8
BLACK
6
CONTINUOUS
10
3.2076783070866139
20
1.3795196850393701
11
3.2076934645669293
21
1.3795651181102362
0
LINE
8
BLACK
6
CONTINUOUS
10
3.2076934645669293
20
1.3795651181102362
11
3.2077425196850391
21
1.3796217322834645
0
LINE
8
BLACK
6
CONTINUOUS
10
3.2077425196850391
20
1.3796217322834645
11
3.207926023622047
21
1.3799131889763778
0
LINE
8
BLACK
6
CONTINUOUS
10
3.207926023622047
20
1.3799131889763778
11
3.2082056299212596
21
1.3801557086614173
0
LINE
8
BLACK
6
CONTINUOUS
10
3.2082056299212596
20
1.3801557086614173
11
3.2084483070866141
21
1.3804355118110236
0
LINE
8
BLACK
6
CONTINUOUS
10
3.2084483070866141
20
1.3804355118110236
11
3.2087398425196851
21
1.3806190551181101
0
LINE
8
BLACK
6
CONTINUOUS
10
3.2087398425196851
20
1.3806190551181101
11
3.2087964173228345
21
1.3806680708661416
0
LINE
8
BLACK
6
CONTINUOUS
10
3.2087964173228345
20
1.3806680708661416
11
3.2088418110236221
21
1.3806832283464567
0
LINE
8
BLACK
6
CONTINUOUS
10
3.2088418110236221
20
1.3806832283464567
11
3.2089381889763779
21
1.3807438582677165
0
LINE
8
BLACK
6
CONTINUOUS
10
3.2089381889763779
20
1.3807438582677165
11
3.2126877165354331
21
1.3826186220472441
0
LINE
8
BLACK
6
CONTINUOUS
10
3.2126877165354331
20
1.3826186220472441
11
3.2132283070866139
21
1.3828255118110235
0
LINE
8
BLACK
6
CONTINUOUS
10
3.2132283070866139
20
1.3828255118110235
11
3.2133341732283465
21
1.3828330708661416
0
LINE
8
BLACK
6
CONTINUOUS
10
3.2133341732283465
20
1.3828330708661416
11
3.2134321653543307
21
1.382873622047244
0
LINE
8
BLACK
6
CONTINUOUS
10
3.2134321653543307
20
1.382873622047244
11
3.2140082283464566
21
1.3829303543307085
0
LINE
8
BLACK
6
CONTINUOUS
10
3.2140082283464566
20
1.3829303543307085
11
3.2346306692913385
21
1.3829303543307085
0
LINE
8
BLACK
6
CONTINUOUS
10
3.2346306692913385
20
1.3829303543307085
11
3.2352067322834643
21
1.382873622047244
0
LINE
8
BLACK
6
CONTINUOUS
10
2.9464757086614171
20
2.4859222440944881
11
2.9470128740157482
21
2.4857065748031495
0
LINE
8
BLACK
6
CONTINUOUS
10
2.9470128740157482
20
2.4857065748031495
11
2.9870472440944882
21
2.4648660236220472
0
LINE
8
BLACK
6
CONTINUOUS
10
2.9870472440944882
20
2.4648660236220472
11
2.9870472440944882
21
2.483087401574803
0
LINE
8
BLACK
6
CONTINUOUS
10
2.9870472440944882
20
2.483087401574803
11
2.9871039763779526
21
2.4836634645669289
0
LINE
8
BLACK
6
CONTINUOUS
10
2.9871039763779526
20
2.4836634645669289
11
2.9875448818897636
21
2.4847278740157481
0
LINE
8
BLACK
6
CONTINUOUS
10
2.9875448818897636
20
2.4847278740157481
11
2.9883595275590551
21
2.4855425196850391
0
LINE
8
BLACK
6
CONTINUOUS
10
2.9883595275590551
20
2.4855425196850391
11
2.9894239370078739
21
2.4859834251968502
0
LINE
8
BLACK
6
CONTINUOUS
10
2.9894239370078739
20
2.4859834251968502
11
2.9905760629921261
21
2.4859834251968502
0
LINE
8
BLACK
6
CONTINUOUS
10
2.9905760629921261
20
2.4859834251968502
11
2.9916404724409449
21
2.4855425196850391
0
LINE
8
BLACK
6
CONTINUOUS
10
2.9916404724409449
20
2.4855425196850391
11
2.9924551181102363
21
2.4847278740157481
0
LINE
8
BLACK
6
CONTINUOUS
10
2.9924551181102363
20
2.4847278740157481
11
2.992896023622047
21
2.4836634645669289
0
LINE
8
BLACK
6
CONTINUOUS
10
2.992896023622047
20
2.4836634645669289
11
2.9929527559055118
21
2.483087401574803
0
LINE
8
BLACK
6
CONTINUOUS
10
2.9929527559055118
20
2.483087401574803
11
2.9929527559055118
21
2.2096850393700787
0
LINE
8
BLACK
6
CONTINUOUS
10
2.9929527559055118
20
2.2096850393700787
11
2.992896023622047
21
2.2091089763779528
0
LINE
8
BLACK
6
CONTINUOUS
10
2.992896023622047
20
2.2091089763779528
11
2.9924551181102363
21
2.208044566929134
0
LINE
8
BLACK
6
CONTINUOUS
10
2.9924551181102363
20
2.208044566929134
11
2.9916404724409449
21
2.2072299212598425
0
LINE
8
BLACK
6
CONTINUOUS
10
2.9916404724409449
20
2.2072299212598425
11
2.9905760629921261
21
2.2067890157480314
0
LINE
8
BLACK
6
CONTINUOUS
10
2.9905760629921261
20
2.2067890157480314
11
2.9894239370078739
21
2.2067890157480314
0
LINE
8
BLACK
6
CONTINUOUS
10
2.9894239370078739
20
2.2067890157480314
11
2.9883595275590551
21
2.2072299212598425
0
LINE
8
BLACK
6
CONTINUOUS
10
2.9883595275590551
20
2.2072299212598425
11
2.9875448818897636
21
2.208044566929134
0
LINE
8
BLACK
6
CONTINUOUS
10
2.9875448818897636
20
2.208044566929134
11
2.9871039763779526
21
2.2091089763779528
0
LINE
8
BLACK
6
CONTINUOUS
10
2.9871039763779526
20
2.2091089763779528
11
2.9870472440944882
21
2.2096850393700787
0
LINE
8
BLACK
6
CONTINUOUS
10
2.9870472440944882
20
2.2096850393700787
11
2.9870472440944882
21
2.4551340157480315
0
LINE
8
BLACK
6
CONTINUOUS
10
2.9870472440944882
20
2.4551340157480315
11
2.9470128740157482
21
2.4342934251968504
0
LINE
8
BLACK
6
CONTINUOUS
10
2.9470128740157482
20
2.4342934251968504
11
2.9464757086614171
21
2.4340777559055118
0
LINE
8
BLACK
6
CONTINUOUS
10
2.9464757086614171
20
2.4340777559055118
11
2.9453279921259843
21
2.4339773622047245
0
LINE
8
BLACK
6
CONTINUOUS
10
2.9453279921259843
20
2.4339773622047245
11
2.9442292125984251
21
2.434323779527559
0
LINE
8
BLACK
6
CONTINUOUS
10
2.9442292125984251
20
2.434323779527559
11
2.943346653543307
21
2.4350643307086615
0
LINE
8
BLACK
6
CONTINUOUS
10
2.943346653543307
20
2.4350643307086615
11
2.9428146456692912
21
2.4360862992125982
0
LINE
8
BLACK
6
CONTINUOUS
10
2.9428146456692912
20
2.4360862992125982
11
2.9427142519685039
21
2.4372340157480314
0
LINE
8
BLACK
6
CONTINUOUS
10
2.9427142519685039
20
2.4372340157480314
11
2.9430606692913384
21
2.4383327952755907
0
LINE
8
BLACK
6
CONTINUOUS
10
2.9430606692913384
20
2.4383327952755907
11
2.9438012204724409
21
2.4392153543307087
0
LINE
8
BLACK
6
CONTINUOUS
10
2.9438012204724409
20
2.4392153543307087
11
2.9442860236220474
21
2.4395316929133859
0
LINE
8
BLACK
6
CONTINUOUS
10
2.9442860236220474
20
2.4395316929133859
11
2.9779330708661416
21
2.4570472440944879
0
LINE
8
BLACK
6
CONTINUOUS
10
2.9779330708661416
20
2.4570472440944879
11
0.2220669291338583
21
2.4570472440944879
0
LINE
8
BLACK
6
CONTINUOUS
10
0.2220669291338583
20
2.4570472440944879
11
0.2557139763779527
21
2.4395316929133859
0
LINE
8
BLACK
6
CONTINUOUS
10
0.2557139763779527
20
2.4395316929133859
11
0.2561987401574803
21
2.4392153543307087
0
LINE
8
BLACK
6
CONTINUOUS
10
0.2561987401574803
20
2.4392153543307087
11
0.2569392913385827
21
2.4383327952755907
0
LINE
8
BLACK
6
CONTINUOUS
10
0.2569392913385827
20
2.4383327952755907
11
0.2572857480314961
21
2.4372340157480314
0
LINE
8
BLACK
6
CONTINUOUS
10
0.2572857480314961
20
2.4372340157480314
11
0.2571853543307087
21
2.4360862992125982
0
LINE
8
BLACK
6
CONTINUOUS
10
0.2571853543307087
20
2.4360862992125982
11
0.2566533464566929
21
2.4350643700787402
0
LINE
8
BLACK
6
CONTINUOUS
10
0.2566533464566929
20
2.4350643700787402
11
0.2557707874015748
21
2.4343238188976377
0
LINE
8
BLACK
6
CONTINUOUS
10
0.2557707874015748
20
2.4343238188976377
11
0.2546720078740157
21
2.4339773622047245
0
LINE
8
BLACK
6
CONTINUOUS
10
0.2546720078740157
20
2.4339773622047245
11
0.2535242913385827
21
2.4340777559055118
0
LINE
8
BLACK
6
CONTINUOUS
10
0.2535242913385827
20
2.4340777559055118
11
0.2529871259842519
21
2.4342934251968504
0
LINE
8
BLACK
6
CONTINUOUS
10
0.2529871259842519
20
2.4342934251968504
11
0.2129527559055118
21
2.4551340157480315
0
LINE
8
BLACK
6
CONTINUOUS
10
0.2129527559055118
20
2.4551340157480315
11
0.2129527559055118
21
2.2096850393700787
0
LINE
8
BLACK
6
CONTINUOUS
10
0.2129527559055118
20
2.2096850393700787
11
0.2128960236220472
21
2.2091089763779528
0
LINE
8
BLACK
6
CONTINUOUS
10
0.2128960236220472
20
2.2091089763779528
11
0.2124551181102362
21
2.208044566929134
0
LINE
8
BLACK
6
CONTINUOUS
10
0.2124551181102362
20
2.208044566929134
11
0.2116404724409449
21
2.2072299212598425
0
LINE
8
BLACK
6
CONTINUOUS
10
0.2116404724409449
20
2.2072299212598425
11
0.210576062992126
21
2.2067890157480314
0
LINE
8
BLACK
6
CONTINUOUS
10
0.210576062992126
20
2.2067890157480314
11
0.209423937007874
21
2.2067890157480314
0
LINE
8
BLACK
6
CONTINUOUS
10
0.209423937007874
20
2.2067890157480314
11
0.2083595275590551
21
2.2072299212598425
0
LINE
8
BLACK
6
CONTINUOUS
10
0.2083595275590551
20
2.2072299212598425
11
0.2075448818897638
21
2.208044566929134
0
LINE
8
BLACK
6
CONTINUOUS
10
0.2075448818897638
20
2.208044566929134
11
0.2071039763779527
21
2.2091089763779528
0
LINE
8
BLACK
6
CONTINUOUS
10
0.2071039763779527
20
2.2091089763779528
11
0.2070472440944882
21
2.2096850393700787
0
LINE
8
BLACK
6
CONTINUOUS
10
0.2070472440944882
20
2.2096850393700787
11
0.2070472440944882
21
2.483087401574803
0
LINE
8
BLACK
6
CONTINUOUS
10
0.2070472440944882
20
2.483087401574803
11
0.2071039763779527
21
2.4836634645669289
0
LINE
8
BLACK
6
CONTINUOUS
10
0.2071039763779527
20
2.4836634645669289
11
0.2075448818897638
21
2.4847278740157481
0
LINE
8
BLACK
6
CONTINUOUS
10
0.2075448818897638
20
2.4847278740157481
11
0.2083595275590551
21
2.4855425196850391
0
LINE
8
BLACK
6
CONTINUOUS
10
0.2083595275590551
20
2.4855425196850391
11
0.209423937007874
21
2.4859834251968502
0
LINE
8
BLACK
6
CONTINUOUS
10
0.209423937007874
20
2.4859834251968502
11
0.210576062992126
21
2.4859834251968502
0
LINE
8
BLACK
6
CONTINUOUS
10
0.210576062992126
20
2.4859834251968502
11
0.2116404724409449
21
2.4855425196850391
0
LINE
8
BLACK
6
CONTINUOUS
10
0.2116404724409449
20
2.4855425196850391
11
0.2124551181102362
21
2.4847278740157481
0
LINE
8
BLACK
6
CONTINUOUS
10
0.2124551181102362
20
2.4847278740157481
11
0.2128960236220472
21
2.4836634645669289
0
LINE
8
BLACK
6
CONTINUOUS
10
0.2128960236220472
20
2.4836634645669289
11
0.2129527559055118
21
2.483087401574803
0
LINE
8
BLACK
6
CONTINUOUS
10
0.2129527559055118
20
2.483087401574803
11
0.2129527559055118
21
2.4648660236220472
0
LINE
8
BLACK
6
CONTINUOUS
10
0.2129527559055118
20
2.4648660236220472
11
0.2529871259842519
21
2.4857065748031495
0
LINE
8
BLACK
6
CONTINUOUS
10
0.2529871259842519
20
2.4857065748031495
11
0.2535242913385827
21
2.4859222440944881
0
LINE
8
BLACK
6
CONTINUOUS
10
0.2535242913385827
20
2.4859222440944881
11
0.2546720078740157
21
2.4860226377952754
0
LINE
8
BLACK
6
CONTINUOUS
10
0.2546720078740157
20
2.4860226377952754
11
0.2557707874015748
21
2.4856761811023622
0
LINE
8
BLACK
6
CONTINUOUS
10
0.2557707874015748
20
2.4856761811023622
11
0.2566533464566929
21
2.4849356299212597
0
LINE
8
BLACK
6
CONTINUOUS
10
0.2566533464566929
20
2.4849356299212597
11
0.2571853543307087
21
2.4839137007874017
0
LINE
8
BLACK
6
CONTINUOUS
10
0.2571853543307087
20
2.4839137007874017
11
0.2572857480314961
21
2.4827659842519685
0
LINE
8
BLACK
6
CONTINUOUS
10
0.2572857480314961
20
2.4827659842519685
11
0.2569392913385827
21
2.4816672047244093
0
LINE
8
BLACK
6
CONTINUOUS
10
0.2569392913385827
20
2.4816672047244093
11
0.2561987401574803
21
2.4807846456692912
0
LINE
8
BLACK
6
CONTINUOUS
10
0.2561987401574803
20
2.4807846456692912
11
0.2557139763779527
21
2.480468307086614
0
LINE
8
BLACK
6
CONTINUOUS
10
0.2557139763779527
20
2.480468307086614
11
0.2220669291338583
21
2.4629527559055115
0
LINE
8
BLACK
6
CONTINUOUS
10
0.2220669291338583
20
2.4629527559055115
11
2.9779330708661416
21
2.4629527559055115
0
LINE
8
BLACK
6
CONTINUOUS
10
2.9779330708661416
20
2.4629527559055115
11
2.9442860236220474
21
2.480468307086614
0
LINE
8
BLACK
6
CONTINUOUS
10
2.9442860236220474
20
2.480468307086614
11
2.9438012204724409
21
2.4807846456692912
0
LINE
8
BLACK
6
CONTINUOUS
10
2.9438012204724409
20
2.4807846456692912
11
2.9430606692913384
21
2.4816672047244093
0
LINE
8
BLACK
6
CONTINUOUS
10
2.9430606692913384
20
2.4816672047244093
11
2.9427142519685039
21
2.4827659842519685
0
LINE
8
BLACK
6
CONTINUOUS
10
2.9427142519685039
20
2.4827659842519685
11
2.9428146456692912
21
2.4839137007874017
0
LINE
8
BLACK
6
CONTINUOUS
10
2.9428146456692912
20
2.4839137007874017
11
2.943346653543307
21
2.4849356692913385
0
LINE
8
BLACK
6
CONTINUOUS
10
2.943346653543307
20
2.4849356692913385
11
2.9442292125984251
21
2.485676220472441
0
LINE
8
BLACK
6
CONTINUOUS
10
2.9442292125984251
20
2.485676220472441
11
2.9453279921259843
21
2.4860226377952754
0
LINE
8
BLACK
6
CONTINUOUS
10
2.9453279921259843
20
2.4860226377952754
11
2.9464757086614171
21
2.4859222440944881
0
LINE
8
BLACK
6
CONTINUOUS
10
1.4693424803149606
20
2.5296354330708661
11
1.4694404724409449
21
2.529594842519685
0
LINE
8
BLACK
6
CONTINUOUS
10
1.4694404724409449
20
2.529594842519685
11
1.4695462992125985
21
2.5295873228346455
0
LINE
8
BLACK
6
CONTINUOUS
10
1.4695462992125985
20
2.5295873228346455
11
1.4700869291338583
21
2.529380433070866
0
LINE
8
BLACK
6
CONTINUOUS
10
1.4700869291338583
20
2.529380433070866
11
1.4738364566929134
21
2.5275056692913385
0
LINE
8
BLACK
6
CONTINUOUS
10
1.4738364566929134
20
2.5275056692913385
11
1.4740844488188976
21
2.5273496062992127
0
LINE
8
BLACK
6
CONTINUOUS
10
1.4740844488188976
20
2.5273496062992127
11
1.4741564173228345
21
2.5273197637795275
0
LINE
8
BLACK
6
CONTINUOUS
10
1.4741564173228345
20
2.5273197637795275
11
1.4742373622047245
21
2.5272533070866143
0
LINE
8
BLACK
6
CONTINUOUS
10
1.4742373622047245
20
2.5272533070866143
11
1.474326338582677
21
2.5271973228346458
0
LINE
8
BLACK
6
CONTINUOUS
10
1.474326338582677
20
2.5271973228346458
11
1.4743774803149605
21
2.527138346456693
0
LINE
8
BLACK
6
CONTINUOUS
10
1.4743774803149605
20
2.527138346456693
11
1.4746038582677166
21
2.5269525590551178
0
LINE
8
BLACK
6
CONTINUOUS
10
1.4746038582677166
20
2.5269525590551178
11
1.4764786220472441
21
2.5250777952755903
0
LINE
8
BLACK
6
CONTINUOUS
10
1.4764786220472441
20
2.5250777952755903
11
1.4766643700787401
21
2.5248514566929132
0
LINE
8
BLACK
6
CONTINUOUS
10
1.4766643700787401
20
2.5248514566929132
11
1.4767233858267717
21
2.5248002755905512
0
LINE
8
BLACK
6
CONTINUOUS
10
1.4767233858267717
20
2.5248002755905512
11
1.4767793307086614
21
2.5247113385826769
0
LINE
8
BLACK
6
CONTINUOUS
10
1.4767793307086614
20
2.5247113385826769
11
1.4768458267716535
21
2.5246303543307085
0
LINE
8
BLACK
6
CONTINUOUS
10
1.4768458267716535
20
2.5246303543307085
11
1.4768756299212598
21
2.5245584251968505
0
LINE
8
BLACK
6
CONTINUOUS
10
1.4768756299212598
20
2.5245584251968505
11
1.4770317322834645
21
2.5243103937007874
0
LINE
8
BLACK
6
CONTINUOUS
10
1.4770317322834645
20
2.5243103937007874
11
1.4789064960629921
21
2.5205608661417322
0
LINE
8
BLACK
6
CONTINUOUS
10
1.4789064960629921
20
2.5205608661417322
11
1.4789225984251968
21
2.520518779527559
0
LINE
8
BLACK
6
CONTINUOUS
10
1.4789225984251968
20
2.520518779527559
11
1.4789353149606299
21
2.5205016141732282
0
LINE
8
BLACK
6
CONTINUOUS
10
1.4789353149606299
20
2.5205016141732282
11
1.4790216141732284
21
2.5202600393700787
0
LINE
8
BLACK
6
CONTINUOUS
10
1.4790216141732284
20
2.5202600393700787
11
1.4791133858267715
21
2.520020275590551
0
LINE
8
BLACK
6
CONTINUOUS
10
1.4791133858267715
20
2.520020275590551
11
1.4791148818897637
21
2.5199990157480316
0
LINE
8
BLACK
6
CONTINUOUS
10
1.4791148818897637
20
2.5199990157480316
11
1.4791300787401573
21
2.5199564960629921
0
LINE
8
BLACK
6
CONTINUOUS
10
1.4791300787401573
20
2.5199564960629921
11
1.4810048425196851
21
2.5124574409448819
0
LINE
8
BLACK
6
CONTINUOUS
10
1.4810048425196851
20
2.5124574409448819
11
1.4810196062992125
21
2.5123575984251967
0
LINE
8
BLACK
6
CONTINUOUS
10
1.4810196062992125
20
2.5123575984251967
11
1.4810362598425197
21
2.5123173622047243
0
LINE
8
BLACK
6
CONTINUOUS
10
1.4810362598425197
20
2.5123173622047243
11
1.4810575984251968
21
2.5121003543307086
0
LINE
8
BLACK
6
CONTINUOUS
10
1.4810575984251968
20
2.5121003543307086
11
1.4810894881889765
21
2.5118848425196849
0
LINE
8
BLACK
6
CONTINUOUS
10
1.4810894881889765
20
2.5118848425196849
11
1.4810830708661418
21
2.5118418503937008
0
LINE
8
BLACK
6
CONTINUOUS
10
1.4810830708661418
20
2.5118418503937008
11
1.4810929921259841
21
2.5117412992125985
0
LINE
8
BLACK
6
CONTINUOUS
10
1.4810929921259841
20
2.5117412992125985
11
1.4810929921259841
21
2.5023674803149607
0
LINE
8
BLACK
6
CONTINUOUS
10
1.4810929921259841
20
2.5023674803149607
11
1.4810830708661418
21
2.5022669685039372
0
LINE
8
BLACK
6
CONTINUOUS
10
1.4810830708661418
20
2.5022669685039372
11
1.4810894881889765
21
2.5022239370078738
0
LINE
8
BLACK
6
CONTINUOUS
10
1.4810894881889765
20
2.5022239370078738
11
1.4810575984251968
21
2.5020084645669289
0
LINE
8
BLACK
6
CONTINUOUS
10
1.4810575984251968
20
2.5020084645669289
11
1.4810362598425197
21
2.5017914173228344
0
LINE
8
BLACK
6
CONTINUOUS
10
1.4810362598425197
20
2.5017914173228344
11
1.4810196062992125
21
2.5017512204724408
0
LINE
8
BLACK
6
CONTINUOUS
10
1.4810196062992125
20
2.5017512204724408
11
1.4810048425196851
21
2.5016513385826773
0
LINE
8
BLACK
6
CONTINUOUS
10
1.4810048425196851
20
2.5016513385826773
11
1.4791300787401573
21
2.4941522834645671
0
LINE
8
BLACK
6
CONTINUOUS
10
1.4791300787401573
20
2.4941522834645671
11
1.4791148818897637
21
2.4941098031496063
0
LINE
8
BLACK
6
CONTINUOUS
10
1.4791148818897637
20
2.4941098031496063
11
1.4791133858267715
21
2.4940885039370078
0
LINE
8
BLACK
6
CONTINUOUS
10
1.4791133858267715
20
2.4940885039370078
11
1.4790216141732284
21
2.4938487795275588
0
LINE
8
BLACK
6
CONTINUOUS
10
1.4790216141732284
20
2.4938487795275588
11
1.4789353149606299
21
2.4936071653543306
0
LINE
8
BLACK
6
CONTINUOUS
10
1.4789353149606299
20
2.4936071653543306
11
1.4789225984251968
21
2.4935900393700785
0
LINE
8
BLACK
6
CONTINUOUS
10
1.4789225984251968
20
2.4935900393700785
11
1.4789064960629921
21
2.4935479133858269
0
LINE
8
BLACK
6
CONTINUOUS
10
1.4789064960629921
20
2.4935479133858269
11
1.4770317322834645
21
2.4897983858267714
0
LINE
8
BLACK
6
CONTINUOUS
10
1.4770317322834645
20
2.4897983858267714
11
1.4768756692913385
21
2.4895505118110237
0
LINE
8
BLACK
6
CONTINUOUS
10
1.4768756692913385
20
2.4895505118110237
11
1.4768458661417323
21
2.489478464566929
0
LINE
8
BLACK
6
CONTINUOUS
10
1.4768458661417323
20
2.489478464566929
11
1.4767793307086614
21
2.4893974409448818
0
LINE
8
BLACK
6
CONTINUOUS
10
1.4767793307086614
20
2.4893974409448818
11
1.4767233858267717
21
2.489308503937008
0
LINE
8
BLACK
6
CONTINUOUS
10
1.4767233858267717
20
2.489308503937008
11
1.4766643700787401
21
2.4892573622047243
0
LINE
8
BLACK
6
CONTINUOUS
10
1.4766643700787401
20
2.4892573622047243
11
1.4764786220472441
21
2.4890309842519684
0
LINE
8
BLACK
6
CONTINUOUS
10
1.4764786220472441
20
2.4890309842519684
11
1.4746038976377953
21
2.4871562204724409
0
LINE
8
BLACK
6
CONTINUOUS
10
1.4746038976377953
20
2.4871562204724409
11
1.4743775196850393
21
2.4869704724409449
0
LINE
8
BLACK
6
CONTINUOUS
10
1.4743775196850393
20
2.4869704724409449
11
1.474326338582677
21
2.4869114173228346
0
LINE
8
BLACK
6
CONTINUOUS
10
1.474326338582677
20
2.4869114173228346
11
1.4742373622047245
21
2.4868554330708661
0
LINE
8
BLACK
6
CONTINUOUS
10
1.4742373622047245
20
2.4868554330708661
11
1.4741564173228345
21
2.4867889763779525
0
LINE
8
BLACK
6
CONTINUOUS
10
1.4741564173228345
20
2.4867889763779525
11
1.4740844488188976
21
2.4867591732283465
0
LINE
8
BLACK
6
CONTINUOUS
10
1.4740844488188976
20
2.4867591732283465
11
1.4738364566929134
21
2.4866030708661415
0
LINE
8
BLACK
6
CONTINUOUS
10
1.4738364566929134
20
2.4866030708661415
11
1.4700869291338583
21
2.484728307086614
0
LINE
8
BLACK
6
CONTINUOUS
10
1.4700869291338583
20
2.484728307086614
11
1.4695462992125985
21
2.4845214173228345
0
LINE
8
BLACK
6
CONTINUOUS
10
1.4695462992125985
20
2.4845214173228345
11
1.4694404724409449
21
2.4845139370078742
0
LINE
8
BLACK
6
CONTINUOUS
10
1.4694404724409449
20
2.4845139370078742
11
1.4693424803149606
21
2.4844733070866143
0
LINE
8
BLACK
6
CONTINUOUS
10
1.4693424803149606
20
2.4844733070866143
11
1.4687664173228345
21
2.4844165748031495
0
LINE
8
BLACK
6
CONTINUOUS
10
1.4687664173228345
20
2.4844165748031495
11
1.4650168897637794
21
2.4844165748031495
0
LINE
8
BLACK
6
CONTINUOUS
10
1.4650168897637794
20
2.4844165748031495
11
1.4644408267716535
21
2.4844733070866143
0
LINE
8
BLACK
6
CONTINUOUS
10
1.4644408267716535
20
2.4844733070866143
11
1.4643428346456693
21
2.4845138976377954
0
LINE
8
BLACK
6
CONTINUOUS
10
1.4643428346456693
20
2.4845138976377954
11
1.4642369685039369
21
2.4845214173228345
0
LINE
8
BLACK
6
CONTINUOUS
10
1.4642369685039369
20
2.4845214173228345
11
1.4636963779527559
21
2.484728307086614
0
LINE
8
BLACK
6
CONTINUOUS
10
1.4636963779527559
20
2.484728307086614
11
1.4599468503937008
21
2.4866030708661415
0
LINE
8
BLACK
6
CONTINUOUS
10
1.4599468503937008
20
2.4866030708661415
11
1.4596988188976379
21
2.4867591732283465
0
LINE
8
BLACK
6
CONTINUOUS
10
1.4596988188976379
20
2.4867591732283465
11
1.4596268897637794
21
2.4867889763779525
0
LINE
8
BLACK
6
CONTINUOUS
10
1.4596268897637794
20
2.4867889763779525
11
1.459545905511811
21
2.4868554330708661
0
LINE
8
BLACK
6
CONTINUOUS
10
1.459545905511811
20
2.4868554330708661
11
1.4594569685039369
21
2.4869114173228346
0
LINE
8
BLACK
6
CONTINUOUS
10
1.4594569685039369
20
2.4869114173228346
11
1.4594057480314959
21
2.4869704724409449
0
LINE
8
BLACK
6
CONTINUOUS
10
1.4594057480314959
20
2.4869704724409449
11
1.4591794094488189
21
2.4871562204724409
0
LINE
8
BLACK
6
CONTINUOUS
10
1.4591794094488189
20
2.4871562204724409
11
1.4573046456692913
21
2.4890310236220472
0
LINE
8
BLACK
6
CONTINUOUS
10
1.4573046456692913
20
2.4890310236220472
11
1.4571188976377953
21
2.4892573622047243
0
LINE
8
BLACK
6
CONTINUOUS
10
1.4571188976377953
20
2.4892573622047243
11
1.4570599212598425
21
2.489308503937008
0
LINE
8
BLACK
6
CONTINUOUS
10
1.4570599212598425
20
2.489308503937008
11
1.457003937007874
21
2.4893974409448818
0
LINE
8
BLACK
6
CONTINUOUS
10
1.457003937007874
20
2.4893974409448818
11
1.4569374409448819
21
2.489478464566929
0
LINE
8
BLACK
6
CONTINUOUS
10
1.4569374409448819
20
2.489478464566929
11
1.4569075984251969
21
2.4895505118110237
0
LINE
8
BLACK
6
CONTINUOUS
10
1.4569075984251969
20
2.4895505118110237
11
1.4567515748031497
21
2.4897983858267714
0
LINE
8
BLACK
6
CONTINUOUS
10
1.4567515748031497
20
2.4897983858267714
11
1.4548768110236221
21
2.4935479133858269
0
LINE
8
BLACK
6
CONTINUOUS
10
1.4548768110236221
20
2.4935479133858269
11
1.4548606692913386
21
2.4935900393700785
0
LINE
8
BLACK
6
CONTINUOUS
10
1.4548606692913386
20
2.4935900393700785
11
1.4548479921259843
21
2.4936071653543306
0
LINE
8
BLACK
6
CONTINUOUS
10
1.4548479921259843
20
2.4936071653543306
11
1.4547615354330707
21
2.4938491338582676
0
LINE
8
BLACK
6
CONTINUOUS
10
1.4547615354330707
20
2.4938491338582676
11
1.4546699212598424
21
2.4940885433070865
0
LINE
8
BLACK
6
CONTINUOUS
10
1.4546699212598424
20
2.4940885433070865
11
1.4546683858267717
21
2.4941098031496063
0
LINE
8
BLACK
6
CONTINUOUS
10
1.4546683858267717
20
2.4941098031496063
11
1.4546532283464566
21
2.4941522834645671
0
LINE
8
BLACK
6
CONTINUOUS
10
1.4546532283464566
20
2.4941522834645671
11
1.4527784645669291
21
2.5016513385826773
0
LINE
8
BLACK
6
CONTINUOUS
10
1.4527784645669291
20
2.5016513385826773
11
1.4527636614173227
21
2.5017512204724408
0
LINE
8
BLACK
6
CONTINUOUS
10
1.4527636614173227
20
2.5017512204724408
11
1.4527470472440944
21
2.5017914173228344
0
LINE
8
BLACK
6
CONTINUOUS
10
1.4527470472440944
20
2.5017914173228344
11
1.4527256692913386
21
2.5020084645669289
0
LINE
8
BLACK
6
CONTINUOUS
10
1.4527256692913386
20
2.5020084645669289
11
1.4526938188976377
21
2.5022239370078738
0
LINE
8
BLACK
6
CONTINUOUS
10
1.4526938188976377
20
2.5022239370078738
11
1.4527001968503936
21
2.5022669685039372
0
LINE
8
BLACK
6
CONTINUOUS
10
1.4527001968503936
20
2.5022669685039372
11
1.4526903149606298
21
2.5023674803149607
0
LINE
8
BLACK
6
CONTINUOUS
10
1.4526903149606298
20
2.5023674803149607
11
1.4526903149606298
21
2.5117412992125985
0
LINE
8
BLACK
6
CONTINUOUS
10
1.4526903149606298
20
2.5117412992125985
11
1.4527001968503936
21
2.5118418503937008
0
LINE
8
BLACK
6
CONTINUOUS
10
1.4527001968503936
20
2.5118418503937008
11
1.4526938188976377
21
2.5118848425196849
0
LINE
8
BLACK
6
CONTINUOUS
10
1.4526938188976377
20
2.5118848425196849
11
1.4527256692913386
21
2.5121003543307086
0
LINE
8
BLACK
6
CONTINUOUS
10
1.4527256692913386
20
2.5121003543307086
11
1.4527470472440944
21
2.5123173622047243
0
LINE
8
BLACK
6
CONTINUOUS
10
1.4527470472440944
20
2.5123173622047243
11
1.4527636614173227
21
2.5123575984251967
0
LINE
8
BLACK
6
CONTINUOUS
10
1.4527636614173227
20
2.5123575984251967
11
1.4527784645669291
21
2.5124574409448819
0
LINE
8
BLACK
6
CONTINUOUS
10
1.4527784645669291
20
2.5124574409448819
11
1.4546532283464566
21
2.5199564960629921
0
LINE
8
BLACK
6
CONTINUOUS
10
1.4546532283464566
20
2.5199564960629921
11
1.4546683858267717
21
2.5199990157480316
0
LINE
8
BLACK
6
CONTINUOUS
10
1.4546683858267717
20
2.5199990157480316
11
1.4546699212598424
21
2.5200202362204722
0
LINE
8
BLACK
6
CONTINUOUS
10
1.4546699212598424
20
2.5200202362204722
11
1.4547615354330707
21
2.5202596850393699
0
LINE
8
BLACK
6
CONTINUOUS
10
1.4547615354330707
20
2.5202596850393699
11
1.4548479921259843
21
2.5205016141732282
0
LINE
8
BLACK
6
CONTINUOUS
10
1.4548479921259843
20
2.5205016141732282
11
1.4548606692913386
21
2.520518779527559
0
LINE
8
BLACK
6
CONTINUOUS
10
1.4548606692913386
20
2.520518779527559
11
1.4548768110236221
21
2.5205608661417322
0
LINE
8
BLACK
6
CONTINUOUS
10
1.4548768110236221
20
2.5205608661417322
11
1.4567515748031497
21
2.5243103937007874
0
LINE
8
BLACK
6
CONTINUOUS
10
1.4567515748031497
20
2.5243103937007874
11
1.4569076377952757
21
2.5245584251968505
0
LINE
8
BLACK
6
CONTINUOUS
10
1.4569076377952757
20
2.5245584251968505
11
1.4569374803149606
21
2.5246303543307085
0
LINE
8
BLACK
6
CONTINUOUS
10
1.4569374803149606
20
2.5246303543307085
11
1.457003937007874
21
2.5247113385826769
0
LINE
8
BLACK
6
CONTINUOUS
10
1.457003937007874
20
2.5247113385826769
11
1.4570599212598425
21
2.5248002755905512
0
LINE
8
BLACK
6
CONTINUOUS
10
1.4570599212598425
20
2.5248002755905512
11
1.4571188976377953
21
2.5248514566929132
0
LINE
8
BLACK
6
CONTINUOUS
10
1.4571188976377953
20
2.5248514566929132
11
1.4573046850393701
21
2.5250777952755903
0
LINE
8
BLACK
6
CONTINUOUS
10
1.4573046850393701
20
2.5250777952755903
11
1.4591794488188976
21
2.5269525590551178
0
LINE
8
BLACK
6
CONTINUOUS
10
1.4591794488188976
20
2.5269525590551178
11
1.4594057874015747
21
2.527138346456693
0
LINE
8
BLACK
6
CONTINUOUS
10
1.4594057874015747
20
2.527138346456693
11
1.4594569685039369
21
2.5271973228346458
0
LINE
8
BLACK
6
CONTINUOUS
10
1.4594569685039369
20
2.5271973228346458
11
1.459545905511811
21
2.5272533070866143
0
LINE
8
BLACK
6
CONTINUOUS
10
1.459545905511811
20
2.5272533070866143
11
1.4596268897637794
21
2.5273197637795275
0
LINE
8
BLACK
6
CONTINUOUS
10
1.4596268897637794
20
2.5273197637795275
11
1.4596988188976379
21
2.5273496062992127
0
LINE
8
BLACK
6
CONTINUOUS
10
1.4596988188976379
20
2.5273496062992127
11
1.4599468503937008
21
2.5275056692913385
0
LINE
8
BLACK
6
CONTINUOUS
10
1.4599468503937008
20
2.5275056692913385
11
1.4636963779527559
21
2.529380433070866
0
LINE
8
BLACK
6
CONTINUOUS
10
1.4636963779527559
20
2.529380433070866
11
1.4642369685039369
21
2.5295873228346455
0
LINE
8
BLACK
6
CONTINUOUS
10
1.4642369685039369
20
2.5295873228346455
11
1.4643428346456693
21
2.5295948818897638
0
LINE
8
BLACK
6
CONTINUOUS
10
1.4643428346456693
20
2.5295948818897638
11
1.4644408267716535
21
2.5296354330708661
0
LINE
8
BLACK
6
CONTINUOUS
10
1.4644408267716535
20
2.5296354330708661
11
1.4650168897637794
21
2.5296921653543305
0
LINE
8
BLACK
6
CONTINUOUS
10
1.4650168897637794
20
2.5296921653543305
11
1.4687664173228345
21
2.5296921653543305
0
LINE
8
BLACK
6
CONTINUOUS
10
1.4687664173228345
20
2.5296921653543305
11
1.4693424803149606
21
2.5296354330708661
0
LINE
8
BLACK
6
CONTINUOUS
10
1.4630164566929134
20
2.5224379133858266
11
1.4618193307086613
21
2.5212407874015748
0
LINE
8
BLACK
6
CONTINUOUS
10
1.4618193307086613
20
2.5212407874015748
11
1.4603038188976378
21
2.5182098031496061
0
LINE
8
BLACK
6
CONTINUOUS
10
1.4603038188976378
20
2.5182098031496061
11
1.4585958267716534
21
2.5113777559055119
0
LINE
8
BLACK
6
CONTINUOUS
10
1.4585958267716534
20
2.5113777559055119
11
1.4585958267716534
21
2.5027310236220472
0
LINE
8
BLACK
6
CONTINUOUS
10
1.4585958267716534
20
2.5027310236220472
11
1.4603038188976378
21
2.4958989763779527
0
LINE
8
BLACK
6
CONTINUOUS
10
1.4603038188976378
20
2.4958989763779527
11
1.4618193307086613
21
2.492867992125984
0
LINE
8
BLACK
6
CONTINUOUS
10
1.4618193307086613
20
2.492867992125984
11
1.4630164566929134
21
2.4916708267716534
0
LINE
8
BLACK
6
CONTINUOUS
10
1.4630164566929134
20
2.4916708267716534
11
1.465713937007874
21
2.4903220866141731
0
LINE
8
BLACK
6
CONTINUOUS
10
1.465713937007874
20
2.4903220866141731
11
1.4680693700787402
21
2.4903220866141731
0
LINE
8
BLACK
6
CONTINUOUS
10
1.4680693700787402
20
2.4903220866141731
11
1.4707668110236221
21
2.4916708267716534
0
LINE
8
BLACK
6
CONTINUOUS
10
1.4707668110236221
20
2.4916708267716534
11
1.4719639370078741
21
2.492867992125984
0
LINE
8
BLACK
6
CONTINUOUS
10
1.4719639370078741
20
2.492867992125984
11
1.4734794488188976
21
2.4958989763779527
0
LINE
8
BLACK
6
CONTINUOUS
10
1.4734794488188976
20
2.4958989763779527
11
1.4751874803149605
21
2.5027310236220472
0
LINE
8
BLACK
6
CONTINUOUS
10
1.4751874803149605
20
2.5027310236220472
11
1.4751874803149605
21
2.5113777559055119
0
LINE
8
BLACK
6
CONTINUOUS
10
1.4751874803149605
20
2.5113777559055119
11
1.4734794488188976
21
2.5182098031496061
0
LINE
8
BLACK
6
CONTINUOUS
10
1.4734794488188976
20
2.5182098031496061
11
1.4719639763779526
21
2.5212407874015748
0
LINE
8
BLACK
6
CONTINUOUS
10
1.4719639763779526
20
2.5212407874015748
11
1.4707668503937008
21
2.5224379133858266
0
LINE
8
BLACK
6
CONTINUOUS
10
1.4707668503937008
20
2.5224379133858266
11
1.4680693700787402
21
2.5237866535433069
0
LINE
8
BLACK
6
CONTINUOUS
10
1.4680693700787402
20
2.5237866535433069
11
1.465713937007874
21
2.5237866535433069
0
LINE
8
BLACK
6
CONTINUOUS
10
1.465713937007874
20
2.5237866535433069
11
1.4630164566929134
21
2.5224379133858266
0
LINE
8
BLACK
6
CONTINUOUS
10
1.5312097244094487
20
2.5296354330708661
11
1.5322741338582677
21
2.5291945275590551
0
LINE
8
BLACK
6
CONTINUOUS
10
1.5322741338582677
20
2.5291945275590551
11
1.533088779527559
21
2.5283798818897636
0
LINE
8
BLACK
6
CONTINUOUS
10
1.533088779527559
20
2.5283798818897636
11
1.53352968503937
21
2.5273154724409448
0
LINE
8
BLACK
6
CONTINUOUS
10
1.53352968503937
20
2.5273154724409448
11
1.53352968503937
21
2.526163346456693
0
LINE
8
BLACK
6
CONTINUOUS
10
1.53352968503937
20
2.526163346456693
11
1.533088779527559
21
2.5250989370078738
0
LINE
8
BLACK
6
CONTINUOUS
10
1.533088779527559
20
2.5250989370078738
11
1.5322741338582677
21
2.5242842913385828
0
LINE
8
BLACK
6
CONTINUOUS
10
1.5322741338582677
20
2.5242842913385828
11
1.5312097244094487
21
2.5238433858267717
0
LINE
8
BLACK
6
CONTINUOUS
10
1.5312097244094487
20
2.5238433858267717
11
1.5306336614173228
21
2.5237866535433069
0
LINE
8
BLACK
6
CONTINUOUS
10
1.5306336614173228
20
2.5237866535433069
11
1.523831653543307
21
2.5237866535433069
0
LINE
8
BLACK
6
CONTINUOUS
10
1.523831653543307
20
2.5237866535433069
11
1.5211341732283463
21
2.5224379133858266
0
LINE
8
BLACK
6
CONTINUOUS
10
1.5211341732283463
20
2.5224379133858266
11
1.5198049606299213
21
2.5211087401574801
0
LINE
8
BLACK
6
CONTINUOUS
10
1.5198049606299213
20
2.5211087401574801
11
1.5165013385826771
21
2.5161532677165352
0
LINE
8
BLACK
6
CONTINUOUS
10
1.5165013385826771
20
2.5161532677165352
11
1.5157720472440945
21
2.5132360629921258
0
LINE
8
BLACK
6
CONTINUOUS
10
1.5157720472440945
20
2.5132360629921258
11
1.5180645669291337
21
2.5143823228346456
0
LINE
8
BLACK
6
CONTINUOUS
10
1.5180645669291337
20
2.5143823228346456
11
1.518605157480315
21
2.514589212598425
0
LINE
8
BLACK
6
CONTINUOUS
10
1.518605157480315
20
2.514589212598425
11
1.5187110236220471
21
2.5145967716535433
0
LINE
8
BLACK
6
CONTINUOUS
10
1.5187110236220471
20
2.5145967716535433
11
1.5188090157480314
21
2.5146373228346457
0
LINE
8
BLACK
6
CONTINUOUS
10
1.5188090157480314
20
2.5146373228346457
11
1.5193850787401575
21
2.5146940551181101
0
LINE
8
BLACK
6
CONTINUOUS
10
1.5193850787401575
20
2.5146940551181101
11
1.5268841338582677
21
2.5146940551181101
0
LINE
8
BLACK
6
CONTINUOUS
10
1.5268841338582677
20
2.5146940551181101
11
1.5274601968503936
21
2.5146373228346457
0
LINE
8
BLACK
6
CONTINUOUS
10
1.5274601968503936
20
2.5146373228346457
11
1.5275581889763779
21
2.5145967322834646
0
LINE
8
BLACK
6
CONTINUOUS
10
1.5275581889763779
20
2.5145967322834646
11
1.5276640157480315
21
2.514589212598425
0
LINE
8
BLACK
6
CONTINUOUS
10
1.5276640157480315
20
2.514589212598425
11
1.5282046456692913
21
2.5143823228346456
0
LINE
8
BLACK
6
CONTINUOUS
10
1.5282046456692913
20
2.5143823228346456
11
1.5319541732283464
21
2.512507559055118
0
LINE
8
BLACK
6
CONTINUOUS
10
1.5319541732283464
20
2.512507559055118
11
1.5322021653543307
21
2.5123514960629922
0
LINE
8
BLACK
6
CONTINUOUS
10
1.5322021653543307
20
2.5123514960629922
11
1.5322741338582677
21
2.5123216535433071
0
LINE
8
BLACK
6
CONTINUOUS
10
1.5322741338582677
20
2.5123216535433071
11
1.5323550787401574
21
2.5122551968503934
0
LINE
8
BLACK
6
CONTINUOUS
10
1.5323550787401574
20
2.5122551968503934
11
1.5324440551181102
21
2.5121992125984249
0
LINE
8
BLACK
6
CONTINUOUS
10
1.5324440551181102
20
2.5121992125984249
11
1.5324951968503937
21
2.5121402362204726
0
LINE
8
BLACK
6
CONTINUOUS
10
1.5324951968503937
20
2.5121402362204726
11
1.5327215748031495
21
2.5119544488188974
0
LINE
8
BLACK
6
CONTINUOUS
10
1.5327215748031495
20
2.5119544488188974
11
1.5345963385826771
21
2.5100796850393698
0
LINE
8
BLACK
6
CONTINUOUS
10
1.5345963385826771
20
2.5100796850393698
11
1.5347820866141733
21
2.5098533464566928
0
LINE
8
BLACK
6
CONTINUOUS
10
1.5347820866141733
20
2.5098533464566928
11
1.5348411023622046
21
2.5098021653543308
0
LINE
8
BLACK
6
CONTINUOUS
10
1.5348411023622046
20
2.5098021653543308
11
1.5348970472440944
21
2.5097132283464565
0
LINE
8
BLACK
6
CONTINUOUS
10
1.5348970472440944
20
2.5097132283464565
11
1.5349635433070865
21
2.509632244094488
0
LINE
8
BLACK
6
CONTINUOUS
10
1.5349635433070865
20
2.509632244094488
11
1.5349933464566929
21
2.50956031496063
0
LINE
8
BLACK
6
CONTINUOUS
10
1.5349933464566929
20
2.50956031496063
11
1.5351494488188977
21
2.5093122834645669
0
LINE
8
BLACK
6
CONTINUOUS
10
1.5351494488188977
20
2.5093122834645669
11
1.5370242125984253
21
2.5055627559055118
0
LINE
8
BLACK
6
CONTINUOUS
10
1.5370242125984253
20
2.5055627559055118
11
1.5372311023622047
21
2.5050221653543305
0
LINE
8
BLACK
6
CONTINUOUS
10
1.5372311023622047
20
2.5050221653543305
11
1.537238622047244
21
2.5049162992125984
0
LINE
8
BLACK
6
CONTINUOUS
10
1.537238622047244
20
2.5049162992125984
11
1.5372792125984251
21
2.5048183070866141
0
LINE
8
BLACK
6
CONTINUOUS
10
1.5372792125984251
20
2.5048183070866141
11
1.5373359448818897
21
2.5042422440944883
0
LINE
8
BLACK
6
CONTINUOUS
10
1.5373359448818897
20
2.5042422440944883
11
1.5373359448818897
21
2.4948684251968505
0
LINE
8
BLACK
6
CONTINUOUS
10
1.5373359448818897
20
2.4948684251968505
11
1.5372792125984251
21
2.4942923622047242
0
LINE
8
BLACK
6
CONTINUOUS
10
1.5372792125984251
20
2.4942923622047242
11
1.537238622047244
21
2.4941944094488187
0
LINE
8
BLACK
6
CONTINUOUS
10
1.537238622047244
20
2.4941944094488187
11
1.5372311023622047
21
2.4940885039370078
0
LINE
8
BLACK
6
CONTINUOUS
10
1.5372311023622047
20
2.4940885039370078
11
1.5370242125984253
21
2.4935479133858269
0
LINE
8
BLACK
6
CONTINUOUS
10
1.5370242125984253
20
2.4935479133858269
11
1.5351494488188977
21
2.4897983858267714
0
LINE
8
BLACK
6
CONTINUOUS
10
1.5351494488188977
20
2.4897983858267714
11
1.5349933858267717
21
2.4895505118110237
0
LINE
8
BLACK
6
CONTINUOUS
10
1.5349933858267717
20
2.4895505118110237
11
1.5349635826771653
21
2.489478464566929
0
LINE
8
BLACK
6
CONTINUOUS
10
1.5349635826771653
20
2.489478464566929
11
1.5348970472440944
21
2.4893974409448818
0
LINE
8
BLACK
6
CONTINUOUS
10
1.5348970472440944
20
2.4893974409448818
11
1.5348411023622046
21
2.489308503937008
0
LINE
8
BLACK
6
CONTINUOUS
10
1.5348411023622046
20
2.489308503937008
11
1.5347820866141733
21
2.4892573622047243
0
LINE
8
BLACK
6
CONTINUOUS
10
1.5347820866141733
20
2.4892573622047243
11
1.5345963385826771
21
2.4890309842519684
0
LINE
8
BLACK
6
CONTINUOUS
10
1.5345963385826771
20
2.4890309842519684
11
1.5327216141732283
21
2.4871562204724409
0
LINE
8
BLACK
6
CONTINUOUS
10
1.5327216141732283
20
2.4871562204724409
11
1.5324952362204725
21
2.4869704724409449
0
LINE
8
BLACK
6
CONTINUOUS
10
1.5324952362204725
20
2.4869704724409449
11
1.5324440551181102
21
2.4869114173228346
0
LINE
8
BLACK
6
CONTINUOUS
10
1.5324440551181102
20
2.4869114173228346
11
1.5323550787401574
21
2.4868554330708661
0
LINE
8
BLACK
6
CONTINUOUS
10
1.5323550787401574
20
2.4868554330708661
11
1.5322741338582677
21
2.4867889763779525
0
LINE
8
BLACK
6
CONTINUOUS
10
1.5322741338582677
20
2.4867889763779525
11
1.5322021653543307
21
2.4867591732283465
0
LINE
8
BLACK
6
CONTINUOUS
10
1.5322021653543307
20
2.4867591732283465
11
1.5319541732283464
21
2.4866030708661415
0
LINE
8
BLACK
6
CONTINUOUS
10
1.5319541732283464
20
2.4866030708661415
11
1.5282046456692913
21
2.484728307086614
0
LINE
8
BLACK
6
CONTINUOUS
10
1.5282046456692913
20
2.484728307086614
11
1.5276640157480315
21
2.4845214173228345
0
LINE
8
BLACK
6
CONTINUOUS
10
1.5276640157480315
20
2.4845214173228345
11
1.5275581889763779
21
2.4845139370078742
0
LINE
8
BLACK
6
CONTINUOUS
10
1.5275581889763779
20
2.4845139370078742
11
1.5274601968503936
21
2.4844733070866143
0
LINE
8
BLACK
6
CONTINUOUS
10
1.5274601968503936
20
2.4844733070866143
11
1.5268841338582677
21
2.4844165748031495
0
LINE
8
BLACK
6
CONTINUOUS
10
1.5268841338582677
20
2.4844165748031495
11
1.5193850787401575
21
2.4844165748031495
0
LINE
8
BLACK
6
CONTINUOUS
10
1.5193850787401575
20
2.4844165748031495
11
1.5188090157480314
21
2.4844733070866143
0
LINE
8
BLACK
6
CONTINUOUS
10
1.5188090157480314
20
2.4844733070866143
11
1.5187110236220471
21
2.4845138976377954
0
LINE
8
BLACK
6
CONTINUOUS
10
1.5187110236220471
20
2.4845138976377954
11
1.518605157480315
21
2.4845214173228345
0
LINE
8
BLACK
6
CONTINUOUS
10
1.518605157480315
20
2.4845214173228345
11
1.5180645669291337
21
2.484728307086614
0
LINE
8
BLACK
6
CONTINUOUS
10
1.5180645669291337
20
2.484728307086614
11
1.5143150393700786
21
2.4866030708661415
0
LINE
8
BLACK
6
CONTINUOUS
10
1.5143150393700786
20
2.4866030708661415
11
1.5140670078740157
21
2.4867591732283465
0
LINE
8
BLACK
6
CONTINUOUS
10
1.5140670078740157
20
2.4867591732283465
11
1.5139950787401575
21
2.4867889763779525
0
LINE
8
BLACK
6
CONTINUOUS
10
1.5139950787401575
20
2.4867889763779525
11
1.513914094488189
21
2.4868554330708661
0
LINE
8
BLACK
6
CONTINUOUS
10
1.513914094488189
20
2.4868554330708661
11
1.513825157480315
21
2.4869114173228346
0
LINE
8
BLACK
6
CONTINUOUS
10
1.513825157480315
20
2.4869114173228346
11
1.513773937007874
21
2.4869704724409449
0
LINE
8
BLACK
6
CONTINUOUS
10
1.513773937007874
20
2.4869704724409449
11
1.5135475984251967
21
2.4871562204724409
0
LINE
8
BLACK
6
CONTINUOUS
10
1.5135475984251967
20
2.4871562204724409
11
1.5116728346456692
21
2.4890310236220472
0
LINE
8
BLACK
6
CONTINUOUS
10
1.5116728346456692
20
2.4890310236220472
11
1.5114870866141732
21
2.4892573622047243
0
LINE
8
BLACK
6
CONTINUOUS
10
1.5114870866141732
20
2.4892573622047243
11
1.5114281102362204
21
2.489308503937008
0
LINE
8
BLACK
6
CONTINUOUS
10
1.5114281102362204
20
2.489308503937008
11
1.5113721259842519
21
2.4893974409448818
0
LINE
8
BLACK
6
CONTINUOUS
10
1.5113721259842519
20
2.4893974409448818
11
1.5113056299212597
21
2.489478464566929
0
LINE
8
BLACK
6
CONTINUOUS
10
1.5113056299212597
20
2.489478464566929
11
1.5112757874015748
21
2.4895505118110237
0
LINE
8
BLACK
6
CONTINUOUS
10
1.5112757874015748
20
2.4895505118110237
11
1.5111197637795275
21
2.4897983858267714
0
LINE
8
BLACK
6
CONTINUOUS
10
1.5111197637795275
20
2.4897983858267714
11
1.5092449999999999
21
2.4935479133858269
0
LINE
8
BLACK
6
CONTINUOUS
10
1.5092449999999999
20
2.4935479133858269
11
1.5090381102362205
21
2.4940885433070865
0
LINE
8
BLACK
6
CONTINUOUS
10
1.5090381102362205
20
2.4940885433070865
11
1.5090305905511812
21
2.4941943700787399
0
LINE
8
BLACK
6
CONTINUOUS
10
1.5090305905511812
20
2.4941943700787399
11
1.5089900000000001
21
2.4942923622047242
0
LINE
8
BLACK
6
CONTINUOUS
10
1.5089900000000001
20
2.4942923622047242
11
1.5089332677165355
21
2.4948684251968505
0
LINE
8
BLACK
6
CONTINUOUS
10
1.5089332677165355
20
2.4948684251968505
11
1.5089332677165355
21
2.5098665354330709
0
LINE
8
BLACK
6
CONTINUOUS
10
1.5089332677165355
20
2.5098665354330709
11
1.5089431496062993
21
2.5099670866141732
0
LINE
8
BLACK
6
CONTINUOUS
10
1.5089431496062993
20
2.5099670866141732
11
1.5089367716535433
21
2.5100100787401574
0
LINE
8
BLACK
6
CONTINUOUS
10
1.5089367716535433
20
2.5100100787401574
11
1.508968622047244
21
2.510225590551181
0
LINE
8
BLACK
6
CONTINUOUS
10
1.508968622047244
20
2.510225590551181
11
1.5089900000000001
21
2.5104425984251968
0
LINE
8
BLACK
6
CONTINUOUS
10
1.5089900000000001
20
2.5104425984251968
11
1.5090066141732283
21
2.5104828346456691
0
LINE
8
BLACK
6
CONTINUOUS
10
1.5090066141732283
20
2.5104828346456691
11
1.5090214173228347
21
2.5105826771653543
0
LINE
8
BLACK
6
CONTINUOUS
10
1.5090214173228347
20
2.5105826771653543
11
1.5108961811023622
21
2.5180817322834645
0
LINE
8
BLACK
6
CONTINUOUS
10
1.5108961811023622
20
2.5180817322834645
11
1.5110174409448818
21
2.5184212204724408
0
LINE
8
BLACK
6
CONTINUOUS
10
1.5110174409448818
20
2.5184212204724408
11
1.5110316141732283
21
2.5184927165354329
0
LINE
8
BLACK
6
CONTINUOUS
10
1.5110316141732283
20
2.5184927165354329
11
1.5110661811023622
21
2.5185575984251969
0
LINE
8
BLACK
6
CONTINUOUS
10
1.5110661811023622
20
2.5185575984251969
11
1.5110909448818897
21
2.5186268503937006
0
LINE
8
BLACK
6
CONTINUOUS
10
1.5110909448818897
20
2.5186268503937006
11
1.5111343700787401
21
2.5186854724409447
0
LINE
8
BLACK
6
CONTINUOUS
10
1.5111343700787401
20
2.5186854724409447
11
1.511303937007874
21
2.5190035039370078
0
LINE
8
BLACK
6
CONTINUOUS
10
1.511303937007874
20
2.5190035039370078
11
1.5150534645669291
21
2.5246277952755904
0
LINE
8
BLACK
6
CONTINUOUS
10
1.5150534645669291
20
2.5246277952755904
11
1.5150548031496063
21
2.5246294881889764
0
LINE
8
BLACK
6
CONTINUOUS
10
1.5150548031496063
20
2.5246294881889764
11
1.5150551968503936
21
2.5246303543307085
0
LINE
8
BLACK
6
CONTINUOUS
10
1.5150551968503936
20
2.5246303543307085
11
1.5152318897637795
21
2.5248456692913384
0
LINE
8
BLACK
6
CONTINUOUS
10
1.5152318897637795
20
2.5248456692913384
11
1.5154202362204725
21
2.5250756299212598
0
LINE
8
BLACK
6
CONTINUOUS
10
1.5154202362204725
20
2.5250756299212598
11
1.5154210629921259
21
2.5250762204724411
0
LINE
8
BLACK
6
CONTINUOUS
10
1.5154210629921259
20
2.5250762204724411
11
1.515422401574803
21
2.5250777952755903
0
LINE
8
BLACK
6
CONTINUOUS
10
1.515422401574803
20
2.5250777952755903
11
1.5172971653543306
21
2.5269525590551178
0
LINE
8
BLACK
6
CONTINUOUS
10
1.5172971653543306
20
2.5269525590551178
11
1.5175235039370079
21
2.527138346456693
0
LINE
8
BLACK
6
CONTINUOUS
10
1.5175235039370079
20
2.527138346456693
11
1.5175746850393701
21
2.5271973228346458
0
LINE
8
BLACK
6
CONTINUOUS
10
1.5175746850393701
20
2.5271973228346458
11
1.5176636220472441
21
2.5272533070866143
0
LINE
8
BLACK
6
CONTINUOUS
10
1.5176636220472441
20
2.5272533070866143
11
1.5177446062992126
21
2.5273197637795275
0
LINE
8
BLACK
6
CONTINUOUS
10
1.5177446062992126
20
2.5273197637795275
11
1.5178165354330708
21
2.5273496062992127
0
LINE
8
BLACK
6
CONTINUOUS
10
1.5178165354330708
20
2.5273496062992127
11
1.5180645669291337
21
2.5275056692913385
0
LINE
8
BLACK
6
CONTINUOUS
10
1.5180645669291337
20
2.5275056692913385
11
1.5218140944881891
21
2.529380433070866
0
LINE
8
BLACK
6
CONTINUOUS
10
1.5218140944881891
20
2.529380433070866
11
1.5223546850393701
21
2.5295873228346455
0
LINE
8
BLACK
6
CONTINUOUS
10
1.5223546850393701
20
2.5295873228346455
11
1.5224605511811022
21
2.5295948818897638
0
LINE
8
BLACK
6
CONTINUOUS
10
1.5224605511811022
20
2.5295948818897638
11
1.5225585433070865
21
2.5296354330708661
0
LINE
8
BLACK
6
CONTINUOUS
10
1.5225585433070865
20
2.5296354330708661
11
1.5231346062992126
21
2.5296921653543305
0
LINE
8
BLACK
6
CONTINUOUS
10
1.5231346062992126
20
2.5296921653543305
11
1.5306336614173228
21
2.5296921653543305
0
LINE
8
BLACK
6
CONTINUOUS
10
1.5306336614173228
20
2.5296921653543305
11
1.5312097244094487
21
2.5296354330708661
0
LINE
8
BLACK
6
CONTINUOUS
10
1.5173846456692912
20
2.5074398031496061
11
1.5161875196850394
21
2.5062426771653543
0
LINE
8
BLACK
6
CONTINUOUS
10
1.5161875196850394
20
2.5062426771653543
11
1.5148387795275591
21
2.5035451968503937
0
LINE
8
BLACK
6
CONTINUOUS
10
1.5148387795275591
20
2.5035451968503937
11
1.5148387795275591
21
2.4955654724409446
0
LINE
8
BLACK
6
CONTINUOUS
10
1.5148387795275591
20
2.4955654724409446
11
1.5161875196850394
21
2.492867992125984
0
LINE
8
BLACK
6
CONTINUOUS
10
1.5161875196850394
20
2.492867992125984
11
1.5173846456692912
21
2.4916708267716534
0
LINE
8
BLACK
6
CONTINUOUS
10
1.5173846456692912
20
2.4916708267716534
11
1.5200821259842519
21
2.4903220866141731
0
LINE
8
BLACK
6
CONTINUOUS
10
1.5200821259842519
20
2.4903220866141731
11
1.5261870866141731
21
2.4903220866141731
0
LINE
8
BLACK
6
CONTINUOUS
10
1.5261870866141731
20
2.4903220866141731
11
1.528884527559055
21
2.4916708267716534
0
LINE
8
BLACK
6
CONTINUOUS
10
1.528884527559055
20
2.4916708267716534
11
1.5300816535433071
21
2.492867992125984
0
LINE
8
BLACK
6
CONTINUOUS
10
1.5300816535433071
20
2.492867992125984
11
1.5314304330708661
21
2.4955654724409446
0
LINE
8
BLACK
6
CONTINUOUS
10
1.5314304330708661
20
2.4955654724409446
11
1.5314304330708661
21
2.5035451968503937
0
LINE
8
BLACK
6
CONTINUOUS
10
1.5314304330708661
20
2.5035451968503937
11
1.5300816929133858
21
2.5062426771653543
0
LINE
8
BLACK
6
CONTINUOUS
10
1.5300816929133858
20
2.5062426771653543
11
1.5288845669291338
21
2.5074398031496061
0
LINE
8
BLACK
6
CONTINUOUS
10
1.5288845669291338
20
2.5074398031496061
11
1.5261870866141731
21
2.5087885433070864
0
LINE
8
BLACK
6
CONTINUOUS
10
1.5261870866141731
20
2.5087885433070864
11
1.5200821259842519
21
2.5087885433070864
0
LINE
8
BLACK
6
CONTINUOUS
10
1.5200821259842519
20
2.5087885433070864
11
1.5173846456692912
21
2.5074398031496061
0
LINE
8
BLACK
6
CONTINUOUS
10
1.5609135826771654
20
2.5296354330708661
11
1.5612059842519685
21
2.5296354330708661
0
LINE
8
BLACK
6
CONTINUOUS
10
1.5612059842519685
20
2.5296354330708661
11
1.5614732283464567
21
2.5295247244094488
0
LINE
8
BLACK
6
CONTINUOUS
10
1.5614732283464567
20
2.5295247244094488
11
1.5617570472440945
21
2.5294685826771652
0
LINE
8
BLACK
6
CONTINUOUS
10
1.5617570472440945
20
2.5294685826771652
11
1.5620003149606299
21
2.5293064173228346
0
LINE
8
BLACK
6
CONTINUOUS
10
1.5620003149606299
20
2.5293064173228346
11
1.5622703937007874
21
2.5291945275590551
0
LINE
8
BLACK
6
CONTINUOUS
10
1.5622703937007874
20
2.5291945275590551
11
1.562474842519685
21
2.5289900787401574
0
LINE
8
BLACK
6
CONTINUOUS
10
1.562474842519685
20
2.5289900787401574
11
1.5627156692913386
21
2.5288295275590551
0
LINE
8
BLACK
6
CONTINUOUS
10
1.5627156692913386
20
2.5288295275590551
11
1.5628783858267716
21
2.528586535433071
0
LINE
8
BLACK
6
CONTINUOUS
10
1.5628783858267716
20
2.528586535433071
11
1.5630850393700788
21
2.5283798818897636
0
LINE
8
BLACK
6
CONTINUOUS
10
1.5630850393700788
20
2.5283798818897636
11
1.5631957086614172
21
2.5281126771653541
0
LINE
8
BLACK
6
CONTINUOUS
10
1.5631957086614172
20
2.5281126771653541
11
1.5633567322834645
21
2.5278722440944881
0
LINE
8
BLACK
6
CONTINUOUS
10
1.5633567322834645
20
2.5278722440944881
11
1.5634140551181102
21
2.527585590551181
0
LINE
8
BLACK
6
CONTINUOUS
10
1.5634140551181102
20
2.527585590551181
11
1.5635259448818897
21
2.5273154724409448
0
LINE
8
BLACK
6
CONTINUOUS
10
1.5635259448818897
20
2.5273154724409448
11
1.5635820472440944
21
2.5267455511811021
0
LINE
8
BLACK
6
CONTINUOUS
10
1.5635820472440944
20
2.5267455511811021
11
1.5635826771653543
21
2.5267425196850395
0
LINE
8
BLACK
6
CONTINUOUS
10
1.5635826771653543
20
2.5267425196850395
11
1.5635824409448817
21
2.5267414960629919
0
LINE
8
BLACK
6
CONTINUOUS
10
1.5635824409448817
20
2.5267414960629919
11
1.5635826771653543
21
2.5267394094488189
0
LINE
8
BLACK
6
CONTINUOUS
10
1.5635826771653543
20
2.5267394094488189
11
1.5635826771653543
21
2.4903220866141731
0
LINE
8
BLACK
6
CONTINUOUS
10
1.5635826771653543
20
2.4903220866141731
11
1.5718785039370078
21
2.4903220866141731
0
LINE
8
BLACK
6
CONTINUOUS
10
1.5718785039370078
20
2.4903220866141731
11
1.5724545669291339
21
2.4902653543307087
0
LINE
8
BLACK
6
CONTINUOUS
10
1.5724545669291339
20
2.4902653543307087
11
1.5735189763779527
21
2.4898244488188976
0
LINE
8
BLACK
6
CONTINUOUS
10
1.5735189763779527
20
2.4898244488188976
11
1.5743336220472441
21
2.4890098031496062
0
LINE
8
BLACK
6
CONTINUOUS
10
1.5743336220472441
20
2.4890098031496062
11
1.574774527559055
21
2.4879453937007874
0
LINE
8
BLACK
6
CONTINUOUS
10
1.574774527559055
20
2.4879453937007874
11
1.574774527559055
21
2.4867932677165352
0
LINE
8
BLACK
6
CONTINUOUS
10
1.574774527559055
20
2.4867932677165352
11
1.5743336220472441
21
2.4857288582677164
0
LINE
8
BLACK
6
CONTINUOUS
10
1.5743336220472441
20
2.4857288582677164
11
1.5735189763779527
21
2.4849142125984249
0
LINE
8
BLACK
6
CONTINUOUS
10
1.5735189763779527
20
2.4849142125984249
11
1.5724545669291339
21
2.4844733070866143
0
LINE
8
BLACK
6
CONTINUOUS
10
1.5724545669291339
20
2.4844733070866143
11
1.5718785039370078
21
2.4844165748031495
0
LINE
8
BLACK
6
CONTINUOUS
10
1.5718785039370078
20
2.4844165748031495
11
1.5493813385826771
21
2.4844165748031495
0
LINE
8
BLACK
6
CONTINUOUS
10
1.5493813385826771
20
2.4844165748031495
11
1.5488052755905513
21
2.4844733070866143
0
LINE
8
BLACK
6
CONTINUOUS
10
1.5488052755905513
20
2.4844733070866143
11
1.5477408661417322
21
2.4849142125984249
0
LINE
8
BLACK
6
CONTINUOUS
10
1.5477408661417322
20
2.4849142125984249
11
1.546926220472441
21
2.4857288582677164
0
LINE
8
BLACK
6
CONTINUOUS
10
1.546926220472441
20
2.4857288582677164
11
1.5464853149606299
21
2.4867932677165352
0
LINE
8
BLACK
6
CONTINUOUS
10
1.5464853149606299
20
2.4867932677165352
11
1.5464853149606299
21
2.4879453937007874
0
LINE
8
BLACK
6
CONTINUOUS
10
1.5464853149606299
20
2.4879453937007874
11
1.546926220472441
21
2.4890098031496062
0
LINE
8
BLACK
6
CONTINUOUS
10
1.546926220472441
20
2.4890098031496062
11
1.5477408661417322
21
2.4898244488188976
0
LINE
8
BLACK
6
CONTINUOUS
10
1.5477408661417322
20
2.4898244488188976
11
1.5488052755905513
21
2.4902653543307087
0
LINE
8
BLACK
6
CONTINUOUS
10
1.5488052755905513
20
2.4902653543307087
11
1.5493813385826771
21
2.4903220866141731
0
LINE
8
BLACK
6
CONTINUOUS
10
1.5493813385826771
20
2.4903220866141731
11
1.5576771653543307
21
2.4903220866141731
0
LINE
8
BLACK
6
CONTINUOUS
10
1.5576771653543307
20
2.4903220866141731
11
1.5576771653543307
21
2.5177360629921259
0
LINE
8
BLACK
6
CONTINUOUS
10
1.5576771653543307
20
2.5177360629921259
11
1.5552187795275589
21
2.5152776771653542
0
LINE
8
BLACK
6
CONTINUOUS
10
1.5552187795275589
20
2.5152776771653542
11
1.5549924015748031
21
2.5150919291338583
0
LINE
8
BLACK
6
CONTINUOUS
10
1.5549924015748031
20
2.5150919291338583
11
1.5549412598425196
21
2.5150329133858267
0
LINE
8
BLACK
6
CONTINUOUS
10
1.5549412598425196
20
2.5150329133858267
11
1.5548522834645668
21
2.5149769685039369
0
LINE
8
BLACK
6
CONTINUOUS
10
1.5548522834645668
20
2.5149769685039369
11
1.5547713385826771
21
2.514910472440945
0
LINE
8
BLACK
6
CONTINUOUS
10
1.5547713385826771
20
2.514910472440945
11
1.5546993700787402
21
2.5148806692913386
0
LINE
8
BLACK
6
CONTINUOUS
10
1.5546993700787402
20
2.5148806692913386
11
1.5544513779527558
21
2.5147245669291336
0
LINE
8
BLACK
6
CONTINUOUS
10
1.5544513779527558
20
2.5147245669291336
11
1.5507018503937007
21
2.512849803149606
0
LINE
8
BLACK
6
CONTINUOUS
10
1.5507018503937007
20
2.512849803149606
11
1.5501612204724409
21
2.5126429133858266
0
LINE
8
BLACK
6
CONTINUOUS
10
1.5501612204724409
20
2.5126429133858266
11
1.5490120078740157
21
2.5125612598425198
0
LINE
8
BLACK
6
CONTINUOUS
10
1.5490120078740157
20
2.5125612598425198
11
1.5479190551181101
21
2.5129255905511809
0
LINE
8
BLACK
6
CONTINUOUS
10
1.5479190551181101
20
2.5129255905511809
11
1.5470486614173229
21
2.5136804330708662
0
LINE
8
BLACK
6
CONTINUOUS
10
1.5470486614173229
20
2.5136804330708662
11
1.5465334251968503
21
2.5147109448818896
0
LINE
8
BLACK
6
CONTINUOUS
10
1.5465334251968503
20
2.5147109448818896
11
1.5464517716535433
21
2.515860157480315
0
LINE
8
BLACK
6
CONTINUOUS
10
1.5464517716535433
20
2.515860157480315
11
1.5468161023622047
21
2.5169531102362206
0
LINE
8
BLACK
6
CONTINUOUS
10
1.5468161023622047
20
2.5169531102362206
11
1.5475709448818897
21
2.5178235039370076
0
LINE
8
BLACK
6
CONTINUOUS
10
1.5475709448818897
20
2.5178235039370076
11
1.5480608267716536
21
2.5181318503937007
0
LINE
8
BLACK
6
CONTINUOUS
10
1.5480608267716536
20
2.5181318503937007
11
1.5513817716535432
21
2.5197923228346455
0
LINE
8
BLACK
6
CONTINUOUS
10
1.5513817716535432
20
2.5197923228346455
11
1.5545856692913385
21
2.5229962204724408
0
LINE
8
BLACK
6
CONTINUOUS
10
1.5545856692913385
20
2.5229962204724408
11
1.5581730708661417
21
2.5283773228346456
0
LINE
8
BLACK
6
CONTINUOUS
10
1.5581730708661417
20
2.5283773228346456
11
1.5581744094488188
21
2.5283790157480315
0
LINE
8
BLACK
6
CONTINUOUS
10
1.5581744094488188
20
2.5283790157480315
11
1.5581748031496063
21
2.5283798818897636
0
LINE
8
BLACK
6
CONTINUOUS
10
1.5581748031496063
20
2.5283798818897636
11
1.558176811023622
21
2.5283819291338583
0
LINE
8
BLACK
6
CONTINUOUS
10
1.558176811023622
20
2.5283819291338583
11
1.558539842519685
21
2.5288251574803149
0
LINE
8
BLACK
6
CONTINUOUS
10
1.558539842519685
20
2.5288251574803149
11
1.5587827165354331
21
2.5289878346456693
0
LINE
8
BLACK
6
CONTINUOUS
10
1.5587827165354331
20
2.5289878346456693
11
1.5589894488188976
21
2.5291945275590551
0
LINE
8
BLACK
6
CONTINUOUS
10
1.5589894488188976
20
2.5291945275590551
11
1.5592567322834645
21
2.5293052755905512
0
LINE
8
BLACK
6
CONTINUOUS
10
1.5592567322834645
20
2.5293052755905512
11
1.5594971259842518
21
2.529466220472441
0
LINE
8
BLACK
6
CONTINUOUS
10
1.5594971259842518
20
2.529466220472441
11
1.5597837401574803
21
2.5295235826771654
0
LINE
8
BLACK
6
CONTINUOUS
10
1.5597837401574803
20
2.5295235826771654
11
1.5600538582677166
21
2.5296354330708661
0
LINE
8
BLACK
6
CONTINUOUS
10
1.5600538582677166
20
2.5296354330708661
11
1.5603431496062992
21
2.5296354330708661
0
LINE
8
BLACK
6
CONTINUOUS
10
1.5603431496062992
20
2.5296354330708661
11
1.5606268110236221
21
2.5296921653543305
0
LINE
8
BLACK
6
CONTINUOUS
10
1.5606268110236221
20
2.5296921653543305
11
1.5609135826771654
21
2.5296354330708661
0
LINE
8
BLACK
6
CONTINUOUS
10
1.6024508267716535
20
2.5296354330708661
11
1.6025488188976378
21
2.529594842519685
0
LINE
8
BLACK
6
CONTINUOUS
10
1.6025488188976378
20
2.529594842519685
11
1.6026546456692914
21
2.5295873228346455
0
LINE
8
BLACK
6
CONTINUOUS
10
1.6026546456692914
20
2.5295873228346455
11
1.6031952755905512
21
2.529380433070866
0
LINE
8
BLACK
6
CONTINUOUS
10
1.6031952755905512
20
2.529380433070866
11
1.6069448031496063
21
2.5275056692913385
0
LINE
8
BLACK
6
CONTINUOUS
10
1.6069448031496063
20
2.5275056692913385
11
1.6071927952755904
21
2.5273496062992127
0
LINE
8
BLACK
6
CONTINUOUS
10
1.6071927952755904
20
2.5273496062992127
11
1.6072647637795274
21
2.5273197637795275
0
LINE
8
BLACK
6
CONTINUOUS
10
1.6072647637795274
20
2.5273197637795275
11
1.6073457086614173
21
2.5272533070866143
0
LINE
8
BLACK
6
CONTINUOUS
10
1.6073457086614173
20
2.5272533070866143
11
1.6074346850393701
21
2.5271973228346458
0
LINE
8
BLACK
6
CONTINUOUS
10
1.6074346850393701
20
2.5271973228346458
11
1.6074858267716534
21
2.527138346456693
0
LINE
8
BLACK
6
CONTINUOUS
10
1.6074858267716534
20
2.527138346456693
11
1.6077122047244095
21
2.5269525590551178
0
LINE
8
BLACK
6
CONTINUOUS
10
1.6077122047244095
20
2.5269525590551178
11
1.609586968503937
21
2.5250777952755903
0
LINE
8
BLACK
6
CONTINUOUS
10
1.609586968503937
20
2.5250777952755903
11
1.609772716535433
21
2.5248514566929132
0
LINE
8
BLACK
6
CONTINUOUS
10
1.609772716535433
20
2.5248514566929132
11
1.6098317322834645
21
2.5248002755905512
0
LINE
8
BLACK
6
CONTINUOUS
10
1.6098317322834645
20
2.5248002755905512
11
1.6098876771653543
21
2.5247113385826769
0
LINE
8
BLACK
6
CONTINUOUS
10
1.6098876771653543
20
2.5247113385826769
11
1.6099541732283464
21
2.5246303543307085
0
LINE
8
BLACK
6
CONTINUOUS
10
1.6099541732283464
20
2.5246303543307085
11
1.6099839763779527
21
2.5245584251968505
0
LINE
8
BLACK
6
CONTINUOUS
10
1.6099839763779527
20
2.5245584251968505
11
1.6101400787401574
21
2.5243103937007874
0
LINE
8
BLACK
6
CONTINUOUS
10
1.6101400787401574
20
2.5243103937007874
11
1.612014842519685
21
2.5205608661417322
0
LINE
8
BLACK
6
CONTINUOUS
10
1.612014842519685
20
2.5205608661417322
11
1.6122217322834644
21
2.520020275590551
0
LINE
8
BLACK
6
CONTINUOUS
10
1.6122217322834644
20
2.520020275590551
11
1.612229251968504
21
2.5199144094488188
0
LINE
8
BLACK
6
CONTINUOUS
10
1.612229251968504
20
2.5199144094488188
11
1.6122698425196851
21
2.5198164173228346
0
LINE
8
BLACK
6
CONTINUOUS
10
1.6122698425196851
20
2.5198164173228346
11
1.6123265748031497
21
2.5192403543307087
0
LINE
8
BLACK
6
CONTINUOUS
10
1.6123265748031497
20
2.5192403543307087
11
1.6123265748031497
21
2.5154908267716536
0
LINE
8
BLACK
6
CONTINUOUS
10
1.6123265748031497
20
2.5154908267716536
11
1.6122978346456693
21
2.5151992519685038
0
LINE
8
BLACK
6
CONTINUOUS
10
1.6122978346456693
20
2.5151992519685038
11
1.6123033858267717
21
2.5151214960629922
0
LINE
8
BLACK
6
CONTINUOUS
10
1.6123033858267717
20
2.5151214960629922
11
1.6122801181102362
21
2.515019251968504
0
LINE
8
BLACK
6
CONTINUOUS
10
1.6122801181102362
20
2.515019251968504
11
1.6122698425196851
21
2.5149147637795277
0
LINE
8
BLACK
6
CONTINUOUS
10
1.6122698425196851
20
2.5149147637795277
11
1.6122399606299211
21
2.514842716535433
0
LINE
8
BLACK
6
CONTINUOUS
10
1.6122399606299211
20
2.514842716535433
11
1.6121750393700787
21
2.5145570472440943
0
LINE
8
BLACK
6
CONTINUOUS
10
1.6121750393700787
20
2.5145570472440943
11
1.6103002755905511
21
2.5089327952755904
0
LINE
8
BLACK
6
CONTINUOUS
10
1.6103002755905511
20
2.5089327952755904
11
1.6100642913385825
21
2.5084042125984252
0
LINE
8
BLACK
6
CONTINUOUS
10
1.6100642913385825
20
2.5084042125984252
11
1.6099948031496063
21
2.5083241338582676
0
LINE
8
BLACK
6
CONTINUOUS
10
1.6099948031496063
20
2.5083241338582676
11
1.6099542125984252
21
2.5082260629921258
0
LINE
8
BLACK
6
CONTINUOUS
10
1.6099542125984252
20
2.5082260629921258
11
1.609586968503937
21
2.507778622047244
0
LINE
8
BLACK
6
CONTINUOUS
10
1.609586968503937
20
2.507778622047244
11
1.5921304724409449
21
2.4903220866141731
0
LINE
8
BLACK
6
CONTINUOUS
10
1.5921304724409449
20
2.4903220866141731
11
1.6093738188976379
21
2.4903220866141731
0
LINE
8
BLACK
6
CONTINUOUS
10
1.6093738188976379
20
2.4903220866141731
11
1.6099498818897637
21
2.4902653543307087
0
LINE
8
BLACK
6
CONTINUOUS
10
1.6099498818897637
20
2.4902653543307087
11
1.6110142913385825
21
2.4898244488188976
0
LINE
8
BLACK
6
CONTINUOUS
10
1.6110142913385825
20
2.4898244488188976
11
1.611828937007874
21
2.4890098031496062
0
LINE
8
BLACK
6
CONTINUOUS
10
1.611828937007874
20
2.4890098031496062
11
1.6122698425196851
21
2.4879453937007874
0
LINE
8
BLACK
6
CONTINUOUS
10
1.6122698425196851
20
2.4879453937007874
11
1.6122698425196851
21
2.4867932677165352
0
LINE
8
BLACK
6
CONTINUOUS
10
1.6122698425196851
20
2.4867932677165352
11
1.611828937007874
21
2.4857288582677164
0
LINE
8
BLACK
6
CONTINUOUS
10
1.611828937007874
20
2.4857288582677164
11
1.6110142913385825
21
2.4849142125984249
0
LINE
8
BLACK
6
CONTINUOUS
10
1.6110142913385825
20
2.4849142125984249
11
1.6099498818897637
21
2.4844733070866143
0
LINE
8
BLACK
6
CONTINUOUS
10
1.6099498818897637
20
2.4844733070866143
11
1.6093738188976379
21
2.4844165748031495
0
LINE
8
BLACK
6
CONTINUOUS
10
1.6093738188976379
20
2.4844165748031495
11
1.5850018897637794
21
2.4844165748031495
0
LINE
8
BLACK
6
CONTINUOUS
10
1.5850018897637794
20
2.4844165748031495
11
1.5844258267716536
21
2.4844733070866143
0
LINE
8
BLACK
6
CONTINUOUS
10
1.5844258267716536
20
2.4844733070866143
11
1.5833614173228345
21
2.4849142125984249
0
LINE
8
BLACK
6
CONTINUOUS
10
1.5833614173228345
20
2.4849142125984249
11
1.5825467716535433
21
2.4857288582677164
0
LINE
8
BLACK
6
CONTINUOUS
10
1.5825467716535433
20
2.4857288582677164
11
1.5821058661417322
21
2.4867932677165352
0
LINE
8
BLACK
6
CONTINUOUS
10
1.5821058661417322
20
2.4867932677165352
11
1.5821058661417322
21
2.4879453937007874
0
LINE
8
BLACK
6
CONTINUOUS
10
1.5821058661417322
20
2.4879453937007874
11
1.5825467716535433
21
2.4890098031496062
0
LINE
8
BLACK
6
CONTINUOUS
10
1.5825467716535433
20
2.4890098031496062
11
1.5829139763779527
21
2.489457244094488
0
LINE
8
BLACK
6
CONTINUOUS
10
1.5829139763779527
20
2.489457244094488
11
1.6049182283464567
21
2.5114615748031497
0
LINE
8
BLACK
6
CONTINUOUS
10
1.6049182283464567
20
2.5114615748031497
11
1.6064210629921261
21
2.5159699606299211
0
LINE
8
BLACK
6
CONTINUOUS
10
1.6064210629921261
20
2.5159699606299211
11
1.6064210629921261
21
2.5185433070866141
0
LINE
8
BLACK
6
CONTINUOUS
10
1.6064210629921261
20
2.5185433070866141
11
1.6050723228346457
21
2.5212407874015748
0
LINE
8
BLACK
6
CONTINUOUS
10
1.6050723228346457
20
2.5212407874015748
11
1.6038751968503937
21
2.5224379133858266
0
LINE
8
BLACK
6
CONTINUOUS
10
1.6038751968503937
20
2.5224379133858266
11
1.6011777165354331
21
2.5237866535433069
0
LINE
8
BLACK
6
CONTINUOUS
10
1.6011777165354331
20
2.5237866535433069
11
1.5931979921259842
21
2.5237866535433069
0
LINE
8
BLACK
6
CONTINUOUS
10
1.5931979921259842
20
2.5237866535433069
11
1.5905005118110236
21
2.5224379133858266
0
LINE
8
BLACK
6
CONTINUOUS
10
1.5905005118110236
20
2.5224379133858266
11
1.5889645669291339
21
2.5209019685039369
0
LINE
8
BLACK
6
CONTINUOUS
10
1.5889645669291339
20
2.5209019685039369
11
1.5885171259842519
21
2.5205347637795277
0
LINE
8
BLACK
6
CONTINUOUS
10
1.5885171259842519
20
2.5205347637795277
11
1.5874526771653543
21
2.5200938582677166
0
LINE
8
BLACK
6
CONTINUOUS
10
1.5874526771653543
20
2.5200938582677166
11
1.5863006299212599
21
2.5200938582677166
0
LINE
8
BLACK
6
CONTINUOUS
10
1.5863006299212599
20
2.5200938582677166
11
1.5852361811023621
21
2.5205347637795277
0
LINE
8
BLACK
6
CONTINUOUS
10
1.5852361811023621
20
2.5205347637795277
11
1.5844215354330708
21
2.5213494094488187
0
LINE
8
BLACK
6
CONTINUOUS
10
1.5844215354330708
20
2.5213494094488187
11
1.5839806299212598
21
2.5224138582677167
0
LINE
8
BLACK
6
CONTINUOUS
10
1.5839806299212598
20
2.5224138582677167
11
1.5839806299212598
21
2.5235659055118109
0
LINE
8
BLACK
6
CONTINUOUS
10
1.5839806299212598
20
2.5235659055118109
11
1.5844215354330708
21
2.5246303543307085
0
LINE
8
BLACK
6
CONTINUOUS
10
1.5844215354330708
20
2.5246303543307085
11
1.5847887401574803
21
2.5250777952755903
0
LINE
8
BLACK
6
CONTINUOUS
10
1.5847887401574803
20
2.5250777952755903
11
1.5866635039370078
21
2.5269525590551178
0
LINE
8
BLACK
6
CONTINUOUS
10
1.5866635039370078
20
2.5269525590551178
11
1.5868898425196849
21
2.527138346456693
0
LINE
8
BLACK
6
CONTINUOUS
10
1.5868898425196849
20
2.527138346456693
11
1.5869410236220471
21
2.5271973228346458
0
LINE
8
BLACK
6
CONTINUOUS
10
1.5869410236220471
20
2.5271973228346458
11
1.5870299606299212
21
2.5272533070866143
0
LINE
8
BLACK
6
CONTINUOUS
10
1.5870299606299212
20
2.5272533070866143
11
1.5871109448818896
21
2.5273197637795275
0
LINE
8
BLACK
6
CONTINUOUS
10
1.5871109448818896
20
2.5273197637795275
11
1.5871828740157481
21
2.5273496062992127
0
LINE
8
BLACK
6
CONTINUOUS
10
1.5871828740157481
20
2.5273496062992127
11
1.587430905511811
21
2.5275056692913385
0
LINE
8
BLACK
6
CONTINUOUS
10
1.587430905511811
20
2.5275056692913385
11
1.5911804330708661
21
2.529380433070866
0
LINE
8
BLACK
6
CONTINUOUS
10
1.5911804330708661
20
2.529380433070866
11
1.5917210236220471
21
2.5295873228346455
0
LINE
8
BLACK
6
CONTINUOUS
10
1.5917210236220471
20
2.5295873228346455
11
1.5918268897637795
21
2.5295948818897638
0
LINE
8
BLACK
6
CONTINUOUS
10
1.5918268897637795
20
2.5295948818897638
11
1.5919248818897638
21
2.5296354330708661
0
LINE
8
BLACK
6
CONTINUOUS
10
1.5919248818897638
20
2.5296354330708661
11
1.5925009448818896
21
2.5296921653543305
0
LINE
8
BLACK
6
CONTINUOUS
10
1.5925009448818896
20
2.5296921653543305
11
1.6018747637795274
21
2.5296921653543305
0
LINE
8
BLACK
6
CONTINUOUS
10
1.6018747637795274
20
2.5296921653543305
11
1.6024508267716535
21
2.5296354330708661
0
LINE
8
BLACK
6
CONTINUOUS
10
1.6380713779527558
20
2.5296354330708661
11
1.6381693700787401
21
2.529594842519685
0
LINE
8
BLACK
6
CONTINUOUS
10
1.6381693700787401
20
2.529594842519685
11
1.6382751968503937
21
2.5295873228346455
0
LINE
8
BLACK
6
CONTINUOUS
10
1.6382751968503937
20
2.5295873228346455
11
1.6388158267716535
21
2.529380433070866
0
LINE
8
BLACK
6
CONTINUOUS
10
1.6388158267716535
20
2.529380433070866
11
1.6425653543307086
21
2.5275056692913385
0
LINE
8
BLACK
6
CONTINUOUS
10
1.6425653543307086
20
2.5275056692913385
11
1.642813346456693
21
2.5273496062992127
0
LINE
8
BLACK
6
CONTINUOUS
10
1.642813346456693
20
2.5273496062992127
11
1.6428853149606299
21
2.5273197637795275
0
LINE
8
BLACK
6
CONTINUOUS
10
1.6428853149606299
20
2.5273197637795275
11
1.6429662598425196
21
2.5272533070866143
0
LINE
8
BLACK
6
CONTINUOUS
10
1.6429662598425196
20
2.5272533070866143
11
1.6430552362204724
21
2.5271973228346458
0
LINE
8
BLACK
6
CONTINUOUS
10
1.6430552362204724
20
2.5271973228346458
11
1.6431063779527559
21
2.527138346456693
0
LINE
8
BLACK
6
CONTINUOUS
10
1.6431063779527559
20
2.527138346456693
11
1.6433327559055118
21
2.5269525590551178
0
LINE
8
BLACK
6
CONTINUOUS
10
1.6433327559055118
20
2.5269525590551178
11
1.6452075196850393
21
2.5250777952755903
0
LINE
8
BLACK
6
CONTINUOUS
10
1.6452075196850393
20
2.5250777952755903
11
1.6453932677165355
21
2.5248514566929132
0
LINE
8
BLACK
6
CONTINUOUS
10
1.6453932677165355
20
2.5248514566929132
11
1.6454522834645668
21
2.5248002755905512
0
LINE
8
BLACK
6
CONTINUOUS
10
1.6454522834645668
20
2.5248002755905512
11
1.6455082283464566
21
2.5247113385826769
0
LINE
8
BLACK
6
CONTINUOUS
10
1.6455082283464566
20
2.5247113385826769
11
1.6455747244094487
21
2.5246303543307085
0
LINE
8
BLACK
6
CONTINUOUS
10
1.6455747244094487
20
2.5246303543307085
11
1.6456045275590552
21
2.5245584251968505
0
LINE
8
BLACK
6
CONTINUOUS
10
1.6456045275590552
20
2.5245584251968505
11
1.6457606299212597
21
2.5243103937007874
0
LINE
8
BLACK
6
CONTINUOUS
10
1.6457606299212597
20
2.5243103937007874
11
1.6476353937007873
21
2.5205608661417322
0
LINE
8
BLACK
6
CONTINUOUS
10
1.6476353937007873
20
2.5205608661417322
11
1.647651496062992
21
2.520518779527559
0
LINE
8
BLACK
6
CONTINUOUS
10
1.647651496062992
20
2.520518779527559
11
1.6476642125984251
21
2.5205016141732282
0
LINE
8
BLACK
6
CONTINUOUS
10
1.6476642125984251
20
2.5205016141732282
11
1.6477505118110236
21
2.5202600393700787
0
LINE
8
BLACK
6
CONTINUOUS
10
1.6477505118110236
20
2.5202600393700787
11
1.647842283464567
21
2.520020275590551
0
LINE
8
BLACK
6
CONTINUOUS
10
1.647842283464567
20
2.520020275590551
11
1.6478437795275591
21
2.5199990157480316
0
LINE
8
BLACK
6
CONTINUOUS
10
1.6478437795275591
20
2.5199990157480316
11
1.6478589763779528
21
2.5199564960629921
0
LINE
8
BLACK
6
CONTINUOUS
10
1.6478589763779528
20
2.5199564960629921
11
1.6497337401574803
21
2.5124574409448819
0
LINE
8
BLACK
6
CONTINUOUS
10
1.6497337401574803
20
2.5124574409448819
11
1.6497485039370079
21
2.5123575984251967
0
LINE
8
BLACK
6
CONTINUOUS
10
1.6497485039370079
20
2.5123575984251967
11
1.6497651574803149
21
2.5123173622047243
0
LINE
8
BLACK
6
CONTINUOUS
10
1.6497651574803149
20
2.5123173622047243
11
1.649786496062992
21
2.5121003543307086
0
LINE
8
BLACK
6
CONTINUOUS
10
1.649786496062992
20
2.5121003543307086
11
1.6498183858267716
21
2.5118848425196849
0
LINE
8
BLACK
6
CONTINUOUS
10
1.6498183858267716
20
2.5118848425196849
11
1.649811968503937
21
2.5118418503937008
0
LINE
8
BLACK
6
CONTINUOUS
10
1.649811968503937
20
2.5118418503937008
11
1.6498218897637795
21
2.5117412992125985
0
LINE
8
BLACK
6
CONTINUOUS
10
1.6498218897637795
20
2.5117412992125985
11
1.6498218897637795
21
2.5023674803149607
0
LINE
8
BLACK
6
CONTINUOUS
10
1.6498218897637795
20
2.5023674803149607
11
1.649811968503937
21
2.5022669685039372
0
LINE
8
BLACK
6
CONTINUOUS
10
1.649811968503937
20
2.5022669685039372
11
1.6498183858267716
21
2.5022239370078738
0
LINE
8
BLACK
6
CONTINUOUS
10
1.6498183858267716
20
2.5022239370078738
11
1.649786496062992
21
2.5020084645669289
0
LINE
8
BLACK
6
CONTINUOUS
10
1.649786496062992
20
2.5020084645669289
11
1.6497651574803149
21
2.5017914173228344
0
LINE
8
BLACK
6
CONTINUOUS
10
1.6497651574803149
20
2.5017914173228344
11
1.6497485039370079
21
2.5017512204724408
0
LINE
8
BLACK
6
CONTINUOUS
10
1.6497485039370079
20
2.5017512204724408
11
1.6497337401574803
21
2.5016513385826773
0
LINE
8
BLACK
6
CONTINUOUS
10
1.6497337401574803
20
2.5016513385826773
11
1.6478589763779528
21
2.4941522834645671
0
LINE
8
BLACK
6
CONTINUOUS
10
1.6478589763779528
20
2.4941522834645671
11
1.6478437795275591
21
2.4941098031496063
0
LINE
8
BLACK
6
CONTINUOUS
10
1.6478437795275591
20
2.4941098031496063
11
1.647842283464567
21
2.4940885039370078
0
LINE
8
BLACK
6
CONTINUOUS
10
1.647842283464567
20
2.4940885039370078
11
1.6477505118110236
21
2.4938487795275588
0
LINE
8
BLACK
6
CONTINUOUS
10
1.6477505118110236
20
2.4938487795275588
11
1.6476642125984251
21
2.4936071653543306
0
LINE
8
BLACK
6
CONTINUOUS
10
1.6476642125984251
20
2.4936071653543306
11
1.647651496062992
21
2.4935900393700785
0
LINE
8
BLACK
6
CONTINUOUS
10
1.647651496062992
20
2.4935900393700785
11
1.6476353937007873
21
2.4935479133858269
0
LINE
8
BLACK
6
CONTINUOUS
10
1.6476353937007873
20
2.4935479133858269
11
1.6457606299212597
21
2.4897983858267714
0
LINE
8
BLACK
6
CONTINUOUS
10
1.6457606299212597
20
2.4897983858267714
11
1.6456045669291339
21
2.4895505118110237
0
LINE
8
BLACK
6
CONTINUOUS
10
1.6456045669291339
20
2.4895505118110237
11
1.6455747637795275
21
2.489478464566929
0
LINE
8
BLACK
6
CONTINUOUS
10
1.6455747637795275
20
2.489478464566929
11
1.6455082283464566
21
2.4893974409448818
0
LINE
8
BLACK
6
CONTINUOUS
10
1.6455082283464566
20
2.4893974409448818
11
1.6454522834645668
21
2.489308503937008
0
LINE
8
BLACK
6
CONTINUOUS
10
1.6454522834645668
20
2.489308503937008
11
1.6453932677165355
21
2.4892573622047243
0
LINE
8
BLACK
6
CONTINUOUS
10
1.6453932677165355
20
2.4892573622047243
11
1.6452075196850393
21
2.4890309842519684
0
LINE
8
BLACK
6
CONTINUOUS
10
1.6452075196850393
20
2.4890309842519684
11
1.6433327952755905
21
2.4871562204724409
0
LINE
8
BLACK
6
CONTINUOUS
10
1.6433327952755905
20
2.4871562204724409
11
1.6431064173228347
21
2.4869704724409449
0
LINE
8
BLACK
6
CONTINUOUS
10
1.6431064173228347
20
2.4869704724409449
11
1.6430552362204724
21
2.4869114173228346
0
LINE
8
BLACK
6
CONTINUOUS
10
1.6430552362204724
20
2.4869114173228346
11
1.6429662598425196
21
2.4868554330708661
0
LINE
8
BLACK
6
CONTINUOUS
10
1.6429662598425196
20
2.4868554330708661
11
1.6428853149606299
21
2.4867889763779525
0
LINE
8
BLACK
6
CONTINUOUS
10
1.6428853149606299
20
2.4867889763779525
11
1.642813346456693
21
2.4867591732283465
0
LINE
8
BLACK
6
CONTINUOUS
10
1.642813346456693
20
2.4867591732283465
11
1.6425653543307086
21
2.4866030708661415
0
LINE
8
BLACK
6
CONTINUOUS
10
1.6425653543307086
20
2.4866030708661415
11
1.6388158267716535
21
2.484728307086614
0
LINE
8
BLACK
6
CONTINUOUS
10
1.6388158267716535
20
2.484728307086614
11
1.6382751968503937
21
2.4845214173228345
0
LINE
8
BLACK
6
CONTINUOUS
10
1.6382751968503937
20
2.4845214173228345
11
1.6381693700787401
21
2.4845139370078742
0
LINE
8
BLACK
6
CONTINUOUS
10
1.6381693700787401
20
2.4845139370078742
11
1.6380713779527558
21
2.4844733070866143
0
LINE
8
BLACK
6
CONTINUOUS
10
1.6380713779527558
20
2.4844733070866143
11
1.6374953149606299
21
2.4844165748031495
0
LINE
8
BLACK
6
CONTINUOUS
10
1.6374953149606299
20
2.4844165748031495
11
1.6337457874015748
21
2.4844165748031495
0
LINE
8
BLACK
6
CONTINUOUS
10
1.6337457874015748
20
2.4844165748031495
11
1.6331697244094487
21
2.4844733070866143
0
LINE
8
BLACK
6
CONTINUOUS
10
1.6331697244094487
20
2.4844733070866143
11
1.6330717322834645
21
2.4845138976377954
0
LINE
8
BLACK
6
CONTINUOUS
10
1.6330717322834645
20
2.4845138976377954
11
1.6329658661417323
21
2.4845214173228345
0
LINE
8
BLACK
6
CONTINUOUS
10
1.6329658661417323
20
2.4845214173228345
11
1.6324252755905511
21
2.484728307086614
0
LINE
8
BLACK
6
CONTINUOUS
10
1.6324252755905511
20
2.484728307086614
11
1.628675748031496
21
2.4866030708661415
0
LINE
8
BLACK
6
CONTINUOUS
10
1.628675748031496
20
2.4866030708661415
11
1.6284277165354331
21
2.4867591732283465
0
LINE
8
BLACK
6
CONTINUOUS
10
1.6284277165354331
20
2.4867591732283465
11
1.6283557874015748
21
2.4867889763779525
0
LINE
8
BLACK
6
CONTINUOUS
10
1.6283557874015748
20
2.4867889763779525
11
1.6282748031496062
21
2.4868554330708661
0
LINE
8
BLACK
6
CONTINUOUS
10
1.6282748031496062
20
2.4868554330708661
11
1.6281858661417323
21
2.4869114173228346
0
LINE
8
BLACK
6
CONTINUOUS
10
1.6281858661417323
20
2.4869114173228346
11
1.6281346456692913
21
2.4869704724409449
0
LINE
8
BLACK
6
CONTINUOUS
10
1.6281346456692913
20
2.4869704724409449
11
1.627908307086614
21
2.4871562204724409
0
LINE
8
BLACK
6
CONTINUOUS
10
1.627908307086614
20
2.4871562204724409
11
1.6260335433070865
21
2.4890310236220472
0
LINE
8
BLACK
6
CONTINUOUS
10
1.6260335433070865
20
2.4890310236220472
11
1.6258477952755905
21
2.4892573622047243
0
LINE
8
BLACK
6
CONTINUOUS
10
1.6258477952755905
20
2.4892573622047243
11
1.6257888188976377
21
2.489308503937008
0
LINE
8
BLACK
6
CONTINUOUS
10
1.6257888188976377
20
2.489308503937008
11
1.6257328346456692
21
2.4893974409448818
0
LINE
8
BLACK
6
CONTINUOUS
10
1.6257328346456692
20
2.4893974409448818
11
1.6256663385826771
21
2.489478464566929
0
LINE
8
BLACK
6
CONTINUOUS
10
1.6256663385826771
20
2.489478464566929
11
1.6256364960629921
21
2.4895505118110237
0
LINE
8
BLACK
6
CONTINUOUS
10
1.6256364960629921
20
2.4895505118110237
11
1.6254804724409448
21
2.4897983858267714
0
LINE
8
BLACK
6
CONTINUOUS
10
1.6254804724409448
20
2.4897983858267714
11
1.6236057086614173
21
2.4935479133858269
0
LINE
8
BLACK
6
CONTINUOUS
10
1.6236057086614173
20
2.4935479133858269
11
1.6235895669291338
21
2.4935900393700785
0
LINE
8
BLACK
6
CONTINUOUS
10
1.6235895669291338
20
2.4935900393700785
11
1.6235768897637795
21
2.4936071653543306
0
LINE
8
BLACK
6
CONTINUOUS
10
1.6235768897637795
20
2.4936071653543306
11
1.6234904330708662
21
2.4938491338582676
0
LINE
8
BLACK
6
CONTINUOUS
10
1.6234904330708662
20
2.4938491338582676
11
1.6233988188976378
21
2.4940885433070865
0
LINE
8
BLACK
6
CONTINUOUS
10
1.6233988188976378
20
2.4940885433070865
11
1.6233972834645669
21
2.4941098031496063
0
LINE
8
BLACK
6
CONTINUOUS
10
1.6233972834645669
20
2.4941098031496063
11
1.623382125984252
21
2.4941522834645671
0
LINE
8
BLACK
6
CONTINUOUS
10
1.623382125984252
20
2.4941522834645671
11
1.6215073622047245
21
2.5016513385826773
0
LINE
8
BLACK
6
CONTINUOUS
10
1.6215073622047245
20
2.5016513385826773
11
1.6214925590551181
21
2.5017512204724408
0
LINE
8
BLACK
6
CONTINUOUS
10
1.6214925590551181
20
2.5017512204724408
11
1.6214759448818896
21
2.5017914173228344
0
LINE
8
BLACK
6
CONTINUOUS
10
1.6214759448818896
20
2.5017914173228344
11
1.6214545669291338
21
2.5020084645669289
0
LINE
8
BLACK
6
CONTINUOUS
10
1.6214545669291338
20
2.5020084645669289
11
1.6214227165354331
21
2.5022239370078738
0
LINE
8
BLACK
6
CONTINUOUS
10
1.6214227165354331
20
2.5022239370078738
11
1.6214290944881888
21
2.5022669685039372
0
LINE
8
BLACK
6
CONTINUOUS
10
1.6214290944881888
20
2.5022669685039372
11
1.6214192125984253
21
2.5023674803149607
0
LINE
8
BLACK
6
CONTINUOUS
10
1.6214192125984253
20
2.5023674803149607
11
1.6214192125984253
21
2.5117412992125985
0
LINE
8
BLACK
6
CONTINUOUS
10
1.6214192125984253
20
2.5117412992125985
11
1.6214290944881888
21
2.5118418503937008
0
LINE
8
BLACK
6
CONTINUOUS
10
1.6214290944881888
20
2.5118418503937008
11
1.6214227165354331
21
2.5118848425196849
0
LINE
8
BLACK
6
CONTINUOUS
10
1.6214227165354331
20
2.5118848425196849
11
1.6214545669291338
21
2.5121003543307086
0
LINE
8
BLACK
6
CONTINUOUS
10
1.6214545669291338
20
2.5121003543307086
11
1.6214759448818896
21
2.5123173622047243
0
LINE
8
BLACK
6
CONTINUOUS
10
1.6214759448818896
20
2.5123173622047243
11
1.6214925590551181
21
2.5123575984251967
0
LINE
8
BLACK
6
CONTINUOUS
10
1.6214925590551181
20
2.5123575984251967
11
1.6215073622047245
21
2.5124574409448819
0
LINE
8
BLACK
6
CONTINUOUS
10
1.6215073622047245
20
2.5124574409448819
11
1.623382125984252
21
2.5199564960629921
0
LINE
8
BLACK
6
CONTINUOUS
10
1.623382125984252
20
2.5199564960629921
11
1.6233972834645669
21
2.5199990157480316
0
LINE
8
BLACK
6
CONTINUOUS
10
1.6233972834645669
20
2.5199990157480316
11
1.6233988188976378
21
2.5200202362204722
0
LINE
8
BLACK
6
CONTINUOUS
10
1.6233988188976378
20
2.5200202362204722
11
1.6234904330708662
21
2.5202596850393699
0
LINE
8
BLACK
6
CONTINUOUS
10
1.6234904330708662
20
2.5202596850393699
11
1.6235768897637795
21
2.5205016141732282
0
LINE
8
BLACK
6
CONTINUOUS
10
1.6235768897637795
20
2.5205016141732282
11
1.6235895669291338
21
2.520518779527559
0
LINE
8
BLACK
6
CONTINUOUS
10
1.6235895669291338
20
2.520518779527559
11
1.6236057086614173
21
2.5205608661417322
0
LINE
8
BLACK
6
CONTINUOUS
10
1.6236057086614173
20
2.5205608661417322
11
1.6254804724409448
21
2.5243103937007874
0
LINE
8
BLACK
6
CONTINUOUS
10
1.6254804724409448
20
2.5243103937007874
11
1.6256365354330709
21
2.5245584251968505
0
LINE
8
BLACK
6
CONTINUOUS
10
1.6256365354330709
20
2.5245584251968505
11
1.6256663779527558
21
2.5246303543307085
0
LINE
8
BLACK
6
CONTINUOUS
10
1.6256663779527558
20
2.5246303543307085
11
1.6257328346456692
21
2.5247113385826769
0
LINE
8
BLACK
6
CONTINUOUS
10
1.6257328346456692
20
2.5247113385826769
11
1.6257888188976377
21
2.5248002755905512
0
LINE
8
BLACK
6
CONTINUOUS
10
1.6257888188976377
20
2.5248002755905512
11
1.6258477952755905
21
2.5248514566929132
0
LINE
8
BLACK
6
CONTINUOUS
10
1.6258477952755905
20
2.5248514566929132
11
1.6260335826771652
21
2.5250777952755903
0
LINE
8
BLACK
6
CONTINUOUS
10
1.6260335826771652
20
2.5250777952755903
11
1.6279083464566928
21
2.5269525590551178
0
LINE
8
BLACK
6
CONTINUOUS
10
1.6279083464566928
20
2.5269525590551178
11
1.6281346850393701
21
2.527138346456693
0
LINE
8
BLACK
6
CONTINUOUS
10
1.6281346850393701
20
2.527138346456693
11
1.6281858661417323
21
2.5271973228346458
0
LINE
8
BLACK
6
CONTINUOUS
10
1.6281858661417323
20
2.5271973228346458
11
1.6282748031496062
21
2.5272533070866143
0
LINE
8
BLACK
6
CONTINUOUS
10
1.6282748031496062
20
2.5272533070866143
11
1.6283557874015748
21
2.5273197637795275
0
LINE
8
BLACK
6
CONTINUOUS
10
1.6283557874015748
20
2.5273197637795275
11
1.6284277165354331
21
2.5273496062992127
0
LINE
8
BLACK
6
CONTINUOUS
10
1.6284277165354331
20
2.5273496062992127
11
1.628675748031496
21
2.5275056692913385
0
LINE
8
BLACK
6
CONTINUOUS
10
1.628675748031496
20
2.5275056692913385
11
1.6324252755905511
21
2.529380433070866
0
LINE
8
BLACK
6
CONTINUOUS
10
1.6324252755905511
20
2.529380433070866
11
1.6329658661417323
21
2.5295873228346455
0
LINE
8
BLACK
6
CONTINUOUS
10
1.6329658661417323
20
2.5295873228346455
11
1.6330717322834645
21
2.5295948818897638
0
LINE
8
BLACK
6
CONTINUOUS
10
1.6330717322834645
20
2.5295948818897638
11
1.6331697244094487
21
2.5296354330708661
0
LINE
8
BLACK
6
CONTINUOUS
10
1.6331697244094487
20
2.5296354330708661
11
1.6337457874015748
21
2.5296921653543305
0
LINE
8
BLACK
6
CONTINUOUS
10
1.6337457874015748
20
2.5296921653543305
11
1.6374953149606299
21
2.5296921653543305
0
LINE
8
BLACK
6
CONTINUOUS
10
1.6374953149606299
20
2.5296921653543305
11
1.6380713779527558
21
2.5296354330708661
0
LINE
8
BLACK
6
CONTINUOUS
10
1.6317453543307086
20
2.5224379133858266
11
1.6305482283464567
21
2.5212407874015748
0
LINE
8
BLACK
6
CONTINUOUS
10
1.6305482283464567
20
2.5212407874015748
11
1.629032716535433
21
2.5182098031496061
0
LINE
8
BLACK
6
CONTINUOUS
10
1.629032716535433
20
2.5182098031496061
11
1.6273247244094489
21
2.5113777559055119
0
LINE
8
BLACK
6
CONTINUOUS
10
1.6273247244094489
20
2.5113777559055119
11
1.6273247244094489
21
2.5027310236220472
0
LINE
8
BLACK
6
CONTINUOUS
10
1.6273247244094489
20
2.5027310236220472
11
1.629032716535433
21
2.4958989763779527
0
LINE
8
BLACK
6
CONTINUOUS
10
1.629032716535433
20
2.4958989763779527
11
1.6305482283464567
21
2.492867992125984
0
LINE
8
BLACK
6
CONTINUOUS
10
1.6305482283464567
20
2.492867992125984
11
1.6317453543307086
21
2.4916708267716534
0
LINE
8
BLACK
6
CONTINUOUS
10
1.6317453543307086
20
2.4916708267716534
11
1.6344428346456692
21
2.4903220866141731
0
LINE
8
BLACK
6
CONTINUOUS
10
1.6344428346456692
20
2.4903220866141731
11
1.6367982677165354
21
2.4903220866141731
0
LINE
8
BLACK
6
CONTINUOUS
10
1.6367982677165354
20
2.4903220866141731
11
1.6394957086614173
21
2.4916708267716534
0
LINE
8
BLACK
6
CONTINUOUS
10
1.6394957086614173
20
2.4916708267716534
11
1.6406928346456693
21
2.492867992125984
0
LINE
8
BLACK
6
CONTINUOUS
10
1.6406928346456693
20
2.492867992125984
11
1.6422083464566928
21
2.4958989763779527
0
LINE
8
BLACK
6
CONTINUOUS
10
1.6422083464566928
20
2.4958989763779527
11
1.6439163779527559
21
2.5027310236220472
0
LINE
8
BLACK
6
CONTINUOUS
10
1.6439163779527559
20
2.5027310236220472
11
1.6439163779527559
21
2.5113777559055119
0
LINE
8
BLACK
6
CONTINUOUS
10
1.6439163779527559
20
2.5113777559055119
11
1.6422083464566928
21
2.5182098031496061
0
LINE
8
BLACK
6
CONTINUOUS
10
1.6422083464566928
20
2.5182098031496061
11
1.640692874015748
21
2.5212407874015748
0
LINE
8
BLACK
6
CONTINUOUS
10
1.640692874015748
20
2.5212407874015748
11
1.639495748031496
21
2.5224379133858266
0
LINE
8
BLACK
6
CONTINUOUS
10
1.639495748031496
20
2.5224379133858266
11
1.6367982677165354
21
2.5237866535433069
0
LINE
8
BLACK
6
CONTINUOUS
10
1.6367982677165354
20
2.5237866535433069
11
1.6344428346456692
21
2.5237866535433069
0
LINE
8
BLACK
6
CONTINUOUS
10
1.6344428346456692
20
2.5237866535433069
11
1.6317453543307086
21
2.5224379133858266
0
LINE
8
BLACK
6
CONTINUOUS
10
1.4430957480314961
20
2.5296354330708661
11
1.4431126771653544
21
2.5296284251968504
0
LINE
8
BLACK
6
CONTINUOUS
10
1.4431126771653544
20
2.5296284251968504
11
1.4431309842519684
21
2.5296281889763779
0
LINE
8
BLACK
6
CONTINUOUS
10
1.4431309842519684
20
2.5296281889763779
11
1.4436430314960629
21
2.5294087401574803
0
LINE
8
BLACK
6
CONTINUOUS
10
1.4436430314960629
20
2.5294087401574803
11
1.4441601574803149
21
2.5291945275590551
0
LINE
8
BLACK
6
CONTINUOUS
10
1.4441601574803149
20
2.5291945275590551
11
1.4441731102362205
21
2.5291815748031494
0
LINE
8
BLACK
6
CONTINUOUS
10
1.4441731102362205
20
2.5291815748031494
11
1.4441899606299213
21
2.5291743307086612
0
LINE
8
BLACK
6
CONTINUOUS
10
1.4441899606299213
20
2.5291743307086612
11
1.4445795275590552
21
2.528775157480315
0
LINE
8
BLACK
6
CONTINUOUS
10
1.4445795275590552
20
2.528775157480315
11
1.4449748031496064
21
2.5283798818897636
0
LINE
8
BLACK
6
CONTINUOUS
10
1.4449748031496064
20
2.5283798818897636
11
1.4449818110236221
21
2.5283629527559053
0
LINE
8
BLACK
6
CONTINUOUS
10
1.4449818110236221
20
2.5283629527559053
11
1.4449946456692913
21
2.5283498031496063
0
LINE
8
BLACK
6
CONTINUOUS
10
1.4449946456692913
20
2.5283498031496063
11
1.4452022440944881
21
2.5278308267716536
0
LINE
8
BLACK
6
CONTINUOUS
10
1.4452022440944881
20
2.5278308267716536
11
1.4454157086614172
21
2.5273154724409448
0
LINE
8
BLACK
6
CONTINUOUS
10
1.4454157086614172
20
2.5273154724409448
11
1.4454157086614172
21
2.5272971653543306
0
LINE
8
BLACK
6
CONTINUOUS
10
1.4454157086614172
20
2.5272971653543306
11
1.4454225196850394
21
2.527280118110236
0
LINE
8
BLACK
6
CONTINUOUS
10
1.4454225196850394
20
2.527280118110236
11
1.4454157086614172
21
2.5267218503937006
0
LINE
8
BLACK
6
CONTINUOUS
10
1.4454157086614172
20
2.5267218503937006
11
1.4454157086614172
21
2.526163346456693
0
LINE
8
BLACK
6
CONTINUOUS
10
1.4454157086614172
20
2.526163346456693
11
1.4454086614173227
21
2.5261464173228347
0
LINE
8
BLACK
6
CONTINUOUS
10
1.4454086614173227
20
2.5261464173228347
11
1.4454084645669292
21
2.5261280708661418
0
LINE
8
BLACK
6
CONTINUOUS
10
1.4454084645669292
20
2.5261280708661418
11
1.4452337007874014
21
2.5255762598425195
0
LINE
8
BLACK
6
CONTINUOUS
10
1.4452337007874014
20
2.5255762598425195
11
1.4283608267716534
21
2.4862061811023621
0
LINE
8
BLACK
6
CONTINUOUS
10
1.4283608267716534
20
2.4862061811023621
11
1.4280817716535432
21
2.4856990551181104
0
LINE
8
BLACK
6
CONTINUOUS
10
1.4280817716535432
20
2.4856990551181104
11
1.4272572047244094
21
2.4848943700787403
0
LINE
8
BLACK
6
CONTINUOUS
10
1.4272572047244094
20
2.4848943700787403
11
1.4261875196850393
21
2.4844664960629919
0
LINE
8
BLACK
6
CONTINUOUS
10
1.4261875196850393
20
2.4844664960629919
11
1.4250355118110236
21
2.4844805511811021
0
LINE
8
BLACK
6
CONTINUOUS
10
1.4250355118110236
20
2.4844805511811021
11
1.4239765354330709
21
2.4849343700787401
0
LINE
8
BLACK
6
CONTINUOUS
10
1.4239765354330709
20
2.4849343700787401
11
1.4231718503937008
21
2.4857589370078741
0
LINE
8
BLACK
6
CONTINUOUS
10
1.4231718503937008
20
2.4857589370078741
11
1.4227439763779528
21
2.486828622047244
0
LINE
8
BLACK
6
CONTINUOUS
10
1.4227439763779528
20
2.486828622047244
11
1.4227580314960631
21
2.4879806299212599
0
LINE
8
BLACK
6
CONTINUOUS
10
1.4227580314960631
20
2.4879806299212599
11
1.4229327952755906
21
2.4885324803149604
0
LINE
8
BLACK
6
CONTINUOUS
10
1.4229327952755906
20
2.4885324803149604
11
1.4380416929133859
21
2.5237866535433069
0
LINE
8
BLACK
6
CONTINUOUS
10
1.4380416929133859
20
2.5237866535433069
11
1.4162729921259842
21
2.5237866535433069
0
LINE
8
BLACK
6
CONTINUOUS
10
1.4162729921259842
20
2.5237866535433069
11
1.4156969291338581
21
2.5238433858267717
0
LINE
8
BLACK
6
CONTINUOUS
10
1.4156969291338581
20
2.5238433858267717
11
1.4146325196850393
21
2.5242842913385828
0
LINE
8
BLACK
6
CONTINUOUS
10
1.4146325196850393
20
2.5242842913385828
11
1.4138178740157481
21
2.5250989370078738
0
LINE
8
BLACK
6
CONTINUOUS
10
1.4138178740157481
20
2.5250989370078738
11
1.413376968503937
21
2.526163346456693
0
LINE
8
BLACK
6
CONTINUOUS
10
1.413376968503937
20
2.526163346456693
11
1.413376968503937
21
2.5273154724409448
0
LINE
8
BLACK
6
CONTINUOUS
10
1.413376968503937
20
2.5273154724409448
11
1.4138178740157481
21
2.5283798818897636
0
LINE
8
BLACK
6
CONTINUOUS
10
1.4138178740157481
20
2.5283798818897636
11
1.4146325196850393
21
2.5291945275590551
0
LINE
8
BLACK
6
CONTINUOUS
10
1.4146325196850393
20
2.5291945275590551
11
1.4156969291338581
21
2.5296354330708661
0
LINE
8
BLACK
6
CONTINUOUS
10
1.4156969291338581
20
2.5296354330708661
11
1.4162729921259842
21
2.5296921653543305
0
LINE
8
BLACK
6
CONTINUOUS
10
1.4162729921259842
20
2.5296921653543305
11
1.44251968503937
21
2.5296921653543305
0
LINE
8
BLACK
6
CONTINUOUS
10
1.44251968503937
20
2.5296921653543305
11
1.4430957480314961
21
2.5296354330708661
0
LINE
8
BLACK
6
CONTINUOUS
10
1.4959332677165353
20
2.4938724015748033
11
1.4966535826771654
21
2.4935740551181103
0
LINE
8
BLACK
6
CONTINUOUS
10
1.4966535826771654
20
2.4935740551181103
11
1.4966536220472442
21
2.4935740157480315
0
LINE
8
BLACK
6
CONTINUOUS
10
1.4966536220472442
20
2.4935740157480315
11
1.4971011023622047
21
2.4932067716535431
0
LINE
8
BLACK
6
CONTINUOUS
10
1.4971011023622047
20
2.4932067716535431
11
1.4989758267716535
21
2.4913320078740155
0
LINE
8
BLACK
6
CONTINUOUS
10
1.4989758267716535
20
2.4913320078740155
11
1.4993430708661417
21
2.490884527559055
0
LINE
8
BLACK
6
CONTINUOUS
10
1.4993430708661417
20
2.490884527559055
11
1.4997821259842519
21
2.4898244488188976
0
LINE
8
BLACK
6
CONTINUOUS
10
1.4997821259842519
20
2.4898244488188976
11
1.499783937007874
21
2.4898201181102362
0
LINE
8
BLACK
6
CONTINUOUS
10
1.499783937007874
20
2.4898201181102362
11
1.499783937007874
21
2.4886680314960627
0
LINE
8
BLACK
6
CONTINUOUS
10
1.499783937007874
20
2.4886680314960627
11
1.499343031496063
21
2.4876036220472439
0
LINE
8
BLACK
6
CONTINUOUS
10
1.499343031496063
20
2.4876036220472439
11
1.4989758267716535
21
2.4871561811023621
0
LINE
8
BLACK
6
CONTINUOUS
10
1.4989758267716535
20
2.4871561811023621
11
1.497101062992126
21
2.4852814173228346
0
LINE
8
BLACK
6
CONTINUOUS
10
1.497101062992126
20
2.4852814173228346
11
1.4966536220472442
21
2.4849142125984249
0
LINE
8
BLACK
6
CONTINUOUS
10
1.4966536220472442
20
2.4849142125984249
11
1.4955892125984251
21
2.4844733070866143
0
LINE
8
BLACK
6
CONTINUOUS
10
1.4955892125984251
20
2.4844733070866143
11
1.4955891732283464
21
2.4844733070866143
0
LINE
8
BLACK
6
CONTINUOUS
10
1.4955891732283464
20
2.4844733070866143
11
1.4944371259842519
21
2.4844733070866143
0
LINE
8
BLACK
6
CONTINUOUS
10
1.4944371259842519
20
2.4844733070866143
11
1.4944370866141732
21
2.4844733070866143
0
LINE
8
BLACK
6
CONTINUOUS
10
1.4944370866141732
20
2.4844733070866143
11
1.4933726771653544
21
2.4849142125984249
0
LINE
8
BLACK
6
CONTINUOUS
10
1.4933726771653544
20
2.4849142125984249
11
1.4929252362204724
21
2.4852814173228346
0
LINE
8
BLACK
6
CONTINUOUS
10
1.4929252362204724
20
2.4852814173228346
11
1.4910504724409448
21
2.4871561811023621
0
LINE
8
BLACK
6
CONTINUOUS
10
1.4910504724409448
20
2.4871561811023621
11
1.4906832677165354
21
2.4876036220472439
0
LINE
8
BLACK
6
CONTINUOUS
10
1.4906832677165354
20
2.4876036220472439
11
1.4905416929133859
21
2.4879453937007874
0
LINE
8
BLACK
6
CONTINUOUS
10
1.4905416929133859
20
2.4879453937007874
11
1.4902423622047243
21
2.4886680314960627
0
LINE
8
BLACK
6
CONTINUOUS
10
1.4902423622047243
20
2.4886680314960627
11
1.4902423622047243
21
2.4898201181102362
0
LINE
8
BLACK
6
CONTINUOUS
10
1.4902423622047243
20
2.4898201181102362
11
1.4906832283464566
21
2.490884527559055
0
LINE
8
BLACK
6
CONTINUOUS
10
1.4906832283464566
20
2.490884527559055
11
1.491050433070866
21
2.4913319685039368
0
LINE
8
BLACK
6
CONTINUOUS
10
1.491050433070866
20
2.4913319685039368
11
1.4929251968503936
21
2.4932067716535431
0
LINE
8
BLACK
6
CONTINUOUS
10
1.4929251968503936
20
2.4932067716535431
11
1.4933726771653544
21
2.4935740157480315
0
LINE
8
BLACK
6
CONTINUOUS
10
1.4933726771653544
20
2.4935740157480315
11
1.4933727165354331
21
2.4935740551181103
0
LINE
8
BLACK
6
CONTINUOUS
10
1.4933727165354331
20
2.4935740551181103
11
1.494093031496063
21
2.4938724015748033
0
LINE
8
BLACK
6
CONTINUOUS
10
1.494093031496063
20
2.4938724015748033
11
1.4944370866141732
21
2.4940149212598426
0
LINE
8
BLACK
6
CONTINUOUS
10
1.4944370866141732
20
2.4940149212598426
11
1.4955891732283464
21
2.4940149212598426
0
LINE
8
BLACK
6
CONTINUOUS
10
1.4955891732283464
20
2.4940149212598426
11
1.4955892125984251
21
2.4940149212598426
0
LINE
8
BLACK
6
CONTINUOUS
10
1.4955892125984251
20
2.4940149212598426
11
1.4959332677165353
21
2.4938724015748033
0
LINE
8
BLACK
6
CONTINUOUS
10
1.7055629527559055
20
2.5165120866141732
11
1.7056609448818898
21
2.5164714960629921
0
LINE
8
BLACK
6
CONTINUOUS
10
1.7056609448818898
20
2.5164714960629921
11
1.7057667716535432
21
2.5164639763779526
0
LINE
8
BLACK
6
CONTINUOUS
10
1.7057667716535432
20
2.5164639763779526
11
1.7063074015748032
21
2.5162570866141731
0
LINE
8
BLACK
6
CONTINUOUS
10
1.7063074015748032
20
2.5162570866141731
11
1.7100569291338583
21
2.5143823228346456
0
LINE
8
BLACK
6
CONTINUOUS
10
1.7100569291338583
20
2.5143823228346456
11
1.7101532677165354
21
2.5143216929133856
0
LINE
8
BLACK
6
CONTINUOUS
10
1.7101532677165354
20
2.5143216929133856
11
1.7101987007874015
21
2.5143065354330707
0
LINE
8
BLACK
6
CONTINUOUS
10
1.7101987007874015
20
2.5143065354330707
11
1.7102552362204724
21
2.5142575196850392
0
LINE
8
BLACK
6
CONTINUOUS
10
1.7102552362204724
20
2.5142575196850392
11
1.7105468110236219
21
2.5140739763779525
0
LINE
8
BLACK
6
CONTINUOUS
10
1.7105468110236219
20
2.5140739763779525
11
1.7106111811023621
21
2.5139997637795277
0
LINE
8
BLACK
6
CONTINUOUS
10
1.7106111811023621
20
2.5139997637795277
11
1.7106755511811023
21
2.5140739763779525
0
LINE
8
BLACK
6
CONTINUOUS
10
1.7106755511811023
20
2.5140739763779525
11
1.7109670866141733
21
2.5142575196850392
0
LINE
8
BLACK
6
CONTINUOUS
10
1.7109670866141733
20
2.5142575196850392
11
1.7110236614173229
21
2.5143065354330707
0
LINE
8
BLACK
6
CONTINUOUS
10
1.7110236614173229
20
2.5143065354330707
11
1.7110690551181102
21
2.5143216929133856
0
LINE
8
BLACK
6
CONTINUOUS
10
1.7110690551181102
20
2.5143216929133856
11
1.7111654330708661
21
2.5143823228346456
0
LINE
8
BLACK
6
CONTINUOUS
10
1.7111654330708661
20
2.5143823228346456
11
1.7149149606299212
21
2.5162570866141731
0
LINE
8
BLACK
6
CONTINUOUS
10
1.7149149606299212
20
2.5162570866141731
11
1.7154555511811023
21
2.5164639763779526
0
LINE
8
BLACK
6
CONTINUOUS
10
1.7154555511811023
20
2.5164639763779526
11
1.7155614173228346
21
2.5164715354330709
0
LINE
8
BLACK
6
CONTINUOUS
10
1.7155614173228346
20
2.5164715354330709
11
1.7156594094488189
21
2.5165120866141732
0
LINE
8
BLACK
6
CONTINUOUS
10
1.7156594094488189
20
2.5165120866141732
11
1.7162354724409448
21
2.5165688188976376
0
LINE
8
BLACK
6
CONTINUOUS
10
1.7162354724409448
20
2.5165688188976376
11
1.7218597637795274
21
2.5165688188976376
0
LINE
8
BLACK
6
CONTINUOUS
10
1.7218597637795274
20
2.5165688188976376
11
1.7224358267716535
21
2.5165120866141732
0
LINE
8
BLACK
6
CONTINUOUS
10
1.7224358267716535
20
2.5165120866141732
11
1.7225338188976378
21
2.5164714960629921
0
LINE
8
BLACK
6
CONTINUOUS
10
1.7225338188976378
20
2.5164714960629921
11
1.7226396456692914
21
2.5164639763779526
0
LINE
8
BLACK
6
CONTINUOUS
10
1.7226396456692914
20
2.5164639763779526
11
1.7231802755905512
21
2.5162570866141731
0
LINE
8
BLACK
6
CONTINUOUS
10
1.7231802755905512
20
2.5162570866141731
11
1.7269298425196851
21
2.5143823228346456
0
LINE
8
BLACK
6
CONTINUOUS
10
1.7269298425196851
20
2.5143823228346456
11
1.7270261417322834
21
2.5143216929133856
0
LINE
8
BLACK
6
CONTINUOUS
10
1.7270261417322834
20
2.5143216929133856
11
1.7270716141732283
21
2.5143065354330707
0
LINE
8
BLACK
6
CONTINUOUS
10
1.7270716141732283
20
2.5143065354330707
11
1.7271281889763779
21
2.5142574803149604
0
LINE
8
BLACK
6
CONTINUOUS
10
1.7271281889763779
20
2.5142574803149604
11
1.7274196850393699
21
2.5140739763779525
0
LINE
8
BLACK
6
CONTINUOUS
10
1.7274196850393699
20
2.5140739763779525
11
1.7276621653543307
21
2.51379437007874
0
LINE
8
BLACK
6
CONTINUOUS
10
1.7276621653543307
20
2.51379437007874
11
1.7279420078740158
21
2.5135516929133859
0
LINE
8
BLACK
6
CONTINUOUS
10
1.7279420078740158
20
2.5135516929133859
11
1.7281255118110235
21
2.5132601574803148
0
LINE
8
BLACK
6
CONTINUOUS
10
1.7281255118110235
20
2.5132601574803148
11
1.7281745669291337
21
2.5132035826771655
0
LINE
8
BLACK
6
CONTINUOUS
10
1.7281745669291337
20
2.5132035826771655
11
1.7281896850393701
21
2.5131581889763779
0
LINE
8
BLACK
6
CONTINUOUS
10
1.7281896850393701
20
2.5131581889763779
11
1.7282503543307086
21
2.513061811023622
0
LINE
8
BLACK
6
CONTINUOUS
10
1.7282503543307086
20
2.513061811023622
11
1.7301251181102362
21
2.5093122834645669
0
LINE
8
BLACK
6
CONTINUOUS
10
1.7301251181102362
20
2.5093122834645669
11
1.7303320078740156
21
2.5087716929133856
0
LINE
8
BLACK
6
CONTINUOUS
10
1.7303320078740156
20
2.5087716929133856
11
1.7303395275590552
21
2.5086658267716535
0
LINE
8
BLACK
6
CONTINUOUS
10
1.7303395275590552
20
2.5086658267716535
11
1.7303801181102363
21
2.5085678346456692
0
LINE
8
BLACK
6
CONTINUOUS
10
1.7303801181102363
20
2.5085678346456692
11
1.7304368503937007
21
2.5079917716535434
0
LINE
8
BLACK
6
CONTINUOUS
10
1.7304368503937007
20
2.5079917716535434
11
1.7304368503937007
21
2.4873693307086615
0
LINE
8
BLACK
6
CONTINUOUS
10
1.7304368503937007
20
2.4873693307086615
11
1.7303801181102363
21
2.4867932677165352
0
LINE
8
BLACK
6
CONTINUOUS
10
1.7303801181102363
20
2.4867932677165352
11
1.7299392125984252
21
2.4857288582677164
0
LINE
8
BLACK
6
CONTINUOUS
10
1.7299392125984252
20
2.4857288582677164
11
1.7291245669291337
21
2.4849142125984249
0
LINE
8
BLACK
6
CONTINUOUS
10
1.7291245669291337
20
2.4849142125984249
11
1.7280601574803149
21
2.4844733070866143
0
LINE
8
BLACK
6
CONTINUOUS
10
1.7280601574803149
20
2.4844733070866143
11
1.726908031496063
21
2.4844733070866143
0
LINE
8
BLACK
6
CONTINUOUS
10
1.726908031496063
20
2.4844733070866143
11
1.725843622047244
21
2.4849142125984249
0
LINE
8
BLACK
6
CONTINUOUS
10
1.725843622047244
20
2.4849142125984249
11
1.7250289763779527
21
2.4857288582677164
0
LINE
8
BLACK
6
CONTINUOUS
10
1.7250289763779527
20
2.4857288582677164
11
1.7245880708661416
21
2.4867932677165352
0
LINE
8
BLACK
6
CONTINUOUS
10
1.7245880708661416
20
2.4867932677165352
11
1.724531338582677
21
2.4873693307086615
0
LINE
8
BLACK
6
CONTINUOUS
10
1.724531338582677
20
2.4873693307086615
11
1.724531338582677
21
2.5072947244094488
0
LINE
8
BLACK
6
CONTINUOUS
10
1.724531338582677
20
2.5072947244094488
11
1.7234084645669292
21
2.5095404724409449
0
LINE
8
BLACK
6
CONTINUOUS
10
1.7234084645669292
20
2.5095404724409449
11
1.7211627165354331
21
2.510663307086614
0
LINE
8
BLACK
6
CONTINUOUS
10
1.7211627165354331
20
2.510663307086614
11
1.7169325196850393
21
2.510663307086614
0
LINE
8
BLACK
6
CONTINUOUS
10
1.7169325196850393
20
2.510663307086614
11
1.7146867716535432
21
2.5095404724409449
0
LINE
8
BLACK
6
CONTINUOUS
10
1.7146867716535432
20
2.5095404724409449
11
1.7135639370078739
21
2.5072947244094488
0
LINE
8
BLACK
6
CONTINUOUS
10
1.7135639370078739
20
2.5072947244094488
11
1.7135639370078739
21
2.4873693307086615
0
LINE
8
BLACK
6
CONTINUOUS
10
1.7135639370078739
20
2.4873693307086615
11
1.7135072047244093
21
2.4867932677165352
0
LINE
8
BLACK
6
CONTINUOUS
10
1.7135072047244093
20
2.4867932677165352
11
1.7130662992125985
21
2.4857288582677164
0
LINE
8
BLACK
6
CONTINUOUS
10
1.7130662992125985
20
2.4857288582677164
11
1.712251653543307
21
2.4849142125984249
0
LINE
8
BLACK
6
CONTINUOUS
10
1.712251653543307
20
2.4849142125984249
11
1.7111872440944882
21
2.4844733070866143
0
LINE
8
BLACK
6
CONTINUOUS
10
1.7111872440944882
20
2.4844733070866143
11
1.7100351181102362
21
2.4844733070866143
0
LINE
8
BLACK
6
CONTINUOUS
10
1.7100351181102362
20
2.4844733070866143
11
1.7089707086614172
21
2.4849142125984249
0
LINE
8
BLACK
6
CONTINUOUS
10
1.7089707086614172
20
2.4849142125984249
11
1.708156062992126
21
2.4857288582677164
0
LINE
8
BLACK
6
CONTINUOUS
10
1.708156062992126
20
2.4857288582677164
11
1.7077151574803149
21
2.4867932677165352
0
LINE
8
BLACK
6
CONTINUOUS
10
1.7077151574803149
20
2.4867932677165352
11
1.7076584251968503
21
2.4873693307086615
0
LINE
8
BLACK
6
CONTINUOUS
10
1.7076584251968503
20
2.4873693307086615
11
1.7076584251968503
21
2.5072947244094488
0
LINE
8
BLACK
6
CONTINUOUS
10
1.7076584251968503
20
2.5072947244094488
11
1.7065355511811022
21
2.5095404724409449
0
LINE
8
BLACK
6
CONTINUOUS
10
1.7065355511811022
20
2.5095404724409449
11
1.7042898425196851
21
2.510663307086614
0
LINE
8
BLACK
6
CONTINUOUS
10
1.7042898425196851
20
2.510663307086614
11
1.7000596456692914
21
2.510663307086614
0
LINE
8
BLACK
6
CONTINUOUS
10
1.7000596456692914
20
2.510663307086614
11
1.6973621653543307
21
2.5093145669291337
0
LINE
8
BLACK
6
CONTINUOUS
10
1.6973621653543307
20
2.5093145669291337
11
1.6966910629921259
21
2.5086434645669291
0
LINE
8
BLACK
6
CONTINUOUS
10
1.6966910629921259
20
2.5086434645669291
11
1.6966910629921259
21
2.4873693307086615
0
LINE
8
BLACK
6
CONTINUOUS
10
1.6966910629921259
20
2.4873693307086615
11
1.6966343307086613
21
2.4867932677165352
0
LINE
8
BLACK
6
CONTINUOUS
10
1.6966343307086613
20
2.4867932677165352
11
1.6961934251968505
21
2.4857288582677164
0
LINE
8
BLACK
6
CONTINUOUS
10
1.6961934251968505
20
2.4857288582677164
11
1.695378779527559
21
2.4849142125984249
0
LINE
8
BLACK
6
CONTINUOUS
10
1.695378779527559
20
2.4849142125984249
11
1.6943143700787402
21
2.4844733070866143
0
LINE
8
BLACK
6
CONTINUOUS
10
1.6943143700787402
20
2.4844733070866143
11
1.6931622440944882
21
2.4844733070866143
0
LINE
8
BLACK
6
CONTINUOUS
10
1.6931622440944882
20
2.4844733070866143
11
1.6920978346456692
21
2.4849142125984249
0
LINE
8
BLACK
6
CONTINUOUS
10
1.6920978346456692
20
2.4849142125984249
11
1.691283188976378
21
2.4857288582677164
0
LINE
8
BLACK
6
CONTINUOUS
10
1.691283188976378
20
2.4857288582677164
11
1.6908422834645669
21
2.4867932677165352
0
LINE
8
BLACK
6
CONTINUOUS
10
1.6908422834645669
20
2.4867932677165352
11
1.6907855511811023
21
2.4873693307086615
0
LINE
8
BLACK
6
CONTINUOUS
10
1.6907855511811023
20
2.4873693307086615
11
1.6907855511811023
21
2.513616062992126
0
LINE
8
BLACK
6
CONTINUOUS
10
1.6907855511811023
20
2.513616062992126
11
1.6908422834645669
21
2.5141921259842519
0
LINE
8
BLACK
6
CONTINUOUS
10
1.6908422834645669
20
2.5141921259842519
11
1.691283188976378
21
2.5152565354330707
0
LINE
8
BLACK
6
CONTINUOUS
10
1.691283188976378
20
2.5152565354330707
11
1.6920978346456692
21
2.5160711811023622
0
LINE
8
BLACK
6
CONTINUOUS
10
1.6920978346456692
20
2.5160711811023622
11
1.6931622440944882
21
2.5165120866141732
0
LINE
8
BLACK
6
CONTINUOUS
10
1.6931622440944882
20
2.5165120866141732
11
1.6943143700787402
21
2.5165120866141732
0
LINE
8
BLACK
6
CONTINUOUS
10
1.6943143700787402
20
2.5165120866141732
11
1.695378779527559
21
2.5160711811023622
0
LINE
8
BLACK
6
CONTINUOUS
10
1.695378779527559
20
2.5160711811023622
11
1.6961425984251968
21
2.5153073622047244
0
LINE
8
BLACK
6
CONTINUOUS
10
1.6961425984251968
20
2.5153073622047244
11
1.6980420866141732
21
2.5162570866141731
0
LINE
8
BLACK
6
CONTINUOUS
10
1.6980420866141732
20
2.5162570866141731
11
1.6985826771653543
21
2.5164639763779526
0
LINE
8
BLACK
6
CONTINUOUS
10
1.6985826771653543
20
2.5164639763779526
11
1.6986885433070866
21
2.5164715354330709
0
LINE
8
BLACK
6
CONTINUOUS
10
1.6986885433070866
20
2.5164715354330709
11
1.6987865354330709
21
2.5165120866141732
0
LINE
8
BLACK
6
CONTINUOUS
10
1.6987865354330709
20
2.5165120866141732
11
1.6993625984251968
21
2.5165688188976376
0
LINE
8
BLACK
6
CONTINUOUS
10
1.6993625984251968
20
2.5165688188976376
11
1.7049868897637794
21
2.5165688188976376
0
LINE
8
BLACK
6
CONTINUOUS
10
1.7049868897637794
20
2.5165688188976376
11
1.7055629527559055
21
2.5165120866141732
0
LINE
8
BLACK
6
CONTINUOUS
10
1.7580563779527558
20
2.5165120866141732
11
1.7581543700787401
21
2.5164714960629921
0
LINE
8
BLACK
6
CONTINUOUS
10
1.7581543700787401
20
2.5164714960629921
11
1.7582601968503937
21
2.5164639763779526
0
LINE
8
BLACK
6
CONTINUOUS
10
1.7582601968503937
20
2.5164639763779526
11
1.7588008267716535
21
2.5162570866141731
0
LINE
8
BLACK
6
CONTINUOUS
10
1.7588008267716535
20
2.5162570866141731
11
1.7625503543307086
21
2.5143823228346456
0
LINE
8
BLACK
6
CONTINUOUS
10
1.7625503543307086
20
2.5143823228346456
11
1.7626466929133857
21
2.5143216929133856
0
LINE
8
BLACK
6
CONTINUOUS
10
1.7626466929133857
20
2.5143216929133856
11
1.7626921259842518
21
2.5143065354330707
0
LINE
8
BLACK
6
CONTINUOUS
10
1.7626921259842518
20
2.5143065354330707
11
1.7627486614173229
21
2.5142575196850392
0
LINE
8
BLACK
6
CONTINUOUS
10
1.7627486614173229
20
2.5142575196850392
11
1.7630402362204725
21
2.5140739763779525
0
LINE
8
BLACK
6
CONTINUOUS
10
1.7630402362204725
20
2.5140739763779525
11
1.7631046062992126
21
2.5139997637795277
0
LINE
8
BLACK
6
CONTINUOUS
10
1.7631046062992126
20
2.5139997637795277
11
1.7631689763779528
21
2.5140739763779525
0
LINE
8
BLACK
6
CONTINUOUS
10
1.7631689763779528
20
2.5140739763779525
11
1.7634605118110236
21
2.5142575196850392
0
LINE
8
BLACK
6
CONTINUOUS
10
1.7634605118110236
20
2.5142575196850392
11
1.7635170866141732
21
2.5143065354330707
0
LINE
8
BLACK
6
CONTINUOUS
10
1.7635170866141732
20
2.5143065354330707
11
1.7635624803149605
21
2.5143216929133856
0
LINE
8
BLACK
6
CONTINUOUS
10
1.7635624803149605
20
2.5143216929133856
11
1.7636588582677164
21
2.5143823228346456
0
LINE
8
BLACK
6
CONTINUOUS
10
1.7636588582677164
20
2.5143823228346456
11
1.7674083858267715
21
2.5162570866141731
0
LINE
8
BLACK
6
CONTINUOUS
10
1.7674083858267715
20
2.5162570866141731
11
1.7679489763779528
21
2.5164639763779526
0
LINE
8
BLACK
6
CONTINUOUS
10
1.7679489763779528
20
2.5164639763779526
11
1.7680548425196849
21
2.5164715354330709
0
LINE
8
BLACK
6
CONTINUOUS
10
1.7680548425196849
20
2.5164715354330709
11
1.7681528346456692
21
2.5165120866141732
0
LINE
8
BLACK
6
CONTINUOUS
10
1.7681528346456692
20
2.5165120866141732
11
1.7687288976377953
21
2.5165688188976376
0
LINE
8
BLACK
6
CONTINUOUS
10
1.7687288976377953
20
2.5165688188976376
11
1.7743531889763779
21
2.5165688188976376
0
LINE
8
BLACK
6
CONTINUOUS
10
1.7743531889763779
20
2.5165688188976376
11
1.7749292519685038
21
2.5165120866141732
0
LINE
8
BLACK
6
CONTINUOUS
10
1.7749292519685038
20
2.5165120866141732
11
1.7750272440944881
21
2.5164714960629921
0
LINE
8
BLACK
6
CONTINUOUS
10
1.7750272440944881
20
2.5164714960629921
11
1.7751330708661417
21
2.5164639763779526
0
LINE
8
BLACK
6
CONTINUOUS
10
1.7751330708661417
20
2.5164639763779526
11
1.7756737007874015
21
2.5162570866141731
0
LINE
8
BLACK
6
CONTINUOUS
10
1.7756737007874015
20
2.5162570866141731
11
1.7794232677165354
21
2.5143823228346456
0
LINE
8
BLACK
6
CONTINUOUS
10
1.7794232677165354
20
2.5143823228346456
11
1.7795195669291337
21
2.5143216929133856
0
LINE
8
BLACK
6
CONTINUOUS
10
1.7795195669291337
20
2.5143216929133856
11
1.7795650393700786
21
2.5143065354330707
0
LINE
8
BLACK
6
CONTINUOUS
10
1.7795650393700786
20
2.5143065354330707
11
1.7796216141732284
21
2.5142574803149604
0
LINE
8
BLACK
6
CONTINUOUS
10
1.7796216141732284
20
2.5142574803149604
11
1.7799131102362205
21
2.5140739763779525
0
LINE
8
BLACK
6
CONTINUOUS
10
1.7799131102362205
20
2.5140739763779525
11
1.780155590551181
21
2.51379437007874
0
LINE
8
BLACK
6
CONTINUOUS
10
1.780155590551181
20
2.51379437007874
11
1.780435433070866
21
2.5135516929133859
0
LINE
8
BLACK
6
CONTINUOUS
10
1.780435433070866
20
2.5135516929133859
11
1.780618937007874
21
2.5132601574803148
0
LINE
8
BLACK
6
CONTINUOUS
10
1.780618937007874
20
2.5132601574803148
11
1.7806679921259843
21
2.5132035826771655
0
LINE
8
BLACK
6
CONTINUOUS
10
1.7806679921259843
20
2.5132035826771655
11
1.7806831102362204
21
2.5131581889763779
0
LINE
8
BLACK
6
CONTINUOUS
10
1.7806831102362204
20
2.5131581889763779
11
1.7807437795275589
21
2.513061811023622
0
LINE
8
BLACK
6
CONTINUOUS
10
1.7807437795275589
20
2.513061811023622
11
1.7826185433070865
21
2.5093122834645669
0
LINE
8
BLACK
6
CONTINUOUS
10
1.7826185433070865
20
2.5093122834645669
11
1.7828254330708662
21
2.5087716929133856
0
LINE
8
BLACK
6
CONTINUOUS
10
1.7828254330708662
20
2.5087716929133856
11
1.7828329527559055
21
2.5086658267716535
0
LINE
8
BLACK
6
CONTINUOUS
10
1.7828329527559055
20
2.5086658267716535
11
1.7828735433070866
21
2.5085678346456692
0
LINE
8
BLACK
6
CONTINUOUS
10
1.7828735433070866
20
2.5085678346456692
11
1.7829302755905512
21
2.5079917716535434
0
LINE
8
BLACK
6
CONTINUOUS
10
1.7829302755905512
20
2.5079917716535434
11
1.7829302755905512
21
2.4873693307086615
0
LINE
8
BLACK
6
CONTINUOUS
10
1.7829302755905512
20
2.4873693307086615
11
1.7828735433070866
21
2.4867932677165352
0
LINE
8
BLACK
6
CONTINUOUS
10
1.7828735433070866
20
2.4867932677165352
11
1.7824326377952755
21
2.4857288582677164
0
LINE
8
BLACK
6
CONTINUOUS
10
1.7824326377952755
20
2.4857288582677164
11
1.7816179921259843
21
2.4849142125984249
0
LINE
8
BLACK
6
CONTINUOUS
10
1.7816179921259843
20
2.4849142125984249
11
1.7805535826771652
21
2.4844733070866143
0
LINE
8
BLACK
6
CONTINUOUS
10
1.7805535826771652
20
2.4844733070866143
11
1.7794014566929133
21
2.4844733070866143
0
LINE
8
BLACK
6
CONTINUOUS
10
1.7794014566929133
20
2.4844733070866143
11
1.7783370472440945
21
2.4849142125984249
0
LINE
8
BLACK
6
CONTINUOUS
10
1.7783370472440945
20
2.4849142125984249
11
1.777522401574803
21
2.4857288582677164
0
LINE
8
BLACK
6
CONTINUOUS
10
1.777522401574803
20
2.4857288582677164
11
1.7770814960629921
21
2.4867932677165352
0
LINE
8
BLACK
6
CONTINUOUS
10
1.7770814960629921
20
2.4867932677165352
11
1.7770247637795276
21
2.4873693307086615
0
LINE
8
BLACK
6
CONTINUOUS
10
1.7770247637795276
20
2.4873693307086615
11
1.7770247637795276
21
2.5072947244094488
0
LINE
8
BLACK
6
CONTINUOUS
10
1.7770247637795276
20
2.5072947244094488
11
1.7759018897637795
21
2.5095404724409449
0
LINE
8
BLACK
6
CONTINUOUS
10
1.7759018897637795
20
2.5095404724409449
11
1.7736561417322834
21
2.510663307086614
0
LINE
8
BLACK
6
CONTINUOUS
10
1.7736561417322834
20
2.510663307086614
11
1.7694259448818896
21
2.510663307086614
0
LINE
8
BLACK
6
CONTINUOUS
10
1.7694259448818896
20
2.510663307086614
11
1.7671801968503937
21
2.5095404724409449
0
LINE
8
BLACK
6
CONTINUOUS
10
1.7671801968503937
20
2.5095404724409449
11
1.7660573622047244
21
2.5072947244094488
0
LINE
8
BLACK
6
CONTINUOUS
10
1.7660573622047244
20
2.5072947244094488
11
1.7660573622047244
21
2.4873693307086615
0
LINE
8
BLACK
6
CONTINUOUS
10
1.7660573622047244
20
2.4873693307086615
11
1.7660006299212598
21
2.4867932677165352
0
LINE
8
BLACK
6
CONTINUOUS
10
1.7660006299212598
20
2.4867932677165352
11
1.7655597244094487
21
2.4857288582677164
0
LINE
8
BLACK
6
CONTINUOUS
10
1.7655597244094487
20
2.4857288582677164
11
1.7647450787401575
21
2.4849142125984249
0
LINE
8
BLACK
6
CONTINUOUS
10
1.7647450787401575
20
2.4849142125984249
11
1.7636806692913385
21
2.4844733070866143
0
LINE
8
BLACK
6
CONTINUOUS
10
1.7636806692913385
20
2.4844733070866143
11
1.7625285433070865
21
2.4844733070866143
0
LINE
8
BLACK
6
CONTINUOUS
10
1.7625285433070865
20
2.4844733070866143
11
1.7614641338582677
21
2.4849142125984249
0
LINE
8
BLACK
6
CONTINUOUS
10
1.7614641338582677
20
2.4849142125984249
11
1.7606494881889763
21
2.4857288582677164
0
LINE
8
BLACK
6
CONTINUOUS
10
1.7606494881889763
20
2.4857288582677164
11
1.7602085826771654
21
2.4867932677165352
0
LINE
8
BLACK
6
CONTINUOUS
10
1.7602085826771654
20
2.4867932677165352
11
1.7601518503937008
21
2.4873693307086615
0
LINE
8
BLACK
6
CONTINUOUS
10
1.7601518503937008
20
2.4873693307086615
11
1.7601518503937008
21
2.5072947244094488
0
LINE
8
BLACK
6
CONTINUOUS
10
1.7601518503937008
20
2.5072947244094488
11
1.7590289763779527
21
2.5095404724409449
0
LINE
8
BLACK
6
CONTINUOUS
10
1.7590289763779527
20
2.5095404724409449
11
1.7567832677165354
21
2.510663307086614
0
LINE
8
BLACK
6
CONTINUOUS
10
1.7567832677165354
20
2.510663307086614
11
1.7525530708661416
21
2.510663307086614
0
LINE
8
BLACK
6
CONTINUOUS
10
1.7525530708661416
20
2.510663307086614
11
1.749855590551181
21
2.5093145669291337
0
LINE
8
BLACK
6
CONTINUOUS
10
1.749855590551181
20
2.5093145669291337
11
1.7491844881889764
21
2.5086434645669291
0
LINE
8
BLACK
6
CONTINUOUS
10
1.7491844881889764
20
2.5086434645669291
11
1.7491844881889764
21
2.4873693307086615
0
LINE
8
BLACK
6
CONTINUOUS
10
1.7491844881889764
20
2.4873693307086615
11
1.7491277559055118
21
2.4867932677165352
0
LINE
8
BLACK
6
CONTINUOUS
10
1.7491277559055118
20
2.4867932677165352
11
1.7486868503937008
21
2.4857288582677164
0
LINE
8
BLACK
6
CONTINUOUS
10
1.7486868503937008
20
2.4857288582677164
11
1.7478722047244095
21
2.4849142125984249
0
LINE
8
BLACK
6
CONTINUOUS
10
1.7478722047244095
20
2.4849142125984249
11
1.7468077952755905
21
2.4844733070866143
0
LINE
8
BLACK
6
CONTINUOUS
10
1.7468077952755905
20
2.4844733070866143
11
1.7456556692913385
21
2.4844733070866143
0
LINE
8
BLACK
6
CONTINUOUS
10
1.7456556692913385
20
2.4844733070866143
11
1.7445912598425197
21
2.4849142125984249
0
LINE
8
BLACK
6
CONTINUOUS
10
1.7445912598425197
20
2.4849142125984249
11
1.7437766141732283
21
2.4857288582677164
0
LINE
8
BLACK
6
CONTINUOUS
10
1.7437766141732283
20
2.4857288582677164
11
1.7433357086614172
21
2.4867932677165352
0
LINE
8
BLACK
6
CONTINUOUS
10
1.7433357086614172
20
2.4867932677165352
11
1.7432789763779528
21
2.4873693307086615
0
LINE
8
BLACK
6
CONTINUOUS
10
1.7432789763779528
20
2.4873693307086615
11
1.7432789763779528
21
2.513616062992126
0
LINE
8
BLACK
6
CONTINUOUS
10
1.7432789763779528
20
2.513616062992126
11
1.7433357086614172
21
2.5141921259842519
0
LINE
8
BLACK
6
CONTINUOUS
10
1.7433357086614172
20
2.5141921259842519
11
1.7437766141732283
21
2.5152565354330707
0
LINE
8
BLACK
6
CONTINUOUS
10
1.7437766141732283
20
2.5152565354330707
11
1.7445912598425197
21
2.5160711811023622
0
LINE
8
BLACK
6
CONTINUOUS
10
1.7445912598425197
20
2.5160711811023622
11
1.7456556692913385
21
2.5165120866141732
0
LINE
8
BLACK
6
CONTINUOUS
10
1.7456556692913385
20
2.5165120866141732
11
1.7468077952755905
21
2.5165120866141732
0
LINE
8
BLACK
6
CONTINUOUS
10
1.7468077952755905
20
2.5165120866141732
11
1.7478722047244095
21
2.5160711811023622
0
LINE
8
BLACK
6
CONTINUOUS
10
1.7478722047244095
20
2.5160711811023622
11
1.7486360236220473
21
2.5153073622047244
0
LINE
8
BLACK
6
CONTINUOUS
10
1.7486360236220473
20
2.5153073622047244
11
1.7505355118110235
21
2.5162570866141731
0
LINE
8
BLACK
6
CONTINUOUS
10
1.7505355118110235
20
2.5162570866141731
11
1.7510761023622048
21
2.5164639763779526
0
LINE
8
BLACK
6
CONTINUOUS
10
1.7510761023622048
20
2.5164639763779526
11
1.7511819685039369
21
2.5164715354330709
0
LINE
8
BLACK
6
CONTINUOUS
10
1.7511819685039369
20
2.5164715354330709
11
1.7512799606299212
21
2.5165120866141732
0
LINE
8
BLACK
6
CONTINUOUS
10
1.7512799606299212
20
2.5165120866141732
11
1.7518560236220473
21
2.5165688188976376
0
LINE
8
BLACK
6
CONTINUOUS
10
1.7518560236220473
20
2.5165688188976376
11
1.75748031496063
21
2.5165688188976376
0
LINE
8
BLACK
6
CONTINUOUS
10
1.75748031496063
20
2.5165688188976376
11
1.7580563779527558
21
2.5165120866141732
0
CIRCLE
8
BLACK
10
2.7999999999999998
20
2.
40
0.0068897637795276
0
CIRCLE
8
BLACK
10
0.4
20
0.4
40
0.0068897637795276
0
CIRCLE
8
BLACK
10
2.7999999999999998
20
0.4
40
0.0068897637795276
0
CIRCLE
8
BLACK
10
0.4
20
2.
40
0.0068897637795276
0
CIRCLE
8
BLACK
10
0.9111811023622047
20
2.0727874015748031
40
0.0068897637795276
0
CIRCLE
8
BLACK
10
0.9111811023622047
20
1.972787401574803
40
0.0068897637795276
0
CIRCLE
8
BLACK
10
1.0111811023622046
20
2.0727874015748031
40
0.0068897637795276
0
CIRCLE
8
BLACK
10
1.0111811023622046
20
1.972787401574803
40
0.0068897637795276
0
CIRCLE
8
BLACK
10
1.1111811023622047
20
2.0727874015748031
40
0.0068897637795276
0
CIRCLE
8
BLACK
10
1.1111811023622047
20
1.972787401574803
40
0.0068897637795276
0
CIRCLE
8
BLACK
10
1.2111811023622048
20
2.0727874015748031
40
0.0068897637795276
0
CIRCLE
8
BLACK
10
1.2111811023622048
20
1.972787401574803
40
0.0068897637795276
0
CIRCLE
8
BLACK
10
1.3111811023622046
20
2.0727874015748031
40
0.0068897637795276
0
CIRCLE
8
BLACK
10
1.3111811023622046
20
1.972787401574803
40
0.0068897637795276
0
CIRCLE
8
BLACK
10
1.4111811023622047
20
2.0727874015748031
40
0.0068897637795276
0
CIRCLE
8
BLACK
10
1.4111811023622047
20
1.972787401574803
40
0.0068897637795276
0
CIRCLE
8
BLACK
10
1.5111811023622046
20
2.0727874015748031
40
0.0068897637795276
0
CIRCLE
8
BLACK
10
1.5111811023622046
20
1.972787401574803
40
0.0068897637795276
0
CIRCLE
8
BLACK
10
1.6111811023622047
20
2.0727874015748031
40
0.0068897637795276
0
CIRCLE
8
BLACK
10
1.6111811023622047
20
1.972787401574803
40
0.0068897637795276
0
CIRCLE
8
BLACK
10
1.7111811023622048
20
2.0727874015748031
40
0.0068897637795276
0
CIRCLE
8
BLACK
10
1.7111811023622048
20
1.972787401574803
40
0.0068897637795276
0
CIRCLE
8
BLACK
10
1.8111811023622046
20
2.0727874015748031
40
0.0068897637795276
0
CIRCLE
8
BLACK
10
1.8111811023622046
20
1.972787401574803
40
0.0068897637795276
0
CIRCLE
8
BLACK
10
1.9111811023622047
20
2.0727874015748031
40
0.0068897637795276
0
CIRCLE
8
BLACK
10
1.9111811023622047
20
1.972787401574803
40
0.0068897637795276
0
CIRCLE
8
BLACK
10
2.0111811023622046
20
2.0727874015748031
40
0.0068897637795276
0
CIRCLE
8
BLACK
10
2.0111811023622046
20
1.972787401574803
40
0.0068897637795276
0
CIRCLE
8
BLACK
10
2.1111811023622047
20
2.0727874015748031
40
0.0068897637795276
0
CIRCLE
8
BLACK
10
2.1111811023622047
20
1.972787401574803
40
0.0068897637795276
0
CIRCLE
8
BLACK
10
2.2111811023622048
20
2.0727874015748031
40
0.0068897637795276
0
CIRCLE
8
BLACK
10
2.2111811023622048
20
1.972787401574803
40
0.0068897637795276
0
CIRCLE
8
BLACK
10
2.3111811023622049
20
2.0727874015748031
40
0.0068897637795276
0
CIRCLE
8
BLACK
10
2.3111811023622049
20
1.972787401574803
40
0.0068897637795276
0
CIRCLE
8
BLACK
10
2.7999999999999998
20
2.
40
0.0068897637795276
0
CIRCLE
8
BLACK
10
0.4
20
0.4
40
0.0068897637795276
0
CIRCLE
8
BLACK
10
2.7999999999999998
20
0.4
40
0.0068897637795276
0
CIRCLE
8
BLACK
10
0.4
20
2.
40
0.0068897637795276
0
CIRCLE
8
BLACK
10
0.9111811023622047
20
2.0727874015748031
40
0.0068897637795276
0
CIRCLE
8
BLACK
10
0.9111811023622047
20
1.972787401574803
40
0.0068897637795276
0
CIRCLE
8
BLACK
10
1.0111811023622046
20
2.0727874015748031
40
0.0068897637795276
0
CIRCLE
8
BLACK
10
1.0111811023622046
20
1.972787401574803
40
0.0068897637795276
0
CIRCLE
8
BLACK
10
1.1111811023622047
20
2.0727874015748031
40
0.0068897637795276
0
CIRCLE
8
BLACK
10
1.1111811023622047
20
1.972787401574803
40
0.0068897637795276
0
CIRCLE
8
BLACK
10
1.2111811023622048
20
2.0727874015748031
40
0.0068897637795276
0
CIRCLE
8
BLACK
10
1.2111811023622048
20
1.972787401574803
40
0.0068897637795276
0
CIRCLE
8
BLACK
10
1.3111811023622046
20
2.0727874015748031
40
0.0068897637795276
0
CIRCLE
8
BLACK
10
1.3111811023622046
20
1.972787401574803
40
0.0068897637795276
0
CIRCLE
8
BLACK
10
1.4111811023622047
20
2.0727874015748031
40
0.0068897637795276
0
CIRCLE
8
BLACK
10
1.4111811023622047
20
1.972787401574803
40
0.0068897637795276
0
CIRCLE
8
BLACK
10
1.5111811023622046
20
2.0727874015748031
40
0.0068897637795276
0
CIRCLE
8
BLACK
10
1.5111811023622046
20
1.972787401574803
40
0.0068897637795276
0
CIRCLE
8
BLACK
10
1.6111811023622047
20
2.0727874015748031
40
0.0068897637795276
0
CIRCLE
8
BLACK
10
1.6111811023622047
20
1.972787401574803
40
0.0068897637795276
0
CIRCLE
8
BLACK
10
1.7111811023622048
20
2.0727874015748031
40
0.0068897637795276
0
CIRCLE
8
BLACK
10
1.7111811023622048
20
1.972787401574803
40
0.0068897637795276
0
CIRCLE
8
BLACK
10
1.8111811023622046
20
2.0727874015748031
40
0.0068897637795276
0
CIRCLE
8
BLACK
10
1.8111811023622046
20
1.972787401574803
40
0.0068897637795276
0
CIRCLE
8
BLACK
10
1.9111811023622047
20
2.0727874015748031
40
0.0068897637795276
0
CIRCLE
8
BLACK
10
1.9111811023622047
20
1.972787401574803
40
0.0068897637795276
0
CIRCLE
8
BLACK
10
2.0111811023622046
20
2.0727874015748031
40
0.0068897637795276
0
CIRCLE
8
BLACK
10
2.0111811023622046
20
1.972787401574803
40
0.0068897637795276
0
CIRCLE
8
BLACK
10
2.1111811023622047
20
2.0727874015748031
40
0.0068897637795276
0
CIRCLE
8
BLACK
10
2.1111811023622047
20
1.972787401574803
40
0.0068897637795276
0
CIRCLE
8
BLACK
10
2.2111811023622048
20
2.0727874015748031
40
0.0068897637795276
0
CIRCLE
8
BLACK
10
2.2111811023622048
20
1.972787401574803
40
0.0068897637795276
0
CIRCLE
8
BLACK
10
2.3111811023622049
20
2.0727874015748031
40
0.0068897637795276
0
CIRCLE
8
BLACK
10
2.3111811023622049
20
1.972787401574803
40
0.0068897637795276
  0
ENDSEC
  0
EOF
