  0
SECTION
  2
HEADER
  9
$ANGBASE
  50
0.0
  9
$ANGDIR
  70
1
  9
$MEASUREMENT
  70
0
  0
ENDSEC
  0
SECTION
  2
TABLES
  0
TABLE
  2
LTYPE
  70
4
  0
LTYPE
  5
40F
  2
CONTINUOUS
  70
0
  3
Solid line
  72
65
  73
0
  40
0.0
  0
LTYPE
  5
410
  2
DASHDOT
 70
0
  3
Dash Dot ____ _ ____ _
 72
65
 73
4
 40
2.0
 49
1.25
 49
-0.25
 49
0.25
 49
-0.25
  0
LTYPE
  5
411
  2
DASHED
 70
0
  3
Dashed __ __ __ __ __
 72
65
 73
2
 40
0.75
 49
0.5
 49
-0.25
  0
LTYPE
  5
43B
  2
DOTTED
 70
0
  3
Dotted .  .  .  .
 72
65
 73
2
 40
0.2
 49
0.0
 49
-0.2
  0
ENDTAB
  0
TABLE
  2
STYLE
  70
4
  0
STYLE
  2
KICAD
  70
0
  40
0
  41
1
  42
1
  50
0
  71
0
  3
isocp.shx
  0
STYLE
  2
KICADB
  70
0
  40
0
  41
1
  42
1
  50
0
  71
0
  3
isocp.shx
  0
STYLE
  2
KICADI
  70
0
  40
0
  41
1
  42
1
  50
15
  71
0
  3
isocp.shx
  0
STYLE
  2
KICADBI
  70
0
  40
0
  41
1
  42
1
  50
15
  71
0
  3
isocp.shx
  0
ENDTAB
  0
TABLE
  2
LAYER
  70
1
  0
LAYER
  2
BLACK
  70
0
  62
7
  6
CONTINUOUS
  0
ENDTAB
  0
ENDSEC
  0
SECTION
  2
ENTITIES
0
LINE
8
BLACK
6
CONTINUOUS
10
1.2385515748031495
20
0.3457069291338583
11
1.2426409448818898
21
0.3438
0
LINE
8
BLACK
6
CONTINUOUS
10
1.2426409448818898
20
0.3438
11
1.2458314960629921
21
0.3406094488188977
0
LINE
8
BLACK
6
CONTINUOUS
10
1.2458314960629921
20
0.3406094488188977
11
1.2477384251968504
21
0.3365200787401575
0
LINE
8
BLACK
6
CONTINUOUS
10
1.2477384251968504
20
0.3365200787401575
11
1.2481811023622047
21
0.3331574803149606
0
LINE
8
BLACK
6
CONTINUOUS
10
1.2481811023622047
20
0.3331574803149606
11
1.2481811023622047
21
0.2465433070866142
0
LINE
8
BLACK
6
CONTINUOUS
10
1.2481811023622047
20
0.2465433070866142
11
1.2477384251968504
21
0.2431807086614173
0
LINE
8
BLACK
6
CONTINUOUS
10
1.2477384251968504
20
0.2431807086614173
11
1.2458314960629921
21
0.2390913385826772
0
LINE
8
BLACK
6
CONTINUOUS
10
1.2458314960629921
20
0.2390913385826772
11
1.2426409448818898
21
0.2359007874015748
0
LINE
8
BLACK
6
CONTINUOUS
10
1.2426409448818898
20
0.2359007874015748
11
1.2385515748031495
21
0.2339938582677165
0
LINE
8
BLACK
6
CONTINUOUS
10
1.2385515748031495
20
0.2339938582677165
11
1.2351889763779527
21
0.2335511811023622
0
LINE
8
BLACK
6
CONTINUOUS
10
1.2351889763779527
20
0.2335511811023622
11
1.215503937007874
21
0.2335511811023622
0
LINE
8
BLACK
6
CONTINUOUS
10
1.215503937007874
20
0.2335511811023622
11
1.2121413385826771
21
0.2339938582677165
0
LINE
8
BLACK
6
CONTINUOUS
10
1.2121413385826771
20
0.2339938582677165
11
1.208051968503937
21
0.2359007874015748
0
LINE
8
BLACK
6
CONTINUOUS
10
1.208051968503937
20
0.2359007874015748
11
1.2048614173228347
21
0.2390913385826772
0
LINE
8
BLACK
6
CONTINUOUS
10
1.2048614173228347
20
0.2390913385826772
11
1.2029544881889764
21
0.2431807086614173
0
LINE
8
BLACK
6
CONTINUOUS
10
1.2029544881889764
20
0.2431807086614173
11
1.2025118110236219
21
0.2465433070866142
0
LINE
8
BLACK
6
CONTINUOUS
10
1.2025118110236219
20
0.2465433070866142
11
1.2025118110236219
21
0.3331574803149606
0
LINE
8
BLACK
6
CONTINUOUS
10
1.2025118110236219
20
0.3331574803149606
11
1.2029544881889764
21
0.3365200787401575
0
LINE
8
BLACK
6
CONTINUOUS
10
1.2029544881889764
20
0.3365200787401575
11
1.2048614173228347
21
0.3406094488188977
0
LINE
8
BLACK
6
CONTINUOUS
10
1.2048614173228347
20
0.3406094488188977
11
1.208051968503937
21
0.3438
0
LINE
8
BLACK
6
CONTINUOUS
10
1.208051968503937
20
0.3438
11
1.2121413385826771
21
0.3457069291338583
0
LINE
8
BLACK
6
CONTINUOUS
10
1.2121413385826771
20
0.3457069291338583
11
1.215503937007874
21
0.3461496062992126
0
LINE
8
BLACK
6
CONTINUOUS
10
1.215503937007874
20
0.3461496062992126
11
1.2351889763779527
21
0.3461496062992126
0
LINE
8
BLACK
6
CONTINUOUS
10
1.2351889763779527
20
0.3461496062992126
11
1.2385515748031495
21
0.3457069291338583
0
LINE
8
BLACK
6
CONTINUOUS
10
1.5318586614173229
20
0.3457069291338583
11
1.535948031496063
21
0.3438
0
LINE
8
BLACK
6
CONTINUOUS
10
1.535948031496063
20
0.3438
11
1.5391385826771653
21
0.3406094488188977
0
LINE
8
BLACK
6
CONTINUOUS
10
1.5391385826771653
20
0.3406094488188977
11
1.5410455118110236
21
0.3365200787401575
0
LINE
8
BLACK
6
CONTINUOUS
10
1.5410455118110236
20
0.3365200787401575
11
1.5414881889763778
21
0.3331574803149606
0
LINE
8
BLACK
6
CONTINUOUS
10
1.5414881889763778
20
0.3331574803149606
11
1.5414881889763778
21
0.2465433070866142
0
LINE
8
BLACK
6
CONTINUOUS
10
1.5414881889763778
20
0.2465433070866142
11
1.5410455118110236
21
0.2431807086614173
0
LINE
8
BLACK
6
CONTINUOUS
10
1.5410455118110236
20
0.2431807086614173
11
1.5391385826771653
21
0.2390913385826772
0
LINE
8
BLACK
6
CONTINUOUS
10
1.5391385826771653
20
0.2390913385826772
11
1.535948031496063
21
0.2359007874015748
0
LINE
8
BLACK
6
CONTINUOUS
10
1.535948031496063
20
0.2359007874015748
11
1.5318586614173229
21
0.2339938582677165
0
LINE
8
BLACK
6
CONTINUOUS
10
1.5318586614173229
20
0.2339938582677165
11
1.528496062992126
21
0.2335511811023622
0
LINE
8
BLACK
6
CONTINUOUS
10
1.528496062992126
20
0.2335511811023622
11
1.5088110236220471
21
0.2335511811023622
0
LINE
8
BLACK
6
CONTINUOUS
10
1.5088110236220471
20
0.2335511811023622
11
1.5054484251968503
21
0.2339938582677165
0
LINE
8
BLACK
6
CONTINUOUS
10
1.5054484251968503
20
0.2339938582677165
11
1.5013590551181102
21
0.2359007874015748
0
LINE
8
BLACK
6
CONTINUOUS
10
1.5013590551181102
20
0.2359007874015748
11
1.4981685039370078
21
0.2390913385826772
0
LINE
8
BLACK
6
CONTINUOUS
10
1.4981685039370078
20
0.2390913385826772
11
1.4962615748031496
21
0.2431807086614173
0
LINE
8
BLACK
6
CONTINUOUS
10
1.4962615748031496
20
0.2431807086614173
11
1.4958188976377953
21
0.2465433070866142
0
LINE
8
BLACK
6
CONTINUOUS
10
1.4958188976377953
20
0.2465433070866142
11
1.4958188976377953
21
0.3331574803149606
0
LINE
8
BLACK
6
CONTINUOUS
10
1.4958188976377953
20
0.3331574803149606
11
1.4962615748031496
21
0.3365200787401575
0
LINE
8
BLACK
6
CONTINUOUS
10
1.4962615748031496
20
0.3365200787401575
11
1.4981685039370078
21
0.3406094488188977
0
LINE
8
BLACK
6
CONTINUOUS
10
1.4981685039370078
20
0.3406094488188977
11
1.5013590551181102
21
0.3438
0
LINE
8
BLACK
6
CONTINUOUS
10
1.5013590551181102
20
0.3438
11
1.5054484251968503
21
0.3457069291338583
0
LINE
8
BLACK
6
CONTINUOUS
10
1.5054484251968503
20
0.3457069291338583
11
1.5088110236220471
21
0.3461496062992126
0
LINE
8
BLACK
6
CONTINUOUS
10
1.5088110236220471
20
0.3461496062992126
11
1.528496062992126
21
0.3461496062992126
0
LINE
8
BLACK
6
CONTINUOUS
10
1.528496062992126
20
0.3461496062992126
11
1.5318586614173229
21
0.3457069291338583
0
LINE
8
BLACK
6
CONTINUOUS
10
0.5961263779527559
20
0.3487069291338583
11
0.600215748031496
21
0.3468
0
LINE
8
BLACK
6
CONTINUOUS
10
0.600215748031496
20
0.3468
11
0.6034062992125984
21
0.3436094488188977
0
LINE
8
BLACK
6
CONTINUOUS
10
0.6034062992125984
20
0.3436094488188977
11
0.6053132283464567
21
0.3395200787401575
0
LINE
8
BLACK
6
CONTINUOUS
10
0.6053132283464567
20
0.3395200787401575
11
0.605755905511811
21
0.3361574803149606
0
LINE
8
BLACK
6
CONTINUOUS
10
0.605755905511811
20
0.3361574803149606
11
0.605755905511811
21
0.2495433070866142
0
LINE
8
BLACK
6
CONTINUOUS
10
0.605755905511811
20
0.2495433070866142
11
0.6053132283464567
21
0.2461807086614173
0
LINE
8
BLACK
6
CONTINUOUS
10
0.6053132283464567
20
0.2461807086614173
11
0.6034062992125984
21
0.2420913385826772
0
LINE
8
BLACK
6
CONTINUOUS
10
0.6034062992125984
20
0.2420913385826772
11
0.600215748031496
21
0.2389007874015748
0
LINE
8
BLACK
6
CONTINUOUS
10
0.600215748031496
20
0.2389007874015748
11
0.5961263779527559
21
0.2369938582677165
0
LINE
8
BLACK
6
CONTINUOUS
10
0.5961263779527559
20
0.2369938582677165
11
0.592763779527559
21
0.2365511811023622
0
LINE
8
BLACK
6
CONTINUOUS
10
0.592763779527559
20
0.2365511811023622
11
0.5730787401574803
21
0.2365511811023622
0
LINE
8
BLACK
6
CONTINUOUS
10
0.5730787401574803
20
0.2365511811023622
11
0.5697161417322835
21
0.2369938582677165
0
LINE
8
BLACK
6
CONTINUOUS
10
0.5697161417322835
20
0.2369938582677165
11
0.5656267716535432
21
0.2389007874015748
0
LINE
8
BLACK
6
CONTINUOUS
10
0.5656267716535432
20
0.2389007874015748
11
0.5624362204724409
21
0.2420913385826772
0
LINE
8
BLACK
6
CONTINUOUS
10
0.5624362204724409
20
0.2420913385826772
11
0.5605292913385826
21
0.2461807086614173
0
LINE
8
BLACK
6
CONTINUOUS
10
0.5605292913385826
20
0.2461807086614173
11
0.5600866141732284
21
0.2495433070866142
0
LINE
8
BLACK
6
CONTINUOUS
10
0.5600866141732284
20
0.2495433070866142
11
0.5600866141732284
21
0.3361574803149606
0
LINE
8
BLACK
6
CONTINUOUS
10
0.5600866141732284
20
0.3361574803149606
11
0.5605292913385826
21
0.3395200787401575
0
LINE
8
BLACK
6
CONTINUOUS
10
0.5605292913385826
20
0.3395200787401575
11
0.5624362204724409
21
0.3436094488188977
0
LINE
8
BLACK
6
CONTINUOUS
10
0.5624362204724409
20
0.3436094488188977
11
0.5656267716535432
21
0.3468
0
LINE
8
BLACK
6
CONTINUOUS
10
0.5656267716535432
20
0.3468
11
0.5697161417322835
21
0.3487069291338583
0
LINE
8
BLACK
6
CONTINUOUS
10
0.5697161417322835
20
0.3487069291338583
11
0.5730787401574803
21
0.3491496062992126
0
LINE
8
BLACK
6
CONTINUOUS
10
0.5730787401574803
20
0.3491496062992126
11
0.592763779527559
21
0.3491496062992126
0
LINE
8
BLACK
6
CONTINUOUS
10
0.592763779527559
20
0.3491496062992126
11
0.5961263779527559
21
0.3487069291338583
0
LINE
8
BLACK
6
CONTINUOUS
10
1.0862838582677166
20
0.3487069291338583
11
1.0903732283464567
21
0.3468
0
LINE
8
BLACK
6
CONTINUOUS
10
1.0903732283464567
20
0.3468
11
1.093563779527559
21
0.3436094488188977
0
LINE
8
BLACK
6
CONTINUOUS
10
1.093563779527559
20
0.3436094488188977
11
1.0954707086614173
21
0.3395200787401575
0
LINE
8
BLACK
6
CONTINUOUS
10
1.0954707086614173
20
0.3395200787401575
11
1.0959133858267716
21
0.3361574803149606
0
LINE
8
BLACK
6
CONTINUOUS
10
1.0959133858267716
20
0.3361574803149606
11
1.0959133858267716
21
0.2495433070866142
0
LINE
8
BLACK
6
CONTINUOUS
10
1.0959133858267716
20
0.2495433070866142
11
1.0954707086614173
21
0.2461807086614173
0
LINE
8
BLACK
6
CONTINUOUS
10
1.0954707086614173
20
0.2461807086614173
11
1.093563779527559
21
0.2420913385826772
0
LINE
8
BLACK
6
CONTINUOUS
10
1.093563779527559
20
0.2420913385826772
11
1.0903732283464567
21
0.2389007874015748
0
LINE
8
BLACK
6
CONTINUOUS
10
1.0903732283464567
20
0.2389007874015748
11
1.0862838582677166
21
0.2369938582677165
0
LINE
8
BLACK
6
CONTINUOUS
10
1.0862838582677166
20
0.2369938582677165
11
1.0829212598425197
21
0.2365511811023622
0
LINE
8
BLACK
6
CONTINUOUS
10
1.0829212598425197
20
0.2365511811023622
11
1.0632362204724408
21
0.2365511811023622
0
LINE
8
BLACK
6
CONTINUOUS
10
1.0632362204724408
20
0.2365511811023622
11
1.059873622047244
21
0.2369938582677165
0
LINE
8
BLACK
6
CONTINUOUS
10
1.059873622047244
20
0.2369938582677165
11
1.0557842519685039
21
0.2389007874015748
0
LINE
8
BLACK
6
CONTINUOUS
10
1.0557842519685039
20
0.2389007874015748
11
1.0525937007874016
21
0.2420913385826772
0
LINE
8
BLACK
6
CONTINUOUS
10
1.0525937007874016
20
0.2420913385826772
11
1.0506867716535433
21
0.2461807086614173
0
LINE
8
BLACK
6
CONTINUOUS
10
1.0506867716535433
20
0.2461807086614173
11
1.050244094488189
21
0.2495433070866142
0
LINE
8
BLACK
6
CONTINUOUS
10
1.050244094488189
20
0.2495433070866142
11
1.050244094488189
21
0.3361574803149606
0
LINE
8
BLACK
6
CONTINUOUS
10
1.050244094488189
20
0.3361574803149606
11
1.0506867716535433
21
0.3395200787401575
0
LINE
8
BLACK
6
CONTINUOUS
10
1.0506867716535433
20
0.3395200787401575
11
1.0525937007874016
21
0.3436094488188977
0
LINE
8
BLACK
6
CONTINUOUS
10
1.0525937007874016
20
0.3436094488188977
11
1.0557842519685039
21
0.3468
0
LINE
8
BLACK
6
CONTINUOUS
10
1.0557842519685039
20
0.3468
11
1.059873622047244
21
0.3487069291338583
0
LINE
8
BLACK
6
CONTINUOUS
10
1.059873622047244
20
0.3487069291338583
11
1.0632362204724408
21
0.3491496062992126
0
LINE
8
BLACK
6
CONTINUOUS
10
1.0632362204724408
20
0.3491496062992126
11
1.0829212598425197
21
0.3491496062992126
0
LINE
8
BLACK
6
CONTINUOUS
10
1.0829212598425197
20
0.3491496062992126
11
1.0862838582677166
21
0.3487069291338583
0
LINE
8
BLACK
6
CONTINUOUS
10
2.2203389763779526
20
0.3507069291338583
11
2.2244283464566927
21
0.3488
0
LINE
8
BLACK
6
CONTINUOUS
10
2.2244283464566927
20
0.3488
11
2.2276188976377953
21
0.3456094488188977
0
LINE
8
BLACK
6
CONTINUOUS
10
2.2276188976377953
20
0.3456094488188977
11
2.2295258267716536
21
0.3415200787401575
0
LINE
8
BLACK
6
CONTINUOUS
10
2.2295258267716536
20
0.3415200787401575
11
2.2299685039370076
21
0.3381574803149606
0
LINE
8
BLACK
6
CONTINUOUS
10
2.2299685039370076
20
0.3381574803149606
11
2.2299685039370076
21
0.2515433070866142
0
LINE
8
BLACK
6
CONTINUOUS
10
2.2299685039370076
20
0.2515433070866142
11
2.2295258267716536
21
0.2481807086614173
0
LINE
8
BLACK
6
CONTINUOUS
10
2.2295258267716536
20
0.2481807086614173
11
2.2276188976377953
21
0.2440913385826771
0
LINE
8
BLACK
6
CONTINUOUS
10
2.2276188976377953
20
0.2440913385826771
11
2.2244283464566927
21
0.2409007874015748
0
LINE
8
BLACK
6
CONTINUOUS
10
2.2244283464566927
20
0.2409007874015748
11
2.2203389763779526
21
0.2389938582677165
0
LINE
8
BLACK
6
CONTINUOUS
10
2.2203389763779526
20
0.2389938582677165
11
2.216976377952756
21
0.2385511811023622
0
LINE
8
BLACK
6
CONTINUOUS
10
2.216976377952756
20
0.2385511811023622
11
2.1972913385826773
21
0.2385511811023622
0
LINE
8
BLACK
6
CONTINUOUS
10
2.1972913385826773
20
0.2385511811023622
11
2.1939287401574803
21
0.2389938582677165
0
LINE
8
BLACK
6
CONTINUOUS
10
2.1939287401574803
20
0.2389938582677165
11
2.1898393700787402
21
0.2409007874015748
0
LINE
8
BLACK
6
CONTINUOUS
10
2.1898393700787402
20
0.2409007874015748
11
2.1866488188976376
21
0.2440913385826771
0
LINE
8
BLACK
6
CONTINUOUS
10
2.1866488188976376
20
0.2440913385826771
11
2.1847418897637794
21
0.2481807086614173
0
LINE
8
BLACK
6
CONTINUOUS
10
2.1847418897637794
20
0.2481807086614173
11
2.1842992125984253
21
0.2515433070866142
0
LINE
8
BLACK
6
CONTINUOUS
10
2.1842992125984253
20
0.2515433070866142
11
2.1842992125984253
21
0.3381574803149606
0
LINE
8
BLACK
6
CONTINUOUS
10
2.1842992125984253
20
0.3381574803149606
11
2.1847418897637794
21
0.3415200787401575
0
LINE
8
BLACK
6
CONTINUOUS
10
2.1847418897637794
20
0.3415200787401575
11
2.1866488188976376
21
0.3456094488188977
0
LINE
8
BLACK
6
CONTINUOUS
10
2.1866488188976376
20
0.3456094488188977
11
2.1898393700787402
21
0.3488
0
LINE
8
BLACK
6
CONTINUOUS
10
2.1898393700787402
20
0.3488
11
2.1939287401574803
21
0.3507069291338583
0
LINE
8
BLACK
6
CONTINUOUS
10
2.1939287401574803
20
0.3507069291338583
11
2.1972913385826773
21
0.3511496062992126
0
LINE
8
BLACK
6
CONTINUOUS
10
2.1972913385826773
20
0.3511496062992126
11
2.216976377952756
21
0.3511496062992126
0
LINE
8
BLACK
6
CONTINUOUS
10
2.216976377952756
20
0.3511496062992126
11
2.2203389763779526
21
0.3507069291338583
0
LINE
8
BLACK
6
CONTINUOUS
10
2.6120712598425198
20
0.3507069291338583
11
2.6161606299212599
21
0.3488
0
LINE
8
BLACK
6
CONTINUOUS
10
2.6161606299212599
20
0.3488
11
2.619351181102362
21
0.3456094488188977
0
LINE
8
BLACK
6
CONTINUOUS
10
2.619351181102362
20
0.3456094488188977
11
2.6212581102362202
21
0.3415200787401575
0
LINE
8
BLACK
6
CONTINUOUS
10
2.6212581102362202
20
0.3415200787401575
11
2.6217007874015748
21
0.3381574803149606
0
LINE
8
BLACK
6
CONTINUOUS
10
2.6217007874015748
20
0.3381574803149606
11
2.6217007874015748
21
0.2515433070866142
0
LINE
8
BLACK
6
CONTINUOUS
10
2.6217007874015748
20
0.2515433070866142
11
2.6212581102362202
21
0.2481807086614173
0
LINE
8
BLACK
6
CONTINUOUS
10
2.6212581102362202
20
0.2481807086614173
11
2.619351181102362
21
0.2440913385826771
0
LINE
8
BLACK
6
CONTINUOUS
10
2.619351181102362
20
0.2440913385826771
11
2.6161606299212599
21
0.2409007874015748
0
LINE
8
BLACK
6
CONTINUOUS
10
2.6161606299212599
20
0.2409007874015748
11
2.6120712598425198
21
0.2389938582677165
0
LINE
8
BLACK
6
CONTINUOUS
10
2.6120712598425198
20
0.2389938582677165
11
2.6087086614173227
21
0.2385511811023622
0
LINE
8
BLACK
6
CONTINUOUS
10
2.6087086614173227
20
0.2385511811023622
11
2.589023622047244
21
0.2385511811023622
0
LINE
8
BLACK
6
CONTINUOUS
10
2.589023622047244
20
0.2385511811023622
11
2.585661023622047
21
0.2389938582677165
0
LINE
8
BLACK
6
CONTINUOUS
10
2.585661023622047
20
0.2389938582677165
11
2.5815716535433069
21
0.2409007874015748
0
LINE
8
BLACK
6
CONTINUOUS
10
2.5815716535433069
20
0.2409007874015748
11
2.5783811023622047
21
0.2440913385826771
0
LINE
8
BLACK
6
CONTINUOUS
10
2.5783811023622047
20
0.2440913385826771
11
2.5764741732283465
21
0.2481807086614173
0
LINE
8
BLACK
6
CONTINUOUS
10
2.5764741732283465
20
0.2481807086614173
11
2.576031496062992
21
0.2515433070866142
0
LINE
8
BLACK
6
CONTINUOUS
10
2.576031496062992
20
0.2515433070866142
11
2.576031496062992
21
0.3381574803149606
0
LINE
8
BLACK
6
CONTINUOUS
10
2.576031496062992
20
0.3381574803149606
11
2.5764741732283465
21
0.3415200787401575
0
LINE
8
BLACK
6
CONTINUOUS
10
2.5764741732283465
20
0.3415200787401575
11
2.5783811023622047
21
0.3456094488188977
0
LINE
8
BLACK
6
CONTINUOUS
10
2.5783811023622047
20
0.3456094488188977
11
2.5815716535433069
21
0.3488
0
LINE
8
BLACK
6
CONTINUOUS
10
2.5815716535433069
20
0.3488
11
2.585661023622047
21
0.3507069291338583
0
LINE
8
BLACK
6
CONTINUOUS
10
2.585661023622047
20
0.3507069291338583
11
2.589023622047244
21
0.3511496062992126
0
LINE
8
BLACK
6
CONTINUOUS
10
2.589023622047244
20
0.3511496062992126
11
2.6087086614173227
21
0.3511496062992126
0
LINE
8
BLACK
6
CONTINUOUS
10
2.6087086614173227
20
0.3511496062992126
11
2.6120712598425198
21
0.3507069291338583
0
LINE
8
BLACK
6
CONTINUOUS
10
-0.3053533070866142
20
0.3160162598425197
11
-0.2982229133858267
21
0.3130627559055118
0
LINE
8
BLACK
6
CONTINUOUS
10
-0.2982229133858267
20
0.3130627559055118
11
-0.2918057480314961
21
0.3087749212598425
0
LINE
8
BLACK
6
CONTINUOUS
10
-0.2918057480314961
20
0.3087749212598425
11
-0.2863483858267716
21
0.3033175590551181
0
LINE
8
BLACK
6
CONTINUOUS
10
-0.2863483858267716
20
0.3033175590551181
11
-0.2820605511811023
21
0.2969003937007874
0
LINE
8
BLACK
6
CONTINUOUS
10
-0.2820605511811023
20
0.2969003937007874
11
-0.2791070472440945
21
0.28977
0
LINE
8
BLACK
6
CONTINUOUS
10
-0.2791070472440945
20
0.28977
11
-0.2776013385826772
21
0.2822003937007874
0
LINE
8
BLACK
6
CONTINUOUS
10
-0.2776013385826772
20
0.2822003937007874
11
-0.2776013385826772
21
0.2744825196850393
0
LINE
8
BLACK
6
CONTINUOUS
10
-0.2776013385826772
20
0.2744825196850393
11
-0.2791070472440945
21
0.2669129133858268
0
LINE
8
BLACK
6
CONTINUOUS
10
-0.2791070472440945
20
0.2669129133858268
11
-0.2820605511811023
21
0.2597825196850393
0
LINE
8
BLACK
6
CONTINUOUS
10
-0.2820605511811023
20
0.2597825196850393
11
-0.2863483858267716
21
0.2533653543307087
0
LINE
8
BLACK
6
CONTINUOUS
10
-0.2863483858267716
20
0.2533653543307087
11
-0.2918057480314961
21
0.2479079921259842
0
LINE
8
BLACK
6
CONTINUOUS
10
-0.2918057480314961
20
0.2479079921259842
11
-0.2982229133858267
21
0.243620157480315
0
LINE
8
BLACK
6
CONTINUOUS
10
-0.2982229133858267
20
0.243620157480315
11
-0.3053533070866142
21
0.2406666535433071
0
LINE
8
BLACK
6
CONTINUOUS
10
-0.3053533070866142
20
0.2406666535433071
11
-0.3129229133858268
21
0.2391609448818898
0
LINE
8
BLACK
6
CONTINUOUS
10
-0.3129229133858268
20
0.2391609448818898
11
-0.3206407874015748
21
0.2391609448818898
0
LINE
8
BLACK
6
CONTINUOUS
10
-0.3206407874015748
20
0.2391609448818898
11
-0.3282103937007874
21
0.2406666535433071
0
LINE
8
BLACK
6
CONTINUOUS
10
-0.3282103937007874
20
0.2406666535433071
11
-0.3353407874015748
21
0.243620157480315
0
LINE
8
BLACK
6
CONTINUOUS
10
-0.3353407874015748
20
0.243620157480315
11
-0.3417579527559055
21
0.2479079921259842
0
LINE
8
BLACK
6
CONTINUOUS
10
-0.3417579527559055
20
0.2479079921259842
11
-0.3472153149606299
21
0.2533653543307087
0
LINE
8
BLACK
6
CONTINUOUS
10
-0.3472153149606299
20
0.2533653543307087
11
-0.3515031496062992
21
0.2597825196850393
0
LINE
8
BLACK
6
CONTINUOUS
10
-0.3515031496062992
20
0.2597825196850393
11
-0.3544566535433071
21
0.2669129133858268
0
LINE
8
BLACK
6
CONTINUOUS
10
-0.3544566535433071
20
0.2669129133858268
11
-0.3559623622047244
21
0.2744825196850393
0
LINE
8
BLACK
6
CONTINUOUS
10
-0.3559623622047244
20
0.2744825196850393
11
-0.3559623622047244
21
0.2822003937007874
0
LINE
8
BLACK
6
CONTINUOUS
10
-0.3559623622047244
20
0.2822003937007874
11
-0.3544566535433071
21
0.28977
0
LINE
8
BLACK
6
CONTINUOUS
10
-0.3544566535433071
20
0.28977
11
-0.3515031496062992
21
0.2969003937007874
0
LINE
8
BLACK
6
CONTINUOUS
10
-0.3515031496062992
20
0.2969003937007874
11
-0.3472153149606299
21
0.3033175590551181
0
LINE
8
BLACK
6
CONTINUOUS
10
-0.3472153149606299
20
0.3033175590551181
11
-0.3417579527559055
21
0.3087749212598425
0
LINE
8
BLACK
6
CONTINUOUS
10
-0.3417579527559055
20
0.3087749212598425
11
-0.3353407874015748
21
0.3130627559055118
0
LINE
8
BLACK
6
CONTINUOUS
10
-0.3353407874015748
20
0.3130627559055118
11
-0.3282103937007874
21
0.3160162598425197
0
LINE
8
BLACK
6
CONTINUOUS
10
-0.3282103937007874
20
0.3160162598425197
11
-0.3206407874015748
21
0.317521968503937
0
LINE
8
BLACK
6
CONTINUOUS
10
-0.3206407874015748
20
0.317521968503937
11
-0.3129229133858268
21
0.317521968503937
0
LINE
8
BLACK
6
CONTINUOUS
10
-0.3129229133858268
20
0.317521968503937
11
-0.3053533070866142
21
0.3160162598425197
0
LINE
8
BLACK
6
CONTINUOUS
10
1.6817326771653542
20
0.3517069291338583
11
1.6858220472440943
21
0.3498
0
LINE
8
BLACK
6
CONTINUOUS
10
1.6858220472440943
20
0.3498
11
1.6890125984251969
21
0.3466094488188976
0
LINE
8
BLACK
6
CONTINUOUS
10
1.6890125984251969
20
0.3466094488188976
11
1.6909195275590552
21
0.3425200787401575
0
LINE
8
BLACK
6
CONTINUOUS
10
1.6909195275590552
20
0.3425200787401575
11
1.6913622047244095
21
0.3391574803149606
0
LINE
8
BLACK
6
CONTINUOUS
10
1.6913622047244095
20
0.3391574803149606
11
1.6913622047244095
21
0.2525433070866142
0
LINE
8
BLACK
6
CONTINUOUS
10
1.6913622047244095
20
0.2525433070866142
11
1.6909195275590552
21
0.2491807086614173
0
LINE
8
BLACK
6
CONTINUOUS
10
1.6909195275590552
20
0.2491807086614173
11
1.6890125984251969
21
0.2450913385826771
0
LINE
8
BLACK
6
CONTINUOUS
10
1.6890125984251969
20
0.2450913385826771
11
1.6858220472440943
21
0.2419007874015748
0
LINE
8
BLACK
6
CONTINUOUS
10
1.6858220472440943
20
0.2419007874015748
11
1.6817326771653542
21
0.2399938582677165
0
LINE
8
BLACK
6
CONTINUOUS
10
1.6817326771653542
20
0.2399938582677165
11
1.6783700787401574
21
0.2395511811023622
0
LINE
8
BLACK
6
CONTINUOUS
10
1.6783700787401574
20
0.2395511811023622
11
1.6586850393700787
21
0.2395511811023622
0
LINE
8
BLACK
6
CONTINUOUS
10
1.6586850393700787
20
0.2395511811023622
11
1.6553224409448819
21
0.2399938582677165
0
LINE
8
BLACK
6
CONTINUOUS
10
1.6553224409448819
20
0.2399938582677165
11
1.6512330708661418
21
0.2419007874015748
0
LINE
8
BLACK
6
CONTINUOUS
10
1.6512330708661418
20
0.2419007874015748
11
1.6480425196850392
21
0.2450913385826771
0
LINE
8
BLACK
6
CONTINUOUS
10
1.6480425196850392
20
0.2450913385826771
11
1.646135590551181
21
0.2491807086614173
0
LINE
8
BLACK
6
CONTINUOUS
10
1.646135590551181
20
0.2491807086614173
11
1.6456929133858267
21
0.2525433070866142
0
LINE
8
BLACK
6
CONTINUOUS
10
1.6456929133858267
20
0.2525433070866142
11
1.6456929133858267
21
0.3391574803149606
0
LINE
8
BLACK
6
CONTINUOUS
10
1.6456929133858267
20
0.3391574803149606
11
1.646135590551181
21
0.3425200787401575
0
LINE
8
BLACK
6
CONTINUOUS
10
1.646135590551181
20
0.3425200787401575
11
1.6480425196850392
21
0.3466094488188976
0
LINE
8
BLACK
6
CONTINUOUS
10
1.6480425196850392
20
0.3466094488188976
11
1.6512330708661418
21
0.3498
0
LINE
8
BLACK
6
CONTINUOUS
10
1.6512330708661418
20
0.3498
11
1.6553224409448819
21
0.3517069291338583
0
LINE
8
BLACK
6
CONTINUOUS
10
1.6553224409448819
20
0.3517069291338583
11
1.6586850393700787
21
0.3521496062992126
0
LINE
8
BLACK
6
CONTINUOUS
10
1.6586850393700787
20
0.3521496062992126
11
1.6783700787401574
21
0.3521496062992126
0
LINE
8
BLACK
6
CONTINUOUS
10
1.6783700787401574
20
0.3521496062992126
11
1.6817326771653542
21
0.3517069291338583
0
LINE
8
BLACK
6
CONTINUOUS
10
2.1226775590551181
20
0.3517069291338583
11
2.1267669291338582
21
0.3498
0
LINE
8
BLACK
6
CONTINUOUS
10
2.1267669291338582
20
0.3498
11
2.1299574803149608
21
0.3466094488188976
0
LINE
8
BLACK
6
CONTINUOUS
10
2.1299574803149608
20
0.3466094488188976
11
2.1318644094488191
21
0.3425200787401575
0
LINE
8
BLACK
6
CONTINUOUS
10
2.1318644094488191
20
0.3425200787401575
11
2.1323070866141731
21
0.3391574803149606
0
LINE
8
BLACK
6
CONTINUOUS
10
2.1323070866141731
20
0.3391574803149606
11
2.1323070866141731
21
0.2525433070866142
0
LINE
8
BLACK
6
CONTINUOUS
10
2.1323070866141731
20
0.2525433070866142
11
2.1318644094488191
21
0.2491807086614173
0
LINE
8
BLACK
6
CONTINUOUS
10
2.1318644094488191
20
0.2491807086614173
11
2.1299574803149608
21
0.2450913385826771
0
LINE
8
BLACK
6
CONTINUOUS
10
2.1299574803149608
20
0.2450913385826771
11
2.1267669291338582
21
0.2419007874015748
0
LINE
8
BLACK
6
CONTINUOUS
10
2.1267669291338582
20
0.2419007874015748
11
2.1226775590551181
21
0.2399938582677165
0
LINE
8
BLACK
6
CONTINUOUS
10
2.1226775590551181
20
0.2399938582677165
11
2.1193149606299211
21
0.2395511811023622
0
LINE
8
BLACK
6
CONTINUOUS
10
2.1193149606299211
20
0.2395511811023622
11
2.0996299212598424
21
0.2395511811023622
0
LINE
8
BLACK
6
CONTINUOUS
10
2.0996299212598424
20
0.2395511811023622
11
2.0962673228346458
21
0.2399938582677165
0
LINE
8
BLACK
6
CONTINUOUS
10
2.0962673228346458
20
0.2399938582677165
11
2.0921779527559057
21
0.2419007874015748
0
LINE
8
BLACK
6
CONTINUOUS
10
2.0921779527559057
20
0.2419007874015748
11
2.0889874015748031
21
0.2450913385826771
0
LINE
8
BLACK
6
CONTINUOUS
10
2.0889874015748031
20
0.2450913385826771
11
2.0870804724409449
21
0.2491807086614173
0
LINE
8
BLACK
6
CONTINUOUS
10
2.0870804724409449
20
0.2491807086614173
11
2.0866377952755903
21
0.2525433070866142
0
LINE
8
BLACK
6
CONTINUOUS
10
2.0866377952755903
20
0.2525433070866142
11
2.0866377952755903
21
0.3391574803149606
0
LINE
8
BLACK
6
CONTINUOUS
10
2.0866377952755903
20
0.3391574803149606
11
2.0870804724409449
21
0.3425200787401575
0
LINE
8
BLACK
6
CONTINUOUS
10
2.0870804724409449
20
0.3425200787401575
11
2.0889874015748031
21
0.3466094488188976
0
LINE
8
BLACK
6
CONTINUOUS
10
2.0889874015748031
20
0.3466094488188976
11
2.0921779527559057
21
0.3498
0
LINE
8
BLACK
6
CONTINUOUS
10
2.0921779527559057
20
0.3498
11
2.0962673228346458
21
0.3517069291338583
0
LINE
8
BLACK
6
CONTINUOUS
10
2.0962673228346458
20
0.3517069291338583
11
2.0996299212598424
21
0.3521496062992126
0
LINE
8
BLACK
6
CONTINUOUS
10
2.0996299212598424
20
0.3521496062992126
11
2.1193149606299211
21
0.3521496062992126
0
LINE
8
BLACK
6
CONTINUOUS
10
2.1193149606299211
20
0.3521496062992126
11
2.1226775590551181
21
0.3517069291338583
0
LINE
8
BLACK
6
CONTINUOUS
10
0.4203117716535433
20
0.5195465748031496
11
0.4335690157480315
21
0.5165206692913386
0
LINE
8
BLACK
6
CONTINUOUS
10
0.4335690157480315
20
0.5165206692913386
11
0.4464041338582677
21
0.5120294881889763
0
LINE
8
BLACK
6
CONTINUOUS
10
0.4464041338582677
20
0.5120294881889763
11
0.4586556692913386
21
0.5061294488188977
0
LINE
8
BLACK
6
CONTINUOUS
10
0.4586556692913386
20
0.5061294488188977
11
0.4701696062992126
21
0.4988947637795276
0
LINE
8
BLACK
6
CONTINUOUS
10
0.4701696062992126
20
0.4988947637795276
11
0.480801062992126
21
0.4904164566929134
0
LINE
8
BLACK
6
CONTINUOUS
10
0.480801062992126
20
0.4904164566929134
11
0.4904164566929134
21
0.480801062992126
0
LINE
8
BLACK
6
CONTINUOUS
10
0.4904164566929134
20
0.480801062992126
11
0.4988947637795276
21
0.4701696062992126
0
LINE
8
BLACK
6
CONTINUOUS
10
0.4988947637795276
20
0.4701696062992126
11
0.5061294488188977
21
0.4586556692913386
0
LINE
8
BLACK
6
CONTINUOUS
10
0.5061294488188977
20
0.4586556692913386
11
0.5120294881889763
21
0.4464041338582677
0
LINE
8
BLACK
6
CONTINUOUS
10
0.5120294881889763
20
0.4464041338582677
11
0.5165206692913386
21
0.4335690157480315
0
LINE
8
BLACK
6
CONTINUOUS
10
0.5165206692913386
20
0.4335690157480315
11
0.5195465748031496
21
0.4203117716535433
0
LINE
8
BLACK
6
CONTINUOUS
10
0.5195465748031496
20
0.4203117716535433
11
0.5210690944881889
21
0.406799094488189
0
LINE
8
BLACK
6
CONTINUOUS
10
0.5210690944881889
20
0.406799094488189
11
0.5210690944881889
21
0.393200905511811
0
LINE
8
BLACK
6
CONTINUOUS
10
0.5210690944881889
20
0.393200905511811
11
0.5195465748031496
21
0.3796882283464567
0
LINE
8
BLACK
6
CONTINUOUS
10
0.5195465748031496
20
0.3796882283464567
11
0.5165206692913386
21
0.3664309842519685
0
LINE
8
BLACK
6
CONTINUOUS
10
0.5165206692913386
20
0.3664309842519685
11
0.5120294881889763
21
0.3535958661417323
0
LINE
8
BLACK
6
CONTINUOUS
10
0.5120294881889763
20
0.3535958661417323
11
0.5061294488188977
21
0.3413443307086614
0
LINE
8
BLACK
6
CONTINUOUS
10
0.5061294488188977
20
0.3413443307086614
11
0.4988947637795276
21
0.3298303937007874
0
LINE
8
BLACK
6
CONTINUOUS
10
0.4988947637795276
20
0.3298303937007874
11
0.4904164566929134
21
0.319198937007874
0
LINE
8
BLACK
6
CONTINUOUS
10
0.4904164566929134
20
0.319198937007874
11
0.480801062992126
21
0.3095835433070866
0
LINE
8
BLACK
6
CONTINUOUS
10
0.480801062992126
20
0.3095835433070866
11
0.4701696062992126
21
0.3011052362204724
0
LINE
8
BLACK
6
CONTINUOUS
10
0.4701696062992126
20
0.3011052362204724
11
0.4586556692913386
21
0.2938705511811023
0
LINE
8
BLACK
6
CONTINUOUS
10
0.4586556692913386
20
0.2938705511811023
11
0.4464041338582677
21
0.2879705118110236
0
LINE
8
BLACK
6
CONTINUOUS
10
0.4464041338582677
20
0.2879705118110236
11
0.4335690157480315
21
0.2834793307086614
0
LINE
8
BLACK
6
CONTINUOUS
10
0.4335690157480315
20
0.2834793307086614
11
0.4203117716535433
21
0.2804534251968504
0
LINE
8
BLACK
6
CONTINUOUS
10
0.4203117716535433
20
0.2804534251968504
11
0.406799094488189
21
0.278930905511811
0
LINE
8
BLACK
6
CONTINUOUS
10
0.406799094488189
20
0.278930905511811
11
0.393200905511811
21
0.278930905511811
0
LINE
8
BLACK
6
CONTINUOUS
10
0.393200905511811
20
0.278930905511811
11
0.3796882283464567
21
0.2804534251968504
0
LINE
8
BLACK
6
CONTINUOUS
10
0.3796882283464567
20
0.2804534251968504
11
0.3664309842519685
21
0.2834793307086614
0
LINE
8
BLACK
6
CONTINUOUS
10
0.3664309842519685
20
0.2834793307086614
11
0.3535958661417323
21
0.2879705118110236
0
LINE
8
BLACK
6
CONTINUOUS
10
0.3535958661417323
20
0.2879705118110236
11
0.3413443307086614
21
0.2938705511811023
0
LINE
8
BLACK
6
CONTINUOUS
10
0.3413443307086614
20
0.2938705511811023
11
0.3298303937007874
21
0.3011052362204724
0
LINE
8
BLACK
6
CONTINUOUS
10
0.3298303937007874
20
0.3011052362204724
11
0.319198937007874
21
0.3095835433070866
0
LINE
8
BLACK
6
CONTINUOUS
10
0.319198937007874
20
0.3095835433070866
11
0.3095835433070866
21
0.319198937007874
0
LINE
8
BLACK
6
CONTINUOUS
10
0.3095835433070866
20
0.319198937007874
11
0.3011052362204724
21
0.3298303937007874
0
LINE
8
BLACK
6
CONTINUOUS
10
0.3011052362204724
20
0.3298303937007874
11
0.2938705511811023
21
0.3413443307086614
0
LINE
8
BLACK
6
CONTINUOUS
10
0.2938705511811023
20
0.3413443307086614
11
0.2879705118110236
21
0.3535958661417323
0
LINE
8
BLACK
6
CONTINUOUS
10
0.2879705118110236
20
0.3535958661417323
11
0.2834793307086614
21
0.3664309842519685
0
LINE
8
BLACK
6
CONTINUOUS
10
0.2834793307086614
20
0.3664309842519685
11
0.2804534251968504
21
0.3796882283464567
0
LINE
8
BLACK
6
CONTINUOUS
10
0.2804534251968504
20
0.3796882283464567
11
0.278930905511811
21
0.393200905511811
0
LINE
8
BLACK
6
CONTINUOUS
10
0.278930905511811
20
0.393200905511811
11
0.278930905511811
21
0.406799094488189
0
LINE
8
BLACK
6
CONTINUOUS
10
0.278930905511811
20
0.406799094488189
11
0.2804534251968504
21
0.4203117716535433
0
LINE
8
BLACK
6
CONTINUOUS
10
0.2804534251968504
20
0.4203117716535433
11
0.2834793307086614
21
0.4335690157480315
0
LINE
8
BLACK
6
CONTINUOUS
10
0.2834793307086614
20
0.4335690157480315
11
0.2879705118110236
21
0.4464041338582677
0
LINE
8
BLACK
6
CONTINUOUS
10
0.2879705118110236
20
0.4464041338582677
11
0.2938705511811023
21
0.4586556692913386
0
LINE
8
BLACK
6
CONTINUOUS
10
0.2938705511811023
20
0.4586556692913386
11
0.3011052362204724
21
0.4701696062992126
0
LINE
8
BLACK
6
CONTINUOUS
10
0.3011052362204724
20
0.4701696062992126
11
0.3095835433070866
21
0.480801062992126
0
LINE
8
BLACK
6
CONTINUOUS
10
0.3095835433070866
20
0.480801062992126
11
0.319198937007874
21
0.4904164566929134
0
LINE
8
BLACK
6
CONTINUOUS
10
0.319198937007874
20
0.4904164566929134
11
0.3298303937007874
21
0.4988947637795276
0
LINE
8
BLACK
6
CONTINUOUS
10
0.3298303937007874
20
0.4988947637795276
11
0.3413443307086614
21
0.5061294488188977
0
LINE
8
BLACK
6
CONTINUOUS
10
0.3413443307086614
20
0.5061294488188977
11
0.3535958661417323
21
0.5120294881889763
0
LINE
8
BLACK
6
CONTINUOUS
10
0.3535958661417323
20
0.5120294881889763
11
0.3664309842519685
21
0.5165206692913386
0
LINE
8
BLACK
6
CONTINUOUS
10
0.3664309842519685
20
0.5165206692913386
11
0.3796882283464567
21
0.5195465748031496
0
LINE
8
BLACK
6
CONTINUOUS
10
0.3796882283464567
20
0.5195465748031496
11
0.393200905511811
21
0.5210690944881889
0
LINE
8
BLACK
6
CONTINUOUS
10
0.393200905511811
20
0.5210690944881889
11
0.406799094488189
21
0.5210690944881889
0
LINE
8
BLACK
6
CONTINUOUS
10
0.406799094488189
20
0.5210690944881889
11
0.4203117716535433
21
0.5195465748031496
0
LINE
8
BLACK
6
CONTINUOUS
10
2.8203117716535431
20
0.5195465748031496
11
2.8335690157480315
21
0.5165206692913386
0
LINE
8
BLACK
6
CONTINUOUS
10
2.8335690157480315
20
0.5165206692913386
11
2.8464041338582677
21
0.5120294881889763
0
LINE
8
BLACK
6
CONTINUOUS
10
2.8464041338582677
20
0.5120294881889763
11
2.8586556692913385
21
0.5061294488188977
0
LINE
8
BLACK
6
CONTINUOUS
10
2.8586556692913385
20
0.5061294488188977
11
2.8701696062992124
21
0.4988947637795276
0
LINE
8
BLACK
6
CONTINUOUS
10
2.8701696062992124
20
0.4988947637795276
11
2.8808010629921261
21
0.4904164566929134
0
LINE
8
BLACK
6
CONTINUOUS
10
2.8808010629921261
20
0.4904164566929134
11
2.8904164566929134
21
0.480801062992126
0
LINE
8
BLACK
6
CONTINUOUS
10
2.8904164566929134
20
0.480801062992126
11
2.8988947637795275
21
0.4701696062992126
0
LINE
8
BLACK
6
CONTINUOUS
10
2.8988947637795275
20
0.4701696062992126
11
2.9061294488188976
21
0.4586556692913386
0
LINE
8
BLACK
6
CONTINUOUS
10
2.9061294488188976
20
0.4586556692913386
11
2.9120294881889763
21
0.4464041338582677
0
LINE
8
BLACK
6
CONTINUOUS
10
2.9120294881889763
20
0.4464041338582677
11
2.9165206692913386
21
0.4335690157480315
0
LINE
8
BLACK
6
CONTINUOUS
10
2.9165206692913386
20
0.4335690157480315
11
2.9195465748031495
21
0.4203117716535433
0
LINE
8
BLACK
6
CONTINUOUS
10
2.9195465748031495
20
0.4203117716535433
11
2.921069094488189
21
0.406799094488189
0
LINE
8
BLACK
6
CONTINUOUS
10
2.921069094488189
20
0.406799094488189
11
2.921069094488189
21
0.393200905511811
0
LINE
8
BLACK
6
CONTINUOUS
10
2.921069094488189
20
0.393200905511811
11
2.9195465748031495
21
0.3796882283464567
0
LINE
8
BLACK
6
CONTINUOUS
10
2.9195465748031495
20
0.3796882283464567
11
2.9165206692913386
21
0.3664309842519685
0
LINE
8
BLACK
6
CONTINUOUS
10
2.9165206692913386
20
0.3664309842519685
11
2.9120294881889763
21
0.3535958661417323
0
LINE
8
BLACK
6
CONTINUOUS
10
2.9120294881889763
20
0.3535958661417323
11
2.9061294488188976
21
0.3413443307086614
0
LINE
8
BLACK
6
CONTINUOUS
10
2.9061294488188976
20
0.3413443307086614
11
2.8988947637795275
21
0.3298303937007874
0
LINE
8
BLACK
6
CONTINUOUS
10
2.8988947637795275
20
0.3298303937007874
11
2.8904164566929134
21
0.319198937007874
0
LINE
8
BLACK
6
CONTINUOUS
10
2.8904164566929134
20
0.319198937007874
11
2.8808010629921261
21
0.3095835433070866
0
LINE
8
BLACK
6
CONTINUOUS
10
2.8808010629921261
20
0.3095835433070866
11
2.8701696062992124
21
0.3011052362204724
0
LINE
8
BLACK
6
CONTINUOUS
10
2.8701696062992124
20
0.3011052362204724
11
2.8586556692913385
21
0.2938705511811023
0
LINE
8
BLACK
6
CONTINUOUS
10
2.8586556692913385
20
0.2938705511811023
11
2.8464041338582677
21
0.2879705118110236
0
LINE
8
BLACK
6
CONTINUOUS
10
2.8464041338582677
20
0.2879705118110236
11
2.8335690157480315
21
0.2834793307086614
0
LINE
8
BLACK
6
CONTINUOUS
10
2.8335690157480315
20
0.2834793307086614
11
2.8203117716535431
21
0.2804534251968504
0
LINE
8
BLACK
6
CONTINUOUS
10
2.8203117716535431
20
0.2804534251968504
11
2.8067990944881891
21
0.278930905511811
0
LINE
8
BLACK
6
CONTINUOUS
10
2.8067990944881891
20
0.278930905511811
11
2.793200905511811
21
0.278930905511811
0
LINE
8
BLACK
6
CONTINUOUS
10
2.793200905511811
20
0.278930905511811
11
2.7796882283464566
21
0.2804534251968504
0
LINE
8
BLACK
6
CONTINUOUS
10
2.7796882283464566
20
0.2804534251968504
11
2.7664309842519685
21
0.2834793307086614
0
LINE
8
BLACK
6
CONTINUOUS
10
2.7664309842519685
20
0.2834793307086614
11
2.7535958661417324
21
0.2879705118110236
0
LINE
8
BLACK
6
CONTINUOUS
10
2.7535958661417324
20
0.2879705118110236
11
2.7413443307086616
21
0.2938705511811023
0
LINE
8
BLACK
6
CONTINUOUS
10
2.7413443307086616
20
0.2938705511811023
11
2.7298303937007873
21
0.3011052362204724
0
LINE
8
BLACK
6
CONTINUOUS
10
2.7298303937007873
20
0.3011052362204724
11
2.719198937007874
21
0.3095835433070866
0
LINE
8
BLACK
6
CONTINUOUS
10
2.719198937007874
20
0.3095835433070866
11
2.7095835433070867
21
0.319198937007874
0
LINE
8
BLACK
6
CONTINUOUS
10
2.7095835433070867
20
0.319198937007874
11
2.7011052362204722
21
0.3298303937007874
0
LINE
8
BLACK
6
CONTINUOUS
10
2.7011052362204722
20
0.3298303937007874
11
2.6938705511811021
21
0.3413443307086614
0
LINE
8
BLACK
6
CONTINUOUS
10
2.6938705511811021
20
0.3413443307086614
11
2.6879705118110238
21
0.3535958661417323
0
LINE
8
BLACK
6
CONTINUOUS
10
2.6879705118110238
20
0.3535958661417323
11
2.6834793307086615
21
0.3664309842519685
0
LINE
8
BLACK
6
CONTINUOUS
10
2.6834793307086615
20
0.3664309842519685
11
2.6804534251968501
21
0.3796882283464567
0
LINE
8
BLACK
6
CONTINUOUS
10
2.6804534251968501
20
0.3796882283464567
11
2.6789309055118111
21
0.393200905511811
0
LINE
8
BLACK
6
CONTINUOUS
10
2.6789309055118111
20
0.393200905511811
11
2.6789309055118111
21
0.406799094488189
0
LINE
8
BLACK
6
CONTINUOUS
10
2.6789309055118111
20
0.406799094488189
11
2.6804534251968501
21
0.4203117716535433
0
LINE
8
BLACK
6
CONTINUOUS
10
2.6804534251968501
20
0.4203117716535433
11
2.6834793307086615
21
0.4335690157480315
0
LINE
8
BLACK
6
CONTINUOUS
10
2.6834793307086615
20
0.4335690157480315
11
2.6879705118110238
21
0.4464041338582677
0
LINE
8
BLACK
6
CONTINUOUS
10
2.6879705118110238
20
0.4464041338582677
11
2.6938705511811021
21
0.4586556692913386
0
LINE
8
BLACK
6
CONTINUOUS
10
2.6938705511811021
20
0.4586556692913386
11
2.7011052362204722
21
0.4701696062992126
0
LINE
8
BLACK
6
CONTINUOUS
10
2.7011052362204722
20
0.4701696062992126
11
2.7095835433070867
21
0.480801062992126
0
LINE
8
BLACK
6
CONTINUOUS
10
2.7095835433070867
20
0.480801062992126
11
2.719198937007874
21
0.4904164566929134
0
LINE
8
BLACK
6
CONTINUOUS
10
2.719198937007874
20
0.4904164566929134
11
2.7298303937007873
21
0.4988947637795276
0
LINE
8
BLACK
6
CONTINUOUS
10
2.7298303937007873
20
0.4988947637795276
11
2.7413443307086616
21
0.5061294488188977
0
LINE
8
BLACK
6
CONTINUOUS
10
2.7413443307086616
20
0.5061294488188977
11
2.7535958661417324
21
0.5120294881889763
0
LINE
8
BLACK
6
CONTINUOUS
10
2.7535958661417324
20
0.5120294881889763
11
2.7664309842519685
21
0.5165206692913386
0
LINE
8
BLACK
6
CONTINUOUS
10
2.7664309842519685
20
0.5165206692913386
11
2.7796882283464566
21
0.5195465748031496
0
LINE
8
BLACK
6
CONTINUOUS
10
2.7796882283464566
20
0.5195465748031496
11
2.793200905511811
21
0.5210690944881889
0
LINE
8
BLACK
6
CONTINUOUS
10
2.793200905511811
20
0.5210690944881889
11
2.8067990944881891
21
0.5210690944881889
0
LINE
8
BLACK
6
CONTINUOUS
10
2.8067990944881891
20
0.5210690944881889
11
2.8203117716535431
21
0.5195465748031496
0
LINE
8
BLACK
6
CONTINUOUS
10
1.3075518503937007
20
0.4517595275590551
11
1.3104895669291339
21
0.4497966535433071
0
LINE
8
BLACK
6
CONTINUOUS
10
1.3104895669291339
20
0.4497966535433071
11
1.3124524409448819
21
0.446858937007874
0
LINE
8
BLACK
6
CONTINUOUS
10
1.3124524409448819
20
0.446858937007874
11
1.3131417322834646
21
0.4433937007874016
0
LINE
8
BLACK
6
CONTINUOUS
10
1.3131417322834646
20
0.4433937007874016
11
1.3131417322834646
21
0.3882755905511811
0
LINE
8
BLACK
6
CONTINUOUS
10
1.3131417322834646
20
0.3882755905511811
11
1.3124524409448819
21
0.3848103543307086
0
LINE
8
BLACK
6
CONTINUOUS
10
1.3124524409448819
20
0.3848103543307086
11
1.3104895669291339
21
0.3818726377952756
0
LINE
8
BLACK
6
CONTINUOUS
10
1.3104895669291339
20
0.3818726377952756
11
1.3075518503937007
21
0.3799097637795276
0
LINE
8
BLACK
6
CONTINUOUS
10
1.3075518503937007
20
0.3799097637795276
11
1.3040866141732284
21
0.3792204724409449
0
LINE
8
BLACK
6
CONTINUOUS
10
1.3040866141732284
20
0.3792204724409449
11
1.2922755905511811
21
0.3792204724409449
0
LINE
8
BLACK
6
CONTINUOUS
10
1.2922755905511811
20
0.3792204724409449
11
1.2888103543307086
21
0.3799097637795276
0
LINE
8
BLACK
6
CONTINUOUS
10
1.2888103543307086
20
0.3799097637795276
11
1.2858726377952756
21
0.3818726377952756
0
LINE
8
BLACK
6
CONTINUOUS
10
1.2858726377952756
20
0.3818726377952756
11
1.2839097637795276
21
0.3848103543307086
0
LINE
8
BLACK
6
CONTINUOUS
10
1.2839097637795276
20
0.3848103543307086
11
1.2832204724409448
21
0.3882755905511811
0
LINE
8
BLACK
6
CONTINUOUS
10
1.2832204724409448
20
0.3882755905511811
11
1.2832204724409448
21
0.4433937007874016
0
LINE
8
BLACK
6
CONTINUOUS
10
1.2832204724409448
20
0.4433937007874016
11
1.2839097637795276
21
0.446858937007874
0
LINE
8
BLACK
6
CONTINUOUS
10
1.2839097637795276
20
0.446858937007874
11
1.2858726377952756
21
0.4497966535433071
0
LINE
8
BLACK
6
CONTINUOUS
10
1.2858726377952756
20
0.4497966535433071
11
1.2888103543307086
21
0.4517595275590551
0
LINE
8
BLACK
6
CONTINUOUS
10
1.2888103543307086
20
0.4517595275590551
11
1.2922755905511811
21
0.4524488188976378
0
LINE
8
BLACK
6
CONTINUOUS
10
1.2922755905511811
20
0.4524488188976378
11
1.3040866141732284
21
0.4524488188976378
0
LINE
8
BLACK
6
CONTINUOUS
10
1.3040866141732284
20
0.4524488188976378
11
1.3075518503937007
21
0.4517595275590551
0
LINE
8
BLACK
6
CONTINUOUS
10
1.3567644488188977
20
0.4517595275590551
11
1.3597021653543306
21
0.4497966535433071
0
LINE
8
BLACK
6
CONTINUOUS
10
1.3597021653543306
20
0.4497966535433071
11
1.3616650393700787
21
0.446858937007874
0
LINE
8
BLACK
6
CONTINUOUS
10
1.3616650393700787
20
0.446858937007874
11
1.3623543307086614
21
0.4433937007874016
0
LINE
8
BLACK
6
CONTINUOUS
10
1.3623543307086614
20
0.4433937007874016
11
1.3623543307086614
21
0.3882755905511811
0
LINE
8
BLACK
6
CONTINUOUS
10
1.3623543307086614
20
0.3882755905511811
11
1.3616650393700787
21
0.3848103543307086
0
LINE
8
BLACK
6
CONTINUOUS
10
1.3616650393700787
20
0.3848103543307086
11
1.3597021653543306
21
0.3818726377952756
0
LINE
8
BLACK
6
CONTINUOUS
10
1.3597021653543306
20
0.3818726377952756
11
1.3567644488188977
21
0.3799097637795276
0
LINE
8
BLACK
6
CONTINUOUS
10
1.3567644488188977
20
0.3799097637795276
11
1.3532992125984251
21
0.3792204724409449
0
LINE
8
BLACK
6
CONTINUOUS
10
1.3532992125984251
20
0.3792204724409449
11
1.3414881889763779
21
0.3792204724409449
0
LINE
8
BLACK
6
CONTINUOUS
10
1.3414881889763779
20
0.3792204724409449
11
1.3380229527559055
21
0.3799097637795276
0
LINE
8
BLACK
6
CONTINUOUS
10
1.3380229527559055
20
0.3799097637795276
11
1.3350852362204724
21
0.3818726377952756
0
LINE
8
BLACK
6
CONTINUOUS
10
1.3350852362204724
20
0.3818726377952756
11
1.3331223622047244
21
0.3848103543307086
0
LINE
8
BLACK
6
CONTINUOUS
10
1.3331223622047244
20
0.3848103543307086
11
1.3324330708661416
21
0.3882755905511811
0
LINE
8
BLACK
6
CONTINUOUS
10
1.3324330708661416
20
0.3882755905511811
11
1.3324330708661416
21
0.4433937007874016
0
LINE
8
BLACK
6
CONTINUOUS
10
1.3324330708661416
20
0.4433937007874016
11
1.3331223622047244
21
0.446858937007874
0
LINE
8
BLACK
6
CONTINUOUS
10
1.3331223622047244
20
0.446858937007874
11
1.3350852362204724
21
0.4497966535433071
0
LINE
8
BLACK
6
CONTINUOUS
10
1.3350852362204724
20
0.4497966535433071
11
1.3380229527559055
21
0.4517595275590551
0
LINE
8
BLACK
6
CONTINUOUS
10
1.3380229527559055
20
0.4517595275590551
11
1.3414881889763779
21
0.4524488188976378
0
LINE
8
BLACK
6
CONTINUOUS
10
1.3414881889763779
20
0.4524488188976378
11
1.3532992125984251
21
0.4524488188976378
0
LINE
8
BLACK
6
CONTINUOUS
10
1.3532992125984251
20
0.4524488188976378
11
1.3567644488188977
21
0.4517595275590551
0
LINE
8
BLACK
6
CONTINUOUS
10
1.4059770472440944
20
0.4517595275590551
11
1.4089147637795276
21
0.4497966535433071
0
LINE
8
BLACK
6
CONTINUOUS
10
1.4089147637795276
20
0.4497966535433071
11
1.4108776377952756
21
0.446858937007874
0
LINE
8
BLACK
6
CONTINUOUS
10
1.4108776377952756
20
0.446858937007874
11
1.4115669291338582
21
0.4433937007874016
0
LINE
8
BLACK
6
CONTINUOUS
10
1.4115669291338582
20
0.4433937007874016
11
1.4115669291338582
21
0.3882755905511811
0
LINE
8
BLACK
6
CONTINUOUS
10
1.4115669291338582
20
0.3882755905511811
11
1.4108776377952756
21
0.3848103543307086
0
LINE
8
BLACK
6
CONTINUOUS
10
1.4108776377952756
20
0.3848103543307086
11
1.4089147637795276
21
0.3818726377952756
0
LINE
8
BLACK
6
CONTINUOUS
10
1.4089147637795276
20
0.3818726377952756
11
1.4059770472440944
21
0.3799097637795276
0
LINE
8
BLACK
6
CONTINUOUS
10
1.4059770472440944
20
0.3799097637795276
11
1.4025118110236221
21
0.3792204724409449
0
LINE
8
BLACK
6
CONTINUOUS
10
1.4025118110236221
20
0.3792204724409449
11
1.3907007874015749
21
0.3792204724409449
0
LINE
8
BLACK
6
CONTINUOUS
10
1.3907007874015749
20
0.3792204724409449
11
1.3872355511811023
21
0.3799097637795276
0
LINE
8
BLACK
6
CONTINUOUS
10
1.3872355511811023
20
0.3799097637795276
11
1.3842978346456694
21
0.3818726377952756
0
LINE
8
BLACK
6
CONTINUOUS
10
1.3842978346456694
20
0.3818726377952756
11
1.3823349606299213
21
0.3848103543307086
0
LINE
8
BLACK
6
CONTINUOUS
10
1.3823349606299213
20
0.3848103543307086
11
1.3816456692913386
21
0.3882755905511811
0
LINE
8
BLACK
6
CONTINUOUS
10
1.3816456692913386
20
0.3882755905511811
11
1.3816456692913386
21
0.4433937007874016
0
LINE
8
BLACK
6
CONTINUOUS
10
1.3816456692913386
20
0.4433937007874016
11
1.3823349606299213
21
0.446858937007874
0
LINE
8
BLACK
6
CONTINUOUS
10
1.3823349606299213
20
0.446858937007874
11
1.3842978346456694
21
0.4497966535433071
0
LINE
8
BLACK
6
CONTINUOUS
10
1.3842978346456694
20
0.4497966535433071
11
1.3872355511811023
21
0.4517595275590551
0
LINE
8
BLACK
6
CONTINUOUS
10
1.3872355511811023
20
0.4517595275590551
11
1.3907007874015749
21
0.4524488188976378
0
LINE
8
BLACK
6
CONTINUOUS
10
1.3907007874015749
20
0.4524488188976378
11
1.4025118110236221
21
0.4524488188976378
0
LINE
8
BLACK
6
CONTINUOUS
10
1.4025118110236221
20
0.4524488188976378
11
1.4059770472440944
21
0.4517595275590551
0
LINE
8
BLACK
6
CONTINUOUS
10
1.4551896456692912
20
0.4517595275590551
11
1.4581273622047244
21
0.4497966535433071
0
LINE
8
BLACK
6
CONTINUOUS
10
1.4581273622047244
20
0.4497966535433071
11
1.4600902362204724
21
0.446858937007874
0
LINE
8
BLACK
6
CONTINUOUS
10
1.4600902362204724
20
0.446858937007874
11
1.4607795275590552
21
0.4433937007874016
0
LINE
8
BLACK
6
CONTINUOUS
10
1.4607795275590552
20
0.4433937007874016
11
1.4607795275590552
21
0.3882755905511811
0
LINE
8
BLACK
6
CONTINUOUS
10
1.4607795275590552
20
0.3882755905511811
11
1.4600902362204724
21
0.3848103543307086
0
LINE
8
BLACK
6
CONTINUOUS
10
1.4600902362204724
20
0.3848103543307086
11
1.4581273622047244
21
0.3818726377952756
0
LINE
8
BLACK
6
CONTINUOUS
10
1.4581273622047244
20
0.3818726377952756
11
1.4551896456692912
21
0.3799097637795276
0
LINE
8
BLACK
6
CONTINUOUS
10
1.4551896456692912
20
0.3799097637795276
11
1.4517244094488189
21
0.3792204724409449
0
LINE
8
BLACK
6
CONTINUOUS
10
1.4517244094488189
20
0.3792204724409449
11
1.4399133858267716
21
0.3792204724409449
0
LINE
8
BLACK
6
CONTINUOUS
10
1.4399133858267716
20
0.3792204724409449
11
1.4364481496062991
21
0.3799097637795276
0
LINE
8
BLACK
6
CONTINUOUS
10
1.4364481496062991
20
0.3799097637795276
11
1.4335104330708661
21
0.3818726377952756
0
LINE
8
BLACK
6
CONTINUOUS
10
1.4335104330708661
20
0.3818726377952756
11
1.4315475590551181
21
0.3848103543307086
0
LINE
8
BLACK
6
CONTINUOUS
10
1.4315475590551181
20
0.3848103543307086
11
1.4308582677165353
21
0.3882755905511811
0
LINE
8
BLACK
6
CONTINUOUS
10
1.4308582677165353
20
0.3882755905511811
11
1.4308582677165353
21
0.4433937007874016
0
LINE
8
BLACK
6
CONTINUOUS
10
1.4308582677165353
20
0.4433937007874016
11
1.4315475590551181
21
0.446858937007874
0
LINE
8
BLACK
6
CONTINUOUS
10
1.4315475590551181
20
0.446858937007874
11
1.4335104330708661
21
0.4497966535433071
0
LINE
8
BLACK
6
CONTINUOUS
10
1.4335104330708661
20
0.4497966535433071
11
1.4364481496062991
21
0.4517595275590551
0
LINE
8
BLACK
6
CONTINUOUS
10
1.4364481496062991
20
0.4517595275590551
11
1.4399133858267716
21
0.4524488188976378
0
LINE
8
BLACK
6
CONTINUOUS
10
1.4399133858267716
20
0.4524488188976378
11
1.4517244094488189
21
0.4524488188976378
0
LINE
8
BLACK
6
CONTINUOUS
10
1.4517244094488189
20
0.4524488188976378
11
1.4551896456692912
21
0.4517595275590551
0
LINE
8
BLACK
6
CONTINUOUS
10
0.665126653543307
20
0.4547595275590551
11
0.6680643700787401
21
0.4527966535433071
0
LINE
8
BLACK
6
CONTINUOUS
10
0.6680643700787401
20
0.4527966535433071
11
0.6700272440944882
21
0.449858937007874
0
LINE
8
BLACK
6
CONTINUOUS
10
0.6700272440944882
20
0.449858937007874
11
0.6707165354330709
21
0.4463937007874015
0
LINE
8
BLACK
6
CONTINUOUS
10
0.6707165354330709
20
0.4463937007874015
11
0.6707165354330709
21
0.3912755905511811
0
LINE
8
BLACK
6
CONTINUOUS
10
0.6707165354330709
20
0.3912755905511811
11
0.6700272440944882
21
0.3878103543307087
0
LINE
8
BLACK
6
CONTINUOUS
10
0.6700272440944882
20
0.3878103543307087
11
0.6680643700787401
21
0.3848726377952756
0
LINE
8
BLACK
6
CONTINUOUS
10
0.6680643700787401
20
0.3848726377952756
11
0.665126653543307
21
0.3829097637795276
0
LINE
8
BLACK
6
CONTINUOUS
10
0.665126653543307
20
0.3829097637795276
11
0.6616614173228347
21
0.3822204724409449
0
LINE
8
BLACK
6
CONTINUOUS
10
0.6616614173228347
20
0.3822204724409449
11
0.6498503937007873
21
0.3822204724409449
0
LINE
8
BLACK
6
CONTINUOUS
10
0.6498503937007873
20
0.3822204724409449
11
0.646385157480315
21
0.3829097637795276
0
LINE
8
BLACK
6
CONTINUOUS
10
0.646385157480315
20
0.3829097637795276
11
0.6434474409448818
21
0.3848726377952756
0
LINE
8
BLACK
6
CONTINUOUS
10
0.6434474409448818
20
0.3848726377952756
11
0.6414845669291338
21
0.3878103543307087
0
LINE
8
BLACK
6
CONTINUOUS
10
0.6414845669291338
20
0.3878103543307087
11
0.6407952755905512
21
0.3912755905511811
0
LINE
8
BLACK
6
CONTINUOUS
10
0.6407952755905512
20
0.3912755905511811
11
0.6407952755905512
21
0.4463937007874015
0
LINE
8
BLACK
6
CONTINUOUS
10
0.6407952755905512
20
0.4463937007874015
11
0.6414845669291338
21
0.449858937007874
0
LINE
8
BLACK
6
CONTINUOUS
10
0.6414845669291338
20
0.449858937007874
11
0.6434474409448818
21
0.4527966535433071
0
LINE
8
BLACK
6
CONTINUOUS
10
0.6434474409448818
20
0.4527966535433071
11
0.646385157480315
21
0.4547595275590551
0
LINE
8
BLACK
6
CONTINUOUS
10
0.646385157480315
20
0.4547595275590551
11
0.6498503937007873
21
0.4554488188976378
0
LINE
8
BLACK
6
CONTINUOUS
10
0.6498503937007873
20
0.4554488188976378
11
0.6616614173228347
21
0.4554488188976378
0
LINE
8
BLACK
6
CONTINUOUS
10
0.6616614173228347
20
0.4554488188976378
11
0.665126653543307
21
0.4547595275590551
0
LINE
8
BLACK
6
CONTINUOUS
10
0.7143392519685039
20
0.4547595275590551
11
0.717276968503937
21
0.4527966535433071
0
LINE
8
BLACK
6
CONTINUOUS
10
0.717276968503937
20
0.4527966535433071
11
0.719239842519685
21
0.449858937007874
0
LINE
8
BLACK
6
CONTINUOUS
10
0.719239842519685
20
0.449858937007874
11
0.7199291338582677
21
0.4463937007874015
0
LINE
8
BLACK
6
CONTINUOUS
10
0.7199291338582677
20
0.4463937007874015
11
0.7199291338582677
21
0.3912755905511811
0
LINE
8
BLACK
6
CONTINUOUS
10
0.7199291338582677
20
0.3912755905511811
11
0.719239842519685
21
0.3878103543307087
0
LINE
8
BLACK
6
CONTINUOUS
10
0.719239842519685
20
0.3878103543307087
11
0.717276968503937
21
0.3848726377952756
0
LINE
8
BLACK
6
CONTINUOUS
10
0.717276968503937
20
0.3848726377952756
11
0.7143392519685039
21
0.3829097637795276
0
LINE
8
BLACK
6
CONTINUOUS
10
0.7143392519685039
20
0.3829097637795276
11
0.7108740157480314
21
0.3822204724409449
0
LINE
8
BLACK
6
CONTINUOUS
10
0.7108740157480314
20
0.3822204724409449
11
0.6990629921259842
21
0.3822204724409449
0
LINE
8
BLACK
6
CONTINUOUS
10
0.6990629921259842
20
0.3822204724409449
11
0.6955977559055118
21
0.3829097637795276
0
LINE
8
BLACK
6
CONTINUOUS
10
0.6955977559055118
20
0.3829097637795276
11
0.6926600393700787
21
0.3848726377952756
0
LINE
8
BLACK
6
CONTINUOUS
10
0.6926600393700787
20
0.3848726377952756
11
0.6906971653543307
21
0.3878103543307087
0
LINE
8
BLACK
6
CONTINUOUS
10
0.6906971653543307
20
0.3878103543307087
11
0.690007874015748
21
0.3912755905511811
0
LINE
8
BLACK
6
CONTINUOUS
10
0.690007874015748
20
0.3912755905511811
11
0.690007874015748
21
0.4463937007874015
0
LINE
8
BLACK
6
CONTINUOUS
10
0.690007874015748
20
0.4463937007874015
11
0.6906971653543307
21
0.449858937007874
0
LINE
8
BLACK
6
CONTINUOUS
10
0.6906971653543307
20
0.449858937007874
11
0.6926600393700787
21
0.4527966535433071
0
LINE
8
BLACK
6
CONTINUOUS
10
0.6926600393700787
20
0.4527966535433071
11
0.6955977559055118
21
0.4547595275590551
0
LINE
8
BLACK
6
CONTINUOUS
10
0.6955977559055118
20
0.4547595275590551
11
0.6990629921259842
21
0.4554488188976378
0
LINE
8
BLACK
6
CONTINUOUS
10
0.6990629921259842
20
0.4554488188976378
11
0.7108740157480314
21
0.4554488188976378
0
LINE
8
BLACK
6
CONTINUOUS
10
0.7108740157480314
20
0.4554488188976378
11
0.7143392519685039
21
0.4547595275590551
0
LINE
8
BLACK
6
CONTINUOUS
10
0.7635518503937008
20
0.4547595275590551
11
0.7664895669291338
21
0.4527966535433071
0
LINE
8
BLACK
6
CONTINUOUS
10
0.7664895669291338
20
0.4527966535433071
11
0.7684524409448819
21
0.449858937007874
0
LINE
8
BLACK
6
CONTINUOUS
10
0.7684524409448819
20
0.449858937007874
11
0.7691417322834645
21
0.4463937007874015
0
LINE
8
BLACK
6
CONTINUOUS
10
0.7691417322834645
20
0.4463937007874015
11
0.7691417322834645
21
0.3912755905511811
0
LINE
8
BLACK
6
CONTINUOUS
10
0.7691417322834645
20
0.3912755905511811
11
0.7684524409448819
21
0.3878103543307087
0
LINE
8
BLACK
6
CONTINUOUS
10
0.7684524409448819
20
0.3878103543307087
11
0.7664895669291338
21
0.3848726377952756
0
LINE
8
BLACK
6
CONTINUOUS
10
0.7664895669291338
20
0.3848726377952756
11
0.7635518503937008
21
0.3829097637795276
0
LINE
8
BLACK
6
CONTINUOUS
10
0.7635518503937008
20
0.3829097637795276
11
0.7600866141732283
21
0.3822204724409449
0
LINE
8
BLACK
6
CONTINUOUS
10
0.7600866141732283
20
0.3822204724409449
11
0.7482755905511811
21
0.3822204724409449
0
LINE
8
BLACK
6
CONTINUOUS
10
0.7482755905511811
20
0.3822204724409449
11
0.7448103543307086
21
0.3829097637795276
0
LINE
8
BLACK
6
CONTINUOUS
10
0.7448103543307086
20
0.3829097637795276
11
0.7418726377952756
21
0.3848726377952756
0
LINE
8
BLACK
6
CONTINUOUS
10
0.7418726377952756
20
0.3848726377952756
11
0.7399097637795276
21
0.3878103543307087
0
LINE
8
BLACK
6
CONTINUOUS
10
0.7399097637795276
20
0.3878103543307087
11
0.7392204724409449
21
0.3912755905511811
0
LINE
8
BLACK
6
CONTINUOUS
10
0.7392204724409449
20
0.3912755905511811
11
0.7392204724409449
21
0.4463937007874015
0
LINE
8
BLACK
6
CONTINUOUS
10
0.7392204724409449
20
0.4463937007874015
11
0.7399097637795276
21
0.449858937007874
0
LINE
8
BLACK
6
CONTINUOUS
10
0.7399097637795276
20
0.449858937007874
11
0.7418726377952756
21
0.4527966535433071
0
LINE
8
BLACK
6
CONTINUOUS
10
0.7418726377952756
20
0.4527966535433071
11
0.7448103543307086
21
0.4547595275590551
0
LINE
8
BLACK
6
CONTINUOUS
10
0.7448103543307086
20
0.4547595275590551
11
0.7482755905511811
21
0.4554488188976378
0
LINE
8
BLACK
6
CONTINUOUS
10
0.7482755905511811
20
0.4554488188976378
11
0.7600866141732283
21
0.4554488188976378
0
LINE
8
BLACK
6
CONTINUOUS
10
0.7600866141732283
20
0.4554488188976378
11
0.7635518503937008
21
0.4547595275590551
0
LINE
8
BLACK
6
CONTINUOUS
10
0.8127644488188976
20
0.4547595275590551
11
0.8157021653543307
21
0.4527966535433071
0
LINE
8
BLACK
6
CONTINUOUS
10
0.8157021653543307
20
0.4527966535433071
11
0.8176650393700787
21
0.449858937007874
0
LINE
8
BLACK
6
CONTINUOUS
10
0.8176650393700787
20
0.449858937007874
11
0.8183543307086614
21
0.4463937007874015
0
LINE
8
BLACK
6
CONTINUOUS
10
0.8183543307086614
20
0.4463937007874015
11
0.8183543307086614
21
0.3912755905511811
0
LINE
8
BLACK
6
CONTINUOUS
10
0.8183543307086614
20
0.3912755905511811
11
0.8176650393700787
21
0.3878103543307087
0
LINE
8
BLACK
6
CONTINUOUS
10
0.8176650393700787
20
0.3878103543307087
11
0.8157021653543307
21
0.3848726377952756
0
LINE
8
BLACK
6
CONTINUOUS
10
0.8157021653543307
20
0.3848726377952756
11
0.8127644488188976
21
0.3829097637795276
0
LINE
8
BLACK
6
CONTINUOUS
10
0.8127644488188976
20
0.3829097637795276
11
0.8092992125984252
21
0.3822204724409449
0
LINE
8
BLACK
6
CONTINUOUS
10
0.8092992125984252
20
0.3822204724409449
11
0.797488188976378
21
0.3822204724409449
0
LINE
8
BLACK
6
CONTINUOUS
10
0.797488188976378
20
0.3822204724409449
11
0.7940229527559055
21
0.3829097637795276
0
LINE
8
BLACK
6
CONTINUOUS
10
0.7940229527559055
20
0.3829097637795276
11
0.7910852362204724
21
0.3848726377952756
0
LINE
8
BLACK
6
CONTINUOUS
10
0.7910852362204724
20
0.3848726377952756
11
0.7891223622047244
21
0.3878103543307087
0
LINE
8
BLACK
6
CONTINUOUS
10
0.7891223622047244
20
0.3878103543307087
11
0.7884330708661417
21
0.3912755905511811
0
LINE
8
BLACK
6
CONTINUOUS
10
0.7884330708661417
20
0.3912755905511811
11
0.7884330708661417
21
0.4463937007874015
0
LINE
8
BLACK
6
CONTINUOUS
10
0.7884330708661417
20
0.4463937007874015
11
0.7891223622047244
21
0.449858937007874
0
LINE
8
BLACK
6
CONTINUOUS
10
0.7891223622047244
20
0.449858937007874
11
0.7910852362204724
21
0.4527966535433071
0
LINE
8
BLACK
6
CONTINUOUS
10
0.7910852362204724
20
0.4527966535433071
11
0.7940229527559055
21
0.4547595275590551
0
LINE
8
BLACK
6
CONTINUOUS
10
0.7940229527559055
20
0.4547595275590551
11
0.797488188976378
21
0.4554488188976378
0
LINE
8
BLACK
6
CONTINUOUS
10
0.797488188976378
20
0.4554488188976378
11
0.8092992125984252
21
0.4554488188976378
0
LINE
8
BLACK
6
CONTINUOUS
10
0.8092992125984252
20
0.4554488188976378
11
0.8127644488188976
21
0.4547595275590551
0
LINE
8
BLACK
6
CONTINUOUS
10
0.8619770472440945
20
0.4547595275590551
11
0.8649147637795276
21
0.4527966535433071
0
LINE
8
BLACK
6
CONTINUOUS
10
0.8649147637795276
20
0.4527966535433071
11
0.8668776377952756
21
0.449858937007874
0
LINE
8
BLACK
6
CONTINUOUS
10
0.8668776377952756
20
0.449858937007874
11
0.8675669291338582
21
0.4463937007874015
0
LINE
8
BLACK
6
CONTINUOUS
10
0.8675669291338582
20
0.4463937007874015
11
0.8675669291338582
21
0.3912755905511811
0
LINE
8
BLACK
6
CONTINUOUS
10
0.8675669291338582
20
0.3912755905511811
11
0.8668776377952756
21
0.3878103543307087
0
LINE
8
BLACK
6
CONTINUOUS
10
0.8668776377952756
20
0.3878103543307087
11
0.8649147637795276
21
0.3848726377952756
0
LINE
8
BLACK
6
CONTINUOUS
10
0.8649147637795276
20
0.3848726377952756
11
0.8619770472440945
21
0.3829097637795276
0
LINE
8
BLACK
6
CONTINUOUS
10
0.8619770472440945
20
0.3829097637795276
11
0.8585118110236221
21
0.3822204724409449
0
LINE
8
BLACK
6
CONTINUOUS
10
0.8585118110236221
20
0.3822204724409449
11
0.8467007874015748
21
0.3822204724409449
0
LINE
8
BLACK
6
CONTINUOUS
10
0.8467007874015748
20
0.3822204724409449
11
0.8432355511811024
21
0.3829097637795276
0
LINE
8
BLACK
6
CONTINUOUS
10
0.8432355511811024
20
0.3829097637795276
11
0.8402978346456693
21
0.3848726377952756
0
LINE
8
BLACK
6
CONTINUOUS
10
0.8402978346456693
20
0.3848726377952756
11
0.8383349606299212
21
0.3878103543307087
0
LINE
8
BLACK
6
CONTINUOUS
10
0.8383349606299212
20
0.3878103543307087
11
0.8376456692913385
21
0.3912755905511811
0
LINE
8
BLACK
6
CONTINUOUS
10
0.8376456692913385
20
0.3912755905511811
11
0.8376456692913385
21
0.4463937007874015
0
LINE
8
BLACK
6
CONTINUOUS
10
0.8376456692913385
20
0.4463937007874015
11
0.8383349606299212
21
0.449858937007874
0
LINE
8
BLACK
6
CONTINUOUS
10
0.8383349606299212
20
0.449858937007874
11
0.8402978346456693
21
0.4527966535433071
0
LINE
8
BLACK
6
CONTINUOUS
10
0.8402978346456693
20
0.4527966535433071
11
0.8432355511811024
21
0.4547595275590551
0
LINE
8
BLACK
6
CONTINUOUS
10
0.8432355511811024
20
0.4547595275590551
11
0.8467007874015748
21
0.4554488188976378
0
LINE
8
BLACK
6
CONTINUOUS
10
0.8467007874015748
20
0.4554488188976378
11
0.8585118110236221
21
0.4554488188976378
0
LINE
8
BLACK
6
CONTINUOUS
10
0.8585118110236221
20
0.4554488188976378
11
0.8619770472440945
21
0.4547595275590551
0
LINE
8
BLACK
6
CONTINUOUS
10
0.9111896456692913
20
0.4547595275590551
11
0.9141273622047243
21
0.4527966535433071
0
LINE
8
BLACK
6
CONTINUOUS
10
0.9141273622047243
20
0.4527966535433071
11
0.9160902362204724
21
0.449858937007874
0
LINE
8
BLACK
6
CONTINUOUS
10
0.9160902362204724
20
0.449858937007874
11
0.9167795275590551
21
0.4463937007874015
0
LINE
8
BLACK
6
CONTINUOUS
10
0.9167795275590551
20
0.4463937007874015
11
0.9167795275590551
21
0.3912755905511811
0
LINE
8
BLACK
6
CONTINUOUS
10
0.9167795275590551
20
0.3912755905511811
11
0.9160902362204724
21
0.3878103543307087
0
LINE
8
BLACK
6
CONTINUOUS
10
0.9160902362204724
20
0.3878103543307087
11
0.9141273622047243
21
0.3848726377952756
0
LINE
8
BLACK
6
CONTINUOUS
10
0.9141273622047243
20
0.3848726377952756
11
0.9111896456692913
21
0.3829097637795276
0
LINE
8
BLACK
6
CONTINUOUS
10
0.9111896456692913
20
0.3829097637795276
11
0.9077244094488188
21
0.3822204724409449
0
LINE
8
BLACK
6
CONTINUOUS
10
0.9077244094488188
20
0.3822204724409449
11
0.8959133858267716
21
0.3822204724409449
0
LINE
8
BLACK
6
CONTINUOUS
10
0.8959133858267716
20
0.3822204724409449
11
0.8924481496062991
21
0.3829097637795276
0
LINE
8
BLACK
6
CONTINUOUS
10
0.8924481496062991
20
0.3829097637795276
11
0.8895104330708661
21
0.3848726377952756
0
LINE
8
BLACK
6
CONTINUOUS
10
0.8895104330708661
20
0.3848726377952756
11
0.8875475590551181
21
0.3878103543307087
0
LINE
8
BLACK
6
CONTINUOUS
10
0.8875475590551181
20
0.3878103543307087
11
0.8868582677165354
21
0.3912755905511811
0
LINE
8
BLACK
6
CONTINUOUS
10
0.8868582677165354
20
0.3912755905511811
11
0.8868582677165354
21
0.4463937007874015
0
LINE
8
BLACK
6
CONTINUOUS
10
0.8868582677165354
20
0.4463937007874015
11
0.8875475590551181
21
0.449858937007874
0
LINE
8
BLACK
6
CONTINUOUS
10
0.8875475590551181
20
0.449858937007874
11
0.8895104330708661
21
0.4527966535433071
0
LINE
8
BLACK
6
CONTINUOUS
10
0.8895104330708661
20
0.4527966535433071
11
0.8924481496062991
21
0.4547595275590551
0
LINE
8
BLACK
6
CONTINUOUS
10
0.8924481496062991
20
0.4547595275590551
11
0.8959133858267716
21
0.4554488188976378
0
LINE
8
BLACK
6
CONTINUOUS
10
0.8959133858267716
20
0.4554488188976378
11
0.9077244094488188
21
0.4554488188976378
0
LINE
8
BLACK
6
CONTINUOUS
10
0.9077244094488188
20
0.4554488188976378
11
0.9111896456692913
21
0.4547595275590551
0
LINE
8
BLACK
6
CONTINUOUS
10
0.9604022440944882
20
0.4547595275590551
11
0.9633399606299212
21
0.4527966535433071
0
LINE
8
BLACK
6
CONTINUOUS
10
0.9633399606299212
20
0.4527966535433071
11
0.9653028346456692
21
0.449858937007874
0
LINE
8
BLACK
6
CONTINUOUS
10
0.9653028346456692
20
0.449858937007874
11
0.965992125984252
21
0.4463937007874015
0
LINE
8
BLACK
6
CONTINUOUS
10
0.965992125984252
20
0.4463937007874015
11
0.965992125984252
21
0.3912755905511811
0
LINE
8
BLACK
6
CONTINUOUS
10
0.965992125984252
20
0.3912755905511811
11
0.9653028346456692
21
0.3878103543307087
0
LINE
8
BLACK
6
CONTINUOUS
10
0.9653028346456692
20
0.3878103543307087
11
0.9633399606299212
21
0.3848726377952756
0
LINE
8
BLACK
6
CONTINUOUS
10
0.9633399606299212
20
0.3848726377952756
11
0.9604022440944882
21
0.3829097637795276
0
LINE
8
BLACK
6
CONTINUOUS
10
0.9604022440944882
20
0.3829097637795276
11
0.9569370078740157
21
0.3822204724409449
0
LINE
8
BLACK
6
CONTINUOUS
10
0.9569370078740157
20
0.3822204724409449
11
0.9451259842519685
21
0.3822204724409449
0
LINE
8
BLACK
6
CONTINUOUS
10
0.9451259842519685
20
0.3822204724409449
11
0.941660748031496
21
0.3829097637795276
0
LINE
8
BLACK
6
CONTINUOUS
10
0.941660748031496
20
0.3829097637795276
11
0.938723031496063
21
0.3848726377952756
0
LINE
8
BLACK
6
CONTINUOUS
10
0.938723031496063
20
0.3848726377952756
11
0.9367601574803149
21
0.3878103543307087
0
LINE
8
BLACK
6
CONTINUOUS
10
0.9367601574803149
20
0.3878103543307087
11
0.9360708661417323
21
0.3912755905511811
0
LINE
8
BLACK
6
CONTINUOUS
10
0.9360708661417323
20
0.3912755905511811
11
0.9360708661417323
21
0.4463937007874015
0
LINE
8
BLACK
6
CONTINUOUS
10
0.9360708661417323
20
0.4463937007874015
11
0.9367601574803149
21
0.449858937007874
0
LINE
8
BLACK
6
CONTINUOUS
10
0.9367601574803149
20
0.449858937007874
11
0.938723031496063
21
0.4527966535433071
0
LINE
8
BLACK
6
CONTINUOUS
10
0.938723031496063
20
0.4527966535433071
11
0.941660748031496
21
0.4547595275590551
0
LINE
8
BLACK
6
CONTINUOUS
10
0.941660748031496
20
0.4547595275590551
11
0.9451259842519685
21
0.4554488188976378
0
LINE
8
BLACK
6
CONTINUOUS
10
0.9451259842519685
20
0.4554488188976378
11
0.9569370078740157
21
0.4554488188976378
0
LINE
8
BLACK
6
CONTINUOUS
10
0.9569370078740157
20
0.4554488188976378
11
0.9604022440944882
21
0.4547595275590551
0
LINE
8
BLACK
6
CONTINUOUS
10
1.0096148425196849
20
0.4547595275590551
11
1.0125525590551181
21
0.4527966535433071
0
LINE
8
BLACK
6
CONTINUOUS
10
1.0125525590551181
20
0.4527966535433071
11
1.0145154330708661
21
0.449858937007874
0
LINE
8
BLACK
6
CONTINUOUS
10
1.0145154330708661
20
0.449858937007874
11
1.0152047244094489
21
0.4463937007874015
0
LINE
8
BLACK
6
CONTINUOUS
10
1.0152047244094489
20
0.4463937007874015
11
1.0152047244094489
21
0.3912755905511811
0
LINE
8
BLACK
6
CONTINUOUS
10
1.0152047244094489
20
0.3912755905511811
11
1.0145154330708661
21
0.3878103543307087
0
LINE
8
BLACK
6
CONTINUOUS
10
1.0145154330708661
20
0.3878103543307087
11
1.0125525590551181
21
0.3848726377952756
0
LINE
8
BLACK
6
CONTINUOUS
10
1.0125525590551181
20
0.3848726377952756
11
1.0096148425196849
21
0.3829097637795276
0
LINE
8
BLACK
6
CONTINUOUS
10
1.0096148425196849
20
0.3829097637795276
11
1.0061496062992126
21
0.3822204724409449
0
LINE
8
BLACK
6
CONTINUOUS
10
1.0061496062992126
20
0.3822204724409449
11
0.9943385826771654
21
0.3822204724409449
0
LINE
8
BLACK
6
CONTINUOUS
10
0.9943385826771654
20
0.3822204724409449
11
0.9908733464566929
21
0.3829097637795276
0
LINE
8
BLACK
6
CONTINUOUS
10
0.9908733464566929
20
0.3829097637795276
11
0.9879356299212598
21
0.3848726377952756
0
LINE
8
BLACK
6
CONTINUOUS
10
0.9879356299212598
20
0.3848726377952756
11
0.9859727559055118
21
0.3878103543307087
0
LINE
8
BLACK
6
CONTINUOUS
10
0.9859727559055118
20
0.3878103543307087
11
0.9852834645669291
21
0.3912755905511811
0
LINE
8
BLACK
6
CONTINUOUS
10
0.9852834645669291
20
0.3912755905511811
11
0.9852834645669291
21
0.4463937007874015
0
LINE
8
BLACK
6
CONTINUOUS
10
0.9852834645669291
20
0.4463937007874015
11
0.9859727559055118
21
0.449858937007874
0
LINE
8
BLACK
6
CONTINUOUS
10
0.9859727559055118
20
0.449858937007874
11
0.9879356299212598
21
0.4527966535433071
0
LINE
8
BLACK
6
CONTINUOUS
10
0.9879356299212598
20
0.4527966535433071
11
0.9908733464566929
21
0.4547595275590551
0
LINE
8
BLACK
6
CONTINUOUS
10
0.9908733464566929
20
0.4547595275590551
11
0.9943385826771654
21
0.4554488188976378
0
LINE
8
BLACK
6
CONTINUOUS
10
0.9943385826771654
20
0.4554488188976378
11
1.0061496062992126
21
0.4554488188976378
0
LINE
8
BLACK
6
CONTINUOUS
10
1.0061496062992126
20
0.4554488188976378
11
1.0096148425196849
21
0.4547595275590551
0
LINE
8
BLACK
6
CONTINUOUS
10
2.2893392519685039
20
0.4567595275590551
11
2.2922769685039368
21
0.4547966535433071
0
LINE
8
BLACK
6
CONTINUOUS
10
2.2922769685039368
20
0.4547966535433071
11
2.2942398425196848
21
0.451858937007874
0
LINE
8
BLACK
6
CONTINUOUS
10
2.2942398425196848
20
0.451858937007874
11
2.2949291338582678
21
0.4483937007874015
0
LINE
8
BLACK
6
CONTINUOUS
10
2.2949291338582678
20
0.4483937007874015
11
2.2949291338582678
21
0.3932755905511811
0
LINE
8
BLACK
6
CONTINUOUS
10
2.2949291338582678
20
0.3932755905511811
11
2.2942398425196848
21
0.3898103543307087
0
LINE
8
BLACK
6
CONTINUOUS
10
2.2942398425196848
20
0.3898103543307087
11
2.2922769685039368
21
0.3868726377952756
0
LINE
8
BLACK
6
CONTINUOUS
10
2.2922769685039368
20
0.3868726377952756
11
2.2893392519685039
21
0.3849097637795276
0
LINE
8
BLACK
6
CONTINUOUS
10
2.2893392519685039
20
0.3849097637795276
11
2.2858740157480315
21
0.3842204724409449
0
LINE
8
BLACK
6
CONTINUOUS
10
2.2858740157480315
20
0.3842204724409449
11
2.2740629921259843
21
0.3842204724409449
0
LINE
8
BLACK
6
CONTINUOUS
10
2.2740629921259843
20
0.3842204724409449
11
2.2705977559055119
21
0.3849097637795276
0
LINE
8
BLACK
6
CONTINUOUS
10
2.2705977559055119
20
0.3849097637795276
11
2.2676600393700785
21
0.3868726377952756
0
LINE
8
BLACK
6
CONTINUOUS
10
2.2676600393700785
20
0.3868726377952756
11
2.2656971653543305
21
0.3898103543307087
0
LINE
8
BLACK
6
CONTINUOUS
10
2.2656971653543305
20
0.3898103543307087
11
2.265007874015748
21
0.3932755905511811
0
LINE
8
BLACK
6
CONTINUOUS
10
2.265007874015748
20
0.3932755905511811
11
2.265007874015748
21
0.4483937007874015
0
LINE
8
BLACK
6
CONTINUOUS
10
2.265007874015748
20
0.4483937007874015
11
2.2656971653543305
21
0.451858937007874
0
LINE
8
BLACK
6
CONTINUOUS
10
2.2656971653543305
20
0.451858937007874
11
2.2676600393700785
21
0.4547966535433071
0
LINE
8
BLACK
6
CONTINUOUS
10
2.2676600393700785
20
0.4547966535433071
11
2.2705977559055119
21
0.4567595275590551
0
LINE
8
BLACK
6
CONTINUOUS
10
2.2705977559055119
20
0.4567595275590551
11
2.2740629921259843
21
0.4574488188976378
0
LINE
8
BLACK
6
CONTINUOUS
10
2.2740629921259843
20
0.4574488188976378
11
2.2858740157480315
21
0.4574488188976378
0
LINE
8
BLACK
6
CONTINUOUS
10
2.2858740157480315
20
0.4574488188976378
11
2.2893392519685039
21
0.4567595275590551
0
LINE
8
BLACK
6
CONTINUOUS
10
2.3385518503937006
20
0.4567595275590551
11
2.341489566929134
21
0.4547966535433071
0
LINE
8
BLACK
6
CONTINUOUS
10
2.341489566929134
20
0.4547966535433071
11
2.343452440944882
21
0.451858937007874
0
LINE
8
BLACK
6
CONTINUOUS
10
2.343452440944882
20
0.451858937007874
11
2.3441417322834646
21
0.4483937007874015
0
LINE
8
BLACK
6
CONTINUOUS
10
2.3441417322834646
20
0.4483937007874015
11
2.3441417322834646
21
0.3932755905511811
0
LINE
8
BLACK
6
CONTINUOUS
10
2.3441417322834646
20
0.3932755905511811
11
2.343452440944882
21
0.3898103543307087
0
LINE
8
BLACK
6
CONTINUOUS
10
2.343452440944882
20
0.3898103543307087
11
2.341489566929134
21
0.3868726377952756
0
LINE
8
BLACK
6
CONTINUOUS
10
2.341489566929134
20
0.3868726377952756
11
2.3385518503937006
21
0.3849097637795276
0
LINE
8
BLACK
6
CONTINUOUS
10
2.3385518503937006
20
0.3849097637795276
11
2.3350866141732283
21
0.3842204724409449
0
LINE
8
BLACK
6
CONTINUOUS
10
2.3350866141732283
20
0.3842204724409449
11
2.323275590551181
21
0.3842204724409449
0
LINE
8
BLACK
6
CONTINUOUS
10
2.323275590551181
20
0.3842204724409449
11
2.3198103543307087
21
0.3849097637795276
0
LINE
8
BLACK
6
CONTINUOUS
10
2.3198103543307087
20
0.3849097637795276
11
2.3168726377952757
21
0.3868726377952756
0
LINE
8
BLACK
6
CONTINUOUS
10
2.3168726377952757
20
0.3868726377952756
11
2.3149097637795273
21
0.3898103543307087
0
LINE
8
BLACK
6
CONTINUOUS
10
2.3149097637795273
20
0.3898103543307087
11
2.3142204724409448
21
0.3932755905511811
0
LINE
8
BLACK
6
CONTINUOUS
10
2.3142204724409448
20
0.3932755905511811
11
2.3142204724409448
21
0.4483937007874015
0
LINE
8
BLACK
6
CONTINUOUS
10
2.3142204724409448
20
0.4483937007874015
11
2.3149097637795273
21
0.451858937007874
0
LINE
8
BLACK
6
CONTINUOUS
10
2.3149097637795273
20
0.451858937007874
11
2.3168726377952757
21
0.4547966535433071
0
LINE
8
BLACK
6
CONTINUOUS
10
2.3168726377952757
20
0.4547966535433071
11
2.3198103543307087
21
0.4567595275590551
0
LINE
8
BLACK
6
CONTINUOUS
10
2.3198103543307087
20
0.4567595275590551
11
2.323275590551181
21
0.4574488188976378
0
LINE
8
BLACK
6
CONTINUOUS
10
2.323275590551181
20
0.4574488188976378
11
2.3350866141732283
21
0.4574488188976378
0
LINE
8
BLACK
6
CONTINUOUS
10
2.3350866141732283
20
0.4574488188976378
11
2.3385518503937006
21
0.4567595275590551
0
LINE
8
BLACK
6
CONTINUOUS
10
2.3877644488188974
20
0.4567595275590551
11
2.3907021653543308
21
0.4547966535433071
0
LINE
8
BLACK
6
CONTINUOUS
10
2.3907021653543308
20
0.4547966535433071
11
2.3926650393700788
21
0.451858937007874
0
LINE
8
BLACK
6
CONTINUOUS
10
2.3926650393700788
20
0.451858937007874
11
2.3933543307086613
21
0.4483937007874015
0
LINE
8
BLACK
6
CONTINUOUS
10
2.3933543307086613
20
0.4483937007874015
11
2.3933543307086613
21
0.3932755905511811
0
LINE
8
BLACK
6
CONTINUOUS
10
2.3933543307086613
20
0.3932755905511811
11
2.3926650393700788
21
0.3898103543307087
0
LINE
8
BLACK
6
CONTINUOUS
10
2.3926650393700788
20
0.3898103543307087
11
2.3907021653543308
21
0.3868726377952756
0
LINE
8
BLACK
6
CONTINUOUS
10
2.3907021653543308
20
0.3868726377952756
11
2.3877644488188974
21
0.3849097637795276
0
LINE
8
BLACK
6
CONTINUOUS
10
2.3877644488188974
20
0.3849097637795276
11
2.384299212598425
21
0.3842204724409449
0
LINE
8
BLACK
6
CONTINUOUS
10
2.384299212598425
20
0.3842204724409449
11
2.3724881889763778
21
0.3842204724409449
0
LINE
8
BLACK
6
CONTINUOUS
10
2.3724881889763778
20
0.3842204724409449
11
2.3690229527559055
21
0.3849097637795276
0
LINE
8
BLACK
6
CONTINUOUS
10
2.3690229527559055
20
0.3849097637795276
11
2.3660852362204725
21
0.3868726377952756
0
LINE
8
BLACK
6
CONTINUOUS
10
2.3660852362204725
20
0.3868726377952756
11
2.3641223622047245
21
0.3898103543307087
0
LINE
8
BLACK
6
CONTINUOUS
10
2.3641223622047245
20
0.3898103543307087
11
2.3634330708661415
21
0.3932755905511811
0
LINE
8
BLACK
6
CONTINUOUS
10
2.3634330708661415
20
0.3932755905511811
11
2.3634330708661415
21
0.4483937007874015
0
LINE
8
BLACK
6
CONTINUOUS
10
2.3634330708661415
20
0.4483937007874015
11
2.3641223622047245
21
0.451858937007874
0
LINE
8
BLACK
6
CONTINUOUS
10
2.3641223622047245
20
0.451858937007874
11
2.3660852362204725
21
0.4547966535433071
0
LINE
8
BLACK
6
CONTINUOUS
10
2.3660852362204725
20
0.4547966535433071
11
2.3690229527559055
21
0.4567595275590551
0
LINE
8
BLACK
6
CONTINUOUS
10
2.3690229527559055
20
0.4567595275590551
11
2.3724881889763778
21
0.4574488188976378
0
LINE
8
BLACK
6
CONTINUOUS
10
2.3724881889763778
20
0.4574488188976378
11
2.384299212598425
21
0.4574488188976378
0
LINE
8
BLACK
6
CONTINUOUS
10
2.384299212598425
20
0.4574488188976378
11
2.3877644488188974
21
0.4567595275590551
0
LINE
8
BLACK
6
CONTINUOUS
10
2.4369770472440946
20
0.4567595275590551
11
2.4399147637795275
21
0.4547966535433071
0
LINE
8
BLACK
6
CONTINUOUS
10
2.4399147637795275
20
0.4547966535433071
11
2.4418776377952756
21
0.451858937007874
0
LINE
8
BLACK
6
CONTINUOUS
10
2.4418776377952756
20
0.451858937007874
11
2.4425669291338581
21
0.4483937007874015
0
LINE
8
BLACK
6
CONTINUOUS
10
2.4425669291338581
20
0.4483937007874015
11
2.4425669291338581
21
0.3932755905511811
0
LINE
8
BLACK
6
CONTINUOUS
10
2.4425669291338581
20
0.3932755905511811
11
2.4418776377952756
21
0.3898103543307087
0
LINE
8
BLACK
6
CONTINUOUS
10
2.4418776377952756
20
0.3898103543307087
11
2.4399147637795275
21
0.3868726377952756
0
LINE
8
BLACK
6
CONTINUOUS
10
2.4399147637795275
20
0.3868726377952756
11
2.4369770472440946
21
0.3849097637795276
0
LINE
8
BLACK
6
CONTINUOUS
10
2.4369770472440946
20
0.3849097637795276
11
2.4335118110236218
21
0.3842204724409449
0
LINE
8
BLACK
6
CONTINUOUS
10
2.4335118110236218
20
0.3842204724409449
11
2.4217007874015746
21
0.3842204724409449
0
LINE
8
BLACK
6
CONTINUOUS
10
2.4217007874015746
20
0.3842204724409449
11
2.4182355511811022
21
0.3849097637795276
0
LINE
8
BLACK
6
CONTINUOUS
10
2.4182355511811022
20
0.3849097637795276
11
2.4152978346456693
21
0.3868726377952756
0
LINE
8
BLACK
6
CONTINUOUS
10
2.4152978346456693
20
0.3868726377952756
11
2.4133349606299213
21
0.3898103543307087
0
LINE
8
BLACK
6
CONTINUOUS
10
2.4133349606299213
20
0.3898103543307087
11
2.4126456692913387
21
0.3932755905511811
0
LINE
8
BLACK
6
CONTINUOUS
10
2.4126456692913387
20
0.3932755905511811
11
2.4126456692913387
21
0.4483937007874015
0
LINE
8
BLACK
6
CONTINUOUS
10
2.4126456692913387
20
0.4483937007874015
11
2.4133349606299213
21
0.451858937007874
0
LINE
8
BLACK
6
CONTINUOUS
10
2.4133349606299213
20
0.451858937007874
11
2.4152978346456693
21
0.4547966535433071
0
LINE
8
BLACK
6
CONTINUOUS
10
2.4152978346456693
20
0.4547966535433071
11
2.4182355511811022
21
0.4567595275590551
0
LINE
8
BLACK
6
CONTINUOUS
10
2.4182355511811022
20
0.4567595275590551
11
2.4217007874015746
21
0.4574488188976378
0
LINE
8
BLACK
6
CONTINUOUS
10
2.4217007874015746
20
0.4574488188976378
11
2.4335118110236218
21
0.4574488188976378
0
LINE
8
BLACK
6
CONTINUOUS
10
2.4335118110236218
20
0.4574488188976378
11
2.4369770472440946
21
0.4567595275590551
0
LINE
8
BLACK
6
CONTINUOUS
10
2.4861896456692913
20
0.4567595275590551
11
2.4891273622047243
21
0.4547966535433071
0
LINE
8
BLACK
6
CONTINUOUS
10
2.4891273622047243
20
0.4547966535433071
11
2.4910902362204723
21
0.451858937007874
0
LINE
8
BLACK
6
CONTINUOUS
10
2.4910902362204723
20
0.451858937007874
11
2.4917795275590549
21
0.4483937007874015
0
LINE
8
BLACK
6
CONTINUOUS
10
2.4917795275590549
20
0.4483937007874015
11
2.4917795275590549
21
0.3932755905511811
0
LINE
8
BLACK
6
CONTINUOUS
10
2.4917795275590549
20
0.3932755905511811
11
2.4910902362204723
21
0.3898103543307087
0
LINE
8
BLACK
6
CONTINUOUS
10
2.4910902362204723
20
0.3898103543307087
11
2.4891273622047243
21
0.3868726377952756
0
LINE
8
BLACK
6
CONTINUOUS
10
2.4891273622047243
20
0.3868726377952756
11
2.4861896456692913
21
0.3849097637795276
0
LINE
8
BLACK
6
CONTINUOUS
10
2.4861896456692913
20
0.3849097637795276
11
2.482724409448819
21
0.3842204724409449
0
LINE
8
BLACK
6
CONTINUOUS
10
2.482724409448819
20
0.3842204724409449
11
2.4709133858267718
21
0.3842204724409449
0
LINE
8
BLACK
6
CONTINUOUS
10
2.4709133858267718
20
0.3842204724409449
11
2.467448149606299
21
0.3849097637795276
0
LINE
8
BLACK
6
CONTINUOUS
10
2.467448149606299
20
0.3849097637795276
11
2.464510433070866
21
0.3868726377952756
0
LINE
8
BLACK
6
CONTINUOUS
10
2.464510433070866
20
0.3868726377952756
11
2.462547559055118
21
0.3898103543307087
0
LINE
8
BLACK
6
CONTINUOUS
10
2.462547559055118
20
0.3898103543307087
11
2.4618582677165355
21
0.3932755905511811
0
LINE
8
BLACK
6
CONTINUOUS
10
2.4618582677165355
20
0.3932755905511811
11
2.4618582677165355
21
0.4483937007874015
0
LINE
8
BLACK
6
CONTINUOUS
10
2.4618582677165355
20
0.4483937007874015
11
2.462547559055118
21
0.451858937007874
0
LINE
8
BLACK
6
CONTINUOUS
10
2.462547559055118
20
0.451858937007874
11
2.464510433070866
21
0.4547966535433071
0
LINE
8
BLACK
6
CONTINUOUS
10
2.464510433070866
20
0.4547966535433071
11
2.467448149606299
21
0.4567595275590551
0
LINE
8
BLACK
6
CONTINUOUS
10
2.467448149606299
20
0.4567595275590551
11
2.4709133858267718
21
0.4574488188976378
0
LINE
8
BLACK
6
CONTINUOUS
10
2.4709133858267718
20
0.4574488188976378
11
2.482724409448819
21
0.4574488188976378
0
LINE
8
BLACK
6
CONTINUOUS
10
2.482724409448819
20
0.4574488188976378
11
2.4861896456692913
21
0.4567595275590551
0
LINE
8
BLACK
6
CONTINUOUS
10
2.5354022440944881
20
0.4567595275590551
11
2.5383399606299211
21
0.4547966535433071
0
LINE
8
BLACK
6
CONTINUOUS
10
2.5383399606299211
20
0.4547966535433071
11
2.5403028346456691
21
0.451858937007874
0
LINE
8
BLACK
6
CONTINUOUS
10
2.5403028346456691
20
0.451858937007874
11
2.5409921259842521
21
0.4483937007874015
0
LINE
8
BLACK
6
CONTINUOUS
10
2.5409921259842521
20
0.4483937007874015
11
2.5409921259842521
21
0.3932755905511811
0
LINE
8
BLACK
6
CONTINUOUS
10
2.5409921259842521
20
0.3932755905511811
11
2.5403028346456691
21
0.3898103543307087
0
LINE
8
BLACK
6
CONTINUOUS
10
2.5403028346456691
20
0.3898103543307087
11
2.5383399606299211
21
0.3868726377952756
0
LINE
8
BLACK
6
CONTINUOUS
10
2.5383399606299211
20
0.3868726377952756
11
2.5354022440944881
21
0.3849097637795276
0
LINE
8
BLACK
6
CONTINUOUS
10
2.5354022440944881
20
0.3849097637795276
11
2.5319370078740158
21
0.3842204724409449
0
LINE
8
BLACK
6
CONTINUOUS
10
2.5319370078740158
20
0.3842204724409449
11
2.5201259842519685
21
0.3842204724409449
0
LINE
8
BLACK
6
CONTINUOUS
10
2.5201259842519685
20
0.3842204724409449
11
2.5166607480314962
21
0.3849097637795276
0
LINE
8
BLACK
6
CONTINUOUS
10
2.5166607480314962
20
0.3849097637795276
11
2.5137230314960628
21
0.3868726377952756
0
LINE
8
BLACK
6
CONTINUOUS
10
2.5137230314960628
20
0.3868726377952756
11
2.5117601574803148
21
0.3898103543307087
0
LINE
8
BLACK
6
CONTINUOUS
10
2.5117601574803148
20
0.3898103543307087
11
2.5110708661417322
21
0.3932755905511811
0
LINE
8
BLACK
6
CONTINUOUS
10
2.5110708661417322
20
0.3932755905511811
11
2.5110708661417322
21
0.4483937007874015
0
LINE
8
BLACK
6
CONTINUOUS
10
2.5110708661417322
20
0.4483937007874015
11
2.5117601574803148
21
0.451858937007874
0
LINE
8
BLACK
6
CONTINUOUS
10
2.5117601574803148
20
0.451858937007874
11
2.5137230314960628
21
0.4547966535433071
0
LINE
8
BLACK
6
CONTINUOUS
10
2.5137230314960628
20
0.4547966535433071
11
2.5166607480314962
21
0.4567595275590551
0
LINE
8
BLACK
6
CONTINUOUS
10
2.5166607480314962
20
0.4567595275590551
11
2.5201259842519685
21
0.4574488188976378
0
LINE
8
BLACK
6
CONTINUOUS
10
2.5201259842519685
20
0.4574488188976378
11
2.5319370078740158
21
0.4574488188976378
0
LINE
8
BLACK
6
CONTINUOUS
10
2.5319370078740158
20
0.4574488188976378
11
2.5354022440944881
21
0.4567595275590551
0
LINE
8
BLACK
6
CONTINUOUS
10
1.7507329527559055
20
0.4577595275590551
11
1.7536706692913386
21
0.4557966535433071
0
LINE
8
BLACK
6
CONTINUOUS
10
1.7536706692913386
20
0.4557966535433071
11
1.7556335433070867
21
0.452858937007874
0
LINE
8
BLACK
6
CONTINUOUS
10
1.7556335433070867
20
0.452858937007874
11
1.7563228346456692
21
0.4493937007874015
0
LINE
8
BLACK
6
CONTINUOUS
10
1.7563228346456692
20
0.4493937007874015
11
1.7563228346456692
21
0.3942755905511811
0
LINE
8
BLACK
6
CONTINUOUS
10
1.7563228346456692
20
0.3942755905511811
11
1.7556335433070867
21
0.3908103543307087
0
LINE
8
BLACK
6
CONTINUOUS
10
1.7556335433070867
20
0.3908103543307087
11
1.7536706692913386
21
0.3878726377952756
0
LINE
8
BLACK
6
CONTINUOUS
10
1.7536706692913386
20
0.3878726377952756
11
1.7507329527559055
21
0.3859097637795276
0
LINE
8
BLACK
6
CONTINUOUS
10
1.7507329527559055
20
0.3859097637795276
11
1.7472677165354331
21
0.3852204724409449
0
LINE
8
BLACK
6
CONTINUOUS
10
1.7472677165354331
20
0.3852204724409449
11
1.7354566929133859
21
0.3852204724409449
0
LINE
8
BLACK
6
CONTINUOUS
10
1.7354566929133859
20
0.3852204724409449
11
1.7319914566929133
21
0.3859097637795276
0
LINE
8
BLACK
6
CONTINUOUS
10
1.7319914566929133
20
0.3859097637795276
11
1.7290537401574804
21
0.3878726377952756
0
LINE
8
BLACK
6
CONTINUOUS
10
1.7290537401574804
20
0.3878726377952756
11
1.7270908661417324
21
0.3908103543307087
0
LINE
8
BLACK
6
CONTINUOUS
10
1.7270908661417324
20
0.3908103543307087
11
1.7264015748031496
21
0.3942755905511811
0
LINE
8
BLACK
6
CONTINUOUS
10
1.7264015748031496
20
0.3942755905511811
11
1.7264015748031496
21
0.4493937007874015
0
LINE
8
BLACK
6
CONTINUOUS
10
1.7264015748031496
20
0.4493937007874015
11
1.7270908661417324
21
0.452858937007874
0
LINE
8
BLACK
6
CONTINUOUS
10
1.7270908661417324
20
0.452858937007874
11
1.7290537401574804
21
0.4557966535433071
0
LINE
8
BLACK
6
CONTINUOUS
10
1.7290537401574804
20
0.4557966535433071
11
1.7319914566929133
21
0.4577595275590551
0
LINE
8
BLACK
6
CONTINUOUS
10
1.7319914566929133
20
0.4577595275590551
11
1.7354566929133859
21
0.4584488188976378
0
LINE
8
BLACK
6
CONTINUOUS
10
1.7354566929133859
20
0.4584488188976378
11
1.7472677165354331
21
0.4584488188976378
0
LINE
8
BLACK
6
CONTINUOUS
10
1.7472677165354331
20
0.4584488188976378
11
1.7507329527559055
21
0.4577595275590551
0
LINE
8
BLACK
6
CONTINUOUS
10
1.7999455511811022
20
0.4577595275590551
11
1.8028832677165354
21
0.4557966535433071
0
LINE
8
BLACK
6
CONTINUOUS
10
1.8028832677165354
20
0.4557966535433071
11
1.8048461417322834
21
0.452858937007874
0
LINE
8
BLACK
6
CONTINUOUS
10
1.8048461417322834
20
0.452858937007874
11
1.8055354330708662
21
0.4493937007874015
0
LINE
8
BLACK
6
CONTINUOUS
10
1.8055354330708662
20
0.4493937007874015
11
1.8055354330708662
21
0.3942755905511811
0
LINE
8
BLACK
6
CONTINUOUS
10
1.8055354330708662
20
0.3942755905511811
11
1.8048461417322834
21
0.3908103543307087
0
LINE
8
BLACK
6
CONTINUOUS
10
1.8048461417322834
20
0.3908103543307087
11
1.8028832677165354
21
0.3878726377952756
0
LINE
8
BLACK
6
CONTINUOUS
10
1.8028832677165354
20
0.3878726377952756
11
1.7999455511811022
21
0.3859097637795276
0
LINE
8
BLACK
6
CONTINUOUS
10
1.7999455511811022
20
0.3859097637795276
11
1.7964803149606299
21
0.3852204724409449
0
LINE
8
BLACK
6
CONTINUOUS
10
1.7964803149606299
20
0.3852204724409449
11
1.7846692913385827
21
0.3852204724409449
0
LINE
8
BLACK
6
CONTINUOUS
10
1.7846692913385827
20
0.3852204724409449
11
1.7812040551181101
21
0.3859097637795276
0
LINE
8
BLACK
6
CONTINUOUS
10
1.7812040551181101
20
0.3859097637795276
11
1.7782663385826771
21
0.3878726377952756
0
LINE
8
BLACK
6
CONTINUOUS
10
1.7782663385826771
20
0.3878726377952756
11
1.7763034645669291
21
0.3908103543307087
0
LINE
8
BLACK
6
CONTINUOUS
10
1.7763034645669291
20
0.3908103543307087
11
1.7756141732283464
21
0.3942755905511811
0
LINE
8
BLACK
6
CONTINUOUS
10
1.7756141732283464
20
0.3942755905511811
11
1.7756141732283464
21
0.4493937007874015
0
LINE
8
BLACK
6
CONTINUOUS
10
1.7756141732283464
20
0.4493937007874015
11
1.7763034645669291
21
0.452858937007874
0
LINE
8
BLACK
6
CONTINUOUS
10
1.7763034645669291
20
0.452858937007874
11
1.7782663385826771
21
0.4557966535433071
0
LINE
8
BLACK
6
CONTINUOUS
10
1.7782663385826771
20
0.4557966535433071
11
1.7812040551181101
21
0.4577595275590551
0
LINE
8
BLACK
6
CONTINUOUS
10
1.7812040551181101
20
0.4577595275590551
11
1.7846692913385827
21
0.4584488188976378
0
LINE
8
BLACK
6
CONTINUOUS
10
1.7846692913385827
20
0.4584488188976378
11
1.7964803149606299
21
0.4584488188976378
0
LINE
8
BLACK
6
CONTINUOUS
10
1.7964803149606299
20
0.4584488188976378
11
1.7999455511811022
21
0.4577595275590551
0
LINE
8
BLACK
6
CONTINUOUS
10
1.8491581496062992
20
0.4577595275590551
11
1.8520958661417322
21
0.4557966535433071
0
LINE
8
BLACK
6
CONTINUOUS
10
1.8520958661417322
20
0.4557966535433071
11
1.8540587401574802
21
0.452858937007874
0
LINE
8
BLACK
6
CONTINUOUS
10
1.8540587401574802
20
0.452858937007874
11
1.8547480314960629
21
0.4493937007874015
0
LINE
8
BLACK
6
CONTINUOUS
10
1.8547480314960629
20
0.4493937007874015
11
1.8547480314960629
21
0.3942755905511811
0
LINE
8
BLACK
6
CONTINUOUS
10
1.8547480314960629
20
0.3942755905511811
11
1.8540587401574802
21
0.3908103543307087
0
LINE
8
BLACK
6
CONTINUOUS
10
1.8540587401574802
20
0.3908103543307087
11
1.8520958661417322
21
0.3878726377952756
0
LINE
8
BLACK
6
CONTINUOUS
10
1.8520958661417322
20
0.3878726377952756
11
1.8491581496062992
21
0.3859097637795276
0
LINE
8
BLACK
6
CONTINUOUS
10
1.8491581496062992
20
0.3859097637795276
11
1.8456929133858266
21
0.3852204724409449
0
LINE
8
BLACK
6
CONTINUOUS
10
1.8456929133858266
20
0.3852204724409449
11
1.8338818897637794
21
0.3852204724409449
0
LINE
8
BLACK
6
CONTINUOUS
10
1.8338818897637794
20
0.3852204724409449
11
1.8304166535433071
21
0.3859097637795276
0
LINE
8
BLACK
6
CONTINUOUS
10
1.8304166535433071
20
0.3859097637795276
11
1.8274789370078739
21
0.3878726377952756
0
LINE
8
BLACK
6
CONTINUOUS
10
1.8274789370078739
20
0.3878726377952756
11
1.8255160629921259
21
0.3908103543307087
0
LINE
8
BLACK
6
CONTINUOUS
10
1.8255160629921259
20
0.3908103543307087
11
1.8248267716535433
21
0.3942755905511811
0
LINE
8
BLACK
6
CONTINUOUS
10
1.8248267716535433
20
0.3942755905511811
11
1.8248267716535433
21
0.4493937007874015
0
LINE
8
BLACK
6
CONTINUOUS
10
1.8248267716535433
20
0.4493937007874015
11
1.8255160629921259
21
0.452858937007874
0
LINE
8
BLACK
6
CONTINUOUS
10
1.8255160629921259
20
0.452858937007874
11
1.8274789370078739
21
0.4557966535433071
0
LINE
8
BLACK
6
CONTINUOUS
10
1.8274789370078739
20
0.4557966535433071
11
1.8304166535433071
21
0.4577595275590551
0
LINE
8
BLACK
6
CONTINUOUS
10
1.8304166535433071
20
0.4577595275590551
11
1.8338818897637794
21
0.4584488188976378
0
LINE
8
BLACK
6
CONTINUOUS
10
1.8338818897637794
20
0.4584488188976378
11
1.8456929133858266
21
0.4584488188976378
0
LINE
8
BLACK
6
CONTINUOUS
10
1.8456929133858266
20
0.4584488188976378
11
1.8491581496062992
21
0.4577595275590551
0
LINE
8
BLACK
6
CONTINUOUS
10
1.898370748031496
20
0.4577595275590551
11
1.9013084645669291
21
0.4557966535433071
0
LINE
8
BLACK
6
CONTINUOUS
10
1.9013084645669291
20
0.4557966535433071
11
1.9032713385826772
21
0.452858937007874
0
LINE
8
BLACK
6
CONTINUOUS
10
1.9032713385826772
20
0.452858937007874
11
1.9039606299212597
21
0.4493937007874015
0
LINE
8
BLACK
6
CONTINUOUS
10
1.9039606299212597
20
0.4493937007874015
11
1.9039606299212597
21
0.3942755905511811
0
LINE
8
BLACK
6
CONTINUOUS
10
1.9039606299212597
20
0.3942755905511811
11
1.9032713385826772
21
0.3908103543307087
0
LINE
8
BLACK
6
CONTINUOUS
10
1.9032713385826772
20
0.3908103543307087
11
1.9013084645669291
21
0.3878726377952756
0
LINE
8
BLACK
6
CONTINUOUS
10
1.9013084645669291
20
0.3878726377952756
11
1.898370748031496
21
0.3859097637795276
0
LINE
8
BLACK
6
CONTINUOUS
10
1.898370748031496
20
0.3859097637795276
11
1.8949055118110236
21
0.3852204724409449
0
LINE
8
BLACK
6
CONTINUOUS
10
1.8949055118110236
20
0.3852204724409449
11
1.8830944881889764
21
0.3852204724409449
0
LINE
8
BLACK
6
CONTINUOUS
10
1.8830944881889764
20
0.3852204724409449
11
1.8796292519685038
21
0.3859097637795276
0
LINE
8
BLACK
6
CONTINUOUS
10
1.8796292519685038
20
0.3859097637795276
11
1.8766915354330709
21
0.3878726377952756
0
LINE
8
BLACK
6
CONTINUOUS
10
1.8766915354330709
20
0.3878726377952756
11
1.8747286614173229
21
0.3908103543307087
0
LINE
8
BLACK
6
CONTINUOUS
10
1.8747286614173229
20
0.3908103543307087
11
1.8740393700787401
21
0.3942755905511811
0
LINE
8
BLACK
6
CONTINUOUS
10
1.8740393700787401
20
0.3942755905511811
11
1.8740393700787401
21
0.4493937007874015
0
LINE
8
BLACK
6
CONTINUOUS
10
1.8740393700787401
20
0.4493937007874015
11
1.8747286614173229
21
0.452858937007874
0
LINE
8
BLACK
6
CONTINUOUS
10
1.8747286614173229
20
0.452858937007874
11
1.8766915354330709
21
0.4557966535433071
0
LINE
8
BLACK
6
CONTINUOUS
10
1.8766915354330709
20
0.4557966535433071
11
1.8796292519685038
21
0.4577595275590551
0
LINE
8
BLACK
6
CONTINUOUS
10
1.8796292519685038
20
0.4577595275590551
11
1.8830944881889764
21
0.4584488188976378
0
LINE
8
BLACK
6
CONTINUOUS
10
1.8830944881889764
20
0.4584488188976378
11
1.8949055118110236
21
0.4584488188976378
0
LINE
8
BLACK
6
CONTINUOUS
10
1.8949055118110236
20
0.4584488188976378
11
1.898370748031496
21
0.4577595275590551
0
LINE
8
BLACK
6
CONTINUOUS
10
1.947583346456693
20
0.4577595275590551
11
1.9505210629921259
21
0.4557966535433071
0
LINE
8
BLACK
6
CONTINUOUS
10
1.9505210629921259
20
0.4557966535433071
11
1.9524839370078739
21
0.452858937007874
0
LINE
8
BLACK
6
CONTINUOUS
10
1.9524839370078739
20
0.452858937007874
11
1.9531732283464567
21
0.4493937007874015
0
LINE
8
BLACK
6
CONTINUOUS
10
1.9531732283464567
20
0.4493937007874015
11
1.9531732283464567
21
0.3942755905511811
0
LINE
8
BLACK
6
CONTINUOUS
10
1.9531732283464567
20
0.3942755905511811
11
1.9524839370078739
21
0.3908103543307087
0
LINE
8
BLACK
6
CONTINUOUS
10
1.9524839370078739
20
0.3908103543307087
11
1.9505210629921259
21
0.3878726377952756
0
LINE
8
BLACK
6
CONTINUOUS
10
1.9505210629921259
20
0.3878726377952756
11
1.947583346456693
21
0.3859097637795276
0
LINE
8
BLACK
6
CONTINUOUS
10
1.947583346456693
20
0.3859097637795276
11
1.9441181102362204
21
0.3852204724409449
0
LINE
8
BLACK
6
CONTINUOUS
10
1.9441181102362204
20
0.3852204724409449
11
1.9323070866141732
21
0.3852204724409449
0
LINE
8
BLACK
6
CONTINUOUS
10
1.9323070866141732
20
0.3852204724409449
11
1.9288418503937008
21
0.3859097637795276
0
LINE
8
BLACK
6
CONTINUOUS
10
1.9288418503937008
20
0.3859097637795276
11
1.9259041338582676
21
0.3878726377952756
0
LINE
8
BLACK
6
CONTINUOUS
10
1.9259041338582676
20
0.3878726377952756
11
1.9239412598425196
21
0.3908103543307087
0
LINE
8
BLACK
6
CONTINUOUS
10
1.9239412598425196
20
0.3908103543307087
11
1.9232519685039369
21
0.3942755905511811
0
LINE
8
BLACK
6
CONTINUOUS
10
1.9232519685039369
20
0.3942755905511811
11
1.9232519685039369
21
0.4493937007874015
0
LINE
8
BLACK
6
CONTINUOUS
10
1.9232519685039369
20
0.4493937007874015
11
1.9239412598425196
21
0.452858937007874
0
LINE
8
BLACK
6
CONTINUOUS
10
1.9239412598425196
20
0.452858937007874
11
1.9259041338582676
21
0.4557966535433071
0
LINE
8
BLACK
6
CONTINUOUS
10
1.9259041338582676
20
0.4557966535433071
11
1.9288418503937008
21
0.4577595275590551
0
LINE
8
BLACK
6
CONTINUOUS
10
1.9288418503937008
20
0.4577595275590551
11
1.9323070866141732
21
0.4584488188976378
0
LINE
8
BLACK
6
CONTINUOUS
10
1.9323070866141732
20
0.4584488188976378
11
1.9441181102362204
21
0.4584488188976378
0
LINE
8
BLACK
6
CONTINUOUS
10
1.9441181102362204
20
0.4584488188976378
11
1.947583346456693
21
0.4577595275590551
0
LINE
8
BLACK
6
CONTINUOUS
10
1.9967959448818897
20
0.4577595275590551
11
1.9997336614173229
21
0.4557966535433071
0
LINE
8
BLACK
6
CONTINUOUS
10
1.9997336614173229
20
0.4557966535433071
11
2.0016965354330707
21
0.452858937007874
0
LINE
8
BLACK
6
CONTINUOUS
10
2.0016965354330707
20
0.452858937007874
11
2.0023858267716537
21
0.4493937007874015
0
LINE
8
BLACK
6
CONTINUOUS
10
2.0023858267716537
20
0.4493937007874015
11
2.0023858267716537
21
0.3942755905511811
0
LINE
8
BLACK
6
CONTINUOUS
10
2.0023858267716537
20
0.3942755905511811
11
2.0016965354330707
21
0.3908103543307087
0
LINE
8
BLACK
6
CONTINUOUS
10
2.0016965354330707
20
0.3908103543307087
11
1.9997336614173229
21
0.3878726377952756
0
LINE
8
BLACK
6
CONTINUOUS
10
1.9997336614173229
20
0.3878726377952756
11
1.9967959448818897
21
0.3859097637795276
0
LINE
8
BLACK
6
CONTINUOUS
10
1.9967959448818897
20
0.3859097637795276
11
1.9933307086614174
21
0.3852204724409449
0
LINE
8
BLACK
6
CONTINUOUS
10
1.9933307086614174
20
0.3852204724409449
11
1.9815196850393699
21
0.3852204724409449
0
LINE
8
BLACK
6
CONTINUOUS
10
1.9815196850393699
20
0.3852204724409449
11
1.9780544488188976
21
0.3859097637795276
0
LINE
8
BLACK
6
CONTINUOUS
10
1.9780544488188976
20
0.3859097637795276
11
1.9751167322834646
21
0.3878726377952756
0
LINE
8
BLACK
6
CONTINUOUS
10
1.9751167322834646
20
0.3878726377952756
11
1.9731538582677164
21
0.3908103543307087
0
LINE
8
BLACK
6
CONTINUOUS
10
1.9731538582677164
20
0.3908103543307087
11
1.9724645669291339
21
0.3942755905511811
0
LINE
8
BLACK
6
CONTINUOUS
10
1.9724645669291339
20
0.3942755905511811
11
1.9724645669291339
21
0.4493937007874015
0
LINE
8
BLACK
6
CONTINUOUS
10
1.9724645669291339
20
0.4493937007874015
11
1.9731538582677164
21
0.452858937007874
0
LINE
8
BLACK
6
CONTINUOUS
10
1.9731538582677164
20
0.452858937007874
11
1.9751167322834646
21
0.4557966535433071
0
LINE
8
BLACK
6
CONTINUOUS
10
1.9751167322834646
20
0.4557966535433071
11
1.9780544488188976
21
0.4577595275590551
0
LINE
8
BLACK
6
CONTINUOUS
10
1.9780544488188976
20
0.4577595275590551
11
1.9815196850393699
21
0.4584488188976378
0
LINE
8
BLACK
6
CONTINUOUS
10
1.9815196850393699
20
0.4584488188976378
11
1.9933307086614174
21
0.4584488188976378
0
LINE
8
BLACK
6
CONTINUOUS
10
1.9933307086614174
20
0.4584488188976378
11
1.9967959448818897
21
0.4577595275590551
0
LINE
8
BLACK
6
CONTINUOUS
10
2.0460085433070865
20
0.4577595275590551
11
2.0489462598425194
21
0.4557966535433071
0
LINE
8
BLACK
6
CONTINUOUS
10
2.0489462598425194
20
0.4557966535433071
11
2.0509091338582675
21
0.452858937007874
0
LINE
8
BLACK
6
CONTINUOUS
10
2.0509091338582675
20
0.452858937007874
11
2.0515984251968504
21
0.4493937007874015
0
LINE
8
BLACK
6
CONTINUOUS
10
2.0515984251968504
20
0.4493937007874015
11
2.0515984251968504
21
0.3942755905511811
0
LINE
8
BLACK
6
CONTINUOUS
10
2.0515984251968504
20
0.3942755905511811
11
2.0509091338582675
21
0.3908103543307087
0
LINE
8
BLACK
6
CONTINUOUS
10
2.0509091338582675
20
0.3908103543307087
11
2.0489462598425194
21
0.3878726377952756
0
LINE
8
BLACK
6
CONTINUOUS
10
2.0489462598425194
20
0.3878726377952756
11
2.0460085433070865
21
0.3859097637795276
0
LINE
8
BLACK
6
CONTINUOUS
10
2.0460085433070865
20
0.3859097637795276
11
2.0425433070866141
21
0.3852204724409449
0
LINE
8
BLACK
6
CONTINUOUS
10
2.0425433070866141
20
0.3852204724409449
11
2.0307322834645669
21
0.3852204724409449
0
LINE
8
BLACK
6
CONTINUOUS
10
2.0307322834645669
20
0.3852204724409449
11
2.0272670472440946
21
0.3859097637795276
0
LINE
8
BLACK
6
CONTINUOUS
10
2.0272670472440946
20
0.3859097637795276
11
2.0243293307086612
21
0.3878726377952756
0
LINE
8
BLACK
6
CONTINUOUS
10
2.0243293307086612
20
0.3878726377952756
11
2.0223664566929132
21
0.3908103543307087
0
LINE
8
BLACK
6
CONTINUOUS
10
2.0223664566929132
20
0.3908103543307087
11
2.0216771653543306
21
0.3942755905511811
0
LINE
8
BLACK
6
CONTINUOUS
10
2.0216771653543306
20
0.3942755905511811
11
2.0216771653543306
21
0.4493937007874015
0
LINE
8
BLACK
6
CONTINUOUS
10
2.0216771653543306
20
0.4493937007874015
11
2.0223664566929132
21
0.452858937007874
0
LINE
8
BLACK
6
CONTINUOUS
10
2.0223664566929132
20
0.452858937007874
11
2.0243293307086612
21
0.4557966535433071
0
LINE
8
BLACK
6
CONTINUOUS
10
2.0243293307086612
20
0.4557966535433071
11
2.0272670472440946
21
0.4577595275590551
0
LINE
8
BLACK
6
CONTINUOUS
10
2.0272670472440946
20
0.4577595275590551
11
2.0307322834645669
21
0.4584488188976378
0
LINE
8
BLACK
6
CONTINUOUS
10
2.0307322834645669
20
0.4584488188976378
11
2.0425433070866141
21
0.4584488188976378
0
LINE
8
BLACK
6
CONTINUOUS
10
2.0425433070866141
20
0.4584488188976378
11
2.0460085433070865
21
0.4577595275590551
0
LINE
8
BLACK
6
CONTINUOUS
10
0.6690791338582677
20
0.5309588976377952
11
0.6731685039370079
21
0.529051968503937
0
LINE
8
BLACK
6
CONTINUOUS
10
0.6731685039370079
20
0.529051968503937
11
0.6763590551181102
21
0.5258614173228346
0
LINE
8
BLACK
6
CONTINUOUS
10
0.6763590551181102
20
0.5258614173228346
11
0.6782659842519685
21
0.5217720472440944
0
LINE
8
BLACK
6
CONTINUOUS
10
0.6782659842519685
20
0.5217720472440944
11
0.6787086614173228
21
0.5184094488188976
0
LINE
8
BLACK
6
CONTINUOUS
10
0.6787086614173228
20
0.5184094488188976
11
0.6787086614173228
21
0.497740157480315
0
LINE
8
BLACK
6
CONTINUOUS
10
0.6787086614173228
20
0.497740157480315
11
0.6782659842519685
21
0.4943775590551181
0
LINE
8
BLACK
6
CONTINUOUS
10
0.6782659842519685
20
0.4943775590551181
11
0.6763590551181102
21
0.4902881889763779
0
LINE
8
BLACK
6
CONTINUOUS
10
0.6763590551181102
20
0.4902881889763779
11
0.6731685039370079
21
0.4870976377952756
0
LINE
8
BLACK
6
CONTINUOUS
10
0.6731685039370079
20
0.4870976377952756
11
0.6690791338582677
21
0.4851907086614173
0
LINE
8
BLACK
6
CONTINUOUS
10
0.6690791338582677
20
0.4851907086614173
11
0.6657165354330709
21
0.484748031496063
0
LINE
8
BLACK
6
CONTINUOUS
10
0.6657165354330709
20
0.484748031496063
11
0.6302834645669291
21
0.484748031496063
0
LINE
8
BLACK
6
CONTINUOUS
10
0.6302834645669291
20
0.484748031496063
11
0.6269208661417323
21
0.4851907086614173
0
LINE
8
BLACK
6
CONTINUOUS
10
0.6269208661417323
20
0.4851907086614173
11
0.6228314960629922
21
0.4870976377952756
0
LINE
8
BLACK
6
CONTINUOUS
10
0.6228314960629922
20
0.4870976377952756
11
0.6196409448818897
21
0.4902881889763779
0
LINE
8
BLACK
6
CONTINUOUS
10
0.6196409448818897
20
0.4902881889763779
11
0.6177340157480314
21
0.4943775590551181
0
LINE
8
BLACK
6
CONTINUOUS
10
0.6177340157480314
20
0.4943775590551181
11
0.6172913385826772
21
0.497740157480315
0
LINE
8
BLACK
6
CONTINUOUS
10
0.6172913385826772
20
0.497740157480315
11
0.6172913385826772
21
0.5184094488188976
0
LINE
8
BLACK
6
CONTINUOUS
10
0.6172913385826772
20
0.5184094488188976
11
0.6177340157480314
21
0.5217720472440944
0
LINE
8
BLACK
6
CONTINUOUS
10
0.6177340157480314
20
0.5217720472440944
11
0.6196409448818897
21
0.5258614173228346
0
LINE
8
BLACK
6
CONTINUOUS
10
0.6196409448818897
20
0.5258614173228346
11
0.6228314960629922
21
0.529051968503937
0
LINE
8
BLACK
6
CONTINUOUS
10
0.6228314960629922
20
0.529051968503937
11
0.6269208661417323
21
0.5309588976377952
0
LINE
8
BLACK
6
CONTINUOUS
10
0.6269208661417323
20
0.5309588976377952
11
0.6302834645669291
21
0.5314015748031496
0
LINE
8
BLACK
6
CONTINUOUS
10
0.6302834645669291
20
0.5314015748031496
11
0.6657165354330709
21
0.5314015748031496
0
LINE
8
BLACK
6
CONTINUOUS
10
0.6657165354330709
20
0.5314015748031496
11
0.6690791338582677
21
0.5309588976377952
0
LINE
8
BLACK
6
CONTINUOUS
10
0.7510791338582677
20
0.5309588976377952
11
0.7551685039370079
21
0.529051968503937
0
LINE
8
BLACK
6
CONTINUOUS
10
0.7551685039370079
20
0.529051968503937
11
0.7583590551181102
21
0.5258614173228346
0
LINE
8
BLACK
6
CONTINUOUS
10
0.7583590551181102
20
0.5258614173228346
11
0.7602659842519685
21
0.5217720472440944
0
LINE
8
BLACK
6
CONTINUOUS
10
0.7602659842519685
20
0.5217720472440944
11
0.7607086614173229
21
0.5184094488188976
0
LINE
8
BLACK
6
CONTINUOUS
10
0.7607086614173229
20
0.5184094488188976
11
0.7607086614173229
21
0.497740157480315
0
LINE
8
BLACK
6
CONTINUOUS
10
0.7607086614173229
20
0.497740157480315
11
0.7602659842519685
21
0.4943775590551181
0
LINE
8
BLACK
6
CONTINUOUS
10
0.7602659842519685
20
0.4943775590551181
11
0.7583590551181102
21
0.4902881889763779
0
LINE
8
BLACK
6
CONTINUOUS
10
0.7583590551181102
20
0.4902881889763779
11
0.7551685039370079
21
0.4870976377952756
0
LINE
8
BLACK
6
CONTINUOUS
10
0.7551685039370079
20
0.4870976377952756
11
0.7510791338582677
21
0.4851907086614173
0
LINE
8
BLACK
6
CONTINUOUS
10
0.7510791338582677
20
0.4851907086614173
11
0.7477165354330708
21
0.484748031496063
0
LINE
8
BLACK
6
CONTINUOUS
10
0.7477165354330708
20
0.484748031496063
11
0.7122834645669291
21
0.484748031496063
0
LINE
8
BLACK
6
CONTINUOUS
10
0.7122834645669291
20
0.484748031496063
11
0.7089208661417322
21
0.4851907086614173
0
LINE
8
BLACK
6
CONTINUOUS
10
0.7089208661417322
20
0.4851907086614173
11
0.7048314960629921
21
0.4870976377952756
0
LINE
8
BLACK
6
CONTINUOUS
10
0.7048314960629921
20
0.4870976377952756
11
0.7016409448818898
21
0.4902881889763779
0
LINE
8
BLACK
6
CONTINUOUS
10
0.7016409448818898
20
0.4902881889763779
11
0.6997340157480315
21
0.4943775590551181
0
LINE
8
BLACK
6
CONTINUOUS
10
0.6997340157480315
20
0.4943775590551181
11
0.6992913385826771
21
0.497740157480315
0
LINE
8
BLACK
6
CONTINUOUS
10
0.6992913385826771
20
0.497740157480315
11
0.6992913385826771
21
0.5184094488188976
0
LINE
8
BLACK
6
CONTINUOUS
10
0.6992913385826771
20
0.5184094488188976
11
0.6997340157480315
21
0.5217720472440944
0
LINE
8
BLACK
6
CONTINUOUS
10
0.6997340157480315
20
0.5217720472440944
11
0.7016409448818898
21
0.5258614173228346
0
LINE
8
BLACK
6
CONTINUOUS
10
0.7016409448818898
20
0.5258614173228346
11
0.7048314960629921
21
0.529051968503937
0
LINE
8
BLACK
6
CONTINUOUS
10
0.7048314960629921
20
0.529051968503937
11
0.7089208661417322
21
0.5309588976377952
0
LINE
8
BLACK
6
CONTINUOUS
10
0.7089208661417322
20
0.5309588976377952
11
0.7122834645669291
21
0.5314015748031496
0
LINE
8
BLACK
6
CONTINUOUS
10
0.7122834645669291
20
0.5314015748031496
11
0.7477165354330708
21
0.5314015748031496
0
LINE
8
BLACK
6
CONTINUOUS
10
0.7477165354330708
20
0.5314015748031496
11
0.7510791338582677
21
0.5309588976377952
0
LINE
8
BLACK
6
CONTINUOUS
10
0.8530791338582677
20
0.5309588976377952
11
0.8571685039370078
21
0.529051968503937
0
LINE
8
BLACK
6
CONTINUOUS
10
0.8571685039370078
20
0.529051968503937
11
0.8603590551181102
21
0.5258614173228346
0
LINE
8
BLACK
6
CONTINUOUS
10
0.8603590551181102
20
0.5258614173228346
11
0.8622659842519684
21
0.5217720472440944
0
LINE
8
BLACK
6
CONTINUOUS
10
0.8622659842519684
20
0.5217720472440944
11
0.8627086614173228
21
0.5184094488188976
0
LINE
8
BLACK
6
CONTINUOUS
10
0.8627086614173228
20
0.5184094488188976
11
0.8627086614173228
21
0.497740157480315
0
LINE
8
BLACK
6
CONTINUOUS
10
0.8627086614173228
20
0.497740157480315
11
0.8622659842519684
21
0.4943775590551181
0
LINE
8
BLACK
6
CONTINUOUS
10
0.8622659842519684
20
0.4943775590551181
11
0.8603590551181102
21
0.4902881889763779
0
LINE
8
BLACK
6
CONTINUOUS
10
0.8603590551181102
20
0.4902881889763779
11
0.8571685039370078
21
0.4870976377952756
0
LINE
8
BLACK
6
CONTINUOUS
10
0.8571685039370078
20
0.4870976377952756
11
0.8530791338582677
21
0.4851907086614173
0
LINE
8
BLACK
6
CONTINUOUS
10
0.8530791338582677
20
0.4851907086614173
11
0.8497165354330708
21
0.484748031496063
0
LINE
8
BLACK
6
CONTINUOUS
10
0.8497165354330708
20
0.484748031496063
11
0.8142834645669291
21
0.484748031496063
0
LINE
8
BLACK
6
CONTINUOUS
10
0.8142834645669291
20
0.484748031496063
11
0.8109208661417323
21
0.4851907086614173
0
LINE
8
BLACK
6
CONTINUOUS
10
0.8109208661417323
20
0.4851907086614173
11
0.8068314960629921
21
0.4870976377952756
0
LINE
8
BLACK
6
CONTINUOUS
10
0.8068314960629921
20
0.4870976377952756
11
0.8036409448818898
21
0.4902881889763779
0
LINE
8
BLACK
6
CONTINUOUS
10
0.8036409448818898
20
0.4902881889763779
11
0.8017340157480315
21
0.4943775590551181
0
LINE
8
BLACK
6
CONTINUOUS
10
0.8017340157480315
20
0.4943775590551181
11
0.8012913385826771
21
0.497740157480315
0
LINE
8
BLACK
6
CONTINUOUS
10
0.8012913385826771
20
0.497740157480315
11
0.8012913385826771
21
0.5184094488188976
0
LINE
8
BLACK
6
CONTINUOUS
10
0.8012913385826771
20
0.5184094488188976
11
0.8017340157480315
21
0.5217720472440944
0
LINE
8
BLACK
6
CONTINUOUS
10
0.8017340157480315
20
0.5217720472440944
11
0.8036409448818898
21
0.5258614173228346
0
LINE
8
BLACK
6
CONTINUOUS
10
0.8036409448818898
20
0.5258614173228346
11
0.8068314960629921
21
0.529051968503937
0
LINE
8
BLACK
6
CONTINUOUS
10
0.8068314960629921
20
0.529051968503937
11
0.8109208661417323
21
0.5309588976377952
0
LINE
8
BLACK
6
CONTINUOUS
10
0.8109208661417323
20
0.5309588976377952
11
0.8142834645669291
21
0.5314015748031496
0
LINE
8
BLACK
6
CONTINUOUS
10
0.8142834645669291
20
0.5314015748031496
11
0.8497165354330708
21
0.5314015748031496
0
LINE
8
BLACK
6
CONTINUOUS
10
0.8497165354330708
20
0.5314015748031496
11
0.8530791338582677
21
0.5309588976377952
0
LINE
8
BLACK
6
CONTINUOUS
10
1.0550791338582677
20
0.5309588976377952
11
1.0591685039370078
21
0.529051968503937
0
LINE
8
BLACK
6
CONTINUOUS
10
1.0591685039370078
20
0.529051968503937
11
1.0623590551181101
21
0.5258614173228346
0
LINE
8
BLACK
6
CONTINUOUS
10
1.0623590551181101
20
0.5258614173228346
11
1.0642659842519684
21
0.5217720472440944
0
LINE
8
BLACK
6
CONTINUOUS
10
1.0642659842519684
20
0.5217720472440944
11
1.0647086614173229
21
0.5184094488188976
0
LINE
8
BLACK
6
CONTINUOUS
10
1.0647086614173229
20
0.5184094488188976
11
1.0647086614173229
21
0.497740157480315
0
LINE
8
BLACK
6
CONTINUOUS
10
1.0647086614173229
20
0.497740157480315
11
1.0642659842519684
21
0.4943775590551181
0
LINE
8
BLACK
6
CONTINUOUS
10
1.0642659842519684
20
0.4943775590551181
11
1.0623590551181101
21
0.4902881889763779
0
LINE
8
BLACK
6
CONTINUOUS
10
1.0623590551181101
20
0.4902881889763779
11
1.0591685039370078
21
0.4870976377952756
0
LINE
8
BLACK
6
CONTINUOUS
10
1.0591685039370078
20
0.4870976377952756
11
1.0550791338582677
21
0.4851907086614173
0
LINE
8
BLACK
6
CONTINUOUS
10
1.0550791338582677
20
0.4851907086614173
11
1.0517165354330709
21
0.484748031496063
0
LINE
8
BLACK
6
CONTINUOUS
10
1.0517165354330709
20
0.484748031496063
11
1.0162834645669292
21
0.484748031496063
0
LINE
8
BLACK
6
CONTINUOUS
10
1.0162834645669292
20
0.484748031496063
11
1.0129208661417322
21
0.4851907086614173
0
LINE
8
BLACK
6
CONTINUOUS
10
1.0129208661417322
20
0.4851907086614173
11
1.0088314960629921
21
0.4870976377952756
0
LINE
8
BLACK
6
CONTINUOUS
10
1.0088314960629921
20
0.4870976377952756
11
1.0056409448818897
21
0.4902881889763779
0
LINE
8
BLACK
6
CONTINUOUS
10
1.0056409448818897
20
0.4902881889763779
11
1.0037340157480314
21
0.4943775590551181
0
LINE
8
BLACK
6
CONTINUOUS
10
1.0037340157480314
20
0.4943775590551181
11
1.0032913385826772
21
0.497740157480315
0
LINE
8
BLACK
6
CONTINUOUS
10
1.0032913385826772
20
0.497740157480315
11
1.0032913385826772
21
0.5184094488188976
0
LINE
8
BLACK
6
CONTINUOUS
10
1.0032913385826772
20
0.5184094488188976
11
1.0037340157480314
21
0.5217720472440944
0
LINE
8
BLACK
6
CONTINUOUS
10
1.0037340157480314
20
0.5217720472440944
11
1.0056409448818897
21
0.5258614173228346
0
LINE
8
BLACK
6
CONTINUOUS
10
1.0056409448818897
20
0.5258614173228346
11
1.0088314960629921
21
0.529051968503937
0
LINE
8
BLACK
6
CONTINUOUS
10
1.0088314960629921
20
0.529051968503937
11
1.0129208661417322
21
0.5309588976377952
0
LINE
8
BLACK
6
CONTINUOUS
10
1.0129208661417322
20
0.5309588976377952
11
1.0162834645669292
21
0.5314015748031496
0
LINE
8
BLACK
6
CONTINUOUS
10
1.0162834645669292
20
0.5314015748031496
11
1.0517165354330709
21
0.5314015748031496
0
LINE
8
BLACK
6
CONTINUOUS
10
1.0517165354330709
20
0.5314015748031496
11
1.0550791338582677
21
0.5309588976377952
0
LINE
8
BLACK
6
CONTINUOUS
10
0.9790791338582677
20
0.5319588976377952
11
0.9831685039370078
21
0.530051968503937
0
LINE
8
BLACK
6
CONTINUOUS
10
0.9831685039370078
20
0.530051968503937
11
0.9863590551181102
21
0.5268614173228346
0
LINE
8
BLACK
6
CONTINUOUS
10
0.9863590551181102
20
0.5268614173228346
11
0.9882659842519684
21
0.5227720472440944
0
LINE
8
BLACK
6
CONTINUOUS
10
0.9882659842519684
20
0.5227720472440944
11
0.9887086614173228
21
0.5194094488188976
0
LINE
8
BLACK
6
CONTINUOUS
10
0.9887086614173228
20
0.5194094488188976
11
0.9887086614173228
21
0.498740157480315
0
LINE
8
BLACK
6
CONTINUOUS
10
0.9887086614173228
20
0.498740157480315
11
0.9882659842519684
21
0.4953775590551181
0
LINE
8
BLACK
6
CONTINUOUS
10
0.9882659842519684
20
0.4953775590551181
11
0.9863590551181102
21
0.4912881889763779
0
LINE
8
BLACK
6
CONTINUOUS
10
0.9863590551181102
20
0.4912881889763779
11
0.9831685039370078
21
0.4880976377952756
0
LINE
8
BLACK
6
CONTINUOUS
10
0.9831685039370078
20
0.4880976377952756
11
0.9790791338582677
21
0.4861907086614173
0
LINE
8
BLACK
6
CONTINUOUS
10
0.9790791338582677
20
0.4861907086614173
11
0.9757165354330708
21
0.485748031496063
0
LINE
8
BLACK
6
CONTINUOUS
10
0.9757165354330708
20
0.485748031496063
11
0.9402834645669291
21
0.485748031496063
0
LINE
8
BLACK
6
CONTINUOUS
10
0.9402834645669291
20
0.485748031496063
11
0.9369208661417323
21
0.4861907086614173
0
LINE
8
BLACK
6
CONTINUOUS
10
0.9369208661417323
20
0.4861907086614173
11
0.9328314960629921
21
0.4880976377952756
0
LINE
8
BLACK
6
CONTINUOUS
10
0.9328314960629921
20
0.4880976377952756
11
0.9296409448818898
21
0.4912881889763779
0
LINE
8
BLACK
6
CONTINUOUS
10
0.9296409448818898
20
0.4912881889763779
11
0.9277340157480315
21
0.4953775590551181
0
LINE
8
BLACK
6
CONTINUOUS
10
0.9277340157480315
20
0.4953775590551181
11
0.9272913385826771
21
0.498740157480315
0
LINE
8
BLACK
6
CONTINUOUS
10
0.9272913385826771
20
0.498740157480315
11
0.9272913385826771
21
0.5194094488188976
0
LINE
8
BLACK
6
CONTINUOUS
10
0.9272913385826771
20
0.5194094488188976
11
0.9277340157480315
21
0.5227720472440944
0
LINE
8
BLACK
6
CONTINUOUS
10
0.9277340157480315
20
0.5227720472440944
11
0.9296409448818898
21
0.5268614173228346
0
LINE
8
BLACK
6
CONTINUOUS
10
0.9296409448818898
20
0.5268614173228346
11
0.9328314960629921
21
0.530051968503937
0
LINE
8
BLACK
6
CONTINUOUS
10
0.9328314960629921
20
0.530051968503937
11
0.9369208661417323
21
0.5319588976377952
0
LINE
8
BLACK
6
CONTINUOUS
10
0.9369208661417323
20
0.5319588976377952
11
0.9402834645669291
21
0.5324015748031496
0
LINE
8
BLACK
6
CONTINUOUS
10
0.9402834645669291
20
0.5324015748031496
11
0.9757165354330708
21
0.5324015748031496
0
LINE
8
BLACK
6
CONTINUOUS
10
0.9757165354330708
20
0.5324015748031496
11
0.9790791338582677
21
0.5319588976377952
0
LINE
8
BLACK
6
CONTINUOUS
10
1.7813506299212598
20
0.5261245275590551
11
1.7850566141732283
21
0.5244881496062992
0
LINE
8
BLACK
6
CONTINUOUS
10
1.7850566141732283
20
0.5244881496062992
11
1.7879212204724408
21
0.5216235433070866
0
LINE
8
BLACK
6
CONTINUOUS
10
1.7879212204724408
20
0.5216235433070866
11
1.7895575984251968
21
0.517917559055118
0
LINE
8
BLACK
6
CONTINUOUS
10
1.7895575984251968
20
0.517917559055118
11
1.7898503937007875
21
0.5153937007874015
0
LINE
8
BLACK
6
CONTINUOUS
10
1.7898503937007875
20
0.5153937007874015
11
1.7898503937007875
21
0.4996456692913386
0
LINE
8
BLACK
6
CONTINUOUS
10
1.7898503937007875
20
0.4996456692913386
11
1.7895575984251968
21
0.497121811023622
0
LINE
8
BLACK
6
CONTINUOUS
10
1.7895575984251968
20
0.497121811023622
11
1.7879212204724408
21
0.4934158267716535
0
LINE
8
BLACK
6
CONTINUOUS
10
1.7879212204724408
20
0.4934158267716535
11
1.7850566141732283
21
0.4905512204724409
0
LINE
8
BLACK
6
CONTINUOUS
10
1.7850566141732283
20
0.4905512204724409
11
1.7813506299212598
21
0.488914842519685
0
LINE
8
BLACK
6
CONTINUOUS
10
1.7813506299212598
20
0.488914842519685
11
1.7788267716535433
21
0.4886220472440945
0
LINE
8
BLACK
6
CONTINUOUS
10
1.7788267716535433
20
0.4886220472440945
11
1.7571732283464567
21
0.4886220472440945
0
LINE
8
BLACK
6
CONTINUOUS
10
1.7571732283464567
20
0.4886220472440945
11
1.7546493700787402
21
0.488914842519685
0
LINE
8
BLACK
6
CONTINUOUS
10
1.7546493700787402
20
0.488914842519685
11
1.7509433858267716
21
0.4905512204724409
0
LINE
8
BLACK
6
CONTINUOUS
10
1.7509433858267716
20
0.4905512204724409
11
1.748078779527559
21
0.4934158267716535
0
LINE
8
BLACK
6
CONTINUOUS
10
1.748078779527559
20
0.4934158267716535
11
1.746442401574803
21
0.497121811023622
0
LINE
8
BLACK
6
CONTINUOUS
10
1.746442401574803
20
0.497121811023622
11
1.7461496062992126
21
0.4996456692913386
0
LINE
8
BLACK
6
CONTINUOUS
10
1.7461496062992126
20
0.4996456692913386
11
1.7461496062992126
21
0.5153937007874015
0
LINE
8
BLACK
6
CONTINUOUS
10
1.7461496062992126
20
0.5153937007874015
11
1.746442401574803
21
0.517917559055118
0
LINE
8
BLACK
6
CONTINUOUS
10
1.746442401574803
20
0.517917559055118
11
1.748078779527559
21
0.5216235433070866
0
LINE
8
BLACK
6
CONTINUOUS
10
1.748078779527559
20
0.5216235433070866
11
1.7509433858267716
21
0.5244881496062992
0
LINE
8
BLACK
6
CONTINUOUS
10
1.7509433858267716
20
0.5244881496062992
11
1.7546493700787402
21
0.5261245275590551
0
LINE
8
BLACK
6
CONTINUOUS
10
1.7546493700787402
20
0.5261245275590551
11
1.7571732283464567
21
0.5264173228346457
0
LINE
8
BLACK
6
CONTINUOUS
10
1.7571732283464567
20
0.5264173228346457
11
1.7788267716535433
21
0.5264173228346457
0
LINE
8
BLACK
6
CONTINUOUS
10
1.7788267716535433
20
0.5264173228346457
11
1.7813506299212598
21
0.5261245275590551
0
LINE
8
BLACK
6
CONTINUOUS
10
1.9663506299212599
20
0.5261245275590551
11
1.9700566141732283
21
0.5244881496062992
0
LINE
8
BLACK
6
CONTINUOUS
10
1.9700566141732283
20
0.5244881496062992
11
1.9729212204724409
21
0.5216235433070866
0
LINE
8
BLACK
6
CONTINUOUS
10
1.9729212204724409
20
0.5216235433070866
11
1.9745575984251968
21
0.517917559055118
0
LINE
8
BLACK
6
CONTINUOUS
10
1.9745575984251968
20
0.517917559055118
11
1.9748503937007873
21
0.5153937007874015
0
LINE
8
BLACK
6
CONTINUOUS
10
1.9748503937007873
20
0.5153937007874015
11
1.9748503937007873
21
0.4996456692913386
0
LINE
8
BLACK
6
CONTINUOUS
10
1.9748503937007873
20
0.4996456692913386
11
1.9745575984251968
21
0.497121811023622
0
LINE
8
BLACK
6
CONTINUOUS
10
1.9745575984251968
20
0.497121811023622
11
1.9729212204724409
21
0.4934158267716535
0
LINE
8
BLACK
6
CONTINUOUS
10
1.9729212204724409
20
0.4934158267716535
11
1.9700566141732283
21
0.4905512204724409
0
LINE
8
BLACK
6
CONTINUOUS
10
1.9700566141732283
20
0.4905512204724409
11
1.9663506299212599
21
0.488914842519685
0
LINE
8
BLACK
6
CONTINUOUS
10
1.9663506299212599
20
0.488914842519685
11
1.9638267716535434
21
0.4886220472440945
0
LINE
8
BLACK
6
CONTINUOUS
10
1.9638267716535434
20
0.4886220472440945
11
1.9421732283464566
21
0.4886220472440945
0
LINE
8
BLACK
6
CONTINUOUS
10
1.9421732283464566
20
0.4886220472440945
11
1.9396493700787401
21
0.488914842519685
0
LINE
8
BLACK
6
CONTINUOUS
10
1.9396493700787401
20
0.488914842519685
11
1.9359433858267716
21
0.4905512204724409
0
LINE
8
BLACK
6
CONTINUOUS
10
1.9359433858267716
20
0.4905512204724409
11
1.933078779527559
21
0.4934158267716535
0
LINE
8
BLACK
6
CONTINUOUS
10
1.933078779527559
20
0.4934158267716535
11
1.9314424015748031
21
0.497121811023622
0
LINE
8
BLACK
6
CONTINUOUS
10
1.9314424015748031
20
0.497121811023622
11
1.9311496062992126
21
0.4996456692913386
0
LINE
8
BLACK
6
CONTINUOUS
10
1.9311496062992126
20
0.4996456692913386
11
1.9311496062992126
21
0.5153937007874015
0
LINE
8
BLACK
6
CONTINUOUS
10
1.9311496062992126
20
0.5153937007874015
11
1.9314424015748031
21
0.517917559055118
0
LINE
8
BLACK
6
CONTINUOUS
10
1.9314424015748031
20
0.517917559055118
11
1.933078779527559
21
0.5216235433070866
0
LINE
8
BLACK
6
CONTINUOUS
10
1.933078779527559
20
0.5216235433070866
11
1.9359433858267716
21
0.5244881496062992
0
LINE
8
BLACK
6
CONTINUOUS
10
1.9359433858267716
20
0.5244881496062992
11
1.9396493700787401
21
0.5261245275590551
0
LINE
8
BLACK
6
CONTINUOUS
10
1.9396493700787401
20
0.5261245275590551
11
1.9421732283464566
21
0.5264173228346457
0
LINE
8
BLACK
6
CONTINUOUS
10
1.9421732283464566
20
0.5264173228346457
11
1.9638267716535434
21
0.5264173228346457
0
LINE
8
BLACK
6
CONTINUOUS
10
1.9638267716535434
20
0.5264173228346457
11
1.9663506299212599
21
0.5261245275590551
0
LINE
8
BLACK
6
CONTINUOUS
10
1.9073506299212597
20
0.5271245275590551
11
1.9110566141732284
21
0.5254881496062992
0
LINE
8
BLACK
6
CONTINUOUS
10
1.9110566141732284
20
0.5254881496062992
11
1.913921220472441
21
0.5226235433070866
0
LINE
8
BLACK
6
CONTINUOUS
10
1.913921220472441
20
0.5226235433070866
11
1.9155575984251969
21
0.518917559055118
0
LINE
8
BLACK
6
CONTINUOUS
10
1.9155575984251969
20
0.518917559055118
11
1.9158503937007874
21
0.5163937007874015
0
LINE
8
BLACK
6
CONTINUOUS
10
1.9158503937007874
20
0.5163937007874015
11
1.9158503937007874
21
0.5006456692913386
0
LINE
8
BLACK
6
CONTINUOUS
10
1.9158503937007874
20
0.5006456692913386
11
1.9155575984251969
21
0.498121811023622
0
LINE
8
BLACK
6
CONTINUOUS
10
1.9155575984251969
20
0.498121811023622
11
1.913921220472441
21
0.4944158267716535
0
LINE
8
BLACK
6
CONTINUOUS
10
1.913921220472441
20
0.4944158267716535
11
1.9110566141732284
21
0.4915512204724409
0
LINE
8
BLACK
6
CONTINUOUS
10
1.9110566141732284
20
0.4915512204724409
11
1.9073506299212597
21
0.489914842519685
0
LINE
8
BLACK
6
CONTINUOUS
10
1.9073506299212597
20
0.489914842519685
11
1.9048267716535432
21
0.4896220472440945
0
LINE
8
BLACK
6
CONTINUOUS
10
1.9048267716535432
20
0.4896220472440945
11
1.8831732283464566
21
0.4896220472440945
0
LINE
8
BLACK
6
CONTINUOUS
10
1.8831732283464566
20
0.4896220472440945
11
1.8806493700787401
21
0.489914842519685
0
LINE
8
BLACK
6
CONTINUOUS
10
1.8806493700787401
20
0.489914842519685
11
1.8769433858267717
21
0.4915512204724409
0
LINE
8
BLACK
6
CONTINUOUS
10
1.8769433858267717
20
0.4915512204724409
11
1.8740787795275591
21
0.4944158267716535
0
LINE
8
BLACK
6
CONTINUOUS
10
1.8740787795275591
20
0.4944158267716535
11
1.8724424015748031
21
0.498121811023622
0
LINE
8
BLACK
6
CONTINUOUS
10
1.8724424015748031
20
0.498121811023622
11
1.8721496062992125
21
0.5006456692913386
0
LINE
8
BLACK
6
CONTINUOUS
10
1.8721496062992125
20
0.5006456692913386
11
1.8721496062992125
21
0.5163937007874015
0
LINE
8
BLACK
6
CONTINUOUS
10
1.8721496062992125
20
0.5163937007874015
11
1.8724424015748031
21
0.518917559055118
0
LINE
8
BLACK
6
CONTINUOUS
10
1.8724424015748031
20
0.518917559055118
11
1.8740787795275591
21
0.5226235433070866
0
LINE
8
BLACK
6
CONTINUOUS
10
1.8740787795275591
20
0.5226235433070866
11
1.8769433858267717
21
0.5254881496062992
0
LINE
8
BLACK
6
CONTINUOUS
10
1.8769433858267717
20
0.5254881496062992
11
1.8806493700787401
21
0.5271245275590551
0
LINE
8
BLACK
6
CONTINUOUS
10
1.8806493700787401
20
0.5271245275590551
11
1.8831732283464566
21
0.5274173228346457
0
LINE
8
BLACK
6
CONTINUOUS
10
1.8831732283464566
20
0.5274173228346457
11
1.9048267716535432
21
0.5274173228346457
0
LINE
8
BLACK
6
CONTINUOUS
10
1.9048267716535432
20
0.5274173228346457
11
1.9073506299212597
21
0.5271245275590551
0
LINE
8
BLACK
6
CONTINUOUS
10
2.0273506299212598
20
0.5271245275590551
11
2.0310566141732282
21
0.5254881496062992
0
LINE
8
BLACK
6
CONTINUOUS
10
2.0310566141732282
20
0.5254881496062992
11
2.0339212204724411
21
0.5226235433070866
0
LINE
8
BLACK
6
CONTINUOUS
10
2.0339212204724411
20
0.5226235433070866
11
2.0355575984251968
21
0.518917559055118
0
LINE
8
BLACK
6
CONTINUOUS
10
2.0355575984251968
20
0.518917559055118
11
2.0358503937007875
21
0.5163937007874015
0
LINE
8
BLACK
6
CONTINUOUS
10
2.0358503937007875
20
0.5163937007874015
11
2.0358503937007875
21
0.5006456692913386
0
LINE
8
BLACK
6
CONTINUOUS
10
2.0358503937007875
20
0.5006456692913386
11
2.0355575984251968
21
0.498121811023622
0
LINE
8
BLACK
6
CONTINUOUS
10
2.0355575984251968
20
0.498121811023622
11
2.0339212204724411
21
0.4944158267716535
0
LINE
8
BLACK
6
CONTINUOUS
10
2.0339212204724411
20
0.4944158267716535
11
2.0310566141732282
21
0.4915512204724409
0
LINE
8
BLACK
6
CONTINUOUS
10
2.0310566141732282
20
0.4915512204724409
11
2.0273506299212598
21
0.489914842519685
0
LINE
8
BLACK
6
CONTINUOUS
10
2.0273506299212598
20
0.489914842519685
11
2.0248267716535433
21
0.4896220472440945
0
LINE
8
BLACK
6
CONTINUOUS
10
2.0248267716535433
20
0.4896220472440945
11
2.0031732283464567
21
0.4896220472440945
0
LINE
8
BLACK
6
CONTINUOUS
10
2.0031732283464567
20
0.4896220472440945
11
2.0006493700787402
21
0.489914842519685
0
LINE
8
BLACK
6
CONTINUOUS
10
2.0006493700787402
20
0.489914842519685
11
1.9969433858267716
21
0.4915512204724409
0
LINE
8
BLACK
6
CONTINUOUS
10
1.9969433858267716
20
0.4915512204724409
11
1.994078779527559
21
0.4944158267716535
0
LINE
8
BLACK
6
CONTINUOUS
10
1.994078779527559
20
0.4944158267716535
11
1.992442401574803
21
0.498121811023622
0
LINE
8
BLACK
6
CONTINUOUS
10
1.992442401574803
20
0.498121811023622
11
1.9921496062992126
21
0.5006456692913386
0
LINE
8
BLACK
6
CONTINUOUS
10
1.9921496062992126
20
0.5006456692913386
11
1.9921496062992126
21
0.5163937007874015
0
LINE
8
BLACK
6
CONTINUOUS
10
1.9921496062992126
20
0.5163937007874015
11
1.992442401574803
21
0.518917559055118
0
LINE
8
BLACK
6
CONTINUOUS
10
1.992442401574803
20
0.518917559055118
11
1.994078779527559
21
0.5226235433070866
0
LINE
8
BLACK
6
CONTINUOUS
10
1.994078779527559
20
0.5226235433070866
11
1.9969433858267716
21
0.5254881496062992
0
LINE
8
BLACK
6
CONTINUOUS
10
1.9969433858267716
20
0.5254881496062992
11
2.0006493700787402
21
0.5271245275590551
0
LINE
8
BLACK
6
CONTINUOUS
10
2.0006493700787402
20
0.5271245275590551
11
2.0031732283464567
21
0.5274173228346457
0
LINE
8
BLACK
6
CONTINUOUS
10
2.0031732283464567
20
0.5274173228346457
11
2.0248267716535433
21
0.5274173228346457
0
LINE
8
BLACK
6
CONTINUOUS
10
2.0248267716535433
20
0.5274173228346457
11
2.0273506299212598
21
0.5271245275590551
0
LINE
8
BLACK
6
CONTINUOUS
10
1.8423506299212598
20
0.5301245275590551
11
1.8460566141732282
21
0.5284881496062992
0
LINE
8
BLACK
6
CONTINUOUS
10
1.8460566141732282
20
0.5284881496062992
11
1.848921220472441
21
0.5256235433070866
0
LINE
8
BLACK
6
CONTINUOUS
10
1.848921220472441
20
0.5256235433070866
11
1.8505575984251967
21
0.5219175590551181
0
LINE
8
BLACK
6
CONTINUOUS
10
1.8505575984251967
20
0.5219175590551181
11
1.8508503937007874
21
0.5193937007874015
0
LINE
8
BLACK
6
CONTINUOUS
10
1.8508503937007874
20
0.5193937007874015
11
1.8508503937007874
21
0.5036456692913386
0
LINE
8
BLACK
6
CONTINUOUS
10
1.8508503937007874
20
0.5036456692913386
11
1.8505575984251967
21
0.5011218110236221
0
LINE
8
BLACK
6
CONTINUOUS
10
1.8505575984251967
20
0.5011218110236221
11
1.848921220472441
21
0.4974158267716535
0
LINE
8
BLACK
6
CONTINUOUS
10
1.848921220472441
20
0.4974158267716535
11
1.8460566141732282
21
0.4945512204724409
0
LINE
8
BLACK
6
CONTINUOUS
10
1.8460566141732282
20
0.4945512204724409
11
1.8423506299212598
21
0.492914842519685
0
LINE
8
BLACK
6
CONTINUOUS
10
1.8423506299212598
20
0.492914842519685
11
1.8398267716535432
21
0.4926220472440945
0
LINE
8
BLACK
6
CONTINUOUS
10
1.8398267716535432
20
0.4926220472440945
11
1.8181732283464567
21
0.4926220472440945
0
LINE
8
BLACK
6
CONTINUOUS
10
1.8181732283464567
20
0.4926220472440945
11
1.8156493700787402
21
0.492914842519685
0
LINE
8
BLACK
6
CONTINUOUS
10
1.8156493700787402
20
0.492914842519685
11
1.8119433858267715
21
0.4945512204724409
0
LINE
8
BLACK
6
CONTINUOUS
10
1.8119433858267715
20
0.4945512204724409
11
1.8090787795275589
21
0.4974158267716535
0
LINE
8
BLACK
6
CONTINUOUS
10
1.8090787795275589
20
0.4974158267716535
11
1.8074424015748032
21
0.5011218110236221
0
LINE
8
BLACK
6
CONTINUOUS
10
1.8074424015748032
20
0.5011218110236221
11
1.8071496062992125
21
0.5036456692913386
0
LINE
8
BLACK
6
CONTINUOUS
10
1.8071496062992125
20
0.5036456692913386
11
1.8071496062992125
21
0.5193937007874015
0
LINE
8
BLACK
6
CONTINUOUS
10
1.8071496062992125
20
0.5193937007874015
11
1.8074424015748032
21
0.5219175590551181
0
LINE
8
BLACK
6
CONTINUOUS
10
1.8074424015748032
20
0.5219175590551181
11
1.8090787795275589
21
0.5256235433070866
0
LINE
8
BLACK
6
CONTINUOUS
10
1.8090787795275589
20
0.5256235433070866
11
1.8119433858267715
21
0.5284881496062992
0
LINE
8
BLACK
6
CONTINUOUS
10
1.8119433858267715
20
0.5284881496062992
11
1.8156493700787402
21
0.5301245275590551
0
LINE
8
BLACK
6
CONTINUOUS
10
1.8156493700787402
20
0.5301245275590551
11
1.8181732283464567
21
0.5304173228346457
0
LINE
8
BLACK
6
CONTINUOUS
10
1.8181732283464567
20
0.5304173228346457
11
1.8398267716535432
21
0.5304173228346457
0
LINE
8
BLACK
6
CONTINUOUS
10
1.8398267716535432
20
0.5304173228346457
11
1.8423506299212598
21
0.5301245275590551
0
LINE
8
BLACK
6
CONTINUOUS
10
2.3705520866141732
20
0.5495072440944881
11
2.3716293307086613
21
0.5476414173228347
0
LINE
8
BLACK
6
CONTINUOUS
10
2.3716293307086613
20
0.5476414173228347
11
2.3716771653543307
21
0.5470944881889763
0
LINE
8
BLACK
6
CONTINUOUS
10
2.3716771653543307
20
0.5470944881889763
11
2.3716771653543307
21
0.5274094488188976
0
LINE
8
BLACK
6
CONTINUOUS
10
2.3716771653543307
20
0.5274094488188976
11
2.3715087401574801
21
0.5269467322834646
0
LINE
8
BLACK
6
CONTINUOUS
10
2.3715087401574801
20
0.5269467322834646
11
2.3715087401574801
21
0.5248400393700787
0
LINE
8
BLACK
6
CONTINUOUS
10
2.3715087401574801
20
0.5248400393700787
11
2.3714014173228346
21
0.5240248818897638
0
LINE
8
BLACK
6
CONTINUOUS
10
2.3714014173228346
20
0.5240248818897638
11
2.3700714173228348
21
0.5190611417322835
0
LINE
8
BLACK
6
CONTINUOUS
10
2.3700714173228348
20
0.5190611417322835
11
2.369756771653543
21
0.5183014960629921
0
LINE
8
BLACK
6
CONTINUOUS
10
2.369756771653543
20
0.5183014960629921
11
2.3671873622047244
21
0.5138511417322834
0
LINE
8
BLACK
6
CONTINUOUS
10
2.3671873622047244
20
0.5138511417322834
11
2.3666868503937009
21
0.5131988188976377
0
LINE
8
BLACK
6
CONTINUOUS
10
2.3666868503937009
20
0.5131988188976377
11
2.3630531496062992
21
0.5095651181102362
0
LINE
8
BLACK
6
CONTINUOUS
10
2.3630531496062992
20
0.5095651181102362
11
2.3624008267716534
21
0.5090646062992126
0
LINE
8
BLACK
6
CONTINUOUS
10
2.3624008267716534
20
0.5090646062992126
11
2.3579504724409448
21
0.5064951968503937
0
LINE
8
BLACK
6
CONTINUOUS
10
2.3579504724409448
20
0.5064951968503937
11
2.3571908267716535
21
0.5061805511811024
0
LINE
8
BLACK
6
CONTINUOUS
10
2.3571908267716535
20
0.5061805511811024
11
2.3522270866141732
21
0.5048505511811023
0
LINE
8
BLACK
6
CONTINUOUS
10
2.3522270866141732
20
0.5048505511811023
11
2.3514119291338584
21
0.5047432283464567
0
LINE
8
BLACK
6
CONTINUOUS
10
2.3514119291338584
20
0.5047432283464567
11
2.3495983070866142
21
0.5047432283464567
0
LINE
8
BLACK
6
CONTINUOUS
10
2.3495983070866142
20
0.5047432283464567
11
2.3493894488188976
21
0.5046226377952756
0
LINE
8
BLACK
6
CONTINUOUS
10
2.3493894488188976
20
0.5046226377952756
11
2.3488425196850393
21
0.5045748031496062
0
LINE
8
BLACK
6
CONTINUOUS
10
2.3488425196850393
20
0.5045748031496062
11
2.3291574803149606
21
0.5045748031496062
0
LINE
8
BLACK
6
CONTINUOUS
10
2.3291574803149606
20
0.5045748031496062
11
2.3286947244094489
21
0.5047432283464567
0
LINE
8
BLACK
6
CONTINUOUS
10
2.3286947244094489
20
0.5047432283464567
11
2.3265880708661415
21
0.5047432283464567
0
LINE
8
BLACK
6
CONTINUOUS
10
2.3265880708661415
20
0.5047432283464567
11
2.3257729133858267
21
0.5048505511811023
0
LINE
8
BLACK
6
CONTINUOUS
10
2.3257729133858267
20
0.5048505511811023
11
2.3208091732283465
21
0.5061805511811024
0
LINE
8
BLACK
6
CONTINUOUS
10
2.3208091732283465
20
0.5061805511811024
11
2.3200495275590551
21
0.5064951968503937
0
LINE
8
BLACK
6
CONTINUOUS
10
2.3200495275590551
20
0.5064951968503937
11
2.3155991732283465
21
0.5090646062992126
0
LINE
8
BLACK
6
CONTINUOUS
10
2.3155991732283465
20
0.5090646062992126
11
2.3149468503937007
21
0.5095651181102362
0
LINE
8
BLACK
6
CONTINUOUS
10
2.3149468503937007
20
0.5095651181102362
11
2.3113131496062991
21
0.5131988188976377
0
LINE
8
BLACK
6
CONTINUOUS
10
2.3113131496062991
20
0.5131988188976377
11
2.3108126377952756
21
0.5138511417322834
0
LINE
8
BLACK
6
CONTINUOUS
10
2.3108126377952756
20
0.5138511417322834
11
2.3082432283464565
21
0.5183014960629921
0
LINE
8
BLACK
6
CONTINUOUS
10
2.3082432283464565
20
0.5183014960629921
11
2.3079285826771652
21
0.5190611417322835
0
LINE
8
BLACK
6
CONTINUOUS
10
2.3079285826771652
20
0.5190611417322835
11
2.3065985826771653
21
0.5240248818897638
0
LINE
8
BLACK
6
CONTINUOUS
10
2.3065985826771653
20
0.5240248818897638
11
2.3064912598425198
21
0.5248400393700787
0
LINE
8
BLACK
6
CONTINUOUS
10
2.3064912598425198
20
0.5248400393700787
11
2.3064912598425198
21
0.5266536614173228
0
LINE
8
BLACK
6
CONTINUOUS
10
2.3064912598425198
20
0.5266536614173228
11
2.3063706692913386
21
0.5268625196850394
0
LINE
8
BLACK
6
CONTINUOUS
10
2.3063706692913386
20
0.5268625196850394
11
2.3063228346456692
21
0.5274094488188976
0
LINE
8
BLACK
6
CONTINUOUS
10
2.3063228346456692
20
0.5274094488188976
11
2.3063228346456692
21
0.5470944881889763
0
LINE
8
BLACK
6
CONTINUOUS
10
2.3063228346456692
20
0.5470944881889763
11
2.3070596850393699
21
0.5491190157480315
0
LINE
8
BLACK
6
CONTINUOUS
10
2.3070596850393699
20
0.5491190157480315
11
2.3089255118110237
21
0.5501962598425196
0
LINE
8
BLACK
6
CONTINUOUS
10
2.3089255118110237
20
0.5501962598425196
11
2.3094724409448819
21
0.550244094488189
0
LINE
8
BLACK
6
CONTINUOUS
10
2.3094724409448819
20
0.550244094488189
11
2.368527559055118
21
0.550244094488189
0
LINE
8
BLACK
6
CONTINUOUS
10
2.368527559055118
20
0.550244094488189
11
2.3705520866141732
21
0.5495072440944881
0
LINE
8
BLACK
6
CONTINUOUS
10
2.4570791338582678
20
0.5549588976377953
11
2.4611685039370079
21
0.553051968503937
0
LINE
8
BLACK
6
CONTINUOUS
10
2.4611685039370079
20
0.553051968503937
11
2.46435905511811
21
0.5498614173228347
0
LINE
8
BLACK
6
CONTINUOUS
10
2.46435905511811
20
0.5498614173228347
11
2.4662659842519683
21
0.5457720472440944
0
LINE
8
BLACK
6
CONTINUOUS
10
2.4662659842519683
20
0.5457720472440944
11
2.4667086614173228
21
0.5424094488188976
0
LINE
8
BLACK
6
CONTINUOUS
10
2.4667086614173228
20
0.5424094488188976
11
2.4667086614173228
21
0.521740157480315
0
LINE
8
BLACK
6
CONTINUOUS
10
2.4667086614173228
20
0.521740157480315
11
2.4662659842519683
21
0.5183775590551181
0
LINE
8
BLACK
6
CONTINUOUS
10
2.4662659842519683
20
0.5183775590551181
11
2.46435905511811
21
0.514288188976378
0
LINE
8
BLACK
6
CONTINUOUS
10
2.46435905511811
20
0.514288188976378
11
2.4611685039370079
21
0.5110976377952756
0
LINE
8
BLACK
6
CONTINUOUS
10
2.4611685039370079
20
0.5110976377952756
11
2.4570791338582678
21
0.5091907086614174
0
LINE
8
BLACK
6
CONTINUOUS
10
2.4570791338582678
20
0.5091907086614174
11
2.4537165354330708
21
0.508748031496063
0
LINE
8
BLACK
6
CONTINUOUS
10
2.4537165354330708
20
0.508748031496063
11
2.4182834645669291
21
0.508748031496063
0
LINE
8
BLACK
6
CONTINUOUS
10
2.4182834645669291
20
0.508748031496063
11
2.4149208661417321
21
0.5091907086614174
0
LINE
8
BLACK
6
CONTINUOUS
10
2.4149208661417321
20
0.5091907086614174
11
2.410831496062992
21
0.5110976377952756
0
LINE
8
BLACK
6
CONTINUOUS
10
2.410831496062992
20
0.5110976377952756
11
2.4076409448818898
21
0.514288188976378
0
LINE
8
BLACK
6
CONTINUOUS
10
2.4076409448818898
20
0.514288188976378
11
2.4057340157480316
21
0.5183775590551181
0
LINE
8
BLACK
6
CONTINUOUS
10
2.4057340157480316
20
0.5183775590551181
11
2.4052913385826771
21
0.521740157480315
0
LINE
8
BLACK
6
CONTINUOUS
10
2.4052913385826771
20
0.521740157480315
11
2.4052913385826771
21
0.5424094488188976
0
LINE
8
BLACK
6
CONTINUOUS
10
2.4052913385826771
20
0.5424094488188976
11
2.4057340157480316
21
0.5457720472440944
0
LINE
8
BLACK
6
CONTINUOUS
10
2.4057340157480316
20
0.5457720472440944
11
2.4076409448818898
21
0.5498614173228347
0
LINE
8
BLACK
6
CONTINUOUS
10
2.4076409448818898
20
0.5498614173228347
11
2.410831496062992
21
0.553051968503937
0
LINE
8
BLACK
6
CONTINUOUS
10
2.410831496062992
20
0.553051968503937
11
2.4149208661417321
21
0.5549588976377953
0
LINE
8
BLACK
6
CONTINUOUS
10
2.4149208661417321
20
0.5549588976377953
11
2.4182834645669291
21
0.5554015748031496
0
LINE
8
BLACK
6
CONTINUOUS
10
2.4182834645669291
20
0.5554015748031496
11
2.4537165354330708
21
0.5554015748031496
0
LINE
8
BLACK
6
CONTINUOUS
10
2.4537165354330708
20
0.5554015748031496
11
2.4570791338582678
21
0.5549588976377953
0
LINE
8
BLACK
6
CONTINUOUS
10
2.5370791338582674
20
0.5549588976377953
11
2.541168503937008
21
0.553051968503937
0
LINE
8
BLACK
6
CONTINUOUS
10
2.541168503937008
20
0.553051968503937
11
2.5443590551181101
21
0.5498614173228347
0
LINE
8
BLACK
6
CONTINUOUS
10
2.5443590551181101
20
0.5498614173228347
11
2.5462659842519684
21
0.5457720472440944
0
LINE
8
BLACK
6
CONTINUOUS
10
2.5462659842519684
20
0.5457720472440944
11
2.5467086614173229
21
0.5424094488188976
0
LINE
8
BLACK
6
CONTINUOUS
10
2.5467086614173229
20
0.5424094488188976
11
2.5467086614173229
21
0.521740157480315
0
LINE
8
BLACK
6
CONTINUOUS
10
2.5467086614173229
20
0.521740157480315
11
2.5462659842519684
21
0.5183775590551181
0
LINE
8
BLACK
6
CONTINUOUS
10
2.5462659842519684
20
0.5183775590551181
11
2.5443590551181101
21
0.514288188976378
0
LINE
8
BLACK
6
CONTINUOUS
10
2.5443590551181101
20
0.514288188976378
11
2.541168503937008
21
0.5110976377952756
0
LINE
8
BLACK
6
CONTINUOUS
10
2.541168503937008
20
0.5110976377952756
11
2.5370791338582674
21
0.5091907086614174
0
LINE
8
BLACK
6
CONTINUOUS
10
2.5370791338582674
20
0.5091907086614174
11
2.5337165354330708
21
0.508748031496063
0
LINE
8
BLACK
6
CONTINUOUS
10
2.5337165354330708
20
0.508748031496063
11
2.4982834645669292
21
0.508748031496063
0
LINE
8
BLACK
6
CONTINUOUS
10
2.4982834645669292
20
0.508748031496063
11
2.4949208661417321
21
0.5091907086614174
0
LINE
8
BLACK
6
CONTINUOUS
10
2.4949208661417321
20
0.5091907086614174
11
2.490831496062992
21
0.5110976377952756
0
LINE
8
BLACK
6
CONTINUOUS
10
2.490831496062992
20
0.5110976377952756
11
2.4876409448818899
21
0.514288188976378
0
LINE
8
BLACK
6
CONTINUOUS
10
2.4876409448818899
20
0.514288188976378
11
2.4857340157480317
21
0.5183775590551181
0
LINE
8
BLACK
6
CONTINUOUS
10
2.4857340157480317
20
0.5183775590551181
11
2.4852913385826771
21
0.521740157480315
0
LINE
8
BLACK
6
CONTINUOUS
10
2.4852913385826771
20
0.521740157480315
11
2.4852913385826771
21
0.5424094488188976
0
LINE
8
BLACK
6
CONTINUOUS
10
2.4852913385826771
20
0.5424094488188976
11
2.4857340157480317
21
0.5457720472440944
0
LINE
8
BLACK
6
CONTINUOUS
10
2.4857340157480317
20
0.5457720472440944
11
2.4876409448818899
21
0.5498614173228347
0
LINE
8
BLACK
6
CONTINUOUS
10
2.4876409448818899
20
0.5498614173228347
11
2.490831496062992
21
0.553051968503937
0
LINE
8
BLACK
6
CONTINUOUS
10
2.490831496062992
20
0.553051968503937
11
2.4949208661417321
21
0.5549588976377953
0
LINE
8
BLACK
6
CONTINUOUS
10
2.4949208661417321
20
0.5549588976377953
11
2.4982834645669292
21
0.5554015748031496
0
LINE
8
BLACK
6
CONTINUOUS
10
2.4982834645669292
20
0.5554015748031496
11
2.5337165354330708
21
0.5554015748031496
0
LINE
8
BLACK
6
CONTINUOUS
10
2.5337165354330708
20
0.5554015748031496
11
2.5370791338582674
21
0.5549588976377953
0
LINE
8
BLACK
6
CONTINUOUS
10
2.6153392519685039
20
0.5617122834645669
11
2.6182769685039369
21
0.5597494094488189
0
LINE
8
BLACK
6
CONTINUOUS
10
2.6182769685039369
20
0.5597494094488189
11
2.6202398425196849
21
0.5568116929133858
0
LINE
8
BLACK
6
CONTINUOUS
10
2.6202398425196849
20
0.5568116929133858
11
2.6209291338582679
21
0.5533464566929134
0
LINE
8
BLACK
6
CONTINUOUS
10
2.6209291338582679
20
0.5533464566929134
11
2.6209291338582679
21
0.5415354330708662
0
LINE
8
BLACK
6
CONTINUOUS
10
2.6209291338582679
20
0.5415354330708662
11
2.6202398425196849
21
0.5380701968503937
0
LINE
8
BLACK
6
CONTINUOUS
10
2.6202398425196849
20
0.5380701968503937
11
2.6182769685039369
21
0.5351324803149606
0
LINE
8
BLACK
6
CONTINUOUS
10
2.6182769685039369
20
0.5351324803149606
11
2.6153392519685039
21
0.5331696062992126
0
LINE
8
BLACK
6
CONTINUOUS
10
2.6153392519685039
20
0.5331696062992126
11
2.6118740157480316
21
0.5324803149606299
0
LINE
8
BLACK
6
CONTINUOUS
10
2.6118740157480316
20
0.5324803149606299
11
2.5961259842519686
21
0.5324803149606299
0
LINE
8
BLACK
6
CONTINUOUS
10
2.5961259842519686
20
0.5324803149606299
11
2.5926607480314958
21
0.5331696062992126
0
LINE
8
BLACK
6
CONTINUOUS
10
2.5926607480314958
20
0.5331696062992126
11
2.5897230314960629
21
0.5351324803149606
0
LINE
8
BLACK
6
CONTINUOUS
10
2.5897230314960629
20
0.5351324803149606
11
2.5877601574803148
21
0.5380701968503937
0
LINE
8
BLACK
6
CONTINUOUS
10
2.5877601574803148
20
0.5380701968503937
11
2.5870708661417323
21
0.5415354330708662
0
LINE
8
BLACK
6
CONTINUOUS
10
2.5870708661417323
20
0.5415354330708662
11
2.5870708661417323
21
0.5533464566929134
0
LINE
8
BLACK
6
CONTINUOUS
10
2.5870708661417323
20
0.5533464566929134
11
2.5877601574803148
21
0.5568116929133858
0
LINE
8
BLACK
6
CONTINUOUS
10
2.5877601574803148
20
0.5568116929133858
11
2.5897230314960629
21
0.5597494094488189
0
LINE
8
BLACK
6
CONTINUOUS
10
2.5897230314960629
20
0.5597494094488189
11
2.5926607480314958
21
0.5617122834645669
0
LINE
8
BLACK
6
CONTINUOUS
10
2.5926607480314958
20
0.5617122834645669
11
2.5961259842519686
21
0.5624015748031496
0
LINE
8
BLACK
6
CONTINUOUS
10
2.5961259842519686
20
0.5624015748031496
11
2.6118740157480316
21
0.5624015748031496
0
LINE
8
BLACK
6
CONTINUOUS
10
2.6118740157480316
20
0.5624015748031496
11
2.6153392519685039
21
0.5617122834645669
0
LINE
8
BLACK
6
CONTINUOUS
10
1.7813506299212598
20
0.591085157480315
11
1.7850566141732283
21
0.589448779527559
0
LINE
8
BLACK
6
CONTINUOUS
10
1.7850566141732283
20
0.589448779527559
11
1.7879212204724408
21
0.5865841732283464
0
LINE
8
BLACK
6
CONTINUOUS
10
1.7879212204724408
20
0.5865841732283464
11
1.7895575984251968
21
0.5828781889763779
0
LINE
8
BLACK
6
CONTINUOUS
10
1.7895575984251968
20
0.5828781889763779
11
1.7898503937007875
21
0.5803543307086614
0
LINE
8
BLACK
6
CONTINUOUS
10
1.7898503937007875
20
0.5803543307086614
11
1.7898503937007875
21
0.5646062992125984
0
LINE
8
BLACK
6
CONTINUOUS
10
1.7898503937007875
20
0.5646062992125984
11
1.7895575984251968
21
0.5620824409448819
0
LINE
8
BLACK
6
CONTINUOUS
10
1.7895575984251968
20
0.5620824409448819
11
1.7879212204724408
21
0.5583764566929134
0
LINE
8
BLACK
6
CONTINUOUS
10
1.7879212204724408
20
0.5583764566929134
11
1.7850566141732283
21
0.5555118503937008
0
LINE
8
BLACK
6
CONTINUOUS
10
1.7850566141732283
20
0.5555118503937008
11
1.7813506299212598
21
0.5538754724409448
0
LINE
8
BLACK
6
CONTINUOUS
10
1.7813506299212598
20
0.5538754724409448
11
1.7788267716535433
21
0.5535826771653544
0
LINE
8
BLACK
6
CONTINUOUS
10
1.7788267716535433
20
0.5535826771653544
11
1.7571732283464567
21
0.5535826771653544
0
LINE
8
BLACK
6
CONTINUOUS
10
1.7571732283464567
20
0.5535826771653544
11
1.7546493700787402
21
0.5538754724409448
0
LINE
8
BLACK
6
CONTINUOUS
10
1.7546493700787402
20
0.5538754724409448
11
1.7509433858267716
21
0.5555118503937008
0
LINE
8
BLACK
6
CONTINUOUS
10
1.7509433858267716
20
0.5555118503937008
11
1.748078779527559
21
0.5583764566929134
0
LINE
8
BLACK
6
CONTINUOUS
10
1.748078779527559
20
0.5583764566929134
11
1.746442401574803
21
0.5620824409448819
0
LINE
8
BLACK
6
CONTINUOUS
10
1.746442401574803
20
0.5620824409448819
11
1.7461496062992126
21
0.5646062992125984
0
LINE
8
BLACK
6
CONTINUOUS
10
1.7461496062992126
20
0.5646062992125984
11
1.7461496062992126
21
0.5803543307086614
0
LINE
8
BLACK
6
CONTINUOUS
10
1.7461496062992126
20
0.5803543307086614
11
1.746442401574803
21
0.5828781889763779
0
LINE
8
BLACK
6
CONTINUOUS
10
1.746442401574803
20
0.5828781889763779
11
1.748078779527559
21
0.5865841732283464
0
LINE
8
BLACK
6
CONTINUOUS
10
1.748078779527559
20
0.5865841732283464
11
1.7509433858267716
21
0.589448779527559
0
LINE
8
BLACK
6
CONTINUOUS
10
1.7509433858267716
20
0.589448779527559
11
1.7546493700787402
21
0.591085157480315
0
LINE
8
BLACK
6
CONTINUOUS
10
1.7546493700787402
20
0.591085157480315
11
1.7571732283464567
21
0.5913779527559055
0
LINE
8
BLACK
6
CONTINUOUS
10
1.7571732283464567
20
0.5913779527559055
11
1.7788267716535433
21
0.5913779527559055
0
LINE
8
BLACK
6
CONTINUOUS
10
1.7788267716535433
20
0.5913779527559055
11
1.7813506299212598
21
0.591085157480315
0
LINE
8
BLACK
6
CONTINUOUS
10
1.9663506299212599
20
0.591085157480315
11
1.9700566141732283
21
0.589448779527559
0
LINE
8
BLACK
6
CONTINUOUS
10
1.9700566141732283
20
0.589448779527559
11
1.9729212204724409
21
0.5865841732283464
0
LINE
8
BLACK
6
CONTINUOUS
10
1.9729212204724409
20
0.5865841732283464
11
1.9745575984251968
21
0.5828781889763779
0
LINE
8
BLACK
6
CONTINUOUS
10
1.9745575984251968
20
0.5828781889763779
11
1.9748503937007873
21
0.5803543307086614
0
LINE
8
BLACK
6
CONTINUOUS
10
1.9748503937007873
20
0.5803543307086614
11
1.9748503937007873
21
0.5646062992125984
0
LINE
8
BLACK
6
CONTINUOUS
10
1.9748503937007873
20
0.5646062992125984
11
1.9745575984251968
21
0.5620824409448819
0
LINE
8
BLACK
6
CONTINUOUS
10
1.9745575984251968
20
0.5620824409448819
11
1.9729212204724409
21
0.5583764566929134
0
LINE
8
BLACK
6
CONTINUOUS
10
1.9729212204724409
20
0.5583764566929134
11
1.9700566141732283
21
0.5555118503937008
0
LINE
8
BLACK
6
CONTINUOUS
10
1.9700566141732283
20
0.5555118503937008
11
1.9663506299212599
21
0.5538754724409448
0
LINE
8
BLACK
6
CONTINUOUS
10
1.9663506299212599
20
0.5538754724409448
11
1.9638267716535434
21
0.5535826771653544
0
LINE
8
BLACK
6
CONTINUOUS
10
1.9638267716535434
20
0.5535826771653544
11
1.9421732283464566
21
0.5535826771653544
0
LINE
8
BLACK
6
CONTINUOUS
10
1.9421732283464566
20
0.5535826771653544
11
1.9396493700787401
21
0.5538754724409448
0
LINE
8
BLACK
6
CONTINUOUS
10
1.9396493700787401
20
0.5538754724409448
11
1.9359433858267716
21
0.5555118503937008
0
LINE
8
BLACK
6
CONTINUOUS
10
1.9359433858267716
20
0.5555118503937008
11
1.933078779527559
21
0.5583764566929134
0
LINE
8
BLACK
6
CONTINUOUS
10
1.933078779527559
20
0.5583764566929134
11
1.9314424015748031
21
0.5620824409448819
0
LINE
8
BLACK
6
CONTINUOUS
10
1.9314424015748031
20
0.5620824409448819
11
1.9311496062992126
21
0.5646062992125984
0
LINE
8
BLACK
6
CONTINUOUS
10
1.9311496062992126
20
0.5646062992125984
11
1.9311496062992126
21
0.5803543307086614
0
LINE
8
BLACK
6
CONTINUOUS
10
1.9311496062992126
20
0.5803543307086614
11
1.9314424015748031
21
0.5828781889763779
0
LINE
8
BLACK
6
CONTINUOUS
10
1.9314424015748031
20
0.5828781889763779
11
1.933078779527559
21
0.5865841732283464
0
LINE
8
BLACK
6
CONTINUOUS
10
1.933078779527559
20
0.5865841732283464
11
1.9359433858267716
21
0.589448779527559
0
LINE
8
BLACK
6
CONTINUOUS
10
1.9359433858267716
20
0.589448779527559
11
1.9396493700787401
21
0.591085157480315
0
LINE
8
BLACK
6
CONTINUOUS
10
1.9396493700787401
20
0.591085157480315
11
1.9421732283464566
21
0.5913779527559055
0
LINE
8
BLACK
6
CONTINUOUS
10
1.9421732283464566
20
0.5913779527559055
11
1.9638267716535434
21
0.5913779527559055
0
LINE
8
BLACK
6
CONTINUOUS
10
1.9638267716535434
20
0.5913779527559055
11
1.9663506299212599
21
0.591085157480315
0
LINE
8
BLACK
6
CONTINUOUS
10
1.9073506299212597
20
0.592085157480315
11
1.9110566141732284
21
0.590448779527559
0
LINE
8
BLACK
6
CONTINUOUS
10
1.9110566141732284
20
0.590448779527559
11
1.913921220472441
21
0.5875841732283464
0
LINE
8
BLACK
6
CONTINUOUS
10
1.913921220472441
20
0.5875841732283464
11
1.9155575984251969
21
0.5838781889763779
0
LINE
8
BLACK
6
CONTINUOUS
10
1.9155575984251969
20
0.5838781889763779
11
1.9158503937007874
21
0.5813543307086614
0
LINE
8
BLACK
6
CONTINUOUS
10
1.9158503937007874
20
0.5813543307086614
11
1.9158503937007874
21
0.5656062992125984
0
LINE
8
BLACK
6
CONTINUOUS
10
1.9158503937007874
20
0.5656062992125984
11
1.9155575984251969
21
0.5630824409448819
0
LINE
8
BLACK
6
CONTINUOUS
10
1.9155575984251969
20
0.5630824409448819
11
1.913921220472441
21
0.5593764566929134
0
LINE
8
BLACK
6
CONTINUOUS
10
1.913921220472441
20
0.5593764566929134
11
1.9110566141732284
21
0.5565118503937008
0
LINE
8
BLACK
6
CONTINUOUS
10
1.9110566141732284
20
0.5565118503937008
11
1.9073506299212597
21
0.5548754724409448
0
LINE
8
BLACK
6
CONTINUOUS
10
1.9073506299212597
20
0.5548754724409448
11
1.9048267716535432
21
0.5545826771653544
0
LINE
8
BLACK
6
CONTINUOUS
10
1.9048267716535432
20
0.5545826771653544
11
1.8831732283464566
21
0.5545826771653544
0
LINE
8
BLACK
6
CONTINUOUS
10
1.8831732283464566
20
0.5545826771653544
11
1.8806493700787401
21
0.5548754724409448
0
LINE
8
BLACK
6
CONTINUOUS
10
1.8806493700787401
20
0.5548754724409448
11
1.8769433858267717
21
0.5565118503937008
0
LINE
8
BLACK
6
CONTINUOUS
10
1.8769433858267717
20
0.5565118503937008
11
1.8740787795275591
21
0.5593764566929134
0
LINE
8
BLACK
6
CONTINUOUS
10
1.8740787795275591
20
0.5593764566929134
11
1.8724424015748031
21
0.5630824409448819
0
LINE
8
BLACK
6
CONTINUOUS
10
1.8724424015748031
20
0.5630824409448819
11
1.8721496062992125
21
0.5656062992125984
0
LINE
8
BLACK
6
CONTINUOUS
10
1.8721496062992125
20
0.5656062992125984
11
1.8721496062992125
21
0.5813543307086614
0
LINE
8
BLACK
6
CONTINUOUS
10
1.8721496062992125
20
0.5813543307086614
11
1.8724424015748031
21
0.5838781889763779
0
LINE
8
BLACK
6
CONTINUOUS
10
1.8724424015748031
20
0.5838781889763779
11
1.8740787795275591
21
0.5875841732283464
0
LINE
8
BLACK
6
CONTINUOUS
10
1.8740787795275591
20
0.5875841732283464
11
1.8769433858267717
21
0.590448779527559
0
LINE
8
BLACK
6
CONTINUOUS
10
1.8769433858267717
20
0.590448779527559
11
1.8806493700787401
21
0.592085157480315
0
LINE
8
BLACK
6
CONTINUOUS
10
1.8806493700787401
20
0.592085157480315
11
1.8831732283464566
21
0.5923779527559055
0
LINE
8
BLACK
6
CONTINUOUS
10
1.8831732283464566
20
0.5923779527559055
11
1.9048267716535432
21
0.5923779527559055
0
LINE
8
BLACK
6
CONTINUOUS
10
1.9048267716535432
20
0.5923779527559055
11
1.9073506299212597
21
0.592085157480315
0
LINE
8
BLACK
6
CONTINUOUS
10
2.0273506299212598
20
0.592085157480315
11
2.0310566141732282
21
0.590448779527559
0
LINE
8
BLACK
6
CONTINUOUS
10
2.0310566141732282
20
0.590448779527559
11
2.0339212204724411
21
0.5875841732283464
0
LINE
8
BLACK
6
CONTINUOUS
10
2.0339212204724411
20
0.5875841732283464
11
2.0355575984251968
21
0.5838781889763779
0
LINE
8
BLACK
6
CONTINUOUS
10
2.0355575984251968
20
0.5838781889763779
11
2.0358503937007875
21
0.5813543307086614
0
LINE
8
BLACK
6
CONTINUOUS
10
2.0358503937007875
20
0.5813543307086614
11
2.0358503937007875
21
0.5656062992125984
0
LINE
8
BLACK
6
CONTINUOUS
10
2.0358503937007875
20
0.5656062992125984
11
2.0355575984251968
21
0.5630824409448819
0
LINE
8
BLACK
6
CONTINUOUS
10
2.0355575984251968
20
0.5630824409448819
11
2.0339212204724411
21
0.5593764566929134
0
LINE
8
BLACK
6
CONTINUOUS
10
2.0339212204724411
20
0.5593764566929134
11
2.0310566141732282
21
0.5565118503937008
0
LINE
8
BLACK
6
CONTINUOUS
10
2.0310566141732282
20
0.5565118503937008
11
2.0273506299212598
21
0.5548754724409448
0
LINE
8
BLACK
6
CONTINUOUS
10
2.0273506299212598
20
0.5548754724409448
11
2.0248267716535433
21
0.5545826771653544
0
LINE
8
BLACK
6
CONTINUOUS
10
2.0248267716535433
20
0.5545826771653544
11
2.0031732283464567
21
0.5545826771653544
0
LINE
8
BLACK
6
CONTINUOUS
10
2.0031732283464567
20
0.5545826771653544
11
2.0006493700787402
21
0.5548754724409448
0
LINE
8
BLACK
6
CONTINUOUS
10
2.0006493700787402
20
0.5548754724409448
11
1.9969433858267716
21
0.5565118503937008
0
LINE
8
BLACK
6
CONTINUOUS
10
1.9969433858267716
20
0.5565118503937008
11
1.994078779527559
21
0.5593764566929134
0
LINE
8
BLACK
6
CONTINUOUS
10
1.994078779527559
20
0.5593764566929134
11
1.992442401574803
21
0.5630824409448819
0
LINE
8
BLACK
6
CONTINUOUS
10
1.992442401574803
20
0.5630824409448819
11
1.9921496062992126
21
0.5656062992125984
0
LINE
8
BLACK
6
CONTINUOUS
10
1.9921496062992126
20
0.5656062992125984
11
1.9921496062992126
21
0.5813543307086614
0
LINE
8
BLACK
6
CONTINUOUS
10
1.9921496062992126
20
0.5813543307086614
11
1.992442401574803
21
0.5838781889763779
0
LINE
8
BLACK
6
CONTINUOUS
10
1.992442401574803
20
0.5838781889763779
11
1.994078779527559
21
0.5875841732283464
0
LINE
8
BLACK
6
CONTINUOUS
10
1.994078779527559
20
0.5875841732283464
11
1.9969433858267716
21
0.590448779527559
0
LINE
8
BLACK
6
CONTINUOUS
10
1.9969433858267716
20
0.590448779527559
11
2.0006493700787402
21
0.592085157480315
0
LINE
8
BLACK
6
CONTINUOUS
10
2.0006493700787402
20
0.592085157480315
11
2.0031732283464567
21
0.5923779527559055
0
LINE
8
BLACK
6
CONTINUOUS
10
2.0031732283464567
20
0.5923779527559055
11
2.0248267716535433
21
0.5923779527559055
0
LINE
8
BLACK
6
CONTINUOUS
10
2.0248267716535433
20
0.5923779527559055
11
2.0273506299212598
21
0.592085157480315
0
LINE
8
BLACK
6
CONTINUOUS
10
2.349305275590551
20
0.6012567716535433
11
2.3514119291338584
21
0.6012567716535433
0
LINE
8
BLACK
6
CONTINUOUS
10
2.3514119291338584
20
0.6012567716535433
11
2.3522270866141732
21
0.6011494488188976
0
LINE
8
BLACK
6
CONTINUOUS
10
2.3522270866141732
20
0.6011494488188976
11
2.3571908267716535
21
0.5998194488188976
0
LINE
8
BLACK
6
CONTINUOUS
10
2.3571908267716535
20
0.5998194488188976
11
2.3579504724409448
21
0.5995048031496063
0
LINE
8
BLACK
6
CONTINUOUS
10
2.3579504724409448
20
0.5995048031496063
11
2.3624008267716534
21
0.5969353937007874
0
LINE
8
BLACK
6
CONTINUOUS
10
2.3624008267716534
20
0.5969353937007874
11
2.3630531496062992
21
0.5964348818897638
0
LINE
8
BLACK
6
CONTINUOUS
10
2.3630531496062992
20
0.5964348818897638
11
2.3666868503937009
21
0.5928011811023622
0
LINE
8
BLACK
6
CONTINUOUS
10
2.3666868503937009
20
0.5928011811023622
11
2.3671873622047244
21
0.5921488582677166
0
LINE
8
BLACK
6
CONTINUOUS
10
2.3671873622047244
20
0.5921488582677166
11
2.369756771653543
21
0.5876985039370078
0
LINE
8
BLACK
6
CONTINUOUS
10
2.369756771653543
20
0.5876985039370078
11
2.3700714173228348
21
0.5869388582677165
0
LINE
8
BLACK
6
CONTINUOUS
10
2.3700714173228348
20
0.5869388582677165
11
2.3714014173228346
21
0.5819751181102362
0
LINE
8
BLACK
6
CONTINUOUS
10
2.3714014173228346
20
0.5819751181102362
11
2.3715087401574801
21
0.5811599606299213
0
LINE
8
BLACK
6
CONTINUOUS
10
2.3715087401574801
20
0.5811599606299213
11
2.3715087401574801
21
0.5793463779527559
0
LINE
8
BLACK
6
CONTINUOUS
10
2.3715087401574801
20
0.5793463779527559
11
2.3716293307086613
21
0.5791374803149606
0
LINE
8
BLACK
6
CONTINUOUS
10
2.3716293307086613
20
0.5791374803149606
11
2.3716771653543307
21
0.5785905511811024
0
LINE
8
BLACK
6
CONTINUOUS
10
2.3716771653543307
20
0.5785905511811024
11
2.3716771653543307
21
0.5589055118110237
0
LINE
8
BLACK
6
CONTINUOUS
10
2.3716771653543307
20
0.5589055118110237
11
2.3709403149606301
21
0.5568809842519685
0
LINE
8
BLACK
6
CONTINUOUS
10
2.3709403149606301
20
0.5568809842519685
11
2.3690744881889763
21
0.5558037401574804
0
LINE
8
BLACK
6
CONTINUOUS
10
2.3690744881889763
20
0.5558037401574804
11
2.368527559055118
21
0.555755905511811
0
LINE
8
BLACK
6
CONTINUOUS
10
2.368527559055118
20
0.555755905511811
11
2.3094724409448819
21
0.555755905511811
0
LINE
8
BLACK
6
CONTINUOUS
10
2.3094724409448819
20
0.555755905511811
11
2.3074479133858268
21
0.5564927559055118
0
LINE
8
BLACK
6
CONTINUOUS
10
2.3074479133858268
20
0.5564927559055118
11
2.3063706692913386
21
0.5583585826771653
0
LINE
8
BLACK
6
CONTINUOUS
10
2.3063706692913386
20
0.5583585826771653
11
2.3063228346456692
21
0.5589055118110237
0
LINE
8
BLACK
6
CONTINUOUS
10
2.3063228346456692
20
0.5589055118110237
11
2.3063228346456692
21
0.5785905511811024
0
LINE
8
BLACK
6
CONTINUOUS
10
2.3063228346456692
20
0.5785905511811024
11
2.3064912598425198
21
0.5790533070866142
0
LINE
8
BLACK
6
CONTINUOUS
10
2.3064912598425198
20
0.5790533070866142
11
2.3064912598425198
21
0.5811599606299213
0
LINE
8
BLACK
6
CONTINUOUS
10
2.3064912598425198
20
0.5811599606299213
11
2.3065985826771653
21
0.5819751181102362
0
LINE
8
BLACK
6
CONTINUOUS
10
2.3065985826771653
20
0.5819751181102362
11
2.3079285826771652
21
0.5869388582677165
0
LINE
8
BLACK
6
CONTINUOUS
10
2.3079285826771652
20
0.5869388582677165
11
2.3082432283464565
21
0.5876985039370078
0
LINE
8
BLACK
6
CONTINUOUS
10
2.3082432283464565
20
0.5876985039370078
11
2.3108126377952756
21
0.5921488582677166
0
LINE
8
BLACK
6
CONTINUOUS
10
2.3108126377952756
20
0.5921488582677166
11
2.3113131496062991
21
0.5928011811023622
0
LINE
8
BLACK
6
CONTINUOUS
10
2.3113131496062991
20
0.5928011811023622
11
2.3149468503937007
21
0.5964348818897638
0
LINE
8
BLACK
6
CONTINUOUS
10
2.3149468503937007
20
0.5964348818897638
11
2.3155991732283465
21
0.5969353937007874
0
LINE
8
BLACK
6
CONTINUOUS
10
2.3155991732283465
20
0.5969353937007874
11
2.3200495275590551
21
0.5995048031496063
0
LINE
8
BLACK
6
CONTINUOUS
10
2.3200495275590551
20
0.5995048031496063
11
2.3208091732283465
21
0.5998194488188976
0
LINE
8
BLACK
6
CONTINUOUS
10
2.3208091732283465
20
0.5998194488188976
11
2.3257729133858267
21
0.6011494488188976
0
LINE
8
BLACK
6
CONTINUOUS
10
2.3257729133858267
20
0.6011494488188976
11
2.3265880708661415
21
0.6012567716535433
0
LINE
8
BLACK
6
CONTINUOUS
10
2.3265880708661415
20
0.6012567716535433
11
2.3284016929133857
21
0.6012567716535433
0
LINE
8
BLACK
6
CONTINUOUS
10
2.3284016929133857
20
0.6012567716535433
11
2.3286105511811024
21
0.6013773622047244
0
LINE
8
BLACK
6
CONTINUOUS
10
2.3286105511811024
20
0.6013773622047244
11
2.3291574803149606
21
0.6014251968503936
0
LINE
8
BLACK
6
CONTINUOUS
10
2.3291574803149606
20
0.6014251968503936
11
2.3488425196850393
21
0.6014251968503936
0
LINE
8
BLACK
6
CONTINUOUS
10
2.3488425196850393
20
0.6014251968503936
11
2.349305275590551
21
0.6012567716535433
0
LINE
8
BLACK
6
CONTINUOUS
10
0.6690791338582677
20
0.6028092913385826
11
0.6731685039370079
21
0.6009023622047244
0
LINE
8
BLACK
6
CONTINUOUS
10
0.6731685039370079
20
0.6009023622047244
11
0.6763590551181102
21
0.597711811023622
0
LINE
8
BLACK
6
CONTINUOUS
10
0.6763590551181102
20
0.597711811023622
11
0.6782659842519685
21
0.5936224409448819
0
LINE
8
BLACK
6
CONTINUOUS
10
0.6782659842519685
20
0.5936224409448819
11
0.6787086614173228
21
0.590259842519685
0
LINE
8
BLACK
6
CONTINUOUS
10
0.6787086614173228
20
0.590259842519685
11
0.6787086614173228
21
0.5695905511811024
0
LINE
8
BLACK
6
CONTINUOUS
10
0.6787086614173228
20
0.5695905511811024
11
0.6782659842519685
21
0.5662279527559055
0
LINE
8
BLACK
6
CONTINUOUS
10
0.6782659842519685
20
0.5662279527559055
11
0.6763590551181102
21
0.5621385826771653
0
LINE
8
BLACK
6
CONTINUOUS
10
0.6763590551181102
20
0.5621385826771653
11
0.6731685039370079
21
0.558948031496063
0
LINE
8
BLACK
6
CONTINUOUS
10
0.6731685039370079
20
0.558948031496063
11
0.6690791338582677
21
0.5570411023622047
0
LINE
8
BLACK
6
CONTINUOUS
10
0.6690791338582677
20
0.5570411023622047
11
0.6657165354330709
21
0.5565984251968504
0
LINE
8
BLACK
6
CONTINUOUS
10
0.6657165354330709
20
0.5565984251968504
11
0.6302834645669291
21
0.5565984251968504
0
LINE
8
BLACK
6
CONTINUOUS
10
0.6302834645669291
20
0.5565984251968504
11
0.6269208661417323
21
0.5570411023622047
0
LINE
8
BLACK
6
CONTINUOUS
10
0.6269208661417323
20
0.5570411023622047
11
0.6228314960629922
21
0.558948031496063
0
LINE
8
BLACK
6
CONTINUOUS
10
0.6228314960629922
20
0.558948031496063
11
0.6196409448818897
21
0.5621385826771653
0
LINE
8
BLACK
6
CONTINUOUS
10
0.6196409448818897
20
0.5621385826771653
11
0.6177340157480314
21
0.5662279527559055
0
LINE
8
BLACK
6
CONTINUOUS
10
0.6177340157480314
20
0.5662279527559055
11
0.6172913385826772
21
0.5695905511811024
0
LINE
8
BLACK
6
CONTINUOUS
10
0.6172913385826772
20
0.5695905511811024
11
0.6172913385826772
21
0.590259842519685
0
LINE
8
BLACK
6
CONTINUOUS
10
0.6172913385826772
20
0.590259842519685
11
0.6177340157480314
21
0.5936224409448819
0
LINE
8
BLACK
6
CONTINUOUS
10
0.6177340157480314
20
0.5936224409448819
11
0.6196409448818897
21
0.597711811023622
0
LINE
8
BLACK
6
CONTINUOUS
10
0.6196409448818897
20
0.597711811023622
11
0.6228314960629922
21
0.6009023622047244
0
LINE
8
BLACK
6
CONTINUOUS
10
0.6228314960629922
20
0.6009023622047244
11
0.6269208661417323
21
0.6028092913385826
0
LINE
8
BLACK
6
CONTINUOUS
10
0.6269208661417323
20
0.6028092913385826
11
0.6302834645669291
21
0.603251968503937
0
LINE
8
BLACK
6
CONTINUOUS
10
0.6302834645669291
20
0.603251968503937
11
0.6657165354330709
21
0.603251968503937
0
LINE
8
BLACK
6
CONTINUOUS
10
0.6657165354330709
20
0.603251968503937
11
0.6690791338582677
21
0.6028092913385826
0
LINE
8
BLACK
6
CONTINUOUS
10
0.7510791338582677
20
0.6028092913385826
11
0.7551685039370079
21
0.6009023622047244
0
LINE
8
BLACK
6
CONTINUOUS
10
0.7551685039370079
20
0.6009023622047244
11
0.7583590551181102
21
0.597711811023622
0
LINE
8
BLACK
6
CONTINUOUS
10
0.7583590551181102
20
0.597711811023622
11
0.7602659842519685
21
0.5936224409448819
0
LINE
8
BLACK
6
CONTINUOUS
10
0.7602659842519685
20
0.5936224409448819
11
0.7607086614173229
21
0.590259842519685
0
LINE
8
BLACK
6
CONTINUOUS
10
0.7607086614173229
20
0.590259842519685
11
0.7607086614173229
21
0.5695905511811024
0
LINE
8
BLACK
6
CONTINUOUS
10
0.7607086614173229
20
0.5695905511811024
11
0.7602659842519685
21
0.5662279527559055
0
LINE
8
BLACK
6
CONTINUOUS
10
0.7602659842519685
20
0.5662279527559055
11
0.7583590551181102
21
0.5621385826771653
0
LINE
8
BLACK
6
CONTINUOUS
10
0.7583590551181102
20
0.5621385826771653
11
0.7551685039370079
21
0.558948031496063
0
LINE
8
BLACK
6
CONTINUOUS
10
0.7551685039370079
20
0.558948031496063
11
0.7510791338582677
21
0.5570411023622047
0
LINE
8
BLACK
6
CONTINUOUS
10
0.7510791338582677
20
0.5570411023622047
11
0.7477165354330708
21
0.5565984251968504
0
LINE
8
BLACK
6
CONTINUOUS
10
0.7477165354330708
20
0.5565984251968504
11
0.7122834645669291
21
0.5565984251968504
0
LINE
8
BLACK
6
CONTINUOUS
10
0.7122834645669291
20
0.5565984251968504
11
0.7089208661417322
21
0.5570411023622047
0
LINE
8
BLACK
6
CONTINUOUS
10
0.7089208661417322
20
0.5570411023622047
11
0.7048314960629921
21
0.558948031496063
0
LINE
8
BLACK
6
CONTINUOUS
10
0.7048314960629921
20
0.558948031496063
11
0.7016409448818898
21
0.5621385826771653
0
LINE
8
BLACK
6
CONTINUOUS
10
0.7016409448818898
20
0.5621385826771653
11
0.6997340157480315
21
0.5662279527559055
0
LINE
8
BLACK
6
CONTINUOUS
10
0.6997340157480315
20
0.5662279527559055
11
0.6992913385826771
21
0.5695905511811024
0
LINE
8
BLACK
6
CONTINUOUS
10
0.6992913385826771
20
0.5695905511811024
11
0.6992913385826771
21
0.590259842519685
0
LINE
8
BLACK
6
CONTINUOUS
10
0.6992913385826771
20
0.590259842519685
11
0.6997340157480315
21
0.5936224409448819
0
LINE
8
BLACK
6
CONTINUOUS
10
0.6997340157480315
20
0.5936224409448819
11
0.7016409448818898
21
0.597711811023622
0
LINE
8
BLACK
6
CONTINUOUS
10
0.7016409448818898
20
0.597711811023622
11
0.7048314960629921
21
0.6009023622047244
0
LINE
8
BLACK
6
CONTINUOUS
10
0.7048314960629921
20
0.6009023622047244
11
0.7089208661417322
21
0.6028092913385826
0
LINE
8
BLACK
6
CONTINUOUS
10
0.7089208661417322
20
0.6028092913385826
11
0.7122834645669291
21
0.603251968503937
0
LINE
8
BLACK
6
CONTINUOUS
10
0.7122834645669291
20
0.603251968503937
11
0.7477165354330708
21
0.603251968503937
0
LINE
8
BLACK
6
CONTINUOUS
10
0.7477165354330708
20
0.603251968503937
11
0.7510791338582677
21
0.6028092913385826
0
LINE
8
BLACK
6
CONTINUOUS
10
0.8530791338582677
20
0.6028092913385826
11
0.8571685039370078
21
0.6009023622047244
0
LINE
8
BLACK
6
CONTINUOUS
10
0.8571685039370078
20
0.6009023622047244
11
0.8603590551181102
21
0.597711811023622
0
LINE
8
BLACK
6
CONTINUOUS
10
0.8603590551181102
20
0.597711811023622
11
0.8622659842519684
21
0.5936224409448819
0
LINE
8
BLACK
6
CONTINUOUS
10
0.8622659842519684
20
0.5936224409448819
11
0.8627086614173228
21
0.590259842519685
0
LINE
8
BLACK
6
CONTINUOUS
10
0.8627086614173228
20
0.590259842519685
11
0.8627086614173228
21
0.5695905511811024
0
LINE
8
BLACK
6
CONTINUOUS
10
0.8627086614173228
20
0.5695905511811024
11
0.8622659842519684
21
0.5662279527559055
0
LINE
8
BLACK
6
CONTINUOUS
10
0.8622659842519684
20
0.5662279527559055
11
0.8603590551181102
21
0.5621385826771653
0
LINE
8
BLACK
6
CONTINUOUS
10
0.8603590551181102
20
0.5621385826771653
11
0.8571685039370078
21
0.558948031496063
0
LINE
8
BLACK
6
CONTINUOUS
10
0.8571685039370078
20
0.558948031496063
11
0.8530791338582677
21
0.5570411023622047
0
LINE
8
BLACK
6
CONTINUOUS
10
0.8530791338582677
20
0.5570411023622047
11
0.8497165354330708
21
0.5565984251968504
0
LINE
8
BLACK
6
CONTINUOUS
10
0.8497165354330708
20
0.5565984251968504
11
0.8142834645669291
21
0.5565984251968504
0
LINE
8
BLACK
6
CONTINUOUS
10
0.8142834645669291
20
0.5565984251968504
11
0.8109208661417323
21
0.5570411023622047
0
LINE
8
BLACK
6
CONTINUOUS
10
0.8109208661417323
20
0.5570411023622047
11
0.8068314960629921
21
0.558948031496063
0
LINE
8
BLACK
6
CONTINUOUS
10
0.8068314960629921
20
0.558948031496063
11
0.8036409448818898
21
0.5621385826771653
0
LINE
8
BLACK
6
CONTINUOUS
10
0.8036409448818898
20
0.5621385826771653
11
0.8017340157480315
21
0.5662279527559055
0
LINE
8
BLACK
6
CONTINUOUS
10
0.8017340157480315
20
0.5662279527559055
11
0.8012913385826771
21
0.5695905511811024
0
LINE
8
BLACK
6
CONTINUOUS
10
0.8012913385826771
20
0.5695905511811024
11
0.8012913385826771
21
0.590259842519685
0
LINE
8
BLACK
6
CONTINUOUS
10
0.8012913385826771
20
0.590259842519685
11
0.8017340157480315
21
0.5936224409448819
0
LINE
8
BLACK
6
CONTINUOUS
10
0.8017340157480315
20
0.5936224409448819
11
0.8036409448818898
21
0.597711811023622
0
LINE
8
BLACK
6
CONTINUOUS
10
0.8036409448818898
20
0.597711811023622
11
0.8068314960629921
21
0.6009023622047244
0
LINE
8
BLACK
6
CONTINUOUS
10
0.8068314960629921
20
0.6009023622047244
11
0.8109208661417323
21
0.6028092913385826
0
LINE
8
BLACK
6
CONTINUOUS
10
0.8109208661417323
20
0.6028092913385826
11
0.8142834645669291
21
0.603251968503937
0
LINE
8
BLACK
6
CONTINUOUS
10
0.8142834645669291
20
0.603251968503937
11
0.8497165354330708
21
0.603251968503937
0
LINE
8
BLACK
6
CONTINUOUS
10
0.8497165354330708
20
0.603251968503937
11
0.8530791338582677
21
0.6028092913385826
0
LINE
8
BLACK
6
CONTINUOUS
10
1.0550791338582677
20
0.6028092913385826
11
1.0591685039370078
21
0.6009023622047244
0
LINE
8
BLACK
6
CONTINUOUS
10
1.0591685039370078
20
0.6009023622047244
11
1.0623590551181101
21
0.597711811023622
0
LINE
8
BLACK
6
CONTINUOUS
10
1.0623590551181101
20
0.597711811023622
11
1.0642659842519684
21
0.5936224409448819
0
LINE
8
BLACK
6
CONTINUOUS
10
1.0642659842519684
20
0.5936224409448819
11
1.0647086614173229
21
0.590259842519685
0
LINE
8
BLACK
6
CONTINUOUS
10
1.0647086614173229
20
0.590259842519685
11
1.0647086614173229
21
0.5695905511811024
0
LINE
8
BLACK
6
CONTINUOUS
10
1.0647086614173229
20
0.5695905511811024
11
1.0642659842519684
21
0.5662279527559055
0
LINE
8
BLACK
6
CONTINUOUS
10
1.0642659842519684
20
0.5662279527559055
11
1.0623590551181101
21
0.5621385826771653
0
LINE
8
BLACK
6
CONTINUOUS
10
1.0623590551181101
20
0.5621385826771653
11
1.0591685039370078
21
0.558948031496063
0
LINE
8
BLACK
6
CONTINUOUS
10
1.0591685039370078
20
0.558948031496063
11
1.0550791338582677
21
0.5570411023622047
0
LINE
8
BLACK
6
CONTINUOUS
10
1.0550791338582677
20
0.5570411023622047
11
1.0517165354330709
21
0.5565984251968504
0
LINE
8
BLACK
6
CONTINUOUS
10
1.0517165354330709
20
0.5565984251968504
11
1.0162834645669292
21
0.5565984251968504
0
LINE
8
BLACK
6
CONTINUOUS
10
1.0162834645669292
20
0.5565984251968504
11
1.0129208661417322
21
0.5570411023622047
0
LINE
8
BLACK
6
CONTINUOUS
10
1.0129208661417322
20
0.5570411023622047
11
1.0088314960629921
21
0.558948031496063
0
LINE
8
BLACK
6
CONTINUOUS
10
1.0088314960629921
20
0.558948031496063
11
1.0056409448818897
21
0.5621385826771653
0
LINE
8
BLACK
6
CONTINUOUS
10
1.0056409448818897
20
0.5621385826771653
11
1.0037340157480314
21
0.5662279527559055
0
LINE
8
BLACK
6
CONTINUOUS
10
1.0037340157480314
20
0.5662279527559055
11
1.0032913385826772
21
0.5695905511811024
0
LINE
8
BLACK
6
CONTINUOUS
10
1.0032913385826772
20
0.5695905511811024
11
1.0032913385826772
21
0.590259842519685
0
LINE
8
BLACK
6
CONTINUOUS
10
1.0032913385826772
20
0.590259842519685
11
1.0037340157480314
21
0.5936224409448819
0
LINE
8
BLACK
6
CONTINUOUS
10
1.0037340157480314
20
0.5936224409448819
11
1.0056409448818897
21
0.597711811023622
0
LINE
8
BLACK
6
CONTINUOUS
10
1.0056409448818897
20
0.597711811023622
11
1.0088314960629921
21
0.6009023622047244
0
LINE
8
BLACK
6
CONTINUOUS
10
1.0088314960629921
20
0.6009023622047244
11
1.0129208661417322
21
0.6028092913385826
0
LINE
8
BLACK
6
CONTINUOUS
10
1.0129208661417322
20
0.6028092913385826
11
1.0162834645669292
21
0.603251968503937
0
LINE
8
BLACK
6
CONTINUOUS
10
1.0162834645669292
20
0.603251968503937
11
1.0517165354330709
21
0.603251968503937
0
LINE
8
BLACK
6
CONTINUOUS
10
1.0517165354330709
20
0.603251968503937
11
1.0550791338582677
21
0.6028092913385826
0
LINE
8
BLACK
6
CONTINUOUS
10
1.8423506299212598
20
0.595085157480315
11
1.8460566141732282
21
0.593448779527559
0
LINE
8
BLACK
6
CONTINUOUS
10
1.8460566141732282
20
0.593448779527559
11
1.848921220472441
21
0.5905841732283464
0
LINE
8
BLACK
6
CONTINUOUS
10
1.848921220472441
20
0.5905841732283464
11
1.8505575984251967
21
0.5868781889763779
0
LINE
8
BLACK
6
CONTINUOUS
10
1.8505575984251967
20
0.5868781889763779
11
1.8508503937007874
21
0.5843543307086614
0
LINE
8
BLACK
6
CONTINUOUS
10
1.8508503937007874
20
0.5843543307086614
11
1.8508503937007874
21
0.5686062992125984
0
LINE
8
BLACK
6
CONTINUOUS
10
1.8508503937007874
20
0.5686062992125984
11
1.8505575984251967
21
0.5660824409448819
0
LINE
8
BLACK
6
CONTINUOUS
10
1.8505575984251967
20
0.5660824409448819
11
1.848921220472441
21
0.5623764566929134
0
LINE
8
BLACK
6
CONTINUOUS
10
1.848921220472441
20
0.5623764566929134
11
1.8460566141732282
21
0.5595118503937008
0
LINE
8
BLACK
6
CONTINUOUS
10
1.8460566141732282
20
0.5595118503937008
11
1.8423506299212598
21
0.5578754724409448
0
LINE
8
BLACK
6
CONTINUOUS
10
1.8423506299212598
20
0.5578754724409448
11
1.8398267716535432
21
0.5575826771653544
0
LINE
8
BLACK
6
CONTINUOUS
10
1.8398267716535432
20
0.5575826771653544
11
1.8181732283464567
21
0.5575826771653544
0
LINE
8
BLACK
6
CONTINUOUS
10
1.8181732283464567
20
0.5575826771653544
11
1.8156493700787402
21
0.5578754724409448
0
LINE
8
BLACK
6
CONTINUOUS
10
1.8156493700787402
20
0.5578754724409448
11
1.8119433858267715
21
0.5595118503937008
0
LINE
8
BLACK
6
CONTINUOUS
10
1.8119433858267715
20
0.5595118503937008
11
1.8090787795275589
21
0.5623764566929134
0
LINE
8
BLACK
6
CONTINUOUS
10
1.8090787795275589
20
0.5623764566929134
11
1.8074424015748032
21
0.5660824409448819
0
LINE
8
BLACK
6
CONTINUOUS
10
1.8074424015748032
20
0.5660824409448819
11
1.8071496062992125
21
0.5686062992125984
0
LINE
8
BLACK
6
CONTINUOUS
10
1.8071496062992125
20
0.5686062992125984
11
1.8071496062992125
21
0.5843543307086614
0
LINE
8
BLACK
6
CONTINUOUS
10
1.8071496062992125
20
0.5843543307086614
11
1.8074424015748032
21
0.5868781889763779
0
LINE
8
BLACK
6
CONTINUOUS
10
1.8074424015748032
20
0.5868781889763779
11
1.8090787795275589
21
0.5905841732283464
0
LINE
8
BLACK
6
CONTINUOUS
10
1.8090787795275589
20
0.5905841732283464
11
1.8119433858267715
21
0.593448779527559
0
LINE
8
BLACK
6
CONTINUOUS
10
1.8119433858267715
20
0.593448779527559
11
1.8156493700787402
21
0.595085157480315
0
LINE
8
BLACK
6
CONTINUOUS
10
1.8156493700787402
20
0.595085157480315
11
1.8181732283464567
21
0.5953779527559055
0
LINE
8
BLACK
6
CONTINUOUS
10
1.8181732283464567
20
0.5953779527559055
11
1.8398267716535432
21
0.5953779527559055
0
LINE
8
BLACK
6
CONTINUOUS
10
1.8398267716535432
20
0.5953779527559055
11
1.8423506299212598
21
0.595085157480315
0
LINE
8
BLACK
6
CONTINUOUS
10
0.9790791338582677
20
0.6038092913385826
11
0.9831685039370078
21
0.6019023622047244
0
LINE
8
BLACK
6
CONTINUOUS
10
0.9831685039370078
20
0.6019023622047244
11
0.9863590551181102
21
0.598711811023622
0
LINE
8
BLACK
6
CONTINUOUS
10
0.9863590551181102
20
0.598711811023622
11
0.9882659842519684
21
0.5946224409448819
0
LINE
8
BLACK
6
CONTINUOUS
10
0.9882659842519684
20
0.5946224409448819
11
0.9887086614173228
21
0.591259842519685
0
LINE
8
BLACK
6
CONTINUOUS
10
0.9887086614173228
20
0.591259842519685
11
0.9887086614173228
21
0.5705905511811024
0
LINE
8
BLACK
6
CONTINUOUS
10
0.9887086614173228
20
0.5705905511811024
11
0.9882659842519684
21
0.5672279527559055
0
LINE
8
BLACK
6
CONTINUOUS
10
0.9882659842519684
20
0.5672279527559055
11
0.9863590551181102
21
0.5631385826771653
0
LINE
8
BLACK
6
CONTINUOUS
10
0.9863590551181102
20
0.5631385826771653
11
0.9831685039370078
21
0.559948031496063
0
LINE
8
BLACK
6
CONTINUOUS
10
0.9831685039370078
20
0.559948031496063
11
0.9790791338582677
21
0.5580411023622047
0
LINE
8
BLACK
6
CONTINUOUS
10
0.9790791338582677
20
0.5580411023622047
11
0.9757165354330708
21
0.5575984251968504
0
LINE
8
BLACK
6
CONTINUOUS
10
0.9757165354330708
20
0.5575984251968504
11
0.9402834645669291
21
0.5575984251968504
0
LINE
8
BLACK
6
CONTINUOUS
10
0.9402834645669291
20
0.5575984251968504
11
0.9369208661417323
21
0.5580411023622047
0
LINE
8
BLACK
6
CONTINUOUS
10
0.9369208661417323
20
0.5580411023622047
11
0.9328314960629921
21
0.559948031496063
0
LINE
8
BLACK
6
CONTINUOUS
10
0.9328314960629921
20
0.559948031496063
11
0.9296409448818898
21
0.5631385826771653
0
LINE
8
BLACK
6
CONTINUOUS
10
0.9296409448818898
20
0.5631385826771653
11
0.9277340157480315
21
0.5672279527559055
0
LINE
8
BLACK
6
CONTINUOUS
10
0.9277340157480315
20
0.5672279527559055
11
0.9272913385826771
21
0.5705905511811024
0
LINE
8
BLACK
6
CONTINUOUS
10
0.9272913385826771
20
0.5705905511811024
11
0.9272913385826771
21
0.591259842519685
0
LINE
8
BLACK
6
CONTINUOUS
10
0.9272913385826771
20
0.591259842519685
11
0.9277340157480315
21
0.5946224409448819
0
LINE
8
BLACK
6
CONTINUOUS
10
0.9277340157480315
20
0.5946224409448819
11
0.9296409448818898
21
0.598711811023622
0
LINE
8
BLACK
6
CONTINUOUS
10
0.9296409448818898
20
0.598711811023622
11
0.9328314960629921
21
0.6019023622047244
0
LINE
8
BLACK
6
CONTINUOUS
10
0.9328314960629921
20
0.6019023622047244
11
0.9369208661417323
21
0.6038092913385826
0
LINE
8
BLACK
6
CONTINUOUS
10
0.9369208661417323
20
0.6038092913385826
11
0.9402834645669291
21
0.604251968503937
0
LINE
8
BLACK
6
CONTINUOUS
10
0.9402834645669291
20
0.604251968503937
11
0.9757165354330708
21
0.604251968503937
0
LINE
8
BLACK
6
CONTINUOUS
10
0.9757165354330708
20
0.604251968503937
11
0.9790791338582677
21
0.6038092913385826
0
LINE
8
BLACK
6
CONTINUOUS
10
2.4570791338582678
20
0.6268092913385827
11
2.4611685039370079
21
0.6249023622047244
0
LINE
8
BLACK
6
CONTINUOUS
10
2.4611685039370079
20
0.6249023622047244
11
2.46435905511811
21
0.6217118110236221
0
LINE
8
BLACK
6
CONTINUOUS
10
2.46435905511811
20
0.6217118110236221
11
2.4662659842519683
21
0.6176224409448818
0
LINE
8
BLACK
6
CONTINUOUS
10
2.4662659842519683
20
0.6176224409448818
11
2.4667086614173228
21
0.614259842519685
0
LINE
8
BLACK
6
CONTINUOUS
10
2.4667086614173228
20
0.614259842519685
11
2.4667086614173228
21
0.5935905511811024
0
LINE
8
BLACK
6
CONTINUOUS
10
2.4667086614173228
20
0.5935905511811024
11
2.4662659842519683
21
0.5902279527559054
0
LINE
8
BLACK
6
CONTINUOUS
10
2.4662659842519683
20
0.5902279527559054
11
2.46435905511811
21
0.5861385826771653
0
LINE
8
BLACK
6
CONTINUOUS
10
2.46435905511811
20
0.5861385826771653
11
2.4611685039370079
21
0.582948031496063
0
LINE
8
BLACK
6
CONTINUOUS
10
2.4611685039370079
20
0.582948031496063
11
2.4570791338582678
21
0.5810411023622047
0
LINE
8
BLACK
6
CONTINUOUS
10
2.4570791338582678
20
0.5810411023622047
11
2.4537165354330708
21
0.5805984251968503
0
LINE
8
BLACK
6
CONTINUOUS
10
2.4537165354330708
20
0.5805984251968503
11
2.4182834645669291
21
0.5805984251968503
0
LINE
8
BLACK
6
CONTINUOUS
10
2.4182834645669291
20
0.5805984251968503
11
2.4149208661417321
21
0.5810411023622047
0
LINE
8
BLACK
6
CONTINUOUS
10
2.4149208661417321
20
0.5810411023622047
11
2.410831496062992
21
0.582948031496063
0
LINE
8
BLACK
6
CONTINUOUS
10
2.410831496062992
20
0.582948031496063
11
2.4076409448818898
21
0.5861385826771653
0
LINE
8
BLACK
6
CONTINUOUS
10
2.4076409448818898
20
0.5861385826771653
11
2.4057340157480316
21
0.5902279527559054
0
LINE
8
BLACK
6
CONTINUOUS
10
2.4057340157480316
20
0.5902279527559054
11
2.4052913385826771
21
0.5935905511811024
0
LINE
8
BLACK
6
CONTINUOUS
10
2.4052913385826771
20
0.5935905511811024
11
2.4052913385826771
21
0.614259842519685
0
LINE
8
BLACK
6
CONTINUOUS
10
2.4052913385826771
20
0.614259842519685
11
2.4057340157480316
21
0.6176224409448818
0
LINE
8
BLACK
6
CONTINUOUS
10
2.4057340157480316
20
0.6176224409448818
11
2.4076409448818898
21
0.6217118110236221
0
LINE
8
BLACK
6
CONTINUOUS
10
2.4076409448818898
20
0.6217118110236221
11
2.410831496062992
21
0.6249023622047244
0
LINE
8
BLACK
6
CONTINUOUS
10
2.410831496062992
20
0.6249023622047244
11
2.4149208661417321
21
0.6268092913385827
0
LINE
8
BLACK
6
CONTINUOUS
10
2.4149208661417321
20
0.6268092913385827
11
2.4182834645669291
21
0.6272519685039369
0
LINE
8
BLACK
6
CONTINUOUS
10
2.4182834645669291
20
0.6272519685039369
11
2.4537165354330708
21
0.6272519685039369
0
LINE
8
BLACK
6
CONTINUOUS
10
2.4537165354330708
20
0.6272519685039369
11
2.4570791338582678
21
0.6268092913385827
0
LINE
8
BLACK
6
CONTINUOUS
10
2.5370791338582674
20
0.6268092913385827
11
2.541168503937008
21
0.6249023622047244
0
LINE
8
BLACK
6
CONTINUOUS
10
2.541168503937008
20
0.6249023622047244
11
2.5443590551181101
21
0.6217118110236221
0
LINE
8
BLACK
6
CONTINUOUS
10
2.5443590551181101
20
0.6217118110236221
11
2.5462659842519684
21
0.6176224409448818
0
LINE
8
BLACK
6
CONTINUOUS
10
2.5462659842519684
20
0.6176224409448818
11
2.5467086614173229
21
0.614259842519685
0
LINE
8
BLACK
6
CONTINUOUS
10
2.5467086614173229
20
0.614259842519685
11
2.5467086614173229
21
0.5935905511811024
0
LINE
8
BLACK
6
CONTINUOUS
10
2.5467086614173229
20
0.5935905511811024
11
2.5462659842519684
21
0.5902279527559054
0
LINE
8
BLACK
6
CONTINUOUS
10
2.5462659842519684
20
0.5902279527559054
11
2.5443590551181101
21
0.5861385826771653
0
LINE
8
BLACK
6
CONTINUOUS
10
2.5443590551181101
20
0.5861385826771653
11
2.541168503937008
21
0.582948031496063
0
LINE
8
BLACK
6
CONTINUOUS
10
2.541168503937008
20
0.582948031496063
11
2.5370791338582674
21
0.5810411023622047
0
LINE
8
BLACK
6
CONTINUOUS
10
2.5370791338582674
20
0.5810411023622047
11
2.5337165354330708
21
0.5805984251968503
0
LINE
8
BLACK
6
CONTINUOUS
10
2.5337165354330708
20
0.5805984251968503
11
2.4982834645669292
21
0.5805984251968503
0
LINE
8
BLACK
6
CONTINUOUS
10
2.4982834645669292
20
0.5805984251968503
11
2.4949208661417321
21
0.5810411023622047
0
LINE
8
BLACK
6
CONTINUOUS
10
2.4949208661417321
20
0.5810411023622047
11
2.490831496062992
21
0.582948031496063
0
LINE
8
BLACK
6
CONTINUOUS
10
2.490831496062992
20
0.582948031496063
11
2.4876409448818899
21
0.5861385826771653
0
LINE
8
BLACK
6
CONTINUOUS
10
2.4876409448818899
20
0.5861385826771653
11
2.4857340157480317
21
0.5902279527559054
0
LINE
8
BLACK
6
CONTINUOUS
10
2.4857340157480317
20
0.5902279527559054
11
2.4852913385826771
21
0.5935905511811024
0
LINE
8
BLACK
6
CONTINUOUS
10
2.4852913385826771
20
0.5935905511811024
11
2.4852913385826771
21
0.614259842519685
0
LINE
8
BLACK
6
CONTINUOUS
10
2.4852913385826771
20
0.614259842519685
11
2.4857340157480317
21
0.6176224409448818
0
LINE
8
BLACK
6
CONTINUOUS
10
2.4857340157480317
20
0.6176224409448818
11
2.4876409448818899
21
0.6217118110236221
0
LINE
8
BLACK
6
CONTINUOUS
10
2.4876409448818899
20
0.6217118110236221
11
2.490831496062992
21
0.6249023622047244
0
LINE
8
BLACK
6
CONTINUOUS
10
2.490831496062992
20
0.6249023622047244
11
2.4949208661417321
21
0.6268092913385827
0
LINE
8
BLACK
6
CONTINUOUS
10
2.4949208661417321
20
0.6268092913385827
11
2.4982834645669292
21
0.6272519685039369
0
LINE
8
BLACK
6
CONTINUOUS
10
2.4982834645669292
20
0.6272519685039369
11
2.5337165354330708
21
0.6272519685039369
0
LINE
8
BLACK
6
CONTINUOUS
10
2.5337165354330708
20
0.6272519685039369
11
2.5370791338582674
21
0.6268092913385827
0
LINE
8
BLACK
6
CONTINUOUS
10
2.6153392519685039
20
0.6168303937007874
11
2.6182769685039369
21
0.6148675196850394
0
LINE
8
BLACK
6
CONTINUOUS
10
2.6182769685039369
20
0.6148675196850394
11
2.6202398425196849
21
0.6119298031496063
0
LINE
8
BLACK
6
CONTINUOUS
10
2.6202398425196849
20
0.6119298031496063
11
2.6209291338582679
21
0.6084645669291339
0
LINE
8
BLACK
6
CONTINUOUS
10
2.6209291338582679
20
0.6084645669291339
11
2.6209291338582679
21
0.5966535433070866
0
LINE
8
BLACK
6
CONTINUOUS
10
2.6209291338582679
20
0.5966535433070866
11
2.6202398425196849
21
0.5931883070866142
0
LINE
8
BLACK
6
CONTINUOUS
10
2.6202398425196849
20
0.5931883070866142
11
2.6182769685039369
21
0.5902505905511811
0
LINE
8
BLACK
6
CONTINUOUS
10
2.6182769685039369
20
0.5902505905511811
11
2.6153392519685039
21
0.5882877165354331
0
LINE
8
BLACK
6
CONTINUOUS
10
2.6153392519685039
20
0.5882877165354331
11
2.6118740157480316
21
0.5875984251968503
0
LINE
8
BLACK
6
CONTINUOUS
10
2.6118740157480316
20
0.5875984251968503
11
2.5961259842519686
21
0.5875984251968503
0
LINE
8
BLACK
6
CONTINUOUS
10
2.5961259842519686
20
0.5875984251968503
11
2.5926607480314958
21
0.5882877165354331
0
LINE
8
BLACK
6
CONTINUOUS
10
2.5926607480314958
20
0.5882877165354331
11
2.5897230314960629
21
0.5902505905511811
0
LINE
8
BLACK
6
CONTINUOUS
10
2.5897230314960629
20
0.5902505905511811
11
2.5877601574803148
21
0.5931883070866142
0
LINE
8
BLACK
6
CONTINUOUS
10
2.5877601574803148
20
0.5931883070866142
11
2.5870708661417323
21
0.5966535433070866
0
LINE
8
BLACK
6
CONTINUOUS
10
2.5870708661417323
20
0.5966535433070866
11
2.5870708661417323
21
0.6084645669291339
0
LINE
8
BLACK
6
CONTINUOUS
10
2.5870708661417323
20
0.6084645669291339
11
2.5877601574803148
21
0.6119298031496063
0
LINE
8
BLACK
6
CONTINUOUS
10
2.5877601574803148
20
0.6119298031496063
11
2.5897230314960629
21
0.6148675196850394
0
LINE
8
BLACK
6
CONTINUOUS
10
2.5897230314960629
20
0.6148675196850394
11
2.5926607480314958
21
0.6168303937007874
0
LINE
8
BLACK
6
CONTINUOUS
10
2.5926607480314958
20
0.6168303937007874
11
2.5961259842519686
21
0.61751968503937
0
LINE
8
BLACK
6
CONTINUOUS
10
2.5961259842519686
20
0.61751968503937
11
2.6118740157480316
21
0.61751968503937
0
LINE
8
BLACK
6
CONTINUOUS
10
2.6118740157480316
20
0.61751968503937
11
2.6153392519685039
21
0.6168303937007874
0
LINE
8
BLACK
6
CONTINUOUS
10
3.6032264173228348
20
0.7060247637795275
11
3.6073157874015749
21
0.7041178346456692
0
LINE
8
BLACK
6
CONTINUOUS
10
3.6073157874015749
20
0.7041178346456692
11
3.610506338582677
21
0.7009272834645669
0
LINE
8
BLACK
6
CONTINUOUS
10
3.610506338582677
20
0.7009272834645669
11
3.6124132677165353
21
0.6968379133858268
0
LINE
8
BLACK
6
CONTINUOUS
10
3.6124132677165353
20
0.6968379133858268
11
3.6128559448818898
21
0.6934753149606299
0
LINE
8
BLACK
6
CONTINUOUS
10
3.6128559448818898
20
0.6934753149606299
11
3.6128559448818898
21
0.6560737401574803
0
LINE
8
BLACK
6
CONTINUOUS
10
3.6128559448818898
20
0.6560737401574803
11
3.6124132677165353
21
0.6527111417322834
0
LINE
8
BLACK
6
CONTINUOUS
10
3.6124132677165353
20
0.6527111417322834
11
3.610506338582677
21
0.6486217716535433
0
LINE
8
BLACK
6
CONTINUOUS
10
3.610506338582677
20
0.6486217716535433
11
3.6073157874015749
21
0.6454312204724409
0
LINE
8
BLACK
6
CONTINUOUS
10
3.6073157874015749
20
0.6454312204724409
11
3.6032264173228348
21
0.6435242913385827
0
LINE
8
BLACK
6
CONTINUOUS
10
3.6032264173228348
20
0.6435242913385827
11
3.5998638188976377
21
0.6430816141732283
0
LINE
8
BLACK
6
CONTINUOUS
10
3.5998638188976377
20
0.6430816141732283
11
3.580178779527559
21
0.6430816141732283
0
LINE
8
BLACK
6
CONTINUOUS
10
3.580178779527559
20
0.6430816141732283
11
3.576816181102362
21
0.6435242913385827
0
LINE
8
BLACK
6
CONTINUOUS
10
3.576816181102362
20
0.6435242913385827
11
3.5727268110236219
21
0.6454312204724409
0
LINE
8
BLACK
6
CONTINUOUS
10
3.5727268110236219
20
0.6454312204724409
11
3.5695362598425198
21
0.6486217716535433
0
LINE
8
BLACK
6
CONTINUOUS
10
3.5695362598425198
20
0.6486217716535433
11
3.5676293307086615
21
0.6527111417322834
0
LINE
8
BLACK
6
CONTINUOUS
10
3.5676293307086615
20
0.6527111417322834
11
3.567186653543307
21
0.6560737401574803
0
LINE
8
BLACK
6
CONTINUOUS
10
3.567186653543307
20
0.6560737401574803
11
3.567186653543307
21
0.6934753149606299
0
LINE
8
BLACK
6
CONTINUOUS
10
3.567186653543307
20
0.6934753149606299
11
3.5676293307086615
21
0.6968379133858268
0
LINE
8
BLACK
6
CONTINUOUS
10
3.5676293307086615
20
0.6968379133858268
11
3.5695362598425198
21
0.7009272834645669
0
LINE
8
BLACK
6
CONTINUOUS
10
3.5695362598425198
20
0.7009272834645669
11
3.5727268110236219
21
0.7041178346456692
0
LINE
8
BLACK
6
CONTINUOUS
10
3.5727268110236219
20
0.7041178346456692
11
3.576816181102362
21
0.7060247637795275
0
LINE
8
BLACK
6
CONTINUOUS
10
3.576816181102362
20
0.7060247637795275
11
3.580178779527559
21
0.7064674409448819
0
LINE
8
BLACK
6
CONTINUOUS
10
3.580178779527559
20
0.7064674409448819
11
3.5998638188976377
21
0.7064674409448819
0
LINE
8
BLACK
6
CONTINUOUS
10
3.5998638188976377
20
0.7064674409448819
11
3.6032264173228348
21
0.7060247637795275
0
LINE
8
BLACK
6
CONTINUOUS
10
3.6780295669291339
20
0.7060247637795275
11
3.682118937007874
21
0.7041178346456692
0
LINE
8
BLACK
6
CONTINUOUS
10
3.682118937007874
20
0.7041178346456692
11
3.6853094881889761
21
0.7009272834645669
0
LINE
8
BLACK
6
CONTINUOUS
10
3.6853094881889761
20
0.7009272834645669
11
3.6872164173228348
21
0.6968379133858268
0
LINE
8
BLACK
6
CONTINUOUS
10
3.6872164173228348
20
0.6968379133858268
11
3.6876590944881888
21
0.6934753149606299
0
LINE
8
BLACK
6
CONTINUOUS
10
3.6876590944881888
20
0.6934753149606299
11
3.6876590944881888
21
0.6560737401574803
0
LINE
8
BLACK
6
CONTINUOUS
10
3.6876590944881888
20
0.6560737401574803
11
3.6872164173228348
21
0.6527111417322834
0
LINE
8
BLACK
6
CONTINUOUS
10
3.6872164173228348
20
0.6527111417322834
11
3.6853094881889761
21
0.6486217716535433
0
LINE
8
BLACK
6
CONTINUOUS
10
3.6853094881889761
20
0.6486217716535433
11
3.682118937007874
21
0.6454312204724409
0
LINE
8
BLACK
6
CONTINUOUS
10
3.682118937007874
20
0.6454312204724409
11
3.6780295669291339
21
0.6435242913385827
0
LINE
8
BLACK
6
CONTINUOUS
10
3.6780295669291339
20
0.6435242913385827
11
3.6746669685039368
21
0.6430816141732283
0
LINE
8
BLACK
6
CONTINUOUS
10
3.6746669685039368
20
0.6430816141732283
11
3.6549819291338581
21
0.6430816141732283
0
LINE
8
BLACK
6
CONTINUOUS
10
3.6549819291338581
20
0.6430816141732283
11
3.6516193307086615
21
0.6435242913385827
0
LINE
8
BLACK
6
CONTINUOUS
10
3.6516193307086615
20
0.6435242913385827
11
3.647529960629921
21
0.6454312204724409
0
LINE
8
BLACK
6
CONTINUOUS
10
3.647529960629921
20
0.6454312204724409
11
3.6443394094488188
21
0.6486217716535433
0
LINE
8
BLACK
6
CONTINUOUS
10
3.6443394094488188
20
0.6486217716535433
11
3.6424324803149606
21
0.6527111417322834
0
LINE
8
BLACK
6
CONTINUOUS
10
3.6424324803149606
20
0.6527111417322834
11
3.6419898031496061
21
0.6560737401574803
0
LINE
8
BLACK
6
CONTINUOUS
10
3.6419898031496061
20
0.6560737401574803
11
3.6419898031496061
21
0.6934753149606299
0
LINE
8
BLACK
6
CONTINUOUS
10
3.6419898031496061
20
0.6934753149606299
11
3.6424324803149606
21
0.6968379133858268
0
LINE
8
BLACK
6
CONTINUOUS
10
3.6424324803149606
20
0.6968379133858268
11
3.6443394094488188
21
0.7009272834645669
0
LINE
8
BLACK
6
CONTINUOUS
10
3.6443394094488188
20
0.7009272834645669
11
3.647529960629921
21
0.7041178346456692
0
LINE
8
BLACK
6
CONTINUOUS
10
3.647529960629921
20
0.7041178346456692
11
3.6516193307086615
21
0.7060247637795275
0
LINE
8
BLACK
6
CONTINUOUS
10
3.6516193307086615
20
0.7060247637795275
11
3.6549819291338581
21
0.7064674409448819
0
LINE
8
BLACK
6
CONTINUOUS
10
3.6549819291338581
20
0.7064674409448819
11
3.6746669685039368
21
0.7064674409448819
0
LINE
8
BLACK
6
CONTINUOUS
10
3.6746669685039368
20
0.7064674409448819
11
3.6780295669291339
21
0.7060247637795275
0
LINE
8
BLACK
6
CONTINUOUS
10
2.6098116929133859
20
0.6772398425196851
11
2.6127494094488188
21
0.675276968503937
0
LINE
8
BLACK
6
CONTINUOUS
10
2.6127494094488188
20
0.675276968503937
11
2.6147122834645669
21
0.672339251968504
0
LINE
8
BLACK
6
CONTINUOUS
10
2.6147122834645669
20
0.672339251968504
11
2.6154015748031494
21
0.6688740157480315
0
LINE
8
BLACK
6
CONTINUOUS
10
2.6154015748031494
20
0.6688740157480315
11
2.6154015748031494
21
0.6531259842519684
0
LINE
8
BLACK
6
CONTINUOUS
10
2.6154015748031494
20
0.6531259842519684
11
2.6147122834645669
21
0.6496607480314961
0
LINE
8
BLACK
6
CONTINUOUS
10
2.6147122834645669
20
0.6496607480314961
11
2.6127494094488188
21
0.646723031496063
0
LINE
8
BLACK
6
CONTINUOUS
10
2.6127494094488188
20
0.646723031496063
11
2.6098116929133859
21
0.6447601574803149
0
LINE
8
BLACK
6
CONTINUOUS
10
2.6098116929133859
20
0.6447601574803149
11
2.6063464566929135
21
0.6440708661417323
0
LINE
8
BLACK
6
CONTINUOUS
10
2.6063464566929135
20
0.6440708661417323
11
2.5945354330708659
21
0.6440708661417323
0
LINE
8
BLACK
6
CONTINUOUS
10
2.5945354330708659
20
0.6440708661417323
11
2.5910701968503935
21
0.6447601574803149
0
LINE
8
BLACK
6
CONTINUOUS
10
2.5910701968503935
20
0.6447601574803149
11
2.5881324803149606
21
0.646723031496063
0
LINE
8
BLACK
6
CONTINUOUS
10
2.5881324803149606
20
0.646723031496063
11
2.5861696062992126
21
0.6496607480314961
0
LINE
8
BLACK
6
CONTINUOUS
10
2.5861696062992126
20
0.6496607480314961
11
2.58548031496063
21
0.6531259842519684
0
LINE
8
BLACK
6
CONTINUOUS
10
2.58548031496063
20
0.6531259842519684
11
2.58548031496063
21
0.6688740157480315
0
LINE
8
BLACK
6
CONTINUOUS
10
2.58548031496063
20
0.6688740157480315
11
2.5861696062992126
21
0.672339251968504
0
LINE
8
BLACK
6
CONTINUOUS
10
2.5861696062992126
20
0.672339251968504
11
2.5881324803149606
21
0.675276968503937
0
LINE
8
BLACK
6
CONTINUOUS
10
2.5881324803149606
20
0.675276968503937
11
2.5910701968503935
21
0.6772398425196851
0
LINE
8
BLACK
6
CONTINUOUS
10
2.5910701968503935
20
0.6772398425196851
11
2.5945354330708659
21
0.6779291338582677
0
LINE
8
BLACK
6
CONTINUOUS
10
2.5945354330708659
20
0.6779291338582677
11
2.6063464566929135
21
0.6779291338582677
0
LINE
8
BLACK
6
CONTINUOUS
10
2.6063464566929135
20
0.6779291338582677
11
2.6098116929133859
21
0.6772398425196851
0
LINE
8
BLACK
6
CONTINUOUS
10
2.6649298031496063
20
0.6772398425196851
11
2.6678675196850392
21
0.675276968503937
0
LINE
8
BLACK
6
CONTINUOUS
10
2.6678675196850392
20
0.675276968503937
11
2.6698303937007872
21
0.672339251968504
0
LINE
8
BLACK
6
CONTINUOUS
10
2.6698303937007872
20
0.672339251968504
11
2.6705196850393702
21
0.6688740157480315
0
LINE
8
BLACK
6
CONTINUOUS
10
2.6705196850393702
20
0.6688740157480315
11
2.6705196850393702
21
0.6531259842519684
0
LINE
8
BLACK
6
CONTINUOUS
10
2.6705196850393702
20
0.6531259842519684
11
2.6698303937007872
21
0.6496607480314961
0
LINE
8
BLACK
6
CONTINUOUS
10
2.6698303937007872
20
0.6496607480314961
11
2.6678675196850392
21
0.646723031496063
0
LINE
8
BLACK
6
CONTINUOUS
10
2.6678675196850392
20
0.646723031496063
11
2.6649298031496063
21
0.6447601574803149
0
LINE
8
BLACK
6
CONTINUOUS
10
2.6649298031496063
20
0.6447601574803149
11
2.6614645669291339
21
0.6440708661417323
0
LINE
8
BLACK
6
CONTINUOUS
10
2.6614645669291339
20
0.6440708661417323
11
2.6496535433070867
21
0.6440708661417323
0
LINE
8
BLACK
6
CONTINUOUS
10
2.6496535433070867
20
0.6440708661417323
11
2.6461883070866139
21
0.6447601574803149
0
LINE
8
BLACK
6
CONTINUOUS
10
2.6461883070866139
20
0.6447601574803149
11
2.6432505905511809
21
0.646723031496063
0
LINE
8
BLACK
6
CONTINUOUS
10
2.6432505905511809
20
0.646723031496063
11
2.6412877165354329
21
0.6496607480314961
0
LINE
8
BLACK
6
CONTINUOUS
10
2.6412877165354329
20
0.6496607480314961
11
2.6405984251968504
21
0.6531259842519684
0
LINE
8
BLACK
6
CONTINUOUS
10
2.6405984251968504
20
0.6531259842519684
11
2.6405984251968504
21
0.6688740157480315
0
LINE
8
BLACK
6
CONTINUOUS
10
2.6405984251968504
20
0.6688740157480315
11
2.6412877165354329
21
0.672339251968504
0
LINE
8
BLACK
6
CONTINUOUS
10
2.6412877165354329
20
0.672339251968504
11
2.6432505905511809
21
0.675276968503937
0
LINE
8
BLACK
6
CONTINUOUS
10
2.6432505905511809
20
0.675276968503937
11
2.6461883070866139
21
0.6772398425196851
0
LINE
8
BLACK
6
CONTINUOUS
10
2.6461883070866139
20
0.6772398425196851
11
2.6496535433070867
21
0.6779291338582677
0
LINE
8
BLACK
6
CONTINUOUS
10
2.6496535433070867
20
0.6779291338582677
11
2.6614645669291339
21
0.6779291338582677
0
LINE
8
BLACK
6
CONTINUOUS
10
2.6614645669291339
20
0.6779291338582677
11
2.6649298031496063
21
0.6772398425196851
0
LINE
8
BLACK
6
CONTINUOUS
10
2.6078035433070865
20
0.7682502362204724
11
2.6118929133858266
21
0.7663433070866141
0
LINE
8
BLACK
6
CONTINUOUS
10
2.6118929133858266
20
0.7663433070866141
11
2.6150834645669292
21
0.7631527559055118
0
LINE
8
BLACK
6
CONTINUOUS
10
2.6150834645669292
20
0.7631527559055118
11
2.6169903937007875
21
0.7590633858267717
0
LINE
8
BLACK
6
CONTINUOUS
10
2.6169903937007875
20
0.7590633858267717
11
2.6174330708661415
21
0.7557007874015748
0
LINE
8
BLACK
6
CONTINUOUS
10
2.6174330708661415
20
0.7557007874015748
11
2.6174330708661415
21
0.7182992125984252
0
LINE
8
BLACK
6
CONTINUOUS
10
2.6174330708661415
20
0.7182992125984252
11
2.6169903937007875
21
0.7149366141732283
0
LINE
8
BLACK
6
CONTINUOUS
10
2.6169903937007875
20
0.7149366141732283
11
2.6150834645669292
21
0.7108472440944882
0
LINE
8
BLACK
6
CONTINUOUS
10
2.6150834645669292
20
0.7108472440944882
11
2.6118929133858266
21
0.7076566929133858
0
LINE
8
BLACK
6
CONTINUOUS
10
2.6118929133858266
20
0.7076566929133858
11
2.6078035433070865
21
0.7057497637795276
0
LINE
8
BLACK
6
CONTINUOUS
10
2.6078035433070865
20
0.7057497637795276
11
2.6044409448818895
21
0.7053070866141732
0
LINE
8
BLACK
6
CONTINUOUS
10
2.6044409448818895
20
0.7053070866141732
11
2.5847559055118108
21
0.7053070866141732
0
LINE
8
BLACK
6
CONTINUOUS
10
2.5847559055118108
20
0.7053070866141732
11
2.5813933070866142
21
0.7057497637795276
0
LINE
8
BLACK
6
CONTINUOUS
10
2.5813933070866142
20
0.7057497637795276
11
2.5773039370078741
21
0.7076566929133858
0
LINE
8
BLACK
6
CONTINUOUS
10
2.5773039370078741
20
0.7076566929133858
11
2.5741133858267715
21
0.7108472440944882
0
LINE
8
BLACK
6
CONTINUOUS
10
2.5741133858267715
20
0.7108472440944882
11
2.5722064566929133
21
0.7149366141732283
0
LINE
8
BLACK
6
CONTINUOUS
10
2.5722064566929133
20
0.7149366141732283
11
2.5717637795275592
21
0.7182992125984252
0
LINE
8
BLACK
6
CONTINUOUS
10
2.5717637795275592
20
0.7182992125984252
11
2.5717637795275592
21
0.7557007874015748
0
LINE
8
BLACK
6
CONTINUOUS
10
2.5717637795275592
20
0.7557007874015748
11
2.5722064566929133
21
0.7590633858267717
0
LINE
8
BLACK
6
CONTINUOUS
10
2.5722064566929133
20
0.7590633858267717
11
2.5741133858267715
21
0.7631527559055118
0
LINE
8
BLACK
6
CONTINUOUS
10
2.5741133858267715
20
0.7631527559055118
11
2.5773039370078741
21
0.7663433070866141
0
LINE
8
BLACK
6
CONTINUOUS
10
2.5773039370078741
20
0.7663433070866141
11
2.5813933070866142
21
0.7682502362204724
0
LINE
8
BLACK
6
CONTINUOUS
10
2.5813933070866142
20
0.7682502362204724
11
2.5847559055118108
21
0.7686929133858268
0
LINE
8
BLACK
6
CONTINUOUS
10
2.5847559055118108
20
0.7686929133858268
11
2.6044409448818895
21
0.7686929133858268
0
LINE
8
BLACK
6
CONTINUOUS
10
2.6044409448818895
20
0.7686929133858268
11
2.6078035433070865
21
0.7682502362204724
0
LINE
8
BLACK
6
CONTINUOUS
10
2.6826066929133856
20
0.7682502362204724
11
2.6866960629921257
21
0.7663433070866141
0
LINE
8
BLACK
6
CONTINUOUS
10
2.6866960629921257
20
0.7663433070866141
11
2.6898866141732283
21
0.7631527559055118
0
LINE
8
BLACK
6
CONTINUOUS
10
2.6898866141732283
20
0.7631527559055118
11
2.6917935433070865
21
0.7590633858267717
0
LINE
8
BLACK
6
CONTINUOUS
10
2.6917935433070865
20
0.7590633858267717
11
2.692236220472441
21
0.7557007874015748
0
LINE
8
BLACK
6
CONTINUOUS
10
2.692236220472441
20
0.7557007874015748
11
2.692236220472441
21
0.7182992125984252
0
LINE
8
BLACK
6
CONTINUOUS
10
2.692236220472441
20
0.7182992125984252
11
2.6917935433070865
21
0.7149366141732283
0
LINE
8
BLACK
6
CONTINUOUS
10
2.6917935433070865
20
0.7149366141732283
11
2.6898866141732283
21
0.7108472440944882
0
LINE
8
BLACK
6
CONTINUOUS
10
2.6898866141732283
20
0.7108472440944882
11
2.6866960629921257
21
0.7076566929133858
0
LINE
8
BLACK
6
CONTINUOUS
10
2.6866960629921257
20
0.7076566929133858
11
2.6826066929133856
21
0.7057497637795276
0
LINE
8
BLACK
6
CONTINUOUS
10
2.6826066929133856
20
0.7057497637795276
11
2.679244094488189
21
0.7053070866141732
0
LINE
8
BLACK
6
CONTINUOUS
10
2.679244094488189
20
0.7053070866141732
11
2.6595590551181103
21
0.7053070866141732
0
LINE
8
BLACK
6
CONTINUOUS
10
2.6595590551181103
20
0.7053070866141732
11
2.6561964566929133
21
0.7057497637795276
0
LINE
8
BLACK
6
CONTINUOUS
10
2.6561964566929133
20
0.7057497637795276
11
2.6521070866141732
21
0.7076566929133858
0
LINE
8
BLACK
6
CONTINUOUS
10
2.6521070866141732
20
0.7076566929133858
11
2.6489165354330706
21
0.7108472440944882
0
LINE
8
BLACK
6
CONTINUOUS
10
2.6489165354330706
20
0.7108472440944882
11
2.6470096062992123
21
0.7149366141732283
0
LINE
8
BLACK
6
CONTINUOUS
10
2.6470096062992123
20
0.7149366141732283
11
2.6465669291338583
21
0.7182992125984252
0
LINE
8
BLACK
6
CONTINUOUS
10
2.6465669291338583
20
0.7182992125984252
11
2.6465669291338583
21
0.7557007874015748
0
LINE
8
BLACK
6
CONTINUOUS
10
2.6465669291338583
20
0.7557007874015748
11
2.6470096062992123
21
0.7590633858267717
0
LINE
8
BLACK
6
CONTINUOUS
10
2.6470096062992123
20
0.7590633858267717
11
2.6489165354330706
21
0.7631527559055118
0
LINE
8
BLACK
6
CONTINUOUS
10
2.6489165354330706
20
0.7631527559055118
11
2.6521070866141732
21
0.7663433070866141
0
LINE
8
BLACK
6
CONTINUOUS
10
2.6521070866141732
20
0.7663433070866141
11
2.6561964566929133
21
0.7682502362204724
0
LINE
8
BLACK
6
CONTINUOUS
10
2.6561964566929133
20
0.7682502362204724
11
2.6595590551181103
21
0.7686929133858268
0
LINE
8
BLACK
6
CONTINUOUS
10
2.6595590551181103
20
0.7686929133858268
11
2.679244094488189
21
0.7686929133858268
0
LINE
8
BLACK
6
CONTINUOUS
10
2.679244094488189
20
0.7686929133858268
11
2.6826066929133856
21
0.7682502362204724
0
LINE
8
BLACK
6
CONTINUOUS
10
1.2320633858267716
20
0.7619903937007874
11
1.2361527559055119
21
0.7600834645669291
0
LINE
8
BLACK
6
CONTINUOUS
10
1.2361527559055119
20
0.7600834645669291
11
1.2393433070866142
21
0.7568929133858268
0
LINE
8
BLACK
6
CONTINUOUS
10
1.2393433070866142
20
0.7568929133858268
11
1.2412502362204725
21
0.7528035433070865
0
LINE
8
BLACK
6
CONTINUOUS
10
1.2412502362204725
20
0.7528035433070865
11
1.2416929133858268
21
0.7494409448818897
0
LINE
8
BLACK
6
CONTINUOUS
10
1.2416929133858268
20
0.7494409448818897
11
1.2416929133858268
21
0.729755905511811
0
LINE
8
BLACK
6
CONTINUOUS
10
1.2416929133858268
20
0.729755905511811
11
1.2412502362204725
21
0.7263933070866142
0
LINE
8
BLACK
6
CONTINUOUS
10
1.2412502362204725
20
0.7263933070866142
11
1.2393433070866142
21
0.722303937007874
0
LINE
8
BLACK
6
CONTINUOUS
10
1.2393433070866142
20
0.722303937007874
11
1.2361527559055119
21
0.7191133858267716
0
LINE
8
BLACK
6
CONTINUOUS
10
1.2361527559055119
20
0.7191133858267716
11
1.2320633858267716
21
0.7172064566929134
0
LINE
8
BLACK
6
CONTINUOUS
10
1.2320633858267716
20
0.7172064566929134
11
1.2287007874015747
21
0.716763779527559
0
LINE
8
BLACK
6
CONTINUOUS
10
1.2287007874015747
20
0.716763779527559
11
1.1912992125984252
21
0.716763779527559
0
LINE
8
BLACK
6
CONTINUOUS
10
1.1912992125984252
20
0.716763779527559
11
1.1879366141732284
21
0.7172064566929134
0
LINE
8
BLACK
6
CONTINUOUS
10
1.1879366141732284
20
0.7172064566929134
11
1.1838472440944883
21
0.7191133858267716
0
LINE
8
BLACK
6
CONTINUOUS
10
1.1838472440944883
20
0.7191133858267716
11
1.1806566929133857
21
0.722303937007874
0
LINE
8
BLACK
6
CONTINUOUS
10
1.1806566929133857
20
0.722303937007874
11
1.1787497637795274
21
0.7263933070866142
0
LINE
8
BLACK
6
CONTINUOUS
10
1.1787497637795274
20
0.7263933070866142
11
1.1783070866141732
21
0.729755905511811
0
LINE
8
BLACK
6
CONTINUOUS
10
1.1783070866141732
20
0.729755905511811
11
1.1783070866141732
21
0.7494409448818897
0
LINE
8
BLACK
6
CONTINUOUS
10
1.1783070866141732
20
0.7494409448818897
11
1.1787497637795274
21
0.7528035433070865
0
LINE
8
BLACK
6
CONTINUOUS
10
1.1787497637795274
20
0.7528035433070865
11
1.1806566929133857
21
0.7568929133858268
0
LINE
8
BLACK
6
CONTINUOUS
10
1.1806566929133857
20
0.7568929133858268
11
1.1838472440944883
21
0.7600834645669291
0
LINE
8
BLACK
6
CONTINUOUS
10
1.1838472440944883
20
0.7600834645669291
11
1.1879366141732284
21
0.7619903937007874
0
LINE
8
BLACK
6
CONTINUOUS
10
1.1879366141732284
20
0.7619903937007874
11
1.1912992125984252
21
0.7624330708661418
0
LINE
8
BLACK
6
CONTINUOUS
10
1.1912992125984252
20
0.7624330708661418
11
1.2287007874015747
21
0.7624330708661418
0
LINE
8
BLACK
6
CONTINUOUS
10
1.2287007874015747
20
0.7624330708661418
11
1.2320633858267716
21
0.7619903937007874
0
LINE
8
BLACK
6
CONTINUOUS
10
1.320874409448819
20
0.7710455118110237
11
1.3249637795275591
21
0.7691385826771653
0
LINE
8
BLACK
6
CONTINUOUS
10
1.3249637795275591
20
0.7691385826771653
11
1.3281543307086614
21
0.7659480314960629
0
LINE
8
BLACK
6
CONTINUOUS
10
1.3281543307086614
20
0.7659480314960629
11
1.3300612598425197
21
0.7618586614173228
0
LINE
8
BLACK
6
CONTINUOUS
10
1.3300612598425197
20
0.7618586614173228
11
1.3305039370078739
21
0.758496062992126
0
LINE
8
BLACK
6
CONTINUOUS
10
1.3305039370078739
20
0.758496062992126
11
1.3305039370078739
21
0.7309370078740157
0
LINE
8
BLACK
6
CONTINUOUS
10
1.3305039370078739
20
0.7309370078740157
11
1.3300612598425197
21
0.7275744094488189
0
LINE
8
BLACK
6
CONTINUOUS
10
1.3300612598425197
20
0.7275744094488189
11
1.3281543307086614
21
0.7234850393700787
0
LINE
8
BLACK
6
CONTINUOUS
10
1.3281543307086614
20
0.7234850393700787
11
1.3249637795275591
21
0.7202944881889763
0
LINE
8
BLACK
6
CONTINUOUS
10
1.3249637795275591
20
0.7202944881889763
11
1.320874409448819
21
0.7183875590551181
0
LINE
8
BLACK
6
CONTINUOUS
10
1.320874409448819
20
0.7183875590551181
11
1.3175118110236219
21
0.7179448818897638
0
LINE
8
BLACK
6
CONTINUOUS
10
1.3175118110236219
20
0.7179448818897638
11
1.2820787401574802
21
0.7179448818897638
0
LINE
8
BLACK
6
CONTINUOUS
10
1.2820787401574802
20
0.7179448818897638
11
1.2787161417322834
21
0.7183875590551181
0
LINE
8
BLACK
6
CONTINUOUS
10
1.2787161417322834
20
0.7183875590551181
11
1.2746267716535433
21
0.7202944881889763
0
LINE
8
BLACK
6
CONTINUOUS
10
1.2746267716535433
20
0.7202944881889763
11
1.271436220472441
21
0.7234850393700787
0
LINE
8
BLACK
6
CONTINUOUS
10
1.271436220472441
20
0.7234850393700787
11
1.2695292913385827
21
0.7275744094488189
0
LINE
8
BLACK
6
CONTINUOUS
10
1.2695292913385827
20
0.7275744094488189
11
1.2690866141732282
21
0.7309370078740157
0
LINE
8
BLACK
6
CONTINUOUS
10
1.2690866141732282
20
0.7309370078740157
11
1.2690866141732282
21
0.758496062992126
0
LINE
8
BLACK
6
CONTINUOUS
10
1.2690866141732282
20
0.758496062992126
11
1.2695292913385827
21
0.7618586614173228
0
LINE
8
BLACK
6
CONTINUOUS
10
1.2695292913385827
20
0.7618586614173228
11
1.271436220472441
21
0.7659480314960629
0
LINE
8
BLACK
6
CONTINUOUS
10
1.271436220472441
20
0.7659480314960629
11
1.2746267716535433
21
0.7691385826771653
0
LINE
8
BLACK
6
CONTINUOUS
10
1.2746267716535433
20
0.7691385826771653
11
1.2787161417322834
21
0.7710455118110237
0
LINE
8
BLACK
6
CONTINUOUS
10
1.2787161417322834
20
0.7710455118110237
11
1.2820787401574802
21
0.7714881889763779
0
LINE
8
BLACK
6
CONTINUOUS
10
1.2820787401574802
20
0.7714881889763779
11
1.3175118110236219
21
0.7714881889763779
0
LINE
8
BLACK
6
CONTINUOUS
10
1.3175118110236219
20
0.7714881889763779
11
1.320874409448819
21
0.7710455118110237
0
LINE
8
BLACK
6
CONTINUOUS
10
1.4074885826771653
20
0.7710455118110237
11
1.4115779527559056
21
0.7691385826771653
0
LINE
8
BLACK
6
CONTINUOUS
10
1.4115779527559056
20
0.7691385826771653
11
1.4147685039370079
21
0.7659480314960629
0
LINE
8
BLACK
6
CONTINUOUS
10
1.4147685039370079
20
0.7659480314960629
11
1.4166754330708662
21
0.7618586614173228
0
LINE
8
BLACK
6
CONTINUOUS
10
1.4166754330708662
20
0.7618586614173228
11
1.4171181102362205
21
0.758496062992126
0
LINE
8
BLACK
6
CONTINUOUS
10
1.4171181102362205
20
0.758496062992126
11
1.4171181102362205
21
0.7309370078740157
0
LINE
8
BLACK
6
CONTINUOUS
10
1.4171181102362205
20
0.7309370078740157
11
1.4166754330708662
21
0.7275744094488189
0
LINE
8
BLACK
6
CONTINUOUS
10
1.4166754330708662
20
0.7275744094488189
11
1.4147685039370079
21
0.7234850393700787
0
LINE
8
BLACK
6
CONTINUOUS
10
1.4147685039370079
20
0.7234850393700787
11
1.4115779527559056
21
0.7202944881889763
0
LINE
8
BLACK
6
CONTINUOUS
10
1.4115779527559056
20
0.7202944881889763
11
1.4074885826771653
21
0.7183875590551181
0
LINE
8
BLACK
6
CONTINUOUS
10
1.4074885826771653
20
0.7183875590551181
11
1.4041259842519684
21
0.7179448818897638
0
LINE
8
BLACK
6
CONTINUOUS
10
1.4041259842519684
20
0.7179448818897638
11
1.3686929133858268
21
0.7179448818897638
0
LINE
8
BLACK
6
CONTINUOUS
10
1.3686929133858268
20
0.7179448818897638
11
1.36533031496063
21
0.7183875590551181
0
LINE
8
BLACK
6
CONTINUOUS
10
1.36533031496063
20
0.7183875590551181
11
1.3612409448818896
21
0.7202944881889763
0
LINE
8
BLACK
6
CONTINUOUS
10
1.3612409448818896
20
0.7202944881889763
11
1.3580503937007873
21
0.7234850393700787
0
LINE
8
BLACK
6
CONTINUOUS
10
1.3580503937007873
20
0.7234850393700787
11
1.356143464566929
21
0.7275744094488189
0
LINE
8
BLACK
6
CONTINUOUS
10
1.356143464566929
20
0.7275744094488189
11
1.3557007874015747
21
0.7309370078740157
0
LINE
8
BLACK
6
CONTINUOUS
10
1.3557007874015747
20
0.7309370078740157
11
1.3557007874015747
21
0.758496062992126
0
LINE
8
BLACK
6
CONTINUOUS
10
1.3557007874015747
20
0.758496062992126
11
1.356143464566929
21
0.7618586614173228
0
LINE
8
BLACK
6
CONTINUOUS
10
1.356143464566929
20
0.7618586614173228
11
1.3580503937007873
21
0.7659480314960629
0
LINE
8
BLACK
6
CONTINUOUS
10
1.3580503937007873
20
0.7659480314960629
11
1.3612409448818896
21
0.7691385826771653
0
LINE
8
BLACK
6
CONTINUOUS
10
1.3612409448818896
20
0.7691385826771653
11
1.36533031496063
21
0.7710455118110237
0
LINE
8
BLACK
6
CONTINUOUS
10
1.36533031496063
20
0.7710455118110237
11
1.3686929133858268
21
0.7714881889763779
0
LINE
8
BLACK
6
CONTINUOUS
10
1.3686929133858268
20
0.7714881889763779
11
1.4041259842519684
21
0.7714881889763779
0
LINE
8
BLACK
6
CONTINUOUS
10
1.4041259842519684
20
0.7714881889763779
11
1.4074885826771653
21
0.7710455118110237
0
LINE
8
BLACK
6
CONTINUOUS
10
1.4960633858267716
20
0.7659903937007874
11
1.5001527559055117
21
0.7640834645669291
0
LINE
8
BLACK
6
CONTINUOUS
10
1.5001527559055117
20
0.7640834645669291
11
1.5033433070866142
21
0.7608929133858268
0
LINE
8
BLACK
6
CONTINUOUS
10
1.5033433070866142
20
0.7608929133858268
11
1.5052502362204725
21
0.7568035433070865
0
LINE
8
BLACK
6
CONTINUOUS
10
1.5052502362204725
20
0.7568035433070865
11
1.5056929133858268
21
0.7534409448818897
0
LINE
8
BLACK
6
CONTINUOUS
10
1.5056929133858268
20
0.7534409448818897
11
1.5056929133858268
21
0.733755905511811
0
LINE
8
BLACK
6
CONTINUOUS
10
1.5056929133858268
20
0.733755905511811
11
1.5052502362204725
21
0.7303933070866142
0
LINE
8
BLACK
6
CONTINUOUS
10
1.5052502362204725
20
0.7303933070866142
11
1.5033433070866142
21
0.726303937007874
0
LINE
8
BLACK
6
CONTINUOUS
10
1.5033433070866142
20
0.726303937007874
11
1.5001527559055117
21
0.7231133858267716
0
LINE
8
BLACK
6
CONTINUOUS
10
1.5001527559055117
20
0.7231133858267716
11
1.4960633858267716
21
0.7212064566929134
0
LINE
8
BLACK
6
CONTINUOUS
10
1.4960633858267716
20
0.7212064566929134
11
1.4927007874015747
21
0.720763779527559
0
LINE
8
BLACK
6
CONTINUOUS
10
1.4927007874015747
20
0.720763779527559
11
1.4552992125984252
21
0.720763779527559
0
LINE
8
BLACK
6
CONTINUOUS
10
1.4552992125984252
20
0.720763779527559
11
1.4519366141732284
21
0.7212064566929134
0
LINE
8
BLACK
6
CONTINUOUS
10
1.4519366141732284
20
0.7212064566929134
11
1.4478472440944881
21
0.7231133858267716
0
LINE
8
BLACK
6
CONTINUOUS
10
1.4478472440944881
20
0.7231133858267716
11
1.4446566929133857
21
0.726303937007874
0
LINE
8
BLACK
6
CONTINUOUS
10
1.4446566929133857
20
0.726303937007874
11
1.4427497637795275
21
0.7303933070866142
0
LINE
8
BLACK
6
CONTINUOUS
10
1.4427497637795275
20
0.7303933070866142
11
1.4423070866141732
21
0.733755905511811
0
LINE
8
BLACK
6
CONTINUOUS
10
1.4423070866141732
20
0.733755905511811
11
1.4423070866141732
21
0.7534409448818897
0
LINE
8
BLACK
6
CONTINUOUS
10
1.4423070866141732
20
0.7534409448818897
11
1.4427497637795275
21
0.7568035433070865
0
LINE
8
BLACK
6
CONTINUOUS
10
1.4427497637795275
20
0.7568035433070865
11
1.4446566929133857
21
0.7608929133858268
0
LINE
8
BLACK
6
CONTINUOUS
10
1.4446566929133857
20
0.7608929133858268
11
1.4478472440944881
21
0.7640834645669291
0
LINE
8
BLACK
6
CONTINUOUS
10
1.4478472440944881
20
0.7640834645669291
11
1.4519366141732284
21
0.7659903937007874
0
LINE
8
BLACK
6
CONTINUOUS
10
1.4519366141732284
20
0.7659903937007874
11
1.4552992125984252
21
0.7664330708661418
0
LINE
8
BLACK
6
CONTINUOUS
10
1.4552992125984252
20
0.7664330708661418
11
1.4927007874015747
21
0.7664330708661418
0
LINE
8
BLACK
6
CONTINUOUS
10
1.4927007874015747
20
0.7664330708661418
11
1.4960633858267716
21
0.7659903937007874
0
LINE
8
BLACK
6
CONTINUOUS
10
1.8498035433070865
20
0.7932502362204724
11
1.8538929133858266
21
0.7913433070866142
0
LINE
8
BLACK
6
CONTINUOUS
10
1.8538929133858266
20
0.7913433070866142
11
1.8570834645669292
21
0.7881527559055118
0
LINE
8
BLACK
6
CONTINUOUS
10
1.8570834645669292
20
0.7881527559055118
11
1.8589903937007874
21
0.7840633858267716
0
LINE
8
BLACK
6
CONTINUOUS
10
1.8589903937007874
20
0.7840633858267716
11
1.8594330708661417
21
0.7807007874015748
0
LINE
8
BLACK
6
CONTINUOUS
10
1.8594330708661417
20
0.7807007874015748
11
1.8594330708661417
21
0.7432992125984251
0
LINE
8
BLACK
6
CONTINUOUS
10
1.8594330708661417
20
0.7432992125984251
11
1.8589903937007874
21
0.7399366141732283
0
LINE
8
BLACK
6
CONTINUOUS
10
1.8589903937007874
20
0.7399366141732283
11
1.8570834645669292
21
0.7358472440944882
0
LINE
8
BLACK
6
CONTINUOUS
10
1.8570834645669292
20
0.7358472440944882
11
1.8538929133858266
21
0.7326566929133859
0
LINE
8
BLACK
6
CONTINUOUS
10
1.8538929133858266
20
0.7326566929133859
11
1.8498035433070865
21
0.7307497637795275
0
LINE
8
BLACK
6
CONTINUOUS
10
1.8498035433070865
20
0.7307497637795275
11
1.8464409448818897
21
0.7303070866141732
0
LINE
8
BLACK
6
CONTINUOUS
10
1.8464409448818897
20
0.7303070866141732
11
1.826755905511811
21
0.7303070866141732
0
LINE
8
BLACK
6
CONTINUOUS
10
1.826755905511811
20
0.7303070866141732
11
1.8233933070866142
21
0.7307497637795275
0
LINE
8
BLACK
6
CONTINUOUS
10
1.8233933070866142
20
0.7307497637795275
11
1.8193039370078741
21
0.7326566929133859
0
LINE
8
BLACK
6
CONTINUOUS
10
1.8193039370078741
20
0.7326566929133859
11
1.8161133858267715
21
0.7358472440944882
0
LINE
8
BLACK
6
CONTINUOUS
10
1.8161133858267715
20
0.7358472440944882
11
1.8142064566929132
21
0.7399366141732283
0
LINE
8
BLACK
6
CONTINUOUS
10
1.8142064566929132
20
0.7399366141732283
11
1.813763779527559
21
0.7432992125984251
0
LINE
8
BLACK
6
CONTINUOUS
10
1.813763779527559
20
0.7432992125984251
11
1.813763779527559
21
0.7807007874015748
0
LINE
8
BLACK
6
CONTINUOUS
10
1.813763779527559
20
0.7807007874015748
11
1.8142064566929132
21
0.7840633858267716
0
LINE
8
BLACK
6
CONTINUOUS
10
1.8142064566929132
20
0.7840633858267716
11
1.8161133858267715
21
0.7881527559055118
0
LINE
8
BLACK
6
CONTINUOUS
10
1.8161133858267715
20
0.7881527559055118
11
1.8193039370078741
21
0.7913433070866142
0
LINE
8
BLACK
6
CONTINUOUS
10
1.8193039370078741
20
0.7913433070866142
11
1.8233933070866142
21
0.7932502362204724
0
LINE
8
BLACK
6
CONTINUOUS
10
1.8233933070866142
20
0.7932502362204724
11
1.826755905511811
21
0.7936929133858267
0
LINE
8
BLACK
6
CONTINUOUS
10
1.826755905511811
20
0.7936929133858267
11
1.8464409448818897
21
0.7936929133858267
0
LINE
8
BLACK
6
CONTINUOUS
10
1.8464409448818897
20
0.7936929133858267
11
1.8498035433070865
21
0.7932502362204724
0
LINE
8
BLACK
6
CONTINUOUS
10
1.9246066929133858
20
0.7932502362204724
11
1.9286960629921259
21
0.7913433070866142
0
LINE
8
BLACK
6
CONTINUOUS
10
1.9286960629921259
20
0.7913433070866142
11
1.9318866141732283
21
0.7881527559055118
0
LINE
8
BLACK
6
CONTINUOUS
10
1.9318866141732283
20
0.7881527559055118
11
1.9337935433070865
21
0.7840633858267716
0
LINE
8
BLACK
6
CONTINUOUS
10
1.9337935433070865
20
0.7840633858267716
11
1.9342362204724408
21
0.7807007874015748
0
LINE
8
BLACK
6
CONTINUOUS
10
1.9342362204724408
20
0.7807007874015748
11
1.9342362204724408
21
0.7432992125984251
0
LINE
8
BLACK
6
CONTINUOUS
10
1.9342362204724408
20
0.7432992125984251
11
1.9337935433070865
21
0.7399366141732283
0
LINE
8
BLACK
6
CONTINUOUS
10
1.9337935433070865
20
0.7399366141732283
11
1.9318866141732283
21
0.7358472440944882
0
LINE
8
BLACK
6
CONTINUOUS
10
1.9318866141732283
20
0.7358472440944882
11
1.9286960629921259
21
0.7326566929133859
0
LINE
8
BLACK
6
CONTINUOUS
10
1.9286960629921259
20
0.7326566929133859
11
1.9246066929133858
21
0.7307497637795275
0
LINE
8
BLACK
6
CONTINUOUS
10
1.9246066929133858
20
0.7307497637795275
11
1.921244094488189
21
0.7303070866141732
0
LINE
8
BLACK
6
CONTINUOUS
10
1.921244094488189
20
0.7303070866141732
11
1.9015590551181103
21
0.7303070866141732
0
LINE
8
BLACK
6
CONTINUOUS
10
1.9015590551181103
20
0.7303070866141732
11
1.8981964566929133
21
0.7307497637795275
0
LINE
8
BLACK
6
CONTINUOUS
10
1.8981964566929133
20
0.7307497637795275
11
1.8941070866141732
21
0.7326566929133859
0
LINE
8
BLACK
6
CONTINUOUS
10
1.8941070866141732
20
0.7326566929133859
11
1.8909165354330708
21
0.7358472440944882
0
LINE
8
BLACK
6
CONTINUOUS
10
1.8909165354330708
20
0.7358472440944882
11
1.8890096062992126
21
0.7399366141732283
0
LINE
8
BLACK
6
CONTINUOUS
10
1.8890096062992126
20
0.7399366141732283
11
1.8885669291338583
21
0.7432992125984251
0
LINE
8
BLACK
6
CONTINUOUS
10
1.8885669291338583
20
0.7432992125984251
11
1.8885669291338583
21
0.7807007874015748
0
LINE
8
BLACK
6
CONTINUOUS
10
1.8885669291338583
20
0.7807007874015748
11
1.8890096062992126
21
0.7840633858267716
0
LINE
8
BLACK
6
CONTINUOUS
10
1.8890096062992126
20
0.7840633858267716
11
1.8909165354330708
21
0.7881527559055118
0
LINE
8
BLACK
6
CONTINUOUS
10
1.8909165354330708
20
0.7881527559055118
11
1.8941070866141732
21
0.7913433070866142
0
LINE
8
BLACK
6
CONTINUOUS
10
1.8941070866141732
20
0.7913433070866142
11
1.8981964566929133
21
0.7932502362204724
0
LINE
8
BLACK
6
CONTINUOUS
10
1.8981964566929133
20
0.7932502362204724
11
1.9015590551181103
21
0.7936929133858267
0
LINE
8
BLACK
6
CONTINUOUS
10
1.9015590551181103
20
0.7936929133858267
11
1.921244094488189
21
0.7936929133858267
0
LINE
8
BLACK
6
CONTINUOUS
10
1.921244094488189
20
0.7936929133858267
11
1.9246066929133858
21
0.7932502362204724
0
LINE
8
BLACK
6
CONTINUOUS
10
3.6032264173228348
20
0.8245287007874016
11
3.6073157874015749
21
0.8226217716535433
0
LINE
8
BLACK
6
CONTINUOUS
10
3.6073157874015749
20
0.8226217716535433
11
3.610506338582677
21
0.8194312204724409
0
LINE
8
BLACK
6
CONTINUOUS
10
3.610506338582677
20
0.8194312204724409
11
3.6124132677165353
21
0.8153418503937008
0
LINE
8
BLACK
6
CONTINUOUS
10
3.6124132677165353
20
0.8153418503937008
11
3.6128559448818898
21
0.811979251968504
0
LINE
8
BLACK
6
CONTINUOUS
10
3.6128559448818898
20
0.811979251968504
11
3.6128559448818898
21
0.7745776771653543
0
LINE
8
BLACK
6
CONTINUOUS
10
3.6128559448818898
20
0.7745776771653543
11
3.6124132677165353
21
0.7712150787401575
0
LINE
8
BLACK
6
CONTINUOUS
10
3.6124132677165353
20
0.7712150787401575
11
3.610506338582677
21
0.7671257086614173
0
LINE
8
BLACK
6
CONTINUOUS
10
3.610506338582677
20
0.7671257086614173
11
3.6073157874015749
21
0.7639351574803149
0
LINE
8
BLACK
6
CONTINUOUS
10
3.6073157874015749
20
0.7639351574803149
11
3.6032264173228348
21
0.7620282283464567
0
LINE
8
BLACK
6
CONTINUOUS
10
3.6032264173228348
20
0.7620282283464567
11
3.5998638188976377
21
0.7615855511811024
0
LINE
8
BLACK
6
CONTINUOUS
10
3.5998638188976377
20
0.7615855511811024
11
3.580178779527559
21
0.7615855511811024
0
LINE
8
BLACK
6
CONTINUOUS
10
3.580178779527559
20
0.7615855511811024
11
3.576816181102362
21
0.7620282283464567
0
LINE
8
BLACK
6
CONTINUOUS
10
3.576816181102362
20
0.7620282283464567
11
3.5727268110236219
21
0.7639351574803149
0
LINE
8
BLACK
6
CONTINUOUS
10
3.5727268110236219
20
0.7639351574803149
11
3.5695362598425198
21
0.7671257086614173
0
LINE
8
BLACK
6
CONTINUOUS
10
3.5695362598425198
20
0.7671257086614173
11
3.5676293307086615
21
0.7712150787401575
0
LINE
8
BLACK
6
CONTINUOUS
10
3.5676293307086615
20
0.7712150787401575
11
3.567186653543307
21
0.7745776771653543
0
LINE
8
BLACK
6
CONTINUOUS
10
3.567186653543307
20
0.7745776771653543
11
3.567186653543307
21
0.811979251968504
0
LINE
8
BLACK
6
CONTINUOUS
10
3.567186653543307
20
0.811979251968504
11
3.5676293307086615
21
0.8153418503937008
0
LINE
8
BLACK
6
CONTINUOUS
10
3.5676293307086615
20
0.8153418503937008
11
3.5695362598425198
21
0.8194312204724409
0
LINE
8
BLACK
6
CONTINUOUS
10
3.5695362598425198
20
0.8194312204724409
11
3.5727268110236219
21
0.8226217716535433
0
LINE
8
BLACK
6
CONTINUOUS
10
3.5727268110236219
20
0.8226217716535433
11
3.576816181102362
21
0.8245287007874016
0
LINE
8
BLACK
6
CONTINUOUS
10
3.576816181102362
20
0.8245287007874016
11
3.580178779527559
21
0.8249713779527559
0
LINE
8
BLACK
6
CONTINUOUS
10
3.580178779527559
20
0.8249713779527559
11
3.5998638188976377
21
0.8249713779527559
0
LINE
8
BLACK
6
CONTINUOUS
10
3.5998638188976377
20
0.8249713779527559
11
3.6032264173228348
21
0.8245287007874016
0
LINE
8
BLACK
6
CONTINUOUS
10
3.6780295669291339
20
0.8245287007874016
11
3.682118937007874
21
0.8226217716535433
0
LINE
8
BLACK
6
CONTINUOUS
10
3.682118937007874
20
0.8226217716535433
11
3.6853094881889761
21
0.8194312204724409
0
LINE
8
BLACK
6
CONTINUOUS
10
3.6853094881889761
20
0.8194312204724409
11
3.6872164173228348
21
0.8153418503937008
0
LINE
8
BLACK
6
CONTINUOUS
10
3.6872164173228348
20
0.8153418503937008
11
3.6876590944881888
21
0.811979251968504
0
LINE
8
BLACK
6
CONTINUOUS
10
3.6876590944881888
20
0.811979251968504
11
3.6876590944881888
21
0.7745776771653543
0
LINE
8
BLACK
6
CONTINUOUS
10
3.6876590944881888
20
0.7745776771653543
11
3.6872164173228348
21
0.7712150787401575
0
LINE
8
BLACK
6
CONTINUOUS
10
3.6872164173228348
20
0.7712150787401575
11
3.6853094881889761
21
0.7671257086614173
0
LINE
8
BLACK
6
CONTINUOUS
10
3.6853094881889761
20
0.7671257086614173
11
3.682118937007874
21
0.7639351574803149
0
LINE
8
BLACK
6
CONTINUOUS
10
3.682118937007874
20
0.7639351574803149
11
3.6780295669291339
21
0.7620282283464567
0
LINE
8
BLACK
6
CONTINUOUS
10
3.6780295669291339
20
0.7620282283464567
11
3.6746669685039368
21
0.7615855511811024
0
LINE
8
BLACK
6
CONTINUOUS
10
3.6746669685039368
20
0.7615855511811024
11
3.6549819291338581
21
0.7615855511811024
0
LINE
8
BLACK
6
CONTINUOUS
10
3.6549819291338581
20
0.7615855511811024
11
3.6516193307086615
21
0.7620282283464567
0
LINE
8
BLACK
6
CONTINUOUS
10
3.6516193307086615
20
0.7620282283464567
11
3.647529960629921
21
0.7639351574803149
0
LINE
8
BLACK
6
CONTINUOUS
10
3.647529960629921
20
0.7639351574803149
11
3.6443394094488188
21
0.7671257086614173
0
LINE
8
BLACK
6
CONTINUOUS
10
3.6443394094488188
20
0.7671257086614173
11
3.6424324803149606
21
0.7712150787401575
0
LINE
8
BLACK
6
CONTINUOUS
10
3.6424324803149606
20
0.7712150787401575
11
3.6419898031496061
21
0.7745776771653543
0
LINE
8
BLACK
6
CONTINUOUS
10
3.6419898031496061
20
0.7745776771653543
11
3.6419898031496061
21
0.811979251968504
0
LINE
8
BLACK
6
CONTINUOUS
10
3.6419898031496061
20
0.811979251968504
11
3.6424324803149606
21
0.8153418503937008
0
LINE
8
BLACK
6
CONTINUOUS
10
3.6424324803149606
20
0.8153418503937008
11
3.6443394094488188
21
0.8194312204724409
0
LINE
8
BLACK
6
CONTINUOUS
10
3.6443394094488188
20
0.8194312204724409
11
3.647529960629921
21
0.8226217716535433
0
LINE
8
BLACK
6
CONTINUOUS
10
3.647529960629921
20
0.8226217716535433
11
3.6516193307086615
21
0.8245287007874016
0
LINE
8
BLACK
6
CONTINUOUS
10
3.6516193307086615
20
0.8245287007874016
11
3.6549819291338581
21
0.8249713779527559
0
LINE
8
BLACK
6
CONTINUOUS
10
3.6549819291338581
20
0.8249713779527559
11
3.6746669685039368
21
0.8249713779527559
0
LINE
8
BLACK
6
CONTINUOUS
10
3.6746669685039368
20
0.8249713779527559
11
3.6780295669291339
21
0.8245287007874016
0
LINE
8
BLACK
6
CONTINUOUS
10
1.320874409448819
20
0.8379746456692914
11
1.3249637795275591
21
0.8360677165354331
0
LINE
8
BLACK
6
CONTINUOUS
10
1.3249637795275591
20
0.8360677165354331
11
1.3281543307086614
21
0.8328771653543307
0
LINE
8
BLACK
6
CONTINUOUS
10
1.3281543307086614
20
0.8328771653543307
11
1.3300612598425197
21
0.8287877952755905
0
LINE
8
BLACK
6
CONTINUOUS
10
1.3300612598425197
20
0.8287877952755905
11
1.3305039370078739
21
0.8254251968503937
0
LINE
8
BLACK
6
CONTINUOUS
10
1.3305039370078739
20
0.8254251968503937
11
1.3305039370078739
21
0.7978661417322834
0
LINE
8
BLACK
6
CONTINUOUS
10
1.3305039370078739
20
0.7978661417322834
11
1.3300612598425197
21
0.7945035433070866
0
LINE
8
BLACK
6
CONTINUOUS
10
1.3300612598425197
20
0.7945035433070866
11
1.3281543307086614
21
0.7904141732283464
0
LINE
8
BLACK
6
CONTINUOUS
10
1.3281543307086614
20
0.7904141732283464
11
1.3249637795275591
21
0.7872236220472441
0
LINE
8
BLACK
6
CONTINUOUS
10
1.3249637795275591
20
0.7872236220472441
11
1.320874409448819
21
0.7853166929133858
0
LINE
8
BLACK
6
CONTINUOUS
10
1.320874409448819
20
0.7853166929133858
11
1.3175118110236219
21
0.7848740157480315
0
LINE
8
BLACK
6
CONTINUOUS
10
1.3175118110236219
20
0.7848740157480315
11
1.2820787401574802
21
0.7848740157480315
0
LINE
8
BLACK
6
CONTINUOUS
10
1.2820787401574802
20
0.7848740157480315
11
1.2787161417322834
21
0.7853166929133858
0
LINE
8
BLACK
6
CONTINUOUS
10
1.2787161417322834
20
0.7853166929133858
11
1.2746267716535433
21
0.7872236220472441
0
LINE
8
BLACK
6
CONTINUOUS
10
1.2746267716535433
20
0.7872236220472441
11
1.271436220472441
21
0.7904141732283464
0
LINE
8
BLACK
6
CONTINUOUS
10
1.271436220472441
20
0.7904141732283464
11
1.2695292913385827
21
0.7945035433070866
0
LINE
8
BLACK
6
CONTINUOUS
10
1.2695292913385827
20
0.7945035433070866
11
1.2690866141732282
21
0.7978661417322834
0
LINE
8
BLACK
6
CONTINUOUS
10
1.2690866141732282
20
0.7978661417322834
11
1.2690866141732282
21
0.8254251968503937
0
LINE
8
BLACK
6
CONTINUOUS
10
1.2690866141732282
20
0.8254251968503937
11
1.2695292913385827
21
0.8287877952755905
0
LINE
8
BLACK
6
CONTINUOUS
10
1.2695292913385827
20
0.8287877952755905
11
1.271436220472441
21
0.8328771653543307
0
LINE
8
BLACK
6
CONTINUOUS
10
1.271436220472441
20
0.8328771653543307
11
1.2746267716535433
21
0.8360677165354331
0
LINE
8
BLACK
6
CONTINUOUS
10
1.2746267716535433
20
0.8360677165354331
11
1.2787161417322834
21
0.8379746456692914
0
LINE
8
BLACK
6
CONTINUOUS
10
1.2787161417322834
20
0.8379746456692914
11
1.2820787401574802
21
0.8384173228346457
0
LINE
8
BLACK
6
CONTINUOUS
10
1.2820787401574802
20
0.8384173228346457
11
1.3175118110236219
21
0.8384173228346457
0
LINE
8
BLACK
6
CONTINUOUS
10
1.3175118110236219
20
0.8384173228346457
11
1.320874409448819
21
0.8379746456692914
0
LINE
8
BLACK
6
CONTINUOUS
10
1.4074885826771653
20
0.8379746456692914
11
1.4115779527559056
21
0.8360677165354331
0
LINE
8
BLACK
6
CONTINUOUS
10
1.4115779527559056
20
0.8360677165354331
11
1.4147685039370079
21
0.8328771653543307
0
LINE
8
BLACK
6
CONTINUOUS
10
1.4147685039370079
20
0.8328771653543307
11
1.4166754330708662
21
0.8287877952755905
0
LINE
8
BLACK
6
CONTINUOUS
10
1.4166754330708662
20
0.8287877952755905
11
1.4171181102362205
21
0.8254251968503937
0
LINE
8
BLACK
6
CONTINUOUS
10
1.4171181102362205
20
0.8254251968503937
11
1.4171181102362205
21
0.7978661417322834
0
LINE
8
BLACK
6
CONTINUOUS
10
1.4171181102362205
20
0.7978661417322834
11
1.4166754330708662
21
0.7945035433070866
0
LINE
8
BLACK
6
CONTINUOUS
10
1.4166754330708662
20
0.7945035433070866
11
1.4147685039370079
21
0.7904141732283464
0
LINE
8
BLACK
6
CONTINUOUS
10
1.4147685039370079
20
0.7904141732283464
11
1.4115779527559056
21
0.7872236220472441
0
LINE
8
BLACK
6
CONTINUOUS
10
1.4115779527559056
20
0.7872236220472441
11
1.4074885826771653
21
0.7853166929133858
0
LINE
8
BLACK
6
CONTINUOUS
10
1.4074885826771653
20
0.7853166929133858
11
1.4041259842519684
21
0.7848740157480315
0
LINE
8
BLACK
6
CONTINUOUS
10
1.4041259842519684
20
0.7848740157480315
11
1.3686929133858268
21
0.7848740157480315
0
LINE
8
BLACK
6
CONTINUOUS
10
1.3686929133858268
20
0.7848740157480315
11
1.36533031496063
21
0.7853166929133858
0
LINE
8
BLACK
6
CONTINUOUS
10
1.36533031496063
20
0.7853166929133858
11
1.3612409448818896
21
0.7872236220472441
0
LINE
8
BLACK
6
CONTINUOUS
10
1.3612409448818896
20
0.7872236220472441
11
1.3580503937007873
21
0.7904141732283464
0
LINE
8
BLACK
6
CONTINUOUS
10
1.3580503937007873
20
0.7904141732283464
11
1.356143464566929
21
0.7945035433070866
0
LINE
8
BLACK
6
CONTINUOUS
10
1.356143464566929
20
0.7945035433070866
11
1.3557007874015747
21
0.7978661417322834
0
LINE
8
BLACK
6
CONTINUOUS
10
1.3557007874015747
20
0.7978661417322834
11
1.3557007874015747
21
0.8254251968503937
0
LINE
8
BLACK
6
CONTINUOUS
10
1.3557007874015747
20
0.8254251968503937
11
1.356143464566929
21
0.8287877952755905
0
LINE
8
BLACK
6
CONTINUOUS
10
1.356143464566929
20
0.8287877952755905
11
1.3580503937007873
21
0.8328771653543307
0
LINE
8
BLACK
6
CONTINUOUS
10
1.3580503937007873
20
0.8328771653543307
11
1.3612409448818896
21
0.8360677165354331
0
LINE
8
BLACK
6
CONTINUOUS
10
1.3612409448818896
20
0.8360677165354331
11
1.36533031496063
21
0.8379746456692914
0
LINE
8
BLACK
6
CONTINUOUS
10
1.36533031496063
20
0.8379746456692914
11
1.3686929133858268
21
0.8384173228346457
0
LINE
8
BLACK
6
CONTINUOUS
10
1.3686929133858268
20
0.8384173228346457
11
1.4041259842519684
21
0.8384173228346457
0
LINE
8
BLACK
6
CONTINUOUS
10
1.4041259842519684
20
0.8384173228346457
11
1.4074885826771653
21
0.8379746456692914
0
LINE
8
BLACK
6
CONTINUOUS
10
1.2320633858267716
20
0.8367935433070866
11
1.2361527559055119
21
0.8348866141732283
0
LINE
8
BLACK
6
CONTINUOUS
10
1.2361527559055119
20
0.8348866141732283
11
1.2393433070866142
21
0.831696062992126
0
LINE
8
BLACK
6
CONTINUOUS
10
1.2393433070866142
20
0.831696062992126
11
1.2412502362204725
21
0.8276066929133858
0
LINE
8
BLACK
6
CONTINUOUS
10
1.2412502362204725
20
0.8276066929133858
11
1.2416929133858268
21
0.8242440944881889
0
LINE
8
BLACK
6
CONTINUOUS
10
1.2416929133858268
20
0.8242440944881889
11
1.2416929133858268
21
0.8045590551181102
0
LINE
8
BLACK
6
CONTINUOUS
10
1.2416929133858268
20
0.8045590551181102
11
1.2412502362204725
21
0.8011964566929134
0
LINE
8
BLACK
6
CONTINUOUS
10
1.2412502362204725
20
0.8011964566929134
11
1.2393433070866142
21
0.7971070866141732
0
LINE
8
BLACK
6
CONTINUOUS
10
1.2393433070866142
20
0.7971070866141732
11
1.2361527559055119
21
0.7939165354330708
0
LINE
8
BLACK
6
CONTINUOUS
10
1.2361527559055119
20
0.7939165354330708
11
1.2320633858267716
21
0.7920096062992126
0
LINE
8
BLACK
6
CONTINUOUS
10
1.2320633858267716
20
0.7920096062992126
11
1.2287007874015747
21
0.7915669291338583
0
LINE
8
BLACK
6
CONTINUOUS
10
1.2287007874015747
20
0.7915669291338583
11
1.1912992125984252
21
0.7915669291338583
0
LINE
8
BLACK
6
CONTINUOUS
10
1.1912992125984252
20
0.7915669291338583
11
1.1879366141732284
21
0.7920096062992126
0
LINE
8
BLACK
6
CONTINUOUS
10
1.1879366141732284
20
0.7920096062992126
11
1.1838472440944883
21
0.7939165354330708
0
LINE
8
BLACK
6
CONTINUOUS
10
1.1838472440944883
20
0.7939165354330708
11
1.1806566929133857
21
0.7971070866141732
0
LINE
8
BLACK
6
CONTINUOUS
10
1.1806566929133857
20
0.7971070866141732
11
1.1787497637795274
21
0.8011964566929134
0
LINE
8
BLACK
6
CONTINUOUS
10
1.1787497637795274
20
0.8011964566929134
11
1.1783070866141732
21
0.8045590551181102
0
LINE
8
BLACK
6
CONTINUOUS
10
1.1783070866141732
20
0.8045590551181102
11
1.1783070866141732
21
0.8242440944881889
0
LINE
8
BLACK
6
CONTINUOUS
10
1.1783070866141732
20
0.8242440944881889
11
1.1787497637795274
21
0.8276066929133858
0
LINE
8
BLACK
6
CONTINUOUS
10
1.1787497637795274
20
0.8276066929133858
11
1.1806566929133857
21
0.831696062992126
0
LINE
8
BLACK
6
CONTINUOUS
10
1.1806566929133857
20
0.831696062992126
11
1.1838472440944883
21
0.8348866141732283
0
LINE
8
BLACK
6
CONTINUOUS
10
1.1838472440944883
20
0.8348866141732283
11
1.1879366141732284
21
0.8367935433070866
0
LINE
8
BLACK
6
CONTINUOUS
10
1.1879366141732284
20
0.8367935433070866
11
1.1912992125984252
21
0.837236220472441
0
LINE
8
BLACK
6
CONTINUOUS
10
1.1912992125984252
20
0.837236220472441
11
1.2287007874015747
21
0.837236220472441
0
LINE
8
BLACK
6
CONTINUOUS
10
1.2287007874015747
20
0.837236220472441
11
1.2320633858267716
21
0.8367935433070866
0
LINE
8
BLACK
6
CONTINUOUS
10
1.4960633858267716
20
0.8407935433070866
11
1.5001527559055117
21
0.8388866141732283
0
LINE
8
BLACK
6
CONTINUOUS
10
1.5001527559055117
20
0.8388866141732283
11
1.5033433070866142
21
0.835696062992126
0
LINE
8
BLACK
6
CONTINUOUS
10
1.5033433070866142
20
0.835696062992126
11
1.5052502362204725
21
0.8316066929133858
0
LINE
8
BLACK
6
CONTINUOUS
10
1.5052502362204725
20
0.8316066929133858
11
1.5056929133858268
21
0.8282440944881889
0
LINE
8
BLACK
6
CONTINUOUS
10
1.5056929133858268
20
0.8282440944881889
11
1.5056929133858268
21
0.8085590551181102
0
LINE
8
BLACK
6
CONTINUOUS
10
1.5056929133858268
20
0.8085590551181102
11
1.5052502362204725
21
0.8051964566929134
0
LINE
8
BLACK
6
CONTINUOUS
10
1.5052502362204725
20
0.8051964566929134
11
1.5033433070866142
21
0.8011070866141732
0
LINE
8
BLACK
6
CONTINUOUS
10
1.5033433070866142
20
0.8011070866141732
11
1.5001527559055117
21
0.7979165354330708
0
LINE
8
BLACK
6
CONTINUOUS
10
1.5001527559055117
20
0.7979165354330708
11
1.4960633858267716
21
0.7960096062992126
0
LINE
8
BLACK
6
CONTINUOUS
10
1.4960633858267716
20
0.7960096062992126
11
1.4927007874015747
21
0.7955669291338583
0
LINE
8
BLACK
6
CONTINUOUS
10
1.4927007874015747
20
0.7955669291338583
11
1.4552992125984252
21
0.7955669291338583
0
LINE
8
BLACK
6
CONTINUOUS
10
1.4552992125984252
20
0.7955669291338583
11
1.4519366141732284
21
0.7960096062992126
0
LINE
8
BLACK
6
CONTINUOUS
10
1.4519366141732284
20
0.7960096062992126
11
1.4478472440944881
21
0.7979165354330708
0
LINE
8
BLACK
6
CONTINUOUS
10
1.4478472440944881
20
0.7979165354330708
11
1.4446566929133857
21
0.8011070866141732
0
LINE
8
BLACK
6
CONTINUOUS
10
1.4446566929133857
20
0.8011070866141732
11
1.4427497637795275
21
0.8051964566929134
0
LINE
8
BLACK
6
CONTINUOUS
10
1.4427497637795275
20
0.8051964566929134
11
1.4423070866141732
21
0.8085590551181102
0
LINE
8
BLACK
6
CONTINUOUS
10
1.4423070866141732
20
0.8085590551181102
11
1.4423070866141732
21
0.8282440944881889
0
LINE
8
BLACK
6
CONTINUOUS
10
1.4423070866141732
20
0.8282440944881889
11
1.4427497637795275
21
0.8316066929133858
0
LINE
8
BLACK
6
CONTINUOUS
10
1.4427497637795275
20
0.8316066929133858
11
1.4446566929133857
21
0.835696062992126
0
LINE
8
BLACK
6
CONTINUOUS
10
1.4446566929133857
20
0.835696062992126
11
1.4478472440944881
21
0.8388866141732283
0
LINE
8
BLACK
6
CONTINUOUS
10
1.4478472440944881
20
0.8388866141732283
11
1.4519366141732284
21
0.8407935433070866
0
LINE
8
BLACK
6
CONTINUOUS
10
1.4519366141732284
20
0.8407935433070866
11
1.4552992125984252
21
0.841236220472441
0
LINE
8
BLACK
6
CONTINUOUS
10
1.4552992125984252
20
0.841236220472441
11
1.4927007874015747
21
0.841236220472441
0
LINE
8
BLACK
6
CONTINUOUS
10
1.4927007874015747
20
0.841236220472441
11
1.4960633858267716
21
0.8407935433070866
0
LINE
8
BLACK
6
CONTINUOUS
10
2.6015856299212596
20
0.8469441338582677
11
2.6055201181102361
21
0.8451094881889764
0
LINE
8
BLACK
6
CONTINUOUS
10
2.6055201181102361
20
0.8451094881889764
11
2.6085898031496062
21
0.8420398031496062
0
LINE
8
BLACK
6
CONTINUOUS
10
2.6085898031496062
20
0.8420398031496062
11
2.6104244488188977
21
0.8381053149606299
0
LINE
8
BLACK
6
CONTINUOUS
10
2.6104244488188977
20
0.8381053149606299
11
2.6108503937007872
21
0.8348700787401575
0
LINE
8
BLACK
6
CONTINUOUS
10
2.6108503937007872
20
0.8348700787401575
11
2.6108503937007872
21
0.8122322834645669
0
LINE
8
BLACK
6
CONTINUOUS
10
2.6108503937007872
20
0.8122322834645669
11
2.6104244488188977
21
0.8089970472440945
0
LINE
8
BLACK
6
CONTINUOUS
10
2.6104244488188977
20
0.8089970472440945
11
2.6085898031496062
21
0.8050625590551181
0
LINE
8
BLACK
6
CONTINUOUS
10
2.6085898031496062
20
0.8050625590551181
11
2.6055201181102361
21
0.801992874015748
0
LINE
8
BLACK
6
CONTINUOUS
10
2.6055201181102361
20
0.801992874015748
11
2.6015856299212596
21
0.8001582283464567
0
LINE
8
BLACK
6
CONTINUOUS
10
2.6015856299212596
20
0.8001582283464567
11
2.5983503937007875
21
0.7997322834645669
0
LINE
8
BLACK
6
CONTINUOUS
10
2.5983503937007875
20
0.7997322834645669
11
2.5796496062992125
21
0.7997322834645669
0
LINE
8
BLACK
6
CONTINUOUS
10
2.5796496062992125
20
0.7997322834645669
11
2.5764143700787403
21
0.8001582283464567
0
LINE
8
BLACK
6
CONTINUOUS
10
2.5764143700787403
20
0.8001582283464567
11
2.5724798818897638
21
0.801992874015748
0
LINE
8
BLACK
6
CONTINUOUS
10
2.5724798818897638
20
0.801992874015748
11
2.5694101968503937
21
0.8050625590551181
0
LINE
8
BLACK
6
CONTINUOUS
10
2.5694101968503937
20
0.8050625590551181
11
2.5675755511811023
21
0.8089970472440945
0
LINE
8
BLACK
6
CONTINUOUS
10
2.5675755511811023
20
0.8089970472440945
11
2.5671496062992127
21
0.8122322834645669
0
LINE
8
BLACK
6
CONTINUOUS
10
2.5671496062992127
20
0.8122322834645669
11
2.5671496062992127
21
0.8348700787401575
0
LINE
8
BLACK
6
CONTINUOUS
10
2.5671496062992127
20
0.8348700787401575
11
2.5675755511811023
21
0.8381053149606299
0
LINE
8
BLACK
6
CONTINUOUS
10
2.5675755511811023
20
0.8381053149606299
11
2.5694101968503937
21
0.8420398031496062
0
LINE
8
BLACK
6
CONTINUOUS
10
2.5694101968503937
20
0.8420398031496062
11
2.5724798818897638
21
0.8451094881889764
0
LINE
8
BLACK
6
CONTINUOUS
10
2.5724798818897638
20
0.8451094881889764
11
2.5764143700787403
21
0.8469441338582677
0
LINE
8
BLACK
6
CONTINUOUS
10
2.5764143700787403
20
0.8469441338582677
11
2.5796496062992125
21
0.8473700787401575
0
LINE
8
BLACK
6
CONTINUOUS
10
2.5796496062992125
20
0.8473700787401575
11
2.5983503937007875
21
0.8473700787401575
0
LINE
8
BLACK
6
CONTINUOUS
10
2.5983503937007875
20
0.8473700787401575
11
2.6015856299212596
21
0.8469441338582677
0
LINE
8
BLACK
6
CONTINUOUS
10
1.5930791338582677
20
0.8649588976377952
11
1.5971685039370078
21
0.863051968503937
0
LINE
8
BLACK
6
CONTINUOUS
10
1.5971685039370078
20
0.863051968503937
11
1.6003590551181102
21
0.8598614173228346
0
LINE
8
BLACK
6
CONTINUOUS
10
1.6003590551181102
20
0.8598614173228346
11
1.6022659842519684
21
0.8557720472440945
0
LINE
8
BLACK
6
CONTINUOUS
10
1.6022659842519684
20
0.8557720472440945
11
1.6027086614173227
21
0.8524094488188976
0
LINE
8
BLACK
6
CONTINUOUS
10
1.6027086614173227
20
0.8524094488188976
11
1.6027086614173227
21
0.8317401574803149
0
LINE
8
BLACK
6
CONTINUOUS
10
1.6027086614173227
20
0.8317401574803149
11
1.6022659842519684
21
0.8283775590551181
0
LINE
8
BLACK
6
CONTINUOUS
10
1.6022659842519684
20
0.8283775590551181
11
1.6003590551181102
21
0.8242881889763779
0
LINE
8
BLACK
6
CONTINUOUS
10
1.6003590551181102
20
0.8242881889763779
11
1.5971685039370078
21
0.8210976377952756
0
LINE
8
BLACK
6
CONTINUOUS
10
1.5971685039370078
20
0.8210976377952756
11
1.5930791338582677
21
0.8191907086614173
0
LINE
8
BLACK
6
CONTINUOUS
10
1.5930791338582677
20
0.8191907086614173
11
1.5897165354330709
21
0.818748031496063
0
LINE
8
BLACK
6
CONTINUOUS
10
1.5897165354330709
20
0.818748031496063
11
1.554283464566929
21
0.818748031496063
0
LINE
8
BLACK
6
CONTINUOUS
10
1.554283464566929
20
0.818748031496063
11
1.5509208661417322
21
0.8191907086614173
0
LINE
8
BLACK
6
CONTINUOUS
10
1.5509208661417322
20
0.8191907086614173
11
1.5468314960629921
21
0.8210976377952756
0
LINE
8
BLACK
6
CONTINUOUS
10
1.5468314960629921
20
0.8210976377952756
11
1.5436409448818897
21
0.8242881889763779
0
LINE
8
BLACK
6
CONTINUOUS
10
1.5436409448818897
20
0.8242881889763779
11
1.5417340157480315
21
0.8283775590551181
0
LINE
8
BLACK
6
CONTINUOUS
10
1.5417340157480315
20
0.8283775590551181
11
1.5412913385826772
21
0.8317401574803149
0
LINE
8
BLACK
6
CONTINUOUS
10
1.5412913385826772
20
0.8317401574803149
11
1.5412913385826772
21
0.8524094488188976
0
LINE
8
BLACK
6
CONTINUOUS
10
1.5412913385826772
20
0.8524094488188976
11
1.5417340157480315
21
0.8557720472440945
0
LINE
8
BLACK
6
CONTINUOUS
10
1.5417340157480315
20
0.8557720472440945
11
1.5436409448818897
21
0.8598614173228346
0
LINE
8
BLACK
6
CONTINUOUS
10
1.5436409448818897
20
0.8598614173228346
11
1.5468314960629921
21
0.863051968503937
0
LINE
8
BLACK
6
CONTINUOUS
10
1.5468314960629921
20
0.863051968503937
11
1.5509208661417322
21
0.8649588976377952
0
LINE
8
BLACK
6
CONTINUOUS
10
1.5509208661417322
20
0.8649588976377952
11
1.554283464566929
21
0.8654015748031496
0
LINE
8
BLACK
6
CONTINUOUS
10
1.554283464566929
20
0.8654015748031496
11
1.5897165354330709
21
0.8654015748031496
0
LINE
8
BLACK
6
CONTINUOUS
10
1.5897165354330709
20
0.8654015748031496
11
1.5930791338582677
21
0.8649588976377952
0
LINE
8
BLACK
6
CONTINUOUS
10
0.6919612204724409
20
0.8592877952755905
11
0.692983031496063
21
0.8586050787401575
0
LINE
8
BLACK
6
CONTINUOUS
10
0.692983031496063
20
0.8586050787401575
11
0.6936657480314961
21
0.8575832677165354
0
LINE
8
BLACK
6
CONTINUOUS
10
0.6936657480314961
20
0.8575832677165354
11
0.6939055118110236
21
0.8563779527559054
0
LINE
8
BLACK
6
CONTINUOUS
10
0.6939055118110236
20
0.8563779527559054
11
0.6939055118110236
21
0.8288188976377953
0
LINE
8
BLACK
6
CONTINUOUS
10
0.6939055118110236
20
0.8288188976377953
11
0.6936657480314961
21
0.8276135826771653
0
LINE
8
BLACK
6
CONTINUOUS
10
0.6936657480314961
20
0.8276135826771653
11
0.692983031496063
21
0.8265917716535433
0
LINE
8
BLACK
6
CONTINUOUS
10
0.692983031496063
20
0.8265917716535433
11
0.6919612204724409
21
0.8259090551181102
0
LINE
8
BLACK
6
CONTINUOUS
10
0.6919612204724409
20
0.8259090551181102
11
0.690755905511811
21
0.8256692913385827
0
LINE
8
BLACK
6
CONTINUOUS
10
0.690755905511811
20
0.8256692913385827
11
0.6671338582677165
21
0.8256692913385827
0
LINE
8
BLACK
6
CONTINUOUS
10
0.6671338582677165
20
0.8256692913385827
11
0.6659285433070866
21
0.8259090551181102
0
LINE
8
BLACK
6
CONTINUOUS
10
0.6659285433070866
20
0.8259090551181102
11
0.6649067322834645
21
0.8265917716535433
0
LINE
8
BLACK
6
CONTINUOUS
10
0.6649067322834645
20
0.8265917716535433
11
0.6642240157480315
21
0.8276135826771653
0
LINE
8
BLACK
6
CONTINUOUS
10
0.6642240157480315
20
0.8276135826771653
11
0.663984251968504
21
0.8288188976377953
0
LINE
8
BLACK
6
CONTINUOUS
10
0.663984251968504
20
0.8288188976377953
11
0.663984251968504
21
0.8563779527559054
0
LINE
8
BLACK
6
CONTINUOUS
10
0.663984251968504
20
0.8563779527559054
11
0.6642240157480315
21
0.8575832677165354
0
LINE
8
BLACK
6
CONTINUOUS
10
0.6642240157480315
20
0.8575832677165354
11
0.6649067322834645
21
0.8586050787401575
0
LINE
8
BLACK
6
CONTINUOUS
10
0.6649067322834645
20
0.8586050787401575
11
0.6659285433070866
21
0.8592877952755905
0
LINE
8
BLACK
6
CONTINUOUS
10
0.6659285433070866
20
0.8592877952755905
11
0.6671338582677165
21
0.8595275590551181
0
LINE
8
BLACK
6
CONTINUOUS
10
0.6671338582677165
20
0.8595275590551181
11
0.690755905511811
21
0.8595275590551181
0
LINE
8
BLACK
6
CONTINUOUS
10
0.690755905511811
20
0.8595275590551181
11
0.6919612204724409
21
0.8592877952755905
0
LINE
8
BLACK
6
CONTINUOUS
10
0.8100714566929134
20
0.8592877952755905
11
0.8110932677165354
21
0.8586050787401575
0
LINE
8
BLACK
6
CONTINUOUS
10
0.8110932677165354
20
0.8586050787401575
11
0.8117759842519685
21
0.8575832677165354
0
LINE
8
BLACK
6
CONTINUOUS
10
0.8117759842519685
20
0.8575832677165354
11
0.812015748031496
21
0.8563779527559054
0
LINE
8
BLACK
6
CONTINUOUS
10
0.812015748031496
20
0.8563779527559054
11
0.812015748031496
21
0.8288188976377953
0
LINE
8
BLACK
6
CONTINUOUS
10
0.812015748031496
20
0.8288188976377953
11
0.8117759842519685
21
0.8276135826771653
0
LINE
8
BLACK
6
CONTINUOUS
10
0.8117759842519685
20
0.8276135826771653
11
0.8110932677165354
21
0.8265917716535433
0
LINE
8
BLACK
6
CONTINUOUS
10
0.8110932677165354
20
0.8265917716535433
11
0.8100714566929134
21
0.8259090551181102
0
LINE
8
BLACK
6
CONTINUOUS
10
0.8100714566929134
20
0.8259090551181102
11
0.8088661417322834
21
0.8256692913385827
0
LINE
8
BLACK
6
CONTINUOUS
10
0.8088661417322834
20
0.8256692913385827
11
0.785244094488189
21
0.8256692913385827
0
LINE
8
BLACK
6
CONTINUOUS
10
0.785244094488189
20
0.8256692913385827
11
0.7840387795275591
21
0.8259090551181102
0
LINE
8
BLACK
6
CONTINUOUS
10
0.7840387795275591
20
0.8259090551181102
11
0.783016968503937
21
0.8265917716535433
0
LINE
8
BLACK
6
CONTINUOUS
10
0.783016968503937
20
0.8265917716535433
11
0.7823342519685039
21
0.8276135826771653
0
LINE
8
BLACK
6
CONTINUOUS
10
0.7823342519685039
20
0.8276135826771653
11
0.7820944881889763
21
0.8288188976377953
0
LINE
8
BLACK
6
CONTINUOUS
10
0.7820944881889763
20
0.8288188976377953
11
0.7820944881889763
21
0.8563779527559054
0
LINE
8
BLACK
6
CONTINUOUS
10
0.7820944881889763
20
0.8563779527559054
11
0.7823342519685039
21
0.8575832677165354
0
LINE
8
BLACK
6
CONTINUOUS
10
0.7823342519685039
20
0.8575832677165354
11
0.783016968503937
21
0.8586050787401575
0
LINE
8
BLACK
6
CONTINUOUS
10
0.783016968503937
20
0.8586050787401575
11
0.7840387795275591
21
0.8592877952755905
0
LINE
8
BLACK
6
CONTINUOUS
10
0.7840387795275591
20
0.8592877952755905
11
0.785244094488189
21
0.8595275590551181
0
LINE
8
BLACK
6
CONTINUOUS
10
0.785244094488189
20
0.8595275590551181
11
0.8088661417322834
21
0.8595275590551181
0
LINE
8
BLACK
6
CONTINUOUS
10
0.8088661417322834
20
0.8595275590551181
11
0.8100714566929134
21
0.8592877952755905
0
LINE
8
BLACK
6
CONTINUOUS
10
2.6015856299212596
20
0.9158417716535433
11
2.6055201181102361
21
0.9140071259842519
0
LINE
8
BLACK
6
CONTINUOUS
10
2.6055201181102361
20
0.9140071259842519
11
2.6085898031496062
21
0.9109374409448818
0
LINE
8
BLACK
6
CONTINUOUS
10
2.6085898031496062
20
0.9109374409448818
11
2.6104244488188977
21
0.9070029527559055
0
LINE
8
BLACK
6
CONTINUOUS
10
2.6104244488188977
20
0.9070029527559055
11
2.6108503937007872
21
0.9037677165354331
0
LINE
8
BLACK
6
CONTINUOUS
10
2.6108503937007872
20
0.9037677165354331
11
2.6108503937007872
21
0.8811299212598425
0
LINE
8
BLACK
6
CONTINUOUS
10
2.6108503937007872
20
0.8811299212598425
11
2.6104244488188977
21
0.8778946850393701
0
LINE
8
BLACK
6
CONTINUOUS
10
2.6104244488188977
20
0.8778946850393701
11
2.6085898031496062
21
0.8739601968503937
0
LINE
8
BLACK
6
CONTINUOUS
10
2.6085898031496062
20
0.8739601968503937
11
2.6055201181102361
21
0.8708905118110236
0
LINE
8
BLACK
6
CONTINUOUS
10
2.6055201181102361
20
0.8708905118110236
11
2.6015856299212596
21
0.8690558661417322
0
LINE
8
BLACK
6
CONTINUOUS
10
2.6015856299212596
20
0.8690558661417322
11
2.5983503937007875
21
0.8686299212598425
0
LINE
8
BLACK
6
CONTINUOUS
10
2.5983503937007875
20
0.8686299212598425
11
2.5796496062992125
21
0.8686299212598425
0
LINE
8
BLACK
6
CONTINUOUS
10
2.5796496062992125
20
0.8686299212598425
11
2.5764143700787403
21
0.8690558661417322
0
LINE
8
BLACK
6
CONTINUOUS
10
2.5764143700787403
20
0.8690558661417322
11
2.5724798818897638
21
0.8708905118110236
0
LINE
8
BLACK
6
CONTINUOUS
10
2.5724798818897638
20
0.8708905118110236
11
2.5694101968503937
21
0.8739601968503937
0
LINE
8
BLACK
6
CONTINUOUS
10
2.5694101968503937
20
0.8739601968503937
11
2.5675755511811023
21
0.8778946850393701
0
LINE
8
BLACK
6
CONTINUOUS
10
2.5675755511811023
20
0.8778946850393701
11
2.5671496062992127
21
0.8811299212598425
0
LINE
8
BLACK
6
CONTINUOUS
10
2.5671496062992127
20
0.8811299212598425
11
2.5671496062992127
21
0.9037677165354331
0
LINE
8
BLACK
6
CONTINUOUS
10
2.5671496062992127
20
0.9037677165354331
11
2.5675755511811023
21
0.9070029527559055
0
LINE
8
BLACK
6
CONTINUOUS
10
2.5675755511811023
20
0.9070029527559055
11
2.5694101968503937
21
0.9109374409448818
0
LINE
8
BLACK
6
CONTINUOUS
10
2.5694101968503937
20
0.9109374409448818
11
2.5724798818897638
21
0.9140071259842519
0
LINE
8
BLACK
6
CONTINUOUS
10
2.5724798818897638
20
0.9140071259842519
11
2.5764143700787403
21
0.9158417716535433
0
LINE
8
BLACK
6
CONTINUOUS
10
2.5764143700787403
20
0.9158417716535433
11
2.5796496062992125
21
0.916267716535433
0
LINE
8
BLACK
6
CONTINUOUS
10
2.5796496062992125
20
0.916267716535433
11
2.5983503937007875
21
0.916267716535433
0
LINE
8
BLACK
6
CONTINUOUS
10
2.5983503937007875
20
0.916267716535433
11
2.6015856299212596
21
0.9158417716535433
0
LINE
8
BLACK
6
CONTINUOUS
10
1.8992053149606298
20
0.938909842519685
11
1.900227125984252
21
0.938227125984252
0
LINE
8
BLACK
6
CONTINUOUS
10
1.900227125984252
20
0.938227125984252
11
1.9009098425196851
21
0.9372053149606299
0
LINE
8
BLACK
6
CONTINUOUS
10
1.9009098425196851
20
0.9372053149606299
11
1.9011496062992126
21
0.9359999999999999
0
LINE
8
BLACK
6
CONTINUOUS
10
1.9011496062992126
20
0.9359999999999999
11
1.9011496062992126
21
0.876
0
LINE
8
BLACK
6
CONTINUOUS
10
1.9011496062992126
20
0.876
11
1.9009098425196851
21
0.8747946850393701
0
LINE
8
BLACK
6
CONTINUOUS
10
1.9009098425196851
20
0.8747946850393701
11
1.900227125984252
21
0.873772874015748
0
LINE
8
BLACK
6
CONTINUOUS
10
1.900227125984252
20
0.873772874015748
11
1.8992053149606298
21
0.8730901574803149
0
LINE
8
BLACK
6
CONTINUOUS
10
1.8992053149606298
20
0.8730901574803149
11
1.8979999999999999
21
0.8728503937007874
0
LINE
8
BLACK
6
CONTINUOUS
10
1.8979999999999999
20
0.8728503937007874
11
1.8379999999999999
21
0.8728503937007874
0
LINE
8
BLACK
6
CONTINUOUS
10
1.8379999999999999
20
0.8728503937007874
11
1.8367946850393699
21
0.8730901574803149
0
LINE
8
BLACK
6
CONTINUOUS
10
1.8367946850393699
20
0.8730901574803149
11
1.835772874015748
21
0.873772874015748
0
LINE
8
BLACK
6
CONTINUOUS
10
1.835772874015748
20
0.873772874015748
11
1.8350901574803149
21
0.8747946850393701
0
LINE
8
BLACK
6
CONTINUOUS
10
1.8350901574803149
20
0.8747946850393701
11
1.8348503937007874
21
0.876
0
LINE
8
BLACK
6
CONTINUOUS
10
1.8348503937007874
20
0.876
11
1.8348503937007874
21
0.9359999999999999
0
LINE
8
BLACK
6
CONTINUOUS
10
1.8348503937007874
20
0.9359999999999999
11
1.8350901574803149
21
0.9372053149606299
0
LINE
8
BLACK
6
CONTINUOUS
10
1.8350901574803149
20
0.9372053149606299
11
1.835772874015748
21
0.938227125984252
0
LINE
8
BLACK
6
CONTINUOUS
10
1.835772874015748
20
0.938227125984252
11
1.8367946850393699
21
0.938909842519685
0
LINE
8
BLACK
6
CONTINUOUS
10
1.8367946850393699
20
0.938909842519685
11
1.8379999999999999
21
0.9391496062992126
0
LINE
8
BLACK
6
CONTINUOUS
10
1.8379999999999999
20
0.9391496062992126
11
1.8979999999999999
21
0.9391496062992126
0
LINE
8
BLACK
6
CONTINUOUS
10
1.8979999999999999
20
0.9391496062992126
11
1.8992053149606298
21
0.938909842519685
0
LINE
8
BLACK
6
CONTINUOUS
10
1.9992053149606299
20
0.938909842519685
11
2.0002271259842521
21
0.938227125984252
0
LINE
8
BLACK
6
CONTINUOUS
10
2.0002271259842521
20
0.938227125984252
11
2.0009098425196852
21
0.9372053149606299
0
LINE
8
BLACK
6
CONTINUOUS
10
2.0009098425196852
20
0.9372053149606299
11
2.0011496062992125
21
0.9359999999999999
0
LINE
8
BLACK
6
CONTINUOUS
10
2.0011496062992125
20
0.9359999999999999
11
2.0011496062992125
21
0.876
0
LINE
8
BLACK
6
CONTINUOUS
10
2.0011496062992125
20
0.876
11
2.0009098425196852
21
0.8747946850393701
0
LINE
8
BLACK
6
CONTINUOUS
10
2.0009098425196852
20
0.8747946850393701
11
2.0002271259842521
21
0.873772874015748
0
LINE
8
BLACK
6
CONTINUOUS
10
2.0002271259842521
20
0.873772874015748
11
1.9992053149606299
21
0.8730901574803149
0
LINE
8
BLACK
6
CONTINUOUS
10
1.9992053149606299
20
0.8730901574803149
11
1.998
21
0.8728503937007874
0
LINE
8
BLACK
6
CONTINUOUS
10
1.998
20
0.8728503937007874
11
1.9379999999999999
21
0.8728503937007874
0
LINE
8
BLACK
6
CONTINUOUS
10
1.9379999999999999
20
0.8728503937007874
11
1.93679468503937
21
0.8730901574803149
0
LINE
8
BLACK
6
CONTINUOUS
10
1.93679468503937
20
0.8730901574803149
11
1.935772874015748
21
0.873772874015748
0
LINE
8
BLACK
6
CONTINUOUS
10
1.935772874015748
20
0.873772874015748
11
1.935090157480315
21
0.8747946850393701
0
LINE
8
BLACK
6
CONTINUOUS
10
1.935090157480315
20
0.8747946850393701
11
1.9348503937007873
21
0.876
0
LINE
8
BLACK
6
CONTINUOUS
10
1.9348503937007873
20
0.876
11
1.9348503937007873
21
0.9359999999999999
0
LINE
8
BLACK
6
CONTINUOUS
10
1.9348503937007873
20
0.9359999999999999
11
1.935090157480315
21
0.9372053149606299
0
LINE
8
BLACK
6
CONTINUOUS
10
1.935090157480315
20
0.9372053149606299
11
1.935772874015748
21
0.938227125984252
0
LINE
8
BLACK
6
CONTINUOUS
10
1.935772874015748
20
0.938227125984252
11
1.93679468503937
21
0.938909842519685
0
LINE
8
BLACK
6
CONTINUOUS
10
1.93679468503937
20
0.938909842519685
11
1.9379999999999999
21
0.9391496062992126
0
LINE
8
BLACK
6
CONTINUOUS
10
1.9379999999999999
20
0.9391496062992126
11
1.998
21
0.9391496062992126
0
LINE
8
BLACK
6
CONTINUOUS
10
1.998
20
0.9391496062992126
11
1.9992053149606299
21
0.938909842519685
0
LINE
8
BLACK
6
CONTINUOUS
10
3.4307854724409448
20
0.936142874015748
11
3.4348748425196849
21
0.9342359448818898
0
LINE
8
BLACK
6
CONTINUOUS
10
3.4348748425196849
20
0.9342359448818898
11
3.4380653937007875
21
0.9310453937007874
0
LINE
8
BLACK
6
CONTINUOUS
10
3.4380653937007875
20
0.9310453937007874
11
3.4399723228346457
21
0.9269560236220472
0
LINE
8
BLACK
6
CONTINUOUS
10
3.4399723228346457
20
0.9269560236220472
11
3.4404149999999998
21
0.9235934251968504
0
LINE
8
BLACK
6
CONTINUOUS
10
3.4404149999999998
20
0.9235934251968504
11
3.4404149999999998
21
0.8881603543307086
0
LINE
8
BLACK
6
CONTINUOUS
10
3.4404149999999998
20
0.8881603543307086
11
3.4399723228346457
21
0.8847977559055118
0
LINE
8
BLACK
6
CONTINUOUS
10
3.4399723228346457
20
0.8847977559055118
11
3.4380653937007875
21
0.8807083858267716
0
LINE
8
BLACK
6
CONTINUOUS
10
3.4380653937007875
20
0.8807083858267716
11
3.4348748425196849
21
0.8775178346456692
0
LINE
8
BLACK
6
CONTINUOUS
10
3.4348748425196849
20
0.8775178346456692
11
3.4307854724409448
21
0.875610905511811
0
LINE
8
BLACK
6
CONTINUOUS
10
3.4307854724409448
20
0.875610905511811
11
3.4274228740157477
21
0.8751682283464567
0
LINE
8
BLACK
6
CONTINUOUS
10
3.4274228740157477
20
0.8751682283464567
11
3.4067535826771653
21
0.8751682283464567
0
LINE
8
BLACK
6
CONTINUOUS
10
3.4067535826771653
20
0.8751682283464567
11
3.4033909842519683
21
0.875610905511811
0
LINE
8
BLACK
6
CONTINUOUS
10
3.4033909842519683
20
0.875610905511811
11
3.3993016141732282
21
0.8775178346456692
0
LINE
8
BLACK
6
CONTINUOUS
10
3.3993016141732282
20
0.8775178346456692
11
3.3961110629921261
21
0.8807083858267716
0
LINE
8
BLACK
6
CONTINUOUS
10
3.3961110629921261
20
0.8807083858267716
11
3.3942041338582678
21
0.8847977559055118
0
LINE
8
BLACK
6
CONTINUOUS
10
3.3942041338582678
20
0.8847977559055118
11
3.3937614566929133
21
0.8881603543307086
0
LINE
8
BLACK
6
CONTINUOUS
10
3.3937614566929133
20
0.8881603543307086
11
3.3937614566929133
21
0.9235934251968504
0
LINE
8
BLACK
6
CONTINUOUS
10
3.3937614566929133
20
0.9235934251968504
11
3.3942041338582678
21
0.9269560236220472
0
LINE
8
BLACK
6
CONTINUOUS
10
3.3942041338582678
20
0.9269560236220472
11
3.3961110629921261
21
0.9310453937007874
0
LINE
8
BLACK
6
CONTINUOUS
10
3.3961110629921261
20
0.9310453937007874
11
3.3993016141732282
21
0.9342359448818898
0
LINE
8
BLACK
6
CONTINUOUS
10
3.3993016141732282
20
0.9342359448818898
11
3.4033909842519683
21
0.936142874015748
0
LINE
8
BLACK
6
CONTINUOUS
10
3.4033909842519683
20
0.936142874015748
11
3.4067535826771653
21
0.9365855511811023
0
LINE
8
BLACK
6
CONTINUOUS
10
3.4067535826771653
20
0.9365855511811023
11
3.4274228740157477
21
0.9365855511811023
0
LINE
8
BLACK
6
CONTINUOUS
10
3.4274228740157477
20
0.9365855511811023
11
3.4307854724409448
21
0.936142874015748
0
LINE
8
BLACK
6
CONTINUOUS
10
3.5026358661417323
20
0.936142874015748
11
3.5067252362204724
21
0.9342359448818898
0
LINE
8
BLACK
6
CONTINUOUS
10
3.5067252362204724
20
0.9342359448818898
11
3.5099157874015745
21
0.9310453937007874
0
LINE
8
BLACK
6
CONTINUOUS
10
3.5099157874015745
20
0.9310453937007874
11
3.5118227165354332
21
0.9269560236220472
0
LINE
8
BLACK
6
CONTINUOUS
10
3.5118227165354332
20
0.9269560236220472
11
3.5122653937007873
21
0.9235934251968504
0
LINE
8
BLACK
6
CONTINUOUS
10
3.5122653937007873
20
0.9235934251968504
11
3.5122653937007873
21
0.8881603543307086
0
LINE
8
BLACK
6
CONTINUOUS
10
3.5122653937007873
20
0.8881603543307086
11
3.5118227165354332
21
0.8847977559055118
0
LINE
8
BLACK
6
CONTINUOUS
10
3.5118227165354332
20
0.8847977559055118
11
3.5099157874015745
21
0.8807083858267716
0
LINE
8
BLACK
6
CONTINUOUS
10
3.5099157874015745
20
0.8807083858267716
11
3.5067252362204724
21
0.8775178346456692
0
LINE
8
BLACK
6
CONTINUOUS
10
3.5067252362204724
20
0.8775178346456692
11
3.5026358661417323
21
0.875610905511811
0
LINE
8
BLACK
6
CONTINUOUS
10
3.5026358661417323
20
0.875610905511811
11
3.4992732677165352
21
0.8751682283464567
0
LINE
8
BLACK
6
CONTINUOUS
10
3.4992732677165352
20
0.8751682283464567
11
3.4786039763779528
21
0.8751682283464567
0
LINE
8
BLACK
6
CONTINUOUS
10
3.4786039763779528
20
0.8751682283464567
11
3.4752413779527558
21
0.875610905511811
0
LINE
8
BLACK
6
CONTINUOUS
10
3.4752413779527558
20
0.875610905511811
11
3.4711520078740157
21
0.8775178346456692
0
LINE
8
BLACK
6
CONTINUOUS
10
3.4711520078740157
20
0.8775178346456692
11
3.4679614566929131
21
0.8807083858267716
0
LINE
8
BLACK
6
CONTINUOUS
10
3.4679614566929131
20
0.8807083858267716
11
3.4660545275590549
21
0.8847977559055118
0
LINE
8
BLACK
6
CONTINUOUS
10
3.4660545275590549
20
0.8847977559055118
11
3.4656118503937008
21
0.8881603543307086
0
LINE
8
BLACK
6
CONTINUOUS
10
3.4656118503937008
20
0.8881603543307086
11
3.4656118503937008
21
0.9235934251968504
0
LINE
8
BLACK
6
CONTINUOUS
10
3.4656118503937008
20
0.9235934251968504
11
3.4660545275590549
21
0.9269560236220472
0
LINE
8
BLACK
6
CONTINUOUS
10
3.4660545275590549
20
0.9269560236220472
11
3.4679614566929131
21
0.9310453937007874
0
LINE
8
BLACK
6
CONTINUOUS
10
3.4679614566929131
20
0.9310453937007874
11
3.4711520078740157
21
0.9342359448818898
0
LINE
8
BLACK
6
CONTINUOUS
10
3.4711520078740157
20
0.9342359448818898
11
3.4752413779527558
21
0.936142874015748
0
LINE
8
BLACK
6
CONTINUOUS
10
3.4752413779527558
20
0.936142874015748
11
3.4786039763779528
21
0.9365855511811023
0
LINE
8
BLACK
6
CONTINUOUS
10
3.4786039763779528
20
0.9365855511811023
11
3.4992732677165352
21
0.9365855511811023
0
LINE
8
BLACK
6
CONTINUOUS
10
3.4992732677165352
20
0.9365855511811023
11
3.5026358661417323
21
0.936142874015748
0
LINE
8
BLACK
6
CONTINUOUS
10
3.6032264173228348
20
0.9430326377952756
11
3.6073157874015749
21
0.9411257086614173
0
LINE
8
BLACK
6
CONTINUOUS
10
3.6073157874015749
20
0.9411257086614173
11
3.610506338582677
21
0.937935157480315
0
LINE
8
BLACK
6
CONTINUOUS
10
3.610506338582677
20
0.937935157480315
11
3.6124132677165353
21
0.9338457874015748
0
LINE
8
BLACK
6
CONTINUOUS
10
3.6124132677165353
20
0.9338457874015748
11
3.6128559448818898
21
0.9304831889763779
0
LINE
8
BLACK
6
CONTINUOUS
10
3.6128559448818898
20
0.9304831889763779
11
3.6128559448818898
21
0.8930816141732283
0
LINE
8
BLACK
6
CONTINUOUS
10
3.6128559448818898
20
0.8930816141732283
11
3.6124132677165353
21
0.8897190157480315
0
LINE
8
BLACK
6
CONTINUOUS
10
3.6124132677165353
20
0.8897190157480315
11
3.610506338582677
21
0.8856296456692914
0
LINE
8
BLACK
6
CONTINUOUS
10
3.610506338582677
20
0.8856296456692914
11
3.6073157874015749
21
0.8824390944881889
0
LINE
8
BLACK
6
CONTINUOUS
10
3.6073157874015749
20
0.8824390944881889
11
3.6032264173228348
21
0.8805321653543307
0
LINE
8
BLACK
6
CONTINUOUS
10
3.6032264173228348
20
0.8805321653543307
11
3.5998638188976377
21
0.8800894881889764
0
LINE
8
BLACK
6
CONTINUOUS
10
3.5998638188976377
20
0.8800894881889764
11
3.580178779527559
21
0.8800894881889764
0
LINE
8
BLACK
6
CONTINUOUS
10
3.580178779527559
20
0.8800894881889764
11
3.576816181102362
21
0.8805321653543307
0
LINE
8
BLACK
6
CONTINUOUS
10
3.576816181102362
20
0.8805321653543307
11
3.5727268110236219
21
0.8824390944881889
0
LINE
8
BLACK
6
CONTINUOUS
10
3.5727268110236219
20
0.8824390944881889
11
3.5695362598425198
21
0.8856296456692914
0
LINE
8
BLACK
6
CONTINUOUS
10
3.5695362598425198
20
0.8856296456692914
11
3.5676293307086615
21
0.8897190157480315
0
LINE
8
BLACK
6
CONTINUOUS
10
3.5676293307086615
20
0.8897190157480315
11
3.567186653543307
21
0.8930816141732283
0
LINE
8
BLACK
6
CONTINUOUS
10
3.567186653543307
20
0.8930816141732283
11
3.567186653543307
21
0.9304831889763779
0
LINE
8
BLACK
6
CONTINUOUS
10
3.567186653543307
20
0.9304831889763779
11
3.5676293307086615
21
0.9338457874015748
0
LINE
8
BLACK
6
CONTINUOUS
10
3.5676293307086615
20
0.9338457874015748
11
3.5695362598425198
21
0.937935157480315
0
LINE
8
BLACK
6
CONTINUOUS
10
3.5695362598425198
20
0.937935157480315
11
3.5727268110236219
21
0.9411257086614173
0
LINE
8
BLACK
6
CONTINUOUS
10
3.5727268110236219
20
0.9411257086614173
11
3.576816181102362
21
0.9430326377952756
0
LINE
8
BLACK
6
CONTINUOUS
10
3.576816181102362
20
0.9430326377952756
11
3.580178779527559
21
0.9434753149606299
0
LINE
8
BLACK
6
CONTINUOUS
10
3.580178779527559
20
0.9434753149606299
11
3.5998638188976377
21
0.9434753149606299
0
LINE
8
BLACK
6
CONTINUOUS
10
3.5998638188976377
20
0.9434753149606299
11
3.6032264173228348
21
0.9430326377952756
0
LINE
8
BLACK
6
CONTINUOUS
10
3.6780295669291339
20
0.9430326377952756
11
3.682118937007874
21
0.9411257086614173
0
LINE
8
BLACK
6
CONTINUOUS
10
3.682118937007874
20
0.9411257086614173
11
3.6853094881889761
21
0.937935157480315
0
LINE
8
BLACK
6
CONTINUOUS
10
3.6853094881889761
20
0.937935157480315
11
3.6872164173228348
21
0.9338457874015748
0
LINE
8
BLACK
6
CONTINUOUS
10
3.6872164173228348
20
0.9338457874015748
11
3.6876590944881888
21
0.9304831889763779
0
LINE
8
BLACK
6
CONTINUOUS
10
3.6876590944881888
20
0.9304831889763779
11
3.6876590944881888
21
0.8930816141732283
0
LINE
8
BLACK
6
CONTINUOUS
10
3.6876590944881888
20
0.8930816141732283
11
3.6872164173228348
21
0.8897190157480315
0
LINE
8
BLACK
6
CONTINUOUS
10
3.6872164173228348
20
0.8897190157480315
11
3.6853094881889761
21
0.8856296456692914
0
LINE
8
BLACK
6
CONTINUOUS
10
3.6853094881889761
20
0.8856296456692914
11
3.682118937007874
21
0.8824390944881889
0
LINE
8
BLACK
6
CONTINUOUS
10
3.682118937007874
20
0.8824390944881889
11
3.6780295669291339
21
0.8805321653543307
0
LINE
8
BLACK
6
CONTINUOUS
10
3.6780295669291339
20
0.8805321653543307
11
3.6746669685039368
21
0.8800894881889764
0
LINE
8
BLACK
6
CONTINUOUS
10
3.6746669685039368
20
0.8800894881889764
11
3.6549819291338581
21
0.8800894881889764
0
LINE
8
BLACK
6
CONTINUOUS
10
3.6549819291338581
20
0.8800894881889764
11
3.6516193307086615
21
0.8805321653543307
0
LINE
8
BLACK
6
CONTINUOUS
10
3.6516193307086615
20
0.8805321653543307
11
3.647529960629921
21
0.8824390944881889
0
LINE
8
BLACK
6
CONTINUOUS
10
3.647529960629921
20
0.8824390944881889
11
3.6443394094488188
21
0.8856296456692914
0
LINE
8
BLACK
6
CONTINUOUS
10
3.6443394094488188
20
0.8856296456692914
11
3.6424324803149606
21
0.8897190157480315
0
LINE
8
BLACK
6
CONTINUOUS
10
3.6424324803149606
20
0.8897190157480315
11
3.6419898031496061
21
0.8930816141732283
0
LINE
8
BLACK
6
CONTINUOUS
10
3.6419898031496061
20
0.8930816141732283
11
3.6419898031496061
21
0.9304831889763779
0
LINE
8
BLACK
6
CONTINUOUS
10
3.6419898031496061
20
0.9304831889763779
11
3.6424324803149606
21
0.9338457874015748
0
LINE
8
BLACK
6
CONTINUOUS
10
3.6424324803149606
20
0.9338457874015748
11
3.6443394094488188
21
0.937935157480315
0
LINE
8
BLACK
6
CONTINUOUS
10
3.6443394094488188
20
0.937935157480315
11
3.647529960629921
21
0.9411257086614173
0
LINE
8
BLACK
6
CONTINUOUS
10
3.647529960629921
20
0.9411257086614173
11
3.6516193307086615
21
0.9430326377952756
0
LINE
8
BLACK
6
CONTINUOUS
10
3.6516193307086615
20
0.9430326377952756
11
3.6549819291338581
21
0.9434753149606299
0
LINE
8
BLACK
6
CONTINUOUS
10
3.6549819291338581
20
0.9434753149606299
11
3.6746669685039368
21
0.9434753149606299
0
LINE
8
BLACK
6
CONTINUOUS
10
3.6746669685039368
20
0.9434753149606299
11
3.6780295669291339
21
0.9430326377952756
0
LINE
8
BLACK
6
CONTINUOUS
10
1.5930791338582677
20
0.9368092913385827
11
1.5971685039370078
21
0.9349023622047243
0
LINE
8
BLACK
6
CONTINUOUS
10
1.5971685039370078
20
0.9349023622047243
11
1.6003590551181102
21
0.931711811023622
0
LINE
8
BLACK
6
CONTINUOUS
10
1.6003590551181102
20
0.931711811023622
11
1.6022659842519684
21
0.9276224409448819
0
LINE
8
BLACK
6
CONTINUOUS
10
1.6022659842519684
20
0.9276224409448819
11
1.6027086614173227
21
0.9242598425196851
0
LINE
8
BLACK
6
CONTINUOUS
10
1.6027086614173227
20
0.9242598425196851
11
1.6027086614173227
21
0.9035905511811023
0
LINE
8
BLACK
6
CONTINUOUS
10
1.6027086614173227
20
0.9035905511811023
11
1.6022659842519684
21
0.9002279527559055
0
LINE
8
BLACK
6
CONTINUOUS
10
1.6022659842519684
20
0.9002279527559055
11
1.6003590551181102
21
0.8961385826771653
0
LINE
8
BLACK
6
CONTINUOUS
10
1.6003590551181102
20
0.8961385826771653
11
1.5971685039370078
21
0.8929480314960629
0
LINE
8
BLACK
6
CONTINUOUS
10
1.5971685039370078
20
0.8929480314960629
11
1.5930791338582677
21
0.8910411023622047
0
LINE
8
BLACK
6
CONTINUOUS
10
1.5930791338582677
20
0.8910411023622047
11
1.5897165354330709
21
0.8905984251968504
0
LINE
8
BLACK
6
CONTINUOUS
10
1.5897165354330709
20
0.8905984251968504
11
1.554283464566929
21
0.8905984251968504
0
LINE
8
BLACK
6
CONTINUOUS
10
1.554283464566929
20
0.8905984251968504
11
1.5509208661417322
21
0.8910411023622047
0
LINE
8
BLACK
6
CONTINUOUS
10
1.5509208661417322
20
0.8910411023622047
11
1.5468314960629921
21
0.8929480314960629
0
LINE
8
BLACK
6
CONTINUOUS
10
1.5468314960629921
20
0.8929480314960629
11
1.5436409448818897
21
0.8961385826771653
0
LINE
8
BLACK
6
CONTINUOUS
10
1.5436409448818897
20
0.8961385826771653
11
1.5417340157480315
21
0.9002279527559055
0
LINE
8
BLACK
6
CONTINUOUS
10
1.5417340157480315
20
0.9002279527559055
11
1.5412913385826772
21
0.9035905511811023
0
LINE
8
BLACK
6
CONTINUOUS
10
1.5412913385826772
20
0.9035905511811023
11
1.5412913385826772
21
0.9242598425196851
0
LINE
8
BLACK
6
CONTINUOUS
10
1.5412913385826772
20
0.9242598425196851
11
1.5417340157480315
21
0.9276224409448819
0
LINE
8
BLACK
6
CONTINUOUS
10
1.5417340157480315
20
0.9276224409448819
11
1.5436409448818897
21
0.931711811023622
0
LINE
8
BLACK
6
CONTINUOUS
10
1.5436409448818897
20
0.931711811023622
11
1.5468314960629921
21
0.9349023622047243
0
LINE
8
BLACK
6
CONTINUOUS
10
1.5468314960629921
20
0.9349023622047243
11
1.5509208661417322
21
0.9368092913385827
0
LINE
8
BLACK
6
CONTINUOUS
10
1.5509208661417322
20
0.9368092913385827
11
1.554283464566929
21
0.937251968503937
0
LINE
8
BLACK
6
CONTINUOUS
10
1.554283464566929
20
0.937251968503937
11
1.5897165354330709
21
0.937251968503937
0
LINE
8
BLACK
6
CONTINUOUS
10
1.5897165354330709
20
0.937251968503937
11
1.5930791338582677
21
0.9368092913385827
0
LINE
8
BLACK
6
CONTINUOUS
10
0.6919612204724409
20
0.9340909448818897
11
0.692983031496063
21
0.9334082283464566
0
LINE
8
BLACK
6
CONTINUOUS
10
0.692983031496063
20
0.9334082283464566
11
0.6936657480314961
21
0.9323864173228347
0
LINE
8
BLACK
6
CONTINUOUS
10
0.6936657480314961
20
0.9323864173228347
11
0.6939055118110236
21
0.9311811023622047
0
LINE
8
BLACK
6
CONTINUOUS
10
0.6939055118110236
20
0.9311811023622047
11
0.6939055118110236
21
0.9036220472440945
0
LINE
8
BLACK
6
CONTINUOUS
10
0.6939055118110236
20
0.9036220472440945
11
0.6936657480314961
21
0.9024167322834645
0
LINE
8
BLACK
6
CONTINUOUS
10
0.6936657480314961
20
0.9024167322834645
11
0.692983031496063
21
0.9013949212598426
0
LINE
8
BLACK
6
CONTINUOUS
10
0.692983031496063
20
0.9013949212598426
11
0.6919612204724409
21
0.9007122047244094
0
LINE
8
BLACK
6
CONTINUOUS
10
0.6919612204724409
20
0.9007122047244094
11
0.690755905511811
21
0.9004724409448819
0
LINE
8
BLACK
6
CONTINUOUS
10
0.690755905511811
20
0.9004724409448819
11
0.6671338582677165
21
0.9004724409448819
0
LINE
8
BLACK
6
CONTINUOUS
10
0.6671338582677165
20
0.9004724409448819
11
0.6659285433070866
21
0.9007122047244094
0
LINE
8
BLACK
6
CONTINUOUS
10
0.6659285433070866
20
0.9007122047244094
11
0.6649067322834645
21
0.9013949212598426
0
LINE
8
BLACK
6
CONTINUOUS
10
0.6649067322834645
20
0.9013949212598426
11
0.6642240157480315
21
0.9024167322834645
0
LINE
8
BLACK
6
CONTINUOUS
10
0.6642240157480315
20
0.9024167322834645
11
0.663984251968504
21
0.9036220472440945
0
LINE
8
BLACK
6
CONTINUOUS
10
0.663984251968504
20
0.9036220472440945
11
0.663984251968504
21
0.9311811023622047
0
LINE
8
BLACK
6
CONTINUOUS
10
0.663984251968504
20
0.9311811023622047
11
0.6642240157480315
21
0.9323864173228347
0
LINE
8
BLACK
6
CONTINUOUS
10
0.6642240157480315
20
0.9323864173228347
11
0.6649067322834645
21
0.9334082283464566
0
LINE
8
BLACK
6
CONTINUOUS
10
0.6649067322834645
20
0.9334082283464566
11
0.6659285433070866
21
0.9340909448818897
0
LINE
8
BLACK
6
CONTINUOUS
10
0.6659285433070866
20
0.9340909448818897
11
0.6671338582677165
21
0.9343307086614173
0
LINE
8
BLACK
6
CONTINUOUS
10
0.6671338582677165
20
0.9343307086614173
11
0.690755905511811
21
0.9343307086614173
0
LINE
8
BLACK
6
CONTINUOUS
10
0.690755905511811
20
0.9343307086614173
11
0.6919612204724409
21
0.9340909448818897
0
LINE
8
BLACK
6
CONTINUOUS
10
0.8100714566929134
20
0.9340909448818897
11
0.8110932677165354
21
0.9334082283464566
0
LINE
8
BLACK
6
CONTINUOUS
10
0.8110932677165354
20
0.9334082283464566
11
0.8117759842519685
21
0.9323864173228347
0
LINE
8
BLACK
6
CONTINUOUS
10
0.8117759842519685
20
0.9323864173228347
11
0.812015748031496
21
0.9311811023622047
0
LINE
8
BLACK
6
CONTINUOUS
10
0.812015748031496
20
0.9311811023622047
11
0.812015748031496
21
0.9036220472440945
0
LINE
8
BLACK
6
CONTINUOUS
10
0.812015748031496
20
0.9036220472440945
11
0.8117759842519685
21
0.9024167322834645
0
LINE
8
BLACK
6
CONTINUOUS
10
0.8117759842519685
20
0.9024167322834645
11
0.8110932677165354
21
0.9013949212598426
0
LINE
8
BLACK
6
CONTINUOUS
10
0.8110932677165354
20
0.9013949212598426
11
0.8100714566929134
21
0.9007122047244094
0
LINE
8
BLACK
6
CONTINUOUS
10
0.8100714566929134
20
0.9007122047244094
11
0.8088661417322834
21
0.9004724409448819
0
LINE
8
BLACK
6
CONTINUOUS
10
0.8088661417322834
20
0.9004724409448819
11
0.785244094488189
21
0.9004724409448819
0
LINE
8
BLACK
6
CONTINUOUS
10
0.785244094488189
20
0.9004724409448819
11
0.7840387795275591
21
0.9007122047244094
0
LINE
8
BLACK
6
CONTINUOUS
10
0.7840387795275591
20
0.9007122047244094
11
0.783016968503937
21
0.9013949212598426
0
LINE
8
BLACK
6
CONTINUOUS
10
0.783016968503937
20
0.9013949212598426
11
0.7823342519685039
21
0.9024167322834645
0
LINE
8
BLACK
6
CONTINUOUS
10
0.7823342519685039
20
0.9024167322834645
11
0.7820944881889763
21
0.9036220472440945
0
LINE
8
BLACK
6
CONTINUOUS
10
0.7820944881889763
20
0.9036220472440945
11
0.7820944881889763
21
0.9311811023622047
0
LINE
8
BLACK
6
CONTINUOUS
10
0.7820944881889763
20
0.9311811023622047
11
0.7823342519685039
21
0.9323864173228347
0
LINE
8
BLACK
6
CONTINUOUS
10
0.7823342519685039
20
0.9323864173228347
11
0.783016968503937
21
0.9334082283464566
0
LINE
8
BLACK
6
CONTINUOUS
10
0.783016968503937
20
0.9334082283464566
11
0.7840387795275591
21
0.9340909448818897
0
LINE
8
BLACK
6
CONTINUOUS
10
0.7840387795275591
20
0.9340909448818897
11
0.785244094488189
21
0.9343307086614173
0
LINE
8
BLACK
6
CONTINUOUS
10
0.785244094488189
20
0.9343307086614173
11
0.8088661417322834
21
0.9343307086614173
0
LINE
8
BLACK
6
CONTINUOUS
10
0.8088661417322834
20
0.9343307086614173
11
0.8100714566929134
21
0.9340909448818897
0
LINE
8
BLACK
6
CONTINUOUS
10
1.4048035433070867
20
0.9712502362204725
11
1.4088929133858268
21
0.9693433070866142
0
LINE
8
BLACK
6
CONTINUOUS
10
1.4088929133858268
20
0.9693433070866142
11
1.4120834645669291
21
0.9661527559055118
0
LINE
8
BLACK
6
CONTINUOUS
10
1.4120834645669291
20
0.9661527559055118
11
1.4139903937007874
21
0.9620633858267716
0
LINE
8
BLACK
6
CONTINUOUS
10
1.4139903937007874
20
0.9620633858267716
11
1.4144330708661417
21
0.9587007874015748
0
LINE
8
BLACK
6
CONTINUOUS
10
1.4144330708661417
20
0.9587007874015748
11
1.4144330708661417
21
0.9212992125984252
0
LINE
8
BLACK
6
CONTINUOUS
10
1.4144330708661417
20
0.9212992125984252
11
1.4139903937007874
21
0.9179366141732284
0
LINE
8
BLACK
6
CONTINUOUS
10
1.4139903937007874
20
0.9179366141732284
11
1.4120834645669291
21
0.9138472440944881
0
LINE
8
BLACK
6
CONTINUOUS
10
1.4120834645669291
20
0.9138472440944881
11
1.4088929133858268
21
0.9106566929133858
0
LINE
8
BLACK
6
CONTINUOUS
10
1.4088929133858268
20
0.9106566929133858
11
1.4048035433070867
21
0.9087497637795275
0
LINE
8
BLACK
6
CONTINUOUS
10
1.4048035433070867
20
0.9087497637795275
11
1.4014409448818896
21
0.9083070866141733
0
LINE
8
BLACK
6
CONTINUOUS
10
1.4014409448818896
20
0.9083070866141733
11
1.3817559055118109
21
0.9083070866141733
0
LINE
8
BLACK
6
CONTINUOUS
10
1.3817559055118109
20
0.9083070866141733
11
1.3783933070866141
21
0.9087497637795275
0
LINE
8
BLACK
6
CONTINUOUS
10
1.3783933070866141
20
0.9087497637795275
11
1.374303937007874
21
0.9106566929133858
0
LINE
8
BLACK
6
CONTINUOUS
10
1.374303937007874
20
0.9106566929133858
11
1.3711133858267717
21
0.9138472440944881
0
LINE
8
BLACK
6
CONTINUOUS
10
1.3711133858267717
20
0.9138472440944881
11
1.3692064566929134
21
0.9179366141732284
0
LINE
8
BLACK
6
CONTINUOUS
10
1.3692064566929134
20
0.9179366141732284
11
1.3687637795275591
21
0.9212992125984252
0
LINE
8
BLACK
6
CONTINUOUS
10
1.3687637795275591
20
0.9212992125984252
11
1.3687637795275591
21
0.9587007874015748
0
LINE
8
BLACK
6
CONTINUOUS
10
1.3687637795275591
20
0.9587007874015748
11
1.3692064566929134
21
0.9620633858267716
0
LINE
8
BLACK
6
CONTINUOUS
10
1.3692064566929134
20
0.9620633858267716
11
1.3711133858267717
21
0.9661527559055118
0
LINE
8
BLACK
6
CONTINUOUS
10
1.3711133858267717
20
0.9661527559055118
11
1.374303937007874
21
0.9693433070866142
0
LINE
8
BLACK
6
CONTINUOUS
10
1.374303937007874
20
0.9693433070866142
11
1.3783933070866141
21
0.9712502362204725
0
LINE
8
BLACK
6
CONTINUOUS
10
1.3783933070866141
20
0.9712502362204725
11
1.3817559055118109
21
0.9716929133858268
0
LINE
8
BLACK
6
CONTINUOUS
10
1.3817559055118109
20
0.9716929133858268
11
1.4014409448818896
21
0.9716929133858268
0
LINE
8
BLACK
6
CONTINUOUS
10
1.4014409448818896
20
0.9716929133858268
11
1.4048035433070867
21
0.9712502362204725
0
LINE
8
BLACK
6
CONTINUOUS
10
1.4796066929133858
20
0.9712502362204725
11
1.4836960629921259
21
0.9693433070866142
0
LINE
8
BLACK
6
CONTINUOUS
10
1.4836960629921259
20
0.9693433070866142
11
1.4868866141732282
21
0.9661527559055118
0
LINE
8
BLACK
6
CONTINUOUS
10
1.4868866141732282
20
0.9661527559055118
11
1.4887935433070867
21
0.9620633858267716
0
LINE
8
BLACK
6
CONTINUOUS
10
1.4887935433070867
20
0.9620633858267716
11
1.489236220472441
21
0.9587007874015748
0
LINE
8
BLACK
6
CONTINUOUS
10
1.489236220472441
20
0.9587007874015748
11
1.489236220472441
21
0.9212992125984252
0
LINE
8
BLACK
6
CONTINUOUS
10
1.489236220472441
20
0.9212992125984252
11
1.4887935433070867
21
0.9179366141732284
0
LINE
8
BLACK
6
CONTINUOUS
10
1.4887935433070867
20
0.9179366141732284
11
1.4868866141732282
21
0.9138472440944881
0
LINE
8
BLACK
6
CONTINUOUS
10
1.4868866141732282
20
0.9138472440944881
11
1.4836960629921259
21
0.9106566929133858
0
LINE
8
BLACK
6
CONTINUOUS
10
1.4836960629921259
20
0.9106566929133858
11
1.4796066929133858
21
0.9087497637795275
0
LINE
8
BLACK
6
CONTINUOUS
10
1.4796066929133858
20
0.9087497637795275
11
1.4762440944881889
21
0.9083070866141733
0
LINE
8
BLACK
6
CONTINUOUS
10
1.4762440944881889
20
0.9083070866141733
11
1.4565590551181102
21
0.9083070866141733
0
LINE
8
BLACK
6
CONTINUOUS
10
1.4565590551181102
20
0.9083070866141733
11
1.4531964566929134
21
0.9087497637795275
0
LINE
8
BLACK
6
CONTINUOUS
10
1.4531964566929134
20
0.9087497637795275
11
1.4491070866141731
21
0.9106566929133858
0
LINE
8
BLACK
6
CONTINUOUS
10
1.4491070866141731
20
0.9106566929133858
11
1.4459165354330707
21
0.9138472440944881
0
LINE
8
BLACK
6
CONTINUOUS
10
1.4459165354330707
20
0.9138472440944881
11
1.4440096062992125
21
0.9179366141732284
0
LINE
8
BLACK
6
CONTINUOUS
10
1.4440096062992125
20
0.9179366141732284
11
1.4435669291338582
21
0.9212992125984252
0
LINE
8
BLACK
6
CONTINUOUS
10
1.4435669291338582
20
0.9212992125984252
11
1.4435669291338582
21
0.9587007874015748
0
LINE
8
BLACK
6
CONTINUOUS
10
1.4435669291338582
20
0.9587007874015748
11
1.4440096062992125
21
0.9620633858267716
0
LINE
8
BLACK
6
CONTINUOUS
10
1.4440096062992125
20
0.9620633858267716
11
1.4459165354330707
21
0.9661527559055118
0
LINE
8
BLACK
6
CONTINUOUS
10
1.4459165354330707
20
0.9661527559055118
11
1.4491070866141731
21
0.9693433070866142
0
LINE
8
BLACK
6
CONTINUOUS
10
1.4491070866141731
20
0.9693433070866142
11
1.4531964566929134
21
0.9712502362204725
0
LINE
8
BLACK
6
CONTINUOUS
10
1.4531964566929134
20
0.9712502362204725
11
1.4565590551181102
21
0.9716929133858268
0
LINE
8
BLACK
6
CONTINUOUS
10
1.4565590551181102
20
0.9716929133858268
11
1.4762440944881889
21
0.9716929133858268
0
LINE
8
BLACK
6
CONTINUOUS
10
1.4762440944881889
20
0.9716929133858268
11
1.4796066929133858
21
0.9712502362204725
0
LINE
8
BLACK
6
CONTINUOUS
10
0.7157720472440945
20
1.0332659842519685
11
0.7198614173228346
21
1.0313590551181102
0
LINE
8
BLACK
6
CONTINUOUS
10
0.7198614173228346
20
1.0313590551181102
11
0.7230519685039369
21
1.0281685039370079
0
LINE
8
BLACK
6
CONTINUOUS
10
0.7230519685039369
20
1.0281685039370079
11
0.7249588976377953
21
1.0240791338582678
0
LINE
8
BLACK
6
CONTINUOUS
10
0.7249588976377953
20
1.0240791338582678
11
0.7254015748031496
21
1.0207165354330709
0
LINE
8
BLACK
6
CONTINUOUS
10
0.7254015748031496
20
1.0207165354330709
11
0.7254015748031496
21
0.9852834645669291
0
LINE
8
BLACK
6
CONTINUOUS
10
0.7254015748031496
20
0.9852834645669291
11
0.7249588976377953
21
0.9819208661417322
0
LINE
8
BLACK
6
CONTINUOUS
10
0.7249588976377953
20
0.9819208661417322
11
0.7230519685039369
21
0.9778314960629921
0
LINE
8
BLACK
6
CONTINUOUS
10
0.7230519685039369
20
0.9778314960629921
11
0.7198614173228346
21
0.9746409448818898
0
LINE
8
BLACK
6
CONTINUOUS
10
0.7198614173228346
20
0.9746409448818898
11
0.7157720472440945
21
0.9727340157480314
0
LINE
8
BLACK
6
CONTINUOUS
10
0.7157720472440945
20
0.9727340157480314
11
0.7124094488188977
21
0.9722913385826771
0
LINE
8
BLACK
6
CONTINUOUS
10
0.7124094488188977
20
0.9722913385826771
11
0.6917401574803149
21
0.9722913385826771
0
LINE
8
BLACK
6
CONTINUOUS
10
0.6917401574803149
20
0.9722913385826771
11
0.6883775590551181
21
0.9727340157480314
0
LINE
8
BLACK
6
CONTINUOUS
10
0.6883775590551181
20
0.9727340157480314
11
0.6842881889763779
21
0.9746409448818898
0
LINE
8
BLACK
6
CONTINUOUS
10
0.6842881889763779
20
0.9746409448818898
11
0.6810976377952755
21
0.9778314960629921
0
LINE
8
BLACK
6
CONTINUOUS
10
0.6810976377952755
20
0.9778314960629921
11
0.6791907086614173
21
0.9819208661417322
0
LINE
8
BLACK
6
CONTINUOUS
10
0.6791907086614173
20
0.9819208661417322
11
0.678748031496063
21
0.9852834645669291
0
LINE
8
BLACK
6
CONTINUOUS
10
0.678748031496063
20
0.9852834645669291
11
0.678748031496063
21
1.0207165354330709
0
LINE
8
BLACK
6
CONTINUOUS
10
0.678748031496063
20
1.0207165354330709
11
0.6791907086614173
21
1.0240791338582678
0
LINE
8
BLACK
6
CONTINUOUS
10
0.6791907086614173
20
1.0240791338582678
11
0.6810976377952755
21
1.0281685039370079
0
LINE
8
BLACK
6
CONTINUOUS
10
0.6810976377952755
20
1.0281685039370079
11
0.6842881889763779
21
1.0313590551181102
0
LINE
8
BLACK
6
CONTINUOUS
10
0.6842881889763779
20
1.0313590551181102
11
0.6883775590551181
21
1.0332659842519685
0
LINE
8
BLACK
6
CONTINUOUS
10
0.6883775590551181
20
1.0332659842519685
11
0.6917401574803149
21
1.0337086614173228
0
LINE
8
BLACK
6
CONTINUOUS
10
0.6917401574803149
20
1.0337086614173228
11
0.7124094488188977
21
1.0337086614173228
0
LINE
8
BLACK
6
CONTINUOUS
10
0.7124094488188977
20
1.0337086614173228
11
0.7157720472440945
21
1.0332659842519685
0
LINE
8
BLACK
6
CONTINUOUS
10
0.7876224409448819
20
1.0332659842519685
11
0.791711811023622
21
1.0313590551181102
0
LINE
8
BLACK
6
CONTINUOUS
10
0.791711811023622
20
1.0313590551181102
11
0.7949023622047244
21
1.0281685039370079
0
LINE
8
BLACK
6
CONTINUOUS
10
0.7949023622047244
20
1.0281685039370079
11
0.7968092913385827
21
1.0240791338582678
0
LINE
8
BLACK
6
CONTINUOUS
10
0.7968092913385827
20
1.0240791338582678
11
0.797251968503937
21
1.0207165354330709
0
LINE
8
BLACK
6
CONTINUOUS
10
0.797251968503937
20
1.0207165354330709
11
0.797251968503937
21
0.9852834645669291
0
LINE
8
BLACK
6
CONTINUOUS
10
0.797251968503937
20
0.9852834645669291
11
0.7968092913385827
21
0.9819208661417322
0
LINE
8
BLACK
6
CONTINUOUS
10
0.7968092913385827
20
0.9819208661417322
11
0.7949023622047244
21
0.9778314960629921
0
LINE
8
BLACK
6
CONTINUOUS
10
0.7949023622047244
20
0.9778314960629921
11
0.791711811023622
21
0.9746409448818898
0
LINE
8
BLACK
6
CONTINUOUS
10
0.791711811023622
20
0.9746409448818898
11
0.7876224409448819
21
0.9727340157480314
0
LINE
8
BLACK
6
CONTINUOUS
10
0.7876224409448819
20
0.9727340157480314
11
0.7842598425196851
21
0.9722913385826771
0
LINE
8
BLACK
6
CONTINUOUS
10
0.7842598425196851
20
0.9722913385826771
11
0.7635905511811023
21
0.9722913385826771
0
LINE
8
BLACK
6
CONTINUOUS
10
0.7635905511811023
20
0.9722913385826771
11
0.7602279527559055
21
0.9727340157480314
0
LINE
8
BLACK
6
CONTINUOUS
10
0.7602279527559055
20
0.9727340157480314
11
0.7561385826771654
21
0.9746409448818898
0
LINE
8
BLACK
6
CONTINUOUS
10
0.7561385826771654
20
0.9746409448818898
11
0.7529480314960629
21
0.9778314960629921
0
LINE
8
BLACK
6
CONTINUOUS
10
0.7529480314960629
20
0.9778314960629921
11
0.7510411023622047
21
0.9819208661417322
0
LINE
8
BLACK
6
CONTINUOUS
10
0.7510411023622047
20
0.9819208661417322
11
0.7505984251968504
21
0.9852834645669291
0
LINE
8
BLACK
6
CONTINUOUS
10
0.7505984251968504
20
0.9852834645669291
11
0.7505984251968504
21
1.0207165354330709
0
LINE
8
BLACK
6
CONTINUOUS
10
0.7505984251968504
20
1.0207165354330709
11
0.7510411023622047
21
1.0240791338582678
0
LINE
8
BLACK
6
CONTINUOUS
10
0.7510411023622047
20
1.0240791338582678
11
0.7529480314960629
21
1.0281685039370079
0
LINE
8
BLACK
6
CONTINUOUS
10
0.7529480314960629
20
1.0281685039370079
11
0.7561385826771654
21
1.0313590551181102
0
LINE
8
BLACK
6
CONTINUOUS
10
0.7561385826771654
20
1.0313590551181102
11
0.7602279527559055
21
1.0332659842519685
0
LINE
8
BLACK
6
CONTINUOUS
10
0.7602279527559055
20
1.0332659842519685
11
0.7635905511811023
21
1.0337086614173228
0
LINE
8
BLACK
6
CONTINUOUS
10
0.7635905511811023
20
1.0337086614173228
11
0.7842598425196851
21
1.0337086614173228
0
LINE
8
BLACK
6
CONTINUOUS
10
0.7842598425196851
20
1.0337086614173228
11
0.7876224409448819
21
1.0332659842519685
0
LINE
8
BLACK
6
CONTINUOUS
10
1.8992053149606298
20
1.038909842519685
11
1.900227125984252
21
1.0382271259842519
0
LINE
8
BLACK
6
CONTINUOUS
10
1.900227125984252
20
1.0382271259842519
11
1.9009098425196851
21
1.03720531496063
0
LINE
8
BLACK
6
CONTINUOUS
10
1.9009098425196851
20
1.03720531496063
11
1.9011496062992126
21
1.036
0
LINE
8
BLACK
6
CONTINUOUS
10
1.9011496062992126
20
1.036
11
1.9011496062992126
21
0.976
0
LINE
8
BLACK
6
CONTINUOUS
10
1.9011496062992126
20
0.976
11
1.9009098425196851
21
0.9747946850393701
0
LINE
8
BLACK
6
CONTINUOUS
10
1.9009098425196851
20
0.9747946850393701
11
1.900227125984252
21
0.973772874015748
0
LINE
8
BLACK
6
CONTINUOUS
10
1.900227125984252
20
0.973772874015748
11
1.8992053149606298
21
0.9730901574803149
0
LINE
8
BLACK
6
CONTINUOUS
10
1.8992053149606298
20
0.9730901574803149
11
1.8979999999999999
21
0.9728503937007874
0
LINE
8
BLACK
6
CONTINUOUS
10
1.8979999999999999
20
0.9728503937007874
11
1.8379999999999999
21
0.9728503937007874
0
LINE
8
BLACK
6
CONTINUOUS
10
1.8379999999999999
20
0.9728503937007874
11
1.8367946850393699
21
0.9730901574803149
0
LINE
8
BLACK
6
CONTINUOUS
10
1.8367946850393699
20
0.9730901574803149
11
1.835772874015748
21
0.973772874015748
0
LINE
8
BLACK
6
CONTINUOUS
10
1.835772874015748
20
0.973772874015748
11
1.8350901574803149
21
0.9747946850393701
0
LINE
8
BLACK
6
CONTINUOUS
10
1.8350901574803149
20
0.9747946850393701
11
1.8348503937007874
21
0.976
0
LINE
8
BLACK
6
CONTINUOUS
10
1.8348503937007874
20
0.976
11
1.8348503937007874
21
1.036
0
LINE
8
BLACK
6
CONTINUOUS
10
1.8348503937007874
20
1.036
11
1.8350901574803149
21
1.03720531496063
0
LINE
8
BLACK
6
CONTINUOUS
10
1.8350901574803149
20
1.03720531496063
11
1.835772874015748
21
1.0382271259842519
0
LINE
8
BLACK
6
CONTINUOUS
10
1.835772874015748
20
1.0382271259842519
11
1.8367946850393699
21
1.038909842519685
0
LINE
8
BLACK
6
CONTINUOUS
10
1.8367946850393699
20
1.038909842519685
11
1.8379999999999999
21
1.0391496062992125
0
LINE
8
BLACK
6
CONTINUOUS
10
1.8379999999999999
20
1.0391496062992125
11
1.8979999999999999
21
1.0391496062992125
0
LINE
8
BLACK
6
CONTINUOUS
10
1.8979999999999999
20
1.0391496062992125
11
1.8992053149606298
21
1.038909842519685
0
LINE
8
BLACK
6
CONTINUOUS
10
1.9992053149606299
20
1.038909842519685
11
2.0002271259842521
21
1.0382271259842519
0
LINE
8
BLACK
6
CONTINUOUS
10
2.0002271259842521
20
1.0382271259842519
11
2.0009098425196852
21
1.03720531496063
0
LINE
8
BLACK
6
CONTINUOUS
10
2.0009098425196852
20
1.03720531496063
11
2.0011496062992125
21
1.036
0
LINE
8
BLACK
6
CONTINUOUS
10
2.0011496062992125
20
1.036
11
2.0011496062992125
21
0.976
0
LINE
8
BLACK
6
CONTINUOUS
10
2.0011496062992125
20
0.976
11
2.0009098425196852
21
0.9747946850393701
0
LINE
8
BLACK
6
CONTINUOUS
10
2.0009098425196852
20
0.9747946850393701
11
2.0002271259842521
21
0.973772874015748
0
LINE
8
BLACK
6
CONTINUOUS
10
2.0002271259842521
20
0.973772874015748
11
1.9992053149606299
21
0.9730901574803149
0
LINE
8
BLACK
6
CONTINUOUS
10
1.9992053149606299
20
0.9730901574803149
11
1.998
21
0.9728503937007874
0
LINE
8
BLACK
6
CONTINUOUS
10
1.998
20
0.9728503937007874
11
1.9379999999999999
21
0.9728503937007874
0
LINE
8
BLACK
6
CONTINUOUS
10
1.9379999999999999
20
0.9728503937007874
11
1.93679468503937
21
0.9730901574803149
0
LINE
8
BLACK
6
CONTINUOUS
10
1.93679468503937
20
0.9730901574803149
11
1.935772874015748
21
0.973772874015748
0
LINE
8
BLACK
6
CONTINUOUS
10
1.935772874015748
20
0.973772874015748
11
1.935090157480315
21
0.9747946850393701
0
LINE
8
BLACK
6
CONTINUOUS
10
1.935090157480315
20
0.9747946850393701
11
1.9348503937007873
21
0.976
0
LINE
8
BLACK
6
CONTINUOUS
10
1.9348503937007873
20
0.976
11
1.9348503937007873
21
1.036
0
LINE
8
BLACK
6
CONTINUOUS
10
1.9348503937007873
20
1.036
11
1.935090157480315
21
1.03720531496063
0
LINE
8
BLACK
6
CONTINUOUS
10
1.935090157480315
20
1.03720531496063
11
1.935772874015748
21
1.0382271259842519
0
LINE
8
BLACK
6
CONTINUOUS
10
1.935772874015748
20
1.0382271259842519
11
1.93679468503937
21
1.038909842519685
0
LINE
8
BLACK
6
CONTINUOUS
10
1.93679468503937
20
1.038909842519685
11
1.9379999999999999
21
1.0391496062992125
0
LINE
8
BLACK
6
CONTINUOUS
10
1.9379999999999999
20
1.0391496062992125
11
1.998
21
1.0391496062992125
0
LINE
8
BLACK
6
CONTINUOUS
10
1.998
20
1.0391496062992125
11
1.9992053149606299
21
1.038909842519685
0
LINE
8
BLACK
6
CONTINUOUS
10
3.4307854724409448
20
1.0522846062992126
11
3.4348748425196849
21
1.0503776771653544
0
LINE
8
BLACK
6
CONTINUOUS
10
3.4348748425196849
20
1.0503776771653544
11
3.4380653937007875
21
1.047187125984252
0
LINE
8
BLACK
6
CONTINUOUS
10
3.4380653937007875
20
1.047187125984252
11
3.4399723228346457
21
1.0430977559055117
0
LINE
8
BLACK
6
CONTINUOUS
10
3.4399723228346457
20
1.0430977559055117
11
3.4404149999999998
21
1.0397351574803149
0
LINE
8
BLACK
6
CONTINUOUS
10
3.4404149999999998
20
1.0397351574803149
11
3.4404149999999998
21
1.0043020866141732
0
LINE
8
BLACK
6
CONTINUOUS
10
3.4404149999999998
20
1.0043020866141732
11
3.4399723228346457
21
1.0009394881889764
0
LINE
8
BLACK
6
CONTINUOUS
10
3.4399723228346457
20
1.0009394881889764
11
3.4380653937007875
21
0.9968501181102362
0
LINE
8
BLACK
6
CONTINUOUS
10
3.4380653937007875
20
0.9968501181102362
11
3.4348748425196849
21
0.9936595669291338
0
LINE
8
BLACK
6
CONTINUOUS
10
3.4348748425196849
20
0.9936595669291338
11
3.4307854724409448
21
0.9917526377952756
0
LINE
8
BLACK
6
CONTINUOUS
10
3.4307854724409448
20
0.9917526377952756
11
3.4274228740157477
21
0.9913099606299213
0
LINE
8
BLACK
6
CONTINUOUS
10
3.4274228740157477
20
0.9913099606299213
11
3.4067535826771653
21
0.9913099606299213
0
LINE
8
BLACK
6
CONTINUOUS
10
3.4067535826771653
20
0.9913099606299213
11
3.4033909842519683
21
0.9917526377952756
0
LINE
8
BLACK
6
CONTINUOUS
10
3.4033909842519683
20
0.9917526377952756
11
3.3993016141732282
21
0.9936595669291338
0
LINE
8
BLACK
6
CONTINUOUS
10
3.3993016141732282
20
0.9936595669291338
11
3.3961110629921261
21
0.9968501181102362
0
LINE
8
BLACK
6
CONTINUOUS
10
3.3961110629921261
20
0.9968501181102362
11
3.3942041338582678
21
1.0009394881889764
0
LINE
8
BLACK
6
CONTINUOUS
10
3.3942041338582678
20
1.0009394881889764
11
3.3937614566929133
21
1.0043020866141732
0
LINE
8
BLACK
6
CONTINUOUS
10
3.3937614566929133
20
1.0043020866141732
11
3.3937614566929133
21
1.0397351574803149
0
LINE
8
BLACK
6
CONTINUOUS
10
3.3937614566929133
20
1.0397351574803149
11
3.3942041338582678
21
1.0430977559055117
0
LINE
8
BLACK
6
CONTINUOUS
10
3.3942041338582678
20
1.0430977559055117
11
3.3961110629921261
21
1.047187125984252
0
LINE
8
BLACK
6
CONTINUOUS
10
3.3961110629921261
20
1.047187125984252
11
3.3993016141732282
21
1.0503776771653544
0
LINE
8
BLACK
6
CONTINUOUS
10
3.3993016141732282
20
1.0503776771653544
11
3.4033909842519683
21
1.0522846062992126
0
LINE
8
BLACK
6
CONTINUOUS
10
3.4033909842519683
20
1.0522846062992126
11
3.4067535826771653
21
1.0527272834645669
0
LINE
8
BLACK
6
CONTINUOUS
10
3.4067535826771653
20
1.0527272834645669
11
3.4274228740157477
21
1.0527272834645669
0
LINE
8
BLACK
6
CONTINUOUS
10
3.4274228740157477
20
1.0527272834645669
11
3.4307854724409448
21
1.0522846062992126
0
LINE
8
BLACK
6
CONTINUOUS
10
3.5026358661417323
20
1.0522846062992126
11
3.5067252362204724
21
1.0503776771653544
0
LINE
8
BLACK
6
CONTINUOUS
10
3.5067252362204724
20
1.0503776771653544
11
3.5099157874015745
21
1.047187125984252
0
LINE
8
BLACK
6
CONTINUOUS
10
3.5099157874015745
20
1.047187125984252
11
3.5118227165354332
21
1.0430977559055117
0
LINE
8
BLACK
6
CONTINUOUS
10
3.5118227165354332
20
1.0430977559055117
11
3.5122653937007873
21
1.0397351574803149
0
LINE
8
BLACK
6
CONTINUOUS
10
3.5122653937007873
20
1.0397351574803149
11
3.5122653937007873
21
1.0043020866141732
0
LINE
8
BLACK
6
CONTINUOUS
10
3.5122653937007873
20
1.0043020866141732
11
3.5118227165354332
21
1.0009394881889764
0
LINE
8
BLACK
6
CONTINUOUS
10
3.5118227165354332
20
1.0009394881889764
11
3.5099157874015745
21
0.9968501181102362
0
LINE
8
BLACK
6
CONTINUOUS
10
3.5099157874015745
20
0.9968501181102362
11
3.5067252362204724
21
0.9936595669291338
0
LINE
8
BLACK
6
CONTINUOUS
10
3.5067252362204724
20
0.9936595669291338
11
3.5026358661417323
21
0.9917526377952756
0
LINE
8
BLACK
6
CONTINUOUS
10
3.5026358661417323
20
0.9917526377952756
11
3.4992732677165352
21
0.9913099606299213
0
LINE
8
BLACK
6
CONTINUOUS
10
3.4992732677165352
20
0.9913099606299213
11
3.4786039763779528
21
0.9913099606299213
0
LINE
8
BLACK
6
CONTINUOUS
10
3.4786039763779528
20
0.9913099606299213
11
3.4752413779527558
21
0.9917526377952756
0
LINE
8
BLACK
6
CONTINUOUS
10
3.4752413779527558
20
0.9917526377952756
11
3.4711520078740157
21
0.9936595669291338
0
LINE
8
BLACK
6
CONTINUOUS
10
3.4711520078740157
20
0.9936595669291338
11
3.4679614566929131
21
0.9968501181102362
0
LINE
8
BLACK
6
CONTINUOUS
10
3.4679614566929131
20
0.9968501181102362
11
3.4660545275590549
21
1.0009394881889764
0
LINE
8
BLACK
6
CONTINUOUS
10
3.4660545275590549
20
1.0009394881889764
11
3.4656118503937008
21
1.0043020866141732
0
LINE
8
BLACK
6
CONTINUOUS
10
3.4656118503937008
20
1.0043020866141732
11
3.4656118503937008
21
1.0397351574803149
0
LINE
8
BLACK
6
CONTINUOUS
10
3.4656118503937008
20
1.0397351574803149
11
3.4660545275590549
21
1.0430977559055117
0
LINE
8
BLACK
6
CONTINUOUS
10
3.4660545275590549
20
1.0430977559055117
11
3.4679614566929131
21
1.047187125984252
0
LINE
8
BLACK
6
CONTINUOUS
10
3.4679614566929131
20
1.047187125984252
11
3.4711520078740157
21
1.0503776771653544
0
LINE
8
BLACK
6
CONTINUOUS
10
3.4711520078740157
20
1.0503776771653544
11
3.4752413779527558
21
1.0522846062992126
0
LINE
8
BLACK
6
CONTINUOUS
10
3.4752413779527558
20
1.0522846062992126
11
3.4786039763779528
21
1.0527272834645669
0
LINE
8
BLACK
6
CONTINUOUS
10
3.4786039763779528
20
1.0527272834645669
11
3.4992732677165352
21
1.0527272834645669
0
LINE
8
BLACK
6
CONTINUOUS
10
3.4992732677165352
20
1.0527272834645669
11
3.5026358661417323
21
1.0522846062992126
0
LINE
8
BLACK
6
CONTINUOUS
10
3.6032264173228348
20
1.0615365748031496
11
3.6073157874015749
21
1.0596296456692913
0
LINE
8
BLACK
6
CONTINUOUS
10
3.6073157874015749
20
1.0596296456692913
11
3.610506338582677
21
1.056439094488189
0
LINE
8
BLACK
6
CONTINUOUS
10
3.610506338582677
20
1.056439094488189
11
3.6124132677165353
21
1.0523497244094489
0
LINE
8
BLACK
6
CONTINUOUS
10
3.6124132677165353
20
1.0523497244094489
11
3.6128559448818898
21
1.048987125984252
0
LINE
8
BLACK
6
CONTINUOUS
10
3.6128559448818898
20
1.048987125984252
11
3.6128559448818898
21
1.0115855511811023
0
LINE
8
BLACK
6
CONTINUOUS
10
3.6128559448818898
20
1.0115855511811023
11
3.6124132677165353
21
1.0082229527559055
0
LINE
8
BLACK
6
CONTINUOUS
10
3.6124132677165353
20
1.0082229527559055
11
3.610506338582677
21
1.0041335826771653
0
LINE
8
BLACK
6
CONTINUOUS
10
3.610506338582677
20
1.0041335826771653
11
3.6073157874015749
21
1.000943031496063
0
LINE
8
BLACK
6
CONTINUOUS
10
3.6073157874015749
20
1.000943031496063
11
3.6032264173228348
21
0.9990361023622047
0
LINE
8
BLACK
6
CONTINUOUS
10
3.6032264173228348
20
0.9990361023622047
11
3.5998638188976377
21
0.9985934251968503
0
LINE
8
BLACK
6
CONTINUOUS
10
3.5998638188976377
20
0.9985934251968503
11
3.580178779527559
21
0.9985934251968503
0
LINE
8
BLACK
6
CONTINUOUS
10
3.580178779527559
20
0.9985934251968503
11
3.576816181102362
21
0.9990361023622047
0
LINE
8
BLACK
6
CONTINUOUS
10
3.576816181102362
20
0.9990361023622047
11
3.5727268110236219
21
1.000943031496063
0
LINE
8
BLACK
6
CONTINUOUS
10
3.5727268110236219
20
1.000943031496063
11
3.5695362598425198
21
1.0041335826771653
0
LINE
8
BLACK
6
CONTINUOUS
10
3.5695362598425198
20
1.0041335826771653
11
3.5676293307086615
21
1.0082229527559055
0
LINE
8
BLACK
6
CONTINUOUS
10
3.5676293307086615
20
1.0082229527559055
11
3.567186653543307
21
1.0115855511811023
0
LINE
8
BLACK
6
CONTINUOUS
10
3.567186653543307
20
1.0115855511811023
11
3.567186653543307
21
1.048987125984252
0
LINE
8
BLACK
6
CONTINUOUS
10
3.567186653543307
20
1.048987125984252
11
3.5676293307086615
21
1.0523497244094489
0
LINE
8
BLACK
6
CONTINUOUS
10
3.5676293307086615
20
1.0523497244094489
11
3.5695362598425198
21
1.056439094488189
0
LINE
8
BLACK
6
CONTINUOUS
10
3.5695362598425198
20
1.056439094488189
11
3.5727268110236219
21
1.0596296456692913
0
LINE
8
BLACK
6
CONTINUOUS
10
3.5727268110236219
20
1.0596296456692913
11
3.576816181102362
21
1.0615365748031496
0
LINE
8
BLACK
6
CONTINUOUS
10
3.576816181102362
20
1.0615365748031496
11
3.580178779527559
21
1.0619792519685038
0
LINE
8
BLACK
6
CONTINUOUS
10
3.580178779527559
20
1.0619792519685038
11
3.5998638188976377
21
1.0619792519685038
0
LINE
8
BLACK
6
CONTINUOUS
10
3.5998638188976377
20
1.0619792519685038
11
3.6032264173228348
21
1.0615365748031496
0
LINE
8
BLACK
6
CONTINUOUS
10
3.6780295669291339
20
1.0615365748031496
11
3.682118937007874
21
1.0596296456692913
0
LINE
8
BLACK
6
CONTINUOUS
10
3.682118937007874
20
1.0596296456692913
11
3.6853094881889761
21
1.056439094488189
0
LINE
8
BLACK
6
CONTINUOUS
10
3.6853094881889761
20
1.056439094488189
11
3.6872164173228348
21
1.0523497244094489
0
LINE
8
BLACK
6
CONTINUOUS
10
3.6872164173228348
20
1.0523497244094489
11
3.6876590944881888
21
1.048987125984252
0
LINE
8
BLACK
6
CONTINUOUS
10
3.6876590944881888
20
1.048987125984252
11
3.6876590944881888
21
1.0115855511811023
0
LINE
8
BLACK
6
CONTINUOUS
10
3.6876590944881888
20
1.0115855511811023
11
3.6872164173228348
21
1.0082229527559055
0
LINE
8
BLACK
6
CONTINUOUS
10
3.6872164173228348
20
1.0082229527559055
11
3.6853094881889761
21
1.0041335826771653
0
LINE
8
BLACK
6
CONTINUOUS
10
3.6853094881889761
20
1.0041335826771653
11
3.682118937007874
21
1.000943031496063
0
LINE
8
BLACK
6
CONTINUOUS
10
3.682118937007874
20
1.000943031496063
11
3.6780295669291339
21
0.9990361023622047
0
LINE
8
BLACK
6
CONTINUOUS
10
3.6780295669291339
20
0.9990361023622047
11
3.6746669685039368
21
0.9985934251968503
0
LINE
8
BLACK
6
CONTINUOUS
10
3.6746669685039368
20
0.9985934251968503
11
3.6549819291338581
21
0.9985934251968503
0
LINE
8
BLACK
6
CONTINUOUS
10
3.6549819291338581
20
0.9985934251968503
11
3.6516193307086615
21
0.9990361023622047
0
LINE
8
BLACK
6
CONTINUOUS
10
3.6516193307086615
20
0.9990361023622047
11
3.647529960629921
21
1.000943031496063
0
LINE
8
BLACK
6
CONTINUOUS
10
3.647529960629921
20
1.000943031496063
11
3.6443394094488188
21
1.0041335826771653
0
LINE
8
BLACK
6
CONTINUOUS
10
3.6443394094488188
20
1.0041335826771653
11
3.6424324803149606
21
1.0082229527559055
0
LINE
8
BLACK
6
CONTINUOUS
10
3.6424324803149606
20
1.0082229527559055
11
3.6419898031496061
21
1.0115855511811023
0
LINE
8
BLACK
6
CONTINUOUS
10
3.6419898031496061
20
1.0115855511811023
11
3.6419898031496061
21
1.048987125984252
0
LINE
8
BLACK
6
CONTINUOUS
10
3.6419898031496061
20
1.048987125984252
11
3.6424324803149606
21
1.0523497244094489
0
LINE
8
BLACK
6
CONTINUOUS
10
3.6424324803149606
20
1.0523497244094489
11
3.6443394094488188
21
1.056439094488189
0
LINE
8
BLACK
6
CONTINUOUS
10
3.6443394094488188
20
1.056439094488189
11
3.647529960629921
21
1.0596296456692913
0
LINE
8
BLACK
6
CONTINUOUS
10
3.647529960629921
20
1.0596296456692913
11
3.6516193307086615
21
1.0615365748031496
0
LINE
8
BLACK
6
CONTINUOUS
10
3.6516193307086615
20
1.0615365748031496
11
3.6549819291338581
21
1.0619792519685038
0
LINE
8
BLACK
6
CONTINUOUS
10
3.6549819291338581
20
1.0619792519685038
11
3.6746669685039368
21
1.0619792519685038
0
LINE
8
BLACK
6
CONTINUOUS
10
3.6746669685039368
20
1.0619792519685038
11
3.6780295669291339
21
1.0615365748031496
0
LINE
8
BLACK
6
CONTINUOUS
10
1.2955517716535432
20
1.0680279527559056
11
1.2965735826771654
21
1.0673452362204725
0
LINE
8
BLACK
6
CONTINUOUS
10
1.2965735826771654
20
1.0673452362204725
11
1.2972562992125984
21
1.0663234251968503
0
LINE
8
BLACK
6
CONTINUOUS
10
1.2972562992125984
20
1.0663234251968503
11
1.2974960629921259
21
1.0651181102362204
0
LINE
8
BLACK
6
CONTINUOUS
10
1.2974960629921259
20
1.0651181102362204
11
1.2974960629921259
21
1.0060629921259843
0
LINE
8
BLACK
6
CONTINUOUS
10
1.2974960629921259
20
1.0060629921259843
11
1.2972562992125984
21
1.0048576771653543
0
LINE
8
BLACK
6
CONTINUOUS
10
1.2972562992125984
20
1.0048576771653543
11
1.2965735826771654
21
1.0038358661417324
0
LINE
8
BLACK
6
CONTINUOUS
10
1.2965735826771654
20
1.0038358661417324
11
1.2955517716535432
21
1.0031531496062991
0
LINE
8
BLACK
6
CONTINUOUS
10
1.2955517716535432
20
1.0031531496062991
11
1.2943464566929133
21
1.0029133858267716
0
LINE
8
BLACK
6
CONTINUOUS
10
1.2943464566929133
20
1.0029133858267716
11
1.2726929133858267
21
1.0029133858267716
0
LINE
8
BLACK
6
CONTINUOUS
10
1.2726929133858267
20
1.0029133858267716
11
1.2714875984251968
21
1.0031531496062991
0
LINE
8
BLACK
6
CONTINUOUS
10
1.2714875984251968
20
1.0031531496062991
11
1.2704657874015748
21
1.0038358661417324
0
LINE
8
BLACK
6
CONTINUOUS
10
1.2704657874015748
20
1.0038358661417324
11
1.2697830708661417
21
1.0048576771653543
0
LINE
8
BLACK
6
CONTINUOUS
10
1.2697830708661417
20
1.0048576771653543
11
1.2695433070866142
21
1.0060629921259843
0
LINE
8
BLACK
6
CONTINUOUS
10
1.2695433070866142
20
1.0060629921259843
11
1.2695433070866142
21
1.0651181102362204
0
LINE
8
BLACK
6
CONTINUOUS
10
1.2695433070866142
20
1.0651181102362204
11
1.2697830708661417
21
1.0663234251968503
0
LINE
8
BLACK
6
CONTINUOUS
10
1.2697830708661417
20
1.0663234251968503
11
1.2704657874015748
21
1.0673452362204725
0
LINE
8
BLACK
6
CONTINUOUS
10
1.2704657874015748
20
1.0673452362204725
11
1.2714875984251968
21
1.0680279527559056
0
LINE
8
BLACK
6
CONTINUOUS
10
1.2714875984251968
20
1.0680279527559056
11
1.2726929133858267
21
1.0682677165354331
0
LINE
8
BLACK
6
CONTINUOUS
10
1.2726929133858267
20
1.0682677165354331
11
1.2943464566929133
21
1.0682677165354331
0
LINE
8
BLACK
6
CONTINUOUS
10
1.2943464566929133
20
1.0682677165354331
11
1.2955517716535432
21
1.0680279527559056
0
LINE
8
BLACK
6
CONTINUOUS
10
1.3270478346456693
20
1.0680279527559056
11
1.3280696456692913
21
1.0673452362204725
0
LINE
8
BLACK
6
CONTINUOUS
10
1.3280696456692913
20
1.0673452362204725
11
1.3287523622047244
21
1.0663234251968503
0
LINE
8
BLACK
6
CONTINUOUS
10
1.3287523622047244
20
1.0663234251968503
11
1.3289921259842519
21
1.0651181102362204
0
LINE
8
BLACK
6
CONTINUOUS
10
1.3289921259842519
20
1.0651181102362204
11
1.3289921259842519
21
1.0060629921259843
0
LINE
8
BLACK
6
CONTINUOUS
10
1.3289921259842519
20
1.0060629921259843
11
1.3287523622047244
21
1.0048576771653543
0
LINE
8
BLACK
6
CONTINUOUS
10
1.3287523622047244
20
1.0048576771653543
11
1.3280696456692913
21
1.0038358661417324
0
LINE
8
BLACK
6
CONTINUOUS
10
1.3280696456692913
20
1.0038358661417324
11
1.3270478346456693
21
1.0031531496062991
0
LINE
8
BLACK
6
CONTINUOUS
10
1.3270478346456693
20
1.0031531496062991
11
1.3258425196850394
21
1.0029133858267716
0
LINE
8
BLACK
6
CONTINUOUS
10
1.3258425196850394
20
1.0029133858267716
11
1.3041889763779528
21
1.0029133858267716
0
LINE
8
BLACK
6
CONTINUOUS
10
1.3041889763779528
20
1.0029133858267716
11
1.3029836614173229
21
1.0031531496062991
0
LINE
8
BLACK
6
CONTINUOUS
10
1.3029836614173229
20
1.0031531496062991
11
1.3019618503937007
21
1.0038358661417324
0
LINE
8
BLACK
6
CONTINUOUS
10
1.3019618503937007
20
1.0038358661417324
11
1.3012791338582677
21
1.0048576771653543
0
LINE
8
BLACK
6
CONTINUOUS
10
1.3012791338582677
20
1.0048576771653543
11
1.3010393700787402
21
1.0060629921259843
0
LINE
8
BLACK
6
CONTINUOUS
10
1.3010393700787402
20
1.0060629921259843
11
1.3010393700787402
21
1.0651181102362204
0
LINE
8
BLACK
6
CONTINUOUS
10
1.3010393700787402
20
1.0651181102362204
11
1.3012791338582677
21
1.0663234251968503
0
LINE
8
BLACK
6
CONTINUOUS
10
1.3012791338582677
20
1.0663234251968503
11
1.3019618503937007
21
1.0673452362204725
0
LINE
8
BLACK
6
CONTINUOUS
10
1.3019618503937007
20
1.0673452362204725
11
1.3029836614173229
21
1.0680279527559056
0
LINE
8
BLACK
6
CONTINUOUS
10
1.3029836614173229
20
1.0680279527559056
11
1.3041889763779528
21
1.0682677165354331
0
LINE
8
BLACK
6
CONTINUOUS
10
1.3041889763779528
20
1.0682677165354331
11
1.3258425196850394
21
1.0682677165354331
0
LINE
8
BLACK
6
CONTINUOUS
10
1.3258425196850394
20
1.0682677165354331
11
1.3270478346456693
21
1.0680279527559056
0
LINE
8
BLACK
6
CONTINUOUS
10
1.3585438976377953
20
1.0680279527559056
11
1.3595657086614172
21
1.0673452362204725
0
LINE
8
BLACK
6
CONTINUOUS
10
1.3595657086614172
20
1.0673452362204725
11
1.3602484251968503
21
1.0663234251968503
0
LINE
8
BLACK
6
CONTINUOUS
10
1.3602484251968503
20
1.0663234251968503
11
1.360488188976378
21
1.0651181102362204
0
LINE
8
BLACK
6
CONTINUOUS
10
1.360488188976378
20
1.0651181102362204
11
1.360488188976378
21
1.0060629921259843
0
LINE
8
BLACK
6
CONTINUOUS
10
1.360488188976378
20
1.0060629921259843
11
1.3602484251968503
21
1.0048576771653543
0
LINE
8
BLACK
6
CONTINUOUS
10
1.3602484251968503
20
1.0048576771653543
11
1.3595657086614172
21
1.0038358661417324
0
LINE
8
BLACK
6
CONTINUOUS
10
1.3595657086614172
20
1.0038358661417324
11
1.3585438976377953
21
1.0031531496062991
0
LINE
8
BLACK
6
CONTINUOUS
10
1.3585438976377953
20
1.0031531496062991
11
1.3573385826771653
21
1.0029133858267716
0
LINE
8
BLACK
6
CONTINUOUS
10
1.3573385826771653
20
1.0029133858267716
11
1.3356850393700788
21
1.0029133858267716
0
LINE
8
BLACK
6
CONTINUOUS
10
1.3356850393700788
20
1.0029133858267716
11
1.3344797244094488
21
1.0031531496062991
0
LINE
8
BLACK
6
CONTINUOUS
10
1.3344797244094488
20
1.0031531496062991
11
1.3334579133858266
21
1.0038358661417324
0
LINE
8
BLACK
6
CONTINUOUS
10
1.3334579133858266
20
1.0038358661417324
11
1.3327751968503936
21
1.0048576771653543
0
LINE
8
BLACK
6
CONTINUOUS
10
1.3327751968503936
20
1.0048576771653543
11
1.3325354330708661
21
1.0060629921259843
0
LINE
8
BLACK
6
CONTINUOUS
10
1.3325354330708661
20
1.0060629921259843
11
1.3325354330708661
21
1.0651181102362204
0
LINE
8
BLACK
6
CONTINUOUS
10
1.3325354330708661
20
1.0651181102362204
11
1.3327751968503936
21
1.0663234251968503
0
LINE
8
BLACK
6
CONTINUOUS
10
1.3327751968503936
20
1.0663234251968503
11
1.3334579133858266
21
1.0673452362204725
0
LINE
8
BLACK
6
CONTINUOUS
10
1.3334579133858266
20
1.0673452362204725
11
1.3344797244094488
21
1.0680279527559056
0
LINE
8
BLACK
6
CONTINUOUS
10
1.3344797244094488
20
1.0680279527559056
11
1.3356850393700788
21
1.0682677165354331
0
LINE
8
BLACK
6
CONTINUOUS
10
1.3356850393700788
20
1.0682677165354331
11
1.3573385826771653
21
1.0682677165354331
0
LINE
8
BLACK
6
CONTINUOUS
10
1.3573385826771653
20
1.0682677165354331
11
1.3585438976377953
21
1.0680279527559056
0
LINE
8
BLACK
6
CONTINUOUS
10
1.3900399606299212
20
1.0680279527559056
11
1.3910617716535432
21
1.0673452362204725
0
LINE
8
BLACK
6
CONTINUOUS
10
1.3910617716535432
20
1.0673452362204725
11
1.3917444881889764
21
1.0663234251968503
0
LINE
8
BLACK
6
CONTINUOUS
10
1.3917444881889764
20
1.0663234251968503
11
1.3919842519685039
21
1.0651181102362204
0
LINE
8
BLACK
6
CONTINUOUS
10
1.3919842519685039
20
1.0651181102362204
11
1.3919842519685039
21
1.0060629921259843
0
LINE
8
BLACK
6
CONTINUOUS
10
1.3919842519685039
20
1.0060629921259843
11
1.3917444881889764
21
1.0048576771653543
0
LINE
8
BLACK
6
CONTINUOUS
10
1.3917444881889764
20
1.0048576771653543
11
1.3910617716535432
21
1.0038358661417324
0
LINE
8
BLACK
6
CONTINUOUS
10
1.3910617716535432
20
1.0038358661417324
11
1.3900399606299212
21
1.0031531496062991
0
LINE
8
BLACK
6
CONTINUOUS
10
1.3900399606299212
20
1.0031531496062991
11
1.3888346456692913
21
1.0029133858267716
0
LINE
8
BLACK
6
CONTINUOUS
10
1.3888346456692913
20
1.0029133858267716
11
1.3671811023622047
21
1.0029133858267716
0
LINE
8
BLACK
6
CONTINUOUS
10
1.3671811023622047
20
1.0029133858267716
11
1.3659757874015748
21
1.0031531496062991
0
LINE
8
BLACK
6
CONTINUOUS
10
1.3659757874015748
20
1.0031531496062991
11
1.3649539763779528
21
1.0038358661417324
0
LINE
8
BLACK
6
CONTINUOUS
10
1.3649539763779528
20
1.0038358661417324
11
1.3642712598425197
21
1.0048576771653543
0
LINE
8
BLACK
6
CONTINUOUS
10
1.3642712598425197
20
1.0048576771653543
11
1.364031496062992
21
1.0060629921259843
0
LINE
8
BLACK
6
CONTINUOUS
10
1.364031496062992
20
1.0060629921259843
11
1.364031496062992
21
1.0651181102362204
0
LINE
8
BLACK
6
CONTINUOUS
10
1.364031496062992
20
1.0651181102362204
11
1.3642712598425197
21
1.0663234251968503
0
LINE
8
BLACK
6
CONTINUOUS
10
1.3642712598425197
20
1.0663234251968503
11
1.3649539763779528
21
1.0673452362204725
0
LINE
8
BLACK
6
CONTINUOUS
10
1.3649539763779528
20
1.0673452362204725
11
1.3659757874015748
21
1.0680279527559056
0
LINE
8
BLACK
6
CONTINUOUS
10
1.3659757874015748
20
1.0680279527559056
11
1.3671811023622047
21
1.0682677165354331
0
LINE
8
BLACK
6
CONTINUOUS
10
1.3671811023622047
20
1.0682677165354331
11
1.3888346456692913
21
1.0682677165354331
0
LINE
8
BLACK
6
CONTINUOUS
10
1.3888346456692913
20
1.0682677165354331
11
1.3900399606299212
21
1.0680279527559056
0
LINE
8
BLACK
6
CONTINUOUS
10
1.4215360236220471
20
1.0680279527559056
11
1.4225578346456693
21
1.0673452362204725
0
LINE
8
BLACK
6
CONTINUOUS
10
1.4225578346456693
20
1.0673452362204725
11
1.4232405511811024
21
1.0663234251968503
0
LINE
8
BLACK
6
CONTINUOUS
10
1.4232405511811024
20
1.0663234251968503
11
1.4234803149606299
21
1.0651181102362204
0
LINE
8
BLACK
6
CONTINUOUS
10
1.4234803149606299
20
1.0651181102362204
11
1.4234803149606299
21
1.0060629921259843
0
LINE
8
BLACK
6
CONTINUOUS
10
1.4234803149606299
20
1.0060629921259843
11
1.4232405511811024
21
1.0048576771653543
0
LINE
8
BLACK
6
CONTINUOUS
10
1.4232405511811024
20
1.0048576771653543
11
1.4225578346456693
21
1.0038358661417324
0
LINE
8
BLACK
6
CONTINUOUS
10
1.4225578346456693
20
1.0038358661417324
11
1.4215360236220471
21
1.0031531496062991
0
LINE
8
BLACK
6
CONTINUOUS
10
1.4215360236220471
20
1.0031531496062991
11
1.4203307086614172
21
1.0029133858267716
0
LINE
8
BLACK
6
CONTINUOUS
10
1.4203307086614172
20
1.0029133858267716
11
1.3986771653543306
21
1.0029133858267716
0
LINE
8
BLACK
6
CONTINUOUS
10
1.3986771653543306
20
1.0029133858267716
11
1.3974718503937007
21
1.0031531496062991
0
LINE
8
BLACK
6
CONTINUOUS
10
1.3974718503937007
20
1.0031531496062991
11
1.3964500393700787
21
1.0038358661417324
0
LINE
8
BLACK
6
CONTINUOUS
10
1.3964500393700787
20
1.0038358661417324
11
1.3957673228346457
21
1.0048576771653543
0
LINE
8
BLACK
6
CONTINUOUS
10
1.3957673228346457
20
1.0048576771653543
11
1.3955275590551182
21
1.0060629921259843
0
LINE
8
BLACK
6
CONTINUOUS
10
1.3955275590551182
20
1.0060629921259843
11
1.3955275590551182
21
1.0651181102362204
0
LINE
8
BLACK
6
CONTINUOUS
10
1.3955275590551182
20
1.0651181102362204
11
1.3957673228346457
21
1.0663234251968503
0
LINE
8
BLACK
6
CONTINUOUS
10
1.3957673228346457
20
1.0663234251968503
11
1.3964500393700787
21
1.0673452362204725
0
LINE
8
BLACK
6
CONTINUOUS
10
1.3964500393700787
20
1.0673452362204725
11
1.3974718503937007
21
1.0680279527559056
0
LINE
8
BLACK
6
CONTINUOUS
10
1.3974718503937007
20
1.0680279527559056
11
1.3986771653543306
21
1.0682677165354331
0
LINE
8
BLACK
6
CONTINUOUS
10
1.3986771653543306
20
1.0682677165354331
11
1.4203307086614172
21
1.0682677165354331
0
LINE
8
BLACK
6
CONTINUOUS
10
1.4203307086614172
20
1.0682677165354331
11
1.4215360236220471
21
1.0680279527559056
0
LINE
8
BLACK
6
CONTINUOUS
10
1.4530320866141733
20
1.0680279527559056
11
1.4540538976377952
21
1.0673452362204725
0
LINE
8
BLACK
6
CONTINUOUS
10
1.4540538976377952
20
1.0673452362204725
11
1.4547366141732283
21
1.0663234251968503
0
LINE
8
BLACK
6
CONTINUOUS
10
1.4547366141732283
20
1.0663234251968503
11
1.4549763779527558
21
1.0651181102362204
0
LINE
8
BLACK
6
CONTINUOUS
10
1.4549763779527558
20
1.0651181102362204
11
1.4549763779527558
21
1.0060629921259843
0
LINE
8
BLACK
6
CONTINUOUS
10
1.4549763779527558
20
1.0060629921259843
11
1.4547366141732283
21
1.0048576771653543
0
LINE
8
BLACK
6
CONTINUOUS
10
1.4547366141732283
20
1.0048576771653543
11
1.4540538976377952
21
1.0038358661417324
0
LINE
8
BLACK
6
CONTINUOUS
10
1.4540538976377952
20
1.0038358661417324
11
1.4530320866141733
21
1.0031531496062991
0
LINE
8
BLACK
6
CONTINUOUS
10
1.4530320866141733
20
1.0031531496062991
11
1.4518267716535433
21
1.0029133858267716
0
LINE
8
BLACK
6
CONTINUOUS
10
1.4518267716535433
20
1.0029133858267716
11
1.4301732283464568
21
1.0029133858267716
0
LINE
8
BLACK
6
CONTINUOUS
10
1.4301732283464568
20
1.0029133858267716
11
1.4289679133858268
21
1.0031531496062991
0
LINE
8
BLACK
6
CONTINUOUS
10
1.4289679133858268
20
1.0031531496062991
11
1.4279461023622047
21
1.0038358661417324
0
LINE
8
BLACK
6
CONTINUOUS
10
1.4279461023622047
20
1.0038358661417324
11
1.4272633858267716
21
1.0048576771653543
0
LINE
8
BLACK
6
CONTINUOUS
10
1.4272633858267716
20
1.0048576771653543
11
1.4270236220472441
21
1.0060629921259843
0
LINE
8
BLACK
6
CONTINUOUS
10
1.4270236220472441
20
1.0060629921259843
11
1.4270236220472441
21
1.0651181102362204
0
LINE
8
BLACK
6
CONTINUOUS
10
1.4270236220472441
20
1.0651181102362204
11
1.4272633858267716
21
1.0663234251968503
0
LINE
8
BLACK
6
CONTINUOUS
10
1.4272633858267716
20
1.0663234251968503
11
1.4279461023622047
21
1.0673452362204725
0
LINE
8
BLACK
6
CONTINUOUS
10
1.4279461023622047
20
1.0673452362204725
11
1.4289679133858268
21
1.0680279527559056
0
LINE
8
BLACK
6
CONTINUOUS
10
1.4289679133858268
20
1.0680279527559056
11
1.4301732283464568
21
1.0682677165354331
0
LINE
8
BLACK
6
CONTINUOUS
10
1.4301732283464568
20
1.0682677165354331
11
1.4518267716535433
21
1.0682677165354331
0
LINE
8
BLACK
6
CONTINUOUS
10
1.4518267716535433
20
1.0682677165354331
11
1.4530320866141733
21
1.0680279527559056
0
LINE
8
BLACK
6
CONTINUOUS
10
1.4845281496062992
20
1.0680279527559056
11
1.4855499606299212
21
1.0673452362204725
0
LINE
8
BLACK
6
CONTINUOUS
10
1.4855499606299212
20
1.0673452362204725
11
1.4862326771653542
21
1.0663234251968503
0
LINE
8
BLACK
6
CONTINUOUS
10
1.4862326771653542
20
1.0663234251968503
11
1.486472440944882
21
1.0651181102362204
0
LINE
8
BLACK
6
CONTINUOUS
10
1.486472440944882
20
1.0651181102362204
11
1.486472440944882
21
1.0060629921259843
0
LINE
8
BLACK
6
CONTINUOUS
10
1.486472440944882
20
1.0060629921259843
11
1.4862326771653542
21
1.0048576771653543
0
LINE
8
BLACK
6
CONTINUOUS
10
1.4862326771653542
20
1.0048576771653543
11
1.4855499606299212
21
1.0038358661417324
0
LINE
8
BLACK
6
CONTINUOUS
10
1.4855499606299212
20
1.0038358661417324
11
1.4845281496062992
21
1.0031531496062991
0
LINE
8
BLACK
6
CONTINUOUS
10
1.4845281496062992
20
1.0031531496062991
11
1.4833228346456693
21
1.0029133858267716
0
LINE
8
BLACK
6
CONTINUOUS
10
1.4833228346456693
20
1.0029133858267716
11
1.4616692913385827
21
1.0029133858267716
0
LINE
8
BLACK
6
CONTINUOUS
10
1.4616692913385827
20
1.0029133858267716
11
1.4604639763779528
21
1.0031531496062991
0
LINE
8
BLACK
6
CONTINUOUS
10
1.4604639763779528
20
1.0031531496062991
11
1.4594421653543306
21
1.0038358661417324
0
LINE
8
BLACK
6
CONTINUOUS
10
1.4594421653543306
20
1.0038358661417324
11
1.4587594488188975
21
1.0048576771653543
0
LINE
8
BLACK
6
CONTINUOUS
10
1.4587594488188975
20
1.0048576771653543
11
1.45851968503937
21
1.0060629921259843
0
LINE
8
BLACK
6
CONTINUOUS
10
1.45851968503937
20
1.0060629921259843
11
1.45851968503937
21
1.0651181102362204
0
LINE
8
BLACK
6
CONTINUOUS
10
1.45851968503937
20
1.0651181102362204
11
1.4587594488188975
21
1.0663234251968503
0
LINE
8
BLACK
6
CONTINUOUS
10
1.4587594488188975
20
1.0663234251968503
11
1.4594421653543306
21
1.0673452362204725
0
LINE
8
BLACK
6
CONTINUOUS
10
1.4594421653543306
20
1.0673452362204725
11
1.4604639763779528
21
1.0680279527559056
0
LINE
8
BLACK
6
CONTINUOUS
10
1.4604639763779528
20
1.0680279527559056
11
1.4616692913385827
21
1.0682677165354331
0
LINE
8
BLACK
6
CONTINUOUS
10
1.4616692913385827
20
1.0682677165354331
11
1.4833228346456693
21
1.0682677165354331
0
LINE
8
BLACK
6
CONTINUOUS
10
1.4833228346456693
20
1.0682677165354331
11
1.4845281496062992
21
1.0680279527559056
0
LINE
8
BLACK
6
CONTINUOUS
10
1.5160242125984251
20
1.0680279527559056
11
1.5170460236220471
21
1.0673452362204725
0
LINE
8
BLACK
6
CONTINUOUS
10
1.5170460236220471
20
1.0673452362204725
11
1.5177287401574804
21
1.0663234251968503
0
LINE
8
BLACK
6
CONTINUOUS
10
1.5177287401574804
20
1.0663234251968503
11
1.5179685039370079
21
1.0651181102362204
0
LINE
8
BLACK
6
CONTINUOUS
10
1.5179685039370079
20
1.0651181102362204
11
1.5179685039370079
21
1.0060629921259843
0
LINE
8
BLACK
6
CONTINUOUS
10
1.5179685039370079
20
1.0060629921259843
11
1.5177287401574804
21
1.0048576771653543
0
LINE
8
BLACK
6
CONTINUOUS
10
1.5177287401574804
20
1.0048576771653543
11
1.5170460236220471
21
1.0038358661417324
0
LINE
8
BLACK
6
CONTINUOUS
10
1.5170460236220471
20
1.0038358661417324
11
1.5160242125984251
21
1.0031531496062991
0
LINE
8
BLACK
6
CONTINUOUS
10
1.5160242125984251
20
1.0031531496062991
11
1.5148188976377952
21
1.0029133858267716
0
LINE
8
BLACK
6
CONTINUOUS
10
1.5148188976377952
20
1.0029133858267716
11
1.4931653543307086
21
1.0029133858267716
0
LINE
8
BLACK
6
CONTINUOUS
10
1.4931653543307086
20
1.0029133858267716
11
1.4919600393700787
21
1.0031531496062991
0
LINE
8
BLACK
6
CONTINUOUS
10
1.4919600393700787
20
1.0031531496062991
11
1.4909382283464567
21
1.0038358661417324
0
LINE
8
BLACK
6
CONTINUOUS
10
1.4909382283464567
20
1.0038358661417324
11
1.4902555118110237
21
1.0048576771653543
0
LINE
8
BLACK
6
CONTINUOUS
10
1.4902555118110237
20
1.0048576771653543
11
1.4900157480314959
21
1.0060629921259843
0
LINE
8
BLACK
6
CONTINUOUS
10
1.4900157480314959
20
1.0060629921259843
11
1.4900157480314959
21
1.0651181102362204
0
LINE
8
BLACK
6
CONTINUOUS
10
1.4900157480314959
20
1.0651181102362204
11
1.4902555118110237
21
1.0663234251968503
0
LINE
8
BLACK
6
CONTINUOUS
10
1.4902555118110237
20
1.0663234251968503
11
1.4909382283464567
21
1.0673452362204725
0
LINE
8
BLACK
6
CONTINUOUS
10
1.4909382283464567
20
1.0673452362204725
11
1.4919600393700787
21
1.0680279527559056
0
LINE
8
BLACK
6
CONTINUOUS
10
1.4919600393700787
20
1.0680279527559056
11
1.4931653543307086
21
1.0682677165354331
0
LINE
8
BLACK
6
CONTINUOUS
10
1.4931653543307086
20
1.0682677165354331
11
1.5148188976377952
21
1.0682677165354331
0
LINE
8
BLACK
6
CONTINUOUS
10
1.5148188976377952
20
1.0682677165354331
11
1.5160242125984251
21
1.0680279527559056
0
LINE
8
BLACK
6
CONTINUOUS
10
1.5475202755905511
20
1.0680279527559056
11
1.5485420866141733
21
1.0673452362204725
0
LINE
8
BLACK
6
CONTINUOUS
10
1.5485420866141733
20
1.0673452362204725
11
1.5492248031496063
21
1.0663234251968503
0
LINE
8
BLACK
6
CONTINUOUS
10
1.5492248031496063
20
1.0663234251968503
11
1.5494645669291338
21
1.0651181102362204
0
LINE
8
BLACK
6
CONTINUOUS
10
1.5494645669291338
20
1.0651181102362204
11
1.5494645669291338
21
1.0060629921259843
0
LINE
8
BLACK
6
CONTINUOUS
10
1.5494645669291338
20
1.0060629921259843
11
1.5492248031496063
21
1.0048576771653543
0
LINE
8
BLACK
6
CONTINUOUS
10
1.5492248031496063
20
1.0048576771653543
11
1.5485420866141733
21
1.0038358661417324
0
LINE
8
BLACK
6
CONTINUOUS
10
1.5485420866141733
20
1.0038358661417324
11
1.5475202755905511
21
1.0031531496062991
0
LINE
8
BLACK
6
CONTINUOUS
10
1.5475202755905511
20
1.0031531496062991
11
1.5463149606299211
21
1.0029133858267716
0
LINE
8
BLACK
6
CONTINUOUS
10
1.5463149606299211
20
1.0029133858267716
11
1.5246614173228346
21
1.0029133858267716
0
LINE
8
BLACK
6
CONTINUOUS
10
1.5246614173228346
20
1.0029133858267716
11
1.5234561023622046
21
1.0031531496062991
0
LINE
8
BLACK
6
CONTINUOUS
10
1.5234561023622046
20
1.0031531496062991
11
1.5224342913385827
21
1.0038358661417324
0
LINE
8
BLACK
6
CONTINUOUS
10
1.5224342913385827
20
1.0038358661417324
11
1.5217515748031496
21
1.0048576771653543
0
LINE
8
BLACK
6
CONTINUOUS
10
1.5217515748031496
20
1.0048576771653543
11
1.5215118110236221
21
1.0060629921259843
0
LINE
8
BLACK
6
CONTINUOUS
10
1.5215118110236221
20
1.0060629921259843
11
1.5215118110236221
21
1.0651181102362204
0
LINE
8
BLACK
6
CONTINUOUS
10
1.5215118110236221
20
1.0651181102362204
11
1.5217515748031496
21
1.0663234251968503
0
LINE
8
BLACK
6
CONTINUOUS
10
1.5217515748031496
20
1.0663234251968503
11
1.5224342913385827
21
1.0673452362204725
0
LINE
8
BLACK
6
CONTINUOUS
10
1.5224342913385827
20
1.0673452362204725
11
1.5234561023622046
21
1.0680279527559056
0
LINE
8
BLACK
6
CONTINUOUS
10
1.5234561023622046
20
1.0680279527559056
11
1.5246614173228346
21
1.0682677165354331
0
LINE
8
BLACK
6
CONTINUOUS
10
1.5246614173228346
20
1.0682677165354331
11
1.5463149606299211
21
1.0682677165354331
0
LINE
8
BLACK
6
CONTINUOUS
10
1.5463149606299211
20
1.0682677165354331
11
1.5475202755905511
21
1.0680279527559056
0
LINE
8
BLACK
6
CONTINUOUS
10
1.5790163385826772
20
1.0680279527559056
11
1.5800381496062992
21
1.0673452362204725
0
LINE
8
BLACK
6
CONTINUOUS
10
1.5800381496062992
20
1.0673452362204725
11
1.5807208661417322
21
1.0663234251968503
0
LINE
8
BLACK
6
CONTINUOUS
10
1.5807208661417322
20
1.0663234251968503
11
1.5809606299212597
21
1.0651181102362204
0
LINE
8
BLACK
6
CONTINUOUS
10
1.5809606299212597
20
1.0651181102362204
11
1.5809606299212597
21
1.0060629921259843
0
LINE
8
BLACK
6
CONTINUOUS
10
1.5809606299212597
20
1.0060629921259843
11
1.5807208661417322
21
1.0048576771653543
0
LINE
8
BLACK
6
CONTINUOUS
10
1.5807208661417322
20
1.0048576771653543
11
1.5800381496062992
21
1.0038358661417324
0
LINE
8
BLACK
6
CONTINUOUS
10
1.5800381496062992
20
1.0038358661417324
11
1.5790163385826772
21
1.0031531496062991
0
LINE
8
BLACK
6
CONTINUOUS
10
1.5790163385826772
20
1.0031531496062991
11
1.5778110236220473
21
1.0029133858267716
0
LINE
8
BLACK
6
CONTINUOUS
10
1.5778110236220473
20
1.0029133858267716
11
1.5561574803149605
21
1.0029133858267716
0
LINE
8
BLACK
6
CONTINUOUS
10
1.5561574803149605
20
1.0029133858267716
11
1.5549521653543308
21
1.0031531496062991
0
LINE
8
BLACK
6
CONTINUOUS
10
1.5549521653543308
20
1.0031531496062991
11
1.5539303543307086
21
1.0038358661417324
0
LINE
8
BLACK
6
CONTINUOUS
10
1.5539303543307086
20
1.0038358661417324
11
1.5532476377952755
21
1.0048576771653543
0
LINE
8
BLACK
6
CONTINUOUS
10
1.5532476377952755
20
1.0048576771653543
11
1.553007874015748
21
1.0060629921259843
0
LINE
8
BLACK
6
CONTINUOUS
10
1.553007874015748
20
1.0060629921259843
11
1.553007874015748
21
1.0651181102362204
0
LINE
8
BLACK
6
CONTINUOUS
10
1.553007874015748
20
1.0651181102362204
11
1.5532476377952755
21
1.0663234251968503
0
LINE
8
BLACK
6
CONTINUOUS
10
1.5532476377952755
20
1.0663234251968503
11
1.5539303543307086
21
1.0673452362204725
0
LINE
8
BLACK
6
CONTINUOUS
10
1.5539303543307086
20
1.0673452362204725
11
1.5549521653543308
21
1.0680279527559056
0
LINE
8
BLACK
6
CONTINUOUS
10
1.5549521653543308
20
1.0680279527559056
11
1.5561574803149605
21
1.0682677165354331
0
LINE
8
BLACK
6
CONTINUOUS
10
1.5561574803149605
20
1.0682677165354331
11
1.5778110236220473
21
1.0682677165354331
0
LINE
8
BLACK
6
CONTINUOUS
10
1.5778110236220473
20
1.0682677165354331
11
1.5790163385826772
21
1.0680279527559056
0
LINE
8
BLACK
6
CONTINUOUS
10
1.6105124015748031
20
1.0680279527559056
11
1.6115342125984251
21
1.0673452362204725
0
LINE
8
BLACK
6
CONTINUOUS
10
1.6115342125984251
20
1.0673452362204725
11
1.6122169291338582
21
1.0663234251968503
0
LINE
8
BLACK
6
CONTINUOUS
10
1.6122169291338582
20
1.0663234251968503
11
1.6124566929133859
21
1.0651181102362204
0
LINE
8
BLACK
6
CONTINUOUS
10
1.6124566929133859
20
1.0651181102362204
11
1.6124566929133859
21
1.0060629921259843
0
LINE
8
BLACK
6
CONTINUOUS
10
1.6124566929133859
20
1.0060629921259843
11
1.6122169291338582
21
1.0048576771653543
0
LINE
8
BLACK
6
CONTINUOUS
10
1.6122169291338582
20
1.0048576771653543
11
1.6115342125984251
21
1.0038358661417324
0
LINE
8
BLACK
6
CONTINUOUS
10
1.6115342125984251
20
1.0038358661417324
11
1.6105124015748031
21
1.0031531496062991
0
LINE
8
BLACK
6
CONTINUOUS
10
1.6105124015748031
20
1.0031531496062991
11
1.6093070866141732
21
1.0029133858267716
0
LINE
8
BLACK
6
CONTINUOUS
10
1.6093070866141732
20
1.0029133858267716
11
1.5876535433070866
21
1.0029133858267716
0
LINE
8
BLACK
6
CONTINUOUS
10
1.5876535433070866
20
1.0029133858267716
11
1.5864482283464567
21
1.0031531496062991
0
LINE
8
BLACK
6
CONTINUOUS
10
1.5864482283464567
20
1.0031531496062991
11
1.5854264173228345
21
1.0038358661417324
0
LINE
8
BLACK
6
CONTINUOUS
10
1.5854264173228345
20
1.0038358661417324
11
1.5847437007874015
21
1.0048576771653543
0
LINE
8
BLACK
6
CONTINUOUS
10
1.5847437007874015
20
1.0048576771653543
11
1.584503937007874
21
1.0060629921259843
0
LINE
8
BLACK
6
CONTINUOUS
10
1.584503937007874
20
1.0060629921259843
11
1.584503937007874
21
1.0651181102362204
0
LINE
8
BLACK
6
CONTINUOUS
10
1.584503937007874
20
1.0651181102362204
11
1.5847437007874015
21
1.0663234251968503
0
LINE
8
BLACK
6
CONTINUOUS
10
1.5847437007874015
20
1.0663234251968503
11
1.5854264173228345
21
1.0673452362204725
0
LINE
8
BLACK
6
CONTINUOUS
10
1.5854264173228345
20
1.0673452362204725
11
1.5864482283464567
21
1.0680279527559056
0
LINE
8
BLACK
6
CONTINUOUS
10
1.5864482283464567
20
1.0680279527559056
11
1.5876535433070866
21
1.0682677165354331
0
LINE
8
BLACK
6
CONTINUOUS
10
1.5876535433070866
20
1.0682677165354331
11
1.6093070866141732
21
1.0682677165354331
0
LINE
8
BLACK
6
CONTINUOUS
10
1.6093070866141732
20
1.0682677165354331
11
1.6105124015748031
21
1.0680279527559056
0
LINE
8
BLACK
6
CONTINUOUS
10
1.8992053149606298
20
1.1389098425196851
11
1.900227125984252
21
1.138227125984252
0
LINE
8
BLACK
6
CONTINUOUS
10
1.900227125984252
20
1.138227125984252
11
1.9009098425196851
21
1.1372053149606298
0
LINE
8
BLACK
6
CONTINUOUS
10
1.9009098425196851
20
1.1372053149606298
11
1.9011496062992126
21
1.1359999999999999
0
LINE
8
BLACK
6
CONTINUOUS
10
1.9011496062992126
20
1.1359999999999999
11
1.9011496062992126
21
1.0760000000000001
0
LINE
8
BLACK
6
CONTINUOUS
10
1.9011496062992126
20
1.0760000000000001
11
1.9009098425196851
21
1.0747946850393701
0
LINE
8
BLACK
6
CONTINUOUS
10
1.9009098425196851
20
1.0747946850393701
11
1.900227125984252
21
1.0737728740157479
0
LINE
8
BLACK
6
CONTINUOUS
10
1.900227125984252
20
1.0737728740157479
11
1.8992053149606298
21
1.0730901574803149
0
LINE
8
BLACK
6
CONTINUOUS
10
1.8992053149606298
20
1.0730901574803149
11
1.8979999999999999
21
1.0728503937007874
0
LINE
8
BLACK
6
CONTINUOUS
10
1.8979999999999999
20
1.0728503937007874
11
1.8379999999999999
21
1.0728503937007874
0
LINE
8
BLACK
6
CONTINUOUS
10
1.8379999999999999
20
1.0728503937007874
11
1.8367946850393699
21
1.0730901574803149
0
LINE
8
BLACK
6
CONTINUOUS
10
1.8367946850393699
20
1.0730901574803149
11
1.835772874015748
21
1.0737728740157479
0
LINE
8
BLACK
6
CONTINUOUS
10
1.835772874015748
20
1.0737728740157479
11
1.8350901574803149
21
1.0747946850393701
0
LINE
8
BLACK
6
CONTINUOUS
10
1.8350901574803149
20
1.0747946850393701
11
1.8348503937007874
21
1.0760000000000001
0
LINE
8
BLACK
6
CONTINUOUS
10
1.8348503937007874
20
1.0760000000000001
11
1.8348503937007874
21
1.1359999999999999
0
LINE
8
BLACK
6
CONTINUOUS
10
1.8348503937007874
20
1.1359999999999999
11
1.8350901574803149
21
1.1372053149606298
0
LINE
8
BLACK
6
CONTINUOUS
10
1.8350901574803149
20
1.1372053149606298
11
1.835772874015748
21
1.138227125984252
0
LINE
8
BLACK
6
CONTINUOUS
10
1.835772874015748
20
1.138227125984252
11
1.8367946850393699
21
1.1389098425196851
0
LINE
8
BLACK
6
CONTINUOUS
10
1.8367946850393699
20
1.1389098425196851
11
1.8379999999999999
21
1.1391496062992126
0
LINE
8
BLACK
6
CONTINUOUS
10
1.8379999999999999
20
1.1391496062992126
11
1.8979999999999999
21
1.1391496062992126
0
LINE
8
BLACK
6
CONTINUOUS
10
1.8979999999999999
20
1.1391496062992126
11
1.8992053149606298
21
1.1389098425196851
0
LINE
8
BLACK
6
CONTINUOUS
10
1.9992053149606299
20
1.1389098425196851
11
2.0002271259842521
21
1.138227125984252
0
LINE
8
BLACK
6
CONTINUOUS
10
2.0002271259842521
20
1.138227125984252
11
2.0009098425196852
21
1.1372053149606298
0
LINE
8
BLACK
6
CONTINUOUS
10
2.0009098425196852
20
1.1372053149606298
11
2.0011496062992125
21
1.1359999999999999
0
LINE
8
BLACK
6
CONTINUOUS
10
2.0011496062992125
20
1.1359999999999999
11
2.0011496062992125
21
1.0760000000000001
0
LINE
8
BLACK
6
CONTINUOUS
10
2.0011496062992125
20
1.0760000000000001
11
2.0009098425196852
21
1.0747946850393701
0
LINE
8
BLACK
6
CONTINUOUS
10
2.0009098425196852
20
1.0747946850393701
11
2.0002271259842521
21
1.0737728740157479
0
LINE
8
BLACK
6
CONTINUOUS
10
2.0002271259842521
20
1.0737728740157479
11
1.9992053149606299
21
1.0730901574803149
0
LINE
8
BLACK
6
CONTINUOUS
10
1.9992053149606299
20
1.0730901574803149
11
1.998
21
1.0728503937007874
0
LINE
8
BLACK
6
CONTINUOUS
10
1.998
20
1.0728503937007874
11
1.9379999999999999
21
1.0728503937007874
0
LINE
8
BLACK
6
CONTINUOUS
10
1.9379999999999999
20
1.0728503937007874
11
1.93679468503937
21
1.0730901574803149
0
LINE
8
BLACK
6
CONTINUOUS
10
1.93679468503937
20
1.0730901574803149
11
1.935772874015748
21
1.0737728740157479
0
LINE
8
BLACK
6
CONTINUOUS
10
1.935772874015748
20
1.0737728740157479
11
1.935090157480315
21
1.0747946850393701
0
LINE
8
BLACK
6
CONTINUOUS
10
1.935090157480315
20
1.0747946850393701
11
1.9348503937007873
21
1.0760000000000001
0
LINE
8
BLACK
6
CONTINUOUS
10
1.9348503937007873
20
1.0760000000000001
11
1.9348503937007873
21
1.1359999999999999
0
LINE
8
BLACK
6
CONTINUOUS
10
1.9348503937007873
20
1.1359999999999999
11
1.935090157480315
21
1.1372053149606298
0
LINE
8
BLACK
6
CONTINUOUS
10
1.935090157480315
20
1.1372053149606298
11
1.935772874015748
21
1.138227125984252
0
LINE
8
BLACK
6
CONTINUOUS
10
1.935772874015748
20
1.138227125984252
11
1.93679468503937
21
1.1389098425196851
0
LINE
8
BLACK
6
CONTINUOUS
10
1.93679468503937
20
1.1389098425196851
11
1.9379999999999999
21
1.1391496062992126
0
LINE
8
BLACK
6
CONTINUOUS
10
1.9379999999999999
20
1.1391496062992126
11
1.998
21
1.1391496062992126
0
LINE
8
BLACK
6
CONTINUOUS
10
1.998
20
1.1391496062992126
11
1.9992053149606299
21
1.1389098425196851
0
LINE
8
BLACK
6
CONTINUOUS
10
1.2473234251968504
20
1.1162562992125984
11
1.2483452362204723
21
1.1155735826771653
0
LINE
8
BLACK
6
CONTINUOUS
10
1.2483452362204723
20
1.1155735826771653
11
1.2490279527559054
21
1.1145517716535434
0
LINE
8
BLACK
6
CONTINUOUS
10
1.2490279527559054
20
1.1145517716535434
11
1.2492677165354331
21
1.1133464566929134
0
LINE
8
BLACK
6
CONTINUOUS
10
1.2492677165354331
20
1.1133464566929134
11
1.2492677165354331
21
1.0916929133858269
0
LINE
8
BLACK
6
CONTINUOUS
10
1.2492677165354331
20
1.0916929133858269
11
1.2490279527559054
21
1.0904875984251969
0
LINE
8
BLACK
6
CONTINUOUS
10
1.2490279527559054
20
1.0904875984251969
11
1.2483452362204723
21
1.0894657874015747
0
LINE
8
BLACK
6
CONTINUOUS
10
1.2483452362204723
20
1.0894657874015747
11
1.2473234251968504
21
1.0887830708661417
0
LINE
8
BLACK
6
CONTINUOUS
10
1.2473234251968504
20
1.0887830708661417
11
1.2461181102362204
21
1.0885433070866142
0
LINE
8
BLACK
6
CONTINUOUS
10
1.2461181102362204
20
1.0885433070866142
11
1.1870629921259843
21
1.0885433070866142
0
LINE
8
BLACK
6
CONTINUOUS
10
1.1870629921259843
20
1.0885433070866142
11
1.1858576771653544
21
1.0887830708661417
0
LINE
8
BLACK
6
CONTINUOUS
10
1.1858576771653544
20
1.0887830708661417
11
1.1848358661417322
21
1.0894657874015747
0
LINE
8
BLACK
6
CONTINUOUS
10
1.1848358661417322
20
1.0894657874015747
11
1.1841531496062991
21
1.0904875984251969
0
LINE
8
BLACK
6
CONTINUOUS
10
1.1841531496062991
20
1.0904875984251969
11
1.1839133858267716
21
1.0916929133858269
0
LINE
8
BLACK
6
CONTINUOUS
10
1.1839133858267716
20
1.0916929133858269
11
1.1839133858267716
21
1.1133464566929134
0
LINE
8
BLACK
6
CONTINUOUS
10
1.1839133858267716
20
1.1133464566929134
11
1.1841531496062991
21
1.1145517716535434
0
LINE
8
BLACK
6
CONTINUOUS
10
1.1841531496062991
20
1.1145517716535434
11
1.1848358661417322
21
1.1155735826771653
0
LINE
8
BLACK
6
CONTINUOUS
10
1.1848358661417322
20
1.1155735826771653
11
1.1858576771653544
21
1.1162562992125984
0
LINE
8
BLACK
6
CONTINUOUS
10
1.1858576771653544
20
1.1162562992125984
11
1.1870629921259843
21
1.1164960629921259
0
LINE
8
BLACK
6
CONTINUOUS
10
1.1870629921259843
20
1.1164960629921259
11
1.2461181102362204
21
1.1164960629921259
0
LINE
8
BLACK
6
CONTINUOUS
10
1.2461181102362204
20
1.1164960629921259
11
1.2473234251968504
21
1.1162562992125984
0
LINE
8
BLACK
6
CONTINUOUS
10
1.6961423228346457
20
1.1162562992125984
11
1.6971641338582677
21
1.1155735826771653
0
LINE
8
BLACK
6
CONTINUOUS
10
1.6971641338582677
20
1.1155735826771653
11
1.6978468503937008
21
1.1145517716535434
0
LINE
8
BLACK
6
CONTINUOUS
10
1.6978468503937008
20
1.1145517716535434
11
1.6980866141732283
21
1.1133464566929134
0
LINE
8
BLACK
6
CONTINUOUS
10
1.6980866141732283
20
1.1133464566929134
11
1.6980866141732283
21
1.0916929133858269
0
LINE
8
BLACK
6
CONTINUOUS
10
1.6980866141732283
20
1.0916929133858269
11
1.6978468503937008
21
1.0904875984251969
0
LINE
8
BLACK
6
CONTINUOUS
10
1.6978468503937008
20
1.0904875984251969
11
1.6971641338582677
21
1.0894657874015747
0
LINE
8
BLACK
6
CONTINUOUS
10
1.6971641338582677
20
1.0894657874015747
11
1.6961423228346457
21
1.0887830708661417
0
LINE
8
BLACK
6
CONTINUOUS
10
1.6961423228346457
20
1.0887830708661417
11
1.6949370078740158
21
1.0885433070866142
0
LINE
8
BLACK
6
CONTINUOUS
10
1.6949370078740158
20
1.0885433070866142
11
1.6358818897637795
21
1.0885433070866142
0
LINE
8
BLACK
6
CONTINUOUS
10
1.6358818897637795
20
1.0885433070866142
11
1.6346765748031495
21
1.0887830708661417
0
LINE
8
BLACK
6
CONTINUOUS
10
1.6346765748031495
20
1.0887830708661417
11
1.6336547637795276
21
1.0894657874015747
0
LINE
8
BLACK
6
CONTINUOUS
10
1.6336547637795276
20
1.0894657874015747
11
1.6329720472440945
21
1.0904875984251969
0
LINE
8
BLACK
6
CONTINUOUS
10
1.6329720472440945
20
1.0904875984251969
11
1.632732283464567
21
1.0916929133858269
0
LINE
8
BLACK
6
CONTINUOUS
10
1.632732283464567
20
1.0916929133858269
11
1.632732283464567
21
1.1133464566929134
0
LINE
8
BLACK
6
CONTINUOUS
10
1.632732283464567
20
1.1133464566929134
11
1.6329720472440945
21
1.1145517716535434
0
LINE
8
BLACK
6
CONTINUOUS
10
1.6329720472440945
20
1.1145517716535434
11
1.6336547637795276
21
1.1155735826771653
0
LINE
8
BLACK
6
CONTINUOUS
10
1.6336547637795276
20
1.1155735826771653
11
1.6346765748031495
21
1.1162562992125984
0
LINE
8
BLACK
6
CONTINUOUS
10
1.6346765748031495
20
1.1162562992125984
11
1.6358818897637795
21
1.1164960629921259
0
LINE
8
BLACK
6
CONTINUOUS
10
1.6358818897637795
20
1.1164960629921259
11
1.6949370078740158
21
1.1164960629921259
0
LINE
8
BLACK
6
CONTINUOUS
10
1.6949370078740158
20
1.1164960629921259
11
1.6961423228346457
21
1.1162562992125984
0
LINE
8
BLACK
6
CONTINUOUS
10
3.4307854724409448
20
1.1684263385826772
11
3.4348748425196849
21
1.1665194094488189
0
LINE
8
BLACK
6
CONTINUOUS
10
3.4348748425196849
20
1.1665194094488189
11
3.4380653937007875
21
1.1633288582677166
0
LINE
8
BLACK
6
CONTINUOUS
10
3.4380653937007875
20
1.1633288582677166
11
3.4399723228346457
21
1.1592394881889763
0
LINE
8
BLACK
6
CONTINUOUS
10
3.4399723228346457
20
1.1592394881889763
11
3.4404149999999998
21
1.1558768897637794
0
LINE
8
BLACK
6
CONTINUOUS
10
3.4404149999999998
20
1.1558768897637794
11
3.4404149999999998
21
1.1204438188976378
0
LINE
8
BLACK
6
CONTINUOUS
10
3.4404149999999998
20
1.1204438188976378
11
3.4399723228346457
21
1.117081220472441
0
LINE
8
BLACK
6
CONTINUOUS
10
3.4399723228346457
20
1.117081220472441
11
3.4380653937007875
21
1.1129918503937009
0
LINE
8
BLACK
6
CONTINUOUS
10
3.4380653937007875
20
1.1129918503937009
11
3.4348748425196849
21
1.1098012992125983
0
LINE
8
BLACK
6
CONTINUOUS
10
3.4348748425196849
20
1.1098012992125983
11
3.4307854724409448
21
1.10789437007874
0
LINE
8
BLACK
6
CONTINUOUS
10
3.4307854724409448
20
1.10789437007874
11
3.4274228740157477
21
1.1074516929133857
0
LINE
8
BLACK
6
CONTINUOUS
10
3.4274228740157477
20
1.1074516929133857
11
3.4067535826771653
21
1.1074516929133857
0
LINE
8
BLACK
6
CONTINUOUS
10
3.4067535826771653
20
1.1074516929133857
11
3.4033909842519683
21
1.10789437007874
0
LINE
8
BLACK
6
CONTINUOUS
10
3.4033909842519683
20
1.10789437007874
11
3.3993016141732282
21
1.1098012992125983
0
LINE
8
BLACK
6
CONTINUOUS
10
3.3993016141732282
20
1.1098012992125983
11
3.3961110629921261
21
1.1129918503937009
0
LINE
8
BLACK
6
CONTINUOUS
10
3.3961110629921261
20
1.1129918503937009
11
3.3942041338582678
21
1.117081220472441
0
LINE
8
BLACK
6
CONTINUOUS
10
3.3942041338582678
20
1.117081220472441
11
3.3937614566929133
21
1.1204438188976378
0
LINE
8
BLACK
6
CONTINUOUS
10
3.3937614566929133
20
1.1204438188976378
11
3.3937614566929133
21
1.1558768897637794
0
LINE
8
BLACK
6
CONTINUOUS
10
3.3937614566929133
20
1.1558768897637794
11
3.3942041338582678
21
1.1592394881889763
0
LINE
8
BLACK
6
CONTINUOUS
10
3.3942041338582678
20
1.1592394881889763
11
3.3961110629921261
21
1.1633288582677166
0
LINE
8
BLACK
6
CONTINUOUS
10
3.3961110629921261
20
1.1633288582677166
11
3.3993016141732282
21
1.1665194094488189
0
LINE
8
BLACK
6
CONTINUOUS
10
3.3993016141732282
20
1.1665194094488189
11
3.4033909842519683
21
1.1684263385826772
0
LINE
8
BLACK
6
CONTINUOUS
10
3.4033909842519683
20
1.1684263385826772
11
3.4067535826771653
21
1.1688690157480315
0
LINE
8
BLACK
6
CONTINUOUS
10
3.4067535826771653
20
1.1688690157480315
11
3.4274228740157477
21
1.1688690157480315
0
LINE
8
BLACK
6
CONTINUOUS
10
3.4274228740157477
20
1.1688690157480315
11
3.4307854724409448
21
1.1684263385826772
0
LINE
8
BLACK
6
CONTINUOUS
10
3.5026358661417323
20
1.1684263385826772
11
3.5067252362204724
21
1.1665194094488189
0
LINE
8
BLACK
6
CONTINUOUS
10
3.5067252362204724
20
1.1665194094488189
11
3.5099157874015745
21
1.1633288582677166
0
LINE
8
BLACK
6
CONTINUOUS
10
3.5099157874015745
20
1.1633288582677166
11
3.5118227165354332
21
1.1592394881889763
0
LINE
8
BLACK
6
CONTINUOUS
10
3.5118227165354332
20
1.1592394881889763
11
3.5122653937007873
21
1.1558768897637794
0
LINE
8
BLACK
6
CONTINUOUS
10
3.5122653937007873
20
1.1558768897637794
11
3.5122653937007873
21
1.1204438188976378
0
LINE
8
BLACK
6
CONTINUOUS
10
3.5122653937007873
20
1.1204438188976378
11
3.5118227165354332
21
1.117081220472441
0
LINE
8
BLACK
6
CONTINUOUS
10
3.5118227165354332
20
1.117081220472441
11
3.5099157874015745
21
1.1129918503937009
0
LINE
8
BLACK
6
CONTINUOUS
10
3.5099157874015745
20
1.1129918503937009
11
3.5067252362204724
21
1.1098012992125983
0
LINE
8
BLACK
6
CONTINUOUS
10
3.5067252362204724
20
1.1098012992125983
11
3.5026358661417323
21
1.10789437007874
0
LINE
8
BLACK
6
CONTINUOUS
10
3.5026358661417323
20
1.10789437007874
11
3.4992732677165352
21
1.1074516929133857
0
LINE
8
BLACK
6
CONTINUOUS
10
3.4992732677165352
20
1.1074516929133857
11
3.4786039763779528
21
1.1074516929133857
0
LINE
8
BLACK
6
CONTINUOUS
10
3.4786039763779528
20
1.1074516929133857
11
3.4752413779527558
21
1.10789437007874
0
LINE
8
BLACK
6
CONTINUOUS
10
3.4752413779527558
20
1.10789437007874
11
3.4711520078740157
21
1.1098012992125983
0
LINE
8
BLACK
6
CONTINUOUS
10
3.4711520078740157
20
1.1098012992125983
11
3.4679614566929131
21
1.1129918503937009
0
LINE
8
BLACK
6
CONTINUOUS
10
3.4679614566929131
20
1.1129918503937009
11
3.4660545275590549
21
1.117081220472441
0
LINE
8
BLACK
6
CONTINUOUS
10
3.4660545275590549
20
1.117081220472441
11
3.4656118503937008
21
1.1204438188976378
0
LINE
8
BLACK
6
CONTINUOUS
10
3.4656118503937008
20
1.1204438188976378
11
3.4656118503937008
21
1.1558768897637794
0
LINE
8
BLACK
6
CONTINUOUS
10
3.4656118503937008
20
1.1558768897637794
11
3.4660545275590549
21
1.1592394881889763
0
LINE
8
BLACK
6
CONTINUOUS
10
3.4660545275590549
20
1.1592394881889763
11
3.4679614566929131
21
1.1633288582677166
0
LINE
8
BLACK
6
CONTINUOUS
10
3.4679614566929131
20
1.1633288582677166
11
3.4711520078740157
21
1.1665194094488189
0
LINE
8
BLACK
6
CONTINUOUS
10
3.4711520078740157
20
1.1665194094488189
11
3.4752413779527558
21
1.1684263385826772
0
LINE
8
BLACK
6
CONTINUOUS
10
3.4752413779527558
20
1.1684263385826772
11
3.4786039763779528
21
1.1688690157480315
0
LINE
8
BLACK
6
CONTINUOUS
10
3.4786039763779528
20
1.1688690157480315
11
3.4992732677165352
21
1.1688690157480315
0
LINE
8
BLACK
6
CONTINUOUS
10
3.4992732677165352
20
1.1688690157480315
11
3.5026358661417323
21
1.1684263385826772
0
LINE
8
BLACK
6
CONTINUOUS
10
3.6032264173228348
20
1.1800405118110235
11
3.6073157874015749
21
1.1781335826771653
0
LINE
8
BLACK
6
CONTINUOUS
10
3.6073157874015749
20
1.1781335826771653
11
3.610506338582677
21
1.1749430314960629
0
LINE
8
BLACK
6
CONTINUOUS
10
3.610506338582677
20
1.1749430314960629
11
3.6124132677165353
21
1.1708536614173228
0
LINE
8
BLACK
6
CONTINUOUS
10
3.6124132677165353
20
1.1708536614173228
11
3.6128559448818898
21
1.167491062992126
0
LINE
8
BLACK
6
CONTINUOUS
10
3.6128559448818898
20
1.167491062992126
11
3.6128559448818898
21
1.1300894881889763
0
LINE
8
BLACK
6
CONTINUOUS
10
3.6128559448818898
20
1.1300894881889763
11
3.6124132677165353
21
1.1267268897637794
0
LINE
8
BLACK
6
CONTINUOUS
10
3.6124132677165353
20
1.1267268897637794
11
3.610506338582677
21
1.1226375196850393
0
LINE
8
BLACK
6
CONTINUOUS
10
3.610506338582677
20
1.1226375196850393
11
3.6073157874015749
21
1.119446968503937
0
LINE
8
BLACK
6
CONTINUOUS
10
3.6073157874015749
20
1.119446968503937
11
3.6032264173228348
21
1.1175400393700787
0
LINE
8
BLACK
6
CONTINUOUS
10
3.6032264173228348
20
1.1175400393700787
11
3.5998638188976377
21
1.1170973622047244
0
LINE
8
BLACK
6
CONTINUOUS
10
3.5998638188976377
20
1.1170973622047244
11
3.580178779527559
21
1.1170973622047244
0
LINE
8
BLACK
6
CONTINUOUS
10
3.580178779527559
20
1.1170973622047244
11
3.576816181102362
21
1.1175400393700787
0
LINE
8
BLACK
6
CONTINUOUS
10
3.576816181102362
20
1.1175400393700787
11
3.5727268110236219
21
1.119446968503937
0
LINE
8
BLACK
6
CONTINUOUS
10
3.5727268110236219
20
1.119446968503937
11
3.5695362598425198
21
1.1226375196850393
0
LINE
8
BLACK
6
CONTINUOUS
10
3.5695362598425198
20
1.1226375196850393
11
3.5676293307086615
21
1.1267268897637794
0
LINE
8
BLACK
6
CONTINUOUS
10
3.5676293307086615
20
1.1267268897637794
11
3.567186653543307
21
1.1300894881889763
0
LINE
8
BLACK
6
CONTINUOUS
10
3.567186653543307
20
1.1300894881889763
11
3.567186653543307
21
1.167491062992126
0
LINE
8
BLACK
6
CONTINUOUS
10
3.567186653543307
20
1.167491062992126
11
3.5676293307086615
21
1.1708536614173228
0
LINE
8
BLACK
6
CONTINUOUS
10
3.5676293307086615
20
1.1708536614173228
11
3.5695362598425198
21
1.1749430314960629
0
LINE
8
BLACK
6
CONTINUOUS
10
3.5695362598425198
20
1.1749430314960629
11
3.5727268110236219
21
1.1781335826771653
0
LINE
8
BLACK
6
CONTINUOUS
10
3.5727268110236219
20
1.1781335826771653
11
3.576816181102362
21
1.1800405118110235
0
LINE
8
BLACK
6
CONTINUOUS
10
3.576816181102362
20
1.1800405118110235
11
3.580178779527559
21
1.1804831889763778
0
LINE
8
BLACK
6
CONTINUOUS
10
3.580178779527559
20
1.1804831889763778
11
3.5998638188976377
21
1.1804831889763778
0
LINE
8
BLACK
6
CONTINUOUS
10
3.5998638188976377
20
1.1804831889763778
11
3.6032264173228348
21
1.1800405118110235
0
LINE
8
BLACK
6
CONTINUOUS
10
3.6780295669291339
20
1.1800405118110235
11
3.682118937007874
21
1.1781335826771653
0
LINE
8
BLACK
6
CONTINUOUS
10
3.682118937007874
20
1.1781335826771653
11
3.6853094881889761
21
1.1749430314960629
0
LINE
8
BLACK
6
CONTINUOUS
10
3.6853094881889761
20
1.1749430314960629
11
3.6872164173228348
21
1.1708536614173228
0
LINE
8
BLACK
6
CONTINUOUS
10
3.6872164173228348
20
1.1708536614173228
11
3.6876590944881888
21
1.167491062992126
0
LINE
8
BLACK
6
CONTINUOUS
10
3.6876590944881888
20
1.167491062992126
11
3.6876590944881888
21
1.1300894881889763
0
LINE
8
BLACK
6
CONTINUOUS
10
3.6876590944881888
20
1.1300894881889763
11
3.6872164173228348
21
1.1267268897637794
0
LINE
8
BLACK
6
CONTINUOUS
10
3.6872164173228348
20
1.1267268897637794
11
3.6853094881889761
21
1.1226375196850393
0
LINE
8
BLACK
6
CONTINUOUS
10
3.6853094881889761
20
1.1226375196850393
11
3.682118937007874
21
1.119446968503937
0
LINE
8
BLACK
6
CONTINUOUS
10
3.682118937007874
20
1.119446968503937
11
3.6780295669291339
21
1.1175400393700787
0
LINE
8
BLACK
6
CONTINUOUS
10
3.6780295669291339
20
1.1175400393700787
11
3.6746669685039368
21
1.1170973622047244
0
LINE
8
BLACK
6
CONTINUOUS
10
3.6746669685039368
20
1.1170973622047244
11
3.6549819291338581
21
1.1170973622047244
0
LINE
8
BLACK
6
CONTINUOUS
10
3.6549819291338581
20
1.1170973622047244
11
3.6516193307086615
21
1.1175400393700787
0
LINE
8
BLACK
6
CONTINUOUS
10
3.6516193307086615
20
1.1175400393700787
11
3.647529960629921
21
1.119446968503937
0
LINE
8
BLACK
6
CONTINUOUS
10
3.647529960629921
20
1.119446968503937
11
3.6443394094488188
21
1.1226375196850393
0
LINE
8
BLACK
6
CONTINUOUS
10
3.6443394094488188
20
1.1226375196850393
11
3.6424324803149606
21
1.1267268897637794
0
LINE
8
BLACK
6
CONTINUOUS
10
3.6424324803149606
20
1.1267268897637794
11
3.6419898031496061
21
1.1300894881889763
0
LINE
8
BLACK
6
CONTINUOUS
10
3.6419898031496061
20
1.1300894881889763
11
3.6419898031496061
21
1.167491062992126
0
LINE
8
BLACK
6
CONTINUOUS
10
3.6419898031496061
20
1.167491062992126
11
3.6424324803149606
21
1.1708536614173228
0
LINE
8
BLACK
6
CONTINUOUS
10
3.6424324803149606
20
1.1708536614173228
11
3.6443394094488188
21
1.1749430314960629
0
LINE
8
BLACK
6
CONTINUOUS
10
3.6443394094488188
20
1.1749430314960629
11
3.647529960629921
21
1.1781335826771653
0
LINE
8
BLACK
6
CONTINUOUS
10
3.647529960629921
20
1.1781335826771653
11
3.6516193307086615
21
1.1800405118110235
0
LINE
8
BLACK
6
CONTINUOUS
10
3.6516193307086615
20
1.1800405118110235
11
3.6549819291338581
21
1.1804831889763778
0
LINE
8
BLACK
6
CONTINUOUS
10
3.6549819291338581
20
1.1804831889763778
11
3.6746669685039368
21
1.1804831889763778
0
LINE
8
BLACK
6
CONTINUOUS
10
3.6746669685039368
20
1.1804831889763778
11
3.6780295669291339
21
1.1800405118110235
0
LINE
8
BLACK
6
CONTINUOUS
10
1.2473234251968504
20
1.1477523622047243
11
1.2483452362204723
21
1.1470696456692913
0
LINE
8
BLACK
6
CONTINUOUS
10
1.2483452362204723
20
1.1470696456692913
11
1.2490279527559054
21
1.1460478346456693
0
LINE
8
BLACK
6
CONTINUOUS
10
1.2490279527559054
20
1.1460478346456693
11
1.2492677165354331
21
1.1448425196850394
0
LINE
8
BLACK
6
CONTINUOUS
10
1.2492677165354331
20
1.1448425196850394
11
1.2492677165354331
21
1.1231889763779528
0
LINE
8
BLACK
6
CONTINUOUS
10
1.2492677165354331
20
1.1231889763779528
11
1.2490279527559054
21
1.1219836614173229
0
LINE
8
BLACK
6
CONTINUOUS
10
1.2490279527559054
20
1.1219836614173229
11
1.2483452362204723
21
1.1209618503937007
0
LINE
8
BLACK
6
CONTINUOUS
10
1.2483452362204723
20
1.1209618503937007
11
1.2473234251968504
21
1.1202791338582676
0
LINE
8
BLACK
6
CONTINUOUS
10
1.2473234251968504
20
1.1202791338582676
11
1.2461181102362204
21
1.1200393700787401
0
LINE
8
BLACK
6
CONTINUOUS
10
1.2461181102362204
20
1.1200393700787401
11
1.1870629921259843
21
1.1200393700787401
0
LINE
8
BLACK
6
CONTINUOUS
10
1.1870629921259843
20
1.1200393700787401
11
1.1858576771653544
21
1.1202791338582676
0
LINE
8
BLACK
6
CONTINUOUS
10
1.1858576771653544
20
1.1202791338582676
11
1.1848358661417322
21
1.1209618503937007
0
LINE
8
BLACK
6
CONTINUOUS
10
1.1848358661417322
20
1.1209618503937007
11
1.1841531496062991
21
1.1219836614173229
0
LINE
8
BLACK
6
CONTINUOUS
10
1.1841531496062991
20
1.1219836614173229
11
1.1839133858267716
21
1.1231889763779528
0
LINE
8
BLACK
6
CONTINUOUS
10
1.1839133858267716
20
1.1231889763779528
11
1.1839133858267716
21
1.1448425196850394
0
LINE
8
BLACK
6
CONTINUOUS
10
1.1839133858267716
20
1.1448425196850394
11
1.1841531496062991
21
1.1460478346456693
0
LINE
8
BLACK
6
CONTINUOUS
10
1.1841531496062991
20
1.1460478346456693
11
1.1848358661417322
21
1.1470696456692913
0
LINE
8
BLACK
6
CONTINUOUS
10
1.1848358661417322
20
1.1470696456692913
11
1.1858576771653544
21
1.1477523622047243
0
LINE
8
BLACK
6
CONTINUOUS
10
1.1858576771653544
20
1.1477523622047243
11
1.1870629921259843
21
1.147992125984252
0
LINE
8
BLACK
6
CONTINUOUS
10
1.1870629921259843
20
1.147992125984252
11
1.2461181102362204
21
1.147992125984252
0
LINE
8
BLACK
6
CONTINUOUS
10
1.2461181102362204
20
1.147992125984252
11
1.2473234251968504
21
1.1477523622047243
0
LINE
8
BLACK
6
CONTINUOUS
10
1.6961423228346457
20
1.1477523622047243
11
1.6971641338582677
21
1.1470696456692913
0
LINE
8
BLACK
6
CONTINUOUS
10
1.6971641338582677
20
1.1470696456692913
11
1.6978468503937008
21
1.1460478346456693
0
LINE
8
BLACK
6
CONTINUOUS
10
1.6978468503937008
20
1.1460478346456693
11
1.6980866141732283
21
1.1448425196850394
0
LINE
8
BLACK
6
CONTINUOUS
10
1.6980866141732283
20
1.1448425196850394
11
1.6980866141732283
21
1.1231889763779528
0
LINE
8
BLACK
6
CONTINUOUS
10
1.6980866141732283
20
1.1231889763779528
11
1.6978468503937008
21
1.1219836614173229
0
LINE
8
BLACK
6
CONTINUOUS
10
1.6978468503937008
20
1.1219836614173229
11
1.6971641338582677
21
1.1209618503937007
0
LINE
8
BLACK
6
CONTINUOUS
10
1.6971641338582677
20
1.1209618503937007
11
1.6961423228346457
21
1.1202791338582676
0
LINE
8
BLACK
6
CONTINUOUS
10
1.6961423228346457
20
1.1202791338582676
11
1.6949370078740158
21
1.1200393700787401
0
LINE
8
BLACK
6
CONTINUOUS
10
1.6949370078740158
20
1.1200393700787401
11
1.6358818897637795
21
1.1200393700787401
0
LINE
8
BLACK
6
CONTINUOUS
10
1.6358818897637795
20
1.1200393700787401
11
1.6346765748031495
21
1.1202791338582676
0
LINE
8
BLACK
6
CONTINUOUS
10
1.6346765748031495
20
1.1202791338582676
11
1.6336547637795276
21
1.1209618503937007
0
LINE
8
BLACK
6
CONTINUOUS
10
1.6336547637795276
20
1.1209618503937007
11
1.6329720472440945
21
1.1219836614173229
0
LINE
8
BLACK
6
CONTINUOUS
10
1.6329720472440945
20
1.1219836614173229
11
1.632732283464567
21
1.1231889763779528
0
LINE
8
BLACK
6
CONTINUOUS
10
1.632732283464567
20
1.1231889763779528
11
1.632732283464567
21
1.1448425196850394
0
LINE
8
BLACK
6
CONTINUOUS
10
1.632732283464567
20
1.1448425196850394
11
1.6329720472440945
21
1.1460478346456693
0
LINE
8
BLACK
6
CONTINUOUS
10
1.6329720472440945
20
1.1460478346456693
11
1.6336547637795276
21
1.1470696456692913
0
LINE
8
BLACK
6
CONTINUOUS
10
1.6336547637795276
20
1.1470696456692913
11
1.6346765748031495
21
1.1477523622047243
0
LINE
8
BLACK
6
CONTINUOUS
10
1.6346765748031495
20
1.1477523622047243
11
1.6358818897637795
21
1.147992125984252
0
LINE
8
BLACK
6
CONTINUOUS
10
1.6358818897637795
20
1.147992125984252
11
1.6949370078740158
21
1.147992125984252
0
LINE
8
BLACK
6
CONTINUOUS
10
1.6949370078740158
20
1.147992125984252
11
1.6961423228346457
21
1.1477523622047243
0
LINE
8
BLACK
6
CONTINUOUS
10
1.2473234251968504
20
1.1792484251968505
11
1.2483452362204723
21
1.1785657086614172
0
LINE
8
BLACK
6
CONTINUOUS
10
1.2483452362204723
20
1.1785657086614172
11
1.2490279527559054
21
1.1775438976377952
0
LINE
8
BLACK
6
CONTINUOUS
10
1.2490279527559054
20
1.1775438976377952
11
1.2492677165354331
21
1.1763385826771653
0
LINE
8
BLACK
6
CONTINUOUS
10
1.2492677165354331
20
1.1763385826771653
11
1.2492677165354331
21
1.1546850393700787
0
LINE
8
BLACK
6
CONTINUOUS
10
1.2492677165354331
20
1.1546850393700787
11
1.2490279527559054
21
1.1534797244094488
0
LINE
8
BLACK
6
CONTINUOUS
10
1.2490279527559054
20
1.1534797244094488
11
1.2483452362204723
21
1.1524579133858268
0
LINE
8
BLACK
6
CONTINUOUS
10
1.2483452362204723
20
1.1524579133858268
11
1.2473234251968504
21
1.1517751968503938
0
LINE
8
BLACK
6
CONTINUOUS
10
1.2473234251968504
20
1.1517751968503938
11
1.2461181102362204
21
1.151535433070866
0
LINE
8
BLACK
6
CONTINUOUS
10
1.2461181102362204
20
1.151535433070866
11
1.1870629921259843
21
1.151535433070866
0
LINE
8
BLACK
6
CONTINUOUS
10
1.1870629921259843
20
1.151535433070866
11
1.1858576771653544
21
1.1517751968503938
0
LINE
8
BLACK
6
CONTINUOUS
10
1.1858576771653544
20
1.1517751968503938
11
1.1848358661417322
21
1.1524579133858268
0
LINE
8
BLACK
6
CONTINUOUS
10
1.1848358661417322
20
1.1524579133858268
11
1.1841531496062991
21
1.1534797244094488
0
LINE
8
BLACK
6
CONTINUOUS
10
1.1841531496062991
20
1.1534797244094488
11
1.1839133858267716
21
1.1546850393700787
0
LINE
8
BLACK
6
CONTINUOUS
10
1.1839133858267716
20
1.1546850393700787
11
1.1839133858267716
21
1.1763385826771653
0
LINE
8
BLACK
6
CONTINUOUS
10
1.1839133858267716
20
1.1763385826771653
11
1.1841531496062991
21
1.1775438976377952
0
LINE
8
BLACK
6
CONTINUOUS
10
1.1841531496062991
20
1.1775438976377952
11
1.1848358661417322
21
1.1785657086614172
0
LINE
8
BLACK
6
CONTINUOUS
10
1.1848358661417322
20
1.1785657086614172
11
1.1858576771653544
21
1.1792484251968505
0
LINE
8
BLACK
6
CONTINUOUS
10
1.1858576771653544
20
1.1792484251968505
11
1.1870629921259843
21
1.179488188976378
0
LINE
8
BLACK
6
CONTINUOUS
10
1.1870629921259843
20
1.179488188976378
11
1.2461181102362204
21
1.179488188976378
0
LINE
8
BLACK
6
CONTINUOUS
10
1.2461181102362204
20
1.179488188976378
11
1.2473234251968504
21
1.1792484251968505
0
LINE
8
BLACK
6
CONTINUOUS
10
1.6961423228346457
20
1.1792484251968505
11
1.6971641338582677
21
1.1785657086614172
0
LINE
8
BLACK
6
CONTINUOUS
10
1.6971641338582677
20
1.1785657086614172
11
1.6978468503937008
21
1.1775438976377952
0
LINE
8
BLACK
6
CONTINUOUS
10
1.6978468503937008
20
1.1775438976377952
11
1.6980866141732283
21
1.1763385826771653
0
LINE
8
BLACK
6
CONTINUOUS
10
1.6980866141732283
20
1.1763385826771653
11
1.6980866141732283
21
1.1546850393700787
0
LINE
8
BLACK
6
CONTINUOUS
10
1.6980866141732283
20
1.1546850393700787
11
1.6978468503937008
21
1.1534797244094488
0
LINE
8
BLACK
6
CONTINUOUS
10
1.6978468503937008
20
1.1534797244094488
11
1.6971641338582677
21
1.1524579133858268
0
LINE
8
BLACK
6
CONTINUOUS
10
1.6971641338582677
20
1.1524579133858268
11
1.6961423228346457
21
1.1517751968503938
0
LINE
8
BLACK
6
CONTINUOUS
10
1.6961423228346457
20
1.1517751968503938
11
1.6949370078740158
21
1.151535433070866
0
LINE
8
BLACK
6
CONTINUOUS
10
1.6949370078740158
20
1.151535433070866
11
1.6358818897637795
21
1.151535433070866
0
LINE
8
BLACK
6
CONTINUOUS
10
1.6358818897637795
20
1.151535433070866
11
1.6346765748031495
21
1.1517751968503938
0
LINE
8
BLACK
6
CONTINUOUS
10
1.6346765748031495
20
1.1517751968503938
11
1.6336547637795276
21
1.1524579133858268
0
LINE
8
BLACK
6
CONTINUOUS
10
1.6336547637795276
20
1.1524579133858268
11
1.6329720472440945
21
1.1534797244094488
0
LINE
8
BLACK
6
CONTINUOUS
10
1.6329720472440945
20
1.1534797244094488
11
1.632732283464567
21
1.1546850393700787
0
LINE
8
BLACK
6
CONTINUOUS
10
1.632732283464567
20
1.1546850393700787
11
1.632732283464567
21
1.1763385826771653
0
LINE
8
BLACK
6
CONTINUOUS
10
1.632732283464567
20
1.1763385826771653
11
1.6329720472440945
21
1.1775438976377952
0
LINE
8
BLACK
6
CONTINUOUS
10
1.6329720472440945
20
1.1775438976377952
11
1.6336547637795276
21
1.1785657086614172
0
LINE
8
BLACK
6
CONTINUOUS
10
1.6336547637795276
20
1.1785657086614172
11
1.6346765748031495
21
1.1792484251968505
0
LINE
8
BLACK
6
CONTINUOUS
10
1.6346765748031495
20
1.1792484251968505
11
1.6358818897637795
21
1.179488188976378
0
LINE
8
BLACK
6
CONTINUOUS
10
1.6358818897637795
20
1.179488188976378
11
1.6949370078740158
21
1.179488188976378
0
LINE
8
BLACK
6
CONTINUOUS
10
1.6949370078740158
20
1.179488188976378
11
1.6961423228346457
21
1.1792484251968505
0
LINE
8
BLACK
6
CONTINUOUS
10
1.0893625590551181
20
1.2008329133858267
11
1.0934519291338582
21
1.1989259842519684
0
LINE
8
BLACK
6
CONTINUOUS
10
1.0934519291338582
20
1.1989259842519684
11
1.0966424803149606
21
1.195735433070866
0
LINE
8
BLACK
6
CONTINUOUS
10
1.0966424803149606
20
1.195735433070866
11
1.0985494094488188
21
1.1916460629921259
0
LINE
8
BLACK
6
CONTINUOUS
10
1.0985494094488188
20
1.1916460629921259
11
1.0989920866141731
21
1.1882834645669291
0
LINE
8
BLACK
6
CONTINUOUS
10
1.0989920866141731
20
1.1882834645669291
11
1.0989920866141731
21
1.1685984251968504
0
LINE
8
BLACK
6
CONTINUOUS
10
1.0989920866141731
20
1.1685984251968504
11
1.0985494094488188
21
1.1652358267716536
0
LINE
8
BLACK
6
CONTINUOUS
10
1.0985494094488188
20
1.1652358267716536
11
1.0966424803149606
21
1.1611464566929133
0
LINE
8
BLACK
6
CONTINUOUS
10
1.0966424803149606
20
1.1611464566929133
11
1.0934519291338582
21
1.1579559055118109
0
LINE
8
BLACK
6
CONTINUOUS
10
1.0934519291338582
20
1.1579559055118109
11
1.0893625590551181
21
1.1560489763779527
0
LINE
8
BLACK
6
CONTINUOUS
10
1.0893625590551181
20
1.1560489763779527
11
1.0859999606299213
21
1.1556062992125984
0
LINE
8
BLACK
6
CONTINUOUS
10
1.0859999606299213
20
1.1556062992125984
11
1.0485983858267716
21
1.1556062992125984
0
LINE
8
BLACK
6
CONTINUOUS
10
1.0485983858267716
20
1.1556062992125984
11
1.0452357874015747
21
1.1560489763779527
0
LINE
8
BLACK
6
CONTINUOUS
10
1.0452357874015747
20
1.1560489763779527
11
1.0411464173228346
21
1.1579559055118109
0
LINE
8
BLACK
6
CONTINUOUS
10
1.0411464173228346
20
1.1579559055118109
11
1.0379558661417323
21
1.1611464566929133
0
LINE
8
BLACK
6
CONTINUOUS
10
1.0379558661417323
20
1.1611464566929133
11
1.036048937007874
21
1.1652358267716536
0
LINE
8
BLACK
6
CONTINUOUS
10
1.036048937007874
20
1.1652358267716536
11
1.0356062598425197
21
1.1685984251968504
0
LINE
8
BLACK
6
CONTINUOUS
10
1.0356062598425197
20
1.1685984251968504
11
1.0356062598425197
21
1.1882834645669291
0
LINE
8
BLACK
6
CONTINUOUS
10
1.0356062598425197
20
1.1882834645669291
11
1.036048937007874
21
1.1916460629921259
0
LINE
8
BLACK
6
CONTINUOUS
10
1.036048937007874
20
1.1916460629921259
11
1.0379558661417323
21
1.195735433070866
0
LINE
8
BLACK
6
CONTINUOUS
10
1.0379558661417323
20
1.195735433070866
11
1.0411464173228346
21
1.1989259842519684
0
LINE
8
BLACK
6
CONTINUOUS
10
1.0411464173228346
20
1.1989259842519684
11
1.0452357874015747
21
1.2008329133858267
0
LINE
8
BLACK
6
CONTINUOUS
10
1.0452357874015747
20
1.2008329133858267
11
1.0485983858267716
21
1.2012755905511812
0
LINE
8
BLACK
6
CONTINUOUS
10
1.0485983858267716
20
1.2012755905511812
11
1.0859999606299213
21
1.2012755905511812
0
LINE
8
BLACK
6
CONTINUOUS
10
1.0859999606299213
20
1.2012755905511812
11
1.0893625590551181
21
1.2008329133858267
0
LINE
8
BLACK
6
CONTINUOUS
10
0.4789691732283464
20
1.2455862992125983
11
0.4819068897637795
21
1.2436234251968503
0
LINE
8
BLACK
6
CONTINUOUS
10
0.4819068897637795
20
1.2436234251968503
11
0.4838697637795276
21
1.2406857086614174
0
LINE
8
BLACK
6
CONTINUOUS
10
0.4838697637795276
20
1.2406857086614174
11
0.4845590551181102
21
1.2372204724409448
0
LINE
8
BLACK
6
CONTINUOUS
10
0.4845590551181102
20
1.2372204724409448
11
0.4845590551181102
21
1.1909606299212598
0
LINE
8
BLACK
6
CONTINUOUS
10
0.4845590551181102
20
1.1909606299212598
11
0.4838697637795276
21
1.1874953937007873
0
LINE
8
BLACK
6
CONTINUOUS
10
0.4838697637795276
20
1.1874953937007873
11
0.4819068897637795
21
1.1845576771653543
0
LINE
8
BLACK
6
CONTINUOUS
10
0.4819068897637795
20
1.1845576771653543
11
0.4789691732283464
21
1.1825948031496063
0
LINE
8
BLACK
6
CONTINUOUS
10
0.4789691732283464
20
1.1825948031496063
11
0.475503937007874
21
1.1819055118110235
0
LINE
8
BLACK
6
CONTINUOUS
10
0.475503937007874
20
1.1819055118110235
11
0.4636929133858267
21
1.1819055118110235
0
LINE
8
BLACK
6
CONTINUOUS
10
0.4636929133858267
20
1.1819055118110235
11
0.4602276771653543
21
1.1825948031496063
0
LINE
8
BLACK
6
CONTINUOUS
10
0.4602276771653543
20
1.1825948031496063
11
0.4572899606299213
21
1.1845576771653543
0
LINE
8
BLACK
6
CONTINUOUS
10
0.4572899606299213
20
1.1845576771653543
11
0.4553270866141732
21
1.1874953937007873
0
LINE
8
BLACK
6
CONTINUOUS
10
0.4553270866141732
20
1.1874953937007873
11
0.4546377952755906
21
1.1909606299212598
0
LINE
8
BLACK
6
CONTINUOUS
10
0.4546377952755906
20
1.1909606299212598
11
0.4546377952755906
21
1.2372204724409448
0
LINE
8
BLACK
6
CONTINUOUS
10
0.4546377952755906
20
1.2372204724409448
11
0.4553270866141732
21
1.2406857086614174
0
LINE
8
BLACK
6
CONTINUOUS
10
0.4553270866141732
20
1.2406857086614174
11
0.4572899606299213
21
1.2436234251968503
0
LINE
8
BLACK
6
CONTINUOUS
10
0.4572899606299213
20
1.2436234251968503
11
0.4602276771653543
21
1.2455862992125983
0
LINE
8
BLACK
6
CONTINUOUS
10
0.4602276771653543
20
1.2455862992125983
11
0.4636929133858267
21
1.2462755905511811
0
LINE
8
BLACK
6
CONTINUOUS
10
0.4636929133858267
20
1.2462755905511811
11
0.475503937007874
21
1.2462755905511811
0
LINE
8
BLACK
6
CONTINUOUS
10
0.475503937007874
20
1.2462755905511811
11
0.4789691732283464
21
1.2455862992125983
0
LINE
8
BLACK
6
CONTINUOUS
10
0.5537723228346456
20
1.2455862992125983
11
0.5567100393700787
21
1.2436234251968503
0
LINE
8
BLACK
6
CONTINUOUS
10
0.5567100393700787
20
1.2436234251968503
11
0.5586729133858268
21
1.2406857086614174
0
LINE
8
BLACK
6
CONTINUOUS
10
0.5586729133858268
20
1.2406857086614174
11
0.5593622047244095
21
1.2372204724409448
0
LINE
8
BLACK
6
CONTINUOUS
10
0.5593622047244095
20
1.2372204724409448
11
0.5593622047244095
21
1.1909606299212598
0
LINE
8
BLACK
6
CONTINUOUS
10
0.5593622047244095
20
1.1909606299212598
11
0.5586729133858268
21
1.1874953937007873
0
LINE
8
BLACK
6
CONTINUOUS
10
0.5586729133858268
20
1.1874953937007873
11
0.5567100393700787
21
1.1845576771653543
0
LINE
8
BLACK
6
CONTINUOUS
10
0.5567100393700787
20
1.1845576771653543
11
0.5537723228346456
21
1.1825948031496063
0
LINE
8
BLACK
6
CONTINUOUS
10
0.5537723228346456
20
1.1825948031496063
11
0.5503070866141733
21
1.1819055118110235
0
LINE
8
BLACK
6
CONTINUOUS
10
0.5503070866141733
20
1.1819055118110235
11
0.5384960629921259
21
1.1819055118110235
0
LINE
8
BLACK
6
CONTINUOUS
10
0.5384960629921259
20
1.1819055118110235
11
0.5350308267716535
21
1.1825948031496063
0
LINE
8
BLACK
6
CONTINUOUS
10
0.5350308267716535
20
1.1825948031496063
11
0.5320931102362204
21
1.1845576771653543
0
LINE
8
BLACK
6
CONTINUOUS
10
0.5320931102362204
20
1.1845576771653543
11
0.5301302362204724
21
1.1874953937007873
0
LINE
8
BLACK
6
CONTINUOUS
10
0.5301302362204724
20
1.1874953937007873
11
0.5294409448818898
21
1.1909606299212598
0
LINE
8
BLACK
6
CONTINUOUS
10
0.5294409448818898
20
1.1909606299212598
11
0.5294409448818898
21
1.2372204724409448
0
LINE
8
BLACK
6
CONTINUOUS
10
0.5294409448818898
20
1.2372204724409448
11
0.5301302362204724
21
1.2406857086614174
0
LINE
8
BLACK
6
CONTINUOUS
10
0.5301302362204724
20
1.2406857086614174
11
0.5320931102362204
21
1.2436234251968503
0
LINE
8
BLACK
6
CONTINUOUS
10
0.5320931102362204
20
1.2436234251968503
11
0.5350308267716535
21
1.2455862992125983
0
LINE
8
BLACK
6
CONTINUOUS
10
0.5350308267716535
20
1.2455862992125983
11
0.5384960629921259
21
1.2462755905511811
0
LINE
8
BLACK
6
CONTINUOUS
10
0.5384960629921259
20
1.2462755905511811
11
0.5503070866141733
21
1.2462755905511811
0
LINE
8
BLACK
6
CONTINUOUS
10
0.5503070866141733
20
1.2462755905511811
11
0.5537723228346456
21
1.2455862992125983
0
LINE
8
BLACK
6
CONTINUOUS
10
1.2473234251968504
20
1.2107444881889764
11
1.2483452362204723
21
1.2100617716535433
0
LINE
8
BLACK
6
CONTINUOUS
10
1.2483452362204723
20
1.2100617716535433
11
1.2490279527559054
21
1.2090399606299211
0
LINE
8
BLACK
6
CONTINUOUS
10
1.2490279527559054
20
1.2090399606299211
11
1.2492677165354331
21
1.2078346456692912
0
LINE
8
BLACK
6
CONTINUOUS
10
1.2492677165354331
20
1.2078346456692912
11
1.2492677165354331
21
1.1861811023622046
0
LINE
8
BLACK
6
CONTINUOUS
10
1.2492677165354331
20
1.1861811023622046
11
1.2490279527559054
21
1.1849757874015747
0
LINE
8
BLACK
6
CONTINUOUS
10
1.2490279527559054
20
1.1849757874015747
11
1.2483452362204723
21
1.1839539763779527
0
LINE
8
BLACK
6
CONTINUOUS
10
1.2483452362204723
20
1.1839539763779527
11
1.2473234251968504
21
1.1832712598425197
0
LINE
8
BLACK
6
CONTINUOUS
10
1.2473234251968504
20
1.1832712598425197
11
1.2461181102362204
21
1.1830314960629922
0
LINE
8
BLACK
6
CONTINUOUS
10
1.2461181102362204
20
1.1830314960629922
11
1.1870629921259843
21
1.1830314960629922
0
LINE
8
BLACK
6
CONTINUOUS
10
1.1870629921259843
20
1.1830314960629922
11
1.1858576771653544
21
1.1832712598425197
0
LINE
8
BLACK
6
CONTINUOUS
10
1.1858576771653544
20
1.1832712598425197
11
1.1848358661417322
21
1.1839539763779527
0
LINE
8
BLACK
6
CONTINUOUS
10
1.1848358661417322
20
1.1839539763779527
11
1.1841531496062991
21
1.1849757874015747
0
LINE
8
BLACK
6
CONTINUOUS
10
1.1841531496062991
20
1.1849757874015747
11
1.1839133858267716
21
1.1861811023622046
0
LINE
8
BLACK
6
CONTINUOUS
10
1.1839133858267716
20
1.1861811023622046
11
1.1839133858267716
21
1.2078346456692912
0
LINE
8
BLACK
6
CONTINUOUS
10
1.1839133858267716
20
1.2078346456692912
11
1.1841531496062991
21
1.2090399606299211
0
LINE
8
BLACK
6
CONTINUOUS
10
1.1841531496062991
20
1.2090399606299211
11
1.1848358661417322
21
1.2100617716535433
0
LINE
8
BLACK
6
CONTINUOUS
10
1.1848358661417322
20
1.2100617716535433
11
1.1858576771653544
21
1.2107444881889764
0
LINE
8
BLACK
6
CONTINUOUS
10
1.1858576771653544
20
1.2107444881889764
11
1.1870629921259843
21
1.2109842519685039
0
LINE
8
BLACK
6
CONTINUOUS
10
1.1870629921259843
20
1.2109842519685039
11
1.2461181102362204
21
1.2109842519685039
0
LINE
8
BLACK
6
CONTINUOUS
10
1.2461181102362204
20
1.2109842519685039
11
1.2473234251968504
21
1.2107444881889764
0
LINE
8
BLACK
6
CONTINUOUS
10
1.6961423228346457
20
1.2107444881889764
11
1.6971641338582677
21
1.2100617716535433
0
LINE
8
BLACK
6
CONTINUOUS
10
1.6971641338582677
20
1.2100617716535433
11
1.6978468503937008
21
1.2090399606299211
0
LINE
8
BLACK
6
CONTINUOUS
10
1.6978468503937008
20
1.2090399606299211
11
1.6980866141732283
21
1.2078346456692912
0
LINE
8
BLACK
6
CONTINUOUS
10
1.6980866141732283
20
1.2078346456692912
11
1.6980866141732283
21
1.1861811023622046
0
LINE
8
BLACK
6
CONTINUOUS
10
1.6980866141732283
20
1.1861811023622046
11
1.6978468503937008
21
1.1849757874015747
0
LINE
8
BLACK
6
CONTINUOUS
10
1.6978468503937008
20
1.1849757874015747
11
1.6971641338582677
21
1.1839539763779527
0
LINE
8
BLACK
6
CONTINUOUS
10
1.6971641338582677
20
1.1839539763779527
11
1.6961423228346457
21
1.1832712598425197
0
LINE
8
BLACK
6
CONTINUOUS
10
1.6961423228346457
20
1.1832712598425197
11
1.6949370078740158
21
1.1830314960629922
0
LINE
8
BLACK
6
CONTINUOUS
10
1.6949370078740158
20
1.1830314960629922
11
1.6358818897637795
21
1.1830314960629922
0
LINE
8
BLACK
6
CONTINUOUS
10
1.6358818897637795
20
1.1830314960629922
11
1.6346765748031495
21
1.1832712598425197
0
LINE
8
BLACK
6
CONTINUOUS
10
1.6346765748031495
20
1.1832712598425197
11
1.6336547637795276
21
1.1839539763779527
0
LINE
8
BLACK
6
CONTINUOUS
10
1.6336547637795276
20
1.1839539763779527
11
1.6329720472440945
21
1.1849757874015747
0
LINE
8
BLACK
6
CONTINUOUS
10
1.6329720472440945
20
1.1849757874015747
11
1.632732283464567
21
1.1861811023622046
0
LINE
8
BLACK
6
CONTINUOUS
10
1.632732283464567
20
1.1861811023622046
11
1.632732283464567
21
1.2078346456692912
0
LINE
8
BLACK
6
CONTINUOUS
10
1.632732283464567
20
1.2078346456692912
11
1.6329720472440945
21
1.2090399606299211
0
LINE
8
BLACK
6
CONTINUOUS
10
1.6329720472440945
20
1.2090399606299211
11
1.6336547637795276
21
1.2100617716535433
0
LINE
8
BLACK
6
CONTINUOUS
10
1.6336547637795276
20
1.2100617716535433
11
1.6346765748031495
21
1.2107444881889764
0
LINE
8
BLACK
6
CONTINUOUS
10
1.6346765748031495
20
1.2107444881889764
11
1.6358818897637795
21
1.2109842519685039
0
LINE
8
BLACK
6
CONTINUOUS
10
1.6358818897637795
20
1.2109842519685039
11
1.6949370078740158
21
1.2109842519685039
0
LINE
8
BLACK
6
CONTINUOUS
10
1.6949370078740158
20
1.2109842519685039
11
1.6961423228346457
21
1.2107444881889764
0
LINE
8
BLACK
6
CONTINUOUS
10
1.7950633858267717
20
1.2449903937007873
11
1.7991527559055118
21
1.2430834645669291
0
LINE
8
BLACK
6
CONTINUOUS
10
1.7991527559055118
20
1.2430834645669291
11
1.8023433070866142
21
1.2398929133858267
0
LINE
8
BLACK
6
CONTINUOUS
10
1.8023433070866142
20
1.2398929133858267
11
1.8042502362204724
21
1.2358035433070866
0
LINE
8
BLACK
6
CONTINUOUS
10
1.8042502362204724
20
1.2358035433070866
11
1.8046929133858267
21
1.2324409448818898
0
LINE
8
BLACK
6
CONTINUOUS
10
1.8046929133858267
20
1.2324409448818898
11
1.8046929133858267
21
1.2127559055118109
0
LINE
8
BLACK
6
CONTINUOUS
10
1.8046929133858267
20
1.2127559055118109
11
1.8042502362204724
21
1.2093933070866141
0
LINE
8
BLACK
6
CONTINUOUS
10
1.8042502362204724
20
1.2093933070866141
11
1.8023433070866142
21
1.205303937007874
0
LINE
8
BLACK
6
CONTINUOUS
10
1.8023433070866142
20
1.205303937007874
11
1.7991527559055118
21
1.2021133858267716
0
LINE
8
BLACK
6
CONTINUOUS
10
1.7991527559055118
20
1.2021133858267716
11
1.7950633858267717
21
1.2002064566929134
0
LINE
8
BLACK
6
CONTINUOUS
10
1.7950633858267717
20
1.2002064566929134
11
1.7917007874015747
21
1.1997637795275591
0
LINE
8
BLACK
6
CONTINUOUS
10
1.7917007874015747
20
1.1997637795275591
11
1.7542992125984251
21
1.1997637795275591
0
LINE
8
BLACK
6
CONTINUOUS
10
1.7542992125984251
20
1.1997637795275591
11
1.7509366141732283
21
1.2002064566929134
0
LINE
8
BLACK
6
CONTINUOUS
10
1.7509366141732283
20
1.2002064566929134
11
1.7468472440944882
21
1.2021133858267716
0
LINE
8
BLACK
6
CONTINUOUS
10
1.7468472440944882
20
1.2021133858267716
11
1.7436566929133859
21
1.205303937007874
0
LINE
8
BLACK
6
CONTINUOUS
10
1.7436566929133859
20
1.205303937007874
11
1.7417497637795276
21
1.2093933070866141
0
LINE
8
BLACK
6
CONTINUOUS
10
1.7417497637795276
20
1.2093933070866141
11
1.7413070866141731
21
1.2127559055118109
0
LINE
8
BLACK
6
CONTINUOUS
10
1.7413070866141731
20
1.2127559055118109
11
1.7413070866141731
21
1.2324409448818898
0
LINE
8
BLACK
6
CONTINUOUS
10
1.7413070866141731
20
1.2324409448818898
11
1.7417497637795276
21
1.2358035433070866
0
LINE
8
BLACK
6
CONTINUOUS
10
1.7417497637795276
20
1.2358035433070866
11
1.7436566929133859
21
1.2398929133858267
0
LINE
8
BLACK
6
CONTINUOUS
10
1.7436566929133859
20
1.2398929133858267
11
1.7468472440944882
21
1.2430834645669291
0
LINE
8
BLACK
6
CONTINUOUS
10
1.7468472440944882
20
1.2430834645669291
11
1.7509366141732283
21
1.2449903937007873
0
LINE
8
BLACK
6
CONTINUOUS
10
1.7509366141732283
20
1.2449903937007873
11
1.7542992125984251
21
1.2454330708661416
0
LINE
8
BLACK
6
CONTINUOUS
10
1.7542992125984251
20
1.2454330708661416
11
1.7917007874015747
21
1.2454330708661416
0
LINE
8
BLACK
6
CONTINUOUS
10
1.7917007874015747
20
1.2454330708661416
11
1.7950633858267717
21
1.2449903937007873
0
LINE
8
BLACK
6
CONTINUOUS
10
1.2473234251968504
20
1.2422405511811023
11
1.2483452362204723
21
1.2415578346456693
0
LINE
8
BLACK
6
CONTINUOUS
10
1.2483452362204723
20
1.2415578346456693
11
1.2490279527559054
21
1.2405360236220473
0
LINE
8
BLACK
6
CONTINUOUS
10
1.2490279527559054
20
1.2405360236220473
11
1.2492677165354331
21
1.2393307086614174
0
LINE
8
BLACK
6
CONTINUOUS
10
1.2492677165354331
20
1.2393307086614174
11
1.2492677165354331
21
1.2176771653543306
0
LINE
8
BLACK
6
CONTINUOUS
10
1.2492677165354331
20
1.2176771653543306
11
1.2490279527559054
21
1.2164718503937006
0
LINE
8
BLACK
6
CONTINUOUS
10
1.2490279527559054
20
1.2164718503937006
11
1.2483452362204723
21
1.2154500393700787
0
LINE
8
BLACK
6
CONTINUOUS
10
1.2483452362204723
20
1.2154500393700787
11
1.2473234251968504
21
1.2147673228346456
0
LINE
8
BLACK
6
CONTINUOUS
10
1.2473234251968504
20
1.2147673228346456
11
1.2461181102362204
21
1.2145275590551181
0
LINE
8
BLACK
6
CONTINUOUS
10
1.2461181102362204
20
1.2145275590551181
11
1.1870629921259843
21
1.2145275590551181
0
LINE
8
BLACK
6
CONTINUOUS
10
1.1870629921259843
20
1.2145275590551181
11
1.1858576771653544
21
1.2147673228346456
0
LINE
8
BLACK
6
CONTINUOUS
10
1.1858576771653544
20
1.2147673228346456
11
1.1848358661417322
21
1.2154500393700787
0
LINE
8
BLACK
6
CONTINUOUS
10
1.1848358661417322
20
1.2154500393700787
11
1.1841531496062991
21
1.2164718503937006
0
LINE
8
BLACK
6
CONTINUOUS
10
1.1841531496062991
20
1.2164718503937006
11
1.1839133858267716
21
1.2176771653543306
0
LINE
8
BLACK
6
CONTINUOUS
10
1.1839133858267716
20
1.2176771653543306
11
1.1839133858267716
21
1.2393307086614174
0
LINE
8
BLACK
6
CONTINUOUS
10
1.1839133858267716
20
1.2393307086614174
11
1.1841531496062991
21
1.2405360236220473
0
LINE
8
BLACK
6
CONTINUOUS
10
1.1841531496062991
20
1.2405360236220473
11
1.1848358661417322
21
1.2415578346456693
0
LINE
8
BLACK
6
CONTINUOUS
10
1.1848358661417322
20
1.2415578346456693
11
1.1858576771653544
21
1.2422405511811023
0
LINE
8
BLACK
6
CONTINUOUS
10
1.1858576771653544
20
1.2422405511811023
11
1.1870629921259843
21
1.2424803149606298
0
LINE
8
BLACK
6
CONTINUOUS
10
1.1870629921259843
20
1.2424803149606298
11
1.2461181102362204
21
1.2424803149606298
0
LINE
8
BLACK
6
CONTINUOUS
10
1.2461181102362204
20
1.2424803149606298
11
1.2473234251968504
21
1.2422405511811023
0
LINE
8
BLACK
6
CONTINUOUS
10
1.6961423228346457
20
1.2422405511811023
11
1.6971641338582677
21
1.2415578346456693
0
LINE
8
BLACK
6
CONTINUOUS
10
1.6971641338582677
20
1.2415578346456693
11
1.6978468503937008
21
1.2405360236220473
0
LINE
8
BLACK
6
CONTINUOUS
10
1.6978468503937008
20
1.2405360236220473
11
1.6980866141732283
21
1.2393307086614174
0
LINE
8
BLACK
6
CONTINUOUS
10
1.6980866141732283
20
1.2393307086614174
11
1.6980866141732283
21
1.2176771653543306
0
LINE
8
BLACK
6
CONTINUOUS
10
1.6980866141732283
20
1.2176771653543306
11
1.6978468503937008
21
1.2164718503937006
0
LINE
8
BLACK
6
CONTINUOUS
10
1.6978468503937008
20
1.2164718503937006
11
1.6971641338582677
21
1.2154500393700787
0
LINE
8
BLACK
6
CONTINUOUS
10
1.6971641338582677
20
1.2154500393700787
11
1.6961423228346457
21
1.2147673228346456
0
LINE
8
BLACK
6
CONTINUOUS
10
1.6961423228346457
20
1.2147673228346456
11
1.6949370078740158
21
1.2145275590551181
0
LINE
8
BLACK
6
CONTINUOUS
10
1.6949370078740158
20
1.2145275590551181
11
1.6358818897637795
21
1.2145275590551181
0
LINE
8
BLACK
6
CONTINUOUS
10
1.6358818897637795
20
1.2145275590551181
11
1.6346765748031495
21
1.2147673228346456
0
LINE
8
BLACK
6
CONTINUOUS
10
1.6346765748031495
20
1.2147673228346456
11
1.6336547637795276
21
1.2154500393700787
0
LINE
8
BLACK
6
CONTINUOUS
10
1.6336547637795276
20
1.2154500393700787
11
1.6329720472440945
21
1.2164718503937006
0
LINE
8
BLACK
6
CONTINUOUS
10
1.6329720472440945
20
1.2164718503937006
11
1.632732283464567
21
1.2176771653543306
0
LINE
8
BLACK
6
CONTINUOUS
10
1.632732283464567
20
1.2176771653543306
11
1.632732283464567
21
1.2393307086614174
0
LINE
8
BLACK
6
CONTINUOUS
10
1.632732283464567
20
1.2393307086614174
11
1.6329720472440945
21
1.2405360236220473
0
LINE
8
BLACK
6
CONTINUOUS
10
1.6329720472440945
20
1.2405360236220473
11
1.6336547637795276
21
1.2415578346456693
0
LINE
8
BLACK
6
CONTINUOUS
10
1.6336547637795276
20
1.2415578346456693
11
1.6346765748031495
21
1.2422405511811023
0
LINE
8
BLACK
6
CONTINUOUS
10
1.6346765748031495
20
1.2422405511811023
11
1.6358818897637795
21
1.2424803149606298
0
LINE
8
BLACK
6
CONTINUOUS
10
1.6358818897637795
20
1.2424803149606298
11
1.6949370078740158
21
1.2424803149606298
0
LINE
8
BLACK
6
CONTINUOUS
10
1.6949370078740158
20
1.2424803149606298
11
1.6961423228346457
21
1.2422405511811023
0
LINE
8
BLACK
6
CONTINUOUS
10
0.6327720472440945
20
1.2792659842519685
11
0.6368614173228346
21
1.2773590551181102
0
LINE
8
BLACK
6
CONTINUOUS
10
0.6368614173228346
20
1.2773590551181102
11
0.640051968503937
21
1.2741685039370079
0
LINE
8
BLACK
6
CONTINUOUS
10
0.640051968503937
20
1.2741685039370079
11
0.6419588976377952
21
1.2700791338582678
0
LINE
8
BLACK
6
CONTINUOUS
10
0.6419588976377952
20
1.2700791338582678
11
0.6424015748031496
21
1.2667165354330709
0
LINE
8
BLACK
6
CONTINUOUS
10
0.6424015748031496
20
1.2667165354330709
11
0.6424015748031496
21
1.2312834645669291
0
LINE
8
BLACK
6
CONTINUOUS
10
0.6424015748031496
20
1.2312834645669291
11
0.6419588976377952
21
1.2279208661417322
0
LINE
8
BLACK
6
CONTINUOUS
10
0.6419588976377952
20
1.2279208661417322
11
0.640051968503937
21
1.2238314960629921
0
LINE
8
BLACK
6
CONTINUOUS
10
0.640051968503937
20
1.2238314960629921
11
0.6368614173228346
21
1.2206409448818898
0
LINE
8
BLACK
6
CONTINUOUS
10
0.6368614173228346
20
1.2206409448818898
11
0.6327720472440945
21
1.2187340157480315
0
LINE
8
BLACK
6
CONTINUOUS
10
0.6327720472440945
20
1.2187340157480315
11
0.6294094488188976
21
1.2182913385826772
0
LINE
8
BLACK
6
CONTINUOUS
10
0.6294094488188976
20
1.2182913385826772
11
0.608740157480315
21
1.2182913385826772
0
LINE
8
BLACK
6
CONTINUOUS
10
0.608740157480315
20
1.2182913385826772
11
0.6053775590551181
21
1.2187340157480315
0
LINE
8
BLACK
6
CONTINUOUS
10
0.6053775590551181
20
1.2187340157480315
11
0.6012881889763779
21
1.2206409448818898
0
LINE
8
BLACK
6
CONTINUOUS
10
0.6012881889763779
20
1.2206409448818898
11
0.5980976377952756
21
1.2238314960629921
0
LINE
8
BLACK
6
CONTINUOUS
10
0.5980976377952756
20
1.2238314960629921
11
0.5961907086614173
21
1.2279208661417322
0
LINE
8
BLACK
6
CONTINUOUS
10
0.5961907086614173
20
1.2279208661417322
11
0.5957480314960629
21
1.2312834645669291
0
LINE
8
BLACK
6
CONTINUOUS
10
0.5957480314960629
20
1.2312834645669291
11
0.5957480314960629
21
1.2667165354330709
0
LINE
8
BLACK
6
CONTINUOUS
10
0.5957480314960629
20
1.2667165354330709
11
0.5961907086614173
21
1.2700791338582678
0
LINE
8
BLACK
6
CONTINUOUS
10
0.5961907086614173
20
1.2700791338582678
11
0.5980976377952756
21
1.2741685039370079
0
LINE
8
BLACK
6
CONTINUOUS
10
0.5980976377952756
20
1.2741685039370079
11
0.6012881889763779
21
1.2773590551181102
0
LINE
8
BLACK
6
CONTINUOUS
10
0.6012881889763779
20
1.2773590551181102
11
0.6053775590551181
21
1.2792659842519685
0
LINE
8
BLACK
6
CONTINUOUS
10
0.6053775590551181
20
1.2792659842519685
11
0.608740157480315
21
1.2797086614173228
0
LINE
8
BLACK
6
CONTINUOUS
10
0.608740157480315
20
1.2797086614173228
11
0.6294094488188976
21
1.2797086614173228
0
LINE
8
BLACK
6
CONTINUOUS
10
0.6294094488188976
20
1.2797086614173228
11
0.6327720472440945
21
1.2792659842519685
0
LINE
8
BLACK
6
CONTINUOUS
10
0.7046224409448819
20
1.2792659842519685
11
0.708711811023622
21
1.2773590551181102
0
LINE
8
BLACK
6
CONTINUOUS
10
0.708711811023622
20
1.2773590551181102
11
0.7119023622047244
21
1.2741685039370079
0
LINE
8
BLACK
6
CONTINUOUS
10
0.7119023622047244
20
1.2741685039370079
11
0.7138092913385826
21
1.2700791338582678
0
LINE
8
BLACK
6
CONTINUOUS
10
0.7138092913385826
20
1.2700791338582678
11
0.714251968503937
21
1.2667165354330709
0
LINE
8
BLACK
6
CONTINUOUS
10
0.714251968503937
20
1.2667165354330709
11
0.714251968503937
21
1.2312834645669291
0
LINE
8
BLACK
6
CONTINUOUS
10
0.714251968503937
20
1.2312834645669291
11
0.7138092913385826
21
1.2279208661417322
0
LINE
8
BLACK
6
CONTINUOUS
10
0.7138092913385826
20
1.2279208661417322
11
0.7119023622047244
21
1.2238314960629921
0
LINE
8
BLACK
6
CONTINUOUS
10
0.7119023622047244
20
1.2238314960629921
11
0.708711811023622
21
1.2206409448818898
0
LINE
8
BLACK
6
CONTINUOUS
10
0.708711811023622
20
1.2206409448818898
11
0.7046224409448819
21
1.2187340157480315
0
LINE
8
BLACK
6
CONTINUOUS
10
0.7046224409448819
20
1.2187340157480315
11
0.701259842519685
21
1.2182913385826772
0
LINE
8
BLACK
6
CONTINUOUS
10
0.701259842519685
20
1.2182913385826772
11
0.6805905511811023
21
1.2182913385826772
0
LINE
8
BLACK
6
CONTINUOUS
10
0.6805905511811023
20
1.2182913385826772
11
0.6772279527559055
21
1.2187340157480315
0
LINE
8
BLACK
6
CONTINUOUS
10
0.6772279527559055
20
1.2187340157480315
11
0.6731385826771653
21
1.2206409448818898
0
LINE
8
BLACK
6
CONTINUOUS
10
0.6731385826771653
20
1.2206409448818898
11
0.669948031496063
21
1.2238314960629921
0
LINE
8
BLACK
6
CONTINUOUS
10
0.669948031496063
20
1.2238314960629921
11
0.6680411023622047
21
1.2279208661417322
0
LINE
8
BLACK
6
CONTINUOUS
10
0.6680411023622047
20
1.2279208661417322
11
0.6675984251968504
21
1.2312834645669291
0
LINE
8
BLACK
6
CONTINUOUS
10
0.6675984251968504
20
1.2312834645669291
11
0.6675984251968504
21
1.2667165354330709
0
LINE
8
BLACK
6
CONTINUOUS
10
0.6675984251968504
20
1.2667165354330709
11
0.6680411023622047
21
1.2700791338582678
0
LINE
8
BLACK
6
CONTINUOUS
10
0.6680411023622047
20
1.2700791338582678
11
0.669948031496063
21
1.2741685039370079
0
LINE
8
BLACK
6
CONTINUOUS
10
0.669948031496063
20
1.2741685039370079
11
0.6731385826771653
21
1.2773590551181102
0
LINE
8
BLACK
6
CONTINUOUS
10
0.6731385826771653
20
1.2773590551181102
11
0.6772279527559055
21
1.2792659842519685
0
LINE
8
BLACK
6
CONTINUOUS
10
0.6772279527559055
20
1.2792659842519685
11
0.6805905511811023
21
1.2797086614173228
0
LINE
8
BLACK
6
CONTINUOUS
10
0.6805905511811023
20
1.2797086614173228
11
0.701259842519685
21
1.2797086614173228
0
LINE
8
BLACK
6
CONTINUOUS
10
0.701259842519685
20
1.2797086614173228
11
0.7046224409448819
21
1.2792659842519685
0
LINE
8
BLACK
6
CONTINUOUS
10
3.4307854724409448
20
1.2845680708661418
11
3.4348748425196849
21
1.2826611417322835
0
LINE
8
BLACK
6
CONTINUOUS
10
3.4348748425196849
20
1.2826611417322835
11
3.4380653937007875
21
1.2794705905511812
0
LINE
8
BLACK
6
CONTINUOUS
10
3.4380653937007875
20
1.2794705905511812
11
3.4399723228346457
21
1.2753812204724408
0
LINE
8
BLACK
6
CONTINUOUS
10
3.4399723228346457
20
1.2753812204724408
11
3.4404149999999998
21
1.272018622047244
0
LINE
8
BLACK
6
CONTINUOUS
10
3.4404149999999998
20
1.272018622047244
11
3.4404149999999998
21
1.2365855511811024
0
LINE
8
BLACK
6
CONTINUOUS
10
3.4404149999999998
20
1.2365855511811024
11
3.4399723228346457
21
1.2332229527559055
0
LINE
8
BLACK
6
CONTINUOUS
10
3.4399723228346457
20
1.2332229527559055
11
3.4380653937007875
21
1.2291335826771654
0
LINE
8
BLACK
6
CONTINUOUS
10
3.4380653937007875
20
1.2291335826771654
11
3.4348748425196849
21
1.2259430314960629
0
LINE
8
BLACK
6
CONTINUOUS
10
3.4348748425196849
20
1.2259430314960629
11
3.4307854724409448
21
1.2240361023622046
0
LINE
8
BLACK
6
CONTINUOUS
10
3.4307854724409448
20
1.2240361023622046
11
3.4274228740157477
21
1.2235934251968503
0
LINE
8
BLACK
6
CONTINUOUS
10
3.4274228740157477
20
1.2235934251968503
11
3.4067535826771653
21
1.2235934251968503
0
LINE
8
BLACK
6
CONTINUOUS
10
3.4067535826771653
20
1.2235934251968503
11
3.4033909842519683
21
1.2240361023622046
0
LINE
8
BLACK
6
CONTINUOUS
10
3.4033909842519683
20
1.2240361023622046
11
3.3993016141732282
21
1.2259430314960629
0
LINE
8
BLACK
6
CONTINUOUS
10
3.3993016141732282
20
1.2259430314960629
11
3.3961110629921261
21
1.2291335826771654
0
LINE
8
BLACK
6
CONTINUOUS
10
3.3961110629921261
20
1.2291335826771654
11
3.3942041338582678
21
1.2332229527559055
0
LINE
8
BLACK
6
CONTINUOUS
10
3.3942041338582678
20
1.2332229527559055
11
3.3937614566929133
21
1.2365855511811024
0
LINE
8
BLACK
6
CONTINUOUS
10
3.3937614566929133
20
1.2365855511811024
11
3.3937614566929133
21
1.272018622047244
0
LINE
8
BLACK
6
CONTINUOUS
10
3.3937614566929133
20
1.272018622047244
11
3.3942041338582678
21
1.2753812204724408
0
LINE
8
BLACK
6
CONTINUOUS
10
3.3942041338582678
20
1.2753812204724408
11
3.3961110629921261
21
1.2794705905511812
0
LINE
8
BLACK
6
CONTINUOUS
10
3.3961110629921261
20
1.2794705905511812
11
3.3993016141732282
21
1.2826611417322835
0
LINE
8
BLACK
6
CONTINUOUS
10
3.3993016141732282
20
1.2826611417322835
11
3.4033909842519683
21
1.2845680708661418
0
LINE
8
BLACK
6
CONTINUOUS
10
3.4033909842519683
20
1.2845680708661418
11
3.4067535826771653
21
1.2850107480314961
0
LINE
8
BLACK
6
CONTINUOUS
10
3.4067535826771653
20
1.2850107480314961
11
3.4274228740157477
21
1.2850107480314961
0
LINE
8
BLACK
6
CONTINUOUS
10
3.4274228740157477
20
1.2850107480314961
11
3.4307854724409448
21
1.2845680708661418
0
LINE
8
BLACK
6
CONTINUOUS
10
3.5026358661417323
20
1.2845680708661418
11
3.5067252362204724
21
1.2826611417322835
0
LINE
8
BLACK
6
CONTINUOUS
10
3.5067252362204724
20
1.2826611417322835
11
3.5099157874015745
21
1.2794705905511812
0
LINE
8
BLACK
6
CONTINUOUS
10
3.5099157874015745
20
1.2794705905511812
11
3.5118227165354332
21
1.2753812204724408
0
LINE
8
BLACK
6
CONTINUOUS
10
3.5118227165354332
20
1.2753812204724408
11
3.5122653937007873
21
1.272018622047244
0
LINE
8
BLACK
6
CONTINUOUS
10
3.5122653937007873
20
1.272018622047244
11
3.5122653937007873
21
1.2365855511811024
0
LINE
8
BLACK
6
CONTINUOUS
10
3.5122653937007873
20
1.2365855511811024
11
3.5118227165354332
21
1.2332229527559055
0
LINE
8
BLACK
6
CONTINUOUS
10
3.5118227165354332
20
1.2332229527559055
11
3.5099157874015745
21
1.2291335826771654
0
LINE
8
BLACK
6
CONTINUOUS
10
3.5099157874015745
20
1.2291335826771654
11
3.5067252362204724
21
1.2259430314960629
0
LINE
8
BLACK
6
CONTINUOUS
10
3.5067252362204724
20
1.2259430314960629
11
3.5026358661417323
21
1.2240361023622046
0
LINE
8
BLACK
6
CONTINUOUS
10
3.5026358661417323
20
1.2240361023622046
11
3.4992732677165352
21
1.2235934251968503
0
LINE
8
BLACK
6
CONTINUOUS
10
3.4992732677165352
20
1.2235934251968503
11
3.4786039763779528
21
1.2235934251968503
0
LINE
8
BLACK
6
CONTINUOUS
10
3.4786039763779528
20
1.2235934251968503
11
3.4752413779527558
21
1.2240361023622046
0
LINE
8
BLACK
6
CONTINUOUS
10
3.4752413779527558
20
1.2240361023622046
11
3.4711520078740157
21
1.2259430314960629
0
LINE
8
BLACK
6
CONTINUOUS
10
3.4711520078740157
20
1.2259430314960629
11
3.4679614566929131
21
1.2291335826771654
0
LINE
8
BLACK
6
CONTINUOUS
10
3.4679614566929131
20
1.2291335826771654
11
3.4660545275590549
21
1.2332229527559055
0
LINE
8
BLACK
6
CONTINUOUS
10
3.4660545275590549
20
1.2332229527559055
11
3.4656118503937008
21
1.2365855511811024
0
LINE
8
BLACK
6
CONTINUOUS
10
3.4656118503937008
20
1.2365855511811024
11
3.4656118503937008
21
1.272018622047244
0
LINE
8
BLACK
6
CONTINUOUS
10
3.4656118503937008
20
1.272018622047244
11
3.4660545275590549
21
1.2753812204724408
0
LINE
8
BLACK
6
CONTINUOUS
10
3.4660545275590549
20
1.2753812204724408
11
3.4679614566929131
21
1.2794705905511812
0
LINE
8
BLACK
6
CONTINUOUS
10
3.4679614566929131
20
1.2794705905511812
11
3.4711520078740157
21
1.2826611417322835
0
LINE
8
BLACK
6
CONTINUOUS
10
3.4711520078740157
20
1.2826611417322835
11
3.4752413779527558
21
1.2845680708661418
0
LINE
8
BLACK
6
CONTINUOUS
10
3.4752413779527558
20
1.2845680708661418
11
3.4786039763779528
21
1.2850107480314961
0
LINE
8
BLACK
6
CONTINUOUS
10
3.4786039763779528
20
1.2850107480314961
11
3.4992732677165352
21
1.2850107480314961
0
LINE
8
BLACK
6
CONTINUOUS
10
3.4992732677165352
20
1.2850107480314961
11
3.5026358661417323
21
1.2845680708661418
0
LINE
8
BLACK
6
CONTINUOUS
10
1.0893625590551181
20
1.275636062992126
11
1.0934519291338582
21
1.2737291338582677
0
LINE
8
BLACK
6
CONTINUOUS
10
1.0934519291338582
20
1.2737291338582677
11
1.0966424803149606
21
1.2705385826771654
0
LINE
8
BLACK
6
CONTINUOUS
10
1.0966424803149606
20
1.2705385826771654
11
1.0985494094488188
21
1.2664492125984252
0
LINE
8
BLACK
6
CONTINUOUS
10
1.0985494094488188
20
1.2664492125984252
11
1.0989920866141731
21
1.2630866141732284
0
LINE
8
BLACK
6
CONTINUOUS
10
1.0989920866141731
20
1.2630866141732284
11
1.0989920866141731
21
1.2434015748031495
0
LINE
8
BLACK
6
CONTINUOUS
10
1.0989920866141731
20
1.2434015748031495
11
1.0985494094488188
21
1.2400389763779527
0
LINE
8
BLACK
6
CONTINUOUS
10
1.0985494094488188
20
1.2400389763779527
11
1.0966424803149606
21
1.2359496062992126
0
LINE
8
BLACK
6
CONTINUOUS
10
1.0966424803149606
20
1.2359496062992126
11
1.0934519291338582
21
1.2327590551181102
0
LINE
8
BLACK
6
CONTINUOUS
10
1.0934519291338582
20
1.2327590551181102
11
1.0893625590551181
21
1.230852125984252
0
LINE
8
BLACK
6
CONTINUOUS
10
1.0893625590551181
20
1.230852125984252
11
1.0859999606299213
21
1.2304094488188977
0
LINE
8
BLACK
6
CONTINUOUS
10
1.0859999606299213
20
1.2304094488188977
11
1.0485983858267716
21
1.2304094488188977
0
LINE
8
BLACK
6
CONTINUOUS
10
1.0485983858267716
20
1.2304094488188977
11
1.0452357874015747
21
1.230852125984252
0
LINE
8
BLACK
6
CONTINUOUS
10
1.0452357874015747
20
1.230852125984252
11
1.0411464173228346
21
1.2327590551181102
0
LINE
8
BLACK
6
CONTINUOUS
10
1.0411464173228346
20
1.2327590551181102
11
1.0379558661417323
21
1.2359496062992126
0
LINE
8
BLACK
6
CONTINUOUS
10
1.0379558661417323
20
1.2359496062992126
11
1.036048937007874
21
1.2400389763779527
0
LINE
8
BLACK
6
CONTINUOUS
10
1.036048937007874
20
1.2400389763779527
11
1.0356062598425197
21
1.2434015748031495
0
LINE
8
BLACK
6
CONTINUOUS
10
1.0356062598425197
20
1.2434015748031495
11
1.0356062598425197
21
1.2630866141732284
0
LINE
8
BLACK
6
CONTINUOUS
10
1.0356062598425197
20
1.2630866141732284
11
1.036048937007874
21
1.2664492125984252
0
LINE
8
BLACK
6
CONTINUOUS
10
1.036048937007874
20
1.2664492125984252
11
1.0379558661417323
21
1.2705385826771654
0
LINE
8
BLACK
6
CONTINUOUS
10
1.0379558661417323
20
1.2705385826771654
11
1.0411464173228346
21
1.2737291338582677
0
LINE
8
BLACK
6
CONTINUOUS
10
1.0411464173228346
20
1.2737291338582677
11
1.0452357874015747
21
1.275636062992126
0
LINE
8
BLACK
6
CONTINUOUS
10
1.0452357874015747
20
1.275636062992126
11
1.0485983858267716
21
1.2760787401574802
0
LINE
8
BLACK
6
CONTINUOUS
10
1.0485983858267716
20
1.2760787401574802
11
1.0859999606299213
21
1.2760787401574802
0
LINE
8
BLACK
6
CONTINUOUS
10
1.0859999606299213
20
1.2760787401574802
11
1.0893625590551181
21
1.275636062992126
0
LINE
8
BLACK
6
CONTINUOUS
10
3.6032264173228348
20
1.2985444488188975
11
3.6073157874015749
21
1.2966375196850393
0
LINE
8
BLACK
6
CONTINUOUS
10
3.6073157874015749
20
1.2966375196850393
11
3.610506338582677
21
1.2934469685039369
0
LINE
8
BLACK
6
CONTINUOUS
10
3.610506338582677
20
1.2934469685039369
11
3.6124132677165353
21
1.2893575984251968
0
LINE
8
BLACK
6
CONTINUOUS
10
3.6124132677165353
20
1.2893575984251968
11
3.6128559448818898
21
1.285995
0
LINE
8
BLACK
6
CONTINUOUS
10
3.6128559448818898
20
1.285995
11
3.6128559448818898
21
1.2485934251968505
0
LINE
8
BLACK
6
CONTINUOUS
10
3.6128559448818898
20
1.2485934251968505
11
3.6124132677165353
21
1.2452308267716534
0
LINE
8
BLACK
6
CONTINUOUS
10
3.6124132677165353
20
1.2452308267716534
11
3.610506338582677
21
1.2411414566929133
0
LINE
8
BLACK
6
CONTINUOUS
10
3.610506338582677
20
1.2411414566929133
11
3.6073157874015749
21
1.237950905511811
0
LINE
8
BLACK
6
CONTINUOUS
10
3.6073157874015749
20
1.237950905511811
11
3.6032264173228348
21
1.2360439763779527
0
LINE
8
BLACK
6
CONTINUOUS
10
3.6032264173228348
20
1.2360439763779527
11
3.5998638188976377
21
1.2356012992125984
0
LINE
8
BLACK
6
CONTINUOUS
10
3.5998638188976377
20
1.2356012992125984
11
3.580178779527559
21
1.2356012992125984
0
LINE
8
BLACK
6
CONTINUOUS
10
3.580178779527559
20
1.2356012992125984
11
3.576816181102362
21
1.2360439763779527
0
LINE
8
BLACK
6
CONTINUOUS
10
3.576816181102362
20
1.2360439763779527
11
3.5727268110236219
21
1.237950905511811
0
LINE
8
BLACK
6
CONTINUOUS
10
3.5727268110236219
20
1.237950905511811
11
3.5695362598425198
21
1.2411414566929133
0
LINE
8
BLACK
6
CONTINUOUS
10
3.5695362598425198
20
1.2411414566929133
11
3.5676293307086615
21
1.2452308267716534
0
LINE
8
BLACK
6
CONTINUOUS
10
3.5676293307086615
20
1.2452308267716534
11
3.567186653543307
21
1.2485934251968505
0
LINE
8
BLACK
6
CONTINUOUS
10
3.567186653543307
20
1.2485934251968505
11
3.567186653543307
21
1.285995
0
LINE
8
BLACK
6
CONTINUOUS
10
3.567186653543307
20
1.285995
11
3.5676293307086615
21
1.2893575984251968
0
LINE
8
BLACK
6
CONTINUOUS
10
3.5676293307086615
20
1.2893575984251968
11
3.5695362598425198
21
1.2934469685039369
0
LINE
8
BLACK
6
CONTINUOUS
10
3.5695362598425198
20
1.2934469685039369
11
3.5727268110236219
21
1.2966375196850393
0
LINE
8
BLACK
6
CONTINUOUS
10
3.5727268110236219
20
1.2966375196850393
11
3.576816181102362
21
1.2985444488188975
0
LINE
8
BLACK
6
CONTINUOUS
10
3.576816181102362
20
1.2985444488188975
11
3.580178779527559
21
1.298987125984252
0
LINE
8
BLACK
6
CONTINUOUS
10
3.580178779527559
20
1.298987125984252
11
3.5998638188976377
21
1.298987125984252
0
LINE
8
BLACK
6
CONTINUOUS
10
3.5998638188976377
20
1.298987125984252
11
3.6032264173228348
21
1.2985444488188975
0
LINE
8
BLACK
6
CONTINUOUS
10
3.6780295669291339
20
1.2985444488188975
11
3.682118937007874
21
1.2966375196850393
0
LINE
8
BLACK
6
CONTINUOUS
10
3.682118937007874
20
1.2966375196850393
11
3.6853094881889761
21
1.2934469685039369
0
LINE
8
BLACK
6
CONTINUOUS
10
3.6853094881889761
20
1.2934469685039369
11
3.6872164173228348
21
1.2893575984251968
0
LINE
8
BLACK
6
CONTINUOUS
10
3.6872164173228348
20
1.2893575984251968
11
3.6876590944881888
21
1.285995
0
LINE
8
BLACK
6
CONTINUOUS
10
3.6876590944881888
20
1.285995
11
3.6876590944881888
21
1.2485934251968505
0
LINE
8
BLACK
6
CONTINUOUS
10
3.6876590944881888
20
1.2485934251968505
11
3.6872164173228348
21
1.2452308267716534
0
LINE
8
BLACK
6
CONTINUOUS
10
3.6872164173228348
20
1.2452308267716534
11
3.6853094881889761
21
1.2411414566929133
0
LINE
8
BLACK
6
CONTINUOUS
10
3.6853094881889761
20
1.2411414566929133
11
3.682118937007874
21
1.237950905511811
0
LINE
8
BLACK
6
CONTINUOUS
10
3.682118937007874
20
1.237950905511811
11
3.6780295669291339
21
1.2360439763779527
0
LINE
8
BLACK
6
CONTINUOUS
10
3.6780295669291339
20
1.2360439763779527
11
3.6746669685039368
21
1.2356012992125984
0
LINE
8
BLACK
6
CONTINUOUS
10
3.6746669685039368
20
1.2356012992125984
11
3.6549819291338581
21
1.2356012992125984
0
LINE
8
BLACK
6
CONTINUOUS
10
3.6549819291338581
20
1.2356012992125984
11
3.6516193307086615
21
1.2360439763779527
0
LINE
8
BLACK
6
CONTINUOUS
10
3.6516193307086615
20
1.2360439763779527
11
3.647529960629921
21
1.237950905511811
0
LINE
8
BLACK
6
CONTINUOUS
10
3.647529960629921
20
1.237950905511811
11
3.6443394094488188
21
1.2411414566929133
0
LINE
8
BLACK
6
CONTINUOUS
10
3.6443394094488188
20
1.2411414566929133
11
3.6424324803149606
21
1.2452308267716534
0
LINE
8
BLACK
6
CONTINUOUS
10
3.6424324803149606
20
1.2452308267716534
11
3.6419898031496061
21
1.2485934251968505
0
LINE
8
BLACK
6
CONTINUOUS
10
3.6419898031496061
20
1.2485934251968505
11
3.6419898031496061
21
1.285995
0
LINE
8
BLACK
6
CONTINUOUS
10
3.6419898031496061
20
1.285995
11
3.6424324803149606
21
1.2893575984251968
0
LINE
8
BLACK
6
CONTINUOUS
10
3.6424324803149606
20
1.2893575984251968
11
3.6443394094488188
21
1.2934469685039369
0
LINE
8
BLACK
6
CONTINUOUS
10
3.6443394094488188
20
1.2934469685039369
11
3.647529960629921
21
1.2966375196850393
0
LINE
8
BLACK
6
CONTINUOUS
10
3.647529960629921
20
1.2966375196850393
11
3.6516193307086615
21
1.2985444488188975
0
LINE
8
BLACK
6
CONTINUOUS
10
3.6516193307086615
20
1.2985444488188975
11
3.6549819291338581
21
1.298987125984252
0
LINE
8
BLACK
6
CONTINUOUS
10
3.6549819291338581
20
1.298987125984252
11
3.6746669685039368
21
1.298987125984252
0
LINE
8
BLACK
6
CONTINUOUS
10
3.6746669685039368
20
1.298987125984252
11
3.6780295669291339
21
1.2985444488188975
0
LINE
8
BLACK
6
CONTINUOUS
10
0.2880082677165354
20
1.3171557480314959
11
0.2920976377952756
21
1.3152488188976377
0
LINE
8
BLACK
6
CONTINUOUS
10
0.2920976377952756
20
1.3152488188976377
11
0.2952881889763779
21
1.3120582677165353
0
LINE
8
BLACK
6
CONTINUOUS
10
0.2952881889763779
20
1.3120582677165353
11
0.2971951181102362
21
1.3079688976377952
0
LINE
8
BLACK
6
CONTINUOUS
10
0.2971951181102362
20
1.3079688976377952
11
0.2976377952755905
21
1.3046062992125984
0
LINE
8
BLACK
6
CONTINUOUS
10
0.2976377952755905
20
1.3046062992125984
11
0.2976377952755905
21
1.2553937007874016
0
LINE
8
BLACK
6
CONTINUOUS
10
0.2976377952755905
20
1.2553937007874016
11
0.2971951181102362
21
1.2520311023622046
0
LINE
8
BLACK
6
CONTINUOUS
10
0.2971951181102362
20
1.2520311023622046
11
0.2952881889763779
21
1.2479417322834645
0
LINE
8
BLACK
6
CONTINUOUS
10
0.2952881889763779
20
1.2479417322834645
11
0.2920976377952756
21
1.2447511811023622
0
LINE
8
BLACK
6
CONTINUOUS
10
0.2920976377952756
20
1.2447511811023622
11
0.2880082677165354
21
1.2428442519685039
0
LINE
8
BLACK
6
CONTINUOUS
10
0.2880082677165354
20
1.2428442519685039
11
0.2846456692913386
21
1.2424015748031496
0
LINE
8
BLACK
6
CONTINUOUS
10
0.2846456692913386
20
1.2424015748031496
11
0.2551181102362204
21
1.2424015748031496
0
LINE
8
BLACK
6
CONTINUOUS
10
0.2551181102362204
20
1.2424015748031496
11
0.2517555118110236
21
1.2428442519685039
0
LINE
8
BLACK
6
CONTINUOUS
10
0.2517555118110236
20
1.2428442519685039
11
0.2476661417322835
21
1.2447511811023622
0
LINE
8
BLACK
6
CONTINUOUS
10
0.2476661417322835
20
1.2447511811023622
11
0.2444755905511811
21
1.2479417322834645
0
LINE
8
BLACK
6
CONTINUOUS
10
0.2444755905511811
20
1.2479417322834645
11
0.2425686614173228
21
1.2520311023622046
0
LINE
8
BLACK
6
CONTINUOUS
10
0.2425686614173228
20
1.2520311023622046
11
0.2421259842519685
21
1.2553937007874016
0
LINE
8
BLACK
6
CONTINUOUS
10
0.2421259842519685
20
1.2553937007874016
11
0.2421259842519685
21
1.3046062992125984
0
LINE
8
BLACK
6
CONTINUOUS
10
0.2421259842519685
20
1.3046062992125984
11
0.2425686614173228
21
1.3079688976377952
0
LINE
8
BLACK
6
CONTINUOUS
10
0.2425686614173228
20
1.3079688976377952
11
0.2444755905511811
21
1.3120582677165353
0
LINE
8
BLACK
6
CONTINUOUS
10
0.2444755905511811
20
1.3120582677165353
11
0.2476661417322835
21
1.3152488188976377
0
LINE
8
BLACK
6
CONTINUOUS
10
0.2476661417322835
20
1.3152488188976377
11
0.2517555118110236
21
1.3171557480314959
0
LINE
8
BLACK
6
CONTINUOUS
10
0.2517555118110236
20
1.3171557480314959
11
0.2551181102362204
21
1.3175984251968504
0
LINE
8
BLACK
6
CONTINUOUS
10
0.2551181102362204
20
1.3175984251968504
11
0.2846456692913386
21
1.3175984251968504
0
LINE
8
BLACK
6
CONTINUOUS
10
0.2846456692913386
20
1.3175984251968504
11
0.2880082677165354
21
1.3171557480314959
0
LINE
8
BLACK
6
CONTINUOUS
10
0.3982444881889763
20
1.3171557480314959
11
0.4023338582677165
21
1.3152488188976377
0
LINE
8
BLACK
6
CONTINUOUS
10
0.4023338582677165
20
1.3152488188976377
11
0.4055244094488189
21
1.3120582677165353
0
LINE
8
BLACK
6
CONTINUOUS
10
0.4055244094488189
20
1.3120582677165353
11
0.4074313385826772
21
1.3079688976377952
0
LINE
8
BLACK
6
CONTINUOUS
10
0.4074313385826772
20
1.3079688976377952
11
0.4078740157480315
21
1.3046062992125984
0
LINE
8
BLACK
6
CONTINUOUS
10
0.4078740157480315
20
1.3046062992125984
11
0.4078740157480315
21
1.2553937007874016
0
LINE
8
BLACK
6
CONTINUOUS
10
0.4078740157480315
20
1.2553937007874016
11
0.4074313385826772
21
1.2520311023622046
0
LINE
8
BLACK
6
CONTINUOUS
10
0.4074313385826772
20
1.2520311023622046
11
0.4055244094488189
21
1.2479417322834645
0
LINE
8
BLACK
6
CONTINUOUS
10
0.4055244094488189
20
1.2479417322834645
11
0.4023338582677165
21
1.2447511811023622
0
LINE
8
BLACK
6
CONTINUOUS
10
0.4023338582677165
20
1.2447511811023622
11
0.3982444881889763
21
1.2428442519685039
0
LINE
8
BLACK
6
CONTINUOUS
10
0.3982444881889763
20
1.2428442519685039
11
0.3948818897637795
21
1.2424015748031496
0
LINE
8
BLACK
6
CONTINUOUS
10
0.3948818897637795
20
1.2424015748031496
11
0.3653543307086614
21
1.2424015748031496
0
LINE
8
BLACK
6
CONTINUOUS
10
0.3653543307086614
20
1.2424015748031496
11
0.3619917322834645
21
1.2428442519685039
0
LINE
8
BLACK
6
CONTINUOUS
10
0.3619917322834645
20
1.2428442519685039
11
0.3579023622047244
21
1.2447511811023622
0
LINE
8
BLACK
6
CONTINUOUS
10
0.3579023622047244
20
1.2447511811023622
11
0.354711811023622
21
1.2479417322834645
0
LINE
8
BLACK
6
CONTINUOUS
10
0.354711811023622
20
1.2479417322834645
11
0.3528048818897638
21
1.2520311023622046
0
LINE
8
BLACK
6
CONTINUOUS
10
0.3528048818897638
20
1.2520311023622046
11
0.3523622047244094
21
1.2553937007874016
0
LINE
8
BLACK
6
CONTINUOUS
10
0.3523622047244094
20
1.2553937007874016
11
0.3523622047244094
21
1.3046062992125984
0
LINE
8
BLACK
6
CONTINUOUS
10
0.3523622047244094
20
1.3046062992125984
11
0.3528048818897638
21
1.3079688976377952
0
LINE
8
BLACK
6
CONTINUOUS
10
0.3528048818897638
20
1.3079688976377952
11
0.354711811023622
21
1.3120582677165353
0
LINE
8
BLACK
6
CONTINUOUS
10
0.354711811023622
20
1.3120582677165353
11
0.3579023622047244
21
1.3152488188976377
0
LINE
8
BLACK
6
CONTINUOUS
10
0.3579023622047244
20
1.3152488188976377
11
0.3619917322834645
21
1.3171557480314959
0
LINE
8
BLACK
6
CONTINUOUS
10
0.3619917322834645
20
1.3171557480314959
11
0.3653543307086614
21
1.3175984251968504
0
LINE
8
BLACK
6
CONTINUOUS
10
0.3653543307086614
20
1.3175984251968504
11
0.3948818897637795
21
1.3175984251968504
0
LINE
8
BLACK
6
CONTINUOUS
10
0.3948818897637795
20
1.3175984251968504
11
0.3982444881889763
21
1.3171557480314959
0
LINE
8
BLACK
6
CONTINUOUS
10
1.2473234251968504
20
1.2737366141732283
11
1.2483452362204723
21
1.2730538976377952
0
LINE
8
BLACK
6
CONTINUOUS
10
1.2483452362204723
20
1.2730538976377952
11
1.2490279527559054
21
1.2720320866141732
0
LINE
8
BLACK
6
CONTINUOUS
10
1.2490279527559054
20
1.2720320866141732
11
1.2492677165354331
21
1.2708267716535433
0
LINE
8
BLACK
6
CONTINUOUS
10
1.2492677165354331
20
1.2708267716535433
11
1.2492677165354331
21
1.2491732283464567
0
LINE
8
BLACK
6
CONTINUOUS
10
1.2492677165354331
20
1.2491732283464567
11
1.2490279527559054
21
1.2479679133858268
0
LINE
8
BLACK
6
CONTINUOUS
10
1.2490279527559054
20
1.2479679133858268
11
1.2483452362204723
21
1.2469461023622046
0
LINE
8
BLACK
6
CONTINUOUS
10
1.2483452362204723
20
1.2469461023622046
11
1.2473234251968504
21
1.2462633858267715
0
LINE
8
BLACK
6
CONTINUOUS
10
1.2473234251968504
20
1.2462633858267715
11
1.2461181102362204
21
1.246023622047244
0
LINE
8
BLACK
6
CONTINUOUS
10
1.2461181102362204
20
1.246023622047244
11
1.1870629921259843
21
1.246023622047244
0
LINE
8
BLACK
6
CONTINUOUS
10
1.1870629921259843
20
1.246023622047244
11
1.1858576771653544
21
1.2462633858267715
0
LINE
8
BLACK
6
CONTINUOUS
10
1.1858576771653544
20
1.2462633858267715
11
1.1848358661417322
21
1.2469461023622046
0
LINE
8
BLACK
6
CONTINUOUS
10
1.1848358661417322
20
1.2469461023622046
11
1.1841531496062991
21
1.2479679133858268
0
LINE
8
BLACK
6
CONTINUOUS
10
1.1841531496062991
20
1.2479679133858268
11
1.1839133858267716
21
1.2491732283464567
0
LINE
8
BLACK
6
CONTINUOUS
10
1.1839133858267716
20
1.2491732283464567
11
1.1839133858267716
21
1.2708267716535433
0
LINE
8
BLACK
6
CONTINUOUS
10
1.1839133858267716
20
1.2708267716535433
11
1.1841531496062991
21
1.2720320866141732
0
LINE
8
BLACK
6
CONTINUOUS
10
1.1841531496062991
20
1.2720320866141732
11
1.1848358661417322
21
1.2730538976377952
0
LINE
8
BLACK
6
CONTINUOUS
10
1.1848358661417322
20
1.2730538976377952
11
1.1858576771653544
21
1.2737366141732283
0
LINE
8
BLACK
6
CONTINUOUS
10
1.1858576771653544
20
1.2737366141732283
11
1.1870629921259843
21
1.273976377952756
0
LINE
8
BLACK
6
CONTINUOUS
10
1.1870629921259843
20
1.273976377952756
11
1.2461181102362204
21
1.273976377952756
0
LINE
8
BLACK
6
CONTINUOUS
10
1.2461181102362204
20
1.273976377952756
11
1.2473234251968504
21
1.2737366141732283
0
LINE
8
BLACK
6
CONTINUOUS
10
1.6961423228346457
20
1.2737366141732283
11
1.6971641338582677
21
1.2730538976377952
0
LINE
8
BLACK
6
CONTINUOUS
10
1.6971641338582677
20
1.2730538976377952
11
1.6978468503937008
21
1.2720320866141732
0
LINE
8
BLACK
6
CONTINUOUS
10
1.6978468503937008
20
1.2720320866141732
11
1.6980866141732283
21
1.2708267716535433
0
LINE
8
BLACK
6
CONTINUOUS
10
1.6980866141732283
20
1.2708267716535433
11
1.6980866141732283
21
1.2491732283464567
0
LINE
8
BLACK
6
CONTINUOUS
10
1.6980866141732283
20
1.2491732283464567
11
1.6978468503937008
21
1.2479679133858268
0
LINE
8
BLACK
6
CONTINUOUS
10
1.6978468503937008
20
1.2479679133858268
11
1.6971641338582677
21
1.2469461023622046
0
LINE
8
BLACK
6
CONTINUOUS
10
1.6971641338582677
20
1.2469461023622046
11
1.6961423228346457
21
1.2462633858267715
0
LINE
8
BLACK
6
CONTINUOUS
10
1.6961423228346457
20
1.2462633858267715
11
1.6949370078740158
21
1.246023622047244
0
LINE
8
BLACK
6
CONTINUOUS
10
1.6949370078740158
20
1.246023622047244
11
1.6358818897637795
21
1.246023622047244
0
LINE
8
BLACK
6
CONTINUOUS
10
1.6358818897637795
20
1.246023622047244
11
1.6346765748031495
21
1.2462633858267715
0
LINE
8
BLACK
6
CONTINUOUS
10
1.6346765748031495
20
1.2462633858267715
11
1.6336547637795276
21
1.2469461023622046
0
LINE
8
BLACK
6
CONTINUOUS
10
1.6336547637795276
20
1.2469461023622046
11
1.6329720472440945
21
1.2479679133858268
0
LINE
8
BLACK
6
CONTINUOUS
10
1.6329720472440945
20
1.2479679133858268
11
1.632732283464567
21
1.2491732283464567
0
LINE
8
BLACK
6
CONTINUOUS
10
1.632732283464567
20
1.2491732283464567
11
1.632732283464567
21
1.2708267716535433
0
LINE
8
BLACK
6
CONTINUOUS
10
1.632732283464567
20
1.2708267716535433
11
1.6329720472440945
21
1.2720320866141732
0
LINE
8
BLACK
6
CONTINUOUS
10
1.6329720472440945
20
1.2720320866141732
11
1.6336547637795276
21
1.2730538976377952
0
LINE
8
BLACK
6
CONTINUOUS
10
1.6336547637795276
20
1.2730538976377952
11
1.6346765748031495
21
1.2737366141732283
0
LINE
8
BLACK
6
CONTINUOUS
10
1.6346765748031495
20
1.2737366141732283
11
1.6358818897637795
21
1.273976377952756
0
LINE
8
BLACK
6
CONTINUOUS
10
1.6358818897637795
20
1.273976377952756
11
1.6949370078740158
21
1.273976377952756
0
LINE
8
BLACK
6
CONTINUOUS
10
1.6949370078740158
20
1.273976377952756
11
1.6961423228346457
21
1.2737366141732283
0
LINE
8
BLACK
6
CONTINUOUS
10
0.5163707480314961
20
1.3194051968503937
11
0.5193084645669291
21
1.3174423228346457
0
LINE
8
BLACK
6
CONTINUOUS
10
0.5193084645669291
20
1.3174423228346457
11
0.5212713385826772
21
1.3145046062992125
0
LINE
8
BLACK
6
CONTINUOUS
10
0.5212713385826772
20
1.3145046062992125
11
0.5219606299212598
21
1.3110393700787402
0
LINE
8
BLACK
6
CONTINUOUS
10
0.5219606299212598
20
1.3110393700787402
11
0.5219606299212598
21
1.264779527559055
0
LINE
8
BLACK
6
CONTINUOUS
10
0.5219606299212598
20
1.264779527559055
11
0.5212713385826772
21
1.2613142913385826
0
LINE
8
BLACK
6
CONTINUOUS
10
0.5212713385826772
20
1.2613142913385826
11
0.5193084645669291
21
1.2583765748031497
0
LINE
8
BLACK
6
CONTINUOUS
10
0.5193084645669291
20
1.2583765748031497
11
0.5163707480314961
21
1.2564137007874014
0
LINE
8
BLACK
6
CONTINUOUS
10
0.5163707480314961
20
1.2564137007874014
11
0.5129055118110236
21
1.2557244094488189
0
LINE
8
BLACK
6
CONTINUOUS
10
0.5129055118110236
20
1.2557244094488189
11
0.5010944881889764
21
1.2557244094488189
0
LINE
8
BLACK
6
CONTINUOUS
10
0.5010944881889764
20
1.2557244094488189
11
0.4976292519685039
21
1.2564137007874014
0
LINE
8
BLACK
6
CONTINUOUS
10
0.4976292519685039
20
1.2564137007874014
11
0.4946915354330709
21
1.2583765748031497
0
LINE
8
BLACK
6
CONTINUOUS
10
0.4946915354330709
20
1.2583765748031497
11
0.4927286614173228
21
1.2613142913385826
0
LINE
8
BLACK
6
CONTINUOUS
10
0.4927286614173228
20
1.2613142913385826
11
0.4920393700787402
21
1.264779527559055
0
LINE
8
BLACK
6
CONTINUOUS
10
0.4920393700787402
20
1.264779527559055
11
0.4920393700787402
21
1.3110393700787402
0
LINE
8
BLACK
6
CONTINUOUS
10
0.4920393700787402
20
1.3110393700787402
11
0.4927286614173228
21
1.3145046062992125
0
LINE
8
BLACK
6
CONTINUOUS
10
0.4927286614173228
20
1.3145046062992125
11
0.4946915354330709
21
1.3174423228346457
0
LINE
8
BLACK
6
CONTINUOUS
10
0.4946915354330709
20
1.3174423228346457
11
0.4976292519685039
21
1.3194051968503937
0
LINE
8
BLACK
6
CONTINUOUS
10
0.4976292519685039
20
1.3194051968503937
11
0.5010944881889764
21
1.3200944881889765
0
LINE
8
BLACK
6
CONTINUOUS
10
0.5010944881889764
20
1.3200944881889765
11
0.5129055118110236
21
1.3200944881889765
0
LINE
8
BLACK
6
CONTINUOUS
10
0.5129055118110236
20
1.3200944881889765
11
0.5163707480314961
21
1.3194051968503937
0
LINE
8
BLACK
6
CONTINUOUS
10
1.7950633858267717
20
1.3197935433070866
11
1.7991527559055118
21
1.3178866141732284
0
LINE
8
BLACK
6
CONTINUOUS
10
1.7991527559055118
20
1.3178866141732284
11
1.8023433070866142
21
1.314696062992126
0
LINE
8
BLACK
6
CONTINUOUS
10
1.8023433070866142
20
1.314696062992126
11
1.8042502362204724
21
1.3106066929133857
0
LINE
8
BLACK
6
CONTINUOUS
10
1.8042502362204724
20
1.3106066929133857
11
1.8046929133858267
21
1.3072440944881889
0
LINE
8
BLACK
6
CONTINUOUS
10
1.8046929133858267
20
1.3072440944881889
11
1.8046929133858267
21
1.2875590551181102
0
LINE
8
BLACK
6
CONTINUOUS
10
1.8046929133858267
20
1.2875590551181102
11
1.8042502362204724
21
1.2841964566929134
0
LINE
8
BLACK
6
CONTINUOUS
10
1.8042502362204724
20
1.2841964566929134
11
1.8023433070866142
21
1.2801070866141733
0
LINE
8
BLACK
6
CONTINUOUS
10
1.8023433070866142
20
1.2801070866141733
11
1.7991527559055118
21
1.2769165354330709
0
LINE
8
BLACK
6
CONTINUOUS
10
1.7991527559055118
20
1.2769165354330709
11
1.7950633858267717
21
1.2750096062992127
0
LINE
8
BLACK
6
CONTINUOUS
10
1.7950633858267717
20
1.2750096062992127
11
1.7917007874015747
21
1.2745669291338582
0
LINE
8
BLACK
6
CONTINUOUS
10
1.7917007874015747
20
1.2745669291338582
11
1.7542992125984251
21
1.2745669291338582
0
LINE
8
BLACK
6
CONTINUOUS
10
1.7542992125984251
20
1.2745669291338582
11
1.7509366141732283
21
1.2750096062992127
0
LINE
8
BLACK
6
CONTINUOUS
10
1.7509366141732283
20
1.2750096062992127
11
1.7468472440944882
21
1.2769165354330709
0
LINE
8
BLACK
6
CONTINUOUS
10
1.7468472440944882
20
1.2769165354330709
11
1.7436566929133859
21
1.2801070866141733
0
LINE
8
BLACK
6
CONTINUOUS
10
1.7436566929133859
20
1.2801070866141733
11
1.7417497637795276
21
1.2841964566929134
0
LINE
8
BLACK
6
CONTINUOUS
10
1.7417497637795276
20
1.2841964566929134
11
1.7413070866141731
21
1.2875590551181102
0
LINE
8
BLACK
6
CONTINUOUS
10
1.7413070866141731
20
1.2875590551181102
11
1.7413070866141731
21
1.3072440944881889
0
LINE
8
BLACK
6
CONTINUOUS
10
1.7413070866141731
20
1.3072440944881889
11
1.7417497637795276
21
1.3106066929133857
0
LINE
8
BLACK
6
CONTINUOUS
10
1.7417497637795276
20
1.3106066929133857
11
1.7436566929133859
21
1.314696062992126
0
LINE
8
BLACK
6
CONTINUOUS
10
1.7436566929133859
20
1.314696062992126
11
1.7468472440944882
21
1.3178866141732284
0
LINE
8
BLACK
6
CONTINUOUS
10
1.7468472440944882
20
1.3178866141732284
11
1.7509366141732283
21
1.3197935433070866
0
LINE
8
BLACK
6
CONTINUOUS
10
1.7509366141732283
20
1.3197935433070866
11
1.7542992125984251
21
1.3202362204724409
0
LINE
8
BLACK
6
CONTINUOUS
10
1.7542992125984251
20
1.3202362204724409
11
1.7917007874015747
21
1.3202362204724409
0
LINE
8
BLACK
6
CONTINUOUS
10
1.7917007874015747
20
1.3202362204724409
11
1.7950633858267717
21
1.3197935433070866
0
LINE
8
BLACK
6
CONTINUOUS
10
1.2473234251968504
20
1.3052326771653544
11
1.2483452362204723
21
1.3045499606299211
0
LINE
8
BLACK
6
CONTINUOUS
10
1.2483452362204723
20
1.3045499606299211
11
1.2490279527559054
21
1.3035281496062991
0
LINE
8
BLACK
6
CONTINUOUS
10
1.2490279527559054
20
1.3035281496062991
11
1.2492677165354331
21
1.3023228346456692
0
LINE
8
BLACK
6
CONTINUOUS
10
1.2492677165354331
20
1.3023228346456692
11
1.2492677165354331
21
1.2806692913385826
0
LINE
8
BLACK
6
CONTINUOUS
10
1.2492677165354331
20
1.2806692913385826
11
1.2490279527559054
21
1.2794639763779527
0
LINE
8
BLACK
6
CONTINUOUS
10
1.2490279527559054
20
1.2794639763779527
11
1.2483452362204723
21
1.2784421653543308
0
LINE
8
BLACK
6
CONTINUOUS
10
1.2483452362204723
20
1.2784421653543308
11
1.2473234251968504
21
1.2777594488188977
0
LINE
8
BLACK
6
CONTINUOUS
10
1.2473234251968504
20
1.2777594488188977
11
1.2461181102362204
21
1.27751968503937
0
LINE
8
BLACK
6
CONTINUOUS
10
1.2461181102362204
20
1.27751968503937
11
1.1870629921259843
21
1.27751968503937
0
LINE
8
BLACK
6
CONTINUOUS
10
1.1870629921259843
20
1.27751968503937
11
1.1858576771653544
21
1.2777594488188977
0
LINE
8
BLACK
6
CONTINUOUS
10
1.1858576771653544
20
1.2777594488188977
11
1.1848358661417322
21
1.2784421653543308
0
LINE
8
BLACK
6
CONTINUOUS
10
1.1848358661417322
20
1.2784421653543308
11
1.1841531496062991
21
1.2794639763779527
0
LINE
8
BLACK
6
CONTINUOUS
10
1.1841531496062991
20
1.2794639763779527
11
1.1839133858267716
21
1.2806692913385826
0
LINE
8
BLACK
6
CONTINUOUS
10
1.1839133858267716
20
1.2806692913385826
11
1.1839133858267716
21
1.3023228346456692
0
LINE
8
BLACK
6
CONTINUOUS
10
1.1839133858267716
20
1.3023228346456692
11
1.1841531496062991
21
1.3035281496062991
0
LINE
8
BLACK
6
CONTINUOUS
10
1.1841531496062991
20
1.3035281496062991
11
1.1848358661417322
21
1.3045499606299211
0
LINE
8
BLACK
6
CONTINUOUS
10
1.1848358661417322
20
1.3045499606299211
11
1.1858576771653544
21
1.3052326771653544
0
LINE
8
BLACK
6
CONTINUOUS
10
1.1858576771653544
20
1.3052326771653544
11
1.1870629921259843
21
1.3054724409448819
0
LINE
8
BLACK
6
CONTINUOUS
10
1.1870629921259843
20
1.3054724409448819
11
1.2461181102362204
21
1.3054724409448819
0
LINE
8
BLACK
6
CONTINUOUS
10
1.2461181102362204
20
1.3054724409448819
11
1.2473234251968504
21
1.3052326771653544
0
LINE
8
BLACK
6
CONTINUOUS
10
1.6961423228346457
20
1.3052326771653544
11
1.6971641338582677
21
1.3045499606299211
0
LINE
8
BLACK
6
CONTINUOUS
10
1.6971641338582677
20
1.3045499606299211
11
1.6978468503937008
21
1.3035281496062991
0
LINE
8
BLACK
6
CONTINUOUS
10
1.6978468503937008
20
1.3035281496062991
11
1.6980866141732283
21
1.3023228346456692
0
LINE
8
BLACK
6
CONTINUOUS
10
1.6980866141732283
20
1.3023228346456692
11
1.6980866141732283
21
1.2806692913385826
0
LINE
8
BLACK
6
CONTINUOUS
10
1.6980866141732283
20
1.2806692913385826
11
1.6978468503937008
21
1.2794639763779527
0
LINE
8
BLACK
6
CONTINUOUS
10
1.6978468503937008
20
1.2794639763779527
11
1.6971641338582677
21
1.2784421653543308
0
LINE
8
BLACK
6
CONTINUOUS
10
1.6971641338582677
20
1.2784421653543308
11
1.6961423228346457
21
1.2777594488188977
0
LINE
8
BLACK
6
CONTINUOUS
10
1.6961423228346457
20
1.2777594488188977
11
1.6949370078740158
21
1.27751968503937
0
LINE
8
BLACK
6
CONTINUOUS
10
1.6949370078740158
20
1.27751968503937
11
1.6358818897637795
21
1.27751968503937
0
LINE
8
BLACK
6
CONTINUOUS
10
1.6358818897637795
20
1.27751968503937
11
1.6346765748031495
21
1.2777594488188977
0
LINE
8
BLACK
6
CONTINUOUS
10
1.6346765748031495
20
1.2777594488188977
11
1.6336547637795276
21
1.2784421653543308
0
LINE
8
BLACK
6
CONTINUOUS
10
1.6336547637795276
20
1.2784421653543308
11
1.6329720472440945
21
1.2794639763779527
0
LINE
8
BLACK
6
CONTINUOUS
10
1.6329720472440945
20
1.2794639763779527
11
1.632732283464567
21
1.2806692913385826
0
LINE
8
BLACK
6
CONTINUOUS
10
1.632732283464567
20
1.2806692913385826
11
1.632732283464567
21
1.3023228346456692
0
LINE
8
BLACK
6
CONTINUOUS
10
1.632732283464567
20
1.3023228346456692
11
1.6329720472440945
21
1.3035281496062991
0
LINE
8
BLACK
6
CONTINUOUS
10
1.6329720472440945
20
1.3035281496062991
11
1.6336547637795276
21
1.3045499606299211
0
LINE
8
BLACK
6
CONTINUOUS
10
1.6336547637795276
20
1.3045499606299211
11
1.6346765748031495
21
1.3052326771653544
0
LINE
8
BLACK
6
CONTINUOUS
10
1.6346765748031495
20
1.3052326771653544
11
1.6358818897637795
21
1.3054724409448819
0
LINE
8
BLACK
6
CONTINUOUS
10
1.6358818897637795
20
1.3054724409448819
11
1.6949370078740158
21
1.3054724409448819
0
LINE
8
BLACK
6
CONTINUOUS
10
1.6949370078740158
20
1.3054724409448819
11
1.6961423228346457
21
1.3052326771653544
0
LINE
8
BLACK
6
CONTINUOUS
10
1.0580791338582678
20
1.3489588976377953
11
1.0621685039370079
21
1.347051968503937
0
LINE
8
BLACK
6
CONTINUOUS
10
1.0621685039370079
20
1.347051968503937
11
1.0653590551181102
21
1.3438614173228347
0
LINE
8
BLACK
6
CONTINUOUS
10
1.0653590551181102
20
1.3438614173228347
11
1.0672659842519685
21
1.3397720472440944
0
LINE
8
BLACK
6
CONTINUOUS
10
1.0672659842519685
20
1.3397720472440944
11
1.0677086614173228
21
1.3364094488188976
0
LINE
8
BLACK
6
CONTINUOUS
10
1.0677086614173228
20
1.3364094488188976
11
1.0677086614173228
21
1.3157401574803149
0
LINE
8
BLACK
6
CONTINUOUS
10
1.0677086614173228
20
1.3157401574803149
11
1.0672659842519685
21
1.3123775590551181
0
LINE
8
BLACK
6
CONTINUOUS
10
1.0672659842519685
20
1.3123775590551181
11
1.0653590551181102
21
1.308288188976378
0
LINE
8
BLACK
6
CONTINUOUS
10
1.0653590551181102
20
1.308288188976378
11
1.0621685039370079
21
1.3050976377952757
0
LINE
8
BLACK
6
CONTINUOUS
10
1.0621685039370079
20
1.3050976377952757
11
1.0580791338582678
21
1.3031907086614174
0
LINE
8
BLACK
6
CONTINUOUS
10
1.0580791338582678
20
1.3031907086614174
11
1.0547165354330708
21
1.3027480314960629
0
LINE
8
BLACK
6
CONTINUOUS
10
1.0547165354330708
20
1.3027480314960629
11
1.0192834645669291
21
1.3027480314960629
0
LINE
8
BLACK
6
CONTINUOUS
10
1.0192834645669291
20
1.3027480314960629
11
1.0159208661417323
21
1.3031907086614174
0
LINE
8
BLACK
6
CONTINUOUS
10
1.0159208661417323
20
1.3031907086614174
11
1.0118314960629922
21
1.3050976377952757
0
LINE
8
BLACK
6
CONTINUOUS
10
1.0118314960629922
20
1.3050976377952757
11
1.0086409448818898
21
1.308288188976378
0
LINE
8
BLACK
6
CONTINUOUS
10
1.0086409448818898
20
1.308288188976378
11
1.0067340157480316
21
1.3123775590551181
0
LINE
8
BLACK
6
CONTINUOUS
10
1.0067340157480316
20
1.3123775590551181
11
1.0062913385826771
21
1.3157401574803149
0
LINE
8
BLACK
6
CONTINUOUS
10
1.0062913385826771
20
1.3157401574803149
11
1.0062913385826771
21
1.3364094488188976
0
LINE
8
BLACK
6
CONTINUOUS
10
1.0062913385826771
20
1.3364094488188976
11
1.0067340157480316
21
1.3397720472440944
0
LINE
8
BLACK
6
CONTINUOUS
10
1.0067340157480316
20
1.3397720472440944
11
1.0086409448818898
21
1.3438614173228347
0
LINE
8
BLACK
6
CONTINUOUS
10
1.0086409448818898
20
1.3438614173228347
11
1.0118314960629922
21
1.347051968503937
0
LINE
8
BLACK
6
CONTINUOUS
10
1.0118314960629922
20
1.347051968503937
11
1.0159208661417323
21
1.3489588976377953
0
LINE
8
BLACK
6
CONTINUOUS
10
1.0159208661417323
20
1.3489588976377953
11
1.0192834645669291
21
1.3494015748031496
0
LINE
8
BLACK
6
CONTINUOUS
10
1.0192834645669291
20
1.3494015748031496
11
1.0547165354330708
21
1.3494015748031496
0
LINE
8
BLACK
6
CONTINUOUS
10
1.0547165354330708
20
1.3494015748031496
11
1.0580791338582678
21
1.3489588976377953
0
LINE
8
BLACK
6
CONTINUOUS
10
1.1380791338582676
20
1.3489588976377953
11
1.1421685039370078
21
1.347051968503937
0
LINE
8
BLACK
6
CONTINUOUS
10
1.1421685039370078
20
1.347051968503937
11
1.1453590551181103
21
1.3438614173228347
0
LINE
8
BLACK
6
CONTINUOUS
10
1.1453590551181103
20
1.3438614173228347
11
1.1472659842519686
21
1.3397720472440944
0
LINE
8
BLACK
6
CONTINUOUS
10
1.1472659842519686
20
1.3397720472440944
11
1.1477086614173229
21
1.3364094488188976
0
LINE
8
BLACK
6
CONTINUOUS
10
1.1477086614173229
20
1.3364094488188976
11
1.1477086614173229
21
1.3157401574803149
0
LINE
8
BLACK
6
CONTINUOUS
10
1.1477086614173229
20
1.3157401574803149
11
1.1472659842519686
21
1.3123775590551181
0
LINE
8
BLACK
6
CONTINUOUS
10
1.1472659842519686
20
1.3123775590551181
11
1.1453590551181103
21
1.308288188976378
0
LINE
8
BLACK
6
CONTINUOUS
10
1.1453590551181103
20
1.308288188976378
11
1.1421685039370078
21
1.3050976377952757
0
LINE
8
BLACK
6
CONTINUOUS
10
1.1421685039370078
20
1.3050976377952757
11
1.1380791338582676
21
1.3031907086614174
0
LINE
8
BLACK
6
CONTINUOUS
10
1.1380791338582676
20
1.3031907086614174
11
1.1347165354330708
21
1.3027480314960629
0
LINE
8
BLACK
6
CONTINUOUS
10
1.1347165354330708
20
1.3027480314960629
11
1.0992834645669292
21
1.3027480314960629
0
LINE
8
BLACK
6
CONTINUOUS
10
1.0992834645669292
20
1.3027480314960629
11
1.0959208661417323
21
1.3031907086614174
0
LINE
8
BLACK
6
CONTINUOUS
10
1.0959208661417323
20
1.3031907086614174
11
1.091831496062992
21
1.3050976377952757
0
LINE
8
BLACK
6
CONTINUOUS
10
1.091831496062992
20
1.3050976377952757
11
1.0886409448818897
21
1.308288188976378
0
LINE
8
BLACK
6
CONTINUOUS
10
1.0886409448818897
20
1.308288188976378
11
1.0867340157480314
21
1.3123775590551181
0
LINE
8
BLACK
6
CONTINUOUS
10
1.0867340157480314
20
1.3123775590551181
11
1.0862913385826771
21
1.3157401574803149
0
LINE
8
BLACK
6
CONTINUOUS
10
1.0862913385826771
20
1.3157401574803149
11
1.0862913385826771
21
1.3364094488188976
0
LINE
8
BLACK
6
CONTINUOUS
10
1.0862913385826771
20
1.3364094488188976
11
1.0867340157480314
21
1.3397720472440944
0
LINE
8
BLACK
6
CONTINUOUS
10
1.0867340157480314
20
1.3397720472440944
11
1.0886409448818897
21
1.3438614173228347
0
LINE
8
BLACK
6
CONTINUOUS
10
1.0886409448818897
20
1.3438614173228347
11
1.091831496062992
21
1.347051968503937
0
LINE
8
BLACK
6
CONTINUOUS
10
1.091831496062992
20
1.347051968503937
11
1.0959208661417323
21
1.3489588976377953
0
LINE
8
BLACK
6
CONTINUOUS
10
1.0959208661417323
20
1.3489588976377953
11
1.0992834645669292
21
1.3494015748031496
0
LINE
8
BLACK
6
CONTINUOUS
10
1.0992834645669292
20
1.3494015748031496
11
1.1347165354330708
21
1.3494015748031496
0
LINE
8
BLACK
6
CONTINUOUS
10
1.1347165354330708
20
1.3494015748031496
11
1.1380791338582676
21
1.3489588976377953
0
LINE
8
BLACK
6
CONTINUOUS
10
1.2473234251968504
20
1.3367287401574803
11
1.2483452362204723
21
1.3360460236220473
0
LINE
8
BLACK
6
CONTINUOUS
10
1.2483452362204723
20
1.3360460236220473
11
1.2490279527559054
21
1.3350242125984251
0
LINE
8
BLACK
6
CONTINUOUS
10
1.2490279527559054
20
1.3350242125984251
11
1.2492677165354331
21
1.3338188976377952
0
LINE
8
BLACK
6
CONTINUOUS
10
1.2492677165354331
20
1.3338188976377952
11
1.2492677165354331
21
1.3121653543307086
0
LINE
8
BLACK
6
CONTINUOUS
10
1.2492677165354331
20
1.3121653543307086
11
1.2490279527559054
21
1.3109600393700787
0
LINE
8
BLACK
6
CONTINUOUS
10
1.2490279527559054
20
1.3109600393700787
11
1.2483452362204723
21
1.3099382283464567
0
LINE
8
BLACK
6
CONTINUOUS
10
1.2483452362204723
20
1.3099382283464567
11
1.2473234251968504
21
1.3092555118110236
0
LINE
8
BLACK
6
CONTINUOUS
10
1.2473234251968504
20
1.3092555118110236
11
1.2461181102362204
21
1.3090157480314961
0
LINE
8
BLACK
6
CONTINUOUS
10
1.2461181102362204
20
1.3090157480314961
11
1.1870629921259843
21
1.3090157480314961
0
LINE
8
BLACK
6
CONTINUOUS
10
1.1870629921259843
20
1.3090157480314961
11
1.1858576771653544
21
1.3092555118110236
0
LINE
8
BLACK
6
CONTINUOUS
10
1.1858576771653544
20
1.3092555118110236
11
1.1848358661417322
21
1.3099382283464567
0
LINE
8
BLACK
6
CONTINUOUS
10
1.1848358661417322
20
1.3099382283464567
11
1.1841531496062991
21
1.3109600393700787
0
LINE
8
BLACK
6
CONTINUOUS
10
1.1841531496062991
20
1.3109600393700787
11
1.1839133858267716
21
1.3121653543307086
0
LINE
8
BLACK
6
CONTINUOUS
10
1.1839133858267716
20
1.3121653543307086
11
1.1839133858267716
21
1.3338188976377952
0
LINE
8
BLACK
6
CONTINUOUS
10
1.1839133858267716
20
1.3338188976377952
11
1.1841531496062991
21
1.3350242125984251
0
LINE
8
BLACK
6
CONTINUOUS
10
1.1841531496062991
20
1.3350242125984251
11
1.1848358661417322
21
1.3360460236220473
0
LINE
8
BLACK
6
CONTINUOUS
10
1.1848358661417322
20
1.3360460236220473
11
1.1858576771653544
21
1.3367287401574803
0
LINE
8
BLACK
6
CONTINUOUS
10
1.1858576771653544
20
1.3367287401574803
11
1.1870629921259843
21
1.3369685039370078
0
LINE
8
BLACK
6
CONTINUOUS
10
1.1870629921259843
20
1.3369685039370078
11
1.2461181102362204
21
1.3369685039370078
0
LINE
8
BLACK
6
CONTINUOUS
10
1.2461181102362204
20
1.3369685039370078
11
1.2473234251968504
21
1.3367287401574803
0
LINE
8
BLACK
6
CONTINUOUS
10
1.6961423228346457
20
1.3367287401574803
11
1.6971641338582677
21
1.3360460236220473
0
LINE
8
BLACK
6
CONTINUOUS
10
1.6971641338582677
20
1.3360460236220473
11
1.6978468503937008
21
1.3350242125984251
0
LINE
8
BLACK
6
CONTINUOUS
10
1.6978468503937008
20
1.3350242125984251
11
1.6980866141732283
21
1.3338188976377952
0
LINE
8
BLACK
6
CONTINUOUS
10
1.6980866141732283
20
1.3338188976377952
11
1.6980866141732283
21
1.3121653543307086
0
LINE
8
BLACK
6
CONTINUOUS
10
1.6980866141732283
20
1.3121653543307086
11
1.6978468503937008
21
1.3109600393700787
0
LINE
8
BLACK
6
CONTINUOUS
10
1.6978468503937008
20
1.3109600393700787
11
1.6971641338582677
21
1.3099382283464567
0
LINE
8
BLACK
6
CONTINUOUS
10
1.6971641338582677
20
1.3099382283464567
11
1.6961423228346457
21
1.3092555118110236
0
LINE
8
BLACK
6
CONTINUOUS
10
1.6961423228346457
20
1.3092555118110236
11
1.6949370078740158
21
1.3090157480314961
0
LINE
8
BLACK
6
CONTINUOUS
10
1.6949370078740158
20
1.3090157480314961
11
1.6358818897637795
21
1.3090157480314961
0
LINE
8
BLACK
6
CONTINUOUS
10
1.6358818897637795
20
1.3090157480314961
11
1.6346765748031495
21
1.3092555118110236
0
LINE
8
BLACK
6
CONTINUOUS
10
1.6346765748031495
20
1.3092555118110236
11
1.6336547637795276
21
1.3099382283464567
0
LINE
8
BLACK
6
CONTINUOUS
10
1.6336547637795276
20
1.3099382283464567
11
1.6329720472440945
21
1.3109600393700787
0
LINE
8
BLACK
6
CONTINUOUS
10
1.6329720472440945
20
1.3109600393700787
11
1.632732283464567
21
1.3121653543307086
0
LINE
8
BLACK
6
CONTINUOUS
10
1.632732283464567
20
1.3121653543307086
11
1.632732283464567
21
1.3338188976377952
0
LINE
8
BLACK
6
CONTINUOUS
10
1.632732283464567
20
1.3338188976377952
11
1.6329720472440945
21
1.3350242125984251
0
LINE
8
BLACK
6
CONTINUOUS
10
1.6329720472440945
20
1.3350242125984251
11
1.6336547637795276
21
1.3360460236220473
0
LINE
8
BLACK
6
CONTINUOUS
10
1.6336547637795276
20
1.3360460236220473
11
1.6346765748031495
21
1.3367287401574803
0
LINE
8
BLACK
6
CONTINUOUS
10
1.6346765748031495
20
1.3367287401574803
11
1.6358818897637795
21
1.3369685039370078
0
LINE
8
BLACK
6
CONTINUOUS
10
1.6358818897637795
20
1.3369685039370078
11
1.6949370078740158
21
1.3369685039370078
0
LINE
8
BLACK
6
CONTINUOUS
10
1.6949370078740158
20
1.3369685039370078
11
1.6961423228346457
21
1.3367287401574803
0
LINE
8
BLACK
6
CONTINUOUS
10
3.4307854724409448
20
1.4007098031496064
11
3.4348748425196849
21
1.3988028740157481
0
LINE
8
BLACK
6
CONTINUOUS
10
3.4348748425196849
20
1.3988028740157481
11
3.4380653937007875
21
1.3956123228346455
0
LINE
8
BLACK
6
CONTINUOUS
10
3.4380653937007875
20
1.3956123228346455
11
3.4399723228346457
21
1.3915229527559054
0
LINE
8
BLACK
6
CONTINUOUS
10
3.4399723228346457
20
1.3915229527559054
11
3.4404149999999998
21
1.3881603543307086
0
LINE
8
BLACK
6
CONTINUOUS
10
3.4404149999999998
20
1.3881603543307086
11
3.4404149999999998
21
1.3527272834645669
0
LINE
8
BLACK
6
CONTINUOUS
10
3.4404149999999998
20
1.3527272834645669
11
3.4399723228346457
21
1.3493646850393701
0
LINE
8
BLACK
6
CONTINUOUS
10
3.4399723228346457
20
1.3493646850393701
11
3.4380653937007875
21
1.3452753149606298
0
LINE
8
BLACK
6
CONTINUOUS
10
3.4380653937007875
20
1.3452753149606298
11
3.4348748425196849
21
1.3420847637795275
0
LINE
8
BLACK
6
CONTINUOUS
10
3.4348748425196849
20
1.3420847637795275
11
3.4307854724409448
21
1.3401778346456692
0
LINE
8
BLACK
6
CONTINUOUS
10
3.4307854724409448
20
1.3401778346456692
11
3.4274228740157477
21
1.3397351574803149
0
LINE
8
BLACK
6
CONTINUOUS
10
3.4274228740157477
20
1.3397351574803149
11
3.4067535826771653
21
1.3397351574803149
0
LINE
8
BLACK
6
CONTINUOUS
10
3.4067535826771653
20
1.3397351574803149
11
3.4033909842519683
21
1.3401778346456692
0
LINE
8
BLACK
6
CONTINUOUS
10
3.4033909842519683
20
1.3401778346456692
11
3.3993016141732282
21
1.3420847637795275
0
LINE
8
BLACK
6
CONTINUOUS
10
3.3993016141732282
20
1.3420847637795275
11
3.3961110629921261
21
1.3452753149606298
0
LINE
8
BLACK
6
CONTINUOUS
10
3.3961110629921261
20
1.3452753149606298
11
3.3942041338582678
21
1.3493646850393701
0
LINE
8
BLACK
6
CONTINUOUS
10
3.3942041338582678
20
1.3493646850393701
11
3.3937614566929133
21
1.3527272834645669
0
LINE
8
BLACK
6
CONTINUOUS
10
3.3937614566929133
20
1.3527272834645669
11
3.3937614566929133
21
1.3881603543307086
0
LINE
8
BLACK
6
CONTINUOUS
10
3.3937614566929133
20
1.3881603543307086
11
3.3942041338582678
21
1.3915229527559054
0
LINE
8
BLACK
6
CONTINUOUS
10
3.3942041338582678
20
1.3915229527559054
11
3.3961110629921261
21
1.3956123228346455
0
LINE
8
BLACK
6
CONTINUOUS
10
3.3961110629921261
20
1.3956123228346455
11
3.3993016141732282
21
1.3988028740157481
0
LINE
8
BLACK
6
CONTINUOUS
10
3.3993016141732282
20
1.3988028740157481
11
3.4033909842519683
21
1.4007098031496064
0
LINE
8
BLACK
6
CONTINUOUS
10
3.4033909842519683
20
1.4007098031496064
11
3.4067535826771653
21
1.4011524803149606
0
LINE
8
BLACK
6
CONTINUOUS
10
3.4067535826771653
20
1.4011524803149606
11
3.4274228740157477
21
1.4011524803149606
0
LINE
8
BLACK
6
CONTINUOUS
10
3.4274228740157477
20
1.4011524803149606
11
3.4307854724409448
21
1.4007098031496064
0
LINE
8
BLACK
6
CONTINUOUS
10
3.5026358661417323
20
1.4007098031496064
11
3.5067252362204724
21
1.3988028740157481
0
LINE
8
BLACK
6
CONTINUOUS
10
3.5067252362204724
20
1.3988028740157481
11
3.5099157874015745
21
1.3956123228346455
0
LINE
8
BLACK
6
CONTINUOUS
10
3.5099157874015745
20
1.3956123228346455
11
3.5118227165354332
21
1.3915229527559054
0
LINE
8
BLACK
6
CONTINUOUS
10
3.5118227165354332
20
1.3915229527559054
11
3.5122653937007873
21
1.3881603543307086
0
LINE
8
BLACK
6
CONTINUOUS
10
3.5122653937007873
20
1.3881603543307086
11
3.5122653937007873
21
1.3527272834645669
0
LINE
8
BLACK
6
CONTINUOUS
10
3.5122653937007873
20
1.3527272834645669
11
3.5118227165354332
21
1.3493646850393701
0
LINE
8
BLACK
6
CONTINUOUS
10
3.5118227165354332
20
1.3493646850393701
11
3.5099157874015745
21
1.3452753149606298
0
LINE
8
BLACK
6
CONTINUOUS
10
3.5099157874015745
20
1.3452753149606298
11
3.5067252362204724
21
1.3420847637795275
0
LINE
8
BLACK
6
CONTINUOUS
10
3.5067252362204724
20
1.3420847637795275
11
3.5026358661417323
21
1.3401778346456692
0
LINE
8
BLACK
6
CONTINUOUS
10
3.5026358661417323
20
1.3401778346456692
11
3.4992732677165352
21
1.3397351574803149
0
LINE
8
BLACK
6
CONTINUOUS
10
3.4992732677165352
20
1.3397351574803149
11
3.4786039763779528
21
1.3397351574803149
0
LINE
8
BLACK
6
CONTINUOUS
10
3.4786039763779528
20
1.3397351574803149
11
3.4752413779527558
21
1.3401778346456692
0
LINE
8
BLACK
6
CONTINUOUS
10
3.4752413779527558
20
1.3401778346456692
11
3.4711520078740157
21
1.3420847637795275
0
LINE
8
BLACK
6
CONTINUOUS
10
3.4711520078740157
20
1.3420847637795275
11
3.4679614566929131
21
1.3452753149606298
0
LINE
8
BLACK
6
CONTINUOUS
10
3.4679614566929131
20
1.3452753149606298
11
3.4660545275590549
21
1.3493646850393701
0
LINE
8
BLACK
6
CONTINUOUS
10
3.4660545275590549
20
1.3493646850393701
11
3.4656118503937008
21
1.3527272834645669
0
LINE
8
BLACK
6
CONTINUOUS
10
3.4656118503937008
20
1.3527272834645669
11
3.4656118503937008
21
1.3881603543307086
0
LINE
8
BLACK
6
CONTINUOUS
10
3.4656118503937008
20
1.3881603543307086
11
3.4660545275590549
21
1.3915229527559054
0
LINE
8
BLACK
6
CONTINUOUS
10
3.4660545275590549
20
1.3915229527559054
11
3.4679614566929131
21
1.3956123228346455
0
LINE
8
BLACK
6
CONTINUOUS
10
3.4679614566929131
20
1.3956123228346455
11
3.4711520078740157
21
1.3988028740157481
0
LINE
8
BLACK
6
CONTINUOUS
10
3.4711520078740157
20
1.3988028740157481
11
3.4752413779527558
21
1.4007098031496064
0
LINE
8
BLACK
6
CONTINUOUS
10
3.4752413779527558
20
1.4007098031496064
11
3.4786039763779528
21
1.4011524803149606
0
LINE
8
BLACK
6
CONTINUOUS
10
3.4786039763779528
20
1.4011524803149606
11
3.4992732677165352
21
1.4011524803149606
0
LINE
8
BLACK
6
CONTINUOUS
10
3.4992732677165352
20
1.4011524803149606
11
3.5026358661417323
21
1.4007098031496064
0
LINE
8
BLACK
6
CONTINUOUS
10
1.2473234251968504
20
1.3682248031496063
11
1.2483452362204723
21
1.3675420866141732
0
LINE
8
BLACK
6
CONTINUOUS
10
1.2483452362204723
20
1.3675420866141732
11
1.2490279527559054
21
1.3665202755905512
0
LINE
8
BLACK
6
CONTINUOUS
10
1.2490279527559054
20
1.3665202755905512
11
1.2492677165354331
21
1.3653149606299213
0
LINE
8
BLACK
6
CONTINUOUS
10
1.2492677165354331
20
1.3653149606299213
11
1.2492677165354331
21
1.3436614173228345
0
LINE
8
BLACK
6
CONTINUOUS
10
1.2492677165354331
20
1.3436614173228345
11
1.2490279527559054
21
1.3424561023622046
0
LINE
8
BLACK
6
CONTINUOUS
10
1.2490279527559054
20
1.3424561023622046
11
1.2483452362204723
21
1.3414342913385826
0
LINE
8
BLACK
6
CONTINUOUS
10
1.2483452362204723
20
1.3414342913385826
11
1.2473234251968504
21
1.3407515748031495
0
LINE
8
BLACK
6
CONTINUOUS
10
1.2473234251968504
20
1.3407515748031495
11
1.2461181102362204
21
1.340511811023622
0
LINE
8
BLACK
6
CONTINUOUS
10
1.2461181102362204
20
1.340511811023622
11
1.1870629921259843
21
1.340511811023622
0
LINE
8
BLACK
6
CONTINUOUS
10
1.1870629921259843
20
1.340511811023622
11
1.1858576771653544
21
1.3407515748031495
0
LINE
8
BLACK
6
CONTINUOUS
10
1.1858576771653544
20
1.3407515748031495
11
1.1848358661417322
21
1.3414342913385826
0
LINE
8
BLACK
6
CONTINUOUS
10
1.1848358661417322
20
1.3414342913385826
11
1.1841531496062991
21
1.3424561023622046
0
LINE
8
BLACK
6
CONTINUOUS
10
1.1841531496062991
20
1.3424561023622046
11
1.1839133858267716
21
1.3436614173228345
0
LINE
8
BLACK
6
CONTINUOUS
10
1.1839133858267716
20
1.3436614173228345
11
1.1839133858267716
21
1.3653149606299213
0
LINE
8
BLACK
6
CONTINUOUS
10
1.1839133858267716
20
1.3653149606299213
11
1.1841531496062991
21
1.3665202755905512
0
LINE
8
BLACK
6
CONTINUOUS
10
1.1841531496062991
20
1.3665202755905512
11
1.1848358661417322
21
1.3675420866141732
0
LINE
8
BLACK
6
CONTINUOUS
10
1.1848358661417322
20
1.3675420866141732
11
1.1858576771653544
21
1.3682248031496063
0
LINE
8
BLACK
6
CONTINUOUS
10
1.1858576771653544
20
1.3682248031496063
11
1.1870629921259843
21
1.3684645669291338
0
LINE
8
BLACK
6
CONTINUOUS
10
1.1870629921259843
20
1.3684645669291338
11
1.2461181102362204
21
1.3684645669291338
0
LINE
8
BLACK
6
CONTINUOUS
10
1.2461181102362204
20
1.3684645669291338
11
1.2473234251968504
21
1.3682248031496063
0
LINE
8
BLACK
6
CONTINUOUS
10
1.6961423228346457
20
1.3682248031496063
11
1.6971641338582677
21
1.3675420866141732
0
LINE
8
BLACK
6
CONTINUOUS
10
1.6971641338582677
20
1.3675420866141732
11
1.6978468503937008
21
1.3665202755905512
0
LINE
8
BLACK
6
CONTINUOUS
10
1.6978468503937008
20
1.3665202755905512
11
1.6980866141732283
21
1.3653149606299213
0
LINE
8
BLACK
6
CONTINUOUS
10
1.6980866141732283
20
1.3653149606299213
11
1.6980866141732283
21
1.3436614173228345
0
LINE
8
BLACK
6
CONTINUOUS
10
1.6980866141732283
20
1.3436614173228345
11
1.6978468503937008
21
1.3424561023622046
0
LINE
8
BLACK
6
CONTINUOUS
10
1.6978468503937008
20
1.3424561023622046
11
1.6971641338582677
21
1.3414342913385826
0
LINE
8
BLACK
6
CONTINUOUS
10
1.6971641338582677
20
1.3414342913385826
11
1.6961423228346457
21
1.3407515748031495
0
LINE
8
BLACK
6
CONTINUOUS
10
1.6961423228346457
20
1.3407515748031495
11
1.6949370078740158
21
1.340511811023622
0
LINE
8
BLACK
6
CONTINUOUS
10
1.6949370078740158
20
1.340511811023622
11
1.6358818897637795
21
1.340511811023622
0
LINE
8
BLACK
6
CONTINUOUS
10
1.6358818897637795
20
1.340511811023622
11
1.6346765748031495
21
1.3407515748031495
0
LINE
8
BLACK
6
CONTINUOUS
10
1.6346765748031495
20
1.3407515748031495
11
1.6336547637795276
21
1.3414342913385826
0
LINE
8
BLACK
6
CONTINUOUS
10
1.6336547637795276
20
1.3414342913385826
11
1.6329720472440945
21
1.3424561023622046
0
LINE
8
BLACK
6
CONTINUOUS
10
1.6329720472440945
20
1.3424561023622046
11
1.632732283464567
21
1.3436614173228345
0
LINE
8
BLACK
6
CONTINUOUS
10
1.632732283464567
20
1.3436614173228345
11
1.632732283464567
21
1.3653149606299213
0
LINE
8
BLACK
6
CONTINUOUS
10
1.632732283464567
20
1.3653149606299213
11
1.6329720472440945
21
1.3665202755905512
0
LINE
8
BLACK
6
CONTINUOUS
10
1.6329720472440945
20
1.3665202755905512
11
1.6336547637795276
21
1.3675420866141732
0
LINE
8
BLACK
6
CONTINUOUS
10
1.6336547637795276
20
1.3675420866141732
11
1.6346765748031495
21
1.3682248031496063
0
LINE
8
BLACK
6
CONTINUOUS
10
1.6346765748031495
20
1.3682248031496063
11
1.6358818897637795
21
1.3684645669291338
0
LINE
8
BLACK
6
CONTINUOUS
10
1.6358818897637795
20
1.3684645669291338
11
1.6949370078740158
21
1.3684645669291338
0
LINE
8
BLACK
6
CONTINUOUS
10
1.6949370078740158
20
1.3684645669291338
11
1.6961423228346457
21
1.3682248031496063
0
LINE
8
BLACK
6
CONTINUOUS
10
0.3287720472440945
20
1.4052659842519686
11
0.3328614173228346
21
1.4033590551181101
0
LINE
8
BLACK
6
CONTINUOUS
10
0.3328614173228346
20
1.4033590551181101
11
0.336051968503937
21
1.4001685039370078
0
LINE
8
BLACK
6
CONTINUOUS
10
0.336051968503937
20
1.4001685039370078
11
0.3379588976377952
21
1.3960791338582677
0
LINE
8
BLACK
6
CONTINUOUS
10
0.3379588976377952
20
1.3960791338582677
11
0.3384015748031496
21
1.3927165354330708
0
LINE
8
BLACK
6
CONTINUOUS
10
0.3384015748031496
20
1.3927165354330708
11
0.3384015748031496
21
1.3572834645669292
0
LINE
8
BLACK
6
CONTINUOUS
10
0.3384015748031496
20
1.3572834645669292
11
0.3379588976377952
21
1.3539208661417323
0
LINE
8
BLACK
6
CONTINUOUS
10
0.3379588976377952
20
1.3539208661417323
11
0.336051968503937
21
1.349831496062992
0
LINE
8
BLACK
6
CONTINUOUS
10
0.336051968503937
20
1.349831496062992
11
0.3328614173228346
21
1.3466409448818897
0
LINE
8
BLACK
6
CONTINUOUS
10
0.3328614173228346
20
1.3466409448818897
11
0.3287720472440945
21
1.3447340157480314
0
LINE
8
BLACK
6
CONTINUOUS
10
0.3287720472440945
20
1.3447340157480314
11
0.3254094488188976
21
1.3442913385826771
0
LINE
8
BLACK
6
CONTINUOUS
10
0.3254094488188976
20
1.3442913385826771
11
0.304740157480315
21
1.3442913385826771
0
LINE
8
BLACK
6
CONTINUOUS
10
0.304740157480315
20
1.3442913385826771
11
0.3013775590551181
21
1.3447340157480314
0
LINE
8
BLACK
6
CONTINUOUS
10
0.3013775590551181
20
1.3447340157480314
11
0.2972881889763779
21
1.3466409448818897
0
LINE
8
BLACK
6
CONTINUOUS
10
0.2972881889763779
20
1.3466409448818897
11
0.2940976377952756
21
1.349831496062992
0
LINE
8
BLACK
6
CONTINUOUS
10
0.2940976377952756
20
1.349831496062992
11
0.2921907086614173
21
1.3539208661417323
0
LINE
8
BLACK
6
CONTINUOUS
10
0.2921907086614173
20
1.3539208661417323
11
0.291748031496063
21
1.3572834645669292
0
LINE
8
BLACK
6
CONTINUOUS
10
0.291748031496063
20
1.3572834645669292
11
0.291748031496063
21
1.3927165354330708
0
LINE
8
BLACK
6
CONTINUOUS
10
0.291748031496063
20
1.3927165354330708
11
0.2921907086614173
21
1.3960791338582677
0
LINE
8
BLACK
6
CONTINUOUS
10
0.2921907086614173
20
1.3960791338582677
11
0.2940976377952756
21
1.4001685039370078
0
LINE
8
BLACK
6
CONTINUOUS
10
0.2940976377952756
20
1.4001685039370078
11
0.2972881889763779
21
1.4033590551181101
0
LINE
8
BLACK
6
CONTINUOUS
10
0.2972881889763779
20
1.4033590551181101
11
0.3013775590551181
21
1.4052659842519686
0
LINE
8
BLACK
6
CONTINUOUS
10
0.3013775590551181
20
1.4052659842519686
11
0.304740157480315
21
1.4057086614173229
0
LINE
8
BLACK
6
CONTINUOUS
10
0.304740157480315
20
1.4057086614173229
11
0.3254094488188976
21
1.4057086614173229
0
LINE
8
BLACK
6
CONTINUOUS
10
0.3254094488188976
20
1.4057086614173229
11
0.3287720472440945
21
1.4052659842519686
0
LINE
8
BLACK
6
CONTINUOUS
10
0.4006224409448819
20
1.4052659842519686
11
0.404711811023622
21
1.4033590551181101
0
LINE
8
BLACK
6
CONTINUOUS
10
0.404711811023622
20
1.4033590551181101
11
0.4079023622047244
21
1.4001685039370078
0
LINE
8
BLACK
6
CONTINUOUS
10
0.4079023622047244
20
1.4001685039370078
11
0.4098092913385827
21
1.3960791338582677
0
LINE
8
BLACK
6
CONTINUOUS
10
0.4098092913385827
20
1.3960791338582677
11
0.410251968503937
21
1.3927165354330708
0
LINE
8
BLACK
6
CONTINUOUS
10
0.410251968503937
20
1.3927165354330708
11
0.410251968503937
21
1.3572834645669292
0
LINE
8
BLACK
6
CONTINUOUS
10
0.410251968503937
20
1.3572834645669292
11
0.4098092913385827
21
1.3539208661417323
0
LINE
8
BLACK
6
CONTINUOUS
10
0.4098092913385827
20
1.3539208661417323
11
0.4079023622047244
21
1.349831496062992
0
LINE
8
BLACK
6
CONTINUOUS
10
0.4079023622047244
20
1.349831496062992
11
0.404711811023622
21
1.3466409448818897
0
LINE
8
BLACK
6
CONTINUOUS
10
0.404711811023622
20
1.3466409448818897
11
0.4006224409448819
21
1.3447340157480314
0
LINE
8
BLACK
6
CONTINUOUS
10
0.4006224409448819
20
1.3447340157480314
11
0.397259842519685
21
1.3442913385826771
0
LINE
8
BLACK
6
CONTINUOUS
10
0.397259842519685
20
1.3442913385826771
11
0.3765905511811024
21
1.3442913385826771
0
LINE
8
BLACK
6
CONTINUOUS
10
0.3765905511811024
20
1.3442913385826771
11
0.3732279527559055
21
1.3447340157480314
0
LINE
8
BLACK
6
CONTINUOUS
10
0.3732279527559055
20
1.3447340157480314
11
0.3691385826771654
21
1.3466409448818897
0
LINE
8
BLACK
6
CONTINUOUS
10
0.3691385826771654
20
1.3466409448818897
11
0.365948031496063
21
1.349831496062992
0
LINE
8
BLACK
6
CONTINUOUS
10
0.365948031496063
20
1.349831496062992
11
0.3640411023622047
21
1.3539208661417323
0
LINE
8
BLACK
6
CONTINUOUS
10
0.3640411023622047
20
1.3539208661417323
11
0.3635984251968504
21
1.3572834645669292
0
LINE
8
BLACK
6
CONTINUOUS
10
0.3635984251968504
20
1.3572834645669292
11
0.3635984251968504
21
1.3927165354330708
0
LINE
8
BLACK
6
CONTINUOUS
10
0.3635984251968504
20
1.3927165354330708
11
0.3640411023622047
21
1.3960791338582677
0
LINE
8
BLACK
6
CONTINUOUS
10
0.3640411023622047
20
1.3960791338582677
11
0.365948031496063
21
1.4001685039370078
0
LINE
8
BLACK
6
CONTINUOUS
10
0.365948031496063
20
1.4001685039370078
11
0.3691385826771654
21
1.4033590551181101
0
LINE
8
BLACK
6
CONTINUOUS
10
0.3691385826771654
20
1.4033590551181101
11
0.3732279527559055
21
1.4052659842519686
0
LINE
8
BLACK
6
CONTINUOUS
10
0.3732279527559055
20
1.4052659842519686
11
0.3765905511811024
21
1.4057086614173229
0
LINE
8
BLACK
6
CONTINUOUS
10
0.3765905511811024
20
1.4057086614173229
11
0.397259842519685
21
1.4057086614173229
0
LINE
8
BLACK
6
CONTINUOUS
10
0.397259842519685
20
1.4057086614173229
11
0.4006224409448819
21
1.4052659842519686
0
LINE
8
BLACK
6
CONTINUOUS
10
4.1228035433070866
20
1.4470140157480316
11
4.1268929133858263
21
1.4451070866141731
0
LINE
8
BLACK
6
CONTINUOUS
10
4.1268929133858263
20
1.4451070866141731
11
4.1300834645669289
21
1.4419165354330707
0
LINE
8
BLACK
6
CONTINUOUS
10
4.1300834645669289
20
1.4419165354330707
11
4.1319903937007876
21
1.4378271653543306
0
LINE
8
BLACK
6
CONTINUOUS
10
4.1319903937007876
20
1.4378271653543306
11
4.1324330708661412
21
1.4344645669291338
0
LINE
8
BLACK
6
CONTINUOUS
10
4.1324330708661412
20
1.4344645669291338
11
4.1324330708661412
21
1.367535433070866
0
LINE
8
BLACK
6
CONTINUOUS
10
4.1324330708661412
20
1.367535433070866
11
4.1319903937007876
21
1.3641728346456692
0
LINE
8
BLACK
6
CONTINUOUS
10
4.1319903937007876
20
1.3641728346456692
11
4.1300834645669289
21
1.3600834645669291
0
LINE
8
BLACK
6
CONTINUOUS
10
4.1300834645669289
20
1.3600834645669291
11
4.1268929133858263
21
1.3568929133858267
0
LINE
8
BLACK
6
CONTINUOUS
10
4.1268929133858263
20
1.3568929133858267
11
4.1228035433070866
21
1.3549859842519685
0
LINE
8
BLACK
6
CONTINUOUS
10
4.1228035433070866
20
1.3549859842519685
11
4.1194409448818901
21
1.3545433070866142
0
LINE
8
BLACK
6
CONTINUOUS
10
4.1194409448818901
20
1.3545433070866142
11
4.0899133858267716
21
1.3545433070866142
0
LINE
8
BLACK
6
CONTINUOUS
10
4.0899133858267716
20
1.3545433070866142
11
4.086550787401575
21
1.3549859842519685
0
LINE
8
BLACK
6
CONTINUOUS
10
4.086550787401575
20
1.3549859842519685
11
4.0824614173228344
21
1.3568929133858267
0
LINE
8
BLACK
6
CONTINUOUS
10
4.0824614173228344
20
1.3568929133858267
11
4.0792708661417318
21
1.3600834645669291
0
LINE
8
BLACK
6
CONTINUOUS
10
4.0792708661417318
20
1.3600834645669291
11
4.077363937007874
21
1.3641728346456692
0
LINE
8
BLACK
6
CONTINUOUS
10
4.077363937007874
20
1.3641728346456692
11
4.0769212598425195
21
1.367535433070866
0
LINE
8
BLACK
6
CONTINUOUS
10
4.0769212598425195
20
1.367535433070866
11
4.0769212598425195
21
1.4344645669291338
0
LINE
8
BLACK
6
CONTINUOUS
10
4.0769212598425195
20
1.4344645669291338
11
4.077363937007874
21
1.4378271653543306
0
LINE
8
BLACK
6
CONTINUOUS
10
4.077363937007874
20
1.4378271653543306
11
4.0792708661417318
21
1.4419165354330707
0
LINE
8
BLACK
6
CONTINUOUS
10
4.0792708661417318
20
1.4419165354330707
11
4.0824614173228344
21
1.4451070866141731
0
LINE
8
BLACK
6
CONTINUOUS
10
4.0824614173228344
20
1.4451070866141731
11
4.086550787401575
21
1.4470140157480316
0
LINE
8
BLACK
6
CONTINUOUS
10
4.086550787401575
20
1.4470140157480316
11
4.0899133858267716
21
1.4474566929133859
0
LINE
8
BLACK
6
CONTINUOUS
10
4.0899133858267716
20
1.4474566929133859
11
4.1194409448818901
21
1.4474566929133859
0
LINE
8
BLACK
6
CONTINUOUS
10
4.1194409448818901
20
1.4474566929133859
11
4.1228035433070866
21
1.4470140157480316
0
LINE
8
BLACK
6
CONTINUOUS
10
4.2074492125984255
20
1.4470140157480316
11
4.2115385826771652
21
1.4451070866141731
0
LINE
8
BLACK
6
CONTINUOUS
10
4.2115385826771652
20
1.4451070866141731
11
4.2147291338582678
21
1.4419165354330707
0
LINE
8
BLACK
6
CONTINUOUS
10
4.2147291338582678
20
1.4419165354330707
11
4.2166360629921256
21
1.4378271653543306
0
LINE
8
BLACK
6
CONTINUOUS
10
4.2166360629921256
20
1.4378271653543306
11
4.2170787401574801
21
1.4344645669291338
0
LINE
8
BLACK
6
CONTINUOUS
10
4.2170787401574801
20
1.4344645669291338
11
4.2170787401574801
21
1.367535433070866
0
LINE
8
BLACK
6
CONTINUOUS
10
4.2170787401574801
20
1.367535433070866
11
4.2166360629921256
21
1.3641728346456692
0
LINE
8
BLACK
6
CONTINUOUS
10
4.2166360629921256
20
1.3641728346456692
11
4.2147291338582678
21
1.3600834645669291
0
LINE
8
BLACK
6
CONTINUOUS
10
4.2147291338582678
20
1.3600834645669291
11
4.2115385826771652
21
1.3568929133858267
0
LINE
8
BLACK
6
CONTINUOUS
10
4.2115385826771652
20
1.3568929133858267
11
4.2074492125984255
21
1.3549859842519685
0
LINE
8
BLACK
6
CONTINUOUS
10
4.2074492125984255
20
1.3549859842519685
11
4.204086614173228
21
1.3545433070866142
0
LINE
8
BLACK
6
CONTINUOUS
10
4.204086614173228
20
1.3545433070866142
11
4.1745590551181104
21
1.3545433070866142
0
LINE
8
BLACK
6
CONTINUOUS
10
4.1745590551181104
20
1.3545433070866142
11
4.1711964566929129
21
1.3549859842519685
0
LINE
8
BLACK
6
CONTINUOUS
10
4.1711964566929129
20
1.3549859842519685
11
4.1671070866141733
21
1.3568929133858267
0
LINE
8
BLACK
6
CONTINUOUS
10
4.1671070866141733
20
1.3568929133858267
11
4.1639165354330707
21
1.3600834645669291
0
LINE
8
BLACK
6
CONTINUOUS
10
4.1639165354330707
20
1.3600834645669291
11
4.1620096062992129
21
1.3641728346456692
0
LINE
8
BLACK
6
CONTINUOUS
10
4.1620096062992129
20
1.3641728346456692
11
4.1615669291338584
21
1.367535433070866
0
LINE
8
BLACK
6
CONTINUOUS
10
4.1615669291338584
20
1.367535433070866
11
4.1615669291338584
21
1.4344645669291338
0
LINE
8
BLACK
6
CONTINUOUS
10
4.1615669291338584
20
1.4344645669291338
11
4.1620096062992129
21
1.4378271653543306
0
LINE
8
BLACK
6
CONTINUOUS
10
4.1620096062992129
20
1.4378271653543306
11
4.1639165354330707
21
1.4419165354330707
0
LINE
8
BLACK
6
CONTINUOUS
10
4.1639165354330707
20
1.4419165354330707
11
4.1671070866141733
21
1.4451070866141731
0
LINE
8
BLACK
6
CONTINUOUS
10
4.1671070866141733
20
1.4451070866141731
11
4.1711964566929129
21
1.4470140157480316
0
LINE
8
BLACK
6
CONTINUOUS
10
4.1711964566929129
20
1.4470140157480316
11
4.1745590551181104
21
1.4474566929133859
0
LINE
8
BLACK
6
CONTINUOUS
10
4.1745590551181104
20
1.4474566929133859
11
4.204086614173228
21
1.4474566929133859
0
LINE
8
BLACK
6
CONTINUOUS
10
4.204086614173228
20
1.4474566929133859
11
4.2074492125984255
21
1.4470140157480316
0
LINE
8
BLACK
6
CONTINUOUS
10
1.2473234251968504
20
1.3997208661417322
11
1.2483452362204723
21
1.3990381496062991
0
LINE
8
BLACK
6
CONTINUOUS
10
1.2483452362204723
20
1.3990381496062991
11
1.2490279527559054
21
1.3980163385826772
0
LINE
8
BLACK
6
CONTINUOUS
10
1.2490279527559054
20
1.3980163385826772
11
1.2492677165354331
21
1.3968110236220472
0
LINE
8
BLACK
6
CONTINUOUS
10
1.2492677165354331
20
1.3968110236220472
11
1.2492677165354331
21
1.3751574803149607
0
LINE
8
BLACK
6
CONTINUOUS
10
1.2492677165354331
20
1.3751574803149607
11
1.2490279527559054
21
1.3739521653543307
0
LINE
8
BLACK
6
CONTINUOUS
10
1.2490279527559054
20
1.3739521653543307
11
1.2483452362204723
21
1.3729303543307085
0
LINE
8
BLACK
6
CONTINUOUS
10
1.2483452362204723
20
1.3729303543307085
11
1.2473234251968504
21
1.3722476377952755
0
LINE
8
BLACK
6
CONTINUOUS
10
1.2473234251968504
20
1.3722476377952755
11
1.2461181102362204
21
1.372007874015748
0
LINE
8
BLACK
6
CONTINUOUS
10
1.2461181102362204
20
1.372007874015748
11
1.1870629921259843
21
1.372007874015748
0
LINE
8
BLACK
6
CONTINUOUS
10
1.1870629921259843
20
1.372007874015748
11
1.1858576771653544
21
1.3722476377952755
0
LINE
8
BLACK
6
CONTINUOUS
10
1.1858576771653544
20
1.3722476377952755
11
1.1848358661417322
21
1.3729303543307085
0
LINE
8
BLACK
6
CONTINUOUS
10
1.1848358661417322
20
1.3729303543307085
11
1.1841531496062991
21
1.3739521653543307
0
LINE
8
BLACK
6
CONTINUOUS
10
1.1841531496062991
20
1.3739521653543307
11
1.1839133858267716
21
1.3751574803149607
0
LINE
8
BLACK
6
CONTINUOUS
10
1.1839133858267716
20
1.3751574803149607
11
1.1839133858267716
21
1.3968110236220472
0
LINE
8
BLACK
6
CONTINUOUS
10
1.1839133858267716
20
1.3968110236220472
11
1.1841531496062991
21
1.3980163385826772
0
LINE
8
BLACK
6
CONTINUOUS
10
1.1841531496062991
20
1.3980163385826772
11
1.1848358661417322
21
1.3990381496062991
0
LINE
8
BLACK
6
CONTINUOUS
10
1.1848358661417322
20
1.3990381496062991
11
1.1858576771653544
21
1.3997208661417322
0
LINE
8
BLACK
6
CONTINUOUS
10
1.1858576771653544
20
1.3997208661417322
11
1.1870629921259843
21
1.3999606299212599
0
LINE
8
BLACK
6
CONTINUOUS
10
1.1870629921259843
20
1.3999606299212599
11
1.2461181102362204
21
1.3999606299212599
0
LINE
8
BLACK
6
CONTINUOUS
10
1.2461181102362204
20
1.3999606299212599
11
1.2473234251968504
21
1.3997208661417322
0
LINE
8
BLACK
6
CONTINUOUS
10
1.6961423228346457
20
1.3997208661417322
11
1.6971641338582677
21
1.3990381496062991
0
LINE
8
BLACK
6
CONTINUOUS
10
1.6971641338582677
20
1.3990381496062991
11
1.6978468503937008
21
1.3980163385826772
0
LINE
8
BLACK
6
CONTINUOUS
10
1.6978468503937008
20
1.3980163385826772
11
1.6980866141732283
21
1.3968110236220472
0
LINE
8
BLACK
6
CONTINUOUS
10
1.6980866141732283
20
1.3968110236220472
11
1.6980866141732283
21
1.3751574803149607
0
LINE
8
BLACK
6
CONTINUOUS
10
1.6980866141732283
20
1.3751574803149607
11
1.6978468503937008
21
1.3739521653543307
0
LINE
8
BLACK
6
CONTINUOUS
10
1.6978468503937008
20
1.3739521653543307
11
1.6971641338582677
21
1.3729303543307085
0
LINE
8
BLACK
6
CONTINUOUS
10
1.6971641338582677
20
1.3729303543307085
11
1.6961423228346457
21
1.3722476377952755
0
LINE
8
BLACK
6
CONTINUOUS
10
1.6961423228346457
20
1.3722476377952755
11
1.6949370078740158
21
1.372007874015748
0
LINE
8
BLACK
6
CONTINUOUS
10
1.6949370078740158
20
1.372007874015748
11
1.6358818897637795
21
1.372007874015748
0
LINE
8
BLACK
6
CONTINUOUS
10
1.6358818897637795
20
1.372007874015748
11
1.6346765748031495
21
1.3722476377952755
0
LINE
8
BLACK
6
CONTINUOUS
10
1.6346765748031495
20
1.3722476377952755
11
1.6336547637795276
21
1.3729303543307085
0
LINE
8
BLACK
6
CONTINUOUS
10
1.6336547637795276
20
1.3729303543307085
11
1.6329720472440945
21
1.3739521653543307
0
LINE
8
BLACK
6
CONTINUOUS
10
1.6329720472440945
20
1.3739521653543307
11
1.632732283464567
21
1.3751574803149607
0
LINE
8
BLACK
6
CONTINUOUS
10
1.632732283464567
20
1.3751574803149607
11
1.632732283464567
21
1.3968110236220472
0
LINE
8
BLACK
6
CONTINUOUS
10
1.632732283464567
20
1.3968110236220472
11
1.6329720472440945
21
1.3980163385826772
0
LINE
8
BLACK
6
CONTINUOUS
10
1.6329720472440945
20
1.3980163385826772
11
1.6336547637795276
21
1.3990381496062991
0
LINE
8
BLACK
6
CONTINUOUS
10
1.6336547637795276
20
1.3990381496062991
11
1.6346765748031495
21
1.3997208661417322
0
LINE
8
BLACK
6
CONTINUOUS
10
1.6346765748031495
20
1.3997208661417322
11
1.6358818897637795
21
1.3999606299212599
0
LINE
8
BLACK
6
CONTINUOUS
10
1.6358818897637795
20
1.3999606299212599
11
1.6949370078740158
21
1.3999606299212599
0
LINE
8
BLACK
6
CONTINUOUS
10
1.6949370078740158
20
1.3999606299212599
11
1.6961423228346457
21
1.3997208661417322
0
LINE
8
BLACK
6
CONTINUOUS
10
1.0580791338582678
20
1.4208092913385826
11
1.0621685039370079
21
1.4189023622047243
0
LINE
8
BLACK
6
CONTINUOUS
10
1.0621685039370079
20
1.4189023622047243
11
1.0653590551181102
21
1.415711811023622
0
LINE
8
BLACK
6
CONTINUOUS
10
1.0653590551181102
20
1.415711811023622
11
1.0672659842519685
21
1.4116224409448819
0
LINE
8
BLACK
6
CONTINUOUS
10
1.0672659842519685
20
1.4116224409448819
11
1.0677086614173228
21
1.4082598425196851
0
LINE
8
BLACK
6
CONTINUOUS
10
1.0677086614173228
20
1.4082598425196851
11
1.0677086614173228
21
1.3875905511811024
0
LINE
8
BLACK
6
CONTINUOUS
10
1.0677086614173228
20
1.3875905511811024
11
1.0672659842519685
21
1.3842279527559054
0
LINE
8
BLACK
6
CONTINUOUS
10
1.0672659842519685
20
1.3842279527559054
11
1.0653590551181102
21
1.3801385826771653
0
LINE
8
BLACK
6
CONTINUOUS
10
1.0653590551181102
20
1.3801385826771653
11
1.0621685039370079
21
1.3769480314960629
0
LINE
8
BLACK
6
CONTINUOUS
10
1.0621685039370079
20
1.3769480314960629
11
1.0580791338582678
21
1.3750411023622047
0
LINE
8
BLACK
6
CONTINUOUS
10
1.0580791338582678
20
1.3750411023622047
11
1.0547165354330708
21
1.3745984251968504
0
LINE
8
BLACK
6
CONTINUOUS
10
1.0547165354330708
20
1.3745984251968504
11
1.0192834645669291
21
1.3745984251968504
0
LINE
8
BLACK
6
CONTINUOUS
10
1.0192834645669291
20
1.3745984251968504
11
1.0159208661417323
21
1.3750411023622047
0
LINE
8
BLACK
6
CONTINUOUS
10
1.0159208661417323
20
1.3750411023622047
11
1.0118314960629922
21
1.3769480314960629
0
LINE
8
BLACK
6
CONTINUOUS
10
1.0118314960629922
20
1.3769480314960629
11
1.0086409448818898
21
1.3801385826771653
0
LINE
8
BLACK
6
CONTINUOUS
10
1.0086409448818898
20
1.3801385826771653
11
1.0067340157480316
21
1.3842279527559054
0
LINE
8
BLACK
6
CONTINUOUS
10
1.0067340157480316
20
1.3842279527559054
11
1.0062913385826771
21
1.3875905511811024
0
LINE
8
BLACK
6
CONTINUOUS
10
1.0062913385826771
20
1.3875905511811024
11
1.0062913385826771
21
1.4082598425196851
0
LINE
8
BLACK
6
CONTINUOUS
10
1.0062913385826771
20
1.4082598425196851
11
1.0067340157480316
21
1.4116224409448819
0
LINE
8
BLACK
6
CONTINUOUS
10
1.0067340157480316
20
1.4116224409448819
11
1.0086409448818898
21
1.415711811023622
0
LINE
8
BLACK
6
CONTINUOUS
10
1.0086409448818898
20
1.415711811023622
11
1.0118314960629922
21
1.4189023622047243
0
LINE
8
BLACK
6
CONTINUOUS
10
1.0118314960629922
20
1.4189023622047243
11
1.0159208661417323
21
1.4208092913385826
0
LINE
8
BLACK
6
CONTINUOUS
10
1.0159208661417323
20
1.4208092913385826
11
1.0192834645669291
21
1.4212519685039369
0
LINE
8
BLACK
6
CONTINUOUS
10
1.0192834645669291
20
1.4212519685039369
11
1.0547165354330708
21
1.4212519685039369
0
LINE
8
BLACK
6
CONTINUOUS
10
1.0547165354330708
20
1.4212519685039369
11
1.0580791338582678
21
1.4208092913385826
0
LINE
8
BLACK
6
CONTINUOUS
10
1.1380791338582676
20
1.4208092913385826
11
1.1421685039370078
21
1.4189023622047243
0
LINE
8
BLACK
6
CONTINUOUS
10
1.1421685039370078
20
1.4189023622047243
11
1.1453590551181103
21
1.415711811023622
0
LINE
8
BLACK
6
CONTINUOUS
10
1.1453590551181103
20
1.415711811023622
11
1.1472659842519686
21
1.4116224409448819
0
LINE
8
BLACK
6
CONTINUOUS
10
1.1472659842519686
20
1.4116224409448819
11
1.1477086614173229
21
1.4082598425196851
0
LINE
8
BLACK
6
CONTINUOUS
10
1.1477086614173229
20
1.4082598425196851
11
1.1477086614173229
21
1.3875905511811024
0
LINE
8
BLACK
6
CONTINUOUS
10
1.1477086614173229
20
1.3875905511811024
11
1.1472659842519686
21
1.3842279527559054
0
LINE
8
BLACK
6
CONTINUOUS
10
1.1472659842519686
20
1.3842279527559054
11
1.1453590551181103
21
1.3801385826771653
0
LINE
8
BLACK
6
CONTINUOUS
10
1.1453590551181103
20
1.3801385826771653
11
1.1421685039370078
21
1.3769480314960629
0
LINE
8
BLACK
6
CONTINUOUS
10
1.1421685039370078
20
1.3769480314960629
11
1.1380791338582676
21
1.3750411023622047
0
LINE
8
BLACK
6
CONTINUOUS
10
1.1380791338582676
20
1.3750411023622047
11
1.1347165354330708
21
1.3745984251968504
0
LINE
8
BLACK
6
CONTINUOUS
10
1.1347165354330708
20
1.3745984251968504
11
1.0992834645669292
21
1.3745984251968504
0
LINE
8
BLACK
6
CONTINUOUS
10
1.0992834645669292
20
1.3745984251968504
11
1.0959208661417323
21
1.3750411023622047
0
LINE
8
BLACK
6
CONTINUOUS
10
1.0959208661417323
20
1.3750411023622047
11
1.091831496062992
21
1.3769480314960629
0
LINE
8
BLACK
6
CONTINUOUS
10
1.091831496062992
20
1.3769480314960629
11
1.0886409448818897
21
1.3801385826771653
0
LINE
8
BLACK
6
CONTINUOUS
10
1.0886409448818897
20
1.3801385826771653
11
1.0867340157480314
21
1.3842279527559054
0
LINE
8
BLACK
6
CONTINUOUS
10
1.0867340157480314
20
1.3842279527559054
11
1.0862913385826771
21
1.3875905511811024
0
LINE
8
BLACK
6
CONTINUOUS
10
1.0862913385826771
20
1.3875905511811024
11
1.0862913385826771
21
1.4082598425196851
0
LINE
8
BLACK
6
CONTINUOUS
10
1.0862913385826771
20
1.4082598425196851
11
1.0867340157480314
21
1.4116224409448819
0
LINE
8
BLACK
6
CONTINUOUS
10
1.0867340157480314
20
1.4116224409448819
11
1.0886409448818897
21
1.415711811023622
0
LINE
8
BLACK
6
CONTINUOUS
10
1.0886409448818897
20
1.415711811023622
11
1.091831496062992
21
1.4189023622047243
0
LINE
8
BLACK
6
CONTINUOUS
10
1.091831496062992
20
1.4189023622047243
11
1.0959208661417323
21
1.4208092913385826
0
LINE
8
BLACK
6
CONTINUOUS
10
1.0959208661417323
20
1.4208092913385826
11
1.0992834645669292
21
1.4212519685039369
0
LINE
8
BLACK
6
CONTINUOUS
10
1.0992834645669292
20
1.4212519685039369
11
1.1347165354330708
21
1.4212519685039369
0
LINE
8
BLACK
6
CONTINUOUS
10
1.1347165354330708
20
1.4212519685039369
11
1.1380791338582676
21
1.4208092913385826
0
LINE
8
BLACK
6
CONTINUOUS
10
4.384328779527559
20
1.4696074409448818
11
4.3884181496062995
21
1.4677005118110236
0
LINE
8
BLACK
6
CONTINUOUS
10
4.3884181496062995
20
1.4677005118110236
11
4.3916087007874012
21
1.4645099606299212
0
LINE
8
BLACK
6
CONTINUOUS
10
4.3916087007874012
20
1.4645099606299212
11
4.3935156299212599
21
1.4604205905511811
0
LINE
8
BLACK
6
CONTINUOUS
10
4.3935156299212599
20
1.4604205905511811
11
4.3939583070866144
21
1.4570579921259843
0
LINE
8
BLACK
6
CONTINUOUS
10
4.3939583070866144
20
1.4570579921259843
11
4.3939583070866144
21
1.3901288582677165
0
LINE
8
BLACK
6
CONTINUOUS
10
4.3939583070866144
20
1.3901288582677165
11
4.3935156299212599
21
1.3867662598425197
0
LINE
8
BLACK
6
CONTINUOUS
10
4.3935156299212599
20
1.3867662598425197
11
4.3916087007874012
21
1.3826768897637796
0
LINE
8
BLACK
6
CONTINUOUS
10
4.3916087007874012
20
1.3826768897637796
11
4.3884181496062995
21
1.3794863385826772
0
LINE
8
BLACK
6
CONTINUOUS
10
4.3884181496062995
20
1.3794863385826772
11
4.384328779527559
21
1.377579409448819
0
LINE
8
BLACK
6
CONTINUOUS
10
4.384328779527559
20
1.377579409448819
11
4.3809661811023624
21
1.3771367322834644
0
LINE
8
BLACK
6
CONTINUOUS
10
4.3809661811023624
20
1.3771367322834644
11
4.3514386220472439
21
1.3771367322834644
0
LINE
8
BLACK
6
CONTINUOUS
10
4.3514386220472439
20
1.3771367322834644
11
4.3480760236220473
21
1.377579409448819
0
LINE
8
BLACK
6
CONTINUOUS
10
4.3480760236220473
20
1.377579409448819
11
4.3439866535433067
21
1.3794863385826772
0
LINE
8
BLACK
6
CONTINUOUS
10
4.3439866535433067
20
1.3794863385826772
11
4.340796102362205
21
1.3826768897637796
0
LINE
8
BLACK
6
CONTINUOUS
10
4.340796102362205
20
1.3826768897637796
11
4.3388891732283463
21
1.3867662598425197
0
LINE
8
BLACK
6
CONTINUOUS
10
4.3388891732283463
20
1.3867662598425197
11
4.3384464960629918
21
1.3901288582677165
0
LINE
8
BLACK
6
CONTINUOUS
10
4.3384464960629918
20
1.3901288582677165
11
4.3384464960629918
21
1.4570579921259843
0
LINE
8
BLACK
6
CONTINUOUS
10
4.3384464960629918
20
1.4570579921259843
11
4.3388891732283463
21
1.4604205905511811
0
LINE
8
BLACK
6
CONTINUOUS
10
4.3388891732283463
20
1.4604205905511811
11
4.340796102362205
21
1.4645099606299212
0
LINE
8
BLACK
6
CONTINUOUS
10
4.340796102362205
20
1.4645099606299212
11
4.3439866535433067
21
1.4677005118110236
0
LINE
8
BLACK
6
CONTINUOUS
10
4.3439866535433067
20
1.4677005118110236
11
4.3480760236220473
21
1.4696074409448818
0
LINE
8
BLACK
6
CONTINUOUS
10
4.3480760236220473
20
1.4696074409448818
11
4.3514386220472439
21
1.4700501181102361
0
LINE
8
BLACK
6
CONTINUOUS
10
4.3514386220472439
20
1.4700501181102361
11
4.3809661811023624
21
1.4700501181102361
0
LINE
8
BLACK
6
CONTINUOUS
10
4.3809661811023624
20
1.4700501181102361
11
4.384328779527559
21
1.4696074409448818
0
LINE
8
BLACK
6
CONTINUOUS
10
4.4689744488188978
20
1.4696074409448818
11
4.4730638188976375
21
1.4677005118110236
0
LINE
8
BLACK
6
CONTINUOUS
10
4.4730638188976375
20
1.4677005118110236
11
4.4762543700787401
21
1.4645099606299212
0
LINE
8
BLACK
6
CONTINUOUS
10
4.4762543700787401
20
1.4645099606299212
11
4.4781612992125988
21
1.4604205905511811
0
LINE
8
BLACK
6
CONTINUOUS
10
4.4781612992125988
20
1.4604205905511811
11
4.4786039763779524
21
1.4570579921259843
0
LINE
8
BLACK
6
CONTINUOUS
10
4.4786039763779524
20
1.4570579921259843
11
4.4786039763779524
21
1.3901288582677165
0
LINE
8
BLACK
6
CONTINUOUS
10
4.4786039763779524
20
1.3901288582677165
11
4.4781612992125988
21
1.3867662598425197
0
LINE
8
BLACK
6
CONTINUOUS
10
4.4781612992125988
20
1.3867662598425197
11
4.4762543700787401
21
1.3826768897637796
0
LINE
8
BLACK
6
CONTINUOUS
10
4.4762543700787401
20
1.3826768897637796
11
4.4730638188976375
21
1.3794863385826772
0
LINE
8
BLACK
6
CONTINUOUS
10
4.4730638188976375
20
1.3794863385826772
11
4.4689744488188978
21
1.377579409448819
0
LINE
8
BLACK
6
CONTINUOUS
10
4.4689744488188978
20
1.377579409448819
11
4.4656118503937003
21
1.3771367322834644
0
LINE
8
BLACK
6
CONTINUOUS
10
4.4656118503937003
20
1.3771367322834644
11
4.4360842913385827
21
1.3771367322834644
0
LINE
8
BLACK
6
CONTINUOUS
10
4.4360842913385827
20
1.3771367322834644
11
4.4327216929133861
21
1.377579409448819
0
LINE
8
BLACK
6
CONTINUOUS
10
4.4327216929133861
20
1.377579409448819
11
4.4286323228346456
21
1.3794863385826772
0
LINE
8
BLACK
6
CONTINUOUS
10
4.4286323228346456
20
1.3794863385826772
11
4.425441771653543
21
1.3826768897637796
0
LINE
8
BLACK
6
CONTINUOUS
10
4.425441771653543
20
1.3826768897637796
11
4.4235348425196852
21
1.3867662598425197
0
LINE
8
BLACK
6
CONTINUOUS
10
4.4235348425196852
20
1.3867662598425197
11
4.4230921653543307
21
1.3901288582677165
0
LINE
8
BLACK
6
CONTINUOUS
10
4.4230921653543307
20
1.3901288582677165
11
4.4230921653543307
21
1.4570579921259843
0
LINE
8
BLACK
6
CONTINUOUS
10
4.4230921653543307
20
1.4570579921259843
11
4.4235348425196852
21
1.4604205905511811
0
LINE
8
BLACK
6
CONTINUOUS
10
4.4235348425196852
20
1.4604205905511811
11
4.425441771653543
21
1.4645099606299212
0
LINE
8
BLACK
6
CONTINUOUS
10
4.425441771653543
20
1.4645099606299212
11
4.4286323228346456
21
1.4677005118110236
0
LINE
8
BLACK
6
CONTINUOUS
10
4.4286323228346456
20
1.4677005118110236
11
4.4327216929133861
21
1.4696074409448818
0
LINE
8
BLACK
6
CONTINUOUS
10
4.4327216929133861
20
1.4696074409448818
11
4.4360842913385827
21
1.4700501181102361
0
LINE
8
BLACK
6
CONTINUOUS
10
4.4360842913385827
20
1.4700501181102361
11
4.4656118503937003
21
1.4700501181102361
0
LINE
8
BLACK
6
CONTINUOUS
10
4.4656118503937003
20
1.4700501181102361
11
4.4689744488188978
21
1.4696074409448818
0
LINE
8
BLACK
6
CONTINUOUS
10
0.4689691732283465
20
1.4565862992125984
11
0.4719068897637795
21
1.4546234251968504
0
LINE
8
BLACK
6
CONTINUOUS
10
0.4719068897637795
20
1.4546234251968504
11
0.4738697637795276
21
1.4516857086614172
0
LINE
8
BLACK
6
CONTINUOUS
10
0.4738697637795276
20
1.4516857086614172
11
0.4745590551181103
21
1.4482204724409449
0
LINE
8
BLACK
6
CONTINUOUS
10
0.4745590551181103
20
1.4482204724409449
11
0.4745590551181103
21
1.4019606299212599
0
LINE
8
BLACK
6
CONTINUOUS
10
0.4745590551181103
20
1.4019606299212599
11
0.4738697637795276
21
1.3984953937007873
0
LINE
8
BLACK
6
CONTINUOUS
10
0.4738697637795276
20
1.3984953937007873
11
0.4719068897637795
21
1.3955576771653544
0
LINE
8
BLACK
6
CONTINUOUS
10
0.4719068897637795
20
1.3955576771653544
11
0.4689691732283465
21
1.3935948031496064
0
LINE
8
BLACK
6
CONTINUOUS
10
0.4689691732283465
20
1.3935948031496064
11
0.465503937007874
21
1.3929055118110236
0
LINE
8
BLACK
6
CONTINUOUS
10
0.465503937007874
20
1.3929055118110236
11
0.4536929133858267
21
1.3929055118110236
0
LINE
8
BLACK
6
CONTINUOUS
10
0.4536929133858267
20
1.3929055118110236
11
0.4502276771653543
21
1.3935948031496064
0
LINE
8
BLACK
6
CONTINUOUS
10
0.4502276771653543
20
1.3935948031496064
11
0.4472899606299213
21
1.3955576771653544
0
LINE
8
BLACK
6
CONTINUOUS
10
0.4472899606299213
20
1.3955576771653544
11
0.4453270866141732
21
1.3984953937007873
0
LINE
8
BLACK
6
CONTINUOUS
10
0.4453270866141732
20
1.3984953937007873
11
0.4446377952755906
21
1.4019606299212599
0
LINE
8
BLACK
6
CONTINUOUS
10
0.4446377952755906
20
1.4019606299212599
11
0.4446377952755906
21
1.4482204724409449
0
LINE
8
BLACK
6
CONTINUOUS
10
0.4446377952755906
20
1.4482204724409449
11
0.4453270866141732
21
1.4516857086614172
0
LINE
8
BLACK
6
CONTINUOUS
10
0.4453270866141732
20
1.4516857086614172
11
0.4472899606299213
21
1.4546234251968504
0
LINE
8
BLACK
6
CONTINUOUS
10
0.4472899606299213
20
1.4546234251968504
11
0.4502276771653543
21
1.4565862992125984
0
LINE
8
BLACK
6
CONTINUOUS
10
0.4502276771653543
20
1.4565862992125984
11
0.4536929133858267
21
1.4572755905511812
0
LINE
8
BLACK
6
CONTINUOUS
10
0.4536929133858267
20
1.4572755905511812
11
0.465503937007874
21
1.4572755905511812
0
LINE
8
BLACK
6
CONTINUOUS
10
0.465503937007874
20
1.4572755905511812
11
0.4689691732283465
21
1.4565862992125984
0
LINE
8
BLACK
6
CONTINUOUS
10
0.5437723228346456
20
1.4565862992125984
11
0.5467100393700788
21
1.4546234251968504
0
LINE
8
BLACK
6
CONTINUOUS
10
0.5467100393700788
20
1.4546234251968504
11
0.5486729133858268
21
1.4516857086614172
0
LINE
8
BLACK
6
CONTINUOUS
10
0.5486729133858268
20
1.4516857086614172
11
0.5493622047244094
21
1.4482204724409449
0
LINE
8
BLACK
6
CONTINUOUS
10
0.5493622047244094
20
1.4482204724409449
11
0.5493622047244094
21
1.4019606299212599
0
LINE
8
BLACK
6
CONTINUOUS
10
0.5493622047244094
20
1.4019606299212599
11
0.5486729133858268
21
1.3984953937007873
0
LINE
8
BLACK
6
CONTINUOUS
10
0.5486729133858268
20
1.3984953937007873
11
0.5467100393700788
21
1.3955576771653544
0
LINE
8
BLACK
6
CONTINUOUS
10
0.5467100393700788
20
1.3955576771653544
11
0.5437723228346456
21
1.3935948031496064
0
LINE
8
BLACK
6
CONTINUOUS
10
0.5437723228346456
20
1.3935948031496064
11
0.5403070866141733
21
1.3929055118110236
0
LINE
8
BLACK
6
CONTINUOUS
10
0.5403070866141733
20
1.3929055118110236
11
0.5284960629921259
21
1.3929055118110236
0
LINE
8
BLACK
6
CONTINUOUS
10
0.5284960629921259
20
1.3929055118110236
11
0.5250308267716536
21
1.3935948031496064
0
LINE
8
BLACK
6
CONTINUOUS
10
0.5250308267716536
20
1.3935948031496064
11
0.5220931102362205
21
1.3955576771653544
0
LINE
8
BLACK
6
CONTINUOUS
10
0.5220931102362205
20
1.3955576771653544
11
0.5201302362204724
21
1.3984953937007873
0
LINE
8
BLACK
6
CONTINUOUS
10
0.5201302362204724
20
1.3984953937007873
11
0.5194409448818897
21
1.4019606299212599
0
LINE
8
BLACK
6
CONTINUOUS
10
0.5194409448818897
20
1.4019606299212599
11
0.5194409448818897
21
1.4482204724409449
0
LINE
8
BLACK
6
CONTINUOUS
10
0.5194409448818897
20
1.4482204724409449
11
0.5201302362204724
21
1.4516857086614172
0
LINE
8
BLACK
6
CONTINUOUS
10
0.5201302362204724
20
1.4516857086614172
11
0.5220931102362205
21
1.4546234251968504
0
LINE
8
BLACK
6
CONTINUOUS
10
0.5220931102362205
20
1.4546234251968504
11
0.5250308267716536
21
1.4565862992125984
0
LINE
8
BLACK
6
CONTINUOUS
10
0.5250308267716536
20
1.4565862992125984
11
0.5284960629921259
21
1.4572755905511812
0
LINE
8
BLACK
6
CONTINUOUS
10
0.5284960629921259
20
1.4572755905511812
11
0.5403070866141733
21
1.4572755905511812
0
LINE
8
BLACK
6
CONTINUOUS
10
0.5403070866141733
20
1.4572755905511812
11
0.5437723228346456
21
1.4565862992125984
0
LINE
8
BLACK
6
CONTINUOUS
10
1.2473234251968504
20
1.4312169291338583
11
1.2483452362204723
21
1.4305342125984251
0
LINE
8
BLACK
6
CONTINUOUS
10
1.2483452362204723
20
1.4305342125984251
11
1.2490279527559054
21
1.4295124015748031
0
LINE
8
BLACK
6
CONTINUOUS
10
1.2490279527559054
20
1.4295124015748031
11
1.2492677165354331
21
1.4283070866141732
0
LINE
8
BLACK
6
CONTINUOUS
10
1.2492677165354331
20
1.4283070866141732
11
1.2492677165354331
21
1.4066535433070866
0
LINE
8
BLACK
6
CONTINUOUS
10
1.2492677165354331
20
1.4066535433070866
11
1.2490279527559054
21
1.4054482283464567
0
LINE
8
BLACK
6
CONTINUOUS
10
1.2490279527559054
20
1.4054482283464567
11
1.2483452362204723
21
1.4044264173228347
0
LINE
8
BLACK
6
CONTINUOUS
10
1.2483452362204723
20
1.4044264173228347
11
1.2473234251968504
21
1.4037437007874016
0
LINE
8
BLACK
6
CONTINUOUS
10
1.2473234251968504
20
1.4037437007874016
11
1.2461181102362204
21
1.4035039370078739
0
LINE
8
BLACK
6
CONTINUOUS
10
1.2461181102362204
20
1.4035039370078739
11
1.1870629921259843
21
1.4035039370078739
0
LINE
8
BLACK
6
CONTINUOUS
10
1.1870629921259843
20
1.4035039370078739
11
1.1858576771653544
21
1.4037437007874016
0
LINE
8
BLACK
6
CONTINUOUS
10
1.1858576771653544
20
1.4037437007874016
11
1.1848358661417322
21
1.4044264173228347
0
LINE
8
BLACK
6
CONTINUOUS
10
1.1848358661417322
20
1.4044264173228347
11
1.1841531496062991
21
1.4054482283464567
0
LINE
8
BLACK
6
CONTINUOUS
10
1.1841531496062991
20
1.4054482283464567
11
1.1839133858267716
21
1.4066535433070866
0
LINE
8
BLACK
6
CONTINUOUS
10
1.1839133858267716
20
1.4066535433070866
11
1.1839133858267716
21
1.4283070866141732
0
LINE
8
BLACK
6
CONTINUOUS
10
1.1839133858267716
20
1.4283070866141732
11
1.1841531496062991
21
1.4295124015748031
0
LINE
8
BLACK
6
CONTINUOUS
10
1.1841531496062991
20
1.4295124015748031
11
1.1848358661417322
21
1.4305342125984251
0
LINE
8
BLACK
6
CONTINUOUS
10
1.1848358661417322
20
1.4305342125984251
11
1.1858576771653544
21
1.4312169291338583
0
LINE
8
BLACK
6
CONTINUOUS
10
1.1858576771653544
20
1.4312169291338583
11
1.1870629921259843
21
1.4314566929133858
0
LINE
8
BLACK
6
CONTINUOUS
10
1.1870629921259843
20
1.4314566929133858
11
1.2461181102362204
21
1.4314566929133858
0
LINE
8
BLACK
6
CONTINUOUS
10
1.2461181102362204
20
1.4314566929133858
11
1.2473234251968504
21
1.4312169291338583
0
LINE
8
BLACK
6
CONTINUOUS
10
1.6961423228346457
20
1.4312169291338583
11
1.6971641338582677
21
1.4305342125984251
0
LINE
8
BLACK
6
CONTINUOUS
10
1.6971641338582677
20
1.4305342125984251
11
1.6978468503937008
21
1.4295124015748031
0
LINE
8
BLACK
6
CONTINUOUS
10
1.6978468503937008
20
1.4295124015748031
11
1.6980866141732283
21
1.4283070866141732
0
LINE
8
BLACK
6
CONTINUOUS
10
1.6980866141732283
20
1.4283070866141732
11
1.6980866141732283
21
1.4066535433070866
0
LINE
8
BLACK
6
CONTINUOUS
10
1.6980866141732283
20
1.4066535433070866
11
1.6978468503937008
21
1.4054482283464567
0
LINE
8
BLACK
6
CONTINUOUS
10
1.6978468503937008
20
1.4054482283464567
11
1.6971641338582677
21
1.4044264173228347
0
LINE
8
BLACK
6
CONTINUOUS
10
1.6971641338582677
20
1.4044264173228347
11
1.6961423228346457
21
1.4037437007874016
0
LINE
8
BLACK
6
CONTINUOUS
10
1.6961423228346457
20
1.4037437007874016
11
1.6949370078740158
21
1.4035039370078739
0
LINE
8
BLACK
6
CONTINUOUS
10
1.6949370078740158
20
1.4035039370078739
11
1.6358818897637795
21
1.4035039370078739
0
LINE
8
BLACK
6
CONTINUOUS
10
1.6358818897637795
20
1.4035039370078739
11
1.6346765748031495
21
1.4037437007874016
0
LINE
8
BLACK
6
CONTINUOUS
10
1.6346765748031495
20
1.4037437007874016
11
1.6336547637795276
21
1.4044264173228347
0
LINE
8
BLACK
6
CONTINUOUS
10
1.6336547637795276
20
1.4044264173228347
11
1.6329720472440945
21
1.4054482283464567
0
LINE
8
BLACK
6
CONTINUOUS
10
1.6329720472440945
20
1.4054482283464567
11
1.632732283464567
21
1.4066535433070866
0
LINE
8
BLACK
6
CONTINUOUS
10
1.632732283464567
20
1.4066535433070866
11
1.632732283464567
21
1.4283070866141732
0
LINE
8
BLACK
6
CONTINUOUS
10
1.632732283464567
20
1.4283070866141732
11
1.6329720472440945
21
1.4295124015748031
0
LINE
8
BLACK
6
CONTINUOUS
10
1.6329720472440945
20
1.4295124015748031
11
1.6336547637795276
21
1.4305342125984251
0
LINE
8
BLACK
6
CONTINUOUS
10
1.6336547637795276
20
1.4305342125984251
11
1.6346765748031495
21
1.4312169291338583
0
LINE
8
BLACK
6
CONTINUOUS
10
1.6346765748031495
20
1.4312169291338583
11
1.6358818897637795
21
1.4314566929133858
0
LINE
8
BLACK
6
CONTINUOUS
10
1.6358818897637795
20
1.4314566929133858
11
1.6949370078740158
21
1.4314566929133858
0
LINE
8
BLACK
6
CONTINUOUS
10
1.6949370078740158
20
1.4314566929133858
11
1.6961423228346457
21
1.4312169291338583
0
LINE
8
BLACK
6
CONTINUOUS
10
0.6327720472440945
20
1.4692659842519684
11
0.6368614173228346
21
1.4673590551181102
0
LINE
8
BLACK
6
CONTINUOUS
10
0.6368614173228346
20
1.4673590551181102
11
0.640051968503937
21
1.4641685039370078
0
LINE
8
BLACK
6
CONTINUOUS
10
0.640051968503937
20
1.4641685039370078
11
0.6419588976377952
21
1.4600791338582677
0
LINE
8
BLACK
6
CONTINUOUS
10
0.6419588976377952
20
1.4600791338582677
11
0.6424015748031496
21
1.4567165354330709
0
LINE
8
BLACK
6
CONTINUOUS
10
0.6424015748031496
20
1.4567165354330709
11
0.6424015748031496
21
1.421283464566929
0
LINE
8
BLACK
6
CONTINUOUS
10
0.6424015748031496
20
1.421283464566929
11
0.6419588976377952
21
1.4179208661417322
0
LINE
8
BLACK
6
CONTINUOUS
10
0.6419588976377952
20
1.4179208661417322
11
0.640051968503937
21
1.4138314960629921
0
LINE
8
BLACK
6
CONTINUOUS
10
0.640051968503937
20
1.4138314960629921
11
0.6368614173228346
21
1.4106409448818897
0
LINE
8
BLACK
6
CONTINUOUS
10
0.6368614173228346
20
1.4106409448818897
11
0.6327720472440945
21
1.4087340157480315
0
LINE
8
BLACK
6
CONTINUOUS
10
0.6327720472440945
20
1.4087340157480315
11
0.6294094488188976
21
1.4082913385826772
0
LINE
8
BLACK
6
CONTINUOUS
10
0.6294094488188976
20
1.4082913385826772
11
0.608740157480315
21
1.4082913385826772
0
LINE
8
BLACK
6
CONTINUOUS
10
0.608740157480315
20
1.4082913385826772
11
0.6053775590551181
21
1.4087340157480315
0
LINE
8
BLACK
6
CONTINUOUS
10
0.6053775590551181
20
1.4087340157480315
11
0.6012881889763779
21
1.4106409448818897
0
LINE
8
BLACK
6
CONTINUOUS
10
0.6012881889763779
20
1.4106409448818897
11
0.5980976377952756
21
1.4138314960629921
0
LINE
8
BLACK
6
CONTINUOUS
10
0.5980976377952756
20
1.4138314960629921
11
0.5961907086614173
21
1.4179208661417322
0
LINE
8
BLACK
6
CONTINUOUS
10
0.5961907086614173
20
1.4179208661417322
11
0.5957480314960629
21
1.421283464566929
0
LINE
8
BLACK
6
CONTINUOUS
10
0.5957480314960629
20
1.421283464566929
11
0.5957480314960629
21
1.4567165354330709
0
LINE
8
BLACK
6
CONTINUOUS
10
0.5957480314960629
20
1.4567165354330709
11
0.5961907086614173
21
1.4600791338582677
0
LINE
8
BLACK
6
CONTINUOUS
10
0.5961907086614173
20
1.4600791338582677
11
0.5980976377952756
21
1.4641685039370078
0
LINE
8
BLACK
6
CONTINUOUS
10
0.5980976377952756
20
1.4641685039370078
11
0.6012881889763779
21
1.4673590551181102
0
LINE
8
BLACK
6
CONTINUOUS
10
0.6012881889763779
20
1.4673590551181102
11
0.6053775590551181
21
1.4692659842519684
0
LINE
8
BLACK
6
CONTINUOUS
10
0.6053775590551181
20
1.4692659842519684
11
0.608740157480315
21
1.4697086614173227
0
LINE
8
BLACK
6
CONTINUOUS
10
0.608740157480315
20
1.4697086614173227
11
0.6294094488188976
21
1.4697086614173227
0
LINE
8
BLACK
6
CONTINUOUS
10
0.6294094488188976
20
1.4697086614173227
11
0.6327720472440945
21
1.4692659842519684
0
LINE
8
BLACK
6
CONTINUOUS
10
0.7046224409448819
20
1.4692659842519684
11
0.708711811023622
21
1.4673590551181102
0
LINE
8
BLACK
6
CONTINUOUS
10
0.708711811023622
20
1.4673590551181102
11
0.7119023622047244
21
1.4641685039370078
0
LINE
8
BLACK
6
CONTINUOUS
10
0.7119023622047244
20
1.4641685039370078
11
0.7138092913385826
21
1.4600791338582677
0
LINE
8
BLACK
6
CONTINUOUS
10
0.7138092913385826
20
1.4600791338582677
11
0.714251968503937
21
1.4567165354330709
0
LINE
8
BLACK
6
CONTINUOUS
10
0.714251968503937
20
1.4567165354330709
11
0.714251968503937
21
1.421283464566929
0
LINE
8
BLACK
6
CONTINUOUS
10
0.714251968503937
20
1.421283464566929
11
0.7138092913385826
21
1.4179208661417322
0
LINE
8
BLACK
6
CONTINUOUS
10
0.7138092913385826
20
1.4179208661417322
11
0.7119023622047244
21
1.4138314960629921
0
LINE
8
BLACK
6
CONTINUOUS
10
0.7119023622047244
20
1.4138314960629921
11
0.708711811023622
21
1.4106409448818897
0
LINE
8
BLACK
6
CONTINUOUS
10
0.708711811023622
20
1.4106409448818897
11
0.7046224409448819
21
1.4087340157480315
0
LINE
8
BLACK
6
CONTINUOUS
10
0.7046224409448819
20
1.4087340157480315
11
0.701259842519685
21
1.4082913385826772
0
LINE
8
BLACK
6
CONTINUOUS
10
0.701259842519685
20
1.4082913385826772
11
0.6805905511811023
21
1.4082913385826772
0
LINE
8
BLACK
6
CONTINUOUS
10
0.6805905511811023
20
1.4082913385826772
11
0.6772279527559055
21
1.4087340157480315
0
LINE
8
BLACK
6
CONTINUOUS
10
0.6772279527559055
20
1.4087340157480315
11
0.6731385826771653
21
1.4106409448818897
0
LINE
8
BLACK
6
CONTINUOUS
10
0.6731385826771653
20
1.4106409448818897
11
0.669948031496063
21
1.4138314960629921
0
LINE
8
BLACK
6
CONTINUOUS
10
0.669948031496063
20
1.4138314960629921
11
0.6680411023622047
21
1.4179208661417322
0
LINE
8
BLACK
6
CONTINUOUS
10
0.6680411023622047
20
1.4179208661417322
11
0.6675984251968504
21
1.421283464566929
0
LINE
8
BLACK
6
CONTINUOUS
10
0.6675984251968504
20
1.421283464566929
11
0.6675984251968504
21
1.4567165354330709
0
LINE
8
BLACK
6
CONTINUOUS
10
0.6675984251968504
20
1.4567165354330709
11
0.6680411023622047
21
1.4600791338582677
0
LINE
8
BLACK
6
CONTINUOUS
10
0.6680411023622047
20
1.4600791338582677
11
0.669948031496063
21
1.4641685039370078
0
LINE
8
BLACK
6
CONTINUOUS
10
0.669948031496063
20
1.4641685039370078
11
0.6731385826771653
21
1.4673590551181102
0
LINE
8
BLACK
6
CONTINUOUS
10
0.6731385826771653
20
1.4673590551181102
11
0.6772279527559055
21
1.4692659842519684
0
LINE
8
BLACK
6
CONTINUOUS
10
0.6772279527559055
20
1.4692659842519684
11
0.6805905511811023
21
1.4697086614173227
0
LINE
8
BLACK
6
CONTINUOUS
10
0.6805905511811023
20
1.4697086614173227
11
0.701259842519685
21
1.4697086614173227
0
LINE
8
BLACK
6
CONTINUOUS
10
0.701259842519685
20
1.4697086614173227
11
0.7046224409448819
21
1.4692659842519684
0
LINE
8
BLACK
6
CONTINUOUS
10
0.2880082677165354
20
1.502155748031496
11
0.2920976377952756
21
1.5002488188976377
0
LINE
8
BLACK
6
CONTINUOUS
10
0.2920976377952756
20
1.5002488188976377
11
0.2952881889763779
21
1.4970582677165354
0
LINE
8
BLACK
6
CONTINUOUS
10
0.2952881889763779
20
1.4970582677165354
11
0.2971951181102362
21
1.4929688976377953
0
LINE
8
BLACK
6
CONTINUOUS
10
0.2971951181102362
20
1.4929688976377953
11
0.2976377952755905
21
1.4896062992125985
0
LINE
8
BLACK
6
CONTINUOUS
10
0.2976377952755905
20
1.4896062992125985
11
0.2976377952755905
21
1.4403937007874015
0
LINE
8
BLACK
6
CONTINUOUS
10
0.2976377952755905
20
1.4403937007874015
11
0.2971951181102362
21
1.4370311023622047
0
LINE
8
BLACK
6
CONTINUOUS
10
0.2971951181102362
20
1.4370311023622047
11
0.2952881889763779
21
1.4329417322834646
0
LINE
8
BLACK
6
CONTINUOUS
10
0.2952881889763779
20
1.4329417322834646
11
0.2920976377952756
21
1.4297511811023622
0
LINE
8
BLACK
6
CONTINUOUS
10
0.2920976377952756
20
1.4297511811023622
11
0.2880082677165354
21
1.427844251968504
0
LINE
8
BLACK
6
CONTINUOUS
10
0.2880082677165354
20
1.427844251968504
11
0.2846456692913386
21
1.4274015748031497
0
LINE
8
BLACK
6
CONTINUOUS
10
0.2846456692913386
20
1.4274015748031497
11
0.2551181102362204
21
1.4274015748031497
0
LINE
8
BLACK
6
CONTINUOUS
10
0.2551181102362204
20
1.4274015748031497
11
0.2517555118110236
21
1.427844251968504
0
LINE
8
BLACK
6
CONTINUOUS
10
0.2517555118110236
20
1.427844251968504
11
0.2476661417322835
21
1.4297511811023622
0
LINE
8
BLACK
6
CONTINUOUS
10
0.2476661417322835
20
1.4297511811023622
11
0.2444755905511811
21
1.4329417322834646
0
LINE
8
BLACK
6
CONTINUOUS
10
0.2444755905511811
20
1.4329417322834646
11
0.2425686614173228
21
1.4370311023622047
0
LINE
8
BLACK
6
CONTINUOUS
10
0.2425686614173228
20
1.4370311023622047
11
0.2421259842519685
21
1.4403937007874015
0
LINE
8
BLACK
6
CONTINUOUS
10
0.2421259842519685
20
1.4403937007874015
11
0.2421259842519685
21
1.4896062992125985
0
LINE
8
BLACK
6
CONTINUOUS
10
0.2421259842519685
20
1.4896062992125985
11
0.2425686614173228
21
1.4929688976377953
0
LINE
8
BLACK
6
CONTINUOUS
10
0.2425686614173228
20
1.4929688976377953
11
0.2444755905511811
21
1.4970582677165354
0
LINE
8
BLACK
6
CONTINUOUS
10
0.2444755905511811
20
1.4970582677165354
11
0.2476661417322835
21
1.5002488188976377
0
LINE
8
BLACK
6
CONTINUOUS
10
0.2476661417322835
20
1.5002488188976377
11
0.2517555118110236
21
1.502155748031496
0
LINE
8
BLACK
6
CONTINUOUS
10
0.2517555118110236
20
1.502155748031496
11
0.2551181102362204
21
1.5025984251968503
0
LINE
8
BLACK
6
CONTINUOUS
10
0.2551181102362204
20
1.5025984251968503
11
0.2846456692913386
21
1.5025984251968503
0
LINE
8
BLACK
6
CONTINUOUS
10
0.2846456692913386
20
1.5025984251968503
11
0.2880082677165354
21
1.502155748031496
0
LINE
8
BLACK
6
CONTINUOUS
10
0.3982444881889763
20
1.502155748031496
11
0.4023338582677165
21
1.5002488188976377
0
LINE
8
BLACK
6
CONTINUOUS
10
0.4023338582677165
20
1.5002488188976377
11
0.4055244094488189
21
1.4970582677165354
0
LINE
8
BLACK
6
CONTINUOUS
10
0.4055244094488189
20
1.4970582677165354
11
0.4074313385826772
21
1.4929688976377953
0
LINE
8
BLACK
6
CONTINUOUS
10
0.4074313385826772
20
1.4929688976377953
11
0.4078740157480315
21
1.4896062992125985
0
LINE
8
BLACK
6
CONTINUOUS
10
0.4078740157480315
20
1.4896062992125985
11
0.4078740157480315
21
1.4403937007874015
0
LINE
8
BLACK
6
CONTINUOUS
10
0.4078740157480315
20
1.4403937007874015
11
0.4074313385826772
21
1.4370311023622047
0
LINE
8
BLACK
6
CONTINUOUS
10
0.4074313385826772
20
1.4370311023622047
11
0.4055244094488189
21
1.4329417322834646
0
LINE
8
BLACK
6
CONTINUOUS
10
0.4055244094488189
20
1.4329417322834646
11
0.4023338582677165
21
1.4297511811023622
0
LINE
8
BLACK
6
CONTINUOUS
10
0.4023338582677165
20
1.4297511811023622
11
0.3982444881889763
21
1.427844251968504
0
LINE
8
BLACK
6
CONTINUOUS
10
0.3982444881889763
20
1.427844251968504
11
0.3948818897637795
21
1.4274015748031497
0
LINE
8
BLACK
6
CONTINUOUS
10
0.3948818897637795
20
1.4274015748031497
11
0.3653543307086614
21
1.4274015748031497
0
LINE
8
BLACK
6
CONTINUOUS
10
0.3653543307086614
20
1.4274015748031497
11
0.3619917322834645
21
1.427844251968504
0
LINE
8
BLACK
6
CONTINUOUS
10
0.3619917322834645
20
1.427844251968504
11
0.3579023622047244
21
1.4297511811023622
0
LINE
8
BLACK
6
CONTINUOUS
10
0.3579023622047244
20
1.4297511811023622
11
0.354711811023622
21
1.4329417322834646
0
LINE
8
BLACK
6
CONTINUOUS
10
0.354711811023622
20
1.4329417322834646
11
0.3528048818897638
21
1.4370311023622047
0
LINE
8
BLACK
6
CONTINUOUS
10
0.3528048818897638
20
1.4370311023622047
11
0.3523622047244094
21
1.4403937007874015
0
LINE
8
BLACK
6
CONTINUOUS
10
0.3523622047244094
20
1.4403937007874015
11
0.3523622047244094
21
1.4896062992125985
0
LINE
8
BLACK
6
CONTINUOUS
10
0.3523622047244094
20
1.4896062992125985
11
0.3528048818897638
21
1.4929688976377953
0
LINE
8
BLACK
6
CONTINUOUS
10
0.3528048818897638
20
1.4929688976377953
11
0.354711811023622
21
1.4970582677165354
0
LINE
8
BLACK
6
CONTINUOUS
10
0.354711811023622
20
1.4970582677165354
11
0.3579023622047244
21
1.5002488188976377
0
LINE
8
BLACK
6
CONTINUOUS
10
0.3579023622047244
20
1.5002488188976377
11
0.3619917322834645
21
1.502155748031496
0
LINE
8
BLACK
6
CONTINUOUS
10
0.3619917322834645
20
1.502155748031496
11
0.3653543307086614
21
1.5025984251968503
0
LINE
8
BLACK
6
CONTINUOUS
10
0.3653543307086614
20
1.5025984251968503
11
0.3948818897637795
21
1.5025984251968503
0
LINE
8
BLACK
6
CONTINUOUS
10
0.3948818897637795
20
1.5025984251968503
11
0.3982444881889763
21
1.502155748031496
0
LINE
8
BLACK
6
CONTINUOUS
10
1.2955517716535432
20
1.5168468503937007
11
1.2965735826771654
21
1.5161641338582676
0
LINE
8
BLACK
6
CONTINUOUS
10
1.2965735826771654
20
1.5161641338582676
11
1.2972562992125984
21
1.5151423228346457
0
LINE
8
BLACK
6
CONTINUOUS
10
1.2972562992125984
20
1.5151423228346457
11
1.2974960629921259
21
1.5139370078740157
0
LINE
8
BLACK
6
CONTINUOUS
10
1.2974960629921259
20
1.5139370078740157
11
1.2974960629921259
21
1.4548818897637794
0
LINE
8
BLACK
6
CONTINUOUS
10
1.2974960629921259
20
1.4548818897637794
11
1.2972562992125984
21
1.4536765748031495
0
LINE
8
BLACK
6
CONTINUOUS
10
1.2972562992125984
20
1.4536765748031495
11
1.2965735826771654
21
1.4526547637795275
0
LINE
8
BLACK
6
CONTINUOUS
10
1.2965735826771654
20
1.4526547637795275
11
1.2955517716535432
21
1.4519720472440945
0
LINE
8
BLACK
6
CONTINUOUS
10
1.2955517716535432
20
1.4519720472440945
11
1.2943464566929133
21
1.451732283464567
0
LINE
8
BLACK
6
CONTINUOUS
10
1.2943464566929133
20
1.451732283464567
11
1.2726929133858267
21
1.451732283464567
0
LINE
8
BLACK
6
CONTINUOUS
10
1.2726929133858267
20
1.451732283464567
11
1.2714875984251968
21
1.4519720472440945
0
LINE
8
BLACK
6
CONTINUOUS
10
1.2714875984251968
20
1.4519720472440945
11
1.2704657874015748
21
1.4526547637795275
0
LINE
8
BLACK
6
CONTINUOUS
10
1.2704657874015748
20
1.4526547637795275
11
1.2697830708661417
21
1.4536765748031495
0
LINE
8
BLACK
6
CONTINUOUS
10
1.2697830708661417
20
1.4536765748031495
11
1.2695433070866142
21
1.4548818897637794
0
LINE
8
BLACK
6
CONTINUOUS
10
1.2695433070866142
20
1.4548818897637794
11
1.2695433070866142
21
1.5139370078740157
0
LINE
8
BLACK
6
CONTINUOUS
10
1.2695433070866142
20
1.5139370078740157
11
1.2697830708661417
21
1.5151423228346457
0
LINE
8
BLACK
6
CONTINUOUS
10
1.2697830708661417
20
1.5151423228346457
11
1.2704657874015748
21
1.5161641338582676
0
LINE
8
BLACK
6
CONTINUOUS
10
1.2704657874015748
20
1.5161641338582676
11
1.2714875984251968
21
1.5168468503937007
0
LINE
8
BLACK
6
CONTINUOUS
10
1.2714875984251968
20
1.5168468503937007
11
1.2726929133858267
21
1.5170866141732282
0
LINE
8
BLACK
6
CONTINUOUS
10
1.2726929133858267
20
1.5170866141732282
11
1.2943464566929133
21
1.5170866141732282
0
LINE
8
BLACK
6
CONTINUOUS
10
1.2943464566929133
20
1.5170866141732282
11
1.2955517716535432
21
1.5168468503937007
0
LINE
8
BLACK
6
CONTINUOUS
10
1.3270478346456693
20
1.5168468503937007
11
1.3280696456692913
21
1.5161641338582676
0
LINE
8
BLACK
6
CONTINUOUS
10
1.3280696456692913
20
1.5161641338582676
11
1.3287523622047244
21
1.5151423228346457
0
LINE
8
BLACK
6
CONTINUOUS
10
1.3287523622047244
20
1.5151423228346457
11
1.3289921259842519
21
1.5139370078740157
0
LINE
8
BLACK
6
CONTINUOUS
10
1.3289921259842519
20
1.5139370078740157
11
1.3289921259842519
21
1.4548818897637794
0
LINE
8
BLACK
6
CONTINUOUS
10
1.3289921259842519
20
1.4548818897637794
11
1.3287523622047244
21
1.4536765748031495
0
LINE
8
BLACK
6
CONTINUOUS
10
1.3287523622047244
20
1.4536765748031495
11
1.3280696456692913
21
1.4526547637795275
0
LINE
8
BLACK
6
CONTINUOUS
10
1.3280696456692913
20
1.4526547637795275
11
1.3270478346456693
21
1.4519720472440945
0
LINE
8
BLACK
6
CONTINUOUS
10
1.3270478346456693
20
1.4519720472440945
11
1.3258425196850394
21
1.451732283464567
0
LINE
8
BLACK
6
CONTINUOUS
10
1.3258425196850394
20
1.451732283464567
11
1.3041889763779528
21
1.451732283464567
0
LINE
8
BLACK
6
CONTINUOUS
10
1.3041889763779528
20
1.451732283464567
11
1.3029836614173229
21
1.4519720472440945
0
LINE
8
BLACK
6
CONTINUOUS
10
1.3029836614173229
20
1.4519720472440945
11
1.3019618503937007
21
1.4526547637795275
0
LINE
8
BLACK
6
CONTINUOUS
10
1.3019618503937007
20
1.4526547637795275
11
1.3012791338582677
21
1.4536765748031495
0
LINE
8
BLACK
6
CONTINUOUS
10
1.3012791338582677
20
1.4536765748031495
11
1.3010393700787402
21
1.4548818897637794
0
LINE
8
BLACK
6
CONTINUOUS
10
1.3010393700787402
20
1.4548818897637794
11
1.3010393700787402
21
1.5139370078740157
0
LINE
8
BLACK
6
CONTINUOUS
10
1.3010393700787402
20
1.5139370078740157
11
1.3012791338582677
21
1.5151423228346457
0
LINE
8
BLACK
6
CONTINUOUS
10
1.3012791338582677
20
1.5151423228346457
11
1.3019618503937007
21
1.5161641338582676
0
LINE
8
BLACK
6
CONTINUOUS
10
1.3019618503937007
20
1.5161641338582676
11
1.3029836614173229
21
1.5168468503937007
0
LINE
8
BLACK
6
CONTINUOUS
10
1.3029836614173229
20
1.5168468503937007
11
1.3041889763779528
21
1.5170866141732282
0
LINE
8
BLACK
6
CONTINUOUS
10
1.3041889763779528
20
1.5170866141732282
11
1.3258425196850394
21
1.5170866141732282
0
LINE
8
BLACK
6
CONTINUOUS
10
1.3258425196850394
20
1.5170866141732282
11
1.3270478346456693
21
1.5168468503937007
0
LINE
8
BLACK
6
CONTINUOUS
10
1.3585438976377953
20
1.5168468503937007
11
1.3595657086614172
21
1.5161641338582676
0
LINE
8
BLACK
6
CONTINUOUS
10
1.3595657086614172
20
1.5161641338582676
11
1.3602484251968503
21
1.5151423228346457
0
LINE
8
BLACK
6
CONTINUOUS
10
1.3602484251968503
20
1.5151423228346457
11
1.360488188976378
21
1.5139370078740157
0
LINE
8
BLACK
6
CONTINUOUS
10
1.360488188976378
20
1.5139370078740157
11
1.360488188976378
21
1.4548818897637794
0
LINE
8
BLACK
6
CONTINUOUS
10
1.360488188976378
20
1.4548818897637794
11
1.3602484251968503
21
1.4536765748031495
0
LINE
8
BLACK
6
CONTINUOUS
10
1.3602484251968503
20
1.4536765748031495
11
1.3595657086614172
21
1.4526547637795275
0
LINE
8
BLACK
6
CONTINUOUS
10
1.3595657086614172
20
1.4526547637795275
11
1.3585438976377953
21
1.4519720472440945
0
LINE
8
BLACK
6
CONTINUOUS
10
1.3585438976377953
20
1.4519720472440945
11
1.3573385826771653
21
1.451732283464567
0
LINE
8
BLACK
6
CONTINUOUS
10
1.3573385826771653
20
1.451732283464567
11
1.3356850393700788
21
1.451732283464567
0
LINE
8
BLACK
6
CONTINUOUS
10
1.3356850393700788
20
1.451732283464567
11
1.3344797244094488
21
1.4519720472440945
0
LINE
8
BLACK
6
CONTINUOUS
10
1.3344797244094488
20
1.4519720472440945
11
1.3334579133858266
21
1.4526547637795275
0
LINE
8
BLACK
6
CONTINUOUS
10
1.3334579133858266
20
1.4526547637795275
11
1.3327751968503936
21
1.4536765748031495
0
LINE
8
BLACK
6
CONTINUOUS
10
1.3327751968503936
20
1.4536765748031495
11
1.3325354330708661
21
1.4548818897637794
0
LINE
8
BLACK
6
CONTINUOUS
10
1.3325354330708661
20
1.4548818897637794
11
1.3325354330708661
21
1.5139370078740157
0
LINE
8
BLACK
6
CONTINUOUS
10
1.3325354330708661
20
1.5139370078740157
11
1.3327751968503936
21
1.5151423228346457
0
LINE
8
BLACK
6
CONTINUOUS
10
1.3327751968503936
20
1.5151423228346457
11
1.3334579133858266
21
1.5161641338582676
0
LINE
8
BLACK
6
CONTINUOUS
10
1.3334579133858266
20
1.5161641338582676
11
1.3344797244094488
21
1.5168468503937007
0
LINE
8
BLACK
6
CONTINUOUS
10
1.3344797244094488
20
1.5168468503937007
11
1.3356850393700788
21
1.5170866141732282
0
LINE
8
BLACK
6
CONTINUOUS
10
1.3356850393700788
20
1.5170866141732282
11
1.3573385826771653
21
1.5170866141732282
0
LINE
8
BLACK
6
CONTINUOUS
10
1.3573385826771653
20
1.5170866141732282
11
1.3585438976377953
21
1.5168468503937007
0
LINE
8
BLACK
6
CONTINUOUS
10
1.3900399606299212
20
1.5168468503937007
11
1.3910617716535432
21
1.5161641338582676
0
LINE
8
BLACK
6
CONTINUOUS
10
1.3910617716535432
20
1.5161641338582676
11
1.3917444881889764
21
1.5151423228346457
0
LINE
8
BLACK
6
CONTINUOUS
10
1.3917444881889764
20
1.5151423228346457
11
1.3919842519685039
21
1.5139370078740157
0
LINE
8
BLACK
6
CONTINUOUS
10
1.3919842519685039
20
1.5139370078740157
11
1.3919842519685039
21
1.4548818897637794
0
LINE
8
BLACK
6
CONTINUOUS
10
1.3919842519685039
20
1.4548818897637794
11
1.3917444881889764
21
1.4536765748031495
0
LINE
8
BLACK
6
CONTINUOUS
10
1.3917444881889764
20
1.4536765748031495
11
1.3910617716535432
21
1.4526547637795275
0
LINE
8
BLACK
6
CONTINUOUS
10
1.3910617716535432
20
1.4526547637795275
11
1.3900399606299212
21
1.4519720472440945
0
LINE
8
BLACK
6
CONTINUOUS
10
1.3900399606299212
20
1.4519720472440945
11
1.3888346456692913
21
1.451732283464567
0
LINE
8
BLACK
6
CONTINUOUS
10
1.3888346456692913
20
1.451732283464567
11
1.3671811023622047
21
1.451732283464567
0
LINE
8
BLACK
6
CONTINUOUS
10
1.3671811023622047
20
1.451732283464567
11
1.3659757874015748
21
1.4519720472440945
0
LINE
8
BLACK
6
CONTINUOUS
10
1.3659757874015748
20
1.4519720472440945
11
1.3649539763779528
21
1.4526547637795275
0
LINE
8
BLACK
6
CONTINUOUS
10
1.3649539763779528
20
1.4526547637795275
11
1.3642712598425197
21
1.4536765748031495
0
LINE
8
BLACK
6
CONTINUOUS
10
1.3642712598425197
20
1.4536765748031495
11
1.364031496062992
21
1.4548818897637794
0
LINE
8
BLACK
6
CONTINUOUS
10
1.364031496062992
20
1.4548818897637794
11
1.364031496062992
21
1.5139370078740157
0
LINE
8
BLACK
6
CONTINUOUS
10
1.364031496062992
20
1.5139370078740157
11
1.3642712598425197
21
1.5151423228346457
0
LINE
8
BLACK
6
CONTINUOUS
10
1.3642712598425197
20
1.5151423228346457
11
1.3649539763779528
21
1.5161641338582676
0
LINE
8
BLACK
6
CONTINUOUS
10
1.3649539763779528
20
1.5161641338582676
11
1.3659757874015748
21
1.5168468503937007
0
LINE
8
BLACK
6
CONTINUOUS
10
1.3659757874015748
20
1.5168468503937007
11
1.3671811023622047
21
1.5170866141732282
0
LINE
8
BLACK
6
CONTINUOUS
10
1.3671811023622047
20
1.5170866141732282
11
1.3888346456692913
21
1.5170866141732282
0
LINE
8
BLACK
6
CONTINUOUS
10
1.3888346456692913
20
1.5170866141732282
11
1.3900399606299212
21
1.5168468503937007
0
LINE
8
BLACK
6
CONTINUOUS
10
1.4215360236220471
20
1.5168468503937007
11
1.4225578346456693
21
1.5161641338582676
0
LINE
8
BLACK
6
CONTINUOUS
10
1.4225578346456693
20
1.5161641338582676
11
1.4232405511811024
21
1.5151423228346457
0
LINE
8
BLACK
6
CONTINUOUS
10
1.4232405511811024
20
1.5151423228346457
11
1.4234803149606299
21
1.5139370078740157
0
LINE
8
BLACK
6
CONTINUOUS
10
1.4234803149606299
20
1.5139370078740157
11
1.4234803149606299
21
1.4548818897637794
0
LINE
8
BLACK
6
CONTINUOUS
10
1.4234803149606299
20
1.4548818897637794
11
1.4232405511811024
21
1.4536765748031495
0
LINE
8
BLACK
6
CONTINUOUS
10
1.4232405511811024
20
1.4536765748031495
11
1.4225578346456693
21
1.4526547637795275
0
LINE
8
BLACK
6
CONTINUOUS
10
1.4225578346456693
20
1.4526547637795275
11
1.4215360236220471
21
1.4519720472440945
0
LINE
8
BLACK
6
CONTINUOUS
10
1.4215360236220471
20
1.4519720472440945
11
1.4203307086614172
21
1.451732283464567
0
LINE
8
BLACK
6
CONTINUOUS
10
1.4203307086614172
20
1.451732283464567
11
1.3986771653543306
21
1.451732283464567
0
LINE
8
BLACK
6
CONTINUOUS
10
1.3986771653543306
20
1.451732283464567
11
1.3974718503937007
21
1.4519720472440945
0
LINE
8
BLACK
6
CONTINUOUS
10
1.3974718503937007
20
1.4519720472440945
11
1.3964500393700787
21
1.4526547637795275
0
LINE
8
BLACK
6
CONTINUOUS
10
1.3964500393700787
20
1.4526547637795275
11
1.3957673228346457
21
1.4536765748031495
0
LINE
8
BLACK
6
CONTINUOUS
10
1.3957673228346457
20
1.4536765748031495
11
1.3955275590551182
21
1.4548818897637794
0
LINE
8
BLACK
6
CONTINUOUS
10
1.3955275590551182
20
1.4548818897637794
11
1.3955275590551182
21
1.5139370078740157
0
LINE
8
BLACK
6
CONTINUOUS
10
1.3955275590551182
20
1.5139370078740157
11
1.3957673228346457
21
1.5151423228346457
0
LINE
8
BLACK
6
CONTINUOUS
10
1.3957673228346457
20
1.5151423228346457
11
1.3964500393700787
21
1.5161641338582676
0
LINE
8
BLACK
6
CONTINUOUS
10
1.3964500393700787
20
1.5161641338582676
11
1.3974718503937007
21
1.5168468503937007
0
LINE
8
BLACK
6
CONTINUOUS
10
1.3974718503937007
20
1.5168468503937007
11
1.3986771653543306
21
1.5170866141732282
0
LINE
8
BLACK
6
CONTINUOUS
10
1.3986771653543306
20
1.5170866141732282
11
1.4203307086614172
21
1.5170866141732282
0
LINE
8
BLACK
6
CONTINUOUS
10
1.4203307086614172
20
1.5170866141732282
11
1.4215360236220471
21
1.5168468503937007
0
LINE
8
BLACK
6
CONTINUOUS
10
1.4530320866141733
20
1.5168468503937007
11
1.4540538976377952
21
1.5161641338582676
0
LINE
8
BLACK
6
CONTINUOUS
10
1.4540538976377952
20
1.5161641338582676
11
1.4547366141732283
21
1.5151423228346457
0
LINE
8
BLACK
6
CONTINUOUS
10
1.4547366141732283
20
1.5151423228346457
11
1.4549763779527558
21
1.5139370078740157
0
LINE
8
BLACK
6
CONTINUOUS
10
1.4549763779527558
20
1.5139370078740157
11
1.4549763779527558
21
1.4548818897637794
0
LINE
8
BLACK
6
CONTINUOUS
10
1.4549763779527558
20
1.4548818897637794
11
1.4547366141732283
21
1.4536765748031495
0
LINE
8
BLACK
6
CONTINUOUS
10
1.4547366141732283
20
1.4536765748031495
11
1.4540538976377952
21
1.4526547637795275
0
LINE
8
BLACK
6
CONTINUOUS
10
1.4540538976377952
20
1.4526547637795275
11
1.4530320866141733
21
1.4519720472440945
0
LINE
8
BLACK
6
CONTINUOUS
10
1.4530320866141733
20
1.4519720472440945
11
1.4518267716535433
21
1.451732283464567
0
LINE
8
BLACK
6
CONTINUOUS
10
1.4518267716535433
20
1.451732283464567
11
1.4301732283464568
21
1.451732283464567
0
LINE
8
BLACK
6
CONTINUOUS
10
1.4301732283464568
20
1.451732283464567
11
1.4289679133858268
21
1.4519720472440945
0
LINE
8
BLACK
6
CONTINUOUS
10
1.4289679133858268
20
1.4519720472440945
11
1.4279461023622047
21
1.4526547637795275
0
LINE
8
BLACK
6
CONTINUOUS
10
1.4279461023622047
20
1.4526547637795275
11
1.4272633858267716
21
1.4536765748031495
0
LINE
8
BLACK
6
CONTINUOUS
10
1.4272633858267716
20
1.4536765748031495
11
1.4270236220472441
21
1.4548818897637794
0
LINE
8
BLACK
6
CONTINUOUS
10
1.4270236220472441
20
1.4548818897637794
11
1.4270236220472441
21
1.5139370078740157
0
LINE
8
BLACK
6
CONTINUOUS
10
1.4270236220472441
20
1.5139370078740157
11
1.4272633858267716
21
1.5151423228346457
0
LINE
8
BLACK
6
CONTINUOUS
10
1.4272633858267716
20
1.5151423228346457
11
1.4279461023622047
21
1.5161641338582676
0
LINE
8
BLACK
6
CONTINUOUS
10
1.4279461023622047
20
1.5161641338582676
11
1.4289679133858268
21
1.5168468503937007
0
LINE
8
BLACK
6
CONTINUOUS
10
1.4289679133858268
20
1.5168468503937007
11
1.4301732283464568
21
1.5170866141732282
0
LINE
8
BLACK
6
CONTINUOUS
10
1.4301732283464568
20
1.5170866141732282
11
1.4518267716535433
21
1.5170866141732282
0
LINE
8
BLACK
6
CONTINUOUS
10
1.4518267716535433
20
1.5170866141732282
11
1.4530320866141733
21
1.5168468503937007
0
LINE
8
BLACK
6
CONTINUOUS
10
1.4845281496062992
20
1.5168468503937007
11
1.4855499606299212
21
1.5161641338582676
0
LINE
8
BLACK
6
CONTINUOUS
10
1.4855499606299212
20
1.5161641338582676
11
1.4862326771653542
21
1.5151423228346457
0
LINE
8
BLACK
6
CONTINUOUS
10
1.4862326771653542
20
1.5151423228346457
11
1.486472440944882
21
1.5139370078740157
0
LINE
8
BLACK
6
CONTINUOUS
10
1.486472440944882
20
1.5139370078740157
11
1.486472440944882
21
1.4548818897637794
0
LINE
8
BLACK
6
CONTINUOUS
10
1.486472440944882
20
1.4548818897637794
11
1.4862326771653542
21
1.4536765748031495
0
LINE
8
BLACK
6
CONTINUOUS
10
1.4862326771653542
20
1.4536765748031495
11
1.4855499606299212
21
1.4526547637795275
0
LINE
8
BLACK
6
CONTINUOUS
10
1.4855499606299212
20
1.4526547637795275
11
1.4845281496062992
21
1.4519720472440945
0
LINE
8
BLACK
6
CONTINUOUS
10
1.4845281496062992
20
1.4519720472440945
11
1.4833228346456693
21
1.451732283464567
0
LINE
8
BLACK
6
CONTINUOUS
10
1.4833228346456693
20
1.451732283464567
11
1.4616692913385827
21
1.451732283464567
0
LINE
8
BLACK
6
CONTINUOUS
10
1.4616692913385827
20
1.451732283464567
11
1.4604639763779528
21
1.4519720472440945
0
LINE
8
BLACK
6
CONTINUOUS
10
1.4604639763779528
20
1.4519720472440945
11
1.4594421653543306
21
1.4526547637795275
0
LINE
8
BLACK
6
CONTINUOUS
10
1.4594421653543306
20
1.4526547637795275
11
1.4587594488188975
21
1.4536765748031495
0
LINE
8
BLACK
6
CONTINUOUS
10
1.4587594488188975
20
1.4536765748031495
11
1.45851968503937
21
1.4548818897637794
0
LINE
8
BLACK
6
CONTINUOUS
10
1.45851968503937
20
1.4548818897637794
11
1.45851968503937
21
1.5139370078740157
0
LINE
8
BLACK
6
CONTINUOUS
10
1.45851968503937
20
1.5139370078740157
11
1.4587594488188975
21
1.5151423228346457
0
LINE
8
BLACK
6
CONTINUOUS
10
1.4587594488188975
20
1.5151423228346457
11
1.4594421653543306
21
1.5161641338582676
0
LINE
8
BLACK
6
CONTINUOUS
10
1.4594421653543306
20
1.5161641338582676
11
1.4604639763779528
21
1.5168468503937007
0
LINE
8
BLACK
6
CONTINUOUS
10
1.4604639763779528
20
1.5168468503937007
11
1.4616692913385827
21
1.5170866141732282
0
LINE
8
BLACK
6
CONTINUOUS
10
1.4616692913385827
20
1.5170866141732282
11
1.4833228346456693
21
1.5170866141732282
0
LINE
8
BLACK
6
CONTINUOUS
10
1.4833228346456693
20
1.5170866141732282
11
1.4845281496062992
21
1.5168468503937007
0
LINE
8
BLACK
6
CONTINUOUS
10
1.5160242125984251
20
1.5168468503937007
11
1.5170460236220471
21
1.5161641338582676
0
LINE
8
BLACK
6
CONTINUOUS
10
1.5170460236220471
20
1.5161641338582676
11
1.5177287401574804
21
1.5151423228346457
0
LINE
8
BLACK
6
CONTINUOUS
10
1.5177287401574804
20
1.5151423228346457
11
1.5179685039370079
21
1.5139370078740157
0
LINE
8
BLACK
6
CONTINUOUS
10
1.5179685039370079
20
1.5139370078740157
11
1.5179685039370079
21
1.4548818897637794
0
LINE
8
BLACK
6
CONTINUOUS
10
1.5179685039370079
20
1.4548818897637794
11
1.5177287401574804
21
1.4536765748031495
0
LINE
8
BLACK
6
CONTINUOUS
10
1.5177287401574804
20
1.4536765748031495
11
1.5170460236220471
21
1.4526547637795275
0
LINE
8
BLACK
6
CONTINUOUS
10
1.5170460236220471
20
1.4526547637795275
11
1.5160242125984251
21
1.4519720472440945
0
LINE
8
BLACK
6
CONTINUOUS
10
1.5160242125984251
20
1.4519720472440945
11
1.5148188976377952
21
1.451732283464567
0
LINE
8
BLACK
6
CONTINUOUS
10
1.5148188976377952
20
1.451732283464567
11
1.4931653543307086
21
1.451732283464567
0
LINE
8
BLACK
6
CONTINUOUS
10
1.4931653543307086
20
1.451732283464567
11
1.4919600393700787
21
1.4519720472440945
0
LINE
8
BLACK
6
CONTINUOUS
10
1.4919600393700787
20
1.4519720472440945
11
1.4909382283464567
21
1.4526547637795275
0
LINE
8
BLACK
6
CONTINUOUS
10
1.4909382283464567
20
1.4526547637795275
11
1.4902555118110237
21
1.4536765748031495
0
LINE
8
BLACK
6
CONTINUOUS
10
1.4902555118110237
20
1.4536765748031495
11
1.4900157480314959
21
1.4548818897637794
0
LINE
8
BLACK
6
CONTINUOUS
10
1.4900157480314959
20
1.4548818897637794
11
1.4900157480314959
21
1.5139370078740157
0
LINE
8
BLACK
6
CONTINUOUS
10
1.4900157480314959
20
1.5139370078740157
11
1.4902555118110237
21
1.5151423228346457
0
LINE
8
BLACK
6
CONTINUOUS
10
1.4902555118110237
20
1.5151423228346457
11
1.4909382283464567
21
1.5161641338582676
0
LINE
8
BLACK
6
CONTINUOUS
10
1.4909382283464567
20
1.5161641338582676
11
1.4919600393700787
21
1.5168468503937007
0
LINE
8
BLACK
6
CONTINUOUS
10
1.4919600393700787
20
1.5168468503937007
11
1.4931653543307086
21
1.5170866141732282
0
LINE
8
BLACK
6
CONTINUOUS
10
1.4931653543307086
20
1.5170866141732282
11
1.5148188976377952
21
1.5170866141732282
0
LINE
8
BLACK
6
CONTINUOUS
10
1.5148188976377952
20
1.5170866141732282
11
1.5160242125984251
21
1.5168468503937007
0
LINE
8
BLACK
6
CONTINUOUS
10
1.5475202755905511
20
1.5168468503937007
11
1.5485420866141733
21
1.5161641338582676
0
LINE
8
BLACK
6
CONTINUOUS
10
1.5485420866141733
20
1.5161641338582676
11
1.5492248031496063
21
1.5151423228346457
0
LINE
8
BLACK
6
CONTINUOUS
10
1.5492248031496063
20
1.5151423228346457
11
1.5494645669291338
21
1.5139370078740157
0
LINE
8
BLACK
6
CONTINUOUS
10
1.5494645669291338
20
1.5139370078740157
11
1.5494645669291338
21
1.4548818897637794
0
LINE
8
BLACK
6
CONTINUOUS
10
1.5494645669291338
20
1.4548818897637794
11
1.5492248031496063
21
1.4536765748031495
0
LINE
8
BLACK
6
CONTINUOUS
10
1.5492248031496063
20
1.4536765748031495
11
1.5485420866141733
21
1.4526547637795275
0
LINE
8
BLACK
6
CONTINUOUS
10
1.5485420866141733
20
1.4526547637795275
11
1.5475202755905511
21
1.4519720472440945
0
LINE
8
BLACK
6
CONTINUOUS
10
1.5475202755905511
20
1.4519720472440945
11
1.5463149606299211
21
1.451732283464567
0
LINE
8
BLACK
6
CONTINUOUS
10
1.5463149606299211
20
1.451732283464567
11
1.5246614173228346
21
1.451732283464567
0
LINE
8
BLACK
6
CONTINUOUS
10
1.5246614173228346
20
1.451732283464567
11
1.5234561023622046
21
1.4519720472440945
0
LINE
8
BLACK
6
CONTINUOUS
10
1.5234561023622046
20
1.4519720472440945
11
1.5224342913385827
21
1.4526547637795275
0
LINE
8
BLACK
6
CONTINUOUS
10
1.5224342913385827
20
1.4526547637795275
11
1.5217515748031496
21
1.4536765748031495
0
LINE
8
BLACK
6
CONTINUOUS
10
1.5217515748031496
20
1.4536765748031495
11
1.5215118110236221
21
1.4548818897637794
0
LINE
8
BLACK
6
CONTINUOUS
10
1.5215118110236221
20
1.4548818897637794
11
1.5215118110236221
21
1.5139370078740157
0
LINE
8
BLACK
6
CONTINUOUS
10
1.5215118110236221
20
1.5139370078740157
11
1.5217515748031496
21
1.5151423228346457
0
LINE
8
BLACK
6
CONTINUOUS
10
1.5217515748031496
20
1.5151423228346457
11
1.5224342913385827
21
1.5161641338582676
0
LINE
8
BLACK
6
CONTINUOUS
10
1.5224342913385827
20
1.5161641338582676
11
1.5234561023622046
21
1.5168468503937007
0
LINE
8
BLACK
6
CONTINUOUS
10
1.5234561023622046
20
1.5168468503937007
11
1.5246614173228346
21
1.5170866141732282
0
LINE
8
BLACK
6
CONTINUOUS
10
1.5246614173228346
20
1.5170866141732282
11
1.5463149606299211
21
1.5170866141732282
0
LINE
8
BLACK
6
CONTINUOUS
10
1.5463149606299211
20
1.5170866141732282
11
1.5475202755905511
21
1.5168468503937007
0
LINE
8
BLACK
6
CONTINUOUS
10
1.5790163385826772
20
1.5168468503937007
11
1.5800381496062992
21
1.5161641338582676
0
LINE
8
BLACK
6
CONTINUOUS
10
1.5800381496062992
20
1.5161641338582676
11
1.5807208661417322
21
1.5151423228346457
0
LINE
8
BLACK
6
CONTINUOUS
10
1.5807208661417322
20
1.5151423228346457
11
1.5809606299212597
21
1.5139370078740157
0
LINE
8
BLACK
6
CONTINUOUS
10
1.5809606299212597
20
1.5139370078740157
11
1.5809606299212597
21
1.4548818897637794
0
LINE
8
BLACK
6
CONTINUOUS
10
1.5809606299212597
20
1.4548818897637794
11
1.5807208661417322
21
1.4536765748031495
0
LINE
8
BLACK
6
CONTINUOUS
10
1.5807208661417322
20
1.4536765748031495
11
1.5800381496062992
21
1.4526547637795275
0
LINE
8
BLACK
6
CONTINUOUS
10
1.5800381496062992
20
1.4526547637795275
11
1.5790163385826772
21
1.4519720472440945
0
LINE
8
BLACK
6
CONTINUOUS
10
1.5790163385826772
20
1.4519720472440945
11
1.5778110236220473
21
1.451732283464567
0
LINE
8
BLACK
6
CONTINUOUS
10
1.5778110236220473
20
1.451732283464567
11
1.5561574803149605
21
1.451732283464567
0
LINE
8
BLACK
6
CONTINUOUS
10
1.5561574803149605
20
1.451732283464567
11
1.5549521653543308
21
1.4519720472440945
0
LINE
8
BLACK
6
CONTINUOUS
10
1.5549521653543308
20
1.4519720472440945
11
1.5539303543307086
21
1.4526547637795275
0
LINE
8
BLACK
6
CONTINUOUS
10
1.5539303543307086
20
1.4526547637795275
11
1.5532476377952755
21
1.4536765748031495
0
LINE
8
BLACK
6
CONTINUOUS
10
1.5532476377952755
20
1.4536765748031495
11
1.553007874015748
21
1.4548818897637794
0
LINE
8
BLACK
6
CONTINUOUS
10
1.553007874015748
20
1.4548818897637794
11
1.553007874015748
21
1.5139370078740157
0
LINE
8
BLACK
6
CONTINUOUS
10
1.553007874015748
20
1.5139370078740157
11
1.5532476377952755
21
1.5151423228346457
0
LINE
8
BLACK
6
CONTINUOUS
10
1.5532476377952755
20
1.5151423228346457
11
1.5539303543307086
21
1.5161641338582676
0
LINE
8
BLACK
6
CONTINUOUS
10
1.5539303543307086
20
1.5161641338582676
11
1.5549521653543308
21
1.5168468503937007
0
LINE
8
BLACK
6
CONTINUOUS
10
1.5549521653543308
20
1.5168468503937007
11
1.5561574803149605
21
1.5170866141732282
0
LINE
8
BLACK
6
CONTINUOUS
10
1.5561574803149605
20
1.5170866141732282
11
1.5778110236220473
21
1.5170866141732282
0
LINE
8
BLACK
6
CONTINUOUS
10
1.5778110236220473
20
1.5170866141732282
11
1.5790163385826772
21
1.5168468503937007
0
LINE
8
BLACK
6
CONTINUOUS
10
1.6105124015748031
20
1.5168468503937007
11
1.6115342125984251
21
1.5161641338582676
0
LINE
8
BLACK
6
CONTINUOUS
10
1.6115342125984251
20
1.5161641338582676
11
1.6122169291338582
21
1.5151423228346457
0
LINE
8
BLACK
6
CONTINUOUS
10
1.6122169291338582
20
1.5151423228346457
11
1.6124566929133859
21
1.5139370078740157
0
LINE
8
BLACK
6
CONTINUOUS
10
1.6124566929133859
20
1.5139370078740157
11
1.6124566929133859
21
1.4548818897637794
0
LINE
8
BLACK
6
CONTINUOUS
10
1.6124566929133859
20
1.4548818897637794
11
1.6122169291338582
21
1.4536765748031495
0
LINE
8
BLACK
6
CONTINUOUS
10
1.6122169291338582
20
1.4536765748031495
11
1.6115342125984251
21
1.4526547637795275
0
LINE
8
BLACK
6
CONTINUOUS
10
1.6115342125984251
20
1.4526547637795275
11
1.6105124015748031
21
1.4519720472440945
0
LINE
8
BLACK
6
CONTINUOUS
10
1.6105124015748031
20
1.4519720472440945
11
1.6093070866141732
21
1.451732283464567
0
LINE
8
BLACK
6
CONTINUOUS
10
1.6093070866141732
20
1.451732283464567
11
1.5876535433070866
21
1.451732283464567
0
LINE
8
BLACK
6
CONTINUOUS
10
1.5876535433070866
20
1.451732283464567
11
1.5864482283464567
21
1.4519720472440945
0
LINE
8
BLACK
6
CONTINUOUS
10
1.5864482283464567
20
1.4519720472440945
11
1.5854264173228345
21
1.4526547637795275
0
LINE
8
BLACK
6
CONTINUOUS
10
1.5854264173228345
20
1.4526547637795275
11
1.5847437007874015
21
1.4536765748031495
0
LINE
8
BLACK
6
CONTINUOUS
10
1.5847437007874015
20
1.4536765748031495
11
1.584503937007874
21
1.4548818897637794
0
LINE
8
BLACK
6
CONTINUOUS
10
1.584503937007874
20
1.4548818897637794
11
1.584503937007874
21
1.5139370078740157
0
LINE
8
BLACK
6
CONTINUOUS
10
1.584503937007874
20
1.5139370078740157
11
1.5847437007874015
21
1.5151423228346457
0
LINE
8
BLACK
6
CONTINUOUS
10
1.5847437007874015
20
1.5151423228346457
11
1.5854264173228345
21
1.5161641338582676
0
LINE
8
BLACK
6
CONTINUOUS
10
1.5854264173228345
20
1.5161641338582676
11
1.5864482283464567
21
1.5168468503937007
0
LINE
8
BLACK
6
CONTINUOUS
10
1.5864482283464567
20
1.5168468503937007
11
1.5876535433070866
21
1.5170866141732282
0
LINE
8
BLACK
6
CONTINUOUS
10
1.5876535433070866
20
1.5170866141732282
11
1.6093070866141732
21
1.5170866141732282
0
LINE
8
BLACK
6
CONTINUOUS
10
1.6093070866141732
20
1.5170866141732282
11
1.6105124015748031
21
1.5168468503937007
0
LINE
8
BLACK
6
CONTINUOUS
10
0.5063707480314961
20
1.5304051968503936
11
0.5093084645669291
21
1.5284423228346455
0
LINE
8
BLACK
6
CONTINUOUS
10
0.5093084645669291
20
1.5284423228346455
11
0.5112713385826771
21
1.5255046062992126
0
LINE
8
BLACK
6
CONTINUOUS
10
0.5112713385826771
20
1.5255046062992126
11
0.5119606299212598
21
1.52203937007874
0
LINE
8
BLACK
6
CONTINUOUS
10
0.5119606299212598
20
1.52203937007874
11
0.5119606299212598
21
1.4757795275590551
0
LINE
8
BLACK
6
CONTINUOUS
10
0.5119606299212598
20
1.4757795275590551
11
0.5112713385826771
21
1.4723142913385827
0
LINE
8
BLACK
6
CONTINUOUS
10
0.5112713385826771
20
1.4723142913385827
11
0.5093084645669291
21
1.4693765748031495
0
LINE
8
BLACK
6
CONTINUOUS
10
0.5093084645669291
20
1.4693765748031495
11
0.5063707480314961
21
1.4674137007874015
0
LINE
8
BLACK
6
CONTINUOUS
10
0.5063707480314961
20
1.4674137007874015
11
0.5029055118110236
21
1.4667244094488188
0
LINE
8
BLACK
6
CONTINUOUS
10
0.5029055118110236
20
1.4667244094488188
11
0.4910944881889764
21
1.4667244094488188
0
LINE
8
BLACK
6
CONTINUOUS
10
0.4910944881889764
20
1.4667244094488188
11
0.4876292519685039
21
1.4674137007874015
0
LINE
8
BLACK
6
CONTINUOUS
10
0.4876292519685039
20
1.4674137007874015
11
0.4846915354330709
21
1.4693765748031495
0
LINE
8
BLACK
6
CONTINUOUS
10
0.4846915354330709
20
1.4693765748031495
11
0.4827286614173228
21
1.4723142913385827
0
LINE
8
BLACK
6
CONTINUOUS
10
0.4827286614173228
20
1.4723142913385827
11
0.4820393700787401
21
1.4757795275590551
0
LINE
8
BLACK
6
CONTINUOUS
10
0.4820393700787401
20
1.4757795275590551
11
0.4820393700787401
21
1.52203937007874
0
LINE
8
BLACK
6
CONTINUOUS
10
0.4820393700787401
20
1.52203937007874
11
0.4827286614173228
21
1.5255046062992126
0
LINE
8
BLACK
6
CONTINUOUS
10
0.4827286614173228
20
1.5255046062992126
11
0.4846915354330709
21
1.5284423228346455
0
LINE
8
BLACK
6
CONTINUOUS
10
0.4846915354330709
20
1.5284423228346455
11
0.4876292519685039
21
1.5304051968503936
0
LINE
8
BLACK
6
CONTINUOUS
10
0.4876292519685039
20
1.5304051968503936
11
0.4910944881889764
21
1.5310944881889763
0
LINE
8
BLACK
6
CONTINUOUS
10
0.4910944881889764
20
1.5310944881889763
11
0.5029055118110236
21
1.5310944881889763
0
LINE
8
BLACK
6
CONTINUOUS
10
0.5029055118110236
20
1.5310944881889763
11
0.5063707480314961
21
1.5304051968503936
0
LINE
8
BLACK
6
CONTINUOUS
10
1.1697384251968503
20
1.5330964566929133
11
1.1749008661417322
21
1.5301159448818897
0
LINE
8
BLACK
6
CONTINUOUS
10
1.1749008661417322
20
1.5301159448818897
11
1.1791159448818898
21
1.5259008661417321
0
LINE
8
BLACK
6
CONTINUOUS
10
1.1791159448818898
20
1.5259008661417321
11
1.1820964566929133
21
1.5207384251968503
0
LINE
8
BLACK
6
CONTINUOUS
10
1.1820964566929133
20
1.5207384251968503
11
1.1836392913385827
21
1.5149805118110236
0
LINE
8
BLACK
6
CONTINUOUS
10
1.1836392913385827
20
1.5149805118110236
11
1.1836392913385827
21
1.5090194881889762
0
LINE
8
BLACK
6
CONTINUOUS
10
1.1836392913385827
20
1.5090194881889762
11
1.1820964566929133
21
1.5032615748031495
0
LINE
8
BLACK
6
CONTINUOUS
10
1.1820964566929133
20
1.5032615748031495
11
1.1791159448818898
21
1.4980991338582677
0
LINE
8
BLACK
6
CONTINUOUS
10
1.1791159448818898
20
1.4980991338582677
11
1.1749008661417322
21
1.4938840551181103
0
LINE
8
BLACK
6
CONTINUOUS
10
1.1749008661417322
20
1.4938840551181103
11
1.1697384251968503
21
1.4909035433070865
0
LINE
8
BLACK
6
CONTINUOUS
10
1.1697384251968503
20
1.4909035433070865
11
1.1639805118110236
21
1.4893607086614173
0
LINE
8
BLACK
6
CONTINUOUS
10
1.1639805118110236
20
1.4893607086614173
11
1.1580194881889763
21
1.4893607086614173
0
LINE
8
BLACK
6
CONTINUOUS
10
1.1580194881889763
20
1.4893607086614173
11
1.1522615748031495
21
1.4909035433070865
0
LINE
8
BLACK
6
CONTINUOUS
10
1.1522615748031495
20
1.4909035433070865
11
1.1470991338582677
21
1.4938840551181103
0
LINE
8
BLACK
6
CONTINUOUS
10
1.1470991338582677
20
1.4938840551181103
11
1.1428840551181103
21
1.4980991338582677
0
LINE
8
BLACK
6
CONTINUOUS
10
1.1428840551181103
20
1.4980991338582677
11
1.1399035433070865
21
1.5032615748031495
0
LINE
8
BLACK
6
CONTINUOUS
10
1.1399035433070865
20
1.5032615748031495
11
1.1383607086614174
21
1.5090194881889762
0
LINE
8
BLACK
6
CONTINUOUS
10
1.1383607086614174
20
1.5090194881889762
11
1.1383607086614174
21
1.5149805118110236
0
LINE
8
BLACK
6
CONTINUOUS
10
1.1383607086614174
20
1.5149805118110236
11
1.1399035433070865
21
1.5207384251968503
0
LINE
8
BLACK
6
CONTINUOUS
10
1.1399035433070865
20
1.5207384251968503
11
1.1428840551181103
21
1.5259008661417321
0
LINE
8
BLACK
6
CONTINUOUS
10
1.1428840551181103
20
1.5259008661417321
11
1.1470991338582677
21
1.5301159448818897
0
LINE
8
BLACK
6
CONTINUOUS
10
1.1470991338582677
20
1.5301159448818897
11
1.1522615748031495
21
1.5330964566929133
0
LINE
8
BLACK
6
CONTINUOUS
10
1.1522615748031495
20
1.5330964566929133
11
1.1580194881889763
21
1.5346392913385827
0
LINE
8
BLACK
6
CONTINUOUS
10
1.1580194881889763
20
1.5346392913385827
11
1.1639805118110236
21
1.5346392913385827
0
LINE
8
BLACK
6
CONTINUOUS
10
1.1639805118110236
20
1.5346392913385827
11
1.1697384251968503
21
1.5330964566929133
0
LINE
8
BLACK
6
CONTINUOUS
10
4.1119231889763777
20
1.5338151181102362
11
4.1135836220472441
21
1.5327056692913386
0
LINE
8
BLACK
6
CONTINUOUS
10
4.1135836220472441
20
1.5327056692913386
11
4.1146930708661413
21
1.5310452362204725
0
LINE
8
BLACK
6
CONTINUOUS
10
4.1146930708661413
20
1.5310452362204725
11
4.1150826771653541
21
1.5290866141732282
0
LINE
8
BLACK
6
CONTINUOUS
10
4.1150826771653541
20
1.5290866141732282
11
4.1150826771653541
21
1.5066456692913386
0
LINE
8
BLACK
6
CONTINUOUS
10
4.1150826771653541
20
1.5066456692913386
11
4.1146930708661413
21
1.5046870472440945
0
LINE
8
BLACK
6
CONTINUOUS
10
4.1146930708661413
20
1.5046870472440945
11
4.1135836220472441
21
1.5030266141732282
0
LINE
8
BLACK
6
CONTINUOUS
10
4.1135836220472441
20
1.5030266141732282
11
4.1119231889763777
21
1.5019171653543306
0
LINE
8
BLACK
6
CONTINUOUS
10
4.1119231889763777
20
1.5019171653543306
11
4.1099645669291336
21
1.501527559055118
0
LINE
8
BLACK
6
CONTINUOUS
10
4.1099645669291336
20
1.501527559055118
11
4.1020905511811021
21
1.501527559055118
0
LINE
8
BLACK
6
CONTINUOUS
10
4.1020905511811021
20
1.501527559055118
11
4.100131929133858
21
1.5019171653543306
0
LINE
8
BLACK
6
CONTINUOUS
10
4.100131929133858
20
1.5019171653543306
11
4.0984714960629924
21
1.5030266141732282
0
LINE
8
BLACK
6
CONTINUOUS
10
4.0984714960629924
20
1.5030266141732282
11
4.0973620472440944
21
1.5046870472440945
0
LINE
8
BLACK
6
CONTINUOUS
10
4.0973620472440944
20
1.5046870472440945
11
4.0969724409448816
21
1.5066456692913386
0
LINE
8
BLACK
6
CONTINUOUS
10
4.0969724409448816
20
1.5066456692913386
11
4.0969724409448816
21
1.5290866141732282
0
LINE
8
BLACK
6
CONTINUOUS
10
4.0969724409448816
20
1.5290866141732282
11
4.0973620472440944
21
1.5310452362204725
0
LINE
8
BLACK
6
CONTINUOUS
10
4.0973620472440944
20
1.5310452362204725
11
4.0984714960629924
21
1.5327056692913386
0
LINE
8
BLACK
6
CONTINUOUS
10
4.0984714960629924
20
1.5327056692913386
11
4.100131929133858
21
1.5338151181102362
0
LINE
8
BLACK
6
CONTINUOUS
10
4.100131929133858
20
1.5338151181102362
11
4.1020905511811021
21
1.5342047244094488
0
LINE
8
BLACK
6
CONTINUOUS
10
4.1020905511811021
20
1.5342047244094488
11
4.1099645669291336
21
1.5342047244094488
0
LINE
8
BLACK
6
CONTINUOUS
10
4.1099645669291336
20
1.5342047244094488
11
4.1119231889763777
21
1.5338151181102362
0
LINE
8
BLACK
6
CONTINUOUS
10
4.1316082283464564
20
1.5338151181102362
11
4.1332686614173229
21
1.5327056692913386
0
LINE
8
BLACK
6
CONTINUOUS
10
4.1332686614173229
20
1.5327056692913386
11
4.13437811023622
21
1.5310452362204725
0
LINE
8
BLACK
6
CONTINUOUS
10
4.13437811023622
20
1.5310452362204725
11
4.1347677165354328
21
1.5290866141732282
0
LINE
8
BLACK
6
CONTINUOUS
10
4.1347677165354328
20
1.5290866141732282
11
4.1347677165354328
21
1.5066456692913386
0
LINE
8
BLACK
6
CONTINUOUS
10
4.1347677165354328
20
1.5066456692913386
11
4.13437811023622
21
1.5046870472440945
0
LINE
8
BLACK
6
CONTINUOUS
10
4.13437811023622
20
1.5046870472440945
11
4.1332686614173229
21
1.5030266141732282
0
LINE
8
BLACK
6
CONTINUOUS
10
4.1332686614173229
20
1.5030266141732282
11
4.1316082283464564
21
1.5019171653543306
0
LINE
8
BLACK
6
CONTINUOUS
10
4.1316082283464564
20
1.5019171653543306
11
4.1296496062992123
21
1.501527559055118
0
LINE
8
BLACK
6
CONTINUOUS
10
4.1296496062992123
20
1.501527559055118
11
4.1217755905511808
21
1.501527559055118
0
LINE
8
BLACK
6
CONTINUOUS
10
4.1217755905511808
20
1.501527559055118
11
4.1198169685039367
21
1.5019171653543306
0
LINE
8
BLACK
6
CONTINUOUS
10
4.1198169685039367
20
1.5019171653543306
11
4.1181565354330711
21
1.5030266141732282
0
LINE
8
BLACK
6
CONTINUOUS
10
4.1181565354330711
20
1.5030266141732282
11
4.1170470866141731
21
1.5046870472440945
0
LINE
8
BLACK
6
CONTINUOUS
10
4.1170470866141731
20
1.5046870472440945
11
4.1166574803149603
21
1.5066456692913386
0
LINE
8
BLACK
6
CONTINUOUS
10
4.1166574803149603
20
1.5066456692913386
11
4.1166574803149603
21
1.5290866141732282
0
LINE
8
BLACK
6
CONTINUOUS
10
4.1166574803149603
20
1.5290866141732282
11
4.1170470866141731
21
1.5310452362204725
0
LINE
8
BLACK
6
CONTINUOUS
10
4.1170470866141731
20
1.5310452362204725
11
4.1181565354330711
21
1.5327056692913386
0
LINE
8
BLACK
6
CONTINUOUS
10
4.1181565354330711
20
1.5327056692913386
11
4.1198169685039367
21
1.5338151181102362
0
LINE
8
BLACK
6
CONTINUOUS
10
4.1198169685039367
20
1.5338151181102362
11
4.1217755905511808
21
1.5342047244094488
0
LINE
8
BLACK
6
CONTINUOUS
10
4.1217755905511808
20
1.5342047244094488
11
4.1296496062992123
21
1.5342047244094488
0
LINE
8
BLACK
6
CONTINUOUS
10
4.1296496062992123
20
1.5342047244094488
11
4.1316082283464564
21
1.5338151181102362
0
LINE
8
BLACK
6
CONTINUOUS
10
4.1512932677165351
20
1.5338151181102362
11
4.1529537007874016
21
1.5327056692913386
0
LINE
8
BLACK
6
CONTINUOUS
10
4.1529537007874016
20
1.5327056692913386
11
4.1540631496062987
21
1.5310452362204725
0
LINE
8
BLACK
6
CONTINUOUS
10
4.1540631496062987
20
1.5310452362204725
11
4.1544527559055116
21
1.5290866141732282
0
LINE
8
BLACK
6
CONTINUOUS
10
4.1544527559055116
20
1.5290866141732282
11
4.1544527559055116
21
1.5066456692913386
0
LINE
8
BLACK
6
CONTINUOUS
10
4.1544527559055116
20
1.5066456692913386
11
4.1540631496062987
21
1.5046870472440945
0
LINE
8
BLACK
6
CONTINUOUS
10
4.1540631496062987
20
1.5046870472440945
11
4.1529537007874016
21
1.5030266141732282
0
LINE
8
BLACK
6
CONTINUOUS
10
4.1529537007874016
20
1.5030266141732282
11
4.1512932677165351
21
1.5019171653543306
0
LINE
8
BLACK
6
CONTINUOUS
10
4.1512932677165351
20
1.5019171653543306
11
4.149334645669291
21
1.501527559055118
0
LINE
8
BLACK
6
CONTINUOUS
10
4.149334645669291
20
1.501527559055118
11
4.1414606299212595
21
1.501527559055118
0
LINE
8
BLACK
6
CONTINUOUS
10
4.1414606299212595
20
1.501527559055118
11
4.1395020078740155
21
1.5019171653543306
0
LINE
8
BLACK
6
CONTINUOUS
10
4.1395020078740155
20
1.5019171653543306
11
4.1378415748031498
21
1.5030266141732282
0
LINE
8
BLACK
6
CONTINUOUS
10
4.1378415748031498
20
1.5030266141732282
11
4.1367321259842518
21
1.5046870472440945
0
LINE
8
BLACK
6
CONTINUOUS
10
4.1367321259842518
20
1.5046870472440945
11
4.136342519685039
21
1.5066456692913386
0
LINE
8
BLACK
6
CONTINUOUS
10
4.136342519685039
20
1.5066456692913386
11
4.136342519685039
21
1.5290866141732282
0
LINE
8
BLACK
6
CONTINUOUS
10
4.136342519685039
20
1.5290866141732282
11
4.1367321259842518
21
1.5310452362204725
0
LINE
8
BLACK
6
CONTINUOUS
10
4.1367321259842518
20
1.5310452362204725
11
4.1378415748031498
21
1.5327056692913386
0
LINE
8
BLACK
6
CONTINUOUS
10
4.1378415748031498
20
1.5327056692913386
11
4.1395020078740155
21
1.5338151181102362
0
LINE
8
BLACK
6
CONTINUOUS
10
4.1395020078740155
20
1.5338151181102362
11
4.1414606299212595
21
1.5342047244094488
0
LINE
8
BLACK
6
CONTINUOUS
10
4.1414606299212595
20
1.5342047244094488
11
4.149334645669291
21
1.5342047244094488
0
LINE
8
BLACK
6
CONTINUOUS
10
4.149334645669291
20
1.5342047244094488
11
4.1512932677165351
21
1.5338151181102362
0
LINE
8
BLACK
6
CONTINUOUS
10
4.1709783070866138
20
1.5338151181102362
11
4.1726387401574803
21
1.5327056692913386
0
LINE
8
BLACK
6
CONTINUOUS
10
4.1726387401574803
20
1.5327056692913386
11
4.1737481889763774
21
1.5310452362204725
0
LINE
8
BLACK
6
CONTINUOUS
10
4.1737481889763774
20
1.5310452362204725
11
4.1741377952755903
21
1.5290866141732282
0
LINE
8
BLACK
6
CONTINUOUS
10
4.1741377952755903
20
1.5290866141732282
11
4.1741377952755903
21
1.5066456692913386
0
LINE
8
BLACK
6
CONTINUOUS
10
4.1741377952755903
20
1.5066456692913386
11
4.1737481889763774
21
1.5046870472440945
0
LINE
8
BLACK
6
CONTINUOUS
10
4.1737481889763774
20
1.5046870472440945
11
4.1726387401574803
21
1.5030266141732282
0
LINE
8
BLACK
6
CONTINUOUS
10
4.1726387401574803
20
1.5030266141732282
11
4.1709783070866138
21
1.5019171653543306
0
LINE
8
BLACK
6
CONTINUOUS
10
4.1709783070866138
20
1.5019171653543306
11
4.1690196850393697
21
1.501527559055118
0
LINE
8
BLACK
6
CONTINUOUS
10
4.1690196850393697
20
1.501527559055118
11
4.1611456692913382
21
1.501527559055118
0
LINE
8
BLACK
6
CONTINUOUS
10
4.1611456692913382
20
1.501527559055118
11
4.1591870472440942
21
1.5019171653543306
0
LINE
8
BLACK
6
CONTINUOUS
10
4.1591870472440942
20
1.5019171653543306
11
4.1575266141732286
21
1.5030266141732282
0
LINE
8
BLACK
6
CONTINUOUS
10
4.1575266141732286
20
1.5030266141732282
11
4.1564171653543305
21
1.5046870472440945
0
LINE
8
BLACK
6
CONTINUOUS
10
4.1564171653543305
20
1.5046870472440945
11
4.1560275590551177
21
1.5066456692913386
0
LINE
8
BLACK
6
CONTINUOUS
10
4.1560275590551177
20
1.5066456692913386
11
4.1560275590551177
21
1.5290866141732282
0
LINE
8
BLACK
6
CONTINUOUS
10
4.1560275590551177
20
1.5290866141732282
11
4.1564171653543305
21
1.5310452362204725
0
LINE
8
BLACK
6
CONTINUOUS
10
4.1564171653543305
20
1.5310452362204725
11
4.1575266141732286
21
1.5327056692913386
0
LINE
8
BLACK
6
CONTINUOUS
10
4.1575266141732286
20
1.5327056692913386
11
4.1591870472440942
21
1.5338151181102362
0
LINE
8
BLACK
6
CONTINUOUS
10
4.1591870472440942
20
1.5338151181102362
11
4.1611456692913382
21
1.5342047244094488
0
LINE
8
BLACK
6
CONTINUOUS
10
4.1611456692913382
20
1.5342047244094488
11
4.1690196850393697
21
1.5342047244094488
0
LINE
8
BLACK
6
CONTINUOUS
10
4.1690196850393697
20
1.5342047244094488
11
4.1709783070866138
21
1.5338151181102362
0
LINE
8
BLACK
6
CONTINUOUS
10
0.3217720472440945
20
1.5822659842519684
11
0.3258614173228346
21
1.5803590551181101
0
LINE
8
BLACK
6
CONTINUOUS
10
0.3258614173228346
20
1.5803590551181101
11
0.329051968503937
21
1.5771685039370078
0
LINE
8
BLACK
6
CONTINUOUS
10
0.329051968503937
20
1.5771685039370078
11
0.3309588976377953
21
1.5730791338582677
0
LINE
8
BLACK
6
CONTINUOUS
10
0.3309588976377953
20
1.5730791338582677
11
0.3314015748031496
21
1.5697165354330709
0
LINE
8
BLACK
6
CONTINUOUS
10
0.3314015748031496
20
1.5697165354330709
11
0.3314015748031496
21
1.534283464566929
0
LINE
8
BLACK
6
CONTINUOUS
10
0.3314015748031496
20
1.534283464566929
11
0.3309588976377953
21
1.5309208661417322
0
LINE
8
BLACK
6
CONTINUOUS
10
0.3309588976377953
20
1.5309208661417322
11
0.329051968503937
21
1.5268314960629921
0
LINE
8
BLACK
6
CONTINUOUS
10
0.329051968503937
20
1.5268314960629921
11
0.3258614173228346
21
1.5236409448818897
0
LINE
8
BLACK
6
CONTINUOUS
10
0.3258614173228346
20
1.5236409448818897
11
0.3217720472440945
21
1.5217340157480315
0
LINE
8
BLACK
6
CONTINUOUS
10
0.3217720472440945
20
1.5217340157480315
11
0.3184094488188977
21
1.5212913385826772
0
LINE
8
BLACK
6
CONTINUOUS
10
0.3184094488188977
20
1.5212913385826772
11
0.297740157480315
21
1.5212913385826772
0
LINE
8
BLACK
6
CONTINUOUS
10
0.297740157480315
20
1.5212913385826772
11
0.2943775590551181
21
1.5217340157480315
0
LINE
8
BLACK
6
CONTINUOUS
10
0.2943775590551181
20
1.5217340157480315
11
0.2902881889763779
21
1.5236409448818897
0
LINE
8
BLACK
6
CONTINUOUS
10
0.2902881889763779
20
1.5236409448818897
11
0.2870976377952756
21
1.5268314960629921
0
LINE
8
BLACK
6
CONTINUOUS
10
0.2870976377952756
20
1.5268314960629921
11
0.2851907086614173
21
1.5309208661417322
0
LINE
8
BLACK
6
CONTINUOUS
10
0.2851907086614173
20
1.5309208661417322
11
0.284748031496063
21
1.534283464566929
0
LINE
8
BLACK
6
CONTINUOUS
10
0.284748031496063
20
1.534283464566929
11
0.284748031496063
21
1.5697165354330709
0
LINE
8
BLACK
6
CONTINUOUS
10
0.284748031496063
20
1.5697165354330709
11
0.2851907086614173
21
1.5730791338582677
0
LINE
8
BLACK
6
CONTINUOUS
10
0.2851907086614173
20
1.5730791338582677
11
0.2870976377952756
21
1.5771685039370078
0
LINE
8
BLACK
6
CONTINUOUS
10
0.2870976377952756
20
1.5771685039370078
11
0.2902881889763779
21
1.5803590551181101
0
LINE
8
BLACK
6
CONTINUOUS
10
0.2902881889763779
20
1.5803590551181101
11
0.2943775590551181
21
1.5822659842519684
0
LINE
8
BLACK
6
CONTINUOUS
10
0.2943775590551181
20
1.5822659842519684
11
0.297740157480315
21
1.5827086614173227
0
LINE
8
BLACK
6
CONTINUOUS
10
0.297740157480315
20
1.5827086614173227
11
0.3184094488188977
21
1.5827086614173227
0
LINE
8
BLACK
6
CONTINUOUS
10
0.3184094488188977
20
1.5827086614173227
11
0.3217720472440945
21
1.5822659842519684
0
LINE
8
BLACK
6
CONTINUOUS
10
0.3936224409448819
20
1.5822659842519684
11
0.397711811023622
21
1.5803590551181101
0
LINE
8
BLACK
6
CONTINUOUS
10
0.397711811023622
20
1.5803590551181101
11
0.4009023622047244
21
1.5771685039370078
0
LINE
8
BLACK
6
CONTINUOUS
10
0.4009023622047244
20
1.5771685039370078
11
0.4028092913385827
21
1.5730791338582677
0
LINE
8
BLACK
6
CONTINUOUS
10
0.4028092913385827
20
1.5730791338582677
11
0.403251968503937
21
1.5697165354330709
0
LINE
8
BLACK
6
CONTINUOUS
10
0.403251968503937
20
1.5697165354330709
11
0.403251968503937
21
1.534283464566929
0
LINE
8
BLACK
6
CONTINUOUS
10
0.403251968503937
20
1.534283464566929
11
0.4028092913385827
21
1.5309208661417322
0
LINE
8
BLACK
6
CONTINUOUS
10
0.4028092913385827
20
1.5309208661417322
11
0.4009023622047244
21
1.5268314960629921
0
LINE
8
BLACK
6
CONTINUOUS
10
0.4009023622047244
20
1.5268314960629921
11
0.397711811023622
21
1.5236409448818897
0
LINE
8
BLACK
6
CONTINUOUS
10
0.397711811023622
20
1.5236409448818897
11
0.3936224409448819
21
1.5217340157480315
0
LINE
8
BLACK
6
CONTINUOUS
10
0.3936224409448819
20
1.5217340157480315
11
0.390259842519685
21
1.5212913385826772
0
LINE
8
BLACK
6
CONTINUOUS
10
0.390259842519685
20
1.5212913385826772
11
0.3695905511811023
21
1.5212913385826772
0
LINE
8
BLACK
6
CONTINUOUS
10
0.3695905511811023
20
1.5212913385826772
11
0.3662279527559055
21
1.5217340157480315
0
LINE
8
BLACK
6
CONTINUOUS
10
0.3662279527559055
20
1.5217340157480315
11
0.3621385826771654
21
1.5236409448818897
0
LINE
8
BLACK
6
CONTINUOUS
10
0.3621385826771654
20
1.5236409448818897
11
0.358948031496063
21
1.5268314960629921
0
LINE
8
BLACK
6
CONTINUOUS
10
0.358948031496063
20
1.5268314960629921
11
0.3570411023622047
21
1.5309208661417322
0
LINE
8
BLACK
6
CONTINUOUS
10
0.3570411023622047
20
1.5309208661417322
11
0.3565984251968504
21
1.534283464566929
0
LINE
8
BLACK
6
CONTINUOUS
10
0.3565984251968504
20
1.534283464566929
11
0.3565984251968504
21
1.5697165354330709
0
LINE
8
BLACK
6
CONTINUOUS
10
0.3565984251968504
20
1.5697165354330709
11
0.3570411023622047
21
1.5730791338582677
0
LINE
8
BLACK
6
CONTINUOUS
10
0.3570411023622047
20
1.5730791338582677
11
0.358948031496063
21
1.5771685039370078
0
LINE
8
BLACK
6
CONTINUOUS
10
0.358948031496063
20
1.5771685039370078
11
0.3621385826771654
21
1.5803590551181101
0
LINE
8
BLACK
6
CONTINUOUS
10
0.3621385826771654
20
1.5803590551181101
11
0.3662279527559055
21
1.5822659842519684
0
LINE
8
BLACK
6
CONTINUOUS
10
0.3662279527559055
20
1.5822659842519684
11
0.3695905511811023
21
1.5827086614173227
0
LINE
8
BLACK
6
CONTINUOUS
10
0.3695905511811023
20
1.5827086614173227
11
0.390259842519685
21
1.5827086614173227
0
LINE
8
BLACK
6
CONTINUOUS
10
0.390259842519685
20
1.5827086614173227
11
0.3936224409448819
21
1.5822659842519684
0
LINE
8
BLACK
6
CONTINUOUS
10
1.8531444488188975
20
1.5863890944881889
11
1.8572338188976378
21
1.5844821653543306
0
LINE
8
BLACK
6
CONTINUOUS
10
1.8572338188976378
20
1.5844821653543306
11
1.8604243700787402
21
1.5812916141732283
0
LINE
8
BLACK
6
CONTINUOUS
10
1.8604243700787402
20
1.5812916141732283
11
1.8623312992125984
21
1.5772022440944882
0
LINE
8
BLACK
6
CONTINUOUS
10
1.8623312992125984
20
1.5772022440944882
11
1.8627739763779527
21
1.5738396456692914
0
LINE
8
BLACK
6
CONTINUOUS
10
1.8627739763779527
20
1.5738396456692914
11
1.8627739763779527
21
1.5384065748031495
0
LINE
8
BLACK
6
CONTINUOUS
10
1.8627739763779527
20
1.5384065748031495
11
1.8623312992125984
21
1.5350439763779526
0
LINE
8
BLACK
6
CONTINUOUS
10
1.8623312992125984
20
1.5350439763779526
11
1.8604243700787402
21
1.5309546062992125
0
LINE
8
BLACK
6
CONTINUOUS
10
1.8604243700787402
20
1.5309546062992125
11
1.8572338188976378
21
1.5277640551181102
0
LINE
8
BLACK
6
CONTINUOUS
10
1.8572338188976378
20
1.5277640551181102
11
1.8531444488188975
21
1.5258571259842519
0
LINE
8
BLACK
6
CONTINUOUS
10
1.8531444488188975
20
1.5258571259842519
11
1.8497818503937007
21
1.5254144488188977
0
LINE
8
BLACK
6
CONTINUOUS
10
1.8497818503937007
20
1.5254144488188977
11
1.829112559055118
21
1.5254144488188977
0
LINE
8
BLACK
6
CONTINUOUS
10
1.829112559055118
20
1.5254144488188977
11
1.8257499606299212
21
1.5258571259842519
0
LINE
8
BLACK
6
CONTINUOUS
10
1.8257499606299212
20
1.5258571259842519
11
1.8216605905511811
21
1.5277640551181102
0
LINE
8
BLACK
6
CONTINUOUS
10
1.8216605905511811
20
1.5277640551181102
11
1.8184700393700788
21
1.5309546062992125
0
LINE
8
BLACK
6
CONTINUOUS
10
1.8184700393700788
20
1.5309546062992125
11
1.8165631102362205
21
1.5350439763779526
0
LINE
8
BLACK
6
CONTINUOUS
10
1.8165631102362205
20
1.5350439763779526
11
1.816120433070866
21
1.5384065748031495
0
LINE
8
BLACK
6
CONTINUOUS
10
1.816120433070866
20
1.5384065748031495
11
1.816120433070866
21
1.5738396456692914
0
LINE
8
BLACK
6
CONTINUOUS
10
1.816120433070866
20
1.5738396456692914
11
1.8165631102362205
21
1.5772022440944882
0
LINE
8
BLACK
6
CONTINUOUS
10
1.8165631102362205
20
1.5772022440944882
11
1.8184700393700788
21
1.5812916141732283
0
LINE
8
BLACK
6
CONTINUOUS
10
1.8184700393700788
20
1.5812916141732283
11
1.8216605905511811
21
1.5844821653543306
0
LINE
8
BLACK
6
CONTINUOUS
10
1.8216605905511811
20
1.5844821653543306
11
1.8257499606299212
21
1.5863890944881889
0
LINE
8
BLACK
6
CONTINUOUS
10
1.8257499606299212
20
1.5863890944881889
11
1.829112559055118
21
1.5868317716535432
0
LINE
8
BLACK
6
CONTINUOUS
10
1.829112559055118
20
1.5868317716535432
11
1.8497818503937007
21
1.5868317716535432
0
LINE
8
BLACK
6
CONTINUOUS
10
1.8497818503937007
20
1.5868317716535432
11
1.8531444488188975
21
1.5863890944881889
0
LINE
8
BLACK
6
CONTINUOUS
10
1.924994842519685
20
1.5863890944881889
11
1.9290842125984251
21
1.5844821653543306
0
LINE
8
BLACK
6
CONTINUOUS
10
1.9290842125984251
20
1.5844821653543306
11
1.9322747637795274
21
1.5812916141732283
0
LINE
8
BLACK
6
CONTINUOUS
10
1.9322747637795274
20
1.5812916141732283
11
1.9341816929133857
21
1.5772022440944882
0
LINE
8
BLACK
6
CONTINUOUS
10
1.9341816929133857
20
1.5772022440944882
11
1.9346243700787402
21
1.5738396456692914
0
LINE
8
BLACK
6
CONTINUOUS
10
1.9346243700787402
20
1.5738396456692914
11
1.9346243700787402
21
1.5384065748031495
0
LINE
8
BLACK
6
CONTINUOUS
10
1.9346243700787402
20
1.5384065748031495
11
1.9341816929133857
21
1.5350439763779526
0
LINE
8
BLACK
6
CONTINUOUS
10
1.9341816929133857
20
1.5350439763779526
11
1.9322747637795274
21
1.5309546062992125
0
LINE
8
BLACK
6
CONTINUOUS
10
1.9322747637795274
20
1.5309546062992125
11
1.9290842125984251
21
1.5277640551181102
0
LINE
8
BLACK
6
CONTINUOUS
10
1.9290842125984251
20
1.5277640551181102
11
1.924994842519685
21
1.5258571259842519
0
LINE
8
BLACK
6
CONTINUOUS
10
1.924994842519685
20
1.5258571259842519
11
1.9216322440944882
21
1.5254144488188977
0
LINE
8
BLACK
6
CONTINUOUS
10
1.9216322440944882
20
1.5254144488188977
11
1.9009629527559055
21
1.5254144488188977
0
LINE
8
BLACK
6
CONTINUOUS
10
1.9009629527559055
20
1.5254144488188977
11
1.8976003543307087
21
1.5258571259842519
0
LINE
8
BLACK
6
CONTINUOUS
10
1.8976003543307087
20
1.5258571259842519
11
1.8935109842519684
21
1.5277640551181102
0
LINE
8
BLACK
6
CONTINUOUS
10
1.8935109842519684
20
1.5277640551181102
11
1.8903204330708661
21
1.5309546062992125
0
LINE
8
BLACK
6
CONTINUOUS
10
1.8903204330708661
20
1.5309546062992125
11
1.8884135039370078
21
1.5350439763779526
0
LINE
8
BLACK
6
CONTINUOUS
10
1.8884135039370078
20
1.5350439763779526
11
1.8879708267716535
21
1.5384065748031495
0
LINE
8
BLACK
6
CONTINUOUS
10
1.8879708267716535
20
1.5384065748031495
11
1.8879708267716535
21
1.5738396456692914
0
LINE
8
BLACK
6
CONTINUOUS
10
1.8879708267716535
20
1.5738396456692914
11
1.8884135039370078
21
1.5772022440944882
0
LINE
8
BLACK
6
CONTINUOUS
10
1.8884135039370078
20
1.5772022440944882
11
1.8903204330708661
21
1.5812916141732283
0
LINE
8
BLACK
6
CONTINUOUS
10
1.8903204330708661
20
1.5812916141732283
11
1.8935109842519684
21
1.5844821653543306
0
LINE
8
BLACK
6
CONTINUOUS
10
1.8935109842519684
20
1.5844821653543306
11
1.8976003543307087
21
1.5863890944881889
0
LINE
8
BLACK
6
CONTINUOUS
10
1.8976003543307087
20
1.5863890944881889
11
1.9009629527559055
21
1.5868317716535432
0
LINE
8
BLACK
6
CONTINUOUS
10
1.9009629527559055
20
1.5868317716535432
11
1.9216322440944882
21
1.5868317716535432
0
LINE
8
BLACK
6
CONTINUOUS
10
1.9216322440944882
20
1.5868317716535432
11
1.924994842519685
21
1.5863890944881889
0
LINE
8
BLACK
6
CONTINUOUS
10
4.3201295275590548
20
1.5749754724409448
11
4.3217899606299213
21
1.5738660236220472
0
LINE
8
BLACK
6
CONTINUOUS
10
4.3217899606299213
20
1.5738660236220472
11
4.3228994094488185
21
1.5722055905511811
0
LINE
8
BLACK
6
CONTINUOUS
10
4.3228994094488185
20
1.5722055905511811
11
4.3232890157480313
21
1.5702469685039371
0
LINE
8
BLACK
6
CONTINUOUS
10
4.3232890157480313
20
1.5702469685039371
11
4.3232890157480313
21
1.5623729527559054
0
LINE
8
BLACK
6
CONTINUOUS
10
4.3232890157480313
20
1.5623729527559054
11
4.3228994094488185
21
1.5604143307086613
0
LINE
8
BLACK
6
CONTINUOUS
10
4.3228994094488185
20
1.5604143307086613
11
4.3217899606299213
21
1.5587538976377953
0
LINE
8
BLACK
6
CONTINUOUS
10
4.3217899606299213
20
1.5587538976377953
11
4.3201295275590548
21
1.5576444488188976
0
LINE
8
BLACK
6
CONTINUOUS
10
4.3201295275590548
20
1.5576444488188976
11
4.3181709055118107
21
1.557254842519685
0
LINE
8
BLACK
6
CONTINUOUS
10
4.3181709055118107
20
1.557254842519685
11
4.2957299606299211
21
1.557254842519685
0
LINE
8
BLACK
6
CONTINUOUS
10
4.2957299606299211
20
1.557254842519685
11
4.293771338582677
21
1.5576444488188976
0
LINE
8
BLACK
6
CONTINUOUS
10
4.293771338582677
20
1.5576444488188976
11
4.2921109055118105
21
1.5587538976377953
0
LINE
8
BLACK
6
CONTINUOUS
10
4.2921109055118105
20
1.5587538976377953
11
4.2910014566929133
21
1.5604143307086613
0
LINE
8
BLACK
6
CONTINUOUS
10
4.2910014566929133
20
1.5604143307086613
11
4.2906118503937005
21
1.5623729527559054
0
LINE
8
BLACK
6
CONTINUOUS
10
4.2906118503937005
20
1.5623729527559054
11
4.2906118503937005
21
1.5702469685039371
0
LINE
8
BLACK
6
CONTINUOUS
10
4.2906118503937005
20
1.5702469685039371
11
4.2910014566929133
21
1.5722055905511811
0
LINE
8
BLACK
6
CONTINUOUS
10
4.2910014566929133
20
1.5722055905511811
11
4.2921109055118105
21
1.5738660236220472
0
LINE
8
BLACK
6
CONTINUOUS
10
4.2921109055118105
20
1.5738660236220472
11
4.293771338582677
21
1.5749754724409448
0
LINE
8
BLACK
6
CONTINUOUS
10
4.293771338582677
20
1.5749754724409448
11
4.2957299606299211
21
1.5753650787401574
0
LINE
8
BLACK
6
CONTINUOUS
10
4.2957299606299211
20
1.5753650787401574
11
4.3181709055118107
21
1.5753650787401574
0
LINE
8
BLACK
6
CONTINUOUS
10
4.3181709055118107
20
1.5753650787401574
11
4.3201295275590548
21
1.5749754724409448
0
LINE
8
BLACK
6
CONTINUOUS
10
4.3783972440944883
20
1.5749754724409448
11
4.3800576771653539
21
1.5738660236220472
0
LINE
8
BLACK
6
CONTINUOUS
10
4.3800576771653539
20
1.5738660236220472
11
4.381167125984252
21
1.5722055905511811
0
LINE
8
BLACK
6
CONTINUOUS
10
4.381167125984252
20
1.5722055905511811
11
4.3815567322834648
21
1.5702469685039371
0
LINE
8
BLACK
6
CONTINUOUS
10
4.3815567322834648
20
1.5702469685039371
11
4.3815567322834648
21
1.5623729527559054
0
LINE
8
BLACK
6
CONTINUOUS
10
4.3815567322834648
20
1.5623729527559054
11
4.381167125984252
21
1.5604143307086613
0
LINE
8
BLACK
6
CONTINUOUS
10
4.381167125984252
20
1.5604143307086613
11
4.3800576771653539
21
1.5587538976377953
0
LINE
8
BLACK
6
CONTINUOUS
10
4.3800576771653539
20
1.5587538976377953
11
4.3783972440944883
21
1.5576444488188976
0
LINE
8
BLACK
6
CONTINUOUS
10
4.3783972440944883
20
1.5576444488188976
11
4.3764386220472442
21
1.557254842519685
0
LINE
8
BLACK
6
CONTINUOUS
10
4.3764386220472442
20
1.557254842519685
11
4.3539976771653546
21
1.557254842519685
0
LINE
8
BLACK
6
CONTINUOUS
10
4.3539976771653546
20
1.557254842519685
11
4.3520390551181105
21
1.5576444488188976
0
LINE
8
BLACK
6
CONTINUOUS
10
4.3520390551181105
20
1.5576444488188976
11
4.350378622047244
21
1.5587538976377953
0
LINE
8
BLACK
6
CONTINUOUS
10
4.350378622047244
20
1.5587538976377953
11
4.3492691732283459
21
1.5604143307086613
0
LINE
8
BLACK
6
CONTINUOUS
10
4.3492691732283459
20
1.5604143307086613
11
4.348879566929134
21
1.5623729527559054
0
LINE
8
BLACK
6
CONTINUOUS
10
4.348879566929134
20
1.5623729527559054
11
4.348879566929134
21
1.5702469685039371
0
LINE
8
BLACK
6
CONTINUOUS
10
4.348879566929134
20
1.5702469685039371
11
4.3492691732283459
21
1.5722055905511811
0
LINE
8
BLACK
6
CONTINUOUS
10
4.3492691732283459
20
1.5722055905511811
11
4.350378622047244
21
1.5738660236220472
0
LINE
8
BLACK
6
CONTINUOUS
10
4.350378622047244
20
1.5738660236220472
11
4.3520390551181105
21
1.5749754724409448
0
LINE
8
BLACK
6
CONTINUOUS
10
4.3520390551181105
20
1.5749754724409448
11
4.3539976771653546
21
1.5753650787401574
0
LINE
8
BLACK
6
CONTINUOUS
10
4.3539976771653546
20
1.5753650787401574
11
4.3764386220472442
21
1.5753650787401574
0
LINE
8
BLACK
6
CONTINUOUS
10
4.3764386220472442
20
1.5753650787401574
11
4.3783972440944883
21
1.5749754724409448
0
LINE
8
BLACK
6
CONTINUOUS
10
3.5460082677165352
20
1.6341557480314961
11
3.5500976377952753
21
1.6322488188976378
0
LINE
8
BLACK
6
CONTINUOUS
10
3.5500976377952753
20
1.6322488188976378
11
3.5532881889763779
21
1.6290582677165355
0
LINE
8
BLACK
6
CONTINUOUS
10
3.5532881889763779
20
1.6290582677165355
11
3.5551951181102361
21
1.6249688976377952
0
LINE
8
BLACK
6
CONTINUOUS
10
3.5551951181102361
20
1.6249688976377952
11
3.5556377952755907
21
1.6216062992125984
0
LINE
8
BLACK
6
CONTINUOUS
10
3.5556377952755907
20
1.6216062992125984
11
3.5556377952755907
21
1.5723937007874016
0
LINE
8
BLACK
6
CONTINUOUS
10
3.5556377952755907
20
1.5723937007874016
11
3.5551951181102361
21
1.5690311023622048
0
LINE
8
BLACK
6
CONTINUOUS
10
3.5551951181102361
20
1.5690311023622048
11
3.5532881889763779
21
1.5649417322834644
0
LINE
8
BLACK
6
CONTINUOUS
10
3.5532881889763779
20
1.5649417322834644
11
3.5500976377952753
21
1.5617511811023621
0
LINE
8
BLACK
6
CONTINUOUS
10
3.5500976377952753
20
1.5617511811023621
11
3.5460082677165352
21
1.5598442519685038
0
LINE
8
BLACK
6
CONTINUOUS
10
3.5460082677165352
20
1.5598442519685038
11
3.5426456692913386
21
1.5594015748031496
0
LINE
8
BLACK
6
CONTINUOUS
10
3.5426456692913386
20
1.5594015748031496
11
3.5131181102362206
21
1.5594015748031496
0
LINE
8
BLACK
6
CONTINUOUS
10
3.5131181102362206
20
1.5594015748031496
11
3.5097555118110235
21
1.5598442519685038
0
LINE
8
BLACK
6
CONTINUOUS
10
3.5097555118110235
20
1.5598442519685038
11
3.5056661417322834
21
1.5617511811023621
0
LINE
8
BLACK
6
CONTINUOUS
10
3.5056661417322834
20
1.5617511811023621
11
3.5024755905511809
21
1.5649417322834644
0
LINE
8
BLACK
6
CONTINUOUS
10
3.5024755905511809
20
1.5649417322834644
11
3.5005686614173226
21
1.5690311023622048
0
LINE
8
BLACK
6
CONTINUOUS
10
3.5005686614173226
20
1.5690311023622048
11
3.5001259842519685
21
1.5723937007874016
0
LINE
8
BLACK
6
CONTINUOUS
10
3.5001259842519685
20
1.5723937007874016
11
3.5001259842519685
21
1.6216062992125984
0
LINE
8
BLACK
6
CONTINUOUS
10
3.5001259842519685
20
1.6216062992125984
11
3.5005686614173226
21
1.6249688976377952
0
LINE
8
BLACK
6
CONTINUOUS
10
3.5005686614173226
20
1.6249688976377952
11
3.5024755905511809
21
1.6290582677165355
0
LINE
8
BLACK
6
CONTINUOUS
10
3.5024755905511809
20
1.6290582677165355
11
3.5056661417322834
21
1.6322488188976378
0
LINE
8
BLACK
6
CONTINUOUS
10
3.5056661417322834
20
1.6322488188976378
11
3.5097555118110235
21
1.6341557480314961
0
LINE
8
BLACK
6
CONTINUOUS
10
3.5097555118110235
20
1.6341557480314961
11
3.5131181102362206
21
1.6345984251968504
0
LINE
8
BLACK
6
CONTINUOUS
10
3.5131181102362206
20
1.6345984251968504
11
3.5426456692913386
21
1.6345984251968504
0
LINE
8
BLACK
6
CONTINUOUS
10
3.5426456692913386
20
1.6345984251968504
11
3.5460082677165352
21
1.6341557480314961
0
LINE
8
BLACK
6
CONTINUOUS
10
3.6562444881889764
20
1.6341557480314961
11
3.6603338582677165
21
1.6322488188976378
0
LINE
8
BLACK
6
CONTINUOUS
10
3.6603338582677165
20
1.6322488188976378
11
3.6635244094488186
21
1.6290582677165355
0
LINE
8
BLACK
6
CONTINUOUS
10
3.6635244094488186
20
1.6290582677165355
11
3.6654313385826769
21
1.6249688976377952
0
LINE
8
BLACK
6
CONTINUOUS
10
3.6654313385826769
20
1.6249688976377952
11
3.6658740157480314
21
1.6216062992125984
0
LINE
8
BLACK
6
CONTINUOUS
10
3.6658740157480314
20
1.6216062992125984
11
3.6658740157480314
21
1.5723937007874016
0
LINE
8
BLACK
6
CONTINUOUS
10
3.6658740157480314
20
1.5723937007874016
11
3.6654313385826769
21
1.5690311023622048
0
LINE
8
BLACK
6
CONTINUOUS
10
3.6654313385826769
20
1.5690311023622048
11
3.6635244094488186
21
1.5649417322834644
0
LINE
8
BLACK
6
CONTINUOUS
10
3.6635244094488186
20
1.5649417322834644
11
3.6603338582677165
21
1.5617511811023621
0
LINE
8
BLACK
6
CONTINUOUS
10
3.6603338582677165
20
1.5617511811023621
11
3.6562444881889764
21
1.5598442519685038
0
LINE
8
BLACK
6
CONTINUOUS
10
3.6562444881889764
20
1.5598442519685038
11
3.6528818897637794
21
1.5594015748031496
0
LINE
8
BLACK
6
CONTINUOUS
10
3.6528818897637794
20
1.5594015748031496
11
3.6233543307086613
21
1.5594015748031496
0
LINE
8
BLACK
6
CONTINUOUS
10
3.6233543307086613
20
1.5594015748031496
11
3.6199917322834643
21
1.5598442519685038
0
LINE
8
BLACK
6
CONTINUOUS
10
3.6199917322834643
20
1.5598442519685038
11
3.6159023622047242
21
1.5617511811023621
0
LINE
8
BLACK
6
CONTINUOUS
10
3.6159023622047242
20
1.5617511811023621
11
3.612711811023622
21
1.5649417322834644
0
LINE
8
BLACK
6
CONTINUOUS
10
3.612711811023622
20
1.5649417322834644
11
3.6108048818897638
21
1.5690311023622048
0
LINE
8
BLACK
6
CONTINUOUS
10
3.6108048818897638
20
1.5690311023622048
11
3.6103622047244093
21
1.5723937007874016
0
LINE
8
BLACK
6
CONTINUOUS
10
3.6103622047244093
20
1.5723937007874016
11
3.6103622047244093
21
1.6216062992125984
0
LINE
8
BLACK
6
CONTINUOUS
10
3.6103622047244093
20
1.6216062992125984
11
3.6108048818897638
21
1.6249688976377952
0
LINE
8
BLACK
6
CONTINUOUS
10
3.6108048818897638
20
1.6249688976377952
11
3.612711811023622
21
1.6290582677165355
0
LINE
8
BLACK
6
CONTINUOUS
10
3.612711811023622
20
1.6290582677165355
11
3.6159023622047242
21
1.6322488188976378
0
LINE
8
BLACK
6
CONTINUOUS
10
3.6159023622047242
20
1.6322488188976378
11
3.6199917322834643
21
1.6341557480314961
0
LINE
8
BLACK
6
CONTINUOUS
10
3.6199917322834643
20
1.6341557480314961
11
3.6233543307086613
21
1.6345984251968504
0
LINE
8
BLACK
6
CONTINUOUS
10
3.6233543307086613
20
1.6345984251968504
11
3.6528818897637794
21
1.6345984251968504
0
LINE
8
BLACK
6
CONTINUOUS
10
3.6528818897637794
20
1.6345984251968504
11
3.6562444881889764
21
1.6341557480314961
0
LINE
8
BLACK
6
CONTINUOUS
10
4.1119231889763777
20
1.5920828346456692
11
4.1135836220472441
21
1.5909733858267716
0
LINE
8
BLACK
6
CONTINUOUS
10
4.1135836220472441
20
1.5909733858267716
11
4.1146930708661413
21
1.5893129527559056
0
LINE
8
BLACK
6
CONTINUOUS
10
4.1146930708661413
20
1.5893129527559056
11
4.1150826771653541
21
1.5873543307086613
0
LINE
8
BLACK
6
CONTINUOUS
10
4.1150826771653541
20
1.5873543307086613
11
4.1150826771653541
21
1.5649133858267716
0
LINE
8
BLACK
6
CONTINUOUS
10
4.1150826771653541
20
1.5649133858267716
11
4.1146930708661413
21
1.5629547637795276
0
LINE
8
BLACK
6
CONTINUOUS
10
4.1146930708661413
20
1.5629547637795276
11
4.1135836220472441
21
1.5612943307086613
0
LINE
8
BLACK
6
CONTINUOUS
10
4.1135836220472441
20
1.5612943307086613
11
4.1119231889763777
21
1.5601848818897637
0
LINE
8
BLACK
6
CONTINUOUS
10
4.1119231889763777
20
1.5601848818897637
11
4.1099645669291336
21
1.5597952755905511
0
LINE
8
BLACK
6
CONTINUOUS
10
4.1099645669291336
20
1.5597952755905511
11
4.1020905511811021
21
1.5597952755905511
0
LINE
8
BLACK
6
CONTINUOUS
10
4.1020905511811021
20
1.5597952755905511
11
4.100131929133858
21
1.5601848818897637
0
LINE
8
BLACK
6
CONTINUOUS
10
4.100131929133858
20
1.5601848818897637
11
4.0984714960629924
21
1.5612943307086613
0
LINE
8
BLACK
6
CONTINUOUS
10
4.0984714960629924
20
1.5612943307086613
11
4.0973620472440944
21
1.5629547637795276
0
LINE
8
BLACK
6
CONTINUOUS
10
4.0973620472440944
20
1.5629547637795276
11
4.0969724409448816
21
1.5649133858267716
0
LINE
8
BLACK
6
CONTINUOUS
10
4.0969724409448816
20
1.5649133858267716
11
4.0969724409448816
21
1.5873543307086613
0
LINE
8
BLACK
6
CONTINUOUS
10
4.0969724409448816
20
1.5873543307086613
11
4.0973620472440944
21
1.5893129527559056
0
LINE
8
BLACK
6
CONTINUOUS
10
4.0973620472440944
20
1.5893129527559056
11
4.0984714960629924
21
1.5909733858267716
0
LINE
8
BLACK
6
CONTINUOUS
10
4.0984714960629924
20
1.5909733858267716
11
4.100131929133858
21
1.5920828346456692
0
LINE
8
BLACK
6
CONTINUOUS
10
4.100131929133858
20
1.5920828346456692
11
4.1020905511811021
21
1.5924724409448818
0
LINE
8
BLACK
6
CONTINUOUS
10
4.1020905511811021
20
1.5924724409448818
11
4.1099645669291336
21
1.5924724409448818
0
LINE
8
BLACK
6
CONTINUOUS
10
4.1099645669291336
20
1.5924724409448818
11
4.1119231889763777
21
1.5920828346456692
0
LINE
8
BLACK
6
CONTINUOUS
10
4.1316082283464564
20
1.5920828346456692
11
4.1332686614173229
21
1.5909733858267716
0
LINE
8
BLACK
6
CONTINUOUS
10
4.1332686614173229
20
1.5909733858267716
11
4.13437811023622
21
1.5893129527559056
0
LINE
8
BLACK
6
CONTINUOUS
10
4.13437811023622
20
1.5893129527559056
11
4.1347677165354328
21
1.5873543307086613
0
LINE
8
BLACK
6
CONTINUOUS
10
4.1347677165354328
20
1.5873543307086613
11
4.1347677165354328
21
1.5649133858267716
0
LINE
8
BLACK
6
CONTINUOUS
10
4.1347677165354328
20
1.5649133858267716
11
4.13437811023622
21
1.5629547637795276
0
LINE
8
BLACK
6
CONTINUOUS
10
4.13437811023622
20
1.5629547637795276
11
4.1332686614173229
21
1.5612943307086613
0
LINE
8
BLACK
6
CONTINUOUS
10
4.1332686614173229
20
1.5612943307086613
11
4.1316082283464564
21
1.5601848818897637
0
LINE
8
BLACK
6
CONTINUOUS
10
4.1316082283464564
20
1.5601848818897637
11
4.1296496062992123
21
1.5597952755905511
0
LINE
8
BLACK
6
CONTINUOUS
10
4.1296496062992123
20
1.5597952755905511
11
4.1217755905511808
21
1.5597952755905511
0
LINE
8
BLACK
6
CONTINUOUS
10
4.1217755905511808
20
1.5597952755905511
11
4.1198169685039367
21
1.5601848818897637
0
LINE
8
BLACK
6
CONTINUOUS
10
4.1198169685039367
20
1.5601848818897637
11
4.1181565354330711
21
1.5612943307086613
0
LINE
8
BLACK
6
CONTINUOUS
10
4.1181565354330711
20
1.5612943307086613
11
4.1170470866141731
21
1.5629547637795276
0
LINE
8
BLACK
6
CONTINUOUS
10
4.1170470866141731
20
1.5629547637795276
11
4.1166574803149603
21
1.5649133858267716
0
LINE
8
BLACK
6
CONTINUOUS
10
4.1166574803149603
20
1.5649133858267716
11
4.1166574803149603
21
1.5873543307086613
0
LINE
8
BLACK
6
CONTINUOUS
10
4.1166574803149603
20
1.5873543307086613
11
4.1170470866141731
21
1.5893129527559056
0
LINE
8
BLACK
6
CONTINUOUS
10
4.1170470866141731
20
1.5893129527559056
11
4.1181565354330711
21
1.5909733858267716
0
LINE
8
BLACK
6
CONTINUOUS
10
4.1181565354330711
20
1.5909733858267716
11
4.1198169685039367
21
1.5920828346456692
0
LINE
8
BLACK
6
CONTINUOUS
10
4.1198169685039367
20
1.5920828346456692
11
4.1217755905511808
21
1.5924724409448818
0
LINE
8
BLACK
6
CONTINUOUS
10
4.1217755905511808
20
1.5924724409448818
11
4.1296496062992123
21
1.5924724409448818
0
LINE
8
BLACK
6
CONTINUOUS
10
4.1296496062992123
20
1.5924724409448818
11
4.1316082283464564
21
1.5920828346456692
0
LINE
8
BLACK
6
CONTINUOUS
10
4.1512932677165351
20
1.5920828346456692
11
4.1529537007874016
21
1.5909733858267716
0
LINE
8
BLACK
6
CONTINUOUS
10
4.1529537007874016
20
1.5909733858267716
11
4.1540631496062987
21
1.5893129527559056
0
LINE
8
BLACK
6
CONTINUOUS
10
4.1540631496062987
20
1.5893129527559056
11
4.1544527559055116
21
1.5873543307086613
0
LINE
8
BLACK
6
CONTINUOUS
10
4.1544527559055116
20
1.5873543307086613
11
4.1544527559055116
21
1.5649133858267716
0
LINE
8
BLACK
6
CONTINUOUS
10
4.1544527559055116
20
1.5649133858267716
11
4.1540631496062987
21
1.5629547637795276
0
LINE
8
BLACK
6
CONTINUOUS
10
4.1540631496062987
20
1.5629547637795276
11
4.1529537007874016
21
1.5612943307086613
0
LINE
8
BLACK
6
CONTINUOUS
10
4.1529537007874016
20
1.5612943307086613
11
4.1512932677165351
21
1.5601848818897637
0
LINE
8
BLACK
6
CONTINUOUS
10
4.1512932677165351
20
1.5601848818897637
11
4.149334645669291
21
1.5597952755905511
0
LINE
8
BLACK
6
CONTINUOUS
10
4.149334645669291
20
1.5597952755905511
11
4.1414606299212595
21
1.5597952755905511
0
LINE
8
BLACK
6
CONTINUOUS
10
4.1414606299212595
20
1.5597952755905511
11
4.1395020078740155
21
1.5601848818897637
0
LINE
8
BLACK
6
CONTINUOUS
10
4.1395020078740155
20
1.5601848818897637
11
4.1378415748031498
21
1.5612943307086613
0
LINE
8
BLACK
6
CONTINUOUS
10
4.1378415748031498
20
1.5612943307086613
11
4.1367321259842518
21
1.5629547637795276
0
LINE
8
BLACK
6
CONTINUOUS
10
4.1367321259842518
20
1.5629547637795276
11
4.136342519685039
21
1.5649133858267716
0
LINE
8
BLACK
6
CONTINUOUS
10
4.136342519685039
20
1.5649133858267716
11
4.136342519685039
21
1.5873543307086613
0
LINE
8
BLACK
6
CONTINUOUS
10
4.136342519685039
20
1.5873543307086613
11
4.1367321259842518
21
1.5893129527559056
0
LINE
8
BLACK
6
CONTINUOUS
10
4.1367321259842518
20
1.5893129527559056
11
4.1378415748031498
21
1.5909733858267716
0
LINE
8
BLACK
6
CONTINUOUS
10
4.1378415748031498
20
1.5909733858267716
11
4.1395020078740155
21
1.5920828346456692
0
LINE
8
BLACK
6
CONTINUOUS
10
4.1395020078740155
20
1.5920828346456692
11
4.1414606299212595
21
1.5924724409448818
0
LINE
8
BLACK
6
CONTINUOUS
10
4.1414606299212595
20
1.5924724409448818
11
4.149334645669291
21
1.5924724409448818
0
LINE
8
BLACK
6
CONTINUOUS
10
4.149334645669291
20
1.5924724409448818
11
4.1512932677165351
21
1.5920828346456692
0
LINE
8
BLACK
6
CONTINUOUS
10
4.1709783070866138
20
1.5920828346456692
11
4.1726387401574803
21
1.5909733858267716
0
LINE
8
BLACK
6
CONTINUOUS
10
4.1726387401574803
20
1.5909733858267716
11
4.1737481889763774
21
1.5893129527559056
0
LINE
8
BLACK
6
CONTINUOUS
10
4.1737481889763774
20
1.5893129527559056
11
4.1741377952755903
21
1.5873543307086613
0
LINE
8
BLACK
6
CONTINUOUS
10
4.1741377952755903
20
1.5873543307086613
11
4.1741377952755903
21
1.5649133858267716
0
LINE
8
BLACK
6
CONTINUOUS
10
4.1741377952755903
20
1.5649133858267716
11
4.1737481889763774
21
1.5629547637795276
0
LINE
8
BLACK
6
CONTINUOUS
10
4.1737481889763774
20
1.5629547637795276
11
4.1726387401574803
21
1.5612943307086613
0
LINE
8
BLACK
6
CONTINUOUS
10
4.1726387401574803
20
1.5612943307086613
11
4.1709783070866138
21
1.5601848818897637
0
LINE
8
BLACK
6
CONTINUOUS
10
4.1709783070866138
20
1.5601848818897637
11
4.1690196850393697
21
1.5597952755905511
0
LINE
8
BLACK
6
CONTINUOUS
10
4.1690196850393697
20
1.5597952755905511
11
4.1611456692913382
21
1.5597952755905511
0
LINE
8
BLACK
6
CONTINUOUS
10
4.1611456692913382
20
1.5597952755905511
11
4.1591870472440942
21
1.5601848818897637
0
LINE
8
BLACK
6
CONTINUOUS
10
4.1591870472440942
20
1.5601848818897637
11
4.1575266141732286
21
1.5612943307086613
0
LINE
8
BLACK
6
CONTINUOUS
10
4.1575266141732286
20
1.5612943307086613
11
4.1564171653543305
21
1.5629547637795276
0
LINE
8
BLACK
6
CONTINUOUS
10
4.1564171653543305
20
1.5629547637795276
11
4.1560275590551177
21
1.5649133858267716
0
LINE
8
BLACK
6
CONTINUOUS
10
4.1560275590551177
20
1.5649133858267716
11
4.1560275590551177
21
1.5873543307086613
0
LINE
8
BLACK
6
CONTINUOUS
10
4.1560275590551177
20
1.5873543307086613
11
4.1564171653543305
21
1.5893129527559056
0
LINE
8
BLACK
6
CONTINUOUS
10
4.1564171653543305
20
1.5893129527559056
11
4.1575266141732286
21
1.5909733858267716
0
LINE
8
BLACK
6
CONTINUOUS
10
4.1575266141732286
20
1.5909733858267716
11
4.1591870472440942
21
1.5920828346456692
0
LINE
8
BLACK
6
CONTINUOUS
10
4.1591870472440942
20
1.5920828346456692
11
4.1611456692913382
21
1.5924724409448818
0
LINE
8
BLACK
6
CONTINUOUS
10
4.1611456692913382
20
1.5924724409448818
11
4.1690196850393697
21
1.5924724409448818
0
LINE
8
BLACK
6
CONTINUOUS
10
4.1690196850393697
20
1.5924724409448818
11
4.1709783070866138
21
1.5920828346456692
0
LINE
8
BLACK
6
CONTINUOUS
10
1.2407384251968503
20
1.6070964566929133
11
1.2459008661417323
21
1.6041159448818898
0
LINE
8
BLACK
6
CONTINUOUS
10
1.2459008661417323
20
1.6041159448818898
11
1.2501159448818897
21
1.5999008661417322
0
LINE
8
BLACK
6
CONTINUOUS
10
1.2501159448818897
20
1.5999008661417322
11
1.2530964566929133
21
1.5947384251968504
0
LINE
8
BLACK
6
CONTINUOUS
10
1.2530964566929133
20
1.5947384251968504
11
1.2546392913385827
21
1.5889805118110236
0
LINE
8
BLACK
6
CONTINUOUS
10
1.2546392913385827
20
1.5889805118110236
11
1.2546392913385827
21
1.5830194881889763
0
LINE
8
BLACK
6
CONTINUOUS
10
1.2546392913385827
20
1.5830194881889763
11
1.2530964566929133
21
1.5772615748031495
0
LINE
8
BLACK
6
CONTINUOUS
10
1.2530964566929133
20
1.5772615748031495
11
1.2501159448818897
21
1.5720991338582677
0
LINE
8
BLACK
6
CONTINUOUS
10
1.2501159448818897
20
1.5720991338582677
11
1.2459008661417323
21
1.5678840551181101
0
LINE
8
BLACK
6
CONTINUOUS
10
1.2459008661417323
20
1.5678840551181101
11
1.2407384251968503
21
1.5649035433070866
0
LINE
8
BLACK
6
CONTINUOUS
10
1.2407384251968503
20
1.5649035433070866
11
1.2349805118110235
21
1.5633607086614172
0
LINE
8
BLACK
6
CONTINUOUS
10
1.2349805118110235
20
1.5633607086614172
11
1.2290194881889764
21
1.5633607086614172
0
LINE
8
BLACK
6
CONTINUOUS
10
1.2290194881889764
20
1.5633607086614172
11
1.2232615748031497
21
1.5649035433070866
0
LINE
8
BLACK
6
CONTINUOUS
10
1.2232615748031497
20
1.5649035433070866
11
1.2180991338582676
21
1.5678840551181101
0
LINE
8
BLACK
6
CONTINUOUS
10
1.2180991338582676
20
1.5678840551181101
11
1.2138840551181103
21
1.5720991338582677
0
LINE
8
BLACK
6
CONTINUOUS
10
1.2138840551181103
20
1.5720991338582677
11
1.2109035433070865
21
1.5772615748031495
0
LINE
8
BLACK
6
CONTINUOUS
10
1.2109035433070865
20
1.5772615748031495
11
1.2093607086614173
21
1.5830194881889763
0
LINE
8
BLACK
6
CONTINUOUS
10
1.2093607086614173
20
1.5830194881889763
11
1.2093607086614173
21
1.5889805118110236
0
LINE
8
BLACK
6
CONTINUOUS
10
1.2093607086614173
20
1.5889805118110236
11
1.2109035433070865
21
1.5947384251968504
0
LINE
8
BLACK
6
CONTINUOUS
10
1.2109035433070865
20
1.5947384251968504
11
1.2138840551181103
21
1.5999008661417322
0
LINE
8
BLACK
6
CONTINUOUS
10
1.2138840551181103
20
1.5999008661417322
11
1.2180991338582676
21
1.6041159448818898
0
LINE
8
BLACK
6
CONTINUOUS
10
1.2180991338582676
20
1.6041159448818898
11
1.2232615748031497
21
1.6070964566929133
0
LINE
8
BLACK
6
CONTINUOUS
10
1.2232615748031497
20
1.6070964566929133
11
1.2290194881889764
21
1.6086392913385827
0
LINE
8
BLACK
6
CONTINUOUS
10
1.2290194881889764
20
1.6086392913385827
11
1.2349805118110235
21
1.6086392913385827
0
LINE
8
BLACK
6
CONTINUOUS
10
1.2349805118110235
20
1.6086392913385827
11
1.2407384251968503
21
1.6070964566929133
0
LINE
8
BLACK
6
CONTINUOUS
10
1.4808035433070865
20
1.6310927559055117
11
1.4848929133858266
21
1.6291858267716535
0
LINE
8
BLACK
6
CONTINUOUS
10
1.4848929133858266
20
1.6291858267716535
11
1.4880834645669292
21
1.6259952755905511
0
LINE
8
BLACK
6
CONTINUOUS
10
1.4880834645669292
20
1.6259952755905511
11
1.4899903937007875
21
1.621905905511811
0
LINE
8
BLACK
6
CONTINUOUS
10
1.4899903937007875
20
1.621905905511811
11
1.4904330708661417
21
1.6185433070866142
0
LINE
8
BLACK
6
CONTINUOUS
10
1.4904330708661417
20
1.6185433070866142
11
1.4904330708661417
21
1.5811417322834644
0
LINE
8
BLACK
6
CONTINUOUS
10
1.4904330708661417
20
1.5811417322834644
11
1.4899903937007875
21
1.5777791338582676
0
LINE
8
BLACK
6
CONTINUOUS
10
1.4899903937007875
20
1.5777791338582676
11
1.4880834645669292
21
1.5736897637795275
0
LINE
8
BLACK
6
CONTINUOUS
10
1.4880834645669292
20
1.5736897637795275
11
1.4848929133858266
21
1.5704992125984252
0
LINE
8
BLACK
6
CONTINUOUS
10
1.4848929133858266
20
1.5704992125984252
11
1.4808035433070865
21
1.5685922834645669
0
LINE
8
BLACK
6
CONTINUOUS
10
1.4808035433070865
20
1.5685922834645669
11
1.4774409448818897
21
1.5681496062992126
0
LINE
8
BLACK
6
CONTINUOUS
10
1.4774409448818897
20
1.5681496062992126
11
1.457755905511811
21
1.5681496062992126
0
LINE
8
BLACK
6
CONTINUOUS
10
1.457755905511811
20
1.5681496062992126
11
1.4543933070866142
21
1.5685922834645669
0
LINE
8
BLACK
6
CONTINUOUS
10
1.4543933070866142
20
1.5685922834645669
11
1.4503039370078741
21
1.5704992125984252
0
LINE
8
BLACK
6
CONTINUOUS
10
1.4503039370078741
20
1.5704992125984252
11
1.4471133858267715
21
1.5736897637795275
0
LINE
8
BLACK
6
CONTINUOUS
10
1.4471133858267715
20
1.5736897637795275
11
1.4452064566929133
21
1.5777791338582676
0
LINE
8
BLACK
6
CONTINUOUS
10
1.4452064566929133
20
1.5777791338582676
11
1.444763779527559
21
1.5811417322834644
0
LINE
8
BLACK
6
CONTINUOUS
10
1.444763779527559
20
1.5811417322834644
11
1.444763779527559
21
1.6185433070866142
0
LINE
8
BLACK
6
CONTINUOUS
10
1.444763779527559
20
1.6185433070866142
11
1.4452064566929133
21
1.621905905511811
0
LINE
8
BLACK
6
CONTINUOUS
10
1.4452064566929133
20
1.621905905511811
11
1.4471133858267715
21
1.6259952755905511
0
LINE
8
BLACK
6
CONTINUOUS
10
1.4471133858267715
20
1.6259952755905511
11
1.4503039370078741
21
1.6291858267716535
0
LINE
8
BLACK
6
CONTINUOUS
10
1.4503039370078741
20
1.6291858267716535
11
1.4543933070866142
21
1.6310927559055117
0
LINE
8
BLACK
6
CONTINUOUS
10
1.4543933070866142
20
1.6310927559055117
11
1.457755905511811
21
1.631535433070866
0
LINE
8
BLACK
6
CONTINUOUS
10
1.457755905511811
20
1.631535433070866
11
1.4774409448818897
21
1.631535433070866
0
LINE
8
BLACK
6
CONTINUOUS
10
1.4774409448818897
20
1.631535433070866
11
1.4808035433070865
21
1.6310927559055117
0
LINE
8
BLACK
6
CONTINUOUS
10
1.5556066929133858
20
1.6310927559055117
11
1.5596960629921259
21
1.6291858267716535
0
LINE
8
BLACK
6
CONTINUOUS
10
1.5596960629921259
20
1.6291858267716535
11
1.5628866141732283
21
1.6259952755905511
0
LINE
8
BLACK
6
CONTINUOUS
10
1.5628866141732283
20
1.6259952755905511
11
1.5647935433070865
21
1.621905905511811
0
LINE
8
BLACK
6
CONTINUOUS
10
1.5647935433070865
20
1.621905905511811
11
1.5652362204724408
21
1.6185433070866142
0
LINE
8
BLACK
6
CONTINUOUS
10
1.5652362204724408
20
1.6185433070866142
11
1.5652362204724408
21
1.5811417322834644
0
LINE
8
BLACK
6
CONTINUOUS
10
1.5652362204724408
20
1.5811417322834644
11
1.5647935433070865
21
1.5777791338582676
0
LINE
8
BLACK
6
CONTINUOUS
10
1.5647935433070865
20
1.5777791338582676
11
1.5628866141732283
21
1.5736897637795275
0
LINE
8
BLACK
6
CONTINUOUS
10
1.5628866141732283
20
1.5736897637795275
11
1.5596960629921259
21
1.5704992125984252
0
LINE
8
BLACK
6
CONTINUOUS
10
1.5596960629921259
20
1.5704992125984252
11
1.5556066929133858
21
1.5685922834645669
0
LINE
8
BLACK
6
CONTINUOUS
10
1.5556066929133858
20
1.5685922834645669
11
1.552244094488189
21
1.5681496062992126
0
LINE
8
BLACK
6
CONTINUOUS
10
1.552244094488189
20
1.5681496062992126
11
1.5325590551181103
21
1.5681496062992126
0
LINE
8
BLACK
6
CONTINUOUS
10
1.5325590551181103
20
1.5681496062992126
11
1.5291964566929133
21
1.5685922834645669
0
LINE
8
BLACK
6
CONTINUOUS
10
1.5291964566929133
20
1.5685922834645669
11
1.5251070866141732
21
1.5704992125984252
0
LINE
8
BLACK
6
CONTINUOUS
10
1.5251070866141732
20
1.5704992125984252
11
1.5219165354330708
21
1.5736897637795275
0
LINE
8
BLACK
6
CONTINUOUS
10
1.5219165354330708
20
1.5736897637795275
11
1.5200096062992126
21
1.5777791338582676
0
LINE
8
BLACK
6
CONTINUOUS
10
1.5200096062992126
20
1.5777791338582676
11
1.5195669291338583
21
1.5811417322834644
0
LINE
8
BLACK
6
CONTINUOUS
10
1.5195669291338583
20
1.5811417322834644
11
1.5195669291338583
21
1.6185433070866142
0
LINE
8
BLACK
6
CONTINUOUS
10
1.5195669291338583
20
1.6185433070866142
11
1.5200096062992126
21
1.621905905511811
0
LINE
8
BLACK
6
CONTINUOUS
10
1.5200096062992126
20
1.621905905511811
11
1.5219165354330708
21
1.6259952755905511
0
LINE
8
BLACK
6
CONTINUOUS
10
1.5219165354330708
20
1.6259952755905511
11
1.5251070866141732
21
1.6291858267716535
0
LINE
8
BLACK
6
CONTINUOUS
10
1.5251070866141732
20
1.6291858267716535
11
1.5291964566929133
21
1.6310927559055117
0
LINE
8
BLACK
6
CONTINUOUS
10
1.5291964566929133
20
1.6310927559055117
11
1.5325590551181103
21
1.631535433070866
0
LINE
8
BLACK
6
CONTINUOUS
10
1.5325590551181103
20
1.631535433070866
11
1.552244094488189
21
1.631535433070866
0
LINE
8
BLACK
6
CONTINUOUS
10
1.552244094488189
20
1.631535433070866
11
1.5556066929133858
21
1.6310927559055117
0
LINE
8
BLACK
6
CONTINUOUS
10
4.3201295275590548
20
1.5946605118110235
11
4.3217899606299213
21
1.5935510629921259
0
LINE
8
BLACK
6
CONTINUOUS
10
4.3217899606299213
20
1.5935510629921259
11
4.3228994094488185
21
1.5918906299212598
0
LINE
8
BLACK
6
CONTINUOUS
10
4.3228994094488185
20
1.5918906299212598
11
4.3232890157480313
21
1.5899320078740158
0
LINE
8
BLACK
6
CONTINUOUS
10
4.3232890157480313
20
1.5899320078740158
11
4.3232890157480313
21
1.5820579921259843
0
LINE
8
BLACK
6
CONTINUOUS
10
4.3232890157480313
20
1.5820579921259843
11
4.3228994094488185
21
1.58009937007874
0
LINE
8
BLACK
6
CONTINUOUS
10
4.3228994094488185
20
1.58009937007874
11
4.3217899606299213
21
1.578438937007874
0
LINE
8
BLACK
6
CONTINUOUS
10
4.3217899606299213
20
1.578438937007874
11
4.3201295275590548
21
1.5773294881889763
0
LINE
8
BLACK
6
CONTINUOUS
10
4.3201295275590548
20
1.5773294881889763
11
4.3181709055118107
21
1.5769398818897638
0
LINE
8
BLACK
6
CONTINUOUS
10
4.3181709055118107
20
1.5769398818897638
11
4.2957299606299211
21
1.5769398818897638
0
LINE
8
BLACK
6
CONTINUOUS
10
4.2957299606299211
20
1.5769398818897638
11
4.293771338582677
21
1.5773294881889763
0
LINE
8
BLACK
6
CONTINUOUS
10
4.293771338582677
20
1.5773294881889763
11
4.2921109055118105
21
1.578438937007874
0
LINE
8
BLACK
6
CONTINUOUS
10
4.2921109055118105
20
1.578438937007874
11
4.2910014566929133
21
1.58009937007874
0
LINE
8
BLACK
6
CONTINUOUS
10
4.2910014566929133
20
1.58009937007874
11
4.2906118503937005
21
1.5820579921259843
0
LINE
8
BLACK
6
CONTINUOUS
10
4.2906118503937005
20
1.5820579921259843
11
4.2906118503937005
21
1.5899320078740158
0
LINE
8
BLACK
6
CONTINUOUS
10
4.2906118503937005
20
1.5899320078740158
11
4.2910014566929133
21
1.5918906299212598
0
LINE
8
BLACK
6
CONTINUOUS
10
4.2910014566929133
20
1.5918906299212598
11
4.2921109055118105
21
1.5935510629921259
0
LINE
8
BLACK
6
CONTINUOUS
10
4.2921109055118105
20
1.5935510629921259
11
4.293771338582677
21
1.5946605118110235
0
LINE
8
BLACK
6
CONTINUOUS
10
4.293771338582677
20
1.5946605118110235
11
4.2957299606299211
21
1.5950501181102361
0
LINE
8
BLACK
6
CONTINUOUS
10
4.2957299606299211
20
1.5950501181102361
11
4.3181709055118107
21
1.5950501181102361
0
LINE
8
BLACK
6
CONTINUOUS
10
4.3181709055118107
20
1.5950501181102361
11
4.3201295275590548
21
1.5946605118110235
0
LINE
8
BLACK
6
CONTINUOUS
10
4.3783972440944883
20
1.5946605118110235
11
4.3800576771653539
21
1.5935510629921259
0
LINE
8
BLACK
6
CONTINUOUS
10
4.3800576771653539
20
1.5935510629921259
11
4.381167125984252
21
1.5918906299212598
0
LINE
8
BLACK
6
CONTINUOUS
10
4.381167125984252
20
1.5918906299212598
11
4.3815567322834648
21
1.5899320078740158
0
LINE
8
BLACK
6
CONTINUOUS
10
4.3815567322834648
20
1.5899320078740158
11
4.3815567322834648
21
1.5820579921259843
0
LINE
8
BLACK
6
CONTINUOUS
10
4.3815567322834648
20
1.5820579921259843
11
4.381167125984252
21
1.58009937007874
0
LINE
8
BLACK
6
CONTINUOUS
10
4.381167125984252
20
1.58009937007874
11
4.3800576771653539
21
1.578438937007874
0
LINE
8
BLACK
6
CONTINUOUS
10
4.3800576771653539
20
1.578438937007874
11
4.3783972440944883
21
1.5773294881889763
0
LINE
8
BLACK
6
CONTINUOUS
10
4.3783972440944883
20
1.5773294881889763
11
4.3764386220472442
21
1.5769398818897638
0
LINE
8
BLACK
6
CONTINUOUS
10
4.3764386220472442
20
1.5769398818897638
11
4.3539976771653546
21
1.5769398818897638
0
LINE
8
BLACK
6
CONTINUOUS
10
4.3539976771653546
20
1.5769398818897638
11
4.3520390551181105
21
1.5773294881889763
0
LINE
8
BLACK
6
CONTINUOUS
10
4.3520390551181105
20
1.5773294881889763
11
4.350378622047244
21
1.578438937007874
0
LINE
8
BLACK
6
CONTINUOUS
10
4.350378622047244
20
1.578438937007874
11
4.3492691732283459
21
1.58009937007874
0
LINE
8
BLACK
6
CONTINUOUS
10
4.3492691732283459
20
1.58009937007874
11
4.348879566929134
21
1.5820579921259843
0
LINE
8
BLACK
6
CONTINUOUS
10
4.348879566929134
20
1.5820579921259843
11
4.348879566929134
21
1.5899320078740158
0
LINE
8
BLACK
6
CONTINUOUS
10
4.348879566929134
20
1.5899320078740158
11
4.3492691732283459
21
1.5918906299212598
0
LINE
8
BLACK
6
CONTINUOUS
10
4.3492691732283459
20
1.5918906299212598
11
4.350378622047244
21
1.5935510629921259
0
LINE
8
BLACK
6
CONTINUOUS
10
4.350378622047244
20
1.5935510629921259
11
4.3520390551181105
21
1.5946605118110235
0
LINE
8
BLACK
6
CONTINUOUS
10
4.3520390551181105
20
1.5946605118110235
11
4.3539976771653546
21
1.5950501181102361
0
LINE
8
BLACK
6
CONTINUOUS
10
4.3539976771653546
20
1.5950501181102361
11
4.3764386220472442
21
1.5950501181102361
0
LINE
8
BLACK
6
CONTINUOUS
10
4.3764386220472442
20
1.5950501181102361
11
4.3783972440944883
21
1.5946605118110235
0
LINE
8
BLACK
6
CONTINUOUS
10
0.4729691732283465
20
1.6585862992125984
11
0.4759068897637795
21
1.6566234251968504
0
LINE
8
BLACK
6
CONTINUOUS
10
0.4759068897637795
20
1.6566234251968504
11
0.4778697637795276
21
1.6536857086614172
0
LINE
8
BLACK
6
CONTINUOUS
10
0.4778697637795276
20
1.6536857086614172
11
0.4785590551181102
21
1.6502204724409448
0
LINE
8
BLACK
6
CONTINUOUS
10
0.4785590551181102
20
1.6502204724409448
11
0.4785590551181102
21
1.6039606299212599
0
LINE
8
BLACK
6
CONTINUOUS
10
0.4785590551181102
20
1.6039606299212599
11
0.4778697637795276
21
1.6004953937007873
0
LINE
8
BLACK
6
CONTINUOUS
10
0.4778697637795276
20
1.6004953937007873
11
0.4759068897637795
21
1.5975576771653544
0
LINE
8
BLACK
6
CONTINUOUS
10
0.4759068897637795
20
1.5975576771653544
11
0.4729691732283465
21
1.5955948031496063
0
LINE
8
BLACK
6
CONTINUOUS
10
0.4729691732283465
20
1.5955948031496063
11
0.469503937007874
21
1.5949055118110236
0
LINE
8
BLACK
6
CONTINUOUS
10
0.469503937007874
20
1.5949055118110236
11
0.4576929133858267
21
1.5949055118110236
0
LINE
8
BLACK
6
CONTINUOUS
10
0.4576929133858267
20
1.5949055118110236
11
0.4542276771653543
21
1.5955948031496063
0
LINE
8
BLACK
6
CONTINUOUS
10
0.4542276771653543
20
1.5955948031496063
11
0.4512899606299213
21
1.5975576771653544
0
LINE
8
BLACK
6
CONTINUOUS
10
0.4512899606299213
20
1.5975576771653544
11
0.4493270866141732
21
1.6004953937007873
0
LINE
8
BLACK
6
CONTINUOUS
10
0.4493270866141732
20
1.6004953937007873
11
0.4486377952755906
21
1.6039606299212599
0
LINE
8
BLACK
6
CONTINUOUS
10
0.4486377952755906
20
1.6039606299212599
11
0.4486377952755906
21
1.6502204724409448
0
LINE
8
BLACK
6
CONTINUOUS
10
0.4486377952755906
20
1.6502204724409448
11
0.4493270866141732
21
1.6536857086614172
0
LINE
8
BLACK
6
CONTINUOUS
10
0.4493270866141732
20
1.6536857086614172
11
0.4512899606299213
21
1.6566234251968504
0
LINE
8
BLACK
6
CONTINUOUS
10
0.4512899606299213
20
1.6566234251968504
11
0.4542276771653543
21
1.6585862992125984
0
LINE
8
BLACK
6
CONTINUOUS
10
0.4542276771653543
20
1.6585862992125984
11
0.4576929133858267
21
1.6592755905511811
0
LINE
8
BLACK
6
CONTINUOUS
10
0.4576929133858267
20
1.6592755905511811
11
0.469503937007874
21
1.6592755905511811
0
LINE
8
BLACK
6
CONTINUOUS
10
0.469503937007874
20
1.6592755905511811
11
0.4729691732283465
21
1.6585862992125984
0
LINE
8
BLACK
6
CONTINUOUS
10
0.5477723228346456
20
1.6585862992125984
11
0.5507100393700787
21
1.6566234251968504
0
LINE
8
BLACK
6
CONTINUOUS
10
0.5507100393700787
20
1.6566234251968504
11
0.5526729133858268
21
1.6536857086614172
0
LINE
8
BLACK
6
CONTINUOUS
10
0.5526729133858268
20
1.6536857086614172
11
0.5533622047244094
21
1.6502204724409448
0
LINE
8
BLACK
6
CONTINUOUS
10
0.5533622047244094
20
1.6502204724409448
11
0.5533622047244094
21
1.6039606299212599
0
LINE
8
BLACK
6
CONTINUOUS
10
0.5533622047244094
20
1.6039606299212599
11
0.5526729133858268
21
1.6004953937007873
0
LINE
8
BLACK
6
CONTINUOUS
10
0.5526729133858268
20
1.6004953937007873
11
0.5507100393700787
21
1.5975576771653544
0
LINE
8
BLACK
6
CONTINUOUS
10
0.5507100393700787
20
1.5975576771653544
11
0.5477723228346456
21
1.5955948031496063
0
LINE
8
BLACK
6
CONTINUOUS
10
0.5477723228346456
20
1.5955948031496063
11
0.5443070866141733
21
1.5949055118110236
0
LINE
8
BLACK
6
CONTINUOUS
10
0.5443070866141733
20
1.5949055118110236
11
0.5324960629921259
21
1.5949055118110236
0
LINE
8
BLACK
6
CONTINUOUS
10
0.5324960629921259
20
1.5949055118110236
11
0.5290308267716536
21
1.5955948031496063
0
LINE
8
BLACK
6
CONTINUOUS
10
0.5290308267716536
20
1.5955948031496063
11
0.5260931102362204
21
1.5975576771653544
0
LINE
8
BLACK
6
CONTINUOUS
10
0.5260931102362204
20
1.5975576771653544
11
0.5241302362204724
21
1.6004953937007873
0
LINE
8
BLACK
6
CONTINUOUS
10
0.5241302362204724
20
1.6004953937007873
11
0.5234409448818897
21
1.6039606299212599
0
LINE
8
BLACK
6
CONTINUOUS
10
0.5234409448818897
20
1.6039606299212599
11
0.5234409448818897
21
1.6502204724409448
0
LINE
8
BLACK
6
CONTINUOUS
10
0.5234409448818897
20
1.6502204724409448
11
0.5241302362204724
21
1.6536857086614172
0
LINE
8
BLACK
6
CONTINUOUS
10
0.5241302362204724
20
1.6536857086614172
11
0.5260931102362204
21
1.6566234251968504
0
LINE
8
BLACK
6
CONTINUOUS
10
0.5260931102362204
20
1.6566234251968504
11
0.5290308267716536
21
1.6585862992125984
0
LINE
8
BLACK
6
CONTINUOUS
10
0.5290308267716536
20
1.6585862992125984
11
0.5324960629921259
21
1.6592755905511811
0
LINE
8
BLACK
6
CONTINUOUS
10
0.5324960629921259
20
1.6592755905511811
11
0.5443070866141733
21
1.6592755905511811
0
LINE
8
BLACK
6
CONTINUOUS
10
0.5443070866141733
20
1.6592755905511811
11
0.5477723228346456
21
1.6585862992125984
0
LINE
8
BLACK
6
CONTINUOUS
10
4.3201295275590548
20
1.6143455511811022
11
4.3217899606299213
21
1.6132361023622046
0
LINE
8
BLACK
6
CONTINUOUS
10
4.3217899606299213
20
1.6132361023622046
11
4.3228994094488185
21
1.6115756692913386
0
LINE
8
BLACK
6
CONTINUOUS
10
4.3228994094488185
20
1.6115756692913386
11
4.3232890157480313
21
1.6096170472440945
0
LINE
8
BLACK
6
CONTINUOUS
10
4.3232890157480313
20
1.6096170472440945
11
4.3232890157480313
21
1.601743031496063
0
LINE
8
BLACK
6
CONTINUOUS
10
4.3232890157480313
20
1.601743031496063
11
4.3228994094488185
21
1.5997844094488189
0
LINE
8
BLACK
6
CONTINUOUS
10
4.3228994094488185
20
1.5997844094488189
11
4.3217899606299213
21
1.5981239763779527
0
LINE
8
BLACK
6
CONTINUOUS
10
4.3217899606299213
20
1.5981239763779527
11
4.3201295275590548
21
1.597014527559055
0
LINE
8
BLACK
6
CONTINUOUS
10
4.3201295275590548
20
1.597014527559055
11
4.3181709055118107
21
1.5966249212598425
0
LINE
8
BLACK
6
CONTINUOUS
10
4.3181709055118107
20
1.5966249212598425
11
4.2957299606299211
21
1.5966249212598425
0
LINE
8
BLACK
6
CONTINUOUS
10
4.2957299606299211
20
1.5966249212598425
11
4.293771338582677
21
1.597014527559055
0
LINE
8
BLACK
6
CONTINUOUS
10
4.293771338582677
20
1.597014527559055
11
4.2921109055118105
21
1.5981239763779527
0
LINE
8
BLACK
6
CONTINUOUS
10
4.2921109055118105
20
1.5981239763779527
11
4.2910014566929133
21
1.5997844094488189
0
LINE
8
BLACK
6
CONTINUOUS
10
4.2910014566929133
20
1.5997844094488189
11
4.2906118503937005
21
1.601743031496063
0
LINE
8
BLACK
6
CONTINUOUS
10
4.2906118503937005
20
1.601743031496063
11
4.2906118503937005
21
1.6096170472440945
0
LINE
8
BLACK
6
CONTINUOUS
10
4.2906118503937005
20
1.6096170472440945
11
4.2910014566929133
21
1.6115756692913386
0
LINE
8
BLACK
6
CONTINUOUS
10
4.2910014566929133
20
1.6115756692913386
11
4.2921109055118105
21
1.6132361023622046
0
LINE
8
BLACK
6
CONTINUOUS
10
4.2921109055118105
20
1.6132361023622046
11
4.293771338582677
21
1.6143455511811022
0
LINE
8
BLACK
6
CONTINUOUS
10
4.293771338582677
20
1.6143455511811022
11
4.2957299606299211
21
1.6147351574803148
0
LINE
8
BLACK
6
CONTINUOUS
10
4.2957299606299211
20
1.6147351574803148
11
4.3181709055118107
21
1.6147351574803148
0
LINE
8
BLACK
6
CONTINUOUS
10
4.3181709055118107
20
1.6147351574803148
11
4.3201295275590548
21
1.6143455511811022
0
LINE
8
BLACK
6
CONTINUOUS
10
4.3783972440944883
20
1.6143455511811022
11
4.3800576771653539
21
1.6132361023622046
0
LINE
8
BLACK
6
CONTINUOUS
10
4.3800576771653539
20
1.6132361023622046
11
4.381167125984252
21
1.6115756692913386
0
LINE
8
BLACK
6
CONTINUOUS
10
4.381167125984252
20
1.6115756692913386
11
4.3815567322834648
21
1.6096170472440945
0
LINE
8
BLACK
6
CONTINUOUS
10
4.3815567322834648
20
1.6096170472440945
11
4.3815567322834648
21
1.601743031496063
0
LINE
8
BLACK
6
CONTINUOUS
10
4.3815567322834648
20
1.601743031496063
11
4.381167125984252
21
1.5997844094488189
0
LINE
8
BLACK
6
CONTINUOUS
10
4.381167125984252
20
1.5997844094488189
11
4.3800576771653539
21
1.5981239763779527
0
LINE
8
BLACK
6
CONTINUOUS
10
4.3800576771653539
20
1.5981239763779527
11
4.3783972440944883
21
1.597014527559055
0
LINE
8
BLACK
6
CONTINUOUS
10
4.3783972440944883
20
1.597014527559055
11
4.3764386220472442
21
1.5966249212598425
0
LINE
8
BLACK
6
CONTINUOUS
10
4.3764386220472442
20
1.5966249212598425
11
4.3539976771653546
21
1.5966249212598425
0
LINE
8
BLACK
6
CONTINUOUS
10
4.3539976771653546
20
1.5966249212598425
11
4.3520390551181105
21
1.597014527559055
0
LINE
8
BLACK
6
CONTINUOUS
10
4.3520390551181105
20
1.597014527559055
11
4.350378622047244
21
1.5981239763779527
0
LINE
8
BLACK
6
CONTINUOUS
10
4.350378622047244
20
1.5981239763779527
11
4.3492691732283459
21
1.5997844094488189
0
LINE
8
BLACK
6
CONTINUOUS
10
4.3492691732283459
20
1.5997844094488189
11
4.348879566929134
21
1.601743031496063
0
LINE
8
BLACK
6
CONTINUOUS
10
4.348879566929134
20
1.601743031496063
11
4.348879566929134
21
1.6096170472440945
0
LINE
8
BLACK
6
CONTINUOUS
10
4.348879566929134
20
1.6096170472440945
11
4.3492691732283459
21
1.6115756692913386
0
LINE
8
BLACK
6
CONTINUOUS
10
4.3492691732283459
20
1.6115756692913386
11
4.350378622047244
21
1.6132361023622046
0
LINE
8
BLACK
6
CONTINUOUS
10
4.350378622047244
20
1.6132361023622046
11
4.3520390551181105
21
1.6143455511811022
0
LINE
8
BLACK
6
CONTINUOUS
10
4.3520390551181105
20
1.6143455511811022
11
4.3539976771653546
21
1.6147351574803148
0
LINE
8
BLACK
6
CONTINUOUS
10
4.3539976771653546
20
1.6147351574803148
11
4.3764386220472442
21
1.6147351574803148
0
LINE
8
BLACK
6
CONTINUOUS
10
4.3764386220472442
20
1.6147351574803148
11
4.3783972440944883
21
1.6143455511811022
0
LINE
8
BLACK
6
CONTINUOUS
10
0.2860082677165354
20
1.6761557480314959
11
0.2900976377952756
21
1.6742488188976377
0
LINE
8
BLACK
6
CONTINUOUS
10
0.2900976377952756
20
1.6742488188976377
11
0.2932881889763779
21
1.6710582677165353
0
LINE
8
BLACK
6
CONTINUOUS
10
0.2932881889763779
20
1.6710582677165353
11
0.2951951181102362
21
1.6669688976377952
0
LINE
8
BLACK
6
CONTINUOUS
10
0.2951951181102362
20
1.6669688976377952
11
0.2956377952755905
21
1.6636062992125984
0
LINE
8
BLACK
6
CONTINUOUS
10
0.2956377952755905
20
1.6636062992125984
11
0.2956377952755905
21
1.6143937007874016
0
LINE
8
BLACK
6
CONTINUOUS
10
0.2956377952755905
20
1.6143937007874016
11
0.2951951181102362
21
1.6110311023622046
0
LINE
8
BLACK
6
CONTINUOUS
10
0.2951951181102362
20
1.6110311023622046
11
0.2932881889763779
21
1.6069417322834645
0
LINE
8
BLACK
6
CONTINUOUS
10
0.2932881889763779
20
1.6069417322834645
11
0.2900976377952756
21
1.6037511811023621
0
LINE
8
BLACK
6
CONTINUOUS
10
0.2900976377952756
20
1.6037511811023621
11
0.2860082677165354
21
1.6018442519685039
0
LINE
8
BLACK
6
CONTINUOUS
10
0.2860082677165354
20
1.6018442519685039
11
0.2826456692913386
21
1.6014015748031496
0
LINE
8
BLACK
6
CONTINUOUS
10
0.2826456692913386
20
1.6014015748031496
11
0.2531181102362204
21
1.6014015748031496
0
LINE
8
BLACK
6
CONTINUOUS
10
0.2531181102362204
20
1.6014015748031496
11
0.2497555118110236
21
1.6018442519685039
0
LINE
8
BLACK
6
CONTINUOUS
10
0.2497555118110236
20
1.6018442519685039
11
0.2456661417322835
21
1.6037511811023621
0
LINE
8
BLACK
6
CONTINUOUS
10
0.2456661417322835
20
1.6037511811023621
11
0.2424755905511811
21
1.6069417322834645
0
LINE
8
BLACK
6
CONTINUOUS
10
0.2424755905511811
20
1.6069417322834645
11
0.2405686614173228
21
1.6110311023622046
0
LINE
8
BLACK
6
CONTINUOUS
10
0.2405686614173228
20
1.6110311023622046
11
0.2401259842519685
21
1.6143937007874016
0
LINE
8
BLACK
6
CONTINUOUS
10
0.2401259842519685
20
1.6143937007874016
11
0.2401259842519685
21
1.6636062992125984
0
LINE
8
BLACK
6
CONTINUOUS
10
0.2401259842519685
20
1.6636062992125984
11
0.2405686614173228
21
1.6669688976377952
0
LINE
8
BLACK
6
CONTINUOUS
10
0.2405686614173228
20
1.6669688976377952
11
0.2424755905511811
21
1.6710582677165353
0
LINE
8
BLACK
6
CONTINUOUS
10
0.2424755905511811
20
1.6710582677165353
11
0.2456661417322835
21
1.6742488188976377
0
LINE
8
BLACK
6
CONTINUOUS
10
0.2456661417322835
20
1.6742488188976377
11
0.2497555118110236
21
1.6761557480314959
0
LINE
8
BLACK
6
CONTINUOUS
10
0.2497555118110236
20
1.6761557480314959
11
0.2531181102362204
21
1.6765984251968504
0
LINE
8
BLACK
6
CONTINUOUS
10
0.2531181102362204
20
1.6765984251968504
11
0.2826456692913386
21
1.6765984251968504
0
LINE
8
BLACK
6
CONTINUOUS
10
0.2826456692913386
20
1.6765984251968504
11
0.2860082677165354
21
1.6761557480314959
0
LINE
8
BLACK
6
CONTINUOUS
10
0.3962444881889764
20
1.6761557480314959
11
0.4003338582677165
21
1.6742488188976377
0
LINE
8
BLACK
6
CONTINUOUS
10
0.4003338582677165
20
1.6742488188976377
11
0.4035244094488189
21
1.6710582677165353
0
LINE
8
BLACK
6
CONTINUOUS
10
0.4035244094488189
20
1.6710582677165353
11
0.4054313385826772
21
1.6669688976377952
0
LINE
8
BLACK
6
CONTINUOUS
10
0.4054313385826772
20
1.6669688976377952
11
0.4058740157480315
21
1.6636062992125984
0
LINE
8
BLACK
6
CONTINUOUS
10
0.4058740157480315
20
1.6636062992125984
11
0.4058740157480315
21
1.6143937007874016
0
LINE
8
BLACK
6
CONTINUOUS
10
0.4058740157480315
20
1.6143937007874016
11
0.4054313385826772
21
1.6110311023622046
0
LINE
8
BLACK
6
CONTINUOUS
10
0.4054313385826772
20
1.6110311023622046
11
0.4035244094488189
21
1.6069417322834645
0
LINE
8
BLACK
6
CONTINUOUS
10
0.4035244094488189
20
1.6069417322834645
11
0.4003338582677165
21
1.6037511811023621
0
LINE
8
BLACK
6
CONTINUOUS
10
0.4003338582677165
20
1.6037511811023621
11
0.3962444881889764
21
1.6018442519685039
0
LINE
8
BLACK
6
CONTINUOUS
10
0.3962444881889764
20
1.6018442519685039
11
0.3928818897637795
21
1.6014015748031496
0
LINE
8
BLACK
6
CONTINUOUS
10
0.3928818897637795
20
1.6014015748031496
11
0.3633543307086614
21
1.6014015748031496
0
LINE
8
BLACK
6
CONTINUOUS
10
0.3633543307086614
20
1.6014015748031496
11
0.3599917322834645
21
1.6018442519685039
0
LINE
8
BLACK
6
CONTINUOUS
10
0.3599917322834645
20
1.6018442519685039
11
0.3559023622047244
21
1.6037511811023621
0
LINE
8
BLACK
6
CONTINUOUS
10
0.3559023622047244
20
1.6037511811023621
11
0.352711811023622
21
1.6069417322834645
0
LINE
8
BLACK
6
CONTINUOUS
10
0.352711811023622
20
1.6069417322834645
11
0.3508048818897638
21
1.6110311023622046
0
LINE
8
BLACK
6
CONTINUOUS
10
0.3508048818897638
20
1.6110311023622046
11
0.3503622047244094
21
1.6143937007874016
0
LINE
8
BLACK
6
CONTINUOUS
10
0.3503622047244094
20
1.6143937007874016
11
0.3503622047244094
21
1.6636062992125984
0
LINE
8
BLACK
6
CONTINUOUS
10
0.3503622047244094
20
1.6636062992125984
11
0.3508048818897638
21
1.6669688976377952
0
LINE
8
BLACK
6
CONTINUOUS
10
0.3508048818897638
20
1.6669688976377952
11
0.352711811023622
21
1.6710582677165353
0
LINE
8
BLACK
6
CONTINUOUS
10
0.352711811023622
20
1.6710582677165353
11
0.3559023622047244
21
1.6742488188976377
0
LINE
8
BLACK
6
CONTINUOUS
10
0.3559023622047244
20
1.6742488188976377
11
0.3599917322834645
21
1.6761557480314959
0
LINE
8
BLACK
6
CONTINUOUS
10
0.3599917322834645
20
1.6761557480314959
11
0.3633543307086614
21
1.6765984251968504
0
LINE
8
BLACK
6
CONTINUOUS
10
0.3633543307086614
20
1.6765984251968504
11
0.3928818897637795
21
1.6765984251968504
0
LINE
8
BLACK
6
CONTINUOUS
10
0.3928818897637795
20
1.6765984251968504
11
0.3962444881889764
21
1.6761557480314959
0
LINE
8
BLACK
6
CONTINUOUS
10
0.6327720472440945
20
1.6692659842519684
11
0.6368614173228346
21
1.6673590551181101
0
LINE
8
BLACK
6
CONTINUOUS
10
0.6368614173228346
20
1.6673590551181101
11
0.640051968503937
21
1.6641685039370078
0
LINE
8
BLACK
6
CONTINUOUS
10
0.640051968503937
20
1.6641685039370078
11
0.6419588976377952
21
1.6600791338582677
0
LINE
8
BLACK
6
CONTINUOUS
10
0.6419588976377952
20
1.6600791338582677
11
0.6424015748031496
21
1.6567165354330708
0
LINE
8
BLACK
6
CONTINUOUS
10
0.6424015748031496
20
1.6567165354330708
11
0.6424015748031496
21
1.6212834645669292
0
LINE
8
BLACK
6
CONTINUOUS
10
0.6424015748031496
20
1.6212834645669292
11
0.6419588976377952
21
1.6179208661417321
0
LINE
8
BLACK
6
CONTINUOUS
10
0.6419588976377952
20
1.6179208661417321
11
0.640051968503937
21
1.613831496062992
0
LINE
8
BLACK
6
CONTINUOUS
10
0.640051968503937
20
1.613831496062992
11
0.6368614173228346
21
1.6106409448818897
0
LINE
8
BLACK
6
CONTINUOUS
10
0.6368614173228346
20
1.6106409448818897
11
0.6327720472440945
21
1.6087340157480314
0
LINE
8
BLACK
6
CONTINUOUS
10
0.6327720472440945
20
1.6087340157480314
11
0.6294094488188976
21
1.6082913385826771
0
LINE
8
BLACK
6
CONTINUOUS
10
0.6294094488188976
20
1.6082913385826771
11
0.608740157480315
21
1.6082913385826771
0
LINE
8
BLACK
6
CONTINUOUS
10
0.608740157480315
20
1.6082913385826771
11
0.6053775590551181
21
1.6087340157480314
0
LINE
8
BLACK
6
CONTINUOUS
10
0.6053775590551181
20
1.6087340157480314
11
0.6012881889763779
21
1.6106409448818897
0
LINE
8
BLACK
6
CONTINUOUS
10
0.6012881889763779
20
1.6106409448818897
11
0.5980976377952756
21
1.613831496062992
0
LINE
8
BLACK
6
CONTINUOUS
10
0.5980976377952756
20
1.613831496062992
11
0.5961907086614173
21
1.6179208661417321
0
LINE
8
BLACK
6
CONTINUOUS
10
0.5961907086614173
20
1.6179208661417321
11
0.5957480314960629
21
1.6212834645669292
0
LINE
8
BLACK
6
CONTINUOUS
10
0.5957480314960629
20
1.6212834645669292
11
0.5957480314960629
21
1.6567165354330708
0
LINE
8
BLACK
6
CONTINUOUS
10
0.5957480314960629
20
1.6567165354330708
11
0.5961907086614173
21
1.6600791338582677
0
LINE
8
BLACK
6
CONTINUOUS
10
0.5961907086614173
20
1.6600791338582677
11
0.5980976377952756
21
1.6641685039370078
0
LINE
8
BLACK
6
CONTINUOUS
10
0.5980976377952756
20
1.6641685039370078
11
0.6012881889763779
21
1.6673590551181101
0
LINE
8
BLACK
6
CONTINUOUS
10
0.6012881889763779
20
1.6673590551181101
11
0.6053775590551181
21
1.6692659842519684
0
LINE
8
BLACK
6
CONTINUOUS
10
0.6053775590551181
20
1.6692659842519684
11
0.608740157480315
21
1.6697086614173229
0
LINE
8
BLACK
6
CONTINUOUS
10
0.608740157480315
20
1.6697086614173229
11
0.6294094488188976
21
1.6697086614173229
0
LINE
8
BLACK
6
CONTINUOUS
10
0.6294094488188976
20
1.6697086614173229
11
0.6327720472440945
21
1.6692659842519684
0
LINE
8
BLACK
6
CONTINUOUS
10
0.7046224409448819
20
1.6692659842519684
11
0.708711811023622
21
1.6673590551181101
0
LINE
8
BLACK
6
CONTINUOUS
10
0.708711811023622
20
1.6673590551181101
11
0.7119023622047244
21
1.6641685039370078
0
LINE
8
BLACK
6
CONTINUOUS
10
0.7119023622047244
20
1.6641685039370078
11
0.7138092913385826
21
1.6600791338582677
0
LINE
8
BLACK
6
CONTINUOUS
10
0.7138092913385826
20
1.6600791338582677
11
0.714251968503937
21
1.6567165354330708
0
LINE
8
BLACK
6
CONTINUOUS
10
0.714251968503937
20
1.6567165354330708
11
0.714251968503937
21
1.6212834645669292
0
LINE
8
BLACK
6
CONTINUOUS
10
0.714251968503937
20
1.6212834645669292
11
0.7138092913385826
21
1.6179208661417321
0
LINE
8
BLACK
6
CONTINUOUS
10
0.7138092913385826
20
1.6179208661417321
11
0.7119023622047244
21
1.613831496062992
0
LINE
8
BLACK
6
CONTINUOUS
10
0.7119023622047244
20
1.613831496062992
11
0.708711811023622
21
1.6106409448818897
0
LINE
8
BLACK
6
CONTINUOUS
10
0.708711811023622
20
1.6106409448818897
11
0.7046224409448819
21
1.6087340157480314
0
LINE
8
BLACK
6
CONTINUOUS
10
0.7046224409448819
20
1.6087340157480314
11
0.701259842519685
21
1.6082913385826771
0
LINE
8
BLACK
6
CONTINUOUS
10
0.701259842519685
20
1.6082913385826771
11
0.6805905511811023
21
1.6082913385826771
0
LINE
8
BLACK
6
CONTINUOUS
10
0.6805905511811023
20
1.6082913385826771
11
0.6772279527559055
21
1.6087340157480314
0
LINE
8
BLACK
6
CONTINUOUS
10
0.6772279527559055
20
1.6087340157480314
11
0.6731385826771653
21
1.6106409448818897
0
LINE
8
BLACK
6
CONTINUOUS
10
0.6731385826771653
20
1.6106409448818897
11
0.669948031496063
21
1.613831496062992
0
LINE
8
BLACK
6
CONTINUOUS
10
0.669948031496063
20
1.613831496062992
11
0.6680411023622047
21
1.6179208661417321
0
LINE
8
BLACK
6
CONTINUOUS
10
0.6680411023622047
20
1.6179208661417321
11
0.6675984251968504
21
1.6212834645669292
0
LINE
8
BLACK
6
CONTINUOUS
10
0.6675984251968504
20
1.6212834645669292
11
0.6675984251968504
21
1.6567165354330708
0
LINE
8
BLACK
6
CONTINUOUS
10
0.6675984251968504
20
1.6567165354330708
11
0.6680411023622047
21
1.6600791338582677
0
LINE
8
BLACK
6
CONTINUOUS
10
0.6680411023622047
20
1.6600791338582677
11
0.669948031496063
21
1.6641685039370078
0
LINE
8
BLACK
6
CONTINUOUS
10
0.669948031496063
20
1.6641685039370078
11
0.6731385826771653
21
1.6673590551181101
0
LINE
8
BLACK
6
CONTINUOUS
10
0.6731385826771653
20
1.6673590551181101
11
0.6772279527559055
21
1.6692659842519684
0
LINE
8
BLACK
6
CONTINUOUS
10
0.6772279527559055
20
1.6692659842519684
11
0.6805905511811023
21
1.6697086614173229
0
LINE
8
BLACK
6
CONTINUOUS
10
0.6805905511811023
20
1.6697086614173229
11
0.701259842519685
21
1.6697086614173229
0
LINE
8
BLACK
6
CONTINUOUS
10
0.701259842519685
20
1.6697086614173229
11
0.7046224409448819
21
1.6692659842519684
0
LINE
8
BLACK
6
CONTINUOUS
10
4.3201295275590548
20
1.6340305905511812
11
4.3217899606299213
21
1.6329211417322835
0
LINE
8
BLACK
6
CONTINUOUS
10
4.3217899606299213
20
1.6329211417322835
11
4.3228994094488185
21
1.6312607086614173
0
LINE
8
BLACK
6
CONTINUOUS
10
4.3228994094488185
20
1.6312607086614173
11
4.3232890157480313
21
1.6293020866141732
0
LINE
8
BLACK
6
CONTINUOUS
10
4.3232890157480313
20
1.6293020866141732
11
4.3232890157480313
21
1.6214280708661417
0
LINE
8
BLACK
6
CONTINUOUS
10
4.3232890157480313
20
1.6214280708661417
11
4.3228994094488185
21
1.6194694488188976
0
LINE
8
BLACK
6
CONTINUOUS
10
4.3228994094488185
20
1.6194694488188976
11
4.3217899606299213
21
1.6178090157480314
0
LINE
8
BLACK
6
CONTINUOUS
10
4.3217899606299213
20
1.6178090157480314
11
4.3201295275590548
21
1.6166995669291337
0
LINE
8
BLACK
6
CONTINUOUS
10
4.3201295275590548
20
1.6166995669291337
11
4.3181709055118107
21
1.6163099606299212
0
LINE
8
BLACK
6
CONTINUOUS
10
4.3181709055118107
20
1.6163099606299212
11
4.2957299606299211
21
1.6163099606299212
0
LINE
8
BLACK
6
CONTINUOUS
10
4.2957299606299211
20
1.6163099606299212
11
4.293771338582677
21
1.6166995669291337
0
LINE
8
BLACK
6
CONTINUOUS
10
4.293771338582677
20
1.6166995669291337
11
4.2921109055118105
21
1.6178090157480314
0
LINE
8
BLACK
6
CONTINUOUS
10
4.2921109055118105
20
1.6178090157480314
11
4.2910014566929133
21
1.6194694488188976
0
LINE
8
BLACK
6
CONTINUOUS
10
4.2910014566929133
20
1.6194694488188976
11
4.2906118503937005
21
1.6214280708661417
0
LINE
8
BLACK
6
CONTINUOUS
10
4.2906118503937005
20
1.6214280708661417
11
4.2906118503937005
21
1.6293020866141732
0
LINE
8
BLACK
6
CONTINUOUS
10
4.2906118503937005
20
1.6293020866141732
11
4.2910014566929133
21
1.6312607086614173
0
LINE
8
BLACK
6
CONTINUOUS
10
4.2910014566929133
20
1.6312607086614173
11
4.2921109055118105
21
1.6329211417322835
0
LINE
8
BLACK
6
CONTINUOUS
10
4.2921109055118105
20
1.6329211417322835
11
4.293771338582677
21
1.6340305905511812
0
LINE
8
BLACK
6
CONTINUOUS
10
4.293771338582677
20
1.6340305905511812
11
4.2957299606299211
21
1.6344201968503937
0
LINE
8
BLACK
6
CONTINUOUS
10
4.2957299606299211
20
1.6344201968503937
11
4.3181709055118107
21
1.6344201968503937
0
LINE
8
BLACK
6
CONTINUOUS
10
4.3181709055118107
20
1.6344201968503937
11
4.3201295275590548
21
1.6340305905511812
0
LINE
8
BLACK
6
CONTINUOUS
10
4.3783972440944883
20
1.6340305905511812
11
4.3800576771653539
21
1.6329211417322835
0
LINE
8
BLACK
6
CONTINUOUS
10
4.3800576771653539
20
1.6329211417322835
11
4.381167125984252
21
1.6312607086614173
0
LINE
8
BLACK
6
CONTINUOUS
10
4.381167125984252
20
1.6312607086614173
11
4.3815567322834648
21
1.6293020866141732
0
LINE
8
BLACK
6
CONTINUOUS
10
4.3815567322834648
20
1.6293020866141732
11
4.3815567322834648
21
1.6214280708661417
0
LINE
8
BLACK
6
CONTINUOUS
10
4.3815567322834648
20
1.6214280708661417
11
4.381167125984252
21
1.6194694488188976
0
LINE
8
BLACK
6
CONTINUOUS
10
4.381167125984252
20
1.6194694488188976
11
4.3800576771653539
21
1.6178090157480314
0
LINE
8
BLACK
6
CONTINUOUS
10
4.3800576771653539
20
1.6178090157480314
11
4.3783972440944883
21
1.6166995669291337
0
LINE
8
BLACK
6
CONTINUOUS
10
4.3783972440944883
20
1.6166995669291337
11
4.3764386220472442
21
1.6163099606299212
0
LINE
8
BLACK
6
CONTINUOUS
10
4.3764386220472442
20
1.6163099606299212
11
4.3539976771653546
21
1.6163099606299212
0
LINE
8
BLACK
6
CONTINUOUS
10
4.3539976771653546
20
1.6163099606299212
11
4.3520390551181105
21
1.6166995669291337
0
LINE
8
BLACK
6
CONTINUOUS
10
4.3520390551181105
20
1.6166995669291337
11
4.350378622047244
21
1.6178090157480314
0
LINE
8
BLACK
6
CONTINUOUS
10
4.350378622047244
20
1.6178090157480314
11
4.3492691732283459
21
1.6194694488188976
0
LINE
8
BLACK
6
CONTINUOUS
10
4.3492691732283459
20
1.6194694488188976
11
4.348879566929134
21
1.6214280708661417
0
LINE
8
BLACK
6
CONTINUOUS
10
4.348879566929134
20
1.6214280708661417
11
4.348879566929134
21
1.6293020866141732
0
LINE
8
BLACK
6
CONTINUOUS
10
4.348879566929134
20
1.6293020866141732
11
4.3492691732283459
21
1.6312607086614173
0
LINE
8
BLACK
6
CONTINUOUS
10
4.3492691732283459
20
1.6312607086614173
11
4.350378622047244
21
1.6329211417322835
0
LINE
8
BLACK
6
CONTINUOUS
10
4.350378622047244
20
1.6329211417322835
11
4.3520390551181105
21
1.6340305905511812
0
LINE
8
BLACK
6
CONTINUOUS
10
4.3520390551181105
20
1.6340305905511812
11
4.3539976771653546
21
1.6344201968503937
0
LINE
8
BLACK
6
CONTINUOUS
10
4.3539976771653546
20
1.6344201968503937
11
4.3764386220472442
21
1.6344201968503937
0
LINE
8
BLACK
6
CONTINUOUS
10
4.3764386220472442
20
1.6344201968503937
11
4.3783972440944883
21
1.6340305905511812
0
LINE
8
BLACK
6
CONTINUOUS
10
1.8289612204724408
20
1.6572877952755904
11
1.829983031496063
21
1.6566050787401574
0
LINE
8
BLACK
6
CONTINUOUS
10
1.829983031496063
20
1.6566050787401574
11
1.8306657480314961
21
1.6555832677165354
0
LINE
8
BLACK
6
CONTINUOUS
10
1.8306657480314961
20
1.6555832677165354
11
1.8309055118110236
21
1.6543779527559055
0
LINE
8
BLACK
6
CONTINUOUS
10
1.8309055118110236
20
1.6543779527559055
11
1.8309055118110236
21
1.6268188976377953
0
LINE
8
BLACK
6
CONTINUOUS
10
1.8309055118110236
20
1.6268188976377953
11
1.8306657480314961
21
1.6256135826771654
0
LINE
8
BLACK
6
CONTINUOUS
10
1.8306657480314961
20
1.6256135826771654
11
1.829983031496063
21
1.6245917716535432
0
LINE
8
BLACK
6
CONTINUOUS
10
1.829983031496063
20
1.6245917716535432
11
1.8289612204724408
21
1.6239090551181101
0
LINE
8
BLACK
6
CONTINUOUS
10
1.8289612204724408
20
1.6239090551181101
11
1.8277559055118109
21
1.6236692913385826
0
LINE
8
BLACK
6
CONTINUOUS
10
1.8277559055118109
20
1.6236692913385826
11
1.8041338582677164
21
1.6236692913385826
0
LINE
8
BLACK
6
CONTINUOUS
10
1.8041338582677164
20
1.6236692913385826
11
1.8029285433070865
21
1.6239090551181101
0
LINE
8
BLACK
6
CONTINUOUS
10
1.8029285433070865
20
1.6239090551181101
11
1.8019067322834645
21
1.6245917716535432
0
LINE
8
BLACK
6
CONTINUOUS
10
1.8019067322834645
20
1.6245917716535432
11
1.8012240157480315
21
1.6256135826771654
0
LINE
8
BLACK
6
CONTINUOUS
10
1.8012240157480315
20
1.6256135826771654
11
1.800984251968504
21
1.6268188976377953
0
LINE
8
BLACK
6
CONTINUOUS
10
1.800984251968504
20
1.6268188976377953
11
1.800984251968504
21
1.6543779527559055
0
LINE
8
BLACK
6
CONTINUOUS
10
1.800984251968504
20
1.6543779527559055
11
1.8012240157480315
21
1.6555832677165354
0
LINE
8
BLACK
6
CONTINUOUS
10
1.8012240157480315
20
1.6555832677165354
11
1.8019067322834645
21
1.6566050787401574
0
LINE
8
BLACK
6
CONTINUOUS
10
1.8019067322834645
20
1.6566050787401574
11
1.8029285433070865
21
1.6572877952755904
0
LINE
8
BLACK
6
CONTINUOUS
10
1.8029285433070865
20
1.6572877952755904
11
1.8041338582677164
21
1.6575275590551182
0
LINE
8
BLACK
6
CONTINUOUS
10
1.8041338582677164
20
1.6575275590551182
11
1.8277559055118109
21
1.6575275590551182
0
LINE
8
BLACK
6
CONTINUOUS
10
1.8277559055118109
20
1.6575275590551182
11
1.8289612204724408
21
1.6572877952755904
0
LINE
8
BLACK
6
CONTINUOUS
10
1.9470714566929133
20
1.6572877952755904
11
1.9480932677165355
21
1.6566050787401574
0
LINE
8
BLACK
6
CONTINUOUS
10
1.9480932677165355
20
1.6566050787401574
11
1.9487759842519685
21
1.6555832677165354
0
LINE
8
BLACK
6
CONTINUOUS
10
1.9487759842519685
20
1.6555832677165354
11
1.949015748031496
21
1.6543779527559055
0
LINE
8
BLACK
6
CONTINUOUS
10
1.949015748031496
20
1.6543779527559055
11
1.949015748031496
21
1.6268188976377953
0
LINE
8
BLACK
6
CONTINUOUS
10
1.949015748031496
20
1.6268188976377953
11
1.9487759842519685
21
1.6256135826771654
0
LINE
8
BLACK
6
CONTINUOUS
10
1.9487759842519685
20
1.6256135826771654
11
1.9480932677165355
21
1.6245917716535432
0
LINE
8
BLACK
6
CONTINUOUS
10
1.9480932677165355
20
1.6245917716535432
11
1.9470714566929133
21
1.6239090551181101
0
LINE
8
BLACK
6
CONTINUOUS
10
1.9470714566929133
20
1.6239090551181101
11
1.9458661417322833
21
1.6236692913385826
0
LINE
8
BLACK
6
CONTINUOUS
10
1.9458661417322833
20
1.6236692913385826
11
1.9222440944881889
21
1.6236692913385826
0
LINE
8
BLACK
6
CONTINUOUS
10
1.9222440944881889
20
1.6236692913385826
11
1.921038779527559
21
1.6239090551181101
0
LINE
8
BLACK
6
CONTINUOUS
10
1.921038779527559
20
1.6239090551181101
11
1.920016968503937
21
1.6245917716535432
0
LINE
8
BLACK
6
CONTINUOUS
10
1.920016968503937
20
1.6245917716535432
11
1.9193342519685039
21
1.6256135826771654
0
LINE
8
BLACK
6
CONTINUOUS
10
1.9193342519685039
20
1.6256135826771654
11
1.9190944881889764
21
1.6268188976377953
0
LINE
8
BLACK
6
CONTINUOUS
10
1.9190944881889764
20
1.6268188976377953
11
1.9190944881889764
21
1.6543779527559055
0
LINE
8
BLACK
6
CONTINUOUS
10
1.9190944881889764
20
1.6543779527559055
11
1.9193342519685039
21
1.6555832677165354
0
LINE
8
BLACK
6
CONTINUOUS
10
1.9193342519685039
20
1.6555832677165354
11
1.920016968503937
21
1.6566050787401574
0
LINE
8
BLACK
6
CONTINUOUS
10
1.920016968503937
20
1.6566050787401574
11
1.921038779527559
21
1.6572877952755904
0
LINE
8
BLACK
6
CONTINUOUS
10
1.921038779527559
20
1.6572877952755904
11
1.9222440944881889
21
1.6575275590551182
0
LINE
8
BLACK
6
CONTINUOUS
10
1.9222440944881889
20
1.6575275590551182
11
1.9458661417322833
21
1.6575275590551182
0
LINE
8
BLACK
6
CONTINUOUS
10
1.9458661417322833
20
1.6575275590551182
11
1.9470714566929133
21
1.6572877952755904
0
LINE
8
BLACK
6
CONTINUOUS
10
1.4802287401574803
20
1.7191242519685039
11
1.4843181102362204
21
1.7172173228346457
0
LINE
8
BLACK
6
CONTINUOUS
10
1.4843181102362204
20
1.7172173228346457
11
1.4875086614173227
21
1.7140267716535433
0
LINE
8
BLACK
6
CONTINUOUS
10
1.4875086614173227
20
1.7140267716535433
11
1.489415590551181
21
1.709937401574803
0
LINE
8
BLACK
6
CONTINUOUS
10
1.489415590551181
20
1.709937401574803
11
1.4898582677165353
21
1.7065748031496062
0
LINE
8
BLACK
6
CONTINUOUS
10
1.4898582677165353
20
1.7065748031496062
11
1.4898582677165353
21
1.6731102362204724
0
LINE
8
BLACK
6
CONTINUOUS
10
1.4898582677165353
20
1.6731102362204724
11
1.489415590551181
21
1.6697476377952756
0
LINE
8
BLACK
6
CONTINUOUS
10
1.489415590551181
20
1.6697476377952756
11
1.4875086614173227
21
1.6656582677165355
0
LINE
8
BLACK
6
CONTINUOUS
10
1.4875086614173227
20
1.6656582677165355
11
1.4843181102362204
21
1.6624677165354331
0
LINE
8
BLACK
6
CONTINUOUS
10
1.4843181102362204
20
1.6624677165354331
11
1.4802287401574803
21
1.6605607874015749
0
LINE
8
BLACK
6
CONTINUOUS
10
1.4802287401574803
20
1.6605607874015749
11
1.4768661417322835
21
1.6601181102362204
0
LINE
8
BLACK
6
CONTINUOUS
10
1.4768661417322835
20
1.6601181102362204
11
1.4414330708661418
21
1.6601181102362204
0
LINE
8
BLACK
6
CONTINUOUS
10
1.4414330708661418
20
1.6601181102362204
11
1.4380704724409448
21
1.6605607874015749
0
LINE
8
BLACK
6
CONTINUOUS
10
1.4380704724409448
20
1.6605607874015749
11
1.4339811023622047
21
1.6624677165354331
0
LINE
8
BLACK
6
CONTINUOUS
10
1.4339811023622047
20
1.6624677165354331
11
1.4307905511811023
21
1.6656582677165355
0
LINE
8
BLACK
6
CONTINUOUS
10
1.4307905511811023
20
1.6656582677165355
11
1.4288836220472441
21
1.6697476377952756
0
LINE
8
BLACK
6
CONTINUOUS
10
1.4288836220472441
20
1.6697476377952756
11
1.4284409448818898
21
1.6731102362204724
0
LINE
8
BLACK
6
CONTINUOUS
10
1.4284409448818898
20
1.6731102362204724
11
1.4284409448818898
21
1.7065748031496062
0
LINE
8
BLACK
6
CONTINUOUS
10
1.4284409448818898
20
1.7065748031496062
11
1.4288836220472441
21
1.709937401574803
0
LINE
8
BLACK
6
CONTINUOUS
10
1.4288836220472441
20
1.709937401574803
11
1.4307905511811023
21
1.7140267716535433
0
LINE
8
BLACK
6
CONTINUOUS
10
1.4307905511811023
20
1.7140267716535433
11
1.4339811023622047
21
1.7172173228346457
0
LINE
8
BLACK
6
CONTINUOUS
10
1.4339811023622047
20
1.7172173228346457
11
1.4380704724409448
21
1.7191242519685039
0
LINE
8
BLACK
6
CONTINUOUS
10
1.4380704724409448
20
1.7191242519685039
11
1.4414330708661418
21
1.7195669291338582
0
LINE
8
BLACK
6
CONTINUOUS
10
1.4414330708661418
20
1.7195669291338582
11
1.4768661417322835
21
1.7195669291338582
0
LINE
8
BLACK
6
CONTINUOUS
10
1.4768661417322835
20
1.7195669291338582
11
1.4802287401574803
21
1.7191242519685039
0
LINE
8
BLACK
6
CONTINUOUS
10
1.5865279527559055
20
1.7191242519685039
11
1.5906173228346456
21
1.7172173228346457
0
LINE
8
BLACK
6
CONTINUOUS
10
1.5906173228346456
20
1.7172173228346457
11
1.593807874015748
21
1.7140267716535433
0
LINE
8
BLACK
6
CONTINUOUS
10
1.593807874015748
20
1.7140267716535433
11
1.5957148031496062
21
1.709937401574803
0
LINE
8
BLACK
6
CONTINUOUS
10
1.5957148031496062
20
1.709937401574803
11
1.5961574803149605
21
1.7065748031496062
0
LINE
8
BLACK
6
CONTINUOUS
10
1.5961574803149605
20
1.7065748031496062
11
1.5961574803149605
21
1.6731102362204724
0
LINE
8
BLACK
6
CONTINUOUS
10
1.5961574803149605
20
1.6731102362204724
11
1.5957148031496062
21
1.6697476377952756
0
LINE
8
BLACK
6
CONTINUOUS
10
1.5957148031496062
20
1.6697476377952756
11
1.593807874015748
21
1.6656582677165355
0
LINE
8
BLACK
6
CONTINUOUS
10
1.593807874015748
20
1.6656582677165355
11
1.5906173228346456
21
1.6624677165354331
0
LINE
8
BLACK
6
CONTINUOUS
10
1.5906173228346456
20
1.6624677165354331
11
1.5865279527559055
21
1.6605607874015749
0
LINE
8
BLACK
6
CONTINUOUS
10
1.5865279527559055
20
1.6605607874015749
11
1.5831653543307087
21
1.6601181102362204
0
LINE
8
BLACK
6
CONTINUOUS
10
1.5831653543307087
20
1.6601181102362204
11
1.5477322834645668
21
1.6601181102362204
0
LINE
8
BLACK
6
CONTINUOUS
10
1.5477322834645668
20
1.6601181102362204
11
1.54436968503937
21
1.6605607874015749
0
LINE
8
BLACK
6
CONTINUOUS
10
1.54436968503937
20
1.6605607874015749
11
1.5402803149606299
21
1.6624677165354331
0
LINE
8
BLACK
6
CONTINUOUS
10
1.5402803149606299
20
1.6624677165354331
11
1.5370897637795276
21
1.6656582677165355
0
LINE
8
BLACK
6
CONTINUOUS
10
1.5370897637795276
20
1.6656582677165355
11
1.5351828346456693
21
1.6697476377952756
0
LINE
8
BLACK
6
CONTINUOUS
10
1.5351828346456693
20
1.6697476377952756
11
1.534740157480315
21
1.6731102362204724
0
LINE
8
BLACK
6
CONTINUOUS
10
1.534740157480315
20
1.6731102362204724
11
1.534740157480315
21
1.7065748031496062
0
LINE
8
BLACK
6
CONTINUOUS
10
1.534740157480315
20
1.7065748031496062
11
1.5351828346456693
21
1.709937401574803
0
LINE
8
BLACK
6
CONTINUOUS
10
1.5351828346456693
20
1.709937401574803
11
1.5370897637795276
21
1.7140267716535433
0
LINE
8
BLACK
6
CONTINUOUS
10
1.5370897637795276
20
1.7140267716535433
11
1.5402803149606299
21
1.7172173228346457
0
LINE
8
BLACK
6
CONTINUOUS
10
1.5402803149606299
20
1.7172173228346457
11
1.54436968503937
21
1.7191242519685039
0
LINE
8
BLACK
6
CONTINUOUS
10
1.54436968503937
20
1.7191242519685039
11
1.5477322834645668
21
1.7195669291338582
0
LINE
8
BLACK
6
CONTINUOUS
10
1.5477322834645668
20
1.7195669291338582
11
1.5831653543307087
21
1.7195669291338582
0
LINE
8
BLACK
6
CONTINUOUS
10
1.5831653543307087
20
1.7195669291338582
11
1.5865279527559055
21
1.7191242519685039
0
LINE
8
BLACK
6
CONTINUOUS
10
0.5103707480314961
20
1.7324051968503937
11
0.5133084645669291
21
1.7304423228346457
0
LINE
8
BLACK
6
CONTINUOUS
10
0.5133084645669291
20
1.7304423228346457
11
0.5152713385826772
21
1.7275046062992125
0
LINE
8
BLACK
6
CONTINUOUS
10
0.5152713385826772
20
1.7275046062992125
11
0.5159606299212598
21
1.7240393700787402
0
LINE
8
BLACK
6
CONTINUOUS
10
0.5159606299212598
20
1.7240393700787402
11
0.5159606299212598
21
1.677779527559055
0
LINE
8
BLACK
6
CONTINUOUS
10
0.5159606299212598
20
1.677779527559055
11
0.5152713385826772
21
1.6743142913385827
0
LINE
8
BLACK
6
CONTINUOUS
10
0.5152713385826772
20
1.6743142913385827
11
0.5133084645669291
21
1.6713765748031495
0
LINE
8
BLACK
6
CONTINUOUS
10
0.5133084645669291
20
1.6713765748031495
11
0.5103707480314961
21
1.6694137007874015
0
LINE
8
BLACK
6
CONTINUOUS
10
0.5103707480314961
20
1.6694137007874015
11
0.5069055118110236
21
1.6687244094488189
0
LINE
8
BLACK
6
CONTINUOUS
10
0.5069055118110236
20
1.6687244094488189
11
0.4950944881889764
21
1.6687244094488189
0
LINE
8
BLACK
6
CONTINUOUS
10
0.4950944881889764
20
1.6687244094488189
11
0.4916292519685039
21
1.6694137007874015
0
LINE
8
BLACK
6
CONTINUOUS
10
0.4916292519685039
20
1.6694137007874015
11
0.4886915354330709
21
1.6713765748031495
0
LINE
8
BLACK
6
CONTINUOUS
10
0.4886915354330709
20
1.6713765748031495
11
0.4867286614173228
21
1.6743142913385827
0
LINE
8
BLACK
6
CONTINUOUS
10
0.4867286614173228
20
1.6743142913385827
11
0.4860393700787402
21
1.677779527559055
0
LINE
8
BLACK
6
CONTINUOUS
10
0.4860393700787402
20
1.677779527559055
11
0.4860393700787402
21
1.7240393700787402
0
LINE
8
BLACK
6
CONTINUOUS
10
0.4860393700787402
20
1.7240393700787402
11
0.4867286614173228
21
1.7275046062992125
0
LINE
8
BLACK
6
CONTINUOUS
10
0.4867286614173228
20
1.7275046062992125
11
0.4886915354330709
21
1.7304423228346457
0
LINE
8
BLACK
6
CONTINUOUS
10
0.4886915354330709
20
1.7304423228346457
11
0.4916292519685039
21
1.7324051968503937
0
LINE
8
BLACK
6
CONTINUOUS
10
0.4916292519685039
20
1.7324051968503937
11
0.4950944881889764
21
1.7330944881889763
0
LINE
8
BLACK
6
CONTINUOUS
10
0.4950944881889764
20
1.7330944881889763
11
0.5069055118110236
21
1.7330944881889763
0
LINE
8
BLACK
6
CONTINUOUS
10
0.5069055118110236
20
1.7330944881889763
11
0.5103707480314961
21
1.7324051968503937
0
LINE
8
BLACK
6
CONTINUOUS
10
1.8289612204724408
20
1.7320909448818897
11
1.829983031496063
21
1.7314082283464567
0
LINE
8
BLACK
6
CONTINUOUS
10
1.829983031496063
20
1.7314082283464567
11
1.8306657480314961
21
1.7303864173228347
0
LINE
8
BLACK
6
CONTINUOUS
10
1.8306657480314961
20
1.7303864173228347
11
1.8309055118110236
21
1.7291811023622048
0
LINE
8
BLACK
6
CONTINUOUS
10
1.8309055118110236
20
1.7291811023622048
11
1.8309055118110236
21
1.7016220472440944
0
LINE
8
BLACK
6
CONTINUOUS
10
1.8309055118110236
20
1.7016220472440944
11
1.8306657480314961
21
1.7004167322834645
0
LINE
8
BLACK
6
CONTINUOUS
10
1.8306657480314961
20
1.7004167322834645
11
1.829983031496063
21
1.6993949212598425
0
LINE
8
BLACK
6
CONTINUOUS
10
1.829983031496063
20
1.6993949212598425
11
1.8289612204724408
21
1.6987122047244094
0
LINE
8
BLACK
6
CONTINUOUS
10
1.8289612204724408
20
1.6987122047244094
11
1.8277559055118109
21
1.6984724409448819
0
LINE
8
BLACK
6
CONTINUOUS
10
1.8277559055118109
20
1.6984724409448819
11
1.8041338582677164
21
1.6984724409448819
0
LINE
8
BLACK
6
CONTINUOUS
10
1.8041338582677164
20
1.6984724409448819
11
1.8029285433070865
21
1.6987122047244094
0
LINE
8
BLACK
6
CONTINUOUS
10
1.8029285433070865
20
1.6987122047244094
11
1.8019067322834645
21
1.6993949212598425
0
LINE
8
BLACK
6
CONTINUOUS
10
1.8019067322834645
20
1.6993949212598425
11
1.8012240157480315
21
1.7004167322834645
0
LINE
8
BLACK
6
CONTINUOUS
10
1.8012240157480315
20
1.7004167322834645
11
1.800984251968504
21
1.7016220472440944
0
LINE
8
BLACK
6
CONTINUOUS
10
1.800984251968504
20
1.7016220472440944
11
1.800984251968504
21
1.7291811023622048
0
LINE
8
BLACK
6
CONTINUOUS
10
1.800984251968504
20
1.7291811023622048
11
1.8012240157480315
21
1.7303864173228347
0
LINE
8
BLACK
6
CONTINUOUS
10
1.8012240157480315
20
1.7303864173228347
11
1.8019067322834645
21
1.7314082283464567
0
LINE
8
BLACK
6
CONTINUOUS
10
1.8019067322834645
20
1.7314082283464567
11
1.8029285433070865
21
1.7320909448818897
0
LINE
8
BLACK
6
CONTINUOUS
10
1.8029285433070865
20
1.7320909448818897
11
1.8041338582677164
21
1.7323307086614173
0
LINE
8
BLACK
6
CONTINUOUS
10
1.8041338582677164
20
1.7323307086614173
11
1.8277559055118109
21
1.7323307086614173
0
LINE
8
BLACK
6
CONTINUOUS
10
1.8277559055118109
20
1.7323307086614173
11
1.8289612204724408
21
1.7320909448818897
0
LINE
8
BLACK
6
CONTINUOUS
10
1.9470714566929133
20
1.7320909448818897
11
1.9480932677165355
21
1.7314082283464567
0
LINE
8
BLACK
6
CONTINUOUS
10
1.9480932677165355
20
1.7314082283464567
11
1.9487759842519685
21
1.7303864173228347
0
LINE
8
BLACK
6
CONTINUOUS
10
1.9487759842519685
20
1.7303864173228347
11
1.949015748031496
21
1.7291811023622048
0
LINE
8
BLACK
6
CONTINUOUS
10
1.949015748031496
20
1.7291811023622048
11
1.949015748031496
21
1.7016220472440944
0
LINE
8
BLACK
6
CONTINUOUS
10
1.949015748031496
20
1.7016220472440944
11
1.9487759842519685
21
1.7004167322834645
0
LINE
8
BLACK
6
CONTINUOUS
10
1.9487759842519685
20
1.7004167322834645
11
1.9480932677165355
21
1.6993949212598425
0
LINE
8
BLACK
6
CONTINUOUS
10
1.9480932677165355
20
1.6993949212598425
11
1.9470714566929133
21
1.6987122047244094
0
LINE
8
BLACK
6
CONTINUOUS
10
1.9470714566929133
20
1.6987122047244094
11
1.9458661417322833
21
1.6984724409448819
0
LINE
8
BLACK
6
CONTINUOUS
10
1.9458661417322833
20
1.6984724409448819
11
1.9222440944881889
21
1.6984724409448819
0
LINE
8
BLACK
6
CONTINUOUS
10
1.9222440944881889
20
1.6984724409448819
11
1.921038779527559
21
1.6987122047244094
0
LINE
8
BLACK
6
CONTINUOUS
10
1.921038779527559
20
1.6987122047244094
11
1.920016968503937
21
1.6993949212598425
0
LINE
8
BLACK
6
CONTINUOUS
10
1.920016968503937
20
1.6993949212598425
11
1.9193342519685039
21
1.7004167322834645
0
LINE
8
BLACK
6
CONTINUOUS
10
1.9193342519685039
20
1.7004167322834645
11
1.9190944881889764
21
1.7016220472440944
0
LINE
8
BLACK
6
CONTINUOUS
10
1.9190944881889764
20
1.7016220472440944
11
1.9190944881889764
21
1.7291811023622048
0
LINE
8
BLACK
6
CONTINUOUS
10
1.9190944881889764
20
1.7291811023622048
11
1.9193342519685039
21
1.7303864173228347
0
LINE
8
BLACK
6
CONTINUOUS
10
1.9193342519685039
20
1.7303864173228347
11
1.920016968503937
21
1.7314082283464567
0
LINE
8
BLACK
6
CONTINUOUS
10
1.920016968503937
20
1.7314082283464567
11
1.921038779527559
21
1.7320909448818897
0
LINE
8
BLACK
6
CONTINUOUS
10
1.921038779527559
20
1.7320909448818897
11
1.9222440944881889
21
1.7323307086614173
0
LINE
8
BLACK
6
CONTINUOUS
10
1.9222440944881889
20
1.7323307086614173
11
1.9458661417322833
21
1.7323307086614173
0
LINE
8
BLACK
6
CONTINUOUS
10
1.9458661417322833
20
1.7323307086614173
11
1.9470714566929133
21
1.7320909448818897
0
LINE
8
BLACK
6
CONTINUOUS
10
0.3407720472440945
20
1.7872659842519685
11
0.3448614173228347
21
1.7853590551181102
0
LINE
8
BLACK
6
CONTINUOUS
10
0.3448614173228347
20
1.7853590551181102
11
0.348051968503937
21
1.7821685039370079
0
LINE
8
BLACK
6
CONTINUOUS
10
0.348051968503937
20
1.7821685039370079
11
0.3499588976377953
21
1.7780791338582678
0
LINE
8
BLACK
6
CONTINUOUS
10
0.3499588976377953
20
1.7780791338582678
11
0.3504015748031496
21
1.7747165354330707
0
LINE
8
BLACK
6
CONTINUOUS
10
0.3504015748031496
20
1.7747165354330707
11
0.3504015748031496
21
1.7392834645669291
0
LINE
8
BLACK
6
CONTINUOUS
10
0.3504015748031496
20
1.7392834645669291
11
0.3499588976377953
21
1.7359208661417322
0
LINE
8
BLACK
6
CONTINUOUS
10
0.3499588976377953
20
1.7359208661417322
11
0.348051968503937
21
1.7318314960629921
0
LINE
8
BLACK
6
CONTINUOUS
10
0.348051968503937
20
1.7318314960629921
11
0.3448614173228347
21
1.7286409448818898
0
LINE
8
BLACK
6
CONTINUOUS
10
0.3448614173228347
20
1.7286409448818898
11
0.3407720472440945
21
1.7267340157480315
0
LINE
8
BLACK
6
CONTINUOUS
10
0.3407720472440945
20
1.7267340157480315
11
0.3374094488188976
21
1.726291338582677
0
LINE
8
BLACK
6
CONTINUOUS
10
0.3374094488188976
20
1.726291338582677
11
0.316740157480315
21
1.726291338582677
0
LINE
8
BLACK
6
CONTINUOUS
10
0.316740157480315
20
1.726291338582677
11
0.3133775590551181
21
1.7267340157480315
0
LINE
8
BLACK
6
CONTINUOUS
10
0.3133775590551181
20
1.7267340157480315
11
0.3092881889763779
21
1.7286409448818898
0
LINE
8
BLACK
6
CONTINUOUS
10
0.3092881889763779
20
1.7286409448818898
11
0.3060976377952756
21
1.7318314960629921
0
LINE
8
BLACK
6
CONTINUOUS
10
0.3060976377952756
20
1.7318314960629921
11
0.3041907086614173
21
1.7359208661417322
0
LINE
8
BLACK
6
CONTINUOUS
10
0.3041907086614173
20
1.7359208661417322
11
0.303748031496063
21
1.7392834645669291
0
LINE
8
BLACK
6
CONTINUOUS
10
0.303748031496063
20
1.7392834645669291
11
0.303748031496063
21
1.7747165354330707
0
LINE
8
BLACK
6
CONTINUOUS
10
0.303748031496063
20
1.7747165354330707
11
0.3041907086614173
21
1.7780791338582678
0
LINE
8
BLACK
6
CONTINUOUS
10
0.3041907086614173
20
1.7780791338582678
11
0.3060976377952756
21
1.7821685039370079
0
LINE
8
BLACK
6
CONTINUOUS
10
0.3060976377952756
20
1.7821685039370079
11
0.3092881889763779
21
1.7853590551181102
0
LINE
8
BLACK
6
CONTINUOUS
10
0.3092881889763779
20
1.7853590551181102
11
0.3133775590551181
21
1.7872659842519685
0
LINE
8
BLACK
6
CONTINUOUS
10
0.3133775590551181
20
1.7872659842519685
11
0.316740157480315
21
1.7877086614173228
0
LINE
8
BLACK
6
CONTINUOUS
10
0.316740157480315
20
1.7877086614173228
11
0.3374094488188976
21
1.7877086614173228
0
LINE
8
BLACK
6
CONTINUOUS
10
0.3374094488188976
20
1.7877086614173228
11
0.3407720472440945
21
1.7872659842519685
0
LINE
8
BLACK
6
CONTINUOUS
10
0.4126224409448819
20
1.7872659842519685
11
0.416711811023622
21
1.7853590551181102
0
LINE
8
BLACK
6
CONTINUOUS
10
0.416711811023622
20
1.7853590551181102
11
0.4199023622047244
21
1.7821685039370079
0
LINE
8
BLACK
6
CONTINUOUS
10
0.4199023622047244
20
1.7821685039370079
11
0.4218092913385827
21
1.7780791338582678
0
LINE
8
BLACK
6
CONTINUOUS
10
0.4218092913385827
20
1.7780791338582678
11
0.422251968503937
21
1.7747165354330707
0
LINE
8
BLACK
6
CONTINUOUS
10
0.422251968503937
20
1.7747165354330707
11
0.422251968503937
21
1.7392834645669291
0
LINE
8
BLACK
6
CONTINUOUS
10
0.422251968503937
20
1.7392834645669291
11
0.4218092913385827
21
1.7359208661417322
0
LINE
8
BLACK
6
CONTINUOUS
10
0.4218092913385827
20
1.7359208661417322
11
0.4199023622047244
21
1.7318314960629921
0
LINE
8
BLACK
6
CONTINUOUS
10
0.4199023622047244
20
1.7318314960629921
11
0.416711811023622
21
1.7286409448818898
0
LINE
8
BLACK
6
CONTINUOUS
10
0.416711811023622
20
1.7286409448818898
11
0.4126224409448819
21
1.7267340157480315
0
LINE
8
BLACK
6
CONTINUOUS
10
0.4126224409448819
20
1.7267340157480315
11
0.4092598425196851
21
1.726291338582677
0
LINE
8
BLACK
6
CONTINUOUS
10
0.4092598425196851
20
1.726291338582677
11
0.3885905511811024
21
1.726291338582677
0
LINE
8
BLACK
6
CONTINUOUS
10
0.3885905511811024
20
1.726291338582677
11
0.3852279527559055
21
1.7267340157480315
0
LINE
8
BLACK
6
CONTINUOUS
10
0.3852279527559055
20
1.7267340157480315
11
0.3811385826771653
21
1.7286409448818898
0
LINE
8
BLACK
6
CONTINUOUS
10
0.3811385826771653
20
1.7286409448818898
11
0.377948031496063
21
1.7318314960629921
0
LINE
8
BLACK
6
CONTINUOUS
10
0.377948031496063
20
1.7318314960629921
11
0.3760411023622047
21
1.7359208661417322
0
LINE
8
BLACK
6
CONTINUOUS
10
0.3760411023622047
20
1.7359208661417322
11
0.3755984251968504
21
1.7392834645669291
0
LINE
8
BLACK
6
CONTINUOUS
10
0.3755984251968504
20
1.7392834645669291
11
0.3755984251968504
21
1.7747165354330707
0
LINE
8
BLACK
6
CONTINUOUS
10
0.3755984251968504
20
1.7747165354330707
11
0.3760411023622047
21
1.7780791338582678
0
LINE
8
BLACK
6
CONTINUOUS
10
0.3760411023622047
20
1.7780791338582678
11
0.377948031496063
21
1.7821685039370079
0
LINE
8
BLACK
6
CONTINUOUS
10
0.377948031496063
20
1.7821685039370079
11
0.3811385826771653
21
1.7853590551181102
0
LINE
8
BLACK
6
CONTINUOUS
10
0.3811385826771653
20
1.7853590551181102
11
0.3852279527559055
21
1.7872659842519685
0
LINE
8
BLACK
6
CONTINUOUS
10
0.3852279527559055
20
1.7872659842519685
11
0.3885905511811024
21
1.7877086614173228
0
LINE
8
BLACK
6
CONTINUOUS
10
0.3885905511811024
20
1.7877086614173228
11
0.4092598425196851
21
1.7877086614173228
0
LINE
8
BLACK
6
CONTINUOUS
10
0.4092598425196851
20
1.7877086614173228
11
0.4126224409448819
21
1.7872659842519685
0
LINE
8
BLACK
6
CONTINUOUS
10
2.5520791338582676
20
1.8329588976377953
11
2.5561685039370077
21
1.831051968503937
0
LINE
8
BLACK
6
CONTINUOUS
10
2.5561685039370077
20
1.831051968503937
11
2.5593590551181102
21
1.8278614173228347
0
LINE
8
BLACK
6
CONTINUOUS
10
2.5593590551181102
20
1.8278614173228347
11
2.5612659842519685
21
1.8237720472440944
0
LINE
8
BLACK
6
CONTINUOUS
10
2.5612659842519685
20
1.8237720472440944
11
2.5617086614173226
21
1.8204094488188975
0
LINE
8
BLACK
6
CONTINUOUS
10
2.5617086614173226
20
1.8204094488188975
11
2.5617086614173226
21
1.7997401574803149
0
LINE
8
BLACK
6
CONTINUOUS
10
2.5617086614173226
20
1.7997401574803149
11
2.5612659842519685
21
1.7963775590551181
0
LINE
8
BLACK
6
CONTINUOUS
10
2.5612659842519685
20
1.7963775590551181
11
2.5593590551181102
21
1.792288188976378
0
LINE
8
BLACK
6
CONTINUOUS
10
2.5593590551181102
20
1.792288188976378
11
2.5561685039370077
21
1.7890976377952756
0
LINE
8
BLACK
6
CONTINUOUS
10
2.5561685039370077
20
1.7890976377952756
11
2.5520791338582676
21
1.7871907086614174
0
LINE
8
BLACK
6
CONTINUOUS
10
2.5520791338582676
20
1.7871907086614174
11
2.548716535433071
21
1.7867480314960629
0
LINE
8
BLACK
6
CONTINUOUS
10
2.548716535433071
20
1.7867480314960629
11
2.5132834645669289
21
1.7867480314960629
0
LINE
8
BLACK
6
CONTINUOUS
10
2.5132834645669289
20
1.7867480314960629
11
2.5099208661417323
21
1.7871907086614174
0
LINE
8
BLACK
6
CONTINUOUS
10
2.5099208661417323
20
1.7871907086614174
11
2.5058314960629922
21
1.7890976377952756
0
LINE
8
BLACK
6
CONTINUOUS
10
2.5058314960629922
20
1.7890976377952756
11
2.5026409448818896
21
1.792288188976378
0
LINE
8
BLACK
6
CONTINUOUS
10
2.5026409448818896
20
1.792288188976378
11
2.5007340157480313
21
1.7963775590551181
0
LINE
8
BLACK
6
CONTINUOUS
10
2.5007340157480313
20
1.7963775590551181
11
2.5002913385826773
21
1.7997401574803149
0
LINE
8
BLACK
6
CONTINUOUS
10
2.5002913385826773
20
1.7997401574803149
11
2.5002913385826773
21
1.8204094488188975
0
LINE
8
BLACK
6
CONTINUOUS
10
2.5002913385826773
20
1.8204094488188975
11
2.5007340157480313
21
1.8237720472440944
0
LINE
8
BLACK
6
CONTINUOUS
10
2.5007340157480313
20
1.8237720472440944
11
2.5026409448818896
21
1.8278614173228347
0
LINE
8
BLACK
6
CONTINUOUS
10
2.5026409448818896
20
1.8278614173228347
11
2.5058314960629922
21
1.831051968503937
0
LINE
8
BLACK
6
CONTINUOUS
10
2.5058314960629922
20
1.831051968503937
11
2.5099208661417323
21
1.8329588976377953
0
LINE
8
BLACK
6
CONTINUOUS
10
2.5099208661417323
20
1.8329588976377953
11
2.5132834645669289
21
1.8334015748031496
0
LINE
8
BLACK
6
CONTINUOUS
10
2.5132834645669289
20
1.8334015748031496
11
2.548716535433071
21
1.8334015748031496
0
LINE
8
BLACK
6
CONTINUOUS
10
2.548716535433071
20
1.8334015748031496
11
2.5520791338582676
21
1.8329588976377953
0
LINE
8
BLACK
6
CONTINUOUS
10
1.1447720472440945
20
1.8692659842519685
11
1.1488614173228346
21
1.8673590551181103
0
LINE
8
BLACK
6
CONTINUOUS
10
1.1488614173228346
20
1.8673590551181103
11
1.152051968503937
21
1.8641685039370077
0
LINE
8
BLACK
6
CONTINUOUS
10
1.152051968503937
20
1.8641685039370077
11
1.1539588976377952
21
1.8600791338582676
0
LINE
8
BLACK
6
CONTINUOUS
10
1.1539588976377952
20
1.8600791338582676
11
1.1544015748031495
21
1.8567165354330708
0
LINE
8
BLACK
6
CONTINUOUS
10
1.1544015748031495
20
1.8567165354330708
11
1.1544015748031495
21
1.8212834645669291
0
LINE
8
BLACK
6
CONTINUOUS
10
1.1544015748031495
20
1.8212834645669291
11
1.1539588976377952
21
1.8179208661417323
0
LINE
8
BLACK
6
CONTINUOUS
10
1.1539588976377952
20
1.8179208661417323
11
1.152051968503937
21
1.813831496062992
0
LINE
8
BLACK
6
CONTINUOUS
10
1.152051968503937
20
1.813831496062992
11
1.1488614173228346
21
1.8106409448818896
0
LINE
8
BLACK
6
CONTINUOUS
10
1.1488614173228346
20
1.8106409448818896
11
1.1447720472440945
21
1.8087340157480314
0
LINE
8
BLACK
6
CONTINUOUS
10
1.1447720472440945
20
1.8087340157480314
11
1.1414094488188977
21
1.8082913385826771
0
LINE
8
BLACK
6
CONTINUOUS
10
1.1414094488188977
20
1.8082913385826771
11
1.1207401574803149
21
1.8082913385826771
0
LINE
8
BLACK
6
CONTINUOUS
10
1.1207401574803149
20
1.8082913385826771
11
1.117377559055118
21
1.8087340157480314
0
LINE
8
BLACK
6
CONTINUOUS
10
1.117377559055118
20
1.8087340157480314
11
1.1132881889763779
21
1.8106409448818896
0
LINE
8
BLACK
6
CONTINUOUS
10
1.1132881889763779
20
1.8106409448818896
11
1.1100976377952756
21
1.813831496062992
0
LINE
8
BLACK
6
CONTINUOUS
10
1.1100976377952756
20
1.813831496062992
11
1.1081907086614173
21
1.8179208661417323
0
LINE
8
BLACK
6
CONTINUOUS
10
1.1081907086614173
20
1.8179208661417323
11
1.107748031496063
21
1.8212834645669291
0
LINE
8
BLACK
6
CONTINUOUS
10
1.107748031496063
20
1.8212834645669291
11
1.107748031496063
21
1.8567165354330708
0
LINE
8
BLACK
6
CONTINUOUS
10
1.107748031496063
20
1.8567165354330708
11
1.1081907086614173
21
1.8600791338582676
0
LINE
8
BLACK
6
CONTINUOUS
10
1.1081907086614173
20
1.8600791338582676
11
1.1100976377952756
21
1.8641685039370077
0
LINE
8
BLACK
6
CONTINUOUS
10
1.1100976377952756
20
1.8641685039370077
11
1.1132881889763779
21
1.8673590551181103
0
LINE
8
BLACK
6
CONTINUOUS
10
1.1132881889763779
20
1.8673590551181103
11
1.117377559055118
21
1.8692659842519685
0
LINE
8
BLACK
6
CONTINUOUS
10
1.117377559055118
20
1.8692659842519685
11
1.1207401574803149
21
1.8697086614173228
0
LINE
8
BLACK
6
CONTINUOUS
10
1.1207401574803149
20
1.8697086614173228
11
1.1414094488188977
21
1.8697086614173228
0
LINE
8
BLACK
6
CONTINUOUS
10
1.1414094488188977
20
1.8697086614173228
11
1.1447720472440945
21
1.8692659842519685
0
LINE
8
BLACK
6
CONTINUOUS
10
1.2166224409448818
20
1.8692659842519685
11
1.2207118110236219
21
1.8673590551181103
0
LINE
8
BLACK
6
CONTINUOUS
10
1.2207118110236219
20
1.8673590551181103
11
1.2239023622047245
21
1.8641685039370077
0
LINE
8
BLACK
6
CONTINUOUS
10
1.2239023622047245
20
1.8641685039370077
11
1.2258092913385827
21
1.8600791338582676
0
LINE
8
BLACK
6
CONTINUOUS
10
1.2258092913385827
20
1.8600791338582676
11
1.226251968503937
21
1.8567165354330708
0
LINE
8
BLACK
6
CONTINUOUS
10
1.226251968503937
20
1.8567165354330708
11
1.226251968503937
21
1.8212834645669291
0
LINE
8
BLACK
6
CONTINUOUS
10
1.226251968503937
20
1.8212834645669291
11
1.2258092913385827
21
1.8179208661417323
0
LINE
8
BLACK
6
CONTINUOUS
10
1.2258092913385827
20
1.8179208661417323
11
1.2239023622047245
21
1.813831496062992
0
LINE
8
BLACK
6
CONTINUOUS
10
1.2239023622047245
20
1.813831496062992
11
1.2207118110236219
21
1.8106409448818896
0
LINE
8
BLACK
6
CONTINUOUS
10
1.2207118110236219
20
1.8106409448818896
11
1.2166224409448818
21
1.8087340157480314
0
LINE
8
BLACK
6
CONTINUOUS
10
1.2166224409448818
20
1.8087340157480314
11
1.213259842519685
21
1.8082913385826771
0
LINE
8
BLACK
6
CONTINUOUS
10
1.213259842519685
20
1.8082913385826771
11
1.1925905511811024
21
1.8082913385826771
0
LINE
8
BLACK
6
CONTINUOUS
10
1.1925905511811024
20
1.8082913385826771
11
1.1892279527559055
21
1.8087340157480314
0
LINE
8
BLACK
6
CONTINUOUS
10
1.1892279527559055
20
1.8087340157480314
11
1.1851385826771654
21
1.8106409448818896
0
LINE
8
BLACK
6
CONTINUOUS
10
1.1851385826771654
20
1.8106409448818896
11
1.1819480314960629
21
1.813831496062992
0
LINE
8
BLACK
6
CONTINUOUS
10
1.1819480314960629
20
1.813831496062992
11
1.1800411023622046
21
1.8179208661417323
0
LINE
8
BLACK
6
CONTINUOUS
10
1.1800411023622046
20
1.8179208661417323
11
1.1795984251968503
21
1.8212834645669291
0
LINE
8
BLACK
6
CONTINUOUS
10
1.1795984251968503
20
1.8212834645669291
11
1.1795984251968503
21
1.8567165354330708
0
LINE
8
BLACK
6
CONTINUOUS
10
1.1795984251968503
20
1.8567165354330708
11
1.1800411023622046
21
1.8600791338582676
0
LINE
8
BLACK
6
CONTINUOUS
10
1.1800411023622046
20
1.8600791338582676
11
1.1819480314960629
21
1.8641685039370077
0
LINE
8
BLACK
6
CONTINUOUS
10
1.1819480314960629
20
1.8641685039370077
11
1.1851385826771654
21
1.8673590551181103
0
LINE
8
BLACK
6
CONTINUOUS
10
1.1851385826771654
20
1.8673590551181103
11
1.1892279527559055
21
1.8692659842519685
0
LINE
8
BLACK
6
CONTINUOUS
10
1.1892279527559055
20
1.8692659842519685
11
1.1925905511811024
21
1.8697086614173228
0
LINE
8
BLACK
6
CONTINUOUS
10
1.1925905511811024
20
1.8697086614173228
11
1.213259842519685
21
1.8697086614173228
0
LINE
8
BLACK
6
CONTINUOUS
10
1.213259842519685
20
1.8697086614173228
11
1.2166224409448818
21
1.8692659842519685
0
LINE
8
BLACK
6
CONTINUOUS
10
2.5520791338582676
20
1.9048092913385826
11
2.5561685039370077
21
1.9029023622047243
0
LINE
8
BLACK
6
CONTINUOUS
10
2.5561685039370077
20
1.9029023622047243
11
2.5593590551181102
21
1.899711811023622
0
LINE
8
BLACK
6
CONTINUOUS
10
2.5593590551181102
20
1.899711811023622
11
2.5612659842519685
21
1.8956224409448819
0
LINE
8
BLACK
6
CONTINUOUS
10
2.5612659842519685
20
1.8956224409448819
11
2.5617086614173226
21
1.892259842519685
0
LINE
8
BLACK
6
CONTINUOUS
10
2.5617086614173226
20
1.892259842519685
11
2.5617086614173226
21
1.8715905511811024
0
LINE
8
BLACK
6
CONTINUOUS
10
2.5617086614173226
20
1.8715905511811024
11
2.5612659842519685
21
1.8682279527559054
0
LINE
8
BLACK
6
CONTINUOUS
10
2.5612659842519685
20
1.8682279527559054
11
2.5593590551181102
21
1.8641385826771653
0
LINE
8
BLACK
6
CONTINUOUS
10
2.5593590551181102
20
1.8641385826771653
11
2.5561685039370077
21
1.8609480314960629
0
LINE
8
BLACK
6
CONTINUOUS
10
2.5561685039370077
20
1.8609480314960629
11
2.5520791338582676
21
1.8590411023622047
0
LINE
8
BLACK
6
CONTINUOUS
10
2.5520791338582676
20
1.8590411023622047
11
2.548716535433071
21
1.8585984251968504
0
LINE
8
BLACK
6
CONTINUOUS
10
2.548716535433071
20
1.8585984251968504
11
2.5132834645669289
21
1.8585984251968504
0
LINE
8
BLACK
6
CONTINUOUS
10
2.5132834645669289
20
1.8585984251968504
11
2.5099208661417323
21
1.8590411023622047
0
LINE
8
BLACK
6
CONTINUOUS
10
2.5099208661417323
20
1.8590411023622047
11
2.5058314960629922
21
1.8609480314960629
0
LINE
8
BLACK
6
CONTINUOUS
10
2.5058314960629922
20
1.8609480314960629
11
2.5026409448818896
21
1.8641385826771653
0
LINE
8
BLACK
6
CONTINUOUS
10
2.5026409448818896
20
1.8641385826771653
11
2.5007340157480313
21
1.8682279527559054
0
LINE
8
BLACK
6
CONTINUOUS
10
2.5007340157480313
20
1.8682279527559054
11
2.5002913385826773
21
1.8715905511811024
0
LINE
8
BLACK
6
CONTINUOUS
10
2.5002913385826773
20
1.8715905511811024
11
2.5002913385826773
21
1.892259842519685
0
LINE
8
BLACK
6
CONTINUOUS
10
2.5002913385826773
20
1.892259842519685
11
2.5007340157480313
21
1.8956224409448819
0
LINE
8
BLACK
6
CONTINUOUS
10
2.5007340157480313
20
1.8956224409448819
11
2.5026409448818896
21
1.899711811023622
0
LINE
8
BLACK
6
CONTINUOUS
10
2.5026409448818896
20
1.899711811023622
11
2.5058314960629922
21
1.9029023622047243
0
LINE
8
BLACK
6
CONTINUOUS
10
2.5058314960629922
20
1.9029023622047243
11
2.5099208661417323
21
1.9048092913385826
0
LINE
8
BLACK
6
CONTINUOUS
10
2.5099208661417323
20
1.9048092913385826
11
2.5132834645669289
21
1.9052519685039369
0
LINE
8
BLACK
6
CONTINUOUS
10
2.5132834645669289
20
1.9052519685039369
11
2.548716535433071
21
1.9052519685039369
0
LINE
8
BLACK
6
CONTINUOUS
10
2.548716535433071
20
1.9052519685039369
11
2.5520791338582676
21
1.9048092913385826
0
LINE
8
BLACK
6
CONTINUOUS
10
0.4203117716535433
20
2.1195465748031497
11
0.4335690157480315
21
2.1165206692913388
0
LINE
8
BLACK
6
CONTINUOUS
10
0.4335690157480315
20
2.1165206692913388
11
0.4464041338582677
21
2.1120294881889765
0
LINE
8
BLACK
6
CONTINUOUS
10
0.4464041338582677
20
2.1120294881889765
11
0.4586556692913386
21
2.1061294488188977
0
LINE
8
BLACK
6
CONTINUOUS
10
0.4586556692913386
20
2.1061294488188977
11
0.4701696062992126
21
2.0988947637795277
0
LINE
8
BLACK
6
CONTINUOUS
10
0.4701696062992126
20
2.0988947637795277
11
0.480801062992126
21
2.0904164566929135
0
LINE
8
BLACK
6
CONTINUOUS
10
0.480801062992126
20
2.0904164566929135
11
0.4904164566929134
21
2.0808010629921259
0
LINE
8
BLACK
6
CONTINUOUS
10
0.4904164566929134
20
2.0808010629921259
11
0.4988947637795276
21
2.0701696062992125
0
LINE
8
BLACK
6
CONTINUOUS
10
0.4988947637795276
20
2.0701696062992125
11
0.5061294488188977
21
2.0586556692913387
0
LINE
8
BLACK
6
CONTINUOUS
10
0.5061294488188977
20
2.0586556692913387
11
0.5120294881889763
21
2.0464041338582675
0
LINE
8
BLACK
6
CONTINUOUS
10
0.5120294881889763
20
2.0464041338582675
11
0.5165206692913386
21
2.0335690157480313
0
LINE
8
BLACK
6
CONTINUOUS
10
0.5165206692913386
20
2.0335690157480313
11
0.5195465748031496
21
2.0203117716535433
0
LINE
8
BLACK
6
CONTINUOUS
10
0.5195465748031496
20
2.0203117716535433
11
0.5210690944881889
21
2.0067990944881888
0
LINE
8
BLACK
6
CONTINUOUS
10
0.5210690944881889
20
2.0067990944881888
11
0.5210690944881889
21
1.9932009055118109
0
LINE
8
BLACK
6
CONTINUOUS
10
0.5210690944881889
20
1.9932009055118109
11
0.5195465748031496
21
1.9796882283464567
0
LINE
8
BLACK
6
CONTINUOUS
10
0.5195465748031496
20
1.9796882283464567
11
0.5165206692913386
21
1.9664309842519685
0
LINE
8
BLACK
6
CONTINUOUS
10
0.5165206692913386
20
1.9664309842519685
11
0.5120294881889763
21
1.9535958661417323
0
LINE
8
BLACK
6
CONTINUOUS
10
0.5120294881889763
20
1.9535958661417323
11
0.5061294488188977
21
1.9413443307086613
0
LINE
8
BLACK
6
CONTINUOUS
10
0.5061294488188977
20
1.9413443307086613
11
0.4988947637795276
21
1.9298303937007875
0
LINE
8
BLACK
6
CONTINUOUS
10
0.4988947637795276
20
1.9298303937007875
11
0.4904164566929134
21
1.9191989370078739
0
LINE
8
BLACK
6
CONTINUOUS
10
0.4904164566929134
20
1.9191989370078739
11
0.480801062992126
21
1.9095835433070865
0
LINE
8
BLACK
6
CONTINUOUS
10
0.480801062992126
20
1.9095835433070865
11
0.4701696062992126
21
1.9011052362204723
0
LINE
8
BLACK
6
CONTINUOUS
10
0.4701696062992126
20
1.9011052362204723
11
0.4586556692913386
21
1.8938705511811023
0
LINE
8
BLACK
6
CONTINUOUS
10
0.4586556692913386
20
1.8938705511811023
11
0.4464041338582677
21
1.8879705118110235
0
LINE
8
BLACK
6
CONTINUOUS
10
0.4464041338582677
20
1.8879705118110235
11
0.4335690157480315
21
1.8834793307086615
0
LINE
8
BLACK
6
CONTINUOUS
10
0.4335690157480315
20
1.8834793307086615
11
0.4203117716535433
21
1.8804534251968503
0
LINE
8
BLACK
6
CONTINUOUS
10
0.4203117716535433
20
1.8804534251968503
11
0.406799094488189
21
1.8789309055118111
0
LINE
8
BLACK
6
CONTINUOUS
10
0.406799094488189
20
1.8789309055118111
11
0.393200905511811
21
1.8789309055118111
0
LINE
8
BLACK
6
CONTINUOUS
10
0.393200905511811
20
1.8789309055118111
11
0.3796882283464567
21
1.8804534251968503
0
LINE
8
BLACK
6
CONTINUOUS
10
0.3796882283464567
20
1.8804534251968503
11
0.3664309842519685
21
1.8834793307086615
0
LINE
8
BLACK
6
CONTINUOUS
10
0.3664309842519685
20
1.8834793307086615
11
0.3535958661417323
21
1.8879705118110235
0
LINE
8
BLACK
6
CONTINUOUS
10
0.3535958661417323
20
1.8879705118110235
11
0.3413443307086614
21
1.8938705511811023
0
LINE
8
BLACK
6
CONTINUOUS
10
0.3413443307086614
20
1.8938705511811023
11
0.3298303937007874
21
1.9011052362204723
0
LINE
8
BLACK
6
CONTINUOUS
10
0.3298303937007874
20
1.9011052362204723
11
0.319198937007874
21
1.9095835433070865
0
LINE
8
BLACK
6
CONTINUOUS
10
0.319198937007874
20
1.9095835433070865
11
0.3095835433070866
21
1.9191989370078739
0
LINE
8
BLACK
6
CONTINUOUS
10
0.3095835433070866
20
1.9191989370078739
11
0.3011052362204724
21
1.9298303937007875
0
LINE
8
BLACK
6
CONTINUOUS
10
0.3011052362204724
20
1.9298303937007875
11
0.2938705511811023
21
1.9413443307086613
0
LINE
8
BLACK
6
CONTINUOUS
10
0.2938705511811023
20
1.9413443307086613
11
0.2879705118110236
21
1.9535958661417323
0
LINE
8
BLACK
6
CONTINUOUS
10
0.2879705118110236
20
1.9535958661417323
11
0.2834793307086614
21
1.9664309842519685
0
LINE
8
BLACK
6
CONTINUOUS
10
0.2834793307086614
20
1.9664309842519685
11
0.2804534251968504
21
1.9796882283464567
0
LINE
8
BLACK
6
CONTINUOUS
10
0.2804534251968504
20
1.9796882283464567
11
0.278930905511811
21
1.9932009055118109
0
LINE
8
BLACK
6
CONTINUOUS
10
0.278930905511811
20
1.9932009055118109
11
0.278930905511811
21
2.0067990944881888
0
LINE
8
BLACK
6
CONTINUOUS
10
0.278930905511811
20
2.0067990944881888
11
0.2804534251968504
21
2.0203117716535433
0
LINE
8
BLACK
6
CONTINUOUS
10
0.2804534251968504
20
2.0203117716535433
11
0.2834793307086614
21
2.0335690157480313
0
LINE
8
BLACK
6
CONTINUOUS
10
0.2834793307086614
20
2.0335690157480313
11
0.2879705118110236
21
2.0464041338582675
0
LINE
8
BLACK
6
CONTINUOUS
10
0.2879705118110236
20
2.0464041338582675
11
0.2938705511811023
21
2.0586556692913387
0
LINE
8
BLACK
6
CONTINUOUS
10
0.2938705511811023
20
2.0586556692913387
11
0.3011052362204724
21
2.0701696062992125
0
LINE
8
BLACK
6
CONTINUOUS
10
0.3011052362204724
20
2.0701696062992125
11
0.3095835433070866
21
2.0808010629921259
0
LINE
8
BLACK
6
CONTINUOUS
10
0.3095835433070866
20
2.0808010629921259
11
0.319198937007874
21
2.0904164566929135
0
LINE
8
BLACK
6
CONTINUOUS
10
0.319198937007874
20
2.0904164566929135
11
0.3298303937007874
21
2.0988947637795277
0
LINE
8
BLACK
6
CONTINUOUS
10
0.3298303937007874
20
2.0988947637795277
11
0.3413443307086614
21
2.1061294488188977
0
LINE
8
BLACK
6
CONTINUOUS
10
0.3413443307086614
20
2.1061294488188977
11
0.3535958661417323
21
2.1120294881889765
0
LINE
8
BLACK
6
CONTINUOUS
10
0.3535958661417323
20
2.1120294881889765
11
0.3664309842519685
21
2.1165206692913388
0
LINE
8
BLACK
6
CONTINUOUS
10
0.3664309842519685
20
2.1165206692913388
11
0.3796882283464567
21
2.1195465748031497
0
LINE
8
BLACK
6
CONTINUOUS
10
0.3796882283464567
20
2.1195465748031497
11
0.393200905511811
21
2.1210690944881891
0
LINE
8
BLACK
6
CONTINUOUS
10
0.393200905511811
20
2.1210690944881891
11
0.406799094488189
21
2.1210690944881891
0
LINE
8
BLACK
6
CONTINUOUS
10
0.406799094488189
20
2.1210690944881891
11
0.4203117716535433
21
2.1195465748031497
0
LINE
8
BLACK
6
CONTINUOUS
10
2.8203117716535431
20
2.1195465748031497
11
2.8335690157480315
21
2.1165206692913388
0
LINE
8
BLACK
6
CONTINUOUS
10
2.8335690157480315
20
2.1165206692913388
11
2.8464041338582677
21
2.1120294881889765
0
LINE
8
BLACK
6
CONTINUOUS
10
2.8464041338582677
20
2.1120294881889765
11
2.8586556692913385
21
2.1061294488188977
0
LINE
8
BLACK
6
CONTINUOUS
10
2.8586556692913385
20
2.1061294488188977
11
2.8701696062992124
21
2.0988947637795277
0
LINE
8
BLACK
6
CONTINUOUS
10
2.8701696062992124
20
2.0988947637795277
11
2.8808010629921261
21
2.0904164566929135
0
LINE
8
BLACK
6
CONTINUOUS
10
2.8808010629921261
20
2.0904164566929135
11
2.8904164566929134
21
2.0808010629921259
0
LINE
8
BLACK
6
CONTINUOUS
10
2.8904164566929134
20
2.0808010629921259
11
2.8988947637795275
21
2.0701696062992125
0
LINE
8
BLACK
6
CONTINUOUS
10
2.8988947637795275
20
2.0701696062992125
11
2.9061294488188976
21
2.0586556692913387
0
LINE
8
BLACK
6
CONTINUOUS
10
2.9061294488188976
20
2.0586556692913387
11
2.9120294881889763
21
2.0464041338582675
0
LINE
8
BLACK
6
CONTINUOUS
10
2.9120294881889763
20
2.0464041338582675
11
2.9165206692913386
21
2.0335690157480313
0
LINE
8
BLACK
6
CONTINUOUS
10
2.9165206692913386
20
2.0335690157480313
11
2.9195465748031495
21
2.0203117716535433
0
LINE
8
BLACK
6
CONTINUOUS
10
2.9195465748031495
20
2.0203117716535433
11
2.921069094488189
21
2.0067990944881888
0
LINE
8
BLACK
6
CONTINUOUS
10
2.921069094488189
20
2.0067990944881888
11
2.921069094488189
21
1.9932009055118109
0
LINE
8
BLACK
6
CONTINUOUS
10
2.921069094488189
20
1.9932009055118109
11
2.9195465748031495
21
1.9796882283464567
0
LINE
8
BLACK
6
CONTINUOUS
10
2.9195465748031495
20
1.9796882283464567
11
2.9165206692913386
21
1.9664309842519685
0
LINE
8
BLACK
6
CONTINUOUS
10
2.9165206692913386
20
1.9664309842519685
11
2.9120294881889763
21
1.9535958661417323
0
LINE
8
BLACK
6
CONTINUOUS
10
2.9120294881889763
20
1.9535958661417323
11
2.9061294488188976
21
1.9413443307086613
0
LINE
8
BLACK
6
CONTINUOUS
10
2.9061294488188976
20
1.9413443307086613
11
2.8988947637795275
21
1.9298303937007875
0
LINE
8
BLACK
6
CONTINUOUS
10
2.8988947637795275
20
1.9298303937007875
11
2.8904164566929134
21
1.9191989370078739
0
LINE
8
BLACK
6
CONTINUOUS
10
2.8904164566929134
20
1.9191989370078739
11
2.8808010629921261
21
1.9095835433070865
0
LINE
8
BLACK
6
CONTINUOUS
10
2.8808010629921261
20
1.9095835433070865
11
2.8701696062992124
21
1.9011052362204723
0
LINE
8
BLACK
6
CONTINUOUS
10
2.8701696062992124
20
1.9011052362204723
11
2.8586556692913385
21
1.8938705511811023
0
LINE
8
BLACK
6
CONTINUOUS
10
2.8586556692913385
20
1.8938705511811023
11
2.8464041338582677
21
1.8879705118110235
0
LINE
8
BLACK
6
CONTINUOUS
10
2.8464041338582677
20
1.8879705118110235
11
2.8335690157480315
21
1.8834793307086615
0
LINE
8
BLACK
6
CONTINUOUS
10
2.8335690157480315
20
1.8834793307086615
11
2.8203117716535431
21
1.8804534251968503
0
LINE
8
BLACK
6
CONTINUOUS
10
2.8203117716535431
20
1.8804534251968503
11
2.8067990944881891
21
1.8789309055118111
0
LINE
8
BLACK
6
CONTINUOUS
10
2.8067990944881891
20
1.8789309055118111
11
2.793200905511811
21
1.8789309055118111
0
LINE
8
BLACK
6
CONTINUOUS
10
2.793200905511811
20
1.8789309055118111
11
2.7796882283464566
21
1.8804534251968503
0
LINE
8
BLACK
6
CONTINUOUS
10
2.7796882283464566
20
1.8804534251968503
11
2.7664309842519685
21
1.8834793307086615
0
LINE
8
BLACK
6
CONTINUOUS
10
2.7664309842519685
20
1.8834793307086615
11
2.7535958661417324
21
1.8879705118110235
0
LINE
8
BLACK
6
CONTINUOUS
10
2.7535958661417324
20
1.8879705118110235
11
2.7413443307086616
21
1.8938705511811023
0
LINE
8
BLACK
6
CONTINUOUS
10
2.7413443307086616
20
1.8938705511811023
11
2.7298303937007873
21
1.9011052362204723
0
LINE
8
BLACK
6
CONTINUOUS
10
2.7298303937007873
20
1.9011052362204723
11
2.719198937007874
21
1.9095835433070865
0
LINE
8
BLACK
6
CONTINUOUS
10
2.719198937007874
20
1.9095835433070865
11
2.7095835433070867
21
1.9191989370078739
0
LINE
8
BLACK
6
CONTINUOUS
10
2.7095835433070867
20
1.9191989370078739
11
2.7011052362204722
21
1.9298303937007875
0
LINE
8
BLACK
6
CONTINUOUS
10
2.7011052362204722
20
1.9298303937007875
11
2.6938705511811021
21
1.9413443307086613
0
LINE
8
BLACK
6
CONTINUOUS
10
2.6938705511811021
20
1.9413443307086613
11
2.6879705118110238
21
1.9535958661417323
0
LINE
8
BLACK
6
CONTINUOUS
10
2.6879705118110238
20
1.9535958661417323
11
2.6834793307086615
21
1.9664309842519685
0
LINE
8
BLACK
6
CONTINUOUS
10
2.6834793307086615
20
1.9664309842519685
11
2.6804534251968501
21
1.9796882283464567
0
LINE
8
BLACK
6
CONTINUOUS
10
2.6804534251968501
20
1.9796882283464567
11
2.6789309055118111
21
1.9932009055118109
0
LINE
8
BLACK
6
CONTINUOUS
10
2.6789309055118111
20
1.9932009055118109
11
2.6789309055118111
21
2.0067990944881888
0
LINE
8
BLACK
6
CONTINUOUS
10
2.6789309055118111
20
2.0067990944881888
11
2.6804534251968501
21
2.0203117716535433
0
LINE
8
BLACK
6
CONTINUOUS
10
2.6804534251968501
20
2.0203117716535433
11
2.6834793307086615
21
2.0335690157480313
0
LINE
8
BLACK
6
CONTINUOUS
10
2.6834793307086615
20
2.0335690157480313
11
2.6879705118110238
21
2.0464041338582675
0
LINE
8
BLACK
6
CONTINUOUS
10
2.6879705118110238
20
2.0464041338582675
11
2.6938705511811021
21
2.0586556692913387
0
LINE
8
BLACK
6
CONTINUOUS
10
2.6938705511811021
20
2.0586556692913387
11
2.7011052362204722
21
2.0701696062992125
0
LINE
8
BLACK
6
CONTINUOUS
10
2.7011052362204722
20
2.0701696062992125
11
2.7095835433070867
21
2.0808010629921259
0
LINE
8
BLACK
6
CONTINUOUS
10
2.7095835433070867
20
2.0808010629921259
11
2.719198937007874
21
2.0904164566929135
0
LINE
8
BLACK
6
CONTINUOUS
10
2.719198937007874
20
2.0904164566929135
11
2.7298303937007873
21
2.0988947637795277
0
LINE
8
BLACK
6
CONTINUOUS
10
2.7298303937007873
20
2.0988947637795277
11
2.7413443307086616
21
2.1061294488188977
0
LINE
8
BLACK
6
CONTINUOUS
10
2.7413443307086616
20
2.1061294488188977
11
2.7535958661417324
21
2.1120294881889765
0
LINE
8
BLACK
6
CONTINUOUS
10
2.7535958661417324
20
2.1120294881889765
11
2.7664309842519685
21
2.1165206692913388
0
LINE
8
BLACK
6
CONTINUOUS
10
2.7664309842519685
20
2.1165206692913388
11
2.7796882283464566
21
2.1195465748031497
0
LINE
8
BLACK
6
CONTINUOUS
10
2.7796882283464566
20
2.1195465748031497
11
2.793200905511811
21
2.1210690944881891
0
LINE
8
BLACK
6
CONTINUOUS
10
2.793200905511811
20
2.1210690944881891
11
2.8067990944881891
21
2.1210690944881891
0
LINE
8
BLACK
6
CONTINUOUS
10
2.8067990944881891
20
2.1210690944881891
11
2.8203117716535431
21
2.1195465748031497
0
LINE
8
BLACK
6
CONTINUOUS
10
2.5559688976377952
20
1.9861951181102362
11
2.5600582677165353
21
1.9842881889763779
0
LINE
8
BLACK
6
CONTINUOUS
10
2.5600582677165353
20
1.9842881889763779
11
2.5632488188976379
21
1.9810976377952756
0
LINE
8
BLACK
6
CONTINUOUS
10
2.5632488188976379
20
1.9810976377952756
11
2.5651557480314962
21
1.9770082677165355
0
LINE
8
BLACK
6
CONTINUOUS
10
2.5651557480314962
20
1.9770082677165355
11
2.5655984251968502
21
1.9736456692913384
0
LINE
8
BLACK
6
CONTINUOUS
10
2.5655984251968502
20
1.9736456692913384
11
2.5655984251968502
21
1.9441181102362204
0
LINE
8
BLACK
6
CONTINUOUS
10
2.5655984251968502
20
1.9441181102362204
11
2.5651557480314962
21
1.9407555118110236
0
LINE
8
BLACK
6
CONTINUOUS
10
2.5651557480314962
20
1.9407555118110236
11
2.5632488188976379
21
1.9366661417322835
0
LINE
8
BLACK
6
CONTINUOUS
10
2.5632488188976379
20
1.9366661417322835
11
2.5600582677165353
21
1.9334755905511811
0
LINE
8
BLACK
6
CONTINUOUS
10
2.5600582677165353
20
1.9334755905511811
11
2.5559688976377952
21
1.9315686614173229
0
LINE
8
BLACK
6
CONTINUOUS
10
2.5559688976377952
20
1.9315686614173229
11
2.5526062992125982
21
1.9311259842519684
0
LINE
8
BLACK
6
CONTINUOUS
10
2.5526062992125982
20
1.9311259842519684
11
2.5033937007874014
21
1.9311259842519684
0
LINE
8
BLACK
6
CONTINUOUS
10
2.5033937007874014
20
1.9311259842519684
11
2.5000311023622048
21
1.9315686614173229
0
LINE
8
BLACK
6
CONTINUOUS
10
2.5000311023622048
20
1.9315686614173229
11
2.4959417322834647
21
1.9334755905511811
0
LINE
8
BLACK
6
CONTINUOUS
10
2.4959417322834647
20
1.9334755905511811
11
2.4927511811023622
21
1.9366661417322835
0
LINE
8
BLACK
6
CONTINUOUS
10
2.4927511811023622
20
1.9366661417322835
11
2.4908442519685039
21
1.9407555118110236
0
LINE
8
BLACK
6
CONTINUOUS
10
2.4908442519685039
20
1.9407555118110236
11
2.4904015748031494
21
1.9441181102362204
0
LINE
8
BLACK
6
CONTINUOUS
10
2.4904015748031494
20
1.9441181102362204
11
2.4904015748031494
21
1.9736456692913384
0
LINE
8
BLACK
6
CONTINUOUS
10
2.4904015748031494
20
1.9736456692913384
11
2.4908442519685039
21
1.9770082677165355
0
LINE
8
BLACK
6
CONTINUOUS
10
2.4908442519685039
20
1.9770082677165355
11
2.4927511811023622
21
1.9810976377952756
0
LINE
8
BLACK
6
CONTINUOUS
10
2.4927511811023622
20
1.9810976377952756
11
2.4959417322834647
21
1.9842881889763779
0
LINE
8
BLACK
6
CONTINUOUS
10
2.4959417322834647
20
1.9842881889763779
11
2.5000311023622048
21
1.9861951181102362
0
LINE
8
BLACK
6
CONTINUOUS
10
2.5000311023622048
20
1.9861951181102362
11
2.5033937007874014
21
1.9866377952755905
0
LINE
8
BLACK
6
CONTINUOUS
10
2.5033937007874014
20
1.9866377952755905
11
2.5526062992125982
21
1.9866377952755905
0
LINE
8
BLACK
6
CONTINUOUS
10
2.5526062992125982
20
1.9866377952755905
11
2.5559688976377952
21
1.9861951181102362
0
LINE
8
BLACK
6
CONTINUOUS
10
0.9218096456692914
20
2.007825
11
0.928440905511811
21
2.0050782283464565
0
LINE
8
BLACK
6
CONTINUOUS
10
0.928440905511811
20
2.0050782283464565
11
0.9344088976377952
21
2.0010905511811021
0
LINE
8
BLACK
6
CONTINUOUS
10
0.9344088976377952
20
2.0010905511811021
11
0.9394842519685039
21
1.9960151968503936
0
LINE
8
BLACK
6
CONTINUOUS
10
0.9394842519685039
20
1.9960151968503936
11
0.9434719291338582
21
1.9900472047244093
0
LINE
8
BLACK
6
CONTINUOUS
10
0.9434719291338582
20
1.9900472047244093
11
0.9462187007874016
21
1.9834159448818898
0
LINE
8
BLACK
6
CONTINUOUS
10
0.9462187007874016
20
1.9834159448818898
11
0.9476189763779528
21
1.9763762204724409
0
LINE
8
BLACK
6
CONTINUOUS
10
0.9476189763779528
20
1.9763762204724409
11
0.9476189763779528
21
1.9691985826771654
0
LINE
8
BLACK
6
CONTINUOUS
10
0.9476189763779528
20
1.9691985826771654
11
0.9462187007874016
21
1.9621588582677165
0
LINE
8
BLACK
6
CONTINUOUS
10
0.9462187007874016
20
1.9621588582677165
11
0.9434719291338582
21
1.9555275984251967
0
LINE
8
BLACK
6
CONTINUOUS
10
0.9434719291338582
20
1.9555275984251967
11
0.9394842519685039
21
1.9495596062992127
0
LINE
8
BLACK
6
CONTINUOUS
10
0.9394842519685039
20
1.9495596062992127
11
0.9344088976377952
21
1.9444842519685039
0
LINE
8
BLACK
6
CONTINUOUS
10
0.9344088976377952
20
1.9444842519685039
11
0.928440905511811
21
1.9404965748031495
0
LINE
8
BLACK
6
CONTINUOUS
10
0.928440905511811
20
1.9404965748031495
11
0.9218096456692914
21
1.9377498031496063
0
LINE
8
BLACK
6
CONTINUOUS
10
0.9218096456692914
20
1.9377498031496063
11
0.9147699212598425
21
1.936349527559055
0
LINE
8
BLACK
6
CONTINUOUS
10
0.9147699212598425
20
1.936349527559055
11
0.9075922834645669
21
1.936349527559055
0
LINE
8
BLACK
6
CONTINUOUS
10
0.9075922834645669
20
1.936349527559055
11
0.9005525590551181
21
1.9377498031496063
0
LINE
8
BLACK
6
CONTINUOUS
10
0.9005525590551181
20
1.9377498031496063
11
0.8939212992125984
21
1.9404965748031495
0
LINE
8
BLACK
6
CONTINUOUS
10
0.8939212992125984
20
1.9404965748031495
11
0.8879533070866141
21
1.9444842519685039
0
LINE
8
BLACK
6
CONTINUOUS
10
0.8879533070866141
20
1.9444842519685039
11
0.8828779527559055
21
1.9495596062992127
0
LINE
8
BLACK
6
CONTINUOUS
10
0.8828779527559055
20
1.9495596062992127
11
0.8788902755905511
21
1.9555275984251967
0
LINE
8
BLACK
6
CONTINUOUS
10
0.8788902755905511
20
1.9555275984251967
11
0.8761435039370079
21
1.9621588582677165
0
LINE
8
BLACK
6
CONTINUOUS
10
0.8761435039370079
20
1.9621588582677165
11
0.8747432283464567
21
1.9691985826771654
0
LINE
8
BLACK
6
CONTINUOUS
10
0.8747432283464567
20
1.9691985826771654
11
0.8747432283464567
21
1.9763762204724409
0
LINE
8
BLACK
6
CONTINUOUS
10
0.8747432283464567
20
1.9763762204724409
11
0.8761435039370079
21
1.9834159448818898
0
LINE
8
BLACK
6
CONTINUOUS
10
0.8761435039370079
20
1.9834159448818898
11
0.8788902755905511
21
1.9900472047244093
0
LINE
8
BLACK
6
CONTINUOUS
10
0.8788902755905511
20
1.9900472047244093
11
0.8828779527559055
21
1.9960151968503936
0
LINE
8
BLACK
6
CONTINUOUS
10
0.8828779527559055
20
1.9960151968503936
11
0.8879533070866141
21
2.0010905511811021
0
LINE
8
BLACK
6
CONTINUOUS
10
0.8879533070866141
20
2.0010905511811021
11
0.8939212992125984
21
2.0050782283464565
0
LINE
8
BLACK
6
CONTINUOUS
10
0.8939212992125984
20
2.0050782283464565
11
0.9005525590551181
21
2.007825
0
LINE
8
BLACK
6
CONTINUOUS
10
0.9005525590551181
20
2.007825
11
0.9075922834645669
21
2.0092252755905511
0
LINE
8
BLACK
6
CONTINUOUS
10
0.9075922834645669
20
2.0092252755905511
11
0.9147699212598425
21
2.0092252755905511
0
LINE
8
BLACK
6
CONTINUOUS
10
0.9147699212598425
20
2.0092252755905511
11
0.9218096456692914
21
2.007825
0
LINE
8
BLACK
6
CONTINUOUS
10
1.0218096456692913
20
2.007825
11
1.0284409055118111
21
2.0050782283464565
0
LINE
8
BLACK
6
CONTINUOUS
10
1.0284409055118111
20
2.0050782283464565
11
1.0344088976377952
21
2.0010905511811021
0
LINE
8
BLACK
6
CONTINUOUS
10
1.0344088976377952
20
2.0010905511811021
11
1.0394842519685039
21
1.9960151968503936
0
LINE
8
BLACK
6
CONTINUOUS
10
1.0394842519685039
20
1.9960151968503936
11
1.0434719291338583
21
1.9900472047244093
0
LINE
8
BLACK
6
CONTINUOUS
10
1.0434719291338583
20
1.9900472047244093
11
1.0462187007874015
21
1.9834159448818898
0
LINE
8
BLACK
6
CONTINUOUS
10
1.0462187007874015
20
1.9834159448818898
11
1.0476189763779526
21
1.9763762204724409
0
LINE
8
BLACK
6
CONTINUOUS
10
1.0476189763779526
20
1.9763762204724409
11
1.0476189763779526
21
1.9691985826771654
0
LINE
8
BLACK
6
CONTINUOUS
10
1.0476189763779526
20
1.9691985826771654
11
1.0462187007874015
21
1.9621588582677165
0
LINE
8
BLACK
6
CONTINUOUS
10
1.0462187007874015
20
1.9621588582677165
11
1.0434719291338583
21
1.9555275984251967
0
LINE
8
BLACK
6
CONTINUOUS
10
1.0434719291338583
20
1.9555275984251967
11
1.0394842519685039
21
1.9495596062992127
0
LINE
8
BLACK
6
CONTINUOUS
10
1.0394842519685039
20
1.9495596062992127
11
1.0344088976377952
21
1.9444842519685039
0
LINE
8
BLACK
6
CONTINUOUS
10
1.0344088976377952
20
1.9444842519685039
11
1.0284409055118111
21
1.9404965748031495
0
LINE
8
BLACK
6
CONTINUOUS
10
1.0284409055118111
20
1.9404965748031495
11
1.0218096456692913
21
1.9377498031496063
0
LINE
8
BLACK
6
CONTINUOUS
10
1.0218096456692913
20
1.9377498031496063
11
1.0147699212598424
21
1.936349527559055
0
LINE
8
BLACK
6
CONTINUOUS
10
1.0147699212598424
20
1.936349527559055
11
1.007592283464567
21
1.936349527559055
0
LINE
8
BLACK
6
CONTINUOUS
10
1.007592283464567
20
1.936349527559055
11
1.0005525590551181
21
1.9377498031496063
0
LINE
8
BLACK
6
CONTINUOUS
10
1.0005525590551181
20
1.9377498031496063
11
0.9939212992125984
21
1.9404965748031495
0
LINE
8
BLACK
6
CONTINUOUS
10
0.9939212992125984
20
1.9404965748031495
11
0.9879533070866141
21
1.9444842519685039
0
LINE
8
BLACK
6
CONTINUOUS
10
0.9879533070866141
20
1.9444842519685039
11
0.9828779527559055
21
1.9495596062992127
0
LINE
8
BLACK
6
CONTINUOUS
10
0.9828779527559055
20
1.9495596062992127
11
0.9788902755905512
21
1.9555275984251967
0
LINE
8
BLACK
6
CONTINUOUS
10
0.9788902755905512
20
1.9555275984251967
11
0.9761435039370079
21
1.9621588582677165
0
LINE
8
BLACK
6
CONTINUOUS
10
0.9761435039370079
20
1.9621588582677165
11
0.9747432283464567
21
1.9691985826771654
0
LINE
8
BLACK
6
CONTINUOUS
10
0.9747432283464567
20
1.9691985826771654
11
0.9747432283464567
21
1.9763762204724409
0
LINE
8
BLACK
6
CONTINUOUS
10
0.9747432283464567
20
1.9763762204724409
11
0.9761435039370079
21
1.9834159448818898
0
LINE
8
BLACK
6
CONTINUOUS
10
0.9761435039370079
20
1.9834159448818898
11
0.9788902755905512
21
1.9900472047244093
0
LINE
8
BLACK
6
CONTINUOUS
10
0.9788902755905512
20
1.9900472047244093
11
0.9828779527559055
21
1.9960151968503936
0
LINE
8
BLACK
6
CONTINUOUS
10
0.9828779527559055
20
1.9960151968503936
11
0.9879533070866141
21
2.0010905511811021
0
LINE
8
BLACK
6
CONTINUOUS
10
0.9879533070866141
20
2.0010905511811021
11
0.9939212992125984
21
2.0050782283464565
0
LINE
8
BLACK
6
CONTINUOUS
10
0.9939212992125984
20
2.0050782283464565
11
1.0005525590551181
21
2.007825
0
LINE
8
BLACK
6
CONTINUOUS
10
1.0005525590551181
20
2.007825
11
1.007592283464567
21
2.0092252755905511
0
LINE
8
BLACK
6
CONTINUOUS
10
1.007592283464567
20
2.0092252755905511
11
1.0147699212598424
21
2.0092252755905511
0
LINE
8
BLACK
6
CONTINUOUS
10
1.0147699212598424
20
2.0092252755905511
11
1.0218096456692913
21
2.007825
0
LINE
8
BLACK
6
CONTINUOUS
10
1.1218096456692914
20
2.007825
11
1.128440905511811
21
2.0050782283464565
0
LINE
8
BLACK
6
CONTINUOUS
10
1.128440905511811
20
2.0050782283464565
11
1.1344088976377953
21
2.0010905511811021
0
LINE
8
BLACK
6
CONTINUOUS
10
1.1344088976377953
20
2.0010905511811021
11
1.139484251968504
21
1.9960151968503936
0
LINE
8
BLACK
6
CONTINUOUS
10
1.139484251968504
20
1.9960151968503936
11
1.1434719291338582
21
1.9900472047244093
0
LINE
8
BLACK
6
CONTINUOUS
10
1.1434719291338582
20
1.9900472047244093
11
1.1462187007874016
21
1.9834159448818898
0
LINE
8
BLACK
6
CONTINUOUS
10
1.1462187007874016
20
1.9834159448818898
11
1.1476189763779527
21
1.9763762204724409
0
LINE
8
BLACK
6
CONTINUOUS
10
1.1476189763779527
20
1.9763762204724409
11
1.1476189763779527
21
1.9691985826771654
0
LINE
8
BLACK
6
CONTINUOUS
10
1.1476189763779527
20
1.9691985826771654
11
1.1462187007874016
21
1.9621588582677165
0
LINE
8
BLACK
6
CONTINUOUS
10
1.1462187007874016
20
1.9621588582677165
11
1.1434719291338582
21
1.9555275984251967
0
LINE
8
BLACK
6
CONTINUOUS
10
1.1434719291338582
20
1.9555275984251967
11
1.139484251968504
21
1.9495596062992127
0
LINE
8
BLACK
6
CONTINUOUS
10
1.139484251968504
20
1.9495596062992127
11
1.1344088976377953
21
1.9444842519685039
0
LINE
8
BLACK
6
CONTINUOUS
10
1.1344088976377953
20
1.9444842519685039
11
1.128440905511811
21
1.9404965748031495
0
LINE
8
BLACK
6
CONTINUOUS
10
1.128440905511811
20
1.9404965748031495
11
1.1218096456692914
21
1.9377498031496063
0
LINE
8
BLACK
6
CONTINUOUS
10
1.1218096456692914
20
1.9377498031496063
11
1.1147699212598425
21
1.936349527559055
0
LINE
8
BLACK
6
CONTINUOUS
10
1.1147699212598425
20
1.936349527559055
11
1.1075922834645668
21
1.936349527559055
0
LINE
8
BLACK
6
CONTINUOUS
10
1.1075922834645668
20
1.936349527559055
11
1.1005525590551182
21
1.9377498031496063
0
LINE
8
BLACK
6
CONTINUOUS
10
1.1005525590551182
20
1.9377498031496063
11
1.0939212992125984
21
1.9404965748031495
0
LINE
8
BLACK
6
CONTINUOUS
10
1.0939212992125984
20
1.9404965748031495
11
1.0879533070866141
21
1.9444842519685039
0
LINE
8
BLACK
6
CONTINUOUS
10
1.0879533070866141
20
1.9444842519685039
11
1.0828779527559056
21
1.9495596062992127
0
LINE
8
BLACK
6
CONTINUOUS
10
1.0828779527559056
20
1.9495596062992127
11
1.0788902755905512
21
1.9555275984251967
0
LINE
8
BLACK
6
CONTINUOUS
10
1.0788902755905512
20
1.9555275984251967
11
1.0761435039370078
21
1.9621588582677165
0
LINE
8
BLACK
6
CONTINUOUS
10
1.0761435039370078
20
1.9621588582677165
11
1.0747432283464566
21
1.9691985826771654
0
LINE
8
BLACK
6
CONTINUOUS
10
1.0747432283464566
20
1.9691985826771654
11
1.0747432283464566
21
1.9763762204724409
0
LINE
8
BLACK
6
CONTINUOUS
10
1.0747432283464566
20
1.9763762204724409
11
1.0761435039370078
21
1.9834159448818898
0
LINE
8
BLACK
6
CONTINUOUS
10
1.0761435039370078
20
1.9834159448818898
11
1.0788902755905512
21
1.9900472047244093
0
LINE
8
BLACK
6
CONTINUOUS
10
1.0788902755905512
20
1.9900472047244093
11
1.0828779527559056
21
1.9960151968503936
0
LINE
8
BLACK
6
CONTINUOUS
10
1.0828779527559056
20
1.9960151968503936
11
1.0879533070866141
21
2.0010905511811021
0
LINE
8
BLACK
6
CONTINUOUS
10
1.0879533070866141
20
2.0010905511811021
11
1.0939212992125984
21
2.0050782283464565
0
LINE
8
BLACK
6
CONTINUOUS
10
1.0939212992125984
20
2.0050782283464565
11
1.1005525590551182
21
2.007825
0
LINE
8
BLACK
6
CONTINUOUS
10
1.1005525590551182
20
2.007825
11
1.1075922834645668
21
2.0092252755905511
0
LINE
8
BLACK
6
CONTINUOUS
10
1.1075922834645668
20
2.0092252755905511
11
1.1147699212598425
21
2.0092252755905511
0
LINE
8
BLACK
6
CONTINUOUS
10
1.1147699212598425
20
2.0092252755905511
11
1.1218096456692914
21
2.007825
0
LINE
8
BLACK
6
CONTINUOUS
10
1.2218096456692913
20
2.007825
11
1.2284409055118111
21
2.0050782283464565
0
LINE
8
BLACK
6
CONTINUOUS
10
1.2284409055118111
20
2.0050782283464565
11
1.2344088976377952
21
2.0010905511811021
0
LINE
8
BLACK
6
CONTINUOUS
10
1.2344088976377952
20
2.0010905511811021
11
1.2394842519685039
21
1.9960151968503936
0
LINE
8
BLACK
6
CONTINUOUS
10
1.2394842519685039
20
1.9960151968503936
11
1.2434719291338583
21
1.9900472047244093
0
LINE
8
BLACK
6
CONTINUOUS
10
1.2434719291338583
20
1.9900472047244093
11
1.2462187007874015
21
1.9834159448818898
0
LINE
8
BLACK
6
CONTINUOUS
10
1.2462187007874015
20
1.9834159448818898
11
1.2476189763779528
21
1.9763762204724409
0
LINE
8
BLACK
6
CONTINUOUS
10
1.2476189763779528
20
1.9763762204724409
11
1.2476189763779528
21
1.9691985826771654
0
LINE
8
BLACK
6
CONTINUOUS
10
1.2476189763779528
20
1.9691985826771654
11
1.2462187007874015
21
1.9621588582677165
0
LINE
8
BLACK
6
CONTINUOUS
10
1.2462187007874015
20
1.9621588582677165
11
1.2434719291338583
21
1.9555275984251967
0
LINE
8
BLACK
6
CONTINUOUS
10
1.2434719291338583
20
1.9555275984251967
11
1.2394842519685039
21
1.9495596062992127
0
LINE
8
BLACK
6
CONTINUOUS
10
1.2394842519685039
20
1.9495596062992127
11
1.2344088976377952
21
1.9444842519685039
0
LINE
8
BLACK
6
CONTINUOUS
10
1.2344088976377952
20
1.9444842519685039
11
1.2284409055118111
21
1.9404965748031495
0
LINE
8
BLACK
6
CONTINUOUS
10
1.2284409055118111
20
1.9404965748031495
11
1.2218096456692913
21
1.9377498031496063
0
LINE
8
BLACK
6
CONTINUOUS
10
1.2218096456692913
20
1.9377498031496063
11
1.2147699212598424
21
1.936349527559055
0
LINE
8
BLACK
6
CONTINUOUS
10
1.2147699212598424
20
1.936349527559055
11
1.2075922834645669
21
1.936349527559055
0
LINE
8
BLACK
6
CONTINUOUS
10
1.2075922834645669
20
1.936349527559055
11
1.200552559055118
21
1.9377498031496063
0
LINE
8
BLACK
6
CONTINUOUS
10
1.200552559055118
20
1.9377498031496063
11
1.1939212992125985
21
1.9404965748031495
0
LINE
8
BLACK
6
CONTINUOUS
10
1.1939212992125985
20
1.9404965748031495
11
1.1879533070866142
21
1.9444842519685039
0
LINE
8
BLACK
6
CONTINUOUS
10
1.1879533070866142
20
1.9444842519685039
11
1.1828779527559055
21
1.9495596062992127
0
LINE
8
BLACK
6
CONTINUOUS
10
1.1828779527559055
20
1.9495596062992127
11
1.1788902755905513
21
1.9555275984251967
0
LINE
8
BLACK
6
CONTINUOUS
10
1.1788902755905513
20
1.9555275984251967
11
1.1761435039370078
21
1.9621588582677165
0
LINE
8
BLACK
6
CONTINUOUS
10
1.1761435039370078
20
1.9621588582677165
11
1.1747432283464567
21
1.9691985826771654
0
LINE
8
BLACK
6
CONTINUOUS
10
1.1747432283464567
20
1.9691985826771654
11
1.1747432283464567
21
1.9763762204724409
0
LINE
8
BLACK
6
CONTINUOUS
10
1.1747432283464567
20
1.9763762204724409
11
1.1761435039370078
21
1.9834159448818898
0
LINE
8
BLACK
6
CONTINUOUS
10
1.1761435039370078
20
1.9834159448818898
11
1.1788902755905513
21
1.9900472047244093
0
LINE
8
BLACK
6
CONTINUOUS
10
1.1788902755905513
20
1.9900472047244093
11
1.1828779527559055
21
1.9960151968503936
0
LINE
8
BLACK
6
CONTINUOUS
10
1.1828779527559055
20
1.9960151968503936
11
1.1879533070866142
21
2.0010905511811021
0
LINE
8
BLACK
6
CONTINUOUS
10
1.1879533070866142
20
2.0010905511811021
11
1.1939212992125985
21
2.0050782283464565
0
LINE
8
BLACK
6
CONTINUOUS
10
1.1939212992125985
20
2.0050782283464565
11
1.200552559055118
21
2.007825
0
LINE
8
BLACK
6
CONTINUOUS
10
1.200552559055118
20
2.007825
11
1.2075922834645669
21
2.0092252755905511
0
LINE
8
BLACK
6
CONTINUOUS
10
1.2075922834645669
20
2.0092252755905511
11
1.2147699212598424
21
2.0092252755905511
0
LINE
8
BLACK
6
CONTINUOUS
10
1.2147699212598424
20
2.0092252755905511
11
1.2218096456692913
21
2.007825
0
LINE
8
BLACK
6
CONTINUOUS
10
1.3218096456692914
20
2.007825
11
1.3284409055118109
21
2.0050782283464565
0
LINE
8
BLACK
6
CONTINUOUS
10
1.3284409055118109
20
2.0050782283464565
11
1.3344088976377952
21
2.0010905511811021
0
LINE
8
BLACK
6
CONTINUOUS
10
1.3344088976377952
20
2.0010905511811021
11
1.339484251968504
21
1.9960151968503936
0
LINE
8
BLACK
6
CONTINUOUS
10
1.339484251968504
20
1.9960151968503936
11
1.3434719291338582
21
1.9900472047244093
0
LINE
8
BLACK
6
CONTINUOUS
10
1.3434719291338582
20
1.9900472047244093
11
1.3462187007874016
21
1.9834159448818898
0
LINE
8
BLACK
6
CONTINUOUS
10
1.3462187007874016
20
1.9834159448818898
11
1.3476189763779527
21
1.9763762204724409
0
LINE
8
BLACK
6
CONTINUOUS
10
1.3476189763779527
20
1.9763762204724409
11
1.3476189763779527
21
1.9691985826771654
0
LINE
8
BLACK
6
CONTINUOUS
10
1.3476189763779527
20
1.9691985826771654
11
1.3462187007874016
21
1.9621588582677165
0
LINE
8
BLACK
6
CONTINUOUS
10
1.3462187007874016
20
1.9621588582677165
11
1.3434719291338582
21
1.9555275984251967
0
LINE
8
BLACK
6
CONTINUOUS
10
1.3434719291338582
20
1.9555275984251967
11
1.339484251968504
21
1.9495596062992127
0
LINE
8
BLACK
6
CONTINUOUS
10
1.339484251968504
20
1.9495596062992127
11
1.3344088976377952
21
1.9444842519685039
0
LINE
8
BLACK
6
CONTINUOUS
10
1.3344088976377952
20
1.9444842519685039
11
1.3284409055118109
21
1.9404965748031495
0
LINE
8
BLACK
6
CONTINUOUS
10
1.3284409055118109
20
1.9404965748031495
11
1.3218096456692914
21
1.9377498031496063
0
LINE
8
BLACK
6
CONTINUOUS
10
1.3218096456692914
20
1.9377498031496063
11
1.3147699212598425
21
1.936349527559055
0
LINE
8
BLACK
6
CONTINUOUS
10
1.3147699212598425
20
1.936349527559055
11
1.3075922834645668
21
1.936349527559055
0
LINE
8
BLACK
6
CONTINUOUS
10
1.3075922834645668
20
1.936349527559055
11
1.3005525590551181
21
1.9377498031496063
0
LINE
8
BLACK
6
CONTINUOUS
10
1.3005525590551181
20
1.9377498031496063
11
1.2939212992125984
21
1.9404965748031495
0
LINE
8
BLACK
6
CONTINUOUS
10
1.2939212992125984
20
1.9404965748031495
11
1.287953307086614
21
1.9444842519685039
0
LINE
8
BLACK
6
CONTINUOUS
10
1.287953307086614
20
1.9444842519685039
11
1.2828779527559055
21
1.9495596062992127
0
LINE
8
BLACK
6
CONTINUOUS
10
1.2828779527559055
20
1.9495596062992127
11
1.2788902755905511
21
1.9555275984251967
0
LINE
8
BLACK
6
CONTINUOUS
10
1.2788902755905511
20
1.9555275984251967
11
1.2761435039370079
21
1.9621588582677165
0
LINE
8
BLACK
6
CONTINUOUS
10
1.2761435039370079
20
1.9621588582677165
11
1.2747432283464566
21
1.9691985826771654
0
LINE
8
BLACK
6
CONTINUOUS
10
1.2747432283464566
20
1.9691985826771654
11
1.2747432283464566
21
1.9763762204724409
0
LINE
8
BLACK
6
CONTINUOUS
10
1.2747432283464566
20
1.9763762204724409
11
1.2761435039370079
21
1.9834159448818898
0
LINE
8
BLACK
6
CONTINUOUS
10
1.2761435039370079
20
1.9834159448818898
11
1.2788902755905511
21
1.9900472047244093
0
LINE
8
BLACK
6
CONTINUOUS
10
1.2788902755905511
20
1.9900472047244093
11
1.2828779527559055
21
1.9960151968503936
0
LINE
8
BLACK
6
CONTINUOUS
10
1.2828779527559055
20
1.9960151968503936
11
1.287953307086614
21
2.0010905511811021
0
LINE
8
BLACK
6
CONTINUOUS
10
1.287953307086614
20
2.0010905511811021
11
1.2939212992125984
21
2.0050782283464565
0
LINE
8
BLACK
6
CONTINUOUS
10
1.2939212992125984
20
2.0050782283464565
11
1.3005525590551181
21
2.007825
0
LINE
8
BLACK
6
CONTINUOUS
10
1.3005525590551181
20
2.007825
11
1.3075922834645668
21
2.0092252755905511
0
LINE
8
BLACK
6
CONTINUOUS
10
1.3075922834645668
20
2.0092252755905511
11
1.3147699212598425
21
2.0092252755905511
0
LINE
8
BLACK
6
CONTINUOUS
10
1.3147699212598425
20
2.0092252755905511
11
1.3218096456692914
21
2.007825
0
LINE
8
BLACK
6
CONTINUOUS
10
1.4218096456692912
20
2.007825
11
1.428440905511811
21
2.0050782283464565
0
LINE
8
BLACK
6
CONTINUOUS
10
1.428440905511811
20
2.0050782283464565
11
1.4344088976377953
21
2.0010905511811021
0
LINE
8
BLACK
6
CONTINUOUS
10
1.4344088976377953
20
2.0010905511811021
11
1.4394842519685038
21
1.9960151968503936
0
LINE
8
BLACK
6
CONTINUOUS
10
1.4394842519685038
20
1.9960151968503936
11
1.4434719291338582
21
1.9900472047244093
0
LINE
8
BLACK
6
CONTINUOUS
10
1.4434719291338582
20
1.9900472047244093
11
1.4462187007874014
21
1.9834159448818898
0
LINE
8
BLACK
6
CONTINUOUS
10
1.4462187007874014
20
1.9834159448818898
11
1.4476189763779528
21
1.9763762204724409
0
LINE
8
BLACK
6
CONTINUOUS
10
1.4476189763779528
20
1.9763762204724409
11
1.4476189763779528
21
1.9691985826771654
0
LINE
8
BLACK
6
CONTINUOUS
10
1.4476189763779528
20
1.9691985826771654
11
1.4462187007874014
21
1.9621588582677165
0
LINE
8
BLACK
6
CONTINUOUS
10
1.4462187007874014
20
1.9621588582677165
11
1.4434719291338582
21
1.9555275984251967
0
LINE
8
BLACK
6
CONTINUOUS
10
1.4434719291338582
20
1.9555275984251967
11
1.4394842519685038
21
1.9495596062992127
0
LINE
8
BLACK
6
CONTINUOUS
10
1.4394842519685038
20
1.9495596062992127
11
1.4344088976377953
21
1.9444842519685039
0
LINE
8
BLACK
6
CONTINUOUS
10
1.4344088976377953
20
1.9444842519685039
11
1.428440905511811
21
1.9404965748031495
0
LINE
8
BLACK
6
CONTINUOUS
10
1.428440905511811
20
1.9404965748031495
11
1.4218096456692912
21
1.9377498031496063
0
LINE
8
BLACK
6
CONTINUOUS
10
1.4218096456692912
20
1.9377498031496063
11
1.4147699212598426
21
1.936349527559055
0
LINE
8
BLACK
6
CONTINUOUS
10
1.4147699212598426
20
1.936349527559055
11
1.4075922834645669
21
1.936349527559055
0
LINE
8
BLACK
6
CONTINUOUS
10
1.4075922834645669
20
1.936349527559055
11
1.400552559055118
21
1.9377498031496063
0
LINE
8
BLACK
6
CONTINUOUS
10
1.400552559055118
20
1.9377498031496063
11
1.3939212992125984
21
1.9404965748031495
0
LINE
8
BLACK
6
CONTINUOUS
10
1.3939212992125984
20
1.9404965748031495
11
1.3879533070866141
21
1.9444842519685039
0
LINE
8
BLACK
6
CONTINUOUS
10
1.3879533070866141
20
1.9444842519685039
11
1.3828779527559054
21
1.9495596062992127
0
LINE
8
BLACK
6
CONTINUOUS
10
1.3828779527559054
20
1.9495596062992127
11
1.3788902755905512
21
1.9555275984251967
0
LINE
8
BLACK
6
CONTINUOUS
10
1.3788902755905512
20
1.9555275984251967
11
1.3761435039370078
21
1.9621588582677165
0
LINE
8
BLACK
6
CONTINUOUS
10
1.3761435039370078
20
1.9621588582677165
11
1.3747432283464567
21
1.9691985826771654
0
LINE
8
BLACK
6
CONTINUOUS
10
1.3747432283464567
20
1.9691985826771654
11
1.3747432283464567
21
1.9763762204724409
0
LINE
8
BLACK
6
CONTINUOUS
10
1.3747432283464567
20
1.9763762204724409
11
1.3761435039370078
21
1.9834159448818898
0
LINE
8
BLACK
6
CONTINUOUS
10
1.3761435039370078
20
1.9834159448818898
11
1.3788902755905512
21
1.9900472047244093
0
LINE
8
BLACK
6
CONTINUOUS
10
1.3788902755905512
20
1.9900472047244093
11
1.3828779527559054
21
1.9960151968503936
0
LINE
8
BLACK
6
CONTINUOUS
10
1.3828779527559054
20
1.9960151968503936
11
1.3879533070866141
21
2.0010905511811021
0
LINE
8
BLACK
6
CONTINUOUS
10
1.3879533070866141
20
2.0010905511811021
11
1.3939212992125984
21
2.0050782283464565
0
LINE
8
BLACK
6
CONTINUOUS
10
1.3939212992125984
20
2.0050782283464565
11
1.400552559055118
21
2.007825
0
LINE
8
BLACK
6
CONTINUOUS
10
1.400552559055118
20
2.007825
11
1.4075922834645669
21
2.0092252755905511
0
LINE
8
BLACK
6
CONTINUOUS
10
1.4075922834645669
20
2.0092252755905511
11
1.4147699212598426
21
2.0092252755905511
0
LINE
8
BLACK
6
CONTINUOUS
10
1.4147699212598426
20
2.0092252755905511
11
1.4218096456692912
21
2.007825
0
LINE
8
BLACK
6
CONTINUOUS
10
1.5218096456692913
20
2.007825
11
1.5284409055118109
21
2.0050782283464565
0
LINE
8
BLACK
6
CONTINUOUS
10
1.5284409055118109
20
2.0050782283464565
11
1.5344088976377952
21
2.0010905511811021
0
LINE
8
BLACK
6
CONTINUOUS
10
1.5344088976377952
20
2.0010905511811021
11
1.5394842519685039
21
1.9960151968503936
0
LINE
8
BLACK
6
CONTINUOUS
10
1.5394842519685039
20
1.9960151968503936
11
1.5434719291338583
21
1.9900472047244093
0
LINE
8
BLACK
6
CONTINUOUS
10
1.5434719291338583
20
1.9900472047244093
11
1.5462187007874015
21
1.9834159448818898
0
LINE
8
BLACK
6
CONTINUOUS
10
1.5462187007874015
20
1.9834159448818898
11
1.5476189763779526
21
1.9763762204724409
0
LINE
8
BLACK
6
CONTINUOUS
10
1.5476189763779526
20
1.9763762204724409
11
1.5476189763779526
21
1.9691985826771654
0
LINE
8
BLACK
6
CONTINUOUS
10
1.5476189763779526
20
1.9691985826771654
11
1.5462187007874015
21
1.9621588582677165
0
LINE
8
BLACK
6
CONTINUOUS
10
1.5462187007874015
20
1.9621588582677165
11
1.5434719291338583
21
1.9555275984251967
0
LINE
8
BLACK
6
CONTINUOUS
10
1.5434719291338583
20
1.9555275984251967
11
1.5394842519685039
21
1.9495596062992127
0
LINE
8
BLACK
6
CONTINUOUS
10
1.5394842519685039
20
1.9495596062992127
11
1.5344088976377952
21
1.9444842519685039
0
LINE
8
BLACK
6
CONTINUOUS
10
1.5344088976377952
20
1.9444842519685039
11
1.5284409055118109
21
1.9404965748031495
0
LINE
8
BLACK
6
CONTINUOUS
10
1.5284409055118109
20
1.9404965748031495
11
1.5218096456692913
21
1.9377498031496063
0
LINE
8
BLACK
6
CONTINUOUS
10
1.5218096456692913
20
1.9377498031496063
11
1.5147699212598424
21
1.936349527559055
0
LINE
8
BLACK
6
CONTINUOUS
10
1.5147699212598424
20
1.936349527559055
11
1.507592283464567
21
1.936349527559055
0
LINE
8
BLACK
6
CONTINUOUS
10
1.507592283464567
20
1.936349527559055
11
1.5005525590551181
21
1.9377498031496063
0
LINE
8
BLACK
6
CONTINUOUS
10
1.5005525590551181
20
1.9377498031496063
11
1.4939212992125983
21
1.9404965748031495
0
LINE
8
BLACK
6
CONTINUOUS
10
1.4939212992125983
20
1.9404965748031495
11
1.4879533070866142
21
1.9444842519685039
0
LINE
8
BLACK
6
CONTINUOUS
10
1.4879533070866142
20
1.9444842519685039
11
1.4828779527559055
21
1.9495596062992127
0
LINE
8
BLACK
6
CONTINUOUS
10
1.4828779527559055
20
1.9495596062992127
11
1.4788902755905511
21
1.9555275984251967
0
LINE
8
BLACK
6
CONTINUOUS
10
1.4788902755905511
20
1.9555275984251967
11
1.4761435039370079
21
1.9621588582677165
0
LINE
8
BLACK
6
CONTINUOUS
10
1.4761435039370079
20
1.9621588582677165
11
1.4747432283464568
21
1.9691985826771654
0
LINE
8
BLACK
6
CONTINUOUS
10
1.4747432283464568
20
1.9691985826771654
11
1.4747432283464568
21
1.9763762204724409
0
LINE
8
BLACK
6
CONTINUOUS
10
1.4747432283464568
20
1.9763762204724409
11
1.4761435039370079
21
1.9834159448818898
0
LINE
8
BLACK
6
CONTINUOUS
10
1.4761435039370079
20
1.9834159448818898
11
1.4788902755905511
21
1.9900472047244093
0
LINE
8
BLACK
6
CONTINUOUS
10
1.4788902755905511
20
1.9900472047244093
11
1.4828779527559055
21
1.9960151968503936
0
LINE
8
BLACK
6
CONTINUOUS
10
1.4828779527559055
20
1.9960151968503936
11
1.4879533070866142
21
2.0010905511811021
0
LINE
8
BLACK
6
CONTINUOUS
10
1.4879533070866142
20
2.0010905511811021
11
1.4939212992125983
21
2.0050782283464565
0
LINE
8
BLACK
6
CONTINUOUS
10
1.4939212992125983
20
2.0050782283464565
11
1.5005525590551181
21
2.007825
0
LINE
8
BLACK
6
CONTINUOUS
10
1.5005525590551181
20
2.007825
11
1.507592283464567
21
2.0092252755905511
0
LINE
8
BLACK
6
CONTINUOUS
10
1.507592283464567
20
2.0092252755905511
11
1.5147699212598424
21
2.0092252755905511
0
LINE
8
BLACK
6
CONTINUOUS
10
1.5147699212598424
20
2.0092252755905511
11
1.5218096456692913
21
2.007825
0
LINE
8
BLACK
6
CONTINUOUS
10
1.6218096456692912
20
2.007825
11
1.628440905511811
21
2.0050782283464565
0
LINE
8
BLACK
6
CONTINUOUS
10
1.628440905511811
20
2.0050782283464565
11
1.6344088976377953
21
2.0010905511811021
0
LINE
8
BLACK
6
CONTINUOUS
10
1.6344088976377953
20
2.0010905511811021
11
1.639484251968504
21
1.9960151968503936
0
LINE
8
BLACK
6
CONTINUOUS
10
1.639484251968504
20
1.9960151968503936
11
1.6434719291338582
21
1.9900472047244093
0
LINE
8
BLACK
6
CONTINUOUS
10
1.6434719291338582
20
1.9900472047244093
11
1.6462187007874016
21
1.9834159448818898
0
LINE
8
BLACK
6
CONTINUOUS
10
1.6462187007874016
20
1.9834159448818898
11
1.6476189763779527
21
1.9763762204724409
0
LINE
8
BLACK
6
CONTINUOUS
10
1.6476189763779527
20
1.9763762204724409
11
1.6476189763779527
21
1.9691985826771654
0
LINE
8
BLACK
6
CONTINUOUS
10
1.6476189763779527
20
1.9691985826771654
11
1.6462187007874016
21
1.9621588582677165
0
LINE
8
BLACK
6
CONTINUOUS
10
1.6462187007874016
20
1.9621588582677165
11
1.6434719291338582
21
1.9555275984251967
0
LINE
8
BLACK
6
CONTINUOUS
10
1.6434719291338582
20
1.9555275984251967
11
1.639484251968504
21
1.9495596062992127
0
LINE
8
BLACK
6
CONTINUOUS
10
1.639484251968504
20
1.9495596062992127
11
1.6344088976377953
21
1.9444842519685039
0
LINE
8
BLACK
6
CONTINUOUS
10
1.6344088976377953
20
1.9444842519685039
11
1.628440905511811
21
1.9404965748031495
0
LINE
8
BLACK
6
CONTINUOUS
10
1.628440905511811
20
1.9404965748031495
11
1.6218096456692912
21
1.9377498031496063
0
LINE
8
BLACK
6
CONTINUOUS
10
1.6218096456692912
20
1.9377498031496063
11
1.6147699212598425
21
1.936349527559055
0
LINE
8
BLACK
6
CONTINUOUS
10
1.6147699212598425
20
1.936349527559055
11
1.6075922834645668
21
1.936349527559055
0
LINE
8
BLACK
6
CONTINUOUS
10
1.6075922834645668
20
1.936349527559055
11
1.6005525590551182
21
1.9377498031496063
0
LINE
8
BLACK
6
CONTINUOUS
10
1.6005525590551182
20
1.9377498031496063
11
1.5939212992125984
21
1.9404965748031495
0
LINE
8
BLACK
6
CONTINUOUS
10
1.5939212992125984
20
1.9404965748031495
11
1.5879533070866141
21
1.9444842519685039
0
LINE
8
BLACK
6
CONTINUOUS
10
1.5879533070866141
20
1.9444842519685039
11
1.5828779527559054
21
1.9495596062992127
0
LINE
8
BLACK
6
CONTINUOUS
10
1.5828779527559054
20
1.9495596062992127
11
1.5788902755905512
21
1.9555275984251967
0
LINE
8
BLACK
6
CONTINUOUS
10
1.5788902755905512
20
1.9555275984251967
11
1.5761435039370078
21
1.9621588582677165
0
LINE
8
BLACK
6
CONTINUOUS
10
1.5761435039370078
20
1.9621588582677165
11
1.5747432283464566
21
1.9691985826771654
0
LINE
8
BLACK
6
CONTINUOUS
10
1.5747432283464566
20
1.9691985826771654
11
1.5747432283464566
21
1.9763762204724409
0
LINE
8
BLACK
6
CONTINUOUS
10
1.5747432283464566
20
1.9763762204724409
11
1.5761435039370078
21
1.9834159448818898
0
LINE
8
BLACK
6
CONTINUOUS
10
1.5761435039370078
20
1.9834159448818898
11
1.5788902755905512
21
1.9900472047244093
0
LINE
8
BLACK
6
CONTINUOUS
10
1.5788902755905512
20
1.9900472047244093
11
1.5828779527559054
21
1.9960151968503936
0
LINE
8
BLACK
6
CONTINUOUS
10
1.5828779527559054
20
1.9960151968503936
11
1.5879533070866141
21
2.0010905511811021
0
LINE
8
BLACK
6
CONTINUOUS
10
1.5879533070866141
20
2.0010905511811021
11
1.5939212992125984
21
2.0050782283464565
0
LINE
8
BLACK
6
CONTINUOUS
10
1.5939212992125984
20
2.0050782283464565
11
1.6005525590551182
21
2.007825
0
LINE
8
BLACK
6
CONTINUOUS
10
1.6005525590551182
20
2.007825
11
1.6075922834645668
21
2.0092252755905511
0
LINE
8
BLACK
6
CONTINUOUS
10
1.6075922834645668
20
2.0092252755905511
11
1.6147699212598425
21
2.0092252755905511
0
LINE
8
BLACK
6
CONTINUOUS
10
1.6147699212598425
20
2.0092252755905511
11
1.6218096456692912
21
2.007825
0
LINE
8
BLACK
6
CONTINUOUS
10
1.7218096456692913
20
2.007825
11
1.7284409055118111
21
2.0050782283464565
0
LINE
8
BLACK
6
CONTINUOUS
10
1.7284409055118111
20
2.0050782283464565
11
1.7344088976377952
21
2.0010905511811021
0
LINE
8
BLACK
6
CONTINUOUS
10
1.7344088976377952
20
2.0010905511811021
11
1.7394842519685039
21
1.9960151968503936
0
LINE
8
BLACK
6
CONTINUOUS
10
1.7394842519685039
20
1.9960151968503936
11
1.7434719291338583
21
1.9900472047244093
0
LINE
8
BLACK
6
CONTINUOUS
10
1.7434719291338583
20
1.9900472047244093
11
1.7462187007874015
21
1.9834159448818898
0
LINE
8
BLACK
6
CONTINUOUS
10
1.7462187007874015
20
1.9834159448818898
11
1.7476189763779528
21
1.9763762204724409
0
LINE
8
BLACK
6
CONTINUOUS
10
1.7476189763779528
20
1.9763762204724409
11
1.7476189763779528
21
1.9691985826771654
0
LINE
8
BLACK
6
CONTINUOUS
10
1.7476189763779528
20
1.9691985826771654
11
1.7462187007874015
21
1.9621588582677165
0
LINE
8
BLACK
6
CONTINUOUS
10
1.7462187007874015
20
1.9621588582677165
11
1.7434719291338583
21
1.9555275984251967
0
LINE
8
BLACK
6
CONTINUOUS
10
1.7434719291338583
20
1.9555275984251967
11
1.7394842519685039
21
1.9495596062992127
0
LINE
8
BLACK
6
CONTINUOUS
10
1.7394842519685039
20
1.9495596062992127
11
1.7344088976377952
21
1.9444842519685039
0
LINE
8
BLACK
6
CONTINUOUS
10
1.7344088976377952
20
1.9444842519685039
11
1.7284409055118111
21
1.9404965748031495
0
LINE
8
BLACK
6
CONTINUOUS
10
1.7284409055118111
20
1.9404965748031495
11
1.7218096456692913
21
1.9377498031496063
0
LINE
8
BLACK
6
CONTINUOUS
10
1.7218096456692913
20
1.9377498031496063
11
1.7147699212598424
21
1.936349527559055
0
LINE
8
BLACK
6
CONTINUOUS
10
1.7147699212598424
20
1.936349527559055
11
1.7075922834645669
21
1.936349527559055
0
LINE
8
BLACK
6
CONTINUOUS
10
1.7075922834645669
20
1.936349527559055
11
1.700552559055118
21
1.9377498031496063
0
LINE
8
BLACK
6
CONTINUOUS
10
1.700552559055118
20
1.9377498031496063
11
1.6939212992125985
21
1.9404965748031495
0
LINE
8
BLACK
6
CONTINUOUS
10
1.6939212992125985
20
1.9404965748031495
11
1.6879533070866142
21
1.9444842519685039
0
LINE
8
BLACK
6
CONTINUOUS
10
1.6879533070866142
20
1.9444842519685039
11
1.6828779527559055
21
1.9495596062992127
0
LINE
8
BLACK
6
CONTINUOUS
10
1.6828779527559055
20
1.9495596062992127
11
1.678890275590551
21
1.9555275984251967
0
LINE
8
BLACK
6
CONTINUOUS
10
1.678890275590551
20
1.9555275984251967
11
1.6761435039370078
21
1.9621588582677165
0
LINE
8
BLACK
6
CONTINUOUS
10
1.6761435039370078
20
1.9621588582677165
11
1.6747432283464567
21
1.9691985826771654
0
LINE
8
BLACK
6
CONTINUOUS
10
1.6747432283464567
20
1.9691985826771654
11
1.6747432283464567
21
1.9763762204724409
0
LINE
8
BLACK
6
CONTINUOUS
10
1.6747432283464567
20
1.9763762204724409
11
1.6761435039370078
21
1.9834159448818898
0
LINE
8
BLACK
6
CONTINUOUS
10
1.6761435039370078
20
1.9834159448818898
11
1.678890275590551
21
1.9900472047244093
0
LINE
8
BLACK
6
CONTINUOUS
10
1.678890275590551
20
1.9900472047244093
11
1.6828779527559055
21
1.9960151968503936
0
LINE
8
BLACK
6
CONTINUOUS
10
1.6828779527559055
20
1.9960151968503936
11
1.6879533070866142
21
2.0010905511811021
0
LINE
8
BLACK
6
CONTINUOUS
10
1.6879533070866142
20
2.0010905511811021
11
1.6939212992125985
21
2.0050782283464565
0
LINE
8
BLACK
6
CONTINUOUS
10
1.6939212992125985
20
2.0050782283464565
11
1.700552559055118
21
2.007825
0
LINE
8
BLACK
6
CONTINUOUS
10
1.700552559055118
20
2.007825
11
1.7075922834645669
21
2.0092252755905511
0
LINE
8
BLACK
6
CONTINUOUS
10
1.7075922834645669
20
2.0092252755905511
11
1.7147699212598424
21
2.0092252755905511
0
LINE
8
BLACK
6
CONTINUOUS
10
1.7147699212598424
20
2.0092252755905511
11
1.7218096456692913
21
2.007825
0
LINE
8
BLACK
6
CONTINUOUS
10
1.8218096456692914
20
2.007825
11
1.8284409055118109
21
2.0050782283464565
0
LINE
8
BLACK
6
CONTINUOUS
10
1.8284409055118109
20
2.0050782283464565
11
1.8344088976377952
21
2.0010905511811021
0
LINE
8
BLACK
6
CONTINUOUS
10
1.8344088976377952
20
2.0010905511811021
11
1.839484251968504
21
1.9960151968503936
0
LINE
8
BLACK
6
CONTINUOUS
10
1.839484251968504
20
1.9960151968503936
11
1.8434719291338582
21
1.9900472047244093
0
LINE
8
BLACK
6
CONTINUOUS
10
1.8434719291338582
20
1.9900472047244093
11
1.8462187007874016
21
1.9834159448818898
0
LINE
8
BLACK
6
CONTINUOUS
10
1.8462187007874016
20
1.9834159448818898
11
1.8476189763779527
21
1.9763762204724409
0
LINE
8
BLACK
6
CONTINUOUS
10
1.8476189763779527
20
1.9763762204724409
11
1.8476189763779527
21
1.9691985826771654
0
LINE
8
BLACK
6
CONTINUOUS
10
1.8476189763779527
20
1.9691985826771654
11
1.8462187007874016
21
1.9621588582677165
0
LINE
8
BLACK
6
CONTINUOUS
10
1.8462187007874016
20
1.9621588582677165
11
1.8434719291338582
21
1.9555275984251967
0
LINE
8
BLACK
6
CONTINUOUS
10
1.8434719291338582
20
1.9555275984251967
11
1.839484251968504
21
1.9495596062992127
0
LINE
8
BLACK
6
CONTINUOUS
10
1.839484251968504
20
1.9495596062992127
11
1.8344088976377952
21
1.9444842519685039
0
LINE
8
BLACK
6
CONTINUOUS
10
1.8344088976377952
20
1.9444842519685039
11
1.8284409055118109
21
1.9404965748031495
0
LINE
8
BLACK
6
CONTINUOUS
10
1.8284409055118109
20
1.9404965748031495
11
1.8218096456692914
21
1.9377498031496063
0
LINE
8
BLACK
6
CONTINUOUS
10
1.8218096456692914
20
1.9377498031496063
11
1.8147699212598425
21
1.936349527559055
0
LINE
8
BLACK
6
CONTINUOUS
10
1.8147699212598425
20
1.936349527559055
11
1.8075922834645668
21
1.936349527559055
0
LINE
8
BLACK
6
CONTINUOUS
10
1.8075922834645668
20
1.936349527559055
11
1.8005525590551181
21
1.9377498031496063
0
LINE
8
BLACK
6
CONTINUOUS
10
1.8005525590551181
20
1.9377498031496063
11
1.7939212992125984
21
1.9404965748031495
0
LINE
8
BLACK
6
CONTINUOUS
10
1.7939212992125984
20
1.9404965748031495
11
1.787953307086614
21
1.9444842519685039
0
LINE
8
BLACK
6
CONTINUOUS
10
1.787953307086614
20
1.9444842519685039
11
1.7828779527559055
21
1.9495596062992127
0
LINE
8
BLACK
6
CONTINUOUS
10
1.7828779527559055
20
1.9495596062992127
11
1.7788902755905511
21
1.9555275984251967
0
LINE
8
BLACK
6
CONTINUOUS
10
1.7788902755905511
20
1.9555275984251967
11
1.7761435039370079
21
1.9621588582677165
0
LINE
8
BLACK
6
CONTINUOUS
10
1.7761435039370079
20
1.9621588582677165
11
1.7747432283464566
21
1.9691985826771654
0
LINE
8
BLACK
6
CONTINUOUS
10
1.7747432283464566
20
1.9691985826771654
11
1.7747432283464566
21
1.9763762204724409
0
LINE
8
BLACK
6
CONTINUOUS
10
1.7747432283464566
20
1.9763762204724409
11
1.7761435039370079
21
1.9834159448818898
0
LINE
8
BLACK
6
CONTINUOUS
10
1.7761435039370079
20
1.9834159448818898
11
1.7788902755905511
21
1.9900472047244093
0
LINE
8
BLACK
6
CONTINUOUS
10
1.7788902755905511
20
1.9900472047244093
11
1.7828779527559055
21
1.9960151968503936
0
LINE
8
BLACK
6
CONTINUOUS
10
1.7828779527559055
20
1.9960151968503936
11
1.787953307086614
21
2.0010905511811021
0
LINE
8
BLACK
6
CONTINUOUS
10
1.787953307086614
20
2.0010905511811021
11
1.7939212992125984
21
2.0050782283464565
0
LINE
8
BLACK
6
CONTINUOUS
10
1.7939212992125984
20
2.0050782283464565
11
1.8005525590551181
21
2.007825
0
LINE
8
BLACK
6
CONTINUOUS
10
1.8005525590551181
20
2.007825
11
1.8075922834645668
21
2.0092252755905511
0
LINE
8
BLACK
6
CONTINUOUS
10
1.8075922834645668
20
2.0092252755905511
11
1.8147699212598425
21
2.0092252755905511
0
LINE
8
BLACK
6
CONTINUOUS
10
1.8147699212598425
20
2.0092252755905511
11
1.8218096456692914
21
2.007825
0
LINE
8
BLACK
6
CONTINUOUS
10
1.9218096456692912
20
2.007825
11
1.928440905511811
21
2.0050782283464565
0
LINE
8
BLACK
6
CONTINUOUS
10
1.928440905511811
20
2.0050782283464565
11
1.9344088976377953
21
2.0010905511811021
0
LINE
8
BLACK
6
CONTINUOUS
10
1.9344088976377953
20
2.0010905511811021
11
1.9394842519685038
21
1.9960151968503936
0
LINE
8
BLACK
6
CONTINUOUS
10
1.9394842519685038
20
1.9960151968503936
11
1.9434719291338582
21
1.9900472047244093
0
LINE
8
BLACK
6
CONTINUOUS
10
1.9434719291338582
20
1.9900472047244093
11
1.9462187007874014
21
1.9834159448818898
0
LINE
8
BLACK
6
CONTINUOUS
10
1.9462187007874014
20
1.9834159448818898
11
1.9476189763779528
21
1.9763762204724409
0
LINE
8
BLACK
6
CONTINUOUS
10
1.9476189763779528
20
1.9763762204724409
11
1.9476189763779528
21
1.9691985826771654
0
LINE
8
BLACK
6
CONTINUOUS
10
1.9476189763779528
20
1.9691985826771654
11
1.9462187007874014
21
1.9621588582677165
0
LINE
8
BLACK
6
CONTINUOUS
10
1.9462187007874014
20
1.9621588582677165
11
1.9434719291338582
21
1.9555275984251967
0
LINE
8
BLACK
6
CONTINUOUS
10
1.9434719291338582
20
1.9555275984251967
11
1.9394842519685038
21
1.9495596062992127
0
LINE
8
BLACK
6
CONTINUOUS
10
1.9394842519685038
20
1.9495596062992127
11
1.9344088976377953
21
1.9444842519685039
0
LINE
8
BLACK
6
CONTINUOUS
10
1.9344088976377953
20
1.9444842519685039
11
1.928440905511811
21
1.9404965748031495
0
LINE
8
BLACK
6
CONTINUOUS
10
1.928440905511811
20
1.9404965748031495
11
1.9218096456692912
21
1.9377498031496063
0
LINE
8
BLACK
6
CONTINUOUS
10
1.9218096456692912
20
1.9377498031496063
11
1.9147699212598426
21
1.936349527559055
0
LINE
8
BLACK
6
CONTINUOUS
10
1.9147699212598426
20
1.936349527559055
11
1.9075922834645669
21
1.936349527559055
0
LINE
8
BLACK
6
CONTINUOUS
10
1.9075922834645669
20
1.936349527559055
11
1.900552559055118
21
1.9377498031496063
0
LINE
8
BLACK
6
CONTINUOUS
10
1.900552559055118
20
1.9377498031496063
11
1.8939212992125984
21
1.9404965748031495
0
LINE
8
BLACK
6
CONTINUOUS
10
1.8939212992125984
20
1.9404965748031495
11
1.8879533070866141
21
1.9444842519685039
0
LINE
8
BLACK
6
CONTINUOUS
10
1.8879533070866141
20
1.9444842519685039
11
1.8828779527559054
21
1.9495596062992127
0
LINE
8
BLACK
6
CONTINUOUS
10
1.8828779527559054
20
1.9495596062992127
11
1.8788902755905512
21
1.9555275984251967
0
LINE
8
BLACK
6
CONTINUOUS
10
1.8788902755905512
20
1.9555275984251967
11
1.8761435039370078
21
1.9621588582677165
0
LINE
8
BLACK
6
CONTINUOUS
10
1.8761435039370078
20
1.9621588582677165
11
1.8747432283464567
21
1.9691985826771654
0
LINE
8
BLACK
6
CONTINUOUS
10
1.8747432283464567
20
1.9691985826771654
11
1.8747432283464567
21
1.9763762204724409
0
LINE
8
BLACK
6
CONTINUOUS
10
1.8747432283464567
20
1.9763762204724409
11
1.8761435039370078
21
1.9834159448818898
0
LINE
8
BLACK
6
CONTINUOUS
10
1.8761435039370078
20
1.9834159448818898
11
1.8788902755905512
21
1.9900472047244093
0
LINE
8
BLACK
6
CONTINUOUS
10
1.8788902755905512
20
1.9900472047244093
11
1.8828779527559054
21
1.9960151968503936
0
LINE
8
BLACK
6
CONTINUOUS
10
1.8828779527559054
20
1.9960151968503936
11
1.8879533070866141
21
2.0010905511811021
0
LINE
8
BLACK
6
CONTINUOUS
10
1.8879533070866141
20
2.0010905511811021
11
1.8939212992125984
21
2.0050782283464565
0
LINE
8
BLACK
6
CONTINUOUS
10
1.8939212992125984
20
2.0050782283464565
11
1.900552559055118
21
2.007825
0
LINE
8
BLACK
6
CONTINUOUS
10
1.900552559055118
20
2.007825
11
1.9075922834645669
21
2.0092252755905511
0
LINE
8
BLACK
6
CONTINUOUS
10
1.9075922834645669
20
2.0092252755905511
11
1.9147699212598426
21
2.0092252755905511
0
LINE
8
BLACK
6
CONTINUOUS
10
1.9147699212598426
20
2.0092252755905511
11
1.9218096456692912
21
2.007825
0
LINE
8
BLACK
6
CONTINUOUS
10
2.0218096456692911
20
2.007825
11
2.0284409055118111
21
2.0050782283464565
0
LINE
8
BLACK
6
CONTINUOUS
10
2.0284409055118111
20
2.0050782283464565
11
2.0344088976377952
21
2.0010905511811021
0
LINE
8
BLACK
6
CONTINUOUS
10
2.0344088976377952
20
2.0010905511811021
11
2.0394842519685037
21
1.9960151968503936
0
LINE
8
BLACK
6
CONTINUOUS
10
2.0394842519685037
20
1.9960151968503936
11
2.0434719291338581
21
1.9900472047244093
0
LINE
8
BLACK
6
CONTINUOUS
10
2.0434719291338581
20
1.9900472047244093
11
2.0462187007874015
21
1.9834159448818898
0
LINE
8
BLACK
6
CONTINUOUS
10
2.0462187007874015
20
1.9834159448818898
11
2.0476189763779526
21
1.9763762204724409
0
LINE
8
BLACK
6
CONTINUOUS
10
2.0476189763779526
20
1.9763762204724409
11
2.0476189763779526
21
1.9691985826771654
0
LINE
8
BLACK
6
CONTINUOUS
10
2.0476189763779526
20
1.9691985826771654
11
2.0462187007874015
21
1.9621588582677165
0
LINE
8
BLACK
6
CONTINUOUS
10
2.0462187007874015
20
1.9621588582677165
11
2.0434719291338581
21
1.9555275984251967
0
LINE
8
BLACK
6
CONTINUOUS
10
2.0434719291338581
20
1.9555275984251967
11
2.0394842519685037
21
1.9495596062992127
0
LINE
8
BLACK
6
CONTINUOUS
10
2.0394842519685037
20
1.9495596062992127
11
2.0344088976377952
21
1.9444842519685039
0
LINE
8
BLACK
6
CONTINUOUS
10
2.0344088976377952
20
1.9444842519685039
11
2.0284409055118111
21
1.9404965748031495
0
LINE
8
BLACK
6
CONTINUOUS
10
2.0284409055118111
20
1.9404965748031495
11
2.0218096456692911
21
1.9377498031496063
0
LINE
8
BLACK
6
CONTINUOUS
10
2.0218096456692911
20
1.9377498031496063
11
2.0147699212598424
21
1.936349527559055
0
LINE
8
BLACK
6
CONTINUOUS
10
2.0147699212598424
20
1.936349527559055
11
2.0075922834645668
21
1.936349527559055
0
LINE
8
BLACK
6
CONTINUOUS
10
2.0075922834645668
20
1.936349527559055
11
2.0005525590551181
21
1.9377498031496063
0
LINE
8
BLACK
6
CONTINUOUS
10
2.0005525590551181
20
1.9377498031496063
11
1.9939212992125983
21
1.9404965748031495
0
LINE
8
BLACK
6
CONTINUOUS
10
1.9939212992125983
20
1.9404965748031495
11
1.9879533070866142
21
1.9444842519685039
0
LINE
8
BLACK
6
CONTINUOUS
10
1.9879533070866142
20
1.9444842519685039
11
1.9828779527559055
21
1.9495596062992127
0
LINE
8
BLACK
6
CONTINUOUS
10
1.9828779527559055
20
1.9495596062992127
11
1.9788902755905511
21
1.9555275984251967
0
LINE
8
BLACK
6
CONTINUOUS
10
1.9788902755905511
20
1.9555275984251967
11
1.9761435039370079
21
1.9621588582677165
0
LINE
8
BLACK
6
CONTINUOUS
10
1.9761435039370079
20
1.9621588582677165
11
1.9747432283464565
21
1.9691985826771654
0
LINE
8
BLACK
6
CONTINUOUS
10
1.9747432283464565
20
1.9691985826771654
11
1.9747432283464565
21
1.9763762204724409
0
LINE
8
BLACK
6
CONTINUOUS
10
1.9747432283464565
20
1.9763762204724409
11
1.9761435039370079
21
1.9834159448818898
0
LINE
8
BLACK
6
CONTINUOUS
10
1.9761435039370079
20
1.9834159448818898
11
1.9788902755905511
21
1.9900472047244093
0
LINE
8
BLACK
6
CONTINUOUS
10
1.9788902755905511
20
1.9900472047244093
11
1.9828779527559055
21
1.9960151968503936
0
LINE
8
BLACK
6
CONTINUOUS
10
1.9828779527559055
20
1.9960151968503936
11
1.9879533070866142
21
2.0010905511811021
0
LINE
8
BLACK
6
CONTINUOUS
10
1.9879533070866142
20
2.0010905511811021
11
1.9939212992125983
21
2.0050782283464565
0
LINE
8
BLACK
6
CONTINUOUS
10
1.9939212992125983
20
2.0050782283464565
11
2.0005525590551181
21
2.007825
0
LINE
8
BLACK
6
CONTINUOUS
10
2.0005525590551181
20
2.007825
11
2.0075922834645668
21
2.0092252755905511
0
LINE
8
BLACK
6
CONTINUOUS
10
2.0075922834645668
20
2.0092252755905511
11
2.0147699212598424
21
2.0092252755905511
0
LINE
8
BLACK
6
CONTINUOUS
10
2.0147699212598424
20
2.0092252755905511
11
2.0218096456692911
21
2.007825
0
LINE
8
BLACK
6
CONTINUOUS
10
2.1218096456692912
20
2.007825
11
2.1284409055118108
21
2.0050782283464565
0
LINE
8
BLACK
6
CONTINUOUS
10
2.1284409055118108
20
2.0050782283464565
11
2.1344088976377953
21
2.0010905511811021
0
LINE
8
BLACK
6
CONTINUOUS
10
2.1344088976377953
20
2.0010905511811021
11
2.1394842519685038
21
1.9960151968503936
0
LINE
8
BLACK
6
CONTINUOUS
10
2.1394842519685038
20
1.9960151968503936
11
2.1434719291338582
21
1.9900472047244093
0
LINE
8
BLACK
6
CONTINUOUS
10
2.1434719291338582
20
1.9900472047244093
11
2.1462187007874016
21
1.9834159448818898
0
LINE
8
BLACK
6
CONTINUOUS
10
2.1462187007874016
20
1.9834159448818898
11
2.1476189763779527
21
1.9763762204724409
0
LINE
8
BLACK
6
CONTINUOUS
10
2.1476189763779527
20
1.9763762204724409
11
2.1476189763779527
21
1.9691985826771654
0
LINE
8
BLACK
6
CONTINUOUS
10
2.1476189763779527
20
1.9691985826771654
11
2.1462187007874016
21
1.9621588582677165
0
LINE
8
BLACK
6
CONTINUOUS
10
2.1462187007874016
20
1.9621588582677165
11
2.1434719291338582
21
1.9555275984251967
0
LINE
8
BLACK
6
CONTINUOUS
10
2.1434719291338582
20
1.9555275984251967
11
2.1394842519685038
21
1.9495596062992127
0
LINE
8
BLACK
6
CONTINUOUS
10
2.1394842519685038
20
1.9495596062992127
11
2.1344088976377953
21
1.9444842519685039
0
LINE
8
BLACK
6
CONTINUOUS
10
2.1344088976377953
20
1.9444842519685039
11
2.1284409055118108
21
1.9404965748031495
0
LINE
8
BLACK
6
CONTINUOUS
10
2.1284409055118108
20
1.9404965748031495
11
2.1218096456692912
21
1.9377498031496063
0
LINE
8
BLACK
6
CONTINUOUS
10
2.1218096456692912
20
1.9377498031496063
11
2.1147699212598425
21
1.936349527559055
0
LINE
8
BLACK
6
CONTINUOUS
10
2.1147699212598425
20
1.936349527559055
11
2.1075922834645668
21
1.936349527559055
0
LINE
8
BLACK
6
CONTINUOUS
10
2.1075922834645668
20
1.936349527559055
11
2.1005525590551182
21
1.9377498031496063
0
LINE
8
BLACK
6
CONTINUOUS
10
2.1005525590551182
20
1.9377498031496063
11
2.0939212992125982
21
1.9404965748031495
0
LINE
8
BLACK
6
CONTINUOUS
10
2.0939212992125982
20
1.9404965748031495
11
2.0879533070866141
21
1.9444842519685039
0
LINE
8
BLACK
6
CONTINUOUS
10
2.0879533070866141
20
1.9444842519685039
11
2.0828779527559056
21
1.9495596062992127
0
LINE
8
BLACK
6
CONTINUOUS
10
2.0828779527559056
20
1.9495596062992127
11
2.0788902755905512
21
1.9555275984251967
0
LINE
8
BLACK
6
CONTINUOUS
10
2.0788902755905512
20
1.9555275984251967
11
2.0761435039370078
21
1.9621588582677165
0
LINE
8
BLACK
6
CONTINUOUS
10
2.0761435039370078
20
1.9621588582677165
11
2.0747432283464566
21
1.9691985826771654
0
LINE
8
BLACK
6
CONTINUOUS
10
2.0747432283464566
20
1.9691985826771654
11
2.0747432283464566
21
1.9763762204724409
0
LINE
8
BLACK
6
CONTINUOUS
10
2.0747432283464566
20
1.9763762204724409
11
2.0761435039370078
21
1.9834159448818898
0
LINE
8
BLACK
6
CONTINUOUS
10
2.0761435039370078
20
1.9834159448818898
11
2.0788902755905512
21
1.9900472047244093
0
LINE
8
BLACK
6
CONTINUOUS
10
2.0788902755905512
20
1.9900472047244093
11
2.0828779527559056
21
1.9960151968503936
0
LINE
8
BLACK
6
CONTINUOUS
10
2.0828779527559056
20
1.9960151968503936
11
2.0879533070866141
21
2.0010905511811021
0
LINE
8
BLACK
6
CONTINUOUS
10
2.0879533070866141
20
2.0010905511811021
11
2.0939212992125982
21
2.0050782283464565
0
LINE
8
BLACK
6
CONTINUOUS
10
2.0939212992125982
20
2.0050782283464565
11
2.1005525590551182
21
2.007825
0
LINE
8
BLACK
6
CONTINUOUS
10
2.1005525590551182
20
2.007825
11
2.1075922834645668
21
2.0092252755905511
0
LINE
8
BLACK
6
CONTINUOUS
10
2.1075922834645668
20
2.0092252755905511
11
2.1147699212598425
21
2.0092252755905511
0
LINE
8
BLACK
6
CONTINUOUS
10
2.1147699212598425
20
2.0092252755905511
11
2.1218096456692912
21
2.007825
0
LINE
8
BLACK
6
CONTINUOUS
10
2.2218096456692913
20
2.007825
11
2.2284409055118108
21
2.0050782283464565
0
LINE
8
BLACK
6
CONTINUOUS
10
2.2284409055118108
20
2.0050782283464565
11
2.2344088976377954
21
2.0010905511811021
0
LINE
8
BLACK
6
CONTINUOUS
10
2.2344088976377954
20
2.0010905511811021
11
2.2394842519685039
21
1.9960151968503936
0
LINE
8
BLACK
6
CONTINUOUS
10
2.2394842519685039
20
1.9960151968503936
11
2.2434719291338583
21
1.9900472047244093
0
LINE
8
BLACK
6
CONTINUOUS
10
2.2434719291338583
20
1.9900472047244093
11
2.2462187007874017
21
1.9834159448818898
0
LINE
8
BLACK
6
CONTINUOUS
10
2.2462187007874017
20
1.9834159448818898
11
2.2476189763779528
21
1.9763762204724409
0
LINE
8
BLACK
6
CONTINUOUS
10
2.2476189763779528
20
1.9763762204724409
11
2.2476189763779528
21
1.9691985826771654
0
LINE
8
BLACK
6
CONTINUOUS
10
2.2476189763779528
20
1.9691985826771654
11
2.2462187007874017
21
1.9621588582677165
0
LINE
8
BLACK
6
CONTINUOUS
10
2.2462187007874017
20
1.9621588582677165
11
2.2434719291338583
21
1.9555275984251967
0
LINE
8
BLACK
6
CONTINUOUS
10
2.2434719291338583
20
1.9555275984251967
11
2.2394842519685039
21
1.9495596062992127
0
LINE
8
BLACK
6
CONTINUOUS
10
2.2394842519685039
20
1.9495596062992127
11
2.2344088976377954
21
1.9444842519685039
0
LINE
8
BLACK
6
CONTINUOUS
10
2.2344088976377954
20
1.9444842519685039
11
2.2284409055118108
21
1.9404965748031495
0
LINE
8
BLACK
6
CONTINUOUS
10
2.2284409055118108
20
1.9404965748031495
11
2.2218096456692913
21
1.9377498031496063
0
LINE
8
BLACK
6
CONTINUOUS
10
2.2218096456692913
20
1.9377498031496063
11
2.2147699212598426
21
1.936349527559055
0
LINE
8
BLACK
6
CONTINUOUS
10
2.2147699212598426
20
1.936349527559055
11
2.2075922834645669
21
1.936349527559055
0
LINE
8
BLACK
6
CONTINUOUS
10
2.2075922834645669
20
1.936349527559055
11
2.2005525590551183
21
1.9377498031496063
0
LINE
8
BLACK
6
CONTINUOUS
10
2.2005525590551183
20
1.9377498031496063
11
2.1939212992125983
21
1.9404965748031495
0
LINE
8
BLACK
6
CONTINUOUS
10
2.1939212992125983
20
1.9404965748031495
11
2.1879533070866142
21
1.9444842519685039
0
LINE
8
BLACK
6
CONTINUOUS
10
2.1879533070866142
20
1.9444842519685039
11
2.1828779527559057
21
1.9495596062992127
0
LINE
8
BLACK
6
CONTINUOUS
10
2.1828779527559057
20
1.9495596062992127
11
2.1788902755905513
21
1.9555275984251967
0
LINE
8
BLACK
6
CONTINUOUS
10
2.1788902755905513
20
1.9555275984251967
11
2.1761435039370078
21
1.9621588582677165
0
LINE
8
BLACK
6
CONTINUOUS
10
2.1761435039370078
20
1.9621588582677165
11
2.1747432283464567
21
1.9691985826771654
0
LINE
8
BLACK
6
CONTINUOUS
10
2.1747432283464567
20
1.9691985826771654
11
2.1747432283464567
21
1.9763762204724409
0
LINE
8
BLACK
6
CONTINUOUS
10
2.1747432283464567
20
1.9763762204724409
11
2.1761435039370078
21
1.9834159448818898
0
LINE
8
BLACK
6
CONTINUOUS
10
2.1761435039370078
20
1.9834159448818898
11
2.1788902755905513
21
1.9900472047244093
0
LINE
8
BLACK
6
CONTINUOUS
10
2.1788902755905513
20
1.9900472047244093
11
2.1828779527559057
21
1.9960151968503936
0
LINE
8
BLACK
6
CONTINUOUS
10
2.1828779527559057
20
1.9960151968503936
11
2.1879533070866142
21
2.0010905511811021
0
LINE
8
BLACK
6
CONTINUOUS
10
2.1879533070866142
20
2.0010905511811021
11
2.1939212992125983
21
2.0050782283464565
0
LINE
8
BLACK
6
CONTINUOUS
10
2.1939212992125983
20
2.0050782283464565
11
2.2005525590551183
21
2.007825
0
LINE
8
BLACK
6
CONTINUOUS
10
2.2005525590551183
20
2.007825
11
2.2075922834645669
21
2.0092252755905511
0
LINE
8
BLACK
6
CONTINUOUS
10
2.2075922834645669
20
2.0092252755905511
11
2.2147699212598426
21
2.0092252755905511
0
LINE
8
BLACK
6
CONTINUOUS
10
2.2147699212598426
20
2.0092252755905511
11
2.2218096456692913
21
2.007825
0
LINE
8
BLACK
6
CONTINUOUS
10
2.3218096456692914
20
2.007825
11
2.3284409055118109
21
2.0050782283464565
0
LINE
8
BLACK
6
CONTINUOUS
10
2.3284409055118109
20
2.0050782283464565
11
2.334408897637795
21
2.0010905511811021
0
LINE
8
BLACK
6
CONTINUOUS
10
2.334408897637795
20
2.0010905511811021
11
2.339484251968504
21
1.9960151968503936
0
LINE
8
BLACK
6
CONTINUOUS
10
2.339484251968504
20
1.9960151968503936
11
2.3434719291338584
21
1.9900472047244093
0
LINE
8
BLACK
6
CONTINUOUS
10
2.3434719291338584
20
1.9900472047244093
11
2.3462187007874014
21
1.9834159448818898
0
LINE
8
BLACK
6
CONTINUOUS
10
2.3462187007874014
20
1.9834159448818898
11
2.3476189763779529
21
1.9763762204724409
0
LINE
8
BLACK
6
CONTINUOUS
10
2.3476189763779529
20
1.9763762204724409
11
2.3476189763779529
21
1.9691985826771654
0
LINE
8
BLACK
6
CONTINUOUS
10
2.3476189763779529
20
1.9691985826771654
11
2.3462187007874014
21
1.9621588582677165
0
LINE
8
BLACK
6
CONTINUOUS
10
2.3462187007874014
20
1.9621588582677165
11
2.3434719291338584
21
1.9555275984251967
0
LINE
8
BLACK
6
CONTINUOUS
10
2.3434719291338584
20
1.9555275984251967
11
2.339484251968504
21
1.9495596062992127
0
LINE
8
BLACK
6
CONTINUOUS
10
2.339484251968504
20
1.9495596062992127
11
2.334408897637795
21
1.9444842519685039
0
LINE
8
BLACK
6
CONTINUOUS
10
2.334408897637795
20
1.9444842519685039
11
2.3284409055118109
21
1.9404965748031495
0
LINE
8
BLACK
6
CONTINUOUS
10
2.3284409055118109
20
1.9404965748031495
11
2.3218096456692914
21
1.9377498031496063
0
LINE
8
BLACK
6
CONTINUOUS
10
2.3218096456692914
20
1.9377498031496063
11
2.3147699212598423
21
1.936349527559055
0
LINE
8
BLACK
6
CONTINUOUS
10
2.3147699212598423
20
1.936349527559055
11
2.307592283464567
21
1.936349527559055
0
LINE
8
BLACK
6
CONTINUOUS
10
2.307592283464567
20
1.936349527559055
11
2.3005525590551179
21
1.9377498031496063
0
LINE
8
BLACK
6
CONTINUOUS
10
2.3005525590551179
20
1.9377498031496063
11
2.2939212992125984
21
1.9404965748031495
0
LINE
8
BLACK
6
CONTINUOUS
10
2.2939212992125984
20
1.9404965748031495
11
2.2879533070866143
21
1.9444842519685039
0
LINE
8
BLACK
6
CONTINUOUS
10
2.2879533070866143
20
1.9444842519685039
11
2.2828779527559053
21
1.9495596062992127
0
LINE
8
BLACK
6
CONTINUOUS
10
2.2828779527559053
20
1.9495596062992127
11
2.2788902755905514
21
1.9555275984251967
0
LINE
8
BLACK
6
CONTINUOUS
10
2.2788902755905514
20
1.9555275984251967
11
2.2761435039370079
21
1.9621588582677165
0
LINE
8
BLACK
6
CONTINUOUS
10
2.2761435039370079
20
1.9621588582677165
11
2.2747432283464568
21
1.9691985826771654
0
LINE
8
BLACK
6
CONTINUOUS
10
2.2747432283464568
20
1.9691985826771654
11
2.2747432283464568
21
1.9763762204724409
0
LINE
8
BLACK
6
CONTINUOUS
10
2.2747432283464568
20
1.9763762204724409
11
2.2761435039370079
21
1.9834159448818898
0
LINE
8
BLACK
6
CONTINUOUS
10
2.2761435039370079
20
1.9834159448818898
11
2.2788902755905514
21
1.9900472047244093
0
LINE
8
BLACK
6
CONTINUOUS
10
2.2788902755905514
20
1.9900472047244093
11
2.2828779527559053
21
1.9960151968503936
0
LINE
8
BLACK
6
CONTINUOUS
10
2.2828779527559053
20
1.9960151968503936
11
2.2879533070866143
21
2.0010905511811021
0
LINE
8
BLACK
6
CONTINUOUS
10
2.2879533070866143
20
2.0010905511811021
11
2.2939212992125984
21
2.0050782283464565
0
LINE
8
BLACK
6
CONTINUOUS
10
2.2939212992125984
20
2.0050782283464565
11
2.3005525590551179
21
2.007825
0
LINE
8
BLACK
6
CONTINUOUS
10
2.3005525590551179
20
2.007825
11
2.307592283464567
21
2.0092252755905511
0
LINE
8
BLACK
6
CONTINUOUS
10
2.307592283464567
20
2.0092252755905511
11
2.3147699212598423
21
2.0092252755905511
0
LINE
8
BLACK
6
CONTINUOUS
10
2.3147699212598423
20
2.0092252755905511
11
2.3218096456692914
21
2.007825
0
LINE
8
BLACK
6
CONTINUOUS
10
0.9458509842519685
20
2.1091618110236219
11
0.9468727952755905
21
2.1084790944881888
0
LINE
8
BLACK
6
CONTINUOUS
10
0.9468727952755905
20
2.1084790944881888
11
0.9475555118110236
21
2.1074572834645671
0
LINE
8
BLACK
6
CONTINUOUS
10
0.9475555118110236
20
2.1074572834645671
11
0.9477952755905512
21
2.1062519685039369
0
LINE
8
BLACK
6
CONTINUOUS
10
0.9477952755905512
20
2.1062519685039369
11
0.9477952755905512
21
2.0393228346456693
0
LINE
8
BLACK
6
CONTINUOUS
10
0.9477952755905512
20
2.0393228346456693
11
0.9475555118110236
21
2.0381175196850392
0
LINE
8
BLACK
6
CONTINUOUS
10
0.9475555118110236
20
2.0381175196850392
11
0.9468727952755905
21
2.0370957086614174
0
LINE
8
BLACK
6
CONTINUOUS
10
0.9468727952755905
20
2.0370957086614174
11
0.9458509842519685
21
2.0364129921259844
0
LINE
8
BLACK
6
CONTINUOUS
10
0.9458509842519685
20
2.0364129921259844
11
0.9446456692913385
21
2.0361732283464566
0
LINE
8
BLACK
6
CONTINUOUS
10
0.9446456692913385
20
2.0361732283464566
11
0.8777165354330708
21
2.0361732283464566
0
LINE
8
BLACK
6
CONTINUOUS
10
0.8777165354330708
20
2.0361732283464566
11
0.8765112204724409
21
2.0364129921259844
0
LINE
8
BLACK
6
CONTINUOUS
10
0.8765112204724409
20
2.0364129921259844
11
0.8754894094488189
21
2.0370957086614174
0
LINE
8
BLACK
6
CONTINUOUS
10
0.8754894094488189
20
2.0370957086614174
11
0.8748066929133858
21
2.0381175196850392
0
LINE
8
BLACK
6
CONTINUOUS
10
0.8748066929133858
20
2.0381175196850392
11
0.8745669291338583
21
2.0393228346456693
0
LINE
8
BLACK
6
CONTINUOUS
10
0.8745669291338583
20
2.0393228346456693
11
0.8745669291338583
21
2.1062519685039369
0
LINE
8
BLACK
6
CONTINUOUS
10
0.8745669291338583
20
2.1062519685039369
11
0.8748066929133858
21
2.1074572834645671
0
LINE
8
BLACK
6
CONTINUOUS
10
0.8748066929133858
20
2.1074572834645671
11
0.8754894094488189
21
2.1084790944881888
0
LINE
8
BLACK
6
CONTINUOUS
10
0.8754894094488189
20
2.1084790944881888
11
0.8765112204724409
21
2.1091618110236219
0
LINE
8
BLACK
6
CONTINUOUS
10
0.8765112204724409
20
2.1091618110236219
11
0.8777165354330708
21
2.1094015748031496
0
LINE
8
BLACK
6
CONTINUOUS
10
0.8777165354330708
20
2.1094015748031496
11
0.9446456692913385
21
2.1094015748031496
0
LINE
8
BLACK
6
CONTINUOUS
10
0.9446456692913385
20
2.1094015748031496
11
0.9458509842519685
21
2.1091618110236219
0
LINE
8
BLACK
6
CONTINUOUS
10
1.0218096456692913
20
2.1078250000000001
11
1.0284409055118111
21
2.1050782283464566
0
LINE
8
BLACK
6
CONTINUOUS
10
1.0284409055118111
20
2.1050782283464566
11
1.0344088976377952
21
2.1010905511811022
0
LINE
8
BLACK
6
CONTINUOUS
10
1.0344088976377952
20
2.1010905511811022
11
1.0394842519685039
21
2.0960151968503937
0
LINE
8
BLACK
6
CONTINUOUS
10
1.0394842519685039
20
2.0960151968503937
11
1.0434719291338583
21
2.0900472047244092
0
LINE
8
BLACK
6
CONTINUOUS
10
1.0434719291338583
20
2.0900472047244092
11
1.0462187007874015
21
2.0834159448818896
0
LINE
8
BLACK
6
CONTINUOUS
10
1.0462187007874015
20
2.0834159448818896
11
1.0476189763779526
21
2.076376220472441
0
LINE
8
BLACK
6
CONTINUOUS
10
1.0476189763779526
20
2.076376220472441
11
1.0476189763779526
21
2.0691985826771653
0
LINE
8
BLACK
6
CONTINUOUS
10
1.0476189763779526
20
2.0691985826771653
11
1.0462187007874015
21
2.0621588582677166
0
LINE
8
BLACK
6
CONTINUOUS
10
1.0462187007874015
20
2.0621588582677166
11
1.0434719291338583
21
2.0555275984251966
0
LINE
8
BLACK
6
CONTINUOUS
10
1.0434719291338583
20
2.0555275984251966
11
1.0394842519685039
21
2.0495596062992125
0
LINE
8
BLACK
6
CONTINUOUS
10
1.0394842519685039
20
2.0495596062992125
11
1.0344088976377952
21
2.044484251968504
0
LINE
8
BLACK
6
CONTINUOUS
10
1.0344088976377952
20
2.044484251968504
11
1.0284409055118111
21
2.0404965748031496
0
LINE
8
BLACK
6
CONTINUOUS
10
1.0284409055118111
20
2.0404965748031496
11
1.0218096456692913
21
2.0377498031496062
0
LINE
8
BLACK
6
CONTINUOUS
10
1.0218096456692913
20
2.0377498031496062
11
1.0147699212598424
21
2.0363495275590551
0
LINE
8
BLACK
6
CONTINUOUS
10
1.0147699212598424
20
2.0363495275590551
11
1.007592283464567
21
2.0363495275590551
0
LINE
8
BLACK
6
CONTINUOUS
10
1.007592283464567
20
2.0363495275590551
11
1.0005525590551181
21
2.0377498031496062
0
LINE
8
BLACK
6
CONTINUOUS
10
1.0005525590551181
20
2.0377498031496062
11
0.9939212992125984
21
2.0404965748031496
0
LINE
8
BLACK
6
CONTINUOUS
10
0.9939212992125984
20
2.0404965748031496
11
0.9879533070866141
21
2.044484251968504
0
LINE
8
BLACK
6
CONTINUOUS
10
0.9879533070866141
20
2.044484251968504
11
0.9828779527559055
21
2.0495596062992125
0
LINE
8
BLACK
6
CONTINUOUS
10
0.9828779527559055
20
2.0495596062992125
11
0.9788902755905512
21
2.0555275984251966
0
LINE
8
BLACK
6
CONTINUOUS
10
0.9788902755905512
20
2.0555275984251966
11
0.9761435039370079
21
2.0621588582677166
0
LINE
8
BLACK
6
CONTINUOUS
10
0.9761435039370079
20
2.0621588582677166
11
0.9747432283464567
21
2.0691985826771653
0
LINE
8
BLACK
6
CONTINUOUS
10
0.9747432283464567
20
2.0691985826771653
11
0.9747432283464567
21
2.076376220472441
0
LINE
8
BLACK
6
CONTINUOUS
10
0.9747432283464567
20
2.076376220472441
11
0.9761435039370079
21
2.0834159448818896
0
LINE
8
BLACK
6
CONTINUOUS
10
0.9761435039370079
20
2.0834159448818896
11
0.9788902755905512
21
2.0900472047244092
0
LINE
8
BLACK
6
CONTINUOUS
10
0.9788902755905512
20
2.0900472047244092
11
0.9828779527559055
21
2.0960151968503937
0
LINE
8
BLACK
6
CONTINUOUS
10
0.9828779527559055
20
2.0960151968503937
11
0.9879533070866141
21
2.1010905511811022
0
LINE
8
BLACK
6
CONTINUOUS
10
0.9879533070866141
20
2.1010905511811022
11
0.9939212992125984
21
2.1050782283464566
0
LINE
8
BLACK
6
CONTINUOUS
10
0.9939212992125984
20
2.1050782283464566
11
1.0005525590551181
21
2.1078250000000001
0
LINE
8
BLACK
6
CONTINUOUS
10
1.0005525590551181
20
2.1078250000000001
11
1.007592283464567
21
2.1092252755905512
0
LINE
8
BLACK
6
CONTINUOUS
10
1.007592283464567
20
2.1092252755905512
11
1.0147699212598424
21
2.1092252755905512
0
LINE
8
BLACK
6
CONTINUOUS
10
1.0147699212598424
20
2.1092252755905512
11
1.0218096456692913
21
2.1078250000000001
0
LINE
8
BLACK
6
CONTINUOUS
10
1.1218096456692914
20
2.1078250000000001
11
1.128440905511811
21
2.1050782283464566
0
LINE
8
BLACK
6
CONTINUOUS
10
1.128440905511811
20
2.1050782283464566
11
1.1344088976377953
21
2.1010905511811022
0
LINE
8
BLACK
6
CONTINUOUS
10
1.1344088976377953
20
2.1010905511811022
11
1.139484251968504
21
2.0960151968503937
0
LINE
8
BLACK
6
CONTINUOUS
10
1.139484251968504
20
2.0960151968503937
11
1.1434719291338582
21
2.0900472047244092
0
LINE
8
BLACK
6
CONTINUOUS
10
1.1434719291338582
20
2.0900472047244092
11
1.1462187007874016
21
2.0834159448818896
0
LINE
8
BLACK
6
CONTINUOUS
10
1.1462187007874016
20
2.0834159448818896
11
1.1476189763779527
21
2.076376220472441
0
LINE
8
BLACK
6
CONTINUOUS
10
1.1476189763779527
20
2.076376220472441
11
1.1476189763779527
21
2.0691985826771653
0
LINE
8
BLACK
6
CONTINUOUS
10
1.1476189763779527
20
2.0691985826771653
11
1.1462187007874016
21
2.0621588582677166
0
LINE
8
BLACK
6
CONTINUOUS
10
1.1462187007874016
20
2.0621588582677166
11
1.1434719291338582
21
2.0555275984251966
0
LINE
8
BLACK
6
CONTINUOUS
10
1.1434719291338582
20
2.0555275984251966
11
1.139484251968504
21
2.0495596062992125
0
LINE
8
BLACK
6
CONTINUOUS
10
1.139484251968504
20
2.0495596062992125
11
1.1344088976377953
21
2.044484251968504
0
LINE
8
BLACK
6
CONTINUOUS
10
1.1344088976377953
20
2.044484251968504
11
1.128440905511811
21
2.0404965748031496
0
LINE
8
BLACK
6
CONTINUOUS
10
1.128440905511811
20
2.0404965748031496
11
1.1218096456692914
21
2.0377498031496062
0
LINE
8
BLACK
6
CONTINUOUS
10
1.1218096456692914
20
2.0377498031496062
11
1.1147699212598425
21
2.0363495275590551
0
LINE
8
BLACK
6
CONTINUOUS
10
1.1147699212598425
20
2.0363495275590551
11
1.1075922834645668
21
2.0363495275590551
0
LINE
8
BLACK
6
CONTINUOUS
10
1.1075922834645668
20
2.0363495275590551
11
1.1005525590551182
21
2.0377498031496062
0
LINE
8
BLACK
6
CONTINUOUS
10
1.1005525590551182
20
2.0377498031496062
11
1.0939212992125984
21
2.0404965748031496
0
LINE
8
BLACK
6
CONTINUOUS
10
1.0939212992125984
20
2.0404965748031496
11
1.0879533070866141
21
2.044484251968504
0
LINE
8
BLACK
6
CONTINUOUS
10
1.0879533070866141
20
2.044484251968504
11
1.0828779527559056
21
2.0495596062992125
0
LINE
8
BLACK
6
CONTINUOUS
10
1.0828779527559056
20
2.0495596062992125
11
1.0788902755905512
21
2.0555275984251966
0
LINE
8
BLACK
6
CONTINUOUS
10
1.0788902755905512
20
2.0555275984251966
11
1.0761435039370078
21
2.0621588582677166
0
LINE
8
BLACK
6
CONTINUOUS
10
1.0761435039370078
20
2.0621588582677166
11
1.0747432283464566
21
2.0691985826771653
0
LINE
8
BLACK
6
CONTINUOUS
10
1.0747432283464566
20
2.0691985826771653
11
1.0747432283464566
21
2.076376220472441
0
LINE
8
BLACK
6
CONTINUOUS
10
1.0747432283464566
20
2.076376220472441
11
1.0761435039370078
21
2.0834159448818896
0
LINE
8
BLACK
6
CONTINUOUS
10
1.0761435039370078
20
2.0834159448818896
11
1.0788902755905512
21
2.0900472047244092
0
LINE
8
BLACK
6
CONTINUOUS
10
1.0788902755905512
20
2.0900472047244092
11
1.0828779527559056
21
2.0960151968503937
0
LINE
8
BLACK
6
CONTINUOUS
10
1.0828779527559056
20
2.0960151968503937
11
1.0879533070866141
21
2.1010905511811022
0
LINE
8
BLACK
6
CONTINUOUS
10
1.0879533070866141
20
2.1010905511811022
11
1.0939212992125984
21
2.1050782283464566
0
LINE
8
BLACK
6
CONTINUOUS
10
1.0939212992125984
20
2.1050782283464566
11
1.1005525590551182
21
2.1078250000000001
0
LINE
8
BLACK
6
CONTINUOUS
10
1.1005525590551182
20
2.1078250000000001
11
1.1075922834645668
21
2.1092252755905512
0
LINE
8
BLACK
6
CONTINUOUS
10
1.1075922834645668
20
2.1092252755905512
11
1.1147699212598425
21
2.1092252755905512
0
LINE
8
BLACK
6
CONTINUOUS
10
1.1147699212598425
20
2.1092252755905512
11
1.1218096456692914
21
2.1078250000000001
0
LINE
8
BLACK
6
CONTINUOUS
10
1.2218096456692913
20
2.1078250000000001
11
1.2284409055118111
21
2.1050782283464566
0
LINE
8
BLACK
6
CONTINUOUS
10
1.2284409055118111
20
2.1050782283464566
11
1.2344088976377952
21
2.1010905511811022
0
LINE
8
BLACK
6
CONTINUOUS
10
1.2344088976377952
20
2.1010905511811022
11
1.2394842519685039
21
2.0960151968503937
0
LINE
8
BLACK
6
CONTINUOUS
10
1.2394842519685039
20
2.0960151968503937
11
1.2434719291338583
21
2.0900472047244092
0
LINE
8
BLACK
6
CONTINUOUS
10
1.2434719291338583
20
2.0900472047244092
11
1.2462187007874015
21
2.0834159448818896
0
LINE
8
BLACK
6
CONTINUOUS
10
1.2462187007874015
20
2.0834159448818896
11
1.2476189763779528
21
2.076376220472441
0
LINE
8
BLACK
6
CONTINUOUS
10
1.2476189763779528
20
2.076376220472441
11
1.2476189763779528
21
2.0691985826771653
0
LINE
8
BLACK
6
CONTINUOUS
10
1.2476189763779528
20
2.0691985826771653
11
1.2462187007874015
21
2.0621588582677166
0
LINE
8
BLACK
6
CONTINUOUS
10
1.2462187007874015
20
2.0621588582677166
11
1.2434719291338583
21
2.0555275984251966
0
LINE
8
BLACK
6
CONTINUOUS
10
1.2434719291338583
20
2.0555275984251966
11
1.2394842519685039
21
2.0495596062992125
0
LINE
8
BLACK
6
CONTINUOUS
10
1.2394842519685039
20
2.0495596062992125
11
1.2344088976377952
21
2.044484251968504
0
LINE
8
BLACK
6
CONTINUOUS
10
1.2344088976377952
20
2.044484251968504
11
1.2284409055118111
21
2.0404965748031496
0
LINE
8
BLACK
6
CONTINUOUS
10
1.2284409055118111
20
2.0404965748031496
11
1.2218096456692913
21
2.0377498031496062
0
LINE
8
BLACK
6
CONTINUOUS
10
1.2218096456692913
20
2.0377498031496062
11
1.2147699212598424
21
2.0363495275590551
0
LINE
8
BLACK
6
CONTINUOUS
10
1.2147699212598424
20
2.0363495275590551
11
1.2075922834645669
21
2.0363495275590551
0
LINE
8
BLACK
6
CONTINUOUS
10
1.2075922834645669
20
2.0363495275590551
11
1.200552559055118
21
2.0377498031496062
0
LINE
8
BLACK
6
CONTINUOUS
10
1.200552559055118
20
2.0377498031496062
11
1.1939212992125985
21
2.0404965748031496
0
LINE
8
BLACK
6
CONTINUOUS
10
1.1939212992125985
20
2.0404965748031496
11
1.1879533070866142
21
2.044484251968504
0
LINE
8
BLACK
6
CONTINUOUS
10
1.1879533070866142
20
2.044484251968504
11
1.1828779527559055
21
2.0495596062992125
0
LINE
8
BLACK
6
CONTINUOUS
10
1.1828779527559055
20
2.0495596062992125
11
1.1788902755905513
21
2.0555275984251966
0
LINE
8
BLACK
6
CONTINUOUS
10
1.1788902755905513
20
2.0555275984251966
11
1.1761435039370078
21
2.0621588582677166
0
LINE
8
BLACK
6
CONTINUOUS
10
1.1761435039370078
20
2.0621588582677166
11
1.1747432283464567
21
2.0691985826771653
0
LINE
8
BLACK
6
CONTINUOUS
10
1.1747432283464567
20
2.0691985826771653
11
1.1747432283464567
21
2.076376220472441
0
LINE
8
BLACK
6
CONTINUOUS
10
1.1747432283464567
20
2.076376220472441
11
1.1761435039370078
21
2.0834159448818896
0
LINE
8
BLACK
6
CONTINUOUS
10
1.1761435039370078
20
2.0834159448818896
11
1.1788902755905513
21
2.0900472047244092
0
LINE
8
BLACK
6
CONTINUOUS
10
1.1788902755905513
20
2.0900472047244092
11
1.1828779527559055
21
2.0960151968503937
0
LINE
8
BLACK
6
CONTINUOUS
10
1.1828779527559055
20
2.0960151968503937
11
1.1879533070866142
21
2.1010905511811022
0
LINE
8
BLACK
6
CONTINUOUS
10
1.1879533070866142
20
2.1010905511811022
11
1.1939212992125985
21
2.1050782283464566
0
LINE
8
BLACK
6
CONTINUOUS
10
1.1939212992125985
20
2.1050782283464566
11
1.200552559055118
21
2.1078250000000001
0
LINE
8
BLACK
6
CONTINUOUS
10
1.200552559055118
20
2.1078250000000001
11
1.2075922834645669
21
2.1092252755905512
0
LINE
8
BLACK
6
CONTINUOUS
10
1.2075922834645669
20
2.1092252755905512
11
1.2147699212598424
21
2.1092252755905512
0
LINE
8
BLACK
6
CONTINUOUS
10
1.2147699212598424
20
2.1092252755905512
11
1.2218096456692913
21
2.1078250000000001
0
LINE
8
BLACK
6
CONTINUOUS
10
1.3218096456692914
20
2.1078250000000001
11
1.3284409055118109
21
2.1050782283464566
0
LINE
8
BLACK
6
CONTINUOUS
10
1.3284409055118109
20
2.1050782283464566
11
1.3344088976377952
21
2.1010905511811022
0
LINE
8
BLACK
6
CONTINUOUS
10
1.3344088976377952
20
2.1010905511811022
11
1.339484251968504
21
2.0960151968503937
0
LINE
8
BLACK
6
CONTINUOUS
10
1.339484251968504
20
2.0960151968503937
11
1.3434719291338582
21
2.0900472047244092
0
LINE
8
BLACK
6
CONTINUOUS
10
1.3434719291338582
20
2.0900472047244092
11
1.3462187007874016
21
2.0834159448818896
0
LINE
8
BLACK
6
CONTINUOUS
10
1.3462187007874016
20
2.0834159448818896
11
1.3476189763779527
21
2.076376220472441
0
LINE
8
BLACK
6
CONTINUOUS
10
1.3476189763779527
20
2.076376220472441
11
1.3476189763779527
21
2.0691985826771653
0
LINE
8
BLACK
6
CONTINUOUS
10
1.3476189763779527
20
2.0691985826771653
11
1.3462187007874016
21
2.0621588582677166
0
LINE
8
BLACK
6
CONTINUOUS
10
1.3462187007874016
20
2.0621588582677166
11
1.3434719291338582
21
2.0555275984251966
0
LINE
8
BLACK
6
CONTINUOUS
10
1.3434719291338582
20
2.0555275984251966
11
1.339484251968504
21
2.0495596062992125
0
LINE
8
BLACK
6
CONTINUOUS
10
1.339484251968504
20
2.0495596062992125
11
1.3344088976377952
21
2.044484251968504
0
LINE
8
BLACK
6
CONTINUOUS
10
1.3344088976377952
20
2.044484251968504
11
1.3284409055118109
21
2.0404965748031496
0
LINE
8
BLACK
6
CONTINUOUS
10
1.3284409055118109
20
2.0404965748031496
11
1.3218096456692914
21
2.0377498031496062
0
LINE
8
BLACK
6
CONTINUOUS
10
1.3218096456692914
20
2.0377498031496062
11
1.3147699212598425
21
2.0363495275590551
0
LINE
8
BLACK
6
CONTINUOUS
10
1.3147699212598425
20
2.0363495275590551
11
1.3075922834645668
21
2.0363495275590551
0
LINE
8
BLACK
6
CONTINUOUS
10
1.3075922834645668
20
2.0363495275590551
11
1.3005525590551181
21
2.0377498031496062
0
LINE
8
BLACK
6
CONTINUOUS
10
1.3005525590551181
20
2.0377498031496062
11
1.2939212992125984
21
2.0404965748031496
0
LINE
8
BLACK
6
CONTINUOUS
10
1.2939212992125984
20
2.0404965748031496
11
1.287953307086614
21
2.044484251968504
0
LINE
8
BLACK
6
CONTINUOUS
10
1.287953307086614
20
2.044484251968504
11
1.2828779527559055
21
2.0495596062992125
0
LINE
8
BLACK
6
CONTINUOUS
10
1.2828779527559055
20
2.0495596062992125
11
1.2788902755905511
21
2.0555275984251966
0
LINE
8
BLACK
6
CONTINUOUS
10
1.2788902755905511
20
2.0555275984251966
11
1.2761435039370079
21
2.0621588582677166
0
LINE
8
BLACK
6
CONTINUOUS
10
1.2761435039370079
20
2.0621588582677166
11
1.2747432283464566
21
2.0691985826771653
0
LINE
8
BLACK
6
CONTINUOUS
10
1.2747432283464566
20
2.0691985826771653
11
1.2747432283464566
21
2.076376220472441
0
LINE
8
BLACK
6
CONTINUOUS
10
1.2747432283464566
20
2.076376220472441
11
1.2761435039370079
21
2.0834159448818896
0
LINE
8
BLACK
6
CONTINUOUS
10
1.2761435039370079
20
2.0834159448818896
11
1.2788902755905511
21
2.0900472047244092
0
LINE
8
BLACK
6
CONTINUOUS
10
1.2788902755905511
20
2.0900472047244092
11
1.2828779527559055
21
2.0960151968503937
0
LINE
8
BLACK
6
CONTINUOUS
10
1.2828779527559055
20
2.0960151968503937
11
1.287953307086614
21
2.1010905511811022
0
LINE
8
BLACK
6
CONTINUOUS
10
1.287953307086614
20
2.1010905511811022
11
1.2939212992125984
21
2.1050782283464566
0
LINE
8
BLACK
6
CONTINUOUS
10
1.2939212992125984
20
2.1050782283464566
11
1.3005525590551181
21
2.1078250000000001
0
LINE
8
BLACK
6
CONTINUOUS
10
1.3005525590551181
20
2.1078250000000001
11
1.3075922834645668
21
2.1092252755905512
0
LINE
8
BLACK
6
CONTINUOUS
10
1.3075922834645668
20
2.1092252755905512
11
1.3147699212598425
21
2.1092252755905512
0
LINE
8
BLACK
6
CONTINUOUS
10
1.3147699212598425
20
2.1092252755905512
11
1.3218096456692914
21
2.1078250000000001
0
LINE
8
BLACK
6
CONTINUOUS
10
1.4218096456692912
20
2.1078250000000001
11
1.428440905511811
21
2.1050782283464566
0
LINE
8
BLACK
6
CONTINUOUS
10
1.428440905511811
20
2.1050782283464566
11
1.4344088976377953
21
2.1010905511811022
0
LINE
8
BLACK
6
CONTINUOUS
10
1.4344088976377953
20
2.1010905511811022
11
1.4394842519685038
21
2.0960151968503937
0
LINE
8
BLACK
6
CONTINUOUS
10
1.4394842519685038
20
2.0960151968503937
11
1.4434719291338582
21
2.0900472047244092
0
LINE
8
BLACK
6
CONTINUOUS
10
1.4434719291338582
20
2.0900472047244092
11
1.4462187007874014
21
2.0834159448818896
0
LINE
8
BLACK
6
CONTINUOUS
10
1.4462187007874014
20
2.0834159448818896
11
1.4476189763779528
21
2.076376220472441
0
LINE
8
BLACK
6
CONTINUOUS
10
1.4476189763779528
20
2.076376220472441
11
1.4476189763779528
21
2.0691985826771653
0
LINE
8
BLACK
6
CONTINUOUS
10
1.4476189763779528
20
2.0691985826771653
11
1.4462187007874014
21
2.0621588582677166
0
LINE
8
BLACK
6
CONTINUOUS
10
1.4462187007874014
20
2.0621588582677166
11
1.4434719291338582
21
2.0555275984251966
0
LINE
8
BLACK
6
CONTINUOUS
10
1.4434719291338582
20
2.0555275984251966
11
1.4394842519685038
21
2.0495596062992125
0
LINE
8
BLACK
6
CONTINUOUS
10
1.4394842519685038
20
2.0495596062992125
11
1.4344088976377953
21
2.044484251968504
0
LINE
8
BLACK
6
CONTINUOUS
10
1.4344088976377953
20
2.044484251968504
11
1.428440905511811
21
2.0404965748031496
0
LINE
8
BLACK
6
CONTINUOUS
10
1.428440905511811
20
2.0404965748031496
11
1.4218096456692912
21
2.0377498031496062
0
LINE
8
BLACK
6
CONTINUOUS
10
1.4218096456692912
20
2.0377498031496062
11
1.4147699212598426
21
2.0363495275590551
0
LINE
8
BLACK
6
CONTINUOUS
10
1.4147699212598426
20
2.0363495275590551
11
1.4075922834645669
21
2.0363495275590551
0
LINE
8
BLACK
6
CONTINUOUS
10
1.4075922834645669
20
2.0363495275590551
11
1.400552559055118
21
2.0377498031496062
0
LINE
8
BLACK
6
CONTINUOUS
10
1.400552559055118
20
2.0377498031496062
11
1.3939212992125984
21
2.0404965748031496
0
LINE
8
BLACK
6
CONTINUOUS
10
1.3939212992125984
20
2.0404965748031496
11
1.3879533070866141
21
2.044484251968504
0
LINE
8
BLACK
6
CONTINUOUS
10
1.3879533070866141
20
2.044484251968504
11
1.3828779527559054
21
2.0495596062992125
0
LINE
8
BLACK
6
CONTINUOUS
10
1.3828779527559054
20
2.0495596062992125
11
1.3788902755905512
21
2.0555275984251966
0
LINE
8
BLACK
6
CONTINUOUS
10
1.3788902755905512
20
2.0555275984251966
11
1.3761435039370078
21
2.0621588582677166
0
LINE
8
BLACK
6
CONTINUOUS
10
1.3761435039370078
20
2.0621588582677166
11
1.3747432283464567
21
2.0691985826771653
0
LINE
8
BLACK
6
CONTINUOUS
10
1.3747432283464567
20
2.0691985826771653
11
1.3747432283464567
21
2.076376220472441
0
LINE
8
BLACK
6
CONTINUOUS
10
1.3747432283464567
20
2.076376220472441
11
1.3761435039370078
21
2.0834159448818896
0
LINE
8
BLACK
6
CONTINUOUS
10
1.3761435039370078
20
2.0834159448818896
11
1.3788902755905512
21
2.0900472047244092
0
LINE
8
BLACK
6
CONTINUOUS
10
1.3788902755905512
20
2.0900472047244092
11
1.3828779527559054
21
2.0960151968503937
0
LINE
8
BLACK
6
CONTINUOUS
10
1.3828779527559054
20
2.0960151968503937
11
1.3879533070866141
21
2.1010905511811022
0
LINE
8
BLACK
6
CONTINUOUS
10
1.3879533070866141
20
2.1010905511811022
11
1.3939212992125984
21
2.1050782283464566
0
LINE
8
BLACK
6
CONTINUOUS
10
1.3939212992125984
20
2.1050782283464566
11
1.400552559055118
21
2.1078250000000001
0
LINE
8
BLACK
6
CONTINUOUS
10
1.400552559055118
20
2.1078250000000001
11
1.4075922834645669
21
2.1092252755905512
0
LINE
8
BLACK
6
CONTINUOUS
10
1.4075922834645669
20
2.1092252755905512
11
1.4147699212598426
21
2.1092252755905512
0
LINE
8
BLACK
6
CONTINUOUS
10
1.4147699212598426
20
2.1092252755905512
11
1.4218096456692912
21
2.1078250000000001
0
LINE
8
BLACK
6
CONTINUOUS
10
1.5218096456692913
20
2.1078250000000001
11
1.5284409055118109
21
2.1050782283464566
0
LINE
8
BLACK
6
CONTINUOUS
10
1.5284409055118109
20
2.1050782283464566
11
1.5344088976377952
21
2.1010905511811022
0
LINE
8
BLACK
6
CONTINUOUS
10
1.5344088976377952
20
2.1010905511811022
11
1.5394842519685039
21
2.0960151968503937
0
LINE
8
BLACK
6
CONTINUOUS
10
1.5394842519685039
20
2.0960151968503937
11
1.5434719291338583
21
2.0900472047244092
0
LINE
8
BLACK
6
CONTINUOUS
10
1.5434719291338583
20
2.0900472047244092
11
1.5462187007874015
21
2.0834159448818896
0
LINE
8
BLACK
6
CONTINUOUS
10
1.5462187007874015
20
2.0834159448818896
11
1.5476189763779526
21
2.076376220472441
0
LINE
8
BLACK
6
CONTINUOUS
10
1.5476189763779526
20
2.076376220472441
11
1.5476189763779526
21
2.0691985826771653
0
LINE
8
BLACK
6
CONTINUOUS
10
1.5476189763779526
20
2.0691985826771653
11
1.5462187007874015
21
2.0621588582677166
0
LINE
8
BLACK
6
CONTINUOUS
10
1.5462187007874015
20
2.0621588582677166
11
1.5434719291338583
21
2.0555275984251966
0
LINE
8
BLACK
6
CONTINUOUS
10
1.5434719291338583
20
2.0555275984251966
11
1.5394842519685039
21
2.0495596062992125
0
LINE
8
BLACK
6
CONTINUOUS
10
1.5394842519685039
20
2.0495596062992125
11
1.5344088976377952
21
2.044484251968504
0
LINE
8
BLACK
6
CONTINUOUS
10
1.5344088976377952
20
2.044484251968504
11
1.5284409055118109
21
2.0404965748031496
0
LINE
8
BLACK
6
CONTINUOUS
10
1.5284409055118109
20
2.0404965748031496
11
1.5218096456692913
21
2.0377498031496062
0
LINE
8
BLACK
6
CONTINUOUS
10
1.5218096456692913
20
2.0377498031496062
11
1.5147699212598424
21
2.0363495275590551
0
LINE
8
BLACK
6
CONTINUOUS
10
1.5147699212598424
20
2.0363495275590551
11
1.507592283464567
21
2.0363495275590551
0
LINE
8
BLACK
6
CONTINUOUS
10
1.507592283464567
20
2.0363495275590551
11
1.5005525590551181
21
2.0377498031496062
0
LINE
8
BLACK
6
CONTINUOUS
10
1.5005525590551181
20
2.0377498031496062
11
1.4939212992125983
21
2.0404965748031496
0
LINE
8
BLACK
6
CONTINUOUS
10
1.4939212992125983
20
2.0404965748031496
11
1.4879533070866142
21
2.044484251968504
0
LINE
8
BLACK
6
CONTINUOUS
10
1.4879533070866142
20
2.044484251968504
11
1.4828779527559055
21
2.0495596062992125
0
LINE
8
BLACK
6
CONTINUOUS
10
1.4828779527559055
20
2.0495596062992125
11
1.4788902755905511
21
2.0555275984251966
0
LINE
8
BLACK
6
CONTINUOUS
10
1.4788902755905511
20
2.0555275984251966
11
1.4761435039370079
21
2.0621588582677166
0
LINE
8
BLACK
6
CONTINUOUS
10
1.4761435039370079
20
2.0621588582677166
11
1.4747432283464568
21
2.0691985826771653
0
LINE
8
BLACK
6
CONTINUOUS
10
1.4747432283464568
20
2.0691985826771653
11
1.4747432283464568
21
2.076376220472441
0
LINE
8
BLACK
6
CONTINUOUS
10
1.4747432283464568
20
2.076376220472441
11
1.4761435039370079
21
2.0834159448818896
0
LINE
8
BLACK
6
CONTINUOUS
10
1.4761435039370079
20
2.0834159448818896
11
1.4788902755905511
21
2.0900472047244092
0
LINE
8
BLACK
6
CONTINUOUS
10
1.4788902755905511
20
2.0900472047244092
11
1.4828779527559055
21
2.0960151968503937
0
LINE
8
BLACK
6
CONTINUOUS
10
1.4828779527559055
20
2.0960151968503937
11
1.4879533070866142
21
2.1010905511811022
0
LINE
8
BLACK
6
CONTINUOUS
10
1.4879533070866142
20
2.1010905511811022
11
1.4939212992125983
21
2.1050782283464566
0
LINE
8
BLACK
6
CONTINUOUS
10
1.4939212992125983
20
2.1050782283464566
11
1.5005525590551181
21
2.1078250000000001
0
LINE
8
BLACK
6
CONTINUOUS
10
1.5005525590551181
20
2.1078250000000001
11
1.507592283464567
21
2.1092252755905512
0
LINE
8
BLACK
6
CONTINUOUS
10
1.507592283464567
20
2.1092252755905512
11
1.5147699212598424
21
2.1092252755905512
0
LINE
8
BLACK
6
CONTINUOUS
10
1.5147699212598424
20
2.1092252755905512
11
1.5218096456692913
21
2.1078250000000001
0
LINE
8
BLACK
6
CONTINUOUS
10
1.6218096456692912
20
2.1078250000000001
11
1.628440905511811
21
2.1050782283464566
0
LINE
8
BLACK
6
CONTINUOUS
10
1.628440905511811
20
2.1050782283464566
11
1.6344088976377953
21
2.1010905511811022
0
LINE
8
BLACK
6
CONTINUOUS
10
1.6344088976377953
20
2.1010905511811022
11
1.639484251968504
21
2.0960151968503937
0
LINE
8
BLACK
6
CONTINUOUS
10
1.639484251968504
20
2.0960151968503937
11
1.6434719291338582
21
2.0900472047244092
0
LINE
8
BLACK
6
CONTINUOUS
10
1.6434719291338582
20
2.0900472047244092
11
1.6462187007874016
21
2.0834159448818896
0
LINE
8
BLACK
6
CONTINUOUS
10
1.6462187007874016
20
2.0834159448818896
11
1.6476189763779527
21
2.076376220472441
0
LINE
8
BLACK
6
CONTINUOUS
10
1.6476189763779527
20
2.076376220472441
11
1.6476189763779527
21
2.0691985826771653
0
LINE
8
BLACK
6
CONTINUOUS
10
1.6476189763779527
20
2.0691985826771653
11
1.6462187007874016
21
2.0621588582677166
0
LINE
8
BLACK
6
CONTINUOUS
10
1.6462187007874016
20
2.0621588582677166
11
1.6434719291338582
21
2.0555275984251966
0
LINE
8
BLACK
6
CONTINUOUS
10
1.6434719291338582
20
2.0555275984251966
11
1.639484251968504
21
2.0495596062992125
0
LINE
8
BLACK
6
CONTINUOUS
10
1.639484251968504
20
2.0495596062992125
11
1.6344088976377953
21
2.044484251968504
0
LINE
8
BLACK
6
CONTINUOUS
10
1.6344088976377953
20
2.044484251968504
11
1.628440905511811
21
2.0404965748031496
0
LINE
8
BLACK
6
CONTINUOUS
10
1.628440905511811
20
2.0404965748031496
11
1.6218096456692912
21
2.0377498031496062
0
LINE
8
BLACK
6
CONTINUOUS
10
1.6218096456692912
20
2.0377498031496062
11
1.6147699212598425
21
2.0363495275590551
0
LINE
8
BLACK
6
CONTINUOUS
10
1.6147699212598425
20
2.0363495275590551
11
1.6075922834645668
21
2.0363495275590551
0
LINE
8
BLACK
6
CONTINUOUS
10
1.6075922834645668
20
2.0363495275590551
11
1.6005525590551182
21
2.0377498031496062
0
LINE
8
BLACK
6
CONTINUOUS
10
1.6005525590551182
20
2.0377498031496062
11
1.5939212992125984
21
2.0404965748031496
0
LINE
8
BLACK
6
CONTINUOUS
10
1.5939212992125984
20
2.0404965748031496
11
1.5879533070866141
21
2.044484251968504
0
LINE
8
BLACK
6
CONTINUOUS
10
1.5879533070866141
20
2.044484251968504
11
1.5828779527559054
21
2.0495596062992125
0
LINE
8
BLACK
6
CONTINUOUS
10
1.5828779527559054
20
2.0495596062992125
11
1.5788902755905512
21
2.0555275984251966
0
LINE
8
BLACK
6
CONTINUOUS
10
1.5788902755905512
20
2.0555275984251966
11
1.5761435039370078
21
2.0621588582677166
0
LINE
8
BLACK
6
CONTINUOUS
10
1.5761435039370078
20
2.0621588582677166
11
1.5747432283464566
21
2.0691985826771653
0
LINE
8
BLACK
6
CONTINUOUS
10
1.5747432283464566
20
2.0691985826771653
11
1.5747432283464566
21
2.076376220472441
0
LINE
8
BLACK
6
CONTINUOUS
10
1.5747432283464566
20
2.076376220472441
11
1.5761435039370078
21
2.0834159448818896
0
LINE
8
BLACK
6
CONTINUOUS
10
1.5761435039370078
20
2.0834159448818896
11
1.5788902755905512
21
2.0900472047244092
0
LINE
8
BLACK
6
CONTINUOUS
10
1.5788902755905512
20
2.0900472047244092
11
1.5828779527559054
21
2.0960151968503937
0
LINE
8
BLACK
6
CONTINUOUS
10
1.5828779527559054
20
2.0960151968503937
11
1.5879533070866141
21
2.1010905511811022
0
LINE
8
BLACK
6
CONTINUOUS
10
1.5879533070866141
20
2.1010905511811022
11
1.5939212992125984
21
2.1050782283464566
0
LINE
8
BLACK
6
CONTINUOUS
10
1.5939212992125984
20
2.1050782283464566
11
1.6005525590551182
21
2.1078250000000001
0
LINE
8
BLACK
6
CONTINUOUS
10
1.6005525590551182
20
2.1078250000000001
11
1.6075922834645668
21
2.1092252755905512
0
LINE
8
BLACK
6
CONTINUOUS
10
1.6075922834645668
20
2.1092252755905512
11
1.6147699212598425
21
2.1092252755905512
0
LINE
8
BLACK
6
CONTINUOUS
10
1.6147699212598425
20
2.1092252755905512
11
1.6218096456692912
21
2.1078250000000001
0
LINE
8
BLACK
6
CONTINUOUS
10
1.7218096456692913
20
2.1078250000000001
11
1.7284409055118111
21
2.1050782283464566
0
LINE
8
BLACK
6
CONTINUOUS
10
1.7284409055118111
20
2.1050782283464566
11
1.7344088976377952
21
2.1010905511811022
0
LINE
8
BLACK
6
CONTINUOUS
10
1.7344088976377952
20
2.1010905511811022
11
1.7394842519685039
21
2.0960151968503937
0
LINE
8
BLACK
6
CONTINUOUS
10
1.7394842519685039
20
2.0960151968503937
11
1.7434719291338583
21
2.0900472047244092
0
LINE
8
BLACK
6
CONTINUOUS
10
1.7434719291338583
20
2.0900472047244092
11
1.7462187007874015
21
2.0834159448818896
0
LINE
8
BLACK
6
CONTINUOUS
10
1.7462187007874015
20
2.0834159448818896
11
1.7476189763779528
21
2.076376220472441
0
LINE
8
BLACK
6
CONTINUOUS
10
1.7476189763779528
20
2.076376220472441
11
1.7476189763779528
21
2.0691985826771653
0
LINE
8
BLACK
6
CONTINUOUS
10
1.7476189763779528
20
2.0691985826771653
11
1.7462187007874015
21
2.0621588582677166
0
LINE
8
BLACK
6
CONTINUOUS
10
1.7462187007874015
20
2.0621588582677166
11
1.7434719291338583
21
2.0555275984251966
0
LINE
8
BLACK
6
CONTINUOUS
10
1.7434719291338583
20
2.0555275984251966
11
1.7394842519685039
21
2.0495596062992125
0
LINE
8
BLACK
6
CONTINUOUS
10
1.7394842519685039
20
2.0495596062992125
11
1.7344088976377952
21
2.044484251968504
0
LINE
8
BLACK
6
CONTINUOUS
10
1.7344088976377952
20
2.044484251968504
11
1.7284409055118111
21
2.0404965748031496
0
LINE
8
BLACK
6
CONTINUOUS
10
1.7284409055118111
20
2.0404965748031496
11
1.7218096456692913
21
2.0377498031496062
0
LINE
8
BLACK
6
CONTINUOUS
10
1.7218096456692913
20
2.0377498031496062
11
1.7147699212598424
21
2.0363495275590551
0
LINE
8
BLACK
6
CONTINUOUS
10
1.7147699212598424
20
2.0363495275590551
11
1.7075922834645669
21
2.0363495275590551
0
LINE
8
BLACK
6
CONTINUOUS
10
1.7075922834645669
20
2.0363495275590551
11
1.700552559055118
21
2.0377498031496062
0
LINE
8
BLACK
6
CONTINUOUS
10
1.700552559055118
20
2.0377498031496062
11
1.6939212992125985
21
2.0404965748031496
0
LINE
8
BLACK
6
CONTINUOUS
10
1.6939212992125985
20
2.0404965748031496
11
1.6879533070866142
21
2.044484251968504
0
LINE
8
BLACK
6
CONTINUOUS
10
1.6879533070866142
20
2.044484251968504
11
1.6828779527559055
21
2.0495596062992125
0
LINE
8
BLACK
6
CONTINUOUS
10
1.6828779527559055
20
2.0495596062992125
11
1.678890275590551
21
2.0555275984251966
0
LINE
8
BLACK
6
CONTINUOUS
10
1.678890275590551
20
2.0555275984251966
11
1.6761435039370078
21
2.0621588582677166
0
LINE
8
BLACK
6
CONTINUOUS
10
1.6761435039370078
20
2.0621588582677166
11
1.6747432283464567
21
2.0691985826771653
0
LINE
8
BLACK
6
CONTINUOUS
10
1.6747432283464567
20
2.0691985826771653
11
1.6747432283464567
21
2.076376220472441
0
LINE
8
BLACK
6
CONTINUOUS
10
1.6747432283464567
20
2.076376220472441
11
1.6761435039370078
21
2.0834159448818896
0
LINE
8
BLACK
6
CONTINUOUS
10
1.6761435039370078
20
2.0834159448818896
11
1.678890275590551
21
2.0900472047244092
0
LINE
8
BLACK
6
CONTINUOUS
10
1.678890275590551
20
2.0900472047244092
11
1.6828779527559055
21
2.0960151968503937
0
LINE
8
BLACK
6
CONTINUOUS
10
1.6828779527559055
20
2.0960151968503937
11
1.6879533070866142
21
2.1010905511811022
0
LINE
8
BLACK
6
CONTINUOUS
10
1.6879533070866142
20
2.1010905511811022
11
1.6939212992125985
21
2.1050782283464566
0
LINE
8
BLACK
6
CONTINUOUS
10
1.6939212992125985
20
2.1050782283464566
11
1.700552559055118
21
2.1078250000000001
0
LINE
8
BLACK
6
CONTINUOUS
10
1.700552559055118
20
2.1078250000000001
11
1.7075922834645669
21
2.1092252755905512
0
LINE
8
BLACK
6
CONTINUOUS
10
1.7075922834645669
20
2.1092252755905512
11
1.7147699212598424
21
2.1092252755905512
0
LINE
8
BLACK
6
CONTINUOUS
10
1.7147699212598424
20
2.1092252755905512
11
1.7218096456692913
21
2.1078250000000001
0
LINE
8
BLACK
6
CONTINUOUS
10
1.8218096456692914
20
2.1078250000000001
11
1.8284409055118109
21
2.1050782283464566
0
LINE
8
BLACK
6
CONTINUOUS
10
1.8284409055118109
20
2.1050782283464566
11
1.8344088976377952
21
2.1010905511811022
0
LINE
8
BLACK
6
CONTINUOUS
10
1.8344088976377952
20
2.1010905511811022
11
1.839484251968504
21
2.0960151968503937
0
LINE
8
BLACK
6
CONTINUOUS
10
1.839484251968504
20
2.0960151968503937
11
1.8434719291338582
21
2.0900472047244092
0
LINE
8
BLACK
6
CONTINUOUS
10
1.8434719291338582
20
2.0900472047244092
11
1.8462187007874016
21
2.0834159448818896
0
LINE
8
BLACK
6
CONTINUOUS
10
1.8462187007874016
20
2.0834159448818896
11
1.8476189763779527
21
2.076376220472441
0
LINE
8
BLACK
6
CONTINUOUS
10
1.8476189763779527
20
2.076376220472441
11
1.8476189763779527
21
2.0691985826771653
0
LINE
8
BLACK
6
CONTINUOUS
10
1.8476189763779527
20
2.0691985826771653
11
1.8462187007874016
21
2.0621588582677166
0
LINE
8
BLACK
6
CONTINUOUS
10
1.8462187007874016
20
2.0621588582677166
11
1.8434719291338582
21
2.0555275984251966
0
LINE
8
BLACK
6
CONTINUOUS
10
1.8434719291338582
20
2.0555275984251966
11
1.839484251968504
21
2.0495596062992125
0
LINE
8
BLACK
6
CONTINUOUS
10
1.839484251968504
20
2.0495596062992125
11
1.8344088976377952
21
2.044484251968504
0
LINE
8
BLACK
6
CONTINUOUS
10
1.8344088976377952
20
2.044484251968504
11
1.8284409055118109
21
2.0404965748031496
0
LINE
8
BLACK
6
CONTINUOUS
10
1.8284409055118109
20
2.0404965748031496
11
1.8218096456692914
21
2.0377498031496062
0
LINE
8
BLACK
6
CONTINUOUS
10
1.8218096456692914
20
2.0377498031496062
11
1.8147699212598425
21
2.0363495275590551
0
LINE
8
BLACK
6
CONTINUOUS
10
1.8147699212598425
20
2.0363495275590551
11
1.8075922834645668
21
2.0363495275590551
0
LINE
8
BLACK
6
CONTINUOUS
10
1.8075922834645668
20
2.0363495275590551
11
1.8005525590551181
21
2.0377498031496062
0
LINE
8
BLACK
6
CONTINUOUS
10
1.8005525590551181
20
2.0377498031496062
11
1.7939212992125984
21
2.0404965748031496
0
LINE
8
BLACK
6
CONTINUOUS
10
1.7939212992125984
20
2.0404965748031496
11
1.787953307086614
21
2.044484251968504
0
LINE
8
BLACK
6
CONTINUOUS
10
1.787953307086614
20
2.044484251968504
11
1.7828779527559055
21
2.0495596062992125
0
LINE
8
BLACK
6
CONTINUOUS
10
1.7828779527559055
20
2.0495596062992125
11
1.7788902755905511
21
2.0555275984251966
0
LINE
8
BLACK
6
CONTINUOUS
10
1.7788902755905511
20
2.0555275984251966
11
1.7761435039370079
21
2.0621588582677166
0
LINE
8
BLACK
6
CONTINUOUS
10
1.7761435039370079
20
2.0621588582677166
11
1.7747432283464566
21
2.0691985826771653
0
LINE
8
BLACK
6
CONTINUOUS
10
1.7747432283464566
20
2.0691985826771653
11
1.7747432283464566
21
2.076376220472441
0
LINE
8
BLACK
6
CONTINUOUS
10
1.7747432283464566
20
2.076376220472441
11
1.7761435039370079
21
2.0834159448818896
0
LINE
8
BLACK
6
CONTINUOUS
10
1.7761435039370079
20
2.0834159448818896
11
1.7788902755905511
21
2.0900472047244092
0
LINE
8
BLACK
6
CONTINUOUS
10
1.7788902755905511
20
2.0900472047244092
11
1.7828779527559055
21
2.0960151968503937
0
LINE
8
BLACK
6
CONTINUOUS
10
1.7828779527559055
20
2.0960151968503937
11
1.787953307086614
21
2.1010905511811022
0
LINE
8
BLACK
6
CONTINUOUS
10
1.787953307086614
20
2.1010905511811022
11
1.7939212992125984
21
2.1050782283464566
0
LINE
8
BLACK
6
CONTINUOUS
10
1.7939212992125984
20
2.1050782283464566
11
1.8005525590551181
21
2.1078250000000001
0
LINE
8
BLACK
6
CONTINUOUS
10
1.8005525590551181
20
2.1078250000000001
11
1.8075922834645668
21
2.1092252755905512
0
LINE
8
BLACK
6
CONTINUOUS
10
1.8075922834645668
20
2.1092252755905512
11
1.8147699212598425
21
2.1092252755905512
0
LINE
8
BLACK
6
CONTINUOUS
10
1.8147699212598425
20
2.1092252755905512
11
1.8218096456692914
21
2.1078250000000001
0
LINE
8
BLACK
6
CONTINUOUS
10
1.9218096456692912
20
2.1078250000000001
11
1.928440905511811
21
2.1050782283464566
0
LINE
8
BLACK
6
CONTINUOUS
10
1.928440905511811
20
2.1050782283464566
11
1.9344088976377953
21
2.1010905511811022
0
LINE
8
BLACK
6
CONTINUOUS
10
1.9344088976377953
20
2.1010905511811022
11
1.9394842519685038
21
2.0960151968503937
0
LINE
8
BLACK
6
CONTINUOUS
10
1.9394842519685038
20
2.0960151968503937
11
1.9434719291338582
21
2.0900472047244092
0
LINE
8
BLACK
6
CONTINUOUS
10
1.9434719291338582
20
2.0900472047244092
11
1.9462187007874014
21
2.0834159448818896
0
LINE
8
BLACK
6
CONTINUOUS
10
1.9462187007874014
20
2.0834159448818896
11
1.9476189763779528
21
2.076376220472441
0
LINE
8
BLACK
6
CONTINUOUS
10
1.9476189763779528
20
2.076376220472441
11
1.9476189763779528
21
2.0691985826771653
0
LINE
8
BLACK
6
CONTINUOUS
10
1.9476189763779528
20
2.0691985826771653
11
1.9462187007874014
21
2.0621588582677166
0
LINE
8
BLACK
6
CONTINUOUS
10
1.9462187007874014
20
2.0621588582677166
11
1.9434719291338582
21
2.0555275984251966
0
LINE
8
BLACK
6
CONTINUOUS
10
1.9434719291338582
20
2.0555275984251966
11
1.9394842519685038
21
2.0495596062992125
0
LINE
8
BLACK
6
CONTINUOUS
10
1.9394842519685038
20
2.0495596062992125
11
1.9344088976377953
21
2.044484251968504
0
LINE
8
BLACK
6
CONTINUOUS
10
1.9344088976377953
20
2.044484251968504
11
1.928440905511811
21
2.0404965748031496
0
LINE
8
BLACK
6
CONTINUOUS
10
1.928440905511811
20
2.0404965748031496
11
1.9218096456692912
21
2.0377498031496062
0
LINE
8
BLACK
6
CONTINUOUS
10
1.9218096456692912
20
2.0377498031496062
11
1.9147699212598426
21
2.0363495275590551
0
LINE
8
BLACK
6
CONTINUOUS
10
1.9147699212598426
20
2.0363495275590551
11
1.9075922834645669
21
2.0363495275590551
0
LINE
8
BLACK
6
CONTINUOUS
10
1.9075922834645669
20
2.0363495275590551
11
1.900552559055118
21
2.0377498031496062
0
LINE
8
BLACK
6
CONTINUOUS
10
1.900552559055118
20
2.0377498031496062
11
1.8939212992125984
21
2.0404965748031496
0
LINE
8
BLACK
6
CONTINUOUS
10
1.8939212992125984
20
2.0404965748031496
11
1.8879533070866141
21
2.044484251968504
0
LINE
8
BLACK
6
CONTINUOUS
10
1.8879533070866141
20
2.044484251968504
11
1.8828779527559054
21
2.0495596062992125
0
LINE
8
BLACK
6
CONTINUOUS
10
1.8828779527559054
20
2.0495596062992125
11
1.8788902755905512
21
2.0555275984251966
0
LINE
8
BLACK
6
CONTINUOUS
10
1.8788902755905512
20
2.0555275984251966
11
1.8761435039370078
21
2.0621588582677166
0
LINE
8
BLACK
6
CONTINUOUS
10
1.8761435039370078
20
2.0621588582677166
11
1.8747432283464567
21
2.0691985826771653
0
LINE
8
BLACK
6
CONTINUOUS
10
1.8747432283464567
20
2.0691985826771653
11
1.8747432283464567
21
2.076376220472441
0
LINE
8
BLACK
6
CONTINUOUS
10
1.8747432283464567
20
2.076376220472441
11
1.8761435039370078
21
2.0834159448818896
0
LINE
8
BLACK
6
CONTINUOUS
10
1.8761435039370078
20
2.0834159448818896
11
1.8788902755905512
21
2.0900472047244092
0
LINE
8
BLACK
6
CONTINUOUS
10
1.8788902755905512
20
2.0900472047244092
11
1.8828779527559054
21
2.0960151968503937
0
LINE
8
BLACK
6
CONTINUOUS
10
1.8828779527559054
20
2.0960151968503937
11
1.8879533070866141
21
2.1010905511811022
0
LINE
8
BLACK
6
CONTINUOUS
10
1.8879533070866141
20
2.1010905511811022
11
1.8939212992125984
21
2.1050782283464566
0
LINE
8
BLACK
6
CONTINUOUS
10
1.8939212992125984
20
2.1050782283464566
11
1.900552559055118
21
2.1078250000000001
0
LINE
8
BLACK
6
CONTINUOUS
10
1.900552559055118
20
2.1078250000000001
11
1.9075922834645669
21
2.1092252755905512
0
LINE
8
BLACK
6
CONTINUOUS
10
1.9075922834645669
20
2.1092252755905512
11
1.9147699212598426
21
2.1092252755905512
0
LINE
8
BLACK
6
CONTINUOUS
10
1.9147699212598426
20
2.1092252755905512
11
1.9218096456692912
21
2.1078250000000001
0
LINE
8
BLACK
6
CONTINUOUS
10
2.0218096456692911
20
2.1078250000000001
11
2.0284409055118111
21
2.1050782283464566
0
LINE
8
BLACK
6
CONTINUOUS
10
2.0284409055118111
20
2.1050782283464566
11
2.0344088976377952
21
2.1010905511811022
0
LINE
8
BLACK
6
CONTINUOUS
10
2.0344088976377952
20
2.1010905511811022
11
2.0394842519685037
21
2.0960151968503937
0
LINE
8
BLACK
6
CONTINUOUS
10
2.0394842519685037
20
2.0960151968503937
11
2.0434719291338581
21
2.0900472047244092
0
LINE
8
BLACK
6
CONTINUOUS
10
2.0434719291338581
20
2.0900472047244092
11
2.0462187007874015
21
2.0834159448818896
0
LINE
8
BLACK
6
CONTINUOUS
10
2.0462187007874015
20
2.0834159448818896
11
2.0476189763779526
21
2.076376220472441
0
LINE
8
BLACK
6
CONTINUOUS
10
2.0476189763779526
20
2.076376220472441
11
2.0476189763779526
21
2.0691985826771653
0
LINE
8
BLACK
6
CONTINUOUS
10
2.0476189763779526
20
2.0691985826771653
11
2.0462187007874015
21
2.0621588582677166
0
LINE
8
BLACK
6
CONTINUOUS
10
2.0462187007874015
20
2.0621588582677166
11
2.0434719291338581
21
2.0555275984251966
0
LINE
8
BLACK
6
CONTINUOUS
10
2.0434719291338581
20
2.0555275984251966
11
2.0394842519685037
21
2.0495596062992125
0
LINE
8
BLACK
6
CONTINUOUS
10
2.0394842519685037
20
2.0495596062992125
11
2.0344088976377952
21
2.044484251968504
0
LINE
8
BLACK
6
CONTINUOUS
10
2.0344088976377952
20
2.044484251968504
11
2.0284409055118111
21
2.0404965748031496
0
LINE
8
BLACK
6
CONTINUOUS
10
2.0284409055118111
20
2.0404965748031496
11
2.0218096456692911
21
2.0377498031496062
0
LINE
8
BLACK
6
CONTINUOUS
10
2.0218096456692911
20
2.0377498031496062
11
2.0147699212598424
21
2.0363495275590551
0
LINE
8
BLACK
6
CONTINUOUS
10
2.0147699212598424
20
2.0363495275590551
11
2.0075922834645668
21
2.0363495275590551
0
LINE
8
BLACK
6
CONTINUOUS
10
2.0075922834645668
20
2.0363495275590551
11
2.0005525590551181
21
2.0377498031496062
0
LINE
8
BLACK
6
CONTINUOUS
10
2.0005525590551181
20
2.0377498031496062
11
1.9939212992125983
21
2.0404965748031496
0
LINE
8
BLACK
6
CONTINUOUS
10
1.9939212992125983
20
2.0404965748031496
11
1.9879533070866142
21
2.044484251968504
0
LINE
8
BLACK
6
CONTINUOUS
10
1.9879533070866142
20
2.044484251968504
11
1.9828779527559055
21
2.0495596062992125
0
LINE
8
BLACK
6
CONTINUOUS
10
1.9828779527559055
20
2.0495596062992125
11
1.9788902755905511
21
2.0555275984251966
0
LINE
8
BLACK
6
CONTINUOUS
10
1.9788902755905511
20
2.0555275984251966
11
1.9761435039370079
21
2.0621588582677166
0
LINE
8
BLACK
6
CONTINUOUS
10
1.9761435039370079
20
2.0621588582677166
11
1.9747432283464565
21
2.0691985826771653
0
LINE
8
BLACK
6
CONTINUOUS
10
1.9747432283464565
20
2.0691985826771653
11
1.9747432283464565
21
2.076376220472441
0
LINE
8
BLACK
6
CONTINUOUS
10
1.9747432283464565
20
2.076376220472441
11
1.9761435039370079
21
2.0834159448818896
0
LINE
8
BLACK
6
CONTINUOUS
10
1.9761435039370079
20
2.0834159448818896
11
1.9788902755905511
21
2.0900472047244092
0
LINE
8
BLACK
6
CONTINUOUS
10
1.9788902755905511
20
2.0900472047244092
11
1.9828779527559055
21
2.0960151968503937
0
LINE
8
BLACK
6
CONTINUOUS
10
1.9828779527559055
20
2.0960151968503937
11
1.9879533070866142
21
2.1010905511811022
0
LINE
8
BLACK
6
CONTINUOUS
10
1.9879533070866142
20
2.1010905511811022
11
1.9939212992125983
21
2.1050782283464566
0
LINE
8
BLACK
6
CONTINUOUS
10
1.9939212992125983
20
2.1050782283464566
11
2.0005525590551181
21
2.1078250000000001
0
LINE
8
BLACK
6
CONTINUOUS
10
2.0005525590551181
20
2.1078250000000001
11
2.0075922834645668
21
2.1092252755905512
0
LINE
8
BLACK
6
CONTINUOUS
10
2.0075922834645668
20
2.1092252755905512
11
2.0147699212598424
21
2.1092252755905512
0
LINE
8
BLACK
6
CONTINUOUS
10
2.0147699212598424
20
2.1092252755905512
11
2.0218096456692911
21
2.1078250000000001
0
LINE
8
BLACK
6
CONTINUOUS
10
2.1218096456692912
20
2.1078250000000001
11
2.1284409055118108
21
2.1050782283464566
0
LINE
8
BLACK
6
CONTINUOUS
10
2.1284409055118108
20
2.1050782283464566
11
2.1344088976377953
21
2.1010905511811022
0
LINE
8
BLACK
6
CONTINUOUS
10
2.1344088976377953
20
2.1010905511811022
11
2.1394842519685038
21
2.0960151968503937
0
LINE
8
BLACK
6
CONTINUOUS
10
2.1394842519685038
20
2.0960151968503937
11
2.1434719291338582
21
2.0900472047244092
0
LINE
8
BLACK
6
CONTINUOUS
10
2.1434719291338582
20
2.0900472047244092
11
2.1462187007874016
21
2.0834159448818896
0
LINE
8
BLACK
6
CONTINUOUS
10
2.1462187007874016
20
2.0834159448818896
11
2.1476189763779527
21
2.076376220472441
0
LINE
8
BLACK
6
CONTINUOUS
10
2.1476189763779527
20
2.076376220472441
11
2.1476189763779527
21
2.0691985826771653
0
LINE
8
BLACK
6
CONTINUOUS
10
2.1476189763779527
20
2.0691985826771653
11
2.1462187007874016
21
2.0621588582677166
0
LINE
8
BLACK
6
CONTINUOUS
10
2.1462187007874016
20
2.0621588582677166
11
2.1434719291338582
21
2.0555275984251966
0
LINE
8
BLACK
6
CONTINUOUS
10
2.1434719291338582
20
2.0555275984251966
11
2.1394842519685038
21
2.0495596062992125
0
LINE
8
BLACK
6
CONTINUOUS
10
2.1394842519685038
20
2.0495596062992125
11
2.1344088976377953
21
2.044484251968504
0
LINE
8
BLACK
6
CONTINUOUS
10
2.1344088976377953
20
2.044484251968504
11
2.1284409055118108
21
2.0404965748031496
0
LINE
8
BLACK
6
CONTINUOUS
10
2.1284409055118108
20
2.0404965748031496
11
2.1218096456692912
21
2.0377498031496062
0
LINE
8
BLACK
6
CONTINUOUS
10
2.1218096456692912
20
2.0377498031496062
11
2.1147699212598425
21
2.0363495275590551
0
LINE
8
BLACK
6
CONTINUOUS
10
2.1147699212598425
20
2.0363495275590551
11
2.1075922834645668
21
2.0363495275590551
0
LINE
8
BLACK
6
CONTINUOUS
10
2.1075922834645668
20
2.0363495275590551
11
2.1005525590551182
21
2.0377498031496062
0
LINE
8
BLACK
6
CONTINUOUS
10
2.1005525590551182
20
2.0377498031496062
11
2.0939212992125982
21
2.0404965748031496
0
LINE
8
BLACK
6
CONTINUOUS
10
2.0939212992125982
20
2.0404965748031496
11
2.0879533070866141
21
2.044484251968504
0
LINE
8
BLACK
6
CONTINUOUS
10
2.0879533070866141
20
2.044484251968504
11
2.0828779527559056
21
2.0495596062992125
0
LINE
8
BLACK
6
CONTINUOUS
10
2.0828779527559056
20
2.0495596062992125
11
2.0788902755905512
21
2.0555275984251966
0
LINE
8
BLACK
6
CONTINUOUS
10
2.0788902755905512
20
2.0555275984251966
11
2.0761435039370078
21
2.0621588582677166
0
LINE
8
BLACK
6
CONTINUOUS
10
2.0761435039370078
20
2.0621588582677166
11
2.0747432283464566
21
2.0691985826771653
0
LINE
8
BLACK
6
CONTINUOUS
10
2.0747432283464566
20
2.0691985826771653
11
2.0747432283464566
21
2.076376220472441
0
LINE
8
BLACK
6
CONTINUOUS
10
2.0747432283464566
20
2.076376220472441
11
2.0761435039370078
21
2.0834159448818896
0
LINE
8
BLACK
6
CONTINUOUS
10
2.0761435039370078
20
2.0834159448818896
11
2.0788902755905512
21
2.0900472047244092
0
LINE
8
BLACK
6
CONTINUOUS
10
2.0788902755905512
20
2.0900472047244092
11
2.0828779527559056
21
2.0960151968503937
0
LINE
8
BLACK
6
CONTINUOUS
10
2.0828779527559056
20
2.0960151968503937
11
2.0879533070866141
21
2.1010905511811022
0
LINE
8
BLACK
6
CONTINUOUS
10
2.0879533070866141
20
2.1010905511811022
11
2.0939212992125982
21
2.1050782283464566
0
LINE
8
BLACK
6
CONTINUOUS
10
2.0939212992125982
20
2.1050782283464566
11
2.1005525590551182
21
2.1078250000000001
0
LINE
8
BLACK
6
CONTINUOUS
10
2.1005525590551182
20
2.1078250000000001
11
2.1075922834645668
21
2.1092252755905512
0
LINE
8
BLACK
6
CONTINUOUS
10
2.1075922834645668
20
2.1092252755905512
11
2.1147699212598425
21
2.1092252755905512
0
LINE
8
BLACK
6
CONTINUOUS
10
2.1147699212598425
20
2.1092252755905512
11
2.1218096456692912
21
2.1078250000000001
0
LINE
8
BLACK
6
CONTINUOUS
10
2.2218096456692913
20
2.1078250000000001
11
2.2284409055118108
21
2.1050782283464566
0
LINE
8
BLACK
6
CONTINUOUS
10
2.2284409055118108
20
2.1050782283464566
11
2.2344088976377954
21
2.1010905511811022
0
LINE
8
BLACK
6
CONTINUOUS
10
2.2344088976377954
20
2.1010905511811022
11
2.2394842519685039
21
2.0960151968503937
0
LINE
8
BLACK
6
CONTINUOUS
10
2.2394842519685039
20
2.0960151968503937
11
2.2434719291338583
21
2.0900472047244092
0
LINE
8
BLACK
6
CONTINUOUS
10
2.2434719291338583
20
2.0900472047244092
11
2.2462187007874017
21
2.0834159448818896
0
LINE
8
BLACK
6
CONTINUOUS
10
2.2462187007874017
20
2.0834159448818896
11
2.2476189763779528
21
2.076376220472441
0
LINE
8
BLACK
6
CONTINUOUS
10
2.2476189763779528
20
2.076376220472441
11
2.2476189763779528
21
2.0691985826771653
0
LINE
8
BLACK
6
CONTINUOUS
10
2.2476189763779528
20
2.0691985826771653
11
2.2462187007874017
21
2.0621588582677166
0
LINE
8
BLACK
6
CONTINUOUS
10
2.2462187007874017
20
2.0621588582677166
11
2.2434719291338583
21
2.0555275984251966
0
LINE
8
BLACK
6
CONTINUOUS
10
2.2434719291338583
20
2.0555275984251966
11
2.2394842519685039
21
2.0495596062992125
0
LINE
8
BLACK
6
CONTINUOUS
10
2.2394842519685039
20
2.0495596062992125
11
2.2344088976377954
21
2.044484251968504
0
LINE
8
BLACK
6
CONTINUOUS
10
2.2344088976377954
20
2.044484251968504
11
2.2284409055118108
21
2.0404965748031496
0
LINE
8
BLACK
6
CONTINUOUS
10
2.2284409055118108
20
2.0404965748031496
11
2.2218096456692913
21
2.0377498031496062
0
LINE
8
BLACK
6
CONTINUOUS
10
2.2218096456692913
20
2.0377498031496062
11
2.2147699212598426
21
2.0363495275590551
0
LINE
8
BLACK
6
CONTINUOUS
10
2.2147699212598426
20
2.0363495275590551
11
2.2075922834645669
21
2.0363495275590551
0
LINE
8
BLACK
6
CONTINUOUS
10
2.2075922834645669
20
2.0363495275590551
11
2.2005525590551183
21
2.0377498031496062
0
LINE
8
BLACK
6
CONTINUOUS
10
2.2005525590551183
20
2.0377498031496062
11
2.1939212992125983
21
2.0404965748031496
0
LINE
8
BLACK
6
CONTINUOUS
10
2.1939212992125983
20
2.0404965748031496
11
2.1879533070866142
21
2.044484251968504
0
LINE
8
BLACK
6
CONTINUOUS
10
2.1879533070866142
20
2.044484251968504
11
2.1828779527559057
21
2.0495596062992125
0
LINE
8
BLACK
6
CONTINUOUS
10
2.1828779527559057
20
2.0495596062992125
11
2.1788902755905513
21
2.0555275984251966
0
LINE
8
BLACK
6
CONTINUOUS
10
2.1788902755905513
20
2.0555275984251966
11
2.1761435039370078
21
2.0621588582677166
0
LINE
8
BLACK
6
CONTINUOUS
10
2.1761435039370078
20
2.0621588582677166
11
2.1747432283464567
21
2.0691985826771653
0
LINE
8
BLACK
6
CONTINUOUS
10
2.1747432283464567
20
2.0691985826771653
11
2.1747432283464567
21
2.076376220472441
0
LINE
8
BLACK
6
CONTINUOUS
10
2.1747432283464567
20
2.076376220472441
11
2.1761435039370078
21
2.0834159448818896
0
LINE
8
BLACK
6
CONTINUOUS
10
2.1761435039370078
20
2.0834159448818896
11
2.1788902755905513
21
2.0900472047244092
0
LINE
8
BLACK
6
CONTINUOUS
10
2.1788902755905513
20
2.0900472047244092
11
2.1828779527559057
21
2.0960151968503937
0
LINE
8
BLACK
6
CONTINUOUS
10
2.1828779527559057
20
2.0960151968503937
11
2.1879533070866142
21
2.1010905511811022
0
LINE
8
BLACK
6
CONTINUOUS
10
2.1879533070866142
20
2.1010905511811022
11
2.1939212992125983
21
2.1050782283464566
0
LINE
8
BLACK
6
CONTINUOUS
10
2.1939212992125983
20
2.1050782283464566
11
2.2005525590551183
21
2.1078250000000001
0
LINE
8
BLACK
6
CONTINUOUS
10
2.2005525590551183
20
2.1078250000000001
11
2.2075922834645669
21
2.1092252755905512
0
LINE
8
BLACK
6
CONTINUOUS
10
2.2075922834645669
20
2.1092252755905512
11
2.2147699212598426
21
2.1092252755905512
0
LINE
8
BLACK
6
CONTINUOUS
10
2.2147699212598426
20
2.1092252755905512
11
2.2218096456692913
21
2.1078250000000001
0
LINE
8
BLACK
6
CONTINUOUS
10
2.3218096456692914
20
2.1078250000000001
11
2.3284409055118109
21
2.1050782283464566
0
LINE
8
BLACK
6
CONTINUOUS
10
2.3284409055118109
20
2.1050782283464566
11
2.334408897637795
21
2.1010905511811022
0
LINE
8
BLACK
6
CONTINUOUS
10
2.334408897637795
20
2.1010905511811022
11
2.339484251968504
21
2.0960151968503937
0
LINE
8
BLACK
6
CONTINUOUS
10
2.339484251968504
20
2.0960151968503937
11
2.3434719291338584
21
2.0900472047244092
0
LINE
8
BLACK
6
CONTINUOUS
10
2.3434719291338584
20
2.0900472047244092
11
2.3462187007874014
21
2.0834159448818896
0
LINE
8
BLACK
6
CONTINUOUS
10
2.3462187007874014
20
2.0834159448818896
11
2.3476189763779529
21
2.076376220472441
0
LINE
8
BLACK
6
CONTINUOUS
10
2.3476189763779529
20
2.076376220472441
11
2.3476189763779529
21
2.0691985826771653
0
LINE
8
BLACK
6
CONTINUOUS
10
2.3476189763779529
20
2.0691985826771653
11
2.3462187007874014
21
2.0621588582677166
0
LINE
8
BLACK
6
CONTINUOUS
10
2.3462187007874014
20
2.0621588582677166
11
2.3434719291338584
21
2.0555275984251966
0
LINE
8
BLACK
6
CONTINUOUS
10
2.3434719291338584
20
2.0555275984251966
11
2.339484251968504
21
2.0495596062992125
0
LINE
8
BLACK
6
CONTINUOUS
10
2.339484251968504
20
2.0495596062992125
11
2.334408897637795
21
2.044484251968504
0
LINE
8
BLACK
6
CONTINUOUS
10
2.334408897637795
20
2.044484251968504
11
2.3284409055118109
21
2.0404965748031496
0
LINE
8
BLACK
6
CONTINUOUS
10
2.3284409055118109
20
2.0404965748031496
11
2.3218096456692914
21
2.0377498031496062
0
LINE
8
BLACK
6
CONTINUOUS
10
2.3218096456692914
20
2.0377498031496062
11
2.3147699212598423
21
2.0363495275590551
0
LINE
8
BLACK
6
CONTINUOUS
10
2.3147699212598423
20
2.0363495275590551
11
2.307592283464567
21
2.0363495275590551
0
LINE
8
BLACK
6
CONTINUOUS
10
2.307592283464567
20
2.0363495275590551
11
2.3005525590551179
21
2.0377498031496062
0
LINE
8
BLACK
6
CONTINUOUS
10
2.3005525590551179
20
2.0377498031496062
11
2.2939212992125984
21
2.0404965748031496
0
LINE
8
BLACK
6
CONTINUOUS
10
2.2939212992125984
20
2.0404965748031496
11
2.2879533070866143
21
2.044484251968504
0
LINE
8
BLACK
6
CONTINUOUS
10
2.2879533070866143
20
2.044484251968504
11
2.2828779527559053
21
2.0495596062992125
0
LINE
8
BLACK
6
CONTINUOUS
10
2.2828779527559053
20
2.0495596062992125
11
2.2788902755905514
21
2.0555275984251966
0
LINE
8
BLACK
6
CONTINUOUS
10
2.2788902755905514
20
2.0555275984251966
11
2.2761435039370079
21
2.0621588582677166
0
LINE
8
BLACK
6
CONTINUOUS
10
2.2761435039370079
20
2.0621588582677166
11
2.2747432283464568
21
2.0691985826771653
0
LINE
8
BLACK
6
CONTINUOUS
10
2.2747432283464568
20
2.0691985826771653
11
2.2747432283464568
21
2.076376220472441
0
LINE
8
BLACK
6
CONTINUOUS
10
2.2747432283464568
20
2.076376220472441
11
2.2761435039370079
21
2.0834159448818896
0
LINE
8
BLACK
6
CONTINUOUS
10
2.2761435039370079
20
2.0834159448818896
11
2.2788902755905514
21
2.0900472047244092
0
LINE
8
BLACK
6
CONTINUOUS
10
2.2788902755905514
20
2.0900472047244092
11
2.2828779527559053
21
2.0960151968503937
0
LINE
8
BLACK
6
CONTINUOUS
10
2.2828779527559053
20
2.0960151968503937
11
2.2879533070866143
21
2.1010905511811022
0
LINE
8
BLACK
6
CONTINUOUS
10
2.2879533070866143
20
2.1010905511811022
11
2.2939212992125984
21
2.1050782283464566
0
LINE
8
BLACK
6
CONTINUOUS
10
2.2939212992125984
20
2.1050782283464566
11
2.3005525590551179
21
2.1078250000000001
0
LINE
8
BLACK
6
CONTINUOUS
10
2.3005525590551179
20
2.1078250000000001
11
2.307592283464567
21
2.1092252755905512
0
LINE
8
BLACK
6
CONTINUOUS
10
2.307592283464567
20
2.1092252755905512
11
2.3147699212598423
21
2.1092252755905512
0
LINE
8
BLACK
6
CONTINUOUS
10
2.3147699212598423
20
2.1092252755905512
11
2.3218096456692914
21
2.1078250000000001
0
LINE
8
BLACK
6
CONTINUOUS
10
2.5559688976377952
20
2.0964313385826769
11
2.5600582677165353
21
2.0945244094488187
0
LINE
8
BLACK
6
CONTINUOUS
10
2.5600582677165353
20
2.0945244094488187
11
2.5632488188976379
21
2.0913338582677166
0
LINE
8
BLACK
6
CONTINUOUS
10
2.5632488188976379
20
2.0913338582677166
11
2.5651557480314962
21
2.0872444881889765
0
LINE
8
BLACK
6
CONTINUOUS
10
2.5651557480314962
20
2.0872444881889765
11
2.5655984251968502
21
2.0838818897637794
0
LINE
8
BLACK
6
CONTINUOUS
10
2.5655984251968502
20
2.0838818897637794
11
2.5655984251968502
21
2.0543543307086614
0
LINE
8
BLACK
6
CONTINUOUS
10
2.5655984251968502
20
2.0543543307086614
11
2.5651557480314962
21
2.0509917322834643
0
LINE
8
BLACK
6
CONTINUOUS
10
2.5651557480314962
20
2.0509917322834643
11
2.5632488188976379
21
2.0469023622047242
0
LINE
8
BLACK
6
CONTINUOUS
10
2.5632488188976379
20
2.0469023622047242
11
2.5600582677165353
21
2.0437118110236221
0
LINE
8
BLACK
6
CONTINUOUS
10
2.5600582677165353
20
2.0437118110236221
11
2.5559688976377952
21
2.0418048818897638
0
LINE
8
BLACK
6
CONTINUOUS
10
2.5559688976377952
20
2.0418048818897638
11
2.5526062992125982
21
2.0413622047244093
0
LINE
8
BLACK
6
CONTINUOUS
10
2.5526062992125982
20
2.0413622047244093
11
2.5033937007874014
21
2.0413622047244093
0
LINE
8
BLACK
6
CONTINUOUS
10
2.5033937007874014
20
2.0413622047244093
11
2.5000311023622048
21
2.0418048818897638
0
LINE
8
BLACK
6
CONTINUOUS
10
2.5000311023622048
20
2.0418048818897638
11
2.4959417322834647
21
2.0437118110236221
0
LINE
8
BLACK
6
CONTINUOUS
10
2.4959417322834647
20
2.0437118110236221
11
2.4927511811023622
21
2.0469023622047242
0
LINE
8
BLACK
6
CONTINUOUS
10
2.4927511811023622
20
2.0469023622047242
11
2.4908442519685039
21
2.0509917322834643
0
LINE
8
BLACK
6
CONTINUOUS
10
2.4908442519685039
20
2.0509917322834643
11
2.4904015748031494
21
2.0543543307086614
0
LINE
8
BLACK
6
CONTINUOUS
10
2.4904015748031494
20
2.0543543307086614
11
2.4904015748031494
21
2.0838818897637794
0
LINE
8
BLACK
6
CONTINUOUS
10
2.4904015748031494
20
2.0838818897637794
11
2.4908442519685039
21
2.0872444881889765
0
LINE
8
BLACK
6
CONTINUOUS
10
2.4908442519685039
20
2.0872444881889765
11
2.4927511811023622
21
2.0913338582677166
0
LINE
8
BLACK
6
CONTINUOUS
10
2.4927511811023622
20
2.0913338582677166
11
2.4959417322834647
21
2.0945244094488187
0
LINE
8
BLACK
6
CONTINUOUS
10
2.4959417322834647
20
2.0945244094488187
11
2.5000311023622048
21
2.0964313385826769
0
LINE
8
BLACK
6
CONTINUOUS
10
2.5000311023622048
20
2.0964313385826769
11
2.5033937007874014
21
2.0968740157480315
0
LINE
8
BLACK
6
CONTINUOUS
10
2.5033937007874014
20
2.0968740157480315
11
2.5526062992125982
21
2.0968740157480315
0
LINE
8
BLACK
6
CONTINUOUS
10
2.5526062992125982
20
2.0968740157480315
11
2.5559688976377952
21
2.0964313385826769
0
LINE
8
BLACK
6
CONTINUOUS
10
-0.0733533070866142
20
2.8530162598425197
11
-0.0662229133858268
21
2.8500627559055118
0
LINE
8
BLACK
6
CONTINUOUS
10
-0.0662229133858268
20
2.8500627559055118
11
-0.0598057480314961
21
2.8457749212598427
0
LINE
8
BLACK
6
CONTINUOUS
10
-0.0598057480314961
20
2.8457749212598427
11
-0.0543483858267717
21
2.840317559055118
0
LINE
8
BLACK
6
CONTINUOUS
10
-0.0543483858267717
20
2.840317559055118
11
-0.0500605511811024
21
2.8339003937007874
0
LINE
8
BLACK
6
CONTINUOUS
10
-0.0500605511811024
20
2.8339003937007874
11
-0.0471070472440945
21
2.8267699999999998
0
LINE
8
BLACK
6
CONTINUOUS
10
-0.0471070472440945
20
2.8267699999999998
11
-0.0456013385826772
21
2.8192003937007875
0
LINE
8
BLACK
6
CONTINUOUS
10
-0.0456013385826772
20
2.8192003937007875
11
-0.0456013385826772
21
2.8114825196850393
0
LINE
8
BLACK
6
CONTINUOUS
10
-0.0456013385826772
20
2.8114825196850393
11
-0.0471070472440945
21
2.8039129133858265
0
LINE
8
BLACK
6
CONTINUOUS
10
-0.0471070472440945
20
2.8039129133858265
11
-0.0500605511811024
21
2.7967825196850393
0
LINE
8
BLACK
6
CONTINUOUS
10
-0.0500605511811024
20
2.7967825196850393
11
-0.0543483858267717
21
2.7903653543307088
0
LINE
8
BLACK
6
CONTINUOUS
10
-0.0543483858267717
20
2.7903653543307088
11
-0.0598057480314961
21
2.7849079921259841
0
LINE
8
BLACK
6
CONTINUOUS
10
-0.0598057480314961
20
2.7849079921259841
11
-0.0662229133858268
21
2.7806201574803149
0
LINE
8
BLACK
6
CONTINUOUS
10
-0.0662229133858268
20
2.7806201574803149
11
-0.0733533070866142
21
2.777666653543307
0
LINE
8
BLACK
6
CONTINUOUS
10
-0.0733533070866142
20
2.777666653543307
11
-0.0809229133858268
21
2.7761609448818896
0
LINE
8
BLACK
6
CONTINUOUS
10
-0.0809229133858268
20
2.7761609448818896
11
-0.0886407874015748
21
2.7761609448818896
0
LINE
8
BLACK
6
CONTINUOUS
10
-0.0886407874015748
20
2.7761609448818896
11
-0.0962103937007874
21
2.777666653543307
0
LINE
8
BLACK
6
CONTINUOUS
10
-0.0962103937007874
20
2.777666653543307
11
-0.1033407874015748
21
2.7806201574803149
0
LINE
8
BLACK
6
CONTINUOUS
10
-0.1033407874015748
20
2.7806201574803149
11
-0.1097579527559055
21
2.7849079921259841
0
LINE
8
BLACK
6
CONTINUOUS
10
-0.1097579527559055
20
2.7849079921259841
11
-0.1152153149606299
21
2.7903653543307088
0
LINE
8
BLACK
6
CONTINUOUS
10
-0.1152153149606299
20
2.7903653543307088
11
-0.1195031496062992
21
2.7967825196850393
0
LINE
8
BLACK
6
CONTINUOUS
10
-0.1195031496062992
20
2.7967825196850393
11
-0.1224566535433071
21
2.8039129133858265
0
LINE
8
BLACK
6
CONTINUOUS
10
-0.1224566535433071
20
2.8039129133858265
11
-0.1239623622047244
21
2.8114825196850393
0
LINE
8
BLACK
6
CONTINUOUS
10
-0.1239623622047244
20
2.8114825196850393
11
-0.1239623622047244
21
2.8192003937007875
0
LINE
8
BLACK
6
CONTINUOUS
10
-0.1239623622047244
20
2.8192003937007875
11
-0.1224566535433071
21
2.8267699999999998
0
LINE
8
BLACK
6
CONTINUOUS
10
-0.1224566535433071
20
2.8267699999999998
11
-0.1195031496062992
21
2.8339003937007874
0
LINE
8
BLACK
6
CONTINUOUS
10
-0.1195031496062992
20
2.8339003937007874
11
-0.1152153149606299
21
2.840317559055118
0
LINE
8
BLACK
6
CONTINUOUS
10
-0.1152153149606299
20
2.840317559055118
11
-0.1097579527559055
21
2.8457749212598427
0
LINE
8
BLACK
6
CONTINUOUS
10
-0.1097579527559055
20
2.8457749212598427
11
-0.1033407874015748
21
2.8500627559055118
0
LINE
8
BLACK
6
CONTINUOUS
10
-0.1033407874015748
20
2.8500627559055118
11
-0.0962103937007874
21
2.8530162598425197
0
LINE
8
BLACK
6
CONTINUOUS
10
-0.0962103937007874
20
2.8530162598425197
11
-0.0886407874015748
21
2.8545219685039371
0
LINE
8
BLACK
6
CONTINUOUS
10
-0.0886407874015748
20
2.8545219685039371
11
-0.0809229133858268
21
2.8545219685039371
0
LINE
8
BLACK
6
CONTINUOUS
10
-0.0809229133858268
20
2.8545219685039371
11
-0.0733533070866142
21
2.8530162598425197
0
LINE
8
BLACK
6
CONTINUOUS
10
2.6634285433070866
20
3.2726748031496062
11
2.6705589370078742
21
3.2697212992125984
0
LINE
8
BLACK
6
CONTINUOUS
10
2.6705589370078742
20
3.2697212992125984
11
2.6769761023622047
21
3.2654334645669292
0
LINE
8
BLACK
6
CONTINUOUS
10
2.6769761023622047
20
3.2654334645669292
11
2.682433464566929
21
3.2599761023622045
0
LINE
8
BLACK
6
CONTINUOUS
10
2.682433464566929
20
3.2599761023622045
11
2.6867212992125982
21
3.2535589370078739
0
LINE
8
BLACK
6
CONTINUOUS
10
2.6867212992125982
20
3.2535589370078739
11
2.6896748031496061
21
3.2464285433070867
0
LINE
8
BLACK
6
CONTINUOUS
10
2.6896748031496061
20
3.2464285433070867
11
2.6911805118110235
21
3.238858937007874
0
LINE
8
BLACK
6
CONTINUOUS
10
2.6911805118110235
20
3.238858937007874
11
2.6911805118110235
21
3.2311410629921258
0
LINE
8
BLACK
6
CONTINUOUS
10
2.6911805118110235
20
3.2311410629921258
11
2.6896748031496061
21
3.2235714566929135
0
LINE
8
BLACK
6
CONTINUOUS
10
2.6896748031496061
20
3.2235714566929135
11
2.6867212992125982
21
3.2164410629921258
0
LINE
8
BLACK
6
CONTINUOUS
10
2.6867212992125982
20
3.2164410629921258
11
2.682433464566929
21
3.2100238976377953
0
LINE
8
BLACK
6
CONTINUOUS
10
2.682433464566929
20
3.2100238976377953
11
2.6769761023622047
21
3.2045665354330706
0
LINE
8
BLACK
6
CONTINUOUS
10
2.6769761023622047
20
3.2045665354330706
11
2.6705589370078742
21
3.2002787007874014
0
LINE
8
BLACK
6
CONTINUOUS
10
2.6705589370078742
20
3.2002787007874014
11
2.6634285433070866
21
3.1973251968503935
0
LINE
8
BLACK
6
CONTINUOUS
10
2.6634285433070866
20
3.1973251968503935
11
2.6558589370078738
21
3.1958194881889761
0
LINE
8
BLACK
6
CONTINUOUS
10
2.6558589370078738
20
3.1958194881889761
11
2.648141062992126
21
3.1958194881889761
0
LINE
8
BLACK
6
CONTINUOUS
10
2.648141062992126
20
3.1958194881889761
11
2.6405714566929133
21
3.1973251968503935
0
LINE
8
BLACK
6
CONTINUOUS
10
2.6405714566929133
20
3.1973251968503935
11
2.6334410629921261
21
3.2002787007874014
0
LINE
8
BLACK
6
CONTINUOUS
10
2.6334410629921261
20
3.2002787007874014
11
2.6270238976377951
21
3.2045665354330706
0
LINE
8
BLACK
6
CONTINUOUS
10
2.6270238976377951
20
3.2045665354330706
11
2.6215665354330708
21
3.2100238976377953
0
LINE
8
BLACK
6
CONTINUOUS
10
2.6215665354330708
20
3.2100238976377953
11
2.6172787007874017
21
3.2164410629921258
0
LINE
8
BLACK
6
CONTINUOUS
10
2.6172787007874017
20
3.2164410629921258
11
2.6143251968503938
21
3.2235714566929135
0
LINE
8
BLACK
6
CONTINUOUS
10
2.6143251968503938
20
3.2235714566929135
11
2.6128194881889764
21
3.2311410629921258
0
LINE
8
BLACK
6
CONTINUOUS
10
2.6128194881889764
20
3.2311410629921258
11
2.6128194881889764
21
3.238858937007874
0
LINE
8
BLACK
6
CONTINUOUS
10
2.6128194881889764
20
3.238858937007874
11
2.6143251968503938
21
3.2464285433070867
0
LINE
8
BLACK
6
CONTINUOUS
10
2.6143251968503938
20
3.2464285433070867
11
2.6172787007874017
21
3.2535589370078739
0
LINE
8
BLACK
6
CONTINUOUS
10
2.6172787007874017
20
3.2535589370078739
11
2.6215665354330708
21
3.2599761023622045
0
LINE
8
BLACK
6
CONTINUOUS
10
2.6215665354330708
20
3.2599761023622045
11
2.6270238976377951
21
3.2654334645669292
0
LINE
8
BLACK
6
CONTINUOUS
10
2.6270238976377951
20
3.2654334645669292
11
2.6334410629921261
21
3.2697212992125984
0
LINE
8
BLACK
6
CONTINUOUS
10
2.6334410629921261
20
3.2697212992125984
11
2.6405714566929133
21
3.2726748031496062
0
LINE
8
BLACK
6
CONTINUOUS
10
2.6405714566929133
20
3.2726748031496062
11
2.648141062992126
21
3.2741805118110237
0
LINE
8
BLACK
6
CONTINUOUS
10
2.648141062992126
20
3.2741805118110237
11
2.6558589370078738
21
3.2741805118110237
0
LINE
8
BLACK
6
CONTINUOUS
10
2.6558589370078738
20
3.2741805118110237
11
2.6634285433070866
21
3.2726748031496062
0
CIRCLE
8
BLACK
10
2.7999999999999998
20
2.
40
0.0068897637795276
0
CIRCLE
8
BLACK
10
0.4
20
0.4
40
0.0068897637795276
0
CIRCLE
8
BLACK
10
2.7999999999999998
20
0.4
40
0.0068897637795276
0
CIRCLE
8
BLACK
10
0.4
20
2.
40
0.0068897637795276
0
CIRCLE
8
BLACK
10
0.9111811023622047
20
2.0727874015748031
40
0.0068897637795276
0
CIRCLE
8
BLACK
10
0.9111811023622047
20
1.972787401574803
40
0.0068897637795276
0
CIRCLE
8
BLACK
10
1.0111811023622046
20
2.0727874015748031
40
0.0068897637795276
0
CIRCLE
8
BLACK
10
1.0111811023622046
20
1.972787401574803
40
0.0068897637795276
0
CIRCLE
8
BLACK
10
1.1111811023622047
20
2.0727874015748031
40
0.0068897637795276
0
CIRCLE
8
BLACK
10
1.1111811023622047
20
1.972787401574803
40
0.0068897637795276
0
CIRCLE
8
BLACK
10
1.2111811023622048
20
2.0727874015748031
40
0.0068897637795276
0
CIRCLE
8
BLACK
10
1.2111811023622048
20
1.972787401574803
40
0.0068897637795276
0
CIRCLE
8
BLACK
10
1.3111811023622046
20
2.0727874015748031
40
0.0068897637795276
0
CIRCLE
8
BLACK
10
1.3111811023622046
20
1.972787401574803
40
0.0068897637795276
0
CIRCLE
8
BLACK
10
1.4111811023622047
20
2.0727874015748031
40
0.0068897637795276
0
CIRCLE
8
BLACK
10
1.4111811023622047
20
1.972787401574803
40
0.0068897637795276
0
CIRCLE
8
BLACK
10
1.5111811023622046
20
2.0727874015748031
40
0.0068897637795276
0
CIRCLE
8
BLACK
10
1.5111811023622046
20
1.972787401574803
40
0.0068897637795276
0
CIRCLE
8
BLACK
10
1.6111811023622047
20
2.0727874015748031
40
0.0068897637795276
0
CIRCLE
8
BLACK
10
1.6111811023622047
20
1.972787401574803
40
0.0068897637795276
0
CIRCLE
8
BLACK
10
1.7111811023622048
20
2.0727874015748031
40
0.0068897637795276
0
CIRCLE
8
BLACK
10
1.7111811023622048
20
1.972787401574803
40
0.0068897637795276
0
CIRCLE
8
BLACK
10
1.8111811023622046
20
2.0727874015748031
40
0.0068897637795276
0
CIRCLE
8
BLACK
10
1.8111811023622046
20
1.972787401574803
40
0.0068897637795276
0
CIRCLE
8
BLACK
10
1.9111811023622047
20
2.0727874015748031
40
0.0068897637795276
0
CIRCLE
8
BLACK
10
1.9111811023622047
20
1.972787401574803
40
0.0068897637795276
0
CIRCLE
8
BLACK
10
2.0111811023622046
20
2.0727874015748031
40
0.0068897637795276
0
CIRCLE
8
BLACK
10
2.0111811023622046
20
1.972787401574803
40
0.0068897637795276
0
CIRCLE
8
BLACK
10
2.1111811023622047
20
2.0727874015748031
40
0.0068897637795276
0
CIRCLE
8
BLACK
10
2.1111811023622047
20
1.972787401574803
40
0.0068897637795276
0
CIRCLE
8
BLACK
10
2.2111811023622048
20
2.0727874015748031
40
0.0068897637795276
0
CIRCLE
8
BLACK
10
2.2111811023622048
20
1.972787401574803
40
0.0068897637795276
0
CIRCLE
8
BLACK
10
2.3111811023622049
20
2.0727874015748031
40
0.0068897637795276
0
CIRCLE
8
BLACK
10
2.3111811023622049
20
1.972787401574803
40
0.0068897637795276
0
CIRCLE
8
WHITE
10
2.7999999999999998
20
2.
40
0.0068897637795276
0
CIRCLE
8
WHITE
10
0.4
20
0.4
40
0.0068897637795276
0
CIRCLE
8
WHITE
10
2.7999999999999998
20
0.4
40
0.0068897637795276
0
CIRCLE
8
WHITE
10
0.4
20
2.
40
0.0068897637795276
0
CIRCLE
8
WHITE
10
0.9111811023622047
20
2.0727874015748031
40
0.0068897637795276
0
CIRCLE
8
WHITE
10
0.9111811023622047
20
1.972787401574803
40
0.0068897637795276
0
CIRCLE
8
WHITE
10
1.0111811023622046
20
2.0727874015748031
40
0.0068897637795276
0
CIRCLE
8
WHITE
10
1.0111811023622046
20
1.972787401574803
40
0.0068897637795276
0
CIRCLE
8
WHITE
10
1.1111811023622047
20
2.0727874015748031
40
0.0068897637795276
0
CIRCLE
8
WHITE
10
1.1111811023622047
20
1.972787401574803
40
0.0068897637795276
0
CIRCLE
8
WHITE
10
1.2111811023622048
20
2.0727874015748031
40
0.0068897637795276
0
CIRCLE
8
WHITE
10
1.2111811023622048
20
1.972787401574803
40
0.0068897637795276
0
CIRCLE
8
WHITE
10
1.3111811023622046
20
2.0727874015748031
40
0.0068897637795276
0
CIRCLE
8
WHITE
10
1.3111811023622046
20
1.972787401574803
40
0.0068897637795276
0
CIRCLE
8
WHITE
10
1.4111811023622047
20
2.0727874015748031
40
0.0068897637795276
0
CIRCLE
8
WHITE
10
1.4111811023622047
20
1.972787401574803
40
0.0068897637795276
0
CIRCLE
8
WHITE
10
1.5111811023622046
20
2.0727874015748031
40
0.0068897637795276
0
CIRCLE
8
WHITE
10
1.5111811023622046
20
1.972787401574803
40
0.0068897637795276
0
CIRCLE
8
WHITE
10
1.6111811023622047
20
2.0727874015748031
40
0.0068897637795276
0
CIRCLE
8
WHITE
10
1.6111811023622047
20
1.972787401574803
40
0.0068897637795276
0
CIRCLE
8
WHITE
10
1.7111811023622048
20
2.0727874015748031
40
0.0068897637795276
0
CIRCLE
8
WHITE
10
1.7111811023622048
20
1.972787401574803
40
0.0068897637795276
0
CIRCLE
8
WHITE
10
1.8111811023622046
20
2.0727874015748031
40
0.0068897637795276
0
CIRCLE
8
WHITE
10
1.8111811023622046
20
1.972787401574803
40
0.0068897637795276
0
CIRCLE
8
WHITE
10
1.9111811023622047
20
2.0727874015748031
40
0.0068897637795276
0
CIRCLE
8
WHITE
10
1.9111811023622047
20
1.972787401574803
40
0.0068897637795276
0
CIRCLE
8
WHITE
10
2.0111811023622046
20
2.0727874015748031
40
0.0068897637795276
0
CIRCLE
8
WHITE
10
2.0111811023622046
20
1.972787401574803
40
0.0068897637795276
0
CIRCLE
8
WHITE
10
2.1111811023622047
20
2.0727874015748031
40
0.0068897637795276
0
CIRCLE
8
WHITE
10
2.1111811023622047
20
1.972787401574803
40
0.0068897637795276
0
CIRCLE
8
WHITE
10
2.2111811023622048
20
2.0727874015748031
40
0.0068897637795276
0
CIRCLE
8
WHITE
10
2.2111811023622048
20
1.972787401574803
40
0.0068897637795276
0
CIRCLE
8
WHITE
10
2.3111811023622049
20
2.0727874015748031
40
0.0068897637795276
0
CIRCLE
8
WHITE
10
2.3111811023622049
20
1.972787401574803
40
0.0068897637795276
  0
ENDSEC
  0
EOF
