  0
SECTION
  2
HEADER
  9
$ANGBASE
  50
0.0
  9
$ANGDIR
  70
1
  9
$MEASUREMENT
  70
0
  0
ENDSEC
  0
SECTION
  2
TABLES
  0
TABLE
  2
LTYPE
  70
4
  0
LTYPE
  5
40F
  2
CONTINUOUS
  70
0
  3
Solid line
  72
65
  73
0
  40
0.0
  0
LTYPE
  5
410
  2
DASHDOT
 70
0
  3
Dash Dot ____ _ ____ _
 72
65
 73
4
 40
2.0
 49
1.25
 49
-0.25
 49
0.25
 49
-0.25
  0
LTYPE
  5
411
  2
DASHED
 70
0
  3
Dashed __ __ __ __ __
 72
65
 73
2
 40
0.75
 49
0.5
 49
-0.25
  0
LTYPE
  5
43B
  2
DOTTED
 70
0
  3
Dotted .  .  .  .
 72
65
 73
2
 40
0.2
 49
0.0
 49
-0.2
  0
ENDTAB
  0
TABLE
  2
STYLE
  70
4
  0
STYLE
  2
KICAD
  70
0
  40
0
  41
1
  42
1
  50
0
  71
0
  3
isocp.shx
  0
STYLE
  2
KICADB
  70
0
  40
0
  41
1
  42
1
  50
0
  71
0
  3
isocp.shx
  0
STYLE
  2
KICADI
  70
0
  40
0
  41
1
  42
1
  50
15
  71
0
  3
isocp.shx
  0
STYLE
  2
KICADBI
  70
0
  40
0
  41
1
  42
1
  50
15
  71
0
  3
isocp.shx
  0
ENDTAB
  0
TABLE
  2
LAYER
  70
1
  0
LAYER
  2
BLACK
  70
0
  62
7
  6
CONTINUOUS
  0
ENDTAB
  0
ENDSEC
  0
SECTION
  2
ENTITIES
0
LINE
8
BLACK
6
CONTINUOUS
10
1.2389555511811023
20
0.3422507874015748
11
1.2421487007874015
21
0.3401172047244094
0
LINE
8
BLACK
6
CONTINUOUS
10
1.2421487007874015
20
0.3401172047244094
11
1.2442822834645668
21
0.3369240551181102
0
LINE
8
BLACK
6
CONTINUOUS
10
1.2442822834645668
20
0.3369240551181102
11
1.245031496062992
21
0.3331574803149606
0
LINE
8
BLACK
6
CONTINUOUS
10
1.245031496062992
20
0.3331574803149606
11
1.245031496062992
21
0.2465433070866142
0
LINE
8
BLACK
6
CONTINUOUS
10
1.245031496062992
20
0.2465433070866142
11
1.2442822834645668
21
0.2427767322834646
0
LINE
8
BLACK
6
CONTINUOUS
10
1.2442822834645668
20
0.2427767322834646
11
1.2421487007874015
21
0.2395835826771653
0
LINE
8
BLACK
6
CONTINUOUS
10
1.2421487007874015
20
0.2395835826771653
11
1.2389555511811023
21
0.23745
0
LINE
8
BLACK
6
CONTINUOUS
10
1.2389555511811023
20
0.23745
11
1.2351889763779527
21
0.2367007874015748
0
LINE
8
BLACK
6
CONTINUOUS
10
1.2351889763779527
20
0.2367007874015748
11
1.215503937007874
21
0.2367007874015748
0
LINE
8
BLACK
6
CONTINUOUS
10
1.215503937007874
20
0.2367007874015748
11
1.2117373622047243
21
0.23745
0
LINE
8
BLACK
6
CONTINUOUS
10
1.2117373622047243
20
0.23745
11
1.2085442125984251
21
0.2395835826771653
0
LINE
8
BLACK
6
CONTINUOUS
10
1.2085442125984251
20
0.2395835826771653
11
1.2064106299212598
21
0.2427767322834646
0
LINE
8
BLACK
6
CONTINUOUS
10
1.2064106299212598
20
0.2427767322834646
11
1.2056614173228346
21
0.2465433070866142
0
LINE
8
BLACK
6
CONTINUOUS
10
1.2056614173228346
20
0.2465433070866142
11
1.2056614173228346
21
0.3331574803149606
0
LINE
8
BLACK
6
CONTINUOUS
10
1.2056614173228346
20
0.3331574803149606
11
1.2064106299212598
21
0.3369240551181102
0
LINE
8
BLACK
6
CONTINUOUS
10
1.2064106299212598
20
0.3369240551181102
11
1.2085442125984251
21
0.3401172047244094
0
LINE
8
BLACK
6
CONTINUOUS
10
1.2085442125984251
20
0.3401172047244094
11
1.2117373622047243
21
0.3422507874015748
0
LINE
8
BLACK
6
CONTINUOUS
10
1.2117373622047243
20
0.3422507874015748
11
1.215503937007874
21
0.343
0
LINE
8
BLACK
6
CONTINUOUS
10
1.215503937007874
20
0.343
11
1.2351889763779527
21
0.343
0
LINE
8
BLACK
6
CONTINUOUS
10
1.2351889763779527
20
0.343
11
1.2389555511811023
21
0.3422507874015748
0
LINE
8
BLACK
6
CONTINUOUS
10
1.5322626377952755
20
0.3422507874015748
11
1.5354557874015748
21
0.3401172047244094
0
LINE
8
BLACK
6
CONTINUOUS
10
1.5354557874015748
20
0.3401172047244094
11
1.5375893700787402
21
0.3369240551181102
0
LINE
8
BLACK
6
CONTINUOUS
10
1.5375893700787402
20
0.3369240551181102
11
1.5383385826771654
21
0.3331574803149606
0
LINE
8
BLACK
6
CONTINUOUS
10
1.5383385826771654
20
0.3331574803149606
11
1.5383385826771654
21
0.2465433070866142
0
LINE
8
BLACK
6
CONTINUOUS
10
1.5383385826771654
20
0.2465433070866142
11
1.5375893700787402
21
0.2427767322834646
0
LINE
8
BLACK
6
CONTINUOUS
10
1.5375893700787402
20
0.2427767322834646
11
1.5354557874015748
21
0.2395835826771653
0
LINE
8
BLACK
6
CONTINUOUS
10
1.5354557874015748
20
0.2395835826771653
11
1.5322626377952755
21
0.23745
0
LINE
8
BLACK
6
CONTINUOUS
10
1.5322626377952755
20
0.23745
11
1.528496062992126
21
0.2367007874015748
0
LINE
8
BLACK
6
CONTINUOUS
10
1.528496062992126
20
0.2367007874015748
11
1.5088110236220471
21
0.2367007874015748
0
LINE
8
BLACK
6
CONTINUOUS
10
1.5088110236220471
20
0.2367007874015748
11
1.5050444488188977
21
0.23745
0
LINE
8
BLACK
6
CONTINUOUS
10
1.5050444488188977
20
0.23745
11
1.5018512992125983
21
0.2395835826771653
0
LINE
8
BLACK
6
CONTINUOUS
10
1.5018512992125983
20
0.2395835826771653
11
1.499717716535433
21
0.2427767322834646
0
LINE
8
BLACK
6
CONTINUOUS
10
1.499717716535433
20
0.2427767322834646
11
1.4989685039370078
21
0.2465433070866142
0
LINE
8
BLACK
6
CONTINUOUS
10
1.4989685039370078
20
0.2465433070866142
11
1.4989685039370078
21
0.3331574803149606
0
LINE
8
BLACK
6
CONTINUOUS
10
1.4989685039370078
20
0.3331574803149606
11
1.499717716535433
21
0.3369240551181102
0
LINE
8
BLACK
6
CONTINUOUS
10
1.499717716535433
20
0.3369240551181102
11
1.5018512992125983
21
0.3401172047244094
0
LINE
8
BLACK
6
CONTINUOUS
10
1.5018512992125983
20
0.3401172047244094
11
1.5050444488188977
21
0.3422507874015748
0
LINE
8
BLACK
6
CONTINUOUS
10
1.5050444488188977
20
0.3422507874015748
11
1.5088110236220471
21
0.343
0
LINE
8
BLACK
6
CONTINUOUS
10
1.5088110236220471
20
0.343
11
1.528496062992126
21
0.343
0
LINE
8
BLACK
6
CONTINUOUS
10
1.528496062992126
20
0.343
11
1.5322626377952755
21
0.3422507874015748
0
LINE
8
BLACK
6
CONTINUOUS
10
0.5965303543307087
20
0.3452507874015748
11
0.5997235039370079
21
0.3431172047244094
0
LINE
8
BLACK
6
CONTINUOUS
10
0.5997235039370079
20
0.3431172047244094
11
0.6018570866141733
21
0.3399240551181102
0
LINE
8
BLACK
6
CONTINUOUS
10
0.6018570866141733
20
0.3399240551181102
11
0.6026062992125985
21
0.3361574803149606
0
LINE
8
BLACK
6
CONTINUOUS
10
0.6026062992125985
20
0.3361574803149606
11
0.6026062992125985
21
0.2495433070866142
0
LINE
8
BLACK
6
CONTINUOUS
10
0.6026062992125985
20
0.2495433070866142
11
0.6018570866141733
21
0.2457767322834646
0
LINE
8
BLACK
6
CONTINUOUS
10
0.6018570866141733
20
0.2457767322834646
11
0.5997235039370079
21
0.2425835826771653
0
LINE
8
BLACK
6
CONTINUOUS
10
0.5997235039370079
20
0.2425835826771653
11
0.5965303543307087
21
0.24045
0
LINE
8
BLACK
6
CONTINUOUS
10
0.5965303543307087
20
0.24045
11
0.592763779527559
21
0.2397007874015748
0
LINE
8
BLACK
6
CONTINUOUS
10
0.592763779527559
20
0.2397007874015748
11
0.5730787401574803
21
0.2397007874015748
0
LINE
8
BLACK
6
CONTINUOUS
10
0.5730787401574803
20
0.2397007874015748
11
0.5693121653543307
21
0.24045
0
LINE
8
BLACK
6
CONTINUOUS
10
0.5693121653543307
20
0.24045
11
0.5661190157480315
21
0.2425835826771653
0
LINE
8
BLACK
6
CONTINUOUS
10
0.5661190157480315
20
0.2425835826771653
11
0.5639854330708661
21
0.2457767322834646
0
LINE
8
BLACK
6
CONTINUOUS
10
0.5639854330708661
20
0.2457767322834646
11
0.5632362204724409
21
0.2495433070866142
0
LINE
8
BLACK
6
CONTINUOUS
10
0.5632362204724409
20
0.2495433070866142
11
0.5632362204724409
21
0.3361574803149606
0
LINE
8
BLACK
6
CONTINUOUS
10
0.5632362204724409
20
0.3361574803149606
11
0.5639854330708661
21
0.3399240551181102
0
LINE
8
BLACK
6
CONTINUOUS
10
0.5639854330708661
20
0.3399240551181102
11
0.5661190157480315
21
0.3431172047244094
0
LINE
8
BLACK
6
CONTINUOUS
10
0.5661190157480315
20
0.3431172047244094
11
0.5693121653543307
21
0.3452507874015748
0
LINE
8
BLACK
6
CONTINUOUS
10
0.5693121653543307
20
0.3452507874015748
11
0.5730787401574803
21
0.346
0
LINE
8
BLACK
6
CONTINUOUS
10
0.5730787401574803
20
0.346
11
0.592763779527559
21
0.346
0
LINE
8
BLACK
6
CONTINUOUS
10
0.592763779527559
20
0.346
11
0.5965303543307087
21
0.3452507874015748
0
LINE
8
BLACK
6
CONTINUOUS
10
1.0866878346456692
20
0.3452507874015748
11
1.0898809842519686
21
0.3431172047244094
0
LINE
8
BLACK
6
CONTINUOUS
10
1.0898809842519686
20
0.3431172047244094
11
1.0920145669291339
21
0.3399240551181102
0
LINE
8
BLACK
6
CONTINUOUS
10
1.0920145669291339
20
0.3399240551181102
11
1.0927637795275591
21
0.3361574803149606
0
LINE
8
BLACK
6
CONTINUOUS
10
1.0927637795275591
20
0.3361574803149606
11
1.0927637795275591
21
0.2495433070866142
0
LINE
8
BLACK
6
CONTINUOUS
10
1.0927637795275591
20
0.2495433070866142
11
1.0920145669291339
21
0.2457767322834646
0
LINE
8
BLACK
6
CONTINUOUS
10
1.0920145669291339
20
0.2457767322834646
11
1.0898809842519686
21
0.2425835826771653
0
LINE
8
BLACK
6
CONTINUOUS
10
1.0898809842519686
20
0.2425835826771653
11
1.0866878346456692
21
0.24045
0
LINE
8
BLACK
6
CONTINUOUS
10
1.0866878346456692
20
0.24045
11
1.0829212598425197
21
0.2397007874015748
0
LINE
8
BLACK
6
CONTINUOUS
10
1.0829212598425197
20
0.2397007874015748
11
1.0632362204724408
21
0.2397007874015748
0
LINE
8
BLACK
6
CONTINUOUS
10
1.0632362204724408
20
0.2397007874015748
11
1.0594696456692914
21
0.24045
0
LINE
8
BLACK
6
CONTINUOUS
10
1.0594696456692914
20
0.24045
11
1.056276496062992
21
0.2425835826771653
0
LINE
8
BLACK
6
CONTINUOUS
10
1.056276496062992
20
0.2425835826771653
11
1.0541429133858267
21
0.2457767322834646
0
LINE
8
BLACK
6
CONTINUOUS
10
1.0541429133858267
20
0.2457767322834646
11
1.0533937007874015
21
0.2495433070866142
0
LINE
8
BLACK
6
CONTINUOUS
10
1.0533937007874015
20
0.2495433070866142
11
1.0533937007874015
21
0.3361574803149606
0
LINE
8
BLACK
6
CONTINUOUS
10
1.0533937007874015
20
0.3361574803149606
11
1.0541429133858267
21
0.3399240551181102
0
LINE
8
BLACK
6
CONTINUOUS
10
1.0541429133858267
20
0.3399240551181102
11
1.056276496062992
21
0.3431172047244094
0
LINE
8
BLACK
6
CONTINUOUS
10
1.056276496062992
20
0.3431172047244094
11
1.0594696456692914
21
0.3452507874015748
0
LINE
8
BLACK
6
CONTINUOUS
10
1.0594696456692914
20
0.3452507874015748
11
1.0632362204724408
21
0.346
0
LINE
8
BLACK
6
CONTINUOUS
10
1.0632362204724408
20
0.346
11
1.0829212598425197
21
0.346
0
LINE
8
BLACK
6
CONTINUOUS
10
1.0829212598425197
20
0.346
11
1.0866878346456692
21
0.3452507874015748
0
LINE
8
BLACK
6
CONTINUOUS
10
2.2207429527559053
20
0.3472507874015748
11
2.2239361023622046
21
0.3451172047244094
0
LINE
8
BLACK
6
CONTINUOUS
10
2.2239361023622046
20
0.3451172047244094
11
2.22606968503937
21
0.3419240551181102
0
LINE
8
BLACK
6
CONTINUOUS
10
2.22606968503937
20
0.3419240551181102
11
2.2268188976377954
21
0.3381574803149606
0
LINE
8
BLACK
6
CONTINUOUS
10
2.2268188976377954
20
0.3381574803149606
11
2.2268188976377954
21
0.2515433070866142
0
LINE
8
BLACK
6
CONTINUOUS
10
2.2268188976377954
20
0.2515433070866142
11
2.22606968503937
21
0.2477767322834646
0
LINE
8
BLACK
6
CONTINUOUS
10
2.22606968503937
20
0.2477767322834646
11
2.2239361023622046
21
0.2445835826771653
0
LINE
8
BLACK
6
CONTINUOUS
10
2.2239361023622046
20
0.2445835826771653
11
2.2207429527559053
21
0.24245
0
LINE
8
BLACK
6
CONTINUOUS
10
2.2207429527559053
20
0.24245
11
2.216976377952756
21
0.2417007874015748
0
LINE
8
BLACK
6
CONTINUOUS
10
2.216976377952756
20
0.2417007874015748
11
2.1972913385826773
21
0.2417007874015748
0
LINE
8
BLACK
6
CONTINUOUS
10
2.1972913385826773
20
0.2417007874015748
11
2.1935247637795277
21
0.24245
0
LINE
8
BLACK
6
CONTINUOUS
10
2.1935247637795277
20
0.24245
11
2.1903316141732283
21
0.2445835826771653
0
LINE
8
BLACK
6
CONTINUOUS
10
2.1903316141732283
20
0.2445835826771653
11
2.188198031496063
21
0.2477767322834646
0
LINE
8
BLACK
6
CONTINUOUS
10
2.188198031496063
20
0.2477767322834646
11
2.1874488188976375
21
0.2515433070866142
0
LINE
8
BLACK
6
CONTINUOUS
10
2.1874488188976375
20
0.2515433070866142
11
2.1874488188976375
21
0.3381574803149606
0
LINE
8
BLACK
6
CONTINUOUS
10
2.1874488188976375
20
0.3381574803149606
11
2.188198031496063
21
0.3419240551181102
0
LINE
8
BLACK
6
CONTINUOUS
10
2.188198031496063
20
0.3419240551181102
11
2.1903316141732283
21
0.3451172047244094
0
LINE
8
BLACK
6
CONTINUOUS
10
2.1903316141732283
20
0.3451172047244094
11
2.1935247637795277
21
0.3472507874015748
0
LINE
8
BLACK
6
CONTINUOUS
10
2.1935247637795277
20
0.3472507874015748
11
2.1972913385826773
21
0.348
0
LINE
8
BLACK
6
CONTINUOUS
10
2.1972913385826773
20
0.348
11
2.216976377952756
21
0.348
0
LINE
8
BLACK
6
CONTINUOUS
10
2.216976377952756
20
0.348
11
2.2207429527559053
21
0.3472507874015748
0
LINE
8
BLACK
6
CONTINUOUS
10
2.6124752362204724
20
0.3472507874015748
11
2.6156683858267717
21
0.3451172047244094
0
LINE
8
BLACK
6
CONTINUOUS
10
2.6156683858267717
20
0.3451172047244094
11
2.6178019685039371
21
0.3419240551181102
0
LINE
8
BLACK
6
CONTINUOUS
10
2.6178019685039371
20
0.3419240551181102
11
2.6185511811023621
21
0.3381574803149606
0
LINE
8
BLACK
6
CONTINUOUS
10
2.6185511811023621
20
0.3381574803149606
11
2.6185511811023621
21
0.2515433070866142
0
LINE
8
BLACK
6
CONTINUOUS
10
2.6185511811023621
20
0.2515433070866142
11
2.6178019685039371
21
0.2477767322834646
0
LINE
8
BLACK
6
CONTINUOUS
10
2.6178019685039371
20
0.2477767322834646
11
2.6156683858267717
21
0.2445835826771653
0
LINE
8
BLACK
6
CONTINUOUS
10
2.6156683858267717
20
0.2445835826771653
11
2.6124752362204724
21
0.24245
0
LINE
8
BLACK
6
CONTINUOUS
10
2.6124752362204724
20
0.24245
11
2.6087086614173227
21
0.2417007874015748
0
LINE
8
BLACK
6
CONTINUOUS
10
2.6087086614173227
20
0.2417007874015748
11
2.589023622047244
21
0.2417007874015748
0
LINE
8
BLACK
6
CONTINUOUS
10
2.589023622047244
20
0.2417007874015748
11
2.5852570472440943
21
0.24245
0
LINE
8
BLACK
6
CONTINUOUS
10
2.5852570472440943
20
0.24245
11
2.5820638976377954
21
0.2445835826771653
0
LINE
8
BLACK
6
CONTINUOUS
10
2.5820638976377954
20
0.2445835826771653
11
2.5799303149606301
21
0.2477767322834646
0
LINE
8
BLACK
6
CONTINUOUS
10
2.5799303149606301
20
0.2477767322834646
11
2.5791811023622047
21
0.2515433070866142
0
LINE
8
BLACK
6
CONTINUOUS
10
2.5791811023622047
20
0.2515433070866142
11
2.5791811023622047
21
0.3381574803149606
0
LINE
8
BLACK
6
CONTINUOUS
10
2.5791811023622047
20
0.3381574803149606
11
2.5799303149606301
21
0.3419240551181102
0
LINE
8
BLACK
6
CONTINUOUS
10
2.5799303149606301
20
0.3419240551181102
11
2.5820638976377954
21
0.3451172047244094
0
LINE
8
BLACK
6
CONTINUOUS
10
2.5820638976377954
20
0.3451172047244094
11
2.5852570472440943
21
0.3472507874015748
0
LINE
8
BLACK
6
CONTINUOUS
10
2.5852570472440943
20
0.3472507874015748
11
2.589023622047244
21
0.348
0
LINE
8
BLACK
6
CONTINUOUS
10
2.589023622047244
20
0.348
11
2.6087086614173227
21
0.348
0
LINE
8
BLACK
6
CONTINUOUS
10
2.6087086614173227
20
0.348
11
2.6124752362204724
21
0.3472507874015748
0
LINE
8
BLACK
6
CONTINUOUS
10
1.6821366535433071
20
0.3482507874015748
11
1.6853298031496062
21
0.3461172047244094
0
LINE
8
BLACK
6
CONTINUOUS
10
1.6853298031496062
20
0.3461172047244094
11
1.6874633858267716
21
0.3429240551181102
0
LINE
8
BLACK
6
CONTINUOUS
10
1.6874633858267716
20
0.3429240551181102
11
1.6882125984251968
21
0.3391574803149606
0
LINE
8
BLACK
6
CONTINUOUS
10
1.6882125984251968
20
0.3391574803149606
11
1.6882125984251968
21
0.2525433070866142
0
LINE
8
BLACK
6
CONTINUOUS
10
1.6882125984251968
20
0.2525433070866142
11
1.6874633858267716
21
0.2487767322834646
0
LINE
8
BLACK
6
CONTINUOUS
10
1.6874633858267716
20
0.2487767322834646
11
1.6853298031496062
21
0.2455835826771653
0
LINE
8
BLACK
6
CONTINUOUS
10
1.6853298031496062
20
0.2455835826771653
11
1.6821366535433071
21
0.24345
0
LINE
8
BLACK
6
CONTINUOUS
10
1.6821366535433071
20
0.24345
11
1.6783700787401574
21
0.2427007874015748
0
LINE
8
BLACK
6
CONTINUOUS
10
1.6783700787401574
20
0.2427007874015748
11
1.6586850393700787
21
0.2427007874015748
0
LINE
8
BLACK
6
CONTINUOUS
10
1.6586850393700787
20
0.2427007874015748
11
1.654918464566929
21
0.24345
0
LINE
8
BLACK
6
CONTINUOUS
10
1.654918464566929
20
0.24345
11
1.6517253149606299
21
0.2455835826771653
0
LINE
8
BLACK
6
CONTINUOUS
10
1.6517253149606299
20
0.2455835826771653
11
1.6495917322834646
21
0.2487767322834646
0
LINE
8
BLACK
6
CONTINUOUS
10
1.6495917322834646
20
0.2487767322834646
11
1.6488425196850394
21
0.2525433070866142
0
LINE
8
BLACK
6
CONTINUOUS
10
1.6488425196850394
20
0.2525433070866142
11
1.6488425196850394
21
0.3391574803149606
0
LINE
8
BLACK
6
CONTINUOUS
10
1.6488425196850394
20
0.3391574803149606
11
1.6495917322834646
21
0.3429240551181102
0
LINE
8
BLACK
6
CONTINUOUS
10
1.6495917322834646
20
0.3429240551181102
11
1.6517253149606299
21
0.3461172047244094
0
LINE
8
BLACK
6
CONTINUOUS
10
1.6517253149606299
20
0.3461172047244094
11
1.654918464566929
21
0.3482507874015748
0
LINE
8
BLACK
6
CONTINUOUS
10
1.654918464566929
20
0.3482507874015748
11
1.6586850393700787
21
0.349
0
LINE
8
BLACK
6
CONTINUOUS
10
1.6586850393700787
20
0.349
11
1.6783700787401574
21
0.349
0
LINE
8
BLACK
6
CONTINUOUS
10
1.6783700787401574
20
0.349
11
1.6821366535433071
21
0.3482507874015748
0
LINE
8
BLACK
6
CONTINUOUS
10
2.1230815354330708
20
0.3482507874015748
11
2.1262746850393701
21
0.3461172047244094
0
LINE
8
BLACK
6
CONTINUOUS
10
2.1262746850393701
20
0.3461172047244094
11
2.1284082677165355
21
0.3429240551181102
0
LINE
8
BLACK
6
CONTINUOUS
10
2.1284082677165355
20
0.3429240551181102
11
2.1291574803149604
21
0.3391574803149606
0
LINE
8
BLACK
6
CONTINUOUS
10
2.1291574803149604
20
0.3391574803149606
11
2.1291574803149604
21
0.2525433070866142
0
LINE
8
BLACK
6
CONTINUOUS
10
2.1291574803149604
20
0.2525433070866142
11
2.1284082677165355
21
0.2487767322834646
0
LINE
8
BLACK
6
CONTINUOUS
10
2.1284082677165355
20
0.2487767322834646
11
2.1262746850393701
21
0.2455835826771653
0
LINE
8
BLACK
6
CONTINUOUS
10
2.1262746850393701
20
0.2455835826771653
11
2.1230815354330708
21
0.24345
0
LINE
8
BLACK
6
CONTINUOUS
10
2.1230815354330708
20
0.24345
11
2.1193149606299211
21
0.2427007874015748
0
LINE
8
BLACK
6
CONTINUOUS
10
2.1193149606299211
20
0.2427007874015748
11
2.0996299212598424
21
0.2427007874015748
0
LINE
8
BLACK
6
CONTINUOUS
10
2.0996299212598424
20
0.2427007874015748
11
2.0958633464566927
21
0.24345
0
LINE
8
BLACK
6
CONTINUOUS
10
2.0958633464566927
20
0.24345
11
2.0926701968503938
21
0.2455835826771653
0
LINE
8
BLACK
6
CONTINUOUS
10
2.0926701968503938
20
0.2455835826771653
11
2.0905366141732284
21
0.2487767322834646
0
LINE
8
BLACK
6
CONTINUOUS
10
2.0905366141732284
20
0.2487767322834646
11
2.089787401574803
21
0.2525433070866142
0
LINE
8
BLACK
6
CONTINUOUS
10
2.089787401574803
20
0.2525433070866142
11
2.089787401574803
21
0.3391574803149606
0
LINE
8
BLACK
6
CONTINUOUS
10
2.089787401574803
20
0.3391574803149606
11
2.0905366141732284
21
0.3429240551181102
0
LINE
8
BLACK
6
CONTINUOUS
10
2.0905366141732284
20
0.3429240551181102
11
2.0926701968503938
21
0.3461172047244094
0
LINE
8
BLACK
6
CONTINUOUS
10
2.0926701968503938
20
0.3461172047244094
11
2.0958633464566927
21
0.3482507874015748
0
LINE
8
BLACK
6
CONTINUOUS
10
2.0958633464566927
20
0.3482507874015748
11
2.0996299212598424
21
0.349
0
LINE
8
BLACK
6
CONTINUOUS
10
2.0996299212598424
20
0.349
11
2.1193149606299211
21
0.349
0
LINE
8
BLACK
6
CONTINUOUS
10
2.1193149606299211
20
0.349
11
2.1230815354330708
21
0.3482507874015748
0
LINE
8
BLACK
6
CONTINUOUS
10
1.3063465748031495
20
0.4488496850393701
11
1.3082624409448818
21
0.4475695275590551
0
LINE
8
BLACK
6
CONTINUOUS
10
1.3082624409448818
20
0.4475695275590551
11
1.3095425984251967
21
0.4456536614173228
0
LINE
8
BLACK
6
CONTINUOUS
10
1.3095425984251967
20
0.4456536614173228
11
1.309992125984252
21
0.4433937007874016
0
LINE
8
BLACK
6
CONTINUOUS
10
1.309992125984252
20
0.4433937007874016
11
1.309992125984252
21
0.3882755905511811
0
LINE
8
BLACK
6
CONTINUOUS
10
1.309992125984252
20
0.3882755905511811
11
1.3095425984251967
21
0.3860156299212598
0
LINE
8
BLACK
6
CONTINUOUS
10
1.3095425984251967
20
0.3860156299212598
11
1.3082624409448818
21
0.3840997637795275
0
LINE
8
BLACK
6
CONTINUOUS
10
1.3082624409448818
20
0.3840997637795275
11
1.3063465748031495
21
0.3828196062992126
0
LINE
8
BLACK
6
CONTINUOUS
10
1.3063465748031495
20
0.3828196062992126
11
1.3040866141732284
21
0.3823700787401575
0
LINE
8
BLACK
6
CONTINUOUS
10
1.3040866141732284
20
0.3823700787401575
11
1.2922755905511811
21
0.3823700787401575
0
LINE
8
BLACK
6
CONTINUOUS
10
1.2922755905511811
20
0.3823700787401575
11
1.2900156299212597
21
0.3828196062992126
0
LINE
8
BLACK
6
CONTINUOUS
10
1.2900156299212597
20
0.3828196062992126
11
1.2880997637795275
21
0.3840997637795275
0
LINE
8
BLACK
6
CONTINUOUS
10
1.2880997637795275
20
0.3840997637795275
11
1.2868196062992125
21
0.3860156299212598
0
LINE
8
BLACK
6
CONTINUOUS
10
1.2868196062992125
20
0.3860156299212598
11
1.2863700787401575
21
0.3882755905511811
0
LINE
8
BLACK
6
CONTINUOUS
10
1.2863700787401575
20
0.3882755905511811
11
1.2863700787401575
21
0.4433937007874016
0
LINE
8
BLACK
6
CONTINUOUS
10
1.2863700787401575
20
0.4433937007874016
11
1.2868196062992125
21
0.4456536614173228
0
LINE
8
BLACK
6
CONTINUOUS
10
1.2868196062992125
20
0.4456536614173228
11
1.2880997637795275
21
0.4475695275590551
0
LINE
8
BLACK
6
CONTINUOUS
10
1.2880997637795275
20
0.4475695275590551
11
1.2900156299212597
21
0.4488496850393701
0
LINE
8
BLACK
6
CONTINUOUS
10
1.2900156299212597
20
0.4488496850393701
11
1.2922755905511811
21
0.4492992125984252
0
LINE
8
BLACK
6
CONTINUOUS
10
1.2922755905511811
20
0.4492992125984252
11
1.3040866141732284
21
0.4492992125984252
0
LINE
8
BLACK
6
CONTINUOUS
10
1.3040866141732284
20
0.4492992125984252
11
1.3063465748031495
21
0.4488496850393701
0
LINE
8
BLACK
6
CONTINUOUS
10
1.3555591732283465
20
0.4488496850393701
11
1.3574750393700787
21
0.4475695275590551
0
LINE
8
BLACK
6
CONTINUOUS
10
1.3574750393700787
20
0.4475695275590551
11
1.3587551968503937
21
0.4456536614173228
0
LINE
8
BLACK
6
CONTINUOUS
10
1.3587551968503937
20
0.4456536614173228
11
1.3592047244094487
21
0.4433937007874016
0
LINE
8
BLACK
6
CONTINUOUS
10
1.3592047244094487
20
0.4433937007874016
11
1.3592047244094487
21
0.3882755905511811
0
LINE
8
BLACK
6
CONTINUOUS
10
1.3592047244094487
20
0.3882755905511811
11
1.3587551968503937
21
0.3860156299212598
0
LINE
8
BLACK
6
CONTINUOUS
10
1.3587551968503937
20
0.3860156299212598
11
1.3574750393700787
21
0.3840997637795275
0
LINE
8
BLACK
6
CONTINUOUS
10
1.3574750393700787
20
0.3840997637795275
11
1.3555591732283465
21
0.3828196062992126
0
LINE
8
BLACK
6
CONTINUOUS
10
1.3555591732283465
20
0.3828196062992126
11
1.3532992125984251
21
0.3823700787401575
0
LINE
8
BLACK
6
CONTINUOUS
10
1.3532992125984251
20
0.3823700787401575
11
1.3414881889763779
21
0.3823700787401575
0
LINE
8
BLACK
6
CONTINUOUS
10
1.3414881889763779
20
0.3823700787401575
11
1.3392282283464567
21
0.3828196062992126
0
LINE
8
BLACK
6
CONTINUOUS
10
1.3392282283464567
20
0.3828196062992126
11
1.3373123622047243
21
0.3840997637795275
0
LINE
8
BLACK
6
CONTINUOUS
10
1.3373123622047243
20
0.3840997637795275
11
1.3360322047244093
21
0.3860156299212598
0
LINE
8
BLACK
6
CONTINUOUS
10
1.3360322047244093
20
0.3860156299212598
11
1.3355826771653543
21
0.3882755905511811
0
LINE
8
BLACK
6
CONTINUOUS
10
1.3355826771653543
20
0.3882755905511811
11
1.3355826771653543
21
0.4433937007874016
0
LINE
8
BLACK
6
CONTINUOUS
10
1.3355826771653543
20
0.4433937007874016
11
1.3360322047244093
21
0.4456536614173228
0
LINE
8
BLACK
6
CONTINUOUS
10
1.3360322047244093
20
0.4456536614173228
11
1.3373123622047243
21
0.4475695275590551
0
LINE
8
BLACK
6
CONTINUOUS
10
1.3373123622047243
20
0.4475695275590551
11
1.3392282283464567
21
0.4488496850393701
0
LINE
8
BLACK
6
CONTINUOUS
10
1.3392282283464567
20
0.4488496850393701
11
1.3414881889763779
21
0.4492992125984252
0
LINE
8
BLACK
6
CONTINUOUS
10
1.3414881889763779
20
0.4492992125984252
11
1.3532992125984251
21
0.4492992125984252
0
LINE
8
BLACK
6
CONTINUOUS
10
1.3532992125984251
20
0.4492992125984252
11
1.3555591732283465
21
0.4488496850393701
0
LINE
8
BLACK
6
CONTINUOUS
10
1.4047717716535433
20
0.4488496850393701
11
1.4066876377952755
21
0.4475695275590551
0
LINE
8
BLACK
6
CONTINUOUS
10
1.4066876377952755
20
0.4475695275590551
11
1.4079677952755905
21
0.4456536614173228
0
LINE
8
BLACK
6
CONTINUOUS
10
1.4079677952755905
20
0.4456536614173228
11
1.4084173228346457
21
0.4433937007874016
0
LINE
8
BLACK
6
CONTINUOUS
10
1.4084173228346457
20
0.4433937007874016
11
1.4084173228346457
21
0.3882755905511811
0
LINE
8
BLACK
6
CONTINUOUS
10
1.4084173228346457
20
0.3882755905511811
11
1.4079677952755905
21
0.3860156299212598
0
LINE
8
BLACK
6
CONTINUOUS
10
1.4079677952755905
20
0.3860156299212598
11
1.4066876377952755
21
0.3840997637795275
0
LINE
8
BLACK
6
CONTINUOUS
10
1.4066876377952755
20
0.3840997637795275
11
1.4047717716535433
21
0.3828196062992126
0
LINE
8
BLACK
6
CONTINUOUS
10
1.4047717716535433
20
0.3828196062992126
11
1.4025118110236221
21
0.3823700787401575
0
LINE
8
BLACK
6
CONTINUOUS
10
1.4025118110236221
20
0.3823700787401575
11
1.3907007874015749
21
0.3823700787401575
0
LINE
8
BLACK
6
CONTINUOUS
10
1.3907007874015749
20
0.3823700787401575
11
1.3884408267716535
21
0.3828196062992126
0
LINE
8
BLACK
6
CONTINUOUS
10
1.3884408267716535
20
0.3828196062992126
11
1.3865249606299213
21
0.3840997637795275
0
LINE
8
BLACK
6
CONTINUOUS
10
1.3865249606299213
20
0.3840997637795275
11
1.3852448031496063
21
0.3860156299212598
0
LINE
8
BLACK
6
CONTINUOUS
10
1.3852448031496063
20
0.3860156299212598
11
1.384795275590551
21
0.3882755905511811
0
LINE
8
BLACK
6
CONTINUOUS
10
1.384795275590551
20
0.3882755905511811
11
1.384795275590551
21
0.4433937007874016
0
LINE
8
BLACK
6
CONTINUOUS
10
1.384795275590551
20
0.4433937007874016
11
1.3852448031496063
21
0.4456536614173228
0
LINE
8
BLACK
6
CONTINUOUS
10
1.3852448031496063
20
0.4456536614173228
11
1.3865249606299213
21
0.4475695275590551
0
LINE
8
BLACK
6
CONTINUOUS
10
1.3865249606299213
20
0.4475695275590551
11
1.3884408267716535
21
0.4488496850393701
0
LINE
8
BLACK
6
CONTINUOUS
10
1.3884408267716535
20
0.4488496850393701
11
1.3907007874015749
21
0.4492992125984252
0
LINE
8
BLACK
6
CONTINUOUS
10
1.3907007874015749
20
0.4492992125984252
11
1.4025118110236221
21
0.4492992125984252
0
LINE
8
BLACK
6
CONTINUOUS
10
1.4025118110236221
20
0.4492992125984252
11
1.4047717716535433
21
0.4488496850393701
0
LINE
8
BLACK
6
CONTINUOUS
10
1.45398437007874
20
0.4488496850393701
11
1.4559002362204725
21
0.4475695275590551
0
LINE
8
BLACK
6
CONTINUOUS
10
1.4559002362204725
20
0.4475695275590551
11
1.4571803937007874
21
0.4456536614173228
0
LINE
8
BLACK
6
CONTINUOUS
10
1.4571803937007874
20
0.4456536614173228
11
1.4576299212598425
21
0.4433937007874016
0
LINE
8
BLACK
6
CONTINUOUS
10
1.4576299212598425
20
0.4433937007874016
11
1.4576299212598425
21
0.3882755905511811
0
LINE
8
BLACK
6
CONTINUOUS
10
1.4576299212598425
20
0.3882755905511811
11
1.4571803937007874
21
0.3860156299212598
0
LINE
8
BLACK
6
CONTINUOUS
10
1.4571803937007874
20
0.3860156299212598
11
1.4559002362204725
21
0.3840997637795275
0
LINE
8
BLACK
6
CONTINUOUS
10
1.4559002362204725
20
0.3840997637795275
11
1.45398437007874
21
0.3828196062992126
0
LINE
8
BLACK
6
CONTINUOUS
10
1.45398437007874
20
0.3828196062992126
11
1.4517244094488189
21
0.3823700787401575
0
LINE
8
BLACK
6
CONTINUOUS
10
1.4517244094488189
20
0.3823700787401575
11
1.4399133858267716
21
0.3823700787401575
0
LINE
8
BLACK
6
CONTINUOUS
10
1.4399133858267716
20
0.3823700787401575
11
1.4376534251968505
21
0.3828196062992126
0
LINE
8
BLACK
6
CONTINUOUS
10
1.4376534251968505
20
0.3828196062992126
11
1.435737559055118
21
0.3840997637795275
0
LINE
8
BLACK
6
CONTINUOUS
10
1.435737559055118
20
0.3840997637795275
11
1.4344574015748031
21
0.3860156299212598
0
LINE
8
BLACK
6
CONTINUOUS
10
1.4344574015748031
20
0.3860156299212598
11
1.434007874015748
21
0.3882755905511811
0
LINE
8
BLACK
6
CONTINUOUS
10
1.434007874015748
20
0.3882755905511811
11
1.434007874015748
21
0.4433937007874016
0
LINE
8
BLACK
6
CONTINUOUS
10
1.434007874015748
20
0.4433937007874016
11
1.4344574015748031
21
0.4456536614173228
0
LINE
8
BLACK
6
CONTINUOUS
10
1.4344574015748031
20
0.4456536614173228
11
1.435737559055118
21
0.4475695275590551
0
LINE
8
BLACK
6
CONTINUOUS
10
1.435737559055118
20
0.4475695275590551
11
1.4376534251968505
21
0.4488496850393701
0
LINE
8
BLACK
6
CONTINUOUS
10
1.4376534251968505
20
0.4488496850393701
11
1.4399133858267716
21
0.4492992125984252
0
LINE
8
BLACK
6
CONTINUOUS
10
1.4399133858267716
20
0.4492992125984252
11
1.4517244094488189
21
0.4492992125984252
0
LINE
8
BLACK
6
CONTINUOUS
10
1.4517244094488189
20
0.4492992125984252
11
1.45398437007874
21
0.4488496850393701
0
LINE
8
BLACK
6
CONTINUOUS
10
0.6639213779527559
20
0.4518496850393701
11
0.6658372440944882
21
0.4505695275590551
0
LINE
8
BLACK
6
CONTINUOUS
10
0.6658372440944882
20
0.4505695275590551
11
0.6671174015748031
21
0.4486536614173228
0
LINE
8
BLACK
6
CONTINUOUS
10
0.6671174015748031
20
0.4486536614173228
11
0.6675669291338583
21
0.4463937007874015
0
LINE
8
BLACK
6
CONTINUOUS
10
0.6675669291338583
20
0.4463937007874015
11
0.6675669291338583
21
0.3912755905511811
0
LINE
8
BLACK
6
CONTINUOUS
10
0.6675669291338583
20
0.3912755905511811
11
0.6671174015748031
21
0.3890156299212598
0
LINE
8
BLACK
6
CONTINUOUS
10
0.6671174015748031
20
0.3890156299212598
11
0.6658372440944882
21
0.3870997637795275
0
LINE
8
BLACK
6
CONTINUOUS
10
0.6658372440944882
20
0.3870997637795275
11
0.6639213779527559
21
0.3858196062992126
0
LINE
8
BLACK
6
CONTINUOUS
10
0.6639213779527559
20
0.3858196062992126
11
0.6616614173228347
21
0.3853700787401575
0
LINE
8
BLACK
6
CONTINUOUS
10
0.6616614173228347
20
0.3853700787401575
11
0.6498503937007873
21
0.3853700787401575
0
LINE
8
BLACK
6
CONTINUOUS
10
0.6498503937007873
20
0.3853700787401575
11
0.6475904330708662
21
0.3858196062992126
0
LINE
8
BLACK
6
CONTINUOUS
10
0.6475904330708662
20
0.3858196062992126
11
0.6456745669291338
21
0.3870997637795275
0
LINE
8
BLACK
6
CONTINUOUS
10
0.6456745669291338
20
0.3870997637795275
11
0.6443944094488189
21
0.3890156299212598
0
LINE
8
BLACK
6
CONTINUOUS
10
0.6443944094488189
20
0.3890156299212598
11
0.6439448818897637
21
0.3912755905511811
0
LINE
8
BLACK
6
CONTINUOUS
10
0.6439448818897637
20
0.3912755905511811
11
0.6439448818897637
21
0.4463937007874015
0
LINE
8
BLACK
6
CONTINUOUS
10
0.6439448818897637
20
0.4463937007874015
11
0.6443944094488189
21
0.4486536614173228
0
LINE
8
BLACK
6
CONTINUOUS
10
0.6443944094488189
20
0.4486536614173228
11
0.6456745669291338
21
0.4505695275590551
0
LINE
8
BLACK
6
CONTINUOUS
10
0.6456745669291338
20
0.4505695275590551
11
0.6475904330708662
21
0.4518496850393701
0
LINE
8
BLACK
6
CONTINUOUS
10
0.6475904330708662
20
0.4518496850393701
11
0.6498503937007873
21
0.4522992125984252
0
LINE
8
BLACK
6
CONTINUOUS
10
0.6498503937007873
20
0.4522992125984252
11
0.6616614173228347
21
0.4522992125984252
0
LINE
8
BLACK
6
CONTINUOUS
10
0.6616614173228347
20
0.4522992125984252
11
0.6639213779527559
21
0.4518496850393701
0
LINE
8
BLACK
6
CONTINUOUS
10
0.7131339763779527
20
0.4518496850393701
11
0.7150498425196851
21
0.4505695275590551
0
LINE
8
BLACK
6
CONTINUOUS
10
0.7150498425196851
20
0.4505695275590551
11
0.71633
21
0.4486536614173228
0
LINE
8
BLACK
6
CONTINUOUS
10
0.71633
20
0.4486536614173228
11
0.7167795275590551
21
0.4463937007874015
0
LINE
8
BLACK
6
CONTINUOUS
10
0.7167795275590551
20
0.4463937007874015
11
0.7167795275590551
21
0.3912755905511811
0
LINE
8
BLACK
6
CONTINUOUS
10
0.7167795275590551
20
0.3912755905511811
11
0.71633
21
0.3890156299212598
0
LINE
8
BLACK
6
CONTINUOUS
10
0.71633
20
0.3890156299212598
11
0.7150498425196851
21
0.3870997637795275
0
LINE
8
BLACK
6
CONTINUOUS
10
0.7150498425196851
20
0.3870997637795275
11
0.7131339763779527
21
0.3858196062992126
0
LINE
8
BLACK
6
CONTINUOUS
10
0.7131339763779527
20
0.3858196062992126
11
0.7108740157480314
21
0.3853700787401575
0
LINE
8
BLACK
6
CONTINUOUS
10
0.7108740157480314
20
0.3853700787401575
11
0.6990629921259842
21
0.3853700787401575
0
LINE
8
BLACK
6
CONTINUOUS
10
0.6990629921259842
20
0.3853700787401575
11
0.6968030314960629
21
0.3858196062992126
0
LINE
8
BLACK
6
CONTINUOUS
10
0.6968030314960629
20
0.3858196062992126
11
0.6948871653543307
21
0.3870997637795275
0
LINE
8
BLACK
6
CONTINUOUS
10
0.6948871653543307
20
0.3870997637795275
11
0.6936070078740157
21
0.3890156299212598
0
LINE
8
BLACK
6
CONTINUOUS
10
0.6936070078740157
20
0.3890156299212598
11
0.6931574803149606
21
0.3912755905511811
0
LINE
8
BLACK
6
CONTINUOUS
10
0.6931574803149606
20
0.3912755905511811
11
0.6931574803149606
21
0.4463937007874015
0
LINE
8
BLACK
6
CONTINUOUS
10
0.6931574803149606
20
0.4463937007874015
11
0.6936070078740157
21
0.4486536614173228
0
LINE
8
BLACK
6
CONTINUOUS
10
0.6936070078740157
20
0.4486536614173228
11
0.6948871653543307
21
0.4505695275590551
0
LINE
8
BLACK
6
CONTINUOUS
10
0.6948871653543307
20
0.4505695275590551
11
0.6968030314960629
21
0.4518496850393701
0
LINE
8
BLACK
6
CONTINUOUS
10
0.6968030314960629
20
0.4518496850393701
11
0.6990629921259842
21
0.4522992125984252
0
LINE
8
BLACK
6
CONTINUOUS
10
0.6990629921259842
20
0.4522992125984252
11
0.7108740157480314
21
0.4522992125984252
0
LINE
8
BLACK
6
CONTINUOUS
10
0.7108740157480314
20
0.4522992125984252
11
0.7131339763779527
21
0.4518496850393701
0
LINE
8
BLACK
6
CONTINUOUS
10
0.7623465748031496
20
0.4518496850393701
11
0.7642624409448818
21
0.4505695275590551
0
LINE
8
BLACK
6
CONTINUOUS
10
0.7642624409448818
20
0.4505695275590551
11
0.7655425984251968
21
0.4486536614173228
0
LINE
8
BLACK
6
CONTINUOUS
10
0.7655425984251968
20
0.4486536614173228
11
0.7659921259842519
21
0.4463937007874015
0
LINE
8
BLACK
6
CONTINUOUS
10
0.7659921259842519
20
0.4463937007874015
11
0.7659921259842519
21
0.3912755905511811
0
LINE
8
BLACK
6
CONTINUOUS
10
0.7659921259842519
20
0.3912755905511811
11
0.7655425984251968
21
0.3890156299212598
0
LINE
8
BLACK
6
CONTINUOUS
10
0.7655425984251968
20
0.3890156299212598
11
0.7642624409448818
21
0.3870997637795275
0
LINE
8
BLACK
6
CONTINUOUS
10
0.7642624409448818
20
0.3870997637795275
11
0.7623465748031496
21
0.3858196062992126
0
LINE
8
BLACK
6
CONTINUOUS
10
0.7623465748031496
20
0.3858196062992126
11
0.7600866141732283
21
0.3853700787401575
0
LINE
8
BLACK
6
CONTINUOUS
10
0.7600866141732283
20
0.3853700787401575
11
0.7482755905511811
21
0.3853700787401575
0
LINE
8
BLACK
6
CONTINUOUS
10
0.7482755905511811
20
0.3853700787401575
11
0.7460156299212598
21
0.3858196062992126
0
LINE
8
BLACK
6
CONTINUOUS
10
0.7460156299212598
20
0.3858196062992126
11
0.7440997637795276
21
0.3870997637795275
0
LINE
8
BLACK
6
CONTINUOUS
10
0.7440997637795276
20
0.3870997637795275
11
0.7428196062992126
21
0.3890156299212598
0
LINE
8
BLACK
6
CONTINUOUS
10
0.7428196062992126
20
0.3890156299212598
11
0.7423700787401575
21
0.3912755905511811
0
LINE
8
BLACK
6
CONTINUOUS
10
0.7423700787401575
20
0.3912755905511811
11
0.7423700787401575
21
0.4463937007874015
0
LINE
8
BLACK
6
CONTINUOUS
10
0.7423700787401575
20
0.4463937007874015
11
0.7428196062992126
21
0.4486536614173228
0
LINE
8
BLACK
6
CONTINUOUS
10
0.7428196062992126
20
0.4486536614173228
11
0.7440997637795276
21
0.4505695275590551
0
LINE
8
BLACK
6
CONTINUOUS
10
0.7440997637795276
20
0.4505695275590551
11
0.7460156299212598
21
0.4518496850393701
0
LINE
8
BLACK
6
CONTINUOUS
10
0.7460156299212598
20
0.4518496850393701
11
0.7482755905511811
21
0.4522992125984252
0
LINE
8
BLACK
6
CONTINUOUS
10
0.7482755905511811
20
0.4522992125984252
11
0.7600866141732283
21
0.4522992125984252
0
LINE
8
BLACK
6
CONTINUOUS
10
0.7600866141732283
20
0.4522992125984252
11
0.7623465748031496
21
0.4518496850393701
0
LINE
8
BLACK
6
CONTINUOUS
10
0.8115591732283465
20
0.4518496850393701
11
0.8134750393700787
21
0.4505695275590551
0
LINE
8
BLACK
6
CONTINUOUS
10
0.8134750393700787
20
0.4505695275590551
11
0.8147551968503937
21
0.4486536614173228
0
LINE
8
BLACK
6
CONTINUOUS
10
0.8147551968503937
20
0.4486536614173228
11
0.8152047244094488
21
0.4463937007874015
0
LINE
8
BLACK
6
CONTINUOUS
10
0.8152047244094488
20
0.4463937007874015
11
0.8152047244094488
21
0.3912755905511811
0
LINE
8
BLACK
6
CONTINUOUS
10
0.8152047244094488
20
0.3912755905511811
11
0.8147551968503937
21
0.3890156299212598
0
LINE
8
BLACK
6
CONTINUOUS
10
0.8147551968503937
20
0.3890156299212598
11
0.8134750393700787
21
0.3870997637795275
0
LINE
8
BLACK
6
CONTINUOUS
10
0.8134750393700787
20
0.3870997637795275
11
0.8115591732283465
21
0.3858196062992126
0
LINE
8
BLACK
6
CONTINUOUS
10
0.8115591732283465
20
0.3858196062992126
11
0.8092992125984252
21
0.3853700787401575
0
LINE
8
BLACK
6
CONTINUOUS
10
0.8092992125984252
20
0.3853700787401575
11
0.797488188976378
21
0.3853700787401575
0
LINE
8
BLACK
6
CONTINUOUS
10
0.797488188976378
20
0.3853700787401575
11
0.7952282283464567
21
0.3858196062992126
0
LINE
8
BLACK
6
CONTINUOUS
10
0.7952282283464567
20
0.3858196062992126
11
0.7933123622047243
21
0.3870997637795275
0
LINE
8
BLACK
6
CONTINUOUS
10
0.7933123622047243
20
0.3870997637795275
11
0.7920322047244094
21
0.3890156299212598
0
LINE
8
BLACK
6
CONTINUOUS
10
0.7920322047244094
20
0.3890156299212598
11
0.7915826771653544
21
0.3912755905511811
0
LINE
8
BLACK
6
CONTINUOUS
10
0.7915826771653544
20
0.3912755905511811
11
0.7915826771653544
21
0.4463937007874015
0
LINE
8
BLACK
6
CONTINUOUS
10
0.7915826771653544
20
0.4463937007874015
11
0.7920322047244094
21
0.4486536614173228
0
LINE
8
BLACK
6
CONTINUOUS
10
0.7920322047244094
20
0.4486536614173228
11
0.7933123622047243
21
0.4505695275590551
0
LINE
8
BLACK
6
CONTINUOUS
10
0.7933123622047243
20
0.4505695275590551
11
0.7952282283464567
21
0.4518496850393701
0
LINE
8
BLACK
6
CONTINUOUS
10
0.7952282283464567
20
0.4518496850393701
11
0.797488188976378
21
0.4522992125984252
0
LINE
8
BLACK
6
CONTINUOUS
10
0.797488188976378
20
0.4522992125984252
11
0.8092992125984252
21
0.4522992125984252
0
LINE
8
BLACK
6
CONTINUOUS
10
0.8092992125984252
20
0.4522992125984252
11
0.8115591732283465
21
0.4518496850393701
0
LINE
8
BLACK
6
CONTINUOUS
10
0.8607717716535432
20
0.4518496850393701
11
0.8626876377952756
21
0.4505695275590551
0
LINE
8
BLACK
6
CONTINUOUS
10
0.8626876377952756
20
0.4505695275590551
11
0.8639677952755905
21
0.4486536614173228
0
LINE
8
BLACK
6
CONTINUOUS
10
0.8639677952755905
20
0.4486536614173228
11
0.8644173228346457
21
0.4463937007874015
0
LINE
8
BLACK
6
CONTINUOUS
10
0.8644173228346457
20
0.4463937007874015
11
0.8644173228346457
21
0.3912755905511811
0
LINE
8
BLACK
6
CONTINUOUS
10
0.8644173228346457
20
0.3912755905511811
11
0.8639677952755905
21
0.3890156299212598
0
LINE
8
BLACK
6
CONTINUOUS
10
0.8639677952755905
20
0.3890156299212598
11
0.8626876377952756
21
0.3870997637795275
0
LINE
8
BLACK
6
CONTINUOUS
10
0.8626876377952756
20
0.3870997637795275
11
0.8607717716535432
21
0.3858196062992126
0
LINE
8
BLACK
6
CONTINUOUS
10
0.8607717716535432
20
0.3858196062992126
11
0.8585118110236221
21
0.3853700787401575
0
LINE
8
BLACK
6
CONTINUOUS
10
0.8585118110236221
20
0.3853700787401575
11
0.8467007874015748
21
0.3853700787401575
0
LINE
8
BLACK
6
CONTINUOUS
10
0.8467007874015748
20
0.3853700787401575
11
0.8444408267716536
21
0.3858196062992126
0
LINE
8
BLACK
6
CONTINUOUS
10
0.8444408267716536
20
0.3858196062992126
11
0.8425249606299212
21
0.3870997637795275
0
LINE
8
BLACK
6
CONTINUOUS
10
0.8425249606299212
20
0.3870997637795275
11
0.8412448031496063
21
0.3890156299212598
0
LINE
8
BLACK
6
CONTINUOUS
10
0.8412448031496063
20
0.3890156299212598
11
0.8407952755905511
21
0.3912755905511811
0
LINE
8
BLACK
6
CONTINUOUS
10
0.8407952755905511
20
0.3912755905511811
11
0.8407952755905511
21
0.4463937007874015
0
LINE
8
BLACK
6
CONTINUOUS
10
0.8407952755905511
20
0.4463937007874015
11
0.8412448031496063
21
0.4486536614173228
0
LINE
8
BLACK
6
CONTINUOUS
10
0.8412448031496063
20
0.4486536614173228
11
0.8425249606299212
21
0.4505695275590551
0
LINE
8
BLACK
6
CONTINUOUS
10
0.8425249606299212
20
0.4505695275590551
11
0.8444408267716536
21
0.4518496850393701
0
LINE
8
BLACK
6
CONTINUOUS
10
0.8444408267716536
20
0.4518496850393701
11
0.8467007874015748
21
0.4522992125984252
0
LINE
8
BLACK
6
CONTINUOUS
10
0.8467007874015748
20
0.4522992125984252
11
0.8585118110236221
21
0.4522992125984252
0
LINE
8
BLACK
6
CONTINUOUS
10
0.8585118110236221
20
0.4522992125984252
11
0.8607717716535432
21
0.4518496850393701
0
LINE
8
BLACK
6
CONTINUOUS
10
0.9099843700787401
20
0.4518496850393701
11
0.9119002362204724
21
0.4505695275590551
0
LINE
8
BLACK
6
CONTINUOUS
10
0.9119002362204724
20
0.4505695275590551
11
0.9131803937007874
21
0.4486536614173228
0
LINE
8
BLACK
6
CONTINUOUS
10
0.9131803937007874
20
0.4486536614173228
11
0.9136299212598425
21
0.4463937007874015
0
LINE
8
BLACK
6
CONTINUOUS
10
0.9136299212598425
20
0.4463937007874015
11
0.9136299212598425
21
0.3912755905511811
0
LINE
8
BLACK
6
CONTINUOUS
10
0.9136299212598425
20
0.3912755905511811
11
0.9131803937007874
21
0.3890156299212598
0
LINE
8
BLACK
6
CONTINUOUS
10
0.9131803937007874
20
0.3890156299212598
11
0.9119002362204724
21
0.3870997637795275
0
LINE
8
BLACK
6
CONTINUOUS
10
0.9119002362204724
20
0.3870997637795275
11
0.9099843700787401
21
0.3858196062992126
0
LINE
8
BLACK
6
CONTINUOUS
10
0.9099843700787401
20
0.3858196062992126
11
0.9077244094488188
21
0.3853700787401575
0
LINE
8
BLACK
6
CONTINUOUS
10
0.9077244094488188
20
0.3853700787401575
11
0.8959133858267716
21
0.3853700787401575
0
LINE
8
BLACK
6
CONTINUOUS
10
0.8959133858267716
20
0.3853700787401575
11
0.8936534251968504
21
0.3858196062992126
0
LINE
8
BLACK
6
CONTINUOUS
10
0.8936534251968504
20
0.3858196062992126
11
0.8917375590551181
21
0.3870997637795275
0
LINE
8
BLACK
6
CONTINUOUS
10
0.8917375590551181
20
0.3870997637795275
11
0.8904574015748031
21
0.3890156299212598
0
LINE
8
BLACK
6
CONTINUOUS
10
0.8904574015748031
20
0.3890156299212598
11
0.890007874015748
21
0.3912755905511811
0
LINE
8
BLACK
6
CONTINUOUS
10
0.890007874015748
20
0.3912755905511811
11
0.890007874015748
21
0.4463937007874015
0
LINE
8
BLACK
6
CONTINUOUS
10
0.890007874015748
20
0.4463937007874015
11
0.8904574015748031
21
0.4486536614173228
0
LINE
8
BLACK
6
CONTINUOUS
10
0.8904574015748031
20
0.4486536614173228
11
0.8917375590551181
21
0.4505695275590551
0
LINE
8
BLACK
6
CONTINUOUS
10
0.8917375590551181
20
0.4505695275590551
11
0.8936534251968504
21
0.4518496850393701
0
LINE
8
BLACK
6
CONTINUOUS
10
0.8936534251968504
20
0.4518496850393701
11
0.8959133858267716
21
0.4522992125984252
0
LINE
8
BLACK
6
CONTINUOUS
10
0.8959133858267716
20
0.4522992125984252
11
0.9077244094488188
21
0.4522992125984252
0
LINE
8
BLACK
6
CONTINUOUS
10
0.9077244094488188
20
0.4522992125984252
11
0.9099843700787401
21
0.4518496850393701
0
LINE
8
BLACK
6
CONTINUOUS
10
0.959196968503937
20
0.4518496850393701
11
0.9611128346456693
21
0.4505695275590551
0
LINE
8
BLACK
6
CONTINUOUS
10
0.9611128346456693
20
0.4505695275590551
11
0.9623929921259843
21
0.4486536614173228
0
LINE
8
BLACK
6
CONTINUOUS
10
0.9623929921259843
20
0.4486536614173228
11
0.9628425196850393
21
0.4463937007874015
0
LINE
8
BLACK
6
CONTINUOUS
10
0.9628425196850393
20
0.4463937007874015
11
0.9628425196850393
21
0.3912755905511811
0
LINE
8
BLACK
6
CONTINUOUS
10
0.9628425196850393
20
0.3912755905511811
11
0.9623929921259843
21
0.3890156299212598
0
LINE
8
BLACK
6
CONTINUOUS
10
0.9623929921259843
20
0.3890156299212598
11
0.9611128346456693
21
0.3870997637795275
0
LINE
8
BLACK
6
CONTINUOUS
10
0.9611128346456693
20
0.3870997637795275
11
0.959196968503937
21
0.3858196062992126
0
LINE
8
BLACK
6
CONTINUOUS
10
0.959196968503937
20
0.3858196062992126
11
0.9569370078740157
21
0.3853700787401575
0
LINE
8
BLACK
6
CONTINUOUS
10
0.9569370078740157
20
0.3853700787401575
11
0.9451259842519685
21
0.3853700787401575
0
LINE
8
BLACK
6
CONTINUOUS
10
0.9451259842519685
20
0.3853700787401575
11
0.9428660236220472
21
0.3858196062992126
0
LINE
8
BLACK
6
CONTINUOUS
10
0.9428660236220472
20
0.3858196062992126
11
0.940950157480315
21
0.3870997637795275
0
LINE
8
BLACK
6
CONTINUOUS
10
0.940950157480315
20
0.3870997637795275
11
0.93967
21
0.3890156299212598
0
LINE
8
BLACK
6
CONTINUOUS
10
0.93967
20
0.3890156299212598
11
0.9392204724409449
21
0.3912755905511811
0
LINE
8
BLACK
6
CONTINUOUS
10
0.9392204724409449
20
0.3912755905511811
11
0.9392204724409449
21
0.4463937007874015
0
LINE
8
BLACK
6
CONTINUOUS
10
0.9392204724409449
20
0.4463937007874015
11
0.93967
21
0.4486536614173228
0
LINE
8
BLACK
6
CONTINUOUS
10
0.93967
20
0.4486536614173228
11
0.940950157480315
21
0.4505695275590551
0
LINE
8
BLACK
6
CONTINUOUS
10
0.940950157480315
20
0.4505695275590551
11
0.9428660236220472
21
0.4518496850393701
0
LINE
8
BLACK
6
CONTINUOUS
10
0.9428660236220472
20
0.4518496850393701
11
0.9451259842519685
21
0.4522992125984252
0
LINE
8
BLACK
6
CONTINUOUS
10
0.9451259842519685
20
0.4522992125984252
11
0.9569370078740157
21
0.4522992125984252
0
LINE
8
BLACK
6
CONTINUOUS
10
0.9569370078740157
20
0.4522992125984252
11
0.959196968503937
21
0.4518496850393701
0
LINE
8
BLACK
6
CONTINUOUS
10
1.0084095669291337
20
0.4518496850393701
11
1.0103254330708662
21
0.4505695275590551
0
LINE
8
BLACK
6
CONTINUOUS
10
1.0103254330708662
20
0.4505695275590551
11
1.0116055905511812
21
0.4486536614173228
0
LINE
8
BLACK
6
CONTINUOUS
10
1.0116055905511812
20
0.4486536614173228
11
1.0120551181102362
21
0.4463937007874015
0
LINE
8
BLACK
6
CONTINUOUS
10
1.0120551181102362
20
0.4463937007874015
11
1.0120551181102362
21
0.3912755905511811
0
LINE
8
BLACK
6
CONTINUOUS
10
1.0120551181102362
20
0.3912755905511811
11
1.0116055905511812
21
0.3890156299212598
0
LINE
8
BLACK
6
CONTINUOUS
10
1.0116055905511812
20
0.3890156299212598
11
1.0103254330708662
21
0.3870997637795275
0
LINE
8
BLACK
6
CONTINUOUS
10
1.0103254330708662
20
0.3870997637795275
11
1.0084095669291337
21
0.3858196062992126
0
LINE
8
BLACK
6
CONTINUOUS
10
1.0084095669291337
20
0.3858196062992126
11
1.0061496062992126
21
0.3853700787401575
0
LINE
8
BLACK
6
CONTINUOUS
10
1.0061496062992126
20
0.3853700787401575
11
0.9943385826771654
21
0.3853700787401575
0
LINE
8
BLACK
6
CONTINUOUS
10
0.9943385826771654
20
0.3853700787401575
11
0.9920786220472441
21
0.3858196062992126
0
LINE
8
BLACK
6
CONTINUOUS
10
0.9920786220472441
20
0.3858196062992126
11
0.9901627559055118
21
0.3870997637795275
0
LINE
8
BLACK
6
CONTINUOUS
10
0.9901627559055118
20
0.3870997637795275
11
0.9888825984251969
21
0.3890156299212598
0
LINE
8
BLACK
6
CONTINUOUS
10
0.9888825984251969
20
0.3890156299212598
11
0.9884330708661417
21
0.3912755905511811
0
LINE
8
BLACK
6
CONTINUOUS
10
0.9884330708661417
20
0.3912755905511811
11
0.9884330708661417
21
0.4463937007874015
0
LINE
8
BLACK
6
CONTINUOUS
10
0.9884330708661417
20
0.4463937007874015
11
0.9888825984251969
21
0.4486536614173228
0
LINE
8
BLACK
6
CONTINUOUS
10
0.9888825984251969
20
0.4486536614173228
11
0.9901627559055118
21
0.4505695275590551
0
LINE
8
BLACK
6
CONTINUOUS
10
0.9901627559055118
20
0.4505695275590551
11
0.9920786220472441
21
0.4518496850393701
0
LINE
8
BLACK
6
CONTINUOUS
10
0.9920786220472441
20
0.4518496850393701
11
0.9943385826771654
21
0.4522992125984252
0
LINE
8
BLACK
6
CONTINUOUS
10
0.9943385826771654
20
0.4522992125984252
11
1.0061496062992126
21
0.4522992125984252
0
LINE
8
BLACK
6
CONTINUOUS
10
1.0061496062992126
20
0.4522992125984252
11
1.0084095669291337
21
0.4518496850393701
0
LINE
8
BLACK
6
CONTINUOUS
10
2.2881339763779529
20
0.4538496850393701
11
2.2900498425196849
21
0.4525695275590551
0
LINE
8
BLACK
6
CONTINUOUS
10
2.2900498425196849
20
0.4525695275590551
11
2.2913299999999999
21
0.4506536614173228
0
LINE
8
BLACK
6
CONTINUOUS
10
2.2913299999999999
20
0.4506536614173228
11
2.2917795275590551
21
0.4483937007874015
0
LINE
8
BLACK
6
CONTINUOUS
10
2.2917795275590551
20
0.4483937007874015
11
2.2917795275590551
21
0.3932755905511811
0
LINE
8
BLACK
6
CONTINUOUS
10
2.2917795275590551
20
0.3932755905511811
11
2.2913299999999999
21
0.3910156299212598
0
LINE
8
BLACK
6
CONTINUOUS
10
2.2913299999999999
20
0.3910156299212598
11
2.2900498425196849
21
0.3890997637795275
0
LINE
8
BLACK
6
CONTINUOUS
10
2.2900498425196849
20
0.3890997637795275
11
2.2881339763779529
21
0.3878196062992126
0
LINE
8
BLACK
6
CONTINUOUS
10
2.2881339763779529
20
0.3878196062992126
11
2.2858740157480315
21
0.3873700787401575
0
LINE
8
BLACK
6
CONTINUOUS
10
2.2858740157480315
20
0.3873700787401575
11
2.2740629921259843
21
0.3873700787401575
0
LINE
8
BLACK
6
CONTINUOUS
10
2.2740629921259843
20
0.3873700787401575
11
2.2718030314960629
21
0.3878196062992126
0
LINE
8
BLACK
6
CONTINUOUS
10
2.2718030314960629
20
0.3878196062992126
11
2.2698871653543304
21
0.3890997637795275
0
LINE
8
BLACK
6
CONTINUOUS
10
2.2698871653543304
20
0.3890997637795275
11
2.2686070078740155
21
0.3910156299212598
0
LINE
8
BLACK
6
CONTINUOUS
10
2.2686070078740155
20
0.3910156299212598
11
2.2681574803149607
21
0.3932755905511811
0
LINE
8
BLACK
6
CONTINUOUS
10
2.2681574803149607
20
0.3932755905511811
11
2.2681574803149607
21
0.4483937007874015
0
LINE
8
BLACK
6
CONTINUOUS
10
2.2681574803149607
20
0.4483937007874015
11
2.2686070078740155
21
0.4506536614173228
0
LINE
8
BLACK
6
CONTINUOUS
10
2.2686070078740155
20
0.4506536614173228
11
2.2698871653543304
21
0.4525695275590551
0
LINE
8
BLACK
6
CONTINUOUS
10
2.2698871653543304
20
0.4525695275590551
11
2.2718030314960629
21
0.4538496850393701
0
LINE
8
BLACK
6
CONTINUOUS
10
2.2718030314960629
20
0.4538496850393701
11
2.2740629921259843
21
0.4542992125984252
0
LINE
8
BLACK
6
CONTINUOUS
10
2.2740629921259843
20
0.4542992125984252
11
2.2858740157480315
21
0.4542992125984252
0
LINE
8
BLACK
6
CONTINUOUS
10
2.2858740157480315
20
0.4542992125984252
11
2.2881339763779529
21
0.4538496850393701
0
LINE
8
BLACK
6
CONTINUOUS
10
2.3373465748031497
20
0.4538496850393701
11
2.3392624409448817
21
0.4525695275590551
0
LINE
8
BLACK
6
CONTINUOUS
10
2.3392624409448817
20
0.4525695275590551
11
2.3405425984251966
21
0.4506536614173228
0
LINE
8
BLACK
6
CONTINUOUS
10
2.3405425984251966
20
0.4506536614173228
11
2.3409921259842519
21
0.4483937007874015
0
LINE
8
BLACK
6
CONTINUOUS
10
2.3409921259842519
20
0.4483937007874015
11
2.3409921259842519
21
0.3932755905511811
0
LINE
8
BLACK
6
CONTINUOUS
10
2.3409921259842519
20
0.3932755905511811
11
2.3405425984251966
21
0.3910156299212598
0
LINE
8
BLACK
6
CONTINUOUS
10
2.3405425984251966
20
0.3910156299212598
11
2.3392624409448817
21
0.3890997637795275
0
LINE
8
BLACK
6
CONTINUOUS
10
2.3392624409448817
20
0.3890997637795275
11
2.3373465748031497
21
0.3878196062992126
0
LINE
8
BLACK
6
CONTINUOUS
10
2.3373465748031497
20
0.3878196062992126
11
2.3350866141732283
21
0.3873700787401575
0
LINE
8
BLACK
6
CONTINUOUS
10
2.3350866141732283
20
0.3873700787401575
11
2.323275590551181
21
0.3873700787401575
0
LINE
8
BLACK
6
CONTINUOUS
10
2.323275590551181
20
0.3873700787401575
11
2.3210156299212596
21
0.3878196062992126
0
LINE
8
BLACK
6
CONTINUOUS
10
2.3210156299212596
20
0.3878196062992126
11
2.3190997637795276
21
0.3890997637795275
0
LINE
8
BLACK
6
CONTINUOUS
10
2.3190997637795276
20
0.3890997637795275
11
2.3178196062992127
21
0.3910156299212598
0
LINE
8
BLACK
6
CONTINUOUS
10
2.3178196062992127
20
0.3910156299212598
11
2.3173700787401574
21
0.3932755905511811
0
LINE
8
BLACK
6
CONTINUOUS
10
2.3173700787401574
20
0.3932755905511811
11
2.3173700787401574
21
0.4483937007874015
0
LINE
8
BLACK
6
CONTINUOUS
10
2.3173700787401574
20
0.4483937007874015
11
2.3178196062992127
21
0.4506536614173228
0
LINE
8
BLACK
6
CONTINUOUS
10
2.3178196062992127
20
0.4506536614173228
11
2.3190997637795276
21
0.4525695275590551
0
LINE
8
BLACK
6
CONTINUOUS
10
2.3190997637795276
20
0.4525695275590551
11
2.3210156299212596
21
0.4538496850393701
0
LINE
8
BLACK
6
CONTINUOUS
10
2.3210156299212596
20
0.4538496850393701
11
2.323275590551181
21
0.4542992125984252
0
LINE
8
BLACK
6
CONTINUOUS
10
2.323275590551181
20
0.4542992125984252
11
2.3350866141732283
21
0.4542992125984252
0
LINE
8
BLACK
6
CONTINUOUS
10
2.3350866141732283
20
0.4542992125984252
11
2.3373465748031497
21
0.4538496850393701
0
LINE
8
BLACK
6
CONTINUOUS
10
2.3865591732283464
20
0.4538496850393701
11
2.3884750393700789
21
0.4525695275590551
0
LINE
8
BLACK
6
CONTINUOUS
10
2.3884750393700789
20
0.4525695275590551
11
2.3897551968503938
21
0.4506536614173228
0
LINE
8
BLACK
6
CONTINUOUS
10
2.3897551968503938
20
0.4506536614173228
11
2.3902047244094486
21
0.4483937007874015
0
LINE
8
BLACK
6
CONTINUOUS
10
2.3902047244094486
20
0.4483937007874015
11
2.3902047244094486
21
0.3932755905511811
0
LINE
8
BLACK
6
CONTINUOUS
10
2.3902047244094486
20
0.3932755905511811
11
2.3897551968503938
21
0.3910156299212598
0
LINE
8
BLACK
6
CONTINUOUS
10
2.3897551968503938
20
0.3910156299212598
11
2.3884750393700789
21
0.3890997637795275
0
LINE
8
BLACK
6
CONTINUOUS
10
2.3884750393700789
20
0.3890997637795275
11
2.3865591732283464
21
0.3878196062992126
0
LINE
8
BLACK
6
CONTINUOUS
10
2.3865591732283464
20
0.3878196062992126
11
2.384299212598425
21
0.3873700787401575
0
LINE
8
BLACK
6
CONTINUOUS
10
2.384299212598425
20
0.3873700787401575
11
2.3724881889763778
21
0.3873700787401575
0
LINE
8
BLACK
6
CONTINUOUS
10
2.3724881889763778
20
0.3873700787401575
11
2.3702282283464569
21
0.3878196062992126
0
LINE
8
BLACK
6
CONTINUOUS
10
2.3702282283464569
20
0.3878196062992126
11
2.3683123622047244
21
0.3890997637795275
0
LINE
8
BLACK
6
CONTINUOUS
10
2.3683123622047244
20
0.3890997637795275
11
2.3670322047244094
21
0.3910156299212598
0
LINE
8
BLACK
6
CONTINUOUS
10
2.3670322047244094
20
0.3910156299212598
11
2.3665826771653542
21
0.3932755905511811
0
LINE
8
BLACK
6
CONTINUOUS
10
2.3665826771653542
20
0.3932755905511811
11
2.3665826771653542
21
0.4483937007874015
0
LINE
8
BLACK
6
CONTINUOUS
10
2.3665826771653542
20
0.4483937007874015
11
2.3670322047244094
21
0.4506536614173228
0
LINE
8
BLACK
6
CONTINUOUS
10
2.3670322047244094
20
0.4506536614173228
11
2.3683123622047244
21
0.4525695275590551
0
LINE
8
BLACK
6
CONTINUOUS
10
2.3683123622047244
20
0.4525695275590551
11
2.3702282283464569
21
0.4538496850393701
0
LINE
8
BLACK
6
CONTINUOUS
10
2.3702282283464569
20
0.4538496850393701
11
2.3724881889763778
21
0.4542992125984252
0
LINE
8
BLACK
6
CONTINUOUS
10
2.3724881889763778
20
0.4542992125984252
11
2.384299212598425
21
0.4542992125984252
0
LINE
8
BLACK
6
CONTINUOUS
10
2.384299212598425
20
0.4542992125984252
11
2.3865591732283464
21
0.4538496850393701
0
LINE
8
BLACK
6
CONTINUOUS
10
2.4357717716535432
20
0.4538496850393701
11
2.4376876377952756
21
0.4525695275590551
0
LINE
8
BLACK
6
CONTINUOUS
10
2.4376876377952756
20
0.4525695275590551
11
2.4389677952755906
21
0.4506536614173228
0
LINE
8
BLACK
6
CONTINUOUS
10
2.4389677952755906
20
0.4506536614173228
11
2.4394173228346454
21
0.4483937007874015
0
LINE
8
BLACK
6
CONTINUOUS
10
2.4394173228346454
20
0.4483937007874015
11
2.4394173228346454
21
0.3932755905511811
0
LINE
8
BLACK
6
CONTINUOUS
10
2.4394173228346454
20
0.3932755905511811
11
2.4389677952755906
21
0.3910156299212598
0
LINE
8
BLACK
6
CONTINUOUS
10
2.4389677952755906
20
0.3910156299212598
11
2.4376876377952756
21
0.3890997637795275
0
LINE
8
BLACK
6
CONTINUOUS
10
2.4376876377952756
20
0.3890997637795275
11
2.4357717716535432
21
0.3878196062992126
0
LINE
8
BLACK
6
CONTINUOUS
10
2.4357717716535432
20
0.3878196062992126
11
2.4335118110236218
21
0.3873700787401575
0
LINE
8
BLACK
6
CONTINUOUS
10
2.4335118110236218
20
0.3873700787401575
11
2.4217007874015746
21
0.3873700787401575
0
LINE
8
BLACK
6
CONTINUOUS
10
2.4217007874015746
20
0.3873700787401575
11
2.4194408267716536
21
0.3878196062992126
0
LINE
8
BLACK
6
CONTINUOUS
10
2.4194408267716536
20
0.3878196062992126
11
2.4175249606299212
21
0.3890997637795275
0
LINE
8
BLACK
6
CONTINUOUS
10
2.4175249606299212
20
0.3890997637795275
11
2.4162448031496062
21
0.3910156299212598
0
LINE
8
BLACK
6
CONTINUOUS
10
2.4162448031496062
20
0.3910156299212598
11
2.415795275590551
21
0.3932755905511811
0
LINE
8
BLACK
6
CONTINUOUS
10
2.415795275590551
20
0.3932755905511811
11
2.415795275590551
21
0.4483937007874015
0
LINE
8
BLACK
6
CONTINUOUS
10
2.415795275590551
20
0.4483937007874015
11
2.4162448031496062
21
0.4506536614173228
0
LINE
8
BLACK
6
CONTINUOUS
10
2.4162448031496062
20
0.4506536614173228
11
2.4175249606299212
21
0.4525695275590551
0
LINE
8
BLACK
6
CONTINUOUS
10
2.4175249606299212
20
0.4525695275590551
11
2.4194408267716536
21
0.4538496850393701
0
LINE
8
BLACK
6
CONTINUOUS
10
2.4194408267716536
20
0.4538496850393701
11
2.4217007874015746
21
0.4542992125984252
0
LINE
8
BLACK
6
CONTINUOUS
10
2.4217007874015746
20
0.4542992125984252
11
2.4335118110236218
21
0.4542992125984252
0
LINE
8
BLACK
6
CONTINUOUS
10
2.4335118110236218
20
0.4542992125984252
11
2.4357717716535432
21
0.4538496850393701
0
LINE
8
BLACK
6
CONTINUOUS
10
2.48498437007874
20
0.4538496850393701
11
2.4869002362204724
21
0.4525695275590551
0
LINE
8
BLACK
6
CONTINUOUS
10
2.4869002362204724
20
0.4525695275590551
11
2.4881803937007874
21
0.4506536614173228
0
LINE
8
BLACK
6
CONTINUOUS
10
2.4881803937007874
20
0.4506536614173228
11
2.4886299212598426
21
0.4483937007874015
0
LINE
8
BLACK
6
CONTINUOUS
10
2.4886299212598426
20
0.4483937007874015
11
2.4886299212598426
21
0.3932755905511811
0
LINE
8
BLACK
6
CONTINUOUS
10
2.4886299212598426
20
0.3932755905511811
11
2.4881803937007874
21
0.3910156299212598
0
LINE
8
BLACK
6
CONTINUOUS
10
2.4881803937007874
20
0.3910156299212598
11
2.4869002362204724
21
0.3890997637795275
0
LINE
8
BLACK
6
CONTINUOUS
10
2.4869002362204724
20
0.3890997637795275
11
2.48498437007874
21
0.3878196062992126
0
LINE
8
BLACK
6
CONTINUOUS
10
2.48498437007874
20
0.3878196062992126
11
2.482724409448819
21
0.3873700787401575
0
LINE
8
BLACK
6
CONTINUOUS
10
2.482724409448819
20
0.3873700787401575
11
2.4709133858267718
21
0.3873700787401575
0
LINE
8
BLACK
6
CONTINUOUS
10
2.4709133858267718
20
0.3873700787401575
11
2.4686534251968504
21
0.3878196062992126
0
LINE
8
BLACK
6
CONTINUOUS
10
2.4686534251968504
20
0.3878196062992126
11
2.4667375590551179
21
0.3890997637795275
0
LINE
8
BLACK
6
CONTINUOUS
10
2.4667375590551179
20
0.3890997637795275
11
2.465457401574803
21
0.3910156299212598
0
LINE
8
BLACK
6
CONTINUOUS
10
2.465457401574803
20
0.3910156299212598
11
2.4650078740157482
21
0.3932755905511811
0
LINE
8
BLACK
6
CONTINUOUS
10
2.4650078740157482
20
0.3932755905511811
11
2.4650078740157482
21
0.4483937007874015
0
LINE
8
BLACK
6
CONTINUOUS
10
2.4650078740157482
20
0.4483937007874015
11
2.465457401574803
21
0.4506536614173228
0
LINE
8
BLACK
6
CONTINUOUS
10
2.465457401574803
20
0.4506536614173228
11
2.4667375590551179
21
0.4525695275590551
0
LINE
8
BLACK
6
CONTINUOUS
10
2.4667375590551179
20
0.4525695275590551
11
2.4686534251968504
21
0.4538496850393701
0
LINE
8
BLACK
6
CONTINUOUS
10
2.4686534251968504
20
0.4538496850393701
11
2.4709133858267718
21
0.4542992125984252
0
LINE
8
BLACK
6
CONTINUOUS
10
2.4709133858267718
20
0.4542992125984252
11
2.482724409448819
21
0.4542992125984252
0
LINE
8
BLACK
6
CONTINUOUS
10
2.482724409448819
20
0.4542992125984252
11
2.48498437007874
21
0.4538496850393701
0
LINE
8
BLACK
6
CONTINUOUS
10
2.5341969685039372
20
0.4538496850393701
11
2.5361128346456692
21
0.4525695275590551
0
LINE
8
BLACK
6
CONTINUOUS
10
2.5361128346456692
20
0.4525695275590551
11
2.5373929921259841
21
0.4506536614173228
0
LINE
8
BLACK
6
CONTINUOUS
10
2.5373929921259841
20
0.4506536614173228
11
2.5378425196850394
21
0.4483937007874015
0
LINE
8
BLACK
6
CONTINUOUS
10
2.5378425196850394
20
0.4483937007874015
11
2.5378425196850394
21
0.3932755905511811
0
LINE
8
BLACK
6
CONTINUOUS
10
2.5378425196850394
20
0.3932755905511811
11
2.5373929921259841
21
0.3910156299212598
0
LINE
8
BLACK
6
CONTINUOUS
10
2.5373929921259841
20
0.3910156299212598
11
2.5361128346456692
21
0.3890997637795275
0
LINE
8
BLACK
6
CONTINUOUS
10
2.5361128346456692
20
0.3890997637795275
11
2.5341969685039372
21
0.3878196062992126
0
LINE
8
BLACK
6
CONTINUOUS
10
2.5341969685039372
20
0.3878196062992126
11
2.5319370078740158
21
0.3873700787401575
0
LINE
8
BLACK
6
CONTINUOUS
10
2.5319370078740158
20
0.3873700787401575
11
2.5201259842519685
21
0.3873700787401575
0
LINE
8
BLACK
6
CONTINUOUS
10
2.5201259842519685
20
0.3873700787401575
11
2.5178660236220471
21
0.3878196062992126
0
LINE
8
BLACK
6
CONTINUOUS
10
2.5178660236220471
20
0.3878196062992126
11
2.5159501574803147
21
0.3890997637795275
0
LINE
8
BLACK
6
CONTINUOUS
10
2.5159501574803147
20
0.3890997637795275
11
2.5146699999999997
21
0.3910156299212598
0
LINE
8
BLACK
6
CONTINUOUS
10
2.5146699999999997
20
0.3910156299212598
11
2.5142204724409449
21
0.3932755905511811
0
LINE
8
BLACK
6
CONTINUOUS
10
2.5142204724409449
20
0.3932755905511811
11
2.5142204724409449
21
0.4483937007874015
0
LINE
8
BLACK
6
CONTINUOUS
10
2.5142204724409449
20
0.4483937007874015
11
2.5146699999999997
21
0.4506536614173228
0
LINE
8
BLACK
6
CONTINUOUS
10
2.5146699999999997
20
0.4506536614173228
11
2.5159501574803147
21
0.4525695275590551
0
LINE
8
BLACK
6
CONTINUOUS
10
2.5159501574803147
20
0.4525695275590551
11
2.5178660236220471
21
0.4538496850393701
0
LINE
8
BLACK
6
CONTINUOUS
10
2.5178660236220471
20
0.4538496850393701
11
2.5201259842519685
21
0.4542992125984252
0
LINE
8
BLACK
6
CONTINUOUS
10
2.5201259842519685
20
0.4542992125984252
11
2.5319370078740158
21
0.4542992125984252
0
LINE
8
BLACK
6
CONTINUOUS
10
2.5319370078740158
20
0.4542992125984252
11
2.5341969685039372
21
0.4538496850393701
0
LINE
8
BLACK
6
CONTINUOUS
10
1.7495276771653543
20
0.4548496850393701
11
1.7514435433070865
21
0.4535695275590551
0
LINE
8
BLACK
6
CONTINUOUS
10
1.7514435433070865
20
0.4535695275590551
11
1.7527237007874015
21
0.4516536614173228
0
LINE
8
BLACK
6
CONTINUOUS
10
1.7527237007874015
20
0.4516536614173228
11
1.7531732283464567
21
0.4493937007874015
0
LINE
8
BLACK
6
CONTINUOUS
10
1.7531732283464567
20
0.4493937007874015
11
1.7531732283464567
21
0.3942755905511811
0
LINE
8
BLACK
6
CONTINUOUS
10
1.7531732283464567
20
0.3942755905511811
11
1.7527237007874015
21
0.3920156299212598
0
LINE
8
BLACK
6
CONTINUOUS
10
1.7527237007874015
20
0.3920156299212598
11
1.7514435433070865
21
0.3900997637795275
0
LINE
8
BLACK
6
CONTINUOUS
10
1.7514435433070865
20
0.3900997637795275
11
1.7495276771653543
21
0.3888196062992126
0
LINE
8
BLACK
6
CONTINUOUS
10
1.7495276771653543
20
0.3888196062992126
11
1.7472677165354331
21
0.3883700787401575
0
LINE
8
BLACK
6
CONTINUOUS
10
1.7472677165354331
20
0.3883700787401575
11
1.7354566929133859
21
0.3883700787401575
0
LINE
8
BLACK
6
CONTINUOUS
10
1.7354566929133859
20
0.3883700787401575
11
1.7331967322834645
21
0.3888196062992126
0
LINE
8
BLACK
6
CONTINUOUS
10
1.7331967322834645
20
0.3888196062992126
11
1.7312808661417323
21
0.3900997637795275
0
LINE
8
BLACK
6
CONTINUOUS
10
1.7312808661417323
20
0.3900997637795275
11
1.7300007086614173
21
0.3920156299212598
0
LINE
8
BLACK
6
CONTINUOUS
10
1.7300007086614173
20
0.3920156299212598
11
1.7295511811023621
21
0.3942755905511811
0
LINE
8
BLACK
6
CONTINUOUS
10
1.7295511811023621
20
0.3942755905511811
11
1.7295511811023621
21
0.4493937007874015
0
LINE
8
BLACK
6
CONTINUOUS
10
1.7295511811023621
20
0.4493937007874015
11
1.7300007086614173
21
0.4516536614173228
0
LINE
8
BLACK
6
CONTINUOUS
10
1.7300007086614173
20
0.4516536614173228
11
1.7312808661417323
21
0.4535695275590551
0
LINE
8
BLACK
6
CONTINUOUS
10
1.7312808661417323
20
0.4535695275590551
11
1.7331967322834645
21
0.4548496850393701
0
LINE
8
BLACK
6
CONTINUOUS
10
1.7331967322834645
20
0.4548496850393701
11
1.7354566929133859
21
0.4552992125984252
0
LINE
8
BLACK
6
CONTINUOUS
10
1.7354566929133859
20
0.4552992125984252
11
1.7472677165354331
21
0.4552992125984252
0
LINE
8
BLACK
6
CONTINUOUS
10
1.7472677165354331
20
0.4552992125984252
11
1.7495276771653543
21
0.4548496850393701
0
LINE
8
BLACK
6
CONTINUOUS
10
1.7987402755905511
20
0.4548496850393701
11
1.8006561417322835
21
0.4535695275590551
0
LINE
8
BLACK
6
CONTINUOUS
10
1.8006561417322835
20
0.4535695275590551
11
1.8019362992125985
21
0.4516536614173228
0
LINE
8
BLACK
6
CONTINUOUS
10
1.8019362992125985
20
0.4516536614173228
11
1.8023858267716535
21
0.4493937007874015
0
LINE
8
BLACK
6
CONTINUOUS
10
1.8023858267716535
20
0.4493937007874015
11
1.8023858267716535
21
0.3942755905511811
0
LINE
8
BLACK
6
CONTINUOUS
10
1.8023858267716535
20
0.3942755905511811
11
1.8019362992125985
21
0.3920156299212598
0
LINE
8
BLACK
6
CONTINUOUS
10
1.8019362992125985
20
0.3920156299212598
11
1.8006561417322835
21
0.3900997637795275
0
LINE
8
BLACK
6
CONTINUOUS
10
1.8006561417322835
20
0.3900997637795275
11
1.7987402755905511
21
0.3888196062992126
0
LINE
8
BLACK
6
CONTINUOUS
10
1.7987402755905511
20
0.3888196062992126
11
1.7964803149606299
21
0.3883700787401575
0
LINE
8
BLACK
6
CONTINUOUS
10
1.7964803149606299
20
0.3883700787401575
11
1.7846692913385827
21
0.3883700787401575
0
LINE
8
BLACK
6
CONTINUOUS
10
1.7846692913385827
20
0.3883700787401575
11
1.7824093307086615
21
0.3888196062992126
0
LINE
8
BLACK
6
CONTINUOUS
10
1.7824093307086615
20
0.3888196062992126
11
1.780493464566929
21
0.3900997637795275
0
LINE
8
BLACK
6
CONTINUOUS
10
1.780493464566929
20
0.3900997637795275
11
1.7792133070866141
21
0.3920156299212598
0
LINE
8
BLACK
6
CONTINUOUS
10
1.7792133070866141
20
0.3920156299212598
11
1.778763779527559
21
0.3942755905511811
0
LINE
8
BLACK
6
CONTINUOUS
10
1.778763779527559
20
0.3942755905511811
11
1.778763779527559
21
0.4493937007874015
0
LINE
8
BLACK
6
CONTINUOUS
10
1.778763779527559
20
0.4493937007874015
11
1.7792133070866141
21
0.4516536614173228
0
LINE
8
BLACK
6
CONTINUOUS
10
1.7792133070866141
20
0.4516536614173228
11
1.780493464566929
21
0.4535695275590551
0
LINE
8
BLACK
6
CONTINUOUS
10
1.780493464566929
20
0.4535695275590551
11
1.7824093307086615
21
0.4548496850393701
0
LINE
8
BLACK
6
CONTINUOUS
10
1.7824093307086615
20
0.4548496850393701
11
1.7846692913385827
21
0.4552992125984252
0
LINE
8
BLACK
6
CONTINUOUS
10
1.7846692913385827
20
0.4552992125984252
11
1.7964803149606299
21
0.4552992125984252
0
LINE
8
BLACK
6
CONTINUOUS
10
1.7964803149606299
20
0.4552992125984252
11
1.7987402755905511
21
0.4548496850393701
0
LINE
8
BLACK
6
CONTINUOUS
10
1.847952874015748
20
0.4548496850393701
11
1.8498687401574803
21
0.4535695275590551
0
LINE
8
BLACK
6
CONTINUOUS
10
1.8498687401574803
20
0.4535695275590551
11
1.8511488976377952
21
0.4516536614173228
0
LINE
8
BLACK
6
CONTINUOUS
10
1.8511488976377952
20
0.4516536614173228
11
1.8515984251968503
21
0.4493937007874015
0
LINE
8
BLACK
6
CONTINUOUS
10
1.8515984251968503
20
0.4493937007874015
11
1.8515984251968503
21
0.3942755905511811
0
LINE
8
BLACK
6
CONTINUOUS
10
1.8515984251968503
20
0.3942755905511811
11
1.8511488976377952
21
0.3920156299212598
0
LINE
8
BLACK
6
CONTINUOUS
10
1.8511488976377952
20
0.3920156299212598
11
1.8498687401574803
21
0.3900997637795275
0
LINE
8
BLACK
6
CONTINUOUS
10
1.8498687401574803
20
0.3900997637795275
11
1.847952874015748
21
0.3888196062992126
0
LINE
8
BLACK
6
CONTINUOUS
10
1.847952874015748
20
0.3888196062992126
11
1.8456929133858266
21
0.3883700787401575
0
LINE
8
BLACK
6
CONTINUOUS
10
1.8456929133858266
20
0.3883700787401575
11
1.8338818897637794
21
0.3883700787401575
0
LINE
8
BLACK
6
CONTINUOUS
10
1.8338818897637794
20
0.3883700787401575
11
1.8316219291338582
21
0.3888196062992126
0
LINE
8
BLACK
6
CONTINUOUS
10
1.8316219291338582
20
0.3888196062992126
11
1.829706062992126
21
0.3900997637795275
0
LINE
8
BLACK
6
CONTINUOUS
10
1.829706062992126
20
0.3900997637795275
11
1.8284259055118111
21
0.3920156299212598
0
LINE
8
BLACK
6
CONTINUOUS
10
1.8284259055118111
20
0.3920156299212598
11
1.8279763779527558
21
0.3942755905511811
0
LINE
8
BLACK
6
CONTINUOUS
10
1.8279763779527558
20
0.3942755905511811
11
1.8279763779527558
21
0.4493937007874015
0
LINE
8
BLACK
6
CONTINUOUS
10
1.8279763779527558
20
0.4493937007874015
11
1.8284259055118111
21
0.4516536614173228
0
LINE
8
BLACK
6
CONTINUOUS
10
1.8284259055118111
20
0.4516536614173228
11
1.829706062992126
21
0.4535695275590551
0
LINE
8
BLACK
6
CONTINUOUS
10
1.829706062992126
20
0.4535695275590551
11
1.8316219291338582
21
0.4548496850393701
0
LINE
8
BLACK
6
CONTINUOUS
10
1.8316219291338582
20
0.4548496850393701
11
1.8338818897637794
21
0.4552992125984252
0
LINE
8
BLACK
6
CONTINUOUS
10
1.8338818897637794
20
0.4552992125984252
11
1.8456929133858266
21
0.4552992125984252
0
LINE
8
BLACK
6
CONTINUOUS
10
1.8456929133858266
20
0.4552992125984252
11
1.847952874015748
21
0.4548496850393701
0
LINE
8
BLACK
6
CONTINUOUS
10
1.8971654724409448
20
0.4548496850393701
11
1.899081338582677
21
0.4535695275590551
0
LINE
8
BLACK
6
CONTINUOUS
10
1.899081338582677
20
0.4535695275590551
11
1.900361496062992
21
0.4516536614173228
0
LINE
8
BLACK
6
CONTINUOUS
10
1.900361496062992
20
0.4516536614173228
11
1.9008110236220472
21
0.4493937007874015
0
LINE
8
BLACK
6
CONTINUOUS
10
1.9008110236220472
20
0.4493937007874015
11
1.9008110236220472
21
0.3942755905511811
0
LINE
8
BLACK
6
CONTINUOUS
10
1.9008110236220472
20
0.3942755905511811
11
1.900361496062992
21
0.3920156299212598
0
LINE
8
BLACK
6
CONTINUOUS
10
1.900361496062992
20
0.3920156299212598
11
1.899081338582677
21
0.3900997637795275
0
LINE
8
BLACK
6
CONTINUOUS
10
1.899081338582677
20
0.3900997637795275
11
1.8971654724409448
21
0.3888196062992126
0
LINE
8
BLACK
6
CONTINUOUS
10
1.8971654724409448
20
0.3888196062992126
11
1.8949055118110236
21
0.3883700787401575
0
LINE
8
BLACK
6
CONTINUOUS
10
1.8949055118110236
20
0.3883700787401575
11
1.8830944881889764
21
0.3883700787401575
0
LINE
8
BLACK
6
CONTINUOUS
10
1.8830944881889764
20
0.3883700787401575
11
1.880834527559055
21
0.3888196062992126
0
LINE
8
BLACK
6
CONTINUOUS
10
1.880834527559055
20
0.3888196062992126
11
1.8789186614173228
21
0.3900997637795275
0
LINE
8
BLACK
6
CONTINUOUS
10
1.8789186614173228
20
0.3900997637795275
11
1.8776385039370078
21
0.3920156299212598
0
LINE
8
BLACK
6
CONTINUOUS
10
1.8776385039370078
20
0.3920156299212598
11
1.8771889763779528
21
0.3942755905511811
0
LINE
8
BLACK
6
CONTINUOUS
10
1.8771889763779528
20
0.3942755905511811
11
1.8771889763779528
21
0.4493937007874015
0
LINE
8
BLACK
6
CONTINUOUS
10
1.8771889763779528
20
0.4493937007874015
11
1.8776385039370078
21
0.4516536614173228
0
LINE
8
BLACK
6
CONTINUOUS
10
1.8776385039370078
20
0.4516536614173228
11
1.8789186614173228
21
0.4535695275590551
0
LINE
8
BLACK
6
CONTINUOUS
10
1.8789186614173228
20
0.4535695275590551
11
1.880834527559055
21
0.4548496850393701
0
LINE
8
BLACK
6
CONTINUOUS
10
1.880834527559055
20
0.4548496850393701
11
1.8830944881889764
21
0.4552992125984252
0
LINE
8
BLACK
6
CONTINUOUS
10
1.8830944881889764
20
0.4552992125984252
11
1.8949055118110236
21
0.4552992125984252
0
LINE
8
BLACK
6
CONTINUOUS
10
1.8949055118110236
20
0.4552992125984252
11
1.8971654724409448
21
0.4548496850393701
0
LINE
8
BLACK
6
CONTINUOUS
10
1.9463780708661418
20
0.4548496850393701
11
1.948293937007874
21
0.4535695275590551
0
LINE
8
BLACK
6
CONTINUOUS
10
1.948293937007874
20
0.4535695275590551
11
1.949574094488189
21
0.4516536614173228
0
LINE
8
BLACK
6
CONTINUOUS
10
1.949574094488189
20
0.4516536614173228
11
1.950023622047244
21
0.4493937007874015
0
LINE
8
BLACK
6
CONTINUOUS
10
1.950023622047244
20
0.4493937007874015
11
1.950023622047244
21
0.3942755905511811
0
LINE
8
BLACK
6
CONTINUOUS
10
1.950023622047244
20
0.3942755905511811
11
1.949574094488189
21
0.3920156299212598
0
LINE
8
BLACK
6
CONTINUOUS
10
1.949574094488189
20
0.3920156299212598
11
1.948293937007874
21
0.3900997637795275
0
LINE
8
BLACK
6
CONTINUOUS
10
1.948293937007874
20
0.3900997637795275
11
1.9463780708661418
21
0.3888196062992126
0
LINE
8
BLACK
6
CONTINUOUS
10
1.9463780708661418
20
0.3888196062992126
11
1.9441181102362204
21
0.3883700787401575
0
LINE
8
BLACK
6
CONTINUOUS
10
1.9441181102362204
20
0.3883700787401575
11
1.9323070866141732
21
0.3883700787401575
0
LINE
8
BLACK
6
CONTINUOUS
10
1.9323070866141732
20
0.3883700787401575
11
1.930047125984252
21
0.3888196062992126
0
LINE
8
BLACK
6
CONTINUOUS
10
1.930047125984252
20
0.3888196062992126
11
1.9281312598425195
21
0.3900997637795275
0
LINE
8
BLACK
6
CONTINUOUS
10
1.9281312598425195
20
0.3900997637795275
11
1.9268511023622046
21
0.3920156299212598
0
LINE
8
BLACK
6
CONTINUOUS
10
1.9268511023622046
20
0.3920156299212598
11
1.9264015748031496
21
0.3942755905511811
0
LINE
8
BLACK
6
CONTINUOUS
10
1.9264015748031496
20
0.3942755905511811
11
1.9264015748031496
21
0.4493937007874015
0
LINE
8
BLACK
6
CONTINUOUS
10
1.9264015748031496
20
0.4493937007874015
11
1.9268511023622046
21
0.4516536614173228
0
LINE
8
BLACK
6
CONTINUOUS
10
1.9268511023622046
20
0.4516536614173228
11
1.9281312598425195
21
0.4535695275590551
0
LINE
8
BLACK
6
CONTINUOUS
10
1.9281312598425195
20
0.4535695275590551
11
1.930047125984252
21
0.4548496850393701
0
LINE
8
BLACK
6
CONTINUOUS
10
1.930047125984252
20
0.4548496850393701
11
1.9323070866141732
21
0.4552992125984252
0
LINE
8
BLACK
6
CONTINUOUS
10
1.9323070866141732
20
0.4552992125984252
11
1.9441181102362204
21
0.4552992125984252
0
LINE
8
BLACK
6
CONTINUOUS
10
1.9441181102362204
20
0.4552992125984252
11
1.9463780708661418
21
0.4548496850393701
0
LINE
8
BLACK
6
CONTINUOUS
10
1.9955906692913385
20
0.4548496850393701
11
1.9975065354330708
21
0.4535695275590551
0
LINE
8
BLACK
6
CONTINUOUS
10
1.9975065354330708
20
0.4535695275590551
11
1.9987866929133857
21
0.4516536614173228
0
LINE
8
BLACK
6
CONTINUOUS
10
1.9987866929133857
20
0.4516536614173228
11
1.999236220472441
21
0.4493937007874015
0
LINE
8
BLACK
6
CONTINUOUS
10
1.999236220472441
20
0.4493937007874015
11
1.999236220472441
21
0.3942755905511811
0
LINE
8
BLACK
6
CONTINUOUS
10
1.999236220472441
20
0.3942755905511811
11
1.9987866929133857
21
0.3920156299212598
0
LINE
8
BLACK
6
CONTINUOUS
10
1.9987866929133857
20
0.3920156299212598
11
1.9975065354330708
21
0.3900997637795275
0
LINE
8
BLACK
6
CONTINUOUS
10
1.9975065354330708
20
0.3900997637795275
11
1.9955906692913385
21
0.3888196062992126
0
LINE
8
BLACK
6
CONTINUOUS
10
1.9955906692913385
20
0.3888196062992126
11
1.9933307086614174
21
0.3883700787401575
0
LINE
8
BLACK
6
CONTINUOUS
10
1.9933307086614174
20
0.3883700787401575
11
1.9815196850393699
21
0.3883700787401575
0
LINE
8
BLACK
6
CONTINUOUS
10
1.9815196850393699
20
0.3883700787401575
11
1.9792597244094488
21
0.3888196062992126
0
LINE
8
BLACK
6
CONTINUOUS
10
1.9792597244094488
20
0.3888196062992126
11
1.9773438582677165
21
0.3900997637795275
0
LINE
8
BLACK
6
CONTINUOUS
10
1.9773438582677165
20
0.3900997637795275
11
1.9760637007874016
21
0.3920156299212598
0
LINE
8
BLACK
6
CONTINUOUS
10
1.9760637007874016
20
0.3920156299212598
11
1.9756141732283463
21
0.3942755905511811
0
LINE
8
BLACK
6
CONTINUOUS
10
1.9756141732283463
20
0.3942755905511811
11
1.9756141732283463
21
0.4493937007874015
0
LINE
8
BLACK
6
CONTINUOUS
10
1.9756141732283463
20
0.4493937007874015
11
1.9760637007874016
21
0.4516536614173228
0
LINE
8
BLACK
6
CONTINUOUS
10
1.9760637007874016
20
0.4516536614173228
11
1.9773438582677165
21
0.4535695275590551
0
LINE
8
BLACK
6
CONTINUOUS
10
1.9773438582677165
20
0.4535695275590551
11
1.9792597244094488
21
0.4548496850393701
0
LINE
8
BLACK
6
CONTINUOUS
10
1.9792597244094488
20
0.4548496850393701
11
1.9815196850393699
21
0.4552992125984252
0
LINE
8
BLACK
6
CONTINUOUS
10
1.9815196850393699
20
0.4552992125984252
11
1.9933307086614174
21
0.4552992125984252
0
LINE
8
BLACK
6
CONTINUOUS
10
1.9933307086614174
20
0.4552992125984252
11
1.9955906692913385
21
0.4548496850393701
0
LINE
8
BLACK
6
CONTINUOUS
10
2.0448032677165355
20
0.4548496850393701
11
2.0467191338582675
21
0.4535695275590551
0
LINE
8
BLACK
6
CONTINUOUS
10
2.0467191338582675
20
0.4535695275590551
11
2.0479992913385825
21
0.4516536614173228
0
LINE
8
BLACK
6
CONTINUOUS
10
2.0479992913385825
20
0.4516536614173228
11
2.0484488188976377
21
0.4493937007874015
0
LINE
8
BLACK
6
CONTINUOUS
10
2.0484488188976377
20
0.4493937007874015
11
2.0484488188976377
21
0.3942755905511811
0
LINE
8
BLACK
6
CONTINUOUS
10
2.0484488188976377
20
0.3942755905511811
11
2.0479992913385825
21
0.3920156299212598
0
LINE
8
BLACK
6
CONTINUOUS
10
2.0479992913385825
20
0.3920156299212598
11
2.0467191338582675
21
0.3900997637795275
0
LINE
8
BLACK
6
CONTINUOUS
10
2.0467191338582675
20
0.3900997637795275
11
2.0448032677165355
21
0.3888196062992126
0
LINE
8
BLACK
6
CONTINUOUS
10
2.0448032677165355
20
0.3888196062992126
11
2.0425433070866141
21
0.3883700787401575
0
LINE
8
BLACK
6
CONTINUOUS
10
2.0425433070866141
20
0.3883700787401575
11
2.0307322834645669
21
0.3883700787401575
0
LINE
8
BLACK
6
CONTINUOUS
10
2.0307322834645669
20
0.3883700787401575
11
2.0284723228346455
21
0.3888196062992126
0
LINE
8
BLACK
6
CONTINUOUS
10
2.0284723228346455
20
0.3888196062992126
11
2.0265564566929135
21
0.3900997637795275
0
LINE
8
BLACK
6
CONTINUOUS
10
2.0265564566929135
20
0.3900997637795275
11
2.0252762992125986
21
0.3920156299212598
0
LINE
8
BLACK
6
CONTINUOUS
10
2.0252762992125986
20
0.3920156299212598
11
2.0248267716535433
21
0.3942755905511811
0
LINE
8
BLACK
6
CONTINUOUS
10
2.0248267716535433
20
0.3942755905511811
11
2.0248267716535433
21
0.4493937007874015
0
LINE
8
BLACK
6
CONTINUOUS
10
2.0248267716535433
20
0.4493937007874015
11
2.0252762992125986
21
0.4516536614173228
0
LINE
8
BLACK
6
CONTINUOUS
10
2.0252762992125986
20
0.4516536614173228
11
2.0265564566929135
21
0.4535695275590551
0
LINE
8
BLACK
6
CONTINUOUS
10
2.0265564566929135
20
0.4535695275590551
11
2.0284723228346455
21
0.4548496850393701
0
LINE
8
BLACK
6
CONTINUOUS
10
2.0284723228346455
20
0.4548496850393701
11
2.0307322834645669
21
0.4552992125984252
0
LINE
8
BLACK
6
CONTINUOUS
10
2.0307322834645669
20
0.4552992125984252
11
2.0425433070866141
21
0.4552992125984252
0
LINE
8
BLACK
6
CONTINUOUS
10
2.0425433070866141
20
0.4552992125984252
11
2.0448032677165355
21
0.4548496850393701
0
LINE
8
BLACK
6
CONTINUOUS
10
0.6694831102362204
20
0.5275027559055118
11
0.6726762598425197
21
0.5253691732283464
0
LINE
8
BLACK
6
CONTINUOUS
10
0.6726762598425197
20
0.5253691732283464
11
0.674809842519685
21
0.5221760236220472
0
LINE
8
BLACK
6
CONTINUOUS
10
0.674809842519685
20
0.5221760236220472
11
0.6755590551181102
21
0.5184094488188976
0
LINE
8
BLACK
6
CONTINUOUS
10
0.6755590551181102
20
0.5184094488188976
11
0.6755590551181102
21
0.497740157480315
0
LINE
8
BLACK
6
CONTINUOUS
10
0.6755590551181102
20
0.497740157480315
11
0.674809842519685
21
0.4939735826771653
0
LINE
8
BLACK
6
CONTINUOUS
10
0.674809842519685
20
0.4939735826771653
11
0.6726762598425197
21
0.4907804330708661
0
LINE
8
BLACK
6
CONTINUOUS
10
0.6726762598425197
20
0.4907804330708661
11
0.6694831102362204
21
0.4886468503937008
0
LINE
8
BLACK
6
CONTINUOUS
10
0.6694831102362204
20
0.4886468503937008
11
0.6657165354330709
21
0.4878976377952756
0
LINE
8
BLACK
6
CONTINUOUS
10
0.6657165354330709
20
0.4878976377952756
11
0.6302834645669291
21
0.4878976377952756
0
LINE
8
BLACK
6
CONTINUOUS
10
0.6302834645669291
20
0.4878976377952756
11
0.6265168897637795
21
0.4886468503937008
0
LINE
8
BLACK
6
CONTINUOUS
10
0.6265168897637795
20
0.4886468503937008
11
0.6233237401574803
21
0.4907804330708661
0
LINE
8
BLACK
6
CONTINUOUS
10
0.6233237401574803
20
0.4907804330708661
11
0.6211901574803149
21
0.4939735826771653
0
LINE
8
BLACK
6
CONTINUOUS
10
0.6211901574803149
20
0.4939735826771653
11
0.6204409448818897
21
0.497740157480315
0
LINE
8
BLACK
6
CONTINUOUS
10
0.6204409448818897
20
0.497740157480315
11
0.6204409448818897
21
0.5184094488188976
0
LINE
8
BLACK
6
CONTINUOUS
10
0.6204409448818897
20
0.5184094488188976
11
0.6211901574803149
21
0.5221760236220472
0
LINE
8
BLACK
6
CONTINUOUS
10
0.6211901574803149
20
0.5221760236220472
11
0.6233237401574803
21
0.5253691732283464
0
LINE
8
BLACK
6
CONTINUOUS
10
0.6233237401574803
20
0.5253691732283464
11
0.6265168897637795
21
0.5275027559055118
0
LINE
8
BLACK
6
CONTINUOUS
10
0.6265168897637795
20
0.5275027559055118
11
0.6302834645669291
21
0.528251968503937
0
LINE
8
BLACK
6
CONTINUOUS
10
0.6302834645669291
20
0.528251968503937
11
0.6657165354330709
21
0.528251968503937
0
LINE
8
BLACK
6
CONTINUOUS
10
0.6657165354330709
20
0.528251968503937
11
0.6694831102362204
21
0.5275027559055118
0
LINE
8
BLACK
6
CONTINUOUS
10
0.7514831102362205
20
0.5275027559055118
11
0.7546762598425196
21
0.5253691732283464
0
LINE
8
BLACK
6
CONTINUOUS
10
0.7546762598425196
20
0.5253691732283464
11
0.756809842519685
21
0.5221760236220472
0
LINE
8
BLACK
6
CONTINUOUS
10
0.756809842519685
20
0.5221760236220472
11
0.7575590551181102
21
0.5184094488188976
0
LINE
8
BLACK
6
CONTINUOUS
10
0.7575590551181102
20
0.5184094488188976
11
0.7575590551181102
21
0.497740157480315
0
LINE
8
BLACK
6
CONTINUOUS
10
0.7575590551181102
20
0.497740157480315
11
0.756809842519685
21
0.4939735826771653
0
LINE
8
BLACK
6
CONTINUOUS
10
0.756809842519685
20
0.4939735826771653
11
0.7546762598425196
21
0.4907804330708661
0
LINE
8
BLACK
6
CONTINUOUS
10
0.7546762598425196
20
0.4907804330708661
11
0.7514831102362205
21
0.4886468503937008
0
LINE
8
BLACK
6
CONTINUOUS
10
0.7514831102362205
20
0.4886468503937008
11
0.7477165354330708
21
0.4878976377952756
0
LINE
8
BLACK
6
CONTINUOUS
10
0.7477165354330708
20
0.4878976377952756
11
0.7122834645669291
21
0.4878976377952756
0
LINE
8
BLACK
6
CONTINUOUS
10
0.7122834645669291
20
0.4878976377952756
11
0.7085168897637795
21
0.4886468503937008
0
LINE
8
BLACK
6
CONTINUOUS
10
0.7085168897637795
20
0.4886468503937008
11
0.7053237401574803
21
0.4907804330708661
0
LINE
8
BLACK
6
CONTINUOUS
10
0.7053237401574803
20
0.4907804330708661
11
0.703190157480315
21
0.4939735826771653
0
LINE
8
BLACK
6
CONTINUOUS
10
0.703190157480315
20
0.4939735826771653
11
0.7024409448818898
21
0.497740157480315
0
LINE
8
BLACK
6
CONTINUOUS
10
0.7024409448818898
20
0.497740157480315
11
0.7024409448818898
21
0.5184094488188976
0
LINE
8
BLACK
6
CONTINUOUS
10
0.7024409448818898
20
0.5184094488188976
11
0.703190157480315
21
0.5221760236220472
0
LINE
8
BLACK
6
CONTINUOUS
10
0.703190157480315
20
0.5221760236220472
11
0.7053237401574803
21
0.5253691732283464
0
LINE
8
BLACK
6
CONTINUOUS
10
0.7053237401574803
20
0.5253691732283464
11
0.7085168897637795
21
0.5275027559055118
0
LINE
8
BLACK
6
CONTINUOUS
10
0.7085168897637795
20
0.5275027559055118
11
0.7122834645669291
21
0.528251968503937
0
LINE
8
BLACK
6
CONTINUOUS
10
0.7122834645669291
20
0.528251968503937
11
0.7477165354330708
21
0.528251968503937
0
LINE
8
BLACK
6
CONTINUOUS
10
0.7477165354330708
20
0.528251968503937
11
0.7514831102362205
21
0.5275027559055118
0
LINE
8
BLACK
6
CONTINUOUS
10
0.8534831102362205
20
0.5275027559055118
11
0.8566762598425197
21
0.5253691732283464
0
LINE
8
BLACK
6
CONTINUOUS
10
0.8566762598425197
20
0.5253691732283464
11
0.8588098425196851
21
0.5221760236220472
0
LINE
8
BLACK
6
CONTINUOUS
10
0.8588098425196851
20
0.5221760236220472
11
0.8595590551181103
21
0.5184094488188976
0
LINE
8
BLACK
6
CONTINUOUS
10
0.8595590551181103
20
0.5184094488188976
11
0.8595590551181103
21
0.497740157480315
0
LINE
8
BLACK
6
CONTINUOUS
10
0.8595590551181103
20
0.497740157480315
11
0.8588098425196851
21
0.4939735826771653
0
LINE
8
BLACK
6
CONTINUOUS
10
0.8588098425196851
20
0.4939735826771653
11
0.8566762598425197
21
0.4907804330708661
0
LINE
8
BLACK
6
CONTINUOUS
10
0.8566762598425197
20
0.4907804330708661
11
0.8534831102362205
21
0.4886468503937008
0
LINE
8
BLACK
6
CONTINUOUS
10
0.8534831102362205
20
0.4886468503937008
11
0.8497165354330708
21
0.4878976377952756
0
LINE
8
BLACK
6
CONTINUOUS
10
0.8497165354330708
20
0.4878976377952756
11
0.8142834645669291
21
0.4878976377952756
0
LINE
8
BLACK
6
CONTINUOUS
10
0.8142834645669291
20
0.4878976377952756
11
0.8105168897637796
21
0.4886468503937008
0
LINE
8
BLACK
6
CONTINUOUS
10
0.8105168897637796
20
0.4886468503937008
11
0.8073237401574803
21
0.4907804330708661
0
LINE
8
BLACK
6
CONTINUOUS
10
0.8073237401574803
20
0.4907804330708661
11
0.805190157480315
21
0.4939735826771653
0
LINE
8
BLACK
6
CONTINUOUS
10
0.805190157480315
20
0.4939735826771653
11
0.8044409448818898
21
0.497740157480315
0
LINE
8
BLACK
6
CONTINUOUS
10
0.8044409448818898
20
0.497740157480315
11
0.8044409448818898
21
0.5184094488188976
0
LINE
8
BLACK
6
CONTINUOUS
10
0.8044409448818898
20
0.5184094488188976
11
0.805190157480315
21
0.5221760236220472
0
LINE
8
BLACK
6
CONTINUOUS
10
0.805190157480315
20
0.5221760236220472
11
0.8073237401574803
21
0.5253691732283464
0
LINE
8
BLACK
6
CONTINUOUS
10
0.8073237401574803
20
0.5253691732283464
11
0.8105168897637796
21
0.5275027559055118
0
LINE
8
BLACK
6
CONTINUOUS
10
0.8105168897637796
20
0.5275027559055118
11
0.8142834645669291
21
0.528251968503937
0
LINE
8
BLACK
6
CONTINUOUS
10
0.8142834645669291
20
0.528251968503937
11
0.8497165354330708
21
0.528251968503937
0
LINE
8
BLACK
6
CONTINUOUS
10
0.8497165354330708
20
0.528251968503937
11
0.8534831102362205
21
0.5275027559055118
0
LINE
8
BLACK
6
CONTINUOUS
10
1.0554831102362205
20
0.5275027559055118
11
1.0586762598425197
21
0.5253691732283464
0
LINE
8
BLACK
6
CONTINUOUS
10
1.0586762598425197
20
0.5253691732283464
11
1.060809842519685
21
0.5221760236220472
0
LINE
8
BLACK
6
CONTINUOUS
10
1.060809842519685
20
0.5221760236220472
11
1.0615590551181102
21
0.5184094488188976
0
LINE
8
BLACK
6
CONTINUOUS
10
1.0615590551181102
20
0.5184094488188976
11
1.0615590551181102
21
0.497740157480315
0
LINE
8
BLACK
6
CONTINUOUS
10
1.0615590551181102
20
0.497740157480315
11
1.060809842519685
21
0.4939735826771653
0
LINE
8
BLACK
6
CONTINUOUS
10
1.060809842519685
20
0.4939735826771653
11
1.0586762598425197
21
0.4907804330708661
0
LINE
8
BLACK
6
CONTINUOUS
10
1.0586762598425197
20
0.4907804330708661
11
1.0554831102362205
21
0.4886468503937008
0
LINE
8
BLACK
6
CONTINUOUS
10
1.0554831102362205
20
0.4886468503937008
11
1.0517165354330709
21
0.4878976377952756
0
LINE
8
BLACK
6
CONTINUOUS
10
1.0517165354330709
20
0.4878976377952756
11
1.0162834645669292
21
0.4878976377952756
0
LINE
8
BLACK
6
CONTINUOUS
10
1.0162834645669292
20
0.4878976377952756
11
1.0125168897637795
21
0.4886468503937008
0
LINE
8
BLACK
6
CONTINUOUS
10
1.0125168897637795
20
0.4886468503937008
11
1.0093237401574804
21
0.4907804330708661
0
LINE
8
BLACK
6
CONTINUOUS
10
1.0093237401574804
20
0.4907804330708661
11
1.007190157480315
21
0.4939735826771653
0
LINE
8
BLACK
6
CONTINUOUS
10
1.007190157480315
20
0.4939735826771653
11
1.0064409448818898
21
0.497740157480315
0
LINE
8
BLACK
6
CONTINUOUS
10
1.0064409448818898
20
0.497740157480315
11
1.0064409448818898
21
0.5184094488188976
0
LINE
8
BLACK
6
CONTINUOUS
10
1.0064409448818898
20
0.5184094488188976
11
1.007190157480315
21
0.5221760236220472
0
LINE
8
BLACK
6
CONTINUOUS
10
1.007190157480315
20
0.5221760236220472
11
1.0093237401574804
21
0.5253691732283464
0
LINE
8
BLACK
6
CONTINUOUS
10
1.0093237401574804
20
0.5253691732283464
11
1.0125168897637795
21
0.5275027559055118
0
LINE
8
BLACK
6
CONTINUOUS
10
1.0125168897637795
20
0.5275027559055118
11
1.0162834645669292
21
0.528251968503937
0
LINE
8
BLACK
6
CONTINUOUS
10
1.0162834645669292
20
0.528251968503937
11
1.0517165354330709
21
0.528251968503937
0
LINE
8
BLACK
6
CONTINUOUS
10
1.0517165354330709
20
0.528251968503937
11
1.0554831102362205
21
0.5275027559055118
0
LINE
8
BLACK
6
CONTINUOUS
10
0.9794831102362205
20
0.5285027559055118
11
0.9826762598425197
21
0.5263691732283464
0
LINE
8
BLACK
6
CONTINUOUS
10
0.9826762598425197
20
0.5263691732283464
11
0.9848098425196851
21
0.5231760236220472
0
LINE
8
BLACK
6
CONTINUOUS
10
0.9848098425196851
20
0.5231760236220472
11
0.9855590551181103
21
0.5194094488188976
0
LINE
8
BLACK
6
CONTINUOUS
10
0.9855590551181103
20
0.5194094488188976
11
0.9855590551181103
21
0.498740157480315
0
LINE
8
BLACK
6
CONTINUOUS
10
0.9855590551181103
20
0.498740157480315
11
0.9848098425196851
21
0.4949735826771653
0
LINE
8
BLACK
6
CONTINUOUS
10
0.9848098425196851
20
0.4949735826771653
11
0.9826762598425197
21
0.4917804330708661
0
LINE
8
BLACK
6
CONTINUOUS
10
0.9826762598425197
20
0.4917804330708661
11
0.9794831102362205
21
0.4896468503937008
0
LINE
8
BLACK
6
CONTINUOUS
10
0.9794831102362205
20
0.4896468503937008
11
0.9757165354330708
21
0.4888976377952756
0
LINE
8
BLACK
6
CONTINUOUS
10
0.9757165354330708
20
0.4888976377952756
11
0.9402834645669291
21
0.4888976377952756
0
LINE
8
BLACK
6
CONTINUOUS
10
0.9402834645669291
20
0.4888976377952756
11
0.9365168897637796
21
0.4896468503937008
0
LINE
8
BLACK
6
CONTINUOUS
10
0.9365168897637796
20
0.4896468503937008
11
0.9333237401574803
21
0.4917804330708661
0
LINE
8
BLACK
6
CONTINUOUS
10
0.9333237401574803
20
0.4917804330708661
11
0.931190157480315
21
0.4949735826771653
0
LINE
8
BLACK
6
CONTINUOUS
10
0.931190157480315
20
0.4949735826771653
11
0.9304409448818898
21
0.498740157480315
0
LINE
8
BLACK
6
CONTINUOUS
10
0.9304409448818898
20
0.498740157480315
11
0.9304409448818898
21
0.5194094488188976
0
LINE
8
BLACK
6
CONTINUOUS
10
0.9304409448818898
20
0.5194094488188976
11
0.931190157480315
21
0.5231760236220472
0
LINE
8
BLACK
6
CONTINUOUS
10
0.931190157480315
20
0.5231760236220472
11
0.9333237401574803
21
0.5263691732283464
0
LINE
8
BLACK
6
CONTINUOUS
10
0.9333237401574803
20
0.5263691732283464
11
0.9365168897637796
21
0.5285027559055118
0
LINE
8
BLACK
6
CONTINUOUS
10
0.9365168897637796
20
0.5285027559055118
11
0.9402834645669291
21
0.529251968503937
0
LINE
8
BLACK
6
CONTINUOUS
10
0.9402834645669291
20
0.529251968503937
11
0.9757165354330708
21
0.529251968503937
0
LINE
8
BLACK
6
CONTINUOUS
10
0.9757165354330708
20
0.529251968503937
11
0.9794831102362205
21
0.5285027559055118
0
LINE
8
BLACK
6
CONTINUOUS
10
1.7818400393700786
20
0.5226683464566929
11
1.7843945275590551
21
0.5209614566929134
0
LINE
8
BLACK
6
CONTINUOUS
10
1.7843945275590551
20
0.5209614566929134
11
1.7861014173228347
21
0.518406968503937
0
LINE
8
BLACK
6
CONTINUOUS
10
1.7861014173228347
20
0.518406968503937
11
1.7867007874015748
21
0.5153937007874015
0
LINE
8
BLACK
6
CONTINUOUS
10
1.7867007874015748
20
0.5153937007874015
11
1.7867007874015748
21
0.4996456692913386
0
LINE
8
BLACK
6
CONTINUOUS
10
1.7867007874015748
20
0.4996456692913386
11
1.7861014173228347
21
0.4966324015748032
0
LINE
8
BLACK
6
CONTINUOUS
10
1.7861014173228347
20
0.4966324015748032
11
1.7843945275590551
21
0.4940779133858267
0
LINE
8
BLACK
6
CONTINUOUS
10
1.7843945275590551
20
0.4940779133858267
11
1.7818400393700786
21
0.4923710236220472
0
LINE
8
BLACK
6
CONTINUOUS
10
1.7818400393700786
20
0.4923710236220472
11
1.7788267716535433
21
0.4917716535433071
0
LINE
8
BLACK
6
CONTINUOUS
10
1.7788267716535433
20
0.4917716535433071
11
1.7571732283464567
21
0.4917716535433071
0
LINE
8
BLACK
6
CONTINUOUS
10
1.7571732283464567
20
0.4917716535433071
11
1.7541599606299212
21
0.4923710236220472
0
LINE
8
BLACK
6
CONTINUOUS
10
1.7541599606299212
20
0.4923710236220472
11
1.7516054724409449
21
0.4940779133858267
0
LINE
8
BLACK
6
CONTINUOUS
10
1.7516054724409449
20
0.4940779133858267
11
1.7498985826771654
21
0.4966324015748032
0
LINE
8
BLACK
6
CONTINUOUS
10
1.7498985826771654
20
0.4966324015748032
11
1.7492992125984252
21
0.4996456692913386
0
LINE
8
BLACK
6
CONTINUOUS
10
1.7492992125984252
20
0.4996456692913386
11
1.7492992125984252
21
0.5153937007874015
0
LINE
8
BLACK
6
CONTINUOUS
10
1.7492992125984252
20
0.5153937007874015
11
1.7498985826771654
21
0.518406968503937
0
LINE
8
BLACK
6
CONTINUOUS
10
1.7498985826771654
20
0.518406968503937
11
1.7516054724409449
21
0.5209614566929134
0
LINE
8
BLACK
6
CONTINUOUS
10
1.7516054724409449
20
0.5209614566929134
11
1.7541599606299212
21
0.5226683464566929
0
LINE
8
BLACK
6
CONTINUOUS
10
1.7541599606299212
20
0.5226683464566929
11
1.7571732283464567
21
0.523267716535433
0
LINE
8
BLACK
6
CONTINUOUS
10
1.7571732283464567
20
0.523267716535433
11
1.7788267716535433
21
0.523267716535433
0
LINE
8
BLACK
6
CONTINUOUS
10
1.7788267716535433
20
0.523267716535433
11
1.7818400393700786
21
0.5226683464566929
0
LINE
8
BLACK
6
CONTINUOUS
10
1.9668400393700787
20
0.5226683464566929
11
1.969394527559055
21
0.5209614566929134
0
LINE
8
BLACK
6
CONTINUOUS
10
1.969394527559055
20
0.5209614566929134
11
1.9711014173228345
21
0.518406968503937
0
LINE
8
BLACK
6
CONTINUOUS
10
1.9711014173228345
20
0.518406968503937
11
1.9717007874015748
21
0.5153937007874015
0
LINE
8
BLACK
6
CONTINUOUS
10
1.9717007874015748
20
0.5153937007874015
11
1.9717007874015748
21
0.4996456692913386
0
LINE
8
BLACK
6
CONTINUOUS
10
1.9717007874015748
20
0.4996456692913386
11
1.9711014173228345
21
0.4966324015748032
0
LINE
8
BLACK
6
CONTINUOUS
10
1.9711014173228345
20
0.4966324015748032
11
1.969394527559055
21
0.4940779133858267
0
LINE
8
BLACK
6
CONTINUOUS
10
1.969394527559055
20
0.4940779133858267
11
1.9668400393700787
21
0.4923710236220472
0
LINE
8
BLACK
6
CONTINUOUS
10
1.9668400393700787
20
0.4923710236220472
11
1.9638267716535434
21
0.4917716535433071
0
LINE
8
BLACK
6
CONTINUOUS
10
1.9638267716535434
20
0.4917716535433071
11
1.9421732283464566
21
0.4917716535433071
0
LINE
8
BLACK
6
CONTINUOUS
10
1.9421732283464566
20
0.4917716535433071
11
1.9391599606299212
21
0.4923710236220472
0
LINE
8
BLACK
6
CONTINUOUS
10
1.9391599606299212
20
0.4923710236220472
11
1.9366054724409449
21
0.4940779133858267
0
LINE
8
BLACK
6
CONTINUOUS
10
1.9366054724409449
20
0.4940779133858267
11
1.9348985826771654
21
0.4966324015748032
0
LINE
8
BLACK
6
CONTINUOUS
10
1.9348985826771654
20
0.4966324015748032
11
1.9342992125984251
21
0.4996456692913386
0
LINE
8
BLACK
6
CONTINUOUS
10
1.9342992125984251
20
0.4996456692913386
11
1.9342992125984251
21
0.5153937007874015
0
LINE
8
BLACK
6
CONTINUOUS
10
1.9342992125984251
20
0.5153937007874015
11
1.9348985826771654
21
0.518406968503937
0
LINE
8
BLACK
6
CONTINUOUS
10
1.9348985826771654
20
0.518406968503937
11
1.9366054724409449
21
0.5209614566929134
0
LINE
8
BLACK
6
CONTINUOUS
10
1.9366054724409449
20
0.5209614566929134
11
1.9391599606299212
21
0.5226683464566929
0
LINE
8
BLACK
6
CONTINUOUS
10
1.9391599606299212
20
0.5226683464566929
11
1.9421732283464566
21
0.523267716535433
0
LINE
8
BLACK
6
CONTINUOUS
10
1.9421732283464566
20
0.523267716535433
11
1.9638267716535434
21
0.523267716535433
0
LINE
8
BLACK
6
CONTINUOUS
10
1.9638267716535434
20
0.523267716535433
11
1.9668400393700787
21
0.5226683464566929
0
LINE
8
BLACK
6
CONTINUOUS
10
1.9078400393700787
20
0.5236683464566929
11
1.910394527559055
21
0.5219614566929134
0
LINE
8
BLACK
6
CONTINUOUS
10
1.910394527559055
20
0.5219614566929134
11
1.9121014173228346
21
0.519406968503937
0
LINE
8
BLACK
6
CONTINUOUS
10
1.9121014173228346
20
0.519406968503937
11
1.9127007874015747
21
0.5163937007874015
0
LINE
8
BLACK
6
CONTINUOUS
10
1.9127007874015747
20
0.5163937007874015
11
1.9127007874015747
21
0.5006456692913386
0
LINE
8
BLACK
6
CONTINUOUS
10
1.9127007874015747
20
0.5006456692913386
11
1.9121014173228346
21
0.4976324015748032
0
LINE
8
BLACK
6
CONTINUOUS
10
1.9121014173228346
20
0.4976324015748032
11
1.910394527559055
21
0.4950779133858267
0
LINE
8
BLACK
6
CONTINUOUS
10
1.910394527559055
20
0.4950779133858267
11
1.9078400393700787
21
0.4933710236220472
0
LINE
8
BLACK
6
CONTINUOUS
10
1.9078400393700787
20
0.4933710236220472
11
1.9048267716535432
21
0.4927716535433071
0
LINE
8
BLACK
6
CONTINUOUS
10
1.9048267716535432
20
0.4927716535433071
11
1.8831732283464566
21
0.4927716535433071
0
LINE
8
BLACK
6
CONTINUOUS
10
1.8831732283464566
20
0.4927716535433071
11
1.8801599606299213
21
0.4933710236220472
0
LINE
8
BLACK
6
CONTINUOUS
10
1.8801599606299213
20
0.4933710236220472
11
1.8776054724409448
21
0.4950779133858267
0
LINE
8
BLACK
6
CONTINUOUS
10
1.8776054724409448
20
0.4950779133858267
11
1.8758985826771652
21
0.4976324015748032
0
LINE
8
BLACK
6
CONTINUOUS
10
1.8758985826771652
20
0.4976324015748032
11
1.8752992125984251
21
0.5006456692913386
0
LINE
8
BLACK
6
CONTINUOUS
10
1.8752992125984251
20
0.5006456692913386
11
1.8752992125984251
21
0.5163937007874015
0
LINE
8
BLACK
6
CONTINUOUS
10
1.8752992125984251
20
0.5163937007874015
11
1.8758985826771652
21
0.519406968503937
0
LINE
8
BLACK
6
CONTINUOUS
10
1.8758985826771652
20
0.519406968503937
11
1.8776054724409448
21
0.5219614566929134
0
LINE
8
BLACK
6
CONTINUOUS
10
1.8776054724409448
20
0.5219614566929134
11
1.8801599606299213
21
0.5236683464566929
0
LINE
8
BLACK
6
CONTINUOUS
10
1.8801599606299213
20
0.5236683464566929
11
1.8831732283464566
21
0.524267716535433
0
LINE
8
BLACK
6
CONTINUOUS
10
1.8831732283464566
20
0.524267716535433
11
1.9048267716535432
21
0.524267716535433
0
LINE
8
BLACK
6
CONTINUOUS
10
1.9048267716535432
20
0.524267716535433
11
1.9078400393700787
21
0.5236683464566929
0
LINE
8
BLACK
6
CONTINUOUS
10
2.0278400393700786
20
0.5236683464566929
11
2.0303945275590549
21
0.5219614566929134
0
LINE
8
BLACK
6
CONTINUOUS
10
2.0303945275590549
20
0.5219614566929134
11
2.0321014173228344
21
0.519406968503937
0
LINE
8
BLACK
6
CONTINUOUS
10
2.0321014173228344
20
0.519406968503937
11
2.0327007874015748
21
0.5163937007874015
0
LINE
8
BLACK
6
CONTINUOUS
10
2.0327007874015748
20
0.5163937007874015
11
2.0327007874015748
21
0.5006456692913386
0
LINE
8
BLACK
6
CONTINUOUS
10
2.0327007874015748
20
0.5006456692913386
11
2.0321014173228344
21
0.4976324015748032
0
LINE
8
BLACK
6
CONTINUOUS
10
2.0321014173228344
20
0.4976324015748032
11
2.0303945275590549
21
0.4950779133858267
0
LINE
8
BLACK
6
CONTINUOUS
10
2.0303945275590549
20
0.4950779133858267
11
2.0278400393700786
21
0.4933710236220472
0
LINE
8
BLACK
6
CONTINUOUS
10
2.0278400393700786
20
0.4933710236220472
11
2.0248267716535433
21
0.4927716535433071
0
LINE
8
BLACK
6
CONTINUOUS
10
2.0248267716535433
20
0.4927716535433071
11
2.0031732283464567
21
0.4927716535433071
0
LINE
8
BLACK
6
CONTINUOUS
10
2.0031732283464567
20
0.4927716535433071
11
2.0001599606299214
21
0.4933710236220472
0
LINE
8
BLACK
6
CONTINUOUS
10
2.0001599606299214
20
0.4933710236220472
11
1.9976054724409449
21
0.4950779133858267
0
LINE
8
BLACK
6
CONTINUOUS
10
1.9976054724409449
20
0.4950779133858267
11
1.9958985826771654
21
0.4976324015748032
0
LINE
8
BLACK
6
CONTINUOUS
10
1.9958985826771654
20
0.4976324015748032
11
1.9952992125984252
21
0.5006456692913386
0
LINE
8
BLACK
6
CONTINUOUS
10
1.9952992125984252
20
0.5006456692913386
11
1.9952992125984252
21
0.5163937007874015
0
LINE
8
BLACK
6
CONTINUOUS
10
1.9952992125984252
20
0.5163937007874015
11
1.9958985826771654
21
0.519406968503937
0
LINE
8
BLACK
6
CONTINUOUS
10
1.9958985826771654
20
0.519406968503937
11
1.9976054724409449
21
0.5219614566929134
0
LINE
8
BLACK
6
CONTINUOUS
10
1.9976054724409449
20
0.5219614566929134
11
2.0001599606299214
21
0.5236683464566929
0
LINE
8
BLACK
6
CONTINUOUS
10
2.0001599606299214
20
0.5236683464566929
11
2.0031732283464567
21
0.524267716535433
0
LINE
8
BLACK
6
CONTINUOUS
10
2.0031732283464567
20
0.524267716535433
11
2.0248267716535433
21
0.524267716535433
0
LINE
8
BLACK
6
CONTINUOUS
10
2.0248267716535433
20
0.524267716535433
11
2.0278400393700786
21
0.5236683464566929
0
LINE
8
BLACK
6
CONTINUOUS
10
1.8428400393700788
20
0.5266683464566929
11
1.8453945275590551
21
0.5249614566929134
0
LINE
8
BLACK
6
CONTINUOUS
10
1.8453945275590551
20
0.5249614566929134
11
1.8471014173228346
21
0.522406968503937
0
LINE
8
BLACK
6
CONTINUOUS
10
1.8471014173228346
20
0.522406968503937
11
1.8477007874015747
21
0.5193937007874015
0
LINE
8
BLACK
6
CONTINUOUS
10
1.8477007874015747
20
0.5193937007874015
11
1.8477007874015747
21
0.5036456692913386
0
LINE
8
BLACK
6
CONTINUOUS
10
1.8477007874015747
20
0.5036456692913386
11
1.8471014173228346
21
0.5006324015748032
0
LINE
8
BLACK
6
CONTINUOUS
10
1.8471014173228346
20
0.5006324015748032
11
1.8453945275590551
21
0.4980779133858267
0
LINE
8
BLACK
6
CONTINUOUS
10
1.8453945275590551
20
0.4980779133858267
11
1.8428400393700788
21
0.4963710236220472
0
LINE
8
BLACK
6
CONTINUOUS
10
1.8428400393700788
20
0.4963710236220472
11
1.8398267716535432
21
0.4957716535433071
0
LINE
8
BLACK
6
CONTINUOUS
10
1.8398267716535432
20
0.4957716535433071
11
1.8181732283464567
21
0.4957716535433071
0
LINE
8
BLACK
6
CONTINUOUS
10
1.8181732283464567
20
0.4957716535433071
11
1.8151599606299211
21
0.4963710236220472
0
LINE
8
BLACK
6
CONTINUOUS
10
1.8151599606299211
20
0.4963710236220472
11
1.8126054724409448
21
0.4980779133858267
0
LINE
8
BLACK
6
CONTINUOUS
10
1.8126054724409448
20
0.4980779133858267
11
1.8108985826771653
21
0.5006324015748032
0
LINE
8
BLACK
6
CONTINUOUS
10
1.8108985826771653
20
0.5006324015748032
11
1.8102992125984252
21
0.5036456692913386
0
LINE
8
BLACK
6
CONTINUOUS
10
1.8102992125984252
20
0.5036456692913386
11
1.8102992125984252
21
0.5193937007874015
0
LINE
8
BLACK
6
CONTINUOUS
10
1.8102992125984252
20
0.5193937007874015
11
1.8108985826771653
21
0.522406968503937
0
LINE
8
BLACK
6
CONTINUOUS
10
1.8108985826771653
20
0.522406968503937
11
1.8126054724409448
21
0.5249614566929134
0
LINE
8
BLACK
6
CONTINUOUS
10
1.8126054724409448
20
0.5249614566929134
11
1.8151599606299211
21
0.5266683464566929
0
LINE
8
BLACK
6
CONTINUOUS
10
1.8151599606299211
20
0.5266683464566929
11
1.8181732283464567
21
0.527267716535433
0
LINE
8
BLACK
6
CONTINUOUS
10
1.8181732283464567
20
0.527267716535433
11
1.8398267716535432
21
0.527267716535433
0
LINE
8
BLACK
6
CONTINUOUS
10
1.8398267716535432
20
0.527267716535433
11
1.8428400393700788
21
0.5266683464566929
0
LINE
8
BLACK
6
CONTINUOUS
10
2.4574831102362205
20
0.5515027559055118
11
2.4606762598425198
21
0.5493691732283464
0
LINE
8
BLACK
6
CONTINUOUS
10
2.4606762598425198
20
0.5493691732283464
11
2.4628098425196852
21
0.5461760236220472
0
LINE
8
BLACK
6
CONTINUOUS
10
2.4628098425196852
20
0.5461760236220472
11
2.4635590551181101
21
0.5424094488188976
0
LINE
8
BLACK
6
CONTINUOUS
10
2.4635590551181101
20
0.5424094488188976
11
2.4635590551181101
21
0.521740157480315
0
LINE
8
BLACK
6
CONTINUOUS
10
2.4635590551181101
20
0.521740157480315
11
2.4628098425196852
21
0.5179735826771653
0
LINE
8
BLACK
6
CONTINUOUS
10
2.4628098425196852
20
0.5179735826771653
11
2.4606762598425198
21
0.5147804330708662
0
LINE
8
BLACK
6
CONTINUOUS
10
2.4606762598425198
20
0.5147804330708662
11
2.4574831102362205
21
0.5126468503937007
0
LINE
8
BLACK
6
CONTINUOUS
10
2.4574831102362205
20
0.5126468503937007
11
2.4537165354330708
21
0.5118976377952755
0
LINE
8
BLACK
6
CONTINUOUS
10
2.4537165354330708
20
0.5118976377952755
11
2.4182834645669291
21
0.5118976377952755
0
LINE
8
BLACK
6
CONTINUOUS
10
2.4182834645669291
20
0.5118976377952755
11
2.4145168897637794
21
0.5126468503937007
0
LINE
8
BLACK
6
CONTINUOUS
10
2.4145168897637794
20
0.5126468503937007
11
2.4113237401574801
21
0.5147804330708662
0
LINE
8
BLACK
6
CONTINUOUS
10
2.4113237401574801
20
0.5147804330708662
11
2.4091901574803147
21
0.5179735826771653
0
LINE
8
BLACK
6
CONTINUOUS
10
2.4091901574803147
20
0.5179735826771653
11
2.4084409448818898
21
0.521740157480315
0
LINE
8
BLACK
6
CONTINUOUS
10
2.4084409448818898
20
0.521740157480315
11
2.4084409448818898
21
0.5424094488188976
0
LINE
8
BLACK
6
CONTINUOUS
10
2.4084409448818898
20
0.5424094488188976
11
2.4091901574803147
21
0.5461760236220472
0
LINE
8
BLACK
6
CONTINUOUS
10
2.4091901574803147
20
0.5461760236220472
11
2.4113237401574801
21
0.5493691732283464
0
LINE
8
BLACK
6
CONTINUOUS
10
2.4113237401574801
20
0.5493691732283464
11
2.4145168897637794
21
0.5515027559055118
0
LINE
8
BLACK
6
CONTINUOUS
10
2.4145168897637794
20
0.5515027559055118
11
2.4182834645669291
21
0.552251968503937
0
LINE
8
BLACK
6
CONTINUOUS
10
2.4182834645669291
20
0.552251968503937
11
2.4537165354330708
21
0.552251968503937
0
LINE
8
BLACK
6
CONTINUOUS
10
2.4537165354330708
20
0.552251968503937
11
2.4574831102362205
21
0.5515027559055118
0
LINE
8
BLACK
6
CONTINUOUS
10
2.5374831102362205
20
0.5515027559055118
11
2.5406762598425194
21
0.5493691732283464
0
LINE
8
BLACK
6
CONTINUOUS
10
2.5406762598425194
20
0.5493691732283464
11
2.5428098425196848
21
0.5461760236220472
0
LINE
8
BLACK
6
CONTINUOUS
10
2.5428098425196848
20
0.5461760236220472
11
2.5435590551181102
21
0.5424094488188976
0
LINE
8
BLACK
6
CONTINUOUS
10
2.5435590551181102
20
0.5424094488188976
11
2.5435590551181102
21
0.521740157480315
0
LINE
8
BLACK
6
CONTINUOUS
10
2.5435590551181102
20
0.521740157480315
11
2.5428098425196848
21
0.5179735826771653
0
LINE
8
BLACK
6
CONTINUOUS
10
2.5428098425196848
20
0.5179735826771653
11
2.5406762598425194
21
0.5147804330708662
0
LINE
8
BLACK
6
CONTINUOUS
10
2.5406762598425194
20
0.5147804330708662
11
2.5374831102362205
21
0.5126468503937007
0
LINE
8
BLACK
6
CONTINUOUS
10
2.5374831102362205
20
0.5126468503937007
11
2.5337165354330708
21
0.5118976377952755
0
LINE
8
BLACK
6
CONTINUOUS
10
2.5337165354330708
20
0.5118976377952755
11
2.4982834645669292
21
0.5118976377952755
0
LINE
8
BLACK
6
CONTINUOUS
10
2.4982834645669292
20
0.5118976377952755
11
2.4945168897637795
21
0.5126468503937007
0
LINE
8
BLACK
6
CONTINUOUS
10
2.4945168897637795
20
0.5126468503937007
11
2.4913237401574801
21
0.5147804330708662
0
LINE
8
BLACK
6
CONTINUOUS
10
2.4913237401574801
20
0.5147804330708662
11
2.4891901574803148
21
0.5179735826771653
0
LINE
8
BLACK
6
CONTINUOUS
10
2.4891901574803148
20
0.5179735826771653
11
2.4884409448818898
21
0.521740157480315
0
LINE
8
BLACK
6
CONTINUOUS
10
2.4884409448818898
20
0.521740157480315
11
2.4884409448818898
21
0.5424094488188976
0
LINE
8
BLACK
6
CONTINUOUS
10
2.4884409448818898
20
0.5424094488188976
11
2.4891901574803148
21
0.5461760236220472
0
LINE
8
BLACK
6
CONTINUOUS
10
2.4891901574803148
20
0.5461760236220472
11
2.4913237401574801
21
0.5493691732283464
0
LINE
8
BLACK
6
CONTINUOUS
10
2.4913237401574801
20
0.5493691732283464
11
2.4945168897637795
21
0.5515027559055118
0
LINE
8
BLACK
6
CONTINUOUS
10
2.4945168897637795
20
0.5515027559055118
11
2.4982834645669292
21
0.552251968503937
0
LINE
8
BLACK
6
CONTINUOUS
10
2.4982834645669292
20
0.552251968503937
11
2.5337165354330708
21
0.552251968503937
0
LINE
8
BLACK
6
CONTINUOUS
10
2.5337165354330708
20
0.552251968503937
11
2.5374831102362205
21
0.5515027559055118
0
LINE
8
BLACK
6
CONTINUOUS
10
2.6141339763779525
20
0.5588024409448819
11
2.616049842519685
21
0.5575222834645669
0
LINE
8
BLACK
6
CONTINUOUS
10
2.616049842519685
20
0.5575222834645669
11
2.6173299999999999
21
0.5556064173228347
0
LINE
8
BLACK
6
CONTINUOUS
10
2.6173299999999999
20
0.5556064173228347
11
2.6177795275590552
21
0.5533464566929134
0
LINE
8
BLACK
6
CONTINUOUS
10
2.6177795275590552
20
0.5533464566929134
11
2.6177795275590552
21
0.5415354330708662
0
LINE
8
BLACK
6
CONTINUOUS
10
2.6177795275590552
20
0.5415354330708662
11
2.6173299999999999
21
0.5392754724409449
0
LINE
8
BLACK
6
CONTINUOUS
10
2.6173299999999999
20
0.5392754724409449
11
2.616049842519685
21
0.5373596062992125
0
LINE
8
BLACK
6
CONTINUOUS
10
2.616049842519685
20
0.5373596062992125
11
2.6141339763779525
21
0.5360794488188976
0
LINE
8
BLACK
6
CONTINUOUS
10
2.6141339763779525
20
0.5360794488188976
11
2.6118740157480316
21
0.5356299212598425
0
LINE
8
BLACK
6
CONTINUOUS
10
2.6118740157480316
20
0.5356299212598425
11
2.5961259842519686
21
0.5356299212598425
0
LINE
8
BLACK
6
CONTINUOUS
10
2.5961259842519686
20
0.5356299212598425
11
2.5938660236220472
21
0.5360794488188976
0
LINE
8
BLACK
6
CONTINUOUS
10
2.5938660236220472
20
0.5360794488188976
11
2.5919501574803148
21
0.5373596062992125
0
LINE
8
BLACK
6
CONTINUOUS
10
2.5919501574803148
20
0.5373596062992125
11
2.5906699999999998
21
0.5392754724409449
0
LINE
8
BLACK
6
CONTINUOUS
10
2.5906699999999998
20
0.5392754724409449
11
2.590220472440945
21
0.5415354330708662
0
LINE
8
BLACK
6
CONTINUOUS
10
2.590220472440945
20
0.5415354330708662
11
2.590220472440945
21
0.5533464566929134
0
LINE
8
BLACK
6
CONTINUOUS
10
2.590220472440945
20
0.5533464566929134
11
2.5906699999999998
21
0.5556064173228347
0
LINE
8
BLACK
6
CONTINUOUS
10
2.5906699999999998
20
0.5556064173228347
11
2.5919501574803148
21
0.5575222834645669
0
LINE
8
BLACK
6
CONTINUOUS
10
2.5919501574803148
20
0.5575222834645669
11
2.5938660236220472
21
0.5588024409448819
0
LINE
8
BLACK
6
CONTINUOUS
10
2.5938660236220472
20
0.5588024409448819
11
2.5961259842519686
21
0.559251968503937
0
LINE
8
BLACK
6
CONTINUOUS
10
2.5961259842519686
20
0.559251968503937
11
2.6118740157480316
21
0.559251968503937
0
LINE
8
BLACK
6
CONTINUOUS
10
2.6118740157480316
20
0.559251968503937
11
2.6141339763779525
21
0.5588024409448819
0
LINE
8
BLACK
6
CONTINUOUS
10
1.7818400393700786
20
0.5876289763779527
11
1.7843945275590551
21
0.5859220866141732
0
LINE
8
BLACK
6
CONTINUOUS
10
1.7843945275590551
20
0.5859220866141732
11
1.7861014173228347
21
0.5833675984251968
0
LINE
8
BLACK
6
CONTINUOUS
10
1.7861014173228347
20
0.5833675984251968
11
1.7867007874015748
21
0.5803543307086614
0
LINE
8
BLACK
6
CONTINUOUS
10
1.7867007874015748
20
0.5803543307086614
11
1.7867007874015748
21
0.5646062992125984
0
LINE
8
BLACK
6
CONTINUOUS
10
1.7867007874015748
20
0.5646062992125984
11
1.7861014173228347
21
0.561593031496063
0
LINE
8
BLACK
6
CONTINUOUS
10
1.7861014173228347
20
0.561593031496063
11
1.7843945275590551
21
0.5590385433070866
0
LINE
8
BLACK
6
CONTINUOUS
10
1.7843945275590551
20
0.5590385433070866
11
1.7818400393700786
21
0.557331653543307
0
LINE
8
BLACK
6
CONTINUOUS
10
1.7818400393700786
20
0.557331653543307
11
1.7788267716535433
21
0.5567322834645669
0
LINE
8
BLACK
6
CONTINUOUS
10
1.7788267716535433
20
0.5567322834645669
11
1.7571732283464567
21
0.5567322834645669
0
LINE
8
BLACK
6
CONTINUOUS
10
1.7571732283464567
20
0.5567322834645669
11
1.7541599606299212
21
0.557331653543307
0
LINE
8
BLACK
6
CONTINUOUS
10
1.7541599606299212
20
0.557331653543307
11
1.7516054724409449
21
0.5590385433070866
0
LINE
8
BLACK
6
CONTINUOUS
10
1.7516054724409449
20
0.5590385433070866
11
1.7498985826771654
21
0.561593031496063
0
LINE
8
BLACK
6
CONTINUOUS
10
1.7498985826771654
20
0.561593031496063
11
1.7492992125984252
21
0.5646062992125984
0
LINE
8
BLACK
6
CONTINUOUS
10
1.7492992125984252
20
0.5646062992125984
11
1.7492992125984252
21
0.5803543307086614
0
LINE
8
BLACK
6
CONTINUOUS
10
1.7492992125984252
20
0.5803543307086614
11
1.7498985826771654
21
0.5833675984251968
0
LINE
8
BLACK
6
CONTINUOUS
10
1.7498985826771654
20
0.5833675984251968
11
1.7516054724409449
21
0.5859220866141732
0
LINE
8
BLACK
6
CONTINUOUS
10
1.7516054724409449
20
0.5859220866141732
11
1.7541599606299212
21
0.5876289763779527
0
LINE
8
BLACK
6
CONTINUOUS
10
1.7541599606299212
20
0.5876289763779527
11
1.7571732283464567
21
0.5882283464566929
0
LINE
8
BLACK
6
CONTINUOUS
10
1.7571732283464567
20
0.5882283464566929
11
1.7788267716535433
21
0.5882283464566929
0
LINE
8
BLACK
6
CONTINUOUS
10
1.7788267716535433
20
0.5882283464566929
11
1.7818400393700786
21
0.5876289763779527
0
LINE
8
BLACK
6
CONTINUOUS
10
1.9668400393700787
20
0.5876289763779527
11
1.969394527559055
21
0.5859220866141732
0
LINE
8
BLACK
6
CONTINUOUS
10
1.969394527559055
20
0.5859220866141732
11
1.9711014173228345
21
0.5833675984251968
0
LINE
8
BLACK
6
CONTINUOUS
10
1.9711014173228345
20
0.5833675984251968
11
1.9717007874015748
21
0.5803543307086614
0
LINE
8
BLACK
6
CONTINUOUS
10
1.9717007874015748
20
0.5803543307086614
11
1.9717007874015748
21
0.5646062992125984
0
LINE
8
BLACK
6
CONTINUOUS
10
1.9717007874015748
20
0.5646062992125984
11
1.9711014173228345
21
0.561593031496063
0
LINE
8
BLACK
6
CONTINUOUS
10
1.9711014173228345
20
0.561593031496063
11
1.969394527559055
21
0.5590385433070866
0
LINE
8
BLACK
6
CONTINUOUS
10
1.969394527559055
20
0.5590385433070866
11
1.9668400393700787
21
0.557331653543307
0
LINE
8
BLACK
6
CONTINUOUS
10
1.9668400393700787
20
0.557331653543307
11
1.9638267716535434
21
0.5567322834645669
0
LINE
8
BLACK
6
CONTINUOUS
10
1.9638267716535434
20
0.5567322834645669
11
1.9421732283464566
21
0.5567322834645669
0
LINE
8
BLACK
6
CONTINUOUS
10
1.9421732283464566
20
0.5567322834645669
11
1.9391599606299212
21
0.557331653543307
0
LINE
8
BLACK
6
CONTINUOUS
10
1.9391599606299212
20
0.557331653543307
11
1.9366054724409449
21
0.5590385433070866
0
LINE
8
BLACK
6
CONTINUOUS
10
1.9366054724409449
20
0.5590385433070866
11
1.9348985826771654
21
0.561593031496063
0
LINE
8
BLACK
6
CONTINUOUS
10
1.9348985826771654
20
0.561593031496063
11
1.9342992125984251
21
0.5646062992125984
0
LINE
8
BLACK
6
CONTINUOUS
10
1.9342992125984251
20
0.5646062992125984
11
1.9342992125984251
21
0.5803543307086614
0
LINE
8
BLACK
6
CONTINUOUS
10
1.9342992125984251
20
0.5803543307086614
11
1.9348985826771654
21
0.5833675984251968
0
LINE
8
BLACK
6
CONTINUOUS
10
1.9348985826771654
20
0.5833675984251968
11
1.9366054724409449
21
0.5859220866141732
0
LINE
8
BLACK
6
CONTINUOUS
10
1.9366054724409449
20
0.5859220866141732
11
1.9391599606299212
21
0.5876289763779527
0
LINE
8
BLACK
6
CONTINUOUS
10
1.9391599606299212
20
0.5876289763779527
11
1.9421732283464566
21
0.5882283464566929
0
LINE
8
BLACK
6
CONTINUOUS
10
1.9421732283464566
20
0.5882283464566929
11
1.9638267716535434
21
0.5882283464566929
0
LINE
8
BLACK
6
CONTINUOUS
10
1.9638267716535434
20
0.5882283464566929
11
1.9668400393700787
21
0.5876289763779527
0
LINE
8
BLACK
6
CONTINUOUS
10
1.9078400393700787
20
0.5886289763779528
11
1.910394527559055
21
0.5869220866141732
0
LINE
8
BLACK
6
CONTINUOUS
10
1.910394527559055
20
0.5869220866141732
11
1.9121014173228346
21
0.5843675984251968
0
LINE
8
BLACK
6
CONTINUOUS
10
1.9121014173228346
20
0.5843675984251968
11
1.9127007874015747
21
0.5813543307086614
0
LINE
8
BLACK
6
CONTINUOUS
10
1.9127007874015747
20
0.5813543307086614
11
1.9127007874015747
21
0.5656062992125984
0
LINE
8
BLACK
6
CONTINUOUS
10
1.9127007874015747
20
0.5656062992125984
11
1.9121014173228346
21
0.562593031496063
0
LINE
8
BLACK
6
CONTINUOUS
10
1.9121014173228346
20
0.562593031496063
11
1.910394527559055
21
0.5600385433070866
0
LINE
8
BLACK
6
CONTINUOUS
10
1.910394527559055
20
0.5600385433070866
11
1.9078400393700787
21
0.558331653543307
0
LINE
8
BLACK
6
CONTINUOUS
10
1.9078400393700787
20
0.558331653543307
11
1.9048267716535432
21
0.5577322834645669
0
LINE
8
BLACK
6
CONTINUOUS
10
1.9048267716535432
20
0.5577322834645669
11
1.8831732283464566
21
0.5577322834645669
0
LINE
8
BLACK
6
CONTINUOUS
10
1.8831732283464566
20
0.5577322834645669
11
1.8801599606299213
21
0.558331653543307
0
LINE
8
BLACK
6
CONTINUOUS
10
1.8801599606299213
20
0.558331653543307
11
1.8776054724409448
21
0.5600385433070866
0
LINE
8
BLACK
6
CONTINUOUS
10
1.8776054724409448
20
0.5600385433070866
11
1.8758985826771652
21
0.562593031496063
0
LINE
8
BLACK
6
CONTINUOUS
10
1.8758985826771652
20
0.562593031496063
11
1.8752992125984251
21
0.5656062992125984
0
LINE
8
BLACK
6
CONTINUOUS
10
1.8752992125984251
20
0.5656062992125984
11
1.8752992125984251
21
0.5813543307086614
0
LINE
8
BLACK
6
CONTINUOUS
10
1.8752992125984251
20
0.5813543307086614
11
1.8758985826771652
21
0.5843675984251968
0
LINE
8
BLACK
6
CONTINUOUS
10
1.8758985826771652
20
0.5843675984251968
11
1.8776054724409448
21
0.5869220866141732
0
LINE
8
BLACK
6
CONTINUOUS
10
1.8776054724409448
20
0.5869220866141732
11
1.8801599606299213
21
0.5886289763779528
0
LINE
8
BLACK
6
CONTINUOUS
10
1.8801599606299213
20
0.5886289763779528
11
1.8831732283464566
21
0.5892283464566929
0
LINE
8
BLACK
6
CONTINUOUS
10
1.8831732283464566
20
0.5892283464566929
11
1.9048267716535432
21
0.5892283464566929
0
LINE
8
BLACK
6
CONTINUOUS
10
1.9048267716535432
20
0.5892283464566929
11
1.9078400393700787
21
0.5886289763779528
0
LINE
8
BLACK
6
CONTINUOUS
10
2.0278400393700786
20
0.5886289763779528
11
2.0303945275590549
21
0.5869220866141732
0
LINE
8
BLACK
6
CONTINUOUS
10
2.0303945275590549
20
0.5869220866141732
11
2.0321014173228344
21
0.5843675984251968
0
LINE
8
BLACK
6
CONTINUOUS
10
2.0321014173228344
20
0.5843675984251968
11
2.0327007874015748
21
0.5813543307086614
0
LINE
8
BLACK
6
CONTINUOUS
10
2.0327007874015748
20
0.5813543307086614
11
2.0327007874015748
21
0.5656062992125984
0
LINE
8
BLACK
6
CONTINUOUS
10
2.0327007874015748
20
0.5656062992125984
11
2.0321014173228344
21
0.562593031496063
0
LINE
8
BLACK
6
CONTINUOUS
10
2.0321014173228344
20
0.562593031496063
11
2.0303945275590549
21
0.5600385433070866
0
LINE
8
BLACK
6
CONTINUOUS
10
2.0303945275590549
20
0.5600385433070866
11
2.0278400393700786
21
0.558331653543307
0
LINE
8
BLACK
6
CONTINUOUS
10
2.0278400393700786
20
0.558331653543307
11
2.0248267716535433
21
0.5577322834645669
0
LINE
8
BLACK
6
CONTINUOUS
10
2.0248267716535433
20
0.5577322834645669
11
2.0031732283464567
21
0.5577322834645669
0
LINE
8
BLACK
6
CONTINUOUS
10
2.0031732283464567
20
0.5577322834645669
11
2.0001599606299214
21
0.558331653543307
0
LINE
8
BLACK
6
CONTINUOUS
10
2.0001599606299214
20
0.558331653543307
11
1.9976054724409449
21
0.5600385433070866
0
LINE
8
BLACK
6
CONTINUOUS
10
1.9976054724409449
20
0.5600385433070866
11
1.9958985826771654
21
0.562593031496063
0
LINE
8
BLACK
6
CONTINUOUS
10
1.9958985826771654
20
0.562593031496063
11
1.9952992125984252
21
0.5656062992125984
0
LINE
8
BLACK
6
CONTINUOUS
10
1.9952992125984252
20
0.5656062992125984
11
1.9952992125984252
21
0.5813543307086614
0
LINE
8
BLACK
6
CONTINUOUS
10
1.9952992125984252
20
0.5813543307086614
11
1.9958985826771654
21
0.5843675984251968
0
LINE
8
BLACK
6
CONTINUOUS
10
1.9958985826771654
20
0.5843675984251968
11
1.9976054724409449
21
0.5869220866141732
0
LINE
8
BLACK
6
CONTINUOUS
10
1.9976054724409449
20
0.5869220866141732
11
2.0001599606299214
21
0.5886289763779528
0
LINE
8
BLACK
6
CONTINUOUS
10
2.0001599606299214
20
0.5886289763779528
11
2.0031732283464567
21
0.5892283464566929
0
LINE
8
BLACK
6
CONTINUOUS
10
2.0031732283464567
20
0.5892283464566929
11
2.0248267716535433
21
0.5892283464566929
0
LINE
8
BLACK
6
CONTINUOUS
10
2.0248267716535433
20
0.5892283464566929
11
2.0278400393700786
21
0.5886289763779528
0
LINE
8
BLACK
6
CONTINUOUS
10
0.6694831102362204
20
0.5993531496062992
11
0.6726762598425197
21
0.5972195669291338
0
LINE
8
BLACK
6
CONTINUOUS
10
0.6726762598425197
20
0.5972195669291338
11
0.674809842519685
21
0.5940264173228347
0
LINE
8
BLACK
6
CONTINUOUS
10
0.674809842519685
20
0.5940264173228347
11
0.6755590551181102
21
0.590259842519685
0
LINE
8
BLACK
6
CONTINUOUS
10
0.6755590551181102
20
0.590259842519685
11
0.6755590551181102
21
0.5695905511811024
0
LINE
8
BLACK
6
CONTINUOUS
10
0.6755590551181102
20
0.5695905511811024
11
0.674809842519685
21
0.5658239763779528
0
LINE
8
BLACK
6
CONTINUOUS
10
0.674809842519685
20
0.5658239763779528
11
0.6726762598425197
21
0.5626308267716535
0
LINE
8
BLACK
6
CONTINUOUS
10
0.6726762598425197
20
0.5626308267716535
11
0.6694831102362204
21
0.5604972440944882
0
LINE
8
BLACK
6
CONTINUOUS
10
0.6694831102362204
20
0.5604972440944882
11
0.6657165354330709
21
0.559748031496063
0
LINE
8
BLACK
6
CONTINUOUS
10
0.6657165354330709
20
0.559748031496063
11
0.6302834645669291
21
0.559748031496063
0
LINE
8
BLACK
6
CONTINUOUS
10
0.6302834645669291
20
0.559748031496063
11
0.6265168897637795
21
0.5604972440944882
0
LINE
8
BLACK
6
CONTINUOUS
10
0.6265168897637795
20
0.5604972440944882
11
0.6233237401574803
21
0.5626308267716535
0
LINE
8
BLACK
6
CONTINUOUS
10
0.6233237401574803
20
0.5626308267716535
11
0.6211901574803149
21
0.5658239763779528
0
LINE
8
BLACK
6
CONTINUOUS
10
0.6211901574803149
20
0.5658239763779528
11
0.6204409448818897
21
0.5695905511811024
0
LINE
8
BLACK
6
CONTINUOUS
10
0.6204409448818897
20
0.5695905511811024
11
0.6204409448818897
21
0.590259842519685
0
LINE
8
BLACK
6
CONTINUOUS
10
0.6204409448818897
20
0.590259842519685
11
0.6211901574803149
21
0.5940264173228347
0
LINE
8
BLACK
6
CONTINUOUS
10
0.6211901574803149
20
0.5940264173228347
11
0.6233237401574803
21
0.5972195669291338
0
LINE
8
BLACK
6
CONTINUOUS
10
0.6233237401574803
20
0.5972195669291338
11
0.6265168897637795
21
0.5993531496062992
0
LINE
8
BLACK
6
CONTINUOUS
10
0.6265168897637795
20
0.5993531496062992
11
0.6302834645669291
21
0.6001023622047243
0
LINE
8
BLACK
6
CONTINUOUS
10
0.6302834645669291
20
0.6001023622047243
11
0.6657165354330709
21
0.6001023622047243
0
LINE
8
BLACK
6
CONTINUOUS
10
0.6657165354330709
20
0.6001023622047243
11
0.6694831102362204
21
0.5993531496062992
0
LINE
8
BLACK
6
CONTINUOUS
10
0.7514831102362205
20
0.5993531496062992
11
0.7546762598425196
21
0.5972195669291338
0
LINE
8
BLACK
6
CONTINUOUS
10
0.7546762598425196
20
0.5972195669291338
11
0.756809842519685
21
0.5940264173228347
0
LINE
8
BLACK
6
CONTINUOUS
10
0.756809842519685
20
0.5940264173228347
11
0.7575590551181102
21
0.590259842519685
0
LINE
8
BLACK
6
CONTINUOUS
10
0.7575590551181102
20
0.590259842519685
11
0.7575590551181102
21
0.5695905511811024
0
LINE
8
BLACK
6
CONTINUOUS
10
0.7575590551181102
20
0.5695905511811024
11
0.756809842519685
21
0.5658239763779528
0
LINE
8
BLACK
6
CONTINUOUS
10
0.756809842519685
20
0.5658239763779528
11
0.7546762598425196
21
0.5626308267716535
0
LINE
8
BLACK
6
CONTINUOUS
10
0.7546762598425196
20
0.5626308267716535
11
0.7514831102362205
21
0.5604972440944882
0
LINE
8
BLACK
6
CONTINUOUS
10
0.7514831102362205
20
0.5604972440944882
11
0.7477165354330708
21
0.559748031496063
0
LINE
8
BLACK
6
CONTINUOUS
10
0.7477165354330708
20
0.559748031496063
11
0.7122834645669291
21
0.559748031496063
0
LINE
8
BLACK
6
CONTINUOUS
10
0.7122834645669291
20
0.559748031496063
11
0.7085168897637795
21
0.5604972440944882
0
LINE
8
BLACK
6
CONTINUOUS
10
0.7085168897637795
20
0.5604972440944882
11
0.7053237401574803
21
0.5626308267716535
0
LINE
8
BLACK
6
CONTINUOUS
10
0.7053237401574803
20
0.5626308267716535
11
0.703190157480315
21
0.5658239763779528
0
LINE
8
BLACK
6
CONTINUOUS
10
0.703190157480315
20
0.5658239763779528
11
0.7024409448818898
21
0.5695905511811024
0
LINE
8
BLACK
6
CONTINUOUS
10
0.7024409448818898
20
0.5695905511811024
11
0.7024409448818898
21
0.590259842519685
0
LINE
8
BLACK
6
CONTINUOUS
10
0.7024409448818898
20
0.590259842519685
11
0.703190157480315
21
0.5940264173228347
0
LINE
8
BLACK
6
CONTINUOUS
10
0.703190157480315
20
0.5940264173228347
11
0.7053237401574803
21
0.5972195669291338
0
LINE
8
BLACK
6
CONTINUOUS
10
0.7053237401574803
20
0.5972195669291338
11
0.7085168897637795
21
0.5993531496062992
0
LINE
8
BLACK
6
CONTINUOUS
10
0.7085168897637795
20
0.5993531496062992
11
0.7122834645669291
21
0.6001023622047243
0
LINE
8
BLACK
6
CONTINUOUS
10
0.7122834645669291
20
0.6001023622047243
11
0.7477165354330708
21
0.6001023622047243
0
LINE
8
BLACK
6
CONTINUOUS
10
0.7477165354330708
20
0.6001023622047243
11
0.7514831102362205
21
0.5993531496062992
0
LINE
8
BLACK
6
CONTINUOUS
10
0.8534831102362205
20
0.5993531496062992
11
0.8566762598425197
21
0.5972195669291338
0
LINE
8
BLACK
6
CONTINUOUS
10
0.8566762598425197
20
0.5972195669291338
11
0.8588098425196851
21
0.5940264173228347
0
LINE
8
BLACK
6
CONTINUOUS
10
0.8588098425196851
20
0.5940264173228347
11
0.8595590551181103
21
0.590259842519685
0
LINE
8
BLACK
6
CONTINUOUS
10
0.8595590551181103
20
0.590259842519685
11
0.8595590551181103
21
0.5695905511811024
0
LINE
8
BLACK
6
CONTINUOUS
10
0.8595590551181103
20
0.5695905511811024
11
0.8588098425196851
21
0.5658239763779528
0
LINE
8
BLACK
6
CONTINUOUS
10
0.8588098425196851
20
0.5658239763779528
11
0.8566762598425197
21
0.5626308267716535
0
LINE
8
BLACK
6
CONTINUOUS
10
0.8566762598425197
20
0.5626308267716535
11
0.8534831102362205
21
0.5604972440944882
0
LINE
8
BLACK
6
CONTINUOUS
10
0.8534831102362205
20
0.5604972440944882
11
0.8497165354330708
21
0.559748031496063
0
LINE
8
BLACK
6
CONTINUOUS
10
0.8497165354330708
20
0.559748031496063
11
0.8142834645669291
21
0.559748031496063
0
LINE
8
BLACK
6
CONTINUOUS
10
0.8142834645669291
20
0.559748031496063
11
0.8105168897637796
21
0.5604972440944882
0
LINE
8
BLACK
6
CONTINUOUS
10
0.8105168897637796
20
0.5604972440944882
11
0.8073237401574803
21
0.5626308267716535
0
LINE
8
BLACK
6
CONTINUOUS
10
0.8073237401574803
20
0.5626308267716535
11
0.805190157480315
21
0.5658239763779528
0
LINE
8
BLACK
6
CONTINUOUS
10
0.805190157480315
20
0.5658239763779528
11
0.8044409448818898
21
0.5695905511811024
0
LINE
8
BLACK
6
CONTINUOUS
10
0.8044409448818898
20
0.5695905511811024
11
0.8044409448818898
21
0.590259842519685
0
LINE
8
BLACK
6
CONTINUOUS
10
0.8044409448818898
20
0.590259842519685
11
0.805190157480315
21
0.5940264173228347
0
LINE
8
BLACK
6
CONTINUOUS
10
0.805190157480315
20
0.5940264173228347
11
0.8073237401574803
21
0.5972195669291338
0
LINE
8
BLACK
6
CONTINUOUS
10
0.8073237401574803
20
0.5972195669291338
11
0.8105168897637796
21
0.5993531496062992
0
LINE
8
BLACK
6
CONTINUOUS
10
0.8105168897637796
20
0.5993531496062992
11
0.8142834645669291
21
0.6001023622047243
0
LINE
8
BLACK
6
CONTINUOUS
10
0.8142834645669291
20
0.6001023622047243
11
0.8497165354330708
21
0.6001023622047243
0
LINE
8
BLACK
6
CONTINUOUS
10
0.8497165354330708
20
0.6001023622047243
11
0.8534831102362205
21
0.5993531496062992
0
LINE
8
BLACK
6
CONTINUOUS
10
1.0554831102362205
20
0.5993531496062992
11
1.0586762598425197
21
0.5972195669291338
0
LINE
8
BLACK
6
CONTINUOUS
10
1.0586762598425197
20
0.5972195669291338
11
1.060809842519685
21
0.5940264173228347
0
LINE
8
BLACK
6
CONTINUOUS
10
1.060809842519685
20
0.5940264173228347
11
1.0615590551181102
21
0.590259842519685
0
LINE
8
BLACK
6
CONTINUOUS
10
1.0615590551181102
20
0.590259842519685
11
1.0615590551181102
21
0.5695905511811024
0
LINE
8
BLACK
6
CONTINUOUS
10
1.0615590551181102
20
0.5695905511811024
11
1.060809842519685
21
0.5658239763779528
0
LINE
8
BLACK
6
CONTINUOUS
10
1.060809842519685
20
0.5658239763779528
11
1.0586762598425197
21
0.5626308267716535
0
LINE
8
BLACK
6
CONTINUOUS
10
1.0586762598425197
20
0.5626308267716535
11
1.0554831102362205
21
0.5604972440944882
0
LINE
8
BLACK
6
CONTINUOUS
10
1.0554831102362205
20
0.5604972440944882
11
1.0517165354330709
21
0.559748031496063
0
LINE
8
BLACK
6
CONTINUOUS
10
1.0517165354330709
20
0.559748031496063
11
1.0162834645669292
21
0.559748031496063
0
LINE
8
BLACK
6
CONTINUOUS
10
1.0162834645669292
20
0.559748031496063
11
1.0125168897637795
21
0.5604972440944882
0
LINE
8
BLACK
6
CONTINUOUS
10
1.0125168897637795
20
0.5604972440944882
11
1.0093237401574804
21
0.5626308267716535
0
LINE
8
BLACK
6
CONTINUOUS
10
1.0093237401574804
20
0.5626308267716535
11
1.007190157480315
21
0.5658239763779528
0
LINE
8
BLACK
6
CONTINUOUS
10
1.007190157480315
20
0.5658239763779528
11
1.0064409448818898
21
0.5695905511811024
0
LINE
8
BLACK
6
CONTINUOUS
10
1.0064409448818898
20
0.5695905511811024
11
1.0064409448818898
21
0.590259842519685
0
LINE
8
BLACK
6
CONTINUOUS
10
1.0064409448818898
20
0.590259842519685
11
1.007190157480315
21
0.5940264173228347
0
LINE
8
BLACK
6
CONTINUOUS
10
1.007190157480315
20
0.5940264173228347
11
1.0093237401574804
21
0.5972195669291338
0
LINE
8
BLACK
6
CONTINUOUS
10
1.0093237401574804
20
0.5972195669291338
11
1.0125168897637795
21
0.5993531496062992
0
LINE
8
BLACK
6
CONTINUOUS
10
1.0125168897637795
20
0.5993531496062992
11
1.0162834645669292
21
0.6001023622047243
0
LINE
8
BLACK
6
CONTINUOUS
10
1.0162834645669292
20
0.6001023622047243
11
1.0517165354330709
21
0.6001023622047243
0
LINE
8
BLACK
6
CONTINUOUS
10
1.0517165354330709
20
0.6001023622047243
11
1.0554831102362205
21
0.5993531496062992
0
LINE
8
BLACK
6
CONTINUOUS
10
1.8428400393700788
20
0.5916289763779528
11
1.8453945275590551
21
0.5899220866141732
0
LINE
8
BLACK
6
CONTINUOUS
10
1.8453945275590551
20
0.5899220866141732
11
1.8471014173228346
21
0.5873675984251968
0
LINE
8
BLACK
6
CONTINUOUS
10
1.8471014173228346
20
0.5873675984251968
11
1.8477007874015747
21
0.5843543307086614
0
LINE
8
BLACK
6
CONTINUOUS
10
1.8477007874015747
20
0.5843543307086614
11
1.8477007874015747
21
0.5686062992125984
0
LINE
8
BLACK
6
CONTINUOUS
10
1.8477007874015747
20
0.5686062992125984
11
1.8471014173228346
21
0.565593031496063
0
LINE
8
BLACK
6
CONTINUOUS
10
1.8471014173228346
20
0.565593031496063
11
1.8453945275590551
21
0.5630385433070866
0
LINE
8
BLACK
6
CONTINUOUS
10
1.8453945275590551
20
0.5630385433070866
11
1.8428400393700788
21
0.5613316535433071
0
LINE
8
BLACK
6
CONTINUOUS
10
1.8428400393700788
20
0.5613316535433071
11
1.8398267716535432
21
0.5607322834645669
0
LINE
8
BLACK
6
CONTINUOUS
10
1.8398267716535432
20
0.5607322834645669
11
1.8181732283464567
21
0.5607322834645669
0
LINE
8
BLACK
6
CONTINUOUS
10
1.8181732283464567
20
0.5607322834645669
11
1.8151599606299211
21
0.5613316535433071
0
LINE
8
BLACK
6
CONTINUOUS
10
1.8151599606299211
20
0.5613316535433071
11
1.8126054724409448
21
0.5630385433070866
0
LINE
8
BLACK
6
CONTINUOUS
10
1.8126054724409448
20
0.5630385433070866
11
1.8108985826771653
21
0.565593031496063
0
LINE
8
BLACK
6
CONTINUOUS
10
1.8108985826771653
20
0.565593031496063
11
1.8102992125984252
21
0.5686062992125984
0
LINE
8
BLACK
6
CONTINUOUS
10
1.8102992125984252
20
0.5686062992125984
11
1.8102992125984252
21
0.5843543307086614
0
LINE
8
BLACK
6
CONTINUOUS
10
1.8102992125984252
20
0.5843543307086614
11
1.8108985826771653
21
0.5873675984251968
0
LINE
8
BLACK
6
CONTINUOUS
10
1.8108985826771653
20
0.5873675984251968
11
1.8126054724409448
21
0.5899220866141732
0
LINE
8
BLACK
6
CONTINUOUS
10
1.8126054724409448
20
0.5899220866141732
11
1.8151599606299211
21
0.5916289763779528
0
LINE
8
BLACK
6
CONTINUOUS
10
1.8151599606299211
20
0.5916289763779528
11
1.8181732283464567
21
0.5922283464566929
0
LINE
8
BLACK
6
CONTINUOUS
10
1.8181732283464567
20
0.5922283464566929
11
1.8398267716535432
21
0.5922283464566929
0
LINE
8
BLACK
6
CONTINUOUS
10
1.8398267716535432
20
0.5922283464566929
11
1.8428400393700788
21
0.5916289763779528
0
LINE
8
BLACK
6
CONTINUOUS
10
0.9794831102362205
20
0.6003531496062992
11
0.9826762598425197
21
0.5982195669291338
0
LINE
8
BLACK
6
CONTINUOUS
10
0.9826762598425197
20
0.5982195669291338
11
0.9848098425196851
21
0.5950264173228347
0
LINE
8
BLACK
6
CONTINUOUS
10
0.9848098425196851
20
0.5950264173228347
11
0.9855590551181103
21
0.591259842519685
0
LINE
8
BLACK
6
CONTINUOUS
10
0.9855590551181103
20
0.591259842519685
11
0.9855590551181103
21
0.5705905511811024
0
LINE
8
BLACK
6
CONTINUOUS
10
0.9855590551181103
20
0.5705905511811024
11
0.9848098425196851
21
0.5668239763779528
0
LINE
8
BLACK
6
CONTINUOUS
10
0.9848098425196851
20
0.5668239763779528
11
0.9826762598425197
21
0.5636308267716535
0
LINE
8
BLACK
6
CONTINUOUS
10
0.9826762598425197
20
0.5636308267716535
11
0.9794831102362205
21
0.5614972440944882
0
LINE
8
BLACK
6
CONTINUOUS
10
0.9794831102362205
20
0.5614972440944882
11
0.9757165354330708
21
0.560748031496063
0
LINE
8
BLACK
6
CONTINUOUS
10
0.9757165354330708
20
0.560748031496063
11
0.9402834645669291
21
0.560748031496063
0
LINE
8
BLACK
6
CONTINUOUS
10
0.9402834645669291
20
0.560748031496063
11
0.9365168897637796
21
0.5614972440944882
0
LINE
8
BLACK
6
CONTINUOUS
10
0.9365168897637796
20
0.5614972440944882
11
0.9333237401574803
21
0.5636308267716535
0
LINE
8
BLACK
6
CONTINUOUS
10
0.9333237401574803
20
0.5636308267716535
11
0.931190157480315
21
0.5668239763779528
0
LINE
8
BLACK
6
CONTINUOUS
10
0.931190157480315
20
0.5668239763779528
11
0.9304409448818898
21
0.5705905511811024
0
LINE
8
BLACK
6
CONTINUOUS
10
0.9304409448818898
20
0.5705905511811024
11
0.9304409448818898
21
0.591259842519685
0
LINE
8
BLACK
6
CONTINUOUS
10
0.9304409448818898
20
0.591259842519685
11
0.931190157480315
21
0.5950264173228347
0
LINE
8
BLACK
6
CONTINUOUS
10
0.931190157480315
20
0.5950264173228347
11
0.9333237401574803
21
0.5982195669291338
0
LINE
8
BLACK
6
CONTINUOUS
10
0.9333237401574803
20
0.5982195669291338
11
0.9365168897637796
21
0.6003531496062992
0
LINE
8
BLACK
6
CONTINUOUS
10
0.9365168897637796
20
0.6003531496062992
11
0.9402834645669291
21
0.6011023622047243
0
LINE
8
BLACK
6
CONTINUOUS
10
0.9402834645669291
20
0.6011023622047243
11
0.9757165354330708
21
0.6011023622047243
0
LINE
8
BLACK
6
CONTINUOUS
10
0.9757165354330708
20
0.6011023622047243
11
0.9794831102362205
21
0.6003531496062992
0
LINE
8
BLACK
6
CONTINUOUS
10
2.4574831102362205
20
0.6233531496062992
11
2.4606762598425198
21
0.6212195669291338
0
LINE
8
BLACK
6
CONTINUOUS
10
2.4606762598425198
20
0.6212195669291338
11
2.4628098425196852
21
0.6180264173228346
0
LINE
8
BLACK
6
CONTINUOUS
10
2.4628098425196852
20
0.6180264173228346
11
2.4635590551181101
21
0.614259842519685
0
LINE
8
BLACK
6
CONTINUOUS
10
2.4635590551181101
20
0.614259842519685
11
2.4635590551181101
21
0.5935905511811024
0
LINE
8
BLACK
6
CONTINUOUS
10
2.4635590551181101
20
0.5935905511811024
11
2.4628098425196852
21
0.5898239763779527
0
LINE
8
BLACK
6
CONTINUOUS
10
2.4628098425196852
20
0.5898239763779527
11
2.4606762598425198
21
0.5866308267716536
0
LINE
8
BLACK
6
CONTINUOUS
10
2.4606762598425198
20
0.5866308267716536
11
2.4574831102362205
21
0.5844972440944882
0
LINE
8
BLACK
6
CONTINUOUS
10
2.4574831102362205
20
0.5844972440944882
11
2.4537165354330708
21
0.583748031496063
0
LINE
8
BLACK
6
CONTINUOUS
10
2.4537165354330708
20
0.583748031496063
11
2.4182834645669291
21
0.583748031496063
0
LINE
8
BLACK
6
CONTINUOUS
10
2.4182834645669291
20
0.583748031496063
11
2.4145168897637794
21
0.5844972440944882
0
LINE
8
BLACK
6
CONTINUOUS
10
2.4145168897637794
20
0.5844972440944882
11
2.4113237401574801
21
0.5866308267716536
0
LINE
8
BLACK
6
CONTINUOUS
10
2.4113237401574801
20
0.5866308267716536
11
2.4091901574803147
21
0.5898239763779527
0
LINE
8
BLACK
6
CONTINUOUS
10
2.4091901574803147
20
0.5898239763779527
11
2.4084409448818898
21
0.5935905511811024
0
LINE
8
BLACK
6
CONTINUOUS
10
2.4084409448818898
20
0.5935905511811024
11
2.4084409448818898
21
0.614259842519685
0
LINE
8
BLACK
6
CONTINUOUS
10
2.4084409448818898
20
0.614259842519685
11
2.4091901574803147
21
0.6180264173228346
0
LINE
8
BLACK
6
CONTINUOUS
10
2.4091901574803147
20
0.6180264173228346
11
2.4113237401574801
21
0.6212195669291338
0
LINE
8
BLACK
6
CONTINUOUS
10
2.4113237401574801
20
0.6212195669291338
11
2.4145168897637794
21
0.6233531496062992
0
LINE
8
BLACK
6
CONTINUOUS
10
2.4145168897637794
20
0.6233531496062992
11
2.4182834645669291
21
0.6241023622047244
0
LINE
8
BLACK
6
CONTINUOUS
10
2.4182834645669291
20
0.6241023622047244
11
2.4537165354330708
21
0.6241023622047244
0
LINE
8
BLACK
6
CONTINUOUS
10
2.4537165354330708
20
0.6241023622047244
11
2.4574831102362205
21
0.6233531496062992
0
LINE
8
BLACK
6
CONTINUOUS
10
2.5374831102362205
20
0.6233531496062992
11
2.5406762598425194
21
0.6212195669291338
0
LINE
8
BLACK
6
CONTINUOUS
10
2.5406762598425194
20
0.6212195669291338
11
2.5428098425196848
21
0.6180264173228346
0
LINE
8
BLACK
6
CONTINUOUS
10
2.5428098425196848
20
0.6180264173228346
11
2.5435590551181102
21
0.614259842519685
0
LINE
8
BLACK
6
CONTINUOUS
10
2.5435590551181102
20
0.614259842519685
11
2.5435590551181102
21
0.5935905511811024
0
LINE
8
BLACK
6
CONTINUOUS
10
2.5435590551181102
20
0.5935905511811024
11
2.5428098425196848
21
0.5898239763779527
0
LINE
8
BLACK
6
CONTINUOUS
10
2.5428098425196848
20
0.5898239763779527
11
2.5406762598425194
21
0.5866308267716536
0
LINE
8
BLACK
6
CONTINUOUS
10
2.5406762598425194
20
0.5866308267716536
11
2.5374831102362205
21
0.5844972440944882
0
LINE
8
BLACK
6
CONTINUOUS
10
2.5374831102362205
20
0.5844972440944882
11
2.5337165354330708
21
0.583748031496063
0
LINE
8
BLACK
6
CONTINUOUS
10
2.5337165354330708
20
0.583748031496063
11
2.4982834645669292
21
0.583748031496063
0
LINE
8
BLACK
6
CONTINUOUS
10
2.4982834645669292
20
0.583748031496063
11
2.4945168897637795
21
0.5844972440944882
0
LINE
8
BLACK
6
CONTINUOUS
10
2.4945168897637795
20
0.5844972440944882
11
2.4913237401574801
21
0.5866308267716536
0
LINE
8
BLACK
6
CONTINUOUS
10
2.4913237401574801
20
0.5866308267716536
11
2.4891901574803148
21
0.5898239763779527
0
LINE
8
BLACK
6
CONTINUOUS
10
2.4891901574803148
20
0.5898239763779527
11
2.4884409448818898
21
0.5935905511811024
0
LINE
8
BLACK
6
CONTINUOUS
10
2.4884409448818898
20
0.5935905511811024
11
2.4884409448818898
21
0.614259842519685
0
LINE
8
BLACK
6
CONTINUOUS
10
2.4884409448818898
20
0.614259842519685
11
2.4891901574803148
21
0.6180264173228346
0
LINE
8
BLACK
6
CONTINUOUS
10
2.4891901574803148
20
0.6180264173228346
11
2.4913237401574801
21
0.6212195669291338
0
LINE
8
BLACK
6
CONTINUOUS
10
2.4913237401574801
20
0.6212195669291338
11
2.4945168897637795
21
0.6233531496062992
0
LINE
8
BLACK
6
CONTINUOUS
10
2.4945168897637795
20
0.6233531496062992
11
2.4982834645669292
21
0.6241023622047244
0
LINE
8
BLACK
6
CONTINUOUS
10
2.4982834645669292
20
0.6241023622047244
11
2.5337165354330708
21
0.6241023622047244
0
LINE
8
BLACK
6
CONTINUOUS
10
2.5337165354330708
20
0.6241023622047244
11
2.5374831102362205
21
0.6233531496062992
0
LINE
8
BLACK
6
CONTINUOUS
10
2.6141339763779525
20
0.6139205511811023
11
2.616049842519685
21
0.6126403937007874
0
LINE
8
BLACK
6
CONTINUOUS
10
2.616049842519685
20
0.6126403937007874
11
2.6173299999999999
21
0.6107245275590552
0
LINE
8
BLACK
6
CONTINUOUS
10
2.6173299999999999
20
0.6107245275590552
11
2.6177795275590552
21
0.6084645669291339
0
LINE
8
BLACK
6
CONTINUOUS
10
2.6177795275590552
20
0.6084645669291339
11
2.6177795275590552
21
0.5966535433070866
0
LINE
8
BLACK
6
CONTINUOUS
10
2.6177795275590552
20
0.5966535433070866
11
2.6173299999999999
21
0.5943935826771654
0
LINE
8
BLACK
6
CONTINUOUS
10
2.6173299999999999
20
0.5943935826771654
11
2.616049842519685
21
0.592477716535433
0
LINE
8
BLACK
6
CONTINUOUS
10
2.616049842519685
20
0.592477716535433
11
2.6141339763779525
21
0.5911975590551181
0
LINE
8
BLACK
6
CONTINUOUS
10
2.6141339763779525
20
0.5911975590551181
11
2.6118740157480316
21
0.590748031496063
0
LINE
8
BLACK
6
CONTINUOUS
10
2.6118740157480316
20
0.590748031496063
11
2.5961259842519686
21
0.590748031496063
0
LINE
8
BLACK
6
CONTINUOUS
10
2.5961259842519686
20
0.590748031496063
11
2.5938660236220472
21
0.5911975590551181
0
LINE
8
BLACK
6
CONTINUOUS
10
2.5938660236220472
20
0.5911975590551181
11
2.5919501574803148
21
0.592477716535433
0
LINE
8
BLACK
6
CONTINUOUS
10
2.5919501574803148
20
0.592477716535433
11
2.5906699999999998
21
0.5943935826771654
0
LINE
8
BLACK
6
CONTINUOUS
10
2.5906699999999998
20
0.5943935826771654
11
2.590220472440945
21
0.5966535433070866
0
LINE
8
BLACK
6
CONTINUOUS
10
2.590220472440945
20
0.5966535433070866
11
2.590220472440945
21
0.6084645669291339
0
LINE
8
BLACK
6
CONTINUOUS
10
2.590220472440945
20
0.6084645669291339
11
2.5906699999999998
21
0.6107245275590552
0
LINE
8
BLACK
6
CONTINUOUS
10
2.5906699999999998
20
0.6107245275590552
11
2.5919501574803148
21
0.6126403937007874
0
LINE
8
BLACK
6
CONTINUOUS
10
2.5919501574803148
20
0.6126403937007874
11
2.5938660236220472
21
0.6139205511811023
0
LINE
8
BLACK
6
CONTINUOUS
10
2.5938660236220472
20
0.6139205511811023
11
2.5961259842519686
21
0.6143700787401575
0
LINE
8
BLACK
6
CONTINUOUS
10
2.5961259842519686
20
0.6143700787401575
11
2.6118740157480316
21
0.6143700787401575
0
LINE
8
BLACK
6
CONTINUOUS
10
2.6118740157480316
20
0.6143700787401575
11
2.6141339763779525
21
0.6139205511811023
0
LINE
8
BLACK
6
CONTINUOUS
10
3.6036303937007874
20
0.7025686220472441
11
3.6068235433070863
21
0.7004350393700787
0
LINE
8
BLACK
6
CONTINUOUS
10
3.6068235433070863
20
0.7004350393700787
11
3.6089571259842517
21
0.6972418897637795
0
LINE
8
BLACK
6
CONTINUOUS
10
3.6089571259842517
20
0.6972418897637795
11
3.6097063385826771
21
0.6934753149606299
0
LINE
8
BLACK
6
CONTINUOUS
10
3.6097063385826771
20
0.6934753149606299
11
3.6097063385826771
21
0.6560737401574803
0
LINE
8
BLACK
6
CONTINUOUS
10
3.6097063385826771
20
0.6560737401574803
11
3.6089571259842517
21
0.6523071653543306
0
LINE
8
BLACK
6
CONTINUOUS
10
3.6089571259842517
20
0.6523071653543306
11
3.6068235433070863
21
0.6491140157480315
0
LINE
8
BLACK
6
CONTINUOUS
10
3.6068235433070863
20
0.6491140157480315
11
3.6036303937007874
21
0.6469804330708662
0
LINE
8
BLACK
6
CONTINUOUS
10
3.6036303937007874
20
0.6469804330708662
11
3.5998638188976377
21
0.646231220472441
0
LINE
8
BLACK
6
CONTINUOUS
10
3.5998638188976377
20
0.646231220472441
11
3.580178779527559
21
0.646231220472441
0
LINE
8
BLACK
6
CONTINUOUS
10
3.580178779527559
20
0.646231220472441
11
3.5764122047244093
21
0.6469804330708662
0
LINE
8
BLACK
6
CONTINUOUS
10
3.5764122047244093
20
0.6469804330708662
11
3.57321905511811
21
0.6491140157480315
0
LINE
8
BLACK
6
CONTINUOUS
10
3.57321905511811
20
0.6491140157480315
11
3.5710854724409447
21
0.6523071653543306
0
LINE
8
BLACK
6
CONTINUOUS
10
3.5710854724409447
20
0.6523071653543306
11
3.5703362598425197
21
0.6560737401574803
0
LINE
8
BLACK
6
CONTINUOUS
10
3.5703362598425197
20
0.6560737401574803
11
3.5703362598425197
21
0.6934753149606299
0
LINE
8
BLACK
6
CONTINUOUS
10
3.5703362598425197
20
0.6934753149606299
11
3.5710854724409447
21
0.6972418897637795
0
LINE
8
BLACK
6
CONTINUOUS
10
3.5710854724409447
20
0.6972418897637795
11
3.57321905511811
21
0.7004350393700787
0
LINE
8
BLACK
6
CONTINUOUS
10
3.57321905511811
20
0.7004350393700787
11
3.5764122047244093
21
0.7025686220472441
0
LINE
8
BLACK
6
CONTINUOUS
10
3.5764122047244093
20
0.7025686220472441
11
3.580178779527559
21
0.7033178346456693
0
LINE
8
BLACK
6
CONTINUOUS
10
3.580178779527559
20
0.7033178346456693
11
3.5998638188976377
21
0.7033178346456693
0
LINE
8
BLACK
6
CONTINUOUS
10
3.5998638188976377
20
0.7033178346456693
11
3.6036303937007874
21
0.7025686220472441
0
LINE
8
BLACK
6
CONTINUOUS
10
3.6784335433070865
20
0.7025686220472441
11
3.6816266929133858
21
0.7004350393700787
0
LINE
8
BLACK
6
CONTINUOUS
10
3.6816266929133858
20
0.7004350393700787
11
3.6837602755905512
21
0.6972418897637795
0
LINE
8
BLACK
6
CONTINUOUS
10
3.6837602755905512
20
0.6972418897637795
11
3.6845094881889762
21
0.6934753149606299
0
LINE
8
BLACK
6
CONTINUOUS
10
3.6845094881889762
20
0.6934753149606299
11
3.6845094881889762
21
0.6560737401574803
0
LINE
8
BLACK
6
CONTINUOUS
10
3.6845094881889762
20
0.6560737401574803
11
3.6837602755905512
21
0.6523071653543306
0
LINE
8
BLACK
6
CONTINUOUS
10
3.6837602755905512
20
0.6523071653543306
11
3.6816266929133858
21
0.6491140157480315
0
LINE
8
BLACK
6
CONTINUOUS
10
3.6816266929133858
20
0.6491140157480315
11
3.6784335433070865
21
0.6469804330708662
0
LINE
8
BLACK
6
CONTINUOUS
10
3.6784335433070865
20
0.6469804330708662
11
3.6746669685039368
21
0.646231220472441
0
LINE
8
BLACK
6
CONTINUOUS
10
3.6746669685039368
20
0.646231220472441
11
3.6549819291338581
21
0.646231220472441
0
LINE
8
BLACK
6
CONTINUOUS
10
3.6549819291338581
20
0.646231220472441
11
3.6512153543307084
21
0.6469804330708662
0
LINE
8
BLACK
6
CONTINUOUS
10
3.6512153543307084
20
0.6469804330708662
11
3.6480222047244095
21
0.6491140157480315
0
LINE
8
BLACK
6
CONTINUOUS
10
3.6480222047244095
20
0.6491140157480315
11
3.6458886220472442
21
0.6523071653543306
0
LINE
8
BLACK
6
CONTINUOUS
10
3.6458886220472442
20
0.6523071653543306
11
3.6451394094488188
21
0.6560737401574803
0
LINE
8
BLACK
6
CONTINUOUS
10
3.6451394094488188
20
0.6560737401574803
11
3.6451394094488188
21
0.6934753149606299
0
LINE
8
BLACK
6
CONTINUOUS
10
3.6451394094488188
20
0.6934753149606299
11
3.6458886220472442
21
0.6972418897637795
0
LINE
8
BLACK
6
CONTINUOUS
10
3.6458886220472442
20
0.6972418897637795
11
3.6480222047244095
21
0.7004350393700787
0
LINE
8
BLACK
6
CONTINUOUS
10
3.6480222047244095
20
0.7004350393700787
11
3.6512153543307084
21
0.7025686220472441
0
LINE
8
BLACK
6
CONTINUOUS
10
3.6512153543307084
20
0.7025686220472441
11
3.6549819291338581
21
0.7033178346456693
0
LINE
8
BLACK
6
CONTINUOUS
10
3.6549819291338581
20
0.7033178346456693
11
3.6746669685039368
21
0.7033178346456693
0
LINE
8
BLACK
6
CONTINUOUS
10
3.6746669685039368
20
0.7033178346456693
11
3.6784335433070865
21
0.7025686220472441
0
LINE
8
BLACK
6
CONTINUOUS
10
2.6086064173228345
20
0.67433
11
2.6105222834645669
21
0.673049842519685
0
LINE
8
BLACK
6
CONTINUOUS
10
2.6105222834645669
20
0.673049842519685
11
2.6118024409448819
21
0.6711339763779527
0
LINE
8
BLACK
6
CONTINUOUS
10
2.6118024409448819
20
0.6711339763779527
11
2.6122519685039371
21
0.6688740157480315
0
LINE
8
BLACK
6
CONTINUOUS
10
2.6122519685039371
20
0.6688740157480315
11
2.6122519685039371
21
0.6531259842519684
0
LINE
8
BLACK
6
CONTINUOUS
10
2.6122519685039371
20
0.6531259842519684
11
2.6118024409448819
21
0.6508660236220473
0
LINE
8
BLACK
6
CONTINUOUS
10
2.6118024409448819
20
0.6508660236220473
11
2.6105222834645669
21
0.6489501574803149
0
LINE
8
BLACK
6
CONTINUOUS
10
2.6105222834645669
20
0.6489501574803149
11
2.6086064173228345
21
0.64767
0
LINE
8
BLACK
6
CONTINUOUS
10
2.6086064173228345
20
0.64767
11
2.6063464566929135
21
0.6472204724409448
0
LINE
8
BLACK
6
CONTINUOUS
10
2.6063464566929135
20
0.6472204724409448
11
2.5945354330708659
21
0.6472204724409448
0
LINE
8
BLACK
6
CONTINUOUS
10
2.5945354330708659
20
0.6472204724409448
11
2.5922754724409449
21
0.64767
0
LINE
8
BLACK
6
CONTINUOUS
10
2.5922754724409449
20
0.64767
11
2.5903596062992125
21
0.6489501574803149
0
LINE
8
BLACK
6
CONTINUOUS
10
2.5903596062992125
20
0.6489501574803149
11
2.5890794488188975
21
0.6508660236220473
0
LINE
8
BLACK
6
CONTINUOUS
10
2.5890794488188975
20
0.6508660236220473
11
2.5886299212598423
21
0.6531259842519684
0
LINE
8
BLACK
6
CONTINUOUS
10
2.5886299212598423
20
0.6531259842519684
11
2.5886299212598423
21
0.6688740157480315
0
LINE
8
BLACK
6
CONTINUOUS
10
2.5886299212598423
20
0.6688740157480315
11
2.5890794488188975
21
0.6711339763779527
0
LINE
8
BLACK
6
CONTINUOUS
10
2.5890794488188975
20
0.6711339763779527
11
2.5903596062992125
21
0.673049842519685
0
LINE
8
BLACK
6
CONTINUOUS
10
2.5903596062992125
20
0.673049842519685
11
2.5922754724409449
21
0.67433
0
LINE
8
BLACK
6
CONTINUOUS
10
2.5922754724409449
20
0.67433
11
2.5945354330708659
21
0.6747795275590551
0
LINE
8
BLACK
6
CONTINUOUS
10
2.5945354330708659
20
0.6747795275590551
11
2.6063464566929135
21
0.6747795275590551
0
LINE
8
BLACK
6
CONTINUOUS
10
2.6063464566929135
20
0.6747795275590551
11
2.6086064173228345
21
0.67433
0
LINE
8
BLACK
6
CONTINUOUS
10
2.6637245275590549
20
0.67433
11
2.6656403937007873
21
0.673049842519685
0
LINE
8
BLACK
6
CONTINUOUS
10
2.6656403937007873
20
0.673049842519685
11
2.6669205511811023
21
0.6711339763779527
0
LINE
8
BLACK
6
CONTINUOUS
10
2.6669205511811023
20
0.6711339763779527
11
2.6673700787401575
21
0.6688740157480315
0
LINE
8
BLACK
6
CONTINUOUS
10
2.6673700787401575
20
0.6688740157480315
11
2.6673700787401575
21
0.6531259842519684
0
LINE
8
BLACK
6
CONTINUOUS
10
2.6673700787401575
20
0.6531259842519684
11
2.6669205511811023
21
0.6508660236220473
0
LINE
8
BLACK
6
CONTINUOUS
10
2.6669205511811023
20
0.6508660236220473
11
2.6656403937007873
21
0.6489501574803149
0
LINE
8
BLACK
6
CONTINUOUS
10
2.6656403937007873
20
0.6489501574803149
11
2.6637245275590549
21
0.64767
0
LINE
8
BLACK
6
CONTINUOUS
10
2.6637245275590549
20
0.64767
11
2.6614645669291339
21
0.6472204724409448
0
LINE
8
BLACK
6
CONTINUOUS
10
2.6614645669291339
20
0.6472204724409448
11
2.6496535433070867
21
0.6472204724409448
0
LINE
8
BLACK
6
CONTINUOUS
10
2.6496535433070867
20
0.6472204724409448
11
2.6473935826771653
21
0.64767
0
LINE
8
BLACK
6
CONTINUOUS
10
2.6473935826771653
20
0.64767
11
2.6454777165354328
21
0.6489501574803149
0
LINE
8
BLACK
6
CONTINUOUS
10
2.6454777165354328
20
0.6489501574803149
11
2.6441975590551179
21
0.6508660236220473
0
LINE
8
BLACK
6
CONTINUOUS
10
2.6441975590551179
20
0.6508660236220473
11
2.6437480314960631
21
0.6531259842519684
0
LINE
8
BLACK
6
CONTINUOUS
10
2.6437480314960631
20
0.6531259842519684
11
2.6437480314960631
21
0.6688740157480315
0
LINE
8
BLACK
6
CONTINUOUS
10
2.6437480314960631
20
0.6688740157480315
11
2.6441975590551179
21
0.6711339763779527
0
LINE
8
BLACK
6
CONTINUOUS
10
2.6441975590551179
20
0.6711339763779527
11
2.6454777165354328
21
0.673049842519685
0
LINE
8
BLACK
6
CONTINUOUS
10
2.6454777165354328
20
0.673049842519685
11
2.6473935826771653
21
0.67433
0
LINE
8
BLACK
6
CONTINUOUS
10
2.6473935826771653
20
0.67433
11
2.6496535433070867
21
0.6747795275590551
0
LINE
8
BLACK
6
CONTINUOUS
10
2.6496535433070867
20
0.6747795275590551
11
2.6614645669291339
21
0.6747795275590551
0
LINE
8
BLACK
6
CONTINUOUS
10
2.6614645669291339
20
0.6747795275590551
11
2.6637245275590549
21
0.67433
0
LINE
8
BLACK
6
CONTINUOUS
10
2.6082075196850392
20
0.7647940944881889
11
2.6114006692913385
21
0.7626605118110236
0
LINE
8
BLACK
6
CONTINUOUS
10
2.6114006692913385
20
0.7626605118110236
11
2.6135342519685039
21
0.7594673622047244
0
LINE
8
BLACK
6
CONTINUOUS
10
2.6135342519685039
20
0.7594673622047244
11
2.6142834645669293
21
0.7557007874015748
0
LINE
8
BLACK
6
CONTINUOUS
10
2.6142834645669293
20
0.7557007874015748
11
2.6142834645669293
21
0.7182992125984252
0
LINE
8
BLACK
6
CONTINUOUS
10
2.6142834645669293
20
0.7182992125984252
11
2.6135342519685039
21
0.7145326377952755
0
LINE
8
BLACK
6
CONTINUOUS
10
2.6135342519685039
20
0.7145326377952755
11
2.6114006692913385
21
0.7113394881889764
0
LINE
8
BLACK
6
CONTINUOUS
10
2.6114006692913385
20
0.7113394881889764
11
2.6082075196850392
21
0.709205905511811
0
LINE
8
BLACK
6
CONTINUOUS
10
2.6082075196850392
20
0.709205905511811
11
2.6044409448818895
21
0.7084566929133859
0
LINE
8
BLACK
6
CONTINUOUS
10
2.6044409448818895
20
0.7084566929133859
11
2.5847559055118108
21
0.7084566929133859
0
LINE
8
BLACK
6
CONTINUOUS
10
2.5847559055118108
20
0.7084566929133859
11
2.5809893307086615
21
0.709205905511811
0
LINE
8
BLACK
6
CONTINUOUS
10
2.5809893307086615
20
0.709205905511811
11
2.5777961811023622
21
0.7113394881889764
0
LINE
8
BLACK
6
CONTINUOUS
10
2.5777961811023622
20
0.7113394881889764
11
2.5756625984251968
21
0.7145326377952755
0
LINE
8
BLACK
6
CONTINUOUS
10
2.5756625984251968
20
0.7145326377952755
11
2.5749133858267714
21
0.7182992125984252
0
LINE
8
BLACK
6
CONTINUOUS
10
2.5749133858267714
20
0.7182992125984252
11
2.5749133858267714
21
0.7557007874015748
0
LINE
8
BLACK
6
CONTINUOUS
10
2.5749133858267714
20
0.7557007874015748
11
2.5756625984251968
21
0.7594673622047244
0
LINE
8
BLACK
6
CONTINUOUS
10
2.5756625984251968
20
0.7594673622047244
11
2.5777961811023622
21
0.7626605118110236
0
LINE
8
BLACK
6
CONTINUOUS
10
2.5777961811023622
20
0.7626605118110236
11
2.5809893307086615
21
0.7647940944881889
0
LINE
8
BLACK
6
CONTINUOUS
10
2.5809893307086615
20
0.7647940944881889
11
2.5847559055118108
21
0.7655433070866141
0
LINE
8
BLACK
6
CONTINUOUS
10
2.5847559055118108
20
0.7655433070866141
11
2.6044409448818895
21
0.7655433070866141
0
LINE
8
BLACK
6
CONTINUOUS
10
2.6044409448818895
20
0.7655433070866141
11
2.6082075196850392
21
0.7647940944881889
0
LINE
8
BLACK
6
CONTINUOUS
10
2.6830106692913387
20
0.7647940944881889
11
2.6862038188976376
21
0.7626605118110236
0
LINE
8
BLACK
6
CONTINUOUS
10
2.6862038188976376
20
0.7626605118110236
11
2.6883374015748029
21
0.7594673622047244
0
LINE
8
BLACK
6
CONTINUOUS
10
2.6883374015748029
20
0.7594673622047244
11
2.6890866141732284
21
0.7557007874015748
0
LINE
8
BLACK
6
CONTINUOUS
10
2.6890866141732284
20
0.7557007874015748
11
2.6890866141732284
21
0.7182992125984252
0
LINE
8
BLACK
6
CONTINUOUS
10
2.6890866141732284
20
0.7182992125984252
11
2.6883374015748029
21
0.7145326377952755
0
LINE
8
BLACK
6
CONTINUOUS
10
2.6883374015748029
20
0.7145326377952755
11
2.6862038188976376
21
0.7113394881889764
0
LINE
8
BLACK
6
CONTINUOUS
10
2.6862038188976376
20
0.7113394881889764
11
2.6830106692913387
21
0.709205905511811
0
LINE
8
BLACK
6
CONTINUOUS
10
2.6830106692913387
20
0.709205905511811
11
2.679244094488189
21
0.7084566929133859
0
LINE
8
BLACK
6
CONTINUOUS
10
2.679244094488189
20
0.7084566929133859
11
2.6595590551181103
21
0.7084566929133859
0
LINE
8
BLACK
6
CONTINUOUS
10
2.6595590551181103
20
0.7084566929133859
11
2.6557924803149606
21
0.709205905511811
0
LINE
8
BLACK
6
CONTINUOUS
10
2.6557924803149606
20
0.709205905511811
11
2.6525993307086613
21
0.7113394881889764
0
LINE
8
BLACK
6
CONTINUOUS
10
2.6525993307086613
20
0.7113394881889764
11
2.6504657480314959
21
0.7145326377952755
0
LINE
8
BLACK
6
CONTINUOUS
10
2.6504657480314959
20
0.7145326377952755
11
2.649716535433071
21
0.7182992125984252
0
LINE
8
BLACK
6
CONTINUOUS
10
2.649716535433071
20
0.7182992125984252
11
2.649716535433071
21
0.7557007874015748
0
LINE
8
BLACK
6
CONTINUOUS
10
2.649716535433071
20
0.7557007874015748
11
2.6504657480314959
21
0.7594673622047244
0
LINE
8
BLACK
6
CONTINUOUS
10
2.6504657480314959
20
0.7594673622047244
11
2.6525993307086613
21
0.7626605118110236
0
LINE
8
BLACK
6
CONTINUOUS
10
2.6525993307086613
20
0.7626605118110236
11
2.6557924803149606
21
0.7647940944881889
0
LINE
8
BLACK
6
CONTINUOUS
10
2.6557924803149606
20
0.7647940944881889
11
2.6595590551181103
21
0.7655433070866141
0
LINE
8
BLACK
6
CONTINUOUS
10
2.6595590551181103
20
0.7655433070866141
11
2.679244094488189
21
0.7655433070866141
0
LINE
8
BLACK
6
CONTINUOUS
10
2.679244094488189
20
0.7655433070866141
11
2.6830106692913387
21
0.7647940944881889
0
LINE
8
BLACK
6
CONTINUOUS
10
1.2324673622047244
20
0.7585342519685039
11
1.2356605118110235
21
0.7564006692913385
0
LINE
8
BLACK
6
CONTINUOUS
10
1.2356605118110235
20
0.7564006692913385
11
1.2377940944881889
21
0.7532075196850394
0
LINE
8
BLACK
6
CONTINUOUS
10
1.2377940944881889
20
0.7532075196850394
11
1.2385433070866141
21
0.7494409448818897
0
LINE
8
BLACK
6
CONTINUOUS
10
1.2385433070866141
20
0.7494409448818897
11
1.2385433070866141
21
0.729755905511811
0
LINE
8
BLACK
6
CONTINUOUS
10
1.2385433070866141
20
0.729755905511811
11
1.2377940944881889
21
0.7259893307086615
0
LINE
8
BLACK
6
CONTINUOUS
10
1.2377940944881889
20
0.7259893307086615
11
1.2356605118110235
21
0.7227961811023622
0
LINE
8
BLACK
6
CONTINUOUS
10
1.2356605118110235
20
0.7227961811023622
11
1.2324673622047244
21
0.7206625984251969
0
LINE
8
BLACK
6
CONTINUOUS
10
1.2324673622047244
20
0.7206625984251969
11
1.2287007874015747
21
0.7199133858267717
0
LINE
8
BLACK
6
CONTINUOUS
10
1.2287007874015747
20
0.7199133858267717
11
1.1912992125984252
21
0.7199133858267717
0
LINE
8
BLACK
6
CONTINUOUS
10
1.1912992125984252
20
0.7199133858267717
11
1.1875326377952755
21
0.7206625984251969
0
LINE
8
BLACK
6
CONTINUOUS
10
1.1875326377952755
20
0.7206625984251969
11
1.1843394881889764
21
0.7227961811023622
0
LINE
8
BLACK
6
CONTINUOUS
10
1.1843394881889764
20
0.7227961811023622
11
1.182205905511811
21
0.7259893307086615
0
LINE
8
BLACK
6
CONTINUOUS
10
1.182205905511811
20
0.7259893307086615
11
1.1814566929133858
21
0.729755905511811
0
LINE
8
BLACK
6
CONTINUOUS
10
1.1814566929133858
20
0.729755905511811
11
1.1814566929133858
21
0.7494409448818897
0
LINE
8
BLACK
6
CONTINUOUS
10
1.1814566929133858
20
0.7494409448818897
11
1.182205905511811
21
0.7532075196850394
0
LINE
8
BLACK
6
CONTINUOUS
10
1.182205905511811
20
0.7532075196850394
11
1.1843394881889764
21
0.7564006692913385
0
LINE
8
BLACK
6
CONTINUOUS
10
1.1843394881889764
20
0.7564006692913385
11
1.1875326377952755
21
0.7585342519685039
0
LINE
8
BLACK
6
CONTINUOUS
10
1.1875326377952755
20
0.7585342519685039
11
1.1912992125984252
21
0.7592834645669291
0
LINE
8
BLACK
6
CONTINUOUS
10
1.1912992125984252
20
0.7592834645669291
11
1.2287007874015747
21
0.7592834645669291
0
LINE
8
BLACK
6
CONTINUOUS
10
1.2287007874015747
20
0.7592834645669291
11
1.2324673622047244
21
0.7585342519685039
0
LINE
8
BLACK
6
CONTINUOUS
10
1.3212783858267716
20
0.7675893700787402
11
1.3244715354330709
21
0.7654557874015748
0
LINE
8
BLACK
6
CONTINUOUS
10
1.3244715354330709
20
0.7654557874015748
11
1.3266051181102363
21
0.7622626377952756
0
LINE
8
BLACK
6
CONTINUOUS
10
1.3266051181102363
20
0.7622626377952756
11
1.3273543307086615
21
0.758496062992126
0
LINE
8
BLACK
6
CONTINUOUS
10
1.3273543307086615
20
0.758496062992126
11
1.3273543307086615
21
0.7309370078740157
0
LINE
8
BLACK
6
CONTINUOUS
10
1.3273543307086615
20
0.7309370078740157
11
1.3266051181102363
21
0.7271704330708662
0
LINE
8
BLACK
6
CONTINUOUS
10
1.3266051181102363
20
0.7271704330708662
11
1.3244715354330709
21
0.7239772834645669
0
LINE
8
BLACK
6
CONTINUOUS
10
1.3244715354330709
20
0.7239772834645669
11
1.3212783858267716
21
0.7218437007874016
0
LINE
8
BLACK
6
CONTINUOUS
10
1.3212783858267716
20
0.7218437007874016
11
1.3175118110236219
21
0.7210944881889764
0
LINE
8
BLACK
6
CONTINUOUS
10
1.3175118110236219
20
0.7210944881889764
11
1.2820787401574802
21
0.7210944881889764
0
LINE
8
BLACK
6
CONTINUOUS
10
1.2820787401574802
20
0.7210944881889764
11
1.2783121653543308
21
0.7218437007874016
0
LINE
8
BLACK
6
CONTINUOUS
10
1.2783121653543308
20
0.7218437007874016
11
1.2751190157480314
21
0.7239772834645669
0
LINE
8
BLACK
6
CONTINUOUS
10
1.2751190157480314
20
0.7239772834645669
11
1.2729854330708661
21
0.7271704330708662
0
LINE
8
BLACK
6
CONTINUOUS
10
1.2729854330708661
20
0.7271704330708662
11
1.2722362204724409
21
0.7309370078740157
0
LINE
8
BLACK
6
CONTINUOUS
10
1.2722362204724409
20
0.7309370078740157
11
1.2722362204724409
21
0.758496062992126
0
LINE
8
BLACK
6
CONTINUOUS
10
1.2722362204724409
20
0.758496062992126
11
1.2729854330708661
21
0.7622626377952756
0
LINE
8
BLACK
6
CONTINUOUS
10
1.2729854330708661
20
0.7622626377952756
11
1.2751190157480314
21
0.7654557874015748
0
LINE
8
BLACK
6
CONTINUOUS
10
1.2751190157480314
20
0.7654557874015748
11
1.2783121653543308
21
0.7675893700787402
0
LINE
8
BLACK
6
CONTINUOUS
10
1.2783121653543308
20
0.7675893700787402
11
1.2820787401574802
21
0.7683385826771654
0
LINE
8
BLACK
6
CONTINUOUS
10
1.2820787401574802
20
0.7683385826771654
11
1.3175118110236219
21
0.7683385826771654
0
LINE
8
BLACK
6
CONTINUOUS
10
1.3175118110236219
20
0.7683385826771654
11
1.3212783858267716
21
0.7675893700787402
0
LINE
8
BLACK
6
CONTINUOUS
10
1.4078925590551181
20
0.7675893700787402
11
1.4110857086614172
21
0.7654557874015748
0
LINE
8
BLACK
6
CONTINUOUS
10
1.4110857086614172
20
0.7654557874015748
11
1.4132192913385826
21
0.7622626377952756
0
LINE
8
BLACK
6
CONTINUOUS
10
1.4132192913385826
20
0.7622626377952756
11
1.4139685039370078
21
0.758496062992126
0
LINE
8
BLACK
6
CONTINUOUS
10
1.4139685039370078
20
0.758496062992126
11
1.4139685039370078
21
0.7309370078740157
0
LINE
8
BLACK
6
CONTINUOUS
10
1.4139685039370078
20
0.7309370078740157
11
1.4132192913385826
21
0.7271704330708662
0
LINE
8
BLACK
6
CONTINUOUS
10
1.4132192913385826
20
0.7271704330708662
11
1.4110857086614172
21
0.7239772834645669
0
LINE
8
BLACK
6
CONTINUOUS
10
1.4110857086614172
20
0.7239772834645669
11
1.4078925590551181
21
0.7218437007874016
0
LINE
8
BLACK
6
CONTINUOUS
10
1.4078925590551181
20
0.7218437007874016
11
1.4041259842519684
21
0.7210944881889764
0
LINE
8
BLACK
6
CONTINUOUS
10
1.4041259842519684
20
0.7210944881889764
11
1.3686929133858268
21
0.7210944881889764
0
LINE
8
BLACK
6
CONTINUOUS
10
1.3686929133858268
20
0.7210944881889764
11
1.3649263385826771
21
0.7218437007874016
0
LINE
8
BLACK
6
CONTINUOUS
10
1.3649263385826771
20
0.7218437007874016
11
1.361733188976378
21
0.7239772834645669
0
LINE
8
BLACK
6
CONTINUOUS
10
1.361733188976378
20
0.7239772834645669
11
1.3595996062992126
21
0.7271704330708662
0
LINE
8
BLACK
6
CONTINUOUS
10
1.3595996062992126
20
0.7271704330708662
11
1.3588503937007874
21
0.7309370078740157
0
LINE
8
BLACK
6
CONTINUOUS
10
1.3588503937007874
20
0.7309370078740157
11
1.3588503937007874
21
0.758496062992126
0
LINE
8
BLACK
6
CONTINUOUS
10
1.3588503937007874
20
0.758496062992126
11
1.3595996062992126
21
0.7622626377952756
0
LINE
8
BLACK
6
CONTINUOUS
10
1.3595996062992126
20
0.7622626377952756
11
1.361733188976378
21
0.7654557874015748
0
LINE
8
BLACK
6
CONTINUOUS
10
1.361733188976378
20
0.7654557874015748
11
1.3649263385826771
21
0.7675893700787402
0
LINE
8
BLACK
6
CONTINUOUS
10
1.3649263385826771
20
0.7675893700787402
11
1.3686929133858268
21
0.7683385826771654
0
LINE
8
BLACK
6
CONTINUOUS
10
1.3686929133858268
20
0.7683385826771654
11
1.4041259842519684
21
0.7683385826771654
0
LINE
8
BLACK
6
CONTINUOUS
10
1.4041259842519684
20
0.7683385826771654
11
1.4078925590551181
21
0.7675893700787402
0
LINE
8
BLACK
6
CONTINUOUS
10
1.4964673622047244
20
0.7625342519685039
11
1.4996605118110236
21
0.7604006692913385
0
LINE
8
BLACK
6
CONTINUOUS
10
1.4996605118110236
20
0.7604006692913385
11
1.5017940944881889
21
0.7572075196850393
0
LINE
8
BLACK
6
CONTINUOUS
10
1.5017940944881889
20
0.7572075196850393
11
1.5025433070866141
21
0.7534409448818897
0
LINE
8
BLACK
6
CONTINUOUS
10
1.5025433070866141
20
0.7534409448818897
11
1.5025433070866141
21
0.733755905511811
0
LINE
8
BLACK
6
CONTINUOUS
10
1.5025433070866141
20
0.733755905511811
11
1.5017940944881889
21
0.7299893307086615
0
LINE
8
BLACK
6
CONTINUOUS
10
1.5017940944881889
20
0.7299893307086615
11
1.4996605118110236
21
0.7267961811023622
0
LINE
8
BLACK
6
CONTINUOUS
10
1.4996605118110236
20
0.7267961811023622
11
1.4964673622047244
21
0.7246625984251969
0
LINE
8
BLACK
6
CONTINUOUS
10
1.4964673622047244
20
0.7246625984251969
11
1.4927007874015747
21
0.7239133858267717
0
LINE
8
BLACK
6
CONTINUOUS
10
1.4927007874015747
20
0.7239133858267717
11
1.4552992125984252
21
0.7239133858267717
0
LINE
8
BLACK
6
CONTINUOUS
10
1.4552992125984252
20
0.7239133858267717
11
1.4515326377952755
21
0.7246625984251969
0
LINE
8
BLACK
6
CONTINUOUS
10
1.4515326377952755
20
0.7246625984251969
11
1.4483394881889764
21
0.7267961811023622
0
LINE
8
BLACK
6
CONTINUOUS
10
1.4483394881889764
20
0.7267961811023622
11
1.4462059055118111
21
0.7299893307086615
0
LINE
8
BLACK
6
CONTINUOUS
10
1.4462059055118111
20
0.7299893307086615
11
1.4454566929133859
21
0.733755905511811
0
LINE
8
BLACK
6
CONTINUOUS
10
1.4454566929133859
20
0.733755905511811
11
1.4454566929133859
21
0.7534409448818897
0
LINE
8
BLACK
6
CONTINUOUS
10
1.4454566929133859
20
0.7534409448818897
11
1.4462059055118111
21
0.7572075196850393
0
LINE
8
BLACK
6
CONTINUOUS
10
1.4462059055118111
20
0.7572075196850393
11
1.4483394881889764
21
0.7604006692913385
0
LINE
8
BLACK
6
CONTINUOUS
10
1.4483394881889764
20
0.7604006692913385
11
1.4515326377952755
21
0.7625342519685039
0
LINE
8
BLACK
6
CONTINUOUS
10
1.4515326377952755
20
0.7625342519685039
11
1.4552992125984252
21
0.7632834645669291
0
LINE
8
BLACK
6
CONTINUOUS
10
1.4552992125984252
20
0.7632834645669291
11
1.4927007874015747
21
0.7632834645669291
0
LINE
8
BLACK
6
CONTINUOUS
10
1.4927007874015747
20
0.7632834645669291
11
1.4964673622047244
21
0.7625342519685039
0
LINE
8
BLACK
6
CONTINUOUS
10
1.8502075196850394
20
0.7897940944881889
11
1.8534006692913385
21
0.7876605118110236
0
LINE
8
BLACK
6
CONTINUOUS
10
1.8534006692913385
20
0.7876605118110236
11
1.8555342519685039
21
0.7844673622047243
0
LINE
8
BLACK
6
CONTINUOUS
10
1.8555342519685039
20
0.7844673622047243
11
1.8562834645669291
21
0.7807007874015748
0
LINE
8
BLACK
6
CONTINUOUS
10
1.8562834645669291
20
0.7807007874015748
11
1.8562834645669291
21
0.7432992125984251
0
LINE
8
BLACK
6
CONTINUOUS
10
1.8562834645669291
20
0.7432992125984251
11
1.8555342519685039
21
0.7395326377952756
0
LINE
8
BLACK
6
CONTINUOUS
10
1.8555342519685039
20
0.7395326377952756
11
1.8534006692913385
21
0.7363394881889763
0
LINE
8
BLACK
6
CONTINUOUS
10
1.8534006692913385
20
0.7363394881889763
11
1.8502075196850394
21
0.734205905511811
0
LINE
8
BLACK
6
CONTINUOUS
10
1.8502075196850394
20
0.734205905511811
11
1.8464409448818897
21
0.7334566929133858
0
LINE
8
BLACK
6
CONTINUOUS
10
1.8464409448818897
20
0.7334566929133858
11
1.826755905511811
21
0.7334566929133858
0
LINE
8
BLACK
6
CONTINUOUS
10
1.826755905511811
20
0.7334566929133858
11
1.8229893307086613
21
0.734205905511811
0
LINE
8
BLACK
6
CONTINUOUS
10
1.8229893307086613
20
0.734205905511811
11
1.8197961811023622
21
0.7363394881889763
0
LINE
8
BLACK
6
CONTINUOUS
10
1.8197961811023622
20
0.7363394881889763
11
1.8176625984251968
21
0.7395326377952756
0
LINE
8
BLACK
6
CONTINUOUS
10
1.8176625984251968
20
0.7395326377952756
11
1.8169133858267716
21
0.7432992125984251
0
LINE
8
BLACK
6
CONTINUOUS
10
1.8169133858267716
20
0.7432992125984251
11
1.8169133858267716
21
0.7807007874015748
0
LINE
8
BLACK
6
CONTINUOUS
10
1.8169133858267716
20
0.7807007874015748
11
1.8176625984251968
21
0.7844673622047243
0
LINE
8
BLACK
6
CONTINUOUS
10
1.8176625984251968
20
0.7844673622047243
11
1.8197961811023622
21
0.7876605118110236
0
LINE
8
BLACK
6
CONTINUOUS
10
1.8197961811023622
20
0.7876605118110236
11
1.8229893307086613
21
0.7897940944881889
0
LINE
8
BLACK
6
CONTINUOUS
10
1.8229893307086613
20
0.7897940944881889
11
1.826755905511811
21
0.7905433070866141
0
LINE
8
BLACK
6
CONTINUOUS
10
1.826755905511811
20
0.7905433070866141
11
1.8464409448818897
21
0.7905433070866141
0
LINE
8
BLACK
6
CONTINUOUS
10
1.8464409448818897
20
0.7905433070866141
11
1.8502075196850394
21
0.7897940944881889
0
LINE
8
BLACK
6
CONTINUOUS
10
1.9250106692913385
20
0.7897940944881889
11
1.9282038188976378
21
0.7876605118110236
0
LINE
8
BLACK
6
CONTINUOUS
10
1.9282038188976378
20
0.7876605118110236
11
1.9303374015748032
21
0.7844673622047243
0
LINE
8
BLACK
6
CONTINUOUS
10
1.9303374015748032
20
0.7844673622047243
11
1.9310866141732284
21
0.7807007874015748
0
LINE
8
BLACK
6
CONTINUOUS
10
1.9310866141732284
20
0.7807007874015748
11
1.9310866141732284
21
0.7432992125984251
0
LINE
8
BLACK
6
CONTINUOUS
10
1.9310866141732284
20
0.7432992125984251
11
1.9303374015748032
21
0.7395326377952756
0
LINE
8
BLACK
6
CONTINUOUS
10
1.9303374015748032
20
0.7395326377952756
11
1.9282038188976378
21
0.7363394881889763
0
LINE
8
BLACK
6
CONTINUOUS
10
1.9282038188976378
20
0.7363394881889763
11
1.9250106692913385
21
0.734205905511811
0
LINE
8
BLACK
6
CONTINUOUS
10
1.9250106692913385
20
0.734205905511811
11
1.921244094488189
21
0.7334566929133858
0
LINE
8
BLACK
6
CONTINUOUS
10
1.921244094488189
20
0.7334566929133858
11
1.9015590551181103
21
0.7334566929133858
0
LINE
8
BLACK
6
CONTINUOUS
10
1.9015590551181103
20
0.7334566929133858
11
1.8977924803149606
21
0.734205905511811
0
LINE
8
BLACK
6
CONTINUOUS
10
1.8977924803149606
20
0.734205905511811
11
1.8945993307086613
21
0.7363394881889763
0
LINE
8
BLACK
6
CONTINUOUS
10
1.8945993307086613
20
0.7363394881889763
11
1.8924657480314959
21
0.7395326377952756
0
LINE
8
BLACK
6
CONTINUOUS
10
1.8924657480314959
20
0.7395326377952756
11
1.8917165354330707
21
0.7432992125984251
0
LINE
8
BLACK
6
CONTINUOUS
10
1.8917165354330707
20
0.7432992125984251
11
1.8917165354330707
21
0.7807007874015748
0
LINE
8
BLACK
6
CONTINUOUS
10
1.8917165354330707
20
0.7807007874015748
11
1.8924657480314959
21
0.7844673622047243
0
LINE
8
BLACK
6
CONTINUOUS
10
1.8924657480314959
20
0.7844673622047243
11
1.8945993307086613
21
0.7876605118110236
0
LINE
8
BLACK
6
CONTINUOUS
10
1.8945993307086613
20
0.7876605118110236
11
1.8977924803149606
21
0.7897940944881889
0
LINE
8
BLACK
6
CONTINUOUS
10
1.8977924803149606
20
0.7897940944881889
11
1.9015590551181103
21
0.7905433070866141
0
LINE
8
BLACK
6
CONTINUOUS
10
1.9015590551181103
20
0.7905433070866141
11
1.921244094488189
21
0.7905433070866141
0
LINE
8
BLACK
6
CONTINUOUS
10
1.921244094488189
20
0.7905433070866141
11
1.9250106692913385
21
0.7897940944881889
0
LINE
8
BLACK
6
CONTINUOUS
10
3.6036303937007874
20
0.8210725590551181
11
3.6068235433070863
21
0.8189389763779528
0
LINE
8
BLACK
6
CONTINUOUS
10
3.6068235433070863
20
0.8189389763779528
11
3.6089571259842517
21
0.8157458267716535
0
LINE
8
BLACK
6
CONTINUOUS
10
3.6089571259842517
20
0.8157458267716535
11
3.6097063385826771
21
0.811979251968504
0
LINE
8
BLACK
6
CONTINUOUS
10
3.6097063385826771
20
0.811979251968504
11
3.6097063385826771
21
0.7745776771653543
0
LINE
8
BLACK
6
CONTINUOUS
10
3.6097063385826771
20
0.7745776771653543
11
3.6089571259842517
21
0.7708111023622047
0
LINE
8
BLACK
6
CONTINUOUS
10
3.6089571259842517
20
0.7708111023622047
11
3.6068235433070863
21
0.7676179527559055
0
LINE
8
BLACK
6
CONTINUOUS
10
3.6068235433070863
20
0.7676179527559055
11
3.6036303937007874
21
0.7654843700787402
0
LINE
8
BLACK
6
CONTINUOUS
10
3.6036303937007874
20
0.7654843700787402
11
3.5998638188976377
21
0.764735157480315
0
LINE
8
BLACK
6
CONTINUOUS
10
3.5998638188976377
20
0.764735157480315
11
3.580178779527559
21
0.764735157480315
0
LINE
8
BLACK
6
CONTINUOUS
10
3.580178779527559
20
0.764735157480315
11
3.5764122047244093
21
0.7654843700787402
0
LINE
8
BLACK
6
CONTINUOUS
10
3.5764122047244093
20
0.7654843700787402
11
3.57321905511811
21
0.7676179527559055
0
LINE
8
BLACK
6
CONTINUOUS
10
3.57321905511811
20
0.7676179527559055
11
3.5710854724409447
21
0.7708111023622047
0
LINE
8
BLACK
6
CONTINUOUS
10
3.5710854724409447
20
0.7708111023622047
11
3.5703362598425197
21
0.7745776771653543
0
LINE
8
BLACK
6
CONTINUOUS
10
3.5703362598425197
20
0.7745776771653543
11
3.5703362598425197
21
0.811979251968504
0
LINE
8
BLACK
6
CONTINUOUS
10
3.5703362598425197
20
0.811979251968504
11
3.5710854724409447
21
0.8157458267716535
0
LINE
8
BLACK
6
CONTINUOUS
10
3.5710854724409447
20
0.8157458267716535
11
3.57321905511811
21
0.8189389763779528
0
LINE
8
BLACK
6
CONTINUOUS
10
3.57321905511811
20
0.8189389763779528
11
3.5764122047244093
21
0.8210725590551181
0
LINE
8
BLACK
6
CONTINUOUS
10
3.5764122047244093
20
0.8210725590551181
11
3.580178779527559
21
0.8218217716535433
0
LINE
8
BLACK
6
CONTINUOUS
10
3.580178779527559
20
0.8218217716535433
11
3.5998638188976377
21
0.8218217716535433
0
LINE
8
BLACK
6
CONTINUOUS
10
3.5998638188976377
20
0.8218217716535433
11
3.6036303937007874
21
0.8210725590551181
0
LINE
8
BLACK
6
CONTINUOUS
10
3.6784335433070865
20
0.8210725590551181
11
3.6816266929133858
21
0.8189389763779528
0
LINE
8
BLACK
6
CONTINUOUS
10
3.6816266929133858
20
0.8189389763779528
11
3.6837602755905512
21
0.8157458267716535
0
LINE
8
BLACK
6
CONTINUOUS
10
3.6837602755905512
20
0.8157458267716535
11
3.6845094881889762
21
0.811979251968504
0
LINE
8
BLACK
6
CONTINUOUS
10
3.6845094881889762
20
0.811979251968504
11
3.6845094881889762
21
0.7745776771653543
0
LINE
8
BLACK
6
CONTINUOUS
10
3.6845094881889762
20
0.7745776771653543
11
3.6837602755905512
21
0.7708111023622047
0
LINE
8
BLACK
6
CONTINUOUS
10
3.6837602755905512
20
0.7708111023622047
11
3.6816266929133858
21
0.7676179527559055
0
LINE
8
BLACK
6
CONTINUOUS
10
3.6816266929133858
20
0.7676179527559055
11
3.6784335433070865
21
0.7654843700787402
0
LINE
8
BLACK
6
CONTINUOUS
10
3.6784335433070865
20
0.7654843700787402
11
3.6746669685039368
21
0.764735157480315
0
LINE
8
BLACK
6
CONTINUOUS
10
3.6746669685039368
20
0.764735157480315
11
3.6549819291338581
21
0.764735157480315
0
LINE
8
BLACK
6
CONTINUOUS
10
3.6549819291338581
20
0.764735157480315
11
3.6512153543307084
21
0.7654843700787402
0
LINE
8
BLACK
6
CONTINUOUS
10
3.6512153543307084
20
0.7654843700787402
11
3.6480222047244095
21
0.7676179527559055
0
LINE
8
BLACK
6
CONTINUOUS
10
3.6480222047244095
20
0.7676179527559055
11
3.6458886220472442
21
0.7708111023622047
0
LINE
8
BLACK
6
CONTINUOUS
10
3.6458886220472442
20
0.7708111023622047
11
3.6451394094488188
21
0.7745776771653543
0
LINE
8
BLACK
6
CONTINUOUS
10
3.6451394094488188
20
0.7745776771653543
11
3.6451394094488188
21
0.811979251968504
0
LINE
8
BLACK
6
CONTINUOUS
10
3.6451394094488188
20
0.811979251968504
11
3.6458886220472442
21
0.8157458267716535
0
LINE
8
BLACK
6
CONTINUOUS
10
3.6458886220472442
20
0.8157458267716535
11
3.6480222047244095
21
0.8189389763779528
0
LINE
8
BLACK
6
CONTINUOUS
10
3.6480222047244095
20
0.8189389763779528
11
3.6512153543307084
21
0.8210725590551181
0
LINE
8
BLACK
6
CONTINUOUS
10
3.6512153543307084
20
0.8210725590551181
11
3.6549819291338581
21
0.8218217716535433
0
LINE
8
BLACK
6
CONTINUOUS
10
3.6549819291338581
20
0.8218217716535433
11
3.6746669685039368
21
0.8218217716535433
0
LINE
8
BLACK
6
CONTINUOUS
10
3.6746669685039368
20
0.8218217716535433
11
3.6784335433070865
21
0.8210725590551181
0
LINE
8
BLACK
6
CONTINUOUS
10
1.3212783858267716
20
0.8345185039370079
11
1.3244715354330709
21
0.8323849212598425
0
LINE
8
BLACK
6
CONTINUOUS
10
1.3244715354330709
20
0.8323849212598425
11
1.3266051181102363
21
0.8291917716535433
0
LINE
8
BLACK
6
CONTINUOUS
10
1.3266051181102363
20
0.8291917716535433
11
1.3273543307086615
21
0.8254251968503937
0
LINE
8
BLACK
6
CONTINUOUS
10
1.3273543307086615
20
0.8254251968503937
11
1.3273543307086615
21
0.7978661417322834
0
LINE
8
BLACK
6
CONTINUOUS
10
1.3273543307086615
20
0.7978661417322834
11
1.3266051181102363
21
0.7940995669291339
0
LINE
8
BLACK
6
CONTINUOUS
10
1.3266051181102363
20
0.7940995669291339
11
1.3244715354330709
21
0.7909064173228346
0
LINE
8
BLACK
6
CONTINUOUS
10
1.3244715354330709
20
0.7909064173228346
11
1.3212783858267716
21
0.7887728346456693
0
LINE
8
BLACK
6
CONTINUOUS
10
1.3212783858267716
20
0.7887728346456693
11
1.3175118110236219
21
0.7880236220472441
0
LINE
8
BLACK
6
CONTINUOUS
10
1.3175118110236219
20
0.7880236220472441
11
1.2820787401574802
21
0.7880236220472441
0
LINE
8
BLACK
6
CONTINUOUS
10
1.2820787401574802
20
0.7880236220472441
11
1.2783121653543308
21
0.7887728346456693
0
LINE
8
BLACK
6
CONTINUOUS
10
1.2783121653543308
20
0.7887728346456693
11
1.2751190157480314
21
0.7909064173228346
0
LINE
8
BLACK
6
CONTINUOUS
10
1.2751190157480314
20
0.7909064173228346
11
1.2729854330708661
21
0.7940995669291339
0
LINE
8
BLACK
6
CONTINUOUS
10
1.2729854330708661
20
0.7940995669291339
11
1.2722362204724409
21
0.7978661417322834
0
LINE
8
BLACK
6
CONTINUOUS
10
1.2722362204724409
20
0.7978661417322834
11
1.2722362204724409
21
0.8254251968503937
0
LINE
8
BLACK
6
CONTINUOUS
10
1.2722362204724409
20
0.8254251968503937
11
1.2729854330708661
21
0.8291917716535433
0
LINE
8
BLACK
6
CONTINUOUS
10
1.2729854330708661
20
0.8291917716535433
11
1.2751190157480314
21
0.8323849212598425
0
LINE
8
BLACK
6
CONTINUOUS
10
1.2751190157480314
20
0.8323849212598425
11
1.2783121653543308
21
0.8345185039370079
0
LINE
8
BLACK
6
CONTINUOUS
10
1.2783121653543308
20
0.8345185039370079
11
1.2820787401574802
21
0.8352677165354331
0
LINE
8
BLACK
6
CONTINUOUS
10
1.2820787401574802
20
0.8352677165354331
11
1.3175118110236219
21
0.8352677165354331
0
LINE
8
BLACK
6
CONTINUOUS
10
1.3175118110236219
20
0.8352677165354331
11
1.3212783858267716
21
0.8345185039370079
0
LINE
8
BLACK
6
CONTINUOUS
10
1.4078925590551181
20
0.8345185039370079
11
1.4110857086614172
21
0.8323849212598425
0
LINE
8
BLACK
6
CONTINUOUS
10
1.4110857086614172
20
0.8323849212598425
11
1.4132192913385826
21
0.8291917716535433
0
LINE
8
BLACK
6
CONTINUOUS
10
1.4132192913385826
20
0.8291917716535433
11
1.4139685039370078
21
0.8254251968503937
0
LINE
8
BLACK
6
CONTINUOUS
10
1.4139685039370078
20
0.8254251968503937
11
1.4139685039370078
21
0.7978661417322834
0
LINE
8
BLACK
6
CONTINUOUS
10
1.4139685039370078
20
0.7978661417322834
11
1.4132192913385826
21
0.7940995669291339
0
LINE
8
BLACK
6
CONTINUOUS
10
1.4132192913385826
20
0.7940995669291339
11
1.4110857086614172
21
0.7909064173228346
0
LINE
8
BLACK
6
CONTINUOUS
10
1.4110857086614172
20
0.7909064173228346
11
1.4078925590551181
21
0.7887728346456693
0
LINE
8
BLACK
6
CONTINUOUS
10
1.4078925590551181
20
0.7887728346456693
11
1.4041259842519684
21
0.7880236220472441
0
LINE
8
BLACK
6
CONTINUOUS
10
1.4041259842519684
20
0.7880236220472441
11
1.3686929133858268
21
0.7880236220472441
0
LINE
8
BLACK
6
CONTINUOUS
10
1.3686929133858268
20
0.7880236220472441
11
1.3649263385826771
21
0.7887728346456693
0
LINE
8
BLACK
6
CONTINUOUS
10
1.3649263385826771
20
0.7887728346456693
11
1.361733188976378
21
0.7909064173228346
0
LINE
8
BLACK
6
CONTINUOUS
10
1.361733188976378
20
0.7909064173228346
11
1.3595996062992126
21
0.7940995669291339
0
LINE
8
BLACK
6
CONTINUOUS
10
1.3595996062992126
20
0.7940995669291339
11
1.3588503937007874
21
0.7978661417322834
0
LINE
8
BLACK
6
CONTINUOUS
10
1.3588503937007874
20
0.7978661417322834
11
1.3588503937007874
21
0.8254251968503937
0
LINE
8
BLACK
6
CONTINUOUS
10
1.3588503937007874
20
0.8254251968503937
11
1.3595996062992126
21
0.8291917716535433
0
LINE
8
BLACK
6
CONTINUOUS
10
1.3595996062992126
20
0.8291917716535433
11
1.361733188976378
21
0.8323849212598425
0
LINE
8
BLACK
6
CONTINUOUS
10
1.361733188976378
20
0.8323849212598425
11
1.3649263385826771
21
0.8345185039370079
0
LINE
8
BLACK
6
CONTINUOUS
10
1.3649263385826771
20
0.8345185039370079
11
1.3686929133858268
21
0.8352677165354331
0
LINE
8
BLACK
6
CONTINUOUS
10
1.3686929133858268
20
0.8352677165354331
11
1.4041259842519684
21
0.8352677165354331
0
LINE
8
BLACK
6
CONTINUOUS
10
1.4041259842519684
20
0.8352677165354331
11
1.4078925590551181
21
0.8345185039370079
0
LINE
8
BLACK
6
CONTINUOUS
10
1.2324673622047244
20
0.8333374015748032
11
1.2356605118110235
21
0.8312038188976377
0
LINE
8
BLACK
6
CONTINUOUS
10
1.2356605118110235
20
0.8312038188976377
11
1.2377940944881889
21
0.8280106692913386
0
LINE
8
BLACK
6
CONTINUOUS
10
1.2377940944881889
20
0.8280106692913386
11
1.2385433070866141
21
0.8242440944881889
0
LINE
8
BLACK
6
CONTINUOUS
10
1.2385433070866141
20
0.8242440944881889
11
1.2385433070866141
21
0.8045590551181102
0
LINE
8
BLACK
6
CONTINUOUS
10
1.2385433070866141
20
0.8045590551181102
11
1.2377940944881889
21
0.8007924803149606
0
LINE
8
BLACK
6
CONTINUOUS
10
1.2377940944881889
20
0.8007924803149606
11
1.2356605118110235
21
0.7975993307086614
0
LINE
8
BLACK
6
CONTINUOUS
10
1.2356605118110235
20
0.7975993307086614
11
1.2324673622047244
21
0.7954657480314961
0
LINE
8
BLACK
6
CONTINUOUS
10
1.2324673622047244
20
0.7954657480314961
11
1.2287007874015747
21
0.7947165354330709
0
LINE
8
BLACK
6
CONTINUOUS
10
1.2287007874015747
20
0.7947165354330709
11
1.1912992125984252
21
0.7947165354330709
0
LINE
8
BLACK
6
CONTINUOUS
10
1.1912992125984252
20
0.7947165354330709
11
1.1875326377952755
21
0.7954657480314961
0
LINE
8
BLACK
6
CONTINUOUS
10
1.1875326377952755
20
0.7954657480314961
11
1.1843394881889764
21
0.7975993307086614
0
LINE
8
BLACK
6
CONTINUOUS
10
1.1843394881889764
20
0.7975993307086614
11
1.182205905511811
21
0.8007924803149606
0
LINE
8
BLACK
6
CONTINUOUS
10
1.182205905511811
20
0.8007924803149606
11
1.1814566929133858
21
0.8045590551181102
0
LINE
8
BLACK
6
CONTINUOUS
10
1.1814566929133858
20
0.8045590551181102
11
1.1814566929133858
21
0.8242440944881889
0
LINE
8
BLACK
6
CONTINUOUS
10
1.1814566929133858
20
0.8242440944881889
11
1.182205905511811
21
0.8280106692913386
0
LINE
8
BLACK
6
CONTINUOUS
10
1.182205905511811
20
0.8280106692913386
11
1.1843394881889764
21
0.8312038188976377
0
LINE
8
BLACK
6
CONTINUOUS
10
1.1843394881889764
20
0.8312038188976377
11
1.1875326377952755
21
0.8333374015748032
0
LINE
8
BLACK
6
CONTINUOUS
10
1.1875326377952755
20
0.8333374015748032
11
1.1912992125984252
21
0.8340866141732284
0
LINE
8
BLACK
6
CONTINUOUS
10
1.1912992125984252
20
0.8340866141732284
11
1.2287007874015747
21
0.8340866141732284
0
LINE
8
BLACK
6
CONTINUOUS
10
1.2287007874015747
20
0.8340866141732284
11
1.2324673622047244
21
0.8333374015748032
0
LINE
8
BLACK
6
CONTINUOUS
10
1.4964673622047244
20
0.8373374015748031
11
1.4996605118110236
21
0.8352038188976377
0
LINE
8
BLACK
6
CONTINUOUS
10
1.4996605118110236
20
0.8352038188976377
11
1.5017940944881889
21
0.8320106692913386
0
LINE
8
BLACK
6
CONTINUOUS
10
1.5017940944881889
20
0.8320106692913386
11
1.5025433070866141
21
0.8282440944881889
0
LINE
8
BLACK
6
CONTINUOUS
10
1.5025433070866141
20
0.8282440944881889
11
1.5025433070866141
21
0.8085590551181102
0
LINE
8
BLACK
6
CONTINUOUS
10
1.5025433070866141
20
0.8085590551181102
11
1.5017940944881889
21
0.8047924803149606
0
LINE
8
BLACK
6
CONTINUOUS
10
1.5017940944881889
20
0.8047924803149606
11
1.4996605118110236
21
0.8015993307086614
0
LINE
8
BLACK
6
CONTINUOUS
10
1.4996605118110236
20
0.8015993307086614
11
1.4964673622047244
21
0.7994657480314961
0
LINE
8
BLACK
6
CONTINUOUS
10
1.4964673622047244
20
0.7994657480314961
11
1.4927007874015747
21
0.7987165354330709
0
LINE
8
BLACK
6
CONTINUOUS
10
1.4927007874015747
20
0.7987165354330709
11
1.4552992125984252
21
0.7987165354330709
0
LINE
8
BLACK
6
CONTINUOUS
10
1.4552992125984252
20
0.7987165354330709
11
1.4515326377952755
21
0.7994657480314961
0
LINE
8
BLACK
6
CONTINUOUS
10
1.4515326377952755
20
0.7994657480314961
11
1.4483394881889764
21
0.8015993307086614
0
LINE
8
BLACK
6
CONTINUOUS
10
1.4483394881889764
20
0.8015993307086614
11
1.4462059055118111
21
0.8047924803149606
0
LINE
8
BLACK
6
CONTINUOUS
10
1.4462059055118111
20
0.8047924803149606
11
1.4454566929133859
21
0.8085590551181102
0
LINE
8
BLACK
6
CONTINUOUS
10
1.4454566929133859
20
0.8085590551181102
11
1.4454566929133859
21
0.8282440944881889
0
LINE
8
BLACK
6
CONTINUOUS
10
1.4454566929133859
20
0.8282440944881889
11
1.4462059055118111
21
0.8320106692913386
0
LINE
8
BLACK
6
CONTINUOUS
10
1.4462059055118111
20
0.8320106692913386
11
1.4483394881889764
21
0.8352038188976377
0
LINE
8
BLACK
6
CONTINUOUS
10
1.4483394881889764
20
0.8352038188976377
11
1.4515326377952755
21
0.8373374015748031
0
LINE
8
BLACK
6
CONTINUOUS
10
1.4515326377952755
20
0.8373374015748031
11
1.4552992125984252
21
0.8380866141732283
0
LINE
8
BLACK
6
CONTINUOUS
10
1.4552992125984252
20
0.8380866141732283
11
1.4927007874015747
21
0.8380866141732283
0
LINE
8
BLACK
6
CONTINUOUS
10
1.4927007874015747
20
0.8380866141732283
11
1.4964673622047244
21
0.8373374015748031
0
LINE
8
BLACK
6
CONTINUOUS
10
2.601928622047244
20
0.8435087007874016
11
2.6049621259842519
21
0.8414818110236221
0
LINE
8
BLACK
6
CONTINUOUS
10
2.6049621259842519
20
0.8414818110236221
11
2.6069890157480313
21
0.8384483070866141
0
LINE
8
BLACK
6
CONTINUOUS
10
2.6069890157480313
20
0.8384483070866141
11
2.607700787401575
21
0.8348700787401575
0
LINE
8
BLACK
6
CONTINUOUS
10
2.607700787401575
20
0.8348700787401575
11
2.607700787401575
21
0.8122322834645669
0
LINE
8
BLACK
6
CONTINUOUS
10
2.607700787401575
20
0.8122322834645669
11
2.6069890157480313
21
0.8086540551181102
0
LINE
8
BLACK
6
CONTINUOUS
10
2.6069890157480313
20
0.8086540551181102
11
2.6049621259842519
21
0.8056205511811023
0
LINE
8
BLACK
6
CONTINUOUS
10
2.6049621259842519
20
0.8056205511811023
11
2.601928622047244
21
0.8035936614173228
0
LINE
8
BLACK
6
CONTINUOUS
10
2.601928622047244
20
0.8035936614173228
11
2.5983503937007875
21
0.8028818897637795
0
LINE
8
BLACK
6
CONTINUOUS
10
2.5983503937007875
20
0.8028818897637795
11
2.5796496062992125
21
0.8028818897637795
0
LINE
8
BLACK
6
CONTINUOUS
10
2.5796496062992125
20
0.8028818897637795
11
2.576071377952756
21
0.8035936614173228
0
LINE
8
BLACK
6
CONTINUOUS
10
2.576071377952756
20
0.8035936614173228
11
2.573037874015748
21
0.8056205511811023
0
LINE
8
BLACK
6
CONTINUOUS
10
2.573037874015748
20
0.8056205511811023
11
2.5710109842519686
21
0.8086540551181102
0
LINE
8
BLACK
6
CONTINUOUS
10
2.5710109842519686
20
0.8086540551181102
11
2.570299212598425
21
0.8122322834645669
0
LINE
8
BLACK
6
CONTINUOUS
10
2.570299212598425
20
0.8122322834645669
11
2.570299212598425
21
0.8348700787401575
0
LINE
8
BLACK
6
CONTINUOUS
10
2.570299212598425
20
0.8348700787401575
11
2.5710109842519686
21
0.8384483070866141
0
LINE
8
BLACK
6
CONTINUOUS
10
2.5710109842519686
20
0.8384483070866141
11
2.573037874015748
21
0.8414818110236221
0
LINE
8
BLACK
6
CONTINUOUS
10
2.573037874015748
20
0.8414818110236221
11
2.576071377952756
21
0.8435087007874016
0
LINE
8
BLACK
6
CONTINUOUS
10
2.576071377952756
20
0.8435087007874016
11
2.5796496062992125
21
0.8442204724409449
0
LINE
8
BLACK
6
CONTINUOUS
10
2.5796496062992125
20
0.8442204724409449
11
2.5983503937007875
21
0.8442204724409449
0
LINE
8
BLACK
6
CONTINUOUS
10
2.5983503937007875
20
0.8442204724409449
11
2.601928622047244
21
0.8435087007874016
0
LINE
8
BLACK
6
CONTINUOUS
10
1.5934831102362204
20
0.8615027559055118
11
1.5966762598425197
21
0.8593691732283464
0
LINE
8
BLACK
6
CONTINUOUS
10
1.5966762598425197
20
0.8593691732283464
11
1.5988098425196851
21
0.8561760236220473
0
LINE
8
BLACK
6
CONTINUOUS
10
1.5988098425196851
20
0.8561760236220473
11
1.5995590551181103
21
0.8524094488188976
0
LINE
8
BLACK
6
CONTINUOUS
10
1.5995590551181103
20
0.8524094488188976
11
1.5995590551181103
21
0.8317401574803149
0
LINE
8
BLACK
6
CONTINUOUS
10
1.5995590551181103
20
0.8317401574803149
11
1.5988098425196851
21
0.8279735826771654
0
LINE
8
BLACK
6
CONTINUOUS
10
1.5988098425196851
20
0.8279735826771654
11
1.5966762598425197
21
0.8247804330708661
0
LINE
8
BLACK
6
CONTINUOUS
10
1.5966762598425197
20
0.8247804330708661
11
1.5934831102362204
21
0.8226468503937008
0
LINE
8
BLACK
6
CONTINUOUS
10
1.5934831102362204
20
0.8226468503937008
11
1.5897165354330709
21
0.8218976377952756
0
LINE
8
BLACK
6
CONTINUOUS
10
1.5897165354330709
20
0.8218976377952756
11
1.554283464566929
21
0.8218976377952756
0
LINE
8
BLACK
6
CONTINUOUS
10
1.554283464566929
20
0.8218976377952756
11
1.5505168897637795
21
0.8226468503937008
0
LINE
8
BLACK
6
CONTINUOUS
10
1.5505168897637795
20
0.8226468503937008
11
1.5473237401574802
21
0.8247804330708661
0
LINE
8
BLACK
6
CONTINUOUS
10
1.5473237401574802
20
0.8247804330708661
11
1.5451901574803149
21
0.8279735826771654
0
LINE
8
BLACK
6
CONTINUOUS
10
1.5451901574803149
20
0.8279735826771654
11
1.5444409448818897
21
0.8317401574803149
0
LINE
8
BLACK
6
CONTINUOUS
10
1.5444409448818897
20
0.8317401574803149
11
1.5444409448818897
21
0.8524094488188976
0
LINE
8
BLACK
6
CONTINUOUS
10
1.5444409448818897
20
0.8524094488188976
11
1.5451901574803149
21
0.8561760236220473
0
LINE
8
BLACK
6
CONTINUOUS
10
1.5451901574803149
20
0.8561760236220473
11
1.5473237401574802
21
0.8593691732283464
0
LINE
8
BLACK
6
CONTINUOUS
10
1.5473237401574802
20
0.8593691732283464
11
1.5505168897637795
21
0.8615027559055118
0
LINE
8
BLACK
6
CONTINUOUS
10
1.5505168897637795
20
0.8615027559055118
11
1.554283464566929
21
0.862251968503937
0
LINE
8
BLACK
6
CONTINUOUS
10
1.554283464566929
20
0.862251968503937
11
1.5897165354330709
21
0.862251968503937
0
LINE
8
BLACK
6
CONTINUOUS
10
1.5897165354330709
20
0.862251968503937
11
1.5934831102362204
21
0.8615027559055118
0
LINE
8
BLACK
6
CONTINUOUS
10
0.690755905511811
20
0.8288188976377953
11
0.6671338582677165
21
0.8288188976377953
0
LINE
8
BLACK
6
CONTINUOUS
10
0.6671338582677165
20
0.8288188976377953
11
0.6671338582677165
21
0.8563779527559054
0
LINE
8
BLACK
6
CONTINUOUS
10
0.6671338582677165
20
0.8563779527559054
11
0.690755905511811
21
0.8563779527559054
0
LINE
8
BLACK
6
CONTINUOUS
10
0.690755905511811
20
0.8563779527559054
11
0.690755905511811
21
0.8288188976377953
0
LINE
8
BLACK
6
CONTINUOUS
10
0.8088661417322834
20
0.8288188976377953
11
0.785244094488189
21
0.8288188976377953
0
LINE
8
BLACK
6
CONTINUOUS
10
0.785244094488189
20
0.8288188976377953
11
0.785244094488189
21
0.8563779527559054
0
LINE
8
BLACK
6
CONTINUOUS
10
0.785244094488189
20
0.8563779527559054
11
0.8088661417322834
21
0.8563779527559054
0
LINE
8
BLACK
6
CONTINUOUS
10
0.8088661417322834
20
0.8563779527559054
11
0.8088661417322834
21
0.8288188976377953
0
LINE
8
BLACK
6
CONTINUOUS
10
2.601928622047244
20
0.9124063385826772
11
2.6049621259842519
21
0.9103794488188977
0
LINE
8
BLACK
6
CONTINUOUS
10
2.6049621259842519
20
0.9103794488188977
11
2.6069890157480313
21
0.9073459448818897
0
LINE
8
BLACK
6
CONTINUOUS
10
2.6069890157480313
20
0.9073459448818897
11
2.607700787401575
21
0.9037677165354331
0
LINE
8
BLACK
6
CONTINUOUS
10
2.607700787401575
20
0.9037677165354331
11
2.607700787401575
21
0.8811299212598425
0
LINE
8
BLACK
6
CONTINUOUS
10
2.607700787401575
20
0.8811299212598425
11
2.6069890157480313
21
0.8775516929133859
0
LINE
8
BLACK
6
CONTINUOUS
10
2.6069890157480313
20
0.8775516929133859
11
2.6049621259842519
21
0.8745181889763779
0
LINE
8
BLACK
6
CONTINUOUS
10
2.6049621259842519
20
0.8745181889763779
11
2.601928622047244
21
0.8724912992125984
0
LINE
8
BLACK
6
CONTINUOUS
10
2.601928622047244
20
0.8724912992125984
11
2.5983503937007875
21
0.8717795275590551
0
LINE
8
BLACK
6
CONTINUOUS
10
2.5983503937007875
20
0.8717795275590551
11
2.5796496062992125
21
0.8717795275590551
0
LINE
8
BLACK
6
CONTINUOUS
10
2.5796496062992125
20
0.8717795275590551
11
2.576071377952756
21
0.8724912992125984
0
LINE
8
BLACK
6
CONTINUOUS
10
2.576071377952756
20
0.8724912992125984
11
2.573037874015748
21
0.8745181889763779
0
LINE
8
BLACK
6
CONTINUOUS
10
2.573037874015748
20
0.8745181889763779
11
2.5710109842519686
21
0.8775516929133859
0
LINE
8
BLACK
6
CONTINUOUS
10
2.5710109842519686
20
0.8775516929133859
11
2.570299212598425
21
0.8811299212598425
0
LINE
8
BLACK
6
CONTINUOUS
10
2.570299212598425
20
0.8811299212598425
11
2.570299212598425
21
0.9037677165354331
0
LINE
8
BLACK
6
CONTINUOUS
10
2.570299212598425
20
0.9037677165354331
11
2.5710109842519686
21
0.9073459448818897
0
LINE
8
BLACK
6
CONTINUOUS
10
2.5710109842519686
20
0.9073459448818897
11
2.573037874015748
21
0.9103794488188977
0
LINE
8
BLACK
6
CONTINUOUS
10
2.573037874015748
20
0.9103794488188977
11
2.576071377952756
21
0.9124063385826772
0
LINE
8
BLACK
6
CONTINUOUS
10
2.576071377952756
20
0.9124063385826772
11
2.5796496062992125
21
0.9131181102362205
0
LINE
8
BLACK
6
CONTINUOUS
10
2.5796496062992125
20
0.9131181102362205
11
2.5983503937007875
21
0.9131181102362205
0
LINE
8
BLACK
6
CONTINUOUS
10
2.5983503937007875
20
0.9131181102362205
11
2.601928622047244
21
0.9124063385826772
0
LINE
8
BLACK
6
CONTINUOUS
10
3.4311894488188974
20
0.9326867322834645
11
3.4343825984251968
21
0.9305531496062992
0
LINE
8
BLACK
6
CONTINUOUS
10
3.4343825984251968
20
0.9305531496062992
11
3.4365161811023621
21
0.92736
0
LINE
8
BLACK
6
CONTINUOUS
10
3.4365161811023621
20
0.92736
11
3.4372653937007875
21
0.9235934251968504
0
LINE
8
BLACK
6
CONTINUOUS
10
3.4372653937007875
20
0.9235934251968504
11
3.4372653937007875
21
0.8881603543307086
0
LINE
8
BLACK
6
CONTINUOUS
10
3.4372653937007875
20
0.8881603543307086
11
3.4365161811023621
21
0.884393779527559
0
LINE
8
BLACK
6
CONTINUOUS
10
3.4365161811023621
20
0.884393779527559
11
3.4343825984251968
21
0.8812006299212598
0
LINE
8
BLACK
6
CONTINUOUS
10
3.4343825984251968
20
0.8812006299212598
11
3.4311894488188974
21
0.8790670472440945
0
LINE
8
BLACK
6
CONTINUOUS
10
3.4311894488188974
20
0.8790670472440945
11
3.4274228740157477
21
0.8783178346456693
0
LINE
8
BLACK
6
CONTINUOUS
10
3.4274228740157477
20
0.8783178346456693
11
3.4067535826771653
21
0.8783178346456693
0
LINE
8
BLACK
6
CONTINUOUS
10
3.4067535826771653
20
0.8783178346456693
11
3.4029870078740156
21
0.8790670472440945
0
LINE
8
BLACK
6
CONTINUOUS
10
3.4029870078740156
20
0.8790670472440945
11
3.3997938582677163
21
0.8812006299212598
0
LINE
8
BLACK
6
CONTINUOUS
10
3.3997938582677163
20
0.8812006299212598
11
3.3976602755905509
21
0.884393779527559
0
LINE
8
BLACK
6
CONTINUOUS
10
3.3976602755905509
20
0.884393779527559
11
3.396911062992126
21
0.8881603543307086
0
LINE
8
BLACK
6
CONTINUOUS
10
3.396911062992126
20
0.8881603543307086
11
3.396911062992126
21
0.9235934251968504
0
LINE
8
BLACK
6
CONTINUOUS
10
3.396911062992126
20
0.9235934251968504
11
3.3976602755905509
21
0.92736
0
LINE
8
BLACK
6
CONTINUOUS
10
3.3976602755905509
20
0.92736
11
3.3997938582677163
21
0.9305531496062992
0
LINE
8
BLACK
6
CONTINUOUS
10
3.3997938582677163
20
0.9305531496062992
11
3.4029870078740156
21
0.9326867322834645
0
LINE
8
BLACK
6
CONTINUOUS
10
3.4029870078740156
20
0.9326867322834645
11
3.4067535826771653
21
0.9334359448818897
0
LINE
8
BLACK
6
CONTINUOUS
10
3.4067535826771653
20
0.9334359448818897
11
3.4274228740157477
21
0.9334359448818897
0
LINE
8
BLACK
6
CONTINUOUS
10
3.4274228740157477
20
0.9334359448818897
11
3.4311894488188974
21
0.9326867322834645
0
LINE
8
BLACK
6
CONTINUOUS
10
3.5030398425196849
20
0.9326867322834645
11
3.5062329921259843
21
0.9305531496062992
0
LINE
8
BLACK
6
CONTINUOUS
10
3.5062329921259843
20
0.9305531496062992
11
3.5083665748031496
21
0.92736
0
LINE
8
BLACK
6
CONTINUOUS
10
3.5083665748031496
20
0.92736
11
3.5091157874015746
21
0.9235934251968504
0
LINE
8
BLACK
6
CONTINUOUS
10
3.5091157874015746
20
0.9235934251968504
11
3.5091157874015746
21
0.8881603543307086
0
LINE
8
BLACK
6
CONTINUOUS
10
3.5091157874015746
20
0.8881603543307086
11
3.5083665748031496
21
0.884393779527559
0
LINE
8
BLACK
6
CONTINUOUS
10
3.5083665748031496
20
0.884393779527559
11
3.5062329921259843
21
0.8812006299212598
0
LINE
8
BLACK
6
CONTINUOUS
10
3.5062329921259843
20
0.8812006299212598
11
3.5030398425196849
21
0.8790670472440945
0
LINE
8
BLACK
6
CONTINUOUS
10
3.5030398425196849
20
0.8790670472440945
11
3.4992732677165352
21
0.8783178346456693
0
LINE
8
BLACK
6
CONTINUOUS
10
3.4992732677165352
20
0.8783178346456693
11
3.4786039763779528
21
0.8783178346456693
0
LINE
8
BLACK
6
CONTINUOUS
10
3.4786039763779528
20
0.8783178346456693
11
3.4748374015748031
21
0.8790670472440945
0
LINE
8
BLACK
6
CONTINUOUS
10
3.4748374015748031
20
0.8790670472440945
11
3.4716442519685038
21
0.8812006299212598
0
LINE
8
BLACK
6
CONTINUOUS
10
3.4716442519685038
20
0.8812006299212598
11
3.4695106692913384
21
0.884393779527559
0
LINE
8
BLACK
6
CONTINUOUS
10
3.4695106692913384
20
0.884393779527559
11
3.4687614566929135
21
0.8881603543307086
0
LINE
8
BLACK
6
CONTINUOUS
10
3.4687614566929135
20
0.8881603543307086
11
3.4687614566929135
21
0.9235934251968504
0
LINE
8
BLACK
6
CONTINUOUS
10
3.4687614566929135
20
0.9235934251968504
11
3.4695106692913384
21
0.92736
0
LINE
8
BLACK
6
CONTINUOUS
10
3.4695106692913384
20
0.92736
11
3.4716442519685038
21
0.9305531496062992
0
LINE
8
BLACK
6
CONTINUOUS
10
3.4716442519685038
20
0.9305531496062992
11
3.4748374015748031
21
0.9326867322834645
0
LINE
8
BLACK
6
CONTINUOUS
10
3.4748374015748031
20
0.9326867322834645
11
3.4786039763779528
21
0.9334359448818897
0
LINE
8
BLACK
6
CONTINUOUS
10
3.4786039763779528
20
0.9334359448818897
11
3.4992732677165352
21
0.9334359448818897
0
LINE
8
BLACK
6
CONTINUOUS
10
3.4992732677165352
20
0.9334359448818897
11
3.5030398425196849
21
0.9326867322834645
0
LINE
8
BLACK
6
CONTINUOUS
10
3.6036303937007874
20
0.9395764960629921
11
3.6068235433070863
21
0.9374429133858267
0
LINE
8
BLACK
6
CONTINUOUS
10
3.6068235433070863
20
0.9374429133858267
11
3.6089571259842517
21
0.9342497637795275
0
LINE
8
BLACK
6
CONTINUOUS
10
3.6089571259842517
20
0.9342497637795275
11
3.6097063385826771
21
0.9304831889763779
0
LINE
8
BLACK
6
CONTINUOUS
10
3.6097063385826771
20
0.9304831889763779
11
3.6097063385826771
21
0.8930816141732283
0
LINE
8
BLACK
6
CONTINUOUS
10
3.6097063385826771
20
0.8930816141732283
11
3.6089571259842517
21
0.8893150393700787
0
LINE
8
BLACK
6
CONTINUOUS
10
3.6089571259842517
20
0.8893150393700787
11
3.6068235433070863
21
0.8861218897637795
0
LINE
8
BLACK
6
CONTINUOUS
10
3.6068235433070863
20
0.8861218897637795
11
3.6036303937007874
21
0.8839883070866141
0
LINE
8
BLACK
6
CONTINUOUS
10
3.6036303937007874
20
0.8839883070866141
11
3.5998638188976377
21
0.8832390944881889
0
LINE
8
BLACK
6
CONTINUOUS
10
3.5998638188976377
20
0.8832390944881889
11
3.580178779527559
21
0.8832390944881889
0
LINE
8
BLACK
6
CONTINUOUS
10
3.580178779527559
20
0.8832390944881889
11
3.5764122047244093
21
0.8839883070866141
0
LINE
8
BLACK
6
CONTINUOUS
10
3.5764122047244093
20
0.8839883070866141
11
3.57321905511811
21
0.8861218897637795
0
LINE
8
BLACK
6
CONTINUOUS
10
3.57321905511811
20
0.8861218897637795
11
3.5710854724409447
21
0.8893150393700787
0
LINE
8
BLACK
6
CONTINUOUS
10
3.5710854724409447
20
0.8893150393700787
11
3.5703362598425197
21
0.8930816141732283
0
LINE
8
BLACK
6
CONTINUOUS
10
3.5703362598425197
20
0.8930816141732283
11
3.5703362598425197
21
0.9304831889763779
0
LINE
8
BLACK
6
CONTINUOUS
10
3.5703362598425197
20
0.9304831889763779
11
3.5710854724409447
21
0.9342497637795275
0
LINE
8
BLACK
6
CONTINUOUS
10
3.5710854724409447
20
0.9342497637795275
11
3.57321905511811
21
0.9374429133858267
0
LINE
8
BLACK
6
CONTINUOUS
10
3.57321905511811
20
0.9374429133858267
11
3.5764122047244093
21
0.9395764960629921
0
LINE
8
BLACK
6
CONTINUOUS
10
3.5764122047244093
20
0.9395764960629921
11
3.580178779527559
21
0.9403257086614173
0
LINE
8
BLACK
6
CONTINUOUS
10
3.580178779527559
20
0.9403257086614173
11
3.5998638188976377
21
0.9403257086614173
0
LINE
8
BLACK
6
CONTINUOUS
10
3.5998638188976377
20
0.9403257086614173
11
3.6036303937007874
21
0.9395764960629921
0
LINE
8
BLACK
6
CONTINUOUS
10
3.6784335433070865
20
0.9395764960629921
11
3.6816266929133858
21
0.9374429133858267
0
LINE
8
BLACK
6
CONTINUOUS
10
3.6816266929133858
20
0.9374429133858267
11
3.6837602755905512
21
0.9342497637795275
0
LINE
8
BLACK
6
CONTINUOUS
10
3.6837602755905512
20
0.9342497637795275
11
3.6845094881889762
21
0.9304831889763779
0
LINE
8
BLACK
6
CONTINUOUS
10
3.6845094881889762
20
0.9304831889763779
11
3.6845094881889762
21
0.8930816141732283
0
LINE
8
BLACK
6
CONTINUOUS
10
3.6845094881889762
20
0.8930816141732283
11
3.6837602755905512
21
0.8893150393700787
0
LINE
8
BLACK
6
CONTINUOUS
10
3.6837602755905512
20
0.8893150393700787
11
3.6816266929133858
21
0.8861218897637795
0
LINE
8
BLACK
6
CONTINUOUS
10
3.6816266929133858
20
0.8861218897637795
11
3.6784335433070865
21
0.8839883070866141
0
LINE
8
BLACK
6
CONTINUOUS
10
3.6784335433070865
20
0.8839883070866141
11
3.6746669685039368
21
0.8832390944881889
0
LINE
8
BLACK
6
CONTINUOUS
10
3.6746669685039368
20
0.8832390944881889
11
3.6549819291338581
21
0.8832390944881889
0
LINE
8
BLACK
6
CONTINUOUS
10
3.6549819291338581
20
0.8832390944881889
11
3.6512153543307084
21
0.8839883070866141
0
LINE
8
BLACK
6
CONTINUOUS
10
3.6512153543307084
20
0.8839883070866141
11
3.6480222047244095
21
0.8861218897637795
0
LINE
8
BLACK
6
CONTINUOUS
10
3.6480222047244095
20
0.8861218897637795
11
3.6458886220472442
21
0.8893150393700787
0
LINE
8
BLACK
6
CONTINUOUS
10
3.6458886220472442
20
0.8893150393700787
11
3.6451394094488188
21
0.8930816141732283
0
LINE
8
BLACK
6
CONTINUOUS
10
3.6451394094488188
20
0.8930816141732283
11
3.6451394094488188
21
0.9304831889763779
0
LINE
8
BLACK
6
CONTINUOUS
10
3.6451394094488188
20
0.9304831889763779
11
3.6458886220472442
21
0.9342497637795275
0
LINE
8
BLACK
6
CONTINUOUS
10
3.6458886220472442
20
0.9342497637795275
11
3.6480222047244095
21
0.9374429133858267
0
LINE
8
BLACK
6
CONTINUOUS
10
3.6480222047244095
20
0.9374429133858267
11
3.6512153543307084
21
0.9395764960629921
0
LINE
8
BLACK
6
CONTINUOUS
10
3.6512153543307084
20
0.9395764960629921
11
3.6549819291338581
21
0.9403257086614173
0
LINE
8
BLACK
6
CONTINUOUS
10
3.6549819291338581
20
0.9403257086614173
11
3.6746669685039368
21
0.9403257086614173
0
LINE
8
BLACK
6
CONTINUOUS
10
3.6746669685039368
20
0.9403257086614173
11
3.6784335433070865
21
0.9395764960629921
0
LINE
8
BLACK
6
CONTINUOUS
10
1.5934831102362204
20
0.9333531496062992
11
1.5966762598425197
21
0.9312195669291339
0
LINE
8
BLACK
6
CONTINUOUS
10
1.5966762598425197
20
0.9312195669291339
11
1.5988098425196851
21
0.9280264173228346
0
LINE
8
BLACK
6
CONTINUOUS
10
1.5988098425196851
20
0.9280264173228346
11
1.5995590551181103
21
0.9242598425196851
0
LINE
8
BLACK
6
CONTINUOUS
10
1.5995590551181103
20
0.9242598425196851
11
1.5995590551181103
21
0.9035905511811023
0
LINE
8
BLACK
6
CONTINUOUS
10
1.5995590551181103
20
0.9035905511811023
11
1.5988098425196851
21
0.8998239763779528
0
LINE
8
BLACK
6
CONTINUOUS
10
1.5988098425196851
20
0.8998239763779528
11
1.5966762598425197
21
0.8966308267716535
0
LINE
8
BLACK
6
CONTINUOUS
10
1.5966762598425197
20
0.8966308267716535
11
1.5934831102362204
21
0.8944972440944882
0
LINE
8
BLACK
6
CONTINUOUS
10
1.5934831102362204
20
0.8944972440944882
11
1.5897165354330709
21
0.893748031496063
0
LINE
8
BLACK
6
CONTINUOUS
10
1.5897165354330709
20
0.893748031496063
11
1.554283464566929
21
0.893748031496063
0
LINE
8
BLACK
6
CONTINUOUS
10
1.554283464566929
20
0.893748031496063
11
1.5505168897637795
21
0.8944972440944882
0
LINE
8
BLACK
6
CONTINUOUS
10
1.5505168897637795
20
0.8944972440944882
11
1.5473237401574802
21
0.8966308267716535
0
LINE
8
BLACK
6
CONTINUOUS
10
1.5473237401574802
20
0.8966308267716535
11
1.5451901574803149
21
0.8998239763779528
0
LINE
8
BLACK
6
CONTINUOUS
10
1.5451901574803149
20
0.8998239763779528
11
1.5444409448818897
21
0.9035905511811023
0
LINE
8
BLACK
6
CONTINUOUS
10
1.5444409448818897
20
0.9035905511811023
11
1.5444409448818897
21
0.9242598425196851
0
LINE
8
BLACK
6
CONTINUOUS
10
1.5444409448818897
20
0.9242598425196851
11
1.5451901574803149
21
0.9280264173228346
0
LINE
8
BLACK
6
CONTINUOUS
10
1.5451901574803149
20
0.9280264173228346
11
1.5473237401574802
21
0.9312195669291339
0
LINE
8
BLACK
6
CONTINUOUS
10
1.5473237401574802
20
0.9312195669291339
11
1.5505168897637795
21
0.9333531496062992
0
LINE
8
BLACK
6
CONTINUOUS
10
1.5505168897637795
20
0.9333531496062992
11
1.554283464566929
21
0.9341023622047244
0
LINE
8
BLACK
6
CONTINUOUS
10
1.554283464566929
20
0.9341023622047244
11
1.5897165354330709
21
0.9341023622047244
0
LINE
8
BLACK
6
CONTINUOUS
10
1.5897165354330709
20
0.9341023622047244
11
1.5934831102362204
21
0.9333531496062992
0
LINE
8
BLACK
6
CONTINUOUS
10
0.690755905511811
20
0.9036220472440945
11
0.6671338582677165
21
0.9036220472440945
0
LINE
8
BLACK
6
CONTINUOUS
10
0.6671338582677165
20
0.9036220472440945
11
0.6671338582677165
21
0.9311811023622047
0
LINE
8
BLACK
6
CONTINUOUS
10
0.6671338582677165
20
0.9311811023622047
11
0.690755905511811
21
0.9311811023622047
0
LINE
8
BLACK
6
CONTINUOUS
10
0.690755905511811
20
0.9311811023622047
11
0.690755905511811
21
0.9036220472440945
0
LINE
8
BLACK
6
CONTINUOUS
10
0.8088661417322834
20
0.9036220472440945
11
0.785244094488189
21
0.9036220472440945
0
LINE
8
BLACK
6
CONTINUOUS
10
0.785244094488189
20
0.9036220472440945
11
0.785244094488189
21
0.9311811023622047
0
LINE
8
BLACK
6
CONTINUOUS
10
0.785244094488189
20
0.9311811023622047
11
0.8088661417322834
21
0.9311811023622047
0
LINE
8
BLACK
6
CONTINUOUS
10
0.8088661417322834
20
0.9311811023622047
11
0.8088661417322834
21
0.9036220472440945
0
LINE
8
BLACK
6
CONTINUOUS
10
1.4052075196850393
20
0.967794094488189
11
1.4084006692913384
21
0.9656605118110236
0
LINE
8
BLACK
6
CONTINUOUS
10
1.4084006692913384
20
0.9656605118110236
11
1.410534251968504
21
0.9624673622047244
0
LINE
8
BLACK
6
CONTINUOUS
10
1.410534251968504
20
0.9624673622047244
11
1.411283464566929
21
0.9587007874015748
0
LINE
8
BLACK
6
CONTINUOUS
10
1.411283464566929
20
0.9587007874015748
11
1.411283464566929
21
0.9212992125984252
0
LINE
8
BLACK
6
CONTINUOUS
10
1.411283464566929
20
0.9212992125984252
11
1.410534251968504
21
0.9175326377952756
0
LINE
8
BLACK
6
CONTINUOUS
10
1.410534251968504
20
0.9175326377952756
11
1.4084006692913384
21
0.9143394881889764
0
LINE
8
BLACK
6
CONTINUOUS
10
1.4084006692913384
20
0.9143394881889764
11
1.4052075196850393
21
0.912205905511811
0
LINE
8
BLACK
6
CONTINUOUS
10
1.4052075196850393
20
0.912205905511811
11
1.4014409448818896
21
0.9114566929133858
0
LINE
8
BLACK
6
CONTINUOUS
10
1.4014409448818896
20
0.9114566929133858
11
1.3817559055118109
21
0.9114566929133858
0
LINE
8
BLACK
6
CONTINUOUS
10
1.3817559055118109
20
0.9114566929133858
11
1.3779893307086615
21
0.912205905511811
0
LINE
8
BLACK
6
CONTINUOUS
10
1.3779893307086615
20
0.912205905511811
11
1.3747961811023621
21
0.9143394881889764
0
LINE
8
BLACK
6
CONTINUOUS
10
1.3747961811023621
20
0.9143394881889764
11
1.3726625984251968
21
0.9175326377952756
0
LINE
8
BLACK
6
CONTINUOUS
10
1.3726625984251968
20
0.9175326377952756
11
1.3719133858267716
21
0.9212992125984252
0
LINE
8
BLACK
6
CONTINUOUS
10
1.3719133858267716
20
0.9212992125984252
11
1.3719133858267716
21
0.9587007874015748
0
LINE
8
BLACK
6
CONTINUOUS
10
1.3719133858267716
20
0.9587007874015748
11
1.3726625984251968
21
0.9624673622047244
0
LINE
8
BLACK
6
CONTINUOUS
10
1.3726625984251968
20
0.9624673622047244
11
1.3747961811023621
21
0.9656605118110236
0
LINE
8
BLACK
6
CONTINUOUS
10
1.3747961811023621
20
0.9656605118110236
11
1.3779893307086615
21
0.967794094488189
0
LINE
8
BLACK
6
CONTINUOUS
10
1.3779893307086615
20
0.967794094488189
11
1.3817559055118109
21
0.9685433070866142
0
LINE
8
BLACK
6
CONTINUOUS
10
1.3817559055118109
20
0.9685433070866142
11
1.4014409448818896
21
0.9685433070866142
0
LINE
8
BLACK
6
CONTINUOUS
10
1.4014409448818896
20
0.9685433070866142
11
1.4052075196850393
21
0.967794094488189
0
LINE
8
BLACK
6
CONTINUOUS
10
1.4800106692913386
20
0.967794094488189
11
1.4832038188976377
21
0.9656605118110236
0
LINE
8
BLACK
6
CONTINUOUS
10
1.4832038188976377
20
0.9656605118110236
11
1.4853374015748031
21
0.9624673622047244
0
LINE
8
BLACK
6
CONTINUOUS
10
1.4853374015748031
20
0.9624673622047244
11
1.4860866141732283
21
0.9587007874015748
0
LINE
8
BLACK
6
CONTINUOUS
10
1.4860866141732283
20
0.9587007874015748
11
1.4860866141732283
21
0.9212992125984252
0
LINE
8
BLACK
6
CONTINUOUS
10
1.4860866141732283
20
0.9212992125984252
11
1.4853374015748031
21
0.9175326377952756
0
LINE
8
BLACK
6
CONTINUOUS
10
1.4853374015748031
20
0.9175326377952756
11
1.4832038188976377
21
0.9143394881889764
0
LINE
8
BLACK
6
CONTINUOUS
10
1.4832038188976377
20
0.9143394881889764
11
1.4800106692913386
21
0.912205905511811
0
LINE
8
BLACK
6
CONTINUOUS
10
1.4800106692913386
20
0.912205905511811
11
1.4762440944881889
21
0.9114566929133858
0
LINE
8
BLACK
6
CONTINUOUS
10
1.4762440944881889
20
0.9114566929133858
11
1.4565590551181102
21
0.9114566929133858
0
LINE
8
BLACK
6
CONTINUOUS
10
1.4565590551181102
20
0.9114566929133858
11
1.4527924803149606
21
0.912205905511811
0
LINE
8
BLACK
6
CONTINUOUS
10
1.4527924803149606
20
0.912205905511811
11
1.4495993307086614
21
0.9143394881889764
0
LINE
8
BLACK
6
CONTINUOUS
10
1.4495993307086614
20
0.9143394881889764
11
1.4474657480314961
21
0.9175326377952756
0
LINE
8
BLACK
6
CONTINUOUS
10
1.4474657480314961
20
0.9175326377952756
11
1.4467165354330709
21
0.9212992125984252
0
LINE
8
BLACK
6
CONTINUOUS
10
1.4467165354330709
20
0.9212992125984252
11
1.4467165354330709
21
0.9587007874015748
0
LINE
8
BLACK
6
CONTINUOUS
10
1.4467165354330709
20
0.9587007874015748
11
1.4474657480314961
21
0.9624673622047244
0
LINE
8
BLACK
6
CONTINUOUS
10
1.4474657480314961
20
0.9624673622047244
11
1.4495993307086614
21
0.9656605118110236
0
LINE
8
BLACK
6
CONTINUOUS
10
1.4495993307086614
20
0.9656605118110236
11
1.4527924803149606
21
0.967794094488189
0
LINE
8
BLACK
6
CONTINUOUS
10
1.4527924803149606
20
0.967794094488189
11
1.4565590551181102
21
0.9685433070866142
0
LINE
8
BLACK
6
CONTINUOUS
10
1.4565590551181102
20
0.9685433070866142
11
1.4762440944881889
21
0.9685433070866142
0
LINE
8
BLACK
6
CONTINUOUS
10
1.4762440944881889
20
0.9685433070866142
11
1.4800106692913386
21
0.967794094488189
0
LINE
8
BLACK
6
CONTINUOUS
10
0.7161760236220472
20
1.0298098425196851
11
0.7193691732283465
21
1.0276762598425198
0
LINE
8
BLACK
6
CONTINUOUS
10
0.7193691732283465
20
1.0276762598425198
11
0.7215027559055118
21
1.0244831102362204
0
LINE
8
BLACK
6
CONTINUOUS
10
0.7215027559055118
20
1.0244831102362204
11
0.722251968503937
21
1.0207165354330709
0
LINE
8
BLACK
6
CONTINUOUS
10
0.722251968503937
20
1.0207165354330709
11
0.722251968503937
21
0.9852834645669291
0
LINE
8
BLACK
6
CONTINUOUS
10
0.722251968503937
20
0.9852834645669291
11
0.7215027559055118
21
0.9815168897637795
0
LINE
8
BLACK
6
CONTINUOUS
10
0.7215027559055118
20
0.9815168897637795
11
0.7193691732283465
21
0.9783237401574802
0
LINE
8
BLACK
6
CONTINUOUS
10
0.7193691732283465
20
0.9783237401574802
11
0.7161760236220472
21
0.9761901574803149
0
LINE
8
BLACK
6
CONTINUOUS
10
0.7161760236220472
20
0.9761901574803149
11
0.7124094488188977
21
0.9754409448818897
0
LINE
8
BLACK
6
CONTINUOUS
10
0.7124094488188977
20
0.9754409448818897
11
0.6917401574803149
21
0.9754409448818897
0
LINE
8
BLACK
6
CONTINUOUS
10
0.6917401574803149
20
0.9754409448818897
11
0.6879735826771654
21
0.9761901574803149
0
LINE
8
BLACK
6
CONTINUOUS
10
0.6879735826771654
20
0.9761901574803149
11
0.6847804330708661
21
0.9783237401574802
0
LINE
8
BLACK
6
CONTINUOUS
10
0.6847804330708661
20
0.9783237401574802
11
0.6826468503937008
21
0.9815168897637795
0
LINE
8
BLACK
6
CONTINUOUS
10
0.6826468503937008
20
0.9815168897637795
11
0.6818976377952756
21
0.9852834645669291
0
LINE
8
BLACK
6
CONTINUOUS
10
0.6818976377952756
20
0.9852834645669291
11
0.6818976377952756
21
1.0207165354330709
0
LINE
8
BLACK
6
CONTINUOUS
10
0.6818976377952756
20
1.0207165354330709
11
0.6826468503937008
21
1.0244831102362204
0
LINE
8
BLACK
6
CONTINUOUS
10
0.6826468503937008
20
1.0244831102362204
11
0.6847804330708661
21
1.0276762598425198
0
LINE
8
BLACK
6
CONTINUOUS
10
0.6847804330708661
20
1.0276762598425198
11
0.6879735826771654
21
1.0298098425196851
0
LINE
8
BLACK
6
CONTINUOUS
10
0.6879735826771654
20
1.0298098425196851
11
0.6917401574803149
21
1.0305590551181103
0
LINE
8
BLACK
6
CONTINUOUS
10
0.6917401574803149
20
1.0305590551181103
11
0.7124094488188977
21
1.0305590551181103
0
LINE
8
BLACK
6
CONTINUOUS
10
0.7124094488188977
20
1.0305590551181103
11
0.7161760236220472
21
1.0298098425196851
0
LINE
8
BLACK
6
CONTINUOUS
10
0.7880264173228346
20
1.0298098425196851
11
0.7912195669291339
21
1.0276762598425198
0
LINE
8
BLACK
6
CONTINUOUS
10
0.7912195669291339
20
1.0276762598425198
11
0.7933531496062992
21
1.0244831102362204
0
LINE
8
BLACK
6
CONTINUOUS
10
0.7933531496062992
20
1.0244831102362204
11
0.7941023622047244
21
1.0207165354330709
0
LINE
8
BLACK
6
CONTINUOUS
10
0.7941023622047244
20
1.0207165354330709
11
0.7941023622047244
21
0.9852834645669291
0
LINE
8
BLACK
6
CONTINUOUS
10
0.7941023622047244
20
0.9852834645669291
11
0.7933531496062992
21
0.9815168897637795
0
LINE
8
BLACK
6
CONTINUOUS
10
0.7933531496062992
20
0.9815168897637795
11
0.7912195669291339
21
0.9783237401574802
0
LINE
8
BLACK
6
CONTINUOUS
10
0.7912195669291339
20
0.9783237401574802
11
0.7880264173228346
21
0.9761901574803149
0
LINE
8
BLACK
6
CONTINUOUS
10
0.7880264173228346
20
0.9761901574803149
11
0.7842598425196851
21
0.9754409448818897
0
LINE
8
BLACK
6
CONTINUOUS
10
0.7842598425196851
20
0.9754409448818897
11
0.7635905511811023
21
0.9754409448818897
0
LINE
8
BLACK
6
CONTINUOUS
10
0.7635905511811023
20
0.9754409448818897
11
0.7598239763779527
21
0.9761901574803149
0
LINE
8
BLACK
6
CONTINUOUS
10
0.7598239763779527
20
0.9761901574803149
11
0.7566308267716535
21
0.9783237401574802
0
LINE
8
BLACK
6
CONTINUOUS
10
0.7566308267716535
20
0.9783237401574802
11
0.7544972440944882
21
0.9815168897637795
0
LINE
8
BLACK
6
CONTINUOUS
10
0.7544972440944882
20
0.9815168897637795
11
0.753748031496063
21
0.9852834645669291
0
LINE
8
BLACK
6
CONTINUOUS
10
0.753748031496063
20
0.9852834645669291
11
0.753748031496063
21
1.0207165354330709
0
LINE
8
BLACK
6
CONTINUOUS
10
0.753748031496063
20
1.0207165354330709
11
0.7544972440944882
21
1.0244831102362204
0
LINE
8
BLACK
6
CONTINUOUS
10
0.7544972440944882
20
1.0244831102362204
11
0.7566308267716535
21
1.0276762598425198
0
LINE
8
BLACK
6
CONTINUOUS
10
0.7566308267716535
20
1.0276762598425198
11
0.7598239763779527
21
1.0298098425196851
0
LINE
8
BLACK
6
CONTINUOUS
10
0.7598239763779527
20
1.0298098425196851
11
0.7635905511811023
21
1.0305590551181103
0
LINE
8
BLACK
6
CONTINUOUS
10
0.7635905511811023
20
1.0305590551181103
11
0.7842598425196851
21
1.0305590551181103
0
LINE
8
BLACK
6
CONTINUOUS
10
0.7842598425196851
20
1.0305590551181103
11
0.7880264173228346
21
1.0298098425196851
0
LINE
8
BLACK
6
CONTINUOUS
10
3.4311894488188974
20
1.048828464566929
11
3.4343825984251968
21
1.0466948818897637
0
LINE
8
BLACK
6
CONTINUOUS
10
3.4343825984251968
20
1.0466948818897637
11
3.4365161811023621
21
1.0435017322834645
0
LINE
8
BLACK
6
CONTINUOUS
10
3.4365161811023621
20
1.0435017322834645
11
3.4372653937007875
21
1.0397351574803149
0
LINE
8
BLACK
6
CONTINUOUS
10
3.4372653937007875
20
1.0397351574803149
11
3.4372653937007875
21
1.0043020866141732
0
LINE
8
BLACK
6
CONTINUOUS
10
3.4372653937007875
20
1.0043020866141732
11
3.4365161811023621
21
1.0005355118110235
0
LINE
8
BLACK
6
CONTINUOUS
10
3.4365161811023621
20
1.0005355118110235
11
3.4343825984251968
21
0.9973423622047244
0
LINE
8
BLACK
6
CONTINUOUS
10
3.4343825984251968
20
0.9973423622047244
11
3.4311894488188974
21
0.995208779527559
0
LINE
8
BLACK
6
CONTINUOUS
10
3.4311894488188974
20
0.995208779527559
11
3.4274228740157477
21
0.9944595669291338
0
LINE
8
BLACK
6
CONTINUOUS
10
3.4274228740157477
20
0.9944595669291338
11
3.4067535826771653
21
0.9944595669291338
0
LINE
8
BLACK
6
CONTINUOUS
10
3.4067535826771653
20
0.9944595669291338
11
3.4029870078740156
21
0.995208779527559
0
LINE
8
BLACK
6
CONTINUOUS
10
3.4029870078740156
20
0.995208779527559
11
3.3997938582677163
21
0.9973423622047244
0
LINE
8
BLACK
6
CONTINUOUS
10
3.3997938582677163
20
0.9973423622047244
11
3.3976602755905509
21
1.0005355118110235
0
LINE
8
BLACK
6
CONTINUOUS
10
3.3976602755905509
20
1.0005355118110235
11
3.396911062992126
21
1.0043020866141732
0
LINE
8
BLACK
6
CONTINUOUS
10
3.396911062992126
20
1.0043020866141732
11
3.396911062992126
21
1.0397351574803149
0
LINE
8
BLACK
6
CONTINUOUS
10
3.396911062992126
20
1.0397351574803149
11
3.3976602755905509
21
1.0435017322834645
0
LINE
8
BLACK
6
CONTINUOUS
10
3.3976602755905509
20
1.0435017322834645
11
3.3997938582677163
21
1.0466948818897637
0
LINE
8
BLACK
6
CONTINUOUS
10
3.3997938582677163
20
1.0466948818897637
11
3.4029870078740156
21
1.048828464566929
0
LINE
8
BLACK
6
CONTINUOUS
10
3.4029870078740156
20
1.048828464566929
11
3.4067535826771653
21
1.0495776771653542
0
LINE
8
BLACK
6
CONTINUOUS
10
3.4067535826771653
20
1.0495776771653542
11
3.4274228740157477
21
1.0495776771653542
0
LINE
8
BLACK
6
CONTINUOUS
10
3.4274228740157477
20
1.0495776771653542
11
3.4311894488188974
21
1.048828464566929
0
LINE
8
BLACK
6
CONTINUOUS
10
3.5030398425196849
20
1.048828464566929
11
3.5062329921259843
21
1.0466948818897637
0
LINE
8
BLACK
6
CONTINUOUS
10
3.5062329921259843
20
1.0466948818897637
11
3.5083665748031496
21
1.0435017322834645
0
LINE
8
BLACK
6
CONTINUOUS
10
3.5083665748031496
20
1.0435017322834645
11
3.5091157874015746
21
1.0397351574803149
0
LINE
8
BLACK
6
CONTINUOUS
10
3.5091157874015746
20
1.0397351574803149
11
3.5091157874015746
21
1.0043020866141732
0
LINE
8
BLACK
6
CONTINUOUS
10
3.5091157874015746
20
1.0043020866141732
11
3.5083665748031496
21
1.0005355118110235
0
LINE
8
BLACK
6
CONTINUOUS
10
3.5083665748031496
20
1.0005355118110235
11
3.5062329921259843
21
0.9973423622047244
0
LINE
8
BLACK
6
CONTINUOUS
10
3.5062329921259843
20
0.9973423622047244
11
3.5030398425196849
21
0.995208779527559
0
LINE
8
BLACK
6
CONTINUOUS
10
3.5030398425196849
20
0.995208779527559
11
3.4992732677165352
21
0.9944595669291338
0
LINE
8
BLACK
6
CONTINUOUS
10
3.4992732677165352
20
0.9944595669291338
11
3.4786039763779528
21
0.9944595669291338
0
LINE
8
BLACK
6
CONTINUOUS
10
3.4786039763779528
20
0.9944595669291338
11
3.4748374015748031
21
0.995208779527559
0
LINE
8
BLACK
6
CONTINUOUS
10
3.4748374015748031
20
0.995208779527559
11
3.4716442519685038
21
0.9973423622047244
0
LINE
8
BLACK
6
CONTINUOUS
10
3.4716442519685038
20
0.9973423622047244
11
3.4695106692913384
21
1.0005355118110235
0
LINE
8
BLACK
6
CONTINUOUS
10
3.4695106692913384
20
1.0005355118110235
11
3.4687614566929135
21
1.0043020866141732
0
LINE
8
BLACK
6
CONTINUOUS
10
3.4687614566929135
20
1.0043020866141732
11
3.4687614566929135
21
1.0397351574803149
0
LINE
8
BLACK
6
CONTINUOUS
10
3.4687614566929135
20
1.0397351574803149
11
3.4695106692913384
21
1.0435017322834645
0
LINE
8
BLACK
6
CONTINUOUS
10
3.4695106692913384
20
1.0435017322834645
11
3.4716442519685038
21
1.0466948818897637
0
LINE
8
BLACK
6
CONTINUOUS
10
3.4716442519685038
20
1.0466948818897637
11
3.4748374015748031
21
1.048828464566929
0
LINE
8
BLACK
6
CONTINUOUS
10
3.4748374015748031
20
1.048828464566929
11
3.4786039763779528
21
1.0495776771653542
0
LINE
8
BLACK
6
CONTINUOUS
10
3.4786039763779528
20
1.0495776771653542
11
3.4992732677165352
21
1.0495776771653542
0
LINE
8
BLACK
6
CONTINUOUS
10
3.4992732677165352
20
1.0495776771653542
11
3.5030398425196849
21
1.048828464566929
0
LINE
8
BLACK
6
CONTINUOUS
10
3.6036303937007874
20
1.0580804330708662
11
3.6068235433070863
21
1.0559468503937008
0
LINE
8
BLACK
6
CONTINUOUS
10
3.6068235433070863
20
1.0559468503937008
11
3.6089571259842517
21
1.0527537007874015
0
LINE
8
BLACK
6
CONTINUOUS
10
3.6089571259842517
20
1.0527537007874015
11
3.6097063385826771
21
1.048987125984252
0
LINE
8
BLACK
6
CONTINUOUS
10
3.6097063385826771
20
1.048987125984252
11
3.6097063385826771
21
1.0115855511811023
0
LINE
8
BLACK
6
CONTINUOUS
10
3.6097063385826771
20
1.0115855511811023
11
3.6089571259842517
21
1.0078189763779528
0
LINE
8
BLACK
6
CONTINUOUS
10
3.6089571259842517
20
1.0078189763779528
11
3.6068235433070863
21
1.0046258267716535
0
LINE
8
BLACK
6
CONTINUOUS
10
3.6068235433070863
20
1.0046258267716535
11
3.6036303937007874
21
1.0024922440944881
0
LINE
8
BLACK
6
CONTINUOUS
10
3.6036303937007874
20
1.0024922440944881
11
3.5998638188976377
21
1.0017430314960629
0
LINE
8
BLACK
6
CONTINUOUS
10
3.5998638188976377
20
1.0017430314960629
11
3.580178779527559
21
1.0017430314960629
0
LINE
8
BLACK
6
CONTINUOUS
10
3.580178779527559
20
1.0017430314960629
11
3.5764122047244093
21
1.0024922440944881
0
LINE
8
BLACK
6
CONTINUOUS
10
3.5764122047244093
20
1.0024922440944881
11
3.57321905511811
21
1.0046258267716535
0
LINE
8
BLACK
6
CONTINUOUS
10
3.57321905511811
20
1.0046258267716535
11
3.5710854724409447
21
1.0078189763779528
0
LINE
8
BLACK
6
CONTINUOUS
10
3.5710854724409447
20
1.0078189763779528
11
3.5703362598425197
21
1.0115855511811023
0
LINE
8
BLACK
6
CONTINUOUS
10
3.5703362598425197
20
1.0115855511811023
11
3.5703362598425197
21
1.048987125984252
0
LINE
8
BLACK
6
CONTINUOUS
10
3.5703362598425197
20
1.048987125984252
11
3.5710854724409447
21
1.0527537007874015
0
LINE
8
BLACK
6
CONTINUOUS
10
3.5710854724409447
20
1.0527537007874015
11
3.57321905511811
21
1.0559468503937008
0
LINE
8
BLACK
6
CONTINUOUS
10
3.57321905511811
20
1.0559468503937008
11
3.5764122047244093
21
1.0580804330708662
0
LINE
8
BLACK
6
CONTINUOUS
10
3.5764122047244093
20
1.0580804330708662
11
3.580178779527559
21
1.0588296456692914
0
LINE
8
BLACK
6
CONTINUOUS
10
3.580178779527559
20
1.0588296456692914
11
3.5998638188976377
21
1.0588296456692914
0
LINE
8
BLACK
6
CONTINUOUS
10
3.5998638188976377
20
1.0588296456692914
11
3.6036303937007874
21
1.0580804330708662
0
LINE
8
BLACK
6
CONTINUOUS
10
3.6784335433070865
20
1.0580804330708662
11
3.6816266929133858
21
1.0559468503937008
0
LINE
8
BLACK
6
CONTINUOUS
10
3.6816266929133858
20
1.0559468503937008
11
3.6837602755905512
21
1.0527537007874015
0
LINE
8
BLACK
6
CONTINUOUS
10
3.6837602755905512
20
1.0527537007874015
11
3.6845094881889762
21
1.048987125984252
0
LINE
8
BLACK
6
CONTINUOUS
10
3.6845094881889762
20
1.048987125984252
11
3.6845094881889762
21
1.0115855511811023
0
LINE
8
BLACK
6
CONTINUOUS
10
3.6845094881889762
20
1.0115855511811023
11
3.6837602755905512
21
1.0078189763779528
0
LINE
8
BLACK
6
CONTINUOUS
10
3.6837602755905512
20
1.0078189763779528
11
3.6816266929133858
21
1.0046258267716535
0
LINE
8
BLACK
6
CONTINUOUS
10
3.6816266929133858
20
1.0046258267716535
11
3.6784335433070865
21
1.0024922440944881
0
LINE
8
BLACK
6
CONTINUOUS
10
3.6784335433070865
20
1.0024922440944881
11
3.6746669685039368
21
1.0017430314960629
0
LINE
8
BLACK
6
CONTINUOUS
10
3.6746669685039368
20
1.0017430314960629
11
3.6549819291338581
21
1.0017430314960629
0
LINE
8
BLACK
6
CONTINUOUS
10
3.6549819291338581
20
1.0017430314960629
11
3.6512153543307084
21
1.0024922440944881
0
LINE
8
BLACK
6
CONTINUOUS
10
3.6512153543307084
20
1.0024922440944881
11
3.6480222047244095
21
1.0046258267716535
0
LINE
8
BLACK
6
CONTINUOUS
10
3.6480222047244095
20
1.0046258267716535
11
3.6458886220472442
21
1.0078189763779528
0
LINE
8
BLACK
6
CONTINUOUS
10
3.6458886220472442
20
1.0078189763779528
11
3.6451394094488188
21
1.0115855511811023
0
LINE
8
BLACK
6
CONTINUOUS
10
3.6451394094488188
20
1.0115855511811023
11
3.6451394094488188
21
1.048987125984252
0
LINE
8
BLACK
6
CONTINUOUS
10
3.6451394094488188
20
1.048987125984252
11
3.6458886220472442
21
1.0527537007874015
0
LINE
8
BLACK
6
CONTINUOUS
10
3.6458886220472442
20
1.0527537007874015
11
3.6480222047244095
21
1.0559468503937008
0
LINE
8
BLACK
6
CONTINUOUS
10
3.6480222047244095
20
1.0559468503937008
11
3.6512153543307084
21
1.0580804330708662
0
LINE
8
BLACK
6
CONTINUOUS
10
3.6512153543307084
20
1.0580804330708662
11
3.6549819291338581
21
1.0588296456692914
0
LINE
8
BLACK
6
CONTINUOUS
10
3.6549819291338581
20
1.0588296456692914
11
3.6746669685039368
21
1.0588296456692914
0
LINE
8
BLACK
6
CONTINUOUS
10
3.6746669685039368
20
1.0588296456692914
11
3.6784335433070865
21
1.0580804330708662
0
LINE
8
BLACK
6
CONTINUOUS
10
1.2943464566929133
20
1.0060629921259843
11
1.2726929133858267
21
1.0060629921259843
0
LINE
8
BLACK
6
CONTINUOUS
10
1.2726929133858267
20
1.0060629921259843
11
1.2726929133858267
21
1.0651181102362204
0
LINE
8
BLACK
6
CONTINUOUS
10
1.2726929133858267
20
1.0651181102362204
11
1.2943464566929133
21
1.0651181102362204
0
LINE
8
BLACK
6
CONTINUOUS
10
1.2943464566929133
20
1.0651181102362204
11
1.2943464566929133
21
1.0060629921259843
0
LINE
8
BLACK
6
CONTINUOUS
10
1.3258425196850394
20
1.0060629921259843
11
1.3041889763779528
21
1.0060629921259843
0
LINE
8
BLACK
6
CONTINUOUS
10
1.3041889763779528
20
1.0060629921259843
11
1.3041889763779528
21
1.0651181102362204
0
LINE
8
BLACK
6
CONTINUOUS
10
1.3041889763779528
20
1.0651181102362204
11
1.3258425196850394
21
1.0651181102362204
0
LINE
8
BLACK
6
CONTINUOUS
10
1.3258425196850394
20
1.0651181102362204
11
1.3258425196850394
21
1.0060629921259843
0
LINE
8
BLACK
6
CONTINUOUS
10
1.3573385826771653
20
1.0060629921259843
11
1.3356850393700788
21
1.0060629921259843
0
LINE
8
BLACK
6
CONTINUOUS
10
1.3356850393700788
20
1.0060629921259843
11
1.3356850393700788
21
1.0651181102362204
0
LINE
8
BLACK
6
CONTINUOUS
10
1.3356850393700788
20
1.0651181102362204
11
1.3573385826771653
21
1.0651181102362204
0
LINE
8
BLACK
6
CONTINUOUS
10
1.3573385826771653
20
1.0651181102362204
11
1.3573385826771653
21
1.0060629921259843
0
LINE
8
BLACK
6
CONTINUOUS
10
1.3888346456692913
20
1.0060629921259843
11
1.3671811023622047
21
1.0060629921259843
0
LINE
8
BLACK
6
CONTINUOUS
10
1.3671811023622047
20
1.0060629921259843
11
1.3671811023622047
21
1.0651181102362204
0
LINE
8
BLACK
6
CONTINUOUS
10
1.3671811023622047
20
1.0651181102362204
11
1.3888346456692913
21
1.0651181102362204
0
LINE
8
BLACK
6
CONTINUOUS
10
1.3888346456692913
20
1.0651181102362204
11
1.3888346456692913
21
1.0060629921259843
0
LINE
8
BLACK
6
CONTINUOUS
10
1.4203307086614172
20
1.0060629921259843
11
1.3986771653543306
21
1.0060629921259843
0
LINE
8
BLACK
6
CONTINUOUS
10
1.3986771653543306
20
1.0060629921259843
11
1.3986771653543306
21
1.0651181102362204
0
LINE
8
BLACK
6
CONTINUOUS
10
1.3986771653543306
20
1.0651181102362204
11
1.4203307086614172
21
1.0651181102362204
0
LINE
8
BLACK
6
CONTINUOUS
10
1.4203307086614172
20
1.0651181102362204
11
1.4203307086614172
21
1.0060629921259843
0
LINE
8
BLACK
6
CONTINUOUS
10
1.4518267716535433
20
1.0060629921259843
11
1.4301732283464568
21
1.0060629921259843
0
LINE
8
BLACK
6
CONTINUOUS
10
1.4301732283464568
20
1.0060629921259843
11
1.4301732283464568
21
1.0651181102362204
0
LINE
8
BLACK
6
CONTINUOUS
10
1.4301732283464568
20
1.0651181102362204
11
1.4518267716535433
21
1.0651181102362204
0
LINE
8
BLACK
6
CONTINUOUS
10
1.4518267716535433
20
1.0651181102362204
11
1.4518267716535433
21
1.0060629921259843
0
LINE
8
BLACK
6
CONTINUOUS
10
1.4833228346456693
20
1.0060629921259843
11
1.4616692913385827
21
1.0060629921259843
0
LINE
8
BLACK
6
CONTINUOUS
10
1.4616692913385827
20
1.0060629921259843
11
1.4616692913385827
21
1.0651181102362204
0
LINE
8
BLACK
6
CONTINUOUS
10
1.4616692913385827
20
1.0651181102362204
11
1.4833228346456693
21
1.0651181102362204
0
LINE
8
BLACK
6
CONTINUOUS
10
1.4833228346456693
20
1.0651181102362204
11
1.4833228346456693
21
1.0060629921259843
0
LINE
8
BLACK
6
CONTINUOUS
10
1.5148188976377952
20
1.0060629921259843
11
1.4931653543307086
21
1.0060629921259843
0
LINE
8
BLACK
6
CONTINUOUS
10
1.4931653543307086
20
1.0060629921259843
11
1.4931653543307086
21
1.0651181102362204
0
LINE
8
BLACK
6
CONTINUOUS
10
1.4931653543307086
20
1.0651181102362204
11
1.5148188976377952
21
1.0651181102362204
0
LINE
8
BLACK
6
CONTINUOUS
10
1.5148188976377952
20
1.0651181102362204
11
1.5148188976377952
21
1.0060629921259843
0
LINE
8
BLACK
6
CONTINUOUS
10
1.5463149606299211
20
1.0060629921259843
11
1.5246614173228346
21
1.0060629921259843
0
LINE
8
BLACK
6
CONTINUOUS
10
1.5246614173228346
20
1.0060629921259843
11
1.5246614173228346
21
1.0651181102362204
0
LINE
8
BLACK
6
CONTINUOUS
10
1.5246614173228346
20
1.0651181102362204
11
1.5463149606299211
21
1.0651181102362204
0
LINE
8
BLACK
6
CONTINUOUS
10
1.5463149606299211
20
1.0651181102362204
11
1.5463149606299211
21
1.0060629921259843
0
LINE
8
BLACK
6
CONTINUOUS
10
1.5778110236220473
20
1.0060629921259843
11
1.5561574803149605
21
1.0060629921259843
0
LINE
8
BLACK
6
CONTINUOUS
10
1.5561574803149605
20
1.0060629921259843
11
1.5561574803149605
21
1.0651181102362204
0
LINE
8
BLACK
6
CONTINUOUS
10
1.5561574803149605
20
1.0651181102362204
11
1.5778110236220473
21
1.0651181102362204
0
LINE
8
BLACK
6
CONTINUOUS
10
1.5778110236220473
20
1.0651181102362204
11
1.5778110236220473
21
1.0060629921259843
0
LINE
8
BLACK
6
CONTINUOUS
10
1.6093070866141732
20
1.0060629921259843
11
1.5876535433070866
21
1.0060629921259843
0
LINE
8
BLACK
6
CONTINUOUS
10
1.5876535433070866
20
1.0060629921259843
11
1.5876535433070866
21
1.0651181102362204
0
LINE
8
BLACK
6
CONTINUOUS
10
1.5876535433070866
20
1.0651181102362204
11
1.6093070866141732
21
1.0651181102362204
0
LINE
8
BLACK
6
CONTINUOUS
10
1.6093070866141732
20
1.0651181102362204
11
1.6093070866141732
21
1.0060629921259843
0
LINE
8
BLACK
6
CONTINUOUS
10
1.2461181102362204
20
1.0916929133858269
11
1.1870629921259843
21
1.0916929133858269
0
LINE
8
BLACK
6
CONTINUOUS
10
1.1870629921259843
20
1.0916929133858269
11
1.1870629921259843
21
1.1133464566929134
0
LINE
8
BLACK
6
CONTINUOUS
10
1.1870629921259843
20
1.1133464566929134
11
1.2461181102362204
21
1.1133464566929134
0
LINE
8
BLACK
6
CONTINUOUS
10
1.2461181102362204
20
1.1133464566929134
11
1.2461181102362204
21
1.0916929133858269
0
LINE
8
BLACK
6
CONTINUOUS
10
1.6949370078740158
20
1.0916929133858269
11
1.6358818897637795
21
1.0916929133858269
0
LINE
8
BLACK
6
CONTINUOUS
10
1.6358818897637795
20
1.0916929133858269
11
1.6358818897637795
21
1.1133464566929134
0
LINE
8
BLACK
6
CONTINUOUS
10
1.6358818897637795
20
1.1133464566929134
11
1.6949370078740158
21
1.1133464566929134
0
LINE
8
BLACK
6
CONTINUOUS
10
1.6949370078740158
20
1.1133464566929134
11
1.6949370078740158
21
1.0916929133858269
0
LINE
8
BLACK
6
CONTINUOUS
10
3.4311894488188974
20
1.1649701968503936
11
3.4343825984251968
21
1.1628366141732283
0
LINE
8
BLACK
6
CONTINUOUS
10
3.4343825984251968
20
1.1628366141732283
11
3.4365161811023621
21
1.1596434645669291
0
LINE
8
BLACK
6
CONTINUOUS
10
3.4365161811023621
20
1.1596434645669291
11
3.4372653937007875
21
1.1558768897637794
0
LINE
8
BLACK
6
CONTINUOUS
10
3.4372653937007875
20
1.1558768897637794
11
3.4372653937007875
21
1.1204438188976378
0
LINE
8
BLACK
6
CONTINUOUS
10
3.4372653937007875
20
1.1204438188976378
11
3.4365161811023621
21
1.1166772440944881
0
LINE
8
BLACK
6
CONTINUOUS
10
3.4365161811023621
20
1.1166772440944881
11
3.4343825984251968
21
1.113484094488189
0
LINE
8
BLACK
6
CONTINUOUS
10
3.4343825984251968
20
1.113484094488189
11
3.4311894488188974
21
1.1113505118110236
0
LINE
8
BLACK
6
CONTINUOUS
10
3.4311894488188974
20
1.1113505118110236
11
3.4274228740157477
21
1.1106012992125984
0
LINE
8
BLACK
6
CONTINUOUS
10
3.4274228740157477
20
1.1106012992125984
11
3.4067535826771653
21
1.1106012992125984
0
LINE
8
BLACK
6
CONTINUOUS
10
3.4067535826771653
20
1.1106012992125984
11
3.4029870078740156
21
1.1113505118110236
0
LINE
8
BLACK
6
CONTINUOUS
10
3.4029870078740156
20
1.1113505118110236
11
3.3997938582677163
21
1.113484094488189
0
LINE
8
BLACK
6
CONTINUOUS
10
3.3997938582677163
20
1.113484094488189
11
3.3976602755905509
21
1.1166772440944881
0
LINE
8
BLACK
6
CONTINUOUS
10
3.3976602755905509
20
1.1166772440944881
11
3.396911062992126
21
1.1204438188976378
0
LINE
8
BLACK
6
CONTINUOUS
10
3.396911062992126
20
1.1204438188976378
11
3.396911062992126
21
1.1558768897637794
0
LINE
8
BLACK
6
CONTINUOUS
10
3.396911062992126
20
1.1558768897637794
11
3.3976602755905509
21
1.1596434645669291
0
LINE
8
BLACK
6
CONTINUOUS
10
3.3976602755905509
20
1.1596434645669291
11
3.3997938582677163
21
1.1628366141732283
0
LINE
8
BLACK
6
CONTINUOUS
10
3.3997938582677163
20
1.1628366141732283
11
3.4029870078740156
21
1.1649701968503936
0
LINE
8
BLACK
6
CONTINUOUS
10
3.4029870078740156
20
1.1649701968503936
11
3.4067535826771653
21
1.1657194094488188
0
LINE
8
BLACK
6
CONTINUOUS
10
3.4067535826771653
20
1.1657194094488188
11
3.4274228740157477
21
1.1657194094488188
0
LINE
8
BLACK
6
CONTINUOUS
10
3.4274228740157477
20
1.1657194094488188
11
3.4311894488188974
21
1.1649701968503936
0
LINE
8
BLACK
6
CONTINUOUS
10
3.5030398425196849
20
1.1649701968503936
11
3.5062329921259843
21
1.1628366141732283
0
LINE
8
BLACK
6
CONTINUOUS
10
3.5062329921259843
20
1.1628366141732283
11
3.5083665748031496
21
1.1596434645669291
0
LINE
8
BLACK
6
CONTINUOUS
10
3.5083665748031496
20
1.1596434645669291
11
3.5091157874015746
21
1.1558768897637794
0
LINE
8
BLACK
6
CONTINUOUS
10
3.5091157874015746
20
1.1558768897637794
11
3.5091157874015746
21
1.1204438188976378
0
LINE
8
BLACK
6
CONTINUOUS
10
3.5091157874015746
20
1.1204438188976378
11
3.5083665748031496
21
1.1166772440944881
0
LINE
8
BLACK
6
CONTINUOUS
10
3.5083665748031496
20
1.1166772440944881
11
3.5062329921259843
21
1.113484094488189
0
LINE
8
BLACK
6
CONTINUOUS
10
3.5062329921259843
20
1.113484094488189
11
3.5030398425196849
21
1.1113505118110236
0
LINE
8
BLACK
6
CONTINUOUS
10
3.5030398425196849
20
1.1113505118110236
11
3.4992732677165352
21
1.1106012992125984
0
LINE
8
BLACK
6
CONTINUOUS
10
3.4992732677165352
20
1.1106012992125984
11
3.4786039763779528
21
1.1106012992125984
0
LINE
8
BLACK
6
CONTINUOUS
10
3.4786039763779528
20
1.1106012992125984
11
3.4748374015748031
21
1.1113505118110236
0
LINE
8
BLACK
6
CONTINUOUS
10
3.4748374015748031
20
1.1113505118110236
11
3.4716442519685038
21
1.113484094488189
0
LINE
8
BLACK
6
CONTINUOUS
10
3.4716442519685038
20
1.113484094488189
11
3.4695106692913384
21
1.1166772440944881
0
LINE
8
BLACK
6
CONTINUOUS
10
3.4695106692913384
20
1.1166772440944881
11
3.4687614566929135
21
1.1204438188976378
0
LINE
8
BLACK
6
CONTINUOUS
10
3.4687614566929135
20
1.1204438188976378
11
3.4687614566929135
21
1.1558768897637794
0
LINE
8
BLACK
6
CONTINUOUS
10
3.4687614566929135
20
1.1558768897637794
11
3.4695106692913384
21
1.1596434645669291
0
LINE
8
BLACK
6
CONTINUOUS
10
3.4695106692913384
20
1.1596434645669291
11
3.4716442519685038
21
1.1628366141732283
0
LINE
8
BLACK
6
CONTINUOUS
10
3.4716442519685038
20
1.1628366141732283
11
3.4748374015748031
21
1.1649701968503936
0
LINE
8
BLACK
6
CONTINUOUS
10
3.4748374015748031
20
1.1649701968503936
11
3.4786039763779528
21
1.1657194094488188
0
LINE
8
BLACK
6
CONTINUOUS
10
3.4786039763779528
20
1.1657194094488188
11
3.4992732677165352
21
1.1657194094488188
0
LINE
8
BLACK
6
CONTINUOUS
10
3.4992732677165352
20
1.1657194094488188
11
3.5030398425196849
21
1.1649701968503936
0
LINE
8
BLACK
6
CONTINUOUS
10
3.6036303937007874
20
1.1765843700787402
11
3.6068235433070863
21
1.1744507874015748
0
LINE
8
BLACK
6
CONTINUOUS
10
3.6068235433070863
20
1.1744507874015748
11
3.6089571259842517
21
1.1712576377952755
0
LINE
8
BLACK
6
CONTINUOUS
10
3.6089571259842517
20
1.1712576377952755
11
3.6097063385826771
21
1.167491062992126
0
LINE
8
BLACK
6
CONTINUOUS
10
3.6097063385826771
20
1.167491062992126
11
3.6097063385826771
21
1.1300894881889763
0
LINE
8
BLACK
6
CONTINUOUS
10
3.6097063385826771
20
1.1300894881889763
11
3.6089571259842517
21
1.1263229133858268
0
LINE
8
BLACK
6
CONTINUOUS
10
3.6089571259842517
20
1.1263229133858268
11
3.6068235433070863
21
1.1231297637795274
0
LINE
8
BLACK
6
CONTINUOUS
10
3.6068235433070863
20
1.1231297637795274
11
3.6036303937007874
21
1.1209961811023621
0
LINE
8
BLACK
6
CONTINUOUS
10
3.6036303937007874
20
1.1209961811023621
11
3.5998638188976377
21
1.1202469685039369
0
LINE
8
BLACK
6
CONTINUOUS
10
3.5998638188976377
20
1.1202469685039369
11
3.580178779527559
21
1.1202469685039369
0
LINE
8
BLACK
6
CONTINUOUS
10
3.580178779527559
20
1.1202469685039369
11
3.5764122047244093
21
1.1209961811023621
0
LINE
8
BLACK
6
CONTINUOUS
10
3.5764122047244093
20
1.1209961811023621
11
3.57321905511811
21
1.1231297637795274
0
LINE
8
BLACK
6
CONTINUOUS
10
3.57321905511811
20
1.1231297637795274
11
3.5710854724409447
21
1.1263229133858268
0
LINE
8
BLACK
6
CONTINUOUS
10
3.5710854724409447
20
1.1263229133858268
11
3.5703362598425197
21
1.1300894881889763
0
LINE
8
BLACK
6
CONTINUOUS
10
3.5703362598425197
20
1.1300894881889763
11
3.5703362598425197
21
1.167491062992126
0
LINE
8
BLACK
6
CONTINUOUS
10
3.5703362598425197
20
1.167491062992126
11
3.5710854724409447
21
1.1712576377952755
0
LINE
8
BLACK
6
CONTINUOUS
10
3.5710854724409447
20
1.1712576377952755
11
3.57321905511811
21
1.1744507874015748
0
LINE
8
BLACK
6
CONTINUOUS
10
3.57321905511811
20
1.1744507874015748
11
3.5764122047244093
21
1.1765843700787402
0
LINE
8
BLACK
6
CONTINUOUS
10
3.5764122047244093
20
1.1765843700787402
11
3.580178779527559
21
1.1773335826771654
0
LINE
8
BLACK
6
CONTINUOUS
10
3.580178779527559
20
1.1773335826771654
11
3.5998638188976377
21
1.1773335826771654
0
LINE
8
BLACK
6
CONTINUOUS
10
3.5998638188976377
20
1.1773335826771654
11
3.6036303937007874
21
1.1765843700787402
0
LINE
8
BLACK
6
CONTINUOUS
10
3.6784335433070865
20
1.1765843700787402
11
3.6816266929133858
21
1.1744507874015748
0
LINE
8
BLACK
6
CONTINUOUS
10
3.6816266929133858
20
1.1744507874015748
11
3.6837602755905512
21
1.1712576377952755
0
LINE
8
BLACK
6
CONTINUOUS
10
3.6837602755905512
20
1.1712576377952755
11
3.6845094881889762
21
1.167491062992126
0
LINE
8
BLACK
6
CONTINUOUS
10
3.6845094881889762
20
1.167491062992126
11
3.6845094881889762
21
1.1300894881889763
0
LINE
8
BLACK
6
CONTINUOUS
10
3.6845094881889762
20
1.1300894881889763
11
3.6837602755905512
21
1.1263229133858268
0
LINE
8
BLACK
6
CONTINUOUS
10
3.6837602755905512
20
1.1263229133858268
11
3.6816266929133858
21
1.1231297637795274
0
LINE
8
BLACK
6
CONTINUOUS
10
3.6816266929133858
20
1.1231297637795274
11
3.6784335433070865
21
1.1209961811023621
0
LINE
8
BLACK
6
CONTINUOUS
10
3.6784335433070865
20
1.1209961811023621
11
3.6746669685039368
21
1.1202469685039369
0
LINE
8
BLACK
6
CONTINUOUS
10
3.6746669685039368
20
1.1202469685039369
11
3.6549819291338581
21
1.1202469685039369
0
LINE
8
BLACK
6
CONTINUOUS
10
3.6549819291338581
20
1.1202469685039369
11
3.6512153543307084
21
1.1209961811023621
0
LINE
8
BLACK
6
CONTINUOUS
10
3.6512153543307084
20
1.1209961811023621
11
3.6480222047244095
21
1.1231297637795274
0
LINE
8
BLACK
6
CONTINUOUS
10
3.6480222047244095
20
1.1231297637795274
11
3.6458886220472442
21
1.1263229133858268
0
LINE
8
BLACK
6
CONTINUOUS
10
3.6458886220472442
20
1.1263229133858268
11
3.6451394094488188
21
1.1300894881889763
0
LINE
8
BLACK
6
CONTINUOUS
10
3.6451394094488188
20
1.1300894881889763
11
3.6451394094488188
21
1.167491062992126
0
LINE
8
BLACK
6
CONTINUOUS
10
3.6451394094488188
20
1.167491062992126
11
3.6458886220472442
21
1.1712576377952755
0
LINE
8
BLACK
6
CONTINUOUS
10
3.6458886220472442
20
1.1712576377952755
11
3.6480222047244095
21
1.1744507874015748
0
LINE
8
BLACK
6
CONTINUOUS
10
3.6480222047244095
20
1.1744507874015748
11
3.6512153543307084
21
1.1765843700787402
0
LINE
8
BLACK
6
CONTINUOUS
10
3.6512153543307084
20
1.1765843700787402
11
3.6549819291338581
21
1.1773335826771654
0
LINE
8
BLACK
6
CONTINUOUS
10
3.6549819291338581
20
1.1773335826771654
11
3.6746669685039368
21
1.1773335826771654
0
LINE
8
BLACK
6
CONTINUOUS
10
3.6746669685039368
20
1.1773335826771654
11
3.6784335433070865
21
1.1765843700787402
0
LINE
8
BLACK
6
CONTINUOUS
10
1.2461181102362204
20
1.1231889763779528
11
1.1870629921259843
21
1.1231889763779528
0
LINE
8
BLACK
6
CONTINUOUS
10
1.1870629921259843
20
1.1231889763779528
11
1.1870629921259843
21
1.1448425196850394
0
LINE
8
BLACK
6
CONTINUOUS
10
1.1870629921259843
20
1.1448425196850394
11
1.2461181102362204
21
1.1448425196850394
0
LINE
8
BLACK
6
CONTINUOUS
10
1.2461181102362204
20
1.1448425196850394
11
1.2461181102362204
21
1.1231889763779528
0
LINE
8
BLACK
6
CONTINUOUS
10
1.6949370078740158
20
1.1231889763779528
11
1.6358818897637795
21
1.1231889763779528
0
LINE
8
BLACK
6
CONTINUOUS
10
1.6358818897637795
20
1.1231889763779528
11
1.6358818897637795
21
1.1448425196850394
0
LINE
8
BLACK
6
CONTINUOUS
10
1.6358818897637795
20
1.1448425196850394
11
1.6949370078740158
21
1.1448425196850394
0
LINE
8
BLACK
6
CONTINUOUS
10
1.6949370078740158
20
1.1448425196850394
11
1.6949370078740158
21
1.1231889763779528
0
LINE
8
BLACK
6
CONTINUOUS
10
1.2461181102362204
20
1.1546850393700787
11
1.1870629921259843
21
1.1546850393700787
0
LINE
8
BLACK
6
CONTINUOUS
10
1.1870629921259843
20
1.1546850393700787
11
1.1870629921259843
21
1.1763385826771653
0
LINE
8
BLACK
6
CONTINUOUS
10
1.1870629921259843
20
1.1763385826771653
11
1.2461181102362204
21
1.1763385826771653
0
LINE
8
BLACK
6
CONTINUOUS
10
1.2461181102362204
20
1.1763385826771653
11
1.2461181102362204
21
1.1546850393700787
0
LINE
8
BLACK
6
CONTINUOUS
10
1.6949370078740158
20
1.1546850393700787
11
1.6358818897637795
21
1.1546850393700787
0
LINE
8
BLACK
6
CONTINUOUS
10
1.6358818897637795
20
1.1546850393700787
11
1.6358818897637795
21
1.1763385826771653
0
LINE
8
BLACK
6
CONTINUOUS
10
1.6358818897637795
20
1.1763385826771653
11
1.6949370078740158
21
1.1763385826771653
0
LINE
8
BLACK
6
CONTINUOUS
10
1.6949370078740158
20
1.1763385826771653
11
1.6949370078740158
21
1.1546850393700787
0
LINE
8
BLACK
6
CONTINUOUS
10
1.0897665354330708
20
1.1973767716535433
11
1.0929596850393701
21
1.1952431889763779
0
LINE
8
BLACK
6
CONTINUOUS
10
1.0929596850393701
20
1.1952431889763779
11
1.0950932677165355
21
1.1920500393700788
0
LINE
8
BLACK
6
CONTINUOUS
10
1.0950932677165355
20
1.1920500393700788
11
1.0958424803149607
21
1.1882834645669291
0
LINE
8
BLACK
6
CONTINUOUS
10
1.0958424803149607
20
1.1882834645669291
11
1.0958424803149607
21
1.1685984251968504
0
LINE
8
BLACK
6
CONTINUOUS
10
1.0958424803149607
20
1.1685984251968504
11
1.0950932677165355
21
1.1648318503937007
0
LINE
8
BLACK
6
CONTINUOUS
10
1.0950932677165355
20
1.1648318503937007
11
1.0929596850393701
21
1.1616387007874016
0
LINE
8
BLACK
6
CONTINUOUS
10
1.0929596850393701
20
1.1616387007874016
11
1.0897665354330708
21
1.1595051181102363
0
LINE
8
BLACK
6
CONTINUOUS
10
1.0897665354330708
20
1.1595051181102363
11
1.0859999606299213
21
1.1587559055118111
0
LINE
8
BLACK
6
CONTINUOUS
10
1.0859999606299213
20
1.1587559055118111
11
1.0485983858267716
21
1.1587559055118111
0
LINE
8
BLACK
6
CONTINUOUS
10
1.0485983858267716
20
1.1587559055118111
11
1.0448318110236221
21
1.1595051181102363
0
LINE
8
BLACK
6
CONTINUOUS
10
1.0448318110236221
20
1.1595051181102363
11
1.0416386614173228
21
1.1616387007874016
0
LINE
8
BLACK
6
CONTINUOUS
10
1.0416386614173228
20
1.1616387007874016
11
1.0395050787401574
21
1.1648318503937007
0
LINE
8
BLACK
6
CONTINUOUS
10
1.0395050787401574
20
1.1648318503937007
11
1.0387558661417322
21
1.1685984251968504
0
LINE
8
BLACK
6
CONTINUOUS
10
1.0387558661417322
20
1.1685984251968504
11
1.0387558661417322
21
1.1882834645669291
0
LINE
8
BLACK
6
CONTINUOUS
10
1.0387558661417322
20
1.1882834645669291
11
1.0395050787401574
21
1.1920500393700788
0
LINE
8
BLACK
6
CONTINUOUS
10
1.0395050787401574
20
1.1920500393700788
11
1.0416386614173228
21
1.1952431889763779
0
LINE
8
BLACK
6
CONTINUOUS
10
1.0416386614173228
20
1.1952431889763779
11
1.0448318110236221
21
1.1973767716535433
0
LINE
8
BLACK
6
CONTINUOUS
10
1.0448318110236221
20
1.1973767716535433
11
1.0485983858267716
21
1.1981259842519685
0
LINE
8
BLACK
6
CONTINUOUS
10
1.0485983858267716
20
1.1981259842519685
11
1.0859999606299213
21
1.1981259842519685
0
LINE
8
BLACK
6
CONTINUOUS
10
1.0859999606299213
20
1.1981259842519685
11
1.0897665354330708
21
1.1973767716535433
0
LINE
8
BLACK
6
CONTINUOUS
10
0.4777638976377953
20
1.2426764566929134
11
0.4796797637795275
21
1.2413962992125984
0
LINE
8
BLACK
6
CONTINUOUS
10
0.4796797637795275
20
1.2413962992125984
11
0.4809599212598425
21
1.2394804330708662
0
LINE
8
BLACK
6
CONTINUOUS
10
0.4809599212598425
20
1.2394804330708662
11
0.4814094488188976
21
1.2372204724409448
0
LINE
8
BLACK
6
CONTINUOUS
10
0.4814094488188976
20
1.2372204724409448
11
0.4814094488188976
21
1.1909606299212598
0
LINE
8
BLACK
6
CONTINUOUS
10
0.4814094488188976
20
1.1909606299212598
11
0.4809599212598425
21
1.1887006692913387
0
LINE
8
BLACK
6
CONTINUOUS
10
0.4809599212598425
20
1.1887006692913387
11
0.4796797637795275
21
1.1867848031496062
0
LINE
8
BLACK
6
CONTINUOUS
10
0.4796797637795275
20
1.1867848031496062
11
0.4777638976377953
21
1.1855046456692913
0
LINE
8
BLACK
6
CONTINUOUS
10
0.4777638976377953
20
1.1855046456692913
11
0.475503937007874
21
1.1850551181102362
0
LINE
8
BLACK
6
CONTINUOUS
10
0.475503937007874
20
1.1850551181102362
11
0.4636929133858267
21
1.1850551181102362
0
LINE
8
BLACK
6
CONTINUOUS
10
0.4636929133858267
20
1.1850551181102362
11
0.4614329527559055
21
1.1855046456692913
0
LINE
8
BLACK
6
CONTINUOUS
10
0.4614329527559055
20
1.1855046456692913
11
0.4595170866141732
21
1.1867848031496062
0
LINE
8
BLACK
6
CONTINUOUS
10
0.4595170866141732
20
1.1867848031496062
11
0.4582369291338583
21
1.1887006692913387
0
LINE
8
BLACK
6
CONTINUOUS
10
0.4582369291338583
20
1.1887006692913387
11
0.4577874015748031
21
1.1909606299212598
0
LINE
8
BLACK
6
CONTINUOUS
10
0.4577874015748031
20
1.1909606299212598
11
0.4577874015748031
21
1.2372204724409448
0
LINE
8
BLACK
6
CONTINUOUS
10
0.4577874015748031
20
1.2372204724409448
11
0.4582369291338583
21
1.2394804330708662
0
LINE
8
BLACK
6
CONTINUOUS
10
0.4582369291338583
20
1.2394804330708662
11
0.4595170866141732
21
1.2413962992125984
0
LINE
8
BLACK
6
CONTINUOUS
10
0.4595170866141732
20
1.2413962992125984
11
0.4614329527559055
21
1.2426764566929134
0
LINE
8
BLACK
6
CONTINUOUS
10
0.4614329527559055
20
1.2426764566929134
11
0.4636929133858267
21
1.2431259842519684
0
LINE
8
BLACK
6
CONTINUOUS
10
0.4636929133858267
20
1.2431259842519684
11
0.475503937007874
21
1.2431259842519684
0
LINE
8
BLACK
6
CONTINUOUS
10
0.475503937007874
20
1.2431259842519684
11
0.4777638976377953
21
1.2426764566929134
0
LINE
8
BLACK
6
CONTINUOUS
10
0.5525670472440944
20
1.2426764566929134
11
0.5544829133858268
21
1.2413962992125984
0
LINE
8
BLACK
6
CONTINUOUS
10
0.5544829133858268
20
1.2413962992125984
11
0.5557630708661417
21
1.2394804330708662
0
LINE
8
BLACK
6
CONTINUOUS
10
0.5557630708661417
20
1.2394804330708662
11
0.5562125984251969
21
1.2372204724409448
0
LINE
8
BLACK
6
CONTINUOUS
10
0.5562125984251969
20
1.2372204724409448
11
0.5562125984251969
21
1.1909606299212598
0
LINE
8
BLACK
6
CONTINUOUS
10
0.5562125984251969
20
1.1909606299212598
11
0.5557630708661417
21
1.1887006692913387
0
LINE
8
BLACK
6
CONTINUOUS
10
0.5557630708661417
20
1.1887006692913387
11
0.5544829133858268
21
1.1867848031496062
0
LINE
8
BLACK
6
CONTINUOUS
10
0.5544829133858268
20
1.1867848031496062
11
0.5525670472440944
21
1.1855046456692913
0
LINE
8
BLACK
6
CONTINUOUS
10
0.5525670472440944
20
1.1855046456692913
11
0.5503070866141733
21
1.1850551181102362
0
LINE
8
BLACK
6
CONTINUOUS
10
0.5503070866141733
20
1.1850551181102362
11
0.5384960629921259
21
1.1850551181102362
0
LINE
8
BLACK
6
CONTINUOUS
10
0.5384960629921259
20
1.1850551181102362
11
0.5362361023622048
21
1.1855046456692913
0
LINE
8
BLACK
6
CONTINUOUS
10
0.5362361023622048
20
1.1855046456692913
11
0.5343202362204724
21
1.1867848031496062
0
LINE
8
BLACK
6
CONTINUOUS
10
0.5343202362204724
20
1.1867848031496062
11
0.5330400787401575
21
1.1887006692913387
0
LINE
8
BLACK
6
CONTINUOUS
10
0.5330400787401575
20
1.1887006692913387
11
0.5325905511811023
21
1.1909606299212598
0
LINE
8
BLACK
6
CONTINUOUS
10
0.5325905511811023
20
1.1909606299212598
11
0.5325905511811023
21
1.2372204724409448
0
LINE
8
BLACK
6
CONTINUOUS
10
0.5325905511811023
20
1.2372204724409448
11
0.5330400787401575
21
1.2394804330708662
0
LINE
8
BLACK
6
CONTINUOUS
10
0.5330400787401575
20
1.2394804330708662
11
0.5343202362204724
21
1.2413962992125984
0
LINE
8
BLACK
6
CONTINUOUS
10
0.5343202362204724
20
1.2413962992125984
11
0.5362361023622048
21
1.2426764566929134
0
LINE
8
BLACK
6
CONTINUOUS
10
0.5362361023622048
20
1.2426764566929134
11
0.5384960629921259
21
1.2431259842519684
0
LINE
8
BLACK
6
CONTINUOUS
10
0.5384960629921259
20
1.2431259842519684
11
0.5503070866141733
21
1.2431259842519684
0
LINE
8
BLACK
6
CONTINUOUS
10
0.5503070866141733
20
1.2431259842519684
11
0.5525670472440944
21
1.2426764566929134
0
LINE
8
BLACK
6
CONTINUOUS
10
1.2461181102362204
20
1.1861811023622046
11
1.1870629921259843
21
1.1861811023622046
0
LINE
8
BLACK
6
CONTINUOUS
10
1.1870629921259843
20
1.1861811023622046
11
1.1870629921259843
21
1.2078346456692912
0
LINE
8
BLACK
6
CONTINUOUS
10
1.1870629921259843
20
1.2078346456692912
11
1.2461181102362204
21
1.2078346456692912
0
LINE
8
BLACK
6
CONTINUOUS
10
1.2461181102362204
20
1.2078346456692912
11
1.2461181102362204
21
1.1861811023622046
0
LINE
8
BLACK
6
CONTINUOUS
10
1.6949370078740158
20
1.1861811023622046
11
1.6358818897637795
21
1.1861811023622046
0
LINE
8
BLACK
6
CONTINUOUS
10
1.6358818897637795
20
1.1861811023622046
11
1.6358818897637795
21
1.2078346456692912
0
LINE
8
BLACK
6
CONTINUOUS
10
1.6358818897637795
20
1.2078346456692912
11
1.6949370078740158
21
1.2078346456692912
0
LINE
8
BLACK
6
CONTINUOUS
10
1.6949370078740158
20
1.2078346456692912
11
1.6949370078740158
21
1.1861811023622046
0
LINE
8
BLACK
6
CONTINUOUS
10
1.7954673622047244
20
1.241534251968504
11
1.7986605118110235
21
1.2394006692913386
0
LINE
8
BLACK
6
CONTINUOUS
10
1.7986605118110235
20
1.2394006692913386
11
1.8007940944881888
21
1.2362075196850393
0
LINE
8
BLACK
6
CONTINUOUS
10
1.8007940944881888
20
1.2362075196850393
11
1.801543307086614
21
1.2324409448818898
0
LINE
8
BLACK
6
CONTINUOUS
10
1.801543307086614
20
1.2324409448818898
11
1.801543307086614
21
1.2127559055118109
0
LINE
8
BLACK
6
CONTINUOUS
10
1.801543307086614
20
1.2127559055118109
11
1.8007940944881888
21
1.2089893307086614
0
LINE
8
BLACK
6
CONTINUOUS
10
1.8007940944881888
20
1.2089893307086614
11
1.7986605118110235
21
1.2057961811023621
0
LINE
8
BLACK
6
CONTINUOUS
10
1.7986605118110235
20
1.2057961811023621
11
1.7954673622047244
21
1.2036625984251967
0
LINE
8
BLACK
6
CONTINUOUS
10
1.7954673622047244
20
1.2036625984251967
11
1.7917007874015747
21
1.2029133858267715
0
LINE
8
BLACK
6
CONTINUOUS
10
1.7917007874015747
20
1.2029133858267715
11
1.7542992125984251
21
1.2029133858267715
0
LINE
8
BLACK
6
CONTINUOUS
10
1.7542992125984251
20
1.2029133858267715
11
1.7505326377952755
21
1.2036625984251967
0
LINE
8
BLACK
6
CONTINUOUS
10
1.7505326377952755
20
1.2036625984251967
11
1.7473394881889763
21
1.2057961811023621
0
LINE
8
BLACK
6
CONTINUOUS
10
1.7473394881889763
20
1.2057961811023621
11
1.745205905511811
21
1.2089893307086614
0
LINE
8
BLACK
6
CONTINUOUS
10
1.745205905511811
20
1.2089893307086614
11
1.7444566929133858
21
1.2127559055118109
0
LINE
8
BLACK
6
CONTINUOUS
10
1.7444566929133858
20
1.2127559055118109
11
1.7444566929133858
21
1.2324409448818898
0
LINE
8
BLACK
6
CONTINUOUS
10
1.7444566929133858
20
1.2324409448818898
11
1.745205905511811
21
1.2362075196850393
0
LINE
8
BLACK
6
CONTINUOUS
10
1.745205905511811
20
1.2362075196850393
11
1.7473394881889763
21
1.2394006692913386
0
LINE
8
BLACK
6
CONTINUOUS
10
1.7473394881889763
20
1.2394006692913386
11
1.7505326377952755
21
1.241534251968504
0
LINE
8
BLACK
6
CONTINUOUS
10
1.7505326377952755
20
1.241534251968504
11
1.7542992125984251
21
1.2422834645669292
0
LINE
8
BLACK
6
CONTINUOUS
10
1.7542992125984251
20
1.2422834645669292
11
1.7917007874015747
21
1.2422834645669292
0
LINE
8
BLACK
6
CONTINUOUS
10
1.7917007874015747
20
1.2422834645669292
11
1.7954673622047244
21
1.241534251968504
0
LINE
8
BLACK
6
CONTINUOUS
10
1.2461181102362204
20
1.2176771653543306
11
1.1870629921259843
21
1.2176771653543306
0
LINE
8
BLACK
6
CONTINUOUS
10
1.1870629921259843
20
1.2176771653543306
11
1.1870629921259843
21
1.2393307086614174
0
LINE
8
BLACK
6
CONTINUOUS
10
1.1870629921259843
20
1.2393307086614174
11
1.2461181102362204
21
1.2393307086614174
0
LINE
8
BLACK
6
CONTINUOUS
10
1.2461181102362204
20
1.2393307086614174
11
1.2461181102362204
21
1.2176771653543306
0
LINE
8
BLACK
6
CONTINUOUS
10
1.6949370078740158
20
1.2176771653543306
11
1.6358818897637795
21
1.2176771653543306
0
LINE
8
BLACK
6
CONTINUOUS
10
1.6358818897637795
20
1.2176771653543306
11
1.6358818897637795
21
1.2393307086614174
0
LINE
8
BLACK
6
CONTINUOUS
10
1.6358818897637795
20
1.2393307086614174
11
1.6949370078740158
21
1.2393307086614174
0
LINE
8
BLACK
6
CONTINUOUS
10
1.6949370078740158
20
1.2393307086614174
11
1.6949370078740158
21
1.2176771653543306
0
LINE
8
BLACK
6
CONTINUOUS
10
0.6331760236220473
20
1.2758098425196851
11
0.6363691732283464
21
1.2736762598425198
0
LINE
8
BLACK
6
CONTINUOUS
10
0.6363691732283464
20
1.2736762598425198
11
0.6385027559055118
21
1.2704831102362204
0
LINE
8
BLACK
6
CONTINUOUS
10
0.6385027559055118
20
1.2704831102362204
11
0.639251968503937
21
1.2667165354330709
0
LINE
8
BLACK
6
CONTINUOUS
10
0.639251968503937
20
1.2667165354330709
11
0.639251968503937
21
1.2312834645669291
0
LINE
8
BLACK
6
CONTINUOUS
10
0.639251968503937
20
1.2312834645669291
11
0.6385027559055118
21
1.2275168897637796
0
LINE
8
BLACK
6
CONTINUOUS
10
0.6385027559055118
20
1.2275168897637796
11
0.6363691732283464
21
1.2243237401574802
0
LINE
8
BLACK
6
CONTINUOUS
10
0.6363691732283464
20
1.2243237401574802
11
0.6331760236220473
21
1.2221901574803149
0
LINE
8
BLACK
6
CONTINUOUS
10
0.6331760236220473
20
1.2221901574803149
11
0.6294094488188976
21
1.2214409448818897
0
LINE
8
BLACK
6
CONTINUOUS
10
0.6294094488188976
20
1.2214409448818897
11
0.608740157480315
21
1.2214409448818897
0
LINE
8
BLACK
6
CONTINUOUS
10
0.608740157480315
20
1.2214409448818897
11
0.6049735826771654
21
1.2221901574803149
0
LINE
8
BLACK
6
CONTINUOUS
10
0.6049735826771654
20
1.2221901574803149
11
0.6017804330708661
21
1.2243237401574802
0
LINE
8
BLACK
6
CONTINUOUS
10
0.6017804330708661
20
1.2243237401574802
11
0.5996468503937008
21
1.2275168897637796
0
LINE
8
BLACK
6
CONTINUOUS
10
0.5996468503937008
20
1.2275168897637796
11
0.5988976377952756
21
1.2312834645669291
0
LINE
8
BLACK
6
CONTINUOUS
10
0.5988976377952756
20
1.2312834645669291
11
0.5988976377952756
21
1.2667165354330709
0
LINE
8
BLACK
6
CONTINUOUS
10
0.5988976377952756
20
1.2667165354330709
11
0.5996468503937008
21
1.2704831102362204
0
LINE
8
BLACK
6
CONTINUOUS
10
0.5996468503937008
20
1.2704831102362204
11
0.6017804330708661
21
1.2736762598425198
0
LINE
8
BLACK
6
CONTINUOUS
10
0.6017804330708661
20
1.2736762598425198
11
0.6049735826771654
21
1.2758098425196851
0
LINE
8
BLACK
6
CONTINUOUS
10
0.6049735826771654
20
1.2758098425196851
11
0.608740157480315
21
1.2765590551181103
0
LINE
8
BLACK
6
CONTINUOUS
10
0.608740157480315
20
1.2765590551181103
11
0.6294094488188976
21
1.2765590551181103
0
LINE
8
BLACK
6
CONTINUOUS
10
0.6294094488188976
20
1.2765590551181103
11
0.6331760236220473
21
1.2758098425196851
0
LINE
8
BLACK
6
CONTINUOUS
10
0.7050264173228347
20
1.2758098425196851
11
0.7082195669291338
21
1.2736762598425198
0
LINE
8
BLACK
6
CONTINUOUS
10
0.7082195669291338
20
1.2736762598425198
11
0.7103531496062993
21
1.2704831102362204
0
LINE
8
BLACK
6
CONTINUOUS
10
0.7103531496062993
20
1.2704831102362204
11
0.7111023622047244
21
1.2667165354330709
0
LINE
8
BLACK
6
CONTINUOUS
10
0.7111023622047244
20
1.2667165354330709
11
0.7111023622047244
21
1.2312834645669291
0
LINE
8
BLACK
6
CONTINUOUS
10
0.7111023622047244
20
1.2312834645669291
11
0.7103531496062993
21
1.2275168897637796
0
LINE
8
BLACK
6
CONTINUOUS
10
0.7103531496062993
20
1.2275168897637796
11
0.7082195669291338
21
1.2243237401574802
0
LINE
8
BLACK
6
CONTINUOUS
10
0.7082195669291338
20
1.2243237401574802
11
0.7050264173228347
21
1.2221901574803149
0
LINE
8
BLACK
6
CONTINUOUS
10
0.7050264173228347
20
1.2221901574803149
11
0.701259842519685
21
1.2214409448818897
0
LINE
8
BLACK
6
CONTINUOUS
10
0.701259842519685
20
1.2214409448818897
11
0.6805905511811023
21
1.2214409448818897
0
LINE
8
BLACK
6
CONTINUOUS
10
0.6805905511811023
20
1.2214409448818897
11
0.6768239763779528
21
1.2221901574803149
0
LINE
8
BLACK
6
CONTINUOUS
10
0.6768239763779528
20
1.2221901574803149
11
0.6736308267716535
21
1.2243237401574802
0
LINE
8
BLACK
6
CONTINUOUS
10
0.6736308267716535
20
1.2243237401574802
11
0.6714972440944882
21
1.2275168897637796
0
LINE
8
BLACK
6
CONTINUOUS
10
0.6714972440944882
20
1.2275168897637796
11
0.670748031496063
21
1.2312834645669291
0
LINE
8
BLACK
6
CONTINUOUS
10
0.670748031496063
20
1.2312834645669291
11
0.670748031496063
21
1.2667165354330709
0
LINE
8
BLACK
6
CONTINUOUS
10
0.670748031496063
20
1.2667165354330709
11
0.6714972440944882
21
1.2704831102362204
0
LINE
8
BLACK
6
CONTINUOUS
10
0.6714972440944882
20
1.2704831102362204
11
0.6736308267716535
21
1.2736762598425198
0
LINE
8
BLACK
6
CONTINUOUS
10
0.6736308267716535
20
1.2736762598425198
11
0.6768239763779528
21
1.2758098425196851
0
LINE
8
BLACK
6
CONTINUOUS
10
0.6768239763779528
20
1.2758098425196851
11
0.6805905511811023
21
1.2765590551181103
0
LINE
8
BLACK
6
CONTINUOUS
10
0.6805905511811023
20
1.2765590551181103
11
0.701259842519685
21
1.2765590551181103
0
LINE
8
BLACK
6
CONTINUOUS
10
0.701259842519685
20
1.2765590551181103
11
0.7050264173228347
21
1.2758098425196851
0
LINE
8
BLACK
6
CONTINUOUS
10
3.4311894488188974
20
1.2811119291338582
11
3.4343825984251968
21
1.2789783464566928
0
LINE
8
BLACK
6
CONTINUOUS
10
3.4343825984251968
20
1.2789783464566928
11
3.4365161811023621
21
1.2757851968503937
0
LINE
8
BLACK
6
CONTINUOUS
10
3.4365161811023621
20
1.2757851968503937
11
3.4372653937007875
21
1.272018622047244
0
LINE
8
BLACK
6
CONTINUOUS
10
3.4372653937007875
20
1.272018622047244
11
3.4372653937007875
21
1.2365855511811024
0
LINE
8
BLACK
6
CONTINUOUS
10
3.4372653937007875
20
1.2365855511811024
11
3.4365161811023621
21
1.2328189763779527
0
LINE
8
BLACK
6
CONTINUOUS
10
3.4365161811023621
20
1.2328189763779527
11
3.4343825984251968
21
1.2296258267716536
0
LINE
8
BLACK
6
CONTINUOUS
10
3.4343825984251968
20
1.2296258267716536
11
3.4311894488188974
21
1.2274922440944882
0
LINE
8
BLACK
6
CONTINUOUS
10
3.4311894488188974
20
1.2274922440944882
11
3.4274228740157477
21
1.226743031496063
0
LINE
8
BLACK
6
CONTINUOUS
10
3.4274228740157477
20
1.226743031496063
11
3.4067535826771653
21
1.226743031496063
0
LINE
8
BLACK
6
CONTINUOUS
10
3.4067535826771653
20
1.226743031496063
11
3.4029870078740156
21
1.2274922440944882
0
LINE
8
BLACK
6
CONTINUOUS
10
3.4029870078740156
20
1.2274922440944882
11
3.3997938582677163
21
1.2296258267716536
0
LINE
8
BLACK
6
CONTINUOUS
10
3.3997938582677163
20
1.2296258267716536
11
3.3976602755905509
21
1.2328189763779527
0
LINE
8
BLACK
6
CONTINUOUS
10
3.3976602755905509
20
1.2328189763779527
11
3.396911062992126
21
1.2365855511811024
0
LINE
8
BLACK
6
CONTINUOUS
10
3.396911062992126
20
1.2365855511811024
11
3.396911062992126
21
1.272018622047244
0
LINE
8
BLACK
6
CONTINUOUS
10
3.396911062992126
20
1.272018622047244
11
3.3976602755905509
21
1.2757851968503937
0
LINE
8
BLACK
6
CONTINUOUS
10
3.3976602755905509
20
1.2757851968503937
11
3.3997938582677163
21
1.2789783464566928
0
LINE
8
BLACK
6
CONTINUOUS
10
3.3997938582677163
20
1.2789783464566928
11
3.4029870078740156
21
1.2811119291338582
0
LINE
8
BLACK
6
CONTINUOUS
10
3.4029870078740156
20
1.2811119291338582
11
3.4067535826771653
21
1.2818611417322834
0
LINE
8
BLACK
6
CONTINUOUS
10
3.4067535826771653
20
1.2818611417322834
11
3.4274228740157477
21
1.2818611417322834
0
LINE
8
BLACK
6
CONTINUOUS
10
3.4274228740157477
20
1.2818611417322834
11
3.4311894488188974
21
1.2811119291338582
0
LINE
8
BLACK
6
CONTINUOUS
10
3.5030398425196849
20
1.2811119291338582
11
3.5062329921259843
21
1.2789783464566928
0
LINE
8
BLACK
6
CONTINUOUS
10
3.5062329921259843
20
1.2789783464566928
11
3.5083665748031496
21
1.2757851968503937
0
LINE
8
BLACK
6
CONTINUOUS
10
3.5083665748031496
20
1.2757851968503937
11
3.5091157874015746
21
1.272018622047244
0
LINE
8
BLACK
6
CONTINUOUS
10
3.5091157874015746
20
1.272018622047244
11
3.5091157874015746
21
1.2365855511811024
0
LINE
8
BLACK
6
CONTINUOUS
10
3.5091157874015746
20
1.2365855511811024
11
3.5083665748031496
21
1.2328189763779527
0
LINE
8
BLACK
6
CONTINUOUS
10
3.5083665748031496
20
1.2328189763779527
11
3.5062329921259843
21
1.2296258267716536
0
LINE
8
BLACK
6
CONTINUOUS
10
3.5062329921259843
20
1.2296258267716536
11
3.5030398425196849
21
1.2274922440944882
0
LINE
8
BLACK
6
CONTINUOUS
10
3.5030398425196849
20
1.2274922440944882
11
3.4992732677165352
21
1.226743031496063
0
LINE
8
BLACK
6
CONTINUOUS
10
3.4992732677165352
20
1.226743031496063
11
3.4786039763779528
21
1.226743031496063
0
LINE
8
BLACK
6
CONTINUOUS
10
3.4786039763779528
20
1.226743031496063
11
3.4748374015748031
21
1.2274922440944882
0
LINE
8
BLACK
6
CONTINUOUS
10
3.4748374015748031
20
1.2274922440944882
11
3.4716442519685038
21
1.2296258267716536
0
LINE
8
BLACK
6
CONTINUOUS
10
3.4716442519685038
20
1.2296258267716536
11
3.4695106692913384
21
1.2328189763779527
0
LINE
8
BLACK
6
CONTINUOUS
10
3.4695106692913384
20
1.2328189763779527
11
3.4687614566929135
21
1.2365855511811024
0
LINE
8
BLACK
6
CONTINUOUS
10
3.4687614566929135
20
1.2365855511811024
11
3.4687614566929135
21
1.272018622047244
0
LINE
8
BLACK
6
CONTINUOUS
10
3.4687614566929135
20
1.272018622047244
11
3.4695106692913384
21
1.2757851968503937
0
LINE
8
BLACK
6
CONTINUOUS
10
3.4695106692913384
20
1.2757851968503937
11
3.4716442519685038
21
1.2789783464566928
0
LINE
8
BLACK
6
CONTINUOUS
10
3.4716442519685038
20
1.2789783464566928
11
3.4748374015748031
21
1.2811119291338582
0
LINE
8
BLACK
6
CONTINUOUS
10
3.4748374015748031
20
1.2811119291338582
11
3.4786039763779528
21
1.2818611417322834
0
LINE
8
BLACK
6
CONTINUOUS
10
3.4786039763779528
20
1.2818611417322834
11
3.4992732677165352
21
1.2818611417322834
0
LINE
8
BLACK
6
CONTINUOUS
10
3.4992732677165352
20
1.2818611417322834
11
3.5030398425196849
21
1.2811119291338582
0
LINE
8
BLACK
6
CONTINUOUS
10
1.0897665354330708
20
1.2721799212598426
11
1.0929596850393701
21
1.2700463385826772
0
LINE
8
BLACK
6
CONTINUOUS
10
1.0929596850393701
20
1.2700463385826772
11
1.0950932677165355
21
1.2668531889763779
0
LINE
8
BLACK
6
CONTINUOUS
10
1.0950932677165355
20
1.2668531889763779
11
1.0958424803149607
21
1.2630866141732284
0
LINE
8
BLACK
6
CONTINUOUS
10
1.0958424803149607
20
1.2630866141732284
11
1.0958424803149607
21
1.2434015748031495
0
LINE
8
BLACK
6
CONTINUOUS
10
1.0958424803149607
20
1.2434015748031495
11
1.0950932677165355
21
1.239635
0
LINE
8
BLACK
6
CONTINUOUS
10
1.0950932677165355
20
1.239635
11
1.0929596850393701
21
1.2364418503937007
0
LINE
8
BLACK
6
CONTINUOUS
10
1.0929596850393701
20
1.2364418503937007
11
1.0897665354330708
21
1.2343082677165353
0
LINE
8
BLACK
6
CONTINUOUS
10
1.0897665354330708
20
1.2343082677165353
11
1.0859999606299213
21
1.2335590551181101
0
LINE
8
BLACK
6
CONTINUOUS
10
1.0859999606299213
20
1.2335590551181101
11
1.0485983858267716
21
1.2335590551181101
0
LINE
8
BLACK
6
CONTINUOUS
10
1.0485983858267716
20
1.2335590551181101
11
1.0448318110236221
21
1.2343082677165353
0
LINE
8
BLACK
6
CONTINUOUS
10
1.0448318110236221
20
1.2343082677165353
11
1.0416386614173228
21
1.2364418503937007
0
LINE
8
BLACK
6
CONTINUOUS
10
1.0416386614173228
20
1.2364418503937007
11
1.0395050787401574
21
1.239635
0
LINE
8
BLACK
6
CONTINUOUS
10
1.0395050787401574
20
1.239635
11
1.0387558661417322
21
1.2434015748031495
0
LINE
8
BLACK
6
CONTINUOUS
10
1.0387558661417322
20
1.2434015748031495
11
1.0387558661417322
21
1.2630866141732284
0
LINE
8
BLACK
6
CONTINUOUS
10
1.0387558661417322
20
1.2630866141732284
11
1.0395050787401574
21
1.2668531889763779
0
LINE
8
BLACK
6
CONTINUOUS
10
1.0395050787401574
20
1.2668531889763779
11
1.0416386614173228
21
1.2700463385826772
0
LINE
8
BLACK
6
CONTINUOUS
10
1.0416386614173228
20
1.2700463385826772
11
1.0448318110236221
21
1.2721799212598426
0
LINE
8
BLACK
6
CONTINUOUS
10
1.0448318110236221
20
1.2721799212598426
11
1.0485983858267716
21
1.2729291338582678
0
LINE
8
BLACK
6
CONTINUOUS
10
1.0485983858267716
20
1.2729291338582678
11
1.0859999606299213
21
1.2729291338582678
0
LINE
8
BLACK
6
CONTINUOUS
10
1.0859999606299213
20
1.2729291338582678
11
1.0897665354330708
21
1.2721799212598426
0
LINE
8
BLACK
6
CONTINUOUS
10
3.6036303937007874
20
1.2950883070866142
11
3.6068235433070863
21
1.2929547244094488
0
LINE
8
BLACK
6
CONTINUOUS
10
3.6068235433070863
20
1.2929547244094488
11
3.6089571259842517
21
1.2897615748031497
0
LINE
8
BLACK
6
CONTINUOUS
10
3.6089571259842517
20
1.2897615748031497
11
3.6097063385826771
21
1.285995
0
LINE
8
BLACK
6
CONTINUOUS
10
3.6097063385826771
20
1.285995
11
3.6097063385826771
21
1.2485934251968505
0
LINE
8
BLACK
6
CONTINUOUS
10
3.6097063385826771
20
1.2485934251968505
11
3.6089571259842517
21
1.2448268503937008
0
LINE
8
BLACK
6
CONTINUOUS
10
3.6089571259842517
20
1.2448268503937008
11
3.6068235433070863
21
1.2416337007874017
0
LINE
8
BLACK
6
CONTINUOUS
10
3.6068235433070863
20
1.2416337007874017
11
3.6036303937007874
21
1.2395001181102361
0
LINE
8
BLACK
6
CONTINUOUS
10
3.6036303937007874
20
1.2395001181102361
11
3.5998638188976377
21
1.2387509055118109
0
LINE
8
BLACK
6
CONTINUOUS
10
3.5998638188976377
20
1.2387509055118109
11
3.580178779527559
21
1.2387509055118109
0
LINE
8
BLACK
6
CONTINUOUS
10
3.580178779527559
20
1.2387509055118109
11
3.5764122047244093
21
1.2395001181102361
0
LINE
8
BLACK
6
CONTINUOUS
10
3.5764122047244093
20
1.2395001181102361
11
3.57321905511811
21
1.2416337007874017
0
LINE
8
BLACK
6
CONTINUOUS
10
3.57321905511811
20
1.2416337007874017
11
3.5710854724409447
21
1.2448268503937008
0
LINE
8
BLACK
6
CONTINUOUS
10
3.5710854724409447
20
1.2448268503937008
11
3.5703362598425197
21
1.2485934251968505
0
LINE
8
BLACK
6
CONTINUOUS
10
3.5703362598425197
20
1.2485934251968505
11
3.5703362598425197
21
1.285995
0
LINE
8
BLACK
6
CONTINUOUS
10
3.5703362598425197
20
1.285995
11
3.5710854724409447
21
1.2897615748031497
0
LINE
8
BLACK
6
CONTINUOUS
10
3.5710854724409447
20
1.2897615748031497
11
3.57321905511811
21
1.2929547244094488
0
LINE
8
BLACK
6
CONTINUOUS
10
3.57321905511811
20
1.2929547244094488
11
3.5764122047244093
21
1.2950883070866142
0
LINE
8
BLACK
6
CONTINUOUS
10
3.5764122047244093
20
1.2950883070866142
11
3.580178779527559
21
1.2958375196850394
0
LINE
8
BLACK
6
CONTINUOUS
10
3.580178779527559
20
1.2958375196850394
11
3.5998638188976377
21
1.2958375196850394
0
LINE
8
BLACK
6
CONTINUOUS
10
3.5998638188976377
20
1.2958375196850394
11
3.6036303937007874
21
1.2950883070866142
0
LINE
8
BLACK
6
CONTINUOUS
10
3.6784335433070865
20
1.2950883070866142
11
3.6816266929133858
21
1.2929547244094488
0
LINE
8
BLACK
6
CONTINUOUS
10
3.6816266929133858
20
1.2929547244094488
11
3.6837602755905512
21
1.2897615748031497
0
LINE
8
BLACK
6
CONTINUOUS
10
3.6837602755905512
20
1.2897615748031497
11
3.6845094881889762
21
1.285995
0
LINE
8
BLACK
6
CONTINUOUS
10
3.6845094881889762
20
1.285995
11
3.6845094881889762
21
1.2485934251968505
0
LINE
8
BLACK
6
CONTINUOUS
10
3.6845094881889762
20
1.2485934251968505
11
3.6837602755905512
21
1.2448268503937008
0
LINE
8
BLACK
6
CONTINUOUS
10
3.6837602755905512
20
1.2448268503937008
11
3.6816266929133858
21
1.2416337007874017
0
LINE
8
BLACK
6
CONTINUOUS
10
3.6816266929133858
20
1.2416337007874017
11
3.6784335433070865
21
1.2395001181102361
0
LINE
8
BLACK
6
CONTINUOUS
10
3.6784335433070865
20
1.2395001181102361
11
3.6746669685039368
21
1.2387509055118109
0
LINE
8
BLACK
6
CONTINUOUS
10
3.6746669685039368
20
1.2387509055118109
11
3.6549819291338581
21
1.2387509055118109
0
LINE
8
BLACK
6
CONTINUOUS
10
3.6549819291338581
20
1.2387509055118109
11
3.6512153543307084
21
1.2395001181102361
0
LINE
8
BLACK
6
CONTINUOUS
10
3.6512153543307084
20
1.2395001181102361
11
3.6480222047244095
21
1.2416337007874017
0
LINE
8
BLACK
6
CONTINUOUS
10
3.6480222047244095
20
1.2416337007874017
11
3.6458886220472442
21
1.2448268503937008
0
LINE
8
BLACK
6
CONTINUOUS
10
3.6458886220472442
20
1.2448268503937008
11
3.6451394094488188
21
1.2485934251968505
0
LINE
8
BLACK
6
CONTINUOUS
10
3.6451394094488188
20
1.2485934251968505
11
3.6451394094488188
21
1.285995
0
LINE
8
BLACK
6
CONTINUOUS
10
3.6451394094488188
20
1.285995
11
3.6458886220472442
21
1.2897615748031497
0
LINE
8
BLACK
6
CONTINUOUS
10
3.6458886220472442
20
1.2897615748031497
11
3.6480222047244095
21
1.2929547244094488
0
LINE
8
BLACK
6
CONTINUOUS
10
3.6480222047244095
20
1.2929547244094488
11
3.6512153543307084
21
1.2950883070866142
0
LINE
8
BLACK
6
CONTINUOUS
10
3.6512153543307084
20
1.2950883070866142
11
3.6549819291338581
21
1.2958375196850394
0
LINE
8
BLACK
6
CONTINUOUS
10
3.6549819291338581
20
1.2958375196850394
11
3.6746669685039368
21
1.2958375196850394
0
LINE
8
BLACK
6
CONTINUOUS
10
3.6746669685039368
20
1.2958375196850394
11
3.6784335433070865
21
1.2950883070866142
0
LINE
8
BLACK
6
CONTINUOUS
10
0.2884122440944882
20
1.3136996062992126
11
0.2916053937007874
21
1.3115660236220472
0
LINE
8
BLACK
6
CONTINUOUS
10
0.2916053937007874
20
1.3115660236220472
11
0.2937389763779528
21
1.3083728740157481
0
LINE
8
BLACK
6
CONTINUOUS
10
0.2937389763779528
20
1.3083728740157481
11
0.294488188976378
21
1.3046062992125984
0
LINE
8
BLACK
6
CONTINUOUS
10
0.294488188976378
20
1.3046062992125984
11
0.294488188976378
21
1.2553937007874016
0
LINE
8
BLACK
6
CONTINUOUS
10
0.294488188976378
20
1.2553937007874016
11
0.2937389763779528
21
1.251627125984252
0
LINE
8
BLACK
6
CONTINUOUS
10
0.2937389763779528
20
1.251627125984252
11
0.2916053937007874
21
1.2484339763779528
0
LINE
8
BLACK
6
CONTINUOUS
10
0.2916053937007874
20
1.2484339763779528
11
0.2884122440944882
21
1.2463003937007873
0
LINE
8
BLACK
6
CONTINUOUS
10
0.2884122440944882
20
1.2463003937007873
11
0.2846456692913386
21
1.2455511811023621
0
LINE
8
BLACK
6
CONTINUOUS
10
0.2846456692913386
20
1.2455511811023621
11
0.2551181102362204
21
1.2455511811023621
0
LINE
8
BLACK
6
CONTINUOUS
10
0.2551181102362204
20
1.2455511811023621
11
0.2513515354330709
21
1.2463003937007873
0
LINE
8
BLACK
6
CONTINUOUS
10
0.2513515354330709
20
1.2463003937007873
11
0.2481583858267717
21
1.2484339763779528
0
LINE
8
BLACK
6
CONTINUOUS
10
0.2481583858267717
20
1.2484339763779528
11
0.2460248031496063
21
1.251627125984252
0
LINE
8
BLACK
6
CONTINUOUS
10
0.2460248031496063
20
1.251627125984252
11
0.2452755905511811
21
1.2553937007874016
0
LINE
8
BLACK
6
CONTINUOUS
10
0.2452755905511811
20
1.2553937007874016
11
0.2452755905511811
21
1.3046062992125984
0
LINE
8
BLACK
6
CONTINUOUS
10
0.2452755905511811
20
1.3046062992125984
11
0.2460248031496063
21
1.3083728740157481
0
LINE
8
BLACK
6
CONTINUOUS
10
0.2460248031496063
20
1.3083728740157481
11
0.2481583858267717
21
1.3115660236220472
0
LINE
8
BLACK
6
CONTINUOUS
10
0.2481583858267717
20
1.3115660236220472
11
0.2513515354330709
21
1.3136996062992126
0
LINE
8
BLACK
6
CONTINUOUS
10
0.2513515354330709
20
1.3136996062992126
11
0.2551181102362204
21
1.3144488188976378
0
LINE
8
BLACK
6
CONTINUOUS
10
0.2551181102362204
20
1.3144488188976378
11
0.2846456692913386
21
1.3144488188976378
0
LINE
8
BLACK
6
CONTINUOUS
10
0.2846456692913386
20
1.3144488188976378
11
0.2884122440944882
21
1.3136996062992126
0
LINE
8
BLACK
6
CONTINUOUS
10
0.3986484645669292
20
1.3136996062992126
11
0.4018416141732283
21
1.3115660236220472
0
LINE
8
BLACK
6
CONTINUOUS
10
0.4018416141732283
20
1.3115660236220472
11
0.4039751968503937
21
1.3083728740157481
0
LINE
8
BLACK
6
CONTINUOUS
10
0.4039751968503937
20
1.3083728740157481
11
0.4047244094488189
21
1.3046062992125984
0
LINE
8
BLACK
6
CONTINUOUS
10
0.4047244094488189
20
1.3046062992125984
11
0.4047244094488189
21
1.2553937007874016
0
LINE
8
BLACK
6
CONTINUOUS
10
0.4047244094488189
20
1.2553937007874016
11
0.4039751968503937
21
1.251627125984252
0
LINE
8
BLACK
6
CONTINUOUS
10
0.4039751968503937
20
1.251627125984252
11
0.4018416141732283
21
1.2484339763779528
0
LINE
8
BLACK
6
CONTINUOUS
10
0.4018416141732283
20
1.2484339763779528
11
0.3986484645669292
21
1.2463003937007873
0
LINE
8
BLACK
6
CONTINUOUS
10
0.3986484645669292
20
1.2463003937007873
11
0.3948818897637795
21
1.2455511811023621
0
LINE
8
BLACK
6
CONTINUOUS
10
0.3948818897637795
20
1.2455511811023621
11
0.3653543307086614
21
1.2455511811023621
0
LINE
8
BLACK
6
CONTINUOUS
10
0.3653543307086614
20
1.2455511811023621
11
0.3615877559055118
21
1.2463003937007873
0
LINE
8
BLACK
6
CONTINUOUS
10
0.3615877559055118
20
1.2463003937007873
11
0.3583946062992126
21
1.2484339763779528
0
LINE
8
BLACK
6
CONTINUOUS
10
0.3583946062992126
20
1.2484339763779528
11
0.3562610236220473
21
1.251627125984252
0
LINE
8
BLACK
6
CONTINUOUS
10
0.3562610236220473
20
1.251627125984252
11
0.3555118110236221
21
1.2553937007874016
0
LINE
8
BLACK
6
CONTINUOUS
10
0.3555118110236221
20
1.2553937007874016
11
0.3555118110236221
21
1.3046062992125984
0
LINE
8
BLACK
6
CONTINUOUS
10
0.3555118110236221
20
1.3046062992125984
11
0.3562610236220473
21
1.3083728740157481
0
LINE
8
BLACK
6
CONTINUOUS
10
0.3562610236220473
20
1.3083728740157481
11
0.3583946062992126
21
1.3115660236220472
0
LINE
8
BLACK
6
CONTINUOUS
10
0.3583946062992126
20
1.3115660236220472
11
0.3615877559055118
21
1.3136996062992126
0
LINE
8
BLACK
6
CONTINUOUS
10
0.3615877559055118
20
1.3136996062992126
11
0.3653543307086614
21
1.3144488188976378
0
LINE
8
BLACK
6
CONTINUOUS
10
0.3653543307086614
20
1.3144488188976378
11
0.3948818897637795
21
1.3144488188976378
0
LINE
8
BLACK
6
CONTINUOUS
10
0.3948818897637795
20
1.3144488188976378
11
0.3986484645669292
21
1.3136996062992126
0
LINE
8
BLACK
6
CONTINUOUS
10
1.2461181102362204
20
1.2491732283464567
11
1.1870629921259843
21
1.2491732283464567
0
LINE
8
BLACK
6
CONTINUOUS
10
1.1870629921259843
20
1.2491732283464567
11
1.1870629921259843
21
1.2708267716535433
0
LINE
8
BLACK
6
CONTINUOUS
10
1.1870629921259843
20
1.2708267716535433
11
1.2461181102362204
21
1.2708267716535433
0
LINE
8
BLACK
6
CONTINUOUS
10
1.2461181102362204
20
1.2708267716535433
11
1.2461181102362204
21
1.2491732283464567
0
LINE
8
BLACK
6
CONTINUOUS
10
1.6949370078740158
20
1.2491732283464567
11
1.6358818897637795
21
1.2491732283464567
0
LINE
8
BLACK
6
CONTINUOUS
10
1.6358818897637795
20
1.2491732283464567
11
1.6358818897637795
21
1.2708267716535433
0
LINE
8
BLACK
6
CONTINUOUS
10
1.6358818897637795
20
1.2708267716535433
11
1.6949370078740158
21
1.2708267716535433
0
LINE
8
BLACK
6
CONTINUOUS
10
1.6949370078740158
20
1.2708267716535433
11
1.6949370078740158
21
1.2491732283464567
0
LINE
8
BLACK
6
CONTINUOUS
10
0.5151654724409449
20
1.3164953543307085
11
0.5170813385826771
21
1.3152151968503936
0
LINE
8
BLACK
6
CONTINUOUS
10
0.5170813385826771
20
1.3152151968503936
11
0.5183614960629921
21
1.3132993307086613
0
LINE
8
BLACK
6
CONTINUOUS
10
0.5183614960629921
20
1.3132993307086613
11
0.5188110236220472
21
1.3110393700787402
0
LINE
8
BLACK
6
CONTINUOUS
10
0.5188110236220472
20
1.3110393700787402
11
0.5188110236220472
21
1.264779527559055
0
LINE
8
BLACK
6
CONTINUOUS
10
0.5188110236220472
20
1.264779527559055
11
0.5183614960629921
21
1.2625195669291338
0
LINE
8
BLACK
6
CONTINUOUS
10
0.5183614960629921
20
1.2625195669291338
11
0.5170813385826771
21
1.2606037007874016
0
LINE
8
BLACK
6
CONTINUOUS
10
0.5170813385826771
20
1.2606037007874016
11
0.5151654724409449
21
1.2593235433070866
0
LINE
8
BLACK
6
CONTINUOUS
10
0.5151654724409449
20
1.2593235433070866
11
0.5129055118110236
21
1.2588740157480314
0
LINE
8
BLACK
6
CONTINUOUS
10
0.5129055118110236
20
1.2588740157480314
11
0.5010944881889764
21
1.2588740157480314
0
LINE
8
BLACK
6
CONTINUOUS
10
0.5010944881889764
20
1.2588740157480314
11
0.4988345275590551
21
1.2593235433070866
0
LINE
8
BLACK
6
CONTINUOUS
10
0.4988345275590551
20
1.2593235433070866
11
0.4969186614173228
21
1.2606037007874016
0
LINE
8
BLACK
6
CONTINUOUS
10
0.4969186614173228
20
1.2606037007874016
11
0.4956385039370079
21
1.2625195669291338
0
LINE
8
BLACK
6
CONTINUOUS
10
0.4956385039370079
20
1.2625195669291338
11
0.4951889763779527
21
1.264779527559055
0
LINE
8
BLACK
6
CONTINUOUS
10
0.4951889763779527
20
1.264779527559055
11
0.4951889763779527
21
1.3110393700787402
0
LINE
8
BLACK
6
CONTINUOUS
10
0.4951889763779527
20
1.3110393700787402
11
0.4956385039370079
21
1.3132993307086613
0
LINE
8
BLACK
6
CONTINUOUS
10
0.4956385039370079
20
1.3132993307086613
11
0.4969186614173228
21
1.3152151968503936
0
LINE
8
BLACK
6
CONTINUOUS
10
0.4969186614173228
20
1.3152151968503936
11
0.4988345275590551
21
1.3164953543307085
0
LINE
8
BLACK
6
CONTINUOUS
10
0.4988345275590551
20
1.3164953543307085
11
0.5010944881889764
21
1.3169448818897638
0
LINE
8
BLACK
6
CONTINUOUS
10
0.5010944881889764
20
1.3169448818897638
11
0.5129055118110236
21
1.3169448818897638
0
LINE
8
BLACK
6
CONTINUOUS
10
0.5129055118110236
20
1.3169448818897638
11
0.5151654724409449
21
1.3164953543307085
0
LINE
8
BLACK
6
CONTINUOUS
10
1.7954673622047244
20
1.3163374015748031
11
1.7986605118110235
21
1.3142038188976377
0
LINE
8
BLACK
6
CONTINUOUS
10
1.7986605118110235
20
1.3142038188976377
11
1.8007940944881888
21
1.3110106692913386
0
LINE
8
BLACK
6
CONTINUOUS
10
1.8007940944881888
20
1.3110106692913386
11
1.801543307086614
21
1.3072440944881889
0
LINE
8
BLACK
6
CONTINUOUS
10
1.801543307086614
20
1.3072440944881889
11
1.801543307086614
21
1.2875590551181102
0
LINE
8
BLACK
6
CONTINUOUS
10
1.801543307086614
20
1.2875590551181102
11
1.8007940944881888
21
1.2837924803149605
0
LINE
8
BLACK
6
CONTINUOUS
10
1.8007940944881888
20
1.2837924803149605
11
1.7986605118110235
21
1.2805993307086614
0
LINE
8
BLACK
6
CONTINUOUS
10
1.7986605118110235
20
1.2805993307086614
11
1.7954673622047244
21
1.278465748031496
0
LINE
8
BLACK
6
CONTINUOUS
10
1.7954673622047244
20
1.278465748031496
11
1.7917007874015747
21
1.2777165354330708
0
LINE
8
BLACK
6
CONTINUOUS
10
1.7917007874015747
20
1.2777165354330708
11
1.7542992125984251
21
1.2777165354330708
0
LINE
8
BLACK
6
CONTINUOUS
10
1.7542992125984251
20
1.2777165354330708
11
1.7505326377952755
21
1.278465748031496
0
LINE
8
BLACK
6
CONTINUOUS
10
1.7505326377952755
20
1.278465748031496
11
1.7473394881889763
21
1.2805993307086614
0
LINE
8
BLACK
6
CONTINUOUS
10
1.7473394881889763
20
1.2805993307086614
11
1.745205905511811
21
1.2837924803149605
0
LINE
8
BLACK
6
CONTINUOUS
10
1.745205905511811
20
1.2837924803149605
11
1.7444566929133858
21
1.2875590551181102
0
LINE
8
BLACK
6
CONTINUOUS
10
1.7444566929133858
20
1.2875590551181102
11
1.7444566929133858
21
1.3072440944881889
0
LINE
8
BLACK
6
CONTINUOUS
10
1.7444566929133858
20
1.3072440944881889
11
1.745205905511811
21
1.3110106692913386
0
LINE
8
BLACK
6
CONTINUOUS
10
1.745205905511811
20
1.3110106692913386
11
1.7473394881889763
21
1.3142038188976377
0
LINE
8
BLACK
6
CONTINUOUS
10
1.7473394881889763
20
1.3142038188976377
11
1.7505326377952755
21
1.3163374015748031
0
LINE
8
BLACK
6
CONTINUOUS
10
1.7505326377952755
20
1.3163374015748031
11
1.7542992125984251
21
1.3170866141732283
0
LINE
8
BLACK
6
CONTINUOUS
10
1.7542992125984251
20
1.3170866141732283
11
1.7917007874015747
21
1.3170866141732283
0
LINE
8
BLACK
6
CONTINUOUS
10
1.7917007874015747
20
1.3170866141732283
11
1.7954673622047244
21
1.3163374015748031
0
LINE
8
BLACK
6
CONTINUOUS
10
1.2461181102362204
20
1.2806692913385826
11
1.1870629921259843
21
1.2806692913385826
0
LINE
8
BLACK
6
CONTINUOUS
10
1.1870629921259843
20
1.2806692913385826
11
1.1870629921259843
21
1.3023228346456692
0
LINE
8
BLACK
6
CONTINUOUS
10
1.1870629921259843
20
1.3023228346456692
11
1.2461181102362204
21
1.3023228346456692
0
LINE
8
BLACK
6
CONTINUOUS
10
1.2461181102362204
20
1.3023228346456692
11
1.2461181102362204
21
1.2806692913385826
0
LINE
8
BLACK
6
CONTINUOUS
10
1.6949370078740158
20
1.2806692913385826
11
1.6358818897637795
21
1.2806692913385826
0
LINE
8
BLACK
6
CONTINUOUS
10
1.6358818897637795
20
1.2806692913385826
11
1.6358818897637795
21
1.3023228346456692
0
LINE
8
BLACK
6
CONTINUOUS
10
1.6358818897637795
20
1.3023228346456692
11
1.6949370078740158
21
1.3023228346456692
0
LINE
8
BLACK
6
CONTINUOUS
10
1.6949370078740158
20
1.3023228346456692
11
1.6949370078740158
21
1.2806692913385826
0
LINE
8
BLACK
6
CONTINUOUS
10
1.0584831102362204
20
1.3455027559055117
11
1.0616762598425196
21
1.3433691732283464
0
LINE
8
BLACK
6
CONTINUOUS
10
1.0616762598425196
20
1.3433691732283464
11
1.0638098425196849
21
1.3401760236220472
0
LINE
8
BLACK
6
CONTINUOUS
10
1.0638098425196849
20
1.3401760236220472
11
1.0645590551181101
21
1.3364094488188976
0
LINE
8
BLACK
6
CONTINUOUS
10
1.0645590551181101
20
1.3364094488188976
11
1.0645590551181101
21
1.3157401574803149
0
LINE
8
BLACK
6
CONTINUOUS
10
1.0645590551181101
20
1.3157401574803149
11
1.0638098425196849
21
1.3119735826771652
0
LINE
8
BLACK
6
CONTINUOUS
10
1.0638098425196849
20
1.3119735826771652
11
1.0616762598425196
21
1.3087804330708661
0
LINE
8
BLACK
6
CONTINUOUS
10
1.0616762598425196
20
1.3087804330708661
11
1.0584831102362204
21
1.3066468503937008
0
LINE
8
BLACK
6
CONTINUOUS
10
1.0584831102362204
20
1.3066468503937008
11
1.0547165354330708
21
1.3058976377952756
0
LINE
8
BLACK
6
CONTINUOUS
10
1.0547165354330708
20
1.3058976377952756
11
1.0192834645669291
21
1.3058976377952756
0
LINE
8
BLACK
6
CONTINUOUS
10
1.0192834645669291
20
1.3058976377952756
11
1.0155168897637794
21
1.3066468503937008
0
LINE
8
BLACK
6
CONTINUOUS
10
1.0155168897637794
20
1.3066468503937008
11
1.0123237401574803
21
1.3087804330708661
0
LINE
8
BLACK
6
CONTINUOUS
10
1.0123237401574803
20
1.3087804330708661
11
1.0101901574803149
21
1.3119735826771652
0
LINE
8
BLACK
6
CONTINUOUS
10
1.0101901574803149
20
1.3119735826771652
11
1.0094409448818897
21
1.3157401574803149
0
LINE
8
BLACK
6
CONTINUOUS
10
1.0094409448818897
20
1.3157401574803149
11
1.0094409448818897
21
1.3364094488188976
0
LINE
8
BLACK
6
CONTINUOUS
10
1.0094409448818897
20
1.3364094488188976
11
1.0101901574803149
21
1.3401760236220472
0
LINE
8
BLACK
6
CONTINUOUS
10
1.0101901574803149
20
1.3401760236220472
11
1.0123237401574803
21
1.3433691732283464
0
LINE
8
BLACK
6
CONTINUOUS
10
1.0123237401574803
20
1.3433691732283464
11
1.0155168897637794
21
1.3455027559055117
0
LINE
8
BLACK
6
CONTINUOUS
10
1.0155168897637794
20
1.3455027559055117
11
1.0192834645669291
21
1.3462519685039369
0
LINE
8
BLACK
6
CONTINUOUS
10
1.0192834645669291
20
1.3462519685039369
11
1.0547165354330708
21
1.3462519685039369
0
LINE
8
BLACK
6
CONTINUOUS
10
1.0547165354330708
20
1.3462519685039369
11
1.0584831102362204
21
1.3455027559055117
0
LINE
8
BLACK
6
CONTINUOUS
10
1.1384831102362205
20
1.3455027559055117
11
1.1416762598425196
21
1.3433691732283464
0
LINE
8
BLACK
6
CONTINUOUS
10
1.1416762598425196
20
1.3433691732283464
11
1.143809842519685
21
1.3401760236220472
0
LINE
8
BLACK
6
CONTINUOUS
10
1.143809842519685
20
1.3401760236220472
11
1.1445590551181102
21
1.3364094488188976
0
LINE
8
BLACK
6
CONTINUOUS
10
1.1445590551181102
20
1.3364094488188976
11
1.1445590551181102
21
1.3157401574803149
0
LINE
8
BLACK
6
CONTINUOUS
10
1.1445590551181102
20
1.3157401574803149
11
1.143809842519685
21
1.3119735826771652
0
LINE
8
BLACK
6
CONTINUOUS
10
1.143809842519685
20
1.3119735826771652
11
1.1416762598425196
21
1.3087804330708661
0
LINE
8
BLACK
6
CONTINUOUS
10
1.1416762598425196
20
1.3087804330708661
11
1.1384831102362205
21
1.3066468503937008
0
LINE
8
BLACK
6
CONTINUOUS
10
1.1384831102362205
20
1.3066468503937008
11
1.1347165354330708
21
1.3058976377952756
0
LINE
8
BLACK
6
CONTINUOUS
10
1.1347165354330708
20
1.3058976377952756
11
1.0992834645669292
21
1.3058976377952756
0
LINE
8
BLACK
6
CONTINUOUS
10
1.0992834645669292
20
1.3058976377952756
11
1.0955168897637795
21
1.3066468503937008
0
LINE
8
BLACK
6
CONTINUOUS
10
1.0955168897637795
20
1.3066468503937008
11
1.0923237401574803
21
1.3087804330708661
0
LINE
8
BLACK
6
CONTINUOUS
10
1.0923237401574803
20
1.3087804330708661
11
1.090190157480315
21
1.3119735826771652
0
LINE
8
BLACK
6
CONTINUOUS
10
1.090190157480315
20
1.3119735826771652
11
1.0894409448818898
21
1.3157401574803149
0
LINE
8
BLACK
6
CONTINUOUS
10
1.0894409448818898
20
1.3157401574803149
11
1.0894409448818898
21
1.3364094488188976
0
LINE
8
BLACK
6
CONTINUOUS
10
1.0894409448818898
20
1.3364094488188976
11
1.090190157480315
21
1.3401760236220472
0
LINE
8
BLACK
6
CONTINUOUS
10
1.090190157480315
20
1.3401760236220472
11
1.0923237401574803
21
1.3433691732283464
0
LINE
8
BLACK
6
CONTINUOUS
10
1.0923237401574803
20
1.3433691732283464
11
1.0955168897637795
21
1.3455027559055117
0
LINE
8
BLACK
6
CONTINUOUS
10
1.0955168897637795
20
1.3455027559055117
11
1.0992834645669292
21
1.3462519685039369
0
LINE
8
BLACK
6
CONTINUOUS
10
1.0992834645669292
20
1.3462519685039369
11
1.1347165354330708
21
1.3462519685039369
0
LINE
8
BLACK
6
CONTINUOUS
10
1.1347165354330708
20
1.3462519685039369
11
1.1384831102362205
21
1.3455027559055117
0
LINE
8
BLACK
6
CONTINUOUS
10
1.2461181102362204
20
1.3121653543307086
11
1.1870629921259843
21
1.3121653543307086
0
LINE
8
BLACK
6
CONTINUOUS
10
1.1870629921259843
20
1.3121653543307086
11
1.1870629921259843
21
1.3338188976377952
0
LINE
8
BLACK
6
CONTINUOUS
10
1.1870629921259843
20
1.3338188976377952
11
1.2461181102362204
21
1.3338188976377952
0
LINE
8
BLACK
6
CONTINUOUS
10
1.2461181102362204
20
1.3338188976377952
11
1.2461181102362204
21
1.3121653543307086
0
LINE
8
BLACK
6
CONTINUOUS
10
1.6949370078740158
20
1.3121653543307086
11
1.6358818897637795
21
1.3121653543307086
0
LINE
8
BLACK
6
CONTINUOUS
10
1.6358818897637795
20
1.3121653543307086
11
1.6358818897637795
21
1.3338188976377952
0
LINE
8
BLACK
6
CONTINUOUS
10
1.6358818897637795
20
1.3338188976377952
11
1.6949370078740158
21
1.3338188976377952
0
LINE
8
BLACK
6
CONTINUOUS
10
1.6949370078740158
20
1.3338188976377952
11
1.6949370078740158
21
1.3121653543307086
0
LINE
8
BLACK
6
CONTINUOUS
10
3.4311894488188974
20
1.3972536614173228
11
3.4343825984251968
21
1.3951200787401574
0
LINE
8
BLACK
6
CONTINUOUS
10
3.4343825984251968
20
1.3951200787401574
11
3.4365161811023621
21
1.3919269291338583
0
LINE
8
BLACK
6
CONTINUOUS
10
3.4365161811023621
20
1.3919269291338583
11
3.4372653937007875
21
1.3881603543307086
0
LINE
8
BLACK
6
CONTINUOUS
10
3.4372653937007875
20
1.3881603543307086
11
3.4372653937007875
21
1.3527272834645669
0
LINE
8
BLACK
6
CONTINUOUS
10
3.4372653937007875
20
1.3527272834645669
11
3.4365161811023621
21
1.3489607086614173
0
LINE
8
BLACK
6
CONTINUOUS
10
3.4365161811023621
20
1.3489607086614173
11
3.4343825984251968
21
1.3457675590551181
0
LINE
8
BLACK
6
CONTINUOUS
10
3.4343825984251968
20
1.3457675590551181
11
3.4311894488188974
21
1.3436339763779528
0
LINE
8
BLACK
6
CONTINUOUS
10
3.4311894488188974
20
1.3436339763779528
11
3.4274228740157477
21
1.3428847637795276
0
LINE
8
BLACK
6
CONTINUOUS
10
3.4274228740157477
20
1.3428847637795276
11
3.4067535826771653
21
1.3428847637795276
0
LINE
8
BLACK
6
CONTINUOUS
10
3.4067535826771653
20
1.3428847637795276
11
3.4029870078740156
21
1.3436339763779528
0
LINE
8
BLACK
6
CONTINUOUS
10
3.4029870078740156
20
1.3436339763779528
11
3.3997938582677163
21
1.3457675590551181
0
LINE
8
BLACK
6
CONTINUOUS
10
3.3997938582677163
20
1.3457675590551181
11
3.3976602755905509
21
1.3489607086614173
0
LINE
8
BLACK
6
CONTINUOUS
10
3.3976602755905509
20
1.3489607086614173
11
3.396911062992126
21
1.3527272834645669
0
LINE
8
BLACK
6
CONTINUOUS
10
3.396911062992126
20
1.3527272834645669
11
3.396911062992126
21
1.3881603543307086
0
LINE
8
BLACK
6
CONTINUOUS
10
3.396911062992126
20
1.3881603543307086
11
3.3976602755905509
21
1.3919269291338583
0
LINE
8
BLACK
6
CONTINUOUS
10
3.3976602755905509
20
1.3919269291338583
11
3.3997938582677163
21
1.3951200787401574
0
LINE
8
BLACK
6
CONTINUOUS
10
3.3997938582677163
20
1.3951200787401574
11
3.4029870078740156
21
1.3972536614173228
0
LINE
8
BLACK
6
CONTINUOUS
10
3.4029870078740156
20
1.3972536614173228
11
3.4067535826771653
21
1.398002874015748
0
LINE
8
BLACK
6
CONTINUOUS
10
3.4067535826771653
20
1.398002874015748
11
3.4274228740157477
21
1.398002874015748
0
LINE
8
BLACK
6
CONTINUOUS
10
3.4274228740157477
20
1.398002874015748
11
3.4311894488188974
21
1.3972536614173228
0
LINE
8
BLACK
6
CONTINUOUS
10
3.5030398425196849
20
1.3972536614173228
11
3.5062329921259843
21
1.3951200787401574
0
LINE
8
BLACK
6
CONTINUOUS
10
3.5062329921259843
20
1.3951200787401574
11
3.5083665748031496
21
1.3919269291338583
0
LINE
8
BLACK
6
CONTINUOUS
10
3.5083665748031496
20
1.3919269291338583
11
3.5091157874015746
21
1.3881603543307086
0
LINE
8
BLACK
6
CONTINUOUS
10
3.5091157874015746
20
1.3881603543307086
11
3.5091157874015746
21
1.3527272834645669
0
LINE
8
BLACK
6
CONTINUOUS
10
3.5091157874015746
20
1.3527272834645669
11
3.5083665748031496
21
1.3489607086614173
0
LINE
8
BLACK
6
CONTINUOUS
10
3.5083665748031496
20
1.3489607086614173
11
3.5062329921259843
21
1.3457675590551181
0
LINE
8
BLACK
6
CONTINUOUS
10
3.5062329921259843
20
1.3457675590551181
11
3.5030398425196849
21
1.3436339763779528
0
LINE
8
BLACK
6
CONTINUOUS
10
3.5030398425196849
20
1.3436339763779528
11
3.4992732677165352
21
1.3428847637795276
0
LINE
8
BLACK
6
CONTINUOUS
10
3.4992732677165352
20
1.3428847637795276
11
3.4786039763779528
21
1.3428847637795276
0
LINE
8
BLACK
6
CONTINUOUS
10
3.4786039763779528
20
1.3428847637795276
11
3.4748374015748031
21
1.3436339763779528
0
LINE
8
BLACK
6
CONTINUOUS
10
3.4748374015748031
20
1.3436339763779528
11
3.4716442519685038
21
1.3457675590551181
0
LINE
8
BLACK
6
CONTINUOUS
10
3.4716442519685038
20
1.3457675590551181
11
3.4695106692913384
21
1.3489607086614173
0
LINE
8
BLACK
6
CONTINUOUS
10
3.4695106692913384
20
1.3489607086614173
11
3.4687614566929135
21
1.3527272834645669
0
LINE
8
BLACK
6
CONTINUOUS
10
3.4687614566929135
20
1.3527272834645669
11
3.4687614566929135
21
1.3881603543307086
0
LINE
8
BLACK
6
CONTINUOUS
10
3.4687614566929135
20
1.3881603543307086
11
3.4695106692913384
21
1.3919269291338583
0
LINE
8
BLACK
6
CONTINUOUS
10
3.4695106692913384
20
1.3919269291338583
11
3.4716442519685038
21
1.3951200787401574
0
LINE
8
BLACK
6
CONTINUOUS
10
3.4716442519685038
20
1.3951200787401574
11
3.4748374015748031
21
1.3972536614173228
0
LINE
8
BLACK
6
CONTINUOUS
10
3.4748374015748031
20
1.3972536614173228
11
3.4786039763779528
21
1.398002874015748
0
LINE
8
BLACK
6
CONTINUOUS
10
3.4786039763779528
20
1.398002874015748
11
3.4992732677165352
21
1.398002874015748
0
LINE
8
BLACK
6
CONTINUOUS
10
3.4992732677165352
20
1.398002874015748
11
3.5030398425196849
21
1.3972536614173228
0
LINE
8
BLACK
6
CONTINUOUS
10
1.2461181102362204
20
1.3436614173228345
11
1.1870629921259843
21
1.3436614173228345
0
LINE
8
BLACK
6
CONTINUOUS
10
1.1870629921259843
20
1.3436614173228345
11
1.1870629921259843
21
1.3653149606299213
0
LINE
8
BLACK
6
CONTINUOUS
10
1.1870629921259843
20
1.3653149606299213
11
1.2461181102362204
21
1.3653149606299213
0
LINE
8
BLACK
6
CONTINUOUS
10
1.2461181102362204
20
1.3653149606299213
11
1.2461181102362204
21
1.3436614173228345
0
LINE
8
BLACK
6
CONTINUOUS
10
1.6949370078740158
20
1.3436614173228345
11
1.6358818897637795
21
1.3436614173228345
0
LINE
8
BLACK
6
CONTINUOUS
10
1.6358818897637795
20
1.3436614173228345
11
1.6358818897637795
21
1.3653149606299213
0
LINE
8
BLACK
6
CONTINUOUS
10
1.6358818897637795
20
1.3653149606299213
11
1.6949370078740158
21
1.3653149606299213
0
LINE
8
BLACK
6
CONTINUOUS
10
1.6949370078740158
20
1.3653149606299213
11
1.6949370078740158
21
1.3436614173228345
0
LINE
8
BLACK
6
CONTINUOUS
10
0.3291760236220472
20
1.401809842519685
11
0.3323691732283465
21
1.3996762598425196
0
LINE
8
BLACK
6
CONTINUOUS
10
0.3323691732283465
20
1.3996762598425196
11
0.3345027559055118
21
1.3964831102362205
0
LINE
8
BLACK
6
CONTINUOUS
10
0.3345027559055118
20
1.3964831102362205
11
0.335251968503937
21
1.3927165354330708
0
LINE
8
BLACK
6
CONTINUOUS
10
0.335251968503937
20
1.3927165354330708
11
0.335251968503937
21
1.3572834645669292
0
LINE
8
BLACK
6
CONTINUOUS
10
0.335251968503937
20
1.3572834645669292
11
0.3345027559055118
21
1.3535168897637795
0
LINE
8
BLACK
6
CONTINUOUS
10
0.3345027559055118
20
1.3535168897637795
11
0.3323691732283465
21
1.3503237401574804
0
LINE
8
BLACK
6
CONTINUOUS
10
0.3323691732283465
20
1.3503237401574804
11
0.3291760236220472
21
1.348190157480315
0
LINE
8
BLACK
6
CONTINUOUS
10
0.3291760236220472
20
1.348190157480315
11
0.3254094488188976
21
1.3474409448818898
0
LINE
8
BLACK
6
CONTINUOUS
10
0.3254094488188976
20
1.3474409448818898
11
0.304740157480315
21
1.3474409448818898
0
LINE
8
BLACK
6
CONTINUOUS
10
0.304740157480315
20
1.3474409448818898
11
0.3009735826771653
21
1.348190157480315
0
LINE
8
BLACK
6
CONTINUOUS
10
0.3009735826771653
20
1.348190157480315
11
0.2977804330708662
21
1.3503237401574804
0
LINE
8
BLACK
6
CONTINUOUS
10
0.2977804330708662
20
1.3503237401574804
11
0.2956468503937008
21
1.3535168897637795
0
LINE
8
BLACK
6
CONTINUOUS
10
0.2956468503937008
20
1.3535168897637795
11
0.2948976377952756
21
1.3572834645669292
0
LINE
8
BLACK
6
CONTINUOUS
10
0.2948976377952756
20
1.3572834645669292
11
0.2948976377952756
21
1.3927165354330708
0
LINE
8
BLACK
6
CONTINUOUS
10
0.2948976377952756
20
1.3927165354330708
11
0.2956468503937008
21
1.3964831102362205
0
LINE
8
BLACK
6
CONTINUOUS
10
0.2956468503937008
20
1.3964831102362205
11
0.2977804330708662
21
1.3996762598425196
0
LINE
8
BLACK
6
CONTINUOUS
10
0.2977804330708662
20
1.3996762598425196
11
0.3009735826771653
21
1.401809842519685
0
LINE
8
BLACK
6
CONTINUOUS
10
0.3009735826771653
20
1.401809842519685
11
0.304740157480315
21
1.4025590551181102
0
LINE
8
BLACK
6
CONTINUOUS
10
0.304740157480315
20
1.4025590551181102
11
0.3254094488188976
21
1.4025590551181102
0
LINE
8
BLACK
6
CONTINUOUS
10
0.3254094488188976
20
1.4025590551181102
11
0.3291760236220472
21
1.401809842519685
0
LINE
8
BLACK
6
CONTINUOUS
10
0.4010264173228346
20
1.401809842519685
11
0.4042195669291339
21
1.3996762598425196
0
LINE
8
BLACK
6
CONTINUOUS
10
0.4042195669291339
20
1.3996762598425196
11
0.4063531496062992
21
1.3964831102362205
0
LINE
8
BLACK
6
CONTINUOUS
10
0.4063531496062992
20
1.3964831102362205
11
0.4071023622047244
21
1.3927165354330708
0
LINE
8
BLACK
6
CONTINUOUS
10
0.4071023622047244
20
1.3927165354330708
11
0.4071023622047244
21
1.3572834645669292
0
LINE
8
BLACK
6
CONTINUOUS
10
0.4071023622047244
20
1.3572834645669292
11
0.4063531496062992
21
1.3535168897637795
0
LINE
8
BLACK
6
CONTINUOUS
10
0.4063531496062992
20
1.3535168897637795
11
0.4042195669291339
21
1.3503237401574804
0
LINE
8
BLACK
6
CONTINUOUS
10
0.4042195669291339
20
1.3503237401574804
11
0.4010264173228346
21
1.348190157480315
0
LINE
8
BLACK
6
CONTINUOUS
10
0.4010264173228346
20
1.348190157480315
11
0.397259842519685
21
1.3474409448818898
0
LINE
8
BLACK
6
CONTINUOUS
10
0.397259842519685
20
1.3474409448818898
11
0.3765905511811024
21
1.3474409448818898
0
LINE
8
BLACK
6
CONTINUOUS
10
0.3765905511811024
20
1.3474409448818898
11
0.3728239763779527
21
1.348190157480315
0
LINE
8
BLACK
6
CONTINUOUS
10
0.3728239763779527
20
1.348190157480315
11
0.3696308267716535
21
1.3503237401574804
0
LINE
8
BLACK
6
CONTINUOUS
10
0.3696308267716535
20
1.3503237401574804
11
0.3674972440944882
21
1.3535168897637795
0
LINE
8
BLACK
6
CONTINUOUS
10
0.3674972440944882
20
1.3535168897637795
11
0.366748031496063
21
1.3572834645669292
0
LINE
8
BLACK
6
CONTINUOUS
10
0.366748031496063
20
1.3572834645669292
11
0.366748031496063
21
1.3927165354330708
0
LINE
8
BLACK
6
CONTINUOUS
10
0.366748031496063
20
1.3927165354330708
11
0.3674972440944882
21
1.3964831102362205
0
LINE
8
BLACK
6
CONTINUOUS
10
0.3674972440944882
20
1.3964831102362205
11
0.3696308267716535
21
1.3996762598425196
0
LINE
8
BLACK
6
CONTINUOUS
10
0.3696308267716535
20
1.3996762598425196
11
0.3728239763779527
21
1.401809842519685
0
LINE
8
BLACK
6
CONTINUOUS
10
0.3728239763779527
20
1.401809842519685
11
0.3765905511811024
21
1.4025590551181102
0
LINE
8
BLACK
6
CONTINUOUS
10
0.3765905511811024
20
1.4025590551181102
11
0.397259842519685
21
1.4025590551181102
0
LINE
8
BLACK
6
CONTINUOUS
10
0.397259842519685
20
1.4025590551181102
11
0.4010264173228346
21
1.401809842519685
0
LINE
8
BLACK
6
CONTINUOUS
10
4.1232075196850388
20
1.443557874015748
11
4.1264006692913382
21
1.4414242913385826
0
LINE
8
BLACK
6
CONTINUOUS
10
4.1264006692913382
20
1.4414242913385826
11
4.128534251968504
21
1.4382311417322835
0
LINE
8
BLACK
6
CONTINUOUS
10
4.128534251968504
20
1.4382311417322835
11
4.129283464566929
21
1.4344645669291338
0
LINE
8
BLACK
6
CONTINUOUS
10
4.129283464566929
20
1.4344645669291338
11
4.129283464566929
21
1.367535433070866
0
LINE
8
BLACK
6
CONTINUOUS
10
4.129283464566929
20
1.367535433070866
11
4.128534251968504
21
1.3637688582677165
0
LINE
8
BLACK
6
CONTINUOUS
10
4.128534251968504
20
1.3637688582677165
11
4.1264006692913382
21
1.3605757086614172
0
LINE
8
BLACK
6
CONTINUOUS
10
4.1264006692913382
20
1.3605757086614172
11
4.1232075196850388
21
1.3584421259842518
0
LINE
8
BLACK
6
CONTINUOUS
10
4.1232075196850388
20
1.3584421259842518
11
4.1194409448818901
21
1.3576929133858266
0
LINE
8
BLACK
6
CONTINUOUS
10
4.1194409448818901
20
1.3576929133858266
11
4.0899133858267716
21
1.3576929133858266
0
LINE
8
BLACK
6
CONTINUOUS
10
4.0899133858267716
20
1.3576929133858266
11
4.0861468110236219
21
1.3584421259842518
0
LINE
8
BLACK
6
CONTINUOUS
10
4.0861468110236219
20
1.3584421259842518
11
4.0829536614173225
21
1.3605757086614172
0
LINE
8
BLACK
6
CONTINUOUS
10
4.0829536614173225
20
1.3605757086614172
11
4.0808200787401576
21
1.3637688582677165
0
LINE
8
BLACK
6
CONTINUOUS
10
4.0808200787401576
20
1.3637688582677165
11
4.0800708661417318
21
1.367535433070866
0
LINE
8
BLACK
6
CONTINUOUS
10
4.0800708661417318
20
1.367535433070866
11
4.0800708661417318
21
1.4344645669291338
0
LINE
8
BLACK
6
CONTINUOUS
10
4.0800708661417318
20
1.4344645669291338
11
4.0808200787401576
21
1.4382311417322835
0
LINE
8
BLACK
6
CONTINUOUS
10
4.0808200787401576
20
1.4382311417322835
11
4.0829536614173225
21
1.4414242913385826
0
LINE
8
BLACK
6
CONTINUOUS
10
4.0829536614173225
20
1.4414242913385826
11
4.0861468110236219
21
1.443557874015748
0
LINE
8
BLACK
6
CONTINUOUS
10
4.0861468110236219
20
1.443557874015748
11
4.0899133858267716
21
1.4443070866141732
0
LINE
8
BLACK
6
CONTINUOUS
10
4.0899133858267716
20
1.4443070866141732
11
4.1194409448818901
21
1.4443070866141732
0
LINE
8
BLACK
6
CONTINUOUS
10
4.1194409448818901
20
1.4443070866141732
11
4.1232075196850388
21
1.443557874015748
0
LINE
8
BLACK
6
CONTINUOUS
10
4.2078531889763777
20
1.443557874015748
11
4.2110463385826771
21
1.4414242913385826
0
LINE
8
BLACK
6
CONTINUOUS
10
4.2110463385826771
20
1.4414242913385826
11
4.2131799212598429
21
1.4382311417322835
0
LINE
8
BLACK
6
CONTINUOUS
10
4.2131799212598429
20
1.4382311417322835
11
4.2139291338582678
21
1.4344645669291338
0
LINE
8
BLACK
6
CONTINUOUS
10
4.2139291338582678
20
1.4344645669291338
11
4.2139291338582678
21
1.367535433070866
0
LINE
8
BLACK
6
CONTINUOUS
10
4.2139291338582678
20
1.367535433070866
11
4.2131799212598429
21
1.3637688582677165
0
LINE
8
BLACK
6
CONTINUOUS
10
4.2131799212598429
20
1.3637688582677165
11
4.2110463385826771
21
1.3605757086614172
0
LINE
8
BLACK
6
CONTINUOUS
10
4.2110463385826771
20
1.3605757086614172
11
4.2078531889763777
21
1.3584421259842518
0
LINE
8
BLACK
6
CONTINUOUS
10
4.2078531889763777
20
1.3584421259842518
11
4.204086614173228
21
1.3576929133858266
0
LINE
8
BLACK
6
CONTINUOUS
10
4.204086614173228
20
1.3576929133858266
11
4.1745590551181104
21
1.3576929133858266
0
LINE
8
BLACK
6
CONTINUOUS
10
4.1745590551181104
20
1.3576929133858266
11
4.1707924803149607
21
1.3584421259842518
0
LINE
8
BLACK
6
CONTINUOUS
10
4.1707924803149607
20
1.3584421259842518
11
4.1675993307086614
21
1.3605757086614172
0
LINE
8
BLACK
6
CONTINUOUS
10
4.1675993307086614
20
1.3605757086614172
11
4.1654657480314956
21
1.3637688582677165
0
LINE
8
BLACK
6
CONTINUOUS
10
4.1654657480314956
20
1.3637688582677165
11
4.1647165354330706
21
1.367535433070866
0
LINE
8
BLACK
6
CONTINUOUS
10
4.1647165354330706
20
1.367535433070866
11
4.1647165354330706
21
1.4344645669291338
0
LINE
8
BLACK
6
CONTINUOUS
10
4.1647165354330706
20
1.4344645669291338
11
4.1654657480314956
21
1.4382311417322835
0
LINE
8
BLACK
6
CONTINUOUS
10
4.1654657480314956
20
1.4382311417322835
11
4.1675993307086614
21
1.4414242913385826
0
LINE
8
BLACK
6
CONTINUOUS
10
4.1675993307086614
20
1.4414242913385826
11
4.1707924803149607
21
1.443557874015748
0
LINE
8
BLACK
6
CONTINUOUS
10
4.1707924803149607
20
1.443557874015748
11
4.1745590551181104
21
1.4443070866141732
0
LINE
8
BLACK
6
CONTINUOUS
10
4.1745590551181104
20
1.4443070866141732
11
4.204086614173228
21
1.4443070866141732
0
LINE
8
BLACK
6
CONTINUOUS
10
4.204086614173228
20
1.4443070866141732
11
4.2078531889763777
21
1.443557874015748
0
LINE
8
BLACK
6
CONTINUOUS
10
1.2461181102362204
20
1.3751574803149607
11
1.1870629921259843
21
1.3751574803149607
0
LINE
8
BLACK
6
CONTINUOUS
10
1.1870629921259843
20
1.3751574803149607
11
1.1870629921259843
21
1.3968110236220472
0
LINE
8
BLACK
6
CONTINUOUS
10
1.1870629921259843
20
1.3968110236220472
11
1.2461181102362204
21
1.3968110236220472
0
LINE
8
BLACK
6
CONTINUOUS
10
1.2461181102362204
20
1.3968110236220472
11
1.2461181102362204
21
1.3751574803149607
0
LINE
8
BLACK
6
CONTINUOUS
10
1.6949370078740158
20
1.3751574803149607
11
1.6358818897637795
21
1.3751574803149607
0
LINE
8
BLACK
6
CONTINUOUS
10
1.6358818897637795
20
1.3751574803149607
11
1.6358818897637795
21
1.3968110236220472
0
LINE
8
BLACK
6
CONTINUOUS
10
1.6358818897637795
20
1.3968110236220472
11
1.6949370078740158
21
1.3968110236220472
0
LINE
8
BLACK
6
CONTINUOUS
10
1.6949370078740158
20
1.3968110236220472
11
1.6949370078740158
21
1.3751574803149607
0
LINE
8
BLACK
6
CONTINUOUS
10
1.0584831102362204
20
1.4173531496062992
11
1.0616762598425196
21
1.4152195669291339
0
LINE
8
BLACK
6
CONTINUOUS
10
1.0616762598425196
20
1.4152195669291339
11
1.0638098425196849
21
1.4120264173228345
0
LINE
8
BLACK
6
CONTINUOUS
10
1.0638098425196849
20
1.4120264173228345
11
1.0645590551181101
21
1.4082598425196851
0
LINE
8
BLACK
6
CONTINUOUS
10
1.0645590551181101
20
1.4082598425196851
11
1.0645590551181101
21
1.3875905511811024
0
LINE
8
BLACK
6
CONTINUOUS
10
1.0645590551181101
20
1.3875905511811024
11
1.0638098425196849
21
1.3838239763779527
0
LINE
8
BLACK
6
CONTINUOUS
10
1.0638098425196849
20
1.3838239763779527
11
1.0616762598425196
21
1.3806308267716536
0
LINE
8
BLACK
6
CONTINUOUS
10
1.0616762598425196
20
1.3806308267716536
11
1.0584831102362204
21
1.3784972440944883
0
LINE
8
BLACK
6
CONTINUOUS
10
1.0584831102362204
20
1.3784972440944883
11
1.0547165354330708
21
1.3777480314960631
0
LINE
8
BLACK
6
CONTINUOUS
10
1.0547165354330708
20
1.3777480314960631
11
1.0192834645669291
21
1.3777480314960631
0
LINE
8
BLACK
6
CONTINUOUS
10
1.0192834645669291
20
1.3777480314960631
11
1.0155168897637794
21
1.3784972440944883
0
LINE
8
BLACK
6
CONTINUOUS
10
1.0155168897637794
20
1.3784972440944883
11
1.0123237401574803
21
1.3806308267716536
0
LINE
8
BLACK
6
CONTINUOUS
10
1.0123237401574803
20
1.3806308267716536
11
1.0101901574803149
21
1.3838239763779527
0
LINE
8
BLACK
6
CONTINUOUS
10
1.0101901574803149
20
1.3838239763779527
11
1.0094409448818897
21
1.3875905511811024
0
LINE
8
BLACK
6
CONTINUOUS
10
1.0094409448818897
20
1.3875905511811024
11
1.0094409448818897
21
1.4082598425196851
0
LINE
8
BLACK
6
CONTINUOUS
10
1.0094409448818897
20
1.4082598425196851
11
1.0101901574803149
21
1.4120264173228345
0
LINE
8
BLACK
6
CONTINUOUS
10
1.0101901574803149
20
1.4120264173228345
11
1.0123237401574803
21
1.4152195669291339
0
LINE
8
BLACK
6
CONTINUOUS
10
1.0123237401574803
20
1.4152195669291339
11
1.0155168897637794
21
1.4173531496062992
0
LINE
8
BLACK
6
CONTINUOUS
10
1.0155168897637794
20
1.4173531496062992
11
1.0192834645669291
21
1.4181023622047244
0
LINE
8
BLACK
6
CONTINUOUS
10
1.0192834645669291
20
1.4181023622047244
11
1.0547165354330708
21
1.4181023622047244
0
LINE
8
BLACK
6
CONTINUOUS
10
1.0547165354330708
20
1.4181023622047244
11
1.0584831102362204
21
1.4173531496062992
0
LINE
8
BLACK
6
CONTINUOUS
10
1.1384831102362205
20
1.4173531496062992
11
1.1416762598425196
21
1.4152195669291339
0
LINE
8
BLACK
6
CONTINUOUS
10
1.1416762598425196
20
1.4152195669291339
11
1.143809842519685
21
1.4120264173228345
0
LINE
8
BLACK
6
CONTINUOUS
10
1.143809842519685
20
1.4120264173228345
11
1.1445590551181102
21
1.4082598425196851
0
LINE
8
BLACK
6
CONTINUOUS
10
1.1445590551181102
20
1.4082598425196851
11
1.1445590551181102
21
1.3875905511811024
0
LINE
8
BLACK
6
CONTINUOUS
10
1.1445590551181102
20
1.3875905511811024
11
1.143809842519685
21
1.3838239763779527
0
LINE
8
BLACK
6
CONTINUOUS
10
1.143809842519685
20
1.3838239763779527
11
1.1416762598425196
21
1.3806308267716536
0
LINE
8
BLACK
6
CONTINUOUS
10
1.1416762598425196
20
1.3806308267716536
11
1.1384831102362205
21
1.3784972440944883
0
LINE
8
BLACK
6
CONTINUOUS
10
1.1384831102362205
20
1.3784972440944883
11
1.1347165354330708
21
1.3777480314960631
0
LINE
8
BLACK
6
CONTINUOUS
10
1.1347165354330708
20
1.3777480314960631
11
1.0992834645669292
21
1.3777480314960631
0
LINE
8
BLACK
6
CONTINUOUS
10
1.0992834645669292
20
1.3777480314960631
11
1.0955168897637795
21
1.3784972440944883
0
LINE
8
BLACK
6
CONTINUOUS
10
1.0955168897637795
20
1.3784972440944883
11
1.0923237401574803
21
1.3806308267716536
0
LINE
8
BLACK
6
CONTINUOUS
10
1.0923237401574803
20
1.3806308267716536
11
1.090190157480315
21
1.3838239763779527
0
LINE
8
BLACK
6
CONTINUOUS
10
1.090190157480315
20
1.3838239763779527
11
1.0894409448818898
21
1.3875905511811024
0
LINE
8
BLACK
6
CONTINUOUS
10
1.0894409448818898
20
1.3875905511811024
11
1.0894409448818898
21
1.4082598425196851
0
LINE
8
BLACK
6
CONTINUOUS
10
1.0894409448818898
20
1.4082598425196851
11
1.090190157480315
21
1.4120264173228345
0
LINE
8
BLACK
6
CONTINUOUS
10
1.090190157480315
20
1.4120264173228345
11
1.0923237401574803
21
1.4152195669291339
0
LINE
8
BLACK
6
CONTINUOUS
10
1.0923237401574803
20
1.4152195669291339
11
1.0955168897637795
21
1.4173531496062992
0
LINE
8
BLACK
6
CONTINUOUS
10
1.0955168897637795
20
1.4173531496062992
11
1.0992834645669292
21
1.4181023622047244
0
LINE
8
BLACK
6
CONTINUOUS
10
1.0992834645669292
20
1.4181023622047244
11
1.1347165354330708
21
1.4181023622047244
0
LINE
8
BLACK
6
CONTINUOUS
10
1.1347165354330708
20
1.4181023622047244
11
1.1384831102362205
21
1.4173531496062992
0
LINE
8
BLACK
6
CONTINUOUS
10
4.384732755905512
20
1.4661512992125985
11
4.3879259055118105
21
1.4640177165354331
0
LINE
8
BLACK
6
CONTINUOUS
10
4.3879259055118105
20
1.4640177165354331
11
4.3900594881889763
21
1.4608245669291338
0
LINE
8
BLACK
6
CONTINUOUS
10
4.3900594881889763
20
1.4608245669291338
11
4.3908087007874013
21
1.4570579921259843
0
LINE
8
BLACK
6
CONTINUOUS
10
4.3908087007874013
20
1.4570579921259843
11
4.3908087007874013
21
1.3901288582677165
0
LINE
8
BLACK
6
CONTINUOUS
10
4.3908087007874013
20
1.3901288582677165
11
4.3900594881889763
21
1.3863622834645668
0
LINE
8
BLACK
6
CONTINUOUS
10
4.3900594881889763
20
1.3863622834645668
11
4.3879259055118105
21
1.3831691338582677
0
LINE
8
BLACK
6
CONTINUOUS
10
4.3879259055118105
20
1.3831691338582677
11
4.384732755905512
21
1.3810355511811023
0
LINE
8
BLACK
6
CONTINUOUS
10
4.384732755905512
20
1.3810355511811023
11
4.3809661811023624
21
1.3802863385826771
0
LINE
8
BLACK
6
CONTINUOUS
10
4.3809661811023624
20
1.3802863385826771
11
4.3514386220472439
21
1.3802863385826771
0
LINE
8
BLACK
6
CONTINUOUS
10
4.3514386220472439
20
1.3802863385826771
11
4.3476720472440942
21
1.3810355511811023
0
LINE
8
BLACK
6
CONTINUOUS
10
4.3476720472440942
20
1.3810355511811023
11
4.3444788976377948
21
1.3831691338582677
0
LINE
8
BLACK
6
CONTINUOUS
10
4.3444788976377948
20
1.3831691338582677
11
4.3423453149606299
21
1.3863622834645668
0
LINE
8
BLACK
6
CONTINUOUS
10
4.3423453149606299
20
1.3863622834645668
11
4.3415961023622049
21
1.3901288582677165
0
LINE
8
BLACK
6
CONTINUOUS
10
4.3415961023622049
20
1.3901288582677165
11
4.3415961023622049
21
1.4570579921259843
0
LINE
8
BLACK
6
CONTINUOUS
10
4.3415961023622049
20
1.4570579921259843
11
4.3423453149606299
21
1.4608245669291338
0
LINE
8
BLACK
6
CONTINUOUS
10
4.3423453149606299
20
1.4608245669291338
11
4.3444788976377948
21
1.4640177165354331
0
LINE
8
BLACK
6
CONTINUOUS
10
4.3444788976377948
20
1.4640177165354331
11
4.3476720472440942
21
1.4661512992125985
0
LINE
8
BLACK
6
CONTINUOUS
10
4.3476720472440942
20
1.4661512992125985
11
4.3514386220472439
21
1.4669005118110237
0
LINE
8
BLACK
6
CONTINUOUS
10
4.3514386220472439
20
1.4669005118110237
11
4.3809661811023624
21
1.4669005118110237
0
LINE
8
BLACK
6
CONTINUOUS
10
4.3809661811023624
20
1.4669005118110237
11
4.384732755905512
21
1.4661512992125985
0
LINE
8
BLACK
6
CONTINUOUS
10
4.46937842519685
20
1.4661512992125985
11
4.4725715748031494
21
1.4640177165354331
0
LINE
8
BLACK
6
CONTINUOUS
10
4.4725715748031494
20
1.4640177165354331
11
4.4747051574803152
21
1.4608245669291338
0
LINE
8
BLACK
6
CONTINUOUS
10
4.4747051574803152
20
1.4608245669291338
11
4.4754543700787401
21
1.4570579921259843
0
LINE
8
BLACK
6
CONTINUOUS
10
4.4754543700787401
20
1.4570579921259843
11
4.4754543700787401
21
1.3901288582677165
0
LINE
8
BLACK
6
CONTINUOUS
10
4.4754543700787401
20
1.3901288582677165
11
4.4747051574803152
21
1.3863622834645668
0
LINE
8
BLACK
6
CONTINUOUS
10
4.4747051574803152
20
1.3863622834645668
11
4.4725715748031494
21
1.3831691338582677
0
LINE
8
BLACK
6
CONTINUOUS
10
4.4725715748031494
20
1.3831691338582677
11
4.46937842519685
21
1.3810355511811023
0
LINE
8
BLACK
6
CONTINUOUS
10
4.46937842519685
20
1.3810355511811023
11
4.4656118503937003
21
1.3802863385826771
0
LINE
8
BLACK
6
CONTINUOUS
10
4.4656118503937003
20
1.3802863385826771
11
4.4360842913385827
21
1.3802863385826771
0
LINE
8
BLACK
6
CONTINUOUS
10
4.4360842913385827
20
1.3802863385826771
11
4.432317716535433
21
1.3810355511811023
0
LINE
8
BLACK
6
CONTINUOUS
10
4.432317716535433
20
1.3810355511811023
11
4.4291245669291337
21
1.3831691338582677
0
LINE
8
BLACK
6
CONTINUOUS
10
4.4291245669291337
20
1.3831691338582677
11
4.4269909842519688
21
1.3863622834645668
0
LINE
8
BLACK
6
CONTINUOUS
10
4.4269909842519688
20
1.3863622834645668
11
4.4262417716535429
21
1.3901288582677165
0
LINE
8
BLACK
6
CONTINUOUS
10
4.4262417716535429
20
1.3901288582677165
11
4.4262417716535429
21
1.4570579921259843
0
LINE
8
BLACK
6
CONTINUOUS
10
4.4262417716535429
20
1.4570579921259843
11
4.4269909842519688
21
1.4608245669291338
0
LINE
8
BLACK
6
CONTINUOUS
10
4.4269909842519688
20
1.4608245669291338
11
4.4291245669291337
21
1.4640177165354331
0
LINE
8
BLACK
6
CONTINUOUS
10
4.4291245669291337
20
1.4640177165354331
11
4.432317716535433
21
1.4661512992125985
0
LINE
8
BLACK
6
CONTINUOUS
10
4.432317716535433
20
1.4661512992125985
11
4.4360842913385827
21
1.4669005118110237
0
LINE
8
BLACK
6
CONTINUOUS
10
4.4360842913385827
20
1.4669005118110237
11
4.4656118503937003
21
1.4669005118110237
0
LINE
8
BLACK
6
CONTINUOUS
10
4.4656118503937003
20
1.4669005118110237
11
4.46937842519685
21
1.4661512992125985
0
LINE
8
BLACK
6
CONTINUOUS
10
0.4677638976377952
20
1.4536764566929135
11
0.4696797637795275
21
1.4523962992125985
0
LINE
8
BLACK
6
CONTINUOUS
10
0.4696797637795275
20
1.4523962992125985
11
0.4709599212598425
21
1.450480433070866
0
LINE
8
BLACK
6
CONTINUOUS
10
0.4709599212598425
20
1.450480433070866
11
0.4714094488188976
21
1.4482204724409449
0
LINE
8
BLACK
6
CONTINUOUS
10
0.4714094488188976
20
1.4482204724409449
11
0.4714094488188976
21
1.4019606299212599
0
LINE
8
BLACK
6
CONTINUOUS
10
0.4714094488188976
20
1.4019606299212599
11
0.4709599212598425
21
1.3997006692913385
0
LINE
8
BLACK
6
CONTINUOUS
10
0.4709599212598425
20
1.3997006692913385
11
0.4696797637795275
21
1.3977848031496063
0
LINE
8
BLACK
6
CONTINUOUS
10
0.4696797637795275
20
1.3977848031496063
11
0.4677638976377952
21
1.3965046456692913
0
LINE
8
BLACK
6
CONTINUOUS
10
0.4677638976377952
20
1.3965046456692913
11
0.465503937007874
21
1.3960551181102361
0
LINE
8
BLACK
6
CONTINUOUS
10
0.465503937007874
20
1.3960551181102361
11
0.4536929133858267
21
1.3960551181102361
0
LINE
8
BLACK
6
CONTINUOUS
10
0.4536929133858267
20
1.3960551181102361
11
0.4514329527559055
21
1.3965046456692913
0
LINE
8
BLACK
6
CONTINUOUS
10
0.4514329527559055
20
1.3965046456692913
11
0.4495170866141732
21
1.3977848031496063
0
LINE
8
BLACK
6
CONTINUOUS
10
0.4495170866141732
20
1.3977848031496063
11
0.4482369291338583
21
1.3997006692913385
0
LINE
8
BLACK
6
CONTINUOUS
10
0.4482369291338583
20
1.3997006692913385
11
0.4477874015748031
21
1.4019606299212599
0
LINE
8
BLACK
6
CONTINUOUS
10
0.4477874015748031
20
1.4019606299212599
11
0.4477874015748031
21
1.4482204724409449
0
LINE
8
BLACK
6
CONTINUOUS
10
0.4477874015748031
20
1.4482204724409449
11
0.4482369291338583
21
1.450480433070866
0
LINE
8
BLACK
6
CONTINUOUS
10
0.4482369291338583
20
1.450480433070866
11
0.4495170866141732
21
1.4523962992125985
0
LINE
8
BLACK
6
CONTINUOUS
10
0.4495170866141732
20
1.4523962992125985
11
0.4514329527559055
21
1.4536764566929135
0
LINE
8
BLACK
6
CONTINUOUS
10
0.4514329527559055
20
1.4536764566929135
11
0.4536929133858267
21
1.4541259842519685
0
LINE
8
BLACK
6
CONTINUOUS
10
0.4536929133858267
20
1.4541259842519685
11
0.465503937007874
21
1.4541259842519685
0
LINE
8
BLACK
6
CONTINUOUS
10
0.465503937007874
20
1.4541259842519685
11
0.4677638976377952
21
1.4536764566929135
0
LINE
8
BLACK
6
CONTINUOUS
10
0.5425670472440944
20
1.4536764566929135
11
0.5444829133858268
21
1.4523962992125985
0
LINE
8
BLACK
6
CONTINUOUS
10
0.5444829133858268
20
1.4523962992125985
11
0.5457630708661417
21
1.450480433070866
0
LINE
8
BLACK
6
CONTINUOUS
10
0.5457630708661417
20
1.450480433070866
11
0.5462125984251969
21
1.4482204724409449
0
LINE
8
BLACK
6
CONTINUOUS
10
0.5462125984251969
20
1.4482204724409449
11
0.5462125984251969
21
1.4019606299212599
0
LINE
8
BLACK
6
CONTINUOUS
10
0.5462125984251969
20
1.4019606299212599
11
0.5457630708661417
21
1.3997006692913385
0
LINE
8
BLACK
6
CONTINUOUS
10
0.5457630708661417
20
1.3997006692913385
11
0.5444829133858268
21
1.3977848031496063
0
LINE
8
BLACK
6
CONTINUOUS
10
0.5444829133858268
20
1.3977848031496063
11
0.5425670472440944
21
1.3965046456692913
0
LINE
8
BLACK
6
CONTINUOUS
10
0.5425670472440944
20
1.3965046456692913
11
0.5403070866141733
21
1.3960551181102361
0
LINE
8
BLACK
6
CONTINUOUS
10
0.5403070866141733
20
1.3960551181102361
11
0.5284960629921259
21
1.3960551181102361
0
LINE
8
BLACK
6
CONTINUOUS
10
0.5284960629921259
20
1.3960551181102361
11
0.5262361023622047
21
1.3965046456692913
0
LINE
8
BLACK
6
CONTINUOUS
10
0.5262361023622047
20
1.3965046456692913
11
0.5243202362204724
21
1.3977848031496063
0
LINE
8
BLACK
6
CONTINUOUS
10
0.5243202362204724
20
1.3977848031496063
11
0.5230400787401575
21
1.3997006692913385
0
LINE
8
BLACK
6
CONTINUOUS
10
0.5230400787401575
20
1.3997006692913385
11
0.5225905511811023
21
1.4019606299212599
0
LINE
8
BLACK
6
CONTINUOUS
10
0.5225905511811023
20
1.4019606299212599
11
0.5225905511811023
21
1.4482204724409449
0
LINE
8
BLACK
6
CONTINUOUS
10
0.5225905511811023
20
1.4482204724409449
11
0.5230400787401575
21
1.450480433070866
0
LINE
8
BLACK
6
CONTINUOUS
10
0.5230400787401575
20
1.450480433070866
11
0.5243202362204724
21
1.4523962992125985
0
LINE
8
BLACK
6
CONTINUOUS
10
0.5243202362204724
20
1.4523962992125985
11
0.5262361023622047
21
1.4536764566929135
0
LINE
8
BLACK
6
CONTINUOUS
10
0.5262361023622047
20
1.4536764566929135
11
0.5284960629921259
21
1.4541259842519685
0
LINE
8
BLACK
6
CONTINUOUS
10
0.5284960629921259
20
1.4541259842519685
11
0.5403070866141733
21
1.4541259842519685
0
LINE
8
BLACK
6
CONTINUOUS
10
0.5403070866141733
20
1.4541259842519685
11
0.5425670472440944
21
1.4536764566929135
0
LINE
8
BLACK
6
CONTINUOUS
10
1.2461181102362204
20
1.4066535433070866
11
1.1870629921259843
21
1.4066535433070866
0
LINE
8
BLACK
6
CONTINUOUS
10
1.1870629921259843
20
1.4066535433070866
11
1.1870629921259843
21
1.4283070866141732
0
LINE
8
BLACK
6
CONTINUOUS
10
1.1870629921259843
20
1.4283070866141732
11
1.2461181102362204
21
1.4283070866141732
0
LINE
8
BLACK
6
CONTINUOUS
10
1.2461181102362204
20
1.4283070866141732
11
1.2461181102362204
21
1.4066535433070866
0
LINE
8
BLACK
6
CONTINUOUS
10
1.6949370078740158
20
1.4066535433070866
11
1.6358818897637795
21
1.4066535433070866
0
LINE
8
BLACK
6
CONTINUOUS
10
1.6358818897637795
20
1.4066535433070866
11
1.6358818897637795
21
1.4283070866141732
0
LINE
8
BLACK
6
CONTINUOUS
10
1.6358818897637795
20
1.4283070866141732
11
1.6949370078740158
21
1.4283070866141732
0
LINE
8
BLACK
6
CONTINUOUS
10
1.6949370078740158
20
1.4283070866141732
11
1.6949370078740158
21
1.4066535433070866
0
LINE
8
BLACK
6
CONTINUOUS
10
0.6331760236220473
20
1.465809842519685
11
0.6363691732283464
21
1.4636762598425197
0
LINE
8
BLACK
6
CONTINUOUS
10
0.6363691732283464
20
1.4636762598425197
11
0.6385027559055118
21
1.4604831102362203
0
LINE
8
BLACK
6
CONTINUOUS
10
0.6385027559055118
20
1.4604831102362203
11
0.639251968503937
21
1.4567165354330709
0
LINE
8
BLACK
6
CONTINUOUS
10
0.639251968503937
20
1.4567165354330709
11
0.639251968503937
21
1.421283464566929
0
LINE
8
BLACK
6
CONTINUOUS
10
0.639251968503937
20
1.421283464566929
11
0.6385027559055118
21
1.4175168897637795
0
LINE
8
BLACK
6
CONTINUOUS
10
0.6385027559055118
20
1.4175168897637795
11
0.6363691732283464
21
1.4143237401574802
0
LINE
8
BLACK
6
CONTINUOUS
10
0.6363691732283464
20
1.4143237401574802
11
0.6331760236220473
21
1.4121901574803148
0
LINE
8
BLACK
6
CONTINUOUS
10
0.6331760236220473
20
1.4121901574803148
11
0.6294094488188976
21
1.4114409448818896
0
LINE
8
BLACK
6
CONTINUOUS
10
0.6294094488188976
20
1.4114409448818896
11
0.608740157480315
21
1.4114409448818896
0
LINE
8
BLACK
6
CONTINUOUS
10
0.608740157480315
20
1.4114409448818896
11
0.6049735826771654
21
1.4121901574803148
0
LINE
8
BLACK
6
CONTINUOUS
10
0.6049735826771654
20
1.4121901574803148
11
0.6017804330708661
21
1.4143237401574802
0
LINE
8
BLACK
6
CONTINUOUS
10
0.6017804330708661
20
1.4143237401574802
11
0.5996468503937008
21
1.4175168897637795
0
LINE
8
BLACK
6
CONTINUOUS
10
0.5996468503937008
20
1.4175168897637795
11
0.5988976377952756
21
1.421283464566929
0
LINE
8
BLACK
6
CONTINUOUS
10
0.5988976377952756
20
1.421283464566929
11
0.5988976377952756
21
1.4567165354330709
0
LINE
8
BLACK
6
CONTINUOUS
10
0.5988976377952756
20
1.4567165354330709
11
0.5996468503937008
21
1.4604831102362203
0
LINE
8
BLACK
6
CONTINUOUS
10
0.5996468503937008
20
1.4604831102362203
11
0.6017804330708661
21
1.4636762598425197
0
LINE
8
BLACK
6
CONTINUOUS
10
0.6017804330708661
20
1.4636762598425197
11
0.6049735826771654
21
1.465809842519685
0
LINE
8
BLACK
6
CONTINUOUS
10
0.6049735826771654
20
1.465809842519685
11
0.608740157480315
21
1.4665590551181102
0
LINE
8
BLACK
6
CONTINUOUS
10
0.608740157480315
20
1.4665590551181102
11
0.6294094488188976
21
1.4665590551181102
0
LINE
8
BLACK
6
CONTINUOUS
10
0.6294094488188976
20
1.4665590551181102
11
0.6331760236220473
21
1.465809842519685
0
LINE
8
BLACK
6
CONTINUOUS
10
0.7050264173228347
20
1.465809842519685
11
0.7082195669291338
21
1.4636762598425197
0
LINE
8
BLACK
6
CONTINUOUS
10
0.7082195669291338
20
1.4636762598425197
11
0.7103531496062993
21
1.4604831102362203
0
LINE
8
BLACK
6
CONTINUOUS
10
0.7103531496062993
20
1.4604831102362203
11
0.7111023622047244
21
1.4567165354330709
0
LINE
8
BLACK
6
CONTINUOUS
10
0.7111023622047244
20
1.4567165354330709
11
0.7111023622047244
21
1.421283464566929
0
LINE
8
BLACK
6
CONTINUOUS
10
0.7111023622047244
20
1.421283464566929
11
0.7103531496062993
21
1.4175168897637795
0
LINE
8
BLACK
6
CONTINUOUS
10
0.7103531496062993
20
1.4175168897637795
11
0.7082195669291338
21
1.4143237401574802
0
LINE
8
BLACK
6
CONTINUOUS
10
0.7082195669291338
20
1.4143237401574802
11
0.7050264173228347
21
1.4121901574803148
0
LINE
8
BLACK
6
CONTINUOUS
10
0.7050264173228347
20
1.4121901574803148
11
0.701259842519685
21
1.4114409448818896
0
LINE
8
BLACK
6
CONTINUOUS
10
0.701259842519685
20
1.4114409448818896
11
0.6805905511811023
21
1.4114409448818896
0
LINE
8
BLACK
6
CONTINUOUS
10
0.6805905511811023
20
1.4114409448818896
11
0.6768239763779528
21
1.4121901574803148
0
LINE
8
BLACK
6
CONTINUOUS
10
0.6768239763779528
20
1.4121901574803148
11
0.6736308267716535
21
1.4143237401574802
0
LINE
8
BLACK
6
CONTINUOUS
10
0.6736308267716535
20
1.4143237401574802
11
0.6714972440944882
21
1.4175168897637795
0
LINE
8
BLACK
6
CONTINUOUS
10
0.6714972440944882
20
1.4175168897637795
11
0.670748031496063
21
1.421283464566929
0
LINE
8
BLACK
6
CONTINUOUS
10
0.670748031496063
20
1.421283464566929
11
0.670748031496063
21
1.4567165354330709
0
LINE
8
BLACK
6
CONTINUOUS
10
0.670748031496063
20
1.4567165354330709
11
0.6714972440944882
21
1.4604831102362203
0
LINE
8
BLACK
6
CONTINUOUS
10
0.6714972440944882
20
1.4604831102362203
11
0.6736308267716535
21
1.4636762598425197
0
LINE
8
BLACK
6
CONTINUOUS
10
0.6736308267716535
20
1.4636762598425197
11
0.6768239763779528
21
1.465809842519685
0
LINE
8
BLACK
6
CONTINUOUS
10
0.6768239763779528
20
1.465809842519685
11
0.6805905511811023
21
1.4665590551181102
0
LINE
8
BLACK
6
CONTINUOUS
10
0.6805905511811023
20
1.4665590551181102
11
0.701259842519685
21
1.4665590551181102
0
LINE
8
BLACK
6
CONTINUOUS
10
0.701259842519685
20
1.4665590551181102
11
0.7050264173228347
21
1.465809842519685
0
LINE
8
BLACK
6
CONTINUOUS
10
0.2884122440944882
20
1.4986996062992126
11
0.2916053937007874
21
1.4965660236220473
0
LINE
8
BLACK
6
CONTINUOUS
10
0.2916053937007874
20
1.4965660236220473
11
0.2937389763779528
21
1.4933728740157479
0
LINE
8
BLACK
6
CONTINUOUS
10
0.2937389763779528
20
1.4933728740157479
11
0.294488188976378
21
1.4896062992125985
0
LINE
8
BLACK
6
CONTINUOUS
10
0.294488188976378
20
1.4896062992125985
11
0.294488188976378
21
1.4403937007874015
0
LINE
8
BLACK
6
CONTINUOUS
10
0.294488188976378
20
1.4403937007874015
11
0.2937389763779528
21
1.436627125984252
0
LINE
8
BLACK
6
CONTINUOUS
10
0.2937389763779528
20
1.436627125984252
11
0.2916053937007874
21
1.4334339763779527
0
LINE
8
BLACK
6
CONTINUOUS
10
0.2916053937007874
20
1.4334339763779527
11
0.2884122440944882
21
1.4313003937007873
0
LINE
8
BLACK
6
CONTINUOUS
10
0.2884122440944882
20
1.4313003937007873
11
0.2846456692913386
21
1.4305511811023621
0
LINE
8
BLACK
6
CONTINUOUS
10
0.2846456692913386
20
1.4305511811023621
11
0.2551181102362204
21
1.4305511811023621
0
LINE
8
BLACK
6
CONTINUOUS
10
0.2551181102362204
20
1.4305511811023621
11
0.2513515354330709
21
1.4313003937007873
0
LINE
8
BLACK
6
CONTINUOUS
10
0.2513515354330709
20
1.4313003937007873
11
0.2481583858267717
21
1.4334339763779527
0
LINE
8
BLACK
6
CONTINUOUS
10
0.2481583858267717
20
1.4334339763779527
11
0.2460248031496063
21
1.436627125984252
0
LINE
8
BLACK
6
CONTINUOUS
10
0.2460248031496063
20
1.436627125984252
11
0.2452755905511811
21
1.4403937007874015
0
LINE
8
BLACK
6
CONTINUOUS
10
0.2452755905511811
20
1.4403937007874015
11
0.2452755905511811
21
1.4896062992125985
0
LINE
8
BLACK
6
CONTINUOUS
10
0.2452755905511811
20
1.4896062992125985
11
0.2460248031496063
21
1.4933728740157479
0
LINE
8
BLACK
6
CONTINUOUS
10
0.2460248031496063
20
1.4933728740157479
11
0.2481583858267717
21
1.4965660236220473
0
LINE
8
BLACK
6
CONTINUOUS
10
0.2481583858267717
20
1.4965660236220473
11
0.2513515354330709
21
1.4986996062992126
0
LINE
8
BLACK
6
CONTINUOUS
10
0.2513515354330709
20
1.4986996062992126
11
0.2551181102362204
21
1.4994488188976378
0
LINE
8
BLACK
6
CONTINUOUS
10
0.2551181102362204
20
1.4994488188976378
11
0.2846456692913386
21
1.4994488188976378
0
LINE
8
BLACK
6
CONTINUOUS
10
0.2846456692913386
20
1.4994488188976378
11
0.2884122440944882
21
1.4986996062992126
0
LINE
8
BLACK
6
CONTINUOUS
10
0.3986484645669292
20
1.4986996062992126
11
0.4018416141732283
21
1.4965660236220473
0
LINE
8
BLACK
6
CONTINUOUS
10
0.4018416141732283
20
1.4965660236220473
11
0.4039751968503937
21
1.4933728740157479
0
LINE
8
BLACK
6
CONTINUOUS
10
0.4039751968503937
20
1.4933728740157479
11
0.4047244094488189
21
1.4896062992125985
0
LINE
8
BLACK
6
CONTINUOUS
10
0.4047244094488189
20
1.4896062992125985
11
0.4047244094488189
21
1.4403937007874015
0
LINE
8
BLACK
6
CONTINUOUS
10
0.4047244094488189
20
1.4403937007874015
11
0.4039751968503937
21
1.436627125984252
0
LINE
8
BLACK
6
CONTINUOUS
10
0.4039751968503937
20
1.436627125984252
11
0.4018416141732283
21
1.4334339763779527
0
LINE
8
BLACK
6
CONTINUOUS
10
0.4018416141732283
20
1.4334339763779527
11
0.3986484645669292
21
1.4313003937007873
0
LINE
8
BLACK
6
CONTINUOUS
10
0.3986484645669292
20
1.4313003937007873
11
0.3948818897637795
21
1.4305511811023621
0
LINE
8
BLACK
6
CONTINUOUS
10
0.3948818897637795
20
1.4305511811023621
11
0.3653543307086614
21
1.4305511811023621
0
LINE
8
BLACK
6
CONTINUOUS
10
0.3653543307086614
20
1.4305511811023621
11
0.3615877559055118
21
1.4313003937007873
0
LINE
8
BLACK
6
CONTINUOUS
10
0.3615877559055118
20
1.4313003937007873
11
0.3583946062992126
21
1.4334339763779527
0
LINE
8
BLACK
6
CONTINUOUS
10
0.3583946062992126
20
1.4334339763779527
11
0.3562610236220473
21
1.436627125984252
0
LINE
8
BLACK
6
CONTINUOUS
10
0.3562610236220473
20
1.436627125984252
11
0.3555118110236221
21
1.4403937007874015
0
LINE
8
BLACK
6
CONTINUOUS
10
0.3555118110236221
20
1.4403937007874015
11
0.3555118110236221
21
1.4896062992125985
0
LINE
8
BLACK
6
CONTINUOUS
10
0.3555118110236221
20
1.4896062992125985
11
0.3562610236220473
21
1.4933728740157479
0
LINE
8
BLACK
6
CONTINUOUS
10
0.3562610236220473
20
1.4933728740157479
11
0.3583946062992126
21
1.4965660236220473
0
LINE
8
BLACK
6
CONTINUOUS
10
0.3583946062992126
20
1.4965660236220473
11
0.3615877559055118
21
1.4986996062992126
0
LINE
8
BLACK
6
CONTINUOUS
10
0.3615877559055118
20
1.4986996062992126
11
0.3653543307086614
21
1.4994488188976378
0
LINE
8
BLACK
6
CONTINUOUS
10
0.3653543307086614
20
1.4994488188976378
11
0.3948818897637795
21
1.4994488188976378
0
LINE
8
BLACK
6
CONTINUOUS
10
0.3948818897637795
20
1.4994488188976378
11
0.3986484645669292
21
1.4986996062992126
0
LINE
8
BLACK
6
CONTINUOUS
10
1.2943464566929133
20
1.4548818897637794
11
1.2726929133858267
21
1.4548818897637794
0
LINE
8
BLACK
6
CONTINUOUS
10
1.2726929133858267
20
1.4548818897637794
11
1.2726929133858267
21
1.5139370078740157
0
LINE
8
BLACK
6
CONTINUOUS
10
1.2726929133858267
20
1.5139370078740157
11
1.2943464566929133
21
1.5139370078740157
0
LINE
8
BLACK
6
CONTINUOUS
10
1.2943464566929133
20
1.5139370078740157
11
1.2943464566929133
21
1.4548818897637794
0
LINE
8
BLACK
6
CONTINUOUS
10
1.3258425196850394
20
1.4548818897637794
11
1.3041889763779528
21
1.4548818897637794
0
LINE
8
BLACK
6
CONTINUOUS
10
1.3041889763779528
20
1.4548818897637794
11
1.3041889763779528
21
1.5139370078740157
0
LINE
8
BLACK
6
CONTINUOUS
10
1.3041889763779528
20
1.5139370078740157
11
1.3258425196850394
21
1.5139370078740157
0
LINE
8
BLACK
6
CONTINUOUS
10
1.3258425196850394
20
1.5139370078740157
11
1.3258425196850394
21
1.4548818897637794
0
LINE
8
BLACK
6
CONTINUOUS
10
1.3573385826771653
20
1.4548818897637794
11
1.3356850393700788
21
1.4548818897637794
0
LINE
8
BLACK
6
CONTINUOUS
10
1.3356850393700788
20
1.4548818897637794
11
1.3356850393700788
21
1.5139370078740157
0
LINE
8
BLACK
6
CONTINUOUS
10
1.3356850393700788
20
1.5139370078740157
11
1.3573385826771653
21
1.5139370078740157
0
LINE
8
BLACK
6
CONTINUOUS
10
1.3573385826771653
20
1.5139370078740157
11
1.3573385826771653
21
1.4548818897637794
0
LINE
8
BLACK
6
CONTINUOUS
10
1.3888346456692913
20
1.4548818897637794
11
1.3671811023622047
21
1.4548818897637794
0
LINE
8
BLACK
6
CONTINUOUS
10
1.3671811023622047
20
1.4548818897637794
11
1.3671811023622047
21
1.5139370078740157
0
LINE
8
BLACK
6
CONTINUOUS
10
1.3671811023622047
20
1.5139370078740157
11
1.3888346456692913
21
1.5139370078740157
0
LINE
8
BLACK
6
CONTINUOUS
10
1.3888346456692913
20
1.5139370078740157
11
1.3888346456692913
21
1.4548818897637794
0
LINE
8
BLACK
6
CONTINUOUS
10
1.4203307086614172
20
1.4548818897637794
11
1.3986771653543306
21
1.4548818897637794
0
LINE
8
BLACK
6
CONTINUOUS
10
1.3986771653543306
20
1.4548818897637794
11
1.3986771653543306
21
1.5139370078740157
0
LINE
8
BLACK
6
CONTINUOUS
10
1.3986771653543306
20
1.5139370078740157
11
1.4203307086614172
21
1.5139370078740157
0
LINE
8
BLACK
6
CONTINUOUS
10
1.4203307086614172
20
1.5139370078740157
11
1.4203307086614172
21
1.4548818897637794
0
LINE
8
BLACK
6
CONTINUOUS
10
1.4518267716535433
20
1.4548818897637794
11
1.4301732283464568
21
1.4548818897637794
0
LINE
8
BLACK
6
CONTINUOUS
10
1.4301732283464568
20
1.4548818897637794
11
1.4301732283464568
21
1.5139370078740157
0
LINE
8
BLACK
6
CONTINUOUS
10
1.4301732283464568
20
1.5139370078740157
11
1.4518267716535433
21
1.5139370078740157
0
LINE
8
BLACK
6
CONTINUOUS
10
1.4518267716535433
20
1.5139370078740157
11
1.4518267716535433
21
1.4548818897637794
0
LINE
8
BLACK
6
CONTINUOUS
10
1.4833228346456693
20
1.4548818897637794
11
1.4616692913385827
21
1.4548818897637794
0
LINE
8
BLACK
6
CONTINUOUS
10
1.4616692913385827
20
1.4548818897637794
11
1.4616692913385827
21
1.5139370078740157
0
LINE
8
BLACK
6
CONTINUOUS
10
1.4616692913385827
20
1.5139370078740157
11
1.4833228346456693
21
1.5139370078740157
0
LINE
8
BLACK
6
CONTINUOUS
10
1.4833228346456693
20
1.5139370078740157
11
1.4833228346456693
21
1.4548818897637794
0
LINE
8
BLACK
6
CONTINUOUS
10
1.5148188976377952
20
1.4548818897637794
11
1.4931653543307086
21
1.4548818897637794
0
LINE
8
BLACK
6
CONTINUOUS
10
1.4931653543307086
20
1.4548818897637794
11
1.4931653543307086
21
1.5139370078740157
0
LINE
8
BLACK
6
CONTINUOUS
10
1.4931653543307086
20
1.5139370078740157
11
1.5148188976377952
21
1.5139370078740157
0
LINE
8
BLACK
6
CONTINUOUS
10
1.5148188976377952
20
1.5139370078740157
11
1.5148188976377952
21
1.4548818897637794
0
LINE
8
BLACK
6
CONTINUOUS
10
1.5463149606299211
20
1.4548818897637794
11
1.5246614173228346
21
1.4548818897637794
0
LINE
8
BLACK
6
CONTINUOUS
10
1.5246614173228346
20
1.4548818897637794
11
1.5246614173228346
21
1.5139370078740157
0
LINE
8
BLACK
6
CONTINUOUS
10
1.5246614173228346
20
1.5139370078740157
11
1.5463149606299211
21
1.5139370078740157
0
LINE
8
BLACK
6
CONTINUOUS
10
1.5463149606299211
20
1.5139370078740157
11
1.5463149606299211
21
1.4548818897637794
0
LINE
8
BLACK
6
CONTINUOUS
10
1.5778110236220473
20
1.4548818897637794
11
1.5561574803149605
21
1.4548818897637794
0
LINE
8
BLACK
6
CONTINUOUS
10
1.5561574803149605
20
1.4548818897637794
11
1.5561574803149605
21
1.5139370078740157
0
LINE
8
BLACK
6
CONTINUOUS
10
1.5561574803149605
20
1.5139370078740157
11
1.5778110236220473
21
1.5139370078740157
0
LINE
8
BLACK
6
CONTINUOUS
10
1.5778110236220473
20
1.5139370078740157
11
1.5778110236220473
21
1.4548818897637794
0
LINE
8
BLACK
6
CONTINUOUS
10
1.6093070866141732
20
1.4548818897637794
11
1.5876535433070866
21
1.4548818897637794
0
LINE
8
BLACK
6
CONTINUOUS
10
1.5876535433070866
20
1.4548818897637794
11
1.5876535433070866
21
1.5139370078740157
0
LINE
8
BLACK
6
CONTINUOUS
10
1.5876535433070866
20
1.5139370078740157
11
1.6093070866141732
21
1.5139370078740157
0
LINE
8
BLACK
6
CONTINUOUS
10
1.6093070866141732
20
1.5139370078740157
11
1.6093070866141732
21
1.4548818897637794
0
LINE
8
BLACK
6
CONTINUOUS
10
0.5051654724409449
20
1.5274953543307086
11
0.5070813385826771
21
1.5262151968503936
0
LINE
8
BLACK
6
CONTINUOUS
10
0.5070813385826771
20
1.5262151968503936
11
0.5083614960629921
21
1.5242993307086614
0
LINE
8
BLACK
6
CONTINUOUS
10
0.5083614960629921
20
1.5242993307086614
11
0.5088110236220472
21
1.52203937007874
0
LINE
8
BLACK
6
CONTINUOUS
10
0.5088110236220472
20
1.52203937007874
11
0.5088110236220472
21
1.4757795275590551
0
LINE
8
BLACK
6
CONTINUOUS
10
0.5088110236220472
20
1.4757795275590551
11
0.5083614960629921
21
1.4735195669291339
0
LINE
8
BLACK
6
CONTINUOUS
10
0.5083614960629921
20
1.4735195669291339
11
0.5070813385826771
21
1.4716037007874014
0
LINE
8
BLACK
6
CONTINUOUS
10
0.5070813385826771
20
1.4716037007874014
11
0.5051654724409449
21
1.4703235433070865
0
LINE
8
BLACK
6
CONTINUOUS
10
0.5051654724409449
20
1.4703235433070865
11
0.5029055118110236
21
1.4698740157480314
0
LINE
8
BLACK
6
CONTINUOUS
10
0.5029055118110236
20
1.4698740157480314
11
0.4910944881889764
21
1.4698740157480314
0
LINE
8
BLACK
6
CONTINUOUS
10
0.4910944881889764
20
1.4698740157480314
11
0.4888345275590551
21
1.4703235433070865
0
LINE
8
BLACK
6
CONTINUOUS
10
0.4888345275590551
20
1.4703235433070865
11
0.4869186614173228
21
1.4716037007874014
0
LINE
8
BLACK
6
CONTINUOUS
10
0.4869186614173228
20
1.4716037007874014
11
0.4856385039370079
21
1.4735195669291339
0
LINE
8
BLACK
6
CONTINUOUS
10
0.4856385039370079
20
1.4735195669291339
11
0.4851889763779527
21
1.4757795275590551
0
LINE
8
BLACK
6
CONTINUOUS
10
0.4851889763779527
20
1.4757795275590551
11
0.4851889763779527
21
1.52203937007874
0
LINE
8
BLACK
6
CONTINUOUS
10
0.4851889763779527
20
1.52203937007874
11
0.4856385039370079
21
1.5242993307086614
0
LINE
8
BLACK
6
CONTINUOUS
10
0.4856385039370079
20
1.5242993307086614
11
0.4869186614173228
21
1.5262151968503936
0
LINE
8
BLACK
6
CONTINUOUS
10
0.4869186614173228
20
1.5262151968503936
11
0.4888345275590551
21
1.5274953543307086
0
LINE
8
BLACK
6
CONTINUOUS
10
0.4888345275590551
20
1.5274953543307086
11
0.4910944881889764
21
1.5279448818897639
0
LINE
8
BLACK
6
CONTINUOUS
10
0.4910944881889764
20
1.5279448818897639
11
0.5029055118110236
21
1.5279448818897639
0
LINE
8
BLACK
6
CONTINUOUS
10
0.5029055118110236
20
1.5279448818897639
11
0.5051654724409449
21
1.5274953543307086
0
LINE
8
BLACK
6
CONTINUOUS
10
4.110717874015748
20
1.5309052755905512
11
4.1113564960629922
21
1.5304785433070867
0
LINE
8
BLACK
6
CONTINUOUS
10
4.1113564960629922
20
1.5304785433070867
11
4.1117832283464564
21
1.5298399212598426
0
LINE
8
BLACK
6
CONTINUOUS
10
4.1117832283464564
20
1.5298399212598426
11
4.1119330708661419
21
1.5290866141732282
0
LINE
8
BLACK
6
CONTINUOUS
10
4.1119330708661419
20
1.5290866141732282
11
4.1119330708661419
21
1.5066456692913386
0
LINE
8
BLACK
6
CONTINUOUS
10
4.1119330708661419
20
1.5066456692913386
11
4.1117832283464564
21
1.5058923622047244
0
LINE
8
BLACK
6
CONTINUOUS
10
4.1117832283464564
20
1.5058923622047244
11
4.1113564960629922
21
1.5052537401574804
0
LINE
8
BLACK
6
CONTINUOUS
10
4.1113564960629922
20
1.5052537401574804
11
4.110717874015748
21
1.5048270078740158
0
LINE
8
BLACK
6
CONTINUOUS
10
4.110717874015748
20
1.5048270078740158
11
4.1099645669291336
21
1.5046771653543307
0
LINE
8
BLACK
6
CONTINUOUS
10
4.1099645669291336
20
1.5046771653543307
11
4.1020905511811021
21
1.5046771653543307
0
LINE
8
BLACK
6
CONTINUOUS
10
4.1020905511811021
20
1.5046771653543307
11
4.1013372440944877
21
1.5048270078740158
0
LINE
8
BLACK
6
CONTINUOUS
10
4.1013372440944877
20
1.5048270078740158
11
4.1006986220472443
21
1.5052537401574804
0
LINE
8
BLACK
6
CONTINUOUS
10
4.1006986220472443
20
1.5052537401574804
11
4.1002718897637793
21
1.5058923622047244
0
LINE
8
BLACK
6
CONTINUOUS
10
4.1002718897637793
20
1.5058923622047244
11
4.1001220472440947
21
1.5066456692913386
0
LINE
8
BLACK
6
CONTINUOUS
10
4.1001220472440947
20
1.5066456692913386
11
4.1001220472440947
21
1.5290866141732282
0
LINE
8
BLACK
6
CONTINUOUS
10
4.1001220472440947
20
1.5290866141732282
11
4.1002718897637793
21
1.5298399212598426
0
LINE
8
BLACK
6
CONTINUOUS
10
4.1002718897637793
20
1.5298399212598426
11
4.1006986220472443
21
1.5304785433070867
0
LINE
8
BLACK
6
CONTINUOUS
10
4.1006986220472443
20
1.5304785433070867
11
4.1013372440944877
21
1.5309052755905512
0
LINE
8
BLACK
6
CONTINUOUS
10
4.1013372440944877
20
1.5309052755905512
11
4.1020905511811021
21
1.5310551181102361
0
LINE
8
BLACK
6
CONTINUOUS
10
4.1020905511811021
20
1.5310551181102361
11
4.1099645669291336
21
1.5310551181102361
0
LINE
8
BLACK
6
CONTINUOUS
10
4.1099645669291336
20
1.5310551181102361
11
4.110717874015748
21
1.5309052755905512
0
LINE
8
BLACK
6
CONTINUOUS
10
4.1304029133858267
20
1.5309052755905512
11
4.131041535433071
21
1.5304785433070867
0
LINE
8
BLACK
6
CONTINUOUS
10
4.131041535433071
20
1.5304785433070867
11
4.1314682677165351
21
1.5298399212598426
0
LINE
8
BLACK
6
CONTINUOUS
10
4.1314682677165351
20
1.5298399212598426
11
4.1316181102362206
21
1.5290866141732282
0
LINE
8
BLACK
6
CONTINUOUS
10
4.1316181102362206
20
1.5290866141732282
11
4.1316181102362206
21
1.5066456692913386
0
LINE
8
BLACK
6
CONTINUOUS
10
4.1316181102362206
20
1.5066456692913386
11
4.1314682677165351
21
1.5058923622047244
0
LINE
8
BLACK
6
CONTINUOUS
10
4.1314682677165351
20
1.5058923622047244
11
4.131041535433071
21
1.5052537401574804
0
LINE
8
BLACK
6
CONTINUOUS
10
4.131041535433071
20
1.5052537401574804
11
4.1304029133858267
21
1.5048270078740158
0
LINE
8
BLACK
6
CONTINUOUS
10
4.1304029133858267
20
1.5048270078740158
11
4.1296496062992123
21
1.5046771653543307
0
LINE
8
BLACK
6
CONTINUOUS
10
4.1296496062992123
20
1.5046771653543307
11
4.1217755905511808
21
1.5046771653543307
0
LINE
8
BLACK
6
CONTINUOUS
10
4.1217755905511808
20
1.5046771653543307
11
4.1210222834645664
21
1.5048270078740158
0
LINE
8
BLACK
6
CONTINUOUS
10
4.1210222834645664
20
1.5048270078740158
11
4.120383661417323
21
1.5052537401574804
0
LINE
8
BLACK
6
CONTINUOUS
10
4.120383661417323
20
1.5052537401574804
11
4.119956929133858
21
1.5058923622047244
0
LINE
8
BLACK
6
CONTINUOUS
10
4.119956929133858
20
1.5058923622047244
11
4.1198070866141734
21
1.5066456692913386
0
LINE
8
BLACK
6
CONTINUOUS
10
4.1198070866141734
20
1.5066456692913386
11
4.1198070866141734
21
1.5290866141732282
0
LINE
8
BLACK
6
CONTINUOUS
10
4.1198070866141734
20
1.5290866141732282
11
4.119956929133858
21
1.5298399212598426
0
LINE
8
BLACK
6
CONTINUOUS
10
4.119956929133858
20
1.5298399212598426
11
4.120383661417323
21
1.5304785433070867
0
LINE
8
BLACK
6
CONTINUOUS
10
4.120383661417323
20
1.5304785433070867
11
4.1210222834645664
21
1.5309052755905512
0
LINE
8
BLACK
6
CONTINUOUS
10
4.1210222834645664
20
1.5309052755905512
11
4.1217755905511808
21
1.5310551181102361
0
LINE
8
BLACK
6
CONTINUOUS
10
4.1217755905511808
20
1.5310551181102361
11
4.1296496062992123
21
1.5310551181102361
0
LINE
8
BLACK
6
CONTINUOUS
10
4.1296496062992123
20
1.5310551181102361
11
4.1304029133858267
21
1.5309052755905512
0
LINE
8
BLACK
6
CONTINUOUS
10
4.1500879527559054
20
1.5309052755905512
11
4.1507265748031497
21
1.5304785433070867
0
LINE
8
BLACK
6
CONTINUOUS
10
4.1507265748031497
20
1.5304785433070867
11
4.1511533070866138
21
1.5298399212598426
0
LINE
8
BLACK
6
CONTINUOUS
10
4.1511533070866138
20
1.5298399212598426
11
4.1513031496062993
21
1.5290866141732282
0
LINE
8
BLACK
6
CONTINUOUS
10
4.1513031496062993
20
1.5290866141732282
11
4.1513031496062993
21
1.5066456692913386
0
LINE
8
BLACK
6
CONTINUOUS
10
4.1513031496062993
20
1.5066456692913386
11
4.1511533070866138
21
1.5058923622047244
0
LINE
8
BLACK
6
CONTINUOUS
10
4.1511533070866138
20
1.5058923622047244
11
4.1507265748031497
21
1.5052537401574804
0
LINE
8
BLACK
6
CONTINUOUS
10
4.1507265748031497
20
1.5052537401574804
11
4.1500879527559054
21
1.5048270078740158
0
LINE
8
BLACK
6
CONTINUOUS
10
4.1500879527559054
20
1.5048270078740158
11
4.149334645669291
21
1.5046771653543307
0
LINE
8
BLACK
6
CONTINUOUS
10
4.149334645669291
20
1.5046771653543307
11
4.1414606299212595
21
1.5046771653543307
0
LINE
8
BLACK
6
CONTINUOUS
10
4.1414606299212595
20
1.5046771653543307
11
4.1407073228346452
21
1.5048270078740158
0
LINE
8
BLACK
6
CONTINUOUS
10
4.1407073228346452
20
1.5048270078740158
11
4.1400687007874017
21
1.5052537401574804
0
LINE
8
BLACK
6
CONTINUOUS
10
4.1400687007874017
20
1.5052537401574804
11
4.1396419685039367
21
1.5058923622047244
0
LINE
8
BLACK
6
CONTINUOUS
10
4.1396419685039367
20
1.5058923622047244
11
4.1394921259842521
21
1.5066456692913386
0
LINE
8
BLACK
6
CONTINUOUS
10
4.1394921259842521
20
1.5066456692913386
11
4.1394921259842521
21
1.5290866141732282
0
LINE
8
BLACK
6
CONTINUOUS
10
4.1394921259842521
20
1.5290866141732282
11
4.1396419685039367
21
1.5298399212598426
0
LINE
8
BLACK
6
CONTINUOUS
10
4.1396419685039367
20
1.5298399212598426
11
4.1400687007874017
21
1.5304785433070867
0
LINE
8
BLACK
6
CONTINUOUS
10
4.1400687007874017
20
1.5304785433070867
11
4.1407073228346452
21
1.5309052755905512
0
LINE
8
BLACK
6
CONTINUOUS
10
4.1407073228346452
20
1.5309052755905512
11
4.1414606299212595
21
1.5310551181102361
0
LINE
8
BLACK
6
CONTINUOUS
10
4.1414606299212595
20
1.5310551181102361
11
4.149334645669291
21
1.5310551181102361
0
LINE
8
BLACK
6
CONTINUOUS
10
4.149334645669291
20
1.5310551181102361
11
4.1500879527559054
21
1.5309052755905512
0
LINE
8
BLACK
6
CONTINUOUS
10
4.1697729921259841
20
1.5309052755905512
11
4.1704116141732284
21
1.5304785433070867
0
LINE
8
BLACK
6
CONTINUOUS
10
4.1704116141732284
20
1.5304785433070867
11
4.1708383464566925
21
1.5298399212598426
0
LINE
8
BLACK
6
CONTINUOUS
10
4.1708383464566925
20
1.5298399212598426
11
4.170988188976378
21
1.5290866141732282
0
LINE
8
BLACK
6
CONTINUOUS
10
4.170988188976378
20
1.5290866141732282
11
4.170988188976378
21
1.5066456692913386
0
LINE
8
BLACK
6
CONTINUOUS
10
4.170988188976378
20
1.5066456692913386
11
4.1708383464566925
21
1.5058923622047244
0
LINE
8
BLACK
6
CONTINUOUS
10
4.1708383464566925
20
1.5058923622047244
11
4.1704116141732284
21
1.5052537401574804
0
LINE
8
BLACK
6
CONTINUOUS
10
4.1704116141732284
20
1.5052537401574804
11
4.1697729921259841
21
1.5048270078740158
0
LINE
8
BLACK
6
CONTINUOUS
10
4.1697729921259841
20
1.5048270078740158
11
4.1690196850393697
21
1.5046771653543307
0
LINE
8
BLACK
6
CONTINUOUS
10
4.1690196850393697
20
1.5046771653543307
11
4.1611456692913382
21
1.5046771653543307
0
LINE
8
BLACK
6
CONTINUOUS
10
4.1611456692913382
20
1.5046771653543307
11
4.1603923622047247
21
1.5048270078740158
0
LINE
8
BLACK
6
CONTINUOUS
10
4.1603923622047247
20
1.5048270078740158
11
4.1597537401574805
21
1.5052537401574804
0
LINE
8
BLACK
6
CONTINUOUS
10
4.1597537401574805
20
1.5052537401574804
11
4.1593270078740154
21
1.5058923622047244
0
LINE
8
BLACK
6
CONTINUOUS
10
4.1593270078740154
20
1.5058923622047244
11
4.1591771653543308
21
1.5066456692913386
0
LINE
8
BLACK
6
CONTINUOUS
10
4.1591771653543308
20
1.5066456692913386
11
4.1591771653543308
21
1.5290866141732282
0
LINE
8
BLACK
6
CONTINUOUS
10
4.1591771653543308
20
1.5290866141732282
11
4.1593270078740154
21
1.5298399212598426
0
LINE
8
BLACK
6
CONTINUOUS
10
4.1593270078740154
20
1.5298399212598426
11
4.1597537401574805
21
1.5304785433070867
0
LINE
8
BLACK
6
CONTINUOUS
10
4.1597537401574805
20
1.5304785433070867
11
4.1603923622047247
21
1.5309052755905512
0
LINE
8
BLACK
6
CONTINUOUS
10
4.1603923622047247
20
1.5309052755905512
11
4.1611456692913382
21
1.5310551181102361
0
LINE
8
BLACK
6
CONTINUOUS
10
4.1611456692913382
20
1.5310551181102361
11
4.1690196850393697
21
1.5310551181102361
0
LINE
8
BLACK
6
CONTINUOUS
10
4.1690196850393697
20
1.5310551181102361
11
4.1697729921259841
21
1.5309052755905512
0
LINE
8
BLACK
6
CONTINUOUS
10
0.3221760236220472
20
1.578809842519685
11
0.3253691732283465
21
1.5766762598425197
0
LINE
8
BLACK
6
CONTINUOUS
10
0.3253691732283465
20
1.5766762598425197
11
0.3275027559055118
21
1.5734831102362203
0
LINE
8
BLACK
6
CONTINUOUS
10
0.3275027559055118
20
1.5734831102362203
11
0.328251968503937
21
1.5697165354330709
0
LINE
8
BLACK
6
CONTINUOUS
10
0.328251968503937
20
1.5697165354330709
11
0.328251968503937
21
1.534283464566929
0
LINE
8
BLACK
6
CONTINUOUS
10
0.328251968503937
20
1.534283464566929
11
0.3275027559055118
21
1.5305168897637795
0
LINE
8
BLACK
6
CONTINUOUS
10
0.3275027559055118
20
1.5305168897637795
11
0.3253691732283465
21
1.5273237401574802
0
LINE
8
BLACK
6
CONTINUOUS
10
0.3253691732283465
20
1.5273237401574802
11
0.3221760236220472
21
1.5251901574803148
0
LINE
8
BLACK
6
CONTINUOUS
10
0.3221760236220472
20
1.5251901574803148
11
0.3184094488188977
21
1.5244409448818896
0
LINE
8
BLACK
6
CONTINUOUS
10
0.3184094488188977
20
1.5244409448818896
11
0.297740157480315
21
1.5244409448818896
0
LINE
8
BLACK
6
CONTINUOUS
10
0.297740157480315
20
1.5244409448818896
11
0.2939735826771653
21
1.5251901574803148
0
LINE
8
BLACK
6
CONTINUOUS
10
0.2939735826771653
20
1.5251901574803148
11
0.2907804330708662
21
1.5273237401574802
0
LINE
8
BLACK
6
CONTINUOUS
10
0.2907804330708662
20
1.5273237401574802
11
0.2886468503937008
21
1.5305168897637795
0
LINE
8
BLACK
6
CONTINUOUS
10
0.2886468503937008
20
1.5305168897637795
11
0.2878976377952756
21
1.534283464566929
0
LINE
8
BLACK
6
CONTINUOUS
10
0.2878976377952756
20
1.534283464566929
11
0.2878976377952756
21
1.5697165354330709
0
LINE
8
BLACK
6
CONTINUOUS
10
0.2878976377952756
20
1.5697165354330709
11
0.2886468503937008
21
1.5734831102362203
0
LINE
8
BLACK
6
CONTINUOUS
10
0.2886468503937008
20
1.5734831102362203
11
0.2907804330708662
21
1.5766762598425197
0
LINE
8
BLACK
6
CONTINUOUS
10
0.2907804330708662
20
1.5766762598425197
11
0.2939735826771653
21
1.578809842519685
0
LINE
8
BLACK
6
CONTINUOUS
10
0.2939735826771653
20
1.578809842519685
11
0.297740157480315
21
1.5795590551181102
0
LINE
8
BLACK
6
CONTINUOUS
10
0.297740157480315
20
1.5795590551181102
11
0.3184094488188977
21
1.5795590551181102
0
LINE
8
BLACK
6
CONTINUOUS
10
0.3184094488188977
20
1.5795590551181102
11
0.3221760236220472
21
1.578809842519685
0
LINE
8
BLACK
6
CONTINUOUS
10
0.3940264173228346
20
1.578809842519685
11
0.3972195669291338
21
1.5766762598425197
0
LINE
8
BLACK
6
CONTINUOUS
10
0.3972195669291338
20
1.5766762598425197
11
0.3993531496062992
21
1.5734831102362203
0
LINE
8
BLACK
6
CONTINUOUS
10
0.3993531496062992
20
1.5734831102362203
11
0.4001023622047244
21
1.5697165354330709
0
LINE
8
BLACK
6
CONTINUOUS
10
0.4001023622047244
20
1.5697165354330709
11
0.4001023622047244
21
1.534283464566929
0
LINE
8
BLACK
6
CONTINUOUS
10
0.4001023622047244
20
1.534283464566929
11
0.3993531496062992
21
1.5305168897637795
0
LINE
8
BLACK
6
CONTINUOUS
10
0.3993531496062992
20
1.5305168897637795
11
0.3972195669291338
21
1.5273237401574802
0
LINE
8
BLACK
6
CONTINUOUS
10
0.3972195669291338
20
1.5273237401574802
11
0.3940264173228346
21
1.5251901574803148
0
LINE
8
BLACK
6
CONTINUOUS
10
0.3940264173228346
20
1.5251901574803148
11
0.390259842519685
21
1.5244409448818896
0
LINE
8
BLACK
6
CONTINUOUS
10
0.390259842519685
20
1.5244409448818896
11
0.3695905511811023
21
1.5244409448818896
0
LINE
8
BLACK
6
CONTINUOUS
10
0.3695905511811023
20
1.5244409448818896
11
0.3658239763779527
21
1.5251901574803148
0
LINE
8
BLACK
6
CONTINUOUS
10
0.3658239763779527
20
1.5251901574803148
11
0.3626308267716535
21
1.5273237401574802
0
LINE
8
BLACK
6
CONTINUOUS
10
0.3626308267716535
20
1.5273237401574802
11
0.3604972440944882
21
1.5305168897637795
0
LINE
8
BLACK
6
CONTINUOUS
10
0.3604972440944882
20
1.5305168897637795
11
0.359748031496063
21
1.534283464566929
0
LINE
8
BLACK
6
CONTINUOUS
10
0.359748031496063
20
1.534283464566929
11
0.359748031496063
21
1.5697165354330709
0
LINE
8
BLACK
6
CONTINUOUS
10
0.359748031496063
20
1.5697165354330709
11
0.3604972440944882
21
1.5734831102362203
0
LINE
8
BLACK
6
CONTINUOUS
10
0.3604972440944882
20
1.5734831102362203
11
0.3626308267716535
21
1.5766762598425197
0
LINE
8
BLACK
6
CONTINUOUS
10
0.3626308267716535
20
1.5766762598425197
11
0.3658239763779527
21
1.578809842519685
0
LINE
8
BLACK
6
CONTINUOUS
10
0.3658239763779527
20
1.578809842519685
11
0.3695905511811023
21
1.5795590551181102
0
LINE
8
BLACK
6
CONTINUOUS
10
0.3695905511811023
20
1.5795590551181102
11
0.390259842519685
21
1.5795590551181102
0
LINE
8
BLACK
6
CONTINUOUS
10
0.390259842519685
20
1.5795590551181102
11
0.3940264173228346
21
1.578809842519685
0
LINE
8
BLACK
6
CONTINUOUS
10
1.8535484251968504
20
1.5829329527559055
11
1.8567415748031495
21
1.5807993700787402
0
LINE
8
BLACK
6
CONTINUOUS
10
1.8567415748031495
20
1.5807993700787402
11
1.8588751574803148
21
1.5776062204724408
0
LINE
8
BLACK
6
CONTINUOUS
10
1.8588751574803148
20
1.5776062204724408
11
1.85962437007874
21
1.5738396456692914
0
LINE
8
BLACK
6
CONTINUOUS
10
1.85962437007874
20
1.5738396456692914
11
1.85962437007874
21
1.5384065748031495
0
LINE
8
BLACK
6
CONTINUOUS
10
1.85962437007874
20
1.5384065748031495
11
1.8588751574803148
21
1.53464
0
LINE
8
BLACK
6
CONTINUOUS
10
1.8588751574803148
20
1.53464
11
1.8567415748031495
21
1.5314468503937007
0
LINE
8
BLACK
6
CONTINUOUS
10
1.8567415748031495
20
1.5314468503937007
11
1.8535484251968504
21
1.5293132677165353
0
LINE
8
BLACK
6
CONTINUOUS
10
1.8535484251968504
20
1.5293132677165353
11
1.8497818503937007
21
1.5285640551181101
0
LINE
8
BLACK
6
CONTINUOUS
10
1.8497818503937007
20
1.5285640551181101
11
1.829112559055118
21
1.5285640551181101
0
LINE
8
BLACK
6
CONTINUOUS
10
1.829112559055118
20
1.5285640551181101
11
1.8253459842519684
21
1.5293132677165353
0
LINE
8
BLACK
6
CONTINUOUS
10
1.8253459842519684
20
1.5293132677165353
11
1.8221528346456692
21
1.5314468503937007
0
LINE
8
BLACK
6
CONTINUOUS
10
1.8221528346456692
20
1.5314468503937007
11
1.8200192519685039
21
1.53464
0
LINE
8
BLACK
6
CONTINUOUS
10
1.8200192519685039
20
1.53464
11
1.8192700393700787
21
1.5384065748031495
0
LINE
8
BLACK
6
CONTINUOUS
10
1.8192700393700787
20
1.5384065748031495
11
1.8192700393700787
21
1.5738396456692914
0
LINE
8
BLACK
6
CONTINUOUS
10
1.8192700393700787
20
1.5738396456692914
11
1.8200192519685039
21
1.5776062204724408
0
LINE
8
BLACK
6
CONTINUOUS
10
1.8200192519685039
20
1.5776062204724408
11
1.8221528346456692
21
1.5807993700787402
0
LINE
8
BLACK
6
CONTINUOUS
10
1.8221528346456692
20
1.5807993700787402
11
1.8253459842519684
21
1.5829329527559055
0
LINE
8
BLACK
6
CONTINUOUS
10
1.8253459842519684
20
1.5829329527559055
11
1.829112559055118
21
1.5836821653543307
0
LINE
8
BLACK
6
CONTINUOUS
10
1.829112559055118
20
1.5836821653543307
11
1.8497818503937007
21
1.5836821653543307
0
LINE
8
BLACK
6
CONTINUOUS
10
1.8497818503937007
20
1.5836821653543307
11
1.8535484251968504
21
1.5829329527559055
0
LINE
8
BLACK
6
CONTINUOUS
10
1.9253988188976376
20
1.5829329527559055
11
1.928591968503937
21
1.5807993700787402
0
LINE
8
BLACK
6
CONTINUOUS
10
1.928591968503937
20
1.5807993700787402
11
1.9307255511811023
21
1.5776062204724408
0
LINE
8
BLACK
6
CONTINUOUS
10
1.9307255511811023
20
1.5776062204724408
11
1.9314747637795275
21
1.5738396456692914
0
LINE
8
BLACK
6
CONTINUOUS
10
1.9314747637795275
20
1.5738396456692914
11
1.9314747637795275
21
1.5384065748031495
0
LINE
8
BLACK
6
CONTINUOUS
10
1.9314747637795275
20
1.5384065748031495
11
1.9307255511811023
21
1.53464
0
LINE
8
BLACK
6
CONTINUOUS
10
1.9307255511811023
20
1.53464
11
1.928591968503937
21
1.5314468503937007
0
LINE
8
BLACK
6
CONTINUOUS
10
1.928591968503937
20
1.5314468503937007
11
1.9253988188976376
21
1.5293132677165353
0
LINE
8
BLACK
6
CONTINUOUS
10
1.9253988188976376
20
1.5293132677165353
11
1.9216322440944882
21
1.5285640551181101
0
LINE
8
BLACK
6
CONTINUOUS
10
1.9216322440944882
20
1.5285640551181101
11
1.9009629527559055
21
1.5285640551181101
0
LINE
8
BLACK
6
CONTINUOUS
10
1.9009629527559055
20
1.5285640551181101
11
1.8971963779527559
21
1.5293132677165353
0
LINE
8
BLACK
6
CONTINUOUS
10
1.8971963779527559
20
1.5293132677165353
11
1.8940032283464567
21
1.5314468503937007
0
LINE
8
BLACK
6
CONTINUOUS
10
1.8940032283464567
20
1.5314468503937007
11
1.8918696456692914
21
1.53464
0
LINE
8
BLACK
6
CONTINUOUS
10
1.8918696456692914
20
1.53464
11
1.8911204330708662
21
1.5384065748031495
0
LINE
8
BLACK
6
CONTINUOUS
10
1.8911204330708662
20
1.5384065748031495
11
1.8911204330708662
21
1.5738396456692914
0
LINE
8
BLACK
6
CONTINUOUS
10
1.8911204330708662
20
1.5738396456692914
11
1.8918696456692914
21
1.5776062204724408
0
LINE
8
BLACK
6
CONTINUOUS
10
1.8918696456692914
20
1.5776062204724408
11
1.8940032283464567
21
1.5807993700787402
0
LINE
8
BLACK
6
CONTINUOUS
10
1.8940032283464567
20
1.5807993700787402
11
1.8971963779527559
21
1.5829329527559055
0
LINE
8
BLACK
6
CONTINUOUS
10
1.8971963779527559
20
1.5829329527559055
11
1.9009629527559055
21
1.5836821653543307
0
LINE
8
BLACK
6
CONTINUOUS
10
1.9009629527559055
20
1.5836821653543307
11
1.9216322440944882
21
1.5836821653543307
0
LINE
8
BLACK
6
CONTINUOUS
10
1.9216322440944882
20
1.5836821653543307
11
1.9253988188976376
21
1.5829329527559055
0
LINE
8
BLACK
6
CONTINUOUS
10
4.3189242125984251
20
1.5720656299212599
11
4.3195628346456694
21
1.5716388976377953
0
LINE
8
BLACK
6
CONTINUOUS
10
4.3195628346456694
20
1.5716388976377953
11
4.3199895669291335
21
1.5710002755905512
0
LINE
8
BLACK
6
CONTINUOUS
10
4.3199895669291335
20
1.5710002755905512
11
4.320139409448819
21
1.5702469685039371
0
LINE
8
BLACK
6
CONTINUOUS
10
4.320139409448819
20
1.5702469685039371
11
4.320139409448819
21
1.5623729527559054
0
LINE
8
BLACK
6
CONTINUOUS
10
4.320139409448819
20
1.5623729527559054
11
4.3199895669291335
21
1.5616196456692912
0
LINE
8
BLACK
6
CONTINUOUS
10
4.3199895669291335
20
1.5616196456692912
11
4.3195628346456694
21
1.5609810236220472
0
LINE
8
BLACK
6
CONTINUOUS
10
4.3195628346456694
20
1.5609810236220472
11
4.3189242125984251
21
1.5605542913385826
0
LINE
8
BLACK
6
CONTINUOUS
10
4.3189242125984251
20
1.5605542913385826
11
4.3181709055118107
21
1.5604044488188975
0
LINE
8
BLACK
6
CONTINUOUS
10
4.3181709055118107
20
1.5604044488188975
11
4.2957299606299211
21
1.5604044488188975
0
LINE
8
BLACK
6
CONTINUOUS
10
4.2957299606299211
20
1.5604044488188975
11
4.2949766535433067
21
1.5605542913385826
0
LINE
8
BLACK
6
CONTINUOUS
10
4.2949766535433067
20
1.5605542913385826
11
4.2943380314960633
21
1.5609810236220472
0
LINE
8
BLACK
6
CONTINUOUS
10
4.2943380314960633
20
1.5609810236220472
11
4.2939112992125983
21
1.5616196456692912
0
LINE
8
BLACK
6
CONTINUOUS
10
4.2939112992125983
20
1.5616196456692912
11
4.2937614566929136
21
1.5623729527559054
0
LINE
8
BLACK
6
CONTINUOUS
10
4.2937614566929136
20
1.5623729527559054
11
4.2937614566929136
21
1.5702469685039371
0
LINE
8
BLACK
6
CONTINUOUS
10
4.2937614566929136
20
1.5702469685039371
11
4.2939112992125983
21
1.5710002755905512
0
LINE
8
BLACK
6
CONTINUOUS
10
4.2939112992125983
20
1.5710002755905512
11
4.2943380314960633
21
1.5716388976377953
0
LINE
8
BLACK
6
CONTINUOUS
10
4.2943380314960633
20
1.5716388976377953
11
4.2949766535433067
21
1.5720656299212599
0
LINE
8
BLACK
6
CONTINUOUS
10
4.2949766535433067
20
1.5720656299212599
11
4.2957299606299211
21
1.5722154724409449
0
LINE
8
BLACK
6
CONTINUOUS
10
4.2957299606299211
20
1.5722154724409449
11
4.3181709055118107
21
1.5722154724409449
0
LINE
8
BLACK
6
CONTINUOUS
10
4.3181709055118107
20
1.5722154724409449
11
4.3189242125984251
21
1.5720656299212599
0
LINE
8
BLACK
6
CONTINUOUS
10
4.3771919291338586
20
1.5720656299212599
11
4.377830551181102
21
1.5716388976377953
0
LINE
8
BLACK
6
CONTINUOUS
10
4.377830551181102
20
1.5716388976377953
11
4.378257283464567
21
1.5710002755905512
0
LINE
8
BLACK
6
CONTINUOUS
10
4.378257283464567
20
1.5710002755905512
11
4.3784071259842516
21
1.5702469685039371
0
LINE
8
BLACK
6
CONTINUOUS
10
4.3784071259842516
20
1.5702469685039371
11
4.3784071259842516
21
1.5623729527559054
0
LINE
8
BLACK
6
CONTINUOUS
10
4.3784071259842516
20
1.5623729527559054
11
4.378257283464567
21
1.5616196456692912
0
LINE
8
BLACK
6
CONTINUOUS
10
4.378257283464567
20
1.5616196456692912
11
4.377830551181102
21
1.5609810236220472
0
LINE
8
BLACK
6
CONTINUOUS
10
4.377830551181102
20
1.5609810236220472
11
4.3771919291338586
21
1.5605542913385826
0
LINE
8
BLACK
6
CONTINUOUS
10
4.3771919291338586
20
1.5605542913385826
11
4.3764386220472442
21
1.5604044488188975
0
LINE
8
BLACK
6
CONTINUOUS
10
4.3764386220472442
20
1.5604044488188975
11
4.3539976771653546
21
1.5604044488188975
0
LINE
8
BLACK
6
CONTINUOUS
10
4.3539976771653546
20
1.5604044488188975
11
4.3532443700787402
21
1.5605542913385826
0
LINE
8
BLACK
6
CONTINUOUS
10
4.3532443700787402
20
1.5605542913385826
11
4.3526057480314959
21
1.5609810236220472
0
LINE
8
BLACK
6
CONTINUOUS
10
4.3526057480314959
20
1.5609810236220472
11
4.3521790157480318
21
1.5616196456692912
0
LINE
8
BLACK
6
CONTINUOUS
10
4.3521790157480318
20
1.5616196456692912
11
4.3520291732283463
21
1.5623729527559054
0
LINE
8
BLACK
6
CONTINUOUS
10
4.3520291732283463
20
1.5623729527559054
11
4.3520291732283463
21
1.5702469685039371
0
LINE
8
BLACK
6
CONTINUOUS
10
4.3520291732283463
20
1.5702469685039371
11
4.3521790157480318
21
1.5710002755905512
0
LINE
8
BLACK
6
CONTINUOUS
10
4.3521790157480318
20
1.5710002755905512
11
4.3526057480314959
21
1.5716388976377953
0
LINE
8
BLACK
6
CONTINUOUS
10
4.3526057480314959
20
1.5716388976377953
11
4.3532443700787402
21
1.5720656299212599
0
LINE
8
BLACK
6
CONTINUOUS
10
4.3532443700787402
20
1.5720656299212599
11
4.3539976771653546
21
1.5722154724409449
0
LINE
8
BLACK
6
CONTINUOUS
10
4.3539976771653546
20
1.5722154724409449
11
4.3764386220472442
21
1.5722154724409449
0
LINE
8
BLACK
6
CONTINUOUS
10
4.3764386220472442
20
1.5722154724409449
11
4.3771919291338586
21
1.5720656299212599
0
LINE
8
BLACK
6
CONTINUOUS
10
3.5464122440944883
20
1.6306996062992125
11
3.5496053937007872
21
1.6285660236220472
0
LINE
8
BLACK
6
CONTINUOUS
10
3.5496053937007872
20
1.6285660236220472
11
3.5517389763779526
21
1.625372874015748
0
LINE
8
BLACK
6
CONTINUOUS
10
3.5517389763779526
20
1.625372874015748
11
3.552488188976378
21
1.6216062992125984
0
LINE
8
BLACK
6
CONTINUOUS
10
3.552488188976378
20
1.6216062992125984
11
3.552488188976378
21
1.5723937007874016
0
LINE
8
BLACK
6
CONTINUOUS
10
3.552488188976378
20
1.5723937007874016
11
3.5517389763779526
21
1.5686271259842519
0
LINE
8
BLACK
6
CONTINUOUS
10
3.5517389763779526
20
1.5686271259842519
11
3.5496053937007872
21
1.5654339763779528
0
LINE
8
BLACK
6
CONTINUOUS
10
3.5496053937007872
20
1.5654339763779528
11
3.5464122440944883
21
1.5633003937007874
0
LINE
8
BLACK
6
CONTINUOUS
10
3.5464122440944883
20
1.5633003937007874
11
3.5426456692913386
21
1.5625511811023622
0
LINE
8
BLACK
6
CONTINUOUS
10
3.5426456692913386
20
1.5625511811023622
11
3.5131181102362206
21
1.5625511811023622
0
LINE
8
BLACK
6
CONTINUOUS
10
3.5131181102362206
20
1.5625511811023622
11
3.5093515354330709
21
1.5633003937007874
0
LINE
8
BLACK
6
CONTINUOUS
10
3.5093515354330709
20
1.5633003937007874
11
3.5061583858267715
21
1.5654339763779528
0
LINE
8
BLACK
6
CONTINUOUS
10
3.5061583858267715
20
1.5654339763779528
11
3.5040248031496062
21
1.5686271259842519
0
LINE
8
BLACK
6
CONTINUOUS
10
3.5040248031496062
20
1.5686271259842519
11
3.5032755905511812
21
1.5723937007874016
0
LINE
8
BLACK
6
CONTINUOUS
10
3.5032755905511812
20
1.5723937007874016
11
3.5032755905511812
21
1.6216062992125984
0
LINE
8
BLACK
6
CONTINUOUS
10
3.5032755905511812
20
1.6216062992125984
11
3.5040248031496062
21
1.625372874015748
0
LINE
8
BLACK
6
CONTINUOUS
10
3.5040248031496062
20
1.625372874015748
11
3.5061583858267715
21
1.6285660236220472
0
LINE
8
BLACK
6
CONTINUOUS
10
3.5061583858267715
20
1.6285660236220472
11
3.5093515354330709
21
1.6306996062992125
0
LINE
8
BLACK
6
CONTINUOUS
10
3.5093515354330709
20
1.6306996062992125
11
3.5131181102362206
21
1.6314488188976377
0
LINE
8
BLACK
6
CONTINUOUS
10
3.5131181102362206
20
1.6314488188976377
11
3.5426456692913386
21
1.6314488188976377
0
LINE
8
BLACK
6
CONTINUOUS
10
3.5426456692913386
20
1.6314488188976377
11
3.5464122440944883
21
1.6306996062992125
0
LINE
8
BLACK
6
CONTINUOUS
10
3.656648464566929
20
1.6306996062992125
11
3.6598416141732284
21
1.6285660236220472
0
LINE
8
BLACK
6
CONTINUOUS
10
3.6598416141732284
20
1.6285660236220472
11
3.6619751968503937
21
1.625372874015748
0
LINE
8
BLACK
6
CONTINUOUS
10
3.6619751968503937
20
1.625372874015748
11
3.6627244094488187
21
1.6216062992125984
0
LINE
8
BLACK
6
CONTINUOUS
10
3.6627244094488187
20
1.6216062992125984
11
3.6627244094488187
21
1.5723937007874016
0
LINE
8
BLACK
6
CONTINUOUS
10
3.6627244094488187
20
1.5723937007874016
11
3.6619751968503937
21
1.5686271259842519
0
LINE
8
BLACK
6
CONTINUOUS
10
3.6619751968503937
20
1.5686271259842519
11
3.6598416141732284
21
1.5654339763779528
0
LINE
8
BLACK
6
CONTINUOUS
10
3.6598416141732284
20
1.5654339763779528
11
3.656648464566929
21
1.5633003937007874
0
LINE
8
BLACK
6
CONTINUOUS
10
3.656648464566929
20
1.5633003937007874
11
3.6528818897637794
21
1.5625511811023622
0
LINE
8
BLACK
6
CONTINUOUS
10
3.6528818897637794
20
1.5625511811023622
11
3.6233543307086613
21
1.5625511811023622
0
LINE
8
BLACK
6
CONTINUOUS
10
3.6233543307086613
20
1.5625511811023622
11
3.6195877559055116
21
1.5633003937007874
0
LINE
8
BLACK
6
CONTINUOUS
10
3.6195877559055116
20
1.5633003937007874
11
3.6163946062992127
21
1.5654339763779528
0
LINE
8
BLACK
6
CONTINUOUS
10
3.6163946062992127
20
1.5654339763779528
11
3.6142610236220474
21
1.5686271259842519
0
LINE
8
BLACK
6
CONTINUOUS
10
3.6142610236220474
20
1.5686271259842519
11
3.613511811023622
21
1.5723937007874016
0
LINE
8
BLACK
6
CONTINUOUS
10
3.613511811023622
20
1.5723937007874016
11
3.613511811023622
21
1.6216062992125984
0
LINE
8
BLACK
6
CONTINUOUS
10
3.613511811023622
20
1.6216062992125984
11
3.6142610236220474
21
1.625372874015748
0
LINE
8
BLACK
6
CONTINUOUS
10
3.6142610236220474
20
1.625372874015748
11
3.6163946062992127
21
1.6285660236220472
0
LINE
8
BLACK
6
CONTINUOUS
10
3.6163946062992127
20
1.6285660236220472
11
3.6195877559055116
21
1.6306996062992125
0
LINE
8
BLACK
6
CONTINUOUS
10
3.6195877559055116
20
1.6306996062992125
11
3.6233543307086613
21
1.6314488188976377
0
LINE
8
BLACK
6
CONTINUOUS
10
3.6233543307086613
20
1.6314488188976377
11
3.6528818897637794
21
1.6314488188976377
0
LINE
8
BLACK
6
CONTINUOUS
10
3.6528818897637794
20
1.6314488188976377
11
3.656648464566929
21
1.6306996062992125
0
LINE
8
BLACK
6
CONTINUOUS
10
4.110717874015748
20
1.5891729921259843
11
4.1113564960629922
21
1.5887462598425197
0
LINE
8
BLACK
6
CONTINUOUS
10
4.1113564960629922
20
1.5887462598425197
11
4.1117832283464564
21
1.5881076377952756
0
LINE
8
BLACK
6
CONTINUOUS
10
4.1117832283464564
20
1.5881076377952756
11
4.1119330708661419
21
1.5873543307086613
0
LINE
8
BLACK
6
CONTINUOUS
10
4.1119330708661419
20
1.5873543307086613
11
4.1119330708661419
21
1.5649133858267716
0
LINE
8
BLACK
6
CONTINUOUS
10
4.1119330708661419
20
1.5649133858267716
11
4.1117832283464564
21
1.5641600787401575
0
LINE
8
BLACK
6
CONTINUOUS
10
4.1117832283464564
20
1.5641600787401575
11
4.1113564960629922
21
1.5635214566929134
0
LINE
8
BLACK
6
CONTINUOUS
10
4.1113564960629922
20
1.5635214566929134
11
4.110717874015748
21
1.5630947244094489
0
LINE
8
BLACK
6
CONTINUOUS
10
4.110717874015748
20
1.5630947244094489
11
4.1099645669291336
21
1.5629448818897638
0
LINE
8
BLACK
6
CONTINUOUS
10
4.1099645669291336
20
1.5629448818897638
11
4.1020905511811021
21
1.5629448818897638
0
LINE
8
BLACK
6
CONTINUOUS
10
4.1020905511811021
20
1.5629448818897638
11
4.1013372440944877
21
1.5630947244094489
0
LINE
8
BLACK
6
CONTINUOUS
10
4.1013372440944877
20
1.5630947244094489
11
4.1006986220472443
21
1.5635214566929134
0
LINE
8
BLACK
6
CONTINUOUS
10
4.1006986220472443
20
1.5635214566929134
11
4.1002718897637793
21
1.5641600787401575
0
LINE
8
BLACK
6
CONTINUOUS
10
4.1002718897637793
20
1.5641600787401575
11
4.1001220472440947
21
1.5649133858267716
0
LINE
8
BLACK
6
CONTINUOUS
10
4.1001220472440947
20
1.5649133858267716
11
4.1001220472440947
21
1.5873543307086613
0
LINE
8
BLACK
6
CONTINUOUS
10
4.1001220472440947
20
1.5873543307086613
11
4.1002718897637793
21
1.5881076377952756
0
LINE
8
BLACK
6
CONTINUOUS
10
4.1002718897637793
20
1.5881076377952756
11
4.1006986220472443
21
1.5887462598425197
0
LINE
8
BLACK
6
CONTINUOUS
10
4.1006986220472443
20
1.5887462598425197
11
4.1013372440944877
21
1.5891729921259843
0
LINE
8
BLACK
6
CONTINUOUS
10
4.1013372440944877
20
1.5891729921259843
11
4.1020905511811021
21
1.5893228346456691
0
LINE
8
BLACK
6
CONTINUOUS
10
4.1020905511811021
20
1.5893228346456691
11
4.1099645669291336
21
1.5893228346456691
0
LINE
8
BLACK
6
CONTINUOUS
10
4.1099645669291336
20
1.5893228346456691
11
4.110717874015748
21
1.5891729921259843
0
LINE
8
BLACK
6
CONTINUOUS
10
4.1304029133858267
20
1.5891729921259843
11
4.131041535433071
21
1.5887462598425197
0
LINE
8
BLACK
6
CONTINUOUS
10
4.131041535433071
20
1.5887462598425197
11
4.1314682677165351
21
1.5881076377952756
0
LINE
8
BLACK
6
CONTINUOUS
10
4.1314682677165351
20
1.5881076377952756
11
4.1316181102362206
21
1.5873543307086613
0
LINE
8
BLACK
6
CONTINUOUS
10
4.1316181102362206
20
1.5873543307086613
11
4.1316181102362206
21
1.5649133858267716
0
LINE
8
BLACK
6
CONTINUOUS
10
4.1316181102362206
20
1.5649133858267716
11
4.1314682677165351
21
1.5641600787401575
0
LINE
8
BLACK
6
CONTINUOUS
10
4.1314682677165351
20
1.5641600787401575
11
4.131041535433071
21
1.5635214566929134
0
LINE
8
BLACK
6
CONTINUOUS
10
4.131041535433071
20
1.5635214566929134
11
4.1304029133858267
21
1.5630947244094489
0
LINE
8
BLACK
6
CONTINUOUS
10
4.1304029133858267
20
1.5630947244094489
11
4.1296496062992123
21
1.5629448818897638
0
LINE
8
BLACK
6
CONTINUOUS
10
4.1296496062992123
20
1.5629448818897638
11
4.1217755905511808
21
1.5629448818897638
0
LINE
8
BLACK
6
CONTINUOUS
10
4.1217755905511808
20
1.5629448818897638
11
4.1210222834645664
21
1.5630947244094489
0
LINE
8
BLACK
6
CONTINUOUS
10
4.1210222834645664
20
1.5630947244094489
11
4.120383661417323
21
1.5635214566929134
0
LINE
8
BLACK
6
CONTINUOUS
10
4.120383661417323
20
1.5635214566929134
11
4.119956929133858
21
1.5641600787401575
0
LINE
8
BLACK
6
CONTINUOUS
10
4.119956929133858
20
1.5641600787401575
11
4.1198070866141734
21
1.5649133858267716
0
LINE
8
BLACK
6
CONTINUOUS
10
4.1198070866141734
20
1.5649133858267716
11
4.1198070866141734
21
1.5873543307086613
0
LINE
8
BLACK
6
CONTINUOUS
10
4.1198070866141734
20
1.5873543307086613
11
4.119956929133858
21
1.5881076377952756
0
LINE
8
BLACK
6
CONTINUOUS
10
4.119956929133858
20
1.5881076377952756
11
4.120383661417323
21
1.5887462598425197
0
LINE
8
BLACK
6
CONTINUOUS
10
4.120383661417323
20
1.5887462598425197
11
4.1210222834645664
21
1.5891729921259843
0
LINE
8
BLACK
6
CONTINUOUS
10
4.1210222834645664
20
1.5891729921259843
11
4.1217755905511808
21
1.5893228346456691
0
LINE
8
BLACK
6
CONTINUOUS
10
4.1217755905511808
20
1.5893228346456691
11
4.1296496062992123
21
1.5893228346456691
0
LINE
8
BLACK
6
CONTINUOUS
10
4.1296496062992123
20
1.5893228346456691
11
4.1304029133858267
21
1.5891729921259843
0
LINE
8
BLACK
6
CONTINUOUS
10
4.1500879527559054
20
1.5891729921259843
11
4.1507265748031497
21
1.5887462598425197
0
LINE
8
BLACK
6
CONTINUOUS
10
4.1507265748031497
20
1.5887462598425197
11
4.1511533070866138
21
1.5881076377952756
0
LINE
8
BLACK
6
CONTINUOUS
10
4.1511533070866138
20
1.5881076377952756
11
4.1513031496062993
21
1.5873543307086613
0
LINE
8
BLACK
6
CONTINUOUS
10
4.1513031496062993
20
1.5873543307086613
11
4.1513031496062993
21
1.5649133858267716
0
LINE
8
BLACK
6
CONTINUOUS
10
4.1513031496062993
20
1.5649133858267716
11
4.1511533070866138
21
1.5641600787401575
0
LINE
8
BLACK
6
CONTINUOUS
10
4.1511533070866138
20
1.5641600787401575
11
4.1507265748031497
21
1.5635214566929134
0
LINE
8
BLACK
6
CONTINUOUS
10
4.1507265748031497
20
1.5635214566929134
11
4.1500879527559054
21
1.5630947244094489
0
LINE
8
BLACK
6
CONTINUOUS
10
4.1500879527559054
20
1.5630947244094489
11
4.149334645669291
21
1.5629448818897638
0
LINE
8
BLACK
6
CONTINUOUS
10
4.149334645669291
20
1.5629448818897638
11
4.1414606299212595
21
1.5629448818897638
0
LINE
8
BLACK
6
CONTINUOUS
10
4.1414606299212595
20
1.5629448818897638
11
4.1407073228346452
21
1.5630947244094489
0
LINE
8
BLACK
6
CONTINUOUS
10
4.1407073228346452
20
1.5630947244094489
11
4.1400687007874017
21
1.5635214566929134
0
LINE
8
BLACK
6
CONTINUOUS
10
4.1400687007874017
20
1.5635214566929134
11
4.1396419685039367
21
1.5641600787401575
0
LINE
8
BLACK
6
CONTINUOUS
10
4.1396419685039367
20
1.5641600787401575
11
4.1394921259842521
21
1.5649133858267716
0
LINE
8
BLACK
6
CONTINUOUS
10
4.1394921259842521
20
1.5649133858267716
11
4.1394921259842521
21
1.5873543307086613
0
LINE
8
BLACK
6
CONTINUOUS
10
4.1394921259842521
20
1.5873543307086613
11
4.1396419685039367
21
1.5881076377952756
0
LINE
8
BLACK
6
CONTINUOUS
10
4.1396419685039367
20
1.5881076377952756
11
4.1400687007874017
21
1.5887462598425197
0
LINE
8
BLACK
6
CONTINUOUS
10
4.1400687007874017
20
1.5887462598425197
11
4.1407073228346452
21
1.5891729921259843
0
LINE
8
BLACK
6
CONTINUOUS
10
4.1407073228346452
20
1.5891729921259843
11
4.1414606299212595
21
1.5893228346456691
0
LINE
8
BLACK
6
CONTINUOUS
10
4.1414606299212595
20
1.5893228346456691
11
4.149334645669291
21
1.5893228346456691
0
LINE
8
BLACK
6
CONTINUOUS
10
4.149334645669291
20
1.5893228346456691
11
4.1500879527559054
21
1.5891729921259843
0
LINE
8
BLACK
6
CONTINUOUS
10
4.1697729921259841
20
1.5891729921259843
11
4.1704116141732284
21
1.5887462598425197
0
LINE
8
BLACK
6
CONTINUOUS
10
4.1704116141732284
20
1.5887462598425197
11
4.1708383464566925
21
1.5881076377952756
0
LINE
8
BLACK
6
CONTINUOUS
10
4.1708383464566925
20
1.5881076377952756
11
4.170988188976378
21
1.5873543307086613
0
LINE
8
BLACK
6
CONTINUOUS
10
4.170988188976378
20
1.5873543307086613
11
4.170988188976378
21
1.5649133858267716
0
LINE
8
BLACK
6
CONTINUOUS
10
4.170988188976378
20
1.5649133858267716
11
4.1708383464566925
21
1.5641600787401575
0
LINE
8
BLACK
6
CONTINUOUS
10
4.1708383464566925
20
1.5641600787401575
11
4.1704116141732284
21
1.5635214566929134
0
LINE
8
BLACK
6
CONTINUOUS
10
4.1704116141732284
20
1.5635214566929134
11
4.1697729921259841
21
1.5630947244094489
0
LINE
8
BLACK
6
CONTINUOUS
10
4.1697729921259841
20
1.5630947244094489
11
4.1690196850393697
21
1.5629448818897638
0
LINE
8
BLACK
6
CONTINUOUS
10
4.1690196850393697
20
1.5629448818897638
11
4.1611456692913382
21
1.5629448818897638
0
LINE
8
BLACK
6
CONTINUOUS
10
4.1611456692913382
20
1.5629448818897638
11
4.1603923622047247
21
1.5630947244094489
0
LINE
8
BLACK
6
CONTINUOUS
10
4.1603923622047247
20
1.5630947244094489
11
4.1597537401574805
21
1.5635214566929134
0
LINE
8
BLACK
6
CONTINUOUS
10
4.1597537401574805
20
1.5635214566929134
11
4.1593270078740154
21
1.5641600787401575
0
LINE
8
BLACK
6
CONTINUOUS
10
4.1593270078740154
20
1.5641600787401575
11
4.1591771653543308
21
1.5649133858267716
0
LINE
8
BLACK
6
CONTINUOUS
10
4.1591771653543308
20
1.5649133858267716
11
4.1591771653543308
21
1.5873543307086613
0
LINE
8
BLACK
6
CONTINUOUS
10
4.1591771653543308
20
1.5873543307086613
11
4.1593270078740154
21
1.5881076377952756
0
LINE
8
BLACK
6
CONTINUOUS
10
4.1593270078740154
20
1.5881076377952756
11
4.1597537401574805
21
1.5887462598425197
0
LINE
8
BLACK
6
CONTINUOUS
10
4.1597537401574805
20
1.5887462598425197
11
4.1603923622047247
21
1.5891729921259843
0
LINE
8
BLACK
6
CONTINUOUS
10
4.1603923622047247
20
1.5891729921259843
11
4.1611456692913382
21
1.5893228346456691
0
LINE
8
BLACK
6
CONTINUOUS
10
4.1611456692913382
20
1.5893228346456691
11
4.1690196850393697
21
1.5893228346456691
0
LINE
8
BLACK
6
CONTINUOUS
10
4.1690196850393697
20
1.5893228346456691
11
4.1697729921259841
21
1.5891729921259843
0
LINE
8
BLACK
6
CONTINUOUS
10
1.4812075196850394
20
1.6276366141732284
11
1.4844006692913385
21
1.625503031496063
0
LINE
8
BLACK
6
CONTINUOUS
10
1.4844006692913385
20
1.625503031496063
11
1.4865342519685039
21
1.6223098818897637
0
LINE
8
BLACK
6
CONTINUOUS
10
1.4865342519685039
20
1.6223098818897637
11
1.4872834645669291
21
1.6185433070866142
0
LINE
8
BLACK
6
CONTINUOUS
10
1.4872834645669291
20
1.6185433070866142
11
1.4872834645669291
21
1.5811417322834644
0
LINE
8
BLACK
6
CONTINUOUS
10
1.4872834645669291
20
1.5811417322834644
11
1.4865342519685039
21
1.577375157480315
0
LINE
8
BLACK
6
CONTINUOUS
10
1.4865342519685039
20
1.577375157480315
11
1.4844006692913385
21
1.5741820078740156
0
LINE
8
BLACK
6
CONTINUOUS
10
1.4844006692913385
20
1.5741820078740156
11
1.4812075196850394
21
1.5720484251968503
0
LINE
8
BLACK
6
CONTINUOUS
10
1.4812075196850394
20
1.5720484251968503
11
1.4774409448818897
21
1.5712992125984251
0
LINE
8
BLACK
6
CONTINUOUS
10
1.4774409448818897
20
1.5712992125984251
11
1.457755905511811
21
1.5712992125984251
0
LINE
8
BLACK
6
CONTINUOUS
10
1.457755905511811
20
1.5712992125984251
11
1.4539893307086613
21
1.5720484251968503
0
LINE
8
BLACK
6
CONTINUOUS
10
1.4539893307086613
20
1.5720484251968503
11
1.4507961811023622
21
1.5741820078740156
0
LINE
8
BLACK
6
CONTINUOUS
10
1.4507961811023622
20
1.5741820078740156
11
1.4486625984251968
21
1.577375157480315
0
LINE
8
BLACK
6
CONTINUOUS
10
1.4486625984251968
20
1.577375157480315
11
1.4479133858267716
21
1.5811417322834644
0
LINE
8
BLACK
6
CONTINUOUS
10
1.4479133858267716
20
1.5811417322834644
11
1.4479133858267716
21
1.6185433070866142
0
LINE
8
BLACK
6
CONTINUOUS
10
1.4479133858267716
20
1.6185433070866142
11
1.4486625984251968
21
1.6223098818897637
0
LINE
8
BLACK
6
CONTINUOUS
10
1.4486625984251968
20
1.6223098818897637
11
1.4507961811023622
21
1.625503031496063
0
LINE
8
BLACK
6
CONTINUOUS
10
1.4507961811023622
20
1.625503031496063
11
1.4539893307086613
21
1.6276366141732284
0
LINE
8
BLACK
6
CONTINUOUS
10
1.4539893307086613
20
1.6276366141732284
11
1.457755905511811
21
1.6283858267716536
0
LINE
8
BLACK
6
CONTINUOUS
10
1.457755905511811
20
1.6283858267716536
11
1.4774409448818897
21
1.6283858267716536
0
LINE
8
BLACK
6
CONTINUOUS
10
1.4774409448818897
20
1.6283858267716536
11
1.4812075196850394
21
1.6276366141732284
0
LINE
8
BLACK
6
CONTINUOUS
10
1.5560106692913385
20
1.6276366141732284
11
1.5592038188976378
21
1.625503031496063
0
LINE
8
BLACK
6
CONTINUOUS
10
1.5592038188976378
20
1.625503031496063
11
1.5613374015748032
21
1.6223098818897637
0
LINE
8
BLACK
6
CONTINUOUS
10
1.5613374015748032
20
1.6223098818897637
11
1.5620866141732284
21
1.6185433070866142
0
LINE
8
BLACK
6
CONTINUOUS
10
1.5620866141732284
20
1.6185433070866142
11
1.5620866141732284
21
1.5811417322834644
0
LINE
8
BLACK
6
CONTINUOUS
10
1.5620866141732284
20
1.5811417322834644
11
1.5613374015748032
21
1.577375157480315
0
LINE
8
BLACK
6
CONTINUOUS
10
1.5613374015748032
20
1.577375157480315
11
1.5592038188976378
21
1.5741820078740156
0
LINE
8
BLACK
6
CONTINUOUS
10
1.5592038188976378
20
1.5741820078740156
11
1.5560106692913385
21
1.5720484251968503
0
LINE
8
BLACK
6
CONTINUOUS
10
1.5560106692913385
20
1.5720484251968503
11
1.552244094488189
21
1.5712992125984251
0
LINE
8
BLACK
6
CONTINUOUS
10
1.552244094488189
20
1.5712992125984251
11
1.5325590551181103
21
1.5712992125984251
0
LINE
8
BLACK
6
CONTINUOUS
10
1.5325590551181103
20
1.5712992125984251
11
1.5287924803149606
21
1.5720484251968503
0
LINE
8
BLACK
6
CONTINUOUS
10
1.5287924803149606
20
1.5720484251968503
11
1.5255993307086613
21
1.5741820078740156
0
LINE
8
BLACK
6
CONTINUOUS
10
1.5255993307086613
20
1.5741820078740156
11
1.5234657480314959
21
1.577375157480315
0
LINE
8
BLACK
6
CONTINUOUS
10
1.5234657480314959
20
1.577375157480315
11
1.5227165354330707
21
1.5811417322834644
0
LINE
8
BLACK
6
CONTINUOUS
10
1.5227165354330707
20
1.5811417322834644
11
1.5227165354330707
21
1.6185433070866142
0
LINE
8
BLACK
6
CONTINUOUS
10
1.5227165354330707
20
1.6185433070866142
11
1.5234657480314959
21
1.6223098818897637
0
LINE
8
BLACK
6
CONTINUOUS
10
1.5234657480314959
20
1.6223098818897637
11
1.5255993307086613
21
1.625503031496063
0
LINE
8
BLACK
6
CONTINUOUS
10
1.5255993307086613
20
1.625503031496063
11
1.5287924803149606
21
1.6276366141732284
0
LINE
8
BLACK
6
CONTINUOUS
10
1.5287924803149606
20
1.6276366141732284
11
1.5325590551181103
21
1.6283858267716536
0
LINE
8
BLACK
6
CONTINUOUS
10
1.5325590551181103
20
1.6283858267716536
11
1.552244094488189
21
1.6283858267716536
0
LINE
8
BLACK
6
CONTINUOUS
10
1.552244094488189
20
1.6283858267716536
11
1.5560106692913385
21
1.6276366141732284
0
LINE
8
BLACK
6
CONTINUOUS
10
4.3189242125984251
20
1.5917506692913386
11
4.3195628346456694
21
1.591323937007874
0
LINE
8
BLACK
6
CONTINUOUS
10
4.3195628346456694
20
1.591323937007874
11
4.3199895669291335
21
1.5906853149606299
0
LINE
8
BLACK
6
CONTINUOUS
10
4.3199895669291335
20
1.5906853149606299
11
4.320139409448819
21
1.5899320078740158
0
LINE
8
BLACK
6
CONTINUOUS
10
4.320139409448819
20
1.5899320078740158
11
4.320139409448819
21
1.5820579921259843
0
LINE
8
BLACK
6
CONTINUOUS
10
4.320139409448819
20
1.5820579921259843
11
4.3199895669291335
21
1.5813046850393699
0
LINE
8
BLACK
6
CONTINUOUS
10
4.3199895669291335
20
1.5813046850393699
11
4.3195628346456694
21
1.5806660629921259
0
LINE
8
BLACK
6
CONTINUOUS
10
4.3195628346456694
20
1.5806660629921259
11
4.3189242125984251
21
1.5802393307086613
0
LINE
8
BLACK
6
CONTINUOUS
10
4.3189242125984251
20
1.5802393307086613
11
4.3181709055118107
21
1.5800894881889764
0
LINE
8
BLACK
6
CONTINUOUS
10
4.3181709055118107
20
1.5800894881889764
11
4.2957299606299211
21
1.5800894881889764
0
LINE
8
BLACK
6
CONTINUOUS
10
4.2957299606299211
20
1.5800894881889764
11
4.2949766535433067
21
1.5802393307086613
0
LINE
8
BLACK
6
CONTINUOUS
10
4.2949766535433067
20
1.5802393307086613
11
4.2943380314960633
21
1.5806660629921259
0
LINE
8
BLACK
6
CONTINUOUS
10
4.2943380314960633
20
1.5806660629921259
11
4.2939112992125983
21
1.5813046850393699
0
LINE
8
BLACK
6
CONTINUOUS
10
4.2939112992125983
20
1.5813046850393699
11
4.2937614566929136
21
1.5820579921259843
0
LINE
8
BLACK
6
CONTINUOUS
10
4.2937614566929136
20
1.5820579921259843
11
4.2937614566929136
21
1.5899320078740158
0
LINE
8
BLACK
6
CONTINUOUS
10
4.2937614566929136
20
1.5899320078740158
11
4.2939112992125983
21
1.5906853149606299
0
LINE
8
BLACK
6
CONTINUOUS
10
4.2939112992125983
20
1.5906853149606299
11
4.2943380314960633
21
1.591323937007874
0
LINE
8
BLACK
6
CONTINUOUS
10
4.2943380314960633
20
1.591323937007874
11
4.2949766535433067
21
1.5917506692913386
0
LINE
8
BLACK
6
CONTINUOUS
10
4.2949766535433067
20
1.5917506692913386
11
4.2957299606299211
21
1.5919005118110237
0
LINE
8
BLACK
6
CONTINUOUS
10
4.2957299606299211
20
1.5919005118110237
11
4.3181709055118107
21
1.5919005118110237
0
LINE
8
BLACK
6
CONTINUOUS
10
4.3181709055118107
20
1.5919005118110237
11
4.3189242125984251
21
1.5917506692913386
0
LINE
8
BLACK
6
CONTINUOUS
10
4.3771919291338586
20
1.5917506692913386
11
4.377830551181102
21
1.591323937007874
0
LINE
8
BLACK
6
CONTINUOUS
10
4.377830551181102
20
1.591323937007874
11
4.378257283464567
21
1.5906853149606299
0
LINE
8
BLACK
6
CONTINUOUS
10
4.378257283464567
20
1.5906853149606299
11
4.3784071259842516
21
1.5899320078740158
0
LINE
8
BLACK
6
CONTINUOUS
10
4.3784071259842516
20
1.5899320078740158
11
4.3784071259842516
21
1.5820579921259843
0
LINE
8
BLACK
6
CONTINUOUS
10
4.3784071259842516
20
1.5820579921259843
11
4.378257283464567
21
1.5813046850393699
0
LINE
8
BLACK
6
CONTINUOUS
10
4.378257283464567
20
1.5813046850393699
11
4.377830551181102
21
1.5806660629921259
0
LINE
8
BLACK
6
CONTINUOUS
10
4.377830551181102
20
1.5806660629921259
11
4.3771919291338586
21
1.5802393307086613
0
LINE
8
BLACK
6
CONTINUOUS
10
4.3771919291338586
20
1.5802393307086613
11
4.3764386220472442
21
1.5800894881889764
0
LINE
8
BLACK
6
CONTINUOUS
10
4.3764386220472442
20
1.5800894881889764
11
4.3539976771653546
21
1.5800894881889764
0
LINE
8
BLACK
6
CONTINUOUS
10
4.3539976771653546
20
1.5800894881889764
11
4.3532443700787402
21
1.5802393307086613
0
LINE
8
BLACK
6
CONTINUOUS
10
4.3532443700787402
20
1.5802393307086613
11
4.3526057480314959
21
1.5806660629921259
0
LINE
8
BLACK
6
CONTINUOUS
10
4.3526057480314959
20
1.5806660629921259
11
4.3521790157480318
21
1.5813046850393699
0
LINE
8
BLACK
6
CONTINUOUS
10
4.3521790157480318
20
1.5813046850393699
11
4.3520291732283463
21
1.5820579921259843
0
LINE
8
BLACK
6
CONTINUOUS
10
4.3520291732283463
20
1.5820579921259843
11
4.3520291732283463
21
1.5899320078740158
0
LINE
8
BLACK
6
CONTINUOUS
10
4.3520291732283463
20
1.5899320078740158
11
4.3521790157480318
21
1.5906853149606299
0
LINE
8
BLACK
6
CONTINUOUS
10
4.3521790157480318
20
1.5906853149606299
11
4.3526057480314959
21
1.591323937007874
0
LINE
8
BLACK
6
CONTINUOUS
10
4.3526057480314959
20
1.591323937007874
11
4.3532443700787402
21
1.5917506692913386
0
LINE
8
BLACK
6
CONTINUOUS
10
4.3532443700787402
20
1.5917506692913386
11
4.3539976771653546
21
1.5919005118110237
0
LINE
8
BLACK
6
CONTINUOUS
10
4.3539976771653546
20
1.5919005118110237
11
4.3764386220472442
21
1.5919005118110237
0
LINE
8
BLACK
6
CONTINUOUS
10
4.3764386220472442
20
1.5919005118110237
11
4.3771919291338586
21
1.5917506692913386
0
LINE
8
BLACK
6
CONTINUOUS
10
0.4717638976377952
20
1.6556764566929134
11
0.4736797637795275
21
1.6543962992125985
0
LINE
8
BLACK
6
CONTINUOUS
10
0.4736797637795275
20
1.6543962992125985
11
0.4749599212598425
21
1.652480433070866
0
LINE
8
BLACK
6
CONTINUOUS
10
0.4749599212598425
20
1.652480433070866
11
0.4754094488188976
21
1.6502204724409448
0
LINE
8
BLACK
6
CONTINUOUS
10
0.4754094488188976
20
1.6502204724409448
11
0.4754094488188976
21
1.6039606299212599
0
LINE
8
BLACK
6
CONTINUOUS
10
0.4754094488188976
20
1.6039606299212599
11
0.4749599212598425
21
1.6017006692913385
0
LINE
8
BLACK
6
CONTINUOUS
10
0.4749599212598425
20
1.6017006692913385
11
0.4736797637795275
21
1.5997848031496062
0
LINE
8
BLACK
6
CONTINUOUS
10
0.4736797637795275
20
1.5997848031496062
11
0.4717638976377952
21
1.5985046456692913
0
LINE
8
BLACK
6
CONTINUOUS
10
0.4717638976377952
20
1.5985046456692913
11
0.469503937007874
21
1.5980551181102363
0
LINE
8
BLACK
6
CONTINUOUS
10
0.469503937007874
20
1.5980551181102363
11
0.4576929133858267
21
1.5980551181102363
0
LINE
8
BLACK
6
CONTINUOUS
10
0.4576929133858267
20
1.5980551181102363
11
0.4554329527559055
21
1.5985046456692913
0
LINE
8
BLACK
6
CONTINUOUS
10
0.4554329527559055
20
1.5985046456692913
11
0.4535170866141732
21
1.5997848031496062
0
LINE
8
BLACK
6
CONTINUOUS
10
0.4535170866141732
20
1.5997848031496062
11
0.4522369291338583
21
1.6017006692913385
0
LINE
8
BLACK
6
CONTINUOUS
10
0.4522369291338583
20
1.6017006692913385
11
0.4517874015748031
21
1.6039606299212599
0
LINE
8
BLACK
6
CONTINUOUS
10
0.4517874015748031
20
1.6039606299212599
11
0.4517874015748031
21
1.6502204724409448
0
LINE
8
BLACK
6
CONTINUOUS
10
0.4517874015748031
20
1.6502204724409448
11
0.4522369291338583
21
1.652480433070866
0
LINE
8
BLACK
6
CONTINUOUS
10
0.4522369291338583
20
1.652480433070866
11
0.4535170866141732
21
1.6543962992125985
0
LINE
8
BLACK
6
CONTINUOUS
10
0.4535170866141732
20
1.6543962992125985
11
0.4554329527559055
21
1.6556764566929134
0
LINE
8
BLACK
6
CONTINUOUS
10
0.4554329527559055
20
1.6556764566929134
11
0.4576929133858267
21
1.6561259842519684
0
LINE
8
BLACK
6
CONTINUOUS
10
0.4576929133858267
20
1.6561259842519684
11
0.469503937007874
21
1.6561259842519684
0
LINE
8
BLACK
6
CONTINUOUS
10
0.469503937007874
20
1.6561259842519684
11
0.4717638976377952
21
1.6556764566929134
0
LINE
8
BLACK
6
CONTINUOUS
10
0.5465670472440944
20
1.6556764566929134
11
0.5484829133858268
21
1.6543962992125985
0
LINE
8
BLACK
6
CONTINUOUS
10
0.5484829133858268
20
1.6543962992125985
11
0.5497630708661417
21
1.652480433070866
0
LINE
8
BLACK
6
CONTINUOUS
10
0.5497630708661417
20
1.652480433070866
11
0.5502125984251969
21
1.6502204724409448
0
LINE
8
BLACK
6
CONTINUOUS
10
0.5502125984251969
20
1.6502204724409448
11
0.5502125984251969
21
1.6039606299212599
0
LINE
8
BLACK
6
CONTINUOUS
10
0.5502125984251969
20
1.6039606299212599
11
0.5497630708661417
21
1.6017006692913385
0
LINE
8
BLACK
6
CONTINUOUS
10
0.5497630708661417
20
1.6017006692913385
11
0.5484829133858268
21
1.5997848031496062
0
LINE
8
BLACK
6
CONTINUOUS
10
0.5484829133858268
20
1.5997848031496062
11
0.5465670472440944
21
1.5985046456692913
0
LINE
8
BLACK
6
CONTINUOUS
10
0.5465670472440944
20
1.5985046456692913
11
0.5443070866141733
21
1.5980551181102363
0
LINE
8
BLACK
6
CONTINUOUS
10
0.5443070866141733
20
1.5980551181102363
11
0.5324960629921259
21
1.5980551181102363
0
LINE
8
BLACK
6
CONTINUOUS
10
0.5324960629921259
20
1.5980551181102363
11
0.5302361023622048
21
1.5985046456692913
0
LINE
8
BLACK
6
CONTINUOUS
10
0.5302361023622048
20
1.5985046456692913
11
0.5283202362204724
21
1.5997848031496062
0
LINE
8
BLACK
6
CONTINUOUS
10
0.5283202362204724
20
1.5997848031496062
11
0.5270400787401575
21
1.6017006692913385
0
LINE
8
BLACK
6
CONTINUOUS
10
0.5270400787401575
20
1.6017006692913385
11
0.5265905511811023
21
1.6039606299212599
0
LINE
8
BLACK
6
CONTINUOUS
10
0.5265905511811023
20
1.6039606299212599
11
0.5265905511811023
21
1.6502204724409448
0
LINE
8
BLACK
6
CONTINUOUS
10
0.5265905511811023
20
1.6502204724409448
11
0.5270400787401575
21
1.652480433070866
0
LINE
8
BLACK
6
CONTINUOUS
10
0.5270400787401575
20
1.652480433070866
11
0.5283202362204724
21
1.6543962992125985
0
LINE
8
BLACK
6
CONTINUOUS
10
0.5283202362204724
20
1.6543962992125985
11
0.5302361023622048
21
1.6556764566929134
0
LINE
8
BLACK
6
CONTINUOUS
10
0.5302361023622048
20
1.6556764566929134
11
0.5324960629921259
21
1.6561259842519684
0
LINE
8
BLACK
6
CONTINUOUS
10
0.5324960629921259
20
1.6561259842519684
11
0.5443070866141733
21
1.6561259842519684
0
LINE
8
BLACK
6
CONTINUOUS
10
0.5443070866141733
20
1.6561259842519684
11
0.5465670472440944
21
1.6556764566929134
0
LINE
8
BLACK
6
CONTINUOUS
10
4.3189242125984251
20
1.6114357086614173
11
4.3195628346456694
21
1.6110089763779527
0
LINE
8
BLACK
6
CONTINUOUS
10
4.3195628346456694
20
1.6110089763779527
11
4.3199895669291335
21
1.6103703543307086
0
LINE
8
BLACK
6
CONTINUOUS
10
4.3199895669291335
20
1.6103703543307086
11
4.320139409448819
21
1.6096170472440945
0
LINE
8
BLACK
6
CONTINUOUS
10
4.320139409448819
20
1.6096170472440945
11
4.320139409448819
21
1.601743031496063
0
LINE
8
BLACK
6
CONTINUOUS
10
4.320139409448819
20
1.601743031496063
11
4.3199895669291335
21
1.6009897244094489
0
LINE
8
BLACK
6
CONTINUOUS
10
4.3199895669291335
20
1.6009897244094489
11
4.3195628346456694
21
1.6003511023622048
0
LINE
8
BLACK
6
CONTINUOUS
10
4.3195628346456694
20
1.6003511023622048
11
4.3189242125984251
21
1.5999243700787402
0
LINE
8
BLACK
6
CONTINUOUS
10
4.3189242125984251
20
1.5999243700787402
11
4.3181709055118107
21
1.5997745275590551
0
LINE
8
BLACK
6
CONTINUOUS
10
4.3181709055118107
20
1.5997745275590551
11
4.2957299606299211
21
1.5997745275590551
0
LINE
8
BLACK
6
CONTINUOUS
10
4.2957299606299211
20
1.5997745275590551
11
4.2949766535433067
21
1.5999243700787402
0
LINE
8
BLACK
6
CONTINUOUS
10
4.2949766535433067
20
1.5999243700787402
11
4.2943380314960633
21
1.6003511023622048
0
LINE
8
BLACK
6
CONTINUOUS
10
4.2943380314960633
20
1.6003511023622048
11
4.2939112992125983
21
1.6009897244094489
0
LINE
8
BLACK
6
CONTINUOUS
10
4.2939112992125983
20
1.6009897244094489
11
4.2937614566929136
21
1.601743031496063
0
LINE
8
BLACK
6
CONTINUOUS
10
4.2937614566929136
20
1.601743031496063
11
4.2937614566929136
21
1.6096170472440945
0
LINE
8
BLACK
6
CONTINUOUS
10
4.2937614566929136
20
1.6096170472440945
11
4.2939112992125983
21
1.6103703543307086
0
LINE
8
BLACK
6
CONTINUOUS
10
4.2939112992125983
20
1.6103703543307086
11
4.2943380314960633
21
1.6110089763779527
0
LINE
8
BLACK
6
CONTINUOUS
10
4.2943380314960633
20
1.6110089763779527
11
4.2949766535433067
21
1.6114357086614173
0
LINE
8
BLACK
6
CONTINUOUS
10
4.2949766535433067
20
1.6114357086614173
11
4.2957299606299211
21
1.6115855511811024
0
LINE
8
BLACK
6
CONTINUOUS
10
4.2957299606299211
20
1.6115855511811024
11
4.3181709055118107
21
1.6115855511811024
0
LINE
8
BLACK
6
CONTINUOUS
10
4.3181709055118107
20
1.6115855511811024
11
4.3189242125984251
21
1.6114357086614173
0
LINE
8
BLACK
6
CONTINUOUS
10
4.3771919291338586
20
1.6114357086614173
11
4.377830551181102
21
1.6110089763779527
0
LINE
8
BLACK
6
CONTINUOUS
10
4.377830551181102
20
1.6110089763779527
11
4.378257283464567
21
1.6103703543307086
0
LINE
8
BLACK
6
CONTINUOUS
10
4.378257283464567
20
1.6103703543307086
11
4.3784071259842516
21
1.6096170472440945
0
LINE
8
BLACK
6
CONTINUOUS
10
4.3784071259842516
20
1.6096170472440945
11
4.3784071259842516
21
1.601743031496063
0
LINE
8
BLACK
6
CONTINUOUS
10
4.3784071259842516
20
1.601743031496063
11
4.378257283464567
21
1.6009897244094489
0
LINE
8
BLACK
6
CONTINUOUS
10
4.378257283464567
20
1.6009897244094489
11
4.377830551181102
21
1.6003511023622048
0
LINE
8
BLACK
6
CONTINUOUS
10
4.377830551181102
20
1.6003511023622048
11
4.3771919291338586
21
1.5999243700787402
0
LINE
8
BLACK
6
CONTINUOUS
10
4.3771919291338586
20
1.5999243700787402
11
4.3764386220472442
21
1.5997745275590551
0
LINE
8
BLACK
6
CONTINUOUS
10
4.3764386220472442
20
1.5997745275590551
11
4.3539976771653546
21
1.5997745275590551
0
LINE
8
BLACK
6
CONTINUOUS
10
4.3539976771653546
20
1.5997745275590551
11
4.3532443700787402
21
1.5999243700787402
0
LINE
8
BLACK
6
CONTINUOUS
10
4.3532443700787402
20
1.5999243700787402
11
4.3526057480314959
21
1.6003511023622048
0
LINE
8
BLACK
6
CONTINUOUS
10
4.3526057480314959
20
1.6003511023622048
11
4.3521790157480318
21
1.6009897244094489
0
LINE
8
BLACK
6
CONTINUOUS
10
4.3521790157480318
20
1.6009897244094489
11
4.3520291732283463
21
1.601743031496063
0
LINE
8
BLACK
6
CONTINUOUS
10
4.3520291732283463
20
1.601743031496063
11
4.3520291732283463
21
1.6096170472440945
0
LINE
8
BLACK
6
CONTINUOUS
10
4.3520291732283463
20
1.6096170472440945
11
4.3521790157480318
21
1.6103703543307086
0
LINE
8
BLACK
6
CONTINUOUS
10
4.3521790157480318
20
1.6103703543307086
11
4.3526057480314959
21
1.6110089763779527
0
LINE
8
BLACK
6
CONTINUOUS
10
4.3526057480314959
20
1.6110089763779527
11
4.3532443700787402
21
1.6114357086614173
0
LINE
8
BLACK
6
CONTINUOUS
10
4.3532443700787402
20
1.6114357086614173
11
4.3539976771653546
21
1.6115855511811024
0
LINE
8
BLACK
6
CONTINUOUS
10
4.3539976771653546
20
1.6115855511811024
11
4.3764386220472442
21
1.6115855511811024
0
LINE
8
BLACK
6
CONTINUOUS
10
4.3764386220472442
20
1.6115855511811024
11
4.3771919291338586
21
1.6114357086614173
0
LINE
8
BLACK
6
CONTINUOUS
10
0.2864122440944882
20
1.6726996062992125
11
0.2896053937007874
21
1.6705660236220472
0
LINE
8
BLACK
6
CONTINUOUS
10
0.2896053937007874
20
1.6705660236220472
11
0.2917389763779528
21
1.6673728740157481
0
LINE
8
BLACK
6
CONTINUOUS
10
0.2917389763779528
20
1.6673728740157481
11
0.292488188976378
21
1.6636062992125984
0
LINE
8
BLACK
6
CONTINUOUS
10
0.292488188976378
20
1.6636062992125984
11
0.292488188976378
21
1.6143937007874016
0
LINE
8
BLACK
6
CONTINUOUS
10
0.292488188976378
20
1.6143937007874016
11
0.2917389763779528
21
1.610627125984252
0
LINE
8
BLACK
6
CONTINUOUS
10
0.2917389763779528
20
1.610627125984252
11
0.2896053937007874
21
1.6074339763779528
0
LINE
8
BLACK
6
CONTINUOUS
10
0.2896053937007874
20
1.6074339763779528
11
0.2864122440944882
21
1.6053003937007875
0
LINE
8
BLACK
6
CONTINUOUS
10
0.2864122440944882
20
1.6053003937007875
11
0.2826456692913386
21
1.6045511811023623
0
LINE
8
BLACK
6
CONTINUOUS
10
0.2826456692913386
20
1.6045511811023623
11
0.2531181102362204
21
1.6045511811023623
0
LINE
8
BLACK
6
CONTINUOUS
10
0.2531181102362204
20
1.6045511811023623
11
0.2493515354330709
21
1.6053003937007875
0
LINE
8
BLACK
6
CONTINUOUS
10
0.2493515354330709
20
1.6053003937007875
11
0.2461583858267717
21
1.6074339763779528
0
LINE
8
BLACK
6
CONTINUOUS
10
0.2461583858267717
20
1.6074339763779528
11
0.2440248031496063
21
1.610627125984252
0
LINE
8
BLACK
6
CONTINUOUS
10
0.2440248031496063
20
1.610627125984252
11
0.2432755905511811
21
1.6143937007874016
0
LINE
8
BLACK
6
CONTINUOUS
10
0.2432755905511811
20
1.6143937007874016
11
0.2432755905511811
21
1.6636062992125984
0
LINE
8
BLACK
6
CONTINUOUS
10
0.2432755905511811
20
1.6636062992125984
11
0.2440248031496063
21
1.6673728740157481
0
LINE
8
BLACK
6
CONTINUOUS
10
0.2440248031496063
20
1.6673728740157481
11
0.2461583858267717
21
1.6705660236220472
0
LINE
8
BLACK
6
CONTINUOUS
10
0.2461583858267717
20
1.6705660236220472
11
0.2493515354330709
21
1.6726996062992125
0
LINE
8
BLACK
6
CONTINUOUS
10
0.2493515354330709
20
1.6726996062992125
11
0.2531181102362204
21
1.6734488188976377
0
LINE
8
BLACK
6
CONTINUOUS
10
0.2531181102362204
20
1.6734488188976377
11
0.2826456692913386
21
1.6734488188976377
0
LINE
8
BLACK
6
CONTINUOUS
10
0.2826456692913386
20
1.6734488188976377
11
0.2864122440944882
21
1.6726996062992125
0
LINE
8
BLACK
6
CONTINUOUS
10
0.3966484645669291
20
1.6726996062992125
11
0.3998416141732283
21
1.6705660236220472
0
LINE
8
BLACK
6
CONTINUOUS
10
0.3998416141732283
20
1.6705660236220472
11
0.4019751968503937
21
1.6673728740157481
0
LINE
8
BLACK
6
CONTINUOUS
10
0.4019751968503937
20
1.6673728740157481
11
0.4027244094488189
21
1.6636062992125984
0
LINE
8
BLACK
6
CONTINUOUS
10
0.4027244094488189
20
1.6636062992125984
11
0.4027244094488189
21
1.6143937007874016
0
LINE
8
BLACK
6
CONTINUOUS
10
0.4027244094488189
20
1.6143937007874016
11
0.4019751968503937
21
1.610627125984252
0
LINE
8
BLACK
6
CONTINUOUS
10
0.4019751968503937
20
1.610627125984252
11
0.3998416141732283
21
1.6074339763779528
0
LINE
8
BLACK
6
CONTINUOUS
10
0.3998416141732283
20
1.6074339763779528
11
0.3966484645669291
21
1.6053003937007875
0
LINE
8
BLACK
6
CONTINUOUS
10
0.3966484645669291
20
1.6053003937007875
11
0.3928818897637795
21
1.6045511811023623
0
LINE
8
BLACK
6
CONTINUOUS
10
0.3928818897637795
20
1.6045511811023623
11
0.3633543307086614
21
1.6045511811023623
0
LINE
8
BLACK
6
CONTINUOUS
10
0.3633543307086614
20
1.6045511811023623
11
0.3595877559055118
21
1.6053003937007875
0
LINE
8
BLACK
6
CONTINUOUS
10
0.3595877559055118
20
1.6053003937007875
11
0.3563946062992126
21
1.6074339763779528
0
LINE
8
BLACK
6
CONTINUOUS
10
0.3563946062992126
20
1.6074339763779528
11
0.3542610236220473
21
1.610627125984252
0
LINE
8
BLACK
6
CONTINUOUS
10
0.3542610236220473
20
1.610627125984252
11
0.3535118110236221
21
1.6143937007874016
0
LINE
8
BLACK
6
CONTINUOUS
10
0.3535118110236221
20
1.6143937007874016
11
0.3535118110236221
21
1.6636062992125984
0
LINE
8
BLACK
6
CONTINUOUS
10
0.3535118110236221
20
1.6636062992125984
11
0.3542610236220473
21
1.6673728740157481
0
LINE
8
BLACK
6
CONTINUOUS
10
0.3542610236220473
20
1.6673728740157481
11
0.3563946062992126
21
1.6705660236220472
0
LINE
8
BLACK
6
CONTINUOUS
10
0.3563946062992126
20
1.6705660236220472
11
0.3595877559055118
21
1.6726996062992125
0
LINE
8
BLACK
6
CONTINUOUS
10
0.3595877559055118
20
1.6726996062992125
11
0.3633543307086614
21
1.6734488188976377
0
LINE
8
BLACK
6
CONTINUOUS
10
0.3633543307086614
20
1.6734488188976377
11
0.3928818897637795
21
1.6734488188976377
0
LINE
8
BLACK
6
CONTINUOUS
10
0.3928818897637795
20
1.6734488188976377
11
0.3966484645669291
21
1.6726996062992125
0
LINE
8
BLACK
6
CONTINUOUS
10
0.6331760236220473
20
1.665809842519685
11
0.6363691732283464
21
1.6636762598425197
0
LINE
8
BLACK
6
CONTINUOUS
10
0.6363691732283464
20
1.6636762598425197
11
0.6385027559055118
21
1.6604831102362205
0
LINE
8
BLACK
6
CONTINUOUS
10
0.6385027559055118
20
1.6604831102362205
11
0.639251968503937
21
1.6567165354330708
0
LINE
8
BLACK
6
CONTINUOUS
10
0.639251968503937
20
1.6567165354330708
11
0.639251968503937
21
1.6212834645669292
0
LINE
8
BLACK
6
CONTINUOUS
10
0.639251968503937
20
1.6212834645669292
11
0.6385027559055118
21
1.6175168897637795
0
LINE
8
BLACK
6
CONTINUOUS
10
0.6385027559055118
20
1.6175168897637795
11
0.6363691732283464
21
1.6143237401574804
0
LINE
8
BLACK
6
CONTINUOUS
10
0.6363691732283464
20
1.6143237401574804
11
0.6331760236220473
21
1.612190157480315
0
LINE
8
BLACK
6
CONTINUOUS
10
0.6331760236220473
20
1.612190157480315
11
0.6294094488188976
21
1.6114409448818898
0
LINE
8
BLACK
6
CONTINUOUS
10
0.6294094488188976
20
1.6114409448818898
11
0.608740157480315
21
1.6114409448818898
0
LINE
8
BLACK
6
CONTINUOUS
10
0.608740157480315
20
1.6114409448818898
11
0.6049735826771654
21
1.612190157480315
0
LINE
8
BLACK
6
CONTINUOUS
10
0.6049735826771654
20
1.612190157480315
11
0.6017804330708661
21
1.6143237401574804
0
LINE
8
BLACK
6
CONTINUOUS
10
0.6017804330708661
20
1.6143237401574804
11
0.5996468503937008
21
1.6175168897637795
0
LINE
8
BLACK
6
CONTINUOUS
10
0.5996468503937008
20
1.6175168897637795
11
0.5988976377952756
21
1.6212834645669292
0
LINE
8
BLACK
6
CONTINUOUS
10
0.5988976377952756
20
1.6212834645669292
11
0.5988976377952756
21
1.6567165354330708
0
LINE
8
BLACK
6
CONTINUOUS
10
0.5988976377952756
20
1.6567165354330708
11
0.5996468503937008
21
1.6604831102362205
0
LINE
8
BLACK
6
CONTINUOUS
10
0.5996468503937008
20
1.6604831102362205
11
0.6017804330708661
21
1.6636762598425197
0
LINE
8
BLACK
6
CONTINUOUS
10
0.6017804330708661
20
1.6636762598425197
11
0.6049735826771654
21
1.665809842519685
0
LINE
8
BLACK
6
CONTINUOUS
10
0.6049735826771654
20
1.665809842519685
11
0.608740157480315
21
1.6665590551181102
0
LINE
8
BLACK
6
CONTINUOUS
10
0.608740157480315
20
1.6665590551181102
11
0.6294094488188976
21
1.6665590551181102
0
LINE
8
BLACK
6
CONTINUOUS
10
0.6294094488188976
20
1.6665590551181102
11
0.6331760236220473
21
1.665809842519685
0
LINE
8
BLACK
6
CONTINUOUS
10
0.7050264173228347
20
1.665809842519685
11
0.7082195669291338
21
1.6636762598425197
0
LINE
8
BLACK
6
CONTINUOUS
10
0.7082195669291338
20
1.6636762598425197
11
0.7103531496062993
21
1.6604831102362205
0
LINE
8
BLACK
6
CONTINUOUS
10
0.7103531496062993
20
1.6604831102362205
11
0.7111023622047244
21
1.6567165354330708
0
LINE
8
BLACK
6
CONTINUOUS
10
0.7111023622047244
20
1.6567165354330708
11
0.7111023622047244
21
1.6212834645669292
0
LINE
8
BLACK
6
CONTINUOUS
10
0.7111023622047244
20
1.6212834645669292
11
0.7103531496062993
21
1.6175168897637795
0
LINE
8
BLACK
6
CONTINUOUS
10
0.7103531496062993
20
1.6175168897637795
11
0.7082195669291338
21
1.6143237401574804
0
LINE
8
BLACK
6
CONTINUOUS
10
0.7082195669291338
20
1.6143237401574804
11
0.7050264173228347
21
1.612190157480315
0
LINE
8
BLACK
6
CONTINUOUS
10
0.7050264173228347
20
1.612190157480315
11
0.701259842519685
21
1.6114409448818898
0
LINE
8
BLACK
6
CONTINUOUS
10
0.701259842519685
20
1.6114409448818898
11
0.6805905511811023
21
1.6114409448818898
0
LINE
8
BLACK
6
CONTINUOUS
10
0.6805905511811023
20
1.6114409448818898
11
0.6768239763779528
21
1.612190157480315
0
LINE
8
BLACK
6
CONTINUOUS
10
0.6768239763779528
20
1.612190157480315
11
0.6736308267716535
21
1.6143237401574804
0
LINE
8
BLACK
6
CONTINUOUS
10
0.6736308267716535
20
1.6143237401574804
11
0.6714972440944882
21
1.6175168897637795
0
LINE
8
BLACK
6
CONTINUOUS
10
0.6714972440944882
20
1.6175168897637795
11
0.670748031496063
21
1.6212834645669292
0
LINE
8
BLACK
6
CONTINUOUS
10
0.670748031496063
20
1.6212834645669292
11
0.670748031496063
21
1.6567165354330708
0
LINE
8
BLACK
6
CONTINUOUS
10
0.670748031496063
20
1.6567165354330708
11
0.6714972440944882
21
1.6604831102362205
0
LINE
8
BLACK
6
CONTINUOUS
10
0.6714972440944882
20
1.6604831102362205
11
0.6736308267716535
21
1.6636762598425197
0
LINE
8
BLACK
6
CONTINUOUS
10
0.6736308267716535
20
1.6636762598425197
11
0.6768239763779528
21
1.665809842519685
0
LINE
8
BLACK
6
CONTINUOUS
10
0.6768239763779528
20
1.665809842519685
11
0.6805905511811023
21
1.6665590551181102
0
LINE
8
BLACK
6
CONTINUOUS
10
0.6805905511811023
20
1.6665590551181102
11
0.701259842519685
21
1.6665590551181102
0
LINE
8
BLACK
6
CONTINUOUS
10
0.701259842519685
20
1.6665590551181102
11
0.7050264173228347
21
1.665809842519685
0
LINE
8
BLACK
6
CONTINUOUS
10
4.3189242125984251
20
1.631120748031496
11
4.3195628346456694
21
1.6306940157480314
0
LINE
8
BLACK
6
CONTINUOUS
10
4.3195628346456694
20
1.6306940157480314
11
4.3199895669291335
21
1.6300553937007873
0
LINE
8
BLACK
6
CONTINUOUS
10
4.3199895669291335
20
1.6300553937007873
11
4.320139409448819
21
1.6293020866141732
0
LINE
8
BLACK
6
CONTINUOUS
10
4.320139409448819
20
1.6293020866141732
11
4.320139409448819
21
1.6214280708661417
0
LINE
8
BLACK
6
CONTINUOUS
10
4.320139409448819
20
1.6214280708661417
11
4.3199895669291335
21
1.6206747637795276
0
LINE
8
BLACK
6
CONTINUOUS
10
4.3199895669291335
20
1.6206747637795276
11
4.3195628346456694
21
1.6200361417322835
0
LINE
8
BLACK
6
CONTINUOUS
10
4.3195628346456694
20
1.6200361417322835
11
4.3189242125984251
21
1.6196094094488189
0
LINE
8
BLACK
6
CONTINUOUS
10
4.3189242125984251
20
1.6196094094488189
11
4.3181709055118107
21
1.6194595669291338
0
LINE
8
BLACK
6
CONTINUOUS
10
4.3181709055118107
20
1.6194595669291338
11
4.2957299606299211
21
1.6194595669291338
0
LINE
8
BLACK
6
CONTINUOUS
10
4.2957299606299211
20
1.6194595669291338
11
4.2949766535433067
21
1.6196094094488189
0
LINE
8
BLACK
6
CONTINUOUS
10
4.2949766535433067
20
1.6196094094488189
11
4.2943380314960633
21
1.6200361417322835
0
LINE
8
BLACK
6
CONTINUOUS
10
4.2943380314960633
20
1.6200361417322835
11
4.2939112992125983
21
1.6206747637795276
0
LINE
8
BLACK
6
CONTINUOUS
10
4.2939112992125983
20
1.6206747637795276
11
4.2937614566929136
21
1.6214280708661417
0
LINE
8
BLACK
6
CONTINUOUS
10
4.2937614566929136
20
1.6214280708661417
11
4.2937614566929136
21
1.6293020866141732
0
LINE
8
BLACK
6
CONTINUOUS
10
4.2937614566929136
20
1.6293020866141732
11
4.2939112992125983
21
1.6300553937007873
0
LINE
8
BLACK
6
CONTINUOUS
10
4.2939112992125983
20
1.6300553937007873
11
4.2943380314960633
21
1.6306940157480314
0
LINE
8
BLACK
6
CONTINUOUS
10
4.2943380314960633
20
1.6306940157480314
11
4.2949766535433067
21
1.631120748031496
0
LINE
8
BLACK
6
CONTINUOUS
10
4.2949766535433067
20
1.631120748031496
11
4.2957299606299211
21
1.6312705905511811
0
LINE
8
BLACK
6
CONTINUOUS
10
4.2957299606299211
20
1.6312705905511811
11
4.3181709055118107
21
1.6312705905511811
0
LINE
8
BLACK
6
CONTINUOUS
10
4.3181709055118107
20
1.6312705905511811
11
4.3189242125984251
21
1.631120748031496
0
LINE
8
BLACK
6
CONTINUOUS
10
4.3771919291338586
20
1.631120748031496
11
4.377830551181102
21
1.6306940157480314
0
LINE
8
BLACK
6
CONTINUOUS
10
4.377830551181102
20
1.6306940157480314
11
4.378257283464567
21
1.6300553937007873
0
LINE
8
BLACK
6
CONTINUOUS
10
4.378257283464567
20
1.6300553937007873
11
4.3784071259842516
21
1.6293020866141732
0
LINE
8
BLACK
6
CONTINUOUS
10
4.3784071259842516
20
1.6293020866141732
11
4.3784071259842516
21
1.6214280708661417
0
LINE
8
BLACK
6
CONTINUOUS
10
4.3784071259842516
20
1.6214280708661417
11
4.378257283464567
21
1.6206747637795276
0
LINE
8
BLACK
6
CONTINUOUS
10
4.378257283464567
20
1.6206747637795276
11
4.377830551181102
21
1.6200361417322835
0
LINE
8
BLACK
6
CONTINUOUS
10
4.377830551181102
20
1.6200361417322835
11
4.3771919291338586
21
1.6196094094488189
0
LINE
8
BLACK
6
CONTINUOUS
10
4.3771919291338586
20
1.6196094094488189
11
4.3764386220472442
21
1.6194595669291338
0
LINE
8
BLACK
6
CONTINUOUS
10
4.3764386220472442
20
1.6194595669291338
11
4.3539976771653546
21
1.6194595669291338
0
LINE
8
BLACK
6
CONTINUOUS
10
4.3539976771653546
20
1.6194595669291338
11
4.3532443700787402
21
1.6196094094488189
0
LINE
8
BLACK
6
CONTINUOUS
10
4.3532443700787402
20
1.6196094094488189
11
4.3526057480314959
21
1.6200361417322835
0
LINE
8
BLACK
6
CONTINUOUS
10
4.3526057480314959
20
1.6200361417322835
11
4.3521790157480318
21
1.6206747637795276
0
LINE
8
BLACK
6
CONTINUOUS
10
4.3521790157480318
20
1.6206747637795276
11
4.3520291732283463
21
1.6214280708661417
0
LINE
8
BLACK
6
CONTINUOUS
10
4.3520291732283463
20
1.6214280708661417
11
4.3520291732283463
21
1.6293020866141732
0
LINE
8
BLACK
6
CONTINUOUS
10
4.3520291732283463
20
1.6293020866141732
11
4.3521790157480318
21
1.6300553937007873
0
LINE
8
BLACK
6
CONTINUOUS
10
4.3521790157480318
20
1.6300553937007873
11
4.3526057480314959
21
1.6306940157480314
0
LINE
8
BLACK
6
CONTINUOUS
10
4.3526057480314959
20
1.6306940157480314
11
4.3532443700787402
21
1.631120748031496
0
LINE
8
BLACK
6
CONTINUOUS
10
4.3532443700787402
20
1.631120748031496
11
4.3539976771653546
21
1.6312705905511811
0
LINE
8
BLACK
6
CONTINUOUS
10
4.3539976771653546
20
1.6312705905511811
11
4.3764386220472442
21
1.6312705905511811
0
LINE
8
BLACK
6
CONTINUOUS
10
4.3764386220472442
20
1.6312705905511811
11
4.3771919291338586
21
1.631120748031496
0
LINE
8
BLACK
6
CONTINUOUS
10
1.8277559055118109
20
1.6268188976377953
11
1.8041338582677164
21
1.6268188976377953
0
LINE
8
BLACK
6
CONTINUOUS
10
1.8041338582677164
20
1.6268188976377953
11
1.8041338582677164
21
1.6543779527559055
0
LINE
8
BLACK
6
CONTINUOUS
10
1.8041338582677164
20
1.6543779527559055
11
1.8277559055118109
21
1.6543779527559055
0
LINE
8
BLACK
6
CONTINUOUS
10
1.8277559055118109
20
1.6543779527559055
11
1.8277559055118109
21
1.6268188976377953
0
LINE
8
BLACK
6
CONTINUOUS
10
1.9458661417322833
20
1.6268188976377953
11
1.9222440944881889
21
1.6268188976377953
0
LINE
8
BLACK
6
CONTINUOUS
10
1.9222440944881889
20
1.6268188976377953
11
1.9222440944881889
21
1.6543779527559055
0
LINE
8
BLACK
6
CONTINUOUS
10
1.9222440944881889
20
1.6543779527559055
11
1.9458661417322833
21
1.6543779527559055
0
LINE
8
BLACK
6
CONTINUOUS
10
1.9458661417322833
20
1.6543779527559055
11
1.9458661417322833
21
1.6268188976377953
0
LINE
8
BLACK
6
CONTINUOUS
10
1.4806327165354329
20
1.7156681102362203
11
1.4838258661417323
21
1.713534527559055
0
LINE
8
BLACK
6
CONTINUOUS
10
1.4838258661417323
20
1.713534527559055
11
1.4859594488188976
21
1.7103413779527559
0
LINE
8
BLACK
6
CONTINUOUS
10
1.4859594488188976
20
1.7103413779527559
11
1.4867086614173228
21
1.7065748031496062
0
LINE
8
BLACK
6
CONTINUOUS
10
1.4867086614173228
20
1.7065748031496062
11
1.4867086614173228
21
1.6731102362204724
0
LINE
8
BLACK
6
CONTINUOUS
10
1.4867086614173228
20
1.6731102362204724
11
1.4859594488188976
21
1.6693436614173227
0
LINE
8
BLACK
6
CONTINUOUS
10
1.4859594488188976
20
1.6693436614173227
11
1.4838258661417323
21
1.6661505118110236
0
LINE
8
BLACK
6
CONTINUOUS
10
1.4838258661417323
20
1.6661505118110236
11
1.4806327165354329
21
1.6640169291338582
0
LINE
8
BLACK
6
CONTINUOUS
10
1.4806327165354329
20
1.6640169291338582
11
1.4768661417322835
21
1.663267716535433
0
LINE
8
BLACK
6
CONTINUOUS
10
1.4768661417322835
20
1.663267716535433
11
1.4414330708661418
21
1.663267716535433
0
LINE
8
BLACK
6
CONTINUOUS
10
1.4414330708661418
20
1.663267716535433
11
1.4376664960629921
21
1.6640169291338582
0
LINE
8
BLACK
6
CONTINUOUS
10
1.4376664960629921
20
1.6640169291338582
11
1.4344733464566928
21
1.6661505118110236
0
LINE
8
BLACK
6
CONTINUOUS
10
1.4344733464566928
20
1.6661505118110236
11
1.4323397637795274
21
1.6693436614173227
0
LINE
8
BLACK
6
CONTINUOUS
10
1.4323397637795274
20
1.6693436614173227
11
1.4315905511811022
21
1.6731102362204724
0
LINE
8
BLACK
6
CONTINUOUS
10
1.4315905511811022
20
1.6731102362204724
11
1.4315905511811022
21
1.7065748031496062
0
LINE
8
BLACK
6
CONTINUOUS
10
1.4315905511811022
20
1.7065748031496062
11
1.4323397637795274
21
1.7103413779527559
0
LINE
8
BLACK
6
CONTINUOUS
10
1.4323397637795274
20
1.7103413779527559
11
1.4344733464566928
21
1.713534527559055
0
LINE
8
BLACK
6
CONTINUOUS
10
1.4344733464566928
20
1.713534527559055
11
1.4376664960629921
21
1.7156681102362203
0
LINE
8
BLACK
6
CONTINUOUS
10
1.4376664960629921
20
1.7156681102362203
11
1.4414330708661418
21
1.7164173228346455
0
LINE
8
BLACK
6
CONTINUOUS
10
1.4414330708661418
20
1.7164173228346455
11
1.4768661417322835
21
1.7164173228346455
0
LINE
8
BLACK
6
CONTINUOUS
10
1.4768661417322835
20
1.7164173228346455
11
1.4806327165354329
21
1.7156681102362203
0
LINE
8
BLACK
6
CONTINUOUS
10
1.5869319291338582
20
1.7156681102362203
11
1.5901250787401575
21
1.713534527559055
0
LINE
8
BLACK
6
CONTINUOUS
10
1.5901250787401575
20
1.713534527559055
11
1.5922586614173229
21
1.7103413779527559
0
LINE
8
BLACK
6
CONTINUOUS
10
1.5922586614173229
20
1.7103413779527559
11
1.5930078740157481
21
1.7065748031496062
0
LINE
8
BLACK
6
CONTINUOUS
10
1.5930078740157481
20
1.7065748031496062
11
1.5930078740157481
21
1.6731102362204724
0
LINE
8
BLACK
6
CONTINUOUS
10
1.5930078740157481
20
1.6731102362204724
11
1.5922586614173229
21
1.6693436614173227
0
LINE
8
BLACK
6
CONTINUOUS
10
1.5922586614173229
20
1.6693436614173227
11
1.5901250787401575
21
1.6661505118110236
0
LINE
8
BLACK
6
CONTINUOUS
10
1.5901250787401575
20
1.6661505118110236
11
1.5869319291338582
21
1.6640169291338582
0
LINE
8
BLACK
6
CONTINUOUS
10
1.5869319291338582
20
1.6640169291338582
11
1.5831653543307087
21
1.663267716535433
0
LINE
8
BLACK
6
CONTINUOUS
10
1.5831653543307087
20
1.663267716535433
11
1.5477322834645668
21
1.663267716535433
0
LINE
8
BLACK
6
CONTINUOUS
10
1.5477322834645668
20
1.663267716535433
11
1.5439657086614174
21
1.6640169291338582
0
LINE
8
BLACK
6
CONTINUOUS
10
1.5439657086614174
20
1.6640169291338582
11
1.540772559055118
21
1.6661505118110236
0
LINE
8
BLACK
6
CONTINUOUS
10
1.540772559055118
20
1.6661505118110236
11
1.5386389763779527
21
1.6693436614173227
0
LINE
8
BLACK
6
CONTINUOUS
10
1.5386389763779527
20
1.6693436614173227
11
1.5378897637795275
21
1.6731102362204724
0
LINE
8
BLACK
6
CONTINUOUS
10
1.5378897637795275
20
1.6731102362204724
11
1.5378897637795275
21
1.7065748031496062
0
LINE
8
BLACK
6
CONTINUOUS
10
1.5378897637795275
20
1.7065748031496062
11
1.5386389763779527
21
1.7103413779527559
0
LINE
8
BLACK
6
CONTINUOUS
10
1.5386389763779527
20
1.7103413779527559
11
1.540772559055118
21
1.713534527559055
0
LINE
8
BLACK
6
CONTINUOUS
10
1.540772559055118
20
1.713534527559055
11
1.5439657086614174
21
1.7156681102362203
0
LINE
8
BLACK
6
CONTINUOUS
10
1.5439657086614174
20
1.7156681102362203
11
1.5477322834645668
21
1.7164173228346455
0
LINE
8
BLACK
6
CONTINUOUS
10
1.5477322834645668
20
1.7164173228346455
11
1.5831653543307087
21
1.7164173228346455
0
LINE
8
BLACK
6
CONTINUOUS
10
1.5831653543307087
20
1.7164173228346455
11
1.5869319291338582
21
1.7156681102362203
0
LINE
8
BLACK
6
CONTINUOUS
10
0.5091654724409449
20
1.7294953543307086
11
0.5110813385826771
21
1.7282151968503936
0
LINE
8
BLACK
6
CONTINUOUS
10
0.5110813385826771
20
1.7282151968503936
11
0.5123614960629921
21
1.7262993307086614
0
LINE
8
BLACK
6
CONTINUOUS
10
0.5123614960629921
20
1.7262993307086614
11
0.5128110236220472
21
1.7240393700787402
0
LINE
8
BLACK
6
CONTINUOUS
10
0.5128110236220472
20
1.7240393700787402
11
0.5128110236220472
21
1.677779527559055
0
LINE
8
BLACK
6
CONTINUOUS
10
0.5128110236220472
20
1.677779527559055
11
0.5123614960629921
21
1.6755195669291338
0
LINE
8
BLACK
6
CONTINUOUS
10
0.5123614960629921
20
1.6755195669291338
11
0.5110813385826771
21
1.6736037007874016
0
LINE
8
BLACK
6
CONTINUOUS
10
0.5110813385826771
20
1.6736037007874016
11
0.5091654724409449
21
1.6723235433070867
0
LINE
8
BLACK
6
CONTINUOUS
10
0.5091654724409449
20
1.6723235433070867
11
0.5069055118110236
21
1.6718740157480314
0
LINE
8
BLACK
6
CONTINUOUS
10
0.5069055118110236
20
1.6718740157480314
11
0.4950944881889764
21
1.6718740157480314
0
LINE
8
BLACK
6
CONTINUOUS
10
0.4950944881889764
20
1.6718740157480314
11
0.4928345275590551
21
1.6723235433070867
0
LINE
8
BLACK
6
CONTINUOUS
10
0.4928345275590551
20
1.6723235433070867
11
0.4909186614173228
21
1.6736037007874016
0
LINE
8
BLACK
6
CONTINUOUS
10
0.4909186614173228
20
1.6736037007874016
11
0.4896385039370079
21
1.6755195669291338
0
LINE
8
BLACK
6
CONTINUOUS
10
0.4896385039370079
20
1.6755195669291338
11
0.4891889763779527
21
1.677779527559055
0
LINE
8
BLACK
6
CONTINUOUS
10
0.4891889763779527
20
1.677779527559055
11
0.4891889763779527
21
1.7240393700787402
0
LINE
8
BLACK
6
CONTINUOUS
10
0.4891889763779527
20
1.7240393700787402
11
0.4896385039370079
21
1.7262993307086614
0
LINE
8
BLACK
6
CONTINUOUS
10
0.4896385039370079
20
1.7262993307086614
11
0.4909186614173228
21
1.7282151968503936
0
LINE
8
BLACK
6
CONTINUOUS
10
0.4909186614173228
20
1.7282151968503936
11
0.4928345275590551
21
1.7294953543307086
0
LINE
8
BLACK
6
CONTINUOUS
10
0.4928345275590551
20
1.7294953543307086
11
0.4950944881889764
21
1.7299448818897638
0
LINE
8
BLACK
6
CONTINUOUS
10
0.4950944881889764
20
1.7299448818897638
11
0.5069055118110236
21
1.7299448818897638
0
LINE
8
BLACK
6
CONTINUOUS
10
0.5069055118110236
20
1.7299448818897638
11
0.5091654724409449
21
1.7294953543307086
0
LINE
8
BLACK
6
CONTINUOUS
10
1.8277559055118109
20
1.7016220472440944
11
1.8041338582677164
21
1.7016220472440944
0
LINE
8
BLACK
6
CONTINUOUS
10
1.8041338582677164
20
1.7016220472440944
11
1.8041338582677164
21
1.7291811023622048
0
LINE
8
BLACK
6
CONTINUOUS
10
1.8041338582677164
20
1.7291811023622048
11
1.8277559055118109
21
1.7291811023622048
0
LINE
8
BLACK
6
CONTINUOUS
10
1.8277559055118109
20
1.7291811023622048
11
1.8277559055118109
21
1.7016220472440944
0
LINE
8
BLACK
6
CONTINUOUS
10
1.9458661417322833
20
1.7016220472440944
11
1.9222440944881889
21
1.7016220472440944
0
LINE
8
BLACK
6
CONTINUOUS
10
1.9222440944881889
20
1.7016220472440944
11
1.9222440944881889
21
1.7291811023622048
0
LINE
8
BLACK
6
CONTINUOUS
10
1.9222440944881889
20
1.7291811023622048
11
1.9458661417322833
21
1.7291811023622048
0
LINE
8
BLACK
6
CONTINUOUS
10
1.9458661417322833
20
1.7291811023622048
11
1.9458661417322833
21
1.7016220472440944
0
LINE
8
BLACK
6
CONTINUOUS
10
0.3411760236220472
20
1.7838098425196851
11
0.3443691732283464
21
1.7816762598425195
0
LINE
8
BLACK
6
CONTINUOUS
10
0.3443691732283464
20
1.7816762598425195
11
0.3465027559055118
21
1.7784831102362204
0
LINE
8
BLACK
6
CONTINUOUS
10
0.3465027559055118
20
1.7784831102362204
11
0.347251968503937
21
1.7747165354330707
0
LINE
8
BLACK
6
CONTINUOUS
10
0.347251968503937
20
1.7747165354330707
11
0.347251968503937
21
1.7392834645669291
0
LINE
8
BLACK
6
CONTINUOUS
10
0.347251968503937
20
1.7392834645669291
11
0.3465027559055118
21
1.7355168897637794
0
LINE
8
BLACK
6
CONTINUOUS
10
0.3465027559055118
20
1.7355168897637794
11
0.3443691732283464
21
1.7323237401574803
0
LINE
8
BLACK
6
CONTINUOUS
10
0.3443691732283464
20
1.7323237401574803
11
0.3411760236220472
21
1.7301901574803149
0
LINE
8
BLACK
6
CONTINUOUS
10
0.3411760236220472
20
1.7301901574803149
11
0.3374094488188976
21
1.7294409448818897
0
LINE
8
BLACK
6
CONTINUOUS
10
0.3374094488188976
20
1.7294409448818897
11
0.316740157480315
21
1.7294409448818897
0
LINE
8
BLACK
6
CONTINUOUS
10
0.316740157480315
20
1.7294409448818897
11
0.3129735826771654
21
1.7301901574803149
0
LINE
8
BLACK
6
CONTINUOUS
10
0.3129735826771654
20
1.7301901574803149
11
0.3097804330708661
21
1.7323237401574803
0
LINE
8
BLACK
6
CONTINUOUS
10
0.3097804330708661
20
1.7323237401574803
11
0.3076468503937008
21
1.7355168897637794
0
LINE
8
BLACK
6
CONTINUOUS
10
0.3076468503937008
20
1.7355168897637794
11
0.3068976377952756
21
1.7392834645669291
0
LINE
8
BLACK
6
CONTINUOUS
10
0.3068976377952756
20
1.7392834645669291
11
0.3068976377952756
21
1.7747165354330707
0
LINE
8
BLACK
6
CONTINUOUS
10
0.3068976377952756
20
1.7747165354330707
11
0.3076468503937008
21
1.7784831102362204
0
LINE
8
BLACK
6
CONTINUOUS
10
0.3076468503937008
20
1.7784831102362204
11
0.3097804330708661
21
1.7816762598425195
0
LINE
8
BLACK
6
CONTINUOUS
10
0.3097804330708661
20
1.7816762598425195
11
0.3129735826771654
21
1.7838098425196851
0
LINE
8
BLACK
6
CONTINUOUS
10
0.3129735826771654
20
1.7838098425196851
11
0.316740157480315
21
1.7845590551181103
0
LINE
8
BLACK
6
CONTINUOUS
10
0.316740157480315
20
1.7845590551181103
11
0.3374094488188976
21
1.7845590551181103
0
LINE
8
BLACK
6
CONTINUOUS
10
0.3374094488188976
20
1.7845590551181103
11
0.3411760236220472
21
1.7838098425196851
0
LINE
8
BLACK
6
CONTINUOUS
10
0.4130264173228346
20
1.7838098425196851
11
0.4162195669291339
21
1.7816762598425195
0
LINE
8
BLACK
6
CONTINUOUS
10
0.4162195669291339
20
1.7816762598425195
11
0.4183531496062992
21
1.7784831102362204
0
LINE
8
BLACK
6
CONTINUOUS
10
0.4183531496062992
20
1.7784831102362204
11
0.4191023622047244
21
1.7747165354330707
0
LINE
8
BLACK
6
CONTINUOUS
10
0.4191023622047244
20
1.7747165354330707
11
0.4191023622047244
21
1.7392834645669291
0
LINE
8
BLACK
6
CONTINUOUS
10
0.4191023622047244
20
1.7392834645669291
11
0.4183531496062992
21
1.7355168897637794
0
LINE
8
BLACK
6
CONTINUOUS
10
0.4183531496062992
20
1.7355168897637794
11
0.4162195669291339
21
1.7323237401574803
0
LINE
8
BLACK
6
CONTINUOUS
10
0.4162195669291339
20
1.7323237401574803
11
0.4130264173228346
21
1.7301901574803149
0
LINE
8
BLACK
6
CONTINUOUS
10
0.4130264173228346
20
1.7301901574803149
11
0.4092598425196851
21
1.7294409448818897
0
LINE
8
BLACK
6
CONTINUOUS
10
0.4092598425196851
20
1.7294409448818897
11
0.3885905511811024
21
1.7294409448818897
0
LINE
8
BLACK
6
CONTINUOUS
10
0.3885905511811024
20
1.7294409448818897
11
0.3848239763779527
21
1.7301901574803149
0
LINE
8
BLACK
6
CONTINUOUS
10
0.3848239763779527
20
1.7301901574803149
11
0.3816308267716536
21
1.7323237401574803
0
LINE
8
BLACK
6
CONTINUOUS
10
0.3816308267716536
20
1.7323237401574803
11
0.3794972440944882
21
1.7355168897637794
0
LINE
8
BLACK
6
CONTINUOUS
10
0.3794972440944882
20
1.7355168897637794
11
0.378748031496063
21
1.7392834645669291
0
LINE
8
BLACK
6
CONTINUOUS
10
0.378748031496063
20
1.7392834645669291
11
0.378748031496063
21
1.7747165354330707
0
LINE
8
BLACK
6
CONTINUOUS
10
0.378748031496063
20
1.7747165354330707
11
0.3794972440944882
21
1.7784831102362204
0
LINE
8
BLACK
6
CONTINUOUS
10
0.3794972440944882
20
1.7784831102362204
11
0.3816308267716536
21
1.7816762598425195
0
LINE
8
BLACK
6
CONTINUOUS
10
0.3816308267716536
20
1.7816762598425195
11
0.3848239763779527
21
1.7838098425196851
0
LINE
8
BLACK
6
CONTINUOUS
10
0.3848239763779527
20
1.7838098425196851
11
0.3885905511811024
21
1.7845590551181103
0
LINE
8
BLACK
6
CONTINUOUS
10
0.3885905511811024
20
1.7845590551181103
11
0.4092598425196851
21
1.7845590551181103
0
LINE
8
BLACK
6
CONTINUOUS
10
0.4092598425196851
20
1.7845590551181103
11
0.4130264173228346
21
1.7838098425196851
0
LINE
8
BLACK
6
CONTINUOUS
10
2.5524831102362202
20
1.8295027559055117
11
2.5556762598425196
21
1.8273691732283464
0
LINE
8
BLACK
6
CONTINUOUS
10
2.5556762598425196
20
1.8273691732283464
11
2.5578098425196849
21
1.8241760236220472
0
LINE
8
BLACK
6
CONTINUOUS
10
2.5578098425196849
20
1.8241760236220472
11
2.5585590551181103
21
1.8204094488188975
0
LINE
8
BLACK
6
CONTINUOUS
10
2.5585590551181103
20
1.8204094488188975
11
2.5585590551181103
21
1.7997401574803149
0
LINE
8
BLACK
6
CONTINUOUS
10
2.5585590551181103
20
1.7997401574803149
11
2.5578098425196849
21
1.7959735826771652
0
LINE
8
BLACK
6
CONTINUOUS
10
2.5578098425196849
20
1.7959735826771652
11
2.5556762598425196
21
1.7927804330708661
0
LINE
8
BLACK
6
CONTINUOUS
10
2.5556762598425196
20
1.7927804330708661
11
2.5524831102362202
21
1.7906468503937008
0
LINE
8
BLACK
6
CONTINUOUS
10
2.5524831102362202
20
1.7906468503937008
11
2.548716535433071
21
1.7898976377952756
0
LINE
8
BLACK
6
CONTINUOUS
10
2.548716535433071
20
1.7898976377952756
11
2.5132834645669289
21
1.7898976377952756
0
LINE
8
BLACK
6
CONTINUOUS
10
2.5132834645669289
20
1.7898976377952756
11
2.5095168897637796
21
1.7906468503937008
0
LINE
8
BLACK
6
CONTINUOUS
10
2.5095168897637796
20
1.7906468503937008
11
2.5063237401574803
21
1.7927804330708661
0
LINE
8
BLACK
6
CONTINUOUS
10
2.5063237401574803
20
1.7927804330708661
11
2.5041901574803149
21
1.7959735826771652
0
LINE
8
BLACK
6
CONTINUOUS
10
2.5041901574803149
20
1.7959735826771652
11
2.5034409448818895
21
1.7997401574803149
0
LINE
8
BLACK
6
CONTINUOUS
10
2.5034409448818895
20
1.7997401574803149
11
2.5034409448818895
21
1.8204094488188975
0
LINE
8
BLACK
6
CONTINUOUS
10
2.5034409448818895
20
1.8204094488188975
11
2.5041901574803149
21
1.8241760236220472
0
LINE
8
BLACK
6
CONTINUOUS
10
2.5041901574803149
20
1.8241760236220472
11
2.5063237401574803
21
1.8273691732283464
0
LINE
8
BLACK
6
CONTINUOUS
10
2.5063237401574803
20
1.8273691732283464
11
2.5095168897637796
21
1.8295027559055117
0
LINE
8
BLACK
6
CONTINUOUS
10
2.5095168897637796
20
1.8295027559055117
11
2.5132834645669289
21
1.8302519685039369
0
LINE
8
BLACK
6
CONTINUOUS
10
2.5132834645669289
20
1.8302519685039369
11
2.548716535433071
21
1.8302519685039369
0
LINE
8
BLACK
6
CONTINUOUS
10
2.548716535433071
20
1.8302519685039369
11
2.5524831102362202
21
1.8295027559055117
0
LINE
8
BLACK
6
CONTINUOUS
10
1.1451760236220472
20
1.865809842519685
11
1.1483691732283465
21
1.8636762598425196
0
LINE
8
BLACK
6
CONTINUOUS
10
1.1483691732283465
20
1.8636762598425196
11
1.1505027559055119
21
1.8604831102362205
0
LINE
8
BLACK
6
CONTINUOUS
10
1.1505027559055119
20
1.8604831102362205
11
1.1512519685039371
21
1.8567165354330708
0
LINE
8
BLACK
6
CONTINUOUS
10
1.1512519685039371
20
1.8567165354330708
11
1.1512519685039371
21
1.8212834645669291
0
LINE
8
BLACK
6
CONTINUOUS
10
1.1512519685039371
20
1.8212834645669291
11
1.1505027559055119
21
1.8175168897637795
0
LINE
8
BLACK
6
CONTINUOUS
10
1.1505027559055119
20
1.8175168897637795
11
1.1483691732283465
21
1.8143237401574803
0
LINE
8
BLACK
6
CONTINUOUS
10
1.1483691732283465
20
1.8143237401574803
11
1.1451760236220472
21
1.812190157480315
0
LINE
8
BLACK
6
CONTINUOUS
10
1.1451760236220472
20
1.812190157480315
11
1.1414094488188977
21
1.8114409448818898
0
LINE
8
BLACK
6
CONTINUOUS
10
1.1414094488188977
20
1.8114409448818898
11
1.1207401574803149
21
1.8114409448818898
0
LINE
8
BLACK
6
CONTINUOUS
10
1.1207401574803149
20
1.8114409448818898
11
1.1169735826771654
21
1.812190157480315
0
LINE
8
BLACK
6
CONTINUOUS
10
1.1169735826771654
20
1.812190157480315
11
1.113780433070866
21
1.8143237401574803
0
LINE
8
BLACK
6
CONTINUOUS
10
1.113780433070866
20
1.8143237401574803
11
1.1116468503937007
21
1.8175168897637795
0
LINE
8
BLACK
6
CONTINUOUS
10
1.1116468503937007
20
1.8175168897637795
11
1.1108976377952755
21
1.8212834645669291
0
LINE
8
BLACK
6
CONTINUOUS
10
1.1108976377952755
20
1.8212834645669291
11
1.1108976377952755
21
1.8567165354330708
0
LINE
8
BLACK
6
CONTINUOUS
10
1.1108976377952755
20
1.8567165354330708
11
1.1116468503937007
21
1.8604831102362205
0
LINE
8
BLACK
6
CONTINUOUS
10
1.1116468503937007
20
1.8604831102362205
11
1.113780433070866
21
1.8636762598425196
0
LINE
8
BLACK
6
CONTINUOUS
10
1.113780433070866
20
1.8636762598425196
11
1.1169735826771654
21
1.865809842519685
0
LINE
8
BLACK
6
CONTINUOUS
10
1.1169735826771654
20
1.865809842519685
11
1.1207401574803149
21
1.8665590551181102
0
LINE
8
BLACK
6
CONTINUOUS
10
1.1207401574803149
20
1.8665590551181102
11
1.1414094488188977
21
1.8665590551181102
0
LINE
8
BLACK
6
CONTINUOUS
10
1.1414094488188977
20
1.8665590551181102
11
1.1451760236220472
21
1.865809842519685
0
LINE
8
BLACK
6
CONTINUOUS
10
1.2170264173228347
20
1.865809842519685
11
1.2202195669291338
21
1.8636762598425196
0
LINE
8
BLACK
6
CONTINUOUS
10
1.2202195669291338
20
1.8636762598425196
11
1.2223531496062991
21
1.8604831102362205
0
LINE
8
BLACK
6
CONTINUOUS
10
1.2223531496062991
20
1.8604831102362205
11
1.2231023622047243
21
1.8567165354330708
0
LINE
8
BLACK
6
CONTINUOUS
10
1.2231023622047243
20
1.8567165354330708
11
1.2231023622047243
21
1.8212834645669291
0
LINE
8
BLACK
6
CONTINUOUS
10
1.2231023622047243
20
1.8212834645669291
11
1.2223531496062991
21
1.8175168897637795
0
LINE
8
BLACK
6
CONTINUOUS
10
1.2223531496062991
20
1.8175168897637795
11
1.2202195669291338
21
1.8143237401574803
0
LINE
8
BLACK
6
CONTINUOUS
10
1.2202195669291338
20
1.8143237401574803
11
1.2170264173228347
21
1.812190157480315
0
LINE
8
BLACK
6
CONTINUOUS
10
1.2170264173228347
20
1.812190157480315
11
1.213259842519685
21
1.8114409448818898
0
LINE
8
BLACK
6
CONTINUOUS
10
1.213259842519685
20
1.8114409448818898
11
1.1925905511811024
21
1.8114409448818898
0
LINE
8
BLACK
6
CONTINUOUS
10
1.1925905511811024
20
1.8114409448818898
11
1.1888239763779527
21
1.812190157480315
0
LINE
8
BLACK
6
CONTINUOUS
10
1.1888239763779527
20
1.812190157480315
11
1.1856308267716535
21
1.8143237401574803
0
LINE
8
BLACK
6
CONTINUOUS
10
1.1856308267716535
20
1.8143237401574803
11
1.1834972440944882
21
1.8175168897637795
0
LINE
8
BLACK
6
CONTINUOUS
10
1.1834972440944882
20
1.8175168897637795
11
1.182748031496063
21
1.8212834645669291
0
LINE
8
BLACK
6
CONTINUOUS
10
1.182748031496063
20
1.8212834645669291
11
1.182748031496063
21
1.8567165354330708
0
LINE
8
BLACK
6
CONTINUOUS
10
1.182748031496063
20
1.8567165354330708
11
1.1834972440944882
21
1.8604831102362205
0
LINE
8
BLACK
6
CONTINUOUS
10
1.1834972440944882
20
1.8604831102362205
11
1.1856308267716535
21
1.8636762598425196
0
LINE
8
BLACK
6
CONTINUOUS
10
1.1856308267716535
20
1.8636762598425196
11
1.1888239763779527
21
1.865809842519685
0
LINE
8
BLACK
6
CONTINUOUS
10
1.1888239763779527
20
1.865809842519685
11
1.1925905511811024
21
1.8665590551181102
0
LINE
8
BLACK
6
CONTINUOUS
10
1.1925905511811024
20
1.8665590551181102
11
1.213259842519685
21
1.8665590551181102
0
LINE
8
BLACK
6
CONTINUOUS
10
1.213259842519685
20
1.8665590551181102
11
1.2170264173228347
21
1.865809842519685
0
LINE
8
BLACK
6
CONTINUOUS
10
2.5524831102362202
20
1.9013531496062992
11
2.5556762598425196
21
1.8992195669291339
0
LINE
8
BLACK
6
CONTINUOUS
10
2.5556762598425196
20
1.8992195669291339
11
2.5578098425196849
21
1.8960264173228345
0
LINE
8
BLACK
6
CONTINUOUS
10
2.5578098425196849
20
1.8960264173228345
11
2.5585590551181103
21
1.892259842519685
0
LINE
8
BLACK
6
CONTINUOUS
10
2.5585590551181103
20
1.892259842519685
11
2.5585590551181103
21
1.8715905511811024
0
LINE
8
BLACK
6
CONTINUOUS
10
2.5585590551181103
20
1.8715905511811024
11
2.5578098425196849
21
1.8678239763779527
0
LINE
8
BLACK
6
CONTINUOUS
10
2.5578098425196849
20
1.8678239763779527
11
2.5556762598425196
21
1.8646308267716536
0
LINE
8
BLACK
6
CONTINUOUS
10
2.5556762598425196
20
1.8646308267716536
11
2.5524831102362202
21
1.8624972440944882
0
LINE
8
BLACK
6
CONTINUOUS
10
2.5524831102362202
20
1.8624972440944882
11
2.548716535433071
21
1.861748031496063
0
LINE
8
BLACK
6
CONTINUOUS
10
2.548716535433071
20
1.861748031496063
11
2.5132834645669289
21
1.861748031496063
0
LINE
8
BLACK
6
CONTINUOUS
10
2.5132834645669289
20
1.861748031496063
11
2.5095168897637796
21
1.8624972440944882
0
LINE
8
BLACK
6
CONTINUOUS
10
2.5095168897637796
20
1.8624972440944882
11
2.5063237401574803
21
1.8646308267716536
0
LINE
8
BLACK
6
CONTINUOUS
10
2.5063237401574803
20
1.8646308267716536
11
2.5041901574803149
21
1.8678239763779527
0
LINE
8
BLACK
6
CONTINUOUS
10
2.5041901574803149
20
1.8678239763779527
11
2.5034409448818895
21
1.8715905511811024
0
LINE
8
BLACK
6
CONTINUOUS
10
2.5034409448818895
20
1.8715905511811024
11
2.5034409448818895
21
1.892259842519685
0
LINE
8
BLACK
6
CONTINUOUS
10
2.5034409448818895
20
1.892259842519685
11
2.5041901574803149
21
1.8960264173228345
0
LINE
8
BLACK
6
CONTINUOUS
10
2.5041901574803149
20
1.8960264173228345
11
2.5063237401574803
21
1.8992195669291339
0
LINE
8
BLACK
6
CONTINUOUS
10
2.5063237401574803
20
1.8992195669291339
11
2.5095168897637796
21
1.9013531496062992
0
LINE
8
BLACK
6
CONTINUOUS
10
2.5095168897637796
20
1.9013531496062992
11
2.5132834645669289
21
1.9021023622047244
0
LINE
8
BLACK
6
CONTINUOUS
10
2.5132834645669289
20
1.9021023622047244
11
2.548716535433071
21
1.9021023622047244
0
LINE
8
BLACK
6
CONTINUOUS
10
2.548716535433071
20
1.9021023622047244
11
2.5524831102362202
21
1.9013531496062992
0
LINE
8
BLACK
6
CONTINUOUS
10
2.5563728740157479
20
1.9827389763779526
11
2.5595660236220472
21
1.9806053937007873
0
LINE
8
BLACK
6
CONTINUOUS
10
2.5595660236220472
20
1.9806053937007873
11
2.5616996062992126
21
1.9774122440944881
0
LINE
8
BLACK
6
CONTINUOUS
10
2.5616996062992126
20
1.9774122440944881
11
2.5624488188976375
21
1.9736456692913384
0
LINE
8
BLACK
6
CONTINUOUS
10
2.5624488188976375
20
1.9736456692913384
11
2.5624488188976375
21
1.9441181102362204
0
LINE
8
BLACK
6
CONTINUOUS
10
2.5624488188976375
20
1.9441181102362204
11
2.5616996062992126
21
1.9403515354330709
0
LINE
8
BLACK
6
CONTINUOUS
10
2.5616996062992126
20
1.9403515354330709
11
2.5595660236220472
21
1.9371583858267716
0
LINE
8
BLACK
6
CONTINUOUS
10
2.5595660236220472
20
1.9371583858267716
11
2.5563728740157479
21
1.9350248031496062
0
LINE
8
BLACK
6
CONTINUOUS
10
2.5563728740157479
20
1.9350248031496062
11
2.5526062992125982
21
1.934275590551181
0
LINE
8
BLACK
6
CONTINUOUS
10
2.5526062992125982
20
1.934275590551181
11
2.5033937007874014
21
1.934275590551181
0
LINE
8
BLACK
6
CONTINUOUS
10
2.5033937007874014
20
1.934275590551181
11
2.4996271259842517
21
1.9350248031496062
0
LINE
8
BLACK
6
CONTINUOUS
10
2.4996271259842517
20
1.9350248031496062
11
2.4964339763779528
21
1.9371583858267716
0
LINE
8
BLACK
6
CONTINUOUS
10
2.4964339763779528
20
1.9371583858267716
11
2.4943003937007875
21
1.9403515354330709
0
LINE
8
BLACK
6
CONTINUOUS
10
2.4943003937007875
20
1.9403515354330709
11
2.4935511811023621
21
1.9441181102362204
0
LINE
8
BLACK
6
CONTINUOUS
10
2.4935511811023621
20
1.9441181102362204
11
2.4935511811023621
21
1.9736456692913384
0
LINE
8
BLACK
6
CONTINUOUS
10
2.4935511811023621
20
1.9736456692913384
11
2.4943003937007875
21
1.9774122440944881
0
LINE
8
BLACK
6
CONTINUOUS
10
2.4943003937007875
20
1.9774122440944881
11
2.4964339763779528
21
1.9806053937007873
0
LINE
8
BLACK
6
CONTINUOUS
10
2.4964339763779528
20
1.9806053937007873
11
2.4996271259842517
21
1.9827389763779526
0
LINE
8
BLACK
6
CONTINUOUS
10
2.4996271259842517
20
1.9827389763779526
11
2.5033937007874014
21
1.9834881889763778
0
LINE
8
BLACK
6
CONTINUOUS
10
2.5033937007874014
20
1.9834881889763778
11
2.5526062992125982
21
1.9834881889763778
0
LINE
8
BLACK
6
CONTINUOUS
10
2.5526062992125982
20
1.9834881889763778
11
2.5563728740157479
21
1.9827389763779526
0
LINE
8
BLACK
6
CONTINUOUS
10
2.5563728740157479
20
2.0929751968503938
11
2.5595660236220472
21
2.0908416141732284
0
LINE
8
BLACK
6
CONTINUOUS
10
2.5595660236220472
20
2.0908416141732284
11
2.5616996062992126
21
2.0876484645669291
0
LINE
8
BLACK
6
CONTINUOUS
10
2.5616996062992126
20
2.0876484645669291
11
2.5624488188976375
21
2.0838818897637794
0
LINE
8
BLACK
6
CONTINUOUS
10
2.5624488188976375
20
2.0838818897637794
11
2.5624488188976375
21
2.0543543307086614
0
LINE
8
BLACK
6
CONTINUOUS
10
2.5624488188976375
20
2.0543543307086614
11
2.5616996062992126
21
2.0505877559055117
0
LINE
8
BLACK
6
CONTINUOUS
10
2.5616996062992126
20
2.0505877559055117
11
2.5595660236220472
21
2.0473946062992128
0
LINE
8
BLACK
6
CONTINUOUS
10
2.5595660236220472
20
2.0473946062992128
11
2.5563728740157479
21
2.045261023622047
0
LINE
8
BLACK
6
CONTINUOUS
10
2.5563728740157479
20
2.045261023622047
11
2.5526062992125982
21
2.044511811023622
0
LINE
8
BLACK
6
CONTINUOUS
10
2.5526062992125982
20
2.044511811023622
11
2.5033937007874014
21
2.044511811023622
0
LINE
8
BLACK
6
CONTINUOUS
10
2.5033937007874014
20
2.044511811023622
11
2.4996271259842517
21
2.045261023622047
0
LINE
8
BLACK
6
CONTINUOUS
10
2.4996271259842517
20
2.045261023622047
11
2.4964339763779528
21
2.0473946062992128
0
LINE
8
BLACK
6
CONTINUOUS
10
2.4964339763779528
20
2.0473946062992128
11
2.4943003937007875
21
2.0505877559055117
0
LINE
8
BLACK
6
CONTINUOUS
10
2.4943003937007875
20
2.0505877559055117
11
2.4935511811023621
21
2.0543543307086614
0
LINE
8
BLACK
6
CONTINUOUS
10
2.4935511811023621
20
2.0543543307086614
11
2.4935511811023621
21
2.0838818897637794
0
LINE
8
BLACK
6
CONTINUOUS
10
2.4935511811023621
20
2.0838818897637794
11
2.4943003937007875
21
2.0876484645669291
0
LINE
8
BLACK
6
CONTINUOUS
10
2.4943003937007875
20
2.0876484645669291
11
2.4964339763779528
21
2.0908416141732284
0
LINE
8
BLACK
6
CONTINUOUS
10
2.4964339763779528
20
2.0908416141732284
11
2.4996271259842517
21
2.0929751968503938
0
LINE
8
BLACK
6
CONTINUOUS
10
2.4996271259842517
20
2.0929751968503938
11
2.5033937007874014
21
2.0937244094488188
0
LINE
8
BLACK
6
CONTINUOUS
10
2.5033937007874014
20
2.0937244094488188
11
2.5526062992125982
21
2.0937244094488188
0
LINE
8
BLACK
6
CONTINUOUS
10
2.5526062992125982
20
2.0937244094488188
11
2.5563728740157479
21
2.0929751968503938
0
CIRCLE
8
BLACK
10
2.7999999999999998
20
2.
40
0.0068897637795276
0
CIRCLE
8
BLACK
10
0.4
20
0.4
40
0.0068897637795276
0
CIRCLE
8
BLACK
10
2.7999999999999998
20
0.4
40
0.0068897637795276
0
CIRCLE
8
BLACK
10
0.4
20
2.
40
0.0068897637795276
0
CIRCLE
8
BLACK
10
0.9111811023622047
20
2.0727874015748031
40
0.0068897637795276
0
CIRCLE
8
BLACK
10
0.9111811023622047
20
1.972787401574803
40
0.0068897637795276
0
CIRCLE
8
BLACK
10
1.0111811023622046
20
2.0727874015748031
40
0.0068897637795276
0
CIRCLE
8
BLACK
10
1.0111811023622046
20
1.972787401574803
40
0.0068897637795276
0
CIRCLE
8
BLACK
10
1.1111811023622047
20
2.0727874015748031
40
0.0068897637795276
0
CIRCLE
8
BLACK
10
1.1111811023622047
20
1.972787401574803
40
0.0068897637795276
0
CIRCLE
8
BLACK
10
1.2111811023622048
20
2.0727874015748031
40
0.0068897637795276
0
CIRCLE
8
BLACK
10
1.2111811023622048
20
1.972787401574803
40
0.0068897637795276
0
CIRCLE
8
BLACK
10
1.3111811023622046
20
2.0727874015748031
40
0.0068897637795276
0
CIRCLE
8
BLACK
10
1.3111811023622046
20
1.972787401574803
40
0.0068897637795276
0
CIRCLE
8
BLACK
10
1.4111811023622047
20
2.0727874015748031
40
0.0068897637795276
0
CIRCLE
8
BLACK
10
1.4111811023622047
20
1.972787401574803
40
0.0068897637795276
0
CIRCLE
8
BLACK
10
1.5111811023622046
20
2.0727874015748031
40
0.0068897637795276
0
CIRCLE
8
BLACK
10
1.5111811023622046
20
1.972787401574803
40
0.0068897637795276
0
CIRCLE
8
BLACK
10
1.6111811023622047
20
2.0727874015748031
40
0.0068897637795276
0
CIRCLE
8
BLACK
10
1.6111811023622047
20
1.972787401574803
40
0.0068897637795276
0
CIRCLE
8
BLACK
10
1.7111811023622048
20
2.0727874015748031
40
0.0068897637795276
0
CIRCLE
8
BLACK
10
1.7111811023622048
20
1.972787401574803
40
0.0068897637795276
0
CIRCLE
8
BLACK
10
1.8111811023622046
20
2.0727874015748031
40
0.0068897637795276
0
CIRCLE
8
BLACK
10
1.8111811023622046
20
1.972787401574803
40
0.0068897637795276
0
CIRCLE
8
BLACK
10
1.9111811023622047
20
2.0727874015748031
40
0.0068897637795276
0
CIRCLE
8
BLACK
10
1.9111811023622047
20
1.972787401574803
40
0.0068897637795276
0
CIRCLE
8
BLACK
10
2.0111811023622046
20
2.0727874015748031
40
0.0068897637795276
0
CIRCLE
8
BLACK
10
2.0111811023622046
20
1.972787401574803
40
0.0068897637795276
0
CIRCLE
8
BLACK
10
2.1111811023622047
20
2.0727874015748031
40
0.0068897637795276
0
CIRCLE
8
BLACK
10
2.1111811023622047
20
1.972787401574803
40
0.0068897637795276
0
CIRCLE
8
BLACK
10
2.2111811023622048
20
2.0727874015748031
40
0.0068897637795276
0
CIRCLE
8
BLACK
10
2.2111811023622048
20
1.972787401574803
40
0.0068897637795276
0
CIRCLE
8
BLACK
10
2.3111811023622049
20
2.0727874015748031
40
0.0068897637795276
0
CIRCLE
8
BLACK
10
2.3111811023622049
20
1.972787401574803
40
0.0068897637795276
  0
ENDSEC
  0
EOF
