  0
SECTION
  2
HEADER
  9
$ANGBASE
  50
0.0
  9
$ANGDIR
  70
1
  9
$MEASUREMENT
  70
0
  0
ENDSEC
  0
SECTION
  2
TABLES
  0
TABLE
  2
LTYPE
  70
4
  0
LTYPE
  5
40F
  2
CONTINUOUS
  70
0
  3
Solid line
  72
65
  73
0
  40
0.0
  0
LTYPE
  5
410
  2
DASHDOT
 70
0
  3
Dash Dot ____ _ ____ _
 72
65
 73
4
 40
2.0
 49
1.25
 49
-0.25
 49
0.25
 49
-0.25
  0
LTYPE
  5
411
  2
DASHED
 70
0
  3
Dashed __ __ __ __ __
 72
65
 73
2
 40
0.75
 49
0.5
 49
-0.25
  0
LTYPE
  5
43B
  2
DOTTED
 70
0
  3
Dotted .  .  .  .
 72
65
 73
2
 40
0.2
 49
0.0
 49
-0.2
  0
ENDTAB
  0
TABLE
  2
STYLE
  70
4
  0
STYLE
  2
KICAD
  70
0
  40
0
  41
1
  42
1
  50
0
  71
0
  3
isocp.shx
  0
STYLE
  2
KICADB
  70
0
  40
0
  41
1
  42
1
  50
0
  71
0
  3
isocp.shx
  0
STYLE
  2
KICADI
  70
0
  40
0
  41
1
  42
1
  50
15
  71
0
  3
isocp.shx
  0
STYLE
  2
KICADBI
  70
0
  40
0
  41
1
  42
1
  50
15
  71
0
  3
isocp.shx
  0
ENDTAB
  0
TABLE
  2
LAYER
  70
1
  0
LAYER
  2
BLACK
  70
0
  62
7
  6
CONTINUOUS
  0
ENDTAB
  0
ENDSEC
  0
SECTION
  2
ENTITIES
0
LINE
8
BLACK
6
CONTINUOUS
10
0.1265331496062992
20
-0.3058133858267716
11
0.1309835039370079
21
-0.3083827952755905
0
LINE
8
BLACK
6
CONTINUOUS
10
0.1309835039370079
20
-0.3083827952755905
11
0.1346172047244094
21
-0.3120164960629921
0
LINE
8
BLACK
6
CONTINUOUS
10
0.1346172047244094
20
-0.3120164960629921
11
0.1371866141732283
21
-0.3164668503937008
0
LINE
8
BLACK
6
CONTINUOUS
10
0.1371866141732283
20
-0.3164668503937008
11
0.1385166141732283
21
-0.3214305905511811
0
LINE
8
BLACK
6
CONTINUOUS
10
0.1385166141732283
20
-0.3214305905511811
11
0.1385166141732283
21
-0.3265694094488189
0
LINE
8
BLACK
6
CONTINUOUS
10
0.1385166141732283
20
-0.3265694094488189
11
0.1371866141732283
21
-0.3315331496062992
0
LINE
8
BLACK
6
CONTINUOUS
10
0.1371866141732283
20
-0.3315331496062992
11
0.1346172047244094
21
-0.3359835039370079
0
LINE
8
BLACK
6
CONTINUOUS
10
0.1346172047244094
20
-0.3359835039370079
11
0.1309835039370079
21
-0.3396172047244094
0
LINE
8
BLACK
6
CONTINUOUS
10
0.1309835039370079
20
-0.3396172047244094
11
0.1265331496062992
21
-0.3421866141732283
0
LINE
8
BLACK
6
CONTINUOUS
10
0.1265331496062992
20
-0.3421866141732283
11
0.1215694094488189
21
-0.3435166141732283
0
LINE
8
BLACK
6
CONTINUOUS
10
0.1215694094488189
20
-0.3435166141732283
11
0.1164305905511811
21
-0.3435166141732283
0
LINE
8
BLACK
6
CONTINUOUS
10
0.1164305905511811
20
-0.3435166141732283
11
0.1114668503937008
21
-0.3421866141732283
0
LINE
8
BLACK
6
CONTINUOUS
10
0.1114668503937008
20
-0.3421866141732283
11
0.1070164960629921
21
-0.3396172047244094
0
LINE
8
BLACK
6
CONTINUOUS
10
0.1070164960629921
20
-0.3396172047244094
11
0.1033827952755905
21
-0.3359835039370079
0
LINE
8
BLACK
6
CONTINUOUS
10
0.1033827952755905
20
-0.3359835039370079
11
0.1008133858267717
21
-0.3315331496062992
0
LINE
8
BLACK
6
CONTINUOUS
10
0.1008133858267717
20
-0.3315331496062992
11
0.0994833858267716
21
-0.3265694094488189
0
LINE
8
BLACK
6
CONTINUOUS
10
0.0994833858267716
20
-0.3265694094488189
11
0.0994833858267716
21
-0.3214305905511811
0
LINE
8
BLACK
6
CONTINUOUS
10
0.0994833858267716
20
-0.3214305905511811
11
0.1008133858267717
21
-0.3164668503937008
0
LINE
8
BLACK
6
CONTINUOUS
10
0.1008133858267717
20
-0.3164668503937008
11
0.1033827952755905
21
-0.3120164960629921
0
LINE
8
BLACK
6
CONTINUOUS
10
0.1033827952755905
20
-0.3120164960629921
11
0.1070164960629921
21
-0.3083827952755905
0
LINE
8
BLACK
6
CONTINUOUS
10
0.1070164960629921
20
-0.3083827952755905
11
0.1114668503937008
21
-0.3058133858267716
0
LINE
8
BLACK
6
CONTINUOUS
10
0.1114668503937008
20
-0.3058133858267716
11
0.1164305905511811
21
-0.3044833858267716
0
LINE
8
BLACK
6
CONTINUOUS
10
0.1164305905511811
20
-0.3044833858267716
11
0.1215694094488189
21
-0.3044833858267716
0
LINE
8
BLACK
6
CONTINUOUS
10
0.1215694094488189
20
-0.3044833858267716
11
0.1265331496062992
21
-0.3058133858267716
0
LINE
8
BLACK
6
CONTINUOUS
10
1.0015331496062991
20
0.5541866141732283
11
1.0059835039370078
21
0.5516172047244094
0
LINE
8
BLACK
6
CONTINUOUS
10
1.0059835039370078
20
0.5516172047244094
11
1.0096172047244094
21
0.5479835039370079
0
LINE
8
BLACK
6
CONTINUOUS
10
1.0096172047244094
20
0.5479835039370079
11
1.0121866141732283
21
0.5435331496062992
0
LINE
8
BLACK
6
CONTINUOUS
10
1.0121866141732283
20
0.5435331496062992
11
1.0135166141732284
21
0.5385694094488189
0
LINE
8
BLACK
6
CONTINUOUS
10
1.0135166141732284
20
0.5385694094488189
11
1.0135166141732284
21
0.5334305905511811
0
LINE
8
BLACK
6
CONTINUOUS
10
1.0135166141732284
20
0.5334305905511811
11
1.0121866141732283
21
0.5284668503937008
0
LINE
8
BLACK
6
CONTINUOUS
10
1.0121866141732283
20
0.5284668503937008
11
1.0096172047244094
21
0.5240164960629922
0
LINE
8
BLACK
6
CONTINUOUS
10
1.0096172047244094
20
0.5240164960629922
11
1.0059835039370078
21
0.5203827952755905
0
LINE
8
BLACK
6
CONTINUOUS
10
1.0059835039370078
20
0.5203827952755905
11
1.0015331496062991
21
0.5178133858267716
0
LINE
8
BLACK
6
CONTINUOUS
10
1.0015331496062991
20
0.5178133858267716
11
0.9965694094488189
21
0.5164833858267717
0
LINE
8
BLACK
6
CONTINUOUS
10
0.9965694094488189
20
0.5164833858267717
11
0.9914305905511811
21
0.5164833858267717
0
LINE
8
BLACK
6
CONTINUOUS
10
0.9914305905511811
20
0.5164833858267717
11
0.9864668503937007
21
0.5178133858267716
0
LINE
8
BLACK
6
CONTINUOUS
10
0.9864668503937007
20
0.5178133858267716
11
0.9820164960629921
21
0.5203827952755905
0
LINE
8
BLACK
6
CONTINUOUS
10
0.9820164960629921
20
0.5203827952755905
11
0.9783827952755906
21
0.5240164960629922
0
LINE
8
BLACK
6
CONTINUOUS
10
0.9783827952755906
20
0.5240164960629922
11
0.9758133858267717
21
0.5284668503937008
0
LINE
8
BLACK
6
CONTINUOUS
10
0.9758133858267717
20
0.5284668503937008
11
0.9744833858267716
21
0.5334305905511811
0
LINE
8
BLACK
6
CONTINUOUS
10
0.9744833858267716
20
0.5334305905511811
11
0.9744833858267716
21
0.5385694094488189
0
LINE
8
BLACK
6
CONTINUOUS
10
0.9744833858267716
20
0.5385694094488189
11
0.9758133858267717
21
0.5435331496062992
0
LINE
8
BLACK
6
CONTINUOUS
10
0.9758133858267717
20
0.5435331496062992
11
0.9783827952755906
21
0.5479835039370079
0
LINE
8
BLACK
6
CONTINUOUS
10
0.9783827952755906
20
0.5479835039370079
11
0.9820164960629921
21
0.5516172047244094
0
LINE
8
BLACK
6
CONTINUOUS
10
0.9820164960629921
20
0.5516172047244094
11
0.9864668503937007
21
0.5541866141732283
0
LINE
8
BLACK
6
CONTINUOUS
10
0.9864668503937007
20
0.5541866141732283
11
0.9914305905511811
21
0.5555166141732283
0
LINE
8
BLACK
6
CONTINUOUS
10
0.9914305905511811
20
0.5555166141732283
11
0.9965694094488189
21
0.5555166141732283
0
LINE
8
BLACK
6
CONTINUOUS
10
0.9965694094488189
20
0.5555166141732283
11
1.0015331496062991
21
0.5541866141732283
0
LINE
8
BLACK
6
CONTINUOUS
10
1.0208953543307087
20
2.0048109842519684
11
1.0269561811023622
21
2.0023005118110238
0
LINE
8
BLACK
6
CONTINUOUS
10
1.0269561811023622
20
2.0023005118110238
11
1.0324107874015749
21
1.9986558661417322
0
LINE
8
BLACK
6
CONTINUOUS
10
1.0324107874015749
20
1.9986558661417322
11
1.0370495669291337
21
1.9940170866141731
0
LINE
8
BLACK
6
CONTINUOUS
10
1.0370495669291337
20
1.9940170866141731
11
1.0406942125984251
21
1.9885624803149606
0
LINE
8
BLACK
6
CONTINUOUS
10
1.0406942125984251
20
1.9885624803149606
11
1.0432046850393701
21
1.9825016535433071
0
LINE
8
BLACK
6
CONTINUOUS
10
1.0432046850393701
20
1.9825016535433071
11
1.0444845275590551
21
1.9760675196850392
0
LINE
8
BLACK
6
CONTINUOUS
10
1.0444845275590551
20
1.9760675196850392
11
1.0444845275590551
21
1.9695072834645668
0
LINE
8
BLACK
6
CONTINUOUS
10
1.0444845275590551
20
1.9695072834645668
11
1.0432046850393701
21
1.9630731496062992
0
LINE
8
BLACK
6
CONTINUOUS
10
1.0432046850393701
20
1.9630731496062992
11
1.0406942125984251
21
1.9570123228346457
0
LINE
8
BLACK
6
CONTINUOUS
10
1.0406942125984251
20
1.9570123228346457
11
1.0370495669291337
21
1.951557716535433
0
LINE
8
BLACK
6
CONTINUOUS
10
1.0370495669291337
20
1.951557716535433
11
1.0324107874015749
21
1.9469189370078739
0
LINE
8
BLACK
6
CONTINUOUS
10
1.0324107874015749
20
1.9469189370078739
11
1.0269561811023622
21
1.9432742913385825
0
LINE
8
BLACK
6
CONTINUOUS
10
1.0269561811023622
20
1.9432742913385825
11
1.0208953543307087
21
1.9407638188976377
0
LINE
8
BLACK
6
CONTINUOUS
10
1.0208953543307087
20
1.9407638188976377
11
1.014461220472441
21
1.9394839763779528
0
LINE
8
BLACK
6
CONTINUOUS
10
1.014461220472441
20
1.9394839763779528
11
1.0079009842519684
21
1.9394839763779528
0
LINE
8
BLACK
6
CONTINUOUS
10
1.0079009842519684
20
1.9394839763779528
11
1.0014668503937008
21
1.9407638188976377
0
LINE
8
BLACK
6
CONTINUOUS
10
1.0014668503937008
20
1.9407638188976377
11
0.9954060236220472
21
1.9432742913385825
0
LINE
8
BLACK
6
CONTINUOUS
10
0.9954060236220472
20
1.9432742913385825
11
0.9899514173228346
21
1.9469189370078739
0
LINE
8
BLACK
6
CONTINUOUS
10
0.9899514173228346
20
1.9469189370078739
11
0.9853126377952756
21
1.951557716535433
0
LINE
8
BLACK
6
CONTINUOUS
10
0.9853126377952756
20
1.951557716535433
11
0.9816679921259842
21
1.9570123228346457
0
LINE
8
BLACK
6
CONTINUOUS
10
0.9816679921259842
20
1.9570123228346457
11
0.9791575196850394
21
1.9630731496062992
0
LINE
8
BLACK
6
CONTINUOUS
10
0.9791575196850394
20
1.9630731496062992
11
0.9778776771653543
21
1.9695072834645668
0
LINE
8
BLACK
6
CONTINUOUS
10
0.9778776771653543
20
1.9695072834645668
11
0.9778776771653543
21
1.9760675196850392
0
LINE
8
BLACK
6
CONTINUOUS
10
0.9778776771653543
20
1.9760675196850392
11
0.9791575196850394
21
1.9825016535433071
0
LINE
8
BLACK
6
CONTINUOUS
10
0.9791575196850394
20
1.9825016535433071
11
0.9816679921259842
21
1.9885624803149606
0
LINE
8
BLACK
6
CONTINUOUS
10
0.9816679921259842
20
1.9885624803149606
11
0.9853126377952756
21
1.9940170866141731
0
LINE
8
BLACK
6
CONTINUOUS
10
0.9853126377952756
20
1.9940170866141731
11
0.9899514173228346
21
1.9986558661417322
0
LINE
8
BLACK
6
CONTINUOUS
10
0.9899514173228346
20
1.9986558661417322
11
0.9954060236220472
21
2.0023005118110238
0
LINE
8
BLACK
6
CONTINUOUS
10
0.9954060236220472
20
2.0023005118110238
11
1.0014668503937008
21
2.0048109842519684
0
LINE
8
BLACK
6
CONTINUOUS
10
1.0014668503937008
20
2.0048109842519684
11
1.0079009842519684
21
2.0060908267716533
0
LINE
8
BLACK
6
CONTINUOUS
10
1.0079009842519684
20
2.0060908267716533
11
1.014461220472441
21
2.0060908267716533
0
LINE
8
BLACK
6
CONTINUOUS
10
1.014461220472441
20
2.0060908267716533
11
1.0208953543307087
21
2.0048109842519684
0
LINE
8
BLACK
6
CONTINUOUS
10
1.1208953543307085
20
2.0048109842519684
11
1.1269561811023623
21
2.0023005118110238
0
LINE
8
BLACK
6
CONTINUOUS
10
1.1269561811023623
20
2.0023005118110238
11
1.1324107874015747
21
1.9986558661417322
0
LINE
8
BLACK
6
CONTINUOUS
10
1.1324107874015747
20
1.9986558661417322
11
1.1370495669291338
21
1.9940170866141731
0
LINE
8
BLACK
6
CONTINUOUS
10
1.1370495669291338
20
1.9940170866141731
11
1.1406942125984252
21
1.9885624803149606
0
LINE
8
BLACK
6
CONTINUOUS
10
1.1406942125984252
20
1.9885624803149606
11
1.14320468503937
21
1.9825016535433071
0
LINE
8
BLACK
6
CONTINUOUS
10
1.14320468503937
20
1.9825016535433071
11
1.1444845275590552
21
1.9760675196850392
0
LINE
8
BLACK
6
CONTINUOUS
10
1.1444845275590552
20
1.9760675196850392
11
1.1444845275590552
21
1.9695072834645668
0
LINE
8
BLACK
6
CONTINUOUS
10
1.1444845275590552
20
1.9695072834645668
11
1.14320468503937
21
1.9630731496062992
0
LINE
8
BLACK
6
CONTINUOUS
10
1.14320468503937
20
1.9630731496062992
11
1.1406942125984252
21
1.9570123228346457
0
LINE
8
BLACK
6
CONTINUOUS
10
1.1406942125984252
20
1.9570123228346457
11
1.1370495669291338
21
1.951557716535433
0
LINE
8
BLACK
6
CONTINUOUS
10
1.1370495669291338
20
1.951557716535433
11
1.1324107874015747
21
1.9469189370078739
0
LINE
8
BLACK
6
CONTINUOUS
10
1.1324107874015747
20
1.9469189370078739
11
1.1269561811023623
21
1.9432742913385825
0
LINE
8
BLACK
6
CONTINUOUS
10
1.1269561811023623
20
1.9432742913385825
11
1.1208953543307085
21
1.9407638188976377
0
LINE
8
BLACK
6
CONTINUOUS
10
1.1208953543307085
20
1.9407638188976377
11
1.1144612204724409
21
1.9394839763779528
0
LINE
8
BLACK
6
CONTINUOUS
10
1.1144612204724409
20
1.9394839763779528
11
1.1079009842519685
21
1.9394839763779528
0
LINE
8
BLACK
6
CONTINUOUS
10
1.1079009842519685
20
1.9394839763779528
11
1.1014668503937008
21
1.9407638188976377
0
LINE
8
BLACK
6
CONTINUOUS
10
1.1014668503937008
20
1.9407638188976377
11
1.0954060236220473
21
1.9432742913385825
0
LINE
8
BLACK
6
CONTINUOUS
10
1.0954060236220473
20
1.9432742913385825
11
1.0899514173228346
21
1.9469189370078739
0
LINE
8
BLACK
6
CONTINUOUS
10
1.0899514173228346
20
1.9469189370078739
11
1.0853126377952755
21
1.951557716535433
0
LINE
8
BLACK
6
CONTINUOUS
10
1.0853126377952755
20
1.951557716535433
11
1.0816679921259842
21
1.9570123228346457
0
LINE
8
BLACK
6
CONTINUOUS
10
1.0816679921259842
20
1.9570123228346457
11
1.0791575196850394
21
1.9630731496062992
0
LINE
8
BLACK
6
CONTINUOUS
10
1.0791575196850394
20
1.9630731496062992
11
1.0778776771653542
21
1.9695072834645668
0
LINE
8
BLACK
6
CONTINUOUS
10
1.0778776771653542
20
1.9695072834645668
11
1.0778776771653542
21
1.9760675196850392
0
LINE
8
BLACK
6
CONTINUOUS
10
1.0778776771653542
20
1.9760675196850392
11
1.0791575196850394
21
1.9825016535433071
0
LINE
8
BLACK
6
CONTINUOUS
10
1.0791575196850394
20
1.9825016535433071
11
1.0816679921259842
21
1.9885624803149606
0
LINE
8
BLACK
6
CONTINUOUS
10
1.0816679921259842
20
1.9885624803149606
11
1.0853126377952755
21
1.9940170866141731
0
LINE
8
BLACK
6
CONTINUOUS
10
1.0853126377952755
20
1.9940170866141731
11
1.0899514173228346
21
1.9986558661417322
0
LINE
8
BLACK
6
CONTINUOUS
10
1.0899514173228346
20
1.9986558661417322
11
1.0954060236220473
21
2.0023005118110238
0
LINE
8
BLACK
6
CONTINUOUS
10
1.0954060236220473
20
2.0023005118110238
11
1.1014668503937008
21
2.0048109842519684
0
LINE
8
BLACK
6
CONTINUOUS
10
1.1014668503937008
20
2.0048109842519684
11
1.1079009842519685
21
2.0060908267716533
0
LINE
8
BLACK
6
CONTINUOUS
10
1.1079009842519685
20
2.0060908267716533
11
1.1144612204724409
21
2.0060908267716533
0
LINE
8
BLACK
6
CONTINUOUS
10
1.1144612204724409
20
2.0060908267716533
11
1.1208953543307085
21
2.0048109842519684
0
LINE
8
BLACK
6
CONTINUOUS
10
1.0208953543307087
20
2.1048109842519684
11
1.0269561811023622
21
2.1023005118110234
0
LINE
8
BLACK
6
CONTINUOUS
10
1.0269561811023622
20
2.1023005118110234
11
1.0324107874015749
21
2.0986558661417321
0
LINE
8
BLACK
6
CONTINUOUS
10
1.0324107874015749
20
2.0986558661417321
11
1.0370495669291337
21
2.0940170866141732
0
LINE
8
BLACK
6
CONTINUOUS
10
1.0370495669291337
20
2.0940170866141732
11
1.0406942125984251
21
2.0885624803149607
0
LINE
8
BLACK
6
CONTINUOUS
10
1.0406942125984251
20
2.0885624803149607
11
1.0432046850393701
21
2.0825016535433072
0
LINE
8
BLACK
6
CONTINUOUS
10
1.0432046850393701
20
2.0825016535433072
11
1.0444845275590551
21
2.0760675196850391
0
LINE
8
BLACK
6
CONTINUOUS
10
1.0444845275590551
20
2.0760675196850391
11
1.0444845275590551
21
2.0695072834645667
0
LINE
8
BLACK
6
CONTINUOUS
10
1.0444845275590551
20
2.0695072834645667
11
1.0432046850393701
21
2.0630731496062991
0
LINE
8
BLACK
6
CONTINUOUS
10
1.0432046850393701
20
2.0630731496062991
11
1.0406942125984251
21
2.0570123228346455
0
LINE
8
BLACK
6
CONTINUOUS
10
1.0406942125984251
20
2.0570123228346455
11
1.0370495669291337
21
2.0515577165354331
0
LINE
8
BLACK
6
CONTINUOUS
10
1.0370495669291337
20
2.0515577165354331
11
1.0324107874015749
21
2.0469189370078738
0
LINE
8
BLACK
6
CONTINUOUS
10
1.0324107874015749
20
2.0469189370078738
11
1.0269561811023622
21
2.0432742913385828
0
LINE
8
BLACK
6
CONTINUOUS
10
1.0269561811023622
20
2.0432742913385828
11
1.0208953543307087
21
2.0407638188976378
0
LINE
8
BLACK
6
CONTINUOUS
10
1.0208953543307087
20
2.0407638188976378
11
1.014461220472441
21
2.0394839763779529
0
LINE
8
BLACK
6
CONTINUOUS
10
1.014461220472441
20
2.0394839763779529
11
1.0079009842519684
21
2.0394839763779529
0
LINE
8
BLACK
6
CONTINUOUS
10
1.0079009842519684
20
2.0394839763779529
11
1.0014668503937008
21
2.0407638188976378
0
LINE
8
BLACK
6
CONTINUOUS
10
1.0014668503937008
20
2.0407638188976378
11
0.9954060236220472
21
2.0432742913385828
0
LINE
8
BLACK
6
CONTINUOUS
10
0.9954060236220472
20
2.0432742913385828
11
0.9899514173228346
21
2.0469189370078738
0
LINE
8
BLACK
6
CONTINUOUS
10
0.9899514173228346
20
2.0469189370078738
11
0.9853126377952756
21
2.0515577165354331
0
LINE
8
BLACK
6
CONTINUOUS
10
0.9853126377952756
20
2.0515577165354331
11
0.9816679921259842
21
2.0570123228346455
0
LINE
8
BLACK
6
CONTINUOUS
10
0.9816679921259842
20
2.0570123228346455
11
0.9791575196850394
21
2.0630731496062991
0
LINE
8
BLACK
6
CONTINUOUS
10
0.9791575196850394
20
2.0630731496062991
11
0.9778776771653543
21
2.0695072834645667
0
LINE
8
BLACK
6
CONTINUOUS
10
0.9778776771653543
20
2.0695072834645667
11
0.9778776771653543
21
2.0760675196850391
0
LINE
8
BLACK
6
CONTINUOUS
10
0.9778776771653543
20
2.0760675196850391
11
0.9791575196850394
21
2.0825016535433072
0
LINE
8
BLACK
6
CONTINUOUS
10
0.9791575196850394
20
2.0825016535433072
11
0.9816679921259842
21
2.0885624803149607
0
LINE
8
BLACK
6
CONTINUOUS
10
0.9816679921259842
20
2.0885624803149607
11
0.9853126377952756
21
2.0940170866141732
0
LINE
8
BLACK
6
CONTINUOUS
10
0.9853126377952756
20
2.0940170866141732
11
0.9899514173228346
21
2.0986558661417321
0
LINE
8
BLACK
6
CONTINUOUS
10
0.9899514173228346
20
2.0986558661417321
11
0.9954060236220472
21
2.1023005118110234
0
LINE
8
BLACK
6
CONTINUOUS
10
0.9954060236220472
20
2.1023005118110234
11
1.0014668503937008
21
2.1048109842519684
0
LINE
8
BLACK
6
CONTINUOUS
10
1.0014668503937008
20
2.1048109842519684
11
1.0079009842519684
21
2.1060908267716534
0
LINE
8
BLACK
6
CONTINUOUS
10
1.0079009842519684
20
2.1060908267716534
11
1.014461220472441
21
2.1060908267716534
0
LINE
8
BLACK
6
CONTINUOUS
10
1.014461220472441
20
2.1060908267716534
11
1.0208953543307087
21
2.1048109842519684
0
LINE
8
BLACK
6
CONTINUOUS
10
1.1208953543307085
20
2.1048109842519684
11
1.1269561811023623
21
2.1023005118110234
0
LINE
8
BLACK
6
CONTINUOUS
10
1.1269561811023623
20
2.1023005118110234
11
1.1324107874015747
21
2.0986558661417321
0
LINE
8
BLACK
6
CONTINUOUS
10
1.1324107874015747
20
2.0986558661417321
11
1.1370495669291338
21
2.0940170866141732
0
LINE
8
BLACK
6
CONTINUOUS
10
1.1370495669291338
20
2.0940170866141732
11
1.1406942125984252
21
2.0885624803149607
0
LINE
8
BLACK
6
CONTINUOUS
10
1.1406942125984252
20
2.0885624803149607
11
1.14320468503937
21
2.0825016535433072
0
LINE
8
BLACK
6
CONTINUOUS
10
1.14320468503937
20
2.0825016535433072
11
1.1444845275590552
21
2.0760675196850391
0
LINE
8
BLACK
6
CONTINUOUS
10
1.1444845275590552
20
2.0760675196850391
11
1.1444845275590552
21
2.0695072834645667
0
LINE
8
BLACK
6
CONTINUOUS
10
1.1444845275590552
20
2.0695072834645667
11
1.14320468503937
21
2.0630731496062991
0
LINE
8
BLACK
6
CONTINUOUS
10
1.14320468503937
20
2.0630731496062991
11
1.1406942125984252
21
2.0570123228346455
0
LINE
8
BLACK
6
CONTINUOUS
10
1.1406942125984252
20
2.0570123228346455
11
1.1370495669291338
21
2.0515577165354331
0
LINE
8
BLACK
6
CONTINUOUS
10
1.1370495669291338
20
2.0515577165354331
11
1.1324107874015747
21
2.0469189370078738
0
LINE
8
BLACK
6
CONTINUOUS
10
1.1324107874015747
20
2.0469189370078738
11
1.1269561811023623
21
2.0432742913385828
0
LINE
8
BLACK
6
CONTINUOUS
10
1.1269561811023623
20
2.0432742913385828
11
1.1208953543307085
21
2.0407638188976378
0
LINE
8
BLACK
6
CONTINUOUS
10
1.1208953543307085
20
2.0407638188976378
11
1.1144612204724409
21
2.0394839763779529
0
LINE
8
BLACK
6
CONTINUOUS
10
1.1144612204724409
20
2.0394839763779529
11
1.1079009842519685
21
2.0394839763779529
0
LINE
8
BLACK
6
CONTINUOUS
10
1.1079009842519685
20
2.0394839763779529
11
1.1014668503937008
21
2.0407638188976378
0
LINE
8
BLACK
6
CONTINUOUS
10
1.1014668503937008
20
2.0407638188976378
11
1.0954060236220473
21
2.0432742913385828
0
LINE
8
BLACK
6
CONTINUOUS
10
1.0954060236220473
20
2.0432742913385828
11
1.0899514173228346
21
2.0469189370078738
0
LINE
8
BLACK
6
CONTINUOUS
10
1.0899514173228346
20
2.0469189370078738
11
1.0853126377952755
21
2.0515577165354331
0
LINE
8
BLACK
6
CONTINUOUS
10
1.0853126377952755
20
2.0515577165354331
11
1.0816679921259842
21
2.0570123228346455
0
LINE
8
BLACK
6
CONTINUOUS
10
1.0816679921259842
20
2.0570123228346455
11
1.0791575196850394
21
2.0630731496062991
0
LINE
8
BLACK
6
CONTINUOUS
10
1.0791575196850394
20
2.0630731496062991
11
1.0778776771653542
21
2.0695072834645667
0
LINE
8
BLACK
6
CONTINUOUS
10
1.0778776771653542
20
2.0695072834645667
11
1.0778776771653542
21
2.0760675196850391
0
LINE
8
BLACK
6
CONTINUOUS
10
1.0778776771653542
20
2.0760675196850391
11
1.0791575196850394
21
2.0825016535433072
0
LINE
8
BLACK
6
CONTINUOUS
10
1.0791575196850394
20
2.0825016535433072
11
1.0816679921259842
21
2.0885624803149607
0
LINE
8
BLACK
6
CONTINUOUS
10
1.0816679921259842
20
2.0885624803149607
11
1.0853126377952755
21
2.0940170866141732
0
LINE
8
BLACK
6
CONTINUOUS
10
1.0853126377952755
20
2.0940170866141732
11
1.0899514173228346
21
2.0986558661417321
0
LINE
8
BLACK
6
CONTINUOUS
10
1.0899514173228346
20
2.0986558661417321
11
1.0954060236220473
21
2.1023005118110234
0
LINE
8
BLACK
6
CONTINUOUS
10
1.0954060236220473
20
2.1023005118110234
11
1.1014668503937008
21
2.1048109842519684
0
LINE
8
BLACK
6
CONTINUOUS
10
1.1014668503937008
20
2.1048109842519684
11
1.1079009842519685
21
2.1060908267716534
0
LINE
8
BLACK
6
CONTINUOUS
10
1.1079009842519685
20
2.1060908267716534
11
1.1144612204724409
21
2.1060908267716534
0
LINE
8
BLACK
6
CONTINUOUS
10
1.1144612204724409
20
2.1060908267716534
11
1.1208953543307085
21
2.1048109842519684
0
LINE
8
BLACK
6
CONTINUOUS
10
2.0208953543307087
20
2.1048109842519684
11
2.0269561811023622
21
2.1023005118110234
0
LINE
8
BLACK
6
CONTINUOUS
10
2.0269561811023622
20
2.1023005118110234
11
2.0324107874015747
21
2.0986558661417321
0
LINE
8
BLACK
6
CONTINUOUS
10
2.0324107874015747
20
2.0986558661417321
11
2.037049566929134
21
2.0940170866141732
0
LINE
8
BLACK
6
CONTINUOUS
10
2.037049566929134
20
2.0940170866141732
11
2.0406942125984253
21
2.0885624803149607
0
LINE
8
BLACK
6
CONTINUOUS
10
2.0406942125984253
20
2.0885624803149607
11
2.0432046850393699
21
2.0825016535433072
0
LINE
8
BLACK
6
CONTINUOUS
10
2.0432046850393699
20
2.0825016535433072
11
2.0444845275590549
21
2.0760675196850391
0
LINE
8
BLACK
6
CONTINUOUS
10
2.0444845275590549
20
2.0760675196850391
11
2.0444845275590549
21
2.0695072834645667
0
LINE
8
BLACK
6
CONTINUOUS
10
2.0444845275590549
20
2.0695072834645667
11
2.0432046850393699
21
2.0630731496062991
0
LINE
8
BLACK
6
CONTINUOUS
10
2.0432046850393699
20
2.0630731496062991
11
2.0406942125984253
21
2.0570123228346455
0
LINE
8
BLACK
6
CONTINUOUS
10
2.0406942125984253
20
2.0570123228346455
11
2.037049566929134
21
2.0515577165354331
0
LINE
8
BLACK
6
CONTINUOUS
10
2.037049566929134
20
2.0515577165354331
11
2.0324107874015747
21
2.0469189370078738
0
LINE
8
BLACK
6
CONTINUOUS
10
2.0324107874015747
20
2.0469189370078738
11
2.0269561811023622
21
2.0432742913385828
0
LINE
8
BLACK
6
CONTINUOUS
10
2.0269561811023622
20
2.0432742913385828
11
2.0208953543307087
21
2.0407638188976378
0
LINE
8
BLACK
6
CONTINUOUS
10
2.0208953543307087
20
2.0407638188976378
11
2.014461220472441
21
2.0394839763779529
0
LINE
8
BLACK
6
CONTINUOUS
10
2.014461220472441
20
2.0394839763779529
11
2.0079009842519686
21
2.0394839763779529
0
LINE
8
BLACK
6
CONTINUOUS
10
2.0079009842519686
20
2.0394839763779529
11
2.0014668503937005
21
2.0407638188976378
0
LINE
8
BLACK
6
CONTINUOUS
10
2.0014668503937005
20
2.0407638188976378
11
1.9954060236220472
21
2.0432742913385828
0
LINE
8
BLACK
6
CONTINUOUS
10
1.9954060236220472
20
2.0432742913385828
11
1.9899514173228345
21
2.0469189370078738
0
LINE
8
BLACK
6
CONTINUOUS
10
1.9899514173228345
20
2.0469189370078738
11
1.9853126377952754
21
2.0515577165354331
0
LINE
8
BLACK
6
CONTINUOUS
10
1.9853126377952754
20
2.0515577165354331
11
1.9816679921259841
21
2.0570123228346455
0
LINE
8
BLACK
6
CONTINUOUS
10
1.9816679921259841
20
2.0570123228346455
11
1.9791575196850393
21
2.0630731496062991
0
LINE
8
BLACK
6
CONTINUOUS
10
1.9791575196850393
20
2.0630731496062991
11
1.9778776771653543
21
2.0695072834645667
0
LINE
8
BLACK
6
CONTINUOUS
10
1.9778776771653543
20
2.0695072834645667
11
1.9778776771653543
21
2.0760675196850391
0
LINE
8
BLACK
6
CONTINUOUS
10
1.9778776771653543
20
2.0760675196850391
11
1.9791575196850393
21
2.0825016535433072
0
LINE
8
BLACK
6
CONTINUOUS
10
1.9791575196850393
20
2.0825016535433072
11
1.9816679921259841
21
2.0885624803149607
0
LINE
8
BLACK
6
CONTINUOUS
10
1.9816679921259841
20
2.0885624803149607
11
1.9853126377952754
21
2.0940170866141732
0
LINE
8
BLACK
6
CONTINUOUS
10
1.9853126377952754
20
2.0940170866141732
11
1.9899514173228345
21
2.0986558661417321
0
LINE
8
BLACK
6
CONTINUOUS
10
1.9899514173228345
20
2.0986558661417321
11
1.9954060236220472
21
2.1023005118110234
0
LINE
8
BLACK
6
CONTINUOUS
10
1.9954060236220472
20
2.1023005118110234
11
2.0014668503937005
21
2.1048109842519684
0
LINE
8
BLACK
6
CONTINUOUS
10
2.0014668503937005
20
2.1048109842519684
11
2.0079009842519686
21
2.1060908267716534
0
LINE
8
BLACK
6
CONTINUOUS
10
2.0079009842519686
20
2.1060908267716534
11
2.014461220472441
21
2.1060908267716534
0
LINE
8
BLACK
6
CONTINUOUS
10
2.014461220472441
20
2.1060908267716534
11
2.0208953543307087
21
2.1048109842519684
0
LINE
8
BLACK
6
CONTINUOUS
10
1.2208953543307086
20
2.0048109842519684
11
1.2269561811023622
21
2.0023005118110238
0
LINE
8
BLACK
6
CONTINUOUS
10
1.2269561811023622
20
2.0023005118110238
11
1.2324107874015748
21
1.9986558661417322
0
LINE
8
BLACK
6
CONTINUOUS
10
1.2324107874015748
20
1.9986558661417322
11
1.2370495669291339
21
1.9940170866141731
0
LINE
8
BLACK
6
CONTINUOUS
10
1.2370495669291339
20
1.9940170866141731
11
1.2406942125984253
21
1.9885624803149606
0
LINE
8
BLACK
6
CONTINUOUS
10
1.2406942125984253
20
1.9885624803149606
11
1.2432046850393701
21
1.9825016535433071
0
LINE
8
BLACK
6
CONTINUOUS
10
1.2432046850393701
20
1.9825016535433071
11
1.244484527559055
21
1.9760675196850392
0
LINE
8
BLACK
6
CONTINUOUS
10
1.244484527559055
20
1.9760675196850392
11
1.244484527559055
21
1.9695072834645668
0
LINE
8
BLACK
6
CONTINUOUS
10
1.244484527559055
20
1.9695072834645668
11
1.2432046850393701
21
1.9630731496062992
0
LINE
8
BLACK
6
CONTINUOUS
10
1.2432046850393701
20
1.9630731496062992
11
1.2406942125984253
21
1.9570123228346457
0
LINE
8
BLACK
6
CONTINUOUS
10
1.2406942125984253
20
1.9570123228346457
11
1.2370495669291339
21
1.951557716535433
0
LINE
8
BLACK
6
CONTINUOUS
10
1.2370495669291339
20
1.951557716535433
11
1.2324107874015748
21
1.9469189370078739
0
LINE
8
BLACK
6
CONTINUOUS
10
1.2324107874015748
20
1.9469189370078739
11
1.2269561811023622
21
1.9432742913385825
0
LINE
8
BLACK
6
CONTINUOUS
10
1.2269561811023622
20
1.9432742913385825
11
1.2208953543307086
21
1.9407638188976377
0
LINE
8
BLACK
6
CONTINUOUS
10
1.2208953543307086
20
1.9407638188976377
11
1.214461220472441
21
1.9394839763779528
0
LINE
8
BLACK
6
CONTINUOUS
10
1.214461220472441
20
1.9394839763779528
11
1.2079009842519686
21
1.9394839763779528
0
LINE
8
BLACK
6
CONTINUOUS
10
1.2079009842519686
20
1.9394839763779528
11
1.2014668503937007
21
1.9407638188976377
0
LINE
8
BLACK
6
CONTINUOUS
10
1.2014668503937007
20
1.9407638188976377
11
1.1954060236220472
21
1.9432742913385825
0
LINE
8
BLACK
6
CONTINUOUS
10
1.1954060236220472
20
1.9432742913385825
11
1.1899514173228347
21
1.9469189370078739
0
LINE
8
BLACK
6
CONTINUOUS
10
1.1899514173228347
20
1.9469189370078739
11
1.1853126377952756
21
1.951557716535433
0
LINE
8
BLACK
6
CONTINUOUS
10
1.1853126377952756
20
1.951557716535433
11
1.1816679921259843
21
1.9570123228346457
0
LINE
8
BLACK
6
CONTINUOUS
10
1.1816679921259843
20
1.9570123228346457
11
1.1791575196850392
21
1.9630731496062992
0
LINE
8
BLACK
6
CONTINUOUS
10
1.1791575196850392
20
1.9630731496062992
11
1.1778776771653543
21
1.9695072834645668
0
LINE
8
BLACK
6
CONTINUOUS
10
1.1778776771653543
20
1.9695072834645668
11
1.1778776771653543
21
1.9760675196850392
0
LINE
8
BLACK
6
CONTINUOUS
10
1.1778776771653543
20
1.9760675196850392
11
1.1791575196850392
21
1.9825016535433071
0
LINE
8
BLACK
6
CONTINUOUS
10
1.1791575196850392
20
1.9825016535433071
11
1.1816679921259843
21
1.9885624803149606
0
LINE
8
BLACK
6
CONTINUOUS
10
1.1816679921259843
20
1.9885624803149606
11
1.1853126377952756
21
1.9940170866141731
0
LINE
8
BLACK
6
CONTINUOUS
10
1.1853126377952756
20
1.9940170866141731
11
1.1899514173228347
21
1.9986558661417322
0
LINE
8
BLACK
6
CONTINUOUS
10
1.1899514173228347
20
1.9986558661417322
11
1.1954060236220472
21
2.0023005118110238
0
LINE
8
BLACK
6
CONTINUOUS
10
1.1954060236220472
20
2.0023005118110238
11
1.2014668503937007
21
2.0048109842519684
0
LINE
8
BLACK
6
CONTINUOUS
10
1.2014668503937007
20
2.0048109842519684
11
1.2079009842519686
21
2.0060908267716533
0
LINE
8
BLACK
6
CONTINUOUS
10
1.2079009842519686
20
2.0060908267716533
11
1.214461220472441
21
2.0060908267716533
0
LINE
8
BLACK
6
CONTINUOUS
10
1.214461220472441
20
2.0060908267716533
11
1.2208953543307086
21
2.0048109842519684
0
LINE
8
BLACK
6
CONTINUOUS
10
1.8208953543307087
20
2.0048109842519684
11
1.8269561811023622
21
2.0023005118110238
0
LINE
8
BLACK
6
CONTINUOUS
10
1.8269561811023622
20
2.0023005118110238
11
1.8324107874015747
21
1.9986558661417322
0
LINE
8
BLACK
6
CONTINUOUS
10
1.8324107874015747
20
1.9986558661417322
11
1.8370495669291338
21
1.9940170866141731
0
LINE
8
BLACK
6
CONTINUOUS
10
1.8370495669291338
20
1.9940170866141731
11
1.8406942125984251
21
1.9885624803149606
0
LINE
8
BLACK
6
CONTINUOUS
10
1.8406942125984251
20
1.9885624803149606
11
1.84320468503937
21
1.9825016535433071
0
LINE
8
BLACK
6
CONTINUOUS
10
1.84320468503937
20
1.9825016535433071
11
1.8444845275590551
21
1.9760675196850392
0
LINE
8
BLACK
6
CONTINUOUS
10
1.8444845275590551
20
1.9760675196850392
11
1.8444845275590551
21
1.9695072834645668
0
LINE
8
BLACK
6
CONTINUOUS
10
1.8444845275590551
20
1.9695072834645668
11
1.84320468503937
21
1.9630731496062992
0
LINE
8
BLACK
6
CONTINUOUS
10
1.84320468503937
20
1.9630731496062992
11
1.8406942125984251
21
1.9570123228346457
0
LINE
8
BLACK
6
CONTINUOUS
10
1.8406942125984251
20
1.9570123228346457
11
1.8370495669291338
21
1.951557716535433
0
LINE
8
BLACK
6
CONTINUOUS
10
1.8370495669291338
20
1.951557716535433
11
1.8324107874015747
21
1.9469189370078739
0
LINE
8
BLACK
6
CONTINUOUS
10
1.8324107874015747
20
1.9469189370078739
11
1.8269561811023622
21
1.9432742913385825
0
LINE
8
BLACK
6
CONTINUOUS
10
1.8269561811023622
20
1.9432742913385825
11
1.8208953543307087
21
1.9407638188976377
0
LINE
8
BLACK
6
CONTINUOUS
10
1.8208953543307087
20
1.9407638188976377
11
1.8144612204724408
21
1.9394839763779528
0
LINE
8
BLACK
6
CONTINUOUS
10
1.8144612204724408
20
1.9394839763779528
11
1.8079009842519684
21
1.9394839763779528
0
LINE
8
BLACK
6
CONTINUOUS
10
1.8079009842519684
20
1.9394839763779528
11
1.8014668503937008
21
1.9407638188976377
0
LINE
8
BLACK
6
CONTINUOUS
10
1.8014668503937008
20
1.9407638188976377
11
1.7954060236220473
21
1.9432742913385825
0
LINE
8
BLACK
6
CONTINUOUS
10
1.7954060236220473
20
1.9432742913385825
11
1.7899514173228346
21
1.9469189370078739
0
LINE
8
BLACK
6
CONTINUOUS
10
1.7899514173228346
20
1.9469189370078739
11
1.7853126377952755
21
1.951557716535433
0
LINE
8
BLACK
6
CONTINUOUS
10
1.7853126377952755
20
1.951557716535433
11
1.7816679921259841
21
1.9570123228346457
0
LINE
8
BLACK
6
CONTINUOUS
10
1.7816679921259841
20
1.9570123228346457
11
1.7791575196850393
21
1.9630731496062992
0
LINE
8
BLACK
6
CONTINUOUS
10
1.7791575196850393
20
1.9630731496062992
11
1.7778776771653544
21
1.9695072834645668
0
LINE
8
BLACK
6
CONTINUOUS
10
1.7778776771653544
20
1.9695072834645668
11
1.7778776771653544
21
1.9760675196850392
0
LINE
8
BLACK
6
CONTINUOUS
10
1.7778776771653544
20
1.9760675196850392
11
1.7791575196850393
21
1.9825016535433071
0
LINE
8
BLACK
6
CONTINUOUS
10
1.7791575196850393
20
1.9825016535433071
11
1.7816679921259841
21
1.9885624803149606
0
LINE
8
BLACK
6
CONTINUOUS
10
1.7816679921259841
20
1.9885624803149606
11
1.7853126377952755
21
1.9940170866141731
0
LINE
8
BLACK
6
CONTINUOUS
10
1.7853126377952755
20
1.9940170866141731
11
1.7899514173228346
21
1.9986558661417322
0
LINE
8
BLACK
6
CONTINUOUS
10
1.7899514173228346
20
1.9986558661417322
11
1.7954060236220473
21
2.0023005118110238
0
LINE
8
BLACK
6
CONTINUOUS
10
1.7954060236220473
20
2.0023005118110238
11
1.8014668503937008
21
2.0048109842519684
0
LINE
8
BLACK
6
CONTINUOUS
10
1.8014668503937008
20
2.0048109842519684
11
1.8079009842519684
21
2.0060908267716533
0
LINE
8
BLACK
6
CONTINUOUS
10
1.8079009842519684
20
2.0060908267716533
11
1.8144612204724408
21
2.0060908267716533
0
LINE
8
BLACK
6
CONTINUOUS
10
1.8144612204724408
20
2.0060908267716533
11
1.8208953543307087
21
2.0048109842519684
0
LINE
8
BLACK
6
CONTINUOUS
10
2.0208953543307087
20
2.0048109842519684
11
2.0269561811023622
21
2.0023005118110238
0
LINE
8
BLACK
6
CONTINUOUS
10
2.0269561811023622
20
2.0023005118110238
11
2.0324107874015747
21
1.9986558661417322
0
LINE
8
BLACK
6
CONTINUOUS
10
2.0324107874015747
20
1.9986558661417322
11
2.037049566929134
21
1.9940170866141731
0
LINE
8
BLACK
6
CONTINUOUS
10
2.037049566929134
20
1.9940170866141731
11
2.0406942125984253
21
1.9885624803149606
0
LINE
8
BLACK
6
CONTINUOUS
10
2.0406942125984253
20
1.9885624803149606
11
2.0432046850393699
21
1.9825016535433071
0
LINE
8
BLACK
6
CONTINUOUS
10
2.0432046850393699
20
1.9825016535433071
11
2.0444845275590549
21
1.9760675196850392
0
LINE
8
BLACK
6
CONTINUOUS
10
2.0444845275590549
20
1.9760675196850392
11
2.0444845275590549
21
1.9695072834645668
0
LINE
8
BLACK
6
CONTINUOUS
10
2.0444845275590549
20
1.9695072834645668
11
2.0432046850393699
21
1.9630731496062992
0
LINE
8
BLACK
6
CONTINUOUS
10
2.0432046850393699
20
1.9630731496062992
11
2.0406942125984253
21
1.9570123228346457
0
LINE
8
BLACK
6
CONTINUOUS
10
2.0406942125984253
20
1.9570123228346457
11
2.037049566929134
21
1.951557716535433
0
LINE
8
BLACK
6
CONTINUOUS
10
2.037049566929134
20
1.951557716535433
11
2.0324107874015747
21
1.9469189370078739
0
LINE
8
BLACK
6
CONTINUOUS
10
2.0324107874015747
20
1.9469189370078739
11
2.0269561811023622
21
1.9432742913385825
0
LINE
8
BLACK
6
CONTINUOUS
10
2.0269561811023622
20
1.9432742913385825
11
2.0208953543307087
21
1.9407638188976377
0
LINE
8
BLACK
6
CONTINUOUS
10
2.0208953543307087
20
1.9407638188976377
11
2.014461220472441
21
1.9394839763779528
0
LINE
8
BLACK
6
CONTINUOUS
10
2.014461220472441
20
1.9394839763779528
11
2.0079009842519686
21
1.9394839763779528
0
LINE
8
BLACK
6
CONTINUOUS
10
2.0079009842519686
20
1.9394839763779528
11
2.0014668503937005
21
1.9407638188976377
0
LINE
8
BLACK
6
CONTINUOUS
10
2.0014668503937005
20
1.9407638188976377
11
1.9954060236220472
21
1.9432742913385825
0
LINE
8
BLACK
6
CONTINUOUS
10
1.9954060236220472
20
1.9432742913385825
11
1.9899514173228345
21
1.9469189370078739
0
LINE
8
BLACK
6
CONTINUOUS
10
1.9899514173228345
20
1.9469189370078739
11
1.9853126377952754
21
1.951557716535433
0
LINE
8
BLACK
6
CONTINUOUS
10
1.9853126377952754
20
1.951557716535433
11
1.9816679921259841
21
1.9570123228346457
0
LINE
8
BLACK
6
CONTINUOUS
10
1.9816679921259841
20
1.9570123228346457
11
1.9791575196850393
21
1.9630731496062992
0
LINE
8
BLACK
6
CONTINUOUS
10
1.9791575196850393
20
1.9630731496062992
11
1.9778776771653543
21
1.9695072834645668
0
LINE
8
BLACK
6
CONTINUOUS
10
1.9778776771653543
20
1.9695072834645668
11
1.9778776771653543
21
1.9760675196850392
0
LINE
8
BLACK
6
CONTINUOUS
10
1.9778776771653543
20
1.9760675196850392
11
1.9791575196850393
21
1.9825016535433071
0
LINE
8
BLACK
6
CONTINUOUS
10
1.9791575196850393
20
1.9825016535433071
11
1.9816679921259841
21
1.9885624803149606
0
LINE
8
BLACK
6
CONTINUOUS
10
1.9816679921259841
20
1.9885624803149606
11
1.9853126377952754
21
1.9940170866141731
0
LINE
8
BLACK
6
CONTINUOUS
10
1.9853126377952754
20
1.9940170866141731
11
1.9899514173228345
21
1.9986558661417322
0
LINE
8
BLACK
6
CONTINUOUS
10
1.9899514173228345
20
1.9986558661417322
11
1.9954060236220472
21
2.0023005118110238
0
LINE
8
BLACK
6
CONTINUOUS
10
1.9954060236220472
20
2.0023005118110238
11
2.0014668503937005
21
2.0048109842519684
0
LINE
8
BLACK
6
CONTINUOUS
10
2.0014668503937005
20
2.0048109842519684
11
2.0079009842519686
21
2.0060908267716533
0
LINE
8
BLACK
6
CONTINUOUS
10
2.0079009842519686
20
2.0060908267716533
11
2.014461220472441
21
2.0060908267716533
0
LINE
8
BLACK
6
CONTINUOUS
10
2.014461220472441
20
2.0060908267716533
11
2.0208953543307087
21
2.0048109842519684
0
LINE
8
BLACK
6
CONTINUOUS
10
2.2208953543307084
20
2.0048109842519684
11
2.2269561811023624
21
2.0023005118110238
0
LINE
8
BLACK
6
CONTINUOUS
10
2.2269561811023624
20
2.0023005118110238
11
2.2324107874015748
21
1.9986558661417322
0
LINE
8
BLACK
6
CONTINUOUS
10
2.2324107874015748
20
1.9986558661417322
11
2.2370495669291337
21
1.9940170866141731
0
LINE
8
BLACK
6
CONTINUOUS
10
2.2370495669291337
20
1.9940170866141731
11
2.2406942125984251
21
1.9885624803149606
0
LINE
8
BLACK
6
CONTINUOUS
10
2.2406942125984251
20
1.9885624803149606
11
2.2432046850393701
21
1.9825016535433071
0
LINE
8
BLACK
6
CONTINUOUS
10
2.2432046850393701
20
1.9825016535433071
11
2.244484527559055
21
1.9760675196850392
0
LINE
8
BLACK
6
CONTINUOUS
10
2.244484527559055
20
1.9760675196850392
11
2.244484527559055
21
1.9695072834645668
0
LINE
8
BLACK
6
CONTINUOUS
10
2.244484527559055
20
1.9695072834645668
11
2.2432046850393701
21
1.9630731496062992
0
LINE
8
BLACK
6
CONTINUOUS
10
2.2432046850393701
20
1.9630731496062992
11
2.2406942125984251
21
1.9570123228346457
0
LINE
8
BLACK
6
CONTINUOUS
10
2.2406942125984251
20
1.9570123228346457
11
2.2370495669291337
21
1.951557716535433
0
LINE
8
BLACK
6
CONTINUOUS
10
2.2370495669291337
20
1.951557716535433
11
2.2324107874015748
21
1.9469189370078739
0
LINE
8
BLACK
6
CONTINUOUS
10
2.2324107874015748
20
1.9469189370078739
11
2.2269561811023624
21
1.9432742913385825
0
LINE
8
BLACK
6
CONTINUOUS
10
2.2269561811023624
20
1.9432742913385825
11
2.2208953543307084
21
1.9407638188976377
0
LINE
8
BLACK
6
CONTINUOUS
10
2.2208953543307084
20
1.9407638188976377
11
2.2144612204724408
21
1.9394839763779528
0
LINE
8
BLACK
6
CONTINUOUS
10
2.2144612204724408
20
1.9394839763779528
11
2.2079009842519683
21
1.9394839763779528
0
LINE
8
BLACK
6
CONTINUOUS
10
2.2079009842519683
20
1.9394839763779528
11
2.2014668503937007
21
1.9407638188976377
0
LINE
8
BLACK
6
CONTINUOUS
10
2.2014668503937007
20
1.9407638188976377
11
2.1954060236220472
21
1.9432742913385825
0
LINE
8
BLACK
6
CONTINUOUS
10
2.1954060236220472
20
1.9432742913385825
11
2.1899514173228347
21
1.9469189370078739
0
LINE
8
BLACK
6
CONTINUOUS
10
2.1899514173228347
20
1.9469189370078739
11
2.1853126377952754
21
1.951557716535433
0
LINE
8
BLACK
6
CONTINUOUS
10
2.1853126377952754
20
1.951557716535433
11
2.1816679921259841
21
1.9570123228346457
0
LINE
8
BLACK
6
CONTINUOUS
10
2.1816679921259841
20
1.9570123228346457
11
2.1791575196850395
21
1.9630731496062992
0
LINE
8
BLACK
6
CONTINUOUS
10
2.1791575196850395
20
1.9630731496062992
11
2.1778776771653541
21
1.9695072834645668
0
LINE
8
BLACK
6
CONTINUOUS
10
2.1778776771653541
20
1.9695072834645668
11
2.1778776771653541
21
1.9760675196850392
0
LINE
8
BLACK
6
CONTINUOUS
10
2.1778776771653541
20
1.9760675196850392
11
2.1791575196850395
21
1.9825016535433071
0
LINE
8
BLACK
6
CONTINUOUS
10
2.1791575196850395
20
1.9825016535433071
11
2.1816679921259841
21
1.9885624803149606
0
LINE
8
BLACK
6
CONTINUOUS
10
2.1816679921259841
20
1.9885624803149606
11
2.1853126377952754
21
1.9940170866141731
0
LINE
8
BLACK
6
CONTINUOUS
10
2.1853126377952754
20
1.9940170866141731
11
2.1899514173228347
21
1.9986558661417322
0
LINE
8
BLACK
6
CONTINUOUS
10
2.1899514173228347
20
1.9986558661417322
11
2.1954060236220472
21
2.0023005118110238
0
LINE
8
BLACK
6
CONTINUOUS
10
2.1954060236220472
20
2.0023005118110238
11
2.2014668503937007
21
2.0048109842519684
0
LINE
8
BLACK
6
CONTINUOUS
10
2.2014668503937007
20
2.0048109842519684
11
2.2079009842519683
21
2.0060908267716533
0
LINE
8
BLACK
6
CONTINUOUS
10
2.2079009842519683
20
2.0060908267716533
11
2.2144612204724408
21
2.0060908267716533
0
LINE
8
BLACK
6
CONTINUOUS
10
2.2144612204724408
20
2.0060908267716533
11
2.2208953543307084
21
2.0048109842519684
0
LINE
8
BLACK
6
CONTINUOUS
10
1.3208953543307087
20
2.0048109842519684
11
1.3269561811023622
21
2.0023005118110238
0
LINE
8
BLACK
6
CONTINUOUS
10
1.3269561811023622
20
2.0023005118110238
11
1.3324107874015747
21
1.9986558661417322
0
LINE
8
BLACK
6
CONTINUOUS
10
1.3324107874015747
20
1.9986558661417322
11
1.3370495669291338
21
1.9940170866141731
0
LINE
8
BLACK
6
CONTINUOUS
10
1.3370495669291338
20
1.9940170866141731
11
1.3406942125984251
21
1.9885624803149606
0
LINE
8
BLACK
6
CONTINUOUS
10
1.3406942125984251
20
1.9885624803149606
11
1.34320468503937
21
1.9825016535433071
0
LINE
8
BLACK
6
CONTINUOUS
10
1.34320468503937
20
1.9825016535433071
11
1.3444845275590551
21
1.9760675196850392
0
LINE
8
BLACK
6
CONTINUOUS
10
1.3444845275590551
20
1.9760675196850392
11
1.3444845275590551
21
1.9695072834645668
0
LINE
8
BLACK
6
CONTINUOUS
10
1.3444845275590551
20
1.9695072834645668
11
1.34320468503937
21
1.9630731496062992
0
LINE
8
BLACK
6
CONTINUOUS
10
1.34320468503937
20
1.9630731496062992
11
1.3406942125984251
21
1.9570123228346457
0
LINE
8
BLACK
6
CONTINUOUS
10
1.3406942125984251
20
1.9570123228346457
11
1.3370495669291338
21
1.951557716535433
0
LINE
8
BLACK
6
CONTINUOUS
10
1.3370495669291338
20
1.951557716535433
11
1.3324107874015747
21
1.9469189370078739
0
LINE
8
BLACK
6
CONTINUOUS
10
1.3324107874015747
20
1.9469189370078739
11
1.3269561811023622
21
1.9432742913385825
0
LINE
8
BLACK
6
CONTINUOUS
10
1.3269561811023622
20
1.9432742913385825
11
1.3208953543307087
21
1.9407638188976377
0
LINE
8
BLACK
6
CONTINUOUS
10
1.3208953543307087
20
1.9407638188976377
11
1.3144612204724408
21
1.9394839763779528
0
LINE
8
BLACK
6
CONTINUOUS
10
1.3144612204724408
20
1.9394839763779528
11
1.3079009842519684
21
1.9394839763779528
0
LINE
8
BLACK
6
CONTINUOUS
10
1.3079009842519684
20
1.9394839763779528
11
1.3014668503937008
21
1.9407638188976377
0
LINE
8
BLACK
6
CONTINUOUS
10
1.3014668503937008
20
1.9407638188976377
11
1.2954060236220473
21
1.9432742913385825
0
LINE
8
BLACK
6
CONTINUOUS
10
1.2954060236220473
20
1.9432742913385825
11
1.2899514173228346
21
1.9469189370078739
0
LINE
8
BLACK
6
CONTINUOUS
10
1.2899514173228346
20
1.9469189370078739
11
1.2853126377952755
21
1.951557716535433
0
LINE
8
BLACK
6
CONTINUOUS
10
1.2853126377952755
20
1.951557716535433
11
1.2816679921259841
21
1.9570123228346457
0
LINE
8
BLACK
6
CONTINUOUS
10
1.2816679921259841
20
1.9570123228346457
11
1.2791575196850393
21
1.9630731496062992
0
LINE
8
BLACK
6
CONTINUOUS
10
1.2791575196850393
20
1.9630731496062992
11
1.2778776771653544
21
1.9695072834645668
0
LINE
8
BLACK
6
CONTINUOUS
10
1.2778776771653544
20
1.9695072834645668
11
1.2778776771653544
21
1.9760675196850392
0
LINE
8
BLACK
6
CONTINUOUS
10
1.2778776771653544
20
1.9760675196850392
11
1.2791575196850393
21
1.9825016535433071
0
LINE
8
BLACK
6
CONTINUOUS
10
1.2791575196850393
20
1.9825016535433071
11
1.2816679921259841
21
1.9885624803149606
0
LINE
8
BLACK
6
CONTINUOUS
10
1.2816679921259841
20
1.9885624803149606
11
1.2853126377952755
21
1.9940170866141731
0
LINE
8
BLACK
6
CONTINUOUS
10
1.2853126377952755
20
1.9940170866141731
11
1.2899514173228346
21
1.9986558661417322
0
LINE
8
BLACK
6
CONTINUOUS
10
1.2899514173228346
20
1.9986558661417322
11
1.2954060236220473
21
2.0023005118110238
0
LINE
8
BLACK
6
CONTINUOUS
10
1.2954060236220473
20
2.0023005118110238
11
1.3014668503937008
21
2.0048109842519684
0
LINE
8
BLACK
6
CONTINUOUS
10
1.3014668503937008
20
2.0048109842519684
11
1.3079009842519684
21
2.0060908267716533
0
LINE
8
BLACK
6
CONTINUOUS
10
1.3079009842519684
20
2.0060908267716533
11
1.3144612204724408
21
2.0060908267716533
0
LINE
8
BLACK
6
CONTINUOUS
10
1.3144612204724408
20
2.0060908267716533
11
1.3208953543307087
21
2.0048109842519684
0
LINE
8
BLACK
6
CONTINUOUS
10
1.4208953543307086
20
2.0048109842519684
11
1.4269561811023621
21
2.0023005118110238
0
LINE
8
BLACK
6
CONTINUOUS
10
1.4269561811023621
20
2.0023005118110238
11
1.4324107874015748
21
1.9986558661417322
0
LINE
8
BLACK
6
CONTINUOUS
10
1.4324107874015748
20
1.9986558661417322
11
1.4370495669291339
21
1.9940170866141731
0
LINE
8
BLACK
6
CONTINUOUS
10
1.4370495669291339
20
1.9940170866141731
11
1.4406942125984252
21
1.9885624803149606
0
LINE
8
BLACK
6
CONTINUOUS
10
1.4406942125984252
20
1.9885624803149606
11
1.44320468503937
21
1.9825016535433071
0
LINE
8
BLACK
6
CONTINUOUS
10
1.44320468503937
20
1.9825016535433071
11
1.444484527559055
21
1.9760675196850392
0
LINE
8
BLACK
6
CONTINUOUS
10
1.444484527559055
20
1.9760675196850392
11
1.444484527559055
21
1.9695072834645668
0
LINE
8
BLACK
6
CONTINUOUS
10
1.444484527559055
20
1.9695072834645668
11
1.44320468503937
21
1.9630731496062992
0
LINE
8
BLACK
6
CONTINUOUS
10
1.44320468503937
20
1.9630731496062992
11
1.4406942125984252
21
1.9570123228346457
0
LINE
8
BLACK
6
CONTINUOUS
10
1.4406942125984252
20
1.9570123228346457
11
1.4370495669291339
21
1.951557716535433
0
LINE
8
BLACK
6
CONTINUOUS
10
1.4370495669291339
20
1.951557716535433
11
1.4324107874015748
21
1.9469189370078739
0
LINE
8
BLACK
6
CONTINUOUS
10
1.4324107874015748
20
1.9469189370078739
11
1.4269561811023621
21
1.9432742913385825
0
LINE
8
BLACK
6
CONTINUOUS
10
1.4269561811023621
20
1.9432742913385825
11
1.4208953543307086
21
1.9407638188976377
0
LINE
8
BLACK
6
CONTINUOUS
10
1.4208953543307086
20
1.9407638188976377
11
1.4144612204724409
21
1.9394839763779528
0
LINE
8
BLACK
6
CONTINUOUS
10
1.4144612204724409
20
1.9394839763779528
11
1.4079009842519685
21
1.9394839763779528
0
LINE
8
BLACK
6
CONTINUOUS
10
1.4079009842519685
20
1.9394839763779528
11
1.4014668503937007
21
1.9407638188976377
0
LINE
8
BLACK
6
CONTINUOUS
10
1.4014668503937007
20
1.9407638188976377
11
1.3954060236220471
21
1.9432742913385825
0
LINE
8
BLACK
6
CONTINUOUS
10
1.3954060236220471
20
1.9432742913385825
11
1.3899514173228347
21
1.9469189370078739
0
LINE
8
BLACK
6
CONTINUOUS
10
1.3899514173228347
20
1.9469189370078739
11
1.3853126377952756
21
1.951557716535433
0
LINE
8
BLACK
6
CONTINUOUS
10
1.3853126377952756
20
1.951557716535433
11
1.3816679921259842
21
1.9570123228346457
0
LINE
8
BLACK
6
CONTINUOUS
10
1.3816679921259842
20
1.9570123228346457
11
1.3791575196850394
21
1.9630731496062992
0
LINE
8
BLACK
6
CONTINUOUS
10
1.3791575196850394
20
1.9630731496062992
11
1.3778776771653543
21
1.9695072834645668
0
LINE
8
BLACK
6
CONTINUOUS
10
1.3778776771653543
20
1.9695072834645668
11
1.3778776771653543
21
1.9760675196850392
0
LINE
8
BLACK
6
CONTINUOUS
10
1.3778776771653543
20
1.9760675196850392
11
1.3791575196850394
21
1.9825016535433071
0
LINE
8
BLACK
6
CONTINUOUS
10
1.3791575196850394
20
1.9825016535433071
11
1.3816679921259842
21
1.9885624803149606
0
LINE
8
BLACK
6
CONTINUOUS
10
1.3816679921259842
20
1.9885624803149606
11
1.3853126377952756
21
1.9940170866141731
0
LINE
8
BLACK
6
CONTINUOUS
10
1.3853126377952756
20
1.9940170866141731
11
1.3899514173228347
21
1.9986558661417322
0
LINE
8
BLACK
6
CONTINUOUS
10
1.3899514173228347
20
1.9986558661417322
11
1.3954060236220471
21
2.0023005118110238
0
LINE
8
BLACK
6
CONTINUOUS
10
1.3954060236220471
20
2.0023005118110238
11
1.4014668503937007
21
2.0048109842519684
0
LINE
8
BLACK
6
CONTINUOUS
10
1.4014668503937007
20
2.0048109842519684
11
1.4079009842519685
21
2.0060908267716533
0
LINE
8
BLACK
6
CONTINUOUS
10
1.4079009842519685
20
2.0060908267716533
11
1.4144612204724409
21
2.0060908267716533
0
LINE
8
BLACK
6
CONTINUOUS
10
1.4144612204724409
20
2.0060908267716533
11
1.4208953543307086
21
2.0048109842519684
0
LINE
8
BLACK
6
CONTINUOUS
10
1.5208953543307087
20
2.0048109842519684
11
1.5269561811023622
21
2.0023005118110238
0
LINE
8
BLACK
6
CONTINUOUS
10
1.5269561811023622
20
2.0023005118110238
11
1.5324107874015747
21
1.9986558661417322
0
LINE
8
BLACK
6
CONTINUOUS
10
1.5324107874015747
20
1.9986558661417322
11
1.5370495669291337
21
1.9940170866141731
0
LINE
8
BLACK
6
CONTINUOUS
10
1.5370495669291337
20
1.9940170866141731
11
1.5406942125984251
21
1.9885624803149606
0
LINE
8
BLACK
6
CONTINUOUS
10
1.5406942125984251
20
1.9885624803149606
11
1.5432046850393701
21
1.9825016535433071
0
LINE
8
BLACK
6
CONTINUOUS
10
1.5432046850393701
20
1.9825016535433071
11
1.5444845275590551
21
1.9760675196850392
0
LINE
8
BLACK
6
CONTINUOUS
10
1.5444845275590551
20
1.9760675196850392
11
1.5444845275590551
21
1.9695072834645668
0
LINE
8
BLACK
6
CONTINUOUS
10
1.5444845275590551
20
1.9695072834645668
11
1.5432046850393701
21
1.9630731496062992
0
LINE
8
BLACK
6
CONTINUOUS
10
1.5432046850393701
20
1.9630731496062992
11
1.5406942125984251
21
1.9570123228346457
0
LINE
8
BLACK
6
CONTINUOUS
10
1.5406942125984251
20
1.9570123228346457
11
1.5370495669291337
21
1.951557716535433
0
LINE
8
BLACK
6
CONTINUOUS
10
1.5370495669291337
20
1.951557716535433
11
1.5324107874015747
21
1.9469189370078739
0
LINE
8
BLACK
6
CONTINUOUS
10
1.5324107874015747
20
1.9469189370078739
11
1.5269561811023622
21
1.9432742913385825
0
LINE
8
BLACK
6
CONTINUOUS
10
1.5269561811023622
20
1.9432742913385825
11
1.5208953543307087
21
1.9407638188976377
0
LINE
8
BLACK
6
CONTINUOUS
10
1.5208953543307087
20
1.9407638188976377
11
1.5144612204724408
21
1.9394839763779528
0
LINE
8
BLACK
6
CONTINUOUS
10
1.5144612204724408
20
1.9394839763779528
11
1.5079009842519684
21
1.9394839763779528
0
LINE
8
BLACK
6
CONTINUOUS
10
1.5079009842519684
20
1.9394839763779528
11
1.5014668503937008
21
1.9407638188976377
0
LINE
8
BLACK
6
CONTINUOUS
10
1.5014668503937008
20
1.9407638188976377
11
1.4954060236220472
21
1.9432742913385825
0
LINE
8
BLACK
6
CONTINUOUS
10
1.4954060236220472
20
1.9432742913385825
11
1.4899514173228345
21
1.9469189370078739
0
LINE
8
BLACK
6
CONTINUOUS
10
1.4899514173228345
20
1.9469189370078739
11
1.4853126377952754
21
1.951557716535433
0
LINE
8
BLACK
6
CONTINUOUS
10
1.4853126377952754
20
1.951557716535433
11
1.4816679921259843
21
1.9570123228346457
0
LINE
8
BLACK
6
CONTINUOUS
10
1.4816679921259843
20
1.9570123228346457
11
1.4791575196850393
21
1.9630731496062992
0
LINE
8
BLACK
6
CONTINUOUS
10
1.4791575196850393
20
1.9630731496062992
11
1.4778776771653543
21
1.9695072834645668
0
LINE
8
BLACK
6
CONTINUOUS
10
1.4778776771653543
20
1.9695072834645668
11
1.4778776771653543
21
1.9760675196850392
0
LINE
8
BLACK
6
CONTINUOUS
10
1.4778776771653543
20
1.9760675196850392
11
1.4791575196850393
21
1.9825016535433071
0
LINE
8
BLACK
6
CONTINUOUS
10
1.4791575196850393
20
1.9825016535433071
11
1.4816679921259843
21
1.9885624803149606
0
LINE
8
BLACK
6
CONTINUOUS
10
1.4816679921259843
20
1.9885624803149606
11
1.4853126377952754
21
1.9940170866141731
0
LINE
8
BLACK
6
CONTINUOUS
10
1.4853126377952754
20
1.9940170866141731
11
1.4899514173228345
21
1.9986558661417322
0
LINE
8
BLACK
6
CONTINUOUS
10
1.4899514173228345
20
1.9986558661417322
11
1.4954060236220472
21
2.0023005118110238
0
LINE
8
BLACK
6
CONTINUOUS
10
1.4954060236220472
20
2.0023005118110238
11
1.5014668503937008
21
2.0048109842519684
0
LINE
8
BLACK
6
CONTINUOUS
10
1.5014668503937008
20
2.0048109842519684
11
1.5079009842519684
21
2.0060908267716533
0
LINE
8
BLACK
6
CONTINUOUS
10
1.5079009842519684
20
2.0060908267716533
11
1.5144612204724408
21
2.0060908267716533
0
LINE
8
BLACK
6
CONTINUOUS
10
1.5144612204724408
20
2.0060908267716533
11
1.5208953543307087
21
2.0048109842519684
0
LINE
8
BLACK
6
CONTINUOUS
10
1.6208953543307085
20
2.0048109842519684
11
1.6269561811023621
21
2.0023005118110238
0
LINE
8
BLACK
6
CONTINUOUS
10
1.6269561811023621
20
2.0023005118110238
11
1.6324107874015747
21
1.9986558661417322
0
LINE
8
BLACK
6
CONTINUOUS
10
1.6324107874015747
20
1.9986558661417322
11
1.6370495669291338
21
1.9940170866141731
0
LINE
8
BLACK
6
CONTINUOUS
10
1.6370495669291338
20
1.9940170866141731
11
1.6406942125984252
21
1.9885624803149606
0
LINE
8
BLACK
6
CONTINUOUS
10
1.6406942125984252
20
1.9885624803149606
11
1.64320468503937
21
1.9825016535433071
0
LINE
8
BLACK
6
CONTINUOUS
10
1.64320468503937
20
1.9825016535433071
11
1.6444845275590552
21
1.9760675196850392
0
LINE
8
BLACK
6
CONTINUOUS
10
1.6444845275590552
20
1.9760675196850392
11
1.6444845275590552
21
1.9695072834645668
0
LINE
8
BLACK
6
CONTINUOUS
10
1.6444845275590552
20
1.9695072834645668
11
1.64320468503937
21
1.9630731496062992
0
LINE
8
BLACK
6
CONTINUOUS
10
1.64320468503937
20
1.9630731496062992
11
1.6406942125984252
21
1.9570123228346457
0
LINE
8
BLACK
6
CONTINUOUS
10
1.6406942125984252
20
1.9570123228346457
11
1.6370495669291338
21
1.951557716535433
0
LINE
8
BLACK
6
CONTINUOUS
10
1.6370495669291338
20
1.951557716535433
11
1.6324107874015747
21
1.9469189370078739
0
LINE
8
BLACK
6
CONTINUOUS
10
1.6324107874015747
20
1.9469189370078739
11
1.6269561811023621
21
1.9432742913385825
0
LINE
8
BLACK
6
CONTINUOUS
10
1.6269561811023621
20
1.9432742913385825
11
1.6208953543307085
21
1.9407638188976377
0
LINE
8
BLACK
6
CONTINUOUS
10
1.6208953543307085
20
1.9407638188976377
11
1.6144612204724409
21
1.9394839763779528
0
LINE
8
BLACK
6
CONTINUOUS
10
1.6144612204724409
20
1.9394839763779528
11
1.6079009842519685
21
1.9394839763779528
0
LINE
8
BLACK
6
CONTINUOUS
10
1.6079009842519685
20
1.9394839763779528
11
1.6014668503937008
21
1.9407638188976377
0
LINE
8
BLACK
6
CONTINUOUS
10
1.6014668503937008
20
1.9407638188976377
11
1.5954060236220473
21
1.9432742913385825
0
LINE
8
BLACK
6
CONTINUOUS
10
1.5954060236220473
20
1.9432742913385825
11
1.5899514173228346
21
1.9469189370078739
0
LINE
8
BLACK
6
CONTINUOUS
10
1.5899514173228346
20
1.9469189370078739
11
1.5853126377952755
21
1.951557716535433
0
LINE
8
BLACK
6
CONTINUOUS
10
1.5853126377952755
20
1.951557716535433
11
1.5816679921259842
21
1.9570123228346457
0
LINE
8
BLACK
6
CONTINUOUS
10
1.5816679921259842
20
1.9570123228346457
11
1.5791575196850394
21
1.9630731496062992
0
LINE
8
BLACK
6
CONTINUOUS
10
1.5791575196850394
20
1.9630731496062992
11
1.5778776771653542
21
1.9695072834645668
0
LINE
8
BLACK
6
CONTINUOUS
10
1.5778776771653542
20
1.9695072834645668
11
1.5778776771653542
21
1.9760675196850392
0
LINE
8
BLACK
6
CONTINUOUS
10
1.5778776771653542
20
1.9760675196850392
11
1.5791575196850394
21
1.9825016535433071
0
LINE
8
BLACK
6
CONTINUOUS
10
1.5791575196850394
20
1.9825016535433071
11
1.5816679921259842
21
1.9885624803149606
0
LINE
8
BLACK
6
CONTINUOUS
10
1.5816679921259842
20
1.9885624803149606
11
1.5853126377952755
21
1.9940170866141731
0
LINE
8
BLACK
6
CONTINUOUS
10
1.5853126377952755
20
1.9940170866141731
11
1.5899514173228346
21
1.9986558661417322
0
LINE
8
BLACK
6
CONTINUOUS
10
1.5899514173228346
20
1.9986558661417322
11
1.5954060236220473
21
2.0023005118110238
0
LINE
8
BLACK
6
CONTINUOUS
10
1.5954060236220473
20
2.0023005118110238
11
1.6014668503937008
21
2.0048109842519684
0
LINE
8
BLACK
6
CONTINUOUS
10
1.6014668503937008
20
2.0048109842519684
11
1.6079009842519685
21
2.0060908267716533
0
LINE
8
BLACK
6
CONTINUOUS
10
1.6079009842519685
20
2.0060908267716533
11
1.6144612204724409
21
2.0060908267716533
0
LINE
8
BLACK
6
CONTINUOUS
10
1.6144612204724409
20
2.0060908267716533
11
1.6208953543307085
21
2.0048109842519684
0
LINE
8
BLACK
6
CONTINUOUS
10
1.7208953543307086
20
2.0048109842519684
11
1.7269561811023622
21
2.0023005118110238
0
LINE
8
BLACK
6
CONTINUOUS
10
1.7269561811023622
20
2.0023005118110238
11
1.7324107874015748
21
1.9986558661417322
0
LINE
8
BLACK
6
CONTINUOUS
10
1.7324107874015748
20
1.9986558661417322
11
1.7370495669291339
21
1.9940170866141731
0
LINE
8
BLACK
6
CONTINUOUS
10
1.7370495669291339
20
1.9940170866141731
11
1.7406942125984251
21
1.9885624803149606
0
LINE
8
BLACK
6
CONTINUOUS
10
1.7406942125984251
20
1.9885624803149606
11
1.7432046850393701
21
1.9825016535433071
0
LINE
8
BLACK
6
CONTINUOUS
10
1.7432046850393701
20
1.9825016535433071
11
1.744484527559055
21
1.9760675196850392
0
LINE
8
BLACK
6
CONTINUOUS
10
1.744484527559055
20
1.9760675196850392
11
1.744484527559055
21
1.9695072834645668
0
LINE
8
BLACK
6
CONTINUOUS
10
1.744484527559055
20
1.9695072834645668
11
1.7432046850393701
21
1.9630731496062992
0
LINE
8
BLACK
6
CONTINUOUS
10
1.7432046850393701
20
1.9630731496062992
11
1.7406942125984251
21
1.9570123228346457
0
LINE
8
BLACK
6
CONTINUOUS
10
1.7406942125984251
20
1.9570123228346457
11
1.7370495669291339
21
1.951557716535433
0
LINE
8
BLACK
6
CONTINUOUS
10
1.7370495669291339
20
1.951557716535433
11
1.7324107874015748
21
1.9469189370078739
0
LINE
8
BLACK
6
CONTINUOUS
10
1.7324107874015748
20
1.9469189370078739
11
1.7269561811023622
21
1.9432742913385825
0
LINE
8
BLACK
6
CONTINUOUS
10
1.7269561811023622
20
1.9432742913385825
11
1.7208953543307086
21
1.9407638188976377
0
LINE
8
BLACK
6
CONTINUOUS
10
1.7208953543307086
20
1.9407638188976377
11
1.714461220472441
21
1.9394839763779528
0
LINE
8
BLACK
6
CONTINUOUS
10
1.714461220472441
20
1.9394839763779528
11
1.7079009842519686
21
1.9394839763779528
0
LINE
8
BLACK
6
CONTINUOUS
10
1.7079009842519686
20
1.9394839763779528
11
1.7014668503937007
21
1.9407638188976377
0
LINE
8
BLACK
6
CONTINUOUS
10
1.7014668503937007
20
1.9407638188976377
11
1.6954060236220472
21
1.9432742913385825
0
LINE
8
BLACK
6
CONTINUOUS
10
1.6954060236220472
20
1.9432742913385825
11
1.6899514173228347
21
1.9469189370078739
0
LINE
8
BLACK
6
CONTINUOUS
10
1.6899514173228347
20
1.9469189370078739
11
1.6853126377952756
21
1.951557716535433
0
LINE
8
BLACK
6
CONTINUOUS
10
1.6853126377952756
20
1.951557716535433
11
1.6816679921259843
21
1.9570123228346457
0
LINE
8
BLACK
6
CONTINUOUS
10
1.6816679921259843
20
1.9570123228346457
11
1.6791575196850392
21
1.9630731496062992
0
LINE
8
BLACK
6
CONTINUOUS
10
1.6791575196850392
20
1.9630731496062992
11
1.6778776771653543
21
1.9695072834645668
0
LINE
8
BLACK
6
CONTINUOUS
10
1.6778776771653543
20
1.9695072834645668
11
1.6778776771653543
21
1.9760675196850392
0
LINE
8
BLACK
6
CONTINUOUS
10
1.6778776771653543
20
1.9760675196850392
11
1.6791575196850392
21
1.9825016535433071
0
LINE
8
BLACK
6
CONTINUOUS
10
1.6791575196850392
20
1.9825016535433071
11
1.6816679921259843
21
1.9885624803149606
0
LINE
8
BLACK
6
CONTINUOUS
10
1.6816679921259843
20
1.9885624803149606
11
1.6853126377952756
21
1.9940170866141731
0
LINE
8
BLACK
6
CONTINUOUS
10
1.6853126377952756
20
1.9940170866141731
11
1.6899514173228347
21
1.9986558661417322
0
LINE
8
BLACK
6
CONTINUOUS
10
1.6899514173228347
20
1.9986558661417322
11
1.6954060236220472
21
2.0023005118110238
0
LINE
8
BLACK
6
CONTINUOUS
10
1.6954060236220472
20
2.0023005118110238
11
1.7014668503937007
21
2.0048109842519684
0
LINE
8
BLACK
6
CONTINUOUS
10
1.7014668503937007
20
2.0048109842519684
11
1.7079009842519686
21
2.0060908267716533
0
LINE
8
BLACK
6
CONTINUOUS
10
1.7079009842519686
20
2.0060908267716533
11
1.714461220472441
21
2.0060908267716533
0
LINE
8
BLACK
6
CONTINUOUS
10
1.714461220472441
20
2.0060908267716533
11
1.7208953543307086
21
2.0048109842519684
0
LINE
8
BLACK
6
CONTINUOUS
10
2.1208953543307087
20
2.0048109842519684
11
2.1269561811023623
21
2.0023005118110238
0
LINE
8
BLACK
6
CONTINUOUS
10
2.1269561811023623
20
2.0023005118110238
11
2.1324107874015747
21
1.9986558661417322
0
LINE
8
BLACK
6
CONTINUOUS
10
2.1324107874015747
20
1.9986558661417322
11
2.1370495669291336
21
1.9940170866141731
0
LINE
8
BLACK
6
CONTINUOUS
10
2.1370495669291336
20
1.9940170866141731
11
2.140694212598425
21
1.9885624803149606
0
LINE
8
BLACK
6
CONTINUOUS
10
2.140694212598425
20
1.9885624803149606
11
2.14320468503937
21
1.9825016535433071
0
LINE
8
BLACK
6
CONTINUOUS
10
2.14320468503937
20
1.9825016535433071
11
2.1444845275590549
21
1.9760675196850392
0
LINE
8
BLACK
6
CONTINUOUS
10
2.1444845275590549
20
1.9760675196850392
11
2.1444845275590549
21
1.9695072834645668
0
LINE
8
BLACK
6
CONTINUOUS
10
2.1444845275590549
20
1.9695072834645668
11
2.14320468503937
21
1.9630731496062992
0
LINE
8
BLACK
6
CONTINUOUS
10
2.14320468503937
20
1.9630731496062992
11
2.140694212598425
21
1.9570123228346457
0
LINE
8
BLACK
6
CONTINUOUS
10
2.140694212598425
20
1.9570123228346457
11
2.1370495669291336
21
1.951557716535433
0
LINE
8
BLACK
6
CONTINUOUS
10
2.1370495669291336
20
1.951557716535433
11
2.1324107874015747
21
1.9469189370078739
0
LINE
8
BLACK
6
CONTINUOUS
10
2.1324107874015747
20
1.9469189370078739
11
2.1269561811023623
21
1.9432742913385825
0
LINE
8
BLACK
6
CONTINUOUS
10
2.1269561811023623
20
1.9432742913385825
11
2.1208953543307087
21
1.9407638188976377
0
LINE
8
BLACK
6
CONTINUOUS
10
2.1208953543307087
20
1.9407638188976377
11
2.1144612204724411
21
1.9394839763779528
0
LINE
8
BLACK
6
CONTINUOUS
10
2.1144612204724411
20
1.9394839763779528
11
2.1079009842519683
21
1.9394839763779528
0
LINE
8
BLACK
6
CONTINUOUS
10
2.1079009842519683
20
1.9394839763779528
11
2.1014668503937006
21
1.9407638188976377
0
LINE
8
BLACK
6
CONTINUOUS
10
2.1014668503937006
20
1.9407638188976377
11
2.0954060236220471
21
1.9432742913385825
0
LINE
8
BLACK
6
CONTINUOUS
10
2.0954060236220471
20
1.9432742913385825
11
2.0899514173228346
21
1.9469189370078739
0
LINE
8
BLACK
6
CONTINUOUS
10
2.0899514173228346
20
1.9469189370078739
11
2.0853126377952758
21
1.951557716535433
0
LINE
8
BLACK
6
CONTINUOUS
10
2.0853126377952758
20
1.951557716535433
11
2.0816679921259844
21
1.9570123228346457
0
LINE
8
BLACK
6
CONTINUOUS
10
2.0816679921259844
20
1.9570123228346457
11
2.0791575196850394
21
1.9630731496062992
0
LINE
8
BLACK
6
CONTINUOUS
10
2.0791575196850394
20
1.9630731496062992
11
2.0778776771653544
21
1.9695072834645668
0
LINE
8
BLACK
6
CONTINUOUS
10
2.0778776771653544
20
1.9695072834645668
11
2.0778776771653544
21
1.9760675196850392
0
LINE
8
BLACK
6
CONTINUOUS
10
2.0778776771653544
20
1.9760675196850392
11
2.0791575196850394
21
1.9825016535433071
0
LINE
8
BLACK
6
CONTINUOUS
10
2.0791575196850394
20
1.9825016535433071
11
2.0816679921259844
21
1.9885624803149606
0
LINE
8
BLACK
6
CONTINUOUS
10
2.0816679921259844
20
1.9885624803149606
11
2.0853126377952758
21
1.9940170866141731
0
LINE
8
BLACK
6
CONTINUOUS
10
2.0853126377952758
20
1.9940170866141731
11
2.0899514173228346
21
1.9986558661417322
0
LINE
8
BLACK
6
CONTINUOUS
10
2.0899514173228346
20
1.9986558661417322
11
2.0954060236220471
21
2.0023005118110238
0
LINE
8
BLACK
6
CONTINUOUS
10
2.0954060236220471
20
2.0023005118110238
11
2.1014668503937006
21
2.0048109842519684
0
LINE
8
BLACK
6
CONTINUOUS
10
2.1014668503937006
20
2.0048109842519684
11
2.1079009842519683
21
2.0060908267716533
0
LINE
8
BLACK
6
CONTINUOUS
10
2.1079009842519683
20
2.0060908267716533
11
2.1144612204724411
21
2.0060908267716533
0
LINE
8
BLACK
6
CONTINUOUS
10
2.1144612204724411
20
2.0060908267716533
11
2.1208953543307087
21
2.0048109842519684
0
LINE
8
BLACK
6
CONTINUOUS
10
2.1208953543307087
20
2.1048109842519684
11
2.1269561811023623
21
2.1023005118110234
0
LINE
8
BLACK
6
CONTINUOUS
10
2.1269561811023623
20
2.1023005118110234
11
2.1324107874015747
21
2.0986558661417321
0
LINE
8
BLACK
6
CONTINUOUS
10
2.1324107874015747
20
2.0986558661417321
11
2.1370495669291336
21
2.0940170866141732
0
LINE
8
BLACK
6
CONTINUOUS
10
2.1370495669291336
20
2.0940170866141732
11
2.140694212598425
21
2.0885624803149607
0
LINE
8
BLACK
6
CONTINUOUS
10
2.140694212598425
20
2.0885624803149607
11
2.14320468503937
21
2.0825016535433072
0
LINE
8
BLACK
6
CONTINUOUS
10
2.14320468503937
20
2.0825016535433072
11
2.1444845275590549
21
2.0760675196850391
0
LINE
8
BLACK
6
CONTINUOUS
10
2.1444845275590549
20
2.0760675196850391
11
2.1444845275590549
21
2.0695072834645667
0
LINE
8
BLACK
6
CONTINUOUS
10
2.1444845275590549
20
2.0695072834645667
11
2.14320468503937
21
2.0630731496062991
0
LINE
8
BLACK
6
CONTINUOUS
10
2.14320468503937
20
2.0630731496062991
11
2.140694212598425
21
2.0570123228346455
0
LINE
8
BLACK
6
CONTINUOUS
10
2.140694212598425
20
2.0570123228346455
11
2.1370495669291336
21
2.0515577165354331
0
LINE
8
BLACK
6
CONTINUOUS
10
2.1370495669291336
20
2.0515577165354331
11
2.1324107874015747
21
2.0469189370078738
0
LINE
8
BLACK
6
CONTINUOUS
10
2.1324107874015747
20
2.0469189370078738
11
2.1269561811023623
21
2.0432742913385828
0
LINE
8
BLACK
6
CONTINUOUS
10
2.1269561811023623
20
2.0432742913385828
11
2.1208953543307087
21
2.0407638188976378
0
LINE
8
BLACK
6
CONTINUOUS
10
2.1208953543307087
20
2.0407638188976378
11
2.1144612204724411
21
2.0394839763779529
0
LINE
8
BLACK
6
CONTINUOUS
10
2.1144612204724411
20
2.0394839763779529
11
2.1079009842519683
21
2.0394839763779529
0
LINE
8
BLACK
6
CONTINUOUS
10
2.1079009842519683
20
2.0394839763779529
11
2.1014668503937006
21
2.0407638188976378
0
LINE
8
BLACK
6
CONTINUOUS
10
2.1014668503937006
20
2.0407638188976378
11
2.0954060236220471
21
2.0432742913385828
0
LINE
8
BLACK
6
CONTINUOUS
10
2.0954060236220471
20
2.0432742913385828
11
2.0899514173228346
21
2.0469189370078738
0
LINE
8
BLACK
6
CONTINUOUS
10
2.0899514173228346
20
2.0469189370078738
11
2.0853126377952758
21
2.0515577165354331
0
LINE
8
BLACK
6
CONTINUOUS
10
2.0853126377952758
20
2.0515577165354331
11
2.0816679921259844
21
2.0570123228346455
0
LINE
8
BLACK
6
CONTINUOUS
10
2.0816679921259844
20
2.0570123228346455
11
2.0791575196850394
21
2.0630731496062991
0
LINE
8
BLACK
6
CONTINUOUS
10
2.0791575196850394
20
2.0630731496062991
11
2.0778776771653544
21
2.0695072834645667
0
LINE
8
BLACK
6
CONTINUOUS
10
2.0778776771653544
20
2.0695072834645667
11
2.0778776771653544
21
2.0760675196850391
0
LINE
8
BLACK
6
CONTINUOUS
10
2.0778776771653544
20
2.0760675196850391
11
2.0791575196850394
21
2.0825016535433072
0
LINE
8
BLACK
6
CONTINUOUS
10
2.0791575196850394
20
2.0825016535433072
11
2.0816679921259844
21
2.0885624803149607
0
LINE
8
BLACK
6
CONTINUOUS
10
2.0816679921259844
20
2.0885624803149607
11
2.0853126377952758
21
2.0940170866141732
0
LINE
8
BLACK
6
CONTINUOUS
10
2.0853126377952758
20
2.0940170866141732
11
2.0899514173228346
21
2.0986558661417321
0
LINE
8
BLACK
6
CONTINUOUS
10
2.0899514173228346
20
2.0986558661417321
11
2.0954060236220471
21
2.1023005118110234
0
LINE
8
BLACK
6
CONTINUOUS
10
2.0954060236220471
20
2.1023005118110234
11
2.1014668503937006
21
2.1048109842519684
0
LINE
8
BLACK
6
CONTINUOUS
10
2.1014668503937006
20
2.1048109842519684
11
2.1079009842519683
21
2.1060908267716534
0
LINE
8
BLACK
6
CONTINUOUS
10
2.1079009842519683
20
2.1060908267716534
11
2.1144612204724411
21
2.1060908267716534
0
LINE
8
BLACK
6
CONTINUOUS
10
2.1144612204724411
20
2.1060908267716534
11
2.1208953543307087
21
2.1048109842519684
0
LINE
8
BLACK
6
CONTINUOUS
10
1.3208953543307087
20
2.1048109842519684
11
1.3269561811023622
21
2.1023005118110234
0
LINE
8
BLACK
6
CONTINUOUS
10
1.3269561811023622
20
2.1023005118110234
11
1.3324107874015747
21
2.0986558661417321
0
LINE
8
BLACK
6
CONTINUOUS
10
1.3324107874015747
20
2.0986558661417321
11
1.3370495669291338
21
2.0940170866141732
0
LINE
8
BLACK
6
CONTINUOUS
10
1.3370495669291338
20
2.0940170866141732
11
1.3406942125984251
21
2.0885624803149607
0
LINE
8
BLACK
6
CONTINUOUS
10
1.3406942125984251
20
2.0885624803149607
11
1.34320468503937
21
2.0825016535433072
0
LINE
8
BLACK
6
CONTINUOUS
10
1.34320468503937
20
2.0825016535433072
11
1.3444845275590551
21
2.0760675196850391
0
LINE
8
BLACK
6
CONTINUOUS
10
1.3444845275590551
20
2.0760675196850391
11
1.3444845275590551
21
2.0695072834645667
0
LINE
8
BLACK
6
CONTINUOUS
10
1.3444845275590551
20
2.0695072834645667
11
1.34320468503937
21
2.0630731496062991
0
LINE
8
BLACK
6
CONTINUOUS
10
1.34320468503937
20
2.0630731496062991
11
1.3406942125984251
21
2.0570123228346455
0
LINE
8
BLACK
6
CONTINUOUS
10
1.3406942125984251
20
2.0570123228346455
11
1.3370495669291338
21
2.0515577165354331
0
LINE
8
BLACK
6
CONTINUOUS
10
1.3370495669291338
20
2.0515577165354331
11
1.3324107874015747
21
2.0469189370078738
0
LINE
8
BLACK
6
CONTINUOUS
10
1.3324107874015747
20
2.0469189370078738
11
1.3269561811023622
21
2.0432742913385828
0
LINE
8
BLACK
6
CONTINUOUS
10
1.3269561811023622
20
2.0432742913385828
11
1.3208953543307087
21
2.0407638188976378
0
LINE
8
BLACK
6
CONTINUOUS
10
1.3208953543307087
20
2.0407638188976378
11
1.3144612204724408
21
2.0394839763779529
0
LINE
8
BLACK
6
CONTINUOUS
10
1.3144612204724408
20
2.0394839763779529
11
1.3079009842519684
21
2.0394839763779529
0
LINE
8
BLACK
6
CONTINUOUS
10
1.3079009842519684
20
2.0394839763779529
11
1.3014668503937008
21
2.0407638188976378
0
LINE
8
BLACK
6
CONTINUOUS
10
1.3014668503937008
20
2.0407638188976378
11
1.2954060236220473
21
2.0432742913385828
0
LINE
8
BLACK
6
CONTINUOUS
10
1.2954060236220473
20
2.0432742913385828
11
1.2899514173228346
21
2.0469189370078738
0
LINE
8
BLACK
6
CONTINUOUS
10
1.2899514173228346
20
2.0469189370078738
11
1.2853126377952755
21
2.0515577165354331
0
LINE
8
BLACK
6
CONTINUOUS
10
1.2853126377952755
20
2.0515577165354331
11
1.2816679921259841
21
2.0570123228346455
0
LINE
8
BLACK
6
CONTINUOUS
10
1.2816679921259841
20
2.0570123228346455
11
1.2791575196850393
21
2.0630731496062991
0
LINE
8
BLACK
6
CONTINUOUS
10
1.2791575196850393
20
2.0630731496062991
11
1.2778776771653544
21
2.0695072834645667
0
LINE
8
BLACK
6
CONTINUOUS
10
1.2778776771653544
20
2.0695072834645667
11
1.2778776771653544
21
2.0760675196850391
0
LINE
8
BLACK
6
CONTINUOUS
10
1.2778776771653544
20
2.0760675196850391
11
1.2791575196850393
21
2.0825016535433072
0
LINE
8
BLACK
6
CONTINUOUS
10
1.2791575196850393
20
2.0825016535433072
11
1.2816679921259841
21
2.0885624803149607
0
LINE
8
BLACK
6
CONTINUOUS
10
1.2816679921259841
20
2.0885624803149607
11
1.2853126377952755
21
2.0940170866141732
0
LINE
8
BLACK
6
CONTINUOUS
10
1.2853126377952755
20
2.0940170866141732
11
1.2899514173228346
21
2.0986558661417321
0
LINE
8
BLACK
6
CONTINUOUS
10
1.2899514173228346
20
2.0986558661417321
11
1.2954060236220473
21
2.1023005118110234
0
LINE
8
BLACK
6
CONTINUOUS
10
1.2954060236220473
20
2.1023005118110234
11
1.3014668503937008
21
2.1048109842519684
0
LINE
8
BLACK
6
CONTINUOUS
10
1.3014668503937008
20
2.1048109842519684
11
1.3079009842519684
21
2.1060908267716534
0
LINE
8
BLACK
6
CONTINUOUS
10
1.3079009842519684
20
2.1060908267716534
11
1.3144612204724408
21
2.1060908267716534
0
LINE
8
BLACK
6
CONTINUOUS
10
1.3144612204724408
20
2.1060908267716534
11
1.3208953543307087
21
2.1048109842519684
0
LINE
8
BLACK
6
CONTINUOUS
10
1.4208953543307086
20
2.1048109842519684
11
1.4269561811023621
21
2.1023005118110234
0
LINE
8
BLACK
6
CONTINUOUS
10
1.4269561811023621
20
2.1023005118110234
11
1.4324107874015748
21
2.0986558661417321
0
LINE
8
BLACK
6
CONTINUOUS
10
1.4324107874015748
20
2.0986558661417321
11
1.4370495669291339
21
2.0940170866141732
0
LINE
8
BLACK
6
CONTINUOUS
10
1.4370495669291339
20
2.0940170866141732
11
1.4406942125984252
21
2.0885624803149607
0
LINE
8
BLACK
6
CONTINUOUS
10
1.4406942125984252
20
2.0885624803149607
11
1.44320468503937
21
2.0825016535433072
0
LINE
8
BLACK
6
CONTINUOUS
10
1.44320468503937
20
2.0825016535433072
11
1.444484527559055
21
2.0760675196850391
0
LINE
8
BLACK
6
CONTINUOUS
10
1.444484527559055
20
2.0760675196850391
11
1.444484527559055
21
2.0695072834645667
0
LINE
8
BLACK
6
CONTINUOUS
10
1.444484527559055
20
2.0695072834645667
11
1.44320468503937
21
2.0630731496062991
0
LINE
8
BLACK
6
CONTINUOUS
10
1.44320468503937
20
2.0630731496062991
11
1.4406942125984252
21
2.0570123228346455
0
LINE
8
BLACK
6
CONTINUOUS
10
1.4406942125984252
20
2.0570123228346455
11
1.4370495669291339
21
2.0515577165354331
0
LINE
8
BLACK
6
CONTINUOUS
10
1.4370495669291339
20
2.0515577165354331
11
1.4324107874015748
21
2.0469189370078738
0
LINE
8
BLACK
6
CONTINUOUS
10
1.4324107874015748
20
2.0469189370078738
11
1.4269561811023621
21
2.0432742913385828
0
LINE
8
BLACK
6
CONTINUOUS
10
1.4269561811023621
20
2.0432742913385828
11
1.4208953543307086
21
2.0407638188976378
0
LINE
8
BLACK
6
CONTINUOUS
10
1.4208953543307086
20
2.0407638188976378
11
1.4144612204724409
21
2.0394839763779529
0
LINE
8
BLACK
6
CONTINUOUS
10
1.4144612204724409
20
2.0394839763779529
11
1.4079009842519685
21
2.0394839763779529
0
LINE
8
BLACK
6
CONTINUOUS
10
1.4079009842519685
20
2.0394839763779529
11
1.4014668503937007
21
2.0407638188976378
0
LINE
8
BLACK
6
CONTINUOUS
10
1.4014668503937007
20
2.0407638188976378
11
1.3954060236220471
21
2.0432742913385828
0
LINE
8
BLACK
6
CONTINUOUS
10
1.3954060236220471
20
2.0432742913385828
11
1.3899514173228347
21
2.0469189370078738
0
LINE
8
BLACK
6
CONTINUOUS
10
1.3899514173228347
20
2.0469189370078738
11
1.3853126377952756
21
2.0515577165354331
0
LINE
8
BLACK
6
CONTINUOUS
10
1.3853126377952756
20
2.0515577165354331
11
1.3816679921259842
21
2.0570123228346455
0
LINE
8
BLACK
6
CONTINUOUS
10
1.3816679921259842
20
2.0570123228346455
11
1.3791575196850394
21
2.0630731496062991
0
LINE
8
BLACK
6
CONTINUOUS
10
1.3791575196850394
20
2.0630731496062991
11
1.3778776771653543
21
2.0695072834645667
0
LINE
8
BLACK
6
CONTINUOUS
10
1.3778776771653543
20
2.0695072834645667
11
1.3778776771653543
21
2.0760675196850391
0
LINE
8
BLACK
6
CONTINUOUS
10
1.3778776771653543
20
2.0760675196850391
11
1.3791575196850394
21
2.0825016535433072
0
LINE
8
BLACK
6
CONTINUOUS
10
1.3791575196850394
20
2.0825016535433072
11
1.3816679921259842
21
2.0885624803149607
0
LINE
8
BLACK
6
CONTINUOUS
10
1.3816679921259842
20
2.0885624803149607
11
1.3853126377952756
21
2.0940170866141732
0
LINE
8
BLACK
6
CONTINUOUS
10
1.3853126377952756
20
2.0940170866141732
11
1.3899514173228347
21
2.0986558661417321
0
LINE
8
BLACK
6
CONTINUOUS
10
1.3899514173228347
20
2.0986558661417321
11
1.3954060236220471
21
2.1023005118110234
0
LINE
8
BLACK
6
CONTINUOUS
10
1.3954060236220471
20
2.1023005118110234
11
1.4014668503937007
21
2.1048109842519684
0
LINE
8
BLACK
6
CONTINUOUS
10
1.4014668503937007
20
2.1048109842519684
11
1.4079009842519685
21
2.1060908267716534
0
LINE
8
BLACK
6
CONTINUOUS
10
1.4079009842519685
20
2.1060908267716534
11
1.4144612204724409
21
2.1060908267716534
0
LINE
8
BLACK
6
CONTINUOUS
10
1.4144612204724409
20
2.1060908267716534
11
1.4208953543307086
21
2.1048109842519684
0
LINE
8
BLACK
6
CONTINUOUS
10
1.5208953543307087
20
2.1048109842519684
11
1.5269561811023622
21
2.1023005118110234
0
LINE
8
BLACK
6
CONTINUOUS
10
1.5269561811023622
20
2.1023005118110234
11
1.5324107874015747
21
2.0986558661417321
0
LINE
8
BLACK
6
CONTINUOUS
10
1.5324107874015747
20
2.0986558661417321
11
1.5370495669291337
21
2.0940170866141732
0
LINE
8
BLACK
6
CONTINUOUS
10
1.5370495669291337
20
2.0940170866141732
11
1.5406942125984251
21
2.0885624803149607
0
LINE
8
BLACK
6
CONTINUOUS
10
1.5406942125984251
20
2.0885624803149607
11
1.5432046850393701
21
2.0825016535433072
0
LINE
8
BLACK
6
CONTINUOUS
10
1.5432046850393701
20
2.0825016535433072
11
1.5444845275590551
21
2.0760675196850391
0
LINE
8
BLACK
6
CONTINUOUS
10
1.5444845275590551
20
2.0760675196850391
11
1.5444845275590551
21
2.0695072834645667
0
LINE
8
BLACK
6
CONTINUOUS
10
1.5444845275590551
20
2.0695072834645667
11
1.5432046850393701
21
2.0630731496062991
0
LINE
8
BLACK
6
CONTINUOUS
10
1.5432046850393701
20
2.0630731496062991
11
1.5406942125984251
21
2.0570123228346455
0
LINE
8
BLACK
6
CONTINUOUS
10
1.5406942125984251
20
2.0570123228346455
11
1.5370495669291337
21
2.0515577165354331
0
LINE
8
BLACK
6
CONTINUOUS
10
1.5370495669291337
20
2.0515577165354331
11
1.5324107874015747
21
2.0469189370078738
0
LINE
8
BLACK
6
CONTINUOUS
10
1.5324107874015747
20
2.0469189370078738
11
1.5269561811023622
21
2.0432742913385828
0
LINE
8
BLACK
6
CONTINUOUS
10
1.5269561811023622
20
2.0432742913385828
11
1.5208953543307087
21
2.0407638188976378
0
LINE
8
BLACK
6
CONTINUOUS
10
1.5208953543307087
20
2.0407638188976378
11
1.5144612204724408
21
2.0394839763779529
0
LINE
8
BLACK
6
CONTINUOUS
10
1.5144612204724408
20
2.0394839763779529
11
1.5079009842519684
21
2.0394839763779529
0
LINE
8
BLACK
6
CONTINUOUS
10
1.5079009842519684
20
2.0394839763779529
11
1.5014668503937008
21
2.0407638188976378
0
LINE
8
BLACK
6
CONTINUOUS
10
1.5014668503937008
20
2.0407638188976378
11
1.4954060236220472
21
2.0432742913385828
0
LINE
8
BLACK
6
CONTINUOUS
10
1.4954060236220472
20
2.0432742913385828
11
1.4899514173228345
21
2.0469189370078738
0
LINE
8
BLACK
6
CONTINUOUS
10
1.4899514173228345
20
2.0469189370078738
11
1.4853126377952754
21
2.0515577165354331
0
LINE
8
BLACK
6
CONTINUOUS
10
1.4853126377952754
20
2.0515577165354331
11
1.4816679921259843
21
2.0570123228346455
0
LINE
8
BLACK
6
CONTINUOUS
10
1.4816679921259843
20
2.0570123228346455
11
1.4791575196850393
21
2.0630731496062991
0
LINE
8
BLACK
6
CONTINUOUS
10
1.4791575196850393
20
2.0630731496062991
11
1.4778776771653543
21
2.0695072834645667
0
LINE
8
BLACK
6
CONTINUOUS
10
1.4778776771653543
20
2.0695072834645667
11
1.4778776771653543
21
2.0760675196850391
0
LINE
8
BLACK
6
CONTINUOUS
10
1.4778776771653543
20
2.0760675196850391
11
1.4791575196850393
21
2.0825016535433072
0
LINE
8
BLACK
6
CONTINUOUS
10
1.4791575196850393
20
2.0825016535433072
11
1.4816679921259843
21
2.0885624803149607
0
LINE
8
BLACK
6
CONTINUOUS
10
1.4816679921259843
20
2.0885624803149607
11
1.4853126377952754
21
2.0940170866141732
0
LINE
8
BLACK
6
CONTINUOUS
10
1.4853126377952754
20
2.0940170866141732
11
1.4899514173228345
21
2.0986558661417321
0
LINE
8
BLACK
6
CONTINUOUS
10
1.4899514173228345
20
2.0986558661417321
11
1.4954060236220472
21
2.1023005118110234
0
LINE
8
BLACK
6
CONTINUOUS
10
1.4954060236220472
20
2.1023005118110234
11
1.5014668503937008
21
2.1048109842519684
0
LINE
8
BLACK
6
CONTINUOUS
10
1.5014668503937008
20
2.1048109842519684
11
1.5079009842519684
21
2.1060908267716534
0
LINE
8
BLACK
6
CONTINUOUS
10
1.5079009842519684
20
2.1060908267716534
11
1.5144612204724408
21
2.1060908267716534
0
LINE
8
BLACK
6
CONTINUOUS
10
1.5144612204724408
20
2.1060908267716534
11
1.5208953543307087
21
2.1048109842519684
0
LINE
8
BLACK
6
CONTINUOUS
10
1.6208953543307085
20
2.1048109842519684
11
1.6269561811023621
21
2.1023005118110234
0
LINE
8
BLACK
6
CONTINUOUS
10
1.6269561811023621
20
2.1023005118110234
11
1.6324107874015747
21
2.0986558661417321
0
LINE
8
BLACK
6
CONTINUOUS
10
1.6324107874015747
20
2.0986558661417321
11
1.6370495669291338
21
2.0940170866141732
0
LINE
8
BLACK
6
CONTINUOUS
10
1.6370495669291338
20
2.0940170866141732
11
1.6406942125984252
21
2.0885624803149607
0
LINE
8
BLACK
6
CONTINUOUS
10
1.6406942125984252
20
2.0885624803149607
11
1.64320468503937
21
2.0825016535433072
0
LINE
8
BLACK
6
CONTINUOUS
10
1.64320468503937
20
2.0825016535433072
11
1.6444845275590552
21
2.0760675196850391
0
LINE
8
BLACK
6
CONTINUOUS
10
1.6444845275590552
20
2.0760675196850391
11
1.6444845275590552
21
2.0695072834645667
0
LINE
8
BLACK
6
CONTINUOUS
10
1.6444845275590552
20
2.0695072834645667
11
1.64320468503937
21
2.0630731496062991
0
LINE
8
BLACK
6
CONTINUOUS
10
1.64320468503937
20
2.0630731496062991
11
1.6406942125984252
21
2.0570123228346455
0
LINE
8
BLACK
6
CONTINUOUS
10
1.6406942125984252
20
2.0570123228346455
11
1.6370495669291338
21
2.0515577165354331
0
LINE
8
BLACK
6
CONTINUOUS
10
1.6370495669291338
20
2.0515577165354331
11
1.6324107874015747
21
2.0469189370078738
0
LINE
8
BLACK
6
CONTINUOUS
10
1.6324107874015747
20
2.0469189370078738
11
1.6269561811023621
21
2.0432742913385828
0
LINE
8
BLACK
6
CONTINUOUS
10
1.6269561811023621
20
2.0432742913385828
11
1.6208953543307085
21
2.0407638188976378
0
LINE
8
BLACK
6
CONTINUOUS
10
1.6208953543307085
20
2.0407638188976378
11
1.6144612204724409
21
2.0394839763779529
0
LINE
8
BLACK
6
CONTINUOUS
10
1.6144612204724409
20
2.0394839763779529
11
1.6079009842519685
21
2.0394839763779529
0
LINE
8
BLACK
6
CONTINUOUS
10
1.6079009842519685
20
2.0394839763779529
11
1.6014668503937008
21
2.0407638188976378
0
LINE
8
BLACK
6
CONTINUOUS
10
1.6014668503937008
20
2.0407638188976378
11
1.5954060236220473
21
2.0432742913385828
0
LINE
8
BLACK
6
CONTINUOUS
10
1.5954060236220473
20
2.0432742913385828
11
1.5899514173228346
21
2.0469189370078738
0
LINE
8
BLACK
6
CONTINUOUS
10
1.5899514173228346
20
2.0469189370078738
11
1.5853126377952755
21
2.0515577165354331
0
LINE
8
BLACK
6
CONTINUOUS
10
1.5853126377952755
20
2.0515577165354331
11
1.5816679921259842
21
2.0570123228346455
0
LINE
8
BLACK
6
CONTINUOUS
10
1.5816679921259842
20
2.0570123228346455
11
1.5791575196850394
21
2.0630731496062991
0
LINE
8
BLACK
6
CONTINUOUS
10
1.5791575196850394
20
2.0630731496062991
11
1.5778776771653542
21
2.0695072834645667
0
LINE
8
BLACK
6
CONTINUOUS
10
1.5778776771653542
20
2.0695072834645667
11
1.5778776771653542
21
2.0760675196850391
0
LINE
8
BLACK
6
CONTINUOUS
10
1.5778776771653542
20
2.0760675196850391
11
1.5791575196850394
21
2.0825016535433072
0
LINE
8
BLACK
6
CONTINUOUS
10
1.5791575196850394
20
2.0825016535433072
11
1.5816679921259842
21
2.0885624803149607
0
LINE
8
BLACK
6
CONTINUOUS
10
1.5816679921259842
20
2.0885624803149607
11
1.5853126377952755
21
2.0940170866141732
0
LINE
8
BLACK
6
CONTINUOUS
10
1.5853126377952755
20
2.0940170866141732
11
1.5899514173228346
21
2.0986558661417321
0
LINE
8
BLACK
6
CONTINUOUS
10
1.5899514173228346
20
2.0986558661417321
11
1.5954060236220473
21
2.1023005118110234
0
LINE
8
BLACK
6
CONTINUOUS
10
1.5954060236220473
20
2.1023005118110234
11
1.6014668503937008
21
2.1048109842519684
0
LINE
8
BLACK
6
CONTINUOUS
10
1.6014668503937008
20
2.1048109842519684
11
1.6079009842519685
21
2.1060908267716534
0
LINE
8
BLACK
6
CONTINUOUS
10
1.6079009842519685
20
2.1060908267716534
11
1.6144612204724409
21
2.1060908267716534
0
LINE
8
BLACK
6
CONTINUOUS
10
1.6144612204724409
20
2.1060908267716534
11
1.6208953543307085
21
2.1048109842519684
0
LINE
8
BLACK
6
CONTINUOUS
10
1.7208953543307086
20
2.1048109842519684
11
1.7269561811023622
21
2.1023005118110234
0
LINE
8
BLACK
6
CONTINUOUS
10
1.7269561811023622
20
2.1023005118110234
11
1.7324107874015748
21
2.0986558661417321
0
LINE
8
BLACK
6
CONTINUOUS
10
1.7324107874015748
20
2.0986558661417321
11
1.7370495669291339
21
2.0940170866141732
0
LINE
8
BLACK
6
CONTINUOUS
10
1.7370495669291339
20
2.0940170866141732
11
1.7406942125984251
21
2.0885624803149607
0
LINE
8
BLACK
6
CONTINUOUS
10
1.7406942125984251
20
2.0885624803149607
11
1.7432046850393701
21
2.0825016535433072
0
LINE
8
BLACK
6
CONTINUOUS
10
1.7432046850393701
20
2.0825016535433072
11
1.744484527559055
21
2.0760675196850391
0
LINE
8
BLACK
6
CONTINUOUS
10
1.744484527559055
20
2.0760675196850391
11
1.744484527559055
21
2.0695072834645667
0
LINE
8
BLACK
6
CONTINUOUS
10
1.744484527559055
20
2.0695072834645667
11
1.7432046850393701
21
2.0630731496062991
0
LINE
8
BLACK
6
CONTINUOUS
10
1.7432046850393701
20
2.0630731496062991
11
1.7406942125984251
21
2.0570123228346455
0
LINE
8
BLACK
6
CONTINUOUS
10
1.7406942125984251
20
2.0570123228346455
11
1.7370495669291339
21
2.0515577165354331
0
LINE
8
BLACK
6
CONTINUOUS
10
1.7370495669291339
20
2.0515577165354331
11
1.7324107874015748
21
2.0469189370078738
0
LINE
8
BLACK
6
CONTINUOUS
10
1.7324107874015748
20
2.0469189370078738
11
1.7269561811023622
21
2.0432742913385828
0
LINE
8
BLACK
6
CONTINUOUS
10
1.7269561811023622
20
2.0432742913385828
11
1.7208953543307086
21
2.0407638188976378
0
LINE
8
BLACK
6
CONTINUOUS
10
1.7208953543307086
20
2.0407638188976378
11
1.714461220472441
21
2.0394839763779529
0
LINE
8
BLACK
6
CONTINUOUS
10
1.714461220472441
20
2.0394839763779529
11
1.7079009842519686
21
2.0394839763779529
0
LINE
8
BLACK
6
CONTINUOUS
10
1.7079009842519686
20
2.0394839763779529
11
1.7014668503937007
21
2.0407638188976378
0
LINE
8
BLACK
6
CONTINUOUS
10
1.7014668503937007
20
2.0407638188976378
11
1.6954060236220472
21
2.0432742913385828
0
LINE
8
BLACK
6
CONTINUOUS
10
1.6954060236220472
20
2.0432742913385828
11
1.6899514173228347
21
2.0469189370078738
0
LINE
8
BLACK
6
CONTINUOUS
10
1.6899514173228347
20
2.0469189370078738
11
1.6853126377952756
21
2.0515577165354331
0
LINE
8
BLACK
6
CONTINUOUS
10
1.6853126377952756
20
2.0515577165354331
11
1.6816679921259843
21
2.0570123228346455
0
LINE
8
BLACK
6
CONTINUOUS
10
1.6816679921259843
20
2.0570123228346455
11
1.6791575196850392
21
2.0630731496062991
0
LINE
8
BLACK
6
CONTINUOUS
10
1.6791575196850392
20
2.0630731496062991
11
1.6778776771653543
21
2.0695072834645667
0
LINE
8
BLACK
6
CONTINUOUS
10
1.6778776771653543
20
2.0695072834645667
11
1.6778776771653543
21
2.0760675196850391
0
LINE
8
BLACK
6
CONTINUOUS
10
1.6778776771653543
20
2.0760675196850391
11
1.6791575196850392
21
2.0825016535433072
0
LINE
8
BLACK
6
CONTINUOUS
10
1.6791575196850392
20
2.0825016535433072
11
1.6816679921259843
21
2.0885624803149607
0
LINE
8
BLACK
6
CONTINUOUS
10
1.6816679921259843
20
2.0885624803149607
11
1.6853126377952756
21
2.0940170866141732
0
LINE
8
BLACK
6
CONTINUOUS
10
1.6853126377952756
20
2.0940170866141732
11
1.6899514173228347
21
2.0986558661417321
0
LINE
8
BLACK
6
CONTINUOUS
10
1.6899514173228347
20
2.0986558661417321
11
1.6954060236220472
21
2.1023005118110234
0
LINE
8
BLACK
6
CONTINUOUS
10
1.6954060236220472
20
2.1023005118110234
11
1.7014668503937007
21
2.1048109842519684
0
LINE
8
BLACK
6
CONTINUOUS
10
1.7014668503937007
20
2.1048109842519684
11
1.7079009842519686
21
2.1060908267716534
0
LINE
8
BLACK
6
CONTINUOUS
10
1.7079009842519686
20
2.1060908267716534
11
1.714461220472441
21
2.1060908267716534
0
LINE
8
BLACK
6
CONTINUOUS
10
1.714461220472441
20
2.1060908267716534
11
1.7208953543307086
21
2.1048109842519684
0
LINE
8
BLACK
6
CONTINUOUS
10
1.8208953543307087
20
2.1048109842519684
11
1.8269561811023622
21
2.1023005118110234
0
LINE
8
BLACK
6
CONTINUOUS
10
1.8269561811023622
20
2.1023005118110234
11
1.8324107874015747
21
2.0986558661417321
0
LINE
8
BLACK
6
CONTINUOUS
10
1.8324107874015747
20
2.0986558661417321
11
1.8370495669291338
21
2.0940170866141732
0
LINE
8
BLACK
6
CONTINUOUS
10
1.8370495669291338
20
2.0940170866141732
11
1.8406942125984251
21
2.0885624803149607
0
LINE
8
BLACK
6
CONTINUOUS
10
1.8406942125984251
20
2.0885624803149607
11
1.84320468503937
21
2.0825016535433072
0
LINE
8
BLACK
6
CONTINUOUS
10
1.84320468503937
20
2.0825016535433072
11
1.8444845275590551
21
2.0760675196850391
0
LINE
8
BLACK
6
CONTINUOUS
10
1.8444845275590551
20
2.0760675196850391
11
1.8444845275590551
21
2.0695072834645667
0
LINE
8
BLACK
6
CONTINUOUS
10
1.8444845275590551
20
2.0695072834645667
11
1.84320468503937
21
2.0630731496062991
0
LINE
8
BLACK
6
CONTINUOUS
10
1.84320468503937
20
2.0630731496062991
11
1.8406942125984251
21
2.0570123228346455
0
LINE
8
BLACK
6
CONTINUOUS
10
1.8406942125984251
20
2.0570123228346455
11
1.8370495669291338
21
2.0515577165354331
0
LINE
8
BLACK
6
CONTINUOUS
10
1.8370495669291338
20
2.0515577165354331
11
1.8324107874015747
21
2.0469189370078738
0
LINE
8
BLACK
6
CONTINUOUS
10
1.8324107874015747
20
2.0469189370078738
11
1.8269561811023622
21
2.0432742913385828
0
LINE
8
BLACK
6
CONTINUOUS
10
1.8269561811023622
20
2.0432742913385828
11
1.8208953543307087
21
2.0407638188976378
0
LINE
8
BLACK
6
CONTINUOUS
10
1.8208953543307087
20
2.0407638188976378
11
1.8144612204724408
21
2.0394839763779529
0
LINE
8
BLACK
6
CONTINUOUS
10
1.8144612204724408
20
2.0394839763779529
11
1.8079009842519684
21
2.0394839763779529
0
LINE
8
BLACK
6
CONTINUOUS
10
1.8079009842519684
20
2.0394839763779529
11
1.8014668503937008
21
2.0407638188976378
0
LINE
8
BLACK
6
CONTINUOUS
10
1.8014668503937008
20
2.0407638188976378
11
1.7954060236220473
21
2.0432742913385828
0
LINE
8
BLACK
6
CONTINUOUS
10
1.7954060236220473
20
2.0432742913385828
11
1.7899514173228346
21
2.0469189370078738
0
LINE
8
BLACK
6
CONTINUOUS
10
1.7899514173228346
20
2.0469189370078738
11
1.7853126377952755
21
2.0515577165354331
0
LINE
8
BLACK
6
CONTINUOUS
10
1.7853126377952755
20
2.0515577165354331
11
1.7816679921259841
21
2.0570123228346455
0
LINE
8
BLACK
6
CONTINUOUS
10
1.7816679921259841
20
2.0570123228346455
11
1.7791575196850393
21
2.0630731496062991
0
LINE
8
BLACK
6
CONTINUOUS
10
1.7791575196850393
20
2.0630731496062991
11
1.7778776771653544
21
2.0695072834645667
0
LINE
8
BLACK
6
CONTINUOUS
10
1.7778776771653544
20
2.0695072834645667
11
1.7778776771653544
21
2.0760675196850391
0
LINE
8
BLACK
6
CONTINUOUS
10
1.7778776771653544
20
2.0760675196850391
11
1.7791575196850393
21
2.0825016535433072
0
LINE
8
BLACK
6
CONTINUOUS
10
1.7791575196850393
20
2.0825016535433072
11
1.7816679921259841
21
2.0885624803149607
0
LINE
8
BLACK
6
CONTINUOUS
10
1.7816679921259841
20
2.0885624803149607
11
1.7853126377952755
21
2.0940170866141732
0
LINE
8
BLACK
6
CONTINUOUS
10
1.7853126377952755
20
2.0940170866141732
11
1.7899514173228346
21
2.0986558661417321
0
LINE
8
BLACK
6
CONTINUOUS
10
1.7899514173228346
20
2.0986558661417321
11
1.7954060236220473
21
2.1023005118110234
0
LINE
8
BLACK
6
CONTINUOUS
10
1.7954060236220473
20
2.1023005118110234
11
1.8014668503937008
21
2.1048109842519684
0
LINE
8
BLACK
6
CONTINUOUS
10
1.8014668503937008
20
2.1048109842519684
11
1.8079009842519684
21
2.1060908267716534
0
LINE
8
BLACK
6
CONTINUOUS
10
1.8079009842519684
20
2.1060908267716534
11
1.8144612204724408
21
2.1060908267716534
0
LINE
8
BLACK
6
CONTINUOUS
10
1.8144612204724408
20
2.1060908267716534
11
1.8208953543307087
21
2.1048109842519684
0
LINE
8
BLACK
6
CONTINUOUS
10
2.2208953543307084
20
2.1048109842519684
11
2.2269561811023624
21
2.1023005118110234
0
LINE
8
BLACK
6
CONTINUOUS
10
2.2269561811023624
20
2.1023005118110234
11
2.2324107874015748
21
2.0986558661417321
0
LINE
8
BLACK
6
CONTINUOUS
10
2.2324107874015748
20
2.0986558661417321
11
2.2370495669291337
21
2.0940170866141732
0
LINE
8
BLACK
6
CONTINUOUS
10
2.2370495669291337
20
2.0940170866141732
11
2.2406942125984251
21
2.0885624803149607
0
LINE
8
BLACK
6
CONTINUOUS
10
2.2406942125984251
20
2.0885624803149607
11
2.2432046850393701
21
2.0825016535433072
0
LINE
8
BLACK
6
CONTINUOUS
10
2.2432046850393701
20
2.0825016535433072
11
2.244484527559055
21
2.0760675196850391
0
LINE
8
BLACK
6
CONTINUOUS
10
2.244484527559055
20
2.0760675196850391
11
2.244484527559055
21
2.0695072834645667
0
LINE
8
BLACK
6
CONTINUOUS
10
2.244484527559055
20
2.0695072834645667
11
2.2432046850393701
21
2.0630731496062991
0
LINE
8
BLACK
6
CONTINUOUS
10
2.2432046850393701
20
2.0630731496062991
11
2.2406942125984251
21
2.0570123228346455
0
LINE
8
BLACK
6
CONTINUOUS
10
2.2406942125984251
20
2.0570123228346455
11
2.2370495669291337
21
2.0515577165354331
0
LINE
8
BLACK
6
CONTINUOUS
10
2.2370495669291337
20
2.0515577165354331
11
2.2324107874015748
21
2.0469189370078738
0
LINE
8
BLACK
6
CONTINUOUS
10
2.2324107874015748
20
2.0469189370078738
11
2.2269561811023624
21
2.0432742913385828
0
LINE
8
BLACK
6
CONTINUOUS
10
2.2269561811023624
20
2.0432742913385828
11
2.2208953543307084
21
2.0407638188976378
0
LINE
8
BLACK
6
CONTINUOUS
10
2.2208953543307084
20
2.0407638188976378
11
2.2144612204724408
21
2.0394839763779529
0
LINE
8
BLACK
6
CONTINUOUS
10
2.2144612204724408
20
2.0394839763779529
11
2.2079009842519683
21
2.0394839763779529
0
LINE
8
BLACK
6
CONTINUOUS
10
2.2079009842519683
20
2.0394839763779529
11
2.2014668503937007
21
2.0407638188976378
0
LINE
8
BLACK
6
CONTINUOUS
10
2.2014668503937007
20
2.0407638188976378
11
2.1954060236220472
21
2.0432742913385828
0
LINE
8
BLACK
6
CONTINUOUS
10
2.1954060236220472
20
2.0432742913385828
11
2.1899514173228347
21
2.0469189370078738
0
LINE
8
BLACK
6
CONTINUOUS
10
2.1899514173228347
20
2.0469189370078738
11
2.1853126377952754
21
2.0515577165354331
0
LINE
8
BLACK
6
CONTINUOUS
10
2.1853126377952754
20
2.0515577165354331
11
2.1816679921259841
21
2.0570123228346455
0
LINE
8
BLACK
6
CONTINUOUS
10
2.1816679921259841
20
2.0570123228346455
11
2.1791575196850395
21
2.0630731496062991
0
LINE
8
BLACK
6
CONTINUOUS
10
2.1791575196850395
20
2.0630731496062991
11
2.1778776771653541
21
2.0695072834645667
0
LINE
8
BLACK
6
CONTINUOUS
10
2.1778776771653541
20
2.0695072834645667
11
2.1778776771653541
21
2.0760675196850391
0
LINE
8
BLACK
6
CONTINUOUS
10
2.1778776771653541
20
2.0760675196850391
11
2.1791575196850395
21
2.0825016535433072
0
LINE
8
BLACK
6
CONTINUOUS
10
2.1791575196850395
20
2.0825016535433072
11
2.1816679921259841
21
2.0885624803149607
0
LINE
8
BLACK
6
CONTINUOUS
10
2.1816679921259841
20
2.0885624803149607
11
2.1853126377952754
21
2.0940170866141732
0
LINE
8
BLACK
6
CONTINUOUS
10
2.1853126377952754
20
2.0940170866141732
11
2.1899514173228347
21
2.0986558661417321
0
LINE
8
BLACK
6
CONTINUOUS
10
2.1899514173228347
20
2.0986558661417321
11
2.1954060236220472
21
2.1023005118110234
0
LINE
8
BLACK
6
CONTINUOUS
10
2.1954060236220472
20
2.1023005118110234
11
2.2014668503937007
21
2.1048109842519684
0
LINE
8
BLACK
6
CONTINUOUS
10
2.2014668503937007
20
2.1048109842519684
11
2.2079009842519683
21
2.1060908267716534
0
LINE
8
BLACK
6
CONTINUOUS
10
2.2079009842519683
20
2.1060908267716534
11
2.2144612204724408
21
2.1060908267716534
0
LINE
8
BLACK
6
CONTINUOUS
10
2.2144612204724408
20
2.1060908267716534
11
2.2208953543307084
21
2.1048109842519684
0
LINE
8
BLACK
6
CONTINUOUS
10
2.9879799606299211
20
2.1888422440944884
11
2.9893958661417321
21
2.1868934251968501
0
LINE
8
BLACK
6
CONTINUOUS
10
2.9893958661417321
20
2.1868934251968501
11
2.9895866141732284
21
2.1856889763779526
0
LINE
8
BLACK
6
CONTINUOUS
10
2.9895866141732284
20
2.1856889763779526
11
2.9895866141732284
21
0.214311062992126
0
LINE
8
BLACK
6
CONTINUOUS
10
2.9895866141732284
20
0.214311062992126
11
2.9888422440944882
21
0.2120200787401575
0
LINE
8
BLACK
6
CONTINUOUS
10
2.9888422440944882
20
0.2120200787401575
11
2.9868934251968504
21
0.2106041732283465
0
LINE
8
BLACK
6
CONTINUOUS
10
2.9868934251968504
20
0.2106041732283465
11
2.9856889763779528
21
0.2104134251968504
0
LINE
8
BLACK
6
CONTINUOUS
10
2.9856889763779528
20
0.2104134251968504
11
0.2143110236220472
21
0.2104134251968504
0
LINE
8
BLACK
6
CONTINUOUS
10
0.2143110236220472
20
0.2104134251968504
11
0.2120200393700787
21
0.2111577952755906
0
LINE
8
BLACK
6
CONTINUOUS
10
0.2120200393700787
20
0.2111577952755906
11
0.2106041338582677
21
0.2131066141732283
0
LINE
8
BLACK
6
CONTINUOUS
10
0.2106041338582677
20
0.2131066141732283
11
0.2104133858267717
21
0.214311062992126
0
LINE
8
BLACK
6
CONTINUOUS
10
0.2104133858267717
20
0.214311062992126
11
0.2104133858267717
21
0.5398796850393701
0
LINE
8
BLACK
6
CONTINUOUS
10
0.2104133858267717
20
0.5398796850393701
11
0.2104133858267717
21
2.1078857874015746
0
LINE
8
BLACK
6
CONTINUOUS
10
0.2104133858267717
20
2.1078857874015746
11
0.2104133858267717
21
2.1856889763779526
0
LINE
8
BLACK
6
CONTINUOUS
10
0.2104133858267717
20
2.1856889763779526
11
0.2111577559055118
21
2.1879799606299213
0
LINE
8
BLACK
6
CONTINUOUS
10
0.2111577559055118
20
2.1879799606299213
11
0.2131065748031496
21
2.1893958661417323
0
LINE
8
BLACK
6
CONTINUOUS
10
0.2131065748031496
20
2.1893958661417323
11
0.2143110236220472
21
2.1895866141732281
0
LINE
8
BLACK
6
CONTINUOUS
10
0.2143110236220472
20
2.1895866141732281
11
2.9856889763779528
21
2.1895866141732281
0
LINE
8
BLACK
6
CONTINUOUS
10
2.9856889763779528
20
2.1895866141732281
11
2.9879799606299211
21
2.1888422440944884
0
LINE
8
BLACK
6
CONTINUOUS
10
0.9546102362204725
20
0.5321203543307087
11
0.9561239763779528
21
0.5245104724409448
0
LINE
8
BLACK
6
CONTINUOUS
10
0.9561239763779528
20
0.5245104724409448
11
0.9561239763779528
21
0.5245103937007873
0
LINE
8
BLACK
6
CONTINUOUS
10
0.9561239763779528
20
0.5245103937007873
11
0.959093188976378
21
0.5173420078740157
0
LINE
8
BLACK
6
CONTINUOUS
10
0.959093188976378
20
0.5173420078740157
11
0.9590932283464567
21
0.517341968503937
0
LINE
8
BLACK
6
CONTINUOUS
10
0.9590932283464567
20
0.517341968503937
11
0.9634039763779527
21
0.5108904724409449
0
LINE
8
BLACK
6
CONTINUOUS
10
0.9634039763779527
20
0.5108904724409449
11
0.9688904724409448
21
0.5054039763779528
0
LINE
8
BLACK
6
CONTINUOUS
10
0.9688904724409448
20
0.5054039763779528
11
0.975341968503937
21
0.5010932283464566
0
LINE
8
BLACK
6
CONTINUOUS
10
0.975341968503937
20
0.5010932283464566
11
0.9825104330708662
21
0.4981239763779527
0
LINE
8
BLACK
6
CONTINUOUS
10
0.9825104330708662
20
0.4981239763779527
11
0.9901204330708662
21
0.4966102362204725
0
LINE
8
BLACK
6
CONTINUOUS
10
0.9901204330708662
20
0.4966102362204725
11
0.9901204724409448
21
0.4966102362204725
0
LINE
8
BLACK
6
CONTINUOUS
10
0.9901204724409448
20
0.4966102362204725
11
0.9978795275590551
21
0.4966102362204725
0
LINE
8
BLACK
6
CONTINUOUS
10
0.9978795275590551
20
0.4966102362204725
11
0.9978795669291338
21
0.4966102362204725
0
LINE
8
BLACK
6
CONTINUOUS
10
0.9978795669291338
20
0.4966102362204725
11
1.0054895669291339
21
0.4981239763779527
0
LINE
8
BLACK
6
CONTINUOUS
10
1.0054895669291339
20
0.4981239763779527
11
1.0126580314960629
21
0.5010932283464566
0
LINE
8
BLACK
6
CONTINUOUS
10
1.0126580314960629
20
0.5010932283464566
11
1.0191095275590552
21
0.5054039763779528
0
LINE
8
BLACK
6
CONTINUOUS
10
1.0191095275590552
20
0.5054039763779528
11
1.0245960236220473
21
0.5108904724409449
0
LINE
8
BLACK
6
CONTINUOUS
10
1.0245960236220473
20
0.5108904724409449
11
1.0289067716535434
21
0.517341968503937
0
LINE
8
BLACK
6
CONTINUOUS
10
1.0289067716535434
20
0.517341968503937
11
1.0318760236220472
21
0.5245104330708661
0
LINE
8
BLACK
6
CONTINUOUS
10
1.0318760236220472
20
0.5245104330708661
11
1.0333897637795275
21
0.5321204330708661
0
LINE
8
BLACK
6
CONTINUOUS
10
1.0333897637795275
20
0.5321204330708661
11
1.0333897637795275
21
0.5398795669291339
0
LINE
8
BLACK
6
CONTINUOUS
10
1.0333897637795275
20
0.5398795669291339
11
1.0318760236220472
21
0.5474895669291339
0
LINE
8
BLACK
6
CONTINUOUS
10
1.0318760236220472
20
0.5474895669291339
11
1.0289067716535434
21
0.554658031496063
0
LINE
8
BLACK
6
CONTINUOUS
10
1.0289067716535434
20
0.554658031496063
11
1.0245960236220473
21
0.5611095275590551
0
LINE
8
BLACK
6
CONTINUOUS
10
1.0245960236220473
20
0.5611095275590551
11
1.0191095275590552
21
0.5665960236220472
0
LINE
8
BLACK
6
CONTINUOUS
10
1.0191095275590552
20
0.5665960236220472
11
1.0126580314960629
21
0.5709067716535433
0
LINE
8
BLACK
6
CONTINUOUS
10
1.0126580314960629
20
0.5709067716535433
11
1.0126580708661417
21
0.5709067716535433
0
LINE
8
BLACK
6
CONTINUOUS
10
1.0126580708661417
20
0.5709067716535433
11
1.0126579921259842
21
0.5709068110236221
0
LINE
8
BLACK
6
CONTINUOUS
10
1.0126579921259842
20
0.5709068110236221
11
1.0054895669291339
21
0.5738760236220473
0
LINE
8
BLACK
6
CONTINUOUS
10
1.0054895669291339
20
0.5738760236220473
11
0.9978796456692913
21
0.5753897637795276
0
LINE
8
BLACK
6
CONTINUOUS
10
0.9978796456692913
20
0.5753897637795276
11
0.9978795669291338
21
0.5753897637795276
0
LINE
8
BLACK
6
CONTINUOUS
10
0.9978795669291338
20
0.5753897637795276
11
0.9901204330708662
21
0.5753897637795276
0
LINE
8
BLACK
6
CONTINUOUS
10
0.9901204330708662
20
0.5753897637795276
11
0.9901203149606299
21
0.5753897637795276
0
LINE
8
BLACK
6
CONTINUOUS
10
0.9901203149606299
20
0.5753897637795276
11
0.9825104330708662
21
0.5738760236220473
0
LINE
8
BLACK
6
CONTINUOUS
10
0.9825104330708662
20
0.5738760236220473
11
0.9825103543307087
21
0.5738760236220473
0
LINE
8
BLACK
6
CONTINUOUS
10
0.9825103543307087
20
0.5738760236220473
11
0.975341968503937
21
0.5709068110236221
0
LINE
8
BLACK
6
CONTINUOUS
10
0.975341968503937
20
0.5709068110236221
11
0.9688904724409448
21
0.5665960236220472
0
LINE
8
BLACK
6
CONTINUOUS
10
0.9688904724409448
20
0.5665960236220472
11
0.9688903149606299
21
0.566595905511811
0
LINE
8
BLACK
6
CONTINUOUS
10
0.9688903149606299
20
0.566595905511811
11
0.963404094488189
21
0.5611096850393701
0
LINE
8
BLACK
6
CONTINUOUS
10
0.963404094488189
20
0.5611096850393701
11
0.9634039763779527
21
0.5611095275590551
0
LINE
8
BLACK
6
CONTINUOUS
10
0.9634039763779527
20
0.5611095275590551
11
0.959093188976378
21
0.554658031496063
0
LINE
8
BLACK
6
CONTINUOUS
10
0.959093188976378
20
0.554658031496063
11
0.9561239763779528
21
0.5474896456692914
0
LINE
8
BLACK
6
CONTINUOUS
10
0.9561239763779528
20
0.5474896456692914
11
0.9561239763779528
21
0.5474895669291339
0
LINE
8
BLACK
6
CONTINUOUS
10
0.9561239763779528
20
0.5474895669291339
11
0.9546102362204725
21
0.5398796850393701
0
LINE
8
BLACK
6
CONTINUOUS
10
0.9546102362204725
20
0.5398796850393701
11
0.9546102362204725
21
0.5321203543307087
0
LINE
8
BLACK
6
CONTINUOUS
10
0.9208953543307087
20
1.9407638188976377
11
0.9144612204724409
21
1.9394839763779528
0
LINE
8
BLACK
6
CONTINUOUS
10
0.9144612204724409
20
1.9394839763779528
11
0.9079009842519685
21
1.9394839763779528
0
LINE
8
BLACK
6
CONTINUOUS
10
0.9079009842519685
20
1.9394839763779528
11
0.9014668503937008
21
1.9407638188976377
0
LINE
8
BLACK
6
CONTINUOUS
10
0.9014668503937008
20
1.9407638188976377
11
0.8956917322834645
21
1.9431559448818898
0
LINE
8
BLACK
6
CONTINUOUS
10
0.8956917322834645
20
1.9431559448818898
11
0.8804756299212598
21
1.9279398031496062
0
LINE
8
BLACK
6
CONTINUOUS
10
0.8804756299212598
20
1.9279398031496062
11
0.8804756299212598
21
1.9279397637795275
0
LINE
8
BLACK
6
CONTINUOUS
10
0.8804756299212598
20
1.9279397637795275
11
0.8827053937007874
21
1.9263197637795275
0
LINE
8
BLACK
6
CONTINUOUS
10
0.8827053937007874
20
1.9263197637795275
11
0.882705590551181
21
1.9263196062992125
0
LINE
8
BLACK
6
CONTINUOUS
10
0.882705590551181
20
1.9263196062992125
11
0.8903253149606299
21
1.9224372047244094
0
LINE
8
BLACK
6
CONTINUOUS
10
0.8903253149606299
20
1.9224372047244094
11
0.898458779527559
21
1.9197944488188976
0
LINE
8
BLACK
6
CONTINUOUS
10
0.898458779527559
20
1.9197944488188976
11
0.9069050787401575
21
1.9184566929133857
0
LINE
8
BLACK
6
CONTINUOUS
10
0.9069050787401575
20
1.9184566929133857
11
0.915457125984252
21
1.9184566929133857
0
LINE
8
BLACK
6
CONTINUOUS
10
0.915457125984252
20
1.9184566929133857
11
0.9239033858267717
21
1.9197944488188976
0
LINE
8
BLACK
6
CONTINUOUS
10
0.9239033858267717
20
1.9197944488188976
11
0.9320368503937008
21
1.9224372047244094
0
LINE
8
BLACK
6
CONTINUOUS
10
0.9320368503937008
20
1.9224372047244094
11
0.9396563385826772
21
1.9263194881889762
0
LINE
8
BLACK
6
CONTINUOUS
10
0.9396563385826772
20
1.9263194881889762
11
0.9396566535433071
21
1.92631968503937
0
LINE
8
BLACK
6
CONTINUOUS
10
0.9396566535433071
20
1.92631968503937
11
0.9418864960629921
21
1.9279398031496062
0
LINE
8
BLACK
6
CONTINUOUS
10
0.9418864960629921
20
1.9279398031496062
11
0.9266703543307087
21
1.9431559448818898
0
LINE
8
BLACK
6
CONTINUOUS
10
0.9266703543307087
20
1.9431559448818898
11
0.9208953543307087
21
1.9407638188976377
0
LINE
8
BLACK
6
CONTINUOUS
10
1.9208953543307086
20
1.9407638188976377
11
1.9144612204724409
21
1.9394839763779528
0
LINE
8
BLACK
6
CONTINUOUS
10
1.9144612204724409
20
1.9394839763779528
11
1.9079009842519685
21
1.9394839763779528
0
LINE
8
BLACK
6
CONTINUOUS
10
1.9079009842519685
20
1.9394839763779528
11
1.9014668503937007
21
1.9407638188976377
0
LINE
8
BLACK
6
CONTINUOUS
10
1.9014668503937007
20
1.9407638188976377
11
1.8956917322834645
21
1.9431559448818898
0
LINE
8
BLACK
6
CONTINUOUS
10
1.8956917322834645
20
1.9431559448818898
11
1.8804756299212597
21
1.9279398031496062
0
LINE
8
BLACK
6
CONTINUOUS
10
1.8804756299212597
20
1.9279398031496062
11
1.8804756299212597
21
1.9279397637795275
0
LINE
8
BLACK
6
CONTINUOUS
10
1.8804756299212597
20
1.9279397637795275
11
1.8827053937007874
21
1.9263197637795275
0
LINE
8
BLACK
6
CONTINUOUS
10
1.8827053937007874
20
1.9263197637795275
11
1.8827055905511811
21
1.9263196062992125
0
LINE
8
BLACK
6
CONTINUOUS
10
1.8827055905511811
20
1.9263196062992125
11
1.8903253149606298
21
1.9224372047244094
0
LINE
8
BLACK
6
CONTINUOUS
10
1.8903253149606298
20
1.9224372047244094
11
1.8984587795275589
21
1.9197944488188976
0
LINE
8
BLACK
6
CONTINUOUS
10
1.8984587795275589
20
1.9197944488188976
11
1.9069050787401574
21
1.9184566929133857
0
LINE
8
BLACK
6
CONTINUOUS
10
1.9069050787401574
20
1.9184566929133857
11
1.9154571259842519
21
1.9184566929133857
0
LINE
8
BLACK
6
CONTINUOUS
10
1.9154571259842519
20
1.9184566929133857
11
1.9239033858267716
21
1.9197944488188976
0
LINE
8
BLACK
6
CONTINUOUS
10
1.9239033858267716
20
1.9197944488188976
11
1.9320368503937007
21
1.9224372047244094
0
LINE
8
BLACK
6
CONTINUOUS
10
1.9320368503937007
20
1.9224372047244094
11
1.9396563385826771
21
1.9263194881889762
0
LINE
8
BLACK
6
CONTINUOUS
10
1.9396563385826771
20
1.9263194881889762
11
1.9396566535433071
21
1.92631968503937
0
LINE
8
BLACK
6
CONTINUOUS
10
1.9396566535433071
20
1.92631968503937
11
1.941886496062992
21
1.9279398031496062
0
LINE
8
BLACK
6
CONTINUOUS
10
1.941886496062992
20
1.9279398031496062
11
1.9266703543307087
21
1.9431559448818898
0
LINE
8
BLACK
6
CONTINUOUS
10
1.9266703543307087
20
1.9431559448818898
11
1.9208953543307086
21
1.9407638188976377
0
LINE
8
BLACK
6
CONTINUOUS
10
2.3208953543307085
20
1.9407638188976377
11
2.3144612204724408
21
1.9394839763779528
0
LINE
8
BLACK
6
CONTINUOUS
10
2.3144612204724408
20
1.9394839763779528
11
2.3079009842519684
21
1.9394839763779528
0
LINE
8
BLACK
6
CONTINUOUS
10
2.3079009842519684
20
1.9394839763779528
11
2.3014668503937008
21
1.9407638188976377
0
LINE
8
BLACK
6
CONTINUOUS
10
2.3014668503937008
20
1.9407638188976377
11
2.2956917322834647
21
1.9431559448818898
0
LINE
8
BLACK
6
CONTINUOUS
10
2.2956917322834647
20
1.9431559448818898
11
2.2804756299212596
21
1.9279398031496062
0
LINE
8
BLACK
6
CONTINUOUS
10
2.2804756299212596
20
1.9279398031496062
11
2.2804756299212596
21
1.9279397637795275
0
LINE
8
BLACK
6
CONTINUOUS
10
2.2804756299212596
20
1.9279397637795275
11
2.2827053937007875
21
1.9263197637795275
0
LINE
8
BLACK
6
CONTINUOUS
10
2.2827053937007875
20
1.9263197637795275
11
2.2827055905511808
21
1.9263196062992125
0
LINE
8
BLACK
6
CONTINUOUS
10
2.2827055905511808
20
1.9263196062992125
11
2.2903253149606297
21
1.9224372047244094
0
LINE
8
BLACK
6
CONTINUOUS
10
2.2903253149606297
20
1.9224372047244094
11
2.2984587795275591
21
1.9197944488188976
0
LINE
8
BLACK
6
CONTINUOUS
10
2.2984587795275591
20
1.9197944488188976
11
2.3069050787401575
21
1.9184566929133857
0
LINE
8
BLACK
6
CONTINUOUS
10
2.3069050787401575
20
1.9184566929133857
11
2.3154571259842518
21
1.9184566929133857
0
LINE
8
BLACK
6
CONTINUOUS
10
2.3154571259842518
20
1.9184566929133857
11
2.3239033858267715
21
1.9197944488188976
0
LINE
8
BLACK
6
CONTINUOUS
10
2.3239033858267715
20
1.9197944488188976
11
2.3320368503937008
21
1.9224372047244094
0
LINE
8
BLACK
6
CONTINUOUS
10
2.3320368503937008
20
1.9224372047244094
11
2.3396563385826772
21
1.9263194881889762
0
LINE
8
BLACK
6
CONTINUOUS
10
2.3396563385826772
20
1.9263194881889762
11
2.3396566535433072
21
1.92631968503937
0
LINE
8
BLACK
6
CONTINUOUS
10
2.3396566535433072
20
1.92631968503937
11
2.3418864960629922
21
1.9279398031496062
0
LINE
8
BLACK
6
CONTINUOUS
10
2.3418864960629922
20
1.9279398031496062
11
2.3266703543307088
21
1.9431559448818898
0
LINE
8
BLACK
6
CONTINUOUS
10
2.3266703543307088
20
1.9431559448818898
11
2.3208953543307085
21
1.9407638188976377
0
LINE
8
BLACK
6
CONTINUOUS
10
0.9211811023622047
20
2.1271180708661417
11
0.9211811023622047
21
2.1062519685039369
0
LINE
8
BLACK
6
CONTINUOUS
10
0.9211811023622047
20
2.1062519685039369
11
0.9446456692913385
21
2.1062519685039369
0
LINE
8
BLACK
6
CONTINUOUS
10
0.9446456692913385
20
2.1062519685039369
11
0.9446456692913385
21
2.0393228346456693
0
LINE
8
BLACK
6
CONTINUOUS
10
0.9446456692913385
20
2.0393228346456693
11
0.8777165354330708
21
2.0393228346456693
0
LINE
8
BLACK
6
CONTINUOUS
10
0.8777165354330708
20
2.0393228346456693
11
0.8777165354330708
21
2.0627874015748029
0
LINE
8
BLACK
6
CONTINUOUS
10
0.8777165354330708
20
2.0627874015748029
11
0.8568504330708662
21
2.0627874015748029
0
LINE
8
BLACK
6
CONTINUOUS
10
0.8568504330708662
20
2.0627874015748029
11
0.8568503937007874
21
2.0627873622047246
0
LINE
8
BLACK
6
CONTINUOUS
10
0.8568503937007874
20
2.0627873622047246
11
0.8568503937007874
21
2.0376890551181104
0
LINE
8
BLACK
6
CONTINUOUS
10
0.8568503937007874
20
2.0376890551181104
11
0.857253031496063
21
2.0343361023622046
0
LINE
8
BLACK
6
CONTINUOUS
10
0.857253031496063
20
2.0343361023622046
11
0.8593574015748031
21
2.0289998818897637
0
LINE
8
BLACK
6
CONTINUOUS
10
0.8593574015748031
20
2.0289998818897637
11
0.8628230708661417
21
2.0244297244094489
0
LINE
8
BLACK
6
CONTINUOUS
10
0.8628230708661417
20
2.0244297244094489
11
0.8628233858267716
21
2.0244294094488189
0
LINE
8
BLACK
6
CONTINUOUS
10
0.8628233858267716
20
2.0244294094488189
11
0.8673935433070866
21
2.0209637401574803
0
LINE
8
BLACK
6
CONTINUOUS
10
0.8673935433070866
20
2.0209637401574803
11
0.8727297637795275
21
2.0188593700787401
0
LINE
8
BLACK
6
CONTINUOUS
10
0.8727297637795275
20
2.0188593700787401
11
0.8743741338582677
21
2.0186619291338581
0
LINE
8
BLACK
6
CONTINUOUS
10
0.8743741338582677
20
2.0186619291338581
11
0.8750294094488189
21
2.0188885433070864
0
LINE
8
BLACK
6
CONTINUOUS
10
0.8750294094488189
20
2.0188885433070864
11
0.8763014960629921
21
2.0195367322834645
0
LINE
8
BLACK
6
CONTINUOUS
10
0.8763014960629921
20
2.0195367322834645
11
0.8786807480314961
21
2.0191600393700786
0
LINE
8
BLACK
6
CONTINUOUS
10
0.8786807480314961
20
2.0191600393700786
11
0.8796674803149606
21
2.0184431889763781
0
LINE
8
BLACK
6
CONTINUOUS
10
0.8796674803149606
20
2.0184431889763781
11
0.8956917716535433
21
2.0024188976377952
0
LINE
8
BLACK
6
CONTINUOUS
10
0.8956917716535433
20
2.0024188976377952
11
0.9014668503937008
21
2.0048109842519684
0
LINE
8
BLACK
6
CONTINUOUS
10
0.9014668503937008
20
2.0048109842519684
11
0.9079009842519685
21
2.0060908267716533
0
LINE
8
BLACK
6
CONTINUOUS
10
0.9079009842519685
20
2.0060908267716533
11
0.9144612204724409
21
2.0060908267716533
0
LINE
8
BLACK
6
CONTINUOUS
10
0.9144612204724409
20
2.0060908267716533
11
0.9208953543307087
21
2.0048109842519684
0
LINE
8
BLACK
6
CONTINUOUS
10
0.9208953543307087
20
2.0048109842519684
11
0.9266703149606299
21
2.002418937007874
0
LINE
8
BLACK
6
CONTINUOUS
10
0.9266703149606299
20
2.002418937007874
11
0.9426946456692913
21
2.0184431496062993
0
LINE
8
BLACK
6
CONTINUOUS
10
0.9426946456692913
20
2.0184431496062993
11
0.9448409842519685
21
2.0195367322834645
0
LINE
8
BLACK
6
CONTINUOUS
10
0.9448409842519685
20
2.0195367322834645
11
0.9472201968503937
21
2.0191599212598423
0
LINE
8
BLACK
6
CONTINUOUS
10
0.9472201968503937
20
2.0191599212598423
11
0.9478309448818898
21
2.018716181102362
0
LINE
8
BLACK
6
CONTINUOUS
10
0.9478309448818898
20
2.018716181102362
11
0.9479879527559055
21
2.0186618897637794
0
LINE
8
BLACK
6
CONTINUOUS
10
0.9479879527559055
20
2.0186618897637794
11
0.9496324015748031
21
2.0188593700787401
0
LINE
8
BLACK
6
CONTINUOUS
10
0.9496324015748031
20
2.0188593700787401
11
0.9549685826771653
21
2.0209637007874015
0
LINE
8
BLACK
6
CONTINUOUS
10
0.9549685826771653
20
2.0209637007874015
11
0.9549686220472441
21
2.0209637007874015
0
LINE
8
BLACK
6
CONTINUOUS
10
0.9549686220472441
20
2.0209637007874015
11
0.9595387795275591
21
2.0244294094488189
0
LINE
8
BLACK
6
CONTINUOUS
10
0.9595387795275591
20
2.0244294094488189
11
0.959539094488189
21
2.0244297244094489
0
LINE
8
BLACK
6
CONTINUOUS
10
0.959539094488189
20
2.0244297244094489
11
0.9630047637795275
21
2.0289998818897637
0
LINE
8
BLACK
6
CONTINUOUS
10
0.9630047637795275
20
2.0289998818897637
11
0.9651091338582677
21
2.0343361023622046
0
LINE
8
BLACK
6
CONTINUOUS
10
0.9651091338582677
20
2.0343361023622046
11
0.9655117716535433
21
2.0376890551181104
0
LINE
8
BLACK
6
CONTINUOUS
10
0.9655117716535433
20
2.0376890551181104
11
0.965511811023622
21
2.0376892913385825
0
LINE
8
BLACK
6
CONTINUOUS
10
0.965511811023622
20
2.0376892913385825
11
0.965511811023622
21
2.0398911417322836
0
LINE
8
BLACK
6
CONTINUOUS
10
0.965511811023622
20
2.0398911417322836
11
0.9662561811023622
21
2.0421821259842519
0
LINE
8
BLACK
6
CONTINUOUS
10
0.9662561811023622
20
2.0421821259842519
11
0.968205
21
2.0435980314960629
0
LINE
8
BLACK
6
CONTINUOUS
10
0.968205
20
2.0435980314960629
11
0.9706138976377953
21
2.0435980314960629
0
LINE
8
BLACK
6
CONTINUOUS
10
0.9706138976377953
20
2.0435980314960629
11
0.9725626377952755
21
2.0421822047244094
0
LINE
8
BLACK
6
CONTINUOUS
10
0.9725626377952755
20
2.0421822047244094
11
0.9736288188976377
21
2.0407147244094488
0
LINE
8
BLACK
6
CONTINUOUS
10
0.9736288188976377
20
2.0407147244094488
11
0.9791084251968504
21
2.0352351181102364
0
LINE
8
BLACK
6
CONTINUOUS
10
0.9791084251968504
20
2.0352351181102364
11
0.9853777559055118
21
2.0306801574803148
0
LINE
8
BLACK
6
CONTINUOUS
10
0.9853777559055118
20
2.0306801574803148
11
0.9922824803149606
21
2.0271620472440945
0
LINE
8
BLACK
6
CONTINUOUS
10
0.9922824803149606
20
2.0271620472440945
11
0.9922825590551181
21
2.0271620472440945
0
LINE
8
BLACK
6
CONTINUOUS
10
0.9922825590551181
20
2.0271620472440945
11
0.9922825984251968
21
2.0271620078740158
0
LINE
8
BLACK
6
CONTINUOUS
10
0.9922825984251968
20
2.0271620078740158
11
0.9922827165354331
21
2.0271619291338583
0
LINE
8
BLACK
6
CONTINUOUS
10
0.9922827165354331
20
2.0271619291338583
11
0.9943375984251969
21
2.0264942519685039
0
LINE
8
BLACK
6
CONTINUOUS
10
0.9943375984251969
20
2.0264942519685039
11
0.9962864173228346
21
2.0250783464566928
0
LINE
8
BLACK
6
CONTINUOUS
10
0.9962864173228346
20
2.0250783464566928
11
0.9970307874015748
21
2.0227873622047245
0
LINE
8
BLACK
6
CONTINUOUS
10
0.9970307874015748
20
2.0227873622047245
11
0.9962863779527559
21
2.0204964173228346
0
LINE
8
BLACK
6
CONTINUOUS
10
0.9962863779527559
20
2.0204964173228346
11
0.9943375984251969
21
2.0190805511811023
0
LINE
8
BLACK
6
CONTINUOUS
10
0.9943375984251969
20
2.0190805511811023
11
0.9922827165354331
21
2.0184129133858266
0
LINE
8
BLACK
6
CONTINUOUS
10
0.9922827165354331
20
2.0184129133858266
11
0.9922825984251968
21
2.0184128346456691
0
LINE
8
BLACK
6
CONTINUOUS
10
0.9922825984251968
20
2.0184128346456691
11
0.9853778346456693
21
2.0148947244094488
0
LINE
8
BLACK
6
CONTINUOUS
10
0.9853778346456693
20
2.0148947244094488
11
0.9791084645669291
21
2.010339724409449
0
LINE
8
BLACK
6
CONTINUOUS
10
0.9791084645669291
20
2.010339724409449
11
0.973628779527559
21
2.0048600393700786
0
LINE
8
BLACK
6
CONTINUOUS
10
0.973628779527559
20
2.0048600393700786
11
0.969073779527559
21
1.9985906692913384
0
LINE
8
BLACK
6
CONTINUOUS
10
0.969073779527559
20
1.9985906692913384
11
0.9675149606299213
21
1.9955312598425197
0
LINE
8
BLACK
6
CONTINUOUS
10
0.9675149606299213
20
1.9955312598425197
11
0.9658116141732284
21
1.9938279133858268
0
LINE
8
BLACK
6
CONTINUOUS
10
0.9658116141732284
20
1.9938279133858268
11
0.9634324015748031
21
1.9934511023622046
0
LINE
8
BLACK
6
CONTINUOUS
10
0.9634324015748031
20
1.9934511023622046
11
0.9612860629921259
21
1.9945447244094487
0
LINE
8
BLACK
6
CONTINUOUS
10
0.9612860629921259
20
1.9945447244094487
11
0.9605692913385827
21
1.9955312598425197
0
LINE
8
BLACK
6
CONTINUOUS
10
0.9605692913385827
20
1.9955312598425197
11
0.9576488976377953
21
2.0012629133858266
0
LINE
8
BLACK
6
CONTINUOUS
10
0.9576488976377953
20
2.0012629133858266
11
0.9576487401574802
21
2.0012631102362204
0
LINE
8
BLACK
6
CONTINUOUS
10
0.9576487401574802
20
2.0012631102362204
11
0.9560287007874015
21
2.0034928740157478
0
LINE
8
BLACK
6
CONTINUOUS
10
0.9560287007874015
20
2.0034928740157478
11
0.9408125590551181
21
1.9882767716535432
0
LINE
8
BLACK
6
CONTINUOUS
10
0.9408125590551181
20
1.9882767716535432
11
0.94320468503937
21
1.9825016535433071
0
LINE
8
BLACK
6
CONTINUOUS
10
0.94320468503937
20
1.9825016535433071
11
0.9444845275590551
21
1.9760675196850392
0
LINE
8
BLACK
6
CONTINUOUS
10
0.9444845275590551
20
1.9760675196850392
11
0.9444845275590551
21
1.9695072834645668
0
LINE
8
BLACK
6
CONTINUOUS
10
0.9444845275590551
20
1.9695072834645668
11
0.94320468503937
21
1.9630731496062992
0
LINE
8
BLACK
6
CONTINUOUS
10
0.94320468503937
20
1.9630731496062992
11
0.9408125590551181
21
1.9572981496062991
0
LINE
8
BLACK
6
CONTINUOUS
10
0.9408125590551181
20
1.9572981496062991
11
0.9560287007874015
21
1.9420820078740157
0
LINE
8
BLACK
6
CONTINUOUS
10
0.9560287007874015
20
1.9420820078740157
11
0.9576488188976378
21
1.9443118503937007
0
LINE
8
BLACK
6
CONTINUOUS
10
0.9576488188976378
20
1.9443118503937007
11
0.9576491338582677
21
1.9443123622047245
0
LINE
8
BLACK
6
CONTINUOUS
10
0.9576491338582677
20
1.9443123622047245
11
0.9605692913385827
21
1.9500435433070866
0
LINE
8
BLACK
6
CONTINUOUS
10
0.9605692913385827
20
1.9500435433070866
11
0.9622725984251969
21
1.9517468897637795
0
LINE
8
BLACK
6
CONTINUOUS
10
0.9622725984251969
20
1.9517468897637795
11
0.9646518110236221
21
1.9521237401574802
0
LINE
8
BLACK
6
CONTINUOUS
10
0.9646518110236221
20
1.9521237401574802
11
0.9667981496062992
21
1.9510301574803148
0
LINE
8
BLACK
6
CONTINUOUS
10
0.9667981496062992
20
1.9510301574803148
11
0.9675149606299213
21
1.9500435826771654
0
LINE
8
BLACK
6
CONTINUOUS
10
0.9675149606299213
20
1.9500435826771654
11
0.9690738582677165
21
1.9469840551181101
0
LINE
8
BLACK
6
CONTINUOUS
10
0.9690738582677165
20
1.9469840551181101
11
0.9736288188976377
21
1.9407147244094487
0
LINE
8
BLACK
6
CONTINUOUS
10
0.9736288188976377
20
1.9407147244094487
11
0.9791084251968504
21
1.9352351181102361
0
LINE
8
BLACK
6
CONTINUOUS
10
0.9791084251968504
20
1.9352351181102361
11
0.9853777559055118
21
1.930680157480315
0
LINE
8
BLACK
6
CONTINUOUS
10
0.9853777559055118
20
1.930680157480315
11
0.9922824803149606
21
1.9271620472440945
0
LINE
8
BLACK
6
CONTINUOUS
10
0.9922824803149606
20
1.9271620472440945
11
0.9996525196850393
21
1.9247673622047243
0
LINE
8
BLACK
6
CONTINUOUS
10
0.9996525196850393
20
1.9247673622047243
11
0.9996525590551181
21
1.9247673622047243
0
LINE
8
BLACK
6
CONTINUOUS
10
0.9996525590551181
20
1.9247673622047243
11
0.9996526771653543
21
1.9247673228346456
0
LINE
8
BLACK
6
CONTINUOUS
10
0.9996526771653543
20
1.9247673228346456
11
1.0073062992125985
21
1.9235551181102362
0
LINE
8
BLACK
6
CONTINUOUS
10
1.0073062992125985
20
1.9235551181102362
11
1.0073064173228345
21
1.9235551181102362
0
LINE
8
BLACK
6
CONTINUOUS
10
1.0073064173228345
20
1.9235551181102362
11
1.0150559055118109
21
1.9235551181102362
0
LINE
8
BLACK
6
CONTINUOUS
10
1.0150559055118109
20
1.9235551181102362
11
1.0227094881889764
21
1.9247673228346456
0
LINE
8
BLACK
6
CONTINUOUS
10
1.0227094881889764
20
1.9247673228346456
11
1.0227095275590552
21
1.9247673622047243
0
LINE
8
BLACK
6
CONTINUOUS
10
1.0227095275590552
20
1.9247673622047243
11
1.02270968503937
21
1.9247673622047243
0
LINE
8
BLACK
6
CONTINUOUS
10
1.02270968503937
20
1.9247673622047243
11
1.0300797244094488
21
1.9271620472440945
0
LINE
8
BLACK
6
CONTINUOUS
10
1.0300797244094488
20
1.9271620472440945
11
1.0369844488188975
21
1.930680157480315
0
LINE
8
BLACK
6
CONTINUOUS
10
1.0369844488188975
20
1.930680157480315
11
1.0432537795275589
21
1.9352351181102361
0
LINE
8
BLACK
6
CONTINUOUS
10
1.0432537795275589
20
1.9352351181102361
11
1.0487333858267716
21
1.9407147244094487
0
LINE
8
BLACK
6
CONTINUOUS
10
1.0487333858267716
20
1.9407147244094487
11
1.0532883464566929
21
1.9469840551181101
0
LINE
8
BLACK
6
CONTINUOUS
10
1.0532883464566929
20
1.9469840551181101
11
1.0568064566929134
21
1.953888779527559
0
LINE
8
BLACK
6
CONTINUOUS
10
1.0568064566929134
20
1.953888779527559
11
1.0574742125984251
21
1.9559439763779527
0
LINE
8
BLACK
6
CONTINUOUS
10
1.0574742125984251
20
1.9559439763779527
11
1.0588901181102361
21
1.9578927559055117
0
LINE
8
BLACK
6
CONTINUOUS
10
1.0588901181102361
20
1.9578927559055117
11
1.0611811023622046
21
1.9586371259842519
0
LINE
8
BLACK
6
CONTINUOUS
10
1.0611811023622046
20
1.9586371259842519
11
1.0634720866141731
21
1.9578927559055117
0
LINE
8
BLACK
6
CONTINUOUS
10
1.0634720866141731
20
1.9578927559055117
11
1.0648879921259842
21
1.9559439370078739
0
LINE
8
BLACK
6
CONTINUOUS
10
1.0648879921259842
20
1.9559439370078739
11
1.0655557480314961
21
1.953888779527559
0
LINE
8
BLACK
6
CONTINUOUS
10
1.0655557480314961
20
1.953888779527559
11
1.0675149606299212
21
1.9500435433070866
0
LINE
8
BLACK
6
CONTINUOUS
10
1.0675149606299212
20
1.9500435433070866
11
1.0690738582677166
21
1.9469840551181101
0
LINE
8
BLACK
6
CONTINUOUS
10
1.0690738582677166
20
1.9469840551181101
11
1.0736288188976377
21
1.9407147244094487
0
LINE
8
BLACK
6
CONTINUOUS
10
1.0736288188976377
20
1.9407147244094487
11
1.0791084251968504
21
1.9352351181102361
0
LINE
8
BLACK
6
CONTINUOUS
10
1.0791084251968504
20
1.9352351181102361
11
1.0853777559055118
21
1.930680157480315
0
LINE
8
BLACK
6
CONTINUOUS
10
1.0853777559055118
20
1.930680157480315
11
1.0922824803149607
21
1.9271620472440945
0
LINE
8
BLACK
6
CONTINUOUS
10
1.0922824803149607
20
1.9271620472440945
11
1.0996525196850393
21
1.9247673622047243
0
LINE
8
BLACK
6
CONTINUOUS
10
1.0996525196850393
20
1.9247673622047243
11
1.0996525590551181
21
1.9247673622047243
0
LINE
8
BLACK
6
CONTINUOUS
10
1.0996525590551181
20
1.9247673622047243
11
1.0996526771653543
21
1.9247673228346456
0
LINE
8
BLACK
6
CONTINUOUS
10
1.0996526771653543
20
1.9247673228346456
11
1.1073062992125984
21
1.9235551181102362
0
LINE
8
BLACK
6
CONTINUOUS
10
1.1073062992125984
20
1.9235551181102362
11
1.1073064173228346
21
1.9235551181102362
0
LINE
8
BLACK
6
CONTINUOUS
10
1.1073064173228346
20
1.9235551181102362
11
1.115055905511811
21
1.9235551181102362
0
LINE
8
BLACK
6
CONTINUOUS
10
1.115055905511811
20
1.9235551181102362
11
1.1227094881889763
21
1.9247673228346456
0
LINE
8
BLACK
6
CONTINUOUS
10
1.1227094881889763
20
1.9247673228346456
11
1.1227095275590551
21
1.9247673622047243
0
LINE
8
BLACK
6
CONTINUOUS
10
1.1227095275590551
20
1.9247673622047243
11
1.1227096850393701
21
1.9247673622047243
0
LINE
8
BLACK
6
CONTINUOUS
10
1.1227096850393701
20
1.9247673622047243
11
1.1300797244094487
21
1.9271620472440945
0
LINE
8
BLACK
6
CONTINUOUS
10
1.1300797244094487
20
1.9271620472440945
11
1.1369844488188976
21
1.930680157480315
0
LINE
8
BLACK
6
CONTINUOUS
10
1.1369844488188976
20
1.930680157480315
11
1.143253779527559
21
1.9352351181102361
0
LINE
8
BLACK
6
CONTINUOUS
10
1.143253779527559
20
1.9352351181102361
11
1.1487333858267716
21
1.9407147244094487
0
LINE
8
BLACK
6
CONTINUOUS
10
1.1487333858267716
20
1.9407147244094487
11
1.153288346456693
21
1.9469840551181101
0
LINE
8
BLACK
6
CONTINUOUS
10
1.153288346456693
20
1.9469840551181101
11
1.1568064566929133
21
1.953888779527559
0
LINE
8
BLACK
6
CONTINUOUS
10
1.1568064566929133
20
1.953888779527559
11
1.1592011417322834
21
1.9612588188976376
0
LINE
8
BLACK
6
CONTINUOUS
10
1.1592011417322834
20
1.9612588188976376
11
1.1594547637795276
21
1.9628601574803148
0
LINE
8
BLACK
6
CONTINUOUS
10
1.1594547637795276
20
1.9628601574803148
11
1.1604133858267716
21
1.9689125984251967
0
LINE
8
BLACK
6
CONTINUOUS
10
1.1604133858267716
20
1.9689125984251967
11
1.1604133858267716
21
1.9766619685039371
0
LINE
8
BLACK
6
CONTINUOUS
10
1.1604133858267716
20
1.9766619685039371
11
1.1604133464566928
21
1.9766624803149606
0
LINE
8
BLACK
6
CONTINUOUS
10
1.1604133464566928
20
1.9766624803149606
11
1.1592011811023621
21
1.9843158267716534
0
LINE
8
BLACK
6
CONTINUOUS
10
1.1592011811023621
20
1.9843158267716534
11
1.1589435433070865
21
1.9851087401574803
0
LINE
8
BLACK
6
CONTINUOUS
10
1.1589435433070865
20
1.9851087401574803
11
1.1568064566929133
21
1.9916860236220473
0
LINE
8
BLACK
6
CONTINUOUS
10
1.1568064566929133
20
1.9916860236220473
11
1.153288346456693
21
1.9985907480314959
0
LINE
8
BLACK
6
CONTINUOUS
10
1.153288346456693
20
1.9985907480314959
11
1.1487333858267716
21
2.0048600787401574
0
LINE
8
BLACK
6
CONTINUOUS
10
1.1487333858267716
20
2.0048600787401574
11
1.143253779527559
21
2.0103396850393702
0
LINE
8
BLACK
6
CONTINUOUS
10
1.143253779527559
20
2.0103396850393702
11
1.1369844488188976
21
2.0148946456692913
0
LINE
8
BLACK
6
CONTINUOUS
10
1.1369844488188976
20
2.0148946456692913
11
1.1369844094488188
21
2.0148946850393701
0
LINE
8
BLACK
6
CONTINUOUS
10
1.1369844094488188
20
2.0148946850393701
11
1.1369843307086613
21
2.0148947244094488
0
LINE
8
BLACK
6
CONTINUOUS
10
1.1369843307086613
20
2.0148947244094488
11
1.1300797244094487
21
2.0184127559055116
0
LINE
8
BLACK
6
CONTINUOUS
10
1.1300797244094487
20
2.0184127559055116
11
1.1295590551181103
21
2.018581929133858
0
LINE
8
BLACK
6
CONTINUOUS
10
1.1295590551181103
20
2.018581929133858
11
1.128024527559055
21
2.0190805511811023
0
LINE
8
BLACK
6
CONTINUOUS
10
1.128024527559055
20
2.0190805511811023
11
1.126075748031496
21
2.0204964173228346
0
LINE
8
BLACK
6
CONTINUOUS
10
1.126075748031496
20
2.0204964173228346
11
1.1253313779527558
21
2.0227874015748033
0
LINE
8
BLACK
6
CONTINUOUS
10
1.1253313779527558
20
2.0227874015748033
11
1.126075748031496
21
2.0250783858267716
0
LINE
8
BLACK
6
CONTINUOUS
10
1.126075748031496
20
2.0250783858267716
11
1.128024527559055
21
2.0264942913385826
0
LINE
8
BLACK
6
CONTINUOUS
10
1.128024527559055
20
2.0264942913385826
11
1.1300797244094487
21
2.0271620472440945
0
LINE
8
BLACK
6
CONTINUOUS
10
1.1300797244094487
20
2.0271620472440945
11
1.1369844488188976
21
2.0306801574803148
0
LINE
8
BLACK
6
CONTINUOUS
10
1.1369844488188976
20
2.0306801574803148
11
1.143253779527559
21
2.0352351181102364
0
LINE
8
BLACK
6
CONTINUOUS
10
1.143253779527559
20
2.0352351181102364
11
1.1487333858267716
21
2.0407147244094488
0
LINE
8
BLACK
6
CONTINUOUS
10
1.1487333858267716
20
2.0407147244094488
11
1.153288346456693
21
2.0469840551181102
0
LINE
8
BLACK
6
CONTINUOUS
10
1.153288346456693
20
2.0469840551181102
11
1.1548472047244094
21
2.0500435826771652
0
LINE
8
BLACK
6
CONTINUOUS
10
1.1548472047244094
20
2.0500435826771652
11
1.1565505118110235
21
2.0517468897637796
0
LINE
8
BLACK
6
CONTINUOUS
10
1.1565505118110235
20
2.0517468897637796
11
1.1589297244094487
21
2.0521237401574801
0
LINE
8
BLACK
6
CONTINUOUS
10
1.1589297244094487
20
2.0521237401574801
11
1.161076062992126
21
2.0510301574803149
0
LINE
8
BLACK
6
CONTINUOUS
10
1.161076062992126
20
2.0510301574803149
11
1.1617928740157479
21
2.0500435826771652
0
LINE
8
BLACK
6
CONTINUOUS
10
1.1617928740157479
20
2.0500435826771652
11
1.1647132677165355
21
2.0443119291338583
0
LINE
8
BLACK
6
CONTINUOUS
10
1.1647132677165355
20
2.0443119291338583
11
1.1647134251968503
21
2.0443117322834645
0
LINE
8
BLACK
6
CONTINUOUS
10
1.1647134251968503
20
2.0443117322834645
11
1.1663334251968505
21
2.0420820078740158
0
LINE
8
BLACK
6
CONTINUOUS
10
1.1663334251968505
20
2.0420820078740158
11
1.1663334645669292
21
2.0420820078740158
0
LINE
8
BLACK
6
CONTINUOUS
10
1.1663334645669292
20
2.0420820078740158
11
1.1815495669291338
21
2.0572981496062992
0
LINE
8
BLACK
6
CONTINUOUS
10
1.1815495669291338
20
2.0572981496062992
11
1.1791575196850392
21
2.0630731496062991
0
LINE
8
BLACK
6
CONTINUOUS
10
1.1791575196850392
20
2.0630731496062991
11
1.1778776771653543
21
2.0695072834645667
0
LINE
8
BLACK
6
CONTINUOUS
10
1.1778776771653543
20
2.0695072834645667
11
1.1778776771653543
21
2.0760675196850391
0
LINE
8
BLACK
6
CONTINUOUS
10
1.1778776771653543
20
2.0760675196850391
11
1.1791575196850392
21
2.0825016535433072
0
LINE
8
BLACK
6
CONTINUOUS
10
1.1791575196850392
20
2.0825016535433072
11
1.1815496062992126
21
2.0882766929133858
0
LINE
8
BLACK
6
CONTINUOUS
10
1.1815496062992126
20
2.0882766929133858
11
1.1663334645669292
21
2.1034928346456692
0
LINE
8
BLACK
6
CONTINUOUS
10
1.1663334645669292
20
2.1034928346456692
11
1.1647132283464567
21
2.1012628346456692
0
LINE
8
BLACK
6
CONTINUOUS
10
1.1647132283464567
20
2.1012628346456692
11
1.1617928740157479
21
2.0955312598425198
0
LINE
8
BLACK
6
CONTINUOUS
10
1.1617928740157479
20
2.0955312598425198
11
1.160089527559055
21
2.0938279133858266
0
LINE
8
BLACK
6
CONTINUOUS
10
1.160089527559055
20
2.0938279133858266
11
1.1577103149606298
21
2.0934511023622049
0
LINE
8
BLACK
6
CONTINUOUS
10
1.1577103149606298
20
2.0934511023622049
11
1.1555639763779528
21
2.0945447244094488
0
LINE
8
BLACK
6
CONTINUOUS
10
1.1555639763779528
20
2.0945447244094488
11
1.1548472047244094
21
2.0955312992125985
0
LINE
8
BLACK
6
CONTINUOUS
10
1.1548472047244094
20
2.0955312992125985
11
1.153288464566929
21
2.0985905511811023
0
LINE
8
BLACK
6
CONTINUOUS
10
1.153288464566929
20
2.0985905511811023
11
1.1532884251968503
21
2.0985906299212598
0
LINE
8
BLACK
6
CONTINUOUS
10
1.1532884251968503
20
2.0985906299212598
11
1.1528808267716535
21
2.099151653543307
0
LINE
8
BLACK
6
CONTINUOUS
10
1.1528808267716535
20
2.099151653543307
11
1.1487333858267716
21
2.1048600787401575
0
LINE
8
BLACK
6
CONTINUOUS
10
1.1487333858267716
20
2.1048600787401575
11
1.143253779527559
21
2.1103396850393699
0
LINE
8
BLACK
6
CONTINUOUS
10
1.143253779527559
20
2.1103396850393699
11
1.1395972047244094
21
2.1129963779527561
0
LINE
8
BLACK
6
CONTINUOUS
10
1.1395972047244094
20
2.1129963779527561
11
1.1395971653543306
21
2.1129964173228344
0
LINE
8
BLACK
6
CONTINUOUS
10
1.1395971653543306
20
2.1129964173228344
11
1.1369846456692914
21
2.1148945275590552
0
LINE
8
BLACK
6
CONTINUOUS
10
1.1369846456692914
20
2.1148945275590552
11
1.1369844094488188
21
2.1148946850393702
0
LINE
8
BLACK
6
CONTINUOUS
10
1.1369844094488188
20
2.1148946850393702
11
1.1300797244094487
21
2.1184127559055117
0
LINE
8
BLACK
6
CONTINUOUS
10
1.1300797244094487
20
2.1184127559055117
11
1.1227094881889763
21
2.1208075196850391
0
LINE
8
BLACK
6
CONTINUOUS
10
1.1227094881889763
20
2.1208075196850391
11
1.115055905511811
21
2.12201968503937
0
LINE
8
BLACK
6
CONTINUOUS
10
1.115055905511811
20
2.12201968503937
11
1.1150557874015747
21
2.12201968503937
0
LINE
8
BLACK
6
CONTINUOUS
10
1.1150557874015747
20
2.12201968503937
11
1.1073064173228346
21
2.12201968503937
0
LINE
8
BLACK
6
CONTINUOUS
10
1.1073064173228346
20
2.12201968503937
11
1.1073062992125984
21
2.12201968503937
0
LINE
8
BLACK
6
CONTINUOUS
10
1.1073062992125984
20
2.12201968503937
11
1.0996526771653543
21
2.1208075196850391
0
LINE
8
BLACK
6
CONTINUOUS
10
1.0996526771653543
20
2.1208075196850391
11
1.0922824409448819
21
2.1184127559055117
0
LINE
8
BLACK
6
CONTINUOUS
10
1.0922824409448819
20
2.1184127559055117
11
1.0853778346456693
21
2.1148947244094489
0
LINE
8
BLACK
6
CONTINUOUS
10
1.0853778346456693
20
2.1148947244094489
11
1.0791084645669291
21
2.1103397244094486
0
LINE
8
BLACK
6
CONTINUOUS
10
1.0791084645669291
20
2.1103397244094486
11
1.073628779527559
21
2.1048600393700787
0
LINE
8
BLACK
6
CONTINUOUS
10
1.073628779527559
20
2.1048600393700787
11
1.0690737795275591
21
2.0985906692913385
0
LINE
8
BLACK
6
CONTINUOUS
10
1.0690737795275591
20
2.0985906692913385
11
1.0655556692913386
21
2.0916859055118109
0
LINE
8
BLACK
6
CONTINUOUS
10
1.0655556692913386
20
2.0916859055118109
11
1.0655555905511811
21
2.0916857874015746
0
LINE
8
BLACK
6
CONTINUOUS
10
1.0655555905511811
20
2.0916857874015746
11
1.0648879527559054
21
2.089630905511811
0
LINE
8
BLACK
6
CONTINUOUS
10
1.0648879527559054
20
2.089630905511811
11
1.0634720472440944
21
2.0876820866141732
0
LINE
8
BLACK
6
CONTINUOUS
10
1.0634720472440944
20
2.0876820866141732
11
1.0611810629921259
21
2.086937716535433
0
LINE
8
BLACK
6
CONTINUOUS
10
1.0611810629921259
20
2.086937716535433
11
1.0588901181102361
21
2.087682125984252
0
LINE
8
BLACK
6
CONTINUOUS
10
1.0588901181102361
20
2.087682125984252
11
1.0574742519685039
21
2.089630905511811
0
LINE
8
BLACK
6
CONTINUOUS
10
1.0574742519685039
20
2.089630905511811
11
1.0568065748031497
21
2.0916857874015746
0
LINE
8
BLACK
6
CONTINUOUS
10
1.0568065748031497
20
2.0916857874015746
11
1.0568064960629922
21
2.0916859055118109
0
LINE
8
BLACK
6
CONTINUOUS
10
1.0568064960629922
20
2.0916859055118109
11
1.0568064566929134
21
2.0916859448818896
0
LINE
8
BLACK
6
CONTINUOUS
10
1.0568064566929134
20
2.0916859448818896
11
1.0568064566929134
21
2.0916860236220471
0
LINE
8
BLACK
6
CONTINUOUS
10
1.0568064566929134
20
2.0916860236220471
11
1.0532883464566929
21
2.098590748031496
0
LINE
8
BLACK
6
CONTINUOUS
10
1.0532883464566929
20
2.098590748031496
11
1.0487333858267716
21
2.1048600787401575
0
LINE
8
BLACK
6
CONTINUOUS
10
1.0487333858267716
20
2.1048600787401575
11
1.0432537795275589
21
2.1103396850393699
0
LINE
8
BLACK
6
CONTINUOUS
10
1.0432537795275589
20
2.1103396850393699
11
1.0369844488188975
21
2.1148946456692914
0
LINE
8
BLACK
6
CONTINUOUS
10
1.0369844488188975
20
2.1148946456692914
11
1.036984409448819
21
2.1148946850393702
0
LINE
8
BLACK
6
CONTINUOUS
10
1.036984409448819
20
2.1148946850393702
11
1.0369843307086615
21
2.1148947244094489
0
LINE
8
BLACK
6
CONTINUOUS
10
1.0369843307086615
20
2.1148947244094489
11
1.0300797244094488
21
2.1184127559055117
0
LINE
8
BLACK
6
CONTINUOUS
10
1.0300797244094488
20
2.1184127559055117
11
1.0227094881889764
21
2.1208075196850391
0
LINE
8
BLACK
6
CONTINUOUS
10
1.0227094881889764
20
2.1208075196850391
11
1.0150559055118109
21
2.12201968503937
0
LINE
8
BLACK
6
CONTINUOUS
10
1.0150559055118109
20
2.12201968503937
11
1.0150557874015749
21
2.12201968503937
0
LINE
8
BLACK
6
CONTINUOUS
10
1.0150557874015749
20
2.12201968503937
11
1.0073064173228345
21
2.12201968503937
0
LINE
8
BLACK
6
CONTINUOUS
10
1.0073064173228345
20
2.12201968503937
11
1.0073062992125985
21
2.12201968503937
0
LINE
8
BLACK
6
CONTINUOUS
10
1.0073062992125985
20
2.12201968503937
11
0.9996526771653543
21
2.1208075196850391
0
LINE
8
BLACK
6
CONTINUOUS
10
0.9996526771653543
20
2.1208075196850391
11
0.9922824409448818
21
2.1184127559055117
0
LINE
8
BLACK
6
CONTINUOUS
10
0.9922824409448818
20
2.1184127559055117
11
0.9853778346456693
21
2.1148947244094489
0
LINE
8
BLACK
6
CONTINUOUS
10
0.9853778346456693
20
2.1148947244094489
11
0.9791084645669291
21
2.1103397244094486
0
LINE
8
BLACK
6
CONTINUOUS
10
0.9791084645669291
20
2.1103397244094486
11
0.9736287401574802
21
2.10486
0
LINE
8
BLACK
6
CONTINUOUS
10
0.9736287401574802
20
2.10486
11
0.9725626771653543
21
2.1033926771653544
0
LINE
8
BLACK
6
CONTINUOUS
10
0.9725626771653543
20
2.1033926771653544
11
0.9706138582677165
21
2.1019768110236221
0
LINE
8
BLACK
6
CONTINUOUS
10
0.9706138582677165
20
2.1019768110236221
11
0.9682049606299212
21
2.1019768503937009
0
LINE
8
BLACK
6
CONTINUOUS
10
0.9682049606299212
20
2.1019768503937009
11
0.9662561811023622
21
2.1033927559055119
0
LINE
8
BLACK
6
CONTINUOUS
10
0.9662561811023622
20
2.1033927559055119
11
0.965511811023622
21
2.1056837007874014
0
LINE
8
BLACK
6
CONTINUOUS
10
0.965511811023622
20
2.1056837007874014
11
0.965511811023622
21
2.1078855511811021
0
LINE
8
BLACK
6
CONTINUOUS
10
0.965511811023622
20
2.1078855511811021
11
0.9655117716535433
21
2.1078857874015746
0
LINE
8
BLACK
6
CONTINUOUS
10
0.9655117716535433
20
2.1078857874015746
11
0.9651091338582677
21
2.1112387401574804
0
LINE
8
BLACK
6
CONTINUOUS
10
0.9651091338582677
20
2.1112387401574804
11
0.9630047637795275
21
2.1165749606299213
0
LINE
8
BLACK
6
CONTINUOUS
10
0.9630047637795275
20
2.1165749606299213
11
0.959539094488189
21
2.1211451181102361
0
LINE
8
BLACK
6
CONTINUOUS
10
0.959539094488189
20
2.1211451181102361
11
0.9595387795275591
21
2.1211454330708661
0
LINE
8
BLACK
6
CONTINUOUS
10
0.9595387795275591
20
2.1211454330708661
11
0.9549686220472441
21
2.1246111023622047
0
LINE
8
BLACK
6
CONTINUOUS
10
0.9549686220472441
20
2.1246111023622047
11
0.9496324015748031
21
2.1267154724409449
0
LINE
8
BLACK
6
CONTINUOUS
10
0.9496324015748031
20
2.1267154724409449
11
0.9462794488188976
21
2.1271181102362204
0
LINE
8
BLACK
6
CONTINUOUS
10
0.9462794488188976
20
2.1271181102362204
11
0.9211811417322835
21
2.1271181102362204
0
LINE
8
BLACK
6
CONTINUOUS
10
0.9211811417322835
20
2.1271181102362204
11
0.9211811023622047
21
2.1271180708661417
0
LINE
8
BLACK
6
CONTINUOUS
10
2.05253937007874
20
2.0768608267716533
11
2.0509499999999998
21
2.084851181102362
0
LINE
8
BLACK
6
CONTINUOUS
10
2.0509499999999998
20
2.084851181102362
11
2.0478323228346458
21
2.0923778740157482
0
LINE
8
BLACK
6
CONTINUOUS
10
2.0478323228346458
20
2.0923778740157482
11
2.0433061811023623
21
2.0991517716535433
0
LINE
8
BLACK
6
CONTINUOUS
10
2.0433061811023623
20
2.0991517716535433
11
2.0375454724409447
21
2.1049124803149604
0
LINE
8
BLACK
6
CONTINUOUS
10
2.0375454724409447
20
2.1049124803149604
11
2.0307715748031496
21
2.1094386220472439
0
LINE
8
BLACK
6
CONTINUOUS
10
2.0307715748031496
20
2.1094386220472439
11
2.0307716141732284
21
2.1094386220472439
0
LINE
8
BLACK
6
CONTINUOUS
10
2.0307716141732284
20
2.1094386220472439
11
2.0307715354330709
21
2.1094386614173226
0
LINE
8
BLACK
6
CONTINUOUS
10
2.0307715354330709
20
2.1094386614173226
11
2.0232448031496064
21
2.1125563385826771
0
LINE
8
BLACK
6
CONTINUOUS
10
2.0232448031496064
20
2.1125563385826771
11
2.0152546062992127
21
2.1141456692913385
0
LINE
8
BLACK
6
CONTINUOUS
10
2.0152546062992127
20
2.1141456692913385
11
2.0152545275590552
21
2.1141456692913385
0
LINE
8
BLACK
6
CONTINUOUS
10
2.0152545275590552
20
2.1141456692913385
11
2.0071076771653544
21
2.1141456692913385
0
LINE
8
BLACK
6
CONTINUOUS
10
2.0071076771653544
20
2.1141456692913385
11
2.0071075590551182
21
2.1141456692913385
0
LINE
8
BLACK
6
CONTINUOUS
10
2.0071075590551182
20
2.1141456692913385
11
1.9991173622047245
21
2.1125563385826771
0
LINE
8
BLACK
6
CONTINUOUS
10
1.9991173622047245
20
2.1125563385826771
11
1.9915906299212598
21
2.1094386614173226
0
LINE
8
BLACK
6
CONTINUOUS
10
1.9915906299212598
20
2.1094386614173226
11
1.9848168503937007
21
2.1049125984251966
0
LINE
8
BLACK
6
CONTINUOUS
10
1.9848168503937007
20
2.1049125984251966
11
1.9790559055118109
21
2.099151653543307
0
LINE
8
BLACK
6
CONTINUOUS
10
1.9790559055118109
20
2.099151653543307
11
1.9745298425196849
21
2.0923778740157482
0
LINE
8
BLACK
6
CONTINUOUS
10
1.9745298425196849
20
2.0923778740157482
11
1.9715188582677166
21
2.0851087401574802
0
LINE
8
BLACK
6
CONTINUOUS
10
1.9715188582677166
20
2.0851087401574802
11
1.9699544094488188
21
2.0832770078740155
0
LINE
8
BLACK
6
CONTINUOUS
10
1.9699544094488188
20
2.0832770078740155
11
1.9676120866141731
21
2.0827146850393699
0
LINE
8
BLACK
6
CONTINUOUS
10
1.9676120866141731
20
2.0827146850393699
11
1.9653865748031496
21
2.083636535433071
0
LINE
8
BLACK
6
CONTINUOUS
10
1.9653865748031496
20
2.083636535433071
11
1.9642110236220471
21
2.0853958661417322
0
LINE
8
BLACK
6
CONTINUOUS
10
1.9642110236220471
20
2.0853958661417322
11
1.9615312992125984
21
2.0936431889763778
0
LINE
8
BLACK
6
CONTINUOUS
10
1.9615312992125984
20
2.0936431889763778
11
1.9576488976377953
21
2.1012629133858267
0
LINE
8
BLACK
6
CONTINUOUS
10
1.9576488976377953
20
2.1012629133858267
11
1.9576487401574802
21
2.1012631102362205
0
LINE
8
BLACK
6
CONTINUOUS
10
1.9576487401574802
20
2.1012631102362205
11
1.9560287007874015
21
2.1034928740157479
0
LINE
8
BLACK
6
CONTINUOUS
10
1.9560287007874015
20
2.1034928740157479
11
1.940812559055118
21
2.0882767716535433
0
LINE
8
BLACK
6
CONTINUOUS
10
1.940812559055118
20
2.0882767716535433
11
1.94320468503937
21
2.0825016535433072
0
LINE
8
BLACK
6
CONTINUOUS
10
1.94320468503937
20
2.0825016535433072
11
1.944484527559055
21
2.0760675196850391
0
LINE
8
BLACK
6
CONTINUOUS
10
1.944484527559055
20
2.0760675196850391
11
1.944484527559055
21
2.0695072834645667
0
LINE
8
BLACK
6
CONTINUOUS
10
1.944484527559055
20
2.0695072834645667
11
1.94320468503937
21
2.0630731496062991
0
LINE
8
BLACK
6
CONTINUOUS
10
1.94320468503937
20
2.0630731496062991
11
1.940812559055118
21
2.0572981496062992
0
LINE
8
BLACK
6
CONTINUOUS
10
1.940812559055118
20
2.0572981496062992
11
1.9560287007874015
21
2.0420820078740158
0
LINE
8
BLACK
6
CONTINUOUS
10
1.9560287007874015
20
2.0420820078740158
11
1.9576488188976378
21
2.0443118503937008
0
LINE
8
BLACK
6
CONTINUOUS
10
1.9576488188976378
20
2.0443118503937008
11
1.9576490157480315
21
2.0443121653543308
0
LINE
8
BLACK
6
CONTINUOUS
10
1.9576490157480315
20
2.0443121653543308
11
1.9615313385826771
21
2.0519317322834647
0
LINE
8
BLACK
6
CONTINUOUS
10
1.9615313385826771
20
2.0519317322834647
11
1.9642110236220471
21
2.060178937007874
0
LINE
8
BLACK
6
CONTINUOUS
10
1.9642110236220471
20
2.060178937007874
11
1.9656269291338582
21
2.0621277952755905
0
LINE
8
BLACK
6
CONTINUOUS
10
1.9656269291338582
20
2.0621277952755905
11
1.9679179133858267
21
2.0628721653543307
0
LINE
8
BLACK
6
CONTINUOUS
10
1.9679179133858267
20
2.0628721653543307
11
1.9702088976377952
21
2.0621277952755905
0
LINE
8
BLACK
6
CONTINUOUS
10
1.9702088976377952
20
2.0621277952755905
11
1.9715188582677166
21
2.0604661023622048
0
LINE
8
BLACK
6
CONTINUOUS
10
1.9715188582677166
20
2.0604661023622048
11
1.9745298425196849
21
2.0531969685039368
0
LINE
8
BLACK
6
CONTINUOUS
10
1.9745298425196849
20
2.0531969685039368
11
1.9790559055118109
21
2.046423188976378
0
LINE
8
BLACK
6
CONTINUOUS
10
1.9790559055118109
20
2.046423188976378
11
1.9790560236220471
21
2.046423031496063
0
LINE
8
BLACK
6
CONTINUOUS
10
1.9790560236220471
20
2.046423031496063
11
1.9848167322834644
21
2.0406623228346454
0
LINE
8
BLACK
6
CONTINUOUS
10
1.9848167322834644
20
2.0406623228346454
11
1.9915906299212598
21
2.0361361811023619
0
LINE
8
BLACK
6
CONTINUOUS
10
1.9915906299212598
20
2.0361361811023619
11
1.9991173228346457
21
2.0330185039370079
0
LINE
8
BLACK
6
CONTINUOUS
10
1.9991173228346457
20
2.0330185039370079
11
2.0071076771653544
21
2.0314291338582677
0
LINE
8
BLACK
6
CONTINUOUS
10
2.0071076771653544
20
2.0314291338582677
11
2.0071077165354332
21
2.0314291338582677
0
LINE
8
BLACK
6
CONTINUOUS
10
2.0071077165354332
20
2.0314291338582677
11
2.0152544881889765
21
2.0314291338582677
0
LINE
8
BLACK
6
CONTINUOUS
10
2.0152544881889765
20
2.0314291338582677
11
2.0152545275590552
21
2.0314291338582677
0
LINE
8
BLACK
6
CONTINUOUS
10
2.0152545275590552
20
2.0314291338582677
11
2.0232448818897639
21
2.0330185039370079
0
LINE
8
BLACK
6
CONTINUOUS
10
2.0232448818897639
20
2.0330185039370079
11
2.0307715748031496
21
2.0361361811023619
0
LINE
8
BLACK
6
CONTINUOUS
10
2.0307715748031496
20
2.0361361811023619
11
2.0375454724409447
21
2.0406623228346454
0
LINE
8
BLACK
6
CONTINUOUS
10
2.0375454724409447
20
2.0406623228346454
11
2.0433061811023623
21
2.046423031496063
0
LINE
8
BLACK
6
CONTINUOUS
10
2.0433061811023623
20
2.046423031496063
11
2.0478323228346458
21
2.0531969291338581
0
LINE
8
BLACK
6
CONTINUOUS
10
2.0478323228346458
20
2.0531969291338581
11
2.0509499999999998
21
2.0607236220472442
0
LINE
8
BLACK
6
CONTINUOUS
10
2.0509499999999998
20
2.0607236220472442
11
2.05253937007874
21
2.0687139763779525
0
LINE
8
BLACK
6
CONTINUOUS
10
2.05253937007874
20
2.0687139763779525
11
2.05253937007874
21
2.076662244094488
0
LINE
8
BLACK
6
CONTINUOUS
10
2.05253937007874
20
2.076662244094488
11
2.05253937007874
21
2.0768608267716533
0
LINE
8
BLACK
6
CONTINUOUS
10
1.2208953543307086
20
2.0407638188976378
11
1.214461220472441
21
2.0394839763779529
0
LINE
8
BLACK
6
CONTINUOUS
10
1.214461220472441
20
2.0394839763779529
11
1.2079009842519686
21
2.0394839763779529
0
LINE
8
BLACK
6
CONTINUOUS
10
1.2079009842519686
20
2.0394839763779529
11
1.2014668503937007
21
2.0407638188976378
0
LINE
8
BLACK
6
CONTINUOUS
10
1.2014668503937007
20
2.0407638188976378
11
1.1956917322834646
21
2.0431559448818897
0
LINE
8
BLACK
6
CONTINUOUS
10
1.1956917322834646
20
2.0431559448818897
11
1.1804756299212598
21
2.0279398031496063
0
LINE
8
BLACK
6
CONTINUOUS
10
1.1804756299212598
20
2.0279398031496063
11
1.1804756299212598
21
2.0279397637795276
0
LINE
8
BLACK
6
CONTINUOUS
10
1.1804756299212598
20
2.0279397637795276
11
1.1827053937007874
21
2.0263197637795276
0
LINE
8
BLACK
6
CONTINUOUS
10
1.1827053937007874
20
2.0263197637795276
11
1.1827055905511812
21
2.0263196062992126
0
LINE
8
BLACK
6
CONTINUOUS
10
1.1827055905511812
20
2.0263196062992126
11
1.1903253149606299
21
2.0224372047244095
0
LINE
8
BLACK
6
CONTINUOUS
10
1.1903253149606299
20
2.0224372047244095
11
1.1985726377952755
21
2.0197574803149605
0
LINE
8
BLACK
6
CONTINUOUS
10
1.1985726377952755
20
2.0197574803149605
11
1.2005214566929134
21
2.0183415748031495
0
LINE
8
BLACK
6
CONTINUOUS
10
1.2005214566929134
20
2.0183415748031495
11
1.2012658267716536
21
2.0160505905511812
0
LINE
8
BLACK
6
CONTINUOUS
10
1.2012658267716536
20
2.0160505905511812
11
1.2005214566929134
21
2.0137596062992125
0
LINE
8
BLACK
6
CONTINUOUS
10
1.2005214566929134
20
2.0137596062992125
11
1.1988597637795275
21
2.0124496456692911
0
LINE
8
BLACK
6
CONTINUOUS
10
1.1988597637795275
20
2.0124496456692911
11
1.1915906299212597
21
2.009438661417323
0
LINE
8
BLACK
6
CONTINUOUS
10
1.1915906299212597
20
2.009438661417323
11
1.1848168503937007
21
2.004912598425197
0
LINE
8
BLACK
6
CONTINUOUS
10
1.1848168503937007
20
2.004912598425197
11
1.1790559055118111
21
1.9991516535433071
0
LINE
8
BLACK
6
CONTINUOUS
10
1.1790559055118111
20
1.9991516535433071
11
1.1745298425196851
21
1.9923778740157481
0
LINE
8
BLACK
6
CONTINUOUS
10
1.1745298425196851
20
1.9923778740157481
11
1.1714121653543308
21
1.9848511417322834
0
LINE
8
BLACK
6
CONTINUOUS
10
1.1714121653543308
20
1.9848511417322834
11
1.1698228346456692
21
1.9768609448818897
0
LINE
8
BLACK
6
CONTINUOUS
10
1.1698228346456692
20
1.9768609448818897
11
1.1698228346456692
21
1.9687138976377951
0
LINE
8
BLACK
6
CONTINUOUS
10
1.1698228346456692
20
1.9687138976377951
11
1.1714121653543308
21
1.9607237007874014
0
LINE
8
BLACK
6
CONTINUOUS
10
1.1714121653543308
20
1.9607237007874014
11
1.1745298425196851
21
1.953196968503937
0
LINE
8
BLACK
6
CONTINUOUS
10
1.1745298425196851
20
1.953196968503937
11
1.1790559055118111
21
1.9464231889763779
0
LINE
8
BLACK
6
CONTINUOUS
10
1.1790559055118111
20
1.9464231889763779
11
1.1790560236220473
21
1.9464230314960629
0
LINE
8
BLACK
6
CONTINUOUS
10
1.1790560236220473
20
1.9464230314960629
11
1.1848167322834646
21
1.9406623228346456
0
LINE
8
BLACK
6
CONTINUOUS
10
1.1848167322834646
20
1.9406623228346456
11
1.1915906299212597
21
1.9361361811023621
0
LINE
8
BLACK
6
CONTINUOUS
10
1.1915906299212597
20
1.9361361811023621
11
1.1991173228346457
21
1.9330185039370078
0
LINE
8
BLACK
6
CONTINUOUS
10
1.1991173228346457
20
1.9330185039370078
11
1.2071076771653544
21
1.9314291338582676
0
LINE
8
BLACK
6
CONTINUOUS
10
1.2071076771653544
20
1.9314291338582676
11
1.2071077165354331
21
1.9314291338582676
0
LINE
8
BLACK
6
CONTINUOUS
10
1.2071077165354331
20
1.9314291338582676
11
1.2152544881889764
21
1.9314291338582676
0
LINE
8
BLACK
6
CONTINUOUS
10
1.2152544881889764
20
1.9314291338582676
11
1.2152545275590552
21
1.9314291338582676
0
LINE
8
BLACK
6
CONTINUOUS
10
1.2152545275590552
20
1.9314291338582676
11
1.2232448818897637
21
1.9330185039370078
0
LINE
8
BLACK
6
CONTINUOUS
10
1.2232448818897637
20
1.9330185039370078
11
1.2307715748031496
21
1.9361361811023621
0
LINE
8
BLACK
6
CONTINUOUS
10
1.2307715748031496
20
1.9361361811023621
11
1.2375454724409449
21
1.9406623228346456
0
LINE
8
BLACK
6
CONTINUOUS
10
1.2375454724409449
20
1.9406623228346456
11
1.2433061811023622
21
1.9464230314960629
0
LINE
8
BLACK
6
CONTINUOUS
10
1.2433061811023622
20
1.9464230314960629
11
1.2478323228346457
21
1.9531969291338582
0
LINE
8
BLACK
6
CONTINUOUS
10
1.2478323228346457
20
1.9531969291338582
11
1.25095
21
1.9607236220472442
0
LINE
8
BLACK
6
CONTINUOUS
10
1.25095
20
1.9607236220472442
11
1.2525393700787402
21
1.9687139763779526
0
LINE
8
BLACK
6
CONTINUOUS
10
1.2525393700787402
20
1.9687139763779526
11
1.2525393700787402
21
1.9768608267716534
0
LINE
8
BLACK
6
CONTINUOUS
10
1.2525393700787402
20
1.9768608267716534
11
1.2525393307086614
21
1.9768609448818897
0
LINE
8
BLACK
6
CONTINUOUS
10
1.2525393307086614
20
1.9768609448818897
11
1.25095
21
1.9848511811023621
0
LINE
8
BLACK
6
CONTINUOUS
10
1.25095
20
1.9848511811023621
11
1.2478323228346457
21
1.9923778740157481
0
LINE
8
BLACK
6
CONTINUOUS
10
1.2478323228346457
20
1.9923778740157481
11
1.2433061811023622
21
1.9991517716535432
0
LINE
8
BLACK
6
CONTINUOUS
10
1.2433061811023622
20
1.9991517716535432
11
1.2375454724409449
21
2.0049124803149607
0
LINE
8
BLACK
6
CONTINUOUS
10
1.2375454724409449
20
2.0049124803149607
11
1.2307715748031496
21
2.0094386220472442
0
LINE
8
BLACK
6
CONTINUOUS
10
1.2307715748031496
20
2.0094386220472442
11
1.2307716141732283
21
2.0094386220472442
0
LINE
8
BLACK
6
CONTINUOUS
10
1.2307716141732283
20
2.0094386220472442
11
1.2307715354330708
21
2.009438661417323
0
LINE
8
BLACK
6
CONTINUOUS
10
1.2307715354330708
20
2.009438661417323
11
1.2235024015748031
21
2.0124496456692911
0
LINE
8
BLACK
6
CONTINUOUS
10
1.2235024015748031
20
2.0124496456692911
11
1.2216706692913386
21
2.0140140944881888
0
LINE
8
BLACK
6
CONTINUOUS
10
1.2216706692913386
20
2.0140140944881888
11
1.221108346456693
21
2.0163564173228345
0
LINE
8
BLACK
6
CONTINUOUS
10
1.221108346456693
20
2.0163564173228345
11
1.2220301968503937
21
2.018581929133858
0
LINE
8
BLACK
6
CONTINUOUS
10
1.2220301968503937
20
2.018581929133858
11
1.2237895669291339
21
2.0197574803149605
0
LINE
8
BLACK
6
CONTINUOUS
10
1.2237895669291339
20
2.0197574803149605
11
1.2320367716535432
21
2.0224371653543307
0
LINE
8
BLACK
6
CONTINUOUS
10
1.2320367716535432
20
2.0224371653543307
11
1.2396563385826771
21
2.0263194881889763
0
LINE
8
BLACK
6
CONTINUOUS
10
1.2396563385826771
20
2.0263194881889763
11
1.2396566535433071
21
2.0263196850393701
0
LINE
8
BLACK
6
CONTINUOUS
10
1.2396566535433071
20
2.0263196850393701
11
1.2418864960629921
21
2.0279398031496063
0
LINE
8
BLACK
6
CONTINUOUS
10
1.2418864960629921
20
2.0279398031496063
11
1.2266703543307087
21
2.0431559448818897
0
LINE
8
BLACK
6
CONTINUOUS
10
1.2266703543307087
20
2.0431559448818897
11
1.2208953543307086
21
2.0407638188976378
0
LINE
8
BLACK
6
CONTINUOUS
10
1.7991173622047243
20
2.012556338582677
11
1.7915906299212598
21
2.009438661417323
0
LINE
8
BLACK
6
CONTINUOUS
10
1.7915906299212598
20
2.009438661417323
11
1.7848168503937007
21
2.004912598425197
0
LINE
8
BLACK
6
CONTINUOUS
10
1.7848168503937007
20
2.004912598425197
11
1.7790559055118109
21
1.9991516535433071
0
LINE
8
BLACK
6
CONTINUOUS
10
1.7790559055118109
20
1.9991516535433071
11
1.7745298425196849
21
1.9923778740157481
0
LINE
8
BLACK
6
CONTINUOUS
10
1.7745298425196849
20
1.9923778740157481
11
1.7714121653543307
21
1.9848511417322834
0
LINE
8
BLACK
6
CONTINUOUS
10
1.7714121653543307
20
1.9848511417322834
11
1.7698228346456693
21
1.9768609448818897
0
LINE
8
BLACK
6
CONTINUOUS
10
1.7698228346456693
20
1.9768609448818897
11
1.7698228346456693
21
1.9687138976377951
0
LINE
8
BLACK
6
CONTINUOUS
10
1.7698228346456693
20
1.9687138976377951
11
1.7714121653543307
21
1.9607237007874014
0
LINE
8
BLACK
6
CONTINUOUS
10
1.7714121653543307
20
1.9607237007874014
11
1.7745298425196849
21
1.953196968503937
0
LINE
8
BLACK
6
CONTINUOUS
10
1.7745298425196849
20
1.953196968503937
11
1.7790559055118109
21
1.9464231889763779
0
LINE
8
BLACK
6
CONTINUOUS
10
1.7790559055118109
20
1.9464231889763779
11
1.7790560236220472
21
1.9464230314960629
0
LINE
8
BLACK
6
CONTINUOUS
10
1.7790560236220472
20
1.9464230314960629
11
1.7848167322834645
21
1.9406623228346456
0
LINE
8
BLACK
6
CONTINUOUS
10
1.7848167322834645
20
1.9406623228346456
11
1.7915906299212598
21
1.9361361811023621
0
LINE
8
BLACK
6
CONTINUOUS
10
1.7915906299212598
20
1.9361361811023621
11
1.7991173228346455
21
1.9330185039370078
0
LINE
8
BLACK
6
CONTINUOUS
10
1.7991173228346455
20
1.9330185039370078
11
1.8071076771653543
21
1.9314291338582676
0
LINE
8
BLACK
6
CONTINUOUS
10
1.8071076771653543
20
1.9314291338582676
11
1.807107716535433
21
1.9314291338582676
0
LINE
8
BLACK
6
CONTINUOUS
10
1.807107716535433
20
1.9314291338582676
11
1.8152544881889763
21
1.9314291338582676
0
LINE
8
BLACK
6
CONTINUOUS
10
1.8152544881889763
20
1.9314291338582676
11
1.815254527559055
21
1.9314291338582676
0
LINE
8
BLACK
6
CONTINUOUS
10
1.815254527559055
20
1.9314291338582676
11
1.8232448818897637
21
1.9330185039370078
0
LINE
8
BLACK
6
CONTINUOUS
10
1.8232448818897637
20
1.9330185039370078
11
1.8307715748031497
21
1.9361361811023621
0
LINE
8
BLACK
6
CONTINUOUS
10
1.8307715748031497
20
1.9361361811023621
11
1.8375454724409448
21
1.9406623228346456
0
LINE
8
BLACK
6
CONTINUOUS
10
1.8375454724409448
20
1.9406623228346456
11
1.8433061811023621
21
1.9464230314960629
0
LINE
8
BLACK
6
CONTINUOUS
10
1.8433061811023621
20
1.9464230314960629
11
1.8478323228346456
21
1.9531969291338582
0
LINE
8
BLACK
6
CONTINUOUS
10
1.8478323228346456
20
1.9531969291338582
11
1.8508433464566929
21
1.9604661811023623
0
LINE
8
BLACK
6
CONTINUOUS
10
1.8508433464566929
20
1.9604661811023623
11
1.8524077559055119
21
1.9622977952755905
0
LINE
8
BLACK
6
CONTINUOUS
10
1.8524077559055119
20
1.9622977952755905
11
1.8547500393700787
21
1.9628601574803148
0
LINE
8
BLACK
6
CONTINUOUS
10
1.8547500393700787
20
1.9628601574803148
11
1.8569755511811024
21
1.9619383070866141
0
LINE
8
BLACK
6
CONTINUOUS
10
1.8569755511811024
20
1.9619383070866141
11
1.8581511417322834
21
1.9601789763779527
0
LINE
8
BLACK
6
CONTINUOUS
10
1.8581511417322834
20
1.9601789763779527
11
1.8608308661417323
21
1.9519316535433071
0
LINE
8
BLACK
6
CONTINUOUS
10
1.8608308661417323
20
1.9519316535433071
11
1.8647132677165354
21
1.9443119291338582
0
LINE
8
BLACK
6
CONTINUOUS
10
1.8647132677165354
20
1.9443119291338582
11
1.8647134251968505
21
1.9443117322834644
0
LINE
8
BLACK
6
CONTINUOUS
10
1.8647134251968505
20
1.9443117322834644
11
1.8663334251968504
21
1.9420820078740157
0
LINE
8
BLACK
6
CONTINUOUS
10
1.8663334251968504
20
1.9420820078740157
11
1.8663334645669292
21
1.9420820078740157
0
LINE
8
BLACK
6
CONTINUOUS
10
1.8663334645669292
20
1.9420820078740157
11
1.8815495669291338
21
1.9572981496062991
0
LINE
8
BLACK
6
CONTINUOUS
10
1.8815495669291338
20
1.9572981496062991
11
1.8791575196850394
21
1.9630731496062992
0
LINE
8
BLACK
6
CONTINUOUS
10
1.8791575196850394
20
1.9630731496062992
11
1.8778776771653543
21
1.9695072834645668
0
LINE
8
BLACK
6
CONTINUOUS
10
1.8778776771653543
20
1.9695072834645668
11
1.8778776771653543
21
1.9760675196850392
0
LINE
8
BLACK
6
CONTINUOUS
10
1.8778776771653543
20
1.9760675196850392
11
1.8791575196850394
21
1.9825016535433071
0
LINE
8
BLACK
6
CONTINUOUS
10
1.8791575196850394
20
1.9825016535433071
11
1.8815496062992125
21
1.9882766929133857
0
LINE
8
BLACK
6
CONTINUOUS
10
1.8815496062992125
20
1.9882766929133857
11
1.8663334645669292
21
2.0034928346456691
0
LINE
8
BLACK
6
CONTINUOUS
10
1.8663334645669292
20
2.0034928346456691
11
1.8647132283464567
21
2.0012628346456691
0
LINE
8
BLACK
6
CONTINUOUS
10
1.8647132283464567
20
2.0012628346456691
11
1.8608308661417323
21
1.9936431889763779
0
LINE
8
BLACK
6
CONTINUOUS
10
1.8608308661417323
20
1.9936431889763779
11
1.8581511417322834
21
1.9853958661417321
0
LINE
8
BLACK
6
CONTINUOUS
10
1.8581511417322834
20
1.9853958661417321
11
1.8567352362204723
21
1.9834470472440944
0
LINE
8
BLACK
6
CONTINUOUS
10
1.8567352362204723
20
1.9834470472440944
11
1.8544442519685038
21
1.9827026771653542
0
LINE
8
BLACK
6
CONTINUOUS
10
1.8544442519685038
20
1.9827026771653542
11
1.8521532677165353
21
1.9834470472440944
0
LINE
8
BLACK
6
CONTINUOUS
10
1.8521532677165353
20
1.9834470472440944
11
1.8508433070866142
21
1.9851087401574803
0
LINE
8
BLACK
6
CONTINUOUS
10
1.8508433070866142
20
1.9851087401574803
11
1.8481189763779526
21
1.9916857874015748
0
LINE
8
BLACK
6
CONTINUOUS
10
1.8481189763779526
20
1.9916857874015748
11
1.8478323228346456
21
1.9923778740157481
0
LINE
8
BLACK
6
CONTINUOUS
10
1.8478323228346456
20
1.9923778740157481
11
1.8433061811023621
21
1.9991517716535432
0
LINE
8
BLACK
6
CONTINUOUS
10
1.8433061811023621
20
1.9991517716535432
11
1.8375454724409448
21
2.0049124803149607
0
LINE
8
BLACK
6
CONTINUOUS
10
1.8375454724409448
20
2.0049124803149607
11
1.8307715748031497
21
2.0094386220472442
0
LINE
8
BLACK
6
CONTINUOUS
10
1.8307715748031497
20
2.0094386220472442
11
1.8307716141732282
21
2.0094386220472442
0
LINE
8
BLACK
6
CONTINUOUS
10
1.8307716141732282
20
2.0094386220472442
11
1.8307715354330709
21
2.009438661417323
0
LINE
8
BLACK
6
CONTINUOUS
10
1.8307715354330709
20
2.009438661417323
11
1.8259075590551181
21
2.0114533858267718
0
LINE
8
BLACK
6
CONTINUOUS
10
1.8259075590551181
20
2.0114533858267718
11
1.823263346456693
21
2.0125486614173229
0
LINE
8
BLACK
6
CONTINUOUS
10
1.823263346456693
20
2.0125486614173229
11
1.8232448818897637
21
2.0125562992125983
0
LINE
8
BLACK
6
CONTINUOUS
10
1.8232448818897637
20
2.0125562992125983
11
1.8152546062992125
21
2.0141456692913384
0
LINE
8
BLACK
6
CONTINUOUS
10
1.8152546062992125
20
2.0141456692913384
11
1.815254527559055
21
2.0141456692913384
0
LINE
8
BLACK
6
CONTINUOUS
10
1.815254527559055
20
2.0141456692913384
11
1.8071076771653543
21
2.0141456692913384
0
LINE
8
BLACK
6
CONTINUOUS
10
1.8071076771653543
20
2.0141456692913384
11
1.807107559055118
21
2.0141456692913384
0
LINE
8
BLACK
6
CONTINUOUS
10
1.807107559055118
20
2.0141456692913384
11
1.7991173622047243
21
2.012556338582677
0
LINE
8
BLACK
6
CONTINUOUS
10
1.9991173622047245
20
2.012556338582677
11
1.9915906299212598
21
2.009438661417323
0
LINE
8
BLACK
6
CONTINUOUS
10
1.9915906299212598
20
2.009438661417323
11
1.9848168503937007
21
2.004912598425197
0
LINE
8
BLACK
6
CONTINUOUS
10
1.9848168503937007
20
2.004912598425197
11
1.9790559055118109
21
1.9991516535433071
0
LINE
8
BLACK
6
CONTINUOUS
10
1.9790559055118109
20
1.9991516535433071
11
1.9745298425196849
21
1.9923778740157481
0
LINE
8
BLACK
6
CONTINUOUS
10
1.9745298425196849
20
1.9923778740157481
11
1.9715188582677166
21
1.9851087401574803
0
LINE
8
BLACK
6
CONTINUOUS
10
1.9715188582677166
20
1.9851087401574803
11
1.9699544094488188
21
1.9832770078740156
0
LINE
8
BLACK
6
CONTINUOUS
10
1.9699544094488188
20
1.9832770078740156
11
1.9676120866141731
21
1.98271468503937
0
LINE
8
BLACK
6
CONTINUOUS
10
1.9676120866141731
20
1.98271468503937
11
1.9653865748031496
21
1.9836365354330707
0
LINE
8
BLACK
6
CONTINUOUS
10
1.9653865748031496
20
1.9836365354330707
11
1.9642110236220471
21
1.9853958661417321
0
LINE
8
BLACK
6
CONTINUOUS
10
1.9642110236220471
20
1.9853958661417321
11
1.9615312992125984
21
1.9936431889763779
0
LINE
8
BLACK
6
CONTINUOUS
10
1.9615312992125984
20
1.9936431889763779
11
1.9576488976377953
21
2.0012629133858266
0
LINE
8
BLACK
6
CONTINUOUS
10
1.9576488976377953
20
2.0012629133858266
11
1.9576487401574802
21
2.0012631102362204
0
LINE
8
BLACK
6
CONTINUOUS
10
1.9576487401574802
20
2.0012631102362204
11
1.9560287007874015
21
2.0034928740157478
0
LINE
8
BLACK
6
CONTINUOUS
10
1.9560287007874015
20
2.0034928740157478
11
1.940812559055118
21
1.9882767716535432
0
LINE
8
BLACK
6
CONTINUOUS
10
1.940812559055118
20
1.9882767716535432
11
1.94320468503937
21
1.9825016535433071
0
LINE
8
BLACK
6
CONTINUOUS
10
1.94320468503937
20
1.9825016535433071
11
1.944484527559055
21
1.9760675196850392
0
LINE
8
BLACK
6
CONTINUOUS
10
1.944484527559055
20
1.9760675196850392
11
1.944484527559055
21
1.9695072834645668
0
LINE
8
BLACK
6
CONTINUOUS
10
1.944484527559055
20
1.9695072834645668
11
1.94320468503937
21
1.9630731496062992
0
LINE
8
BLACK
6
CONTINUOUS
10
1.94320468503937
20
1.9630731496062992
11
1.940812559055118
21
1.9572981496062991
0
LINE
8
BLACK
6
CONTINUOUS
10
1.940812559055118
20
1.9572981496062991
11
1.9560287007874015
21
1.9420820078740157
0
LINE
8
BLACK
6
CONTINUOUS
10
1.9560287007874015
20
1.9420820078740157
11
1.9576488188976378
21
1.9443118503937007
0
LINE
8
BLACK
6
CONTINUOUS
10
1.9576488188976378
20
1.9443118503937007
11
1.9576490157480315
21
1.9443121653543307
0
LINE
8
BLACK
6
CONTINUOUS
10
1.9576490157480315
20
1.9443121653543307
11
1.9615313385826771
21
1.9519317322834646
0
LINE
8
BLACK
6
CONTINUOUS
10
1.9615313385826771
20
1.9519317322834646
11
1.9642110236220471
21
1.9601789370078739
0
LINE
8
BLACK
6
CONTINUOUS
10
1.9642110236220471
20
1.9601789370078739
11
1.9656269291338582
21
1.9621277952755904
0
LINE
8
BLACK
6
CONTINUOUS
10
1.9656269291338582
20
1.9621277952755904
11
1.9679179133858267
21
1.9628721653543306
0
LINE
8
BLACK
6
CONTINUOUS
10
1.9679179133858267
20
1.9628721653543306
11
1.9702088976377952
21
1.9621277952755904
0
LINE
8
BLACK
6
CONTINUOUS
10
1.9702088976377952
20
1.9621277952755904
11
1.9715188582677166
21
1.9604661023622048
0
LINE
8
BLACK
6
CONTINUOUS
10
1.9715188582677166
20
1.9604661023622048
11
1.9745298425196849
21
1.953196968503937
0
LINE
8
BLACK
6
CONTINUOUS
10
1.9745298425196849
20
1.953196968503937
11
1.9790559055118109
21
1.9464231889763779
0
LINE
8
BLACK
6
CONTINUOUS
10
1.9790559055118109
20
1.9464231889763779
11
1.9790560236220471
21
1.9464230314960629
0
LINE
8
BLACK
6
CONTINUOUS
10
1.9790560236220471
20
1.9464230314960629
11
1.9848167322834644
21
1.9406623228346456
0
LINE
8
BLACK
6
CONTINUOUS
10
1.9848167322834644
20
1.9406623228346456
11
1.9915906299212598
21
1.9361361811023621
0
LINE
8
BLACK
6
CONTINUOUS
10
1.9915906299212598
20
1.9361361811023621
11
1.9991173228346457
21
1.9330185039370078
0
LINE
8
BLACK
6
CONTINUOUS
10
1.9991173228346457
20
1.9330185039370078
11
2.0071076771653544
21
1.9314291338582676
0
LINE
8
BLACK
6
CONTINUOUS
10
2.0071076771653544
20
1.9314291338582676
11
2.0071077165354332
21
1.9314291338582676
0
LINE
8
BLACK
6
CONTINUOUS
10
2.0071077165354332
20
1.9314291338582676
11
2.0152544881889765
21
1.9314291338582676
0
LINE
8
BLACK
6
CONTINUOUS
10
2.0152544881889765
20
1.9314291338582676
11
2.0152545275590552
21
1.9314291338582676
0
LINE
8
BLACK
6
CONTINUOUS
10
2.0152545275590552
20
1.9314291338582676
11
2.0232448818897639
21
1.9330185039370078
0
LINE
8
BLACK
6
CONTINUOUS
10
2.0232448818897639
20
1.9330185039370078
11
2.0307715748031496
21
1.9361361811023621
0
LINE
8
BLACK
6
CONTINUOUS
10
2.0307715748031496
20
1.9361361811023621
11
2.0375454724409447
21
1.9406623228346456
0
LINE
8
BLACK
6
CONTINUOUS
10
2.0375454724409447
20
1.9406623228346456
11
2.0433061811023623
21
1.9464230314960629
0
LINE
8
BLACK
6
CONTINUOUS
10
2.0433061811023623
20
1.9464230314960629
11
2.0478323228346458
21
1.9531969291338582
0
LINE
8
BLACK
6
CONTINUOUS
10
2.0478323228346458
20
1.9531969291338582
11
2.0509499999999998
21
1.9607236220472442
0
LINE
8
BLACK
6
CONTINUOUS
10
2.0509499999999998
20
1.9607236220472442
11
2.05253937007874
21
1.9687139763779526
0
LINE
8
BLACK
6
CONTINUOUS
10
2.05253937007874
20
1.9687139763779526
11
2.05253937007874
21
1.9768608267716534
0
LINE
8
BLACK
6
CONTINUOUS
10
2.05253937007874
20
1.9768608267716534
11
2.0509499999999998
21
1.9848511811023621
0
LINE
8
BLACK
6
CONTINUOUS
10
2.0509499999999998
20
1.9848511811023621
11
2.0478323228346458
21
1.9923778740157481
0
LINE
8
BLACK
6
CONTINUOUS
10
2.0478323228346458
20
1.9923778740157481
11
2.0433061811023623
21
1.9991517716535432
0
LINE
8
BLACK
6
CONTINUOUS
10
2.0433061811023623
20
1.9991517716535432
11
2.0375454724409447
21
2.0049124803149607
0
LINE
8
BLACK
6
CONTINUOUS
10
2.0375454724409447
20
2.0049124803149607
11
2.0307715748031496
21
2.0094386220472442
0
LINE
8
BLACK
6
CONTINUOUS
10
2.0307715748031496
20
2.0094386220472442
11
2.0307716141732284
21
2.0094386220472442
0
LINE
8
BLACK
6
CONTINUOUS
10
2.0307716141732284
20
2.0094386220472442
11
2.0307715354330709
21
2.009438661417323
0
LINE
8
BLACK
6
CONTINUOUS
10
2.0307715354330709
20
2.009438661417323
11
2.0232448031496064
21
2.012556338582677
0
LINE
8
BLACK
6
CONTINUOUS
10
2.0232448031496064
20
2.012556338582677
11
2.0152546062992127
21
2.0141456692913384
0
LINE
8
BLACK
6
CONTINUOUS
10
2.0152546062992127
20
2.0141456692913384
11
2.0152545275590552
21
2.0141456692913384
0
LINE
8
BLACK
6
CONTINUOUS
10
2.0152545275590552
20
2.0141456692913384
11
2.0071076771653544
21
2.0141456692913384
0
LINE
8
BLACK
6
CONTINUOUS
10
2.0071076771653544
20
2.0141456692913384
11
2.0071075590551182
21
2.0141456692913384
0
LINE
8
BLACK
6
CONTINUOUS
10
2.0071075590551182
20
2.0141456692913384
11
1.9991173622047245
21
2.012556338582677
0
LINE
8
BLACK
6
CONTINUOUS
10
2.1991173622047242
20
2.012556338582677
11
2.1915906299212597
21
2.009438661417323
0
LINE
8
BLACK
6
CONTINUOUS
10
2.1915906299212597
20
2.009438661417323
11
2.1848168503937009
21
2.004912598425197
0
LINE
8
BLACK
6
CONTINUOUS
10
2.1848168503937009
20
2.004912598425197
11
2.1790559055118108
21
1.9991516535433071
0
LINE
8
BLACK
6
CONTINUOUS
10
2.1790559055118108
20
1.9991516535433071
11
2.1745298425196848
21
1.9923778740157481
0
LINE
8
BLACK
6
CONTINUOUS
10
2.1745298425196848
20
1.9923778740157481
11
2.1714121653543308
21
1.9848511417322834
0
LINE
8
BLACK
6
CONTINUOUS
10
2.1714121653543308
20
1.9848511417322834
11
2.1698228346456694
21
1.9768609448818897
0
LINE
8
BLACK
6
CONTINUOUS
10
2.1698228346456694
20
1.9768609448818897
11
2.1698228346456694
21
1.9687138976377951
0
LINE
8
BLACK
6
CONTINUOUS
10
2.1698228346456694
20
1.9687138976377951
11
2.1714121653543308
21
1.9607237007874014
0
LINE
8
BLACK
6
CONTINUOUS
10
2.1714121653543308
20
1.9607237007874014
11
2.1745298425196848
21
1.953196968503937
0
LINE
8
BLACK
6
CONTINUOUS
10
2.1745298425196848
20
1.953196968503937
11
2.1790559055118108
21
1.9464231889763779
0
LINE
8
BLACK
6
CONTINUOUS
10
2.1790559055118108
20
1.9464231889763779
11
2.1790560236220471
21
1.9464230314960629
0
LINE
8
BLACK
6
CONTINUOUS
10
2.1790560236220471
20
1.9464230314960629
11
2.1848167322834646
21
1.9406623228346456
0
LINE
8
BLACK
6
CONTINUOUS
10
2.1848167322834646
20
1.9406623228346456
11
2.1915906299212597
21
1.9361361811023621
0
LINE
8
BLACK
6
CONTINUOUS
10
2.1915906299212597
20
1.9361361811023621
11
2.1991173228346454
21
1.9330185039370078
0
LINE
8
BLACK
6
CONTINUOUS
10
2.1991173228346454
20
1.9330185039370078
11
2.2071076771653542
21
1.9314291338582676
0
LINE
8
BLACK
6
CONTINUOUS
10
2.2071076771653542
20
1.9314291338582676
11
2.2071077165354329
21
1.9314291338582676
0
LINE
8
BLACK
6
CONTINUOUS
10
2.2071077165354329
20
1.9314291338582676
11
2.2152544881889762
21
1.9314291338582676
0
LINE
8
BLACK
6
CONTINUOUS
10
2.2152544881889762
20
1.9314291338582676
11
2.2152545275590549
21
1.9314291338582676
0
LINE
8
BLACK
6
CONTINUOUS
10
2.2152545275590549
20
1.9314291338582676
11
2.2232448818897637
21
1.9330185039370078
0
LINE
8
BLACK
6
CONTINUOUS
10
2.2232448818897637
20
1.9330185039370078
11
2.2307715748031494
21
1.9361361811023621
0
LINE
8
BLACK
6
CONTINUOUS
10
2.2307715748031494
20
1.9361361811023621
11
2.2375454724409449
21
1.9406623228346456
0
LINE
8
BLACK
6
CONTINUOUS
10
2.2375454724409449
20
1.9406623228346456
11
2.243306181102362
21
1.9464230314960629
0
LINE
8
BLACK
6
CONTINUOUS
10
2.243306181102362
20
1.9464230314960629
11
2.2478323228346455
21
1.9531969291338582
0
LINE
8
BLACK
6
CONTINUOUS
10
2.2478323228346455
20
1.9531969291338582
11
2.2508433464566928
21
1.9604661811023623
0
LINE
8
BLACK
6
CONTINUOUS
10
2.2508433464566928
20
1.9604661811023623
11
2.2524077559055118
21
1.9622977952755905
0
LINE
8
BLACK
6
CONTINUOUS
10
2.2524077559055118
20
1.9622977952755905
11
2.2547500393700788
21
1.9628601574803148
0
LINE
8
BLACK
6
CONTINUOUS
10
2.2547500393700788
20
1.9628601574803148
11
2.2569755511811023
21
1.9619383070866141
0
LINE
8
BLACK
6
CONTINUOUS
10
2.2569755511811023
20
1.9619383070866141
11
2.2581511417322835
21
1.9601789763779527
0
LINE
8
BLACK
6
CONTINUOUS
10
2.2581511417322835
20
1.9601789763779527
11
2.2608308661417325
21
1.9519316535433071
0
LINE
8
BLACK
6
CONTINUOUS
10
2.2608308661417325
20
1.9519316535433071
11
2.2647132677165356
21
1.9443119291338582
0
LINE
8
BLACK
6
CONTINUOUS
10
2.2647132677165356
20
1.9443119291338582
11
2.2647134251968501
21
1.9443117322834644
0
LINE
8
BLACK
6
CONTINUOUS
10
2.2647134251968501
20
1.9443117322834644
11
2.2663334251968505
21
1.9420820078740157
0
LINE
8
BLACK
6
CONTINUOUS
10
2.2663334251968505
20
1.9420820078740157
11
2.2663334645669293
21
1.9420820078740157
0
LINE
8
BLACK
6
CONTINUOUS
10
2.2663334645669293
20
1.9420820078740157
11
2.2815495669291339
21
1.9572981496062991
0
LINE
8
BLACK
6
CONTINUOUS
10
2.2815495669291339
20
1.9572981496062991
11
2.2791575196850391
21
1.9630731496062992
0
LINE
8
BLACK
6
CONTINUOUS
10
2.2791575196850391
20
1.9630731496062992
11
2.2778776771653542
21
1.9695072834645668
0
LINE
8
BLACK
6
CONTINUOUS
10
2.2778776771653542
20
1.9695072834645668
11
2.2778776771653542
21
1.9760675196850392
0
LINE
8
BLACK
6
CONTINUOUS
10
2.2778776771653542
20
1.9760675196850392
11
2.2791575196850391
21
1.9825016535433071
0
LINE
8
BLACK
6
CONTINUOUS
10
2.2791575196850391
20
1.9825016535433071
11
2.2815496062992127
21
1.9882766929133857
0
LINE
8
BLACK
6
CONTINUOUS
10
2.2815496062992127
20
1.9882766929133857
11
2.2663334645669293
21
2.0034928346456691
0
LINE
8
BLACK
6
CONTINUOUS
10
2.2663334645669293
20
2.0034928346456691
11
2.2647132283464568
21
2.0012628346456691
0
LINE
8
BLACK
6
CONTINUOUS
10
2.2647132283464568
20
2.0012628346456691
11
2.2608308661417325
21
1.9936431889763779
0
LINE
8
BLACK
6
CONTINUOUS
10
2.2608308661417325
20
1.9936431889763779
11
2.2581511417322835
21
1.9853958661417321
0
LINE
8
BLACK
6
CONTINUOUS
10
2.2581511417322835
20
1.9853958661417321
11
2.2567352362204725
21
1.9834470472440944
0
LINE
8
BLACK
6
CONTINUOUS
10
2.2567352362204725
20
1.9834470472440944
11
2.2544442519685037
21
1.9827026771653542
0
LINE
8
BLACK
6
CONTINUOUS
10
2.2544442519685037
20
1.9827026771653542
11
2.2521532677165355
21
1.9834470472440944
0
LINE
8
BLACK
6
CONTINUOUS
10
2.2521532677165355
20
1.9834470472440944
11
2.2508433070866141
21
1.9851087401574803
0
LINE
8
BLACK
6
CONTINUOUS
10
2.2508433070866141
20
1.9851087401574803
11
2.2481189763779525
21
1.9916857874015748
0
LINE
8
BLACK
6
CONTINUOUS
10
2.2481189763779525
20
1.9916857874015748
11
2.2478323228346455
21
1.9923778740157481
0
LINE
8
BLACK
6
CONTINUOUS
10
2.2478323228346455
20
1.9923778740157481
11
2.243306181102362
21
1.9991517716535432
0
LINE
8
BLACK
6
CONTINUOUS
10
2.243306181102362
20
1.9991517716535432
11
2.2375454724409449
21
2.0049124803149607
0
LINE
8
BLACK
6
CONTINUOUS
10
2.2375454724409449
20
2.0049124803149607
11
2.2307715748031494
21
2.0094386220472442
0
LINE
8
BLACK
6
CONTINUOUS
10
2.2307715748031494
20
2.0094386220472442
11
2.2307716141732281
21
2.0094386220472442
0
LINE
8
BLACK
6
CONTINUOUS
10
2.2307716141732281
20
2.0094386220472442
11
2.2307715354330706
21
2.009438661417323
0
LINE
8
BLACK
6
CONTINUOUS
10
2.2307715354330706
20
2.009438661417323
11
2.2259075590551181
21
2.0114533858267718
0
LINE
8
BLACK
6
CONTINUOUS
10
2.2259075590551181
20
2.0114533858267718
11
2.2232633464566929
21
2.0125486614173229
0
LINE
8
BLACK
6
CONTINUOUS
10
2.2232633464566929
20
2.0125486614173229
11
2.2232448818897637
21
2.0125562992125983
0
LINE
8
BLACK
6
CONTINUOUS
10
2.2232448818897637
20
2.0125562992125983
11
2.2152546062992124
21
2.0141456692913384
0
LINE
8
BLACK
6
CONTINUOUS
10
2.2152546062992124
20
2.0141456692913384
11
2.2152545275590549
21
2.0141456692913384
0
LINE
8
BLACK
6
CONTINUOUS
10
2.2152545275590549
20
2.0141456692913384
11
2.2071076771653542
21
2.0141456692913384
0
LINE
8
BLACK
6
CONTINUOUS
10
2.2071076771653542
20
2.0141456692913384
11
2.2071075590551179
21
2.0141456692913384
0
LINE
8
BLACK
6
CONTINUOUS
10
2.2071075590551179
20
2.0141456692913384
11
2.1991173622047242
21
2.012556338582677
0
LINE
8
BLACK
6
CONTINUOUS
10
1.2698228346456693
20
1.9687138976377951
11
1.2714121653543307
21
1.9607237007874014
0
LINE
8
BLACK
6
CONTINUOUS
10
1.2714121653543307
20
1.9607237007874014
11
1.2745298425196849
21
1.953196968503937
0
LINE
8
BLACK
6
CONTINUOUS
10
1.2745298425196849
20
1.953196968503937
11
1.2790559055118109
21
1.9464231889763779
0
LINE
8
BLACK
6
CONTINUOUS
10
1.2790559055118109
20
1.9464231889763779
11
1.2790560236220472
21
1.9464230314960629
0
LINE
8
BLACK
6
CONTINUOUS
10
1.2790560236220472
20
1.9464230314960629
11
1.2848167322834645
21
1.9406623228346456
0
LINE
8
BLACK
6
CONTINUOUS
10
1.2848167322834645
20
1.9406623228346456
11
1.2915906299212598
21
1.9361361811023621
0
LINE
8
BLACK
6
CONTINUOUS
10
1.2915906299212598
20
1.9361361811023621
11
1.2991173228346455
21
1.9330185039370078
0
LINE
8
BLACK
6
CONTINUOUS
10
1.2991173228346455
20
1.9330185039370078
11
1.3071076771653543
21
1.9314291338582676
0
LINE
8
BLACK
6
CONTINUOUS
10
1.3071076771653543
20
1.9314291338582676
11
1.307107716535433
21
1.9314291338582676
0
LINE
8
BLACK
6
CONTINUOUS
10
1.307107716535433
20
1.9314291338582676
11
1.3152544881889763
21
1.9314291338582676
0
LINE
8
BLACK
6
CONTINUOUS
10
1.3152544881889763
20
1.9314291338582676
11
1.315254527559055
21
1.9314291338582676
0
LINE
8
BLACK
6
CONTINUOUS
10
1.315254527559055
20
1.9314291338582676
11
1.3232448818897637
21
1.9330185039370078
0
LINE
8
BLACK
6
CONTINUOUS
10
1.3232448818897637
20
1.9330185039370078
11
1.3307715748031497
21
1.9361361811023621
0
LINE
8
BLACK
6
CONTINUOUS
10
1.3307715748031497
20
1.9361361811023621
11
1.3375454724409448
21
1.9406623228346456
0
LINE
8
BLACK
6
CONTINUOUS
10
1.3375454724409448
20
1.9406623228346456
11
1.3433061811023621
21
1.9464230314960629
0
LINE
8
BLACK
6
CONTINUOUS
10
1.3433061811023621
20
1.9464230314960629
11
1.3478323228346456
21
1.9531969291338582
0
LINE
8
BLACK
6
CONTINUOUS
10
1.3478323228346456
20
1.9531969291338582
11
1.3509499999999999
21
1.9607236220472442
0
LINE
8
BLACK
6
CONTINUOUS
10
1.3509499999999999
20
1.9607236220472442
11
1.35253937007874
21
1.9687139763779526
0
LINE
8
BLACK
6
CONTINUOUS
10
1.35253937007874
20
1.9687139763779526
11
1.35253937007874
21
1.9768608267716534
0
LINE
8
BLACK
6
CONTINUOUS
10
1.35253937007874
20
1.9768608267716534
11
1.3525393307086613
21
1.9768609448818897
0
LINE
8
BLACK
6
CONTINUOUS
10
1.3525393307086613
20
1.9768609448818897
11
1.3509499999999999
21
1.9848511811023621
0
LINE
8
BLACK
6
CONTINUOUS
10
1.3509499999999999
20
1.9848511811023621
11
1.3478323228346456
21
1.9923778740157481
0
LINE
8
BLACK
6
CONTINUOUS
10
1.3478323228346456
20
1.9923778740157481
11
1.3433061811023621
21
1.9991517716535432
0
LINE
8
BLACK
6
CONTINUOUS
10
1.3433061811023621
20
1.9991517716535432
11
1.3375454724409448
21
2.0049124803149607
0
LINE
8
BLACK
6
CONTINUOUS
10
1.3375454724409448
20
2.0049124803149607
11
1.3307715748031497
21
2.0094386220472442
0
LINE
8
BLACK
6
CONTINUOUS
10
1.3307715748031497
20
2.0094386220472442
11
1.3307716141732284
21
2.0094386220472442
0
LINE
8
BLACK
6
CONTINUOUS
10
1.3307716141732284
20
2.0094386220472442
11
1.3307715354330709
21
2.009438661417323
0
LINE
8
BLACK
6
CONTINUOUS
10
1.3307715354330709
20
2.009438661417323
11
1.3232448031496062
21
2.012556338582677
0
LINE
8
BLACK
6
CONTINUOUS
10
1.3232448031496062
20
2.012556338582677
11
1.3152546062992125
21
2.0141456692913384
0
LINE
8
BLACK
6
CONTINUOUS
10
1.3152546062992125
20
2.0141456692913384
11
1.315254527559055
21
2.0141456692913384
0
LINE
8
BLACK
6
CONTINUOUS
10
1.315254527559055
20
2.0141456692913384
11
1.3071076771653543
21
2.0141456692913384
0
LINE
8
BLACK
6
CONTINUOUS
10
1.3071076771653543
20
2.0141456692913384
11
1.307107559055118
21
2.0141456692913384
0
LINE
8
BLACK
6
CONTINUOUS
10
1.307107559055118
20
2.0141456692913384
11
1.2991173622047243
21
2.012556338582677
0
LINE
8
BLACK
6
CONTINUOUS
10
1.2991173622047243
20
2.012556338582677
11
1.2915906299212598
21
2.009438661417323
0
LINE
8
BLACK
6
CONTINUOUS
10
1.2915906299212598
20
2.009438661417323
11
1.2848168503937007
21
2.004912598425197
0
LINE
8
BLACK
6
CONTINUOUS
10
1.2848168503937007
20
2.004912598425197
11
1.2790559055118109
21
1.9991516535433071
0
LINE
8
BLACK
6
CONTINUOUS
10
1.2790559055118109
20
1.9991516535433071
11
1.2745298425196849
21
1.9923778740157481
0
LINE
8
BLACK
6
CONTINUOUS
10
1.2745298425196849
20
1.9923778740157481
11
1.2714121653543307
21
1.9848511417322834
0
LINE
8
BLACK
6
CONTINUOUS
10
1.2714121653543307
20
1.9848511417322834
11
1.2698228346456693
21
1.9768609448818897
0
LINE
8
BLACK
6
CONTINUOUS
10
1.2698228346456693
20
1.9768609448818897
11
1.2698228346456693
21
1.9687138976377951
0
LINE
8
BLACK
6
CONTINUOUS
10
1.3698228346456693
20
1.9687138976377951
11
1.3714121653543307
21
1.9607237007874014
0
LINE
8
BLACK
6
CONTINUOUS
10
1.3714121653543307
20
1.9607237007874014
11
1.374529842519685
21
1.953196968503937
0
LINE
8
BLACK
6
CONTINUOUS
10
1.374529842519685
20
1.953196968503937
11
1.379055905511811
21
1.9464231889763779
0
LINE
8
BLACK
6
CONTINUOUS
10
1.379055905511811
20
1.9464231889763779
11
1.3790560236220473
21
1.9464230314960629
0
LINE
8
BLACK
6
CONTINUOUS
10
1.3790560236220473
20
1.9464230314960629
11
1.3848167322834646
21
1.9406623228346456
0
LINE
8
BLACK
6
CONTINUOUS
10
1.3848167322834646
20
1.9406623228346456
11
1.3915906299212597
21
1.9361361811023621
0
LINE
8
BLACK
6
CONTINUOUS
10
1.3915906299212597
20
1.9361361811023621
11
1.3991173228346456
21
1.9330185039370078
0
LINE
8
BLACK
6
CONTINUOUS
10
1.3991173228346456
20
1.9330185039370078
11
1.4071076771653543
21
1.9314291338582676
0
LINE
8
BLACK
6
CONTINUOUS
10
1.4071076771653543
20
1.9314291338582676
11
1.4071077165354331
21
1.9314291338582676
0
LINE
8
BLACK
6
CONTINUOUS
10
1.4071077165354331
20
1.9314291338582676
11
1.4152544881889764
21
1.9314291338582676
0
LINE
8
BLACK
6
CONTINUOUS
10
1.4152544881889764
20
1.9314291338582676
11
1.4152545275590551
21
1.9314291338582676
0
LINE
8
BLACK
6
CONTINUOUS
10
1.4152545275590551
20
1.9314291338582676
11
1.4232448818897638
21
1.9330185039370078
0
LINE
8
BLACK
6
CONTINUOUS
10
1.4232448818897638
20
1.9330185039370078
11
1.4307715748031495
21
1.9361361811023621
0
LINE
8
BLACK
6
CONTINUOUS
10
1.4307715748031495
20
1.9361361811023621
11
1.4375454724409449
21
1.9406623228346456
0
LINE
8
BLACK
6
CONTINUOUS
10
1.4375454724409449
20
1.9406623228346456
11
1.4433061811023622
21
1.9464230314960629
0
LINE
8
BLACK
6
CONTINUOUS
10
1.4433061811023622
20
1.9464230314960629
11
1.4478323228346457
21
1.9531969291338582
0
LINE
8
BLACK
6
CONTINUOUS
10
1.4478323228346457
20
1.9531969291338582
11
1.45095
21
1.9607236220472442
0
LINE
8
BLACK
6
CONTINUOUS
10
1.45095
20
1.9607236220472442
11
1.4525393700787401
21
1.9687139763779526
0
LINE
8
BLACK
6
CONTINUOUS
10
1.4525393700787401
20
1.9687139763779526
11
1.4525393700787401
21
1.9768608267716534
0
LINE
8
BLACK
6
CONTINUOUS
10
1.4525393700787401
20
1.9768608267716534
11
1.4525393307086614
21
1.9768609448818897
0
LINE
8
BLACK
6
CONTINUOUS
10
1.4525393307086614
20
1.9768609448818897
11
1.45095
21
1.9848511811023621
0
LINE
8
BLACK
6
CONTINUOUS
10
1.45095
20
1.9848511811023621
11
1.4478323228346457
21
1.9923778740157481
0
LINE
8
BLACK
6
CONTINUOUS
10
1.4478323228346457
20
1.9923778740157481
11
1.4433061811023622
21
1.9991517716535432
0
LINE
8
BLACK
6
CONTINUOUS
10
1.4433061811023622
20
1.9991517716535432
11
1.4375454724409449
21
2.0049124803149607
0
LINE
8
BLACK
6
CONTINUOUS
10
1.4375454724409449
20
2.0049124803149607
11
1.4307715748031495
21
2.0094386220472442
0
LINE
8
BLACK
6
CONTINUOUS
10
1.4307715748031495
20
2.0094386220472442
11
1.4307716141732283
21
2.0094386220472442
0
LINE
8
BLACK
6
CONTINUOUS
10
1.4307716141732283
20
2.0094386220472442
11
1.4307715354330708
21
2.009438661417323
0
LINE
8
BLACK
6
CONTINUOUS
10
1.4307715354330708
20
2.009438661417323
11
1.4232448031496063
21
2.012556338582677
0
LINE
8
BLACK
6
CONTINUOUS
10
1.4232448031496063
20
2.012556338582677
11
1.4152546062992126
21
2.0141456692913384
0
LINE
8
BLACK
6
CONTINUOUS
10
1.4152546062992126
20
2.0141456692913384
11
1.4152545275590551
21
2.0141456692913384
0
LINE
8
BLACK
6
CONTINUOUS
10
1.4152545275590551
20
2.0141456692913384
11
1.4071076771653543
21
2.0141456692913384
0
LINE
8
BLACK
6
CONTINUOUS
10
1.4071076771653543
20
2.0141456692913384
11
1.4071075590551181
21
2.0141456692913384
0
LINE
8
BLACK
6
CONTINUOUS
10
1.4071075590551181
20
2.0141456692913384
11
1.3991173622047244
21
2.012556338582677
0
LINE
8
BLACK
6
CONTINUOUS
10
1.3991173622047244
20
2.012556338582677
11
1.3915906299212597
21
2.009438661417323
0
LINE
8
BLACK
6
CONTINUOUS
10
1.3915906299212597
20
2.009438661417323
11
1.3848168503937008
21
2.004912598425197
0
LINE
8
BLACK
6
CONTINUOUS
10
1.3848168503937008
20
2.004912598425197
11
1.379055905511811
21
1.9991516535433071
0
LINE
8
BLACK
6
CONTINUOUS
10
1.379055905511811
20
1.9991516535433071
11
1.374529842519685
21
1.9923778740157481
0
LINE
8
BLACK
6
CONTINUOUS
10
1.374529842519685
20
1.9923778740157481
11
1.3714121653543307
21
1.9848511417322834
0
LINE
8
BLACK
6
CONTINUOUS
10
1.3714121653543307
20
1.9848511417322834
11
1.3698228346456693
21
1.9768609448818897
0
LINE
8
BLACK
6
CONTINUOUS
10
1.3698228346456693
20
1.9768609448818897
11
1.3698228346456693
21
1.9687138976377951
0
LINE
8
BLACK
6
CONTINUOUS
10
1.4698228346456692
20
1.9687138976377951
11
1.4714121653543306
21
1.9607237007874014
0
LINE
8
BLACK
6
CONTINUOUS
10
1.4714121653543306
20
1.9607237007874014
11
1.4745298425196851
21
1.953196968503937
0
LINE
8
BLACK
6
CONTINUOUS
10
1.4745298425196851
20
1.953196968503937
11
1.4790559055118111
21
1.9464231889763779
0
LINE
8
BLACK
6
CONTINUOUS
10
1.4790559055118111
20
1.9464231889763779
11
1.4790560236220471
21
1.9464230314960629
0
LINE
8
BLACK
6
CONTINUOUS
10
1.4790560236220471
20
1.9464230314960629
11
1.4848167322834644
21
1.9406623228346456
0
LINE
8
BLACK
6
CONTINUOUS
10
1.4848167322834644
20
1.9406623228346456
11
1.4915906299212598
21
1.9361361811023621
0
LINE
8
BLACK
6
CONTINUOUS
10
1.4915906299212598
20
1.9361361811023621
11
1.4991173228346457
21
1.9330185039370078
0
LINE
8
BLACK
6
CONTINUOUS
10
1.4991173228346457
20
1.9330185039370078
11
1.5071076771653542
21
1.9314291338582676
0
LINE
8
BLACK
6
CONTINUOUS
10
1.5071076771653542
20
1.9314291338582676
11
1.507107716535433
21
1.9314291338582676
0
LINE
8
BLACK
6
CONTINUOUS
10
1.507107716535433
20
1.9314291338582676
11
1.5152544881889762
21
1.9314291338582676
0
LINE
8
BLACK
6
CONTINUOUS
10
1.5152544881889762
20
1.9314291338582676
11
1.515254527559055
21
1.9314291338582676
0
LINE
8
BLACK
6
CONTINUOUS
10
1.515254527559055
20
1.9314291338582676
11
1.5232448818897637
21
1.9330185039370078
0
LINE
8
BLACK
6
CONTINUOUS
10
1.5232448818897637
20
1.9330185039370078
11
1.5307715748031496
21
1.9361361811023621
0
LINE
8
BLACK
6
CONTINUOUS
10
1.5307715748031496
20
1.9361361811023621
11
1.5375454724409447
21
1.9406623228346456
0
LINE
8
BLACK
6
CONTINUOUS
10
1.5375454724409447
20
1.9406623228346456
11
1.5433061811023621
21
1.9464230314960629
0
LINE
8
BLACK
6
CONTINUOUS
10
1.5433061811023621
20
1.9464230314960629
11
1.5478323228346456
21
1.9531969291338582
0
LINE
8
BLACK
6
CONTINUOUS
10
1.5478323228346456
20
1.9531969291338582
11
1.5509500000000001
21
1.9607236220472442
0
LINE
8
BLACK
6
CONTINUOUS
10
1.5509500000000001
20
1.9607236220472442
11
1.5525393700787402
21
1.9687139763779526
0
LINE
8
BLACK
6
CONTINUOUS
10
1.5525393700787402
20
1.9687139763779526
11
1.5525393700787402
21
1.9768608267716534
0
LINE
8
BLACK
6
CONTINUOUS
10
1.5525393700787402
20
1.9768608267716534
11
1.5525393307086615
21
1.9768609448818897
0
LINE
8
BLACK
6
CONTINUOUS
10
1.5525393307086615
20
1.9768609448818897
11
1.5509500000000001
21
1.9848511811023621
0
LINE
8
BLACK
6
CONTINUOUS
10
1.5509500000000001
20
1.9848511811023621
11
1.5478323228346456
21
1.9923778740157481
0
LINE
8
BLACK
6
CONTINUOUS
10
1.5478323228346456
20
1.9923778740157481
11
1.5433061811023621
21
1.9991517716535432
0
LINE
8
BLACK
6
CONTINUOUS
10
1.5433061811023621
20
1.9991517716535432
11
1.5375454724409447
21
2.0049124803149607
0
LINE
8
BLACK
6
CONTINUOUS
10
1.5375454724409447
20
2.0049124803149607
11
1.5307715748031496
21
2.0094386220472442
0
LINE
8
BLACK
6
CONTINUOUS
10
1.5307715748031496
20
2.0094386220472442
11
1.5307716141732284
21
2.0094386220472442
0
LINE
8
BLACK
6
CONTINUOUS
10
1.5307716141732284
20
2.0094386220472442
11
1.5307715354330709
21
2.009438661417323
0
LINE
8
BLACK
6
CONTINUOUS
10
1.5307715354330709
20
2.009438661417323
11
1.5232448031496062
21
2.012556338582677
0
LINE
8
BLACK
6
CONTINUOUS
10
1.5232448031496062
20
2.012556338582677
11
1.5152546062992125
21
2.0141456692913384
0
LINE
8
BLACK
6
CONTINUOUS
10
1.5152546062992125
20
2.0141456692913384
11
1.515254527559055
21
2.0141456692913384
0
LINE
8
BLACK
6
CONTINUOUS
10
1.515254527559055
20
2.0141456692913384
11
1.5071076771653542
21
2.0141456692913384
0
LINE
8
BLACK
6
CONTINUOUS
10
1.5071076771653542
20
2.0141456692913384
11
1.5071075590551182
21
2.0141456692913384
0
LINE
8
BLACK
6
CONTINUOUS
10
1.5071075590551182
20
2.0141456692913384
11
1.4991173622047245
21
2.012556338582677
0
LINE
8
BLACK
6
CONTINUOUS
10
1.4991173622047245
20
2.012556338582677
11
1.4915906299212598
21
2.009438661417323
0
LINE
8
BLACK
6
CONTINUOUS
10
1.4915906299212598
20
2.009438661417323
11
1.4848168503937007
21
2.004912598425197
0
LINE
8
BLACK
6
CONTINUOUS
10
1.4848168503937007
20
2.004912598425197
11
1.4790559055118111
21
1.9991516535433071
0
LINE
8
BLACK
6
CONTINUOUS
10
1.4790559055118111
20
1.9991516535433071
11
1.4745298425196851
21
1.9923778740157481
0
LINE
8
BLACK
6
CONTINUOUS
10
1.4745298425196851
20
1.9923778740157481
11
1.4714121653543306
21
1.9848511417322834
0
LINE
8
BLACK
6
CONTINUOUS
10
1.4714121653543306
20
1.9848511417322834
11
1.4698228346456692
21
1.9768609448818897
0
LINE
8
BLACK
6
CONTINUOUS
10
1.4698228346456692
20
1.9768609448818897
11
1.4698228346456692
21
1.9687138976377951
0
LINE
8
BLACK
6
CONTINUOUS
10
1.5698228346456693
20
1.9687138976377951
11
1.5714121653543307
21
1.9607237007874014
0
LINE
8
BLACK
6
CONTINUOUS
10
1.5714121653543307
20
1.9607237007874014
11
1.574529842519685
21
1.953196968503937
0
LINE
8
BLACK
6
CONTINUOUS
10
1.574529842519685
20
1.953196968503937
11
1.579055905511811
21
1.9464231889763779
0
LINE
8
BLACK
6
CONTINUOUS
10
1.579055905511811
20
1.9464231889763779
11
1.5790560236220472
21
1.9464230314960629
0
LINE
8
BLACK
6
CONTINUOUS
10
1.5790560236220472
20
1.9464230314960629
11
1.5848167322834645
21
1.9406623228346456
0
LINE
8
BLACK
6
CONTINUOUS
10
1.5848167322834645
20
1.9406623228346456
11
1.5915906299212599
21
1.9361361811023621
0
LINE
8
BLACK
6
CONTINUOUS
10
1.5915906299212599
20
1.9361361811023621
11
1.5991173228346456
21
1.9330185039370078
0
LINE
8
BLACK
6
CONTINUOUS
10
1.5991173228346456
20
1.9330185039370078
11
1.6071076771653543
21
1.9314291338582676
0
LINE
8
BLACK
6
CONTINUOUS
10
1.6071076771653543
20
1.9314291338582676
11
1.6071077165354331
21
1.9314291338582676
0
LINE
8
BLACK
6
CONTINUOUS
10
1.6071077165354331
20
1.9314291338582676
11
1.6152544881889763
21
1.9314291338582676
0
LINE
8
BLACK
6
CONTINUOUS
10
1.6152544881889763
20
1.9314291338582676
11
1.6152545275590551
21
1.9314291338582676
0
LINE
8
BLACK
6
CONTINUOUS
10
1.6152545275590551
20
1.9314291338582676
11
1.6232448818897638
21
1.9330185039370078
0
LINE
8
BLACK
6
CONTINUOUS
10
1.6232448818897638
20
1.9330185039370078
11
1.6307715748031495
21
1.9361361811023621
0
LINE
8
BLACK
6
CONTINUOUS
10
1.6307715748031495
20
1.9361361811023621
11
1.6375454724409448
21
1.9406623228346456
0
LINE
8
BLACK
6
CONTINUOUS
10
1.6375454724409448
20
1.9406623228346456
11
1.6433061811023622
21
1.9464230314960629
0
LINE
8
BLACK
6
CONTINUOUS
10
1.6433061811023622
20
1.9464230314960629
11
1.6478323228346456
21
1.9531969291338582
0
LINE
8
BLACK
6
CONTINUOUS
10
1.6478323228346456
20
1.9531969291338582
11
1.6509499999999999
21
1.9607236220472442
0
LINE
8
BLACK
6
CONTINUOUS
10
1.6509499999999999
20
1.9607236220472442
11
1.6525393700787401
21
1.9687139763779526
0
LINE
8
BLACK
6
CONTINUOUS
10
1.6525393700787401
20
1.9687139763779526
11
1.6525393700787401
21
1.9768608267716534
0
LINE
8
BLACK
6
CONTINUOUS
10
1.6525393700787401
20
1.9768608267716534
11
1.6525393307086613
21
1.9768609448818897
0
LINE
8
BLACK
6
CONTINUOUS
10
1.6525393307086613
20
1.9768609448818897
11
1.6509499999999999
21
1.9848511811023621
0
LINE
8
BLACK
6
CONTINUOUS
10
1.6509499999999999
20
1.9848511811023621
11
1.6478323228346456
21
1.9923778740157481
0
LINE
8
BLACK
6
CONTINUOUS
10
1.6478323228346456
20
1.9923778740157481
11
1.6433061811023622
21
1.9991517716535432
0
LINE
8
BLACK
6
CONTINUOUS
10
1.6433061811023622
20
1.9991517716535432
11
1.6375454724409448
21
2.0049124803149607
0
LINE
8
BLACK
6
CONTINUOUS
10
1.6375454724409448
20
2.0049124803149607
11
1.6307715748031495
21
2.0094386220472442
0
LINE
8
BLACK
6
CONTINUOUS
10
1.6307715748031495
20
2.0094386220472442
11
1.6307716141732282
21
2.0094386220472442
0
LINE
8
BLACK
6
CONTINUOUS
10
1.6307716141732282
20
2.0094386220472442
11
1.6307715354330707
21
2.009438661417323
0
LINE
8
BLACK
6
CONTINUOUS
10
1.6307715354330707
20
2.009438661417323
11
1.6232448031496063
21
2.012556338582677
0
LINE
8
BLACK
6
CONTINUOUS
10
1.6232448031496063
20
2.012556338582677
11
1.6152546062992126
21
2.0141456692913384
0
LINE
8
BLACK
6
CONTINUOUS
10
1.6152546062992126
20
2.0141456692913384
11
1.6152545275590551
21
2.0141456692913384
0
LINE
8
BLACK
6
CONTINUOUS
10
1.6152545275590551
20
2.0141456692913384
11
1.6071076771653543
21
2.0141456692913384
0
LINE
8
BLACK
6
CONTINUOUS
10
1.6071076771653543
20
2.0141456692913384
11
1.607107559055118
21
2.0141456692913384
0
LINE
8
BLACK
6
CONTINUOUS
10
1.607107559055118
20
2.0141456692913384
11
1.5991173622047243
21
2.012556338582677
0
LINE
8
BLACK
6
CONTINUOUS
10
1.5991173622047243
20
2.012556338582677
11
1.5915906299212599
21
2.009438661417323
0
LINE
8
BLACK
6
CONTINUOUS
10
1.5915906299212599
20
2.009438661417323
11
1.5848168503937008
21
2.004912598425197
0
LINE
8
BLACK
6
CONTINUOUS
10
1.5848168503937008
20
2.004912598425197
11
1.579055905511811
21
1.9991516535433071
0
LINE
8
BLACK
6
CONTINUOUS
10
1.579055905511811
20
1.9991516535433071
11
1.574529842519685
21
1.9923778740157481
0
LINE
8
BLACK
6
CONTINUOUS
10
1.574529842519685
20
1.9923778740157481
11
1.5714121653543307
21
1.9848511417322834
0
LINE
8
BLACK
6
CONTINUOUS
10
1.5714121653543307
20
1.9848511417322834
11
1.5698228346456693
21
1.9768609448818897
0
LINE
8
BLACK
6
CONTINUOUS
10
1.5698228346456693
20
1.9768609448818897
11
1.5698228346456693
21
1.9687138976377951
0
LINE
8
BLACK
6
CONTINUOUS
10
1.6698228346456692
20
1.9687138976377951
11
1.6714121653543306
21
1.9607237007874014
0
LINE
8
BLACK
6
CONTINUOUS
10
1.6714121653543306
20
1.9607237007874014
11
1.6745298425196851
21
1.953196968503937
0
LINE
8
BLACK
6
CONTINUOUS
10
1.6745298425196851
20
1.953196968503937
11
1.6790559055118111
21
1.9464231889763779
0
LINE
8
BLACK
6
CONTINUOUS
10
1.6790559055118111
20
1.9464231889763779
11
1.6790560236220473
21
1.9464230314960629
0
LINE
8
BLACK
6
CONTINUOUS
10
1.6790560236220473
20
1.9464230314960629
11
1.6848167322834646
21
1.9406623228346456
0
LINE
8
BLACK
6
CONTINUOUS
10
1.6848167322834646
20
1.9406623228346456
11
1.6915906299212597
21
1.9361361811023621
0
LINE
8
BLACK
6
CONTINUOUS
10
1.6915906299212597
20
1.9361361811023621
11
1.6991173228346457
21
1.9330185039370078
0
LINE
8
BLACK
6
CONTINUOUS
10
1.6991173228346457
20
1.9330185039370078
11
1.7071076771653544
21
1.9314291338582676
0
LINE
8
BLACK
6
CONTINUOUS
10
1.7071076771653544
20
1.9314291338582676
11
1.7071077165354331
21
1.9314291338582676
0
LINE
8
BLACK
6
CONTINUOUS
10
1.7071077165354331
20
1.9314291338582676
11
1.7152544881889764
21
1.9314291338582676
0
LINE
8
BLACK
6
CONTINUOUS
10
1.7152544881889764
20
1.9314291338582676
11
1.7152545275590552
21
1.9314291338582676
0
LINE
8
BLACK
6
CONTINUOUS
10
1.7152545275590552
20
1.9314291338582676
11
1.7232448818897637
21
1.9330185039370078
0
LINE
8
BLACK
6
CONTINUOUS
10
1.7232448818897637
20
1.9330185039370078
11
1.7307715748031496
21
1.9361361811023621
0
LINE
8
BLACK
6
CONTINUOUS
10
1.7307715748031496
20
1.9361361811023621
11
1.7375454724409449
21
1.9406623228346456
0
LINE
8
BLACK
6
CONTINUOUS
10
1.7375454724409449
20
1.9406623228346456
11
1.7433061811023622
21
1.9464230314960629
0
LINE
8
BLACK
6
CONTINUOUS
10
1.7433061811023622
20
1.9464230314960629
11
1.7478323228346457
21
1.9531969291338582
0
LINE
8
BLACK
6
CONTINUOUS
10
1.7478323228346457
20
1.9531969291338582
11
1.75095
21
1.9607236220472442
0
LINE
8
BLACK
6
CONTINUOUS
10
1.75095
20
1.9607236220472442
11
1.7525393700787402
21
1.9687139763779526
0
LINE
8
BLACK
6
CONTINUOUS
10
1.7525393700787402
20
1.9687139763779526
11
1.7525393700787402
21
1.9768608267716534
0
LINE
8
BLACK
6
CONTINUOUS
10
1.7525393700787402
20
1.9768608267716534
11
1.75095
21
1.9848511811023621
0
LINE
8
BLACK
6
CONTINUOUS
10
1.75095
20
1.9848511811023621
11
1.7478323228346457
21
1.9923778740157481
0
LINE
8
BLACK
6
CONTINUOUS
10
1.7478323228346457
20
1.9923778740157481
11
1.7433061811023622
21
1.9991517716535432
0
LINE
8
BLACK
6
CONTINUOUS
10
1.7433061811023622
20
1.9991517716535432
11
1.7375454724409449
21
2.0049124803149607
0
LINE
8
BLACK
6
CONTINUOUS
10
1.7375454724409449
20
2.0049124803149607
11
1.7307715748031496
21
2.0094386220472442
0
LINE
8
BLACK
6
CONTINUOUS
10
1.7307715748031496
20
2.0094386220472442
11
1.7307716141732283
21
2.0094386220472442
0
LINE
8
BLACK
6
CONTINUOUS
10
1.7307716141732283
20
2.0094386220472442
11
1.7307715354330708
21
2.009438661417323
0
LINE
8
BLACK
6
CONTINUOUS
10
1.7307715354330708
20
2.009438661417323
11
1.7232448031496062
21
2.012556338582677
0
LINE
8
BLACK
6
CONTINUOUS
10
1.7232448031496062
20
2.012556338582677
11
1.7152546062992127
21
2.0141456692913384
0
LINE
8
BLACK
6
CONTINUOUS
10
1.7152546062992127
20
2.0141456692913384
11
1.7152545275590552
21
2.0141456692913384
0
LINE
8
BLACK
6
CONTINUOUS
10
1.7152545275590552
20
2.0141456692913384
11
1.7071076771653544
21
2.0141456692913384
0
LINE
8
BLACK
6
CONTINUOUS
10
1.7071076771653544
20
2.0141456692913384
11
1.7071075590551181
21
2.0141456692913384
0
LINE
8
BLACK
6
CONTINUOUS
10
1.7071075590551181
20
2.0141456692913384
11
1.6991173622047244
21
2.012556338582677
0
LINE
8
BLACK
6
CONTINUOUS
10
1.6991173622047244
20
2.012556338582677
11
1.6915906299212597
21
2.009438661417323
0
LINE
8
BLACK
6
CONTINUOUS
10
1.6915906299212597
20
2.009438661417323
11
1.6848168503937007
21
2.004912598425197
0
LINE
8
BLACK
6
CONTINUOUS
10
1.6848168503937007
20
2.004912598425197
11
1.6790559055118111
21
1.9991516535433071
0
LINE
8
BLACK
6
CONTINUOUS
10
1.6790559055118111
20
1.9991516535433071
11
1.6745298425196851
21
1.9923778740157481
0
LINE
8
BLACK
6
CONTINUOUS
10
1.6745298425196851
20
1.9923778740157481
11
1.6714121653543306
21
1.9848511417322834
0
LINE
8
BLACK
6
CONTINUOUS
10
1.6714121653543306
20
1.9848511417322834
11
1.6698228346456692
21
1.9768609448818897
0
LINE
8
BLACK
6
CONTINUOUS
10
1.6698228346456692
20
1.9768609448818897
11
1.6698228346456692
21
1.9687138976377951
0
LINE
8
BLACK
6
CONTINUOUS
10
2.0619488188976378
20
2.0689125984251966
11
2.0631609842519683
21
2.0612590157480315
0
LINE
8
BLACK
6
CONTINUOUS
10
2.0631609842519683
20
2.0612590157480315
11
2.0655557480314961
21
2.0538887795275591
0
LINE
8
BLACK
6
CONTINUOUS
10
2.0655557480314961
20
2.0538887795275591
11
2.0690737401574801
21
2.0469842125984252
0
LINE
8
BLACK
6
CONTINUOUS
10
2.0690737401574801
20
2.0469842125984252
11
2.0690738582677164
21
2.0469840551181102
0
LINE
8
BLACK
6
CONTINUOUS
10
2.0690738582677164
20
2.0469840551181102
11
2.0736288188976379
21
2.0407147244094488
0
LINE
8
BLACK
6
CONTINUOUS
10
2.0736288188976379
20
2.0407147244094488
11
2.0791084251968504
21
2.0352351181102364
0
LINE
8
BLACK
6
CONTINUOUS
10
2.0791084251968504
20
2.0352351181102364
11
2.0853777559055118
21
2.0306801574803148
0
LINE
8
BLACK
6
CONTINUOUS
10
2.0853777559055118
20
2.0306801574803148
11
2.0922824803149607
21
2.0271620472440945
0
LINE
8
BLACK
6
CONTINUOUS
10
2.0922824803149607
20
2.0271620472440945
11
2.0922825590551182
21
2.0271620472440945
0
LINE
8
BLACK
6
CONTINUOUS
10
2.0922825590551182
20
2.0271620472440945
11
2.0922825984251969
21
2.0271620078740158
0
LINE
8
BLACK
6
CONTINUOUS
10
2.0922825984251969
20
2.0271620078740158
11
2.0922827165354332
21
2.0271619291338583
0
LINE
8
BLACK
6
CONTINUOUS
10
2.0922827165354332
20
2.0271619291338583
11
2.0943375984251968
21
2.0264942519685039
0
LINE
8
BLACK
6
CONTINUOUS
10
2.0943375984251968
20
2.0264942519685039
11
2.0962864173228346
21
2.0250783464566928
0
LINE
8
BLACK
6
CONTINUOUS
10
2.0962864173228346
20
2.0250783464566928
11
2.0970307874015748
21
2.0227873622047245
0
LINE
8
BLACK
6
CONTINUOUS
10
2.0970307874015748
20
2.0227873622047245
11
2.0962863779527559
21
2.0204964173228346
0
LINE
8
BLACK
6
CONTINUOUS
10
2.0962863779527559
20
2.0204964173228346
11
2.0943375984251968
21
2.0190805511811023
0
LINE
8
BLACK
6
CONTINUOUS
10
2.0943375984251968
20
2.0190805511811023
11
2.0922827165354332
21
2.0184129133858266
0
LINE
8
BLACK
6
CONTINUOUS
10
2.0922827165354332
20
2.0184129133858266
11
2.0922825984251969
21
2.0184128346456691
0
LINE
8
BLACK
6
CONTINUOUS
10
2.0922825984251969
20
2.0184128346456691
11
2.0853778346456693
21
2.0148947244094488
0
LINE
8
BLACK
6
CONTINUOUS
10
2.0853778346456693
20
2.0148947244094488
11
2.0791084645669291
21
2.010339724409449
0
LINE
8
BLACK
6
CONTINUOUS
10
2.0791084645669291
20
2.010339724409449
11
2.0736287795275592
21
2.0048600393700786
0
LINE
8
BLACK
6
CONTINUOUS
10
2.0736287795275592
20
2.0048600393700786
11
2.0690737795275589
21
1.9985906692913384
0
LINE
8
BLACK
6
CONTINUOUS
10
2.0690737795275589
20
1.9985906692913384
11
2.0655557480314961
21
1.991686062992126
0
LINE
8
BLACK
6
CONTINUOUS
10
2.0655557480314961
20
1.991686062992126
11
2.0631609842519683
21
1.9843158267716534
0
LINE
8
BLACK
6
CONTINUOUS
10
2.0631609842519683
20
1.9843158267716534
11
2.0619488188976378
21
1.9766622440944881
0
LINE
8
BLACK
6
CONTINUOUS
10
2.0619488188976378
20
1.9766622440944881
11
2.0619488188976378
21
1.9689125984251967
0
LINE
8
BLACK
6
CONTINUOUS
10
2.0619488188976378
20
1.9689125984251967
11
2.0631609842519683
21
1.9612590157480314
0
LINE
8
BLACK
6
CONTINUOUS
10
2.0631609842519683
20
1.9612590157480314
11
2.0655557480314961
21
1.953888779527559
0
LINE
8
BLACK
6
CONTINUOUS
10
2.0655557480314961
20
1.953888779527559
11
2.067514960629921
21
1.9500435433070866
0
LINE
8
BLACK
6
CONTINUOUS
10
2.067514960629921
20
1.9500435433070866
11
2.0690738582677164
21
1.9469840551181101
0
LINE
8
BLACK
6
CONTINUOUS
10
2.0690738582677164
20
1.9469840551181101
11
2.0736288188976379
21
1.9407147244094487
0
LINE
8
BLACK
6
CONTINUOUS
10
2.0736288188976379
20
1.9407147244094487
11
2.0791084251968504
21
1.9352351181102361
0
LINE
8
BLACK
6
CONTINUOUS
10
2.0791084251968504
20
1.9352351181102361
11
2.0853777559055118
21
1.930680157480315
0
LINE
8
BLACK
6
CONTINUOUS
10
2.0853777559055118
20
1.930680157480315
11
2.0922824803149607
21
1.9271620472440945
0
LINE
8
BLACK
6
CONTINUOUS
10
2.0922824803149607
20
1.9271620472440945
11
2.0996525196850393
21
1.9247673622047243
0
LINE
8
BLACK
6
CONTINUOUS
10
2.0996525196850393
20
1.9247673622047243
11
2.0996525590551181
21
1.9247673622047243
0
LINE
8
BLACK
6
CONTINUOUS
10
2.0996525590551181
20
1.9247673622047243
11
2.0996526771653543
21
1.9247673228346456
0
LINE
8
BLACK
6
CONTINUOUS
10
2.0996526771653543
20
1.9247673228346456
11
2.1073062992125986
21
1.9235551181102362
0
LINE
8
BLACK
6
CONTINUOUS
10
2.1073062992125986
20
1.9235551181102362
11
2.1073064173228344
21
1.9235551181102362
0
LINE
8
BLACK
6
CONTINUOUS
10
2.1073064173228344
20
1.9235551181102362
11
2.1150559055118108
21
1.9235551181102362
0
LINE
8
BLACK
6
CONTINUOUS
10
2.1150559055118108
20
1.9235551181102362
11
2.1227094881889763
21
1.9247673228346456
0
LINE
8
BLACK
6
CONTINUOUS
10
2.1227094881889763
20
1.9247673228346456
11
2.1227095275590551
21
1.9247673622047243
0
LINE
8
BLACK
6
CONTINUOUS
10
2.1227095275590551
20
1.9247673622047243
11
2.1227096850393701
21
1.9247673622047243
0
LINE
8
BLACK
6
CONTINUOUS
10
2.1227096850393701
20
1.9247673622047243
11
2.1300797244094487
21
1.9271620472440945
0
LINE
8
BLACK
6
CONTINUOUS
10
2.1300797244094487
20
1.9271620472440945
11
2.1369844488188976
21
1.930680157480315
0
LINE
8
BLACK
6
CONTINUOUS
10
2.1369844488188976
20
1.930680157480315
11
2.143253779527559
21
1.9352351181102361
0
LINE
8
BLACK
6
CONTINUOUS
10
2.143253779527559
20
1.9352351181102361
11
2.1487333858267714
21
1.9407147244094487
0
LINE
8
BLACK
6
CONTINUOUS
10
2.1487333858267714
20
1.9407147244094487
11
2.153288346456693
21
1.9469840551181101
0
LINE
8
BLACK
6
CONTINUOUS
10
2.153288346456693
20
1.9469840551181101
11
2.1568064566929133
21
1.953888779527559
0
LINE
8
BLACK
6
CONTINUOUS
10
2.1568064566929133
20
1.953888779527559
11
2.1592011417322836
21
1.9612588188976376
0
LINE
8
BLACK
6
CONTINUOUS
10
2.1592011417322836
20
1.9612588188976376
11
2.1594547637795274
21
1.9628601574803148
0
LINE
8
BLACK
6
CONTINUOUS
10
2.1594547637795274
20
1.9628601574803148
11
2.1604133858267716
21
1.9689125984251967
0
LINE
8
BLACK
6
CONTINUOUS
10
2.1604133858267716
20
1.9689125984251967
11
2.1604133858267716
21
1.9766619685039371
0
LINE
8
BLACK
6
CONTINUOUS
10
2.1604133858267716
20
1.9766619685039371
11
2.1604133464566928
21
1.9766624803149606
0
LINE
8
BLACK
6
CONTINUOUS
10
2.1604133464566928
20
1.9766624803149606
11
2.1592011811023624
21
1.9843158267716534
0
LINE
8
BLACK
6
CONTINUOUS
10
2.1592011811023624
20
1.9843158267716534
11
2.1589435433070867
21
1.9851087401574803
0
LINE
8
BLACK
6
CONTINUOUS
10
2.1589435433070867
20
1.9851087401574803
11
2.1568064566929133
21
1.9916860236220473
0
LINE
8
BLACK
6
CONTINUOUS
10
2.1568064566929133
20
1.9916860236220473
11
2.153288346456693
21
1.9985907480314959
0
LINE
8
BLACK
6
CONTINUOUS
10
2.153288346456693
20
1.9985907480314959
11
2.1487333858267714
21
2.0048600787401574
0
LINE
8
BLACK
6
CONTINUOUS
10
2.1487333858267714
20
2.0048600787401574
11
2.143253779527559
21
2.0103396850393702
0
LINE
8
BLACK
6
CONTINUOUS
10
2.143253779527559
20
2.0103396850393702
11
2.1369844488188976
21
2.0148946456692913
0
LINE
8
BLACK
6
CONTINUOUS
10
2.1369844488188976
20
2.0148946456692913
11
2.1369844094488188
21
2.0148946850393701
0
LINE
8
BLACK
6
CONTINUOUS
10
2.1369844094488188
20
2.0148946850393701
11
2.1369843307086613
21
2.0148947244094488
0
LINE
8
BLACK
6
CONTINUOUS
10
2.1369843307086613
20
2.0148947244094488
11
2.1300797244094487
21
2.0184127559055116
0
LINE
8
BLACK
6
CONTINUOUS
10
2.1300797244094487
20
2.0184127559055116
11
2.1295590551181101
21
2.018581929133858
0
LINE
8
BLACK
6
CONTINUOUS
10
2.1295590551181101
20
2.018581929133858
11
2.128024527559055
21
2.0190805511811023
0
LINE
8
BLACK
6
CONTINUOUS
10
2.128024527559055
20
2.0190805511811023
11
2.126075748031496
21
2.0204964173228346
0
LINE
8
BLACK
6
CONTINUOUS
10
2.126075748031496
20
2.0204964173228346
11
2.1253313779527558
21
2.0227874015748033
0
LINE
8
BLACK
6
CONTINUOUS
10
2.1253313779527558
20
2.0227874015748033
11
2.126075748031496
21
2.0250783858267716
0
LINE
8
BLACK
6
CONTINUOUS
10
2.126075748031496
20
2.0250783858267716
11
2.128024527559055
21
2.0264942913385826
0
LINE
8
BLACK
6
CONTINUOUS
10
2.128024527559055
20
2.0264942913385826
11
2.1300797244094487
21
2.0271620472440945
0
LINE
8
BLACK
6
CONTINUOUS
10
2.1300797244094487
20
2.0271620472440945
11
2.1369844488188976
21
2.0306801574803148
0
LINE
8
BLACK
6
CONTINUOUS
10
2.1369844488188976
20
2.0306801574803148
11
2.143253779527559
21
2.0352351181102364
0
LINE
8
BLACK
6
CONTINUOUS
10
2.143253779527559
20
2.0352351181102364
11
2.1487333858267714
21
2.0407147244094488
0
LINE
8
BLACK
6
CONTINUOUS
10
2.1487333858267714
20
2.0407147244094488
11
2.153288346456693
21
2.0469840551181102
0
LINE
8
BLACK
6
CONTINUOUS
10
2.153288346456693
20
2.0469840551181102
11
2.1568064566929133
21
2.0538887795275591
0
LINE
8
BLACK
6
CONTINUOUS
10
2.1568064566929133
20
2.0538887795275591
11
2.1592011417322836
21
2.0612588188976377
0
LINE
8
BLACK
6
CONTINUOUS
10
2.1592011417322836
20
2.0612588188976377
11
2.1594432283464569
21
2.0627873622047246
0
LINE
8
BLACK
6
CONTINUOUS
10
2.1594432283464569
20
2.0627873622047246
11
2.1604133858267716
21
2.0689125984251966
0
LINE
8
BLACK
6
CONTINUOUS
10
2.1604133858267716
20
2.0689125984251966
11
2.1604133858267716
21
2.0766619685039371
0
LINE
8
BLACK
6
CONTINUOUS
10
2.1604133858267716
20
2.0766619685039371
11
2.1604133464566928
21
2.0766624803149605
0
LINE
8
BLACK
6
CONTINUOUS
10
2.1604133464566928
20
2.0766624803149605
11
2.1603819291338584
21
2.0768609448818895
0
LINE
8
BLACK
6
CONTINUOUS
10
2.1603819291338584
20
2.0768609448818895
11
2.1592011811023624
21
2.0843158267716535
0
LINE
8
BLACK
6
CONTINUOUS
10
2.1592011811023624
20
2.0843158267716535
11
2.1589435433070867
21
2.0851087401574802
0
LINE
8
BLACK
6
CONTINUOUS
10
2.1589435433070867
20
2.0851087401574802
11
2.1568064566929133
21
2.0916860236220471
0
LINE
8
BLACK
6
CONTINUOUS
10
2.1568064566929133
20
2.0916860236220471
11
2.153288346456693
21
2.098590748031496
0
LINE
8
BLACK
6
CONTINUOUS
10
2.153288346456693
20
2.098590748031496
11
2.1487333858267714
21
2.1048600787401575
0
LINE
8
BLACK
6
CONTINUOUS
10
2.1487333858267714
20
2.1048600787401575
11
2.143253779527559
21
2.1103396850393699
0
LINE
8
BLACK
6
CONTINUOUS
10
2.143253779527559
20
2.1103396850393699
11
2.1369844488188976
21
2.1148946456692914
0
LINE
8
BLACK
6
CONTINUOUS
10
2.1369844488188976
20
2.1148946456692914
11
2.1369844094488188
21
2.1148946850393702
0
LINE
8
BLACK
6
CONTINUOUS
10
2.1369844094488188
20
2.1148946850393702
11
2.1369843307086613
21
2.1148947244094489
0
LINE
8
BLACK
6
CONTINUOUS
10
2.1369843307086613
20
2.1148947244094489
11
2.1300797244094487
21
2.1184127559055117
0
LINE
8
BLACK
6
CONTINUOUS
10
2.1300797244094487
20
2.1184127559055117
11
2.1227094881889763
21
2.1208075196850391
0
LINE
8
BLACK
6
CONTINUOUS
10
2.1227094881889763
20
2.1208075196850391
11
2.1150559055118108
21
2.12201968503937
0
LINE
8
BLACK
6
CONTINUOUS
10
2.1150559055118108
20
2.12201968503937
11
2.115055787401575
21
2.12201968503937
0
LINE
8
BLACK
6
CONTINUOUS
10
2.115055787401575
20
2.12201968503937
11
2.1073064173228344
21
2.12201968503937
0
LINE
8
BLACK
6
CONTINUOUS
10
2.1073064173228344
20
2.12201968503937
11
2.1073062992125986
21
2.12201968503937
0
LINE
8
BLACK
6
CONTINUOUS
10
2.1073062992125986
20
2.12201968503937
11
2.0996526771653543
21
2.1208075196850391
0
LINE
8
BLACK
6
CONTINUOUS
10
2.0996526771653543
20
2.1208075196850391
11
2.0922824409448819
21
2.1184127559055117
0
LINE
8
BLACK
6
CONTINUOUS
10
2.0922824409448819
20
2.1184127559055117
11
2.0853778346456693
21
2.1148947244094489
0
LINE
8
BLACK
6
CONTINUOUS
10
2.0853778346456693
20
2.1148947244094489
11
2.0791084645669291
21
2.1103397244094486
0
LINE
8
BLACK
6
CONTINUOUS
10
2.0791084645669291
20
2.1103397244094486
11
2.0736287795275592
21
2.1048600393700787
0
LINE
8
BLACK
6
CONTINUOUS
10
2.0736287795275592
20
2.1048600393700787
11
2.0690737795275589
21
2.0985906692913385
0
LINE
8
BLACK
6
CONTINUOUS
10
2.0690737795275589
20
2.0985906692913385
11
2.0655557480314961
21
2.0916860629921259
0
LINE
8
BLACK
6
CONTINUOUS
10
2.0655557480314961
20
2.0916860629921259
11
2.0631609842519683
21
2.0843158267716535
0
LINE
8
BLACK
6
CONTINUOUS
10
2.0631609842519683
20
2.0843158267716535
11
2.0619488188976378
21
2.076662244094488
0
LINE
8
BLACK
6
CONTINUOUS
10
2.0619488188976378
20
2.076662244094488
11
2.0619488188976378
21
2.0689125984251966
0
LINE
8
BLACK
6
CONTINUOUS
10
0.8647132283464567
20
2.0012628346456691
11
0.8608308661417322
21
1.9936431889763779
0
LINE
8
BLACK
6
CONTINUOUS
10
0.8608308661417322
20
1.9936431889763779
11
0.8581881102362204
21
1.9855097244094488
0
LINE
8
BLACK
6
CONTINUOUS
10
0.8581881102362204
20
1.9855097244094488
11
0.8568503937007874
21
1.9770634645669292
0
LINE
8
BLACK
6
CONTINUOUS
10
0.8568503937007874
20
1.9770634645669292
11
0.8568503937007874
21
1.9685113779527559
0
LINE
8
BLACK
6
CONTINUOUS
10
0.8568503937007874
20
1.9685113779527559
11
0.8581881102362204
21
1.9600651181102362
0
LINE
8
BLACK
6
CONTINUOUS
10
0.8581881102362204
20
1.9600651181102362
11
0.8608308661417322
21
1.9519316535433071
0
LINE
8
BLACK
6
CONTINUOUS
10
0.8608308661417322
20
1.9519316535433071
11
0.8647132677165354
21
1.9443119291338582
0
LINE
8
BLACK
6
CONTINUOUS
10
0.8647132677165354
20
1.9443119291338582
11
0.8647134251968503
21
1.9443117322834644
0
LINE
8
BLACK
6
CONTINUOUS
10
0.8647134251968503
20
1.9443117322834644
11
0.8663334251968504
21
1.9420820078740157
0
LINE
8
BLACK
6
CONTINUOUS
10
0.8663334251968504
20
1.9420820078740157
11
0.8663334645669292
21
1.9420820078740157
0
LINE
8
BLACK
6
CONTINUOUS
10
0.8663334645669292
20
1.9420820078740157
11
0.8815495669291339
21
1.9572981496062991
0
LINE
8
BLACK
6
CONTINUOUS
10
0.8815495669291339
20
1.9572981496062991
11
0.8791575196850393
21
1.9630731496062992
0
LINE
8
BLACK
6
CONTINUOUS
10
0.8791575196850393
20
1.9630731496062992
11
0.8778776771653544
21
1.9695072834645668
0
LINE
8
BLACK
6
CONTINUOUS
10
0.8778776771653544
20
1.9695072834645668
11
0.8778776771653544
21
1.9760675196850392
0
LINE
8
BLACK
6
CONTINUOUS
10
0.8778776771653544
20
1.9760675196850392
11
0.8791575196850393
21
1.9825016535433071
0
LINE
8
BLACK
6
CONTINUOUS
10
0.8791575196850393
20
1.9825016535433071
11
0.8815496062992125
21
1.9882766929133857
0
LINE
8
BLACK
6
CONTINUOUS
10
0.8815496062992125
20
1.9882766929133857
11
0.8663334645669292
21
2.0034928346456691
0
LINE
8
BLACK
6
CONTINUOUS
10
0.8663334645669292
20
2.0034928346456691
11
0.8647132283464567
21
2.0012628346456691
0
LINE
8
BLACK
6
CONTINUOUS
10
2.3408125590551179
20
1.9882767716535432
11
2.3432046850393702
21
1.9825016535433071
0
LINE
8
BLACK
6
CONTINUOUS
10
2.3432046850393702
20
1.9825016535433071
11
2.3444845275590551
21
1.9760675196850392
0
LINE
8
BLACK
6
CONTINUOUS
10
2.3444845275590551
20
1.9760675196850392
11
2.3444845275590551
21
1.9695072834645668
0
LINE
8
BLACK
6
CONTINUOUS
10
2.3444845275590551
20
1.9695072834645668
11
2.3432046850393702
21
1.9630731496062992
0
LINE
8
BLACK
6
CONTINUOUS
10
2.3432046850393702
20
1.9630731496062992
11
2.3408125590551179
21
1.9572981496062991
0
LINE
8
BLACK
6
CONTINUOUS
10
2.3408125590551179
20
1.9572981496062991
11
2.3560287007874017
21
1.9420820078740157
0
LINE
8
BLACK
6
CONTINUOUS
10
2.3560287007874017
20
1.9420820078740157
11
2.3576488188976379
21
1.9443118503937007
0
LINE
8
BLACK
6
CONTINUOUS
10
2.3576488188976379
20
1.9443118503937007
11
2.3576490157480317
21
1.9443121653543307
0
LINE
8
BLACK
6
CONTINUOUS
10
2.3576490157480317
20
1.9443121653543307
11
2.3615312992125985
21
1.9519316535433071
0
LINE
8
BLACK
6
CONTINUOUS
10
2.3615312992125985
20
1.9519316535433071
11
2.3641740551181103
21
1.9600651181102362
0
LINE
8
BLACK
6
CONTINUOUS
10
2.3641740551181103
20
1.9600651181102362
11
2.3655118110236222
21
1.9685113779527559
0
LINE
8
BLACK
6
CONTINUOUS
10
2.3655118110236222
20
1.9685113779527559
11
2.3655118110236222
21
1.9770634645669292
0
LINE
8
BLACK
6
CONTINUOUS
10
2.3655118110236222
20
1.9770634645669292
11
2.3641740551181103
21
1.9855097244094488
0
LINE
8
BLACK
6
CONTINUOUS
10
2.3641740551181103
20
1.9855097244094488
11
2.3615312992125985
21
1.9936431889763779
0
LINE
8
BLACK
6
CONTINUOUS
10
2.3615312992125985
20
1.9936431889763779
11
2.3576488976377954
21
2.0012629133858266
0
LINE
8
BLACK
6
CONTINUOUS
10
2.3576488976377954
20
2.0012629133858266
11
2.3576487401574804
21
2.0012631102362204
0
LINE
8
BLACK
6
CONTINUOUS
10
2.3576487401574804
20
2.0012631102362204
11
2.3560287007874017
21
2.0034928740157478
0
LINE
8
BLACK
6
CONTINUOUS
10
2.3560287007874017
20
2.0034928740157478
11
2.3408125590551179
21
1.9882767716535432
0
LINE
8
BLACK
6
CONTINUOUS
10
1.9208953543307086
20
2.0407638188976378
11
1.9144612204724409
21
2.0394839763779529
0
LINE
8
BLACK
6
CONTINUOUS
10
1.9144612204724409
20
2.0394839763779529
11
1.9079009842519685
21
2.0394839763779529
0
LINE
8
BLACK
6
CONTINUOUS
10
1.9079009842519685
20
2.0394839763779529
11
1.9014668503937007
21
2.0407638188976378
0
LINE
8
BLACK
6
CONTINUOUS
10
1.9014668503937007
20
2.0407638188976378
11
1.8956917322834645
21
2.0431559448818897
0
LINE
8
BLACK
6
CONTINUOUS
10
1.8956917322834645
20
2.0431559448818897
11
1.8804756299212597
21
2.0279398031496063
0
LINE
8
BLACK
6
CONTINUOUS
10
1.8804756299212597
20
2.0279398031496063
11
1.8827055905511811
21
2.0263196062992126
0
LINE
8
BLACK
6
CONTINUOUS
10
1.8827055905511811
20
2.0263196062992126
11
1.8828222047244094
21
2.0262601574803147
0
LINE
8
BLACK
6
CONTINUOUS
10
1.8828222047244094
20
2.0262601574803147
11
1.8845254724409448
21
2.0245567716535433
0
LINE
8
BLACK
6
CONTINUOUS
10
1.8845254724409448
20
2.0245567716535433
11
1.8849022440944883
21
2.0221775196850391
0
LINE
8
BLACK
6
CONTINUOUS
10
1.8849022440944883
20
2.0221775196850391
11
1.8838085433070866
21
2.0200312598425199
0
LINE
8
BLACK
6
CONTINUOUS
10
1.8838085433070866
20
2.0200312598425199
11
1.8828222047244094
21
2.0193146456692914
0
LINE
8
BLACK
6
CONTINUOUS
10
1.8828222047244094
20
2.0193146456692914
11
1.8827058267716534
21
2.0192553937007873
0
LINE
8
BLACK
6
CONTINUOUS
10
1.8827058267716534
20
2.0192553937007873
11
1.8827057086614172
21
2.0192553149606298
0
LINE
8
BLACK
6
CONTINUOUS
10
1.8827057086614172
20
2.0192553149606298
11
1.8804756692913385
21
2.0176350393700786
0
LINE
8
BLACK
6
CONTINUOUS
10
1.8804756692913385
20
2.0176350393700786
11
1.8956918110236221
21
2.0024188976377952
0
LINE
8
BLACK
6
CONTINUOUS
10
1.8956918110236221
20
2.0024188976377952
11
1.9014668503937007
21
2.0048109842519684
0
LINE
8
BLACK
6
CONTINUOUS
10
1.9014668503937007
20
2.0048109842519684
11
1.9079009842519685
21
2.0060908267716533
0
LINE
8
BLACK
6
CONTINUOUS
10
1.9079009842519685
20
2.0060908267716533
11
1.9144612204724409
21
2.0060908267716533
0
LINE
8
BLACK
6
CONTINUOUS
10
1.9144612204724409
20
2.0060908267716533
11
1.9208953543307086
21
2.0048109842519684
0
LINE
8
BLACK
6
CONTINUOUS
10
1.9208953543307086
20
2.0048109842519684
11
1.9266703543307087
21
2.002418937007874
0
LINE
8
BLACK
6
CONTINUOUS
10
1.9266703543307087
20
2.002418937007874
11
1.941886496062992
21
2.0176350393700786
0
LINE
8
BLACK
6
CONTINUOUS
10
1.941886496062992
20
2.0176350393700786
11
1.941886496062992
21
2.0176350787401574
0
LINE
8
BLACK
6
CONTINUOUS
10
1.941886496062992
20
2.0176350787401574
11
1.9396567716535433
21
2.0192550787401573
0
LINE
8
BLACK
6
CONTINUOUS
10
1.9396567716535433
20
2.0192550787401573
11
1.9396566141732283
21
2.0192551968503936
0
LINE
8
BLACK
6
CONTINUOUS
10
1.9396566141732283
20
2.0192551968503936
11
1.9395401574803148
21
2.0193145275590552
0
LINE
8
BLACK
6
CONTINUOUS
10
1.9395401574803148
20
2.0193145275590552
11
1.9378368110236219
21
2.0210178346456691
0
LINE
8
BLACK
6
CONTINUOUS
10
1.9378368110236219
20
2.0210178346456691
11
1.9374598818897637
21
2.0233970078740158
0
LINE
8
BLACK
6
CONTINUOUS
10
1.9374598818897637
20
2.0233970078740158
11
1.9385534645669291
21
2.0255433858267717
0
LINE
8
BLACK
6
CONTINUOUS
10
1.9385534645669291
20
2.0255433858267717
11
1.9395401574803148
21
2.026260275590551
0
LINE
8
BLACK
6
CONTINUOUS
10
1.9395401574803148
20
2.026260275590551
11
1.9396563779527558
21
2.0263195275590551
0
LINE
8
BLACK
6
CONTINUOUS
10
1.9396563779527558
20
2.0263195275590551
11
1.9396566535433071
21
2.0263196850393701
0
LINE
8
BLACK
6
CONTINUOUS
10
1.9396566535433071
20
2.0263196850393701
11
1.941886496062992
21
2.0279398031496063
0
LINE
8
BLACK
6
CONTINUOUS
10
1.941886496062992
20
2.0279398031496063
11
1.9266703543307087
21
2.0431559448818897
0
LINE
8
BLACK
6
CONTINUOUS
10
1.9266703543307087
20
2.0431559448818897
11
1.9208953543307086
21
2.0407638188976378
0
LINE
8
BLACK
6
CONTINUOUS
10
2.3208953543307085
20
2.0407638188976378
11
2.3144612204724408
21
2.0394839763779529
0
LINE
8
BLACK
6
CONTINUOUS
10
2.3144612204724408
20
2.0394839763779529
11
2.3079009842519684
21
2.0394839763779529
0
LINE
8
BLACK
6
CONTINUOUS
10
2.3079009842519684
20
2.0394839763779529
11
2.3014668503937008
21
2.0407638188976378
0
LINE
8
BLACK
6
CONTINUOUS
10
2.3014668503937008
20
2.0407638188976378
11
2.2956917322834647
21
2.0431559448818897
0
LINE
8
BLACK
6
CONTINUOUS
10
2.2956917322834647
20
2.0431559448818897
11
2.2804756299212596
21
2.0279398031496063
0
LINE
8
BLACK
6
CONTINUOUS
10
2.2804756299212596
20
2.0279398031496063
11
2.2827055905511808
21
2.0263196062992126
0
LINE
8
BLACK
6
CONTINUOUS
10
2.2827055905511808
20
2.0263196062992126
11
2.2828222047244093
21
2.0262601574803147
0
LINE
8
BLACK
6
CONTINUOUS
10
2.2828222047244093
20
2.0262601574803147
11
2.2845254724409449
21
2.0245567716535433
0
LINE
8
BLACK
6
CONTINUOUS
10
2.2845254724409449
20
2.0245567716535433
11
2.2849022440944879
21
2.0221775196850391
0
LINE
8
BLACK
6
CONTINUOUS
10
2.2849022440944879
20
2.0221775196850391
11
2.2838085433070865
21
2.0200312598425199
0
LINE
8
BLACK
6
CONTINUOUS
10
2.2838085433070865
20
2.0200312598425199
11
2.2828222047244093
21
2.0193146456692914
0
LINE
8
BLACK
6
CONTINUOUS
10
2.2828222047244093
20
2.0193146456692914
11
2.2827058267716533
21
2.0192553937007873
0
LINE
8
BLACK
6
CONTINUOUS
10
2.2827058267716533
20
2.0192553937007873
11
2.2827057086614171
21
2.0192553149606298
0
LINE
8
BLACK
6
CONTINUOUS
10
2.2827057086614171
20
2.0192553149606298
11
2.2804756692913384
21
2.0176350393700786
0
LINE
8
BLACK
6
CONTINUOUS
10
2.2804756692913384
20
2.0176350393700786
11
2.2956918110236222
21
2.0024188976377952
0
LINE
8
BLACK
6
CONTINUOUS
10
2.2956918110236222
20
2.0024188976377952
11
2.3014668503937008
21
2.0048109842519684
0
LINE
8
BLACK
6
CONTINUOUS
10
2.3014668503937008
20
2.0048109842519684
11
2.3079009842519684
21
2.0060908267716533
0
LINE
8
BLACK
6
CONTINUOUS
10
2.3079009842519684
20
2.0060908267716533
11
2.3144612204724408
21
2.0060908267716533
0
LINE
8
BLACK
6
CONTINUOUS
10
2.3144612204724408
20
2.0060908267716533
11
2.3208953543307085
21
2.0048109842519684
0
LINE
8
BLACK
6
CONTINUOUS
10
2.3208953543307085
20
2.0048109842519684
11
2.3266703543307088
21
2.002418937007874
0
LINE
8
BLACK
6
CONTINUOUS
10
2.3266703543307088
20
2.002418937007874
11
2.3418864960629922
21
2.0176350393700786
0
LINE
8
BLACK
6
CONTINUOUS
10
2.3418864960629922
20
2.0176350393700786
11
2.3418864960629922
21
2.0176350787401574
0
LINE
8
BLACK
6
CONTINUOUS
10
2.3418864960629922
20
2.0176350787401574
11
2.3396567716535435
21
2.0192550787401573
0
LINE
8
BLACK
6
CONTINUOUS
10
2.3396567716535435
20
2.0192550787401573
11
2.3396566141732285
21
2.0192551968503936
0
LINE
8
BLACK
6
CONTINUOUS
10
2.3396566141732285
20
2.0192551968503936
11
2.339540157480315
21
2.0193145275590552
0
LINE
8
BLACK
6
CONTINUOUS
10
2.339540157480315
20
2.0193145275590552
11
2.3378368110236218
21
2.0210178346456691
0
LINE
8
BLACK
6
CONTINUOUS
10
2.3378368110236218
20
2.0210178346456691
11
2.3374598818897638
21
2.0233970078740158
0
LINE
8
BLACK
6
CONTINUOUS
10
2.3374598818897638
20
2.0233970078740158
11
2.338553464566929
21
2.0255433858267717
0
LINE
8
BLACK
6
CONTINUOUS
10
2.338553464566929
20
2.0255433858267717
11
2.339540157480315
21
2.026260275590551
0
LINE
8
BLACK
6
CONTINUOUS
10
2.339540157480315
20
2.026260275590551
11
2.3396563779527559
21
2.0263195275590551
0
LINE
8
BLACK
6
CONTINUOUS
10
2.3396563779527559
20
2.0263195275590551
11
2.3396566535433072
21
2.0263196850393701
0
LINE
8
BLACK
6
CONTINUOUS
10
2.3396566535433072
20
2.0263196850393701
11
2.3418864960629922
21
2.0279398031496063
0
LINE
8
BLACK
6
CONTINUOUS
10
2.3418864960629922
20
2.0279398031496063
11
2.3266703543307088
21
2.0431559448818897
0
LINE
8
BLACK
6
CONTINUOUS
10
2.3266703543307088
20
2.0431559448818897
11
2.3208953543307085
21
2.0407638188976378
0
LINE
8
BLACK
6
CONTINUOUS
10
1.2991173622047243
20
2.1125563385826771
11
1.2915906299212598
21
2.1094386614173226
0
LINE
8
BLACK
6
CONTINUOUS
10
1.2915906299212598
20
2.1094386614173226
11
1.2848168503937007
21
2.1049125984251966
0
LINE
8
BLACK
6
CONTINUOUS
10
1.2848168503937007
20
2.1049125984251966
11
1.2790559055118109
21
2.099151653543307
0
LINE
8
BLACK
6
CONTINUOUS
10
1.2790559055118109
20
2.099151653543307
11
1.2745298425196849
21
2.0923778740157482
0
LINE
8
BLACK
6
CONTINUOUS
10
1.2745298425196849
20
2.0923778740157482
11
1.2715188582677166
21
2.0851087401574802
0
LINE
8
BLACK
6
CONTINUOUS
10
1.2715188582677166
20
2.0851087401574802
11
1.2699544094488189
21
2.0832770078740155
0
LINE
8
BLACK
6
CONTINUOUS
10
1.2699544094488189
20
2.0832770078740155
11
1.2676120866141731
21
2.0827146850393699
0
LINE
8
BLACK
6
CONTINUOUS
10
1.2676120866141731
20
2.0827146850393699
11
1.2653865748031496
21
2.083636535433071
0
LINE
8
BLACK
6
CONTINUOUS
10
1.2653865748031496
20
2.083636535433071
11
1.2642110236220472
21
2.0853958661417322
0
LINE
8
BLACK
6
CONTINUOUS
10
1.2642110236220472
20
2.0853958661417322
11
1.2615312992125984
21
2.0936431889763778
0
LINE
8
BLACK
6
CONTINUOUS
10
1.2615312992125984
20
2.0936431889763778
11
1.2576488976377953
21
2.1012629133858267
0
LINE
8
BLACK
6
CONTINUOUS
10
1.2576488976377953
20
2.1012629133858267
11
1.2576487401574803
21
2.1012631102362205
0
LINE
8
BLACK
6
CONTINUOUS
10
1.2576487401574803
20
2.1012631102362205
11
1.2560287007874016
21
2.1034928740157479
0
LINE
8
BLACK
6
CONTINUOUS
10
1.2560287007874016
20
2.1034928740157479
11
1.240812559055118
21
2.0882767716535433
0
LINE
8
BLACK
6
CONTINUOUS
10
1.240812559055118
20
2.0882767716535433
11
1.2432046850393701
21
2.0825016535433072
0
LINE
8
BLACK
6
CONTINUOUS
10
1.2432046850393701
20
2.0825016535433072
11
1.244484527559055
21
2.0760675196850391
0
LINE
8
BLACK
6
CONTINUOUS
10
1.244484527559055
20
2.0760675196850391
11
1.244484527559055
21
2.0695072834645667
0
LINE
8
BLACK
6
CONTINUOUS
10
1.244484527559055
20
2.0695072834645667
11
1.2432046850393701
21
2.0630731496062991
0
LINE
8
BLACK
6
CONTINUOUS
10
1.2432046850393701
20
2.0630731496062991
11
1.240812559055118
21
2.0572981496062992
0
LINE
8
BLACK
6
CONTINUOUS
10
1.240812559055118
20
2.0572981496062992
11
1.2560287007874016
21
2.0420820078740158
0
LINE
8
BLACK
6
CONTINUOUS
10
1.2560287007874016
20
2.0420820078740158
11
1.2576488188976378
21
2.0443118503937008
0
LINE
8
BLACK
6
CONTINUOUS
10
1.2576488188976378
20
2.0443118503937008
11
1.2576490157480316
21
2.0443121653543308
0
LINE
8
BLACK
6
CONTINUOUS
10
1.2576490157480316
20
2.0443121653543308
11
1.2615313385826772
21
2.0519317322834647
0
LINE
8
BLACK
6
CONTINUOUS
10
1.2615313385826772
20
2.0519317322834647
11
1.2642110236220472
21
2.060178937007874
0
LINE
8
BLACK
6
CONTINUOUS
10
1.2642110236220472
20
2.060178937007874
11
1.2656269291338582
21
2.0621277952755905
0
LINE
8
BLACK
6
CONTINUOUS
10
1.2656269291338582
20
2.0621277952755905
11
1.2679179133858267
21
2.0628721653543307
0
LINE
8
BLACK
6
CONTINUOUS
10
1.2679179133858267
20
2.0628721653543307
11
1.2702088976377952
21
2.0621277952755905
0
LINE
8
BLACK
6
CONTINUOUS
10
1.2702088976377952
20
2.0621277952755905
11
1.2715188582677166
21
2.0604661023622048
0
LINE
8
BLACK
6
CONTINUOUS
10
1.2715188582677166
20
2.0604661023622048
11
1.2745298425196849
21
2.0531969685039368
0
LINE
8
BLACK
6
CONTINUOUS
10
1.2745298425196849
20
2.0531969685039368
11
1.2790559055118109
21
2.046423188976378
0
LINE
8
BLACK
6
CONTINUOUS
10
1.2790559055118109
20
2.046423188976378
11
1.2790560236220472
21
2.046423031496063
0
LINE
8
BLACK
6
CONTINUOUS
10
1.2790560236220472
20
2.046423031496063
11
1.2848167322834645
21
2.0406623228346454
0
LINE
8
BLACK
6
CONTINUOUS
10
1.2848167322834645
20
2.0406623228346454
11
1.2915906299212598
21
2.0361361811023619
0
LINE
8
BLACK
6
CONTINUOUS
10
1.2915906299212598
20
2.0361361811023619
11
1.2991173228346455
21
2.0330185039370079
0
LINE
8
BLACK
6
CONTINUOUS
10
1.2991173228346455
20
2.0330185039370079
11
1.3071076771653543
21
2.0314291338582677
0
LINE
8
BLACK
6
CONTINUOUS
10
1.3071076771653543
20
2.0314291338582677
11
1.307107716535433
21
2.0314291338582677
0
LINE
8
BLACK
6
CONTINUOUS
10
1.307107716535433
20
2.0314291338582677
11
1.3152544881889763
21
2.0314291338582677
0
LINE
8
BLACK
6
CONTINUOUS
10
1.3152544881889763
20
2.0314291338582677
11
1.315254527559055
21
2.0314291338582677
0
LINE
8
BLACK
6
CONTINUOUS
10
1.315254527559055
20
2.0314291338582677
11
1.3232448818897637
21
2.0330185039370079
0
LINE
8
BLACK
6
CONTINUOUS
10
1.3232448818897637
20
2.0330185039370079
11
1.3307715748031497
21
2.0361361811023619
0
LINE
8
BLACK
6
CONTINUOUS
10
1.3307715748031497
20
2.0361361811023619
11
1.3375454724409448
21
2.0406623228346454
0
LINE
8
BLACK
6
CONTINUOUS
10
1.3375454724409448
20
2.0406623228346454
11
1.3433061811023621
21
2.046423031496063
0
LINE
8
BLACK
6
CONTINUOUS
10
1.3433061811023621
20
2.046423031496063
11
1.3478323228346456
21
2.0531969291338581
0
LINE
8
BLACK
6
CONTINUOUS
10
1.3478323228346456
20
2.0531969291338581
11
1.3509499999999999
21
2.0607236220472442
0
LINE
8
BLACK
6
CONTINUOUS
10
1.3509499999999999
20
2.0607236220472442
11
1.35253937007874
21
2.0687139763779525
0
LINE
8
BLACK
6
CONTINUOUS
10
1.35253937007874
20
2.0687139763779525
11
1.35253937007874
21
2.0768608267716533
0
LINE
8
BLACK
6
CONTINUOUS
10
1.35253937007874
20
2.0768608267716533
11
1.3525393307086613
21
2.0768609448818895
0
LINE
8
BLACK
6
CONTINUOUS
10
1.3525393307086613
20
2.0768609448818895
11
1.3509499999999999
21
2.084851181102362
0
LINE
8
BLACK
6
CONTINUOUS
10
1.3509499999999999
20
2.084851181102362
11
1.3478323228346456
21
2.0923778740157482
0
LINE
8
BLACK
6
CONTINUOUS
10
1.3478323228346456
20
2.0923778740157482
11
1.3433061811023621
21
2.0991517716535433
0
LINE
8
BLACK
6
CONTINUOUS
10
1.3433061811023621
20
2.0991517716535433
11
1.3375454724409448
21
2.1049124803149604
0
LINE
8
BLACK
6
CONTINUOUS
10
1.3375454724409448
20
2.1049124803149604
11
1.3307715748031497
21
2.1094386220472439
0
LINE
8
BLACK
6
CONTINUOUS
10
1.3307715748031497
20
2.1094386220472439
11
1.3307716141732284
21
2.1094386220472439
0
LINE
8
BLACK
6
CONTINUOUS
10
1.3307716141732284
20
2.1094386220472439
11
1.3307715354330709
21
2.1094386614173226
0
LINE
8
BLACK
6
CONTINUOUS
10
1.3307715354330709
20
2.1094386614173226
11
1.3232448031496062
21
2.1125563385826771
0
LINE
8
BLACK
6
CONTINUOUS
10
1.3232448031496062
20
2.1125563385826771
11
1.3152546062992125
21
2.1141456692913385
0
LINE
8
BLACK
6
CONTINUOUS
10
1.3152546062992125
20
2.1141456692913385
11
1.315254527559055
21
2.1141456692913385
0
LINE
8
BLACK
6
CONTINUOUS
10
1.315254527559055
20
2.1141456692913385
11
1.3071076771653543
21
2.1141456692913385
0
LINE
8
BLACK
6
CONTINUOUS
10
1.3071076771653543
20
2.1141456692913385
11
1.307107559055118
21
2.1141456692913385
0
LINE
8
BLACK
6
CONTINUOUS
10
1.307107559055118
20
2.1141456692913385
11
1.2991173622047243
21
2.1125563385826771
0
LINE
8
BLACK
6
CONTINUOUS
10
1.3698228346456693
20
2.068713897637795
11
1.3714121653543307
21
2.0607237007874017
0
LINE
8
BLACK
6
CONTINUOUS
10
1.3714121653543307
20
2.0607237007874017
11
1.374529842519685
21
2.0531969685039368
0
LINE
8
BLACK
6
CONTINUOUS
10
1.374529842519685
20
2.0531969685039368
11
1.379055905511811
21
2.046423188976378
0
LINE
8
BLACK
6
CONTINUOUS
10
1.379055905511811
20
2.046423188976378
11
1.3790560236220473
21
2.046423031496063
0
LINE
8
BLACK
6
CONTINUOUS
10
1.3790560236220473
20
2.046423031496063
11
1.3848167322834646
21
2.0406623228346454
0
LINE
8
BLACK
6
CONTINUOUS
10
1.3848167322834646
20
2.0406623228346454
11
1.3915906299212597
21
2.0361361811023619
0
LINE
8
BLACK
6
CONTINUOUS
10
1.3915906299212597
20
2.0361361811023619
11
1.3991173228346456
21
2.0330185039370079
0
LINE
8
BLACK
6
CONTINUOUS
10
1.3991173228346456
20
2.0330185039370079
11
1.4071076771653543
21
2.0314291338582677
0
LINE
8
BLACK
6
CONTINUOUS
10
1.4071076771653543
20
2.0314291338582677
11
1.4071077165354331
21
2.0314291338582677
0
LINE
8
BLACK
6
CONTINUOUS
10
1.4071077165354331
20
2.0314291338582677
11
1.4152544881889764
21
2.0314291338582677
0
LINE
8
BLACK
6
CONTINUOUS
10
1.4152544881889764
20
2.0314291338582677
11
1.4152545275590551
21
2.0314291338582677
0
LINE
8
BLACK
6
CONTINUOUS
10
1.4152545275590551
20
2.0314291338582677
11
1.4232448818897638
21
2.0330185039370079
0
LINE
8
BLACK
6
CONTINUOUS
10
1.4232448818897638
20
2.0330185039370079
11
1.4307715748031495
21
2.0361361811023619
0
LINE
8
BLACK
6
CONTINUOUS
10
1.4307715748031495
20
2.0361361811023619
11
1.4375454724409449
21
2.0406623228346454
0
LINE
8
BLACK
6
CONTINUOUS
10
1.4375454724409449
20
2.0406623228346454
11
1.4433061811023622
21
2.046423031496063
0
LINE
8
BLACK
6
CONTINUOUS
10
1.4433061811023622
20
2.046423031496063
11
1.4478323228346457
21
2.0531969291338581
0
LINE
8
BLACK
6
CONTINUOUS
10
1.4478323228346457
20
2.0531969291338581
11
1.45095
21
2.0607236220472442
0
LINE
8
BLACK
6
CONTINUOUS
10
1.45095
20
2.0607236220472442
11
1.4525393700787401
21
2.0687139763779525
0
LINE
8
BLACK
6
CONTINUOUS
10
1.4525393700787401
20
2.0687139763779525
11
1.4525393700787401
21
2.0768608267716533
0
LINE
8
BLACK
6
CONTINUOUS
10
1.4525393700787401
20
2.0768608267716533
11
1.4525393307086614
21
2.0768609448818895
0
LINE
8
BLACK
6
CONTINUOUS
10
1.4525393307086614
20
2.0768609448818895
11
1.45095
21
2.084851181102362
0
LINE
8
BLACK
6
CONTINUOUS
10
1.45095
20
2.084851181102362
11
1.4478323228346457
21
2.0923778740157482
0
LINE
8
BLACK
6
CONTINUOUS
10
1.4478323228346457
20
2.0923778740157482
11
1.4433061811023622
21
2.0991517716535433
0
LINE
8
BLACK
6
CONTINUOUS
10
1.4433061811023622
20
2.0991517716535433
11
1.4375454724409449
21
2.1049124803149604
0
LINE
8
BLACK
6
CONTINUOUS
10
1.4375454724409449
20
2.1049124803149604
11
1.4307715748031495
21
2.1094386220472439
0
LINE
8
BLACK
6
CONTINUOUS
10
1.4307715748031495
20
2.1094386220472439
11
1.4307716141732283
21
2.1094386220472439
0
LINE
8
BLACK
6
CONTINUOUS
10
1.4307716141732283
20
2.1094386220472439
11
1.4307715354330708
21
2.1094386614173226
0
LINE
8
BLACK
6
CONTINUOUS
10
1.4307715354330708
20
2.1094386614173226
11
1.4232448031496063
21
2.1125563385826771
0
LINE
8
BLACK
6
CONTINUOUS
10
1.4232448031496063
20
2.1125563385826771
11
1.4152546062992126
21
2.1141456692913385
0
LINE
8
BLACK
6
CONTINUOUS
10
1.4152546062992126
20
2.1141456692913385
11
1.4152545275590551
21
2.1141456692913385
0
LINE
8
BLACK
6
CONTINUOUS
10
1.4152545275590551
20
2.1141456692913385
11
1.4071076771653543
21
2.1141456692913385
0
LINE
8
BLACK
6
CONTINUOUS
10
1.4071076771653543
20
2.1141456692913385
11
1.4071075590551181
21
2.1141456692913385
0
LINE
8
BLACK
6
CONTINUOUS
10
1.4071075590551181
20
2.1141456692913385
11
1.3991173622047244
21
2.1125563385826771
0
LINE
8
BLACK
6
CONTINUOUS
10
1.3991173622047244
20
2.1125563385826771
11
1.3915906299212597
21
2.1094386614173226
0
LINE
8
BLACK
6
CONTINUOUS
10
1.3915906299212597
20
2.1094386614173226
11
1.3848168503937008
21
2.1049125984251966
0
LINE
8
BLACK
6
CONTINUOUS
10
1.3848168503937008
20
2.1049125984251966
11
1.379055905511811
21
2.099151653543307
0
LINE
8
BLACK
6
CONTINUOUS
10
1.379055905511811
20
2.099151653543307
11
1.374529842519685
21
2.0923778740157482
0
LINE
8
BLACK
6
CONTINUOUS
10
1.374529842519685
20
2.0923778740157482
11
1.3714121653543307
21
2.0848511417322833
0
LINE
8
BLACK
6
CONTINUOUS
10
1.3714121653543307
20
2.0848511417322833
11
1.3698228346456693
21
2.0768609448818895
0
LINE
8
BLACK
6
CONTINUOUS
10
1.3698228346456693
20
2.0768609448818895
11
1.3698228346456693
21
2.068713897637795
0
LINE
8
BLACK
6
CONTINUOUS
10
1.4698228346456692
20
2.068713897637795
11
1.4714121653543306
21
2.0607237007874017
0
LINE
8
BLACK
6
CONTINUOUS
10
1.4714121653543306
20
2.0607237007874017
11
1.4745298425196851
21
2.0531969685039368
0
LINE
8
BLACK
6
CONTINUOUS
10
1.4745298425196851
20
2.0531969685039368
11
1.4790559055118111
21
2.046423188976378
0
LINE
8
BLACK
6
CONTINUOUS
10
1.4790559055118111
20
2.046423188976378
11
1.4790560236220471
21
2.046423031496063
0
LINE
8
BLACK
6
CONTINUOUS
10
1.4790560236220471
20
2.046423031496063
11
1.4848167322834644
21
2.0406623228346454
0
LINE
8
BLACK
6
CONTINUOUS
10
1.4848167322834644
20
2.0406623228346454
11
1.4915906299212598
21
2.0361361811023619
0
LINE
8
BLACK
6
CONTINUOUS
10
1.4915906299212598
20
2.0361361811023619
11
1.4991173228346457
21
2.0330185039370079
0
LINE
8
BLACK
6
CONTINUOUS
10
1.4991173228346457
20
2.0330185039370079
11
1.5071076771653542
21
2.0314291338582677
0
LINE
8
BLACK
6
CONTINUOUS
10
1.5071076771653542
20
2.0314291338582677
11
1.507107716535433
21
2.0314291338582677
0
LINE
8
BLACK
6
CONTINUOUS
10
1.507107716535433
20
2.0314291338582677
11
1.5152544881889762
21
2.0314291338582677
0
LINE
8
BLACK
6
CONTINUOUS
10
1.5152544881889762
20
2.0314291338582677
11
1.515254527559055
21
2.0314291338582677
0
LINE
8
BLACK
6
CONTINUOUS
10
1.515254527559055
20
2.0314291338582677
11
1.5232448818897637
21
2.0330185039370079
0
LINE
8
BLACK
6
CONTINUOUS
10
1.5232448818897637
20
2.0330185039370079
11
1.5307715748031496
21
2.0361361811023619
0
LINE
8
BLACK
6
CONTINUOUS
10
1.5307715748031496
20
2.0361361811023619
11
1.5375454724409447
21
2.0406623228346454
0
LINE
8
BLACK
6
CONTINUOUS
10
1.5375454724409447
20
2.0406623228346454
11
1.5433061811023621
21
2.046423031496063
0
LINE
8
BLACK
6
CONTINUOUS
10
1.5433061811023621
20
2.046423031496063
11
1.5478323228346456
21
2.0531969291338581
0
LINE
8
BLACK
6
CONTINUOUS
10
1.5478323228346456
20
2.0531969291338581
11
1.5509500000000001
21
2.0607236220472442
0
LINE
8
BLACK
6
CONTINUOUS
10
1.5509500000000001
20
2.0607236220472442
11
1.5525393700787402
21
2.0687139763779525
0
LINE
8
BLACK
6
CONTINUOUS
10
1.5525393700787402
20
2.0687139763779525
11
1.5525393700787402
21
2.0768608267716533
0
LINE
8
BLACK
6
CONTINUOUS
10
1.5525393700787402
20
2.0768608267716533
11
1.5525393307086615
21
2.0768609448818895
0
LINE
8
BLACK
6
CONTINUOUS
10
1.5525393307086615
20
2.0768609448818895
11
1.5509500000000001
21
2.084851181102362
0
LINE
8
BLACK
6
CONTINUOUS
10
1.5509500000000001
20
2.084851181102362
11
1.5478323228346456
21
2.0923778740157482
0
LINE
8
BLACK
6
CONTINUOUS
10
1.5478323228346456
20
2.0923778740157482
11
1.5433061811023621
21
2.0991517716535433
0
LINE
8
BLACK
6
CONTINUOUS
10
1.5433061811023621
20
2.0991517716535433
11
1.5375454724409447
21
2.1049124803149604
0
LINE
8
BLACK
6
CONTINUOUS
10
1.5375454724409447
20
2.1049124803149604
11
1.5307715748031496
21
2.1094386220472439
0
LINE
8
BLACK
6
CONTINUOUS
10
1.5307715748031496
20
2.1094386220472439
11
1.5307716141732284
21
2.1094386220472439
0
LINE
8
BLACK
6
CONTINUOUS
10
1.5307716141732284
20
2.1094386220472439
11
1.5307715354330709
21
2.1094386614173226
0
LINE
8
BLACK
6
CONTINUOUS
10
1.5307715354330709
20
2.1094386614173226
11
1.5232448031496062
21
2.1125563385826771
0
LINE
8
BLACK
6
CONTINUOUS
10
1.5232448031496062
20
2.1125563385826771
11
1.5152546062992125
21
2.1141456692913385
0
LINE
8
BLACK
6
CONTINUOUS
10
1.5152546062992125
20
2.1141456692913385
11
1.515254527559055
21
2.1141456692913385
0
LINE
8
BLACK
6
CONTINUOUS
10
1.515254527559055
20
2.1141456692913385
11
1.5071076771653542
21
2.1141456692913385
0
LINE
8
BLACK
6
CONTINUOUS
10
1.5071076771653542
20
2.1141456692913385
11
1.5071075590551182
21
2.1141456692913385
0
LINE
8
BLACK
6
CONTINUOUS
10
1.5071075590551182
20
2.1141456692913385
11
1.4991173622047245
21
2.1125563385826771
0
LINE
8
BLACK
6
CONTINUOUS
10
1.4991173622047245
20
2.1125563385826771
11
1.4915906299212598
21
2.1094386614173226
0
LINE
8
BLACK
6
CONTINUOUS
10
1.4915906299212598
20
2.1094386614173226
11
1.4848168503937007
21
2.1049125984251966
0
LINE
8
BLACK
6
CONTINUOUS
10
1.4848168503937007
20
2.1049125984251966
11
1.4790559055118111
21
2.099151653543307
0
LINE
8
BLACK
6
CONTINUOUS
10
1.4790559055118111
20
2.099151653543307
11
1.4745298425196851
21
2.0923778740157482
0
LINE
8
BLACK
6
CONTINUOUS
10
1.4745298425196851
20
2.0923778740157482
11
1.4714121653543306
21
2.0848511417322833
0
LINE
8
BLACK
6
CONTINUOUS
10
1.4714121653543306
20
2.0848511417322833
11
1.4698228346456692
21
2.0768609448818895
0
LINE
8
BLACK
6
CONTINUOUS
10
1.4698228346456692
20
2.0768609448818895
11
1.4698228346456692
21
2.068713897637795
0
LINE
8
BLACK
6
CONTINUOUS
10
1.5698228346456693
20
2.068713897637795
11
1.5714121653543307
21
2.0607237007874017
0
LINE
8
BLACK
6
CONTINUOUS
10
1.5714121653543307
20
2.0607237007874017
11
1.574529842519685
21
2.0531969685039368
0
LINE
8
BLACK
6
CONTINUOUS
10
1.574529842519685
20
2.0531969685039368
11
1.579055905511811
21
2.046423188976378
0
LINE
8
BLACK
6
CONTINUOUS
10
1.579055905511811
20
2.046423188976378
11
1.5790560236220472
21
2.046423031496063
0
LINE
8
BLACK
6
CONTINUOUS
10
1.5790560236220472
20
2.046423031496063
11
1.5848167322834645
21
2.0406623228346454
0
LINE
8
BLACK
6
CONTINUOUS
10
1.5848167322834645
20
2.0406623228346454
11
1.5915906299212599
21
2.0361361811023619
0
LINE
8
BLACK
6
CONTINUOUS
10
1.5915906299212599
20
2.0361361811023619
11
1.5991173228346456
21
2.0330185039370079
0
LINE
8
BLACK
6
CONTINUOUS
10
1.5991173228346456
20
2.0330185039370079
11
1.6071076771653543
21
2.0314291338582677
0
LINE
8
BLACK
6
CONTINUOUS
10
1.6071076771653543
20
2.0314291338582677
11
1.6071077165354331
21
2.0314291338582677
0
LINE
8
BLACK
6
CONTINUOUS
10
1.6071077165354331
20
2.0314291338582677
11
1.6152544881889763
21
2.0314291338582677
0
LINE
8
BLACK
6
CONTINUOUS
10
1.6152544881889763
20
2.0314291338582677
11
1.6152545275590551
21
2.0314291338582677
0
LINE
8
BLACK
6
CONTINUOUS
10
1.6152545275590551
20
2.0314291338582677
11
1.6232448818897638
21
2.0330185039370079
0
LINE
8
BLACK
6
CONTINUOUS
10
1.6232448818897638
20
2.0330185039370079
11
1.6307715748031495
21
2.0361361811023619
0
LINE
8
BLACK
6
CONTINUOUS
10
1.6307715748031495
20
2.0361361811023619
11
1.6375454724409448
21
2.0406623228346454
0
LINE
8
BLACK
6
CONTINUOUS
10
1.6375454724409448
20
2.0406623228346454
11
1.6433061811023622
21
2.046423031496063
0
LINE
8
BLACK
6
CONTINUOUS
10
1.6433061811023622
20
2.046423031496063
11
1.6478323228346456
21
2.0531969291338581
0
LINE
8
BLACK
6
CONTINUOUS
10
1.6478323228346456
20
2.0531969291338581
11
1.6509499999999999
21
2.0607236220472442
0
LINE
8
BLACK
6
CONTINUOUS
10
1.6509499999999999
20
2.0607236220472442
11
1.6525393700787401
21
2.0687139763779525
0
LINE
8
BLACK
6
CONTINUOUS
10
1.6525393700787401
20
2.0687139763779525
11
1.6525393700787401
21
2.0768608267716533
0
LINE
8
BLACK
6
CONTINUOUS
10
1.6525393700787401
20
2.0768608267716533
11
1.6525393307086613
21
2.0768609448818895
0
LINE
8
BLACK
6
CONTINUOUS
10
1.6525393307086613
20
2.0768609448818895
11
1.6509499999999999
21
2.084851181102362
0
LINE
8
BLACK
6
CONTINUOUS
10
1.6509499999999999
20
2.084851181102362
11
1.6478323228346456
21
2.0923778740157482
0
LINE
8
BLACK
6
CONTINUOUS
10
1.6478323228346456
20
2.0923778740157482
11
1.6433061811023622
21
2.0991517716535433
0
LINE
8
BLACK
6
CONTINUOUS
10
1.6433061811023622
20
2.0991517716535433
11
1.6375454724409448
21
2.1049124803149604
0
LINE
8
BLACK
6
CONTINUOUS
10
1.6375454724409448
20
2.1049124803149604
11
1.6307715748031495
21
2.1094386220472439
0
LINE
8
BLACK
6
CONTINUOUS
10
1.6307715748031495
20
2.1094386220472439
11
1.6307716141732282
21
2.1094386220472439
0
LINE
8
BLACK
6
CONTINUOUS
10
1.6307716141732282
20
2.1094386220472439
11
1.6307715354330707
21
2.1094386614173226
0
LINE
8
BLACK
6
CONTINUOUS
10
1.6307715354330707
20
2.1094386614173226
11
1.6232448031496063
21
2.1125563385826771
0
LINE
8
BLACK
6
CONTINUOUS
10
1.6232448031496063
20
2.1125563385826771
11
1.6152546062992126
21
2.1141456692913385
0
LINE
8
BLACK
6
CONTINUOUS
10
1.6152546062992126
20
2.1141456692913385
11
1.6152545275590551
21
2.1141456692913385
0
LINE
8
BLACK
6
CONTINUOUS
10
1.6152545275590551
20
2.1141456692913385
11
1.6071076771653543
21
2.1141456692913385
0
LINE
8
BLACK
6
CONTINUOUS
10
1.6071076771653543
20
2.1141456692913385
11
1.607107559055118
21
2.1141456692913385
0
LINE
8
BLACK
6
CONTINUOUS
10
1.607107559055118
20
2.1141456692913385
11
1.5991173622047243
21
2.1125563385826771
0
LINE
8
BLACK
6
CONTINUOUS
10
1.5991173622047243
20
2.1125563385826771
11
1.5915906299212599
21
2.1094386614173226
0
LINE
8
BLACK
6
CONTINUOUS
10
1.5915906299212599
20
2.1094386614173226
11
1.5848168503937008
21
2.1049125984251966
0
LINE
8
BLACK
6
CONTINUOUS
10
1.5848168503937008
20
2.1049125984251966
11
1.579055905511811
21
2.099151653543307
0
LINE
8
BLACK
6
CONTINUOUS
10
1.579055905511811
20
2.099151653543307
11
1.574529842519685
21
2.0923778740157482
0
LINE
8
BLACK
6
CONTINUOUS
10
1.574529842519685
20
2.0923778740157482
11
1.5714121653543307
21
2.0848511417322833
0
LINE
8
BLACK
6
CONTINUOUS
10
1.5714121653543307
20
2.0848511417322833
11
1.5698228346456693
21
2.0768609448818895
0
LINE
8
BLACK
6
CONTINUOUS
10
1.5698228346456693
20
2.0768609448818895
11
1.5698228346456693
21
2.068713897637795
0
LINE
8
BLACK
6
CONTINUOUS
10
1.6698228346456692
20
2.068713897637795
11
1.6714121653543306
21
2.0607237007874017
0
LINE
8
BLACK
6
CONTINUOUS
10
1.6714121653543306
20
2.0607237007874017
11
1.6745298425196851
21
2.0531969685039368
0
LINE
8
BLACK
6
CONTINUOUS
10
1.6745298425196851
20
2.0531969685039368
11
1.6790559055118111
21
2.046423188976378
0
LINE
8
BLACK
6
CONTINUOUS
10
1.6790559055118111
20
2.046423188976378
11
1.6790560236220473
21
2.046423031496063
0
LINE
8
BLACK
6
CONTINUOUS
10
1.6790560236220473
20
2.046423031496063
11
1.6848167322834646
21
2.0406623228346454
0
LINE
8
BLACK
6
CONTINUOUS
10
1.6848167322834646
20
2.0406623228346454
11
1.6915906299212597
21
2.0361361811023619
0
LINE
8
BLACK
6
CONTINUOUS
10
1.6915906299212597
20
2.0361361811023619
11
1.6991173228346457
21
2.0330185039370079
0
LINE
8
BLACK
6
CONTINUOUS
10
1.6991173228346457
20
2.0330185039370079
11
1.7071076771653544
21
2.0314291338582677
0
LINE
8
BLACK
6
CONTINUOUS
10
1.7071076771653544
20
2.0314291338582677
11
1.7071077165354331
21
2.0314291338582677
0
LINE
8
BLACK
6
CONTINUOUS
10
1.7071077165354331
20
2.0314291338582677
11
1.7152544881889764
21
2.0314291338582677
0
LINE
8
BLACK
6
CONTINUOUS
10
1.7152544881889764
20
2.0314291338582677
11
1.7152545275590552
21
2.0314291338582677
0
LINE
8
BLACK
6
CONTINUOUS
10
1.7152545275590552
20
2.0314291338582677
11
1.7232448818897637
21
2.0330185039370079
0
LINE
8
BLACK
6
CONTINUOUS
10
1.7232448818897637
20
2.0330185039370079
11
1.7307715748031496
21
2.0361361811023619
0
LINE
8
BLACK
6
CONTINUOUS
10
1.7307715748031496
20
2.0361361811023619
11
1.7375454724409449
21
2.0406623228346454
0
LINE
8
BLACK
6
CONTINUOUS
10
1.7375454724409449
20
2.0406623228346454
11
1.7433061811023622
21
2.046423031496063
0
LINE
8
BLACK
6
CONTINUOUS
10
1.7433061811023622
20
2.046423031496063
11
1.7478323228346457
21
2.0531969291338581
0
LINE
8
BLACK
6
CONTINUOUS
10
1.7478323228346457
20
2.0531969291338581
11
1.75095
21
2.0607236220472442
0
LINE
8
BLACK
6
CONTINUOUS
10
1.75095
20
2.0607236220472442
11
1.7525393700787402
21
2.0687139763779525
0
LINE
8
BLACK
6
CONTINUOUS
10
1.7525393700787402
20
2.0687139763779525
11
1.7525393700787402
21
2.0768608267716533
0
LINE
8
BLACK
6
CONTINUOUS
10
1.7525393700787402
20
2.0768608267716533
11
1.7525393307086614
21
2.0768609448818895
0
LINE
8
BLACK
6
CONTINUOUS
10
1.7525393307086614
20
2.0768609448818895
11
1.75095
21
2.084851181102362
0
LINE
8
BLACK
6
CONTINUOUS
10
1.75095
20
2.084851181102362
11
1.7478323228346457
21
2.0923778740157482
0
LINE
8
BLACK
6
CONTINUOUS
10
1.7478323228346457
20
2.0923778740157482
11
1.7433061811023622
21
2.0991517716535433
0
LINE
8
BLACK
6
CONTINUOUS
10
1.7433061811023622
20
2.0991517716535433
11
1.7375454724409449
21
2.1049124803149604
0
LINE
8
BLACK
6
CONTINUOUS
10
1.7375454724409449
20
2.1049124803149604
11
1.7307715748031496
21
2.1094386220472439
0
LINE
8
BLACK
6
CONTINUOUS
10
1.7307715748031496
20
2.1094386220472439
11
1.7307716141732283
21
2.1094386220472439
0
LINE
8
BLACK
6
CONTINUOUS
10
1.7307716141732283
20
2.1094386220472439
11
1.7307715354330708
21
2.1094386614173226
0
LINE
8
BLACK
6
CONTINUOUS
10
1.7307715354330708
20
2.1094386614173226
11
1.7232448031496062
21
2.1125563385826771
0
LINE
8
BLACK
6
CONTINUOUS
10
1.7232448031496062
20
2.1125563385826771
11
1.7152546062992127
21
2.1141456692913385
0
LINE
8
BLACK
6
CONTINUOUS
10
1.7152546062992127
20
2.1141456692913385
11
1.7152545275590552
21
2.1141456692913385
0
LINE
8
BLACK
6
CONTINUOUS
10
1.7152545275590552
20
2.1141456692913385
11
1.7071076771653544
21
2.1141456692913385
0
LINE
8
BLACK
6
CONTINUOUS
10
1.7071076771653544
20
2.1141456692913385
11
1.7071075590551181
21
2.1141456692913385
0
LINE
8
BLACK
6
CONTINUOUS
10
1.7071075590551181
20
2.1141456692913385
11
1.6991173622047244
21
2.1125563385826771
0
LINE
8
BLACK
6
CONTINUOUS
10
1.6991173622047244
20
2.1125563385826771
11
1.6915906299212597
21
2.1094386614173226
0
LINE
8
BLACK
6
CONTINUOUS
10
1.6915906299212597
20
2.1094386614173226
11
1.6848168503937007
21
2.1049125984251966
0
LINE
8
BLACK
6
CONTINUOUS
10
1.6848168503937007
20
2.1049125984251966
11
1.6790559055118111
21
2.099151653543307
0
LINE
8
BLACK
6
CONTINUOUS
10
1.6790559055118111
20
2.099151653543307
11
1.6745298425196851
21
2.0923778740157482
0
LINE
8
BLACK
6
CONTINUOUS
10
1.6745298425196851
20
2.0923778740157482
11
1.6714121653543306
21
2.0848511417322833
0
LINE
8
BLACK
6
CONTINUOUS
10
1.6714121653543306
20
2.0848511417322833
11
1.6698228346456692
21
2.0768609448818895
0
LINE
8
BLACK
6
CONTINUOUS
10
1.6698228346456692
20
2.0768609448818895
11
1.6698228346456692
21
2.068713897637795
0
LINE
8
BLACK
6
CONTINUOUS
10
1.7698228346456693
20
2.068713897637795
11
1.7714121653543307
21
2.0607237007874017
0
LINE
8
BLACK
6
CONTINUOUS
10
1.7714121653543307
20
2.0607237007874017
11
1.7745298425196849
21
2.0531969685039368
0
LINE
8
BLACK
6
CONTINUOUS
10
1.7745298425196849
20
2.0531969685039368
11
1.7790559055118109
21
2.046423188976378
0
LINE
8
BLACK
6
CONTINUOUS
10
1.7790559055118109
20
2.046423188976378
11
1.7790560236220472
21
2.046423031496063
0
LINE
8
BLACK
6
CONTINUOUS
10
1.7790560236220472
20
2.046423031496063
11
1.7848167322834645
21
2.0406623228346454
0
LINE
8
BLACK
6
CONTINUOUS
10
1.7848167322834645
20
2.0406623228346454
11
1.7915906299212598
21
2.0361361811023619
0
LINE
8
BLACK
6
CONTINUOUS
10
1.7915906299212598
20
2.0361361811023619
11
1.7991173228346455
21
2.0330185039370079
0
LINE
8
BLACK
6
CONTINUOUS
10
1.7991173228346455
20
2.0330185039370079
11
1.8071076771653543
21
2.0314291338582677
0
LINE
8
BLACK
6
CONTINUOUS
10
1.8071076771653543
20
2.0314291338582677
11
1.807107716535433
21
2.0314291338582677
0
LINE
8
BLACK
6
CONTINUOUS
10
1.807107716535433
20
2.0314291338582677
11
1.8152544881889763
21
2.0314291338582677
0
LINE
8
BLACK
6
CONTINUOUS
10
1.8152544881889763
20
2.0314291338582677
11
1.815254527559055
21
2.0314291338582677
0
LINE
8
BLACK
6
CONTINUOUS
10
1.815254527559055
20
2.0314291338582677
11
1.8232448818897637
21
2.0330185039370079
0
LINE
8
BLACK
6
CONTINUOUS
10
1.8232448818897637
20
2.0330185039370079
11
1.8307715748031497
21
2.0361361811023619
0
LINE
8
BLACK
6
CONTINUOUS
10
1.8307715748031497
20
2.0361361811023619
11
1.8375454724409448
21
2.0406623228346454
0
LINE
8
BLACK
6
CONTINUOUS
10
1.8375454724409448
20
2.0406623228346454
11
1.8433061811023621
21
2.046423031496063
0
LINE
8
BLACK
6
CONTINUOUS
10
1.8433061811023621
20
2.046423031496063
11
1.8478323228346456
21
2.0531969291338581
0
LINE
8
BLACK
6
CONTINUOUS
10
1.8478323228346456
20
2.0531969291338581
11
1.8508433464566929
21
2.0604661811023623
0
LINE
8
BLACK
6
CONTINUOUS
10
1.8508433464566929
20
2.0604661811023623
11
1.8524077559055119
21
2.0622977952755903
0
LINE
8
BLACK
6
CONTINUOUS
10
1.8524077559055119
20
2.0622977952755903
11
1.8547500393700787
21
2.0628601574803147
0
LINE
8
BLACK
6
CONTINUOUS
10
1.8547500393700787
20
2.0628601574803147
11
1.8569755511811024
21
2.061938307086614
0
LINE
8
BLACK
6
CONTINUOUS
10
1.8569755511811024
20
2.061938307086614
11
1.8581511417322834
21
2.0601789763779528
0
LINE
8
BLACK
6
CONTINUOUS
10
1.8581511417322834
20
2.0601789763779528
11
1.8608308661417323
21
2.0519316535433072
0
LINE
8
BLACK
6
CONTINUOUS
10
1.8608308661417323
20
2.0519316535433072
11
1.8647132677165354
21
2.0443119291338583
0
LINE
8
BLACK
6
CONTINUOUS
10
1.8647132677165354
20
2.0443119291338583
11
1.8647134251968505
21
2.0443117322834645
0
LINE
8
BLACK
6
CONTINUOUS
10
1.8647134251968505
20
2.0443117322834645
11
1.8663334251968504
21
2.0420820078740158
0
LINE
8
BLACK
6
CONTINUOUS
10
1.8663334251968504
20
2.0420820078740158
11
1.8663334645669292
21
2.0420820078740158
0
LINE
8
BLACK
6
CONTINUOUS
10
1.8663334645669292
20
2.0420820078740158
11
1.8815495669291338
21
2.0572981496062992
0
LINE
8
BLACK
6
CONTINUOUS
10
1.8815495669291338
20
2.0572981496062992
11
1.8791575196850394
21
2.0630731496062991
0
LINE
8
BLACK
6
CONTINUOUS
10
1.8791575196850394
20
2.0630731496062991
11
1.8778776771653543
21
2.0695072834645667
0
LINE
8
BLACK
6
CONTINUOUS
10
1.8778776771653543
20
2.0695072834645667
11
1.8778776771653543
21
2.0760675196850391
0
LINE
8
BLACK
6
CONTINUOUS
10
1.8778776771653543
20
2.0760675196850391
11
1.8791575196850394
21
2.0825016535433072
0
LINE
8
BLACK
6
CONTINUOUS
10
1.8791575196850394
20
2.0825016535433072
11
1.8815496062992125
21
2.0882766929133858
0
LINE
8
BLACK
6
CONTINUOUS
10
1.8815496062992125
20
2.0882766929133858
11
1.8663334645669292
21
2.1034928346456692
0
LINE
8
BLACK
6
CONTINUOUS
10
1.8663334645669292
20
2.1034928346456692
11
1.8647132283464567
21
2.1012628346456692
0
LINE
8
BLACK
6
CONTINUOUS
10
1.8647132283464567
20
2.1012628346456692
11
1.8608308661417323
21
2.0936431889763778
0
LINE
8
BLACK
6
CONTINUOUS
10
1.8608308661417323
20
2.0936431889763778
11
1.8581511417322834
21
2.0853958661417322
0
LINE
8
BLACK
6
CONTINUOUS
10
1.8581511417322834
20
2.0853958661417322
11
1.8567352362204723
21
2.0834470472440945
0
LINE
8
BLACK
6
CONTINUOUS
10
1.8567352362204723
20
2.0834470472440945
11
1.8544442519685038
21
2.0827026771653543
0
LINE
8
BLACK
6
CONTINUOUS
10
1.8544442519685038
20
2.0827026771653543
11
1.8521532677165353
21
2.0834470472440945
0
LINE
8
BLACK
6
CONTINUOUS
10
1.8521532677165353
20
2.0834470472440945
11
1.8508433070866142
21
2.0851087401574802
0
LINE
8
BLACK
6
CONTINUOUS
10
1.8508433070866142
20
2.0851087401574802
11
1.8481189763779526
21
2.0916857874015746
0
LINE
8
BLACK
6
CONTINUOUS
10
1.8481189763779526
20
2.0916857874015746
11
1.8478323228346456
21
2.0923778740157482
0
LINE
8
BLACK
6
CONTINUOUS
10
1.8478323228346456
20
2.0923778740157482
11
1.8433061811023621
21
2.0991517716535433
0
LINE
8
BLACK
6
CONTINUOUS
10
1.8433061811023621
20
2.0991517716535433
11
1.8375454724409448
21
2.1049124803149604
0
LINE
8
BLACK
6
CONTINUOUS
10
1.8375454724409448
20
2.1049124803149604
11
1.8307715748031497
21
2.1094386220472439
0
LINE
8
BLACK
6
CONTINUOUS
10
1.8307715748031497
20
2.1094386220472439
11
1.8307716141732282
21
2.1094386220472439
0
LINE
8
BLACK
6
CONTINUOUS
10
1.8307716141732282
20
2.1094386220472439
11
1.8307715354330709
21
2.1094386614173226
0
LINE
8
BLACK
6
CONTINUOUS
10
1.8307715354330709
20
2.1094386614173226
11
1.8259075590551181
21
2.1114533858267714
0
LINE
8
BLACK
6
CONTINUOUS
10
1.8259075590551181
20
2.1114533858267714
11
1.823263346456693
21
2.112548661417323
0
LINE
8
BLACK
6
CONTINUOUS
10
1.823263346456693
20
2.112548661417323
11
1.8232448818897637
21
2.1125562992125984
0
LINE
8
BLACK
6
CONTINUOUS
10
1.8232448818897637
20
2.1125562992125984
11
1.8152546062992125
21
2.1141456692913385
0
LINE
8
BLACK
6
CONTINUOUS
10
1.8152546062992125
20
2.1141456692913385
11
1.815254527559055
21
2.1141456692913385
0
LINE
8
BLACK
6
CONTINUOUS
10
1.815254527559055
20
2.1141456692913385
11
1.8071076771653543
21
2.1141456692913385
0
LINE
8
BLACK
6
CONTINUOUS
10
1.8071076771653543
20
2.1141456692913385
11
1.807107559055118
21
2.1141456692913385
0
LINE
8
BLACK
6
CONTINUOUS
10
1.807107559055118
20
2.1141456692913385
11
1.7991173622047243
21
2.1125563385826771
0
LINE
8
BLACK
6
CONTINUOUS
10
1.7991173622047243
20
2.1125563385826771
11
1.7915906299212598
21
2.1094386614173226
0
LINE
8
BLACK
6
CONTINUOUS
10
1.7915906299212598
20
2.1094386614173226
11
1.7848168503937007
21
2.1049125984251966
0
LINE
8
BLACK
6
CONTINUOUS
10
1.7848168503937007
20
2.1049125984251966
11
1.7790559055118109
21
2.099151653543307
0
LINE
8
BLACK
6
CONTINUOUS
10
1.7790559055118109
20
2.099151653543307
11
1.7745298425196849
21
2.0923778740157482
0
LINE
8
BLACK
6
CONTINUOUS
10
1.7745298425196849
20
2.0923778740157482
11
1.7714121653543307
21
2.0848511417322833
0
LINE
8
BLACK
6
CONTINUOUS
10
1.7714121653543307
20
2.0848511417322833
11
1.7698228346456693
21
2.0768609448818895
0
LINE
8
BLACK
6
CONTINUOUS
10
1.7698228346456693
20
2.0768609448818895
11
1.7698228346456693
21
2.068713897637795
0
LINE
8
BLACK
6
CONTINUOUS
10
2.1698228346456694
20
2.068713897637795
11
2.1714121653543308
21
2.0607237007874017
0
LINE
8
BLACK
6
CONTINUOUS
10
2.1714121653543308
20
2.0607237007874017
11
2.1745298425196848
21
2.0531969685039368
0
LINE
8
BLACK
6
CONTINUOUS
10
2.1745298425196848
20
2.0531969685039368
11
2.1790559055118108
21
2.046423188976378
0
LINE
8
BLACK
6
CONTINUOUS
10
2.1790559055118108
20
2.046423188976378
11
2.1790560236220471
21
2.046423031496063
0
LINE
8
BLACK
6
CONTINUOUS
10
2.1790560236220471
20
2.046423031496063
11
2.1848167322834646
21
2.0406623228346454
0
LINE
8
BLACK
6
CONTINUOUS
10
2.1848167322834646
20
2.0406623228346454
11
2.1915906299212597
21
2.0361361811023619
0
LINE
8
BLACK
6
CONTINUOUS
10
2.1915906299212597
20
2.0361361811023619
11
2.1991173228346454
21
2.0330185039370079
0
LINE
8
BLACK
6
CONTINUOUS
10
2.1991173228346454
20
2.0330185039370079
11
2.2071076771653542
21
2.0314291338582677
0
LINE
8
BLACK
6
CONTINUOUS
10
2.2071076771653542
20
2.0314291338582677
11
2.2071077165354329
21
2.0314291338582677
0
LINE
8
BLACK
6
CONTINUOUS
10
2.2071077165354329
20
2.0314291338582677
11
2.2152544881889762
21
2.0314291338582677
0
LINE
8
BLACK
6
CONTINUOUS
10
2.2152544881889762
20
2.0314291338582677
11
2.2152545275590549
21
2.0314291338582677
0
LINE
8
BLACK
6
CONTINUOUS
10
2.2152545275590549
20
2.0314291338582677
11
2.2232448818897637
21
2.0330185039370079
0
LINE
8
BLACK
6
CONTINUOUS
10
2.2232448818897637
20
2.0330185039370079
11
2.2307715748031494
21
2.0361361811023619
0
LINE
8
BLACK
6
CONTINUOUS
10
2.2307715748031494
20
2.0361361811023619
11
2.2375454724409449
21
2.0406623228346454
0
LINE
8
BLACK
6
CONTINUOUS
10
2.2375454724409449
20
2.0406623228346454
11
2.243306181102362
21
2.046423031496063
0
LINE
8
BLACK
6
CONTINUOUS
10
2.243306181102362
20
2.046423031496063
11
2.2478323228346455
21
2.0531969291338581
0
LINE
8
BLACK
6
CONTINUOUS
10
2.2478323228346455
20
2.0531969291338581
11
2.2508433464566928
21
2.0604661811023623
0
LINE
8
BLACK
6
CONTINUOUS
10
2.2508433464566928
20
2.0604661811023623
11
2.2524077559055118
21
2.0622977952755903
0
LINE
8
BLACK
6
CONTINUOUS
10
2.2524077559055118
20
2.0622977952755903
11
2.2547500393700788
21
2.0628601574803147
0
LINE
8
BLACK
6
CONTINUOUS
10
2.2547500393700788
20
2.0628601574803147
11
2.2569755511811023
21
2.061938307086614
0
LINE
8
BLACK
6
CONTINUOUS
10
2.2569755511811023
20
2.061938307086614
11
2.2581511417322835
21
2.0601789763779528
0
LINE
8
BLACK
6
CONTINUOUS
10
2.2581511417322835
20
2.0601789763779528
11
2.2608308661417325
21
2.0519316535433072
0
LINE
8
BLACK
6
CONTINUOUS
10
2.2608308661417325
20
2.0519316535433072
11
2.2647132677165356
21
2.0443119291338583
0
LINE
8
BLACK
6
CONTINUOUS
10
2.2647132677165356
20
2.0443119291338583
11
2.2647134251968501
21
2.0443117322834645
0
LINE
8
BLACK
6
CONTINUOUS
10
2.2647134251968501
20
2.0443117322834645
11
2.2663334251968505
21
2.0420820078740158
0
LINE
8
BLACK
6
CONTINUOUS
10
2.2663334251968505
20
2.0420820078740158
11
2.2663334645669293
21
2.0420820078740158
0
LINE
8
BLACK
6
CONTINUOUS
10
2.2663334645669293
20
2.0420820078740158
11
2.2815495669291339
21
2.0572981496062992
0
LINE
8
BLACK
6
CONTINUOUS
10
2.2815495669291339
20
2.0572981496062992
11
2.2791575196850391
21
2.0630731496062991
0
LINE
8
BLACK
6
CONTINUOUS
10
2.2791575196850391
20
2.0630731496062991
11
2.2778776771653542
21
2.0695072834645667
0
LINE
8
BLACK
6
CONTINUOUS
10
2.2778776771653542
20
2.0695072834645667
11
2.2778776771653542
21
2.0760675196850391
0
LINE
8
BLACK
6
CONTINUOUS
10
2.2778776771653542
20
2.0760675196850391
11
2.2791575196850391
21
2.0825016535433072
0
LINE
8
BLACK
6
CONTINUOUS
10
2.2791575196850391
20
2.0825016535433072
11
2.2815496062992127
21
2.0882766929133858
0
LINE
8
BLACK
6
CONTINUOUS
10
2.2815496062992127
20
2.0882766929133858
11
2.2663334645669293
21
2.1034928346456692
0
LINE
8
BLACK
6
CONTINUOUS
10
2.2663334645669293
20
2.1034928346456692
11
2.2647132283464568
21
2.1012628346456692
0
LINE
8
BLACK
6
CONTINUOUS
10
2.2647132283464568
20
2.1012628346456692
11
2.2608308661417325
21
2.0936431889763778
0
LINE
8
BLACK
6
CONTINUOUS
10
2.2608308661417325
20
2.0936431889763778
11
2.2581511417322835
21
2.0853958661417322
0
LINE
8
BLACK
6
CONTINUOUS
10
2.2581511417322835
20
2.0853958661417322
11
2.2567352362204725
21
2.0834470472440945
0
LINE
8
BLACK
6
CONTINUOUS
10
2.2567352362204725
20
2.0834470472440945
11
2.2544442519685037
21
2.0827026771653543
0
LINE
8
BLACK
6
CONTINUOUS
10
2.2544442519685037
20
2.0827026771653543
11
2.2521532677165355
21
2.0834470472440945
0
LINE
8
BLACK
6
CONTINUOUS
10
2.2521532677165355
20
2.0834470472440945
11
2.2508433070866141
21
2.0851087401574802
0
LINE
8
BLACK
6
CONTINUOUS
10
2.2508433070866141
20
2.0851087401574802
11
2.2481189763779525
21
2.0916857874015746
0
LINE
8
BLACK
6
CONTINUOUS
10
2.2481189763779525
20
2.0916857874015746
11
2.2478323228346455
21
2.0923778740157482
0
LINE
8
BLACK
6
CONTINUOUS
10
2.2478323228346455
20
2.0923778740157482
11
2.243306181102362
21
2.0991517716535433
0
LINE
8
BLACK
6
CONTINUOUS
10
2.243306181102362
20
2.0991517716535433
11
2.2375454724409449
21
2.1049124803149604
0
LINE
8
BLACK
6
CONTINUOUS
10
2.2375454724409449
20
2.1049124803149604
11
2.2307715748031494
21
2.1094386220472439
0
LINE
8
BLACK
6
CONTINUOUS
10
2.2307715748031494
20
2.1094386220472439
11
2.2307716141732281
21
2.1094386220472439
0
LINE
8
BLACK
6
CONTINUOUS
10
2.2307716141732281
20
2.1094386220472439
11
2.2307715354330706
21
2.1094386614173226
0
LINE
8
BLACK
6
CONTINUOUS
10
2.2307715354330706
20
2.1094386614173226
11
2.2259075590551181
21
2.1114533858267714
0
LINE
8
BLACK
6
CONTINUOUS
10
2.2259075590551181
20
2.1114533858267714
11
2.2232633464566929
21
2.112548661417323
0
LINE
8
BLACK
6
CONTINUOUS
10
2.2232633464566929
20
2.112548661417323
11
2.2232448818897637
21
2.1125562992125984
0
LINE
8
BLACK
6
CONTINUOUS
10
2.2232448818897637
20
2.1125562992125984
11
2.2152546062992124
21
2.1141456692913385
0
LINE
8
BLACK
6
CONTINUOUS
10
2.2152546062992124
20
2.1141456692913385
11
2.2152545275590549
21
2.1141456692913385
0
LINE
8
BLACK
6
CONTINUOUS
10
2.2152545275590549
20
2.1141456692913385
11
2.2071076771653542
21
2.1141456692913385
0
LINE
8
BLACK
6
CONTINUOUS
10
2.2071076771653542
20
2.1141456692913385
11
2.2071075590551179
21
2.1141456692913385
0
LINE
8
BLACK
6
CONTINUOUS
10
2.2071075590551179
20
2.1141456692913385
11
2.1991173622047242
21
2.1125563385826771
0
LINE
8
BLACK
6
CONTINUOUS
10
2.1991173622047242
20
2.1125563385826771
11
2.1915906299212597
21
2.1094386614173226
0
LINE
8
BLACK
6
CONTINUOUS
10
2.1915906299212597
20
2.1094386614173226
11
2.1848168503937009
21
2.1049125984251966
0
LINE
8
BLACK
6
CONTINUOUS
10
2.1848168503937009
20
2.1049125984251966
11
2.1790559055118108
21
2.099151653543307
0
LINE
8
BLACK
6
CONTINUOUS
10
2.1790559055118108
20
2.099151653543307
11
2.1745298425196848
21
2.0923778740157482
0
LINE
8
BLACK
6
CONTINUOUS
10
2.1745298425196848
20
2.0923778740157482
11
2.1714121653543308
21
2.0848511417322833
0
LINE
8
BLACK
6
CONTINUOUS
10
2.1714121653543308
20
2.0848511417322833
11
2.1698228346456694
21
2.0768609448818895
0
LINE
8
BLACK
6
CONTINUOUS
10
2.1698228346456694
20
2.0768609448818895
11
2.1698228346456694
21
2.068713897637795
0
LINE
8
BLACK
6
CONTINUOUS
10
2.3408125590551179
20
2.0882767716535433
11
2.3432046850393702
21
2.0825016535433072
0
LINE
8
BLACK
6
CONTINUOUS
10
2.3432046850393702
20
2.0825016535433072
11
2.3444845275590551
21
2.0760675196850391
0
LINE
8
BLACK
6
CONTINUOUS
10
2.3444845275590551
20
2.0760675196850391
11
2.3444845275590551
21
2.0695072834645667
0
LINE
8
BLACK
6
CONTINUOUS
10
2.3444845275590551
20
2.0695072834645667
11
2.3432046850393702
21
2.0630731496062991
0
LINE
8
BLACK
6
CONTINUOUS
10
2.3432046850393702
20
2.0630731496062991
11
2.3408125590551179
21
2.0572981496062992
0
LINE
8
BLACK
6
CONTINUOUS
10
2.3408125590551179
20
2.0572981496062992
11
2.3560287007874017
21
2.0420820078740158
0
LINE
8
BLACK
6
CONTINUOUS
10
2.3560287007874017
20
2.0420820078740158
11
2.3576488188976379
21
2.0443118503937008
0
LINE
8
BLACK
6
CONTINUOUS
10
2.3576488188976379
20
2.0443118503937008
11
2.3576490157480317
21
2.0443121653543308
0
LINE
8
BLACK
6
CONTINUOUS
10
2.3576490157480317
20
2.0443121653543308
11
2.3615312992125985
21
2.0519316535433072
0
LINE
8
BLACK
6
CONTINUOUS
10
2.3615312992125985
20
2.0519316535433072
11
2.3641740551181103
21
2.0600651181102361
0
LINE
8
BLACK
6
CONTINUOUS
10
2.3641740551181103
20
2.0600651181102361
11
2.3655118110236222
21
2.0685113779527557
0
LINE
8
BLACK
6
CONTINUOUS
10
2.3655118110236222
20
2.0685113779527557
11
2.3655118110236222
21
2.0770634645669293
0
LINE
8
BLACK
6
CONTINUOUS
10
2.3655118110236222
20
2.0770634645669293
11
2.3641740551181103
21
2.0855097244094489
0
LINE
8
BLACK
6
CONTINUOUS
10
2.3641740551181103
20
2.0855097244094489
11
2.3615312992125985
21
2.0936431889763778
0
LINE
8
BLACK
6
CONTINUOUS
10
2.3615312992125985
20
2.0936431889763778
11
2.3576488976377954
21
2.1012629133858267
0
LINE
8
BLACK
6
CONTINUOUS
10
2.3576488976377954
20
2.1012629133858267
11
2.3576487401574804
21
2.1012631102362205
0
LINE
8
BLACK
6
CONTINUOUS
10
2.3576487401574804
20
2.1012631102362205
11
2.3560287007874017
21
2.1034928740157479
0
LINE
8
BLACK
6
CONTINUOUS
10
2.3560287007874017
20
2.1034928740157479
11
2.3408125590551179
21
2.0882767716535433
0
LINE
8
BLACK
6
CONTINUOUS
10
0.8727297637795275
20
2.1267154724409449
11
0.8673935433070866
21
2.1246111023622047
0
LINE
8
BLACK
6
CONTINUOUS
10
0.8673935433070866
20
2.1246111023622047
11
0.8628233858267716
21
2.1211454330708661
0
LINE
8
BLACK
6
CONTINUOUS
10
0.8628233858267716
20
2.1211454330708661
11
0.8628230708661417
21
2.1211451181102361
0
LINE
8
BLACK
6
CONTINUOUS
10
0.8628230708661417
20
2.1211451181102361
11
0.8593574015748031
21
2.1165749606299213
0
LINE
8
BLACK
6
CONTINUOUS
10
0.8593574015748031
20
2.1165749606299213
11
0.857253031496063
21
2.1112387401574804
0
LINE
8
BLACK
6
CONTINUOUS
10
0.857253031496063
20
2.1112387401574804
11
0.8568503937007874
21
2.1078857874015746
0
LINE
8
BLACK
6
CONTINUOUS
10
0.8568503937007874
20
2.1078857874015746
11
0.8568503937007874
21
2.0827874409448817
0
LINE
8
BLACK
6
CONTINUOUS
10
0.8568503937007874
20
2.0827874409448817
11
0.8568504330708662
21
2.0827874015748029
0
LINE
8
BLACK
6
CONTINUOUS
10
0.8568504330708662
20
2.0827874015748029
11
0.8777165354330708
21
2.0827874015748029
0
LINE
8
BLACK
6
CONTINUOUS
10
0.8777165354330708
20
2.0827874015748029
11
0.8777165354330708
21
2.1062519685039369
0
LINE
8
BLACK
6
CONTINUOUS
10
0.8777165354330708
20
2.1062519685039369
11
0.9011811023622047
21
2.1062519685039369
0
LINE
8
BLACK
6
CONTINUOUS
10
0.9011811023622047
20
2.1062519685039369
11
0.9011811023622047
21
2.1271180708661417
0
LINE
8
BLACK
6
CONTINUOUS
10
0.9011811023622047
20
2.1271180708661417
11
0.901181062992126
21
2.1271181102362204
0
LINE
8
BLACK
6
CONTINUOUS
10
0.901181062992126
20
2.1271181102362204
11
0.876082716535433
21
2.1271181102362204
0
LINE
8
BLACK
6
CONTINUOUS
10
0.876082716535433
20
2.1271181102362204
11
0.8727297637795275
21
2.1267154724409449
0
LINE
8
BLACK
6
CONTINUOUS
10
1.198458779527559
20
2.1257803937007873
11
1.1903253149606299
21
2.1231376377952755
0
LINE
8
BLACK
6
CONTINUOUS
10
1.1903253149606299
20
2.1231376377952755
11
1.1827056692913385
21
2.1192552755905512
0
LINE
8
BLACK
6
CONTINUOUS
10
1.1827056692913385
20
2.1192552755905512
11
1.1804756692913385
21
2.1176350393700787
0
LINE
8
BLACK
6
CONTINUOUS
10
1.1804756692913385
20
2.1176350393700787
11
1.1956918110236221
21
2.1024188976377953
0
LINE
8
BLACK
6
CONTINUOUS
10
1.1956918110236221
20
2.1024188976377953
11
1.2014668503937007
21
2.1048109842519684
0
LINE
8
BLACK
6
CONTINUOUS
10
1.2014668503937007
20
2.1048109842519684
11
1.2079009842519686
21
2.1060908267716534
0
LINE
8
BLACK
6
CONTINUOUS
10
1.2079009842519686
20
2.1060908267716534
11
1.214461220472441
21
2.1060908267716534
0
LINE
8
BLACK
6
CONTINUOUS
10
1.214461220472441
20
2.1060908267716534
11
1.2208953543307086
21
2.1048109842519684
0
LINE
8
BLACK
6
CONTINUOUS
10
1.2208953543307086
20
2.1048109842519684
11
1.2266703543307087
21
2.1024189370078741
0
LINE
8
BLACK
6
CONTINUOUS
10
1.2266703543307087
20
2.1024189370078741
11
1.2418864960629921
21
2.1176350393700787
0
LINE
8
BLACK
6
CONTINUOUS
10
1.2418864960629921
20
2.1176350393700787
11
1.2418864960629921
21
2.1176350787401574
0
LINE
8
BLACK
6
CONTINUOUS
10
1.2418864960629921
20
2.1176350787401574
11
1.2396567716535434
21
2.1192550787401574
0
LINE
8
BLACK
6
CONTINUOUS
10
1.2396567716535434
20
2.1192550787401574
11
1.2396565748031496
21
2.1192552362204724
0
LINE
8
BLACK
6
CONTINUOUS
10
1.2396565748031496
20
2.1192552362204724
11
1.2320368503937007
21
2.1231376377952755
0
LINE
8
BLACK
6
CONTINUOUS
10
1.2320368503937007
20
2.1231376377952755
11
1.2239033858267716
21
2.1257803937007873
0
LINE
8
BLACK
6
CONTINUOUS
10
1.2239033858267716
20
2.1257803937007873
11
1.2154571259842519
21
2.1271181102362204
0
LINE
8
BLACK
6
CONTINUOUS
10
1.2154571259842519
20
2.1271181102362204
11
1.2069050787401574
21
2.1271181102362204
0
LINE
8
BLACK
6
CONTINUOUS
10
1.2069050787401574
20
2.1271181102362204
11
1.198458779527559
21
2.1257803937007873
0
LINE
8
BLACK
6
CONTINUOUS
10
1.8984587795275589
20
2.1257803937007873
11
1.8903253149606298
21
2.1231376377952755
0
LINE
8
BLACK
6
CONTINUOUS
10
1.8903253149606298
20
2.1231376377952755
11
1.8827056692913386
21
2.1192552755905512
0
LINE
8
BLACK
6
CONTINUOUS
10
1.8827056692913386
20
2.1192552755905512
11
1.8804756692913385
21
2.1176350393700787
0
LINE
8
BLACK
6
CONTINUOUS
10
1.8804756692913385
20
2.1176350393700787
11
1.8956918110236221
21
2.1024188976377953
0
LINE
8
BLACK
6
CONTINUOUS
10
1.8956918110236221
20
2.1024188976377953
11
1.9014668503937007
21
2.1048109842519684
0
LINE
8
BLACK
6
CONTINUOUS
10
1.9014668503937007
20
2.1048109842519684
11
1.9079009842519685
21
2.1060908267716534
0
LINE
8
BLACK
6
CONTINUOUS
10
1.9079009842519685
20
2.1060908267716534
11
1.9144612204724409
21
2.1060908267716534
0
LINE
8
BLACK
6
CONTINUOUS
10
1.9144612204724409
20
2.1060908267716534
11
1.9208953543307086
21
2.1048109842519684
0
LINE
8
BLACK
6
CONTINUOUS
10
1.9208953543307086
20
2.1048109842519684
11
1.9266703543307087
21
2.1024189370078741
0
LINE
8
BLACK
6
CONTINUOUS
10
1.9266703543307087
20
2.1024189370078741
11
1.941886496062992
21
2.1176350393700787
0
LINE
8
BLACK
6
CONTINUOUS
10
1.941886496062992
20
2.1176350393700787
11
1.941886496062992
21
2.1176350787401574
0
LINE
8
BLACK
6
CONTINUOUS
10
1.941886496062992
20
2.1176350787401574
11
1.9396567716535433
21
2.1192550787401574
0
LINE
8
BLACK
6
CONTINUOUS
10
1.9396567716535433
20
2.1192550787401574
11
1.9396565748031496
21
2.1192552362204724
0
LINE
8
BLACK
6
CONTINUOUS
10
1.9396565748031496
20
2.1192552362204724
11
1.9320368503937007
21
2.1231376377952755
0
LINE
8
BLACK
6
CONTINUOUS
10
1.9320368503937007
20
2.1231376377952755
11
1.9239033858267716
21
2.1257803937007873
0
LINE
8
BLACK
6
CONTINUOUS
10
1.9239033858267716
20
2.1257803937007873
11
1.9154571259842519
21
2.1271181102362204
0
LINE
8
BLACK
6
CONTINUOUS
10
1.9154571259842519
20
2.1271181102362204
11
1.9069050787401574
21
2.1271181102362204
0
LINE
8
BLACK
6
CONTINUOUS
10
1.9069050787401574
20
2.1271181102362204
11
1.8984587795275589
21
2.1257803937007873
0
LINE
8
BLACK
6
CONTINUOUS
10
2.2984587795275591
20
2.1257803937007873
11
2.2903253149606297
21
2.1231376377952755
0
LINE
8
BLACK
6
CONTINUOUS
10
2.2903253149606297
20
2.1231376377952755
11
2.2827056692913383
21
2.1192552755905512
0
LINE
8
BLACK
6
CONTINUOUS
10
2.2827056692913383
20
2.1192552755905512
11
2.2804756692913384
21
2.1176350393700787
0
LINE
8
BLACK
6
CONTINUOUS
10
2.2804756692913384
20
2.1176350393700787
11
2.2956918110236222
21
2.1024188976377953
0
LINE
8
BLACK
6
CONTINUOUS
10
2.2956918110236222
20
2.1024188976377953
11
2.3014668503937008
21
2.1048109842519684
0
LINE
8
BLACK
6
CONTINUOUS
10
2.3014668503937008
20
2.1048109842519684
11
2.3079009842519684
21
2.1060908267716534
0
LINE
8
BLACK
6
CONTINUOUS
10
2.3079009842519684
20
2.1060908267716534
11
2.3144612204724408
21
2.1060908267716534
0
LINE
8
BLACK
6
CONTINUOUS
10
2.3144612204724408
20
2.1060908267716534
11
2.3208953543307085
21
2.1048109842519684
0
LINE
8
BLACK
6
CONTINUOUS
10
2.3208953543307085
20
2.1048109842519684
11
2.3266703543307088
21
2.1024189370078741
0
LINE
8
BLACK
6
CONTINUOUS
10
2.3266703543307088
20
2.1024189370078741
11
2.3418864960629922
21
2.1176350393700787
0
LINE
8
BLACK
6
CONTINUOUS
10
2.3418864960629922
20
2.1176350393700787
11
2.3418864960629922
21
2.1176350787401574
0
LINE
8
BLACK
6
CONTINUOUS
10
2.3418864960629922
20
2.1176350787401574
11
2.3396567716535435
21
2.1192550787401574
0
LINE
8
BLACK
6
CONTINUOUS
10
2.3396567716535435
20
2.1192550787401574
11
2.3396565748031497
21
2.1192552362204724
0
LINE
8
BLACK
6
CONTINUOUS
10
2.3396565748031497
20
2.1192552362204724
11
2.3320368503937008
21
2.1231376377952755
0
LINE
8
BLACK
6
CONTINUOUS
10
2.3320368503937008
20
2.1231376377952755
11
2.3239033858267715
21
2.1257803937007873
0
LINE
8
BLACK
6
CONTINUOUS
10
2.3239033858267715
20
2.1257803937007873
11
2.3154571259842518
21
2.1271181102362204
0
LINE
8
BLACK
6
CONTINUOUS
10
2.3154571259842518
20
2.1271181102362204
11
2.3069050787401575
21
2.1271181102362204
0
LINE
8
BLACK
6
CONTINUOUS
10
2.3069050787401575
20
2.1271181102362204
11
2.2984587795275591
21
2.1257803937007873
0
LINE
8
BLACK
6
CONTINUOUS
10
0.7647512992125984
20
2.6835280708661418
11
0.7692016535433071
21
2.6809586614173226
0
LINE
8
BLACK
6
CONTINUOUS
10
0.7692016535433071
20
2.6809586614173226
11
0.7728353543307086
21
2.677324960629921
0
LINE
8
BLACK
6
CONTINUOUS
10
0.7728353543307086
20
2.677324960629921
11
0.7754047637795275
21
2.6728746062992124
0
LINE
8
BLACK
6
CONTINUOUS
10
0.7754047637795275
20
2.6728746062992124
11
0.7767347637795275
21
2.6679108661417321
0
LINE
8
BLACK
6
CONTINUOUS
10
0.7767347637795275
20
2.6679108661417321
11
0.7767347637795275
21
2.6627720472440943
0
LINE
8
BLACK
6
CONTINUOUS
10
0.7767347637795275
20
2.6627720472440943
11
0.7754047637795275
21
2.6578083070866141
0
LINE
8
BLACK
6
CONTINUOUS
10
0.7754047637795275
20
2.6578083070866141
11
0.7728353543307086
21
2.6533579527559055
0
LINE
8
BLACK
6
CONTINUOUS
10
0.7728353543307086
20
2.6533579527559055
11
0.7692016535433071
21
2.6497242519685038
0
LINE
8
BLACK
6
CONTINUOUS
10
0.7692016535433071
20
2.6497242519685038
11
0.7647512992125984
21
2.6471548425196851
0
LINE
8
BLACK
6
CONTINUOUS
10
0.7647512992125984
20
2.6471548425196851
11
0.7597875590551181
21
2.6458248425196849
0
LINE
8
BLACK
6
CONTINUOUS
10
0.7597875590551181
20
2.6458248425196849
11
0.7546487401574803
21
2.6458248425196849
0
LINE
8
BLACK
6
CONTINUOUS
10
0.7546487401574803
20
2.6458248425196849
11
0.7496849999999999
21
2.6471548425196851
0
LINE
8
BLACK
6
CONTINUOUS
10
0.7496849999999999
20
2.6471548425196851
11
0.7452346456692913
21
2.6497242519685038
0
LINE
8
BLACK
6
CONTINUOUS
10
0.7452346456692913
20
2.6497242519685038
11
0.7416009448818898
21
2.6533579527559055
0
LINE
8
BLACK
6
CONTINUOUS
10
0.7416009448818898
20
2.6533579527559055
11
0.7390315354330709
21
2.6578083070866141
0
LINE
8
BLACK
6
CONTINUOUS
10
0.7390315354330709
20
2.6578083070866141
11
0.7377015354330708
21
2.6627720472440943
0
LINE
8
BLACK
6
CONTINUOUS
10
0.7377015354330708
20
2.6627720472440943
11
0.7377015354330708
21
2.6679108661417321
0
LINE
8
BLACK
6
CONTINUOUS
10
0.7377015354330708
20
2.6679108661417321
11
0.7390315354330709
21
2.6728746062992124
0
LINE
8
BLACK
6
CONTINUOUS
10
0.7390315354330709
20
2.6728746062992124
11
0.7416009448818898
21
2.677324960629921
0
LINE
8
BLACK
6
CONTINUOUS
10
0.7416009448818898
20
2.677324960629921
11
0.7452346456692913
21
2.6809586614173226
0
LINE
8
BLACK
6
CONTINUOUS
10
0.7452346456692913
20
2.6809586614173226
11
0.7496849999999999
21
2.6835280708661418
0
LINE
8
BLACK
6
CONTINUOUS
10
0.7496849999999999
20
2.6835280708661418
11
0.7546487401574803
21
2.6848580708661416
0
LINE
8
BLACK
6
CONTINUOUS
10
0.7546487401574803
20
2.6848580708661416
11
0.7597875590551181
21
2.6848580708661416
0
LINE
8
BLACK
6
CONTINUOUS
10
0.7597875590551181
20
2.6848580708661416
11
0.7647512992125984
21
2.6835280708661418
0
CIRCLE
8
BLACK
10
2.7999999999999998
20
2.
40
0.0068897637795276
0
CIRCLE
8
BLACK
10
0.4
20
0.4
40
0.0068897637795276
0
CIRCLE
8
BLACK
10
2.7999999999999998
20
0.4
40
0.0068897637795276
0
CIRCLE
8
BLACK
10
0.4
20
2.
40
0.0068897637795276
0
CIRCLE
8
BLACK
10
0.9111811023622047
20
2.0727874015748031
40
0.0068897637795276
0
CIRCLE
8
BLACK
10
0.9111811023622047
20
1.972787401574803
40
0.0068897637795276
0
CIRCLE
8
BLACK
10
1.0111811023622046
20
2.0727874015748031
40
0.0068897637795276
0
CIRCLE
8
BLACK
10
1.0111811023622046
20
1.972787401574803
40
0.0068897637795276
0
CIRCLE
8
BLACK
10
1.1111811023622047
20
2.0727874015748031
40
0.0068897637795276
0
CIRCLE
8
BLACK
10
1.1111811023622047
20
1.972787401574803
40
0.0068897637795276
0
CIRCLE
8
BLACK
10
1.2111811023622048
20
2.0727874015748031
40
0.0068897637795276
0
CIRCLE
8
BLACK
10
1.2111811023622048
20
1.972787401574803
40
0.0068897637795276
0
CIRCLE
8
BLACK
10
1.3111811023622046
20
2.0727874015748031
40
0.0068897637795276
0
CIRCLE
8
BLACK
10
1.3111811023622046
20
1.972787401574803
40
0.0068897637795276
0
CIRCLE
8
BLACK
10
1.4111811023622047
20
2.0727874015748031
40
0.0068897637795276
0
CIRCLE
8
BLACK
10
1.4111811023622047
20
1.972787401574803
40
0.0068897637795276
0
CIRCLE
8
BLACK
10
1.5111811023622046
20
2.0727874015748031
40
0.0068897637795276
0
CIRCLE
8
BLACK
10
1.5111811023622046
20
1.972787401574803
40
0.0068897637795276
0
CIRCLE
8
BLACK
10
1.6111811023622047
20
2.0727874015748031
40
0.0068897637795276
0
CIRCLE
8
BLACK
10
1.6111811023622047
20
1.972787401574803
40
0.0068897637795276
0
CIRCLE
8
BLACK
10
1.7111811023622048
20
2.0727874015748031
40
0.0068897637795276
0
CIRCLE
8
BLACK
10
1.7111811023622048
20
1.972787401574803
40
0.0068897637795276
0
CIRCLE
8
BLACK
10
1.8111811023622046
20
2.0727874015748031
40
0.0068897637795276
0
CIRCLE
8
BLACK
10
1.8111811023622046
20
1.972787401574803
40
0.0068897637795276
0
CIRCLE
8
BLACK
10
1.9111811023622047
20
2.0727874015748031
40
0.0068897637795276
0
CIRCLE
8
BLACK
10
1.9111811023622047
20
1.972787401574803
40
0.0068897637795276
0
CIRCLE
8
BLACK
10
2.0111811023622046
20
2.0727874015748031
40
0.0068897637795276
0
CIRCLE
8
BLACK
10
2.0111811023622046
20
1.972787401574803
40
0.0068897637795276
0
CIRCLE
8
BLACK
10
2.1111811023622047
20
2.0727874015748031
40
0.0068897637795276
0
CIRCLE
8
BLACK
10
2.1111811023622047
20
1.972787401574803
40
0.0068897637795276
0
CIRCLE
8
BLACK
10
2.2111811023622048
20
2.0727874015748031
40
0.0068897637795276
0
CIRCLE
8
BLACK
10
2.2111811023622048
20
1.972787401574803
40
0.0068897637795276
0
CIRCLE
8
BLACK
10
2.3111811023622049
20
2.0727874015748031
40
0.0068897637795276
0
CIRCLE
8
BLACK
10
2.3111811023622049
20
1.972787401574803
40
0.0068897637795276
0
CIRCLE
8
WHITE
10
2.7999999999999998
20
2.
40
0.0068897637795276
0
CIRCLE
8
WHITE
10
0.4
20
0.4
40
0.0068897637795276
0
CIRCLE
8
WHITE
10
2.7999999999999998
20
0.4
40
0.0068897637795276
0
CIRCLE
8
WHITE
10
0.4
20
2.
40
0.0068897637795276
0
CIRCLE
8
WHITE
10
0.9111811023622047
20
2.0727874015748031
40
0.0068897637795276
0
CIRCLE
8
WHITE
10
0.9111811023622047
20
1.972787401574803
40
0.0068897637795276
0
CIRCLE
8
WHITE
10
1.0111811023622046
20
2.0727874015748031
40
0.0068897637795276
0
CIRCLE
8
WHITE
10
1.0111811023622046
20
1.972787401574803
40
0.0068897637795276
0
CIRCLE
8
WHITE
10
1.1111811023622047
20
2.0727874015748031
40
0.0068897637795276
0
CIRCLE
8
WHITE
10
1.1111811023622047
20
1.972787401574803
40
0.0068897637795276
0
CIRCLE
8
WHITE
10
1.2111811023622048
20
2.0727874015748031
40
0.0068897637795276
0
CIRCLE
8
WHITE
10
1.2111811023622048
20
1.972787401574803
40
0.0068897637795276
0
CIRCLE
8
WHITE
10
1.3111811023622046
20
2.0727874015748031
40
0.0068897637795276
0
CIRCLE
8
WHITE
10
1.3111811023622046
20
1.972787401574803
40
0.0068897637795276
0
CIRCLE
8
WHITE
10
1.4111811023622047
20
2.0727874015748031
40
0.0068897637795276
0
CIRCLE
8
WHITE
10
1.4111811023622047
20
1.972787401574803
40
0.0068897637795276
0
CIRCLE
8
WHITE
10
1.5111811023622046
20
2.0727874015748031
40
0.0068897637795276
0
CIRCLE
8
WHITE
10
1.5111811023622046
20
1.972787401574803
40
0.0068897637795276
0
CIRCLE
8
WHITE
10
1.6111811023622047
20
2.0727874015748031
40
0.0068897637795276
0
CIRCLE
8
WHITE
10
1.6111811023622047
20
1.972787401574803
40
0.0068897637795276
0
CIRCLE
8
WHITE
10
1.7111811023622048
20
2.0727874015748031
40
0.0068897637795276
0
CIRCLE
8
WHITE
10
1.7111811023622048
20
1.972787401574803
40
0.0068897637795276
0
CIRCLE
8
WHITE
10
1.8111811023622046
20
2.0727874015748031
40
0.0068897637795276
0
CIRCLE
8
WHITE
10
1.8111811023622046
20
1.972787401574803
40
0.0068897637795276
0
CIRCLE
8
WHITE
10
1.9111811023622047
20
2.0727874015748031
40
0.0068897637795276
0
CIRCLE
8
WHITE
10
1.9111811023622047
20
1.972787401574803
40
0.0068897637795276
0
CIRCLE
8
WHITE
10
2.0111811023622046
20
2.0727874015748031
40
0.0068897637795276
0
CIRCLE
8
WHITE
10
2.0111811023622046
20
1.972787401574803
40
0.0068897637795276
0
CIRCLE
8
WHITE
10
2.1111811023622047
20
2.0727874015748031
40
0.0068897637795276
0
CIRCLE
8
WHITE
10
2.1111811023622047
20
1.972787401574803
40
0.0068897637795276
0
CIRCLE
8
WHITE
10
2.2111811023622048
20
2.0727874015748031
40
0.0068897637795276
0
CIRCLE
8
WHITE
10
2.2111811023622048
20
1.972787401574803
40
0.0068897637795276
0
CIRCLE
8
WHITE
10
2.3111811023622049
20
2.0727874015748031
40
0.0068897637795276
0
CIRCLE
8
WHITE
10
2.3111811023622049
20
1.972787401574803
40
0.0068897637795276
  0
ENDSEC
  0
EOF
